split_name,family,target,score_method,coverage_target,actual_coverage,n,MAE,RMSE,MAPE_pct,Median_APE_pct,P95_APE_pct,Max_APE_pct,Bias,R2
random80_20,in_distribution,Nuavg,U_only,0.95,0.9501084598698482,876,0.08631199805377279,0.18679476474932916,0.44674144977526437,0.2625256616491675,1.3128716377590424,6.325682605790914,0.009743123813089177,0.9995776907771868
random80_20,in_distribution,Nuavg,U_only,0.9,0.9002169197396963,830,0.07963458277506998,0.16172724611272551,0.4098436458307396,0.2555346297720017,1.217041578105914,5.652314349697223,0.0016548901091426379,0.9996886429856683
random80_20,in_distribution,Nuavg,U_only,0.8,0.8004338394793926,738,0.07497862518021081,0.15711726397483153,0.36839884674690626,0.2464737531892709,1.014076169714164,5.652314349697223,0.00030197624268572375,0.9997204698490885
random80_20,in_distribution,Nuavg,U_only,0.7,0.7006507592190889,646,0.06842598009611431,0.12303717673282856,0.3430665198122131,0.2436741799593405,0.956320914493247,2.396478204106852,-0.0032458183501157677,0.9998281678877513
random80_20,in_distribution,Nuavg,D_only,0.95,0.9501084598698482,876,0.10239104739846704,0.25801673485282,0.5054438951687273,0.2735799603454781,1.8151251131839452,6.325682605790914,-0.0034088959976962523,0.9991910470208231
random80_20,in_distribution,Nuavg,D_only,0.9,0.9002169197396963,830,0.09654124528815948,0.23340662763950618,0.48174813975316677,0.2635028701872968,1.5722410749811335,6.325682605790914,-0.0022623332287891587,0.9993239186690132
random80_20,in_distribution,Nuavg,D_only,0.8,0.8004338394793926,738,0.08326942954955062,0.1760731368796139,0.43213408157471506,0.2510192460758405,1.3647536894232388,5.652314349697223,0.003568310976933056,0.9995959423092449
random80_20,in_distribution,Nuavg,D_only,0.7,0.7006507592190889,646,0.08380858795827385,0.17803683099662992,0.42819714681207827,0.24981197417647358,1.306236885958333,5.652314349697223,0.002673041569854509,0.9995981066735399
random80_20,in_distribution,Nuavg,V_only,0.95,0.9501084598698482,876,0.08716494255065917,0.19042056814615155,0.47033989454290187,0.2635028701872968,1.5907448836916396,6.325682605790914,0.013371098357248548,0.9995086252310333
random80_20,in_distribution,Nuavg,V_only,0.9,0.9002169197396963,830,0.08352075462249388,0.18779311339570856,0.43712967372826755,0.2549984953219342,1.3426874995415228,6.325682605790914,0.009168870838578959,0.9995383885265712
random80_20,in_distribution,Nuavg,V_only,0.8,0.8004338394793926,738,0.07841081316154501,0.18165192783516712,0.4053140951325716,0.24752684076450482,1.2156663059694135,6.325682605790914,0.009145895983274728,0.9995555970658272
random80_20,in_distribution,Nuavg,V_only,0.7,0.7006507592190889,646,0.08349324034463508,0.19256680887039557,0.4250259902781372,0.2567400210239361,1.272811679211186,6.325682605790914,0.01074369894919382,0.9995338067496468
random80_20,in_distribution,Nuavg,U_plus_D,0.95,0.9501084598698482,876,0.08525717631823393,0.1738234240416246,0.4470350978998134,0.2627483779343321,1.3329973354960862,5.652314349697223,0.002639644986853763,0.9996360772472663
random80_20,in_distribution,Nuavg,U_plus_D,0.9,0.9002169197396963,830,0.08063180546220525,0.1651339879442635,0.4127745081759249,0.2549984953219342,1.2394685945253585,5.652314349697223,0.00286597703497096,0.9996772769685263
random80_20,in_distribution,Nuavg,U_plus_D,0.8,0.8004338394793926,738,0.07740822822343366,0.1624136294935633,0.3789672085808304,0.24948508531825647,1.0921155953381056,5.652314349697223,-0.0018526606303889213,0.9996904852798032
random80_20,in_distribution,Nuavg,U_plus_D,0.7,0.7006507592190889,646,0.07089726699498418,0.1477545115539994,0.3453313771835752,0.23521490111588922,0.970248716062685,5.652314349697223,0.000337374367728725,0.9997387421169632
random80_20,in_distribution,Nuavg,U_plus_V,0.95,0.9501084598698482,876,0.08631199805377279,0.18679476474932916,0.44674144977526437,0.2625256616491675,1.3128716377590424,6.325682605790914,0.009743123813089177,0.9995776907771868
random80_20,in_distribution,Nuavg,U_plus_V,0.9,0.9002169197396963,830,0.07963458277506998,0.16172724611272551,0.4098436458307396,0.2555346297720017,1.217041578105914,5.652314349697223,0.0016548901091426379,0.9996886429856683
random80_20,in_distribution,Nuavg,U_plus_V,0.8,0.8004338394793926,738,0.07497862518021081,0.15711726397483153,0.36839884674690626,0.2464737531892709,1.014076169714164,5.652314349697223,0.00030197624268572375,0.9997204698490885
random80_20,in_distribution,Nuavg,U_plus_V,0.7,0.7006507592190889,646,0.06842598009611431,0.12303717673282856,0.3430665198122131,0.2436741799593405,0.956320914493247,2.396478204106852,-0.0032458183501157677,0.9998281678877513
random80_20,in_distribution,Nuavg,D_plus_V,0.95,0.9501084598698482,876,0.10239104739846704,0.25801673485282,0.5054438951687273,0.2735799603454781,1.8151251131839452,6.325682605790914,-0.0034088959976962523,0.9991910470208231
random80_20,in_distribution,Nuavg,D_plus_V,0.9,0.9002169197396963,830,0.09654124528815948,0.23340662763950618,0.48174813975316677,0.2635028701872968,1.5722410749811335,6.325682605790914,-0.0022623332287891587,0.9993239186690132
random80_20,in_distribution,Nuavg,D_plus_V,0.8,0.8004338394793926,738,0.08326942954955062,0.1760731368796139,0.43213408157471506,0.2510192460758405,1.3647536894232388,5.652314349697223,0.003568310976933056,0.9995959423092449
random80_20,in_distribution,Nuavg,D_plus_V,0.7,0.7006507592190889,646,0.08380858795827385,0.17803683099662992,0.42819714681207827,0.24981197417647358,1.306236885958333,5.652314349697223,0.002673041569854509,0.9995981066735399
random80_20,in_distribution,Nuavg,U_plus_D_plus_V,0.95,0.9501084598698482,876,0.08525717631823393,0.1738234240416246,0.4470350978998134,0.2627483779343321,1.3329973354960862,5.652314349697223,0.002639644986853763,0.9996360772472663
random80_20,in_distribution,Nuavg,U_plus_D_plus_V,0.9,0.9002169197396963,830,0.08063180546220525,0.1651339879442635,0.4127745081759249,0.2549984953219342,1.2394685945253585,5.652314349697223,0.00286597703497096,0.9996772769685263
random80_20,in_distribution,Nuavg,U_plus_D_plus_V,0.8,0.8004338394793926,738,0.07740822822343366,0.1624136294935633,0.3789672085808304,0.24948508531825647,1.0921155953381056,5.652314349697223,-0.0018526606303889213,0.9996904852798032
random80_20,in_distribution,Nuavg,U_plus_D_plus_V,0.7,0.7006507592190889,646,0.07089726699498418,0.1477545115539994,0.3453313771835752,0.23521490111588922,0.970248716062685,5.652314349697223,0.000337374367728725,0.9997387421169632
random80_20,in_distribution,Nuavg,U_2D_plus_V,0.95,0.9501084598698482,876,0.08859926357008004,0.1960624310488988,0.4536713959623043,0.26313983570918054,1.4095301139369842,5.652314349697223,-0.00010617775590451964,0.9995463344062842
random80_20,in_distribution,Nuavg,U_2D_plus_V,0.9,0.9002169197396963,830,0.08352331284120854,0.17318048994755217,0.428643629435516,0.2567400210239361,1.2981211289002823,5.652314349697223,0.0005919408812006033,0.9996399151885152
random80_20,in_distribution,Nuavg,U_2D_plus_V,0.8,0.8004338394793926,738,0.0794722272526604,0.16477472957499262,0.3995913434381313,0.2508682761536722,1.2074555431220941,5.652314349697223,0.002460802989019004,0.9996650877296727
random80_20,in_distribution,Nuavg,U_2D_plus_V,0.7,0.7006507592190889,646,0.0730496508241069,0.1509838982303958,0.3642221874883453,0.23760612255483243,1.0476087998791126,5.652314349697223,0.003613080419770766,0.9997158385787198
random80_20,in_distribution,Nuavg,conservative_U_D_V_max,0.95,0.9501084598698482,876,0.08852412877714252,0.18926930164949257,0.46761983511661404,0.2735799603454781,1.5649724178803304,6.325682605790914,0.008708141558573133,0.9995573625933348
random80_20,in_distribution,Nuavg,conservative_U_D_V_max,0.9,0.9002169197396963,830,0.08594038162415286,0.18788209159695612,0.4529041557890082,0.2625256616491675,1.4282703248836064,6.325682605790914,0.007611610993534709,0.9995409427599395
random80_20,in_distribution,Nuavg,conservative_U_D_V_max,0.8,0.8004338394793926,738,0.07833044782809125,0.16353221064195458,0.4043360988566405,0.2483990227273038,1.2242832597865356,5.652314349697223,0.003303914274303612,0.999650449136055
random80_20,in_distribution,Nuavg,conservative_U_D_V_max,0.7,0.7006507592190889,646,0.07595800199006732,0.16322226217501484,0.3796571726305374,0.23993085563817812,1.1084041518687069,5.652314349697223,0.0006267204520872766,0.9996652481005284
random80_20,in_distribution,Nuavg,learned_logistic_gate,0.95,0.9501084598698482,876,0.0951183621916052,0.24221359726163574,0.4628363158402709,0.26313983570918054,1.4214865163913053,6.325682605790914,-0.0006953463741633338,0.999330147962236
random80_20,in_distribution,Nuavg,learned_logistic_gate,0.9,0.9002169197396963,830,0.07903485236110455,0.16117529323799604,0.40648503461997726,0.25416289417425997,1.203808301016854,5.652314349697223,0.001450041180346395,0.9996912160467019
random80_20,in_distribution,Nuavg,learned_logistic_gate,0.8,0.8004338394793926,738,0.07466858372055092,0.15696790162748672,0.3677477005332077,0.2436741799593405,1.014076169714164,5.652314349697223,-4.0006444253881786e-05,0.9997186283425745
random80_20,in_distribution,Nuavg,learned_logistic_gate,0.7,0.7006507592190889,646,0.06843326381766021,0.12312081929728774,0.34312361165065636,0.24229426765971046,0.9668097439715406,2.396478204106852,-0.0033649675847575874,0.9998273127857752
random80_20,in_distribution,Nuavg,oracle_error_rank,0.95,0.9501084598698482,876,0.06673530632785465,0.1054671787642201,0.37867443771461445,0.25896035825940233,1.0679903099249473,1.8191118598073066,0.0058134612740991486,0.9998561613141977
random80_20,in_distribution,Nuavg,oracle_error_rank,0.9,0.9002169197396963,830,0.056813564081766514,0.08430513584811414,0.323418957697984,0.24752684076450482,0.8479655324094644,1.0526848884400635,0.0012082346059041028,0.9999066623370426
random80_20,in_distribution,Nuavg,oracle_error_rank,0.8,0.8004338394793926,738,0.04345216237096605,0.061416842797227485,0.2569023958746883,0.21854792982042331,0.6171879391539882,0.700813503013776,0.00010183600242223539,0.9999490442704756
random80_20,in_distribution,Nuavg,oracle_error_rank,0.7,0.7006507592190889,646,0.034870307478299445,0.048311702329332885,0.20723894846874683,0.1839343299124349,0.4723078848489126,0.5212779906576489,-0.0011475563781548897,0.9999682970829481
random80_20,in_distribution,Nuavg,random_rejection,0.95,0.9501084598698482,876,0.10215096003911264,0.25740275281744357,0.501796890518363,0.2799556935869472,1.8151251131839452,6.153039461284414,-0.012309556360114098,0.999244648615753
random80_20,in_distribution,Nuavg,random_rejection,0.9,0.9002169197396963,830,0.10335847787696191,0.2619012073539964,0.5073513554510085,0.2806054388056407,1.8221587787000566,6.153039461284414,-0.014770368565938555,0.9992115916729001
random80_20,in_distribution,Nuavg,random_rejection,0.8,0.8004338394793926,738,0.10277070685079101,0.26248235640267475,0.5103016392596915,0.2817079049222392,1.8127055173204218,6.153039461284414,-0.016380789999199445,0.999189996737086
random80_20,in_distribution,Nuavg,random_rejection,0.7,0.7006507592190889,646,0.10355957208639328,0.27054839964491834,0.5088794032000741,0.27628606546773093,1.8177829442661861,6.153039461284414,-0.015782799024552405,0.9991529092051894
random80_20,in_distribution,DelP_Pa,U_only,0.95,0.9501084598698482,876,1.2007133840404378,4.320485214639369,0.3601472069191273,0.25902902478194634,0.9952664744171912,2.9834729671658162,-0.5494213274251625,0.9999574490181287
random80_20,in_distribution,DelP_Pa,U_only,0.9,0.9002169197396963,830,0.9623919455435985,2.9045035187439496,0.3248204960558289,0.24377137372287488,0.9181175421716544,2.2686749131018997,-0.3176278516358716,0.9999786962795425
random80_20,in_distribution,DelP_Pa,U_only,0.8,0.8004338394793926,738,0.8875585768707136,2.5622760580246515,0.29802138863228567,0.22839121690619169,0.8368491377352785,2.023050036818082,-0.20995196393795082,0.9999840622548221
random80_20,in_distribution,DelP_Pa,U_only,0.7,0.7006507592190889,646,0.8193119046963122,2.298310217626878,0.2810948203119109,0.22664548898447545,0.6796965115297733,1.8603407699030379,-0.1210949734488378,0.9999869818312465
random80_20,in_distribution,DelP_Pa,D_only,0.95,0.9501084598698482,876,1.1642828737185975,3.4001855962154246,0.40787897743340273,0.2712924608037723,1.1547525941136794,7.096812499590842,-0.4923443311088706,0.999970324499121
random80_20,in_distribution,DelP_Pa,D_only,0.9,0.9002169197396963,830,1.1495342703157125,3.2492545116031732,0.38451441062908165,0.26946401379707924,1.0154562633430089,7.096812499590842,-0.45355481939686365,0.9999728834809368
random80_20,in_distribution,DelP_Pa,D_only,0.8,0.8004338394793926,738,1.0117011151232578,2.7163810838904263,0.3509251273017401,0.2606904303308518,0.9439475537581715,2.8844435193663167,-0.2831372216571821,0.9999781806370344
random80_20,in_distribution,DelP_Pa,D_only,0.7,0.7006507592190889,646,1.0060190993423392,2.6281190950163755,0.3372726862224472,0.25789725024287563,0.9248118494832337,2.7858632082331467,-0.31214396513205156,0.999979945677842
random80_20,in_distribution,DelP_Pa,V_only,0.95,0.9501084598698482,876,1.0883019903212217,2.974676666391015,0.4205510244816793,0.2692571864882131,1.3426876542886463,7.096812499590842,-0.41380582525968646,0.9999718566704398
random80_20,in_distribution,DelP_Pa,V_only,0.9,0.9002169197396963,830,1.0447119737424575,2.9053303938453636,0.4006772998490681,0.2623961298491637,1.2335775909456879,4.826555645461474,-0.3775036545771078,0.9999735838138489
random80_20,in_distribution,DelP_Pa,V_only,0.8,0.8004338394793926,738,1.0164940152841948,2.847092315756051,0.3476122636321601,0.24068782767530578,0.968407091251994,4.826555645461474,-0.3565478274977254,0.999974923975958
random80_20,in_distribution,DelP_Pa,V_only,0.7,0.7006507592190889,646,1.0707442756516723,2.9756559089549484,0.3595440863493732,0.2606904303308518,0.9783144131589087,4.826555645461474,-0.43283938417935375,0.9999733841332376
random80_20,in_distribution,DelP_Pa,U_plus_D,0.95,0.9501084598698482,876,1.0412071455361223,3.0037901809992826,0.3525927913610917,0.2570075654496874,0.9800892899564145,2.8844435193663167,-0.3837654483755854,0.9999765025303908
random80_20,in_distribution,DelP_Pa,U_plus_D,0.9,0.9002169197396963,830,0.9224309461649602,2.5084544836120166,0.3271303275185756,0.24377137372287488,0.9097400540178345,2.7858632082331467,-0.25303950459804314,0.9999833461689575
random80_20,in_distribution,DelP_Pa,U_plus_D,0.8,0.8004338394793926,738,0.8826488632881924,2.5115992518722097,0.2955826475915102,0.22880034815389075,0.8368491377352785,2.023050036818082,-0.2149479292550897,0.999983754136271
random80_20,in_distribution,DelP_Pa,U_plus_D,0.7,0.7006507592190889,646,0.7868245430189795,2.0587534573105275,0.28804124144165755,0.2274131618272472,0.7963133828450768,2.023050036818082,-0.12087067528489823,0.9999867940263063
random80_20,in_distribution,DelP_Pa,U_plus_V,0.95,0.9501084598698482,876,1.2007133840404378,4.320485214639369,0.3601472069191273,0.25902902478194634,0.9952664744171912,2.9834729671658162,-0.5494213274251625,0.9999574490181287
random80_20,in_distribution,DelP_Pa,U_plus_V,0.9,0.9002169197396963,830,0.9623919455435985,2.9045035187439496,0.3248204960558289,0.24377137372287488,0.9181175421716544,2.2686749131018997,-0.3176278516358716,0.9999786962795425
random80_20,in_distribution,DelP_Pa,U_plus_V,0.8,0.8004338394793926,738,0.8875585768707136,2.5622760580246515,0.29802138863228567,0.22839121690619169,0.8368491377352785,2.023050036818082,-0.20995196393795082,0.9999840622548221
random80_20,in_distribution,DelP_Pa,U_plus_V,0.7,0.7006507592190889,646,0.8193119046963122,2.298310217626878,0.2810948203119109,0.22664548898447545,0.6796965115297733,1.8603407699030379,-0.1210949734488378,0.9999869818312465
random80_20,in_distribution,DelP_Pa,D_plus_V,0.95,0.9501084598698482,876,1.1642828737185975,3.4001855962154246,0.40787897743340273,0.2712924608037723,1.1547525941136794,7.096812499590842,-0.4923443311088706,0.999970324499121
random80_20,in_distribution,DelP_Pa,D_plus_V,0.9,0.9002169197396963,830,1.1495342703157125,3.2492545116031732,0.38451441062908165,0.26946401379707924,1.0154562633430089,7.096812499590842,-0.45355481939686365,0.9999728834809368
random80_20,in_distribution,DelP_Pa,D_plus_V,0.8,0.8004338394793926,738,1.0117011151232578,2.7163810838904263,0.3509251273017401,0.2606904303308518,0.9439475537581715,2.8844435193663167,-0.2831372216571821,0.9999781806370344
random80_20,in_distribution,DelP_Pa,D_plus_V,0.7,0.7006507592190889,646,1.0060190993423392,2.6281190950163755,0.3372726862224472,0.25789725024287563,0.9248118494832337,2.7858632082331467,-0.31214396513205156,0.999979945677842
random80_20,in_distribution,DelP_Pa,U_plus_D_plus_V,0.95,0.9501084598698482,876,1.0412071455361223,3.0037901809992826,0.3525927913610917,0.2570075654496874,0.9800892899564145,2.8844435193663167,-0.3837654483755854,0.9999765025303908
random80_20,in_distribution,DelP_Pa,U_plus_D_plus_V,0.9,0.9002169197396963,830,0.9224309461649602,2.5084544836120166,0.3271303275185756,0.24377137372287488,0.9097400540178345,2.7858632082331467,-0.25303950459804314,0.9999833461689575
random80_20,in_distribution,DelP_Pa,U_plus_D_plus_V,0.8,0.8004338394793926,738,0.8826488632881924,2.5115992518722097,0.2955826475915102,0.22880034815389075,0.8368491377352785,2.023050036818082,-0.2149479292550897,0.999983754136271
random80_20,in_distribution,DelP_Pa,U_plus_D_plus_V,0.7,0.7006507592190889,646,0.7868245430189795,2.0587534573105275,0.28804124144165755,0.2274131618272472,0.7963133828450768,2.023050036818082,-0.12087067528489823,0.9999867940263063
random80_20,in_distribution,DelP_Pa,U_2D_plus_V,0.95,0.9501084598698482,876,1.0530272928187943,3.0064499342870747,0.35400395945008173,0.2570075654496874,0.9800892899564145,2.8844435193663167,-0.3976098877794494,0.9999762471358395
random80_20,in_distribution,DelP_Pa,U_2D_plus_V,0.9,0.9002169197396963,830,0.927798174788442,2.498224893875839,0.32971930314915626,0.24941772512427124,0.9331971995403705,2.7858632082331467,-0.25084129281271,0.9999827175723952
random80_20,in_distribution,DelP_Pa,U_2D_plus_V,0.8,0.8004338394793926,738,0.9128863083305648,2.5450834306939085,0.31351575550250677,0.23434126275337666,0.8929380672306798,2.7858632082331467,-0.23824561663037888,0.9999824409255526
random80_20,in_distribution,DelP_Pa,U_2D_plus_V,0.7,0.7006507592190889,646,0.8868783870386057,2.5254796519564113,0.30550460253608513,0.23714728656210649,0.8412537529481237,2.7858632082331467,-0.19952846992833814,0.9999825100058783
random80_20,in_distribution,DelP_Pa,conservative_U_D_V_max,0.95,0.9501084598698482,876,1.1324046067997304,3.3475831134203733,0.3867686915563392,0.2629446953693696,1.0799147754604674,4.826555645461474,-0.47161825685201286,0.9999709798242455
random80_20,in_distribution,DelP_Pa,conservative_U_D_V_max,0.9,0.9002169197396963,830,1.0688592146519686,3.132920258174093,0.34830372663461195,0.2558330780749933,0.9650537105936473,2.8844435193663167,-0.39042565917643995,0.9999747881112735
random80_20,in_distribution,DelP_Pa,conservative_U_D_V_max,0.8,0.8004338394793926,738,1.016088659007387,3.032186023788459,0.33181481755807524,0.2537266580701613,0.9300826482211123,2.8844435193663167,-0.2996874198525355,0.9999756446826319
random80_20,in_distribution,DelP_Pa,conservative_U_D_V_max,0.7,0.7006507592190889,646,0.9402068988716208,2.563404686044312,0.3108939063120162,0.241180563529656,0.8612168327254438,2.061457129737023,-0.27115290913301804,0.9999812695735839
random80_20,in_distribution,DelP_Pa,oracle_error_rank,0.95,0.9501084598698482,876,1.057208121614791,3.5718139210881685,0.32929713254012083,0.2537266580701613,0.9364797783532499,1.4430686052318353,-0.4227936495638637,0.9999697445913729
random80_20,in_distribution,DelP_Pa,oracle_error_rank,0.9,0.9002169197396963,830,0.9061321466700163,2.566685760679372,0.2872237832930865,0.23434126275337666,0.7344283415722811,0.9292873647959922,-0.2833170323367268,0.9999837000394125
random80_20,in_distribution,DelP_Pa,oracle_error_rank,0.8,0.8004338394793926,738,0.7588815483389936,2.2434352002254845,0.23129422484862358,0.20276575537880076,0.5273153856738496,0.5903433442479654,-0.10635013135484894,0.9999879753634617
random80_20,in_distribution,DelP_Pa,oracle_error_rank,0.7,0.7006507592190889,646,0.5933747892924282,1.6329974315514608,0.19049214673493417,0.17292362599058958,0.41783977398309846,0.4602425467465867,-0.05709710029997277,0.9999928803488715
random80_20,in_distribution,DelP_Pa,random_rejection,0.95,0.9501084598698482,876,1.341423518815802,4.594872945882023,0.4230915332510822,0.2698074274633775,1.3975732934637553,4.826555645461474,-0.6795725678951734,0.9999499962662355
random80_20,in_distribution,DelP_Pa,random_rejection,0.9,0.9002169197396963,830,1.3455267454695956,4.6816685532263165,0.4188501124654838,0.26765407467957586,1.3598578522442681,4.826555645461474,-0.6748984796137781,0.9999478834376265
random80_20,in_distribution,DelP_Pa,random_rejection,0.8,0.8004338394793926,738,1.3402424675856208,4.37771526325734,0.4178179443028508,0.26783733457888437,1.2912327002200985,4.826555645461474,-0.6316701795347378,0.9999561005589898
random80_20,in_distribution,DelP_Pa,random_rejection,0.7,0.7006507592190889,646,1.4107193203811013,4.555680784316647,0.42789667618889343,0.26959484791816385,1.3713046508813536,4.826555645461474,-0.7823675533628435,0.9999534238357819
holdout_Re25,withheld_reynolds,Nuavg,U_only,0.95,0.9505208333333334,1095,4.3422832205255935,4.894694160731295,40.05469671880272,37.669330083210795,58.49635483829803,61.094076305680495,4.3422832205255935,-2.6949351923967853
holdout_Re25,withheld_reynolds,Nuavg,U_only,0.9,0.9001736111111112,1037,4.406954170664067,4.951530406605222,40.398815025735864,37.888422983594,58.55802852572232,61.094076305680495,4.406954170664067,-2.8151408690615587
holdout_Re25,withheld_reynolds,Nuavg,U_only,0.8,0.8003472222222222,922,4.51771611107849,5.054326997681994,41.04677464189827,41.4547027541132,58.60735381308192,60.92577082490066,4.51771611107849,-3.038944841068112
holdout_Re25,withheld_reynolds,Nuavg,U_only,0.7,0.7005208333333334,807,4.617427717883406,5.145740304654153,41.69239647909383,43.74377899157193,58.69277745811578,60.92577082490066,4.617427717883406,-3.1915826315584903
holdout_Re25,withheld_reynolds,Nuavg,D_only,0.95,0.9505208333333334,1095,4.360023051635185,4.926443533872763,40.10698138632536,37.76646548993325,58.558542910947025,61.094076305680495,4.360023051635185,-2.602274304908988
holdout_Re25,withheld_reynolds,Nuavg,D_only,0.9,0.9001736111111112,1037,4.388057786108328,4.968299109468047,40.33332084289911,38.245426320618996,58.584565080052734,61.094076305680495,4.388057786108328,-2.5625199456581247
holdout_Re25,withheld_reynolds,Nuavg,D_only,0.8,0.8003472222222222,922,4.48299643705455,5.025245718585122,41.238257880990744,41.53340063575401,58.73744237346906,61.094076305680495,4.48299643705455,-2.75345116749041
holdout_Re25,withheld_reynolds,Nuavg,D_only,0.7,0.7005208333333334,807,4.523442404738264,5.083964225411218,41.31058024678616,41.51688128756115,58.77809109172994,61.094076305680495,4.523442404738264,-2.6358982158853745
holdout_Re25,withheld_reynolds,Nuavg,V_only,0.95,0.9505208333333334,1095,4.360023051635185,4.926443533872763,40.10698138632536,37.76646548993325,58.558542910947025,61.094076305680495,4.360023051635185,-2.602274304908988
holdout_Re25,withheld_reynolds,Nuavg,V_only,0.9,0.9001736111111112,1037,4.388057786108328,4.968299109468047,40.33332084289911,38.245426320618996,58.584565080052734,61.094076305680495,4.388057786108328,-2.5625199456581247
holdout_Re25,withheld_reynolds,Nuavg,V_only,0.8,0.8003472222222222,922,4.48299643705455,5.025245718585122,41.238257880990744,41.53340063575401,58.73744237346906,61.094076305680495,4.48299643705455,-2.75345116749041
holdout_Re25,withheld_reynolds,Nuavg,V_only,0.7,0.7005208333333334,807,4.523442404738264,5.083964225411218,41.31058024678616,41.51688128756115,58.77809109172994,61.094076305680495,4.523442404738264,-2.6358982158853745
holdout_Re25,withheld_reynolds,Nuavg,U_plus_D,0.95,0.9505208333333334,1095,4.3422832205255935,4.894694160731295,40.05469671880272,37.669330083210795,58.49635483829803,61.094076305680495,4.3422832205255935,-2.6949351923967853
holdout_Re25,withheld_reynolds,Nuavg,U_plus_D,0.9,0.9001736111111112,1037,4.406954170664067,4.951530406605222,40.398815025735864,37.888422983594,58.55802852572232,61.094076305680495,4.406954170664067,-2.8151408690615587
holdout_Re25,withheld_reynolds,Nuavg,U_plus_D,0.8,0.8003472222222222,922,4.51771611107849,5.054326997681994,41.04677464189827,41.4547027541132,58.60735381308192,60.92577082490066,4.51771611107849,-3.038944841068112
holdout_Re25,withheld_reynolds,Nuavg,U_plus_D,0.7,0.7005208333333334,807,4.617427717883406,5.145740304654153,41.69239647909383,43.74377899157193,58.69277745811578,60.92577082490066,4.617427717883406,-3.1915826315584903
holdout_Re25,withheld_reynolds,Nuavg,U_plus_V,0.95,0.9505208333333334,1095,4.3422832205255935,4.894694160731295,40.05469671880272,37.669330083210795,58.49635483829803,61.094076305680495,4.3422832205255935,-2.6949351923967853
holdout_Re25,withheld_reynolds,Nuavg,U_plus_V,0.9,0.9001736111111112,1037,4.406954170664067,4.951530406605222,40.398815025735864,37.888422983594,58.55802852572232,61.094076305680495,4.406954170664067,-2.8151408690615587
holdout_Re25,withheld_reynolds,Nuavg,U_plus_V,0.8,0.8003472222222222,922,4.51771611107849,5.054326997681994,41.04677464189827,41.4547027541132,58.60735381308192,60.92577082490066,4.51771611107849,-3.038944841068112
holdout_Re25,withheld_reynolds,Nuavg,U_plus_V,0.7,0.7005208333333334,807,4.617427717883406,5.145740304654153,41.69239647909383,43.74377899157193,58.69277745811578,60.92577082490066,4.617427717883406,-3.1915826315584903
holdout_Re25,withheld_reynolds,Nuavg,D_plus_V,0.95,0.9505208333333334,1095,4.360023051635185,4.926443533872763,40.10698138632536,37.76646548993325,58.558542910947025,61.094076305680495,4.360023051635185,-2.602274304908988
holdout_Re25,withheld_reynolds,Nuavg,D_plus_V,0.9,0.9001736111111112,1037,4.388057786108328,4.968299109468047,40.33332084289911,38.245426320618996,58.584565080052734,61.094076305680495,4.388057786108328,-2.5625199456581247
holdout_Re25,withheld_reynolds,Nuavg,D_plus_V,0.8,0.8003472222222222,922,4.48299643705455,5.025245718585122,41.238257880990744,41.53340063575401,58.73744237346906,61.094076305680495,4.48299643705455,-2.75345116749041
holdout_Re25,withheld_reynolds,Nuavg,D_plus_V,0.7,0.7005208333333334,807,4.523442404738264,5.083964225411218,41.31058024678616,41.51688128756115,58.77809109172994,61.094076305680495,4.523442404738264,-2.6358982158853745
holdout_Re25,withheld_reynolds,Nuavg,U_plus_D_plus_V,0.95,0.9505208333333334,1095,4.3422832205255935,4.894694160731295,40.05469671880272,37.669330083210795,58.49635483829803,61.094076305680495,4.3422832205255935,-2.6949351923967853
holdout_Re25,withheld_reynolds,Nuavg,U_plus_D_plus_V,0.9,0.9001736111111112,1037,4.406954170664067,4.951530406605222,40.398815025735864,37.888422983594,58.55802852572232,61.094076305680495,4.406954170664067,-2.8151408690615587
holdout_Re25,withheld_reynolds,Nuavg,U_plus_D_plus_V,0.8,0.8003472222222222,922,4.51771611107849,5.054326997681994,41.04677464189827,41.4547027541132,58.60735381308192,60.92577082490066,4.51771611107849,-3.038944841068112
holdout_Re25,withheld_reynolds,Nuavg,U_plus_D_plus_V,0.7,0.7005208333333334,807,4.617427717883406,5.145740304654153,41.69239647909383,43.74377899157193,58.69277745811578,60.92577082490066,4.617427717883406,-3.1915826315584903
holdout_Re25,withheld_reynolds,Nuavg,U_2D_plus_V,0.95,0.9505208333333334,1095,4.3422832205255935,4.894694160731295,40.05469671880272,37.669330083210795,58.49635483829803,61.094076305680495,4.3422832205255935,-2.6949351923967853
holdout_Re25,withheld_reynolds,Nuavg,U_2D_plus_V,0.9,0.9001736111111112,1037,4.406954170664067,4.951530406605222,40.398815025735864,37.888422983594,58.55802852572232,61.094076305680495,4.406954170664067,-2.8151408690615587
holdout_Re25,withheld_reynolds,Nuavg,U_2D_plus_V,0.8,0.8003472222222222,922,4.51771611107849,5.054326997681994,41.04677464189827,41.4547027541132,58.60735381308192,60.92577082490066,4.51771611107849,-3.038944841068112
holdout_Re25,withheld_reynolds,Nuavg,U_2D_plus_V,0.7,0.7005208333333334,807,4.617427717883406,5.145740304654153,41.69239647909383,43.74377899157193,58.69277745811578,60.92577082490066,4.617427717883406,-3.1915826315584903
holdout_Re25,withheld_reynolds,Nuavg,conservative_U_D_V_max,0.95,0.9505208333333334,1095,4.360023051635185,4.926443533872763,40.10698138632536,37.76646548993325,58.558542910947025,61.094076305680495,4.360023051635185,-2.602274304908988
holdout_Re25,withheld_reynolds,Nuavg,conservative_U_D_V_max,0.9,0.9001736111111112,1037,4.388057786108328,4.968299109468047,40.33332084289911,38.245426320618996,58.584565080052734,61.094076305680495,4.388057786108328,-2.5625199456581247
holdout_Re25,withheld_reynolds,Nuavg,conservative_U_D_V_max,0.8,0.8003472222222222,922,4.48299643705455,5.025245718585122,41.238257880990744,41.53340063575401,58.73744237346906,61.094076305680495,4.48299643705455,-2.75345116749041
holdout_Re25,withheld_reynolds,Nuavg,conservative_U_D_V_max,0.7,0.7005208333333334,807,4.523442404738264,5.083964225411218,41.31058024678616,41.51688128756115,58.77809109172994,61.094076305680495,4.523442404738264,-2.6358982158853745
holdout_Re25,withheld_reynolds,Nuavg,learned_logistic_gate,0.95,0.9505208333333334,1095,4.3422832205255935,4.894694160731295,40.05469671880272,37.669330083210795,58.49635483829803,61.094076305680495,4.3422832205255935,-2.6949351923967853
holdout_Re25,withheld_reynolds,Nuavg,learned_logistic_gate,0.9,0.9001736111111112,1037,4.406954170664067,4.951530406605222,40.398815025735864,37.888422983594,58.55802852572232,61.094076305680495,4.406954170664067,-2.8151408690615587
holdout_Re25,withheld_reynolds,Nuavg,learned_logistic_gate,0.8,0.8003472222222222,922,4.51771611107849,5.054326997681994,41.04677464189827,41.4547027541132,58.60735381308192,60.92577082490066,4.51771611107849,-3.038944841068112
holdout_Re25,withheld_reynolds,Nuavg,learned_logistic_gate,0.7,0.7005208333333334,807,4.617427717883406,5.145740304654153,41.69239647909383,43.74377899157193,58.69277745811578,60.92577082490066,4.617427717883406,-3.1915826315584903
holdout_Re25,withheld_reynolds,Nuavg,oracle_error_rank,0.95,0.9505208333333334,1095,4.11212539682188,4.628911787847769,38.844161270727426,36.967650327525504,56.641354490396665,58.5084485356254,4.11212539682188,-2.4664788651683356
holdout_Re25,withheld_reynolds,Nuavg,oracle_error_rank,0.9,0.9001736111111112,1037,3.8926200868715086,4.358714185780012,37.80548117497573,36.55949827042341,54.469991797377894,56.59872715233475,3.8926200868715086,-2.437120162455821
holdout_Re25,withheld_reynolds,Nuavg,oracle_error_rank,0.8,0.8003472222222222,922,3.47889084657847,3.8423275182467536,35.71838473477122,35.20686720054927,51.092015370225674,51.9112105244828,3.47889084657847,-2.5171222160957307
holdout_Re25,withheld_reynolds,Nuavg,oracle_error_rank,0.7,0.7005208333333334,807,3.138380012020598,3.442998326611161,33.545235515398375,33.98187629594678,49.00253406929887,49.989913880531304,3.138380012020598,-2.2812182631302775
holdout_Re25,withheld_reynolds,Nuavg,random_rejection,0.95,0.9505208333333334,1095,4.3293482828427665,4.887567775807932,39.94384552724136,37.457643150686096,58.47627900977885,61.094076305680495,4.3293482828427665,-2.5699294937792776
holdout_Re25,withheld_reynolds,Nuavg,random_rejection,0.9,0.9001736111111112,1037,4.328755027431095,4.885492629454605,39.958631077705945,37.44620312565111,58.47168336322934,61.094076305680495,4.328755027431095,-2.5534111762620153
holdout_Re25,withheld_reynolds,Nuavg,random_rejection,0.8,0.8003472222222222,922,4.330532295966821,4.8887074083643265,39.965974591330045,37.45970101540368,58.44663148061753,61.094076305680495,4.330532295966821,-2.5772111725902658
holdout_Re25,withheld_reynolds,Nuavg,random_rejection,0.7,0.7005208333333334,807,4.331380579293971,4.88521862017033,40.01000440595416,37.461758880121266,58.43718343401842,61.094076305680495,4.331380579293971,-2.5845334436435876
holdout_Re25,withheld_reynolds,DelP_Pa,U_only,0.95,0.9505208333333334,1095,94.51599547843497,169.4004178968053,331.495732805167,331.77980221013195,358.7381874297719,383.3919984555205,94.51599547843497,-12.665132037131809
holdout_Re25,withheld_reynolds,DelP_Pa,U_only,0.9,0.9001736111111112,1037,92.26352784929291,166.82480781909166,331.40839175176984,331.76477663501214,357.99560992614335,382.45449409007585,92.26352784929291,-12.576828979182986
holdout_Re25,withheld_reynolds,DelP_Pa,U_only,0.8,0.8003472222222222,922,87.56930045531875,161.9585031935734,331.5977212506024,331.9881803787506,357.67406396189085,382.45449409007585,87.56930045531875,-12.329525342413646
holdout_Re25,withheld_reynolds,DelP_Pa,U_only,0.7,0.7005208333333334,807,85.72012333139713,160.5668001061688,331.7442399114845,332.04000436296434,357.8544189209325,378.7166082727635,85.72012333139713,-12.195660764983371
holdout_Re25,withheld_reynolds,DelP_Pa,D_only,0.95,0.9505208333333334,1095,95.77986892124851,171.13371580740738,331.5782281747579,331.7844871165592,358.79712128679967,384.80822525920314,95.77986892124851,-12.662369582809092
holdout_Re25,withheld_reynolds,DelP_Pa,D_only,0.9,0.9001736111111112,1037,97.90569263339259,174.4180960112566,330.25560396638963,330.4372133431361,356.9761454432888,383.3919984555205,97.90569263339259,-12.704144484574803
holdout_Re25,withheld_reynolds,DelP_Pa,D_only,0.8,0.8003472222222222,922,94.70400256655067,170.9321382876621,329.18662568069345,329.9863595048651,353.7219243955833,359.89476253864734,94.70400256655067,-12.543711345164885
holdout_Re25,withheld_reynolds,DelP_Pa,D_only,0.7,0.7005208333333334,807,92.99617702676372,168.608995564242,328.89574428319065,329.67235786129396,351.9027525166118,359.89476253864734,92.99617702676372,-12.481093293680209
holdout_Re25,withheld_reynolds,DelP_Pa,V_only,0.95,0.9505208333333334,1095,95.77986892124851,171.13371580740738,331.5782281747579,331.7844871165592,358.79712128679967,384.80822525920314,95.77986892124851,-12.662369582809092
holdout_Re25,withheld_reynolds,DelP_Pa,V_only,0.9,0.9001736111111112,1037,97.90569263339259,174.4180960112566,330.25560396638963,330.4372133431361,356.9761454432888,383.3919984555205,97.90569263339259,-12.704144484574803
holdout_Re25,withheld_reynolds,DelP_Pa,V_only,0.8,0.8003472222222222,922,94.70400256655067,170.9321382876621,329.18662568069345,329.9863595048651,353.7219243955833,359.89476253864734,94.70400256655067,-12.543711345164885
holdout_Re25,withheld_reynolds,DelP_Pa,V_only,0.7,0.7005208333333334,807,92.99617702676372,168.608995564242,328.89574428319065,329.67235786129396,351.9027525166118,359.89476253864734,92.99617702676372,-12.481093293680209
holdout_Re25,withheld_reynolds,DelP_Pa,U_plus_D,0.95,0.9505208333333334,1095,94.51599547843497,169.4004178968053,331.495732805167,331.77980221013195,358.7381874297719,383.3919984555205,94.51599547843497,-12.665132037131809
holdout_Re25,withheld_reynolds,DelP_Pa,U_plus_D,0.9,0.9001736111111112,1037,92.26352784929291,166.82480781909166,331.40839175176984,331.76477663501214,357.99560992614335,382.45449409007585,92.26352784929291,-12.576828979182986
holdout_Re25,withheld_reynolds,DelP_Pa,U_plus_D,0.8,0.8003472222222222,922,87.56930045531875,161.9585031935734,331.5977212506024,331.9881803787506,357.67406396189085,382.45449409007585,87.56930045531875,-12.329525342413646
holdout_Re25,withheld_reynolds,DelP_Pa,U_plus_D,0.7,0.7005208333333334,807,85.72012333139713,160.5668001061688,331.7442399114845,332.04000436296434,357.8544189209325,378.7166082727635,85.72012333139713,-12.195660764983371
holdout_Re25,withheld_reynolds,DelP_Pa,U_plus_V,0.95,0.9505208333333334,1095,94.51599547843497,169.4004178968053,331.495732805167,331.77980221013195,358.7381874297719,383.3919984555205,94.51599547843497,-12.665132037131809
holdout_Re25,withheld_reynolds,DelP_Pa,U_plus_V,0.9,0.9001736111111112,1037,92.26352784929291,166.82480781909166,331.40839175176984,331.76477663501214,357.99560992614335,382.45449409007585,92.26352784929291,-12.576828979182986
holdout_Re25,withheld_reynolds,DelP_Pa,U_plus_V,0.8,0.8003472222222222,922,87.56930045531875,161.9585031935734,331.5977212506024,331.9881803787506,357.67406396189085,382.45449409007585,87.56930045531875,-12.329525342413646
holdout_Re25,withheld_reynolds,DelP_Pa,U_plus_V,0.7,0.7005208333333334,807,85.72012333139713,160.5668001061688,331.7442399114845,332.04000436296434,357.8544189209325,378.7166082727635,85.72012333139713,-12.195660764983371
holdout_Re25,withheld_reynolds,DelP_Pa,D_plus_V,0.95,0.9505208333333334,1095,95.77986892124851,171.13371580740738,331.5782281747579,331.7844871165592,358.79712128679967,384.80822525920314,95.77986892124851,-12.662369582809092
holdout_Re25,withheld_reynolds,DelP_Pa,D_plus_V,0.9,0.9001736111111112,1037,97.90569263339259,174.4180960112566,330.25560396638963,330.4372133431361,356.9761454432888,383.3919984555205,97.90569263339259,-12.704144484574803
holdout_Re25,withheld_reynolds,DelP_Pa,D_plus_V,0.8,0.8003472222222222,922,94.70400256655067,170.9321382876621,329.18662568069345,329.9863595048651,353.7219243955833,359.89476253864734,94.70400256655067,-12.543711345164885
holdout_Re25,withheld_reynolds,DelP_Pa,D_plus_V,0.7,0.7005208333333334,807,92.99617702676372,168.608995564242,328.89574428319065,329.67235786129396,351.9027525166118,359.89476253864734,92.99617702676372,-12.481093293680209
holdout_Re25,withheld_reynolds,DelP_Pa,U_plus_D_plus_V,0.95,0.9505208333333334,1095,94.51599547843497,169.4004178968053,331.495732805167,331.77980221013195,358.7381874297719,383.3919984555205,94.51599547843497,-12.665132037131809
holdout_Re25,withheld_reynolds,DelP_Pa,U_plus_D_plus_V,0.9,0.9001736111111112,1037,92.26352784929291,166.82480781909166,331.40839175176984,331.76477663501214,357.99560992614335,382.45449409007585,92.26352784929291,-12.576828979182986
holdout_Re25,withheld_reynolds,DelP_Pa,U_plus_D_plus_V,0.8,0.8003472222222222,922,87.56930045531875,161.9585031935734,331.5977212506024,331.9881803787506,357.67406396189085,382.45449409007585,87.56930045531875,-12.329525342413646
holdout_Re25,withheld_reynolds,DelP_Pa,U_plus_D_plus_V,0.7,0.7005208333333334,807,85.72012333139713,160.5668001061688,331.7442399114845,332.04000436296434,357.8544189209325,378.7166082727635,85.72012333139713,-12.195660764983371
holdout_Re25,withheld_reynolds,DelP_Pa,U_2D_plus_V,0.95,0.9505208333333334,1095,94.51599547843497,169.4004178968053,331.495732805167,331.77980221013195,358.7381874297719,383.3919984555205,94.51599547843497,-12.665132037131809
holdout_Re25,withheld_reynolds,DelP_Pa,U_2D_plus_V,0.9,0.9001736111111112,1037,92.26352784929291,166.82480781909166,331.40839175176984,331.76477663501214,357.99560992614335,382.45449409007585,92.26352784929291,-12.576828979182986
holdout_Re25,withheld_reynolds,DelP_Pa,U_2D_plus_V,0.8,0.8003472222222222,922,87.56930045531875,161.9585031935734,331.5977212506024,331.9881803787506,357.67406396189085,382.45449409007585,87.56930045531875,-12.329525342413646
holdout_Re25,withheld_reynolds,DelP_Pa,U_2D_plus_V,0.7,0.7005208333333334,807,85.72012333139713,160.5668001061688,331.7442399114845,332.04000436296434,357.8544189209325,378.7166082727635,85.72012333139713,-12.195660764983371
holdout_Re25,withheld_reynolds,DelP_Pa,conservative_U_D_V_max,0.95,0.9505208333333334,1095,95.77986892124851,171.13371580740738,331.5782281747579,331.7844871165592,358.79712128679967,384.80822525920314,95.77986892124851,-12.662369582809092
holdout_Re25,withheld_reynolds,DelP_Pa,conservative_U_D_V_max,0.9,0.9001736111111112,1037,97.90569263339259,174.4180960112566,330.25560396638963,330.4372133431361,356.9761454432888,383.3919984555205,97.90569263339259,-12.704144484574803
holdout_Re25,withheld_reynolds,DelP_Pa,conservative_U_D_V_max,0.8,0.8003472222222222,922,94.70400256655067,170.9321382876621,329.18662568069345,329.9863595048651,353.7219243955833,359.89476253864734,94.70400256655067,-12.543711345164885
holdout_Re25,withheld_reynolds,DelP_Pa,conservative_U_D_V_max,0.7,0.7005208333333334,807,92.99617702676372,168.608995564242,328.89574428319065,329.67235786129396,351.9027525166118,359.89476253864734,92.99617702676372,-12.481093293680209
holdout_Re25,withheld_reynolds,DelP_Pa,oracle_error_rank,0.95,0.9505208333333334,1095,101.43207986618299,178.53210987066205,329.43392901481315,330.0154742444107,356.2186480200248,359.1327230279349,101.43207986618299,-12.867297383173876
holdout_Re25,withheld_reynolds,DelP_Pa,oracle_error_rank,0.9,0.9001736111111112,1037,105.20714293828618,183.25820993720583,327.87589645037343,329.339947917067,348.19189889564404,355.93817727223643,105.20714293828618,-13.016935355824309
holdout_Re25,withheld_reynolds,DelP_Pa,oracle_error_rank,0.8,0.8003472222222222,922,114.84701151559877,194.06015124116786,325.2769394663046,327.3637164311761,342.1580557909741,343.89855979826683,114.84701151559877,-13.470467216207522
holdout_Re25,withheld_reynolds,DelP_Pa,oracle_error_rank,0.7,0.7005208333333334,807,126.83423698515116,206.97776072892938,322.95514084824396,325.0367080073379,336.8347675248396,338.99427669360375,126.83423698515116,-14.060911478187538
holdout_Re25,withheld_reynolds,DelP_Pa,random_rejection,0.95,0.9505208333333334,1095,97.33039313538576,173.0280961808827,331.3345488151041,330.8085186710079,358.9686222945218,384.80822525920314,97.33039313538576,-12.728584470202492
holdout_Re25,withheld_reynolds,DelP_Pa,random_rejection,0.9,0.9001736111111112,1037,98.05191304008888,174.71738315465828,331.2144349042362,330.78389548918597,358.87965625575555,384.80822525920314,98.05191304008888,-12.697237552476071
holdout_Re25,withheld_reynolds,DelP_Pa,random_rejection,0.8,0.8003472222222222,922,96.5373525466422,172.2349577609368,331.37890679508496,331.11590868788574,359.1378508525984,384.80822525920314,96.5373525466422,-12.664353404621513
holdout_Re25,withheld_reynolds,DelP_Pa,random_rejection,0.7,0.7005208333333334,807,96.7490589576703,173.2213735445328,331.5348573031984,330.7938542867908,359.3734810134799,384.80822525920314,96.7490589576703,-12.618623608406596
holdout_Re100,withheld_reynolds,Nuavg,U_only,0.95,0.9505208333333334,1095,4.314694052264767,4.880869339865991,27.923991941472277,27.4969465959195,36.85980204260732,38.17817366012449,-4.314694052264767,-0.03127134681648647
holdout_Re100,withheld_reynolds,Nuavg,U_only,0.9,0.9001736111111112,1037,4.318519396865241,4.889396395908605,27.906033039973114,27.497226918709277,36.91656220682839,38.17817366012449,-4.318519396865241,-0.028583248289440144
holdout_Re100,withheld_reynolds,Nuavg,U_only,0.8,0.8003472222222222,922,4.295323855200249,4.8839317919055025,27.815938628066682,27.2873230595344,37.096877800760275,38.17817366012449,-4.295323855200249,-0.00835044151269737
holdout_Re100,withheld_reynolds,Nuavg,U_only,0.7,0.7005208333333334,807,4.29317657569214,4.897631698729872,27.74532788753375,27.13328631327328,37.165835754795765,38.17817366012449,-4.29317657569214,0.005670952693136555
holdout_Re100,withheld_reynolds,Nuavg,D_only,0.95,0.9505208333333334,1095,4.355975957091171,4.922188262262939,28.023259173819348,27.534078964458903,36.85980204260732,38.17817366012449,-4.355975957091171,-0.03695388254688936
holdout_Re100,withheld_reynolds,Nuavg,D_only,0.9,0.9001736111111112,1037,4.383451522048759,4.9635349121193455,28.119219084099253,27.6048539125977,36.91656220682839,38.17817366012449,-4.383451522048759,-0.02193156665810503
holdout_Re100,withheld_reynolds,Nuavg,D_only,0.8,0.8003472222222222,922,4.477600104145373,5.019774727323539,28.634972311083615,29.300538282505393,37.096877800760275,38.17817366012449,-4.477600104145373,-0.08815810544512526
holdout_Re100,withheld_reynolds,Nuavg,D_only,0.7,0.7005208333333334,807,4.5016482051069415,5.0715370674703495,28.54848344301342,29.298409333557192,37.184980675772465,38.17817366012449,-4.5016482051069415,-0.04794818884318741
holdout_Re100,withheld_reynolds,Nuavg,V_only,0.95,0.9505208333333334,1095,4.355975957091171,4.922188262262939,28.023259173819348,27.534078964458903,36.85980204260732,38.17817366012449,-4.355975957091171,-0.03695388254688936
holdout_Re100,withheld_reynolds,Nuavg,V_only,0.9,0.9001736111111112,1037,4.38345152204876,4.9635349121193455,28.119219084099253,27.6048539125977,36.91656220682839,38.17817366012449,-4.38345152204876,-0.021931566658104806
holdout_Re100,withheld_reynolds,Nuavg,V_only,0.8,0.8003472222222222,922,4.477600104145372,5.019774727323539,28.634972311083615,29.300538282505393,37.096877800760275,38.17817366012449,-4.477600104145372,-0.08815810544512526
holdout_Re100,withheld_reynolds,Nuavg,V_only,0.7,0.7005208333333334,807,4.519718696153681,5.080755453513525,28.66281589972537,29.298409333557192,37.184980675772465,38.17817366012449,-4.519718696153681,-0.06013340514090104
holdout_Re100,withheld_reynolds,Nuavg,U_plus_D,0.95,0.9505208333333334,1095,4.31019514754622,4.876552804322101,27.91247135049773,27.478566747709728,36.85980204260732,38.17817366012449,-4.31019514754622,-0.030069960680116248
holdout_Re100,withheld_reynolds,Nuavg,U_plus_D,0.9,0.9001736111111112,1037,4.302213727345187,4.876875794196008,27.857456700501356,27.439573812340686,36.91656220682839,38.17817366012449,-4.302213727345187,-0.021170061587252098
holdout_Re100,withheld_reynolds,Nuavg,U_plus_D,0.8,0.8003472222222222,922,4.268898275367919,4.861782711430999,27.7239868864243,27.215889849522835,37.096877800760275,38.17817366012449,-4.268898275367919,0.0025139245763483586
holdout_Re100,withheld_reynolds,Nuavg,U_plus_D,0.7,0.7005208333333334,807,4.251247587222415,4.860946155802413,27.636371333835438,26.86696483074558,37.165835754795765,38.17817366012449,-4.251247587222415,0.022792969384488826
holdout_Re100,withheld_reynolds,Nuavg,U_plus_V,0.95,0.9505208333333334,1095,4.314694052264767,4.880869339865991,27.923991941472277,27.4969465959195,36.85980204260732,38.17817366012449,-4.314694052264767,-0.03127134681648647
holdout_Re100,withheld_reynolds,Nuavg,U_plus_V,0.9,0.9001736111111112,1037,4.318519396865241,4.889396395908605,27.906033039973114,27.497226918709277,36.91656220682839,38.17817366012449,-4.318519396865241,-0.028583248289440144
holdout_Re100,withheld_reynolds,Nuavg,U_plus_V,0.8,0.8003472222222222,922,4.295323855200249,4.8839317919055025,27.815938628066682,27.2873230595344,37.096877800760275,38.17817366012449,-4.295323855200249,-0.00835044151269737
holdout_Re100,withheld_reynolds,Nuavg,U_plus_V,0.7,0.7005208333333334,807,4.29317657569214,4.897631698729872,27.74532788753375,27.13328631327328,37.165835754795765,38.17817366012449,-4.29317657569214,0.005670952693136555
holdout_Re100,withheld_reynolds,Nuavg,D_plus_V,0.95,0.9505208333333334,1095,4.355975957091171,4.922188262262939,28.023259173819348,27.534078964458903,36.85980204260732,38.17817366012449,-4.355975957091171,-0.03695388254688936
holdout_Re100,withheld_reynolds,Nuavg,D_plus_V,0.9,0.9001736111111112,1037,4.383451522048759,4.9635349121193455,28.119219084099253,27.6048539125977,36.91656220682839,38.17817366012449,-4.383451522048759,-0.02193156665810503
holdout_Re100,withheld_reynolds,Nuavg,D_plus_V,0.8,0.8003472222222222,922,4.477600104145373,5.019774727323539,28.634972311083615,29.300538282505393,37.096877800760275,38.17817366012449,-4.477600104145373,-0.08815810544512526
holdout_Re100,withheld_reynolds,Nuavg,D_plus_V,0.7,0.7005208333333334,807,4.5016482051069415,5.0715370674703495,28.54848344301342,29.298409333557192,37.184980675772465,38.17817366012449,-4.5016482051069415,-0.04794818884318741
holdout_Re100,withheld_reynolds,Nuavg,U_plus_D_plus_V,0.95,0.9505208333333334,1095,4.31019514754622,4.876552804322101,27.91247135049773,27.478566747709728,36.85980204260732,38.17817366012449,-4.31019514754622,-0.030069960680116248
holdout_Re100,withheld_reynolds,Nuavg,U_plus_D_plus_V,0.9,0.9001736111111112,1037,4.302213727345187,4.876875794196008,27.857456700501356,27.439573812340686,36.91656220682839,38.17817366012449,-4.302213727345187,-0.021170061587252098
holdout_Re100,withheld_reynolds,Nuavg,U_plus_D_plus_V,0.8,0.8003472222222222,922,4.268898275367919,4.861782711430999,27.7239868864243,27.215889849522835,37.096877800760275,38.17817366012449,-4.268898275367919,0.0025139245763483586
holdout_Re100,withheld_reynolds,Nuavg,U_plus_D_plus_V,0.7,0.7005208333333334,807,4.251247587222415,4.860946155802413,27.636371333835438,26.86696483074558,37.165835754795765,38.17817366012449,-4.251247587222415,0.022792969384488826
holdout_Re100,withheld_reynolds,Nuavg,U_2D_plus_V,0.95,0.9505208333333334,1095,4.309752062741632,4.876290391680291,27.91319070213975,27.478566747709728,36.85980204260732,38.17817366012449,-4.309752062741632,-0.029349420892681666
holdout_Re100,withheld_reynolds,Nuavg,U_2D_plus_V,0.9,0.9001736111111112,1037,4.290024426621205,4.866489871625003,27.824649493113803,27.30765736460919,36.91656220682839,38.17817366012449,-4.290024426621205,-0.015980329395613335
holdout_Re100,withheld_reynolds,Nuavg,U_2D_plus_V,0.8,0.8003472222222222,922,4.248209633494147,4.841474858916281,27.67697652551294,27.136003595818867,37.096877800760275,38.17817366012449,-4.248209633494147,0.00791199830651157
holdout_Re100,withheld_reynolds,Nuavg,U_2D_plus_V,0.7,0.7005208333333334,807,4.227129666566908,4.841281267733401,27.565148155345145,26.838372692917343,37.165835754795765,38.17817366012449,-4.227129666566908,0.03315023973590325
holdout_Re100,withheld_reynolds,Nuavg,conservative_U_D_V_max,0.95,0.9505208333333334,1095,4.355975957091171,4.922188262262939,28.023259173819348,27.534078964458903,36.85980204260732,38.17817366012449,-4.355975957091171,-0.03695388254688936
holdout_Re100,withheld_reynolds,Nuavg,conservative_U_D_V_max,0.9,0.9001736111111112,1037,4.383451522048759,4.9635349121193455,28.119219084099253,27.6048539125977,36.91656220682839,38.17817366012449,-4.383451522048759,-0.02193156665810503
holdout_Re100,withheld_reynolds,Nuavg,conservative_U_D_V_max,0.8,0.8003472222222222,922,4.477600104145372,5.019774727323539,28.634972311083615,29.300538282505393,37.096877800760275,38.17817366012449,-4.477600104145372,-0.08815810544512526
holdout_Re100,withheld_reynolds,Nuavg,conservative_U_D_V_max,0.7,0.7005208333333334,807,4.501648205106941,5.0715370674703495,28.548483443013417,29.298409333557192,37.184980675772465,38.17817366012449,-4.501648205106941,-0.04794818884318741
holdout_Re100,withheld_reynolds,Nuavg,oracle_error_rank,0.95,0.9505208333333334,1095,4.109456601392493,4.627299346086795,27.42663763128226,27.073565602363242,36.17028494246761,36.819758963972326,-4.109456601392493,-0.030540000372567988
holdout_Re100,withheld_reynolds,Nuavg,oracle_error_rank,0.9,0.9001736111111112,1037,3.892797850372108,4.362505953167589,26.925743732643127,26.761405257310972,35.39384055347082,36.147490561896234,-3.892797850372108,-0.04634324958190117
holdout_Re100,withheld_reynolds,Nuavg,oracle_error_rank,0.8,0.8003472222222222,922,3.4560873459689785,3.806755471458249,25.88211892078574,25.999196663946982,33.93192355784552,34.37431313431413,-3.4560873459689785,-0.17304290631192476
holdout_Re100,withheld_reynolds,Nuavg,oracle_error_rank,0.7,0.7005208333333334,807,3.131616394527015,3.4319959403718037,24.753178396931773,25.124079739414896,32.76474995656168,33.24876130573967,-3.131616394527015,-0.12797529020290277
holdout_Re100,withheld_reynolds,Nuavg,random_rejection,0.95,0.9505208333333334,1095,4.325962731941954,4.884998811179259,27.95804130552086,27.471064922892456,36.82242297774272,38.17817366012449,-4.325962731941954,-0.03573560193083192
holdout_Re100,withheld_reynolds,Nuavg,random_rejection,0.9,0.9001736111111112,1037,4.326222778485113,4.8837518202531225,27.976906953387804,27.471064922892456,36.82153497315259,38.17817366012449,-4.326222778485113,-0.03461579795210934
holdout_Re100,withheld_reynolds,Nuavg,random_rejection,0.8,0.8003472222222222,922,4.327563435439898,4.88666489168338,27.970492377976765,27.500694409825492,36.773235911966204,38.17817366012449,-4.327563435439898,-0.03660407708439117
holdout_Re100,withheld_reynolds,Nuavg,random_rejection,0.7,0.7005208333333334,807,4.329865484197491,4.885110271650266,28.00507610970147,27.50416190094171,36.771048831412436,38.17817366012449,-4.329865484197491,-0.04096987799568752
holdout_Re100,withheld_reynolds,DelP_Pa,U_only,0.95,0.9505208333333334,1095,95.1679739840809,170.39896033337175,76.80772999068377,76.84518692704619,78.19518538584909,79.18251535266954,-95.1679739840809,0.17299105799940118
holdout_Re100,withheld_reynolds,DelP_Pa,U_only,0.9,0.9001736111111112,1037,91.02026375109972,165.74754888189096,76.83360916855585,76.87140157499974,78.17989501609763,79.18251535266954,-91.02026375109972,0.18521244690599292
holdout_Re100,withheld_reynolds,DelP_Pa,U_only,0.8,0.8003472222222222,922,82.26250881735398,153.57811052990297,76.88458252794811,76.9043545436065,78.1879944763237,79.18251535266954,-82.26250881735398,0.2020889033837856
holdout_Re100,withheld_reynolds,DelP_Pa,U_only,0.7,0.7005208333333334,807,76.46590558593168,146.05456183970728,76.91178594771327,76.9264855977225,78.18413284422398,79.18251535266954,-76.46590558593168,0.21605136485861842
holdout_Re100,withheld_reynolds,DelP_Pa,D_only,0.95,0.9505208333333334,1095,95.85087134808593,171.41880713841718,76.78124080550486,76.81663803054973,78.17710654080888,79.18251535266954,-95.85087134808593,0.1716251383789229
holdout_Re100,withheld_reynolds,DelP_Pa,D_only,0.9,0.9001736111111112,1037,97.98540318260721,174.71516780417215,76.71523457143442,76.76350603528617,78.11792987101212,79.18251535266954,-97.98540318260721,0.16932444170787242
holdout_Re100,withheld_reynolds,DelP_Pa,D_only,0.8,0.8003472222222222,922,94.7576423515433,171.15193224546354,76.66685793937987,76.74091018795521,77.87662986461625,78.29966852318425,-94.7576423515433,0.17914534694333162
holdout_Re100,withheld_reynolds,DelP_Pa,D_only,0.7,0.7005208333333334,807,95.11323094675386,171.55971842926763,76.65524569669137,76.72412392034,77.84824133171573,78.29966852318425,-95.11323094675386,0.17798044205733088
holdout_Re100,withheld_reynolds,DelP_Pa,V_only,0.95,0.9505208333333334,1095,95.85087134808595,171.41880713841718,76.78124080550486,76.81663803054973,78.17710654080888,79.18251535266954,-95.85087134808595,0.1716251383789228
holdout_Re100,withheld_reynolds,DelP_Pa,V_only,0.9,0.9001736111111112,1037,97.98540318260723,174.71516780417215,76.71523457143441,76.76350603528617,78.11792987101212,79.18251535266954,-97.98540318260723,0.1693244417078723
holdout_Re100,withheld_reynolds,DelP_Pa,V_only,0.8,0.8003472222222222,922,94.75764235154331,171.15193224546354,76.66685793937985,76.74091018795521,77.87662986461625,78.29966852318425,-94.75764235154331,0.17914534694333173
holdout_Re100,withheld_reynolds,DelP_Pa,V_only,0.7,0.7005208333333334,807,93.06027689019722,168.87893269778806,76.65190115054286,76.7181114378731,77.84627521712328,78.29966852318425,-93.06027689019722,0.18239392212265992
holdout_Re100,withheld_reynolds,DelP_Pa,U_plus_D,0.95,0.9505208333333334,1095,95.19787684937737,170.3436516342628,76.80515454449478,76.84405292332362,78.19005558815465,79.18251535266954,-95.19787684937737,0.17259403991933087
holdout_Re100,withheld_reynolds,DelP_Pa,U_plus_D,0.9,0.9001736111111112,1037,91.17551962838327,165.91000649070764,76.83228251664397,76.87076861427339,78.17989501609763,79.18251535266954,-91.17551962838327,0.18473099227276668
holdout_Re100,withheld_reynolds,DelP_Pa,U_plus_D,0.8,0.8003472222222222,922,82.52804247931196,153.78431672534373,76.88106811251735,76.90399821939974,78.1879944763237,79.18251535266954,-82.52804247931196,0.20090587300393048
holdout_Re100,withheld_reynolds,DelP_Pa,U_plus_D,0.7,0.7005208333333334,807,75.62920731114697,144.66958370686925,76.91023175374539,76.9268690925067,78.16612928317775,79.18251535266954,-75.62920731114697,0.21706965202230222
holdout_Re100,withheld_reynolds,DelP_Pa,U_plus_V,0.95,0.9505208333333334,1095,95.1679739840809,170.39896033337175,76.80772999068377,76.84518692704619,78.19518538584909,79.18251535266954,-95.1679739840809,0.17299105799940118
holdout_Re100,withheld_reynolds,DelP_Pa,U_plus_V,0.9,0.9001736111111112,1037,91.02026375109972,165.74754888189096,76.83360916855585,76.87140157499974,78.17989501609763,79.18251535266954,-91.02026375109972,0.18521244690599292
holdout_Re100,withheld_reynolds,DelP_Pa,U_plus_V,0.8,0.8003472222222222,922,82.26250881735398,153.57811052990297,76.88458252794811,76.9043545436065,78.1879944763237,79.18251535266954,-82.26250881735398,0.2020889033837856
holdout_Re100,withheld_reynolds,DelP_Pa,U_plus_V,0.7,0.7005208333333334,807,76.46590558593168,146.05456183970728,76.91178594771327,76.9264855977225,78.18413284422398,79.18251535266954,-76.46590558593168,0.21605136485861842
holdout_Re100,withheld_reynolds,DelP_Pa,D_plus_V,0.95,0.9505208333333334,1095,95.85087134808593,171.41880713841718,76.78124080550486,76.81663803054973,78.17710654080888,79.18251535266954,-95.85087134808593,0.1716251383789229
holdout_Re100,withheld_reynolds,DelP_Pa,D_plus_V,0.9,0.9001736111111112,1037,97.98540318260721,174.71516780417215,76.71523457143442,76.76350603528617,78.11792987101212,79.18251535266954,-97.98540318260721,0.16932444170787242
holdout_Re100,withheld_reynolds,DelP_Pa,D_plus_V,0.8,0.8003472222222222,922,94.7576423515433,171.15193224546354,76.66685793937987,76.74091018795521,77.87662986461625,78.29966852318425,-94.7576423515433,0.17914534694333162
holdout_Re100,withheld_reynolds,DelP_Pa,D_plus_V,0.7,0.7005208333333334,807,95.11323094675386,171.55971842926763,76.65524569669137,76.72412392034,77.84824133171573,78.29966852318425,-95.11323094675386,0.17798044205733088
holdout_Re100,withheld_reynolds,DelP_Pa,U_plus_D_plus_V,0.95,0.9505208333333334,1095,95.19787684937737,170.3436516342628,76.80515454449478,76.84405292332362,78.19005558815465,79.18251535266954,-95.19787684937737,0.17259403991933087
holdout_Re100,withheld_reynolds,DelP_Pa,U_plus_D_plus_V,0.9,0.9001736111111112,1037,91.17551962838327,165.91000649070764,76.83228251664397,76.87076861427339,78.17989501609763,79.18251535266954,-91.17551962838327,0.18473099227276668
holdout_Re100,withheld_reynolds,DelP_Pa,U_plus_D_plus_V,0.8,0.8003472222222222,922,82.52804247931196,153.78431672534373,76.88106811251735,76.90399821939974,78.1879944763237,79.18251535266954,-82.52804247931196,0.20090587300393048
holdout_Re100,withheld_reynolds,DelP_Pa,U_plus_D_plus_V,0.7,0.7005208333333334,807,75.62920731114697,144.66958370686925,76.91023175374539,76.9268690925067,78.16612928317775,79.18251535266954,-75.62920731114697,0.21706965202230222
holdout_Re100,withheld_reynolds,DelP_Pa,U_2D_plus_V,0.95,0.9505208333333334,1095,95.05667880903215,170.1944505627421,76.80647916712105,76.84518692704619,78.19484462563074,79.18251535266954,-95.05667880903215,0.17305793678191272
holdout_Re100,withheld_reynolds,DelP_Pa,U_2D_plus_V,0.9,0.9001736111111112,1037,91.21348219093015,165.92469112388156,76.83002819940282,76.8668807338819,78.17989501609763,79.18251535266954,-91.21348219093015,0.1844964437400427
holdout_Re100,withheld_reynolds,DelP_Pa,U_2D_plus_V,0.8,0.8003472222222222,922,85.06185806120286,158.02539758064708,76.86907308034965,76.89452105244231,78.18625175828716,79.18251535266954,-85.06185806120286,0.19898849902681448
holdout_Re100,withheld_reynolds,DelP_Pa,U_2D_plus_V,0.7,0.7005208333333334,807,77.38250345453056,147.9433214226985,76.89891458937396,76.91482507743991,78.16563891169949,79.18251535266954,-77.38250345453056,0.21685416656139123
holdout_Re100,withheld_reynolds,DelP_Pa,conservative_U_D_V_max,0.95,0.9505208333333334,1095,95.85087134808593,171.41880713841718,76.78124080550486,76.81663803054973,78.17710654080888,79.18251535266954,-95.85087134808593,0.1716251383789228
holdout_Re100,withheld_reynolds,DelP_Pa,conservative_U_D_V_max,0.9,0.9001736111111112,1037,97.98540318260723,174.71516780417215,76.71523457143441,76.76350603528617,78.11792987101212,79.18251535266954,-97.98540318260723,0.1693244417078723
holdout_Re100,withheld_reynolds,DelP_Pa,conservative_U_D_V_max,0.8,0.8003472222222222,922,94.7576423515433,171.15193224546354,76.66685793937987,76.74091018795521,77.87662986461625,78.29966852318425,-94.7576423515433,0.17914534694333184
holdout_Re100,withheld_reynolds,DelP_Pa,conservative_U_D_V_max,0.7,0.7005208333333334,807,95.1097140731516,171.55812680859188,76.6558171168058,76.72412392034,77.84824133171573,78.29966852318425,-95.1097140731516,0.1780012786243229
holdout_Re100,withheld_reynolds,DelP_Pa,oracle_error_rank,0.95,0.9505208333333334,1095,101.61826192197074,178.88258505873637,76.67271475139225,76.74487528726581,78.02785510168707,78.19517537805359,-101.61826192197074,0.15912518836547218
holdout_Re100,withheld_reynolds,DelP_Pa,oracle_error_rank,0.9,0.9001736111111112,1037,105.21833191638164,183.57785927584075,76.59198698323556,76.69134281800318,77.68816637168922,78.00426822386764,-105.21833191638164,0.15170352141929255
holdout_Re100,withheld_reynolds,DelP_Pa,oracle_error_rank,0.8,0.8003472222222222,922,115.00909490809518,194.42091760570057,76.45729022087076,76.61293706212933,77.32734846041897,77.46348547482899,-115.00909490809518,0.123634091971494
holdout_Re100,withheld_reynolds,DelP_Pa,oracle_error_rank,0.7,0.7005208333333334,807,126.90762897511232,207.35571290414654,76.33387492921744,76.49144577847777,77.13612503502102,77.19164733743578,-126.90762897511232,0.08897335054724642
holdout_Re100,withheld_reynolds,DelP_Pa,random_rejection,0.95,0.9505208333333334,1095,97.40517726986465,173.3181501443701,76.76516097674813,76.78958682996215,78.18709204695996,79.18251535266954,-97.40517726986465,0.16783787657339566
holdout_Re100,withheld_reynolds,DelP_Pa,random_rejection,0.9,0.9001736111111112,1037,98.13422916022067,175.02574304989562,76.76039156984702,76.78940584228233,78.17989501609763,79.18251535266954,-98.13422916022067,0.16961224149281673
holdout_Re100,withheld_reynolds,DelP_Pa,random_rejection,0.8,0.8003472222222222,922,96.63793027860807,172.59311892682,76.76929305573782,76.79680461238992,78.19589887787401,79.18251535266954,-96.63793027860807,0.17075859308753294
holdout_Re100,withheld_reynolds,DelP_Pa,random_rejection,0.7,0.7005208333333334,807,96.85928675032095,173.60935909417822,76.77708840271491,76.79028796132313,78.23611468179651,79.18251535266954,-96.85928675032095,0.1733581413736357
holdout_Re250,withheld_reynolds,Nuavg,U_only,0.95,0.9505208333333334,1095,4.85120810769277,5.49394613941991,23.86490158044934,23.438163739194653,29.916234575079034,42.915886636709295,-4.85120810769277,0.4242015964424931
holdout_Re250,withheld_reynolds,Nuavg,U_only,0.9,0.9001736111111112,1037,4.862504283211248,5.479736317975538,23.871397167189784,23.46408587707557,29.883418226293482,40.611019147435144,-4.862504283211248,0.42838320719501966
holdout_Re250,withheld_reynolds,Nuavg,U_only,0.8,0.8003472222222222,922,4.967046525745847,5.583989511800833,23.9633920133755,23.614789155972527,29.84801342839626,40.28059884250877,-4.967046525745847,0.42573366042127325
holdout_Re250,withheld_reynolds,Nuavg,U_only,0.7,0.7005208333333334,807,5.029297552609355,5.628985519683443,24.041519130324133,23.811728617084473,29.790903035603048,39.97652931040636,-5.029297552609355,0.41838113205778593
holdout_Re250,withheld_reynolds,Nuavg,D_only,0.95,0.9505208333333334,1095,4.826722856357522,5.482804377457415,23.8031524949504,23.39659020501001,29.8130394353558,43.218916105414245,-4.826722856357522,0.4227764707893643
holdout_Re250,withheld_reynolds,Nuavg,D_only,0.9,0.9001736111111112,1037,4.754539462720233,5.4063372406357075,23.695663830316068,23.301621636088896,29.330957992947024,43.218916105414245,-4.754539462720233,0.4236804607042678
holdout_Re250,withheld_reynolds,Nuavg,D_only,0.8,0.8003472222222222,922,4.588688457306968,5.143880921652235,23.343433652544082,23.16699847984203,28.712263721730174,42.87689653750809,-4.588688457306968,0.44020472916787623
holdout_Re250,withheld_reynolds,Nuavg,D_only,0.7,0.7005208333333334,807,4.584932581942911,5.132648131463819,23.299663628012922,23.020368102160678,28.684132633397606,42.87689653750809,-4.584932581942911,0.43566499374179635
holdout_Re250,withheld_reynolds,Nuavg,V_only,0.95,0.9505208333333334,1095,4.903330808764593,5.605746411052642,23.86917451925624,23.385887359481274,29.857680982435554,43.218916105414245,-4.903330808764593,0.42172813966690625
holdout_Re250,withheld_reynolds,Nuavg,V_only,0.9,0.9001736111111112,1037,4.887457371866783,5.59975508620681,23.774826320704797,23.32830394481949,29.53593923933135,43.218916105414245,-4.887457371866783,0.43734393431242735
holdout_Re250,withheld_reynolds,Nuavg,V_only,0.8,0.8003472222222222,922,5.026940091097949,5.7345194813573865,24.160474786887303,23.51067524566255,29.87996151572474,43.218916105414245,-5.026940091097949,0.39732873343165676
holdout_Re250,withheld_reynolds,Nuavg,V_only,0.7,0.7005208333333334,807,5.128770906743802,5.867607262094272,24.373348841597544,23.82087965861588,29.94225215770553,43.218916105414245,-5.128770906743802,0.40178450983704306
holdout_Re250,withheld_reynolds,Nuavg,U_plus_D,0.95,0.9505208333333334,1095,4.841874376571864,5.478703753875427,23.82197561140188,23.398382461728815,29.83996265339014,42.915886636709295,-4.841874376571864,0.4280721742268736
holdout_Re250,withheld_reynolds,Nuavg,U_plus_D,0.9,0.9001736111111112,1037,4.811328996981674,5.428531960558209,23.728868189797396,23.373965422107197,29.444028507690064,42.87689653750809,-4.811328996981674,0.4356618889274334
holdout_Re250,withheld_reynolds,Nuavg,U_plus_D,0.8,0.8003472222222222,922,4.726024946342683,5.30013728904835,23.56264448569603,23.296638819965402,28.81726288874772,39.139046010237294,-4.726024946342683,0.43899783608156406
holdout_Re250,withheld_reynolds,Nuavg,U_plus_D,0.7,0.7005208333333334,807,4.659301108746723,5.224952959851704,23.381905681547142,23.158674117099324,28.752243779684168,39.139046010237294,-4.659301108746723,0.4457848882208506
holdout_Re250,withheld_reynolds,Nuavg,U_plus_V,0.95,0.9505208333333334,1095,4.85120810769277,5.49394613941991,23.86490158044934,23.438163739194653,29.916234575079034,42.915886636709295,-4.85120810769277,0.4242015964424931
holdout_Re250,withheld_reynolds,Nuavg,U_plus_V,0.9,0.9001736111111112,1037,4.862504283211248,5.479736317975538,23.871397167189784,23.46408587707557,29.883418226293482,40.611019147435144,-4.862504283211248,0.42838320719501966
holdout_Re250,withheld_reynolds,Nuavg,U_plus_V,0.8,0.8003472222222222,922,4.967046525745847,5.583989511800833,23.9633920133755,23.614789155972527,29.84801342839626,40.28059884250877,-4.967046525745847,0.42573366042127325
holdout_Re250,withheld_reynolds,Nuavg,U_plus_V,0.7,0.7005208333333334,807,5.029297552609355,5.628985519683443,24.041519130324133,23.811728617084473,29.790903035603048,39.97652931040636,-5.029297552609355,0.41838113205778593
holdout_Re250,withheld_reynolds,Nuavg,D_plus_V,0.95,0.9505208333333334,1095,4.826722856357522,5.482804377457415,23.8031524949504,23.39659020501001,29.8130394353558,43.218916105414245,-4.826722856357522,0.4227764707893643
holdout_Re250,withheld_reynolds,Nuavg,D_plus_V,0.9,0.9001736111111112,1037,4.754539462720233,5.4063372406357075,23.695663830316068,23.301621636088896,29.330957992947024,43.218916105414245,-4.754539462720233,0.4236804607042678
holdout_Re250,withheld_reynolds,Nuavg,D_plus_V,0.8,0.8003472222222222,922,4.588688457306968,5.143880921652235,23.343433652544082,23.16699847984203,28.712263721730174,42.87689653750809,-4.588688457306968,0.44020472916787623
holdout_Re250,withheld_reynolds,Nuavg,D_plus_V,0.7,0.7005208333333334,807,4.584932581942911,5.132648131463819,23.299663628012922,23.020368102160678,28.684132633397606,42.87689653750809,-4.584932581942911,0.43566499374179635
holdout_Re250,withheld_reynolds,Nuavg,U_plus_D_plus_V,0.95,0.9505208333333334,1095,4.841874376571864,5.478703753875427,23.82197561140188,23.398382461728815,29.83996265339014,42.915886636709295,-4.841874376571864,0.4280721742268736
holdout_Re250,withheld_reynolds,Nuavg,U_plus_D_plus_V,0.9,0.9001736111111112,1037,4.811328996981674,5.428531960558209,23.728868189797396,23.373965422107197,29.444028507690064,42.87689653750809,-4.811328996981674,0.4356618889274334
holdout_Re250,withheld_reynolds,Nuavg,U_plus_D_plus_V,0.8,0.8003472222222222,922,4.726024946342683,5.30013728904835,23.56264448569603,23.296638819965402,28.81726288874772,39.139046010237294,-4.726024946342683,0.43899783608156406
holdout_Re250,withheld_reynolds,Nuavg,U_plus_D_plus_V,0.7,0.7005208333333334,807,4.659301108746723,5.224952959851704,23.381905681547142,23.158674117099324,28.752243779684168,39.139046010237294,-4.659301108746723,0.4457848882208506
holdout_Re250,withheld_reynolds,Nuavg,U_2D_plus_V,0.95,0.9505208333333334,1095,4.851513133937888,5.499443582345522,23.837496767563184,23.41003423378901,29.83996265339014,43.218916105414245,-4.851513133937888,0.4262408640848425
holdout_Re250,withheld_reynolds,Nuavg,U_2D_plus_V,0.9,0.9001736111111112,1037,4.790930057133497,5.41076198418207,23.70501766417382,23.35459158008431,29.330957992947024,42.915886636709295,-4.790930057133497,0.43121307525062635
holdout_Re250,withheld_reynolds,Nuavg,U_2D_plus_V,0.8,0.8003472222222222,922,4.686449535692591,5.264996954116483,23.48643389366216,23.231491752296606,28.81643273068073,42.87689653750809,-4.686449535692591,0.4379130489550698
holdout_Re250,withheld_reynolds,Nuavg,U_2D_plus_V,0.7,0.7005208333333334,807,4.610056067371014,5.162451833678577,23.320452129518127,23.07126445653153,28.62049404446249,39.139046010237294,-4.610056067371014,0.44556101522997904
holdout_Re250,withheld_reynolds,Nuavg,conservative_U_D_V_max,0.95,0.9505208333333334,1095,4.826460780140776,5.485975246453809,23.80400770028581,23.3863092098299,29.827872140548227,43.218916105414245,-4.826460780140776,0.42421944568421555
holdout_Re250,withheld_reynolds,Nuavg,conservative_U_D_V_max,0.9,0.9001736111111112,1037,4.745949984151165,5.400577117377359,23.67613471769339,23.288375631023943,29.330957992947024,43.218916105414245,-4.745949984151165,0.42684971997211607
holdout_Re250,withheld_reynolds,Nuavg,conservative_U_D_V_max,0.8,0.8003472222222222,922,4.59792303874746,5.15871540998839,23.363784445135714,23.16699847984203,28.75091377041788,42.87689653750809,-4.59792303874746,0.43998115428288365
holdout_Re250,withheld_reynolds,Nuavg,conservative_U_D_V_max,0.7,0.7005208333333334,807,4.596093268024582,5.145112589681767,23.303040050823867,23.008013283359407,28.62049404446249,42.87689653750809,-4.596093268024582,0.4357283138308081
holdout_Re250,withheld_reynolds,Nuavg,oracle_error_rank,0.95,0.9505208333333334,1095,4.573720732696394,5.089770394188112,23.363251104670763,23.29129554852171,28.56620551560054,30.23004403637551,-4.573720732696394,0.4546957665172475
holdout_Re250,withheld_reynolds,Nuavg,oracle_error_rank,0.9,0.9001736111111112,1037,4.330699171253524,4.778076999417125,23.03558754755076,22.973071528814447,28.07558332234644,28.562208063257923,-4.330699171253524,0.44662228343012733
holdout_Re250,withheld_reynolds,Nuavg,oracle_error_rank,0.8,0.8003472222222222,922,3.907101924393131,4.250721081387671,22.419373421300513,22.380975388351985,27.081179457443103,27.463468349969045,-3.907101924393131,0.4311705109866014
holdout_Re250,withheld_reynolds,Nuavg,oracle_error_rank,0.7,0.7005208333333334,807,3.5466260238628555,3.8236667966546682,21.78179116735148,21.92390641371534,25.771871944645454,26.21647229339078,-3.5466260238628555,0.4549289150354291
holdout_Re250,withheld_reynolds,Nuavg,random_rejection,0.95,0.9505208333333334,1095,4.904564676483016,5.587023824206485,23.981500031450736,23.539626417726755,30.017954470334573,43.218916105414245,-4.904564676483016,0.41431062455154255
holdout_Re250,withheld_reynolds,Nuavg,random_rejection,0.9,0.9001736111111112,1037,4.909605652268942,5.598093748868026,24.001197191826503,23.539626417726755,29.993379164285646,43.218916105414245,-4.909605652268942,0.4137317670450761
holdout_Re250,withheld_reynolds,Nuavg,random_rejection,0.8,0.8003472222222222,922,4.886243312531179,5.5607036596572,23.932057170568235,23.51067524566255,29.88870460497157,43.218916105414245,-4.886243312531179,0.4171985417162035
holdout_Re250,withheld_reynolds,Nuavg,random_rejection,0.7,0.7005208333333334,807,4.8789806436512695,5.542805959431175,23.935122494894117,23.506510817804525,29.791092298222363,43.218916105414245,-4.8789806436512695,0.4152883641219135
holdout_Re250,withheld_reynolds,DelP_Pa,U_only,0.95,0.9505208333333334,1095,222.82443824954376,382.6027988727635,65.12370155669694,65.36291404558492,68.98356823159048,69.62070472682804,-222.82443824954376,0.4275907604755548
holdout_Re250,withheld_reynolds,DelP_Pa,U_only,0.9,0.9001736111111112,1037,227.69754603858433,391.5065630848393,65.11907133295814,65.38399203688789,69.05644974818492,69.62070472682804,-227.69754603858433,0.42843265184013224
holdout_Re250,withheld_reynolds,DelP_Pa,U_only,0.8,0.8003472222222222,922,238.787217061346,408.25494254817613,65.02751096075774,65.3740845551379,68.92150755760115,69.62070472682804,-238.787217061346,0.42536579483382386
holdout_Re250,withheld_reynolds,DelP_Pa,U_only,0.7,0.7005208333333334,807,247.25752911540397,421.5401349449113,65.00795824166437,65.40202500702449,68.5108927309822,69.62070472682804,-247.25752911540397,0.4236410718075342
holdout_Re250,withheld_reynolds,DelP_Pa,D_only,0.95,0.9505208333333334,1095,216.82425297036326,370.2623236250903,65.13649377482754,65.34680383476463,68.95421174431277,69.6077487451575,-216.82425297036326,0.4240659659566115
holdout_Re250,withheld_reynolds,DelP_Pa,D_only,0.9,0.9001736111111112,1037,211.8259582160084,361.56810895472523,65.17909015113578,65.3816989534037,68.91907954406639,69.6010681549836,-211.8259582160084,0.4238923687497208
holdout_Re250,withheld_reynolds,DelP_Pa,D_only,0.8,0.8003472222222222,922,208.63110669077113,355.35838130983797,65.16852856605495,65.40118511243628,68.55527814218249,69.56295530189284,-208.63110669077113,0.42316295599857345
holdout_Re250,withheld_reynolds,DelP_Pa,D_only,0.7,0.7005208333333334,807,207.44112851298004,352.9015851614645,65.20551534381937,65.43631373743543,68.47662584337417,69.56295530189284,-207.44112851298004,0.4229202867552264
holdout_Re250,withheld_reynolds,DelP_Pa,V_only,0.95,0.9505208333333334,1095,215.87544855102752,369.9328644391407,65.15492153110723,65.37654017824127,68.92389494433962,69.62070472682804,-215.87544855102752,0.4264394501769273
holdout_Re250,withheld_reynolds,DelP_Pa,V_only,0.9,0.9001736111111112,1037,219.5391649206184,376.49578446695307,64.9866785364518,65.21312485272043,68.37217069882811,69.6077487451575,-219.5391649206184,0.4267873525525615
holdout_Re250,withheld_reynolds,DelP_Pa,V_only,0.8,0.8003472222222222,922,211.34169599377609,367.55400766526054,64.85329276189007,65.15940972117704,67.65167492687279,69.31177115625658,-211.34169599377609,0.43593858201528
holdout_Re250,withheld_reynolds,DelP_Pa,V_only,0.7,0.7005208333333334,807,207.42495200481622,362.46044316566065,64.79105236787686,65.08620249523217,67.62110102386133,69.31177115625658,-207.42495200481622,0.43867052957014385
holdout_Re250,withheld_reynolds,DelP_Pa,U_plus_D,0.95,0.9505208333333334,1095,222.80513802218357,381.19003292774676,65.11931734010204,65.33826572542004,68.97300495582762,69.62070472682804,-222.80513802218357,0.4256339658239352
holdout_Re250,withheld_reynolds,DelP_Pa,U_plus_D,0.9,0.9001736111111112,1037,223.80368687677316,382.97444641817253,65.13442518540778,65.38399203688789,68.92315310461646,69.62070472682804,-223.80368687677316,0.42600010096078356
holdout_Re250,withheld_reynolds,DelP_Pa,U_plus_D,0.8,0.8003472222222222,922,218.48533022092352,374.76915445850057,65.13074743246597,65.39422319288181,68.65308574252266,69.6010681549836,-218.48533022092352,0.4278730098355742
holdout_Re250,withheld_reynolds,DelP_Pa,U_plus_D,0.7,0.7005208333333334,807,218.28453497460737,375.82599897194217,65.14722249508085,65.41909301231813,68.47353593706285,69.57009486658156,-218.28453497460737,0.43011587677872254
holdout_Re250,withheld_reynolds,DelP_Pa,U_plus_V,0.95,0.9505208333333334,1095,222.82443824954376,382.6027988727635,65.12370155669694,65.36291404558492,68.98356823159048,69.62070472682804,-222.82443824954376,0.4275907604755548
holdout_Re250,withheld_reynolds,DelP_Pa,U_plus_V,0.9,0.9001736111111112,1037,227.69754603858433,391.5065630848393,65.11907133295814,65.38399203688789,69.05644974818492,69.62070472682804,-227.69754603858433,0.42843265184013224
holdout_Re250,withheld_reynolds,DelP_Pa,U_plus_V,0.8,0.8003472222222222,922,238.787217061346,408.25494254817613,65.02751096075774,65.3740845551379,68.92150755760115,69.62070472682804,-238.787217061346,0.42536579483382386
holdout_Re250,withheld_reynolds,DelP_Pa,U_plus_V,0.7,0.7005208333333334,807,247.25752911540397,421.5401349449113,65.00795824166437,65.40202500702449,68.5108927309822,69.62070472682804,-247.25752911540397,0.4236410718075342
holdout_Re250,withheld_reynolds,DelP_Pa,D_plus_V,0.95,0.9505208333333334,1095,216.82425297036326,370.2623236250903,65.13649377482754,65.34680383476463,68.95421174431277,69.6077487451575,-216.82425297036326,0.4240659659566115
holdout_Re250,withheld_reynolds,DelP_Pa,D_plus_V,0.9,0.9001736111111112,1037,211.8259582160084,361.56810895472523,65.17909015113578,65.3816989534037,68.91907954406639,69.6010681549836,-211.8259582160084,0.4238923687497208
holdout_Re250,withheld_reynolds,DelP_Pa,D_plus_V,0.8,0.8003472222222222,922,208.63110669077113,355.35838130983797,65.16852856605495,65.40118511243628,68.55527814218249,69.56295530189284,-208.63110669077113,0.42316295599857345
holdout_Re250,withheld_reynolds,DelP_Pa,D_plus_V,0.7,0.7005208333333334,807,207.44112851298004,352.9015851614645,65.20551534381937,65.43631373743543,68.47662584337417,69.56295530189284,-207.44112851298004,0.4229202867552264
holdout_Re250,withheld_reynolds,DelP_Pa,U_plus_D_plus_V,0.95,0.9505208333333334,1095,222.80513802218357,381.19003292774676,65.11931734010204,65.33826572542004,68.97300495582762,69.62070472682804,-222.80513802218357,0.4256339658239352
holdout_Re250,withheld_reynolds,DelP_Pa,U_plus_D_plus_V,0.9,0.9001736111111112,1037,223.80368687677316,382.97444641817253,65.13442518540778,65.38399203688789,68.92315310461646,69.62070472682804,-223.80368687677316,0.42600010096078356
holdout_Re250,withheld_reynolds,DelP_Pa,U_plus_D_plus_V,0.8,0.8003472222222222,922,218.48533022092352,374.76915445850057,65.13074743246597,65.39422319288181,68.65308574252266,69.6010681549836,-218.48533022092352,0.4278730098355742
holdout_Re250,withheld_reynolds,DelP_Pa,U_plus_D_plus_V,0.7,0.7005208333333334,807,218.28453497460737,375.82599897194217,65.14722249508085,65.41909301231813,68.47353593706285,69.57009486658156,-218.28453497460737,0.43011587677872254
holdout_Re250,withheld_reynolds,DelP_Pa,U_2D_plus_V,0.95,0.9505208333333334,1095,220.28953559276977,377.362900003611,65.13316711922798,65.35654468296964,68.97012056915749,69.62070472682804,-220.28953559276977,0.42634523371592403
holdout_Re250,withheld_reynolds,DelP_Pa,U_2D_plus_V,0.9,0.9001736111111112,1037,219.31343969178943,374.88275901308026,65.1553860800342,65.3816989534037,68.92315310461646,69.6077487451575,-219.31343969178943,0.4253448569584759
holdout_Re250,withheld_reynolds,DelP_Pa,U_2D_plus_V,0.8,0.8003472222222222,922,216.11517724834192,369.2340116472028,65.16335343786565,65.40165637387435,68.65308574252266,69.6010681549836,-216.11517724834192,0.42513362049227077
holdout_Re250,withheld_reynolds,DelP_Pa,U_2D_plus_V,0.7,0.7005208333333334,807,210.60842412890554,360.89965739766075,65.18450526435811,65.42358116811073,68.4926612622894,69.56295530189284,-210.60842412890554,0.42711882086902864
holdout_Re250,withheld_reynolds,DelP_Pa,conservative_U_D_V_max,0.95,0.9505208333333334,1095,218.39267477817637,373.07819667233434,65.12700360272017,65.32079712232756,68.95421174431277,69.6077487451575,-218.39267477817637,0.4244553539274374
holdout_Re250,withheld_reynolds,DelP_Pa,conservative_U_D_V_max,0.9,0.9001736111111112,1037,212.70368153313188,363.2231522014326,65.16123860995842,65.36291404558492,68.91907954406639,69.6010681549836,-212.70368153313188,0.4242955487089427
holdout_Re250,withheld_reynolds,DelP_Pa,conservative_U_D_V_max,0.8,0.8003472222222222,922,209.92702550418255,357.44635008700624,65.16638067110108,65.3995524529318,68.55527814218249,69.56295530189284,-209.92702550418255,0.4230758436746631
holdout_Re250,withheld_reynolds,DelP_Pa,conservative_U_D_V_max,0.7,0.7005208333333334,807,208.32504384501013,355.1063952829686,65.20483373097493,65.43631373743543,68.47662584337417,69.56295530189284,-208.32504384501013,0.4242669844283161
holdout_Re250,withheld_reynolds,DelP_Pa,oracle_error_rank,0.95,0.9505208333333334,1095,226.17722251258505,385.4408221883252,64.91299748495206,65.1860577991439,68.12290236617244,68.98347131614716,-226.17722251258505,0.4224290547951849
holdout_Re250,withheld_reynolds,DelP_Pa,oracle_error_rank,0.9,0.9001736111111112,1037,234.34174651376568,395.5955677079204,64.709360741429,65.07111265043967,67.4813915709445,68.04786951787298,-234.34174651376568,0.4162857690357338
holdout_Re250,withheld_reynolds,DelP_Pa,oracle_error_rank,0.8,0.8003472222222222,922,252.23671734591517,418.04457793605854,64.37071473940571,64.77558681715828,66.78910887528828,67.05992306222025,-252.23671734591517,0.40374825180266705
holdout_Re250,withheld_reynolds,DelP_Pa,oracle_error_rank,0.7,0.7005208333333334,807,274.7805041114584,444.34356134639165,64.02955114540259,64.43675523801467,66.09345359261425,66.49384276810864,-274.7805041114584,0.38597808025722435
holdout_Re250,withheld_reynolds,DelP_Pa,random_rejection,0.95,0.9505208333333334,1095,219.22585106177866,374.1869842946001,65.11572883252934,65.29697827175563,68.95421174431277,69.62070472682804,-219.22585106177866,0.4238462518126296
holdout_Re250,withheld_reynolds,DelP_Pa,random_rejection,0.9,0.9001736111111112,1037,220.672268712616,377.724091215106,65.10060268345181,65.2692208416005,68.9327642130229,69.62070472682804,-220.672268712616,0.4255502840849974
holdout_Re250,withheld_reynolds,DelP_Pa,random_rejection,0.8,0.8003472222222222,922,217.64094844457784,372.46724638069725,65.1283238567858,65.30785695896925,68.983778215051,69.62070472682804,-217.64094844457784,0.4257596489635891
holdout_Re250,withheld_reynolds,DelP_Pa,random_rejection,0.7,0.7005208333333334,807,218.00432832726102,374.5828024955746,65.13711041710762,65.2684715151642,69.06269956014468,69.62070472682804,-218.00432832726102,0.4279842209591722
holdout_Re500,withheld_reynolds,Nuavg,U_only,0.95,0.9505208333333334,1095,6.09656438833437,7.150049503418999,22.32225827587644,21.305914652681917,33.013146023954874,41.301988438859404,-6.09656438833437,0.5547753321546194
holdout_Re500,withheld_reynolds,Nuavg,U_only,0.9,0.9001736111111112,1037,6.170948666012506,7.210905299875677,22.349699040694553,21.351765389900635,32.81064570008165,41.301988438859404,-6.170948666012506,0.5490095637845016
holdout_Re500,withheld_reynolds,Nuavg,U_only,0.8,0.8003472222222222,922,6.369315705057338,7.358103337022907,22.552359995813855,21.45674515011053,32.79267444702773,41.21749175662314,-6.369315705057338,0.5246243169974516
holdout_Re500,withheld_reynolds,Nuavg,U_only,0.7,0.7005208333333334,807,6.596344417283673,7.562699997718998,22.706256521799755,21.718475657472673,33.26502413861767,41.21749175662314,-6.596344417283673,0.49757137284271746
holdout_Re500,withheld_reynolds,Nuavg,D_only,0.95,0.9505208333333334,1095,5.943284497676483,6.974321258486172,22.027524129093038,21.200317664927514,32.69628621335029,41.88269164367495,-5.943284497676483,0.5751893722026007
holdout_Re500,withheld_reynolds,Nuavg,D_only,0.9,0.9001736111111112,1037,5.786072043055623,6.779097446702757,21.620178383015755,21.011827669652885,30.77935393266055,39.550251265832834,-5.786072043055623,0.6006194301083556
holdout_Re500,withheld_reynolds,Nuavg,D_only,0.8,0.8003472222222222,922,5.894806478860321,6.901024152989948,21.641626689856235,21.02630364854661,31.71147279306425,39.550251265832834,-5.894806478860321,0.5832159015166767
holdout_Re500,withheld_reynolds,Nuavg,D_only,0.7,0.7005208333333334,807,6.054165663982707,7.11842501775736,21.90189191853837,21.145928552159905,31.931498583125368,39.550251265832834,-6.054165663982707,0.5872820031632274
holdout_Re500,withheld_reynolds,Nuavg,V_only,0.95,0.9505208333333334,1095,5.943284497676483,6.974321258486172,22.027524129093038,21.200317664927514,32.69628621335029,41.88269164367495,-5.943284497676483,0.5751893722026007
holdout_Re500,withheld_reynolds,Nuavg,V_only,0.9,0.9001736111111112,1037,5.786072043055623,6.779097446702758,21.620178383015755,21.011827669652885,30.77935393266055,39.550251265832834,-5.786072043055623,0.6006194301083556
holdout_Re500,withheld_reynolds,Nuavg,V_only,0.8,0.8003472222222222,922,5.89480647886032,6.901024152989949,21.64162668985624,21.02630364854661,31.71147279306425,39.550251265832834,-5.89480647886032,0.5832159015166766
holdout_Re500,withheld_reynolds,Nuavg,V_only,0.7,0.7005208333333334,807,6.099107320367182,7.139672670485951,22.047228543008444,21.24523554990774,31.931498583125368,39.550251265832834,-6.099107320367182,0.5787744477207355
holdout_Re500,withheld_reynolds,Nuavg,U_plus_D,0.95,0.9505208333333334,1095,6.084665185052184,7.13577975628172,22.304327585502552,21.29755351477812,32.99493401948775,41.301988438859404,-6.084665185052184,0.555957187489893
holdout_Re500,withheld_reynolds,Nuavg,U_plus_D,0.9,0.9001736111111112,1037,6.164166816659926,7.206244155231527,22.339483145347423,21.337501658959532,32.81064570008165,41.301988438859404,-6.164166816659926,0.5501454110109332
holdout_Re500,withheld_reynolds,Nuavg,U_plus_D,0.8,0.8003472222222222,922,6.323069689860314,7.317764323585796,22.4518075718387,21.417068597638497,32.73639098948736,41.21749175662314,-6.323069689860314,0.5321889350850542
holdout_Re500,withheld_reynolds,Nuavg,U_plus_D,0.7,0.7005208333333334,807,6.472811533260226,7.440291320058345,22.541616213633873,21.52286917603212,32.88168783343341,41.21749175662314,-6.472811533260226,0.5140678916281194
holdout_Re500,withheld_reynolds,Nuavg,U_plus_V,0.95,0.9505208333333334,1095,6.09656438833437,7.150049503418999,22.32225827587644,21.305914652681917,33.013146023954874,41.301988438859404,-6.09656438833437,0.5547753321546194
holdout_Re500,withheld_reynolds,Nuavg,U_plus_V,0.9,0.9001736111111112,1037,6.170948666012506,7.210905299875677,22.349699040694553,21.351765389900635,32.81064570008165,41.301988438859404,-6.170948666012506,0.5490095637845016
holdout_Re500,withheld_reynolds,Nuavg,U_plus_V,0.8,0.8003472222222222,922,6.369315705057338,7.358103337022907,22.552359995813855,21.45674515011053,32.79267444702773,41.21749175662314,-6.369315705057338,0.5246243169974516
holdout_Re500,withheld_reynolds,Nuavg,U_plus_V,0.7,0.7005208333333334,807,6.596344417283673,7.562699997718998,22.706256521799755,21.718475657472673,33.26502413861767,41.21749175662314,-6.596344417283673,0.49757137284271746
holdout_Re500,withheld_reynolds,Nuavg,D_plus_V,0.95,0.9505208333333334,1095,5.943284497676483,6.974321258486172,22.027524129093038,21.200317664927514,32.69628621335029,41.88269164367495,-5.943284497676483,0.5751893722026007
holdout_Re500,withheld_reynolds,Nuavg,D_plus_V,0.9,0.9001736111111112,1037,5.786072043055623,6.779097446702757,21.620178383015755,21.011827669652885,30.77935393266055,39.550251265832834,-5.786072043055623,0.6006194301083556
holdout_Re500,withheld_reynolds,Nuavg,D_plus_V,0.8,0.8003472222222222,922,5.894806478860321,6.901024152989948,21.641626689856235,21.02630364854661,31.71147279306425,39.550251265832834,-5.894806478860321,0.5832159015166767
holdout_Re500,withheld_reynolds,Nuavg,D_plus_V,0.7,0.7005208333333334,807,6.054165663982707,7.11842501775736,21.90189191853837,21.145928552159905,31.931498583125368,39.550251265832834,-6.054165663982707,0.5872820031632274
holdout_Re500,withheld_reynolds,Nuavg,U_plus_D_plus_V,0.95,0.9505208333333334,1095,6.084665185052184,7.13577975628172,22.304327585502552,21.29755351477812,32.99493401948775,41.301988438859404,-6.084665185052184,0.555957187489893
holdout_Re500,withheld_reynolds,Nuavg,U_plus_D_plus_V,0.9,0.9001736111111112,1037,6.164166816659926,7.206244155231527,22.339483145347423,21.337501658959532,32.81064570008165,41.301988438859404,-6.164166816659926,0.5501454110109332
holdout_Re500,withheld_reynolds,Nuavg,U_plus_D_plus_V,0.8,0.8003472222222222,922,6.323069689860314,7.317764323585796,22.4518075718387,21.417068597638497,32.73639098948736,41.21749175662314,-6.323069689860314,0.5321889350850542
holdout_Re500,withheld_reynolds,Nuavg,U_plus_D_plus_V,0.7,0.7005208333333334,807,6.472811533260226,7.440291320058345,22.541616213633873,21.52286917603212,32.88168783343341,41.21749175662314,-6.472811533260226,0.5140678916281194
holdout_Re500,withheld_reynolds,Nuavg,U_2D_plus_V,0.95,0.9505208333333334,1095,6.0842920172077335,7.135631740334818,22.29983153770041,21.29755351477812,32.99493401948775,41.301988438859404,-6.0842920172077335,0.5558460716183796
holdout_Re500,withheld_reynolds,Nuavg,U_2D_plus_V,0.9,0.9001736111111112,1037,6.157560846702111,7.201035720345947,22.32074831917137,21.335254556527946,32.81064570008165,41.301988438859404,-6.157560846702111,0.5508656597137853
holdout_Re500,withheld_reynolds,Nuavg,U_2D_plus_V,0.8,0.8003472222222222,922,6.278031955867942,7.274880041354876,22.38143814851558,21.390571187088895,32.73639098948736,41.21749175662314,-6.278031955867942,0.537767860571243
holdout_Re500,withheld_reynolds,Nuavg,U_2D_plus_V,0.7,0.7005208333333334,807,6.410583373437288,7.393234600785574,22.426231661900026,21.44115677439062,32.84823780357037,41.21749175662314,-6.410583373437288,0.5237369783431081
holdout_Re500,withheld_reynolds,Nuavg,conservative_U_D_V_max,0.95,0.9505208333333334,1095,5.943284497676483,6.974321258486172,22.027524129093038,21.200317664927514,32.69628621335029,41.88269164367495,-5.943284497676483,0.5751893722026007
holdout_Re500,withheld_reynolds,Nuavg,conservative_U_D_V_max,0.9,0.9001736111111112,1037,5.786072043055623,6.779097446702757,21.620178383015755,21.011827669652885,30.77935393266055,39.550251265832834,-5.786072043055623,0.6006194301083556
holdout_Re500,withheld_reynolds,Nuavg,conservative_U_D_V_max,0.8,0.8003472222222222,922,5.894806478860322,6.901024152989949,21.641626689856235,21.02630364854661,31.71147279306425,39.550251265832834,-5.894806478860322,0.5832159015166767
holdout_Re500,withheld_reynolds,Nuavg,conservative_U_D_V_max,0.7,0.7005208333333334,807,6.054165663982707,7.11842501775736,21.901891918538368,21.145928552159905,31.931498583125368,39.550251265832834,-6.054165663982707,0.5872820031632274
holdout_Re500,withheld_reynolds,Nuavg,oracle_error_rank,0.95,0.9505208333333334,1095,5.519838922732279,6.305822422112632,21.54122745950493,21.07209856569948,30.372417912267096,33.038454943083714,-5.519838922732279,0.6076509030249337
holdout_Re500,withheld_reynolds,Nuavg,oracle_error_rank,0.9,0.9001736111111112,1037,5.1487354673203525,5.745333822932766,20.969915640633136,20.925327285402954,25.940028417548017,30.32041515658304,-5.1487354673203525,0.6285722098508874
holdout_Re500,withheld_reynolds,Nuavg,oracle_error_rank,0.8,0.8003472222222222,922,4.666408845632557,5.161588332045504,20.304711865097204,20.551553057080625,23.407543781990753,24.077480335916746,-4.666408845632557,0.6685190111875264
holdout_Re500,withheld_reynolds,Nuavg,oracle_error_rank,0.7,0.7005208333333334,807,4.272754777598705,4.713175733653697,19.87153785956471,20.179806585518293,22.473926049187295,22.8024923727922,-4.272754777598705,0.688331095948205
holdout_Re500,withheld_reynolds,Nuavg,random_rejection,0.95,0.9505208333333334,1095,6.018629355346122,7.083958366428113,22.24724512711402,21.26489946271296,32.99493401948775,41.88269164367495,-6.018629355346122,0.5602395529024076
holdout_Re500,withheld_reynolds,Nuavg,random_rejection,0.9,0.9001736111111112,1037,6.018304179854655,7.087629890335498,22.239073180943315,21.27217246960204,32.99388183022483,41.88269164367495,-6.018304179854655,0.5618121401582492
holdout_Re500,withheld_reynolds,Nuavg,random_rejection,0.8,0.8003472222222222,922,5.995200398352037,7.05308759303823,22.211460434316777,21.280298732665383,32.88557882192263,41.88269164367495,-5.995200398352037,0.5611083393020359
holdout_Re500,withheld_reynolds,Nuavg,random_rejection,0.7,0.7005208333333334,807,6.006625097953106,7.073096280021885,22.243424802163155,21.261185246355073,32.96015132207542,41.88269164367495,-6.006625097953106,0.5568707755515905
holdout_Re500,withheld_reynolds,DelP_Pa,U_only,0.95,0.9505208333333334,1095,438.58519254460043,717.2017413285676,58.371611881285034,59.000627473431784,62.25954880657842,63.00341610290478,-438.58519254460043,0.5511229307713966
holdout_Re500,withheld_reynolds,DelP_Pa,U_only,0.9,0.9001736111111112,1037,443.6166463455669,730.3937776721693,58.383088411049634,59.03155084098943,62.25726182514644,63.00341610290478,-443.6166463455669,0.5548071948246694
holdout_Re500,withheld_reynolds,DelP_Pa,U_only,0.8,0.8003472222222222,922,440.7909492085581,739.6124790751495,58.41781448514262,59.06355695137268,62.28360669592475,63.00341610290478,-440.7909492085581,0.5642885367061807
holdout_Re500,withheld_reynolds,DelP_Pa,U_only,0.7,0.7005208333333334,807,449.6682397434337,752.1664213953461,58.41630837992732,59.116352046501845,62.300626265267894,63.00341610290478,-449.6682397434337,0.563501532956568
holdout_Re500,withheld_reynolds,DelP_Pa,D_only,0.95,0.9505208333333334,1095,429.0694133711904,697.6824151045222,58.41216148211841,59.02081689646073,62.206277127308105,62.969861861170386,-429.0694133711904,0.5484007920709743
holdout_Re500,withheld_reynolds,DelP_Pa,D_only,0.9,0.9001736111111112,1037,434.17221366968164,708.7104658255709,58.240732150888405,58.91853226260133,61.7318821880439,62.95956329013836,-434.17221366968164,0.550505243855517
holdout_Re500,withheld_reynolds,DelP_Pa,D_only,0.8,0.8003472222222222,922,416.47030690793633,689.4992901051567,58.12808309427991,58.82660679410262,61.31583022624747,62.322402588498825,-416.47030690793633,0.5592764381163602
holdout_Re500,withheld_reynolds,DelP_Pa,D_only,0.7,0.7005208333333334,807,415.67267891183593,689.1748818948179,58.07755957151583,58.7515036516334,61.2594807262928,62.322402588498825,-415.67267891183593,0.560045761453116
holdout_Re500,withheld_reynolds,DelP_Pa,V_only,0.95,0.9505208333333334,1095,429.0694133711904,697.6824151045222,58.412161482118414,59.02081689646073,62.206277127308105,62.969861861170386,-429.0694133711904,0.5484007920709743
holdout_Re500,withheld_reynolds,DelP_Pa,V_only,0.9,0.9001736111111112,1037,434.17221366968164,708.7104658255707,58.240732150888405,58.91853226260133,61.7318821880439,62.95956329013836,-434.17221366968164,0.5505052438555171
holdout_Re500,withheld_reynolds,DelP_Pa,V_only,0.8,0.8003472222222222,922,416.47030690793633,689.4992901051567,58.12808309427991,58.82660679410262,61.31583022624747,62.322402588498825,-416.47030690793633,0.5592764381163602
holdout_Re500,withheld_reynolds,DelP_Pa,V_only,0.7,0.7005208333333334,807,408.4848062179338,679.4367182500093,58.059479124282205,58.71934539430904,61.241973016451226,62.322402588498825,-408.4848062179338,0.5618437909695625
holdout_Re500,withheld_reynolds,DelP_Pa,U_plus_D,0.95,0.9505208333333334,1095,438.5851925446005,717.2017413285676,58.371611881285034,59.000627473431784,62.25954880657842,63.00341610290478,-438.5851925446005,0.5511229307713965
holdout_Re500,withheld_reynolds,DelP_Pa,U_plus_D,0.9,0.9001736111111112,1037,443.3083960637772,729.8494933355,58.377900163724696,59.02358413673029,62.25726182514644,63.00341610290478,-443.3083960637772,0.5547938310299212
holdout_Re500,withheld_reynolds,DelP_Pa,U_plus_D,0.8,0.8003472222222222,922,437.9942169643175,733.6489706857506,58.415697837182066,59.04674587470299,62.26896215990491,63.00341610290478,-437.9942169643175,0.5634615275984016
holdout_Re500,withheld_reynolds,DelP_Pa,U_plus_D,0.7,0.7005208333333334,807,455.7146635260192,758.2136859861622,58.3635391437403,59.057872505176945,62.25349079238213,63.00341610290478,-455.7146635260192,0.5607700643019211
holdout_Re500,withheld_reynolds,DelP_Pa,U_plus_V,0.95,0.9505208333333334,1095,438.58519254460043,717.2017413285676,58.371611881285034,59.000627473431784,62.25954880657842,63.00341610290478,-438.58519254460043,0.5511229307713966
holdout_Re500,withheld_reynolds,DelP_Pa,U_plus_V,0.9,0.9001736111111112,1037,443.6166463455669,730.3937776721693,58.383088411049634,59.03155084098943,62.25726182514644,63.00341610290478,-443.6166463455669,0.5548071948246694
holdout_Re500,withheld_reynolds,DelP_Pa,U_plus_V,0.8,0.8003472222222222,922,440.7909492085581,739.6124790751495,58.41781448514262,59.06355695137268,62.28360669592475,63.00341610290478,-440.7909492085581,0.5642885367061807
holdout_Re500,withheld_reynolds,DelP_Pa,U_plus_V,0.7,0.7005208333333334,807,449.6682397434337,752.1664213953461,58.41630837992732,59.116352046501845,62.300626265267894,63.00341610290478,-449.6682397434337,0.563501532956568
holdout_Re500,withheld_reynolds,DelP_Pa,D_plus_V,0.95,0.9505208333333334,1095,429.0694133711904,697.6824151045222,58.41216148211841,59.02081689646073,62.206277127308105,62.969861861170386,-429.0694133711904,0.5484007920709743
holdout_Re500,withheld_reynolds,DelP_Pa,D_plus_V,0.9,0.9001736111111112,1037,434.17221366968164,708.7104658255709,58.240732150888405,58.91853226260133,61.7318821880439,62.95956329013836,-434.17221366968164,0.550505243855517
holdout_Re500,withheld_reynolds,DelP_Pa,D_plus_V,0.8,0.8003472222222222,922,416.47030690793633,689.4992901051567,58.12808309427991,58.82660679410262,61.31583022624747,62.322402588498825,-416.47030690793633,0.5592764381163602
holdout_Re500,withheld_reynolds,DelP_Pa,D_plus_V,0.7,0.7005208333333334,807,415.67267891183593,689.1748818948179,58.07755957151583,58.7515036516334,61.2594807262928,62.322402588498825,-415.67267891183593,0.560045761453116
holdout_Re500,withheld_reynolds,DelP_Pa,U_plus_D_plus_V,0.95,0.9505208333333334,1095,438.5851925446005,717.2017413285676,58.371611881285034,59.000627473431784,62.25954880657842,63.00341610290478,-438.5851925446005,0.5511229307713965
holdout_Re500,withheld_reynolds,DelP_Pa,U_plus_D_plus_V,0.9,0.9001736111111112,1037,443.3083960637772,729.8494933355,58.377900163724696,59.02358413673029,62.25726182514644,63.00341610290478,-443.3083960637772,0.5547938310299212
holdout_Re500,withheld_reynolds,DelP_Pa,U_plus_D_plus_V,0.8,0.8003472222222222,922,437.9942169643175,733.6489706857506,58.415697837182066,59.04674587470299,62.26896215990491,63.00341610290478,-437.9942169643175,0.5634615275984016
holdout_Re500,withheld_reynolds,DelP_Pa,U_plus_D_plus_V,0.7,0.7005208333333334,807,455.7146635260192,758.2136859861622,58.3635391437403,59.057872505176945,62.25349079238213,63.00341610290478,-455.7146635260192,0.5607700643019211
holdout_Re500,withheld_reynolds,DelP_Pa,U_2D_plus_V,0.95,0.9505208333333334,1095,438.58519254460043,717.2017413285674,58.371611881285034,59.000627473431784,62.25954880657842,63.00341610290478,-438.58519254460043,0.5511229307713967
holdout_Re500,withheld_reynolds,DelP_Pa,U_2D_plus_V,0.9,0.9001736111111112,1037,443.3083960637772,729.8494933355,58.37790016372469,59.02358413673029,62.25726182514644,63.00341610290478,-443.3083960637772,0.5547938310299212
holdout_Re500,withheld_reynolds,DelP_Pa,U_2D_plus_V,0.8,0.8003472222222222,922,438.64331381083235,733.89260043365,58.40748051106766,59.04395931203025,62.26896215990491,63.00341610290478,-438.64331381083235,0.5629092864902678
holdout_Re500,withheld_reynolds,DelP_Pa,U_2D_plus_V,0.7,0.7005208333333334,807,453.2731788327704,753.2849154118534,58.35912591912787,59.045878659749604,62.25349079238213,63.00341610290478,-453.2731788327704,0.5603183537369512
holdout_Re500,withheld_reynolds,DelP_Pa,conservative_U_D_V_max,0.95,0.9505208333333334,1095,429.0694133711904,697.6824151045222,58.41216148211841,59.02081689646073,62.206277127308105,62.969861861170386,-429.0694133711904,0.5484007920709743
holdout_Re500,withheld_reynolds,DelP_Pa,conservative_U_D_V_max,0.9,0.9001736111111112,1037,434.17221366968164,708.7104658255709,58.240732150888405,58.91853226260133,61.7318821880439,62.95956329013836,-434.17221366968164,0.550505243855517
holdout_Re500,withheld_reynolds,DelP_Pa,conservative_U_D_V_max,0.8,0.8003472222222222,922,416.47030690793633,689.4992901051567,58.12808309427991,58.82660679410262,61.31583022624747,62.322402588498825,-416.47030690793633,0.5592764381163602
holdout_Re500,withheld_reynolds,DelP_Pa,conservative_U_D_V_max,0.7,0.7005208333333334,807,415.67267891183593,689.1748818948179,58.07755957151583,58.7515036516334,61.2594807262928,62.322402588498825,-415.67267891183593,0.560045761453116
holdout_Re500,withheld_reynolds,DelP_Pa,oracle_error_rank,0.95,0.9505208333333334,1095,449.396010309827,727.0372611507046,58.15224164633519,58.877524999244415,61.51298698030162,62.25934096742257,-449.396010309827,0.5448283578472288
holdout_Re500,withheld_reynolds,DelP_Pa,oracle_error_rank,0.9,0.9001736111111112,1037,460.80125415449487,744.4305112095388,57.94064991007152,58.67244495991617,61.22921610335781,61.45168425306176,-460.80125415449487,0.5437173326140912
holdout_Re500,withheld_reynolds,DelP_Pa,oracle_error_rank,0.8,0.8003472222222222,922,495.1766397007488,786.45395971454,57.534037428127,58.27423776735526,60.659939989562645,60.9859355244619,-495.1766397007488,0.53324076639681
holdout_Re500,withheld_reynolds,DelP_Pa,oracle_error_rank,0.7,0.7005208333333334,807,540.0799177059963,836.6307689887822,57.09881033085652,57.95383657561499,59.98409280953665,60.22068324297769,-540.0799177059963,0.5169911235318049
holdout_Re500,withheld_reynolds,DelP_Pa,random_rejection,0.95,0.9505208333333334,1095,435.28953996818666,705.8592340500967,58.35829824233196,58.98245434486518,62.252464672573986,63.00341610290478,-435.28953996818666,0.5465509844380033
holdout_Re500,withheld_reynolds,DelP_Pa,random_rejection,0.9,0.9001736111111112,1037,437.7385951466142,712.1061339552275,58.34319782718082,58.97496592920234,62.23382712051076,63.00341610290478,-437.7385951466142,0.5483911570193256
holdout_Re500,withheld_reynolds,DelP_Pa,random_rejection,0.8,0.8003472222222222,922,432.5105063993972,702.4006946866947,58.380196077641116,58.99729940491218,62.259999124749434,63.00341610290478,-432.5105063993972,0.5478053261606841
holdout_Re500,withheld_reynolds,DelP_Pa,random_rejection,0.7,0.7005208333333334,807,432.83914363664775,705.9514040825358,58.38234280250792,58.979026114772964,62.279958139687224,63.00341610290478,-432.83914363664775,0.5502040562501774
holdout_G01,withheld_geometry,Nuavg,U_only,0.95,0.9505208333333334,730,0.6192725619381421,0.888932285418841,2.7393782716087,2.453847447275087,5.668157577663235,7.67584972932113,-0.6192725619381421,0.990463710348862
holdout_G01,withheld_geometry,Nuavg,U_only,0.9,0.9010416666666666,692,0.6294648905539101,0.9002686366154268,2.760500503420406,2.492105311981795,5.69268178474538,7.67584972932113,-0.6294648905539101,0.9903621150810666
holdout_G01,withheld_geometry,Nuavg,U_only,0.8,0.80078125,615,0.6625502131491561,0.9279780555408922,2.8569182770808945,2.6794990709780566,5.710235497625475,7.67584972932113,-0.6625502131491561,0.9898763554859153
holdout_G01,withheld_geometry,Nuavg,U_only,0.7,0.7005208333333334,538,0.7035953080868632,0.966572974256842,2.9593860241780137,2.8984908226813237,5.79187962478304,7.525605193249937,-0.7035953080868632,0.9894585676678251
holdout_G01,withheld_geometry,Nuavg,D_only,0.95,0.9505208333333334,730,0.6253112361918411,0.8991550851101884,2.7657477951098124,2.484039209379736,5.659511789196752,7.775578233692453,-0.6253112361918411,0.9901800649567478
holdout_G01,withheld_geometry,Nuavg,D_only,0.9,0.9010416666666666,692,0.5576164921622745,0.805437189103467,2.6195765886350646,2.3148402103220223,5.42759026691438,7.67584972932113,-0.5576164921622745,0.9907793532952907
holdout_G01,withheld_geometry,Nuavg,D_only,0.8,0.80078125,615,0.4930137362670899,0.7541541701413952,2.32550307754176,1.930556666235197,5.176294432725138,7.67584972932113,-0.4930137362670899,0.9922460881082581
holdout_G01,withheld_geometry,Nuavg,D_only,0.7,0.7005208333333334,538,0.42962809836518817,0.7078728025273593,2.0821770810194464,1.7527366680796717,4.642360887555743,7.67584972932113,-0.42962809836518817,0.992746925948549
holdout_G01,withheld_geometry,Nuavg,V_only,0.95,0.9505208333333334,730,0.6253112361918411,0.8991550851101884,2.7657477951098124,2.484039209379736,5.659511789196752,7.775578233692453,-0.6253112361918411,0.9901800649567478
holdout_G01,withheld_geometry,Nuavg,V_only,0.9,0.9010416666666666,692,0.5576164921622745,0.805437189103467,2.6195765886350646,2.3148402103220223,5.42759026691438,7.67584972932113,-0.5576164921622745,0.9907793532952907
holdout_G01,withheld_geometry,Nuavg,V_only,0.8,0.80078125,615,0.4930137362670899,0.7541541701413952,2.32550307754176,1.930556666235197,5.176294432725138,7.67584972932113,-0.4930137362670899,0.9922460881082581
holdout_G01,withheld_geometry,Nuavg,V_only,0.7,0.7005208333333334,538,0.42962809836518817,0.7078728025273593,2.0821770810194464,1.7527366680796717,4.642360887555743,7.67584972932113,-0.42962809836518817,0.992746925948549
holdout_G01,withheld_geometry,Nuavg,U_plus_D,0.95,0.9505208333333334,730,0.6192725619381421,0.888932285418841,2.7393782716087,2.453847447275087,5.668157577663235,7.67584972932113,-0.6192725619381421,0.990463710348862
holdout_G01,withheld_geometry,Nuavg,U_plus_D,0.9,0.9010416666666666,692,0.6294648905539101,0.9002686366154268,2.760500503420406,2.492105311981795,5.69268178474538,7.67584972932113,-0.6294648905539101,0.9903621150810666
holdout_G01,withheld_geometry,Nuavg,U_plus_D,0.8,0.80078125,615,0.6625502131491561,0.9279780555408922,2.8569182770808945,2.6794990709780566,5.710235497625475,7.67584972932113,-0.6625502131491561,0.9898763554859153
holdout_G01,withheld_geometry,Nuavg,U_plus_D,0.7,0.7005208333333334,538,0.7035953080868632,0.966572974256842,2.9593860241780137,2.8984908226813237,5.79187962478304,7.525605193249937,-0.7035953080868632,0.9894585676678251
holdout_G01,withheld_geometry,Nuavg,U_plus_V,0.95,0.9505208333333334,730,0.6192725619381421,0.888932285418841,2.7393782716087,2.453847447275087,5.668157577663235,7.67584972932113,-0.6192725619381421,0.990463710348862
holdout_G01,withheld_geometry,Nuavg,U_plus_V,0.9,0.9010416666666666,692,0.6294648905539101,0.9002686366154268,2.760500503420406,2.492105311981795,5.69268178474538,7.67584972932113,-0.6294648905539101,0.9903621150810666
holdout_G01,withheld_geometry,Nuavg,U_plus_V,0.8,0.80078125,615,0.6625502131491561,0.9279780555408922,2.8569182770808945,2.6794990709780566,5.710235497625475,7.67584972932113,-0.6625502131491561,0.9898763554859153
holdout_G01,withheld_geometry,Nuavg,U_plus_V,0.7,0.7005208333333334,538,0.7035953080868632,0.966572974256842,2.9593860241780137,2.8984908226813237,5.79187962478304,7.525605193249937,-0.7035953080868632,0.9894585676678251
holdout_G01,withheld_geometry,Nuavg,D_plus_V,0.95,0.9505208333333334,730,0.6253112361918411,0.8991550851101884,2.7657477951098124,2.484039209379736,5.659511789196752,7.775578233692453,-0.6253112361918411,0.9901800649567478
holdout_G01,withheld_geometry,Nuavg,D_plus_V,0.9,0.9010416666666666,692,0.5576164921622745,0.805437189103467,2.6195765886350646,2.3148402103220223,5.42759026691438,7.67584972932113,-0.5576164921622745,0.9907793532952907
holdout_G01,withheld_geometry,Nuavg,D_plus_V,0.8,0.80078125,615,0.4930137362670899,0.7541541701413952,2.32550307754176,1.930556666235197,5.176294432725138,7.67584972932113,-0.4930137362670899,0.9922460881082581
holdout_G01,withheld_geometry,Nuavg,D_plus_V,0.7,0.7005208333333334,538,0.42962809836518817,0.7078728025273593,2.0821770810194464,1.7527366680796717,4.642360887555743,7.67584972932113,-0.42962809836518817,0.992746925948549
holdout_G01,withheld_geometry,Nuavg,U_plus_D_plus_V,0.95,0.9505208333333334,730,0.6192725619381421,0.888932285418841,2.7393782716087,2.453847447275087,5.668157577663235,7.67584972932113,-0.6192725619381421,0.990463710348862
holdout_G01,withheld_geometry,Nuavg,U_plus_D_plus_V,0.9,0.9010416666666666,692,0.6294648905539101,0.9002686366154268,2.760500503420406,2.492105311981795,5.69268178474538,7.67584972932113,-0.6294648905539101,0.9903621150810666
holdout_G01,withheld_geometry,Nuavg,U_plus_D_plus_V,0.8,0.80078125,615,0.6625502131491561,0.9279780555408922,2.8569182770808945,2.6794990709780566,5.710235497625475,7.67584972932113,-0.6625502131491561,0.9898763554859153
holdout_G01,withheld_geometry,Nuavg,U_plus_D_plus_V,0.7,0.7005208333333334,538,0.7035953080868632,0.966572974256842,2.9593860241780137,2.8984908226813237,5.79187962478304,7.525605193249937,-0.7035953080868632,0.9894585676678251
holdout_G01,withheld_geometry,Nuavg,U_2D_plus_V,0.95,0.9505208333333334,730,0.6192725619381421,0.888932285418841,2.7393782716087,2.453847447275087,5.668157577663235,7.67584972932113,-0.6192725619381421,0.990463710348862
holdout_G01,withheld_geometry,Nuavg,U_2D_plus_V,0.9,0.9010416666666666,692,0.6294648905539101,0.9002686366154268,2.760500503420406,2.492105311981795,5.69268178474538,7.67584972932113,-0.6294648905539101,0.9903621150810666
holdout_G01,withheld_geometry,Nuavg,U_2D_plus_V,0.8,0.80078125,615,0.6625502131491561,0.9279780555408922,2.8569182770808945,2.6794990709780566,5.710235497625475,7.67584972932113,-0.6625502131491561,0.9898763554859153
holdout_G01,withheld_geometry,Nuavg,U_2D_plus_V,0.7,0.7005208333333334,538,0.7035953080868632,0.966572974256842,2.9593860241780137,2.8984908226813237,5.79187962478304,7.525605193249937,-0.7035953080868632,0.9894585676678251
holdout_G01,withheld_geometry,Nuavg,conservative_U_D_V_max,0.95,0.9505208333333334,730,0.6253112361918411,0.8991550851101884,2.7657477951098124,2.484039209379736,5.659511789196752,7.775578233692453,-0.6253112361918411,0.9901800649567478
holdout_G01,withheld_geometry,Nuavg,conservative_U_D_V_max,0.9,0.9010416666666666,692,0.5576164921622745,0.805437189103467,2.6195765886350646,2.3148402103220223,5.42759026691438,7.67584972932113,-0.5576164921622745,0.9907793532952907
holdout_G01,withheld_geometry,Nuavg,conservative_U_D_V_max,0.8,0.80078125,615,0.4930137362670899,0.7541541701413952,2.32550307754176,1.930556666235197,5.176294432725138,7.67584972932113,-0.4930137362670899,0.9922460881082581
holdout_G01,withheld_geometry,Nuavg,conservative_U_D_V_max,0.7,0.7005208333333334,538,0.42962809836518817,0.7078728025273593,2.0821770810194464,1.7527366680796717,4.642360887555743,7.67584972932113,-0.42962809836518817,0.992746925948549
holdout_G01,withheld_geometry,Nuavg,learned_logistic_gate,0.95,0.9505208333333334,730,0.6192725619381421,0.888932285418841,2.7393782716087,2.453847447275087,5.668157577663235,7.67584972932113,-0.6192725619381421,0.990463710348862
holdout_G01,withheld_geometry,Nuavg,learned_logistic_gate,0.9,0.9010416666666666,692,0.6294648905539101,0.9002686366154268,2.760500503420406,2.492105311981795,5.69268178474538,7.67584972932113,-0.6294648905539101,0.9903621150810666
holdout_G01,withheld_geometry,Nuavg,learned_logistic_gate,0.8,0.80078125,615,0.6625502131491561,0.9279780555408922,2.8569182770808945,2.6794990709780566,5.710235497625475,7.67584972932113,-0.6625502131491561,0.9898763554859153
holdout_G01,withheld_geometry,Nuavg,learned_logistic_gate,0.7,0.7005208333333334,538,0.7035953080868632,0.966572974256842,2.9593860241780137,2.8984908226813237,5.79187962478304,7.525605193249937,-0.7035953080868632,0.9894585676678251
holdout_G01,withheld_geometry,Nuavg,oracle_error_rank,0.95,0.9505208333333334,730,0.5200485869462523,0.7299852223127912,2.5072327092539,2.2589918143545136,5.26744750853266,5.67885856877275,-0.5200485869462523,0.9921612790198905
holdout_G01,withheld_geometry,Nuavg,oracle_error_rank,0.9,0.9010416666666666,692,0.45117573057185717,0.6191779329586131,2.34676107490125,1.962000967597299,4.930941844999974,5.25032040927671,-0.45117573057185717,0.9930942660729103
holdout_G01,withheld_geometry,Nuavg,oracle_error_rank,0.8,0.80078125,615,0.37164033379779604,0.5139606990872768,2.0218268713269514,1.785881156839695,4.064173543403917,4.627224316370953,-0.37164033379779604,0.9947532120457836
holdout_G01,withheld_geometry,Nuavg,oracle_error_rank,0.7,0.7005208333333334,538,0.2849382744459415,0.3806705725810464,1.7317636180922733,1.5619306295690036,3.3946784846624753,3.577805325901836,-0.2849382744459415,0.9957393921794763
holdout_G01,withheld_geometry,Nuavg,random_rejection,0.95,0.9505208333333334,730,0.6109005577380038,0.8941306328902076,2.691646463860376,2.3327948936321583,5.6861903699813805,7.775578233692453,-0.6109005577380038,0.9905835661578072
holdout_G01,withheld_geometry,Nuavg,random_rejection,0.9,0.9010416666666666,692,0.6109463428585516,0.8962815005138339,2.6886838168003435,2.327826036594217,5.69408355186791,7.775578233692453,-0.6109463428585516,0.9906168834017973
holdout_G01,withheld_geometry,Nuavg,random_rejection,0.8,0.80078125,615,0.6229172644514379,0.9175231728519189,2.7020408580650668,2.332463602047272,5.793112346502129,7.775578233692453,-0.6229172644514379,0.9905126063131318
holdout_G01,withheld_geometry,Nuavg,random_rejection,0.7,0.7005208333333334,538,0.6307170120636326,0.9340728411200924,2.7038960978038578,2.29413658676253,5.818124046347376,7.775578233692453,-0.6307170120636326,0.9904794487102765
holdout_G01,withheld_geometry,DelP_Pa,U_only,0.95,0.9505208333333334,730,7.964365103490009,12.739992760691118,4.838510132384861,4.6385554802867475,9.912230880713645,10.410363898597847,7.964365103490009,0.9996161015133128
holdout_G01,withheld_geometry,DelP_Pa,U_only,0.9,0.9010416666666666,692,8.187891133689911,12.981117826063487,4.898096567065381,4.788736313051405,9.935201699959366,10.410363898597847,8.187891133689911,0.9996165895346202
holdout_G01,withheld_geometry,DelP_Pa,U_only,0.8,0.80078125,615,8.568510814935085,13.467442456754041,4.943626605938896,4.8423126108357355,9.958807060210084,10.410363898597847,8.568510814935085,0.9996271738315401
holdout_G01,withheld_geometry,DelP_Pa,U_only,0.7,0.7005208333333334,538,9.007360813066892,14.027342923483289,4.992953679912931,4.830215724014852,9.996478595695764,10.410363898597847,9.007360813066892,0.9996222187668614
holdout_G01,withheld_geometry,DelP_Pa,D_only,0.95,0.9505208333333334,730,8.013279219069188,12.644672838768551,4.8792895205857425,4.6720796556096404,9.912230880713645,10.410363898597847,8.013279219069188,0.9996025370187025
holdout_G01,withheld_geometry,DelP_Pa,D_only,0.9,0.9010416666666666,692,7.391876019752369,11.987116047355391,4.715469563217756,4.590933296433331,9.591445262780194,10.410363898597847,7.391876019752369,0.9996002683760424
holdout_G01,withheld_geometry,DelP_Pa,D_only,0.8,0.80078125,615,5.445106804987906,9.171701987026402,4.550251694094575,4.462102497575068,9.278553294363793,10.405900380057409,5.445106804987906,0.9995897175081808
holdout_G01,withheld_geometry,DelP_Pa,D_only,0.7,0.7005208333333334,538,4.242324743007273,7.678961585016939,4.275221060772214,4.130880440723004,8.457868886238929,9.956126481339508,4.242324743007273,0.9997132622911797
holdout_G01,withheld_geometry,DelP_Pa,V_only,0.95,0.9505208333333334,730,8.013279219069188,12.644672838768551,4.8792895205857425,4.6720796556096404,9.912230880713645,10.410363898597847,8.013279219069188,0.9996025370187025
holdout_G01,withheld_geometry,DelP_Pa,V_only,0.9,0.9010416666666666,692,7.391876019752369,11.987116047355391,4.715469563217756,4.590933296433331,9.591445262780194,10.410363898597847,7.391876019752369,0.9996002683760424
holdout_G01,withheld_geometry,DelP_Pa,V_only,0.8,0.80078125,615,5.445106804987906,9.171701987026402,4.550251694094575,4.462102497575068,9.278553294363793,10.405900380057409,5.445106804987906,0.9995897175081808
holdout_G01,withheld_geometry,DelP_Pa,V_only,0.7,0.7005208333333334,538,4.242324743007273,7.678961585016939,4.275221060772214,4.130880440723004,8.457868886238929,9.956126481339508,4.242324743007273,0.9997132622911797
holdout_G01,withheld_geometry,DelP_Pa,U_plus_D,0.95,0.9505208333333334,730,7.964365103490009,12.739992760691118,4.838510132384861,4.6385554802867475,9.912230880713645,10.410363898597847,7.964365103490009,0.9996161015133128
holdout_G01,withheld_geometry,DelP_Pa,U_plus_D,0.9,0.9010416666666666,692,8.187891133689911,12.981117826063487,4.898096567065381,4.788736313051405,9.935201699959366,10.410363898597847,8.187891133689911,0.9996165895346202
holdout_G01,withheld_geometry,DelP_Pa,U_plus_D,0.8,0.80078125,615,8.568510814935085,13.467442456754041,4.943626605938896,4.8423126108357355,9.958807060210084,10.410363898597847,8.568510814935085,0.9996271738315401
holdout_G01,withheld_geometry,DelP_Pa,U_plus_D,0.7,0.7005208333333334,538,9.007360813066892,14.027342923483289,4.992953679912931,4.830215724014852,9.996478595695764,10.410363898597847,9.007360813066892,0.9996222187668614
holdout_G01,withheld_geometry,DelP_Pa,U_plus_V,0.95,0.9505208333333334,730,7.964365103490009,12.739992760691118,4.838510132384861,4.6385554802867475,9.912230880713645,10.410363898597847,7.964365103490009,0.9996161015133128
holdout_G01,withheld_geometry,DelP_Pa,U_plus_V,0.9,0.9010416666666666,692,8.187891133689911,12.981117826063487,4.898096567065381,4.788736313051405,9.935201699959366,10.410363898597847,8.187891133689911,0.9996165895346202
holdout_G01,withheld_geometry,DelP_Pa,U_plus_V,0.8,0.80078125,615,8.568510814935085,13.467442456754041,4.943626605938896,4.8423126108357355,9.958807060210084,10.410363898597847,8.568510814935085,0.9996271738315401
holdout_G01,withheld_geometry,DelP_Pa,U_plus_V,0.7,0.7005208333333334,538,9.007360813066892,14.027342923483289,4.992953679912931,4.830215724014852,9.996478595695764,10.410363898597847,9.007360813066892,0.9996222187668614
holdout_G01,withheld_geometry,DelP_Pa,D_plus_V,0.95,0.9505208333333334,730,8.013279219069188,12.644672838768551,4.8792895205857425,4.6720796556096404,9.912230880713645,10.410363898597847,8.013279219069188,0.9996025370187025
holdout_G01,withheld_geometry,DelP_Pa,D_plus_V,0.9,0.9010416666666666,692,7.391876019752369,11.987116047355391,4.715469563217756,4.590933296433331,9.591445262780194,10.410363898597847,7.391876019752369,0.9996002683760424
holdout_G01,withheld_geometry,DelP_Pa,D_plus_V,0.8,0.80078125,615,5.445106804987906,9.171701987026402,4.550251694094575,4.462102497575068,9.278553294363793,10.405900380057409,5.445106804987906,0.9995897175081808
holdout_G01,withheld_geometry,DelP_Pa,D_plus_V,0.7,0.7005208333333334,538,4.242324743007273,7.678961585016939,4.275221060772214,4.130880440723004,8.457868886238929,9.956126481339508,4.242324743007273,0.9997132622911797
holdout_G01,withheld_geometry,DelP_Pa,U_plus_D_plus_V,0.95,0.9505208333333334,730,7.964365103490009,12.739992760691118,4.838510132384861,4.6385554802867475,9.912230880713645,10.410363898597847,7.964365103490009,0.9996161015133128
holdout_G01,withheld_geometry,DelP_Pa,U_plus_D_plus_V,0.9,0.9010416666666666,692,8.187891133689911,12.981117826063487,4.898096567065381,4.788736313051405,9.935201699959366,10.410363898597847,8.187891133689911,0.9996165895346202
holdout_G01,withheld_geometry,DelP_Pa,U_plus_D_plus_V,0.8,0.80078125,615,8.568510814935085,13.467442456754041,4.943626605938896,4.8423126108357355,9.958807060210084,10.410363898597847,8.568510814935085,0.9996271738315401
holdout_G01,withheld_geometry,DelP_Pa,U_plus_D_plus_V,0.7,0.7005208333333334,538,9.007360813066892,14.027342923483289,4.992953679912931,4.830215724014852,9.996478595695764,10.410363898597847,9.007360813066892,0.9996222187668614
holdout_G01,withheld_geometry,DelP_Pa,U_2D_plus_V,0.95,0.9505208333333334,730,7.964365103490009,12.739992760691118,4.838510132384861,4.6385554802867475,9.912230880713645,10.410363898597847,7.964365103490009,0.9996161015133128
holdout_G01,withheld_geometry,DelP_Pa,U_2D_plus_V,0.9,0.9010416666666666,692,8.187891133689911,12.981117826063487,4.898096567065381,4.788736313051405,9.935201699959366,10.410363898597847,8.187891133689911,0.9996165895346202
holdout_G01,withheld_geometry,DelP_Pa,U_2D_plus_V,0.8,0.80078125,615,8.568510814935085,13.467442456754041,4.943626605938896,4.8423126108357355,9.958807060210084,10.410363898597847,8.568510814935085,0.9996271738315401
holdout_G01,withheld_geometry,DelP_Pa,U_2D_plus_V,0.7,0.7005208333333334,538,9.007360813066892,14.027342923483289,4.992953679912931,4.830215724014852,9.996478595695764,10.410363898597847,9.007360813066892,0.9996222187668614
holdout_G01,withheld_geometry,DelP_Pa,conservative_U_D_V_max,0.95,0.9505208333333334,730,8.013279219069188,12.644672838768551,4.8792895205857425,4.6720796556096404,9.912230880713645,10.410363898597847,8.013279219069188,0.9996025370187025
holdout_G01,withheld_geometry,DelP_Pa,conservative_U_D_V_max,0.9,0.9010416666666666,692,7.391876019752369,11.987116047355391,4.715469563217756,4.590933296433331,9.591445262780194,10.410363898597847,7.391876019752369,0.9996002683760424
holdout_G01,withheld_geometry,DelP_Pa,conservative_U_D_V_max,0.8,0.80078125,615,5.445106804987906,9.171701987026402,4.550251694094575,4.462102497575068,9.278553294363793,10.405900380057409,5.445106804987906,0.9995897175081808
holdout_G01,withheld_geometry,DelP_Pa,conservative_U_D_V_max,0.7,0.7005208333333334,538,4.242324743007273,7.678961585016939,4.275221060772214,4.130880440723004,8.457868886238929,9.956126481339508,4.242324743007273,0.9997132622911797
holdout_G01,withheld_geometry,DelP_Pa,oracle_error_rank,0.95,0.9505208333333334,730,6.995039544926763,11.576131299536806,4.496922519141913,4.353710101525584,9.249313269932946,9.905610537142918,6.995039544926763,0.9996844201535785
holdout_G01,withheld_geometry,DelP_Pa,oracle_error_rank,0.9,0.9010416666666666,692,6.659848120506662,11.376068073046504,4.219861795676093,4.130880440723004,8.982271888322176,9.242617591544228,6.659848120506662,0.999709917546404
holdout_G01,withheld_geometry,DelP_Pa,oracle_error_rank,0.8,0.80078125,615,6.201081644000061,11.385063645039525,3.6782741489972155,3.655067751606636,6.962531611503231,7.556745193902689,6.201081644000061,0.9997389564672806
holdout_G01,withheld_geometry,DelP_Pa,oracle_error_rank,0.7,0.7005208333333334,538,6.324331803752512,11.900233304833055,3.2165893910004355,3.265145751110037,5.914070341077668,6.394461362724324,6.324331803752512,0.9997454183571572
holdout_G01,withheld_geometry,DelP_Pa,random_rejection,0.95,0.9505208333333334,730,7.783698982661779,12.508586672053298,4.778506462594444,4.569649501125048,9.912230880713645,10.410363898597847,7.783698982661779,0.9995841939386263
holdout_G01,withheld_geometry,DelP_Pa,random_rejection,0.9,0.9010416666666666,692,7.686212956282489,12.346190052926488,4.786043442697511,4.600537744162809,9.908394843184128,10.410363898597847,7.686212956282489,0.9995714055953696
holdout_G01,withheld_geometry,DelP_Pa,random_rejection,0.8,0.80078125,615,7.75157135158738,12.47050902307055,4.772538580693451,4.53300935381696,9.889890404398752,10.405900380057409,7.75157135158738,0.9995920238103283
holdout_G01,withheld_geometry,DelP_Pa,random_rejection,0.7,0.7005208333333334,538,7.613450583673513,12.210237187886538,4.771288055584895,4.5193539388334925,9.911915973940932,10.405900380057409,7.613450583673513,0.9995923635213187
holdout_G02,withheld_geometry,Nuavg,U_only,0.95,0.9505208333333334,730,0.3245741168735452,0.8256066116641502,1.1611188367724627,0.5102474513245518,6.381654130277323,12.700527415339256,0.15552482849748167,0.9909148305011668
holdout_G02,withheld_geometry,Nuavg,U_only,0.9,0.9010416666666666,692,0.33150834106709914,0.8404372410435553,1.1785077558164787,0.5162758011317843,6.498872440178147,12.700527415339256,0.15527229174575366,0.9906716019776919
holdout_G02,withheld_geometry,Nuavg,U_only,0.8,0.80078125,615,0.36005629680602536,0.890378869306074,1.2461541661186961,0.5082914082747316,6.675459170864909,12.700527415339256,0.18101929689732998,0.9904945707926804
holdout_G02,withheld_geometry,Nuavg,U_only,0.7,0.7005208333333334,538,0.22992971110290755,0.5254579464668904,0.9313825830822376,0.44226454083060646,3.9026964329740994,8.677596321036708,0.057539598276358135,0.9956358971289819
holdout_G02,withheld_geometry,Nuavg,D_only,0.95,0.9505208333333334,730,0.3315116754108586,0.8494999079358094,1.1809924325431198,0.5124648535733904,6.5078156383124215,12.700527415339256,0.16445726914079226,0.9903237177929515
holdout_G02,withheld_geometry,Nuavg,D_only,0.9,0.9010416666666666,692,0.32537284872462985,0.8422571548945303,1.164928192753268,0.5152041485499794,6.159520755892454,12.700527415339256,0.15747750257591295,0.9904659605024198
holdout_G02,withheld_geometry,Nuavg,D_only,0.8,0.80078125,615,0.3156157664651017,0.8424820416587991,1.140898329003011,0.5158406149424803,6.149412185342752,12.700527415339256,0.15075820141551935,0.9896508652453645
holdout_G02,withheld_geometry,Nuavg,D_only,0.7,0.7005208333333334,538,0.32062896384767436,0.8332142968171605,1.160121619433211,0.5188845197557187,6.330778558029599,12.453538130423238,0.15101492007797976,0.9899667294963728
holdout_G02,withheld_geometry,Nuavg,V_only,0.95,0.9505208333333334,730,0.3293310278069483,0.8478927196934045,1.1730406878357604,0.5184493335664146,6.381654130277323,12.700527415339256,0.1570418596074353,0.9900179115013938
holdout_G02,withheld_geometry,Nuavg,V_only,0.9,0.9010416666666666,692,0.295414270323825,0.8166994628877201,1.0787962116939889,0.4941969989340814,4.783741637958941,12.700527415339256,0.12448006986496767,0.9891913585101708
holdout_G02,withheld_geometry,Nuavg,V_only,0.8,0.80078125,615,0.2893148166811563,0.8436984625683127,1.0333193605767919,0.4395367911008261,6.10415766526095,12.700527415339256,0.10181577486363853,0.9889779666363524
holdout_G02,withheld_geometry,Nuavg,V_only,0.7,0.7005208333333334,538,0.28572012348955006,0.8892302128344429,1.0066472489988916,0.41960620284877337,6.663956918258915,12.700527415339256,0.15721667810035908,0.9869434037881701
holdout_G02,withheld_geometry,Nuavg,U_plus_D,0.95,0.9505208333333334,730,0.30255948224629436,0.8072231482838248,1.102468046525969,0.496968636329718,4.790459034248099,12.700527415339256,0.14009118111388322,0.9904851422893454
holdout_G02,withheld_geometry,Nuavg,U_plus_D,0.9,0.9010416666666666,692,0.29236513434614064,0.7844398464941268,1.0776637994240483,0.48853537155340065,4.482532086342061,12.700527415339256,0.13205549312437198,0.9906731192633905
holdout_G02,withheld_geometry,Nuavg,U_plus_D,0.8,0.80078125,615,0.29329441941672224,0.7820141823162496,1.0782375882234074,0.48433914169795617,4.419566140347281,12.453538130423238,0.12897774134193976,0.990881239445408
holdout_G02,withheld_geometry,Nuavg,U_plus_D,0.7,0.7005208333333334,538,0.23063150903354343,0.5828413182868608,0.929171067487658,0.48229268772994993,2.9045061978411844,11.87617127329646,0.05740747089315081,0.994014403690775
holdout_G02,withheld_geometry,Nuavg,U_plus_V,0.95,0.9505208333333334,730,0.3245741168735452,0.8256066116641502,1.1611188367724627,0.5102474513245518,6.381654130277323,12.700527415339256,0.15552482849748167,0.9909148305011668
holdout_G02,withheld_geometry,Nuavg,U_plus_V,0.9,0.9010416666666666,692,0.33150834106709914,0.8404372410435553,1.1785077558164787,0.5162758011317843,6.498872440178147,12.700527415339256,0.15527229174575366,0.9906716019776919
holdout_G02,withheld_geometry,Nuavg,U_plus_V,0.8,0.80078125,615,0.36005629680602536,0.890378869306074,1.2461541661186961,0.5082914082747316,6.675459170864909,12.700527415339256,0.18101929689732998,0.9904945707926804
holdout_G02,withheld_geometry,Nuavg,U_plus_V,0.7,0.7005208333333334,538,0.22992971110290755,0.5254579464668904,0.9313825830822376,0.44226454083060646,3.9026964329740994,8.677596321036708,0.057539598276358135,0.9956358971289819
holdout_G02,withheld_geometry,Nuavg,D_plus_V,0.95,0.9505208333333334,730,0.3315116754108586,0.8494999079358094,1.1809924325431198,0.5124648535733904,6.5078156383124215,12.700527415339256,0.16445726914079226,0.9903237177929515
holdout_G02,withheld_geometry,Nuavg,D_plus_V,0.9,0.9010416666666666,692,0.32537284872462985,0.8422571548945303,1.164928192753268,0.5152041485499794,6.159520755892454,12.700527415339256,0.15747750257591295,0.9904659605024198
holdout_G02,withheld_geometry,Nuavg,D_plus_V,0.8,0.80078125,615,0.3156157664651017,0.8424820416587991,1.140898329003011,0.5158406149424803,6.149412185342752,12.700527415339256,0.15075820141551935,0.9896508652453645
holdout_G02,withheld_geometry,Nuavg,D_plus_V,0.7,0.7005208333333334,538,0.32062896384767436,0.8332142968171605,1.160121619433211,0.5188845197557187,6.330778558029599,12.453538130423238,0.15101492007797976,0.9899667294963728
holdout_G02,withheld_geometry,Nuavg,U_plus_D_plus_V,0.95,0.9505208333333334,730,0.30255948224629436,0.8072231482838248,1.102468046525969,0.496968636329718,4.790459034248099,12.700527415339256,0.14009118111388322,0.9904851422893454
holdout_G02,withheld_geometry,Nuavg,U_plus_D_plus_V,0.9,0.9010416666666666,692,0.29236513434614064,0.7844398464941268,1.0776637994240483,0.48853537155340065,4.482532086342061,12.700527415339256,0.13205549312437198,0.9906731192633905
holdout_G02,withheld_geometry,Nuavg,U_plus_D_plus_V,0.8,0.80078125,615,0.29329441941672224,0.7820141823162496,1.0782375882234074,0.48433914169795617,4.419566140347281,12.453538130423238,0.12897774134193976,0.990881239445408
holdout_G02,withheld_geometry,Nuavg,U_plus_D_plus_V,0.7,0.7005208333333334,538,0.23063150903354343,0.5828413182868608,0.929171067487658,0.48229268772994993,2.9045061978411844,11.87617127329646,0.05740747089315081,0.994014403690775
holdout_G02,withheld_geometry,Nuavg,U_2D_plus_V,0.95,0.9505208333333334,730,0.30379216541238024,0.8079698822777831,1.1050729492355387,0.4987608295896674,4.790459034248099,12.700527415339256,0.1386836250137956,0.9905842604822215
holdout_G02,withheld_geometry,Nuavg,U_2D_plus_V,0.9,0.9010416666666666,692,0.29358652179695965,0.7983157144094152,1.0778122981056089,0.48853537155340065,4.467424169922755,12.700527415339256,0.13018356668549466,0.9904824394121683
holdout_G02,withheld_geometry,Nuavg,U_2D_plus_V,0.8,0.80078125,615,0.2997111698404948,0.7908901886108611,1.09676884686073,0.4979193990756913,4.773665543525208,12.453538130423238,0.13630816468277596,0.9908360193655741
holdout_G02,withheld_geometry,Nuavg,U_2D_plus_V,0.7,0.7005208333333334,538,0.3150275732756547,0.8274317701689935,1.1381416532799122,0.5092258315497104,5.027072047103084,12.453538130423238,0.14794074898475162,0.9901210536983689
holdout_G02,withheld_geometry,Nuavg,conservative_U_D_V_max,0.95,0.9505208333333334,730,0.3121743094101997,0.8047775919451009,1.131929521075054,0.5135362866982014,6.10385596132499,12.700527415339256,0.1445333414093436,0.9910192826982881
holdout_G02,withheld_geometry,Nuavg,conservative_U_D_V_max,0.9,0.9010416666666666,692,0.3205223365497038,0.8244198228775452,1.1526289597217416,0.5109338788212902,6.159520755892454,12.700527415339256,0.148849578136378,0.9906649433878764
holdout_G02,withheld_geometry,Nuavg,conservative_U_D_V_max,0.8,0.80078125,615,0.34861410563151046,0.8734766918606168,1.2143744886964927,0.4979193990756913,6.627781857227879,12.700527415339256,0.16950310368235527,0.9904769309381856
holdout_G02,withheld_geometry,Nuavg,conservative_U_D_V_max,0.7,0.7005208333333334,538,0.3768652970863541,0.9292695614718383,1.2885184369677605,0.504843163564479,6.784031342427261,12.700527415339256,0.2092721944277172,0.9896588875278102
holdout_G02,withheld_geometry,Nuavg,learned_logistic_gate,0.95,0.9505208333333334,730,0.33614118599878595,0.8570886893704514,1.1891028249956903,0.5013398001180185,6.568596460728213,12.700527415339256,0.16897745215638046,0.9903765089202372
holdout_G02,withheld_geometry,Nuavg,learned_logistic_gate,0.9,0.9010416666666666,692,0.3470946581316821,0.8792722106830583,1.2134429691583002,0.4941969989340814,6.631800920542426,12.700527415339256,0.17990565672857917,0.9901586244759996
holdout_G02,withheld_geometry,Nuavg,learned_logistic_gate,0.8,0.80078125,615,0.24815656214520213,0.621179038308571,0.9656945043447759,0.4465336015618866,3.9557637054296118,12.700527415339256,0.07764858084577862,0.9941267150070487
holdout_G02,withheld_geometry,Nuavg,learned_logistic_gate,0.7,0.7005208333333334,538,0.24581770376609605,0.6050388906619786,0.9534404107652007,0.437423783951859,3.972717553868357,12.375061753633462,0.07507222307339932,0.9945360752327144
holdout_G02,withheld_geometry,Nuavg,oracle_error_rank,0.95,0.9505208333333334,730,0.16805883409473993,0.33302385800420214,0.7666273913756767,0.47412009257052645,2.2949287749214986,6.438889149056022,-0.00442256725154507,0.9979412199341297
holdout_G02,withheld_geometry,Nuavg,oracle_error_rank,0.9,0.9010416666666666,692,0.1164061425137382,0.18916909599298293,0.607028427837188,0.43438356421242086,1.8168254268762956,2.281151647313819,-0.04778404503089153,0.999222344162341
holdout_G02,withheld_geometry,Nuavg,oracle_error_rank,0.8,0.80078125,615,0.07327945486921605,0.10222774717511655,0.4573420174441992,0.3742399669828947,1.1423060135636578,1.3800744072310083,-0.03344784763491248,0.9996809492086036
holdout_G02,withheld_geometry,Nuavg,oracle_error_rank,0.7,0.7005208333333334,538,0.05566647246690488,0.0759274577190309,0.36414805235737735,0.3167955242755437,0.8227969854673033,0.9239610169322792,-0.020217598588227335,0.999817786101759
holdout_G02,withheld_geometry,Nuavg,random_rejection,0.95,0.9505208333333334,730,0.3281001188910498,0.8487333869266176,1.1657274812503284,0.5102474513245518,6.381654130277323,12.700527415339256,0.16289987653967455,0.9903033940351873
holdout_G02,withheld_geometry,Nuavg,random_rejection,0.9,0.9010416666666666,692,0.3233751911758687,0.834042258913799,1.151936403717891,0.5094173596705387,6.248387131312598,12.700527415339256,0.15721534843224327,0.9907187999477817
holdout_G02,withheld_geometry,Nuavg,random_rejection,0.8,0.80078125,615,0.33283504640160533,0.8499484966838475,1.1729249006371794,0.5101602548246891,6.476485415923146,12.700527415339256,0.16674464849208434,0.990692350817092
holdout_G02,withheld_geometry,Nuavg,random_rejection,0.7,0.7005208333333334,538,0.3430758115094834,0.8742165854157293,1.1951283845940082,0.49517021236789466,6.57254009241097,12.700527415339256,0.17414756290761962,0.9904559728079052
holdout_G02,withheld_geometry,DelP_Pa,U_only,0.95,0.9505208333333334,730,1.3899336135985447,3.152749427354476,0.47727097959771647,0.41446108516368496,1.1152160979442773,2.524187302647915,0.16738724376054176,0.9999769281080951
holdout_G02,withheld_geometry,DelP_Pa,U_only,0.9,0.9010416666666666,692,1.3501573851101596,3.1242382588784596,0.46702730754841354,0.4126818030313515,1.0679447776798683,1.4286004501091605,0.12511289393650446,0.999978365823685
holdout_G02,withheld_geometry,DelP_Pa,U_only,0.8,0.80078125,615,1.288612668285281,3.039272246391835,0.4619705774660231,0.41453542413075756,1.0107144184391166,1.2280547076472808,0.15416908924204475,0.9999808870402048
holdout_G02,withheld_geometry,DelP_Pa,U_only,0.7,0.7005208333333334,538,1.1166905076199614,2.5603637406403794,0.437457506420419,0.39019087363370275,0.9719217117516696,1.2001891699228768,0.34283044320205475,0.9999871716165238
holdout_G02,withheld_geometry,DelP_Pa,D_only,0.95,0.9505208333333334,730,1.4565199627121772,3.2207037071602382,0.49418821967482096,0.4316853199729834,1.1541244379180895,2.524187302647915,0.14147786356518355,0.9999758825603351
holdout_G02,withheld_geometry,DelP_Pa,D_only,0.9,0.9010416666666666,692,1.4464629129808355,3.209743702194462,0.47837284266146307,0.4150809904770745,1.1242136749208937,2.524187302647915,0.17267494169365064,0.9999769156396049
holdout_G02,withheld_geometry,DelP_Pa,D_only,0.8,0.80078125,615,1.4119901759500129,3.133386166936509,0.46420951659565635,0.40041439681869967,1.110968658485859,1.4286004501091605,0.2667924716948951,0.9999783056868371
holdout_G02,withheld_geometry,DelP_Pa,D_only,0.7,0.7005208333333334,538,1.379219998233145,3.0089414392423675,0.469449302893945,0.41073358264536153,1.1233122176199186,1.4286004501091605,0.2593252048972806,0.999977618647031
holdout_G02,withheld_geometry,DelP_Pa,V_only,0.95,0.9505208333333334,730,1.4038116109428813,3.140445572145298,0.491586445126956,0.42747774330379407,1.1484429310170456,2.5248680273084356,0.14320112419466316,0.9999759527504287
holdout_G02,withheld_geometry,DelP_Pa,V_only,0.9,0.9010416666666666,692,1.3766805306027767,3.177861812839329,0.4829185711786856,0.4150809904770745,1.1044458521720495,2.5248680273084356,0.08292132162891099,0.9999724550093424
holdout_G02,withheld_geometry,DelP_Pa,V_only,0.8,0.80078125,615,1.1326183378286918,2.9231802505017126,0.4704521834502862,0.3972099375179603,1.0768502490983964,2.5248680273084356,-0.14529892724916518,0.9999591091449522
holdout_G02,withheld_geometry,DelP_Pa,V_only,0.7,0.7005208333333334,538,0.9275174259489686,2.54297872670503,0.44441085342547687,0.3731705379157498,1.0056091231848907,2.5248680273084356,-0.18737142969222395,0.999969153682761
holdout_G02,withheld_geometry,DelP_Pa,U_plus_D,0.95,0.9505208333333334,730,1.3939772792890877,3.1517657189398656,0.47195787881520235,0.4150809904770745,1.0883606105953565,1.4286004501091605,0.1691551650159397,0.9999769326844528
holdout_G02,withheld_geometry,DelP_Pa,U_plus_D,0.9,0.9010416666666666,692,1.360603095497156,3.1022296032279595,0.46613949663613985,0.40905246756810143,1.07990676340399,1.4286004501091605,0.20361536139025269,0.9999783530453934
holdout_G02,withheld_geometry,DelP_Pa,U_plus_D,0.8,0.80078125,615,1.2678957198605334,2.8635148082287443,0.455814004188839,0.39776194135530496,1.045143407776655,1.3530042492648477,0.28762091866697415,0.9999827308347592
holdout_G02,withheld_geometry,DelP_Pa,U_plus_D,0.7,0.7005208333333334,538,1.2839414711937163,2.9395524391146752,0.44852952697414744,0.3962606999324673,1.0006756307653875,1.2280547076472808,0.2733835715758882,0.9999835624306468
holdout_G02,withheld_geometry,DelP_Pa,U_plus_V,0.95,0.9505208333333334,730,1.3899336135985447,3.152749427354476,0.47727097959771647,0.41446108516368496,1.1152160979442773,2.524187302647915,0.16738724376054176,0.9999769281080951
holdout_G02,withheld_geometry,DelP_Pa,U_plus_V,0.9,0.9010416666666666,692,1.3501573851101596,3.1242382588784596,0.46702730754841354,0.4126818030313515,1.0679447776798683,1.4286004501091605,0.12511289393650446,0.999978365823685
holdout_G02,withheld_geometry,DelP_Pa,U_plus_V,0.8,0.80078125,615,1.288612668285281,3.039272246391835,0.4619705774660231,0.41453542413075756,1.0107144184391166,1.2280547076472808,0.15416908924204475,0.9999808870402048
holdout_G02,withheld_geometry,DelP_Pa,U_plus_V,0.7,0.7005208333333334,538,1.1166905076199614,2.5603637406403794,0.437457506420419,0.39019087363370275,0.9719217117516696,1.2001891699228768,0.34283044320205475,0.9999871716165238
holdout_G02,withheld_geometry,DelP_Pa,D_plus_V,0.95,0.9505208333333334,730,1.4565199627121772,3.2207037071602382,0.49418821967482096,0.4316853199729834,1.1541244379180895,2.524187302647915,0.14147786356518355,0.9999758825603351
holdout_G02,withheld_geometry,DelP_Pa,D_plus_V,0.9,0.9010416666666666,692,1.4464629129808355,3.209743702194462,0.47837284266146307,0.4150809904770745,1.1242136749208937,2.524187302647915,0.17267494169365064,0.9999769156396049
holdout_G02,withheld_geometry,DelP_Pa,D_plus_V,0.8,0.80078125,615,1.4119901759500129,3.133386166936509,0.46420951659565635,0.40041439681869967,1.110968658485859,1.4286004501091605,0.2667924716948951,0.9999783056868371
holdout_G02,withheld_geometry,DelP_Pa,D_plus_V,0.7,0.7005208333333334,538,1.379219998233145,3.0089414392423675,0.469449302893945,0.41073358264536153,1.1233122176199186,1.4286004501091605,0.2593252048972806,0.999977618647031
holdout_G02,withheld_geometry,DelP_Pa,U_plus_D_plus_V,0.95,0.9505208333333334,730,1.3939772792890877,3.1517657189398656,0.47195787881520235,0.4150809904770745,1.0883606105953565,1.4286004501091605,0.1691551650159397,0.9999769326844528
holdout_G02,withheld_geometry,DelP_Pa,U_plus_D_plus_V,0.9,0.9010416666666666,692,1.360603095497156,3.1022296032279595,0.46613949663613985,0.40905246756810143,1.07990676340399,1.4286004501091605,0.20361536139025269,0.9999783530453934
holdout_G02,withheld_geometry,DelP_Pa,U_plus_D_plus_V,0.8,0.80078125,615,1.2678957198605334,2.8635148082287443,0.455814004188839,0.39776194135530496,1.045143407776655,1.3530042492648477,0.28762091866697415,0.9999827308347592
holdout_G02,withheld_geometry,DelP_Pa,U_plus_D_plus_V,0.7,0.7005208333333334,538,1.2839414711937163,2.9395524391146752,0.44852952697414744,0.3962606999324673,1.0006756307653875,1.2280547076472808,0.2733835715758882,0.9999835624306468
holdout_G02,withheld_geometry,DelP_Pa,U_2D_plus_V,0.95,0.9505208333333334,730,1.3990315948515613,3.1538456879221606,0.4727703890669345,0.4168210157636987,1.0944624188450682,1.4286004501091605,0.16588683449185246,0.9999769039245454
holdout_G02,withheld_geometry,DelP_Pa,U_2D_plus_V,0.9,0.9010416666666666,692,1.3622136406435459,3.0872405524496025,0.4654331457903685,0.4006775834284964,1.07990676340399,1.4286004501091605,0.20327081862827254,0.999978378177893
holdout_G02,withheld_geometry,DelP_Pa,U_2D_plus_V,0.8,0.80078125,615,1.307384080590321,2.9202223309478943,0.4573875603281289,0.3972099375179603,1.0768502490983964,1.4286004501091605,0.33939770560014193,0.9999818708587122
holdout_G02,withheld_geometry,DelP_Pa,U_2D_plus_V,0.7,0.7005208333333334,538,1.3628945771638652,3.0489501631723344,0.4475040054657018,0.38425525718457715,1.0519380197342538,1.3530042492648477,0.3092921474344448,0.9999814565348242
holdout_G02,withheld_geometry,DelP_Pa,conservative_U_D_V_max,0.95,0.9505208333333334,730,1.4469339734206477,3.2173182439617443,0.49014806924780707,0.42515635503610105,1.1469880768693286,2.524187302647915,0.15095569751942414,0.9999759380053461
holdout_G02,withheld_geometry,DelP_Pa,conservative_U_D_V_max,0.9,0.9010416666666666,692,1.4397851392897965,3.2322194111129288,0.47872849227066355,0.41446108516368496,1.1135171221609095,2.4372820596075013,0.2174860303813652,0.9999763034544134
holdout_G02,withheld_geometry,DelP_Pa,conservative_U_D_V_max,0.8,0.80078125,615,1.4498482589191897,3.288608685334615,0.45985505952069233,0.3972099375179603,1.084228252939546,1.4286004501091605,0.18762615230057755,0.9999768445027144
holdout_G02,withheld_geometry,DelP_Pa,conservative_U_D_V_max,0.7,0.7005208333333334,538,1.3579808156527273,3.0393511260210375,0.45953960407132427,0.3957022025636412,1.0763215153643038,1.4286004501091605,0.25485142653471593,0.9999797064849805
holdout_G02,withheld_geometry,DelP_Pa,oracle_error_rank,0.95,0.9505208333333334,730,1.2801942589141175,2.955563013050654,0.44547638283790003,0.398914838191024,0.9947634916761393,1.1536758801392797,0.09950906236277916,0.9999795700788526
holdout_G02,withheld_geometry,DelP_Pa,oracle_error_rank,0.9,0.9010416666666666,692,1.2339049465419158,2.9578200141085937,0.41121262102188383,0.3777147615644214,0.8963350102507183,0.9868574364767158,0.03185296660263216,0.9999804966317176
holdout_G02,withheld_geometry,DelP_Pa,oracle_error_rank,0.8,0.80078125,615,0.9972115248609147,2.3572614772294944,0.35199604317617794,0.33914711032904316,0.7246806381922517,0.7849584839940366,0.18345487714724398,0.9999880098375482
holdout_G02,withheld_geometry,DelP_Pa,oracle_error_rank,0.7,0.7005208333333334,538,0.8597227457205915,2.0835427954971975,0.30024813033172376,0.2721764822236625,0.6035526069511205,0.6444942661874303,0.2330531069100121,0.999991338774802
holdout_G02,withheld_geometry,DelP_Pa,random_rejection,0.95,0.9505208333333334,730,1.3739828060525934,3.07884812790005,0.49557854971660464,0.4316853199729834,1.1549259148270956,2.5248680273084356,0.15953332550646343,0.9999753039984812
holdout_G02,withheld_geometry,DelP_Pa,random_rejection,0.9,0.9010416666666666,692,1.3680648322449789,3.0846282594759544,0.49541988676896115,0.4292761880152224,1.1430348476755203,2.5248680273084356,0.1220316504927751,0.9999737739424399
holdout_G02,withheld_geometry,DelP_Pa,random_rejection,0.8,0.80078125,615,1.3835580701902164,3.1543712369119676,0.4931104922092212,0.42489721652912005,1.150287601865682,2.5248680273084356,0.1230680953081374,0.9999744043599248
holdout_G02,withheld_geometry,DelP_Pa,random_rejection,0.7,0.7005208333333334,538,1.3557566432015389,3.0835540783260873,0.4892749643700462,0.4073286283932732,1.1632980055330266,2.5248680273084356,0.09979321134876479,0.9999745019014876
holdout_G03,withheld_geometry,Nuavg,U_only,0.95,0.9505208333333334,730,0.29451789830874087,0.702470456069522,1.1014417353973724,0.3848115446921091,5.20282769393695,8.302278065740914,-0.23071550874474922,0.9934412481608084
holdout_G03,withheld_geometry,Nuavg,U_only,0.9,0.9010416666666666,692,0.2992533829198407,0.7181970640751165,1.1045241136705695,0.37672288271901994,5.317134976292508,8.302278065740914,-0.23938158641881327,0.9932540115757871
holdout_G03,withheld_geometry,Nuavg,U_only,0.8,0.80078125,615,0.21282486208783896,0.5311611095514357,0.8616053527001141,0.3382544246080511,4.7829842167844046,7.90783077834282,-0.1605793157338708,0.9956696271661298
holdout_G03,withheld_geometry,Nuavg,U_only,0.7,0.7005208333333334,538,0.15717011588851756,0.40774514165563464,0.6892946929796362,0.302869085495293,2.8991464128721107,7.4491297686377225,-0.10462005134213812,0.9971822365201268
holdout_G03,withheld_geometry,Nuavg,D_only,0.95,0.9505208333333334,730,0.32018836551614,0.7327165106224846,1.1810874902668516,0.39428594348323265,5.363488350918774,8.302278065740914,-0.25468362892882457,0.9929863862372893
holdout_G03,withheld_geometry,Nuavg,D_only,0.9,0.9010416666666666,692,0.3004754505532325,0.7042114512164483,1.1265663972232423,0.3891641834085158,5.285589835469122,8.301407387532276,-0.23286694353136705,0.9931108357554866
holdout_G03,withheld_geometry,Nuavg,D_only,0.8,0.80078125,615,0.3177745582295239,0.7429974524368376,1.1370759125974592,0.376181576865349,5.470799282231837,8.301407387532276,-0.2536741712914443,0.9928718633976507
holdout_G03,withheld_geometry,Nuavg,D_only,0.7,0.7005208333333334,538,0.35081335161627436,0.7926240521483905,1.2313554853103292,0.37672288271901994,6.168574328927149,8.301407387532276,-0.2906981948568918,0.9922918317835899
holdout_G03,withheld_geometry,Nuavg,V_only,0.95,0.9505208333333334,730,0.31403806415087554,0.7267525931532983,1.162184291752459,0.40526405267396626,5.323532529602562,8.302278065740914,-0.24760518798201045,0.9929786466417959
holdout_G03,withheld_geometry,Nuavg,V_only,0.9,0.9010416666666666,692,0.24506322516072,0.6197485020886981,0.9676934144957295,0.38643524277032615,4.806003808285797,8.221038894638635,-0.17498230087853578,0.9940231937943147
holdout_G03,withheld_geometry,Nuavg,V_only,0.8,0.80078125,615,0.20710054360242394,0.6084050376361682,0.7864061733597477,0.34678891182730404,4.632813808367596,8.221038894638635,-0.13153896528290535,0.994488008646158
holdout_G03,withheld_geometry,Nuavg,V_only,0.7,0.7005208333333334,538,0.21167318042627498,0.6455299460023363,0.7647726107218326,0.3200009813566986,4.7753037252722565,8.221038894638635,-0.14170216078066908,0.9934125917452276
holdout_G03,withheld_geometry,Nuavg,U_plus_D,0.95,0.9505208333333334,730,0.2804058369592118,0.6656960592937107,1.0617476687589915,0.3783200645536545,5.030911340516425,8.221038894638635,-0.2152130558128879,0.9939728552349868
holdout_G03,withheld_geometry,Nuavg,U_plus_D,0.9,0.9010416666666666,692,0.27688944757053613,0.6625245764573853,1.0383148523320622,0.3668712140786852,5.024838106379484,8.221038894638635,-0.21965572586721072,0.9940848819878182
holdout_G03,withheld_geometry,Nuavg,U_plus_D,0.8,0.80078125,615,0.188335711841118,0.46941635004775334,0.794881209613821,0.3242283442544351,4.497827632382133,7.853737447299516,-0.13571433679844302,0.9963663851320317
holdout_G03,withheld_geometry,Nuavg,U_plus_D,0.7,0.7005208333333334,538,0.17318952230006784,0.4371838647643356,0.7409723821100781,0.31125184069187894,4.0144232052275965,7.4491297686377225,-0.12153711128660291,0.9968144078384178
holdout_G03,withheld_geometry,Nuavg,U_plus_V,0.95,0.9505208333333334,730,0.29451789830874087,0.702470456069522,1.1014417353973724,0.3848115446921091,5.20282769393695,8.302278065740914,-0.23071550874474922,0.9934412481608084
holdout_G03,withheld_geometry,Nuavg,U_plus_V,0.9,0.9010416666666666,692,0.2992533829198407,0.7181970640751165,1.1045241136705695,0.37672288271901994,5.317134976292508,8.302278065740914,-0.23938158641881327,0.9932540115757871
holdout_G03,withheld_geometry,Nuavg,U_plus_V,0.8,0.80078125,615,0.21282486208783896,0.5311611095514357,0.8616053527001141,0.3382544246080511,4.7829842167844046,7.90783077834282,-0.1605793157338708,0.9956696271661298
holdout_G03,withheld_geometry,Nuavg,U_plus_V,0.7,0.7005208333333334,538,0.15717011588851756,0.40774514165563464,0.6892946929796362,0.302869085495293,2.8991464128721107,7.4491297686377225,-0.10462005134213812,0.9971822365201268
holdout_G03,withheld_geometry,Nuavg,D_plus_V,0.95,0.9505208333333334,730,0.32018836551614,0.7327165106224846,1.1810874902668516,0.39428594348323265,5.363488350918774,8.302278065740914,-0.25468362892882457,0.9929863862372893
holdout_G03,withheld_geometry,Nuavg,D_plus_V,0.9,0.9010416666666666,692,0.3004754505532325,0.7042114512164483,1.1265663972232423,0.3891641834085158,5.285589835469122,8.301407387532276,-0.23286694353136705,0.9931108357554866
holdout_G03,withheld_geometry,Nuavg,D_plus_V,0.8,0.80078125,615,0.3177745582295239,0.7429974524368376,1.1370759125974592,0.376181576865349,5.470799282231837,8.301407387532276,-0.2536741712914443,0.9928718633976507
holdout_G03,withheld_geometry,Nuavg,D_plus_V,0.7,0.7005208333333334,538,0.35081335161627436,0.7926240521483905,1.2313554853103292,0.37672288271901994,6.168574328927149,8.301407387532276,-0.2906981948568918,0.9922918317835899
holdout_G03,withheld_geometry,Nuavg,U_plus_D_plus_V,0.95,0.9505208333333334,730,0.2804058369592118,0.6656960592937107,1.0617476687589915,0.3783200645536545,5.030911340516425,8.221038894638635,-0.2152130558128879,0.9939728552349868
holdout_G03,withheld_geometry,Nuavg,U_plus_D_plus_V,0.9,0.9010416666666666,692,0.27688944757053613,0.6625245764573853,1.0383148523320622,0.3668712140786852,5.024838106379484,8.221038894638635,-0.21965572586721072,0.9940848819878182
holdout_G03,withheld_geometry,Nuavg,U_plus_D_plus_V,0.8,0.80078125,615,0.188335711841118,0.46941635004775334,0.794881209613821,0.3242283442544351,4.497827632382133,7.853737447299516,-0.13571433679844302,0.9963663851320317
holdout_G03,withheld_geometry,Nuavg,U_plus_D_plus_V,0.7,0.7005208333333334,538,0.17318952230006784,0.4371838647643356,0.7409723821100781,0.31125184069187894,4.0144232052275965,7.4491297686377225,-0.12153711128660291,0.9968144078384178
holdout_G03,withheld_geometry,Nuavg,U_2D_plus_V,0.95,0.9505208333333334,730,0.28063278469974046,0.6655608209926036,1.0648983101418197,0.3815767005168078,5.030911340516425,8.221038894638635,-0.2156392662403681,0.9939707784818775
holdout_G03,withheld_geometry,Nuavg,U_2D_plus_V,0.9,0.9010416666666666,692,0.245272007605933,0.5907946203269299,0.9739733015470747,0.36736696179354866,4.924003593877532,8.143732736881326,-0.18406861581085726,0.9947516424210586
holdout_G03,withheld_geometry,Nuavg,U_2D_plus_V,0.8,0.80078125,615,0.22294555173300143,0.5586657889791403,0.8884615338157901,0.3382544246080511,4.847086614432933,8.143732736881326,-0.17114273334286073,0.9952303989245301
holdout_G03,withheld_geometry,Nuavg,U_2D_plus_V,0.7,0.7005208333333334,538,0.1835946094754017,0.4609876172806234,0.7673395848108221,0.3057161551866012,4.480546537998453,7.4491297686377225,-0.1329121894155736,0.9965574052873619
holdout_G03,withheld_geometry,Nuavg,conservative_U_D_V_max,0.95,0.9505208333333334,730,0.30023909794219544,0.7075196013845295,1.121584488894198,0.39780661913548604,5.217650882157601,8.302278065740914,-0.23380622177333038,0.9932024265607318
holdout_G03,withheld_geometry,Nuavg,conservative_U_D_V_max,0.9,0.9010416666666666,692,0.2464329634341201,0.6278458969882112,0.9624835589674936,0.3787618407940341,4.8759906794220935,8.221038894638635,-0.17635203915193584,0.9940070566946475
holdout_G03,withheld_geometry,Nuavg,conservative_U_D_V_max,0.8,0.80078125,615,0.2587634087365623,0.6619835167526393,0.9634164350788019,0.3675885063036221,4.957620329154518,8.221038894638635,-0.19332371122282688,0.9937325556368297
holdout_G03,withheld_geometry,Nuavg,conservative_U_D_V_max,0.7,0.7005208333333334,538,0.2774285683841067,0.7040304734394879,1.0010644959420096,0.35184368798582294,5.284086480417401,8.221038894638635,-0.22279814206942303,0.9931890622723104
holdout_G03,withheld_geometry,Nuavg,learned_logistic_gate,0.95,0.9505208333333334,730,0.2961659860334005,0.6982612548547814,1.1050853403391023,0.3848115446921091,5.104339994138683,8.302278065740914,-0.2321773551857308,0.9935989175815418
holdout_G03,withheld_geometry,Nuavg,learned_logistic_gate,0.9,0.9010416666666666,692,0.26562382771045484,0.6492951186269482,1.0146234332069533,0.3708549009688792,4.965156596841764,8.302278065740914,-0.20568287248115316,0.9942295482245295
holdout_G03,withheld_geometry,Nuavg,learned_logistic_gate,0.8,0.80078125,615,0.2164649573994458,0.5576971399186444,0.8624375170547036,0.3384260569302373,4.764103816229337,8.301407387532276,-0.16088792806982022,0.9953476254854806
holdout_G03,withheld_geometry,Nuavg,learned_logistic_gate,0.7,0.7005208333333334,538,0.15263984010831128,0.400659055879657,0.6734942187281865,0.3003390852101814,2.405257983768452,7.4491297686377225,-0.10017358641783984,0.9972771657724339
holdout_G03,withheld_geometry,Nuavg,oracle_error_rank,0.95,0.9505208333333334,730,0.18640656674946823,0.4041117876157291,0.8385376013449306,0.3718514437381645,3.985293492487563,5.288345986397278,-0.11970407005205541,0.9971577376206605
holdout_G03,withheld_geometry,Nuavg,oracle_error_rank,0.9,0.9010416666666666,692,0.1147196975156751,0.21318904407349157,0.6223248932970056,0.35387544397057275,2.1458902624991936,3.968813017847133,-0.044354346953375465,0.9990086132087155
holdout_G03,withheld_geometry,Nuavg,oracle_error_rank,0.8,0.80078125,615,0.06490496956926047,0.09631508533074341,0.4118729267629971,0.29941551512706144,1.2991154027947422,1.6364673690882439,-0.0077956675087533294,0.999775058733937
holdout_G03,withheld_geometry,Nuavg,oracle_error_rank,0.7,0.7005208333333334,538,0.04472654018473001,0.05993054299799045,0.29554518091990784,0.26077635926732645,0.7090401382519832,0.8343610084569546,0.004586813292095668,0.9999083649843098
holdout_G03,withheld_geometry,Nuavg,random_rejection,0.95,0.9505208333333334,730,0.31180915163641104,0.7248407287619416,1.1500842690162965,0.39428594348323265,5.323532529602562,8.302278065740914,-0.2464225506257357,0.9932271290096596
holdout_G03,withheld_geometry,Nuavg,random_rejection,0.9,0.9010416666666666,692,0.31082748166784385,0.7274901310157945,1.1451056716704502,0.3924586054091841,5.361458017933142,8.302278065740914,-0.24515423659175803,0.9932365090460608
holdout_G03,withheld_geometry,Nuavg,random_rejection,0.8,0.80078125,615,0.3233330683762465,0.7512413173815548,1.1717349613364794,0.3908564098426229,5.7948742788921495,8.302278065740914,-0.260314878420946,0.9930386545598281
holdout_G03,withheld_geometry,Nuavg,random_rejection,0.7,0.7005208333333334,538,0.33333709233790965,0.7754459576846509,1.1856744170579991,0.3879114692189388,6.131922305452053,8.302278065740914,-0.2670075061755552,0.9928181357794265
holdout_G03,withheld_geometry,DelP_Pa,U_only,0.95,0.9505208333333334,730,1.3321405372642718,4.210930254580026,0.3541258187931049,0.28844460929610843,0.8952110205765943,2.7759553450025662,-0.5103927927289881,0.9999586791424289
holdout_G03,withheld_geometry,DelP_Pa,U_only,0.9,0.9010416666666666,692,1.3570653503536663,4.295366892518694,0.34053927293414976,0.2827145382199183,0.840738993509044,1.7838335022836291,-0.5509894809843877,0.9999589141006737
holdout_G03,withheld_geometry,DelP_Pa,U_only,0.8,0.80078125,615,1.459646416282507,4.546309953554197,0.3303824687337715,0.2753158710336763,0.8137007499428629,1.7838335022836291,-0.6320589665545037,0.9999584549964698
holdout_G03,withheld_geometry,DelP_Pa,U_only,0.7,0.7005208333333334,538,1.5927027587494766,4.845630367251316,0.33261536299109223,0.27513917568073737,0.82174685326199,1.7838335022836291,-0.7343357306465403,0.9999580495184476
holdout_G03,withheld_geometry,DelP_Pa,D_only,0.95,0.9505208333333334,730,1.3398584939262919,4.190148122060637,0.3839259371242856,0.29996496696872904,1.0230597438544788,4.318589698584375,-0.5035843136759183,0.9999574141568704
holdout_G03,withheld_geometry,DelP_Pa,D_only,0.9,0.9010416666666666,692,1.3929837510101697,4.301429970187588,0.38878507082141683,0.3009888512113501,1.0377390624791847,4.318589698584375,-0.5192515721487456,0.9999571864682688
holdout_G03,withheld_geometry,DelP_Pa,D_only,0.8,0.80078125,615,1.1623482877243032,3.585536960935764,0.3775124608781808,0.297891781397007,1.0362265777823338,2.7759553450025662,-0.3515434001239394,0.9999630350148793
holdout_G03,withheld_geometry,DelP_Pa,D_only,0.7,0.7005208333333334,538,1.2571231773972407,3.80840711574251,0.3681489751712428,0.29367876634815315,1.015453524732154,2.2349395365162623,-0.373438137511948,0.9999617772841691
holdout_G03,withheld_geometry,DelP_Pa,V_only,0.95,0.9505208333333334,730,1.3168667973114712,4.160751428503906,0.37911977482349957,0.29861506319627407,1.0172319110989874,4.318589698584375,-0.5050459372591083,0.999957697446629
holdout_G03,withheld_geometry,DelP_Pa,V_only,0.9,0.9010416666666666,692,1.2277307340460397,3.8566796401296815,0.38429077483746077,0.3003660266167713,1.0208122514810412,4.318589698584375,-0.441504233012654,0.9999593419072513
holdout_G03,withheld_geometry,DelP_Pa,V_only,0.8,0.80078125,615,0.8088052332609019,2.5428501420819045,0.38476835348949817,0.30019361094964725,1.022915742922766,4.318589698584375,-0.24078677546285984,0.9999689921593774
holdout_G03,withheld_geometry,DelP_Pa,V_only,0.7,0.7005208333333334,538,0.8227890446471735,2.6930014985871886,0.39937950082506113,0.3084331925174151,1.0707732375260752,4.318589698584375,-0.2578150610475345,0.9999653327912849
holdout_G03,withheld_geometry,DelP_Pa,U_plus_D,0.95,0.9505208333333334,730,1.3118109850184707,4.191142559429318,0.348551018913195,0.28844460929610843,0.8833208311556989,1.7838335022836291,-0.5017168886286165,0.9999590613433166
holdout_G03,withheld_geometry,DelP_Pa,U_plus_D,0.9,0.9010416666666666,692,1.3376721346247777,4.290144971813137,0.3406388390842467,0.2835317247232757,0.8441725819325354,1.7838335022836291,-0.5501815713718666,0.9999590896972251
holdout_G03,withheld_geometry,DelP_Pa,U_plus_D,0.8,0.80078125,615,1.4634949496139293,4.546525417011344,0.33383615812080525,0.2771051620422201,0.8302147960123831,1.7838335022836291,-0.624733802858873,0.9999584215362992
holdout_G03,withheld_geometry,DelP_Pa,U_plus_D,0.7,0.7005208333333334,538,1.592281681765744,4.840141124107147,0.33478868541388296,0.2775768341885627,0.82174685326199,1.7838335022836291,-0.7002324193860321,0.9999580160687489
holdout_G03,withheld_geometry,DelP_Pa,U_plus_V,0.95,0.9505208333333334,730,1.3321405372642718,4.210930254580026,0.3541258187931049,0.28844460929610843,0.8952110205765943,2.7759553450025662,-0.5103927927289881,0.9999586791424289
holdout_G03,withheld_geometry,DelP_Pa,U_plus_V,0.9,0.9010416666666666,692,1.3570653503536663,4.295366892518694,0.34053927293414976,0.2827145382199183,0.840738993509044,1.7838335022836291,-0.5509894809843877,0.9999589141006737
holdout_G03,withheld_geometry,DelP_Pa,U_plus_V,0.8,0.80078125,615,1.459646416282507,4.546309953554197,0.3303824687337715,0.2753158710336763,0.8137007499428629,1.7838335022836291,-0.6320589665545037,0.9999584549964698
holdout_G03,withheld_geometry,DelP_Pa,U_plus_V,0.7,0.7005208333333334,538,1.5927027587494766,4.845630367251316,0.33261536299109223,0.27513917568073737,0.82174685326199,1.7838335022836291,-0.7343357306465403,0.9999580495184476
holdout_G03,withheld_geometry,DelP_Pa,D_plus_V,0.95,0.9505208333333334,730,1.3398584939262919,4.190148122060637,0.3839259371242856,0.29996496696872904,1.0230597438544788,4.318589698584375,-0.5035843136759183,0.9999574141568704
holdout_G03,withheld_geometry,DelP_Pa,D_plus_V,0.9,0.9010416666666666,692,1.3929837510101697,4.301429970187588,0.38878507082141683,0.3009888512113501,1.0377390624791847,4.318589698584375,-0.5192515721487456,0.9999571864682688
holdout_G03,withheld_geometry,DelP_Pa,D_plus_V,0.8,0.80078125,615,1.1623482877243032,3.585536960935764,0.3775124608781808,0.297891781397007,1.0362265777823338,2.7759553450025662,-0.3515434001239394,0.9999630350148793
holdout_G03,withheld_geometry,DelP_Pa,D_plus_V,0.7,0.7005208333333334,538,1.2571231773972407,3.80840711574251,0.3681489751712428,0.29367876634815315,1.015453524732154,2.2349395365162623,-0.373438137511948,0.9999617772841691
holdout_G03,withheld_geometry,DelP_Pa,U_plus_D_plus_V,0.95,0.9505208333333334,730,1.3118109850184707,4.191142559429318,0.348551018913195,0.28844460929610843,0.8833208311556989,1.7838335022836291,-0.5017168886286165,0.9999590613433166
holdout_G03,withheld_geometry,DelP_Pa,U_plus_D_plus_V,0.9,0.9010416666666666,692,1.3376721346247777,4.290144971813137,0.3406388390842467,0.2835317247232757,0.8441725819325354,1.7838335022836291,-0.5501815713718666,0.9999590896972251
holdout_G03,withheld_geometry,DelP_Pa,U_plus_D_plus_V,0.8,0.80078125,615,1.4634949496139293,4.546525417011344,0.33383615812080525,0.2771051620422201,0.8302147960123831,1.7838335022836291,-0.624733802858873,0.9999584215362992
holdout_G03,withheld_geometry,DelP_Pa,U_plus_D_plus_V,0.7,0.7005208333333334,538,1.592281681765744,4.840141124107147,0.33478868541388296,0.2775768341885627,0.82174685326199,1.7838335022836291,-0.7002324193860321,0.9999580160687489
holdout_G03,withheld_geometry,DelP_Pa,U_2D_plus_V,0.95,0.9505208333333334,730,1.3034384939544945,4.184436059127693,0.34827604770239473,0.28844460929610843,0.8833208311556989,1.7838335022836291,-0.5100893796925926,0.999959193265789
holdout_G03,withheld_geometry,DelP_Pa,U_2D_plus_V,0.9,0.9010416666666666,692,1.3381737997475682,4.290187154410672,0.3411449353379793,0.2835317247232757,0.8534738745394524,1.7838335022836291,-0.5506246469567826,0.9999590884681034
holdout_G03,withheld_geometry,DelP_Pa,U_2D_plus_V,0.8,0.80078125,615,1.4420095043090697,4.537729799721023,0.3395983794467887,0.2805313425974067,0.8515734301122622,1.7838335022836291,-0.6224570578093584,0.9999587107686245
holdout_G03,withheld_geometry,DelP_Pa,U_2D_plus_V,0.7,0.7005208333333334,538,1.4437124355881759,4.424087766699557,0.337927925249875,0.2765772696268049,0.8606817847993995,1.7838335022836291,-0.5622108681435637,0.9999615239314257
holdout_G03,withheld_geometry,DelP_Pa,conservative_U_D_V_max,0.95,0.9505208333333334,730,1.3608502452072024,4.229790679950374,0.38688367788335426,0.3002754145558425,1.038747385610419,4.318589698584375,-0.5220989694430158,0.9999582789946657
holdout_G03,withheld_geometry,DelP_Pa,conservative_U_D_V_max,0.9,0.9010416666666666,692,1.3900665473437193,4.311856993420676,0.3929792083553752,0.3034875236983937,1.0522921091256985,4.318589698584375,-0.5395931454146979,0.9999583734187869
holdout_G03,withheld_geometry,DelP_Pa,conservative_U_D_V_max,0.8,0.80078125,615,1.1974066946203816,3.642183482429287,0.3880170232425336,0.30496153336544257,1.0654998859505376,2.7759553450025662,-0.37854683085355906,0.999963867677468
holdout_G03,withheld_geometry,DelP_Pa,conservative_U_D_V_max,0.7,0.7005208333333334,538,1.3030170179578004,3.879174446745417,0.37711405478051735,0.3003660266167713,1.015453524732154,2.2349395365162623,-0.4238150434827777,0.9999626196203341
holdout_G03,withheld_geometry,DelP_Pa,oracle_error_rank,0.95,0.9505208333333334,730,1.1513917627503407,3.9678199987894502,0.3249921018946045,0.2835317247232757,0.785066069969188,1.023318945531562,-0.39370425762939787,0.9999631231068564
holdout_G03,withheld_geometry,DelP_Pa,oracle_error_rank,0.9,0.9010416666666666,692,1.0089289705814581,3.4285065667278416,0.29386202941599504,0.27160378792938655,0.657476734477066,0.7765817891375282,-0.28346813334191623,0.9999700158377303
holdout_G03,withheld_geometry,DelP_Pa,oracle_error_rank,0.8,0.80078125,615,0.6905442821911644,2.081431049318349,0.2489563799471862,0.24632958739046384,0.5040457349418217,0.5517027426763829,-0.0050687647410929595,0.9999841136280014
holdout_G03,withheld_geometry,DelP_Pa,oracle_error_rank,0.7,0.7005208333333334,538,0.4957419913901395,1.3144841083181955,0.21462040909646524,0.21782400489722636,0.41083906060306696,0.4344176423722632,0.05037012174775236,0.9999909545974639
holdout_G03,withheld_geometry,DelP_Pa,random_rejection,0.95,0.9505208333333334,730,1.2326597423889938,3.926576679209875,0.37893928411282085,0.291274411902247,1.0211632860853448,4.318589698584375,-0.47921708434471055,0.9999597434772797
holdout_G03,withheld_geometry,DelP_Pa,random_rejection,0.9,0.9010416666666666,692,1.1949922336966863,3.83037128095771,0.38121689492739985,0.291274411902247,1.0230021434817937,4.318589698584375,-0.4446268554389366,0.9999594705802544
holdout_G03,withheld_geometry,DelP_Pa,random_rejection,0.8,0.80078125,615,1.2344890107904174,4.006661590537958,0.37773307161813063,0.2886563676582627,1.020285699574586,4.318589698584375,-0.5045075876130108,0.9999586135197251
holdout_G03,withheld_geometry,DelP_Pa,random_rejection,0.7,0.7005208333333334,538,1.2356032615965968,3.9856649019097663,0.3828926820166202,0.28907201200020644,1.0248013449601223,4.318589698584375,-0.5185251526157123,0.9999573073655065
holdout_G04,withheld_geometry,Nuavg,U_only,0.95,0.9505208333333334,730,0.5776374474993146,1.1358247857972674,2.4481393302133787,1.5641431044886274,7.871908772875305,12.582609587280617,0.18019089582678394,0.9825517580849837
holdout_G04,withheld_geometry,Nuavg,U_only,0.9,0.9010416666666666,692,0.5842588375466409,1.1549598104675767,2.4799810709193753,1.6052652923448372,8.677781865185837,12.582609587280617,0.1823801100890761,0.9819328724614693
holdout_G04,withheld_geometry,Nuavg,U_only,0.8,0.80078125,615,0.6060811154943947,1.2091355444820107,2.458259480127029,1.4226401155559467,8.769392794661437,12.582609587280617,0.15464072077557325,0.9821316290969117
holdout_G04,withheld_geometry,Nuavg,U_only,0.7,0.7005208333333334,538,0.6008629961063428,1.2409380162785049,2.4032642855510398,1.4661797815737083,8.987968519583395,12.582609587280617,0.10114935038116343,0.9826636432983115
holdout_G04,withheld_geometry,Nuavg,D_only,0.95,0.9505208333333334,730,0.5884035572355089,1.1396667205886162,2.4895989356021575,1.6972694059719977,7.871908772875305,12.582609587280617,0.17457233868115576,0.982592248119366
holdout_G04,withheld_geometry,Nuavg,D_only,0.9,0.9010416666666666,692,0.6026114055831997,1.1571167186112072,2.548488044628262,1.7947742807724576,8.222737939865809,12.582609587280617,0.1817561253365754,0.9822113542405105
holdout_G04,withheld_geometry,Nuavg,D_only,0.8,0.80078125,615,0.6093431189733987,1.1871172549561713,2.5571474655265547,1.8000239637762212,8.746973203972725,12.582609587280617,0.1619663596027654,0.9816739090218057
holdout_G04,withheld_geometry,Nuavg,D_only,0.7,0.7005208333333334,538,0.6552043961705772,1.2357191275978103,2.705694517726087,1.8593242714061162,8.806364802212931,12.582609587280617,0.17853256476306567,0.9809315998202403
holdout_G04,withheld_geometry,Nuavg,V_only,0.95,0.9505208333333334,730,0.5969554809214972,1.143073348187892,2.530915612469629,1.7947742807724576,7.871908772875305,12.582609587280617,0.18597703509396077,0.9819707484653291
holdout_G04,withheld_geometry,Nuavg,V_only,0.9,0.9010416666666666,692,0.5487920865692845,1.0951776773910802,2.4209502304748622,1.6734122514190841,7.710650365143005,12.582609587280617,0.18024076008658887,0.981165877653006
holdout_G04,withheld_geometry,Nuavg,V_only,0.8,0.80078125,615,0.5661728674490083,1.1437032974123014,2.4573331504572398,1.622870900827766,8.126822347600095,12.582609587280617,0.17116601625768155,0.9805658612295833
holdout_G04,withheld_geometry,Nuavg,V_only,0.7,0.7005208333333334,538,0.46977460969832757,1.0743084146439321,2.0402335289403424,1.270766730369358,6.949314139163996,12.582609587280617,0.018315035766828476,0.9830342146555111
holdout_G04,withheld_geometry,Nuavg,U_plus_D,0.95,0.9505208333333334,730,0.5707470458294595,1.1223107076989773,2.438501946355221,1.626405748161377,7.853515512282067,12.582609587280617,0.180023790690801,0.9827035250076278
holdout_G04,withheld_geometry,Nuavg,U_plus_D,0.9,0.9010416666666666,692,0.5752986737466272,1.1363390934215347,2.449231535085237,1.6553335545266397,8.222737939865809,12.582609587280617,0.1820196520237565,0.9823882111862208
holdout_G04,withheld_geometry,Nuavg,U_plus_D,0.8,0.80078125,615,0.5970628401767142,1.1788949458600688,2.5271757704834714,1.7266567739957879,8.746973203972725,12.582609587280617,0.188196177340872,0.9817382797290755
holdout_G04,withheld_geometry,Nuavg,U_plus_D,0.7,0.7005208333333334,538,0.5923629672621264,1.1940799628745111,2.514179590259866,1.7047894738340967,8.75654536073641,12.582609587280617,0.18059955272745476,0.9810633297338408
holdout_G04,withheld_geometry,Nuavg,U_plus_V,0.95,0.9505208333333334,730,0.5776374474993146,1.1358247857972674,2.4481393302133787,1.5641431044886274,7.871908772875305,12.582609587280617,0.18019089582678394,0.9825517580849837
holdout_G04,withheld_geometry,Nuavg,U_plus_V,0.9,0.9010416666666666,692,0.5842588375466409,1.1549598104675767,2.4799810709193753,1.6052652923448372,8.677781865185837,12.582609587280617,0.1823801100890761,0.9819328724614693
holdout_G04,withheld_geometry,Nuavg,U_plus_V,0.8,0.80078125,615,0.6060811154943947,1.2091355444820107,2.458259480127029,1.4226401155559467,8.769392794661437,12.582609587280617,0.15464072077557325,0.9821316290969117
holdout_G04,withheld_geometry,Nuavg,U_plus_V,0.7,0.7005208333333334,538,0.6008629961063428,1.2409380162785049,2.4032642855510398,1.4661797815737083,8.987968519583395,12.582609587280617,0.10114935038116343,0.9826636432983115
holdout_G04,withheld_geometry,Nuavg,D_plus_V,0.95,0.9505208333333334,730,0.5884035572355089,1.1396667205886162,2.4895989356021575,1.6972694059719977,7.871908772875305,12.582609587280617,0.17457233868115576,0.982592248119366
holdout_G04,withheld_geometry,Nuavg,D_plus_V,0.9,0.9010416666666666,692,0.6026114055831997,1.1571167186112072,2.548488044628262,1.7947742807724576,8.222737939865809,12.582609587280617,0.1817561253365754,0.9822113542405105
holdout_G04,withheld_geometry,Nuavg,D_plus_V,0.8,0.80078125,615,0.6093431189733987,1.1871172549561713,2.5571474655265547,1.8000239637762212,8.746973203972725,12.582609587280617,0.1619663596027654,0.9816739090218057
holdout_G04,withheld_geometry,Nuavg,D_plus_V,0.7,0.7005208333333334,538,0.6552043961705772,1.2357191275978103,2.705694517726087,1.8593242714061162,8.806364802212931,12.582609587280617,0.17853256476306567,0.9809315998202403
holdout_G04,withheld_geometry,Nuavg,U_plus_D_plus_V,0.95,0.9505208333333334,730,0.5707470458294595,1.1223107076989773,2.438501946355221,1.626405748161377,7.853515512282067,12.582609587280617,0.180023790690801,0.9827035250076278
holdout_G04,withheld_geometry,Nuavg,U_plus_D_plus_V,0.9,0.9010416666666666,692,0.5752986737466272,1.1363390934215347,2.449231535085237,1.6553335545266397,8.222737939865809,12.582609587280617,0.1820196520237565,0.9823882111862208
holdout_G04,withheld_geometry,Nuavg,U_plus_D_plus_V,0.8,0.80078125,615,0.5970628401767142,1.1788949458600688,2.5271757704834714,1.7266567739957879,8.746973203972725,12.582609587280617,0.188196177340872,0.9817382797290755
holdout_G04,withheld_geometry,Nuavg,U_plus_D_plus_V,0.7,0.7005208333333334,538,0.5923629672621264,1.1940799628745111,2.514179590259866,1.7047894738340967,8.75654536073641,12.582609587280617,0.18059955272745476,0.9810633297338408
holdout_G04,withheld_geometry,Nuavg,U_2D_plus_V,0.95,0.9505208333333334,730,0.573661063744532,1.1245420585366792,2.4494567786381927,1.63994767446676,7.853515512282067,12.582609587280617,0.18322423775241806,0.9826659817667603
holdout_G04,withheld_geometry,Nuavg,U_2D_plus_V,0.9,0.9010416666666666,692,0.5780726344577151,1.1383551366475255,2.4579241385610753,1.6734122514190841,8.222737939865809,12.582609587280617,0.17949486853318414,0.982420274800113
holdout_G04,withheld_geometry,Nuavg,U_2D_plus_V,0.8,0.80078125,615,0.5996136669003868,1.1773678026001158,2.5306572793410567,1.7306110273275472,8.723345073550258,12.582609587280617,0.171408417896798,0.9816019017462171
holdout_G04,withheld_geometry,Nuavg,U_2D_plus_V,0.7,0.7005208333333334,538,0.6242230989335639,1.2247337869771406,2.627046269332475,1.822137076943224,8.777630906796821,12.582609587280617,0.17343527209484005,0.9810360784596325
holdout_G04,withheld_geometry,Nuavg,conservative_U_D_V_max,0.95,0.9505208333333334,730,0.5732293299844821,1.1299175352051585,2.4545464466749713,1.63994767446676,7.871908772875305,12.582609587280617,0.1943605673259579,0.9822709884310113
holdout_G04,withheld_geometry,Nuavg,conservative_U_D_V_max,0.9,0.9010416666666666,692,0.5827423223859315,1.153120178662197,2.4869843799030207,1.6222416959204056,8.677781865185837,12.582609587280617,0.1993014517017872,0.9817087829160706
holdout_G04,withheld_geometry,Nuavg,conservative_U_D_V_max,0.8,0.80078125,615,0.597696934355449,1.1999658942994318,2.4447555885387744,1.4617200453187702,8.769392794661437,12.582609587280617,0.16699141535813247,0.9819515126984742
holdout_G04,withheld_geometry,Nuavg,conservative_U_D_V_max,0.7,0.7005208333333334,538,0.6045297461981224,1.242590508376432,2.415370299854204,1.4278586170546563,8.987968519583395,12.582609587280617,0.1137337414255816,0.9821865735047038
holdout_G04,withheld_geometry,Nuavg,oracle_error_rank,0.95,0.9505208333333334,730,0.4029749132506489,0.6662760499775031,2.058319697487768,1.5432332688740464,6.531316606021451,7.835621995492693,0.24552437857431914,0.990704312541299
holdout_G04,withheld_geometry,Nuavg,oracle_error_rank,0.9,0.9010416666666666,692,0.3141756374557584,0.4878577514022556,1.7689699037610576,1.3943659192401527,4.809058035738524,6.269752478205502,0.18206004217070657,0.9941870531913427
holdout_G04,withheld_geometry,Nuavg,oracle_error_rank,0.8,0.80078125,615,0.20569313084796195,0.274552265339079,1.379115176072478,1.0678427844732346,3.364504120773989,3.8391786250169773,0.16351992271113208,0.9972301396827277
holdout_G04,withheld_geometry,Nuavg,oracle_error_rank,0.7,0.7005208333333334,538,0.1701004951023258,0.23536196411150745,1.0998773914279238,0.8690462578407873,2.6990234338718815,2.986906396155726,0.12189134453699053,0.9981754300841142
holdout_G04,withheld_geometry,Nuavg,random_rejection,0.95,0.9505208333333334,730,0.5793355983577363,1.1346709656222183,2.435771962428189,1.6139347661823646,7.857268622774906,12.582609587280617,0.16760631678751076,0.9827259191773198
holdout_G04,withheld_geometry,Nuavg,random_rejection,0.9,0.9010416666666666,692,0.5778417736957528,1.1246753467105757,2.4368850302670433,1.611980609267757,7.853332872359958,12.582609587280617,0.1784600525122847,0.983017616972981
holdout_G04,withheld_geometry,Nuavg,random_rejection,0.8,0.80078125,615,0.5894535168531465,1.1404017223398102,2.457551264667379,1.6106344825166081,8.667779921281422,12.582609587280617,0.17429653900146488,0.9831217861302551
holdout_G04,withheld_geometry,Nuavg,random_rejection,0.7,0.7005208333333334,538,0.6029236168843665,1.1678094594403152,2.4842071267502996,1.5849386589641332,8.657777977377005,12.582609587280617,0.1670055789933329,0.9829172357564748
holdout_G04,withheld_geometry,DelP_Pa,U_only,0.95,0.9505208333333334,730,4.316748466027704,10.184813638782565,1.5441753326491885,1.4420825533292043,3.4106606571875164,4.636163982297395,-0.9717367843040441,0.9997740760693327
holdout_G04,withheld_geometry,DelP_Pa,U_only,0.9,0.9010416666666666,692,4.428157893787391,10.428863192932733,1.5858728478892135,1.5277795335419326,3.458539609136075,4.636163982297395,-0.9714814339848453,0.9997724835752747
holdout_G04,withheld_geometry,DelP_Pa,U_only,0.8,0.80078125,615,4.3224573232070345,9.856661368783765,1.6004099768597357,1.5356276609309347,3.483481995499657,4.636163982297395,-1.4058698313687787,0.9997805689367782
holdout_G04,withheld_geometry,DelP_Pa,U_only,0.7,0.7005208333333334,538,4.093855517152971,9.409686274270031,1.6318261549901347,1.5455496113871239,3.4887930850266105,4.636163982297395,-1.7831996301549025,0.9997663069312971
holdout_G04,withheld_geometry,DelP_Pa,D_only,0.95,0.9505208333333334,730,4.312213242875223,10.155281608622035,1.5311904273519938,1.4398155643455268,3.3722593736189284,4.589500792961471,-0.9997044437864497,0.9997726415607303
holdout_G04,withheld_geometry,DelP_Pa,D_only,0.9,0.9010416666666666,692,4.448347978695148,10.396750753084339,1.5455310873709611,1.4562863626460947,3.3949866126583124,4.589500792961471,-0.9634894047105834,0.9997719658807526
holdout_G04,withheld_geometry,DelP_Pa,D_only,0.8,0.80078125,615,4.4633335091044914,10.49138823463007,1.538447291618642,1.487628184281514,3.342011334131575,4.589500792961471,-0.8804063113149104,0.9997750788215756
holdout_G04,withheld_geometry,DelP_Pa,D_only,0.7,0.7005208333333334,538,4.701725006206559,10.860252562252313,1.5768179260499176,1.565545027864591,3.331041549040889,4.589500792961471,-0.801199453748,0.9997730085826756
holdout_G04,withheld_geometry,DelP_Pa,V_only,0.95,0.9505208333333334,730,4.267586406911572,9.956341298259469,1.5497914058462687,1.4813056915907779,3.426845609092042,4.636163982297395,-1.10226973963034,0.9997728515454707
holdout_G04,withheld_geometry,DelP_Pa,V_only,0.9,0.9010416666666666,692,3.93753595262737,9.241969639100084,1.5234298562163222,1.4398155643455268,3.344976015149422,4.589500792961471,-1.2597811396741978,0.9997813035027924
holdout_G04,withheld_geometry,DelP_Pa,V_only,0.8,0.80078125,615,2.6398774084575503,6.188119678268161,1.4585996179066194,1.3753462695045853,3.0932403067550163,4.589500792961471,-1.535280660943309,0.9998276047981709
holdout_G04,withheld_geometry,DelP_Pa,V_only,0.7,0.7005208333333334,538,2.2486443823825395,6.117688010741178,1.3904919921576269,1.3318236889276007,2.917971760937649,4.084075962368924,-1.0105591283405186,0.9998320172406122
holdout_G04,withheld_geometry,DelP_Pa,U_plus_D,0.95,0.9505208333333334,730,4.343799405618094,10.185183538720288,1.546528552826454,1.4489988254648538,3.4106606571875164,4.636163982297395,-1.0388392236023891,0.9997720627431517
holdout_G04,withheld_geometry,DelP_Pa,U_plus_D,0.9,0.9010416666666666,692,4.331345763778439,10.065219565968995,1.5643167772126567,1.4813056915907779,3.4104896150759196,4.636163982297395,-1.1039928101997627,0.999776874808376
holdout_G04,withheld_geometry,DelP_Pa,U_plus_D,0.8,0.80078125,615,4.461780983734688,10.237981642875758,1.602283276167384,1.5495302731957379,3.3909684364086528,4.589500792961471,-1.1849875361623732,0.9997777022695419
holdout_G04,withheld_geometry,DelP_Pa,U_plus_D,0.7,0.7005208333333334,538,4.305939100217267,9.509941179811634,1.6168523677069129,1.5600938009439531,3.409976488741129,4.589500792961471,-1.664960300243713,0.9997818871429949
holdout_G04,withheld_geometry,DelP_Pa,U_plus_V,0.95,0.9505208333333334,730,4.316748466027704,10.184813638782565,1.5441753326491885,1.4420825533292043,3.4106606571875164,4.636163982297395,-0.9717367843040441,0.9997740760693327
holdout_G04,withheld_geometry,DelP_Pa,U_plus_V,0.9,0.9010416666666666,692,4.428157893787391,10.428863192932733,1.5858728478892135,1.5277795335419326,3.458539609136075,4.636163982297395,-0.9714814339848453,0.9997724835752747
holdout_G04,withheld_geometry,DelP_Pa,U_plus_V,0.8,0.80078125,615,4.3224573232070345,9.856661368783765,1.6004099768597357,1.5356276609309347,3.483481995499657,4.636163982297395,-1.4058698313687787,0.9997805689367782
holdout_G04,withheld_geometry,DelP_Pa,U_plus_V,0.7,0.7005208333333334,538,4.093855517152971,9.409686274270031,1.6318261549901347,1.5455496113871239,3.4887930850266105,4.636163982297395,-1.7831996301549025,0.9997663069312971
holdout_G04,withheld_geometry,DelP_Pa,D_plus_V,0.95,0.9505208333333334,730,4.312213242875223,10.155281608622035,1.5311904273519938,1.4398155643455268,3.3722593736189284,4.589500792961471,-0.9997044437864497,0.9997726415607303
holdout_G04,withheld_geometry,DelP_Pa,D_plus_V,0.9,0.9010416666666666,692,4.448347978695148,10.396750753084339,1.5455310873709611,1.4562863626460947,3.3949866126583124,4.589500792961471,-0.9634894047105834,0.9997719658807526
holdout_G04,withheld_geometry,DelP_Pa,D_plus_V,0.8,0.80078125,615,4.4633335091044914,10.49138823463007,1.538447291618642,1.487628184281514,3.342011334131575,4.589500792961471,-0.8804063113149104,0.9997750788215756
holdout_G04,withheld_geometry,DelP_Pa,D_plus_V,0.7,0.7005208333333334,538,4.701725006206559,10.860252562252313,1.5768179260499176,1.565545027864591,3.331041549040889,4.589500792961471,-0.801199453748,0.9997730085826756
holdout_G04,withheld_geometry,DelP_Pa,U_plus_D_plus_V,0.95,0.9505208333333334,730,4.343799405618094,10.185183538720288,1.546528552826454,1.4489988254648538,3.4106606571875164,4.636163982297395,-1.0388392236023891,0.9997720627431517
holdout_G04,withheld_geometry,DelP_Pa,U_plus_D_plus_V,0.9,0.9010416666666666,692,4.331345763778439,10.065219565968995,1.5643167772126567,1.4813056915907779,3.4104896150759196,4.636163982297395,-1.1039928101997627,0.999776874808376
holdout_G04,withheld_geometry,DelP_Pa,U_plus_D_plus_V,0.8,0.80078125,615,4.461780983734688,10.237981642875758,1.602283276167384,1.5495302731957379,3.3909684364086528,4.589500792961471,-1.1849875361623732,0.9997777022695419
holdout_G04,withheld_geometry,DelP_Pa,U_plus_D_plus_V,0.7,0.7005208333333334,538,4.305939100217267,9.509941179811634,1.6168523677069129,1.5600938009439531,3.409976488741129,4.589500792961471,-1.664960300243713,0.9997818871429949
holdout_G04,withheld_geometry,DelP_Pa,U_2D_plus_V,0.95,0.9505208333333334,730,4.365659771260998,10.192308191767664,1.5454840290023373,1.4420825533292043,3.4106606571875164,4.636163982297395,-1.06110779188108,0.9997716662533778
holdout_G04,withheld_geometry,DelP_Pa,U_2D_plus_V,0.9,0.9010416666666666,692,4.391041790074546,10.364609202175743,1.541883279350484,1.4551490825638336,3.3499805118223653,4.589500792961471,-1.0042401274282928,0.9997709689848903
holdout_G04,withheld_geometry,DelP_Pa,U_2D_plus_V,0.8,0.80078125,615,4.543793940992735,10.538226774271982,1.57638877897201,1.5328121799445258,3.356857043529602,4.589500792961471,-1.0225097604387658,0.9997731709673477
holdout_G04,withheld_geometry,DelP_Pa,U_2D_plus_V,0.7,0.7005208333333334,538,4.501370778397118,10.32795118221724,1.5821846873149257,1.5413204970718941,3.3467808752446397,4.589500792961471,-1.129285703300352,0.999774685636879
holdout_G04,withheld_geometry,DelP_Pa,conservative_U_D_V_max,0.95,0.9505208333333334,730,4.337714773452014,10.191476250583756,1.5302678680856563,1.4398155643455268,3.3722593736189284,4.589500792961471,-0.9977094061504443,0.9997730824471912
holdout_G04,withheld_geometry,DelP_Pa,conservative_U_D_V_max,0.9,0.9010416666666666,692,4.465918291507141,10.440114913489394,1.5514089468268246,1.4813056915907779,3.3949866126583124,4.589500792961471,-0.9552936448137149,0.9997724280100919
holdout_G04,withheld_geometry,DelP_Pa,conservative_U_D_V_max,0.8,0.80078125,615,4.609398468051608,10.903688021724868,1.5885586497617257,1.553612464275843,3.3909684364086528,4.589500792961471,-0.7844159265702794,0.9997711951710828
holdout_G04,withheld_geometry,DelP_Pa,conservative_U_D_V_max,0.7,0.7005208333333334,538,4.607541450707326,10.737544291315853,1.5900593459132248,1.5629714275315898,3.409976488741129,4.589500792961471,-0.9662231151173403,0.9997760508050932
holdout_G04,withheld_geometry,DelP_Pa,oracle_error_rank,0.95,0.9505208333333334,730,4.08645663921231,10.088013792397907,1.401711666512333,1.3601951208438208,2.934093917792091,3.4097199255737336,-0.7240485184529457,0.9997788246303146
holdout_G04,withheld_geometry,DelP_Pa,oracle_error_rank,0.9,0.9010416666666666,692,4.010597020782705,10.25688215911698,1.3052614588739433,1.3148288520403217,2.6924310475867617,2.9244712529042696,-0.4635479916579429,0.9997823198055154
holdout_G04,withheld_geometry,DelP_Pa,oracle_error_rank,0.8,0.80078125,615,4.028617555007508,10.688076452909378,1.1323604484146625,1.166558317483979,2.238757886462585,2.4675536120396218,-0.03746645231753112,0.9997863948145348
holdout_G04,withheld_geometry,DelP_Pa,oracle_error_rank,0.7,0.7005208333333334,538,3.880038820293506,11.067523615194379,0.9782162835618953,0.9968892264111623,1.8282482352014167,1.971233468295067,0.6823365108483822,0.9997952869688375
holdout_G04,withheld_geometry,DelP_Pa,random_rejection,0.95,0.9505208333333334,730,4.08432715603851,9.620258648736975,1.5118498943077288,1.4116577514534652,3.3510470573482745,4.636163982297395,-1.1826095210826286,0.9997737840356156
holdout_G04,withheld_geometry,DelP_Pa,random_rejection,0.9,0.9010416666666666,692,3.9913870102209863,9.314977673524476,1.5172560396697499,1.4194456420507477,3.3401765602828335,4.636163982297395,-1.3100223159927118,0.999775655499258
holdout_G04,withheld_geometry,DelP_Pa,random_rejection,0.8,0.80078125,615,4.138660081504539,9.72946597623498,1.5177912505911193,1.4004908600655763,3.3483806935335028,4.636163982297395,-1.2100488107669,0.9997714318186973
holdout_G04,withheld_geometry,DelP_Pa,random_rejection,0.7,0.7005208333333334,538,4.039640577932976,9.509301134573338,1.5155015469958861,1.3828200727457651,3.3639275242186937,4.636163982297395,-1.2374784660452671,0.9997722586789934
holdout_G05,withheld_geometry,Nuavg,U_only,0.95,0.9505208333333334,730,0.5361826319989765,1.0378842996125621,2.1788799610258778,1.3859335193408633,6.432584713134018,11.728355830715,0.003819138802306301,0.9843463664203426
holdout_G05,withheld_geometry,Nuavg,U_only,0.9,0.9010416666666666,692,0.5430283415513232,1.0461505537776663,2.185823765086973,1.3936325496935487,7.213834952479678,11.728355830715,0.005967798116165777,0.9844985966326637
holdout_G05,withheld_geometry,Nuavg,U_only,0.8,0.80078125,615,0.46677381213428526,0.8544585909959073,2.0113626494849277,1.2553201835568355,5.832743755995199,11.2235587378425,-0.07931403679824457,0.9876090982164375
holdout_G05,withheld_geometry,Nuavg,U_only,0.7,0.7005208333333334,538,0.45946763599211393,0.8367589916960685,1.9765517467782527,1.169532167683398,5.7770667291806745,11.196031579704536,-0.10312433997795924,0.9881958505368622
holdout_G05,withheld_geometry,Nuavg,D_only,0.95,0.9505208333333334,730,0.5277959790603429,1.017968688182088,2.1887175540522854,1.4032063898222151,6.377705167226532,11.728355830715,-0.018044091878394553,0.9840591481891555
holdout_G05,withheld_geometry,Nuavg,D_only,0.9,0.9010416666666666,692,0.54166767457951,1.0381379743643844,2.2425092960680235,1.4430647565046582,6.4264069886172015,11.728355830715,-0.03161080337039312,0.9839360915297728
holdout_G05,withheld_geometry,Nuavg,D_only,0.8,0.80078125,615,0.5777768281939747,1.090508943989977,2.3418449098560723,1.4557761028183196,8.343928435982304,11.728355830715,-0.013503896263556768,0.9833864981083532
holdout_G05,withheld_geometry,Nuavg,D_only,0.7,0.7005208333333334,538,0.5579731114043622,1.0372009867611345,2.301337494520194,1.456663513989779,6.398460360898778,11.683051093379913,-0.044216424435753854,0.9843838186125717
holdout_G05,withheld_geometry,Nuavg,V_only,0.95,0.9505208333333334,730,0.537522039805373,1.0343226069832208,2.207177063917424,1.4160612584854797,6.432584713134018,11.728355830715,-0.015089183209562932,0.9837665532226862
holdout_G05,withheld_geometry,Nuavg,V_only,0.9,0.9010416666666666,692,0.48878981768878205,0.9794688288570553,2.08288647805833,1.359973731781819,5.881121370859034,11.728355830715,-0.05245971130415195,0.983206971881924
holdout_G05,withheld_geometry,Nuavg,V_only,0.8,0.80078125,615,0.4885603548499627,1.0076575208901029,2.066507543633434,1.3454624351149815,8.175534196691887,11.728355830715,-0.07923824879467972,0.9831529766485567
holdout_G05,withheld_geometry,Nuavg,V_only,0.7,0.7005208333333334,538,0.45038494708546917,1.0223431658299436,1.89604931123867,1.1210005940476395,8.835694533415259,11.728355830715,0.015587035242243731,0.9819192886918073
holdout_G05,withheld_geometry,Nuavg,U_plus_D,0.95,0.9505208333333334,730,0.5185452326568186,0.9998557101015175,2.1462098437101695,1.3787251621015297,6.2853551318128025,11.728355830715,-0.019045335906564393,0.9849189451378059
holdout_G05,withheld_geometry,Nuavg,U_plus_D,0.9,0.9010416666666666,692,0.5145781712350128,0.9828893267610819,2.1418079489173936,1.3718790088405346,6.169206091843226,11.683051093379913,-0.04101100408741506,0.9853229212041791
holdout_G05,withheld_geometry,Nuavg,U_plus_D,0.8,0.80078125,615,0.46534948024098455,0.8471748098983047,2.0404356853460577,1.3342294872645182,5.799297288376432,11.2235587378425,-0.09692326832592968,0.9875098975628528
holdout_G05,withheld_geometry,Nuavg,U_plus_D,0.7,0.7005208333333334,538,0.43525773314578825,0.7711036382400346,1.9469814891057269,1.2907228651822915,5.548994329602318,11.2235587378425,-0.14022950265026446,0.9894275727923022
holdout_G05,withheld_geometry,Nuavg,U_plus_V,0.95,0.9505208333333334,730,0.5361826319989765,1.0378842996125621,2.1788799610258778,1.3859335193408633,6.432584713134018,11.728355830715,0.003819138802306301,0.9843463664203426
holdout_G05,withheld_geometry,Nuavg,U_plus_V,0.9,0.9010416666666666,692,0.5430283415513232,1.0461505537776663,2.185823765086973,1.3936325496935487,7.213834952479678,11.728355830715,0.005967798116165777,0.9844985966326637
holdout_G05,withheld_geometry,Nuavg,U_plus_V,0.8,0.80078125,615,0.46677381213428526,0.8544585909959073,2.0113626494849277,1.2553201835568355,5.832743755995199,11.2235587378425,-0.07931403679824457,0.9876090982164375
holdout_G05,withheld_geometry,Nuavg,U_plus_V,0.7,0.7005208333333334,538,0.45946763599211393,0.8367589916960685,1.9765517467782527,1.169532167683398,5.7770667291806745,11.196031579704536,-0.10312433997795924,0.9881958505368622
holdout_G05,withheld_geometry,Nuavg,D_plus_V,0.95,0.9505208333333334,730,0.5277959790603429,1.017968688182088,2.1887175540522854,1.4032063898222151,6.377705167226532,11.728355830715,-0.018044091878394553,0.9840591481891555
holdout_G05,withheld_geometry,Nuavg,D_plus_V,0.9,0.9010416666666666,692,0.54166767457951,1.0381379743643844,2.2425092960680235,1.4430647565046582,6.4264069886172015,11.728355830715,-0.03161080337039312,0.9839360915297728
holdout_G05,withheld_geometry,Nuavg,D_plus_V,0.8,0.80078125,615,0.5777768281939747,1.090508943989977,2.3418449098560723,1.4557761028183196,8.343928435982304,11.728355830715,-0.013503896263556768,0.9833864981083532
holdout_G05,withheld_geometry,Nuavg,D_plus_V,0.7,0.7005208333333334,538,0.5579731114043622,1.0372009867611345,2.301337494520194,1.456663513989779,6.398460360898778,11.683051093379913,-0.044216424435753854,0.9843838186125717
holdout_G05,withheld_geometry,Nuavg,U_plus_D_plus_V,0.95,0.9505208333333334,730,0.5185452326568186,0.9998557101015175,2.1462098437101695,1.3787251621015297,6.2853551318128025,11.728355830715,-0.019045335906564393,0.9849189451378059
holdout_G05,withheld_geometry,Nuavg,U_plus_D_plus_V,0.9,0.9010416666666666,692,0.5145781712350128,0.9828893267610819,2.1418079489173936,1.3718790088405346,6.169206091843226,11.683051093379913,-0.04101100408741506,0.9853229212041791
holdout_G05,withheld_geometry,Nuavg,U_plus_D_plus_V,0.8,0.80078125,615,0.46534948024098455,0.8471748098983047,2.0404356853460577,1.3342294872645182,5.799297288376432,11.2235587378425,-0.09692326832592968,0.9875098975628528
holdout_G05,withheld_geometry,Nuavg,U_plus_D_plus_V,0.7,0.7005208333333334,538,0.43525773314578825,0.7711036382400346,1.9469814891057269,1.2907228651822915,5.548994329602318,11.2235587378425,-0.14022950265026446,0.9894275727923022
holdout_G05,withheld_geometry,Nuavg,U_2D_plus_V,0.95,0.9505208333333334,730,0.5176237951764667,0.9995298368186226,2.14244281075584,1.3718790088405346,6.2853551318128025,11.728355830715,-0.020013962906092825,0.9849275984953973
holdout_G05,withheld_geometry,Nuavg,U_2D_plus_V,0.9,0.9010416666666666,692,0.5201059826051568,0.9967372598279315,2.1542091451097685,1.3718790088405346,6.270463075421293,11.683051093379913,-0.034070907336990267,0.9851372695039361
holdout_G05,withheld_geometry,Nuavg,U_2D_plus_V,0.8,0.80078125,615,0.5111961848511735,0.9655997716261205,2.142209664403732,1.396218563372483,5.976907501680407,11.683051093379913,-0.06676996462442042,0.9858418578427665
holdout_G05,withheld_geometry,Nuavg,U_2D_plus_V,0.7,0.7005208333333334,538,0.4686002678030929,0.8295122682186519,2.085454823868827,1.4383775586447687,5.704702454848332,11.683051093379913,-0.1261918718104026,0.987863326422857
holdout_G05,withheld_geometry,Nuavg,conservative_U_D_V_max,0.95,0.9505208333333334,730,0.4911001070957967,0.9589274224132325,2.064174887753645,1.3063592418950465,5.987424337974606,11.728355830715,-0.02579931702078205,0.9854085100514715
holdout_G05,withheld_geometry,Nuavg,conservative_U_D_V_max,0.9,0.9010416666666666,692,0.49710311775207516,0.9744586178272304,2.075224581169531,1.3164274945666847,6.169206091843226,11.728355830715,-0.0359738606337178,0.9853276601841504
holdout_G05,withheld_geometry,Nuavg,conservative_U_D_V_max,0.8,0.80078125,615,0.530398645538082,1.0242880022005028,2.1679948184585704,1.3979837995850637,6.417140401841982,11.728355830715,-0.020129348102352524,0.9849881371886166
holdout_G05,withheld_geometry,Nuavg,conservative_U_D_V_max,0.7,0.7005208333333334,538,0.4674507653105215,0.8554250116847377,2.0268566028285555,1.3428173135390757,5.798620728663026,11.683051093379913,-0.0977562102987864,0.9878316162527063
holdout_G05,withheld_geometry,Nuavg,oracle_error_rank,0.95,0.9505208333333334,730,0.35709837326049804,0.5763050438340477,1.7524824720032675,1.2348154605403283,5.237099753815544,6.398434443123584,-0.19833532217992494,0.9929084000722731
holdout_G05,withheld_geometry,Nuavg,oracle_error_rank,0.9,0.9010416666666666,692,0.2910104164321987,0.45637908927136,1.538363322581634,1.1301077632321097,4.212073594099016,5.213875503279027,-0.19420071830749513,0.9946512744459021
holdout_G05,withheld_geometry,Nuavg,oracle_error_rank,0.8,0.80078125,615,0.19774992037393213,0.2970072704642372,1.1965281918467494,0.8732511721289828,3.3428641807909236,3.7033839284228325,-0.15947287370139024,0.9969595341323934
holdout_G05,withheld_geometry,Nuavg,oracle_error_rank,0.7,0.7005208333333334,538,0.13327953890832386,0.18250434887094094,0.9093674748512074,0.6827159320691645,2.207508005786243,2.4501867492133127,-0.10273720324491484,0.9985008702197072
holdout_G05,withheld_geometry,Nuavg,random_rejection,0.95,0.9505208333333334,730,0.5307971428440041,1.0328873359008435,2.1729796330143025,1.365274813592717,6.432584713134018,11.728355830715,-0.001545246774333807,0.9842955090214861
holdout_G05,withheld_geometry,Nuavg,random_rejection,0.9,0.9010416666666666,692,0.5289592906113993,1.0271699651189157,2.1672135213112305,1.3581706520151253,6.4264069886172015,11.728355830715,-0.009149186179541446,0.9845569318317225
holdout_G05,withheld_geometry,Nuavg,random_rejection,0.8,0.80078125,615,0.5402536818018968,1.0457121999963774,2.1897608997644435,1.3839077548264591,8.144362009202194,11.728355830715,0.004339633330058282,0.9845253129412069
holdout_G05,withheld_geometry,Nuavg,random_rejection,0.7,0.7005208333333334,538,0.5559671655392557,1.0722375269996316,2.229610537763781,1.3859335193408633,8.206675182057344,11.728355830715,0.007881210874536219,0.9842598054072877
holdout_G05,withheld_geometry,DelP_Pa,U_only,0.95,0.9505208333333334,730,3.237179697674838,6.173342293504331,1.3168849256936426,1.164086939489057,3.120434098655059,3.7275605499585756,2.295102937786868,0.9999159033303036
holdout_G05,withheld_geometry,DelP_Pa,U_only,0.9,0.9010416666666666,692,3.2234213433147887,6.13938090068916,1.3077081849165777,1.164086939489057,3.068816759116984,3.7275605499585756,2.259286395825955,0.9999204232151414
holdout_G05,withheld_geometry,DelP_Pa,U_only,0.8,0.80078125,615,3.2097810190709612,6.117296485670605,1.286625324853023,1.1404969791810364,2.7868386482106375,3.4830138783244275,2.2383252552006523,0.9999281319707974
holdout_G05,withheld_geometry,DelP_Pa,U_only,0.7,0.7005208333333334,538,3.1493171160378113,6.145922042837557,1.2315499412232518,1.101910263936249,2.594206372167716,3.4830138783244275,2.090315330763911,0.9999354924461057
holdout_G05,withheld_geometry,DelP_Pa,D_only,0.95,0.9505208333333334,730,3.3346766047048426,6.339085269698102,1.327903318574996,1.1727429698811085,3.120434098655059,6.030327222477179,2.3597648350368945,0.9999038963127247
holdout_G05,withheld_geometry,DelP_Pa,D_only,0.9,0.9010416666666666,692,3.3032010742702256,6.285371096879047,1.314536944702577,1.1727429698811085,3.078905097456871,6.030327222477179,2.3651525341820294,0.9999057099894593
holdout_G05,withheld_geometry,DelP_Pa,D_only,0.8,0.80078125,615,3.440133374159081,6.447725626276828,1.301085112428887,1.1596043905192586,2.8375015772107988,6.030327222477179,2.5109958984934884,0.9999095717255446
holdout_G05,withheld_geometry,DelP_Pa,D_only,0.7,0.7005208333333334,538,3.5687029859254094,6.573354852947918,1.2967959848200352,1.164086939489057,3.0500637679331466,3.7275605499585756,2.608769767165577,0.9999141325580913
holdout_G05,withheld_geometry,DelP_Pa,V_only,0.95,0.9505208333333334,730,3.351586335439472,6.342737014474655,1.3551969655374256,1.2155491006945585,3.2247366416841237,6.030327222477179,2.3180484708989,0.9999068916916194
holdout_G05,withheld_geometry,DelP_Pa,V_only,0.9,0.9010416666666666,692,3.193133185240091,6.2132710716262824,1.3300445299686805,1.1910569838802503,3.068816759116984,6.030327222477179,2.2535604967641376,0.9999001554804221
holdout_G05,withheld_geometry,DelP_Pa,V_only,0.8,0.80078125,615,2.3811666009684997,5.098229367468624,1.2651038706566042,1.1596043905192586,2.5949958706293246,6.030327222477179,1.8796156273759854,0.9998818743257025
holdout_G05,withheld_geometry,DelP_Pa,V_only,0.7,0.7005208333333334,538,1.8970675319985697,4.502890731852618,1.1986294495175966,1.1200157535122681,2.5039566922570065,6.030327222477179,1.4371936799310172,0.9999081245540479
holdout_G05,withheld_geometry,DelP_Pa,U_plus_D,0.95,0.9505208333333334,730,3.2566618944064922,6.226410514670591,1.3003682615204395,1.1568455977702987,3.0698954934027056,3.7275605499585756,2.3170915319418492,0.9999144457906802
holdout_G05,withheld_geometry,DelP_Pa,U_plus_D,0.9,0.9010416666666666,692,3.294720365905062,6.259865815474469,1.2995552687377083,1.1540098535402925,3.061907362202801,3.7275605499585756,2.3522516886592593,0.9999173118744837
holdout_G05,withheld_geometry,DelP_Pa,U_plus_D,0.8,0.80078125,615,3.2731561575908663,6.2813503711728815,1.2830291722221243,1.144789282410991,2.7868386482106375,3.4830138783244275,2.272987613583633,0.9999246663014708
holdout_G05,withheld_geometry,DelP_Pa,U_plus_D,0.7,0.7005208333333334,538,3.277703839658497,6.312484231489226,1.2454109324376492,1.1259054641720108,2.594206372167716,3.37941190592573,2.17501186723164,0.9999321584628921
holdout_G05,withheld_geometry,DelP_Pa,U_plus_V,0.95,0.9505208333333334,730,3.237179697674838,6.173342293504331,1.3168849256936426,1.164086939489057,3.120434098655059,3.7275605499585756,2.295102937786868,0.9999159033303036
holdout_G05,withheld_geometry,DelP_Pa,U_plus_V,0.9,0.9010416666666666,692,3.2234213433147887,6.13938090068916,1.3077081849165777,1.164086939489057,3.068816759116984,3.7275605499585756,2.259286395825955,0.9999204232151414
holdout_G05,withheld_geometry,DelP_Pa,U_plus_V,0.8,0.80078125,615,3.2097810190709612,6.117296485670605,1.286625324853023,1.1404969791810364,2.7868386482106375,3.4830138783244275,2.2383252552006523,0.9999281319707974
holdout_G05,withheld_geometry,DelP_Pa,U_plus_V,0.7,0.7005208333333334,538,3.1493171160378113,6.145922042837557,1.2315499412232518,1.101910263936249,2.594206372167716,3.4830138783244275,2.090315330763911,0.9999354924461057
holdout_G05,withheld_geometry,DelP_Pa,D_plus_V,0.95,0.9505208333333334,730,3.3346766047048426,6.339085269698102,1.327903318574996,1.1727429698811085,3.120434098655059,6.030327222477179,2.3597648350368945,0.9999038963127247
holdout_G05,withheld_geometry,DelP_Pa,D_plus_V,0.9,0.9010416666666666,692,3.3032010742702256,6.285371096879047,1.314536944702577,1.1727429698811085,3.078905097456871,6.030327222477179,2.3651525341820294,0.9999057099894593
holdout_G05,withheld_geometry,DelP_Pa,D_plus_V,0.8,0.80078125,615,3.440133374159081,6.447725626276828,1.301085112428887,1.1596043905192586,2.8375015772107988,6.030327222477179,2.5109958984934884,0.9999095717255446
holdout_G05,withheld_geometry,DelP_Pa,D_plus_V,0.7,0.7005208333333334,538,3.5687029859254094,6.573354852947918,1.2967959848200352,1.164086939489057,3.0500637679331466,3.7275605499585756,2.608769767165577,0.9999141325580913
holdout_G05,withheld_geometry,DelP_Pa,U_plus_D_plus_V,0.95,0.9505208333333334,730,3.2566618944064922,6.226410514670591,1.3003682615204395,1.1568455977702987,3.0698954934027056,3.7275605499585756,2.3170915319418492,0.9999144457906802
holdout_G05,withheld_geometry,DelP_Pa,U_plus_D_plus_V,0.9,0.9010416666666666,692,3.294720365905062,6.259865815474469,1.2995552687377083,1.1540098535402925,3.061907362202801,3.7275605499585756,2.3522516886592593,0.9999173118744837
holdout_G05,withheld_geometry,DelP_Pa,U_plus_D_plus_V,0.8,0.80078125,615,3.2731561575908663,6.2813503711728815,1.2830291722221243,1.144789282410991,2.7868386482106375,3.4830138783244275,2.272987613583633,0.9999246663014708
holdout_G05,withheld_geometry,DelP_Pa,U_plus_D_plus_V,0.7,0.7005208333333334,538,3.277703839658497,6.312484231489226,1.2454109324376492,1.1259054641720108,2.594206372167716,3.37941190592573,2.17501186723164,0.9999321584628921
holdout_G05,withheld_geometry,DelP_Pa,U_2D_plus_V,0.95,0.9505208333333334,730,3.271938052483672,6.299793175580219,1.3024413655292044,1.1568455977702987,3.0698954934027056,4.573363337600206,2.269238639395052,0.9999124728865395
holdout_G05,withheld_geometry,DelP_Pa,U_2D_plus_V,0.9,0.9010416666666666,692,3.279953958331074,6.2529446139127005,1.2918258580056845,1.1540098535402925,2.9617752508544557,3.7275605499585756,2.349018923600501,0.9999174483853808
holdout_G05,withheld_geometry,DelP_Pa,U_2D_plus_V,0.8,0.80078125,615,3.3981411546801534,6.442807458468482,1.2928510663431665,1.1585165679708673,2.938365485138257,3.37941190592573,2.375372579248119,0.9999207299511477
holdout_G05,withheld_geometry,DelP_Pa,U_2D_plus_V,0.7,0.7005208333333334,538,3.446929959592146,6.580392148660118,1.2588682698967448,1.1263721070389154,2.6976960356430877,3.37941190592573,2.3194944195078384,0.9999258089371109
holdout_G05,withheld_geometry,DelP_Pa,conservative_U_D_V_max,0.95,0.9505208333333334,730,3.322486152667047,6.338418043945433,1.329652264686772,1.1704360940544114,3.120434098655059,6.030327222477179,2.3572094718559575,0.9999040152903156
holdout_G05,withheld_geometry,DelP_Pa,conservative_U_D_V_max,0.9,0.9010416666666666,692,3.3701553717396178,6.406344218552733,1.3251575519451826,1.1873696583776807,3.078905097456871,6.030327222477179,2.354535831729885,0.9999061205912982
holdout_G05,withheld_geometry,DelP_Pa,conservative_U_D_V_max,0.8,0.80078125,615,3.299152044090467,6.194846338824462,1.2826493414298616,1.152845079510855,2.7338673362228065,6.030327222477179,2.3694030193049134,0.9999167676219355
holdout_G05,withheld_geometry,DelP_Pa,conservative_U_D_V_max,0.7,0.7005208333333334,538,3.503794232429567,6.470716837975005,1.2899703741304709,1.1463208235215538,3.0500637679331466,3.7275605499585756,2.6021323218777024,0.9999184136126399
holdout_G05,withheld_geometry,DelP_Pa,oracle_error_rank,0.95,0.9505208333333334,730,3.092418758942847,6.171229923499263,1.2203353013072373,1.1277639745106247,2.5721636400092875,3.2233793600170455,2.1429721238805013,0.9999164078606823
holdout_G05,withheld_geometry,DelP_Pa,oracle_error_rank,0.9,0.9010416666666666,692,2.683571477640781,5.463263641913399,1.131774497232616,1.0814266971385629,2.345286295612903,2.565564529285762,1.6819875996125837,0.9999371236863702
holdout_G05,withheld_geometry,DelP_Pa,oracle_error_rank,0.8,0.80078125,615,2.459019634891158,5.306357995334165,0.9795112219518918,0.9896881537081242,2.026328769488838,2.195931159853513,1.3406325317762253,0.9999465083958438
holdout_G05,withheld_geometry,DelP_Pa,oracle_error_rank,0.7,0.7005208333333334,538,2.226716367168698,5.263736234269254,0.8376801705361892,0.9118784696705007,1.608712034113782,1.7346034831543578,1.00687932614669,0.9999532917869204
holdout_G05,withheld_geometry,DelP_Pa,random_rejection,0.95,0.9505208333333334,730,3.2068640278234355,6.1789274740909805,1.3227152258536141,1.164086939489057,3.159461155951704,6.030327222477179,2.2810209942880757,0.9999057248830858
holdout_G05,withheld_geometry,DelP_Pa,random_rejection,0.9,0.9010416666666666,692,3.1717886106799855,6.150920970055201,1.3166272738006395,1.164086939489057,3.0866494869570387,6.030327222477179,2.3007242885037336,0.9999011772893589
holdout_G05,withheld_geometry,DelP_Pa,random_rejection,0.8,0.80078125,615,3.2484968511825003,6.2371387416387805,1.321740718391476,1.152845079510855,3.1060520554382927,6.030327222477179,2.3058660087494354,0.99990511716715
holdout_G05,withheld_geometry,DelP_Pa,random_rejection,0.7,0.7005208333333334,538,3.1210129968603537,6.0055761807659005,1.3173902396330637,1.159060479245063,3.2093820156088375,6.030327222477179,2.252309548245564,0.9999082547974081
holdout_G06,withheld_geometry,Nuavg,U_only,0.95,0.9505208333333334,730,1.3260458444882746,2.670772926372798,4.757111415640434,2.868096821762671,17.708204258607743,24.664111101936864,-0.957608568980596,0.9352123064793786
holdout_G06,withheld_geometry,Nuavg,U_only,0.9,0.9010416666666666,692,1.2942729915442495,2.5952444103044847,4.712853244720053,2.868096821762671,17.57418500551217,24.664111101936864,-0.9113876315144446,0.9368619313091263
holdout_G06,withheld_geometry,Nuavg,U_only,0.8,0.80078125,615,1.331595178148223,2.6182667968637787,4.836090657702641,2.9236439085022177,17.563384662985342,24.664111101936864,-0.9267368780616821,0.935654230572472
holdout_G06,withheld_geometry,Nuavg,U_only,0.7,0.7005208333333334,538,1.2571071411444794,2.475067063388366,4.698571821610563,2.906925176817103,15.674410002187892,24.440515287682352,-0.8239263538885294,0.9364722702244908
holdout_G06,withheld_geometry,Nuavg,D_only,0.95,0.9505208333333334,730,1.3942430979564093,2.8014269396630236,4.895870087272063,2.906925176817103,17.970906012726953,24.664111101936864,-1.0195324090952416,0.9321090251023446
holdout_G06,withheld_geometry,Nuavg,D_only,0.9,0.9010416666666666,692,1.11873409816764,2.3259713070002803,4.275229024467668,2.804950186960717,15.378341108621715,23.440383013006425,-0.7234468107851943,0.9438162504252514
holdout_G06,withheld_geometry,Nuavg,D_only,0.8,0.80078125,615,1.091178187434499,2.362482900370286,4.151464553035547,2.7072562633197608,15.754559199994695,23.440383013006425,-0.6463996461846576,0.9449152522774289
holdout_G06,withheld_geometry,Nuavg,D_only,0.7,0.7005208333333334,538,0.8719284672194698,2.0219326869620535,3.5616035961683994,2.6424018008898775,12.976820403144183,18.773986843116255,-0.36597311444193903,0.9577494366636682
holdout_G06,withheld_geometry,Nuavg,V_only,0.95,0.9505208333333334,730,1.3942430979564093,2.8014269396630236,4.895870087272063,2.906925176817103,17.970906012726953,24.664111101936864,-1.0195324090952416,0.9321090251023446
holdout_G06,withheld_geometry,Nuavg,V_only,0.9,0.9010416666666666,692,1.11873409816764,2.3259713070002803,4.275229024467668,2.804950186960717,15.378341108621715,23.440383013006425,-0.7234468107851943,0.9438162504252514
holdout_G06,withheld_geometry,Nuavg,V_only,0.8,0.80078125,615,1.091178187434499,2.362482900370286,4.151464553035547,2.7072562633197608,15.754559199994695,23.440383013006425,-0.6463996461846576,0.9449152522774289
holdout_G06,withheld_geometry,Nuavg,V_only,0.7,0.7005208333333334,538,0.8719284672194698,2.0219326869620535,3.5616035961683994,2.6424018008898775,12.976820403144183,18.773986843116255,-0.36597311444193903,0.9577494366636682
holdout_G06,withheld_geometry,Nuavg,U_plus_D,0.95,0.9505208333333334,730,1.3260458444882746,2.670772926372798,4.757111415640434,2.868096821762671,17.708204258607743,24.664111101936864,-0.957608568980596,0.9352123064793786
holdout_G06,withheld_geometry,Nuavg,U_plus_D,0.9,0.9010416666666666,692,1.2942729915442495,2.5952444103044847,4.712853244720053,2.868096821762671,17.57418500551217,24.664111101936864,-0.9113876315144446,0.9368619313091263
holdout_G06,withheld_geometry,Nuavg,U_plus_D,0.8,0.80078125,615,1.331595178148223,2.6182667968637787,4.836090657702641,2.9236439085022177,17.563384662985342,24.664111101936864,-0.9267368780616821,0.935654230572472
holdout_G06,withheld_geometry,Nuavg,U_plus_D,0.7,0.7005208333333334,538,1.2571071411444794,2.475067063388366,4.698571821610563,2.906925176817103,15.674410002187892,24.440515287682352,-0.8239263538885294,0.9364722702244908
holdout_G06,withheld_geometry,Nuavg,U_plus_V,0.95,0.9505208333333334,730,1.3260458444882746,2.670772926372798,4.757111415640434,2.868096821762671,17.708204258607743,24.664111101936864,-0.957608568980596,0.9352123064793786
holdout_G06,withheld_geometry,Nuavg,U_plus_V,0.9,0.9010416666666666,692,1.2942729915442495,2.5952444103044847,4.712853244720053,2.868096821762671,17.57418500551217,24.664111101936864,-0.9113876315144446,0.9368619313091263
holdout_G06,withheld_geometry,Nuavg,U_plus_V,0.8,0.80078125,615,1.331595178148223,2.6182667968637787,4.836090657702641,2.9236439085022177,17.563384662985342,24.664111101936864,-0.9267368780616821,0.935654230572472
holdout_G06,withheld_geometry,Nuavg,U_plus_V,0.7,0.7005208333333334,538,1.2571071411444794,2.475067063388366,4.698571821610563,2.906925176817103,15.674410002187892,24.440515287682352,-0.8239263538885294,0.9364722702244908
holdout_G06,withheld_geometry,Nuavg,D_plus_V,0.95,0.9505208333333334,730,1.3942430979564093,2.8014269396630236,4.895870087272063,2.906925176817103,17.970906012726953,24.664111101936864,-1.0195324090952416,0.9321090251023446
holdout_G06,withheld_geometry,Nuavg,D_plus_V,0.9,0.9010416666666666,692,1.11873409816764,2.3259713070002803,4.275229024467668,2.804950186960717,15.378341108621715,23.440383013006425,-0.7234468107851943,0.9438162504252514
holdout_G06,withheld_geometry,Nuavg,D_plus_V,0.8,0.80078125,615,1.091178187434499,2.362482900370286,4.151464553035547,2.7072562633197608,15.754559199994695,23.440383013006425,-0.6463996461846576,0.9449152522774289
holdout_G06,withheld_geometry,Nuavg,D_plus_V,0.7,0.7005208333333334,538,0.8719284672194698,2.0219326869620535,3.5616035961683994,2.6424018008898775,12.976820403144183,18.773986843116255,-0.36597311444193903,0.9577494366636682
holdout_G06,withheld_geometry,Nuavg,U_plus_D_plus_V,0.95,0.9505208333333334,730,1.3260458444882746,2.670772926372798,4.757111415640434,2.868096821762671,17.708204258607743,24.664111101936864,-0.957608568980596,0.9352123064793786
holdout_G06,withheld_geometry,Nuavg,U_plus_D_plus_V,0.9,0.9010416666666666,692,1.2942729915442495,2.5952444103044847,4.712853244720053,2.868096821762671,17.57418500551217,24.664111101936864,-0.9113876315144446,0.9368619313091263
holdout_G06,withheld_geometry,Nuavg,U_plus_D_plus_V,0.8,0.80078125,615,1.331595178148223,2.6182667968637787,4.836090657702641,2.9236439085022177,17.563384662985342,24.664111101936864,-0.9267368780616821,0.935654230572472
holdout_G06,withheld_geometry,Nuavg,U_plus_D_plus_V,0.7,0.7005208333333334,538,1.2571071411444794,2.475067063388366,4.698571821610563,2.906925176817103,15.674410002187892,24.440515287682352,-0.8239263538885294,0.9364722702244908
holdout_G06,withheld_geometry,Nuavg,U_2D_plus_V,0.95,0.9505208333333334,730,1.3260458444882746,2.670772926372798,4.757111415640434,2.868096821762671,17.708204258607743,24.664111101936864,-0.957608568980596,0.9352123064793786
holdout_G06,withheld_geometry,Nuavg,U_2D_plus_V,0.9,0.9010416666666666,692,1.2942729915442495,2.5952444103044847,4.712853244720053,2.868096821762671,17.57418500551217,24.664111101936864,-0.9113876315144446,0.9368619313091263
holdout_G06,withheld_geometry,Nuavg,U_2D_plus_V,0.8,0.80078125,615,1.331595178148223,2.6182667968637787,4.836090657702641,2.9236439085022177,17.563384662985342,24.664111101936864,-0.9267368780616821,0.935654230572472
holdout_G06,withheld_geometry,Nuavg,U_2D_plus_V,0.7,0.7005208333333334,538,1.2571071411444794,2.475067063388366,4.698571821610563,2.906925176817103,15.674410002187892,24.440515287682352,-0.8239263538885294,0.9364722702244908
holdout_G06,withheld_geometry,Nuavg,conservative_U_D_V_max,0.95,0.9505208333333334,730,1.3942430979564093,2.8014269396630236,4.895870087272063,2.906925176817103,17.970906012726953,24.664111101936864,-1.0195324090952416,0.9321090251023446
holdout_G06,withheld_geometry,Nuavg,conservative_U_D_V_max,0.9,0.9010416666666666,692,1.11873409816764,2.3259713070002803,4.275229024467668,2.804950186960717,15.378341108621715,23.440383013006425,-0.7234468107851943,0.9438162504252514
holdout_G06,withheld_geometry,Nuavg,conservative_U_D_V_max,0.8,0.80078125,615,1.091178187434499,2.362482900370286,4.151464553035547,2.7072562633197608,15.754559199994695,23.440383013006425,-0.6463996461846576,0.9449152522774289
holdout_G06,withheld_geometry,Nuavg,conservative_U_D_V_max,0.7,0.7005208333333334,538,0.8719284672194698,2.0219326869620535,3.5616035961683994,2.6424018008898775,12.976820403144183,18.773986843116255,-0.36597311444193903,0.9577494366636682
holdout_G06,withheld_geometry,Nuavg,oracle_error_rank,0.95,0.9505208333333334,730,0.9508595105252201,1.8685435463290083,3.94155835638695,2.6507341376467837,13.685035441177059,17.943338482599625,-0.5760752957592271,0.9573800275420258
holdout_G06,withheld_geometry,Nuavg,oracle_error_rank,0.9,0.9010416666666666,692,0.671193406181115,1.2411703078598206,3.3311518816167407,2.5305582599325396,12.157188862173156,13.594343909383278,-0.27582855534415707,0.9681062901238798
holdout_G06,withheld_geometry,Nuavg,oracle_error_rank,0.8,0.80078125,615,0.3505899069114623,0.47044326236961015,2.4070322480553425,2.1946783155150045,5.313673256845369,5.9427054113106035,0.0680683099141935,0.9886976668704242
holdout_G06,withheld_geometry,Nuavg,oracle_error_rank,0.7,0.7005208333333334,538,0.2672240986111439,0.34636838508682516,1.990335033440273,1.753838023762318,4.4330886596257475,4.654069412152087,0.0306236193376846,0.993053802601711
holdout_G06,withheld_geometry,Nuavg,random_rejection,0.95,0.9505208333333334,730,1.369289350257769,2.7789320206552386,4.796689338149218,2.853811314724504,17.948965836732416,24.664111101936864,-1.0059017736377456,0.9343352225269231
holdout_G06,withheld_geometry,Nuavg,random_rejection,0.9,0.9010416666666666,692,1.375420349548869,2.802519982418572,4.804804709301469,2.849049540758652,17.989571877537635,24.664111101936864,-1.0172803989961658,0.9334227267457538
holdout_G06,withheld_geometry,Nuavg,random_rejection,0.8,0.80078125,615,1.4347660626816168,2.892175349525882,4.938401252794446,2.8669443529466174,18.095737147730244,24.664111101936864,-1.076582703882233,0.9318432651907018
holdout_G06,withheld_geometry,Nuavg,random_rejection,0.7,0.7005208333333334,538,1.4861958749480406,2.994378504164369,5.028634029475494,2.864602308196794,18.18283566545297,24.664111101936864,-1.1243999392087576,0.9301796914256499
holdout_G06,withheld_geometry,DelP_Pa,U_only,0.95,0.9505208333333334,730,52.65314501488121,85.91644106387982,19.412887528406436,21.20427217592259,32.0070195164513,33.716853626963406,-52.65314501488121,0.9859572075653572
holdout_G06,withheld_geometry,DelP_Pa,U_only,0.9,0.9010416666666666,692,53.077508735138956,86.24488862665149,19.543533438308778,21.262389373843405,32.003522129358764,33.64461218357176,-53.077508735138956,0.9864507721946325
holdout_G06,withheld_geometry,DelP_Pa,U_only,0.8,0.80078125,615,55.500064771666146,88.75647443534723,19.884601788526044,21.56822954042769,32.055881575968314,33.64461218357176,-55.500064771666146,0.9864646318128348
holdout_G06,withheld_geometry,DelP_Pa,U_only,0.7,0.7005208333333334,538,57.796668537299844,91.56657371210333,20.046948381806104,21.584817607544917,32.157784242191866,33.64461218357176,-57.796668537299844,0.9870373200215281
holdout_G06,withheld_geometry,DelP_Pa,D_only,0.95,0.9505208333333334,730,52.98351995450475,85.34274953582047,19.46872106078622,21.201058866509875,32.05027226102114,33.716853626963406,-52.98351995450475,0.9854379702058683
holdout_G06,withheld_geometry,DelP_Pa,D_only,0.9,0.9010416666666666,692,49.109149532856335,81.25090765276542,19.14375063442442,21.146033241927782,31.806866322614557,33.716853626963406,-49.109149532856335,0.9852890210539577
holdout_G06,withheld_geometry,DelP_Pa,D_only,0.8,0.80078125,615,36.58468030685397,62.74651130022704,18.847026378738693,21.046208269873958,30.48968484505543,33.716853626963406,-36.58468030685397,0.9845425110691104
holdout_G06,withheld_geometry,DelP_Pa,D_only,0.7,0.7005208333333334,538,28.674669624042625,52.87165327560144,18.257989729666633,20.752026235171826,30.30913402798231,33.716853626963406,-28.674669624042625,0.9890087477958168
holdout_G06,withheld_geometry,DelP_Pa,V_only,0.95,0.9505208333333334,730,52.98351995450475,85.34274953582047,19.46872106078622,21.201058866509875,32.05027226102114,33.716853626963406,-52.98351995450475,0.9854379702058683
holdout_G06,withheld_geometry,DelP_Pa,V_only,0.9,0.9010416666666666,692,49.109149532856335,81.25090765276542,19.14375063442442,21.146033241927782,31.806866322614557,33.716853626963406,-49.109149532856335,0.9852890210539577
holdout_G06,withheld_geometry,DelP_Pa,V_only,0.8,0.80078125,615,36.58468030685397,62.74651130022704,18.847026378738693,21.046208269873958,30.48968484505543,33.716853626963406,-36.58468030685397,0.9845425110691104
holdout_G06,withheld_geometry,DelP_Pa,V_only,0.7,0.7005208333333334,538,28.674669624042625,52.87165327560144,18.257989729666633,20.752026235171826,30.30913402798231,33.716853626963406,-28.674669624042625,0.9890087477958168
holdout_G06,withheld_geometry,DelP_Pa,U_plus_D,0.95,0.9505208333333334,730,52.65314501488121,85.91644106387982,19.412887528406436,21.20427217592259,32.0070195164513,33.716853626963406,-52.65314501488121,0.9859572075653572
holdout_G06,withheld_geometry,DelP_Pa,U_plus_D,0.9,0.9010416666666666,692,53.077508735138956,86.24488862665149,19.543533438308778,21.262389373843405,32.003522129358764,33.64461218357176,-53.077508735138956,0.9864507721946325
holdout_G06,withheld_geometry,DelP_Pa,U_plus_D,0.8,0.80078125,615,55.500064771666146,88.75647443534723,19.884601788526044,21.56822954042769,32.055881575968314,33.64461218357176,-55.500064771666146,0.9864646318128348
holdout_G06,withheld_geometry,DelP_Pa,U_plus_D,0.7,0.7005208333333334,538,57.796668537299844,91.56657371210333,20.046948381806104,21.584817607544917,32.157784242191866,33.64461218357176,-57.796668537299844,0.9870373200215281
holdout_G06,withheld_geometry,DelP_Pa,U_plus_V,0.95,0.9505208333333334,730,52.65314501488121,85.91644106387982,19.412887528406436,21.20427217592259,32.0070195164513,33.716853626963406,-52.65314501488121,0.9859572075653572
holdout_G06,withheld_geometry,DelP_Pa,U_plus_V,0.9,0.9010416666666666,692,53.077508735138956,86.24488862665149,19.543533438308778,21.262389373843405,32.003522129358764,33.64461218357176,-53.077508735138956,0.9864507721946325
holdout_G06,withheld_geometry,DelP_Pa,U_plus_V,0.8,0.80078125,615,55.500064771666146,88.75647443534723,19.884601788526044,21.56822954042769,32.055881575968314,33.64461218357176,-55.500064771666146,0.9864646318128348
holdout_G06,withheld_geometry,DelP_Pa,U_plus_V,0.7,0.7005208333333334,538,57.796668537299844,91.56657371210333,20.046948381806104,21.584817607544917,32.157784242191866,33.64461218357176,-57.796668537299844,0.9870373200215281
holdout_G06,withheld_geometry,DelP_Pa,D_plus_V,0.95,0.9505208333333334,730,52.98351995450475,85.34274953582047,19.46872106078622,21.201058866509875,32.05027226102114,33.716853626963406,-52.98351995450475,0.9854379702058683
holdout_G06,withheld_geometry,DelP_Pa,D_plus_V,0.9,0.9010416666666666,692,49.109149532856335,81.25090765276542,19.14375063442442,21.146033241927782,31.806866322614557,33.716853626963406,-49.109149532856335,0.9852890210539577
holdout_G06,withheld_geometry,DelP_Pa,D_plus_V,0.8,0.80078125,615,36.58468030685397,62.74651130022704,18.847026378738693,21.046208269873958,30.48968484505543,33.716853626963406,-36.58468030685397,0.9845425110691104
holdout_G06,withheld_geometry,DelP_Pa,D_plus_V,0.7,0.7005208333333334,538,28.674669624042625,52.87165327560144,18.257989729666633,20.752026235171826,30.30913402798231,33.716853626963406,-28.674669624042625,0.9890087477958168
holdout_G06,withheld_geometry,DelP_Pa,U_plus_D_plus_V,0.95,0.9505208333333334,730,52.65314501488121,85.91644106387982,19.412887528406436,21.20427217592259,32.0070195164513,33.716853626963406,-52.65314501488121,0.9859572075653572
holdout_G06,withheld_geometry,DelP_Pa,U_plus_D_plus_V,0.9,0.9010416666666666,692,53.077508735138956,86.24488862665149,19.543533438308778,21.262389373843405,32.003522129358764,33.64461218357176,-53.077508735138956,0.9864507721946325
holdout_G06,withheld_geometry,DelP_Pa,U_plus_D_plus_V,0.8,0.80078125,615,55.500064771666146,88.75647443534723,19.884601788526044,21.56822954042769,32.055881575968314,33.64461218357176,-55.500064771666146,0.9864646318128348
holdout_G06,withheld_geometry,DelP_Pa,U_plus_D_plus_V,0.7,0.7005208333333334,538,57.796668537299844,91.56657371210333,20.046948381806104,21.584817607544917,32.157784242191866,33.64461218357176,-57.796668537299844,0.9870373200215281
holdout_G06,withheld_geometry,DelP_Pa,U_2D_plus_V,0.95,0.9505208333333334,730,52.65314501488121,85.91644106387982,19.412887528406436,21.20427217592259,32.0070195164513,33.716853626963406,-52.65314501488121,0.9859572075653572
holdout_G06,withheld_geometry,DelP_Pa,U_2D_plus_V,0.9,0.9010416666666666,692,53.077508735138956,86.24488862665149,19.543533438308778,21.262389373843405,32.003522129358764,33.64461218357176,-53.077508735138956,0.9864507721946325
holdout_G06,withheld_geometry,DelP_Pa,U_2D_plus_V,0.8,0.80078125,615,55.500064771666146,88.75647443534723,19.884601788526044,21.56822954042769,32.055881575968314,33.64461218357176,-55.500064771666146,0.9864646318128348
holdout_G06,withheld_geometry,DelP_Pa,U_2D_plus_V,0.7,0.7005208333333334,538,57.796668537299844,91.56657371210333,20.046948381806104,21.584817607544917,32.157784242191866,33.64461218357176,-57.796668537299844,0.9870373200215281
holdout_G06,withheld_geometry,DelP_Pa,conservative_U_D_V_max,0.95,0.9505208333333334,730,52.98351995450475,85.34274953582047,19.46872106078622,21.201058866509875,32.05027226102114,33.716853626963406,-52.98351995450475,0.9854379702058683
holdout_G06,withheld_geometry,DelP_Pa,conservative_U_D_V_max,0.9,0.9010416666666666,692,49.109149532856335,81.25090765276542,19.14375063442442,21.146033241927782,31.806866322614557,33.716853626963406,-49.109149532856335,0.9852890210539577
holdout_G06,withheld_geometry,DelP_Pa,conservative_U_D_V_max,0.8,0.80078125,615,36.58468030685397,62.74651130022704,18.847026378738693,21.046208269873958,30.48968484505543,33.716853626963406,-36.58468030685397,0.9845425110691104
holdout_G06,withheld_geometry,DelP_Pa,conservative_U_D_V_max,0.7,0.7005208333333334,538,28.674669624042625,52.87165327560144,18.257989729666633,20.752026235171826,30.30913402798231,33.716853626963406,-28.674669624042625,0.9890087477958168
holdout_G06,withheld_geometry,DelP_Pa,oracle_error_rank,0.95,0.9505208333333334,730,45.454659898478745,76.62687956869703,18.476357868562836,21.02106461612035,30.156407306257602,31.98778388744238,-45.454659898478745,0.9888708642085196
holdout_G06,withheld_geometry,DelP_Pa,oracle_error_rank,0.9,0.9010416666666666,692,43.45796563876877,76.06109179520901,17.803754549925333,20.704934844124338,29.47182206718127,30.152005309821966,-43.45796563876877,0.9895844390504577
holdout_G06,withheld_geometry,DelP_Pa,oracle_error_rank,0.8,0.80078125,615,40.846978649541505,76.8707000433429,16.40220995749343,18.60017561699481,27.06412558130272,27.676915936254176,-40.846978649541505,0.9904770785691449
holdout_G06,withheld_geometry,DelP_Pa,oracle_error_rank,0.7,0.7005208333333334,538,43.75592186780749,81.76158132222193,14.93269177354973,16.68432567887126,24.027328735413494,25.678097993398975,-43.75592186780749,0.9903408940220683
holdout_G06,withheld_geometry,DelP_Pa,random_rejection,0.95,0.9505208333333334,730,51.47226643725944,84.54924763298143,19.19186325277618,21.138044946107556,32.05027226102114,33.716853626963406,-51.47226643725944,0.9848139664354306
holdout_G06,withheld_geometry,DelP_Pa,random_rejection,0.9,0.9010416666666666,692,50.75052503673004,83.39998772500336,19.199720785794113,21.163732391565233,32.003522129358764,33.716853626963406,-50.75052503673004,0.9843817871923939
holdout_G06,withheld_geometry,DelP_Pa,random_rejection,0.8,0.80078125,615,51.312722956414255,84.36239834909364,19.184220470119197,21.13645433390312,31.981267120723377,33.716853626963406,-51.312722956414255,0.9850523986831308
holdout_G06,withheld_geometry,DelP_Pa,random_rejection,0.7,0.7005208333333334,538,50.33343416441951,82.57157813582349,19.137283299565855,21.064341101329703,31.99443798574398,33.716853626963406,-50.33343416441951,0.9850497323204332
combined_G06_Re500,combined_shift,Nuavg,U_only,0.95,0.953125,183,9.601301705615766,12.263068604384467,29.2918684663618,31.028454377375233,45.83319289349226,48.36322204390755,-9.601301705615766,0.22202231240681425
combined_G06_Re500,combined_shift,Nuavg,U_only,0.9,0.9010416666666666,173,9.76329997491561,12.383377895807099,29.53519798082285,31.228493685636067,45.806389808511774,48.36322204390755,-9.76329997491561,0.2067999037754633
combined_G06_Re500,combined_shift,Nuavg,U_only,0.8,0.8020833333333334,154,10.202220664036737,12.769605733982134,30.145189501336837,31.578032425060666,45.80370950001373,48.36322204390755,-10.202220664036737,0.1690322076977403
combined_G06_Re500,combined_shift,Nuavg,U_only,0.7,0.703125,135,10.87989826558431,13.392941714024973,31.08728395551656,32.35947783251441,45.84524259498194,48.36322204390755,-10.87989826558431,0.10761976441617105
combined_G06_Re500,combined_shift,Nuavg,D_only,0.95,0.953125,183,8.800874562873215,11.383578294470961,28.242726146253194,25.0990136752556,43.09755809377182,48.36221603106055,-8.800874562873215,0.2678954422112858
combined_G06_Re500,combined_shift,Nuavg,D_only,0.9,0.9010416666666666,173,8.01613972742158,10.359361330532414,27.29673547713086,24.326012211461222,42.852430986593724,47.34952364924656,-8.01613972742158,0.29422483117392373
combined_G06_Re500,combined_shift,Nuavg,D_only,0.8,0.8020833333333334,154,6.401635839833842,8.040087128965169,25.308462487498335,21.17794697542963,40.25504287450717,41.21552007739647,-6.401635839833842,0.3039789376674634
combined_G06_Re500,combined_shift,Nuavg,D_only,0.7,0.703125,135,5.178246755811903,6.251271865655379,23.507149323693483,20.991319551757016,37.55399436244438,39.98908859355111,-5.178246755811903,0.24213130807514327
combined_G06_Re500,combined_shift,Nuavg,V_only,0.95,0.953125,183,8.800874562873215,11.383578294470961,28.242726146253194,25.0990136752556,43.09755809377182,48.36221603106055,-8.800874562873215,0.2678954422112858
combined_G06_Re500,combined_shift,Nuavg,V_only,0.9,0.9010416666666666,173,8.01613972742158,10.359361330532414,27.29673547713086,24.326012211461222,42.852430986593724,47.34952364924656,-8.01613972742158,0.29422483117392373
combined_G06_Re500,combined_shift,Nuavg,V_only,0.8,0.8020833333333334,154,6.401635839833842,8.040087128965169,25.308462487498335,21.17794697542963,40.25504287450717,41.21552007739647,-6.401635839833842,0.3039789376674634
combined_G06_Re500,combined_shift,Nuavg,V_only,0.7,0.703125,135,5.178246755811903,6.251271865655379,23.507149323693483,20.991319551757016,37.55399436244438,39.98908859355111,-5.178246755811903,0.24213130807514327
combined_G06_Re500,combined_shift,Nuavg,U_plus_D,0.95,0.953125,183,9.601301705615766,12.263068604384467,29.2918684663618,31.028454377375233,45.83319289349226,48.36322204390755,-9.601301705615766,0.22202231240681425
combined_G06_Re500,combined_shift,Nuavg,U_plus_D,0.9,0.9010416666666666,173,9.76329997491561,12.383377895807099,29.53519798082285,31.228493685636067,45.806389808511774,48.36322204390755,-9.76329997491561,0.2067999037754633
combined_G06_Re500,combined_shift,Nuavg,U_plus_D,0.8,0.8020833333333334,154,10.202220664036737,12.769605733982134,30.145189501336837,31.578032425060666,45.80370950001373,48.36322204390755,-10.202220664036737,0.1690322076977403
combined_G06_Re500,combined_shift,Nuavg,U_plus_D,0.7,0.703125,135,10.87989826558431,13.392941714024973,31.08728395551656,32.35947783251441,45.84524259498194,48.36322204390755,-10.87989826558431,0.10761976441617105
combined_G06_Re500,combined_shift,Nuavg,U_plus_V,0.95,0.953125,183,9.601301705615766,12.263068604384467,29.2918684663618,31.028454377375233,45.83319289349226,48.36322204390755,-9.601301705615766,0.22202231240681425
combined_G06_Re500,combined_shift,Nuavg,U_plus_V,0.9,0.9010416666666666,173,9.76329997491561,12.383377895807099,29.53519798082285,31.228493685636067,45.806389808511774,48.36322204390755,-9.76329997491561,0.2067999037754633
combined_G06_Re500,combined_shift,Nuavg,U_plus_V,0.8,0.8020833333333334,154,10.202220664036737,12.769605733982134,30.145189501336837,31.578032425060666,45.80370950001373,48.36322204390755,-10.202220664036737,0.1690322076977403
combined_G06_Re500,combined_shift,Nuavg,U_plus_V,0.7,0.703125,135,10.87989826558431,13.392941714024973,31.08728395551656,32.35947783251441,45.84524259498194,48.36322204390755,-10.87989826558431,0.10761976441617105
combined_G06_Re500,combined_shift,Nuavg,D_plus_V,0.95,0.953125,183,8.800874562873215,11.383578294470961,28.242726146253194,25.0990136752556,43.09755809377182,48.36221603106055,-8.800874562873215,0.2678954422112858
combined_G06_Re500,combined_shift,Nuavg,D_plus_V,0.9,0.9010416666666666,173,8.01613972742158,10.359361330532414,27.29673547713086,24.326012211461222,42.852430986593724,47.34952364924656,-8.01613972742158,0.29422483117392373
combined_G06_Re500,combined_shift,Nuavg,D_plus_V,0.8,0.8020833333333334,154,6.401635839833842,8.040087128965169,25.308462487498335,21.17794697542963,40.25504287450717,41.21552007739647,-6.401635839833842,0.3039789376674634
combined_G06_Re500,combined_shift,Nuavg,D_plus_V,0.7,0.703125,135,5.178246755811903,6.251271865655379,23.507149323693483,20.991319551757016,37.55399436244438,39.98908859355111,-5.178246755811903,0.24213130807514327
combined_G06_Re500,combined_shift,Nuavg,U_plus_D_plus_V,0.95,0.953125,183,9.601301705615766,12.263068604384467,29.2918684663618,31.028454377375233,45.83319289349226,48.36322204390755,-9.601301705615766,0.22202231240681425
combined_G06_Re500,combined_shift,Nuavg,U_plus_D_plus_V,0.9,0.9010416666666666,173,9.76329997491561,12.383377895807099,29.53519798082285,31.228493685636067,45.806389808511774,48.36322204390755,-9.76329997491561,0.2067999037754633
combined_G06_Re500,combined_shift,Nuavg,U_plus_D_plus_V,0.8,0.8020833333333334,154,10.202220664036737,12.769605733982134,30.145189501336837,31.578032425060666,45.80370950001373,48.36322204390755,-10.202220664036737,0.1690322076977403
combined_G06_Re500,combined_shift,Nuavg,U_plus_D_plus_V,0.7,0.703125,135,10.87989826558431,13.392941714024973,31.08728395551656,32.35947783251441,45.84524259498194,48.36322204390755,-10.87989826558431,0.10761976441617105
combined_G06_Re500,combined_shift,Nuavg,U_2D_plus_V,0.95,0.953125,183,9.601301705615766,12.263068604384467,29.2918684663618,31.028454377375233,45.83319289349226,48.36322204390755,-9.601301705615766,0.22202231240681425
combined_G06_Re500,combined_shift,Nuavg,U_2D_plus_V,0.9,0.9010416666666666,173,9.76329997491561,12.383377895807099,29.53519798082285,31.228493685636067,45.806389808511774,48.36322204390755,-9.76329997491561,0.2067999037754633
combined_G06_Re500,combined_shift,Nuavg,U_2D_plus_V,0.8,0.8020833333333334,154,10.202220664036737,12.769605733982134,30.145189501336837,31.578032425060666,45.80370950001373,48.36322204390755,-10.202220664036737,0.1690322076977403
combined_G06_Re500,combined_shift,Nuavg,U_2D_plus_V,0.7,0.703125,135,10.87989826558431,13.392941714024973,31.08728395551656,32.35947783251441,45.84524259498194,48.36322204390755,-10.87989826558431,0.10761976441617105
combined_G06_Re500,combined_shift,Nuavg,conservative_U_D_V_max,0.95,0.953125,183,8.800874562873215,11.383578294470961,28.242726146253194,25.0990136752556,43.09755809377182,48.36221603106055,-8.800874562873215,0.2678954422112858
combined_G06_Re500,combined_shift,Nuavg,conservative_U_D_V_max,0.9,0.9010416666666666,173,8.01613972742158,10.359361330532414,27.29673547713086,24.326012211461222,42.852430986593724,47.34952364924656,-8.01613972742158,0.29422483117392373
combined_G06_Re500,combined_shift,Nuavg,conservative_U_D_V_max,0.8,0.8020833333333334,154,6.401635839833842,8.040087128965169,25.308462487498335,21.17794697542963,40.25504287450717,41.21552007739647,-6.401635839833842,0.3039789376674634
combined_G06_Re500,combined_shift,Nuavg,conservative_U_D_V_max,0.7,0.703125,135,5.178246755811903,6.251271865655379,23.507149323693483,20.991319551757016,37.55399436244438,39.98908859355111,-5.178246755811903,0.24213130807514327
combined_G06_Re500,combined_shift,Nuavg,oracle_error_rank,0.95,0.953125,183,8.562156143230167,10.891624620350385,28.089403386953443,25.0990136752556,42.73178590695692,45.86085045880029,-8.562156143230167,0.2565318091268838
combined_G06_Re500,combined_shift,Nuavg,oracle_error_rank,0.9,0.9010416666666666,173,7.795851602763799,9.882961161742028,27.18148180457738,24.326012211461222,42.51161742905434,42.71789597470985,-7.795851602763799,0.271713904480987
combined_G06_Re500,combined_shift,Nuavg,oracle_error_rank,0.8,0.8020833333333334,154,6.414819466776662,8.072992672279552,25.304683749276776,21.17794697542963,40.25504287450717,40.97958713416138,-6.414819466776662,0.3128753363825485
combined_G06_Re500,combined_shift,Nuavg,oracle_error_rank,0.7,0.703125,135,4.978368422049064,5.867701957448595,23.23424800483549,20.991319551757016,33.20188603700356,37.56074998786526,-4.978368422049064,0.21566189138716385
combined_G06_Re500,combined_shift,Nuavg,random_rejection,0.95,0.953125,183,9.432645191213473,12.178883696045208,28.97074544249744,25.222558783495014,45.8586207639691,48.36322204390755,-9.432645191213473,0.24557669935061166
combined_G06_Re500,combined_shift,Nuavg,random_rejection,0.9,0.9010416666666666,173,9.110236840308746,11.834248871941158,28.556330975780423,25.0990136752556,45.81530858783655,48.36322204390755,-9.110236840308746,0.2626233064773158
combined_G06_Re500,combined_shift,Nuavg,random_rejection,0.8,0.8020833333333334,154,9.226876546785428,11.908607217398403,28.79556778170544,25.184957415798465,45.811513431922904,48.36322204390755,-9.226876546785428,0.24709508457171525
combined_G06_Re500,combined_shift,Nuavg,random_rejection,0.7,0.703125,135,9.101616831913702,11.671940421962763,28.760457109181598,25.14735604810192,43.09419572454051,48.36322204390755,-9.101616831913702,0.23817476037512053
combined_G06_Re500,combined_shift,DelP_Pa,U_only,0.95,0.953125,183,596.9289548496049,860.9845988173963,68.31137613879852,71.89579253046088,74.1682665900652,74.32354064978442,-596.9289548496049,0.41543967830371487
combined_G06_Re500,combined_shift,DelP_Pa,U_only,0.9,0.9010416666666666,173,611.0100271774978,880.4731633804563,68.22727522580784,71.90163497659266,74.16079991635213,74.32354064978442,-611.0100271774978,0.41512383937788777
combined_G06_Re500,combined_shift,DelP_Pa,U_only,0.8,0.8020833333333334,154,634.7084046208433,918.6288904626505,68.17341956908204,71.92231296177945,74.16523055150127,74.32354064978442,-634.7084046208433,0.4213978768656712
combined_G06_Re500,combined_shift,DelP_Pa,U_only,0.7,0.703125,135,657.0594622819618,947.9243077109268,68.20202051140132,71.936783994168,74.18542207483988,74.32354064978442,-657.0594622819618,0.41913579366511344
combined_G06_Re500,combined_shift,DelP_Pa,D_only,0.95,0.953125,183,553.0871628935993,795.6439460800808,68.68485591456812,71.90163497659266,74.1682665900652,74.32354064978442,-553.0871628935993,0.409602002985445
combined_G06_Re500,combined_shift,DelP_Pa,D_only,0.9,0.9010416666666666,173,541.5375023418451,784.8648315141054,68.87096909430264,71.93490222247526,74.17567684197402,74.32354064978442,-541.5375023418451,0.4175456760266619
combined_G06_Re500,combined_shift,DelP_Pa,D_only,0.8,0.8020833333333334,154,566.2768417097546,821.4176098280057,68.4969714409252,71.92718141280318,74.16523055150127,74.32354064978442,-566.2768417097546,0.41933535558329527
combined_G06_Re500,combined_shift,DelP_Pa,D_only,0.7,0.703125,135,540.0833599251764,776.5994203211726,68.85973944283091,71.91946060313111,74.18542207483988,74.32354064978442,-540.0833599251764,0.40805154375012176
combined_G06_Re500,combined_shift,DelP_Pa,V_only,0.95,0.953125,183,553.0871628935993,795.6439460800808,68.68485591456812,71.90163497659266,74.1682665900652,74.32354064978442,-553.0871628935993,0.409602002985445
combined_G06_Re500,combined_shift,DelP_Pa,V_only,0.9,0.9010416666666666,173,541.5375023418451,784.8648315141054,68.87096909430264,71.93490222247526,74.17567684197402,74.32354064978442,-541.5375023418451,0.4175456760266619
combined_G06_Re500,combined_shift,DelP_Pa,V_only,0.8,0.8020833333333334,154,566.2768417097546,821.4176098280057,68.4969714409252,71.92718141280318,74.16523055150127,74.32354064978442,-566.2768417097546,0.41933535558329527
combined_G06_Re500,combined_shift,DelP_Pa,V_only,0.7,0.703125,135,540.0833599251764,776.5994203211726,68.85973944283091,71.91946060313111,74.18542207483988,74.32354064978442,-540.0833599251764,0.40805154375012176
combined_G06_Re500,combined_shift,DelP_Pa,U_plus_D,0.95,0.953125,183,596.9289548496049,860.9845988173963,68.31137613879852,71.89579253046088,74.1682665900652,74.32354064978442,-596.9289548496049,0.41543967830371487
combined_G06_Re500,combined_shift,DelP_Pa,U_plus_D,0.9,0.9010416666666666,173,611.0100271774978,880.4731633804563,68.22727522580784,71.90163497659266,74.16079991635213,74.32354064978442,-611.0100271774978,0.41512383937788777
combined_G06_Re500,combined_shift,DelP_Pa,U_plus_D,0.8,0.8020833333333334,154,634.7084046208433,918.6288904626505,68.17341956908204,71.92231296177945,74.16523055150127,74.32354064978442,-634.7084046208433,0.4213978768656712
combined_G06_Re500,combined_shift,DelP_Pa,U_plus_D,0.7,0.703125,135,657.0594622819618,947.9243077109268,68.20202051140132,71.936783994168,74.18542207483988,74.32354064978442,-657.0594622819618,0.41913579366511344
combined_G06_Re500,combined_shift,DelP_Pa,U_plus_V,0.95,0.953125,183,596.9289548496049,860.9845988173963,68.31137613879852,71.89579253046088,74.1682665900652,74.32354064978442,-596.9289548496049,0.41543967830371487
combined_G06_Re500,combined_shift,DelP_Pa,U_plus_V,0.9,0.9010416666666666,173,611.0100271774978,880.4731633804563,68.22727522580784,71.90163497659266,74.16079991635213,74.32354064978442,-611.0100271774978,0.41512383937788777
combined_G06_Re500,combined_shift,DelP_Pa,U_plus_V,0.8,0.8020833333333334,154,634.7084046208433,918.6288904626505,68.17341956908204,71.92231296177945,74.16523055150127,74.32354064978442,-634.7084046208433,0.4213978768656712
combined_G06_Re500,combined_shift,DelP_Pa,U_plus_V,0.7,0.703125,135,657.0594622819618,947.9243077109268,68.20202051140132,71.936783994168,74.18542207483988,74.32354064978442,-657.0594622819618,0.41913579366511344
combined_G06_Re500,combined_shift,DelP_Pa,D_plus_V,0.95,0.953125,183,553.0871628935993,795.6439460800808,68.68485591456812,71.90163497659266,74.1682665900652,74.32354064978442,-553.0871628935993,0.409602002985445
combined_G06_Re500,combined_shift,DelP_Pa,D_plus_V,0.9,0.9010416666666666,173,541.5375023418451,784.8648315141054,68.87096909430264,71.93490222247526,74.17567684197402,74.32354064978442,-541.5375023418451,0.4175456760266619
combined_G06_Re500,combined_shift,DelP_Pa,D_plus_V,0.8,0.8020833333333334,154,566.2768417097546,821.4176098280057,68.4969714409252,71.92718141280318,74.16523055150127,74.32354064978442,-566.2768417097546,0.41933535558329527
combined_G06_Re500,combined_shift,DelP_Pa,D_plus_V,0.7,0.703125,135,540.0833599251764,776.5994203211726,68.85973944283091,71.91946060313111,74.18542207483988,74.32354064978442,-540.0833599251764,0.40805154375012176
combined_G06_Re500,combined_shift,DelP_Pa,U_plus_D_plus_V,0.95,0.953125,183,596.9289548496049,860.9845988173963,68.31137613879852,71.89579253046088,74.1682665900652,74.32354064978442,-596.9289548496049,0.41543967830371487
combined_G06_Re500,combined_shift,DelP_Pa,U_plus_D_plus_V,0.9,0.9010416666666666,173,611.0100271774978,880.4731633804563,68.22727522580784,71.90163497659266,74.16079991635213,74.32354064978442,-611.0100271774978,0.41512383937788777
combined_G06_Re500,combined_shift,DelP_Pa,U_plus_D_plus_V,0.8,0.8020833333333334,154,634.7084046208433,918.6288904626505,68.17341956908204,71.92231296177945,74.16523055150127,74.32354064978442,-634.7084046208433,0.4213978768656712
combined_G06_Re500,combined_shift,DelP_Pa,U_plus_D_plus_V,0.7,0.703125,135,657.0594622819618,947.9243077109268,68.20202051140132,71.936783994168,74.18542207483988,74.32354064978442,-657.0594622819618,0.41913579366511344
combined_G06_Re500,combined_shift,DelP_Pa,U_2D_plus_V,0.95,0.953125,183,596.9289548496049,860.9845988173963,68.31137613879852,71.89579253046088,74.1682665900652,74.32354064978442,-596.9289548496049,0.41543967830371487
combined_G06_Re500,combined_shift,DelP_Pa,U_2D_plus_V,0.9,0.9010416666666666,173,611.0100271774978,880.4731633804563,68.22727522580784,71.90163497659266,74.16079991635213,74.32354064978442,-611.0100271774978,0.41512383937788777
combined_G06_Re500,combined_shift,DelP_Pa,U_2D_plus_V,0.8,0.8020833333333334,154,634.7084046208433,918.6288904626505,68.17341956908204,71.92231296177945,74.16523055150127,74.32354064978442,-634.7084046208433,0.4213978768656712
combined_G06_Re500,combined_shift,DelP_Pa,U_2D_plus_V,0.7,0.703125,135,657.0594622819618,947.9243077109268,68.20202051140132,71.936783994168,74.18542207483988,74.32354064978442,-657.0594622819618,0.41913579366511344
combined_G06_Re500,combined_shift,DelP_Pa,conservative_U_D_V_max,0.95,0.953125,183,553.0871628935993,795.6439460800808,68.68485591456812,71.90163497659266,74.1682665900652,74.32354064978442,-553.0871628935993,0.409602002985445
combined_G06_Re500,combined_shift,DelP_Pa,conservative_U_D_V_max,0.9,0.9010416666666666,173,541.5375023418451,784.8648315141054,68.87096909430264,71.93490222247526,74.17567684197402,74.32354064978442,-541.5375023418451,0.4175456760266619
combined_G06_Re500,combined_shift,DelP_Pa,conservative_U_D_V_max,0.8,0.8020833333333334,154,566.2768417097546,821.4176098280057,68.4969714409252,71.92718141280318,74.16523055150127,74.32354064978442,-566.2768417097546,0.41933535558329527
combined_G06_Re500,combined_shift,DelP_Pa,conservative_U_D_V_max,0.7,0.703125,135,540.0833599251764,776.5994203211726,68.85973944283091,71.91946060313111,74.18542207483988,74.32354064978442,-540.0833599251764,0.40805154375012176
combined_G06_Re500,combined_shift,DelP_Pa,oracle_error_rank,0.95,0.953125,183,593.7673608340519,860.3252561973657,67.88621078033725,69.54965289607573,73.81721033312189,74.1697599248078,-593.7673608340519,0.41824535460605317
combined_G06_Re500,combined_shift,DelP_Pa,oracle_error_rank,0.9,0.9010416666666666,173,601.6408090177708,877.8381911281117,67.52997625393724,69.52571267240886,73.69896888230899,73.81550748639451,-601.6408090177708,0.4242158497237096
combined_G06_Re500,combined_shift,DelP_Pa,oracle_error_rank,0.8,0.8020833333333334,154,637.5741728591893,923.7769613161878,66.7947894022699,68.51118492344936,72.82538772875287,72.92545472882765,-637.5741728591893,0.41551593596876113
combined_G06_Re500,combined_shift,DelP_Pa,oracle_error_rank,0.7,0.703125,135,691.5430114739675,981.9403813984247,65.94625058853117,68.3976489512535,72.62456751199363,72.73704944046378,-691.5430114739675,0.39255190259146466
combined_G06_Re500,combined_shift,DelP_Pa,random_rejection,0.95,0.953125,183,594.5600803344189,856.7820005050606,68.19194889873658,71.87691512300917,74.1682665900652,74.32354064978442,-594.5600803344189,0.4132486640883366
combined_G06_Re500,combined_shift,DelP_Pa,random_rejection,0.9,0.9010416666666666,173,594.3670021685307,865.5260512009598,68.1336965827968,69.62503832556659,74.16079991635213,74.32354064978442,-594.3670021685307,0.42399883676678873
combined_G06_Re500,combined_shift,DelP_Pa,random_rejection,0.8,0.8020833333333334,154,601.0962200770015,868.9240404271094,68.11066851014847,69.61812077201827,74.16005324898083,74.32354064978442,-601.0962200770015,0.41607519917335734
combined_G06_Re500,combined_shift,DelP_Pa,random_rejection,0.7,0.703125,135,605.0484797003413,867.4481083337978,67.96412461405045,69.54965289607573,74.1541317651199,74.32354064978442,-605.0484797003413,0.407349726265299
