case_uid,raw_row_id,geometry_id,Re,Pr,Da,epsi,Hp_mm,a_mm,Lw_mm,Nuavg,DelP_Pa
G01_R0001,1,G01,25,3,0.001,0.85,0.1,0.0,0.0,6.7058,3.5391007
G01_R0002,2,G01,25,3,0.001,0.85,0.2,0.0,0.0,7.2261,4.9319619999999995
G01_R0003,3,G01,25,3,0.001,0.85,0.3,0.0,0.0,7.8352,6.9917847
G01_R0004,4,G01,25,3,0.001,0.8,0.1,0.0,0.0,6.7107,3.5506918
G01_R0005,5,G01,25,3,0.001,0.8,0.2,0.0,0.0,7.233,4.9540439
G01_R0006,6,G01,25,3,0.001,0.8,0.3,0.0,0.0,7.8432,7.0272847
G01_R0007,7,G01,25,3,0.001,0.75,0.1,0.0,0.0,6.7158,3.5627573
G01_R0008,8,G01,25,3,0.001,0.75,0.2,0.0,0.0,7.2402,4.9773848
G01_R0009,9,G01,25,3,0.001,0.75,0.3,0.0,0.0,7.8515,7.0650341
G01_R0010,10,G01,25,3,0.001,0.7,0.1,0.0,0.0,6.7212,3.575394
G01_R0011,11,G01,25,3,0.001,0.7,0.2,0.0,0.0,7.2478,5.0019789
G01_R0012,12,G01,25,3,0.001,0.7,0.3,0.0,0.0,7.8605,7.105325400000001
G01_R0013,13,G01,25,3,0.0001,0.85,0.1,0.0,0.0,7.0146,4.4376489999999995
G01_R0014,14,G01,25,3,0.0001,0.85,0.2,0.0,0.0,7.6278,6.7143536
G01_R0015,15,G01,25,3,0.0001,0.85,0.3,0.0,0.0,8.4242,10.326261
G01_R0016,16,G01,25,3,0.0001,0.8,0.1,0.0,0.0,7.0175,4.4470186
G01_R0017,17,G01,25,3,0.0001,0.8,0.2,0.0,0.0,7.6314,6.731568299999999
G01_R0018,18,G01,25,3,0.0001,0.8,0.3,0.0,0.0,8.4287,10.355907
G01_R0019,19,G01,25,3,0.0001,0.75,0.1,0.0,0.0,7.0204,4.4569642
G01_R0020,20,G01,25,3,0.0001,0.75,0.2,0.0,0.0,7.6351,6.7501525
G01_R0021,21,G01,25,3,0.0001,0.75,0.3,0.0,0.0,8.4333,10.387514999999999
G01_R0022,22,G01,25,3,0.0001,0.7,0.1,0.0,0.0,7.0235,4.4674817
G01_R0023,23,G01,25,3,0.0001,0.7,0.2,0.0,0.0,7.6389,6.770200999999999
G01_R0024,24,G01,25,3,0.0001,0.7,0.3,0.0,0.0,8.4382,10.422079
G01_R0025,25,G01,25,3,1e-05,0.85,0.1,0.0,0.0,7.0987,6.6742439000000005
G01_R0026,26,G01,25,3,1e-05,0.85,0.2,0.0,0.0,7.7415,14.034764000000001
G01_R0027,27,G01,25,3,1e-05,0.85,0.3,0.0,0.0,8.5874,25.849677999999997
G01_R0028,28,G01,25,3,1e-05,0.8,0.1,0.0,0.0,7.0997,6.6853538
G01_R0029,29,G01,25,3,1e-05,0.8,0.2,0.0,0.0,7.7428,14.060641
G01_R0030,30,G01,25,3,1e-05,0.8,0.3,0.0,0.0,8.589,25.895523
G01_R0031,31,G01,25,3,1e-05,0.75,0.1,0.0,0.0,7.1008,6.6977547
G01_R0032,32,G01,25,3,1e-05,0.75,0.2,0.0,0.0,7.7441,14.089505
G01_R0033,33,G01,25,3,1e-05,0.75,0.3,0.0,0.0,8.5907,25.947354
G01_R0034,34,G01,25,3,1e-05,0.7,0.1,0.0,0.0,7.1019,6.711645
G01_R0035,35,G01,25,3,1e-05,0.7,0.2,0.0,0.0,7.7455,14.122356
G01_R0036,36,G01,25,3,1e-05,0.7,0.3,0.0,0.0,8.5925,26.007168
G01_R0037,37,G01,25,3,1e-06,0.85,0.1,0.0,0.0,7.1248,24.410804
G01_R0038,38,G01,25,3,1e-06,0.85,0.2,0.0,0.0,7.7759,78.946158
G01_R0039,39,G01,25,3,1e-06,0.85,0.3,0.0,0.0,8.6348,168.59137800000002
G01_R0040,40,G01,25,3,1e-06,0.8,0.1,0.0,0.0,7.125,24.455769
G01_R0041,41,G01,25,3,1e-06,0.8,0.2,0.0,0.0,7.7762,79.044114
G01_R0042,42,G01,25,3,1e-06,0.8,0.3,0.0,0.0,8.6351,168.75132200000002
G01_R0043,43,G01,25,3,1e-06,0.75,0.1,0.0,0.0,7.1253,24.504731
G01_R0044,44,G01,25,3,1e-06,0.75,0.2,0.0,0.0,7.7765,79.15306600000001
G01_R0045,45,G01,25,3,1e-06,0.75,0.3,0.0,0.0,8.6355,168.93126099999998
G01_R0046,46,G01,25,3,1e-06,0.7,0.1,0.0,0.0,7.1256,24.55769
G01_R0047,47,G01,25,3,1e-06,0.7,0.2,0.0,0.0,7.7769,79.27501500000001
G01_R0048,48,G01,25,3,1e-06,0.7,0.3,0.0,0.0,8.6359,169.13119600000002
G01_R0049,49,G01,25,6,0.001,0.85,0.1,0.0,0.0,7.3903,3.5391007
G01_R0050,50,G01,25,6,0.001,0.85,0.2,0.0,0.0,7.9617,4.9319619999999995
G01_R0051,51,G01,25,6,0.001,0.85,0.3,0.0,0.0,8.624,6.9917847
G01_R0052,52,G01,25,6,0.001,0.8,0.1,0.0,0.0,7.3954,3.5506918
G01_R0053,53,G01,25,6,0.001,0.8,0.2,0.0,0.0,7.9689,4.9540439
G01_R0054,54,G01,25,6,0.001,0.8,0.3,0.0,0.0,8.6324,7.0272847
G01_R0055,55,G01,25,6,0.001,0.75,0.1,0.0,0.0,7.4006,3.5627573
G01_R0056,56,G01,25,6,0.001,0.75,0.2,0.0,0.0,7.9764,4.9773848
G01_R0057,57,G01,25,6,0.001,0.75,0.3,0.0,0.0,8.6413,7.0650341
G01_R0058,58,G01,25,6,0.001,0.7,0.1,0.0,0.0,7.4062,3.575394
G01_R0059,59,G01,25,6,0.001,0.7,0.2,0.0,0.0,7.9844,5.0019789
G01_R0060,60,G01,25,6,0.001,0.7,0.3,0.0,0.0,8.6508,7.105325400000001
G01_R0061,61,G01,25,6,0.0001,0.85,0.1,0.0,0.0,7.6993,4.4376489999999995
G01_R0062,62,G01,25,6,0.0001,0.85,0.2,0.0,0.0,8.3581,6.7143536
G01_R0063,63,G01,25,6,0.0001,0.85,0.3,0.0,0.0,9.1968,10.326261
G01_R0064,64,G01,25,6,0.0001,0.8,0.1,0.0,0.0,7.7022,4.4470186
G01_R0065,65,G01,25,6,0.0001,0.8,0.2,0.0,0.0,8.3617,6.731568299999999
G01_R0066,66,G01,25,6,0.0001,0.8,0.3,0.0,0.0,9.2014,10.355907
G01_R0067,67,G01,25,6,0.0001,0.75,0.1,0.0,0.0,7.7052,4.4569642
G01_R0068,68,G01,25,6,0.0001,0.75,0.2,0.0,0.0,8.3654,6.7501525
G01_R0069,69,G01,25,6,0.0001,0.75,0.3,0.0,0.0,9.2061,10.387514999999999
G01_R0070,70,G01,25,6,0.0001,0.7,0.1,0.0,0.0,7.7083,4.4674817
G01_R0071,71,G01,25,6,0.0001,0.7,0.2,0.0,0.0,8.3694,6.770200999999999
G01_R0072,72,G01,25,6,0.0001,0.7,0.3,0.0,0.0,9.211,10.422079
G01_R0073,73,G01,25,6,1e-05,0.85,0.1,0.0,0.0,7.7834,6.6742439000000005
G01_R0074,74,G01,25,6,1e-05,0.85,0.2,0.0,0.0,8.4703,14.034764000000001
G01_R0075,75,G01,25,6,1e-05,0.85,0.3,0.0,0.0,9.3549,25.849677999999997
G01_R0076,76,G01,25,6,1e-05,0.8,0.1,0.0,0.0,7.7844,6.6853538
G01_R0077,77,G01,25,6,1e-05,0.8,0.2,0.0,0.0,8.4716,14.060641
G01_R0078,78,G01,25,6,1e-05,0.8,0.3,0.0,0.0,9.3566,25.895523
G01_R0079,79,G01,25,6,1e-05,0.75,0.1,0.0,0.0,7.7854,6.6977547
G01_R0080,80,G01,25,6,1e-05,0.75,0.2,0.0,0.0,8.4729,14.089505
G01_R0081,81,G01,25,6,1e-05,0.75,0.3,0.0,0.0,9.3582,25.947354
G01_R0082,82,G01,25,6,1e-05,0.7,0.1,0.0,0.0,7.7865,6.711645
G01_R0083,83,G01,25,6,1e-05,0.7,0.2,0.0,0.0,8.4742,14.122356
G01_R0084,84,G01,25,6,1e-05,0.7,0.3,0.0,0.0,9.36,26.007168
G01_R0085,85,G01,25,6,1e-06,0.85,0.1,0.0,0.0,7.8095,24.410804
G01_R0086,86,G01,25,6,1e-06,0.85,0.2,0.0,0.0,8.5044,78.946158
G01_R0087,87,G01,25,6,1e-06,0.85,0.3,0.0,0.0,9.4011,168.59137800000002
G01_R0088,88,G01,25,6,1e-06,0.8,0.1,0.0,0.0,7.8097,24.455769
G01_R0089,89,G01,25,6,1e-06,0.8,0.2,0.0,0.0,8.5046,79.044114
G01_R0090,90,G01,25,6,1e-06,0.8,0.3,0.0,0.0,9.4015,168.75132200000002
G01_R0091,91,G01,25,6,1e-06,0.75,0.1,0.0,0.0,7.81,24.504731
G01_R0092,92,G01,25,6,1e-06,0.75,0.2,0.0,0.0,8.5049,79.15306600000001
G01_R0093,93,G01,25,6,1e-06,0.75,0.3,0.0,0.0,9.4018,168.93126099999998
G01_R0094,94,G01,25,6,1e-06,0.7,0.1,0.0,0.0,7.8103,24.55769
G01_R0095,95,G01,25,6,1e-06,0.7,0.2,0.0,0.0,8.5053,79.27501500000001
G01_R0096,96,G01,25,6,1e-06,0.7,0.3,0.0,0.0,9.4023,169.13119600000002
G01_R0097,97,G01,25,20,0.001,0.85,0.1,0.0,0.0,9.6697,3.5391007
G01_R0098,98,G01,25,20,0.001,0.85,0.2,0.0,0.0,10.35,4.9319619999999995
G01_R0099,99,G01,25,20,0.001,0.85,0.3,0.0,0.0,11.136,6.9917847
G01_R0100,100,G01,25,20,0.001,0.8,0.1,0.0,0.0,9.6757,3.5506918
G01_R0101,101,G01,25,20,0.001,0.8,0.2,0.0,0.0,10.358,4.9540439
G01_R0102,102,G01,25,20,0.001,0.8,0.3,0.0,0.0,11.146,7.0272847
G01_R0103,103,G01,25,20,0.001,0.75,0.1,0.0,0.0,9.6819,3.5627573
G01_R0104,104,G01,25,20,0.001,0.75,0.2,0.0,0.0,10.367,4.9773848
G01_R0105,105,G01,25,20,0.001,0.75,0.3,0.0,0.0,11.157,7.0650341
G01_R0106,106,G01,25,20,0.001,0.7,0.1,0.0,0.0,9.6884,3.575394
G01_R0107,107,G01,25,20,0.001,0.7,0.2,0.0,0.0,10.376,5.0019789
G01_R0108,108,G01,25,20,0.001,0.7,0.3,0.0,0.0,11.168,7.105325400000001
G01_R0109,109,G01,25,20,0.0001,0.85,0.1,0.0,0.0,10.021,4.4376489999999995
G01_R0110,110,G01,25,20,0.0001,0.85,0.2,0.0,0.0,10.789,6.7143536
G01_R0111,111,G01,25,20,0.0001,0.85,0.3,0.0,0.0,11.753,10.326261
G01_R0112,112,G01,25,20,0.0001,0.8,0.1,0.0,0.0,10.024,4.4470186
G01_R0113,113,G01,25,20,0.0001,0.8,0.2,0.0,0.0,10.793,6.731568299999999
G01_R0114,114,G01,25,20,0.0001,0.8,0.3,0.0,0.0,11.758,10.355907
G01_R0115,115,G01,25,20,0.0001,0.75,0.1,0.0,0.0,10.028,4.4569642
G01_R0116,116,G01,25,20,0.0001,0.75,0.2,0.0,0.0,10.797,6.7501525
G01_R0117,117,G01,25,20,0.0001,0.75,0.3,0.0,0.0,11.764,10.387514999999999
G01_R0118,118,G01,25,20,0.0001,0.7,0.1,0.0,0.0,10.031,4.4674817
G01_R0119,119,G01,25,20,0.0001,0.7,0.2,0.0,0.0,10.802,6.770200999999999
G01_R0120,120,G01,25,20,0.0001,0.7,0.3,0.0,0.0,11.769,10.422079
G01_R0121,121,G01,25,20,1e-05,0.85,0.1,0.0,0.0,10.116,6.6742439000000005
G01_R0122,122,G01,25,20,1e-05,0.85,0.2,0.0,0.0,10.913,14.034764000000001
G01_R0123,123,G01,25,20,1e-05,0.85,0.3,0.0,0.0,11.923,25.849677999999997
G01_R0124,124,G01,25,20,1e-05,0.8,0.1,0.0,0.0,10.117,6.6853538
G01_R0125,125,G01,25,20,1e-05,0.8,0.2,0.0,0.0,10.914,14.060641
G01_R0126,126,G01,25,20,1e-05,0.8,0.3,0.0,0.0,11.925,25.895523
G01_R0127,127,G01,25,20,1e-05,0.75,0.1,0.0,0.0,10.118,6.6977547
G01_R0128,128,G01,25,20,1e-05,0.75,0.2,0.0,0.0,10.916,14.089505
G01_R0129,129,G01,25,20,1e-05,0.75,0.3,0.0,0.0,11.927,25.947354
G01_R0130,130,G01,25,20,1e-05,0.7,0.1,0.0,0.0,10.12,6.711645
G01_R0131,131,G01,25,20,1e-05,0.7,0.2,0.0,0.0,10.917,14.122356
G01_R0132,132,G01,25,20,1e-05,0.7,0.3,0.0,0.0,11.929,26.007168
G01_R0133,133,G01,25,20,1e-06,0.85,0.1,0.0,0.0,10.146,24.410804
G01_R0134,134,G01,25,20,1e-06,0.85,0.2,0.0,0.0,10.95,78.946158
G01_R0135,135,G01,25,20,1e-06,0.85,0.3,0.0,0.0,11.973,168.59137800000002
G01_R0136,136,G01,25,20,1e-06,0.8,0.1,0.0,0.0,10.146,24.455769
G01_R0137,137,G01,25,20,1e-06,0.8,0.2,0.0,0.0,10.951,79.044114
G01_R0138,138,G01,25,20,1e-06,0.8,0.3,0.0,0.0,11.973,168.75132200000002
G01_R0139,139,G01,25,20,1e-06,0.75,0.1,0.0,0.0,10.146,24.504731
G01_R0140,140,G01,25,20,1e-06,0.75,0.2,0.0,0.0,10.951,79.15306600000001
G01_R0141,141,G01,25,20,1e-06,0.75,0.3,0.0,0.0,11.974,168.93126099999998
G01_R0142,142,G01,25,20,1e-06,0.7,0.1,0.0,0.0,10.146,24.55769
G01_R0143,143,G01,25,20,1e-06,0.7,0.2,0.0,0.0,10.951,79.27501500000001
G01_R0144,144,G01,25,20,1e-06,0.7,0.3,0.0,0.0,11.974,169.13119600000002
G01_R0145,145,G01,25,50,0.001,0.85,0.1,0.0,0.0,12.563,3.5391007
G01_R0146,146,G01,25,50,0.001,0.85,0.2,0.0,0.0,13.412,4.9319619999999995
G01_R0147,147,G01,25,50,0.001,0.85,0.3,0.0,0.0,14.389,6.9917847
G01_R0148,148,G01,25,50,0.001,0.8,0.1,0.0,0.0,12.57,3.5506918
G01_R0149,149,G01,25,50,0.001,0.8,0.2,0.0,0.0,13.423,4.9540439
G01_R0150,150,G01,25,50,0.001,0.8,0.3,0.0,0.0,14.402,7.0272847
G01_R0151,151,G01,25,50,0.001,0.75,0.1,0.0,0.0,12.578,3.5627573
G01_R0152,152,G01,25,50,0.001,0.75,0.2,0.0,0.0,13.434,4.9773848
G01_R0153,153,G01,25,50,0.001,0.75,0.3,0.0,0.0,14.415,7.0650341
G01_R0154,154,G01,25,50,0.001,0.7,0.1,0.0,0.0,12.587,3.575394
G01_R0155,155,G01,25,50,0.001,0.7,0.2,0.0,0.0,13.446,5.0019789
G01_R0156,156,G01,25,50,0.001,0.7,0.3,0.0,0.0,14.429,7.105325400000001
G01_R0157,157,G01,25,50,0.0001,0.85,0.1,0.0,0.0,13.0,4.4376489999999995
G01_R0158,158,G01,25,50,0.0001,0.85,0.2,0.0,0.0,13.954,6.7143536
G01_R0159,159,G01,25,50,0.0001,0.85,0.3,0.0,0.0,15.143,10.326261
G01_R0160,160,G01,25,50,0.0001,0.8,0.1,0.0,0.0,13.005,4.4470186
G01_R0161,161,G01,25,50,0.0001,0.8,0.2,0.0,0.0,13.959,6.731568299999999
G01_R0162,162,G01,25,50,0.0001,0.8,0.3,0.0,0.0,15.15,10.355907
G01_R0163,163,G01,25,50,0.0001,0.75,0.1,0.0,0.0,13.009,4.4569642
G01_R0164,164,G01,25,50,0.0001,0.75,0.2,0.0,0.0,13.964,6.7501525
G01_R0165,165,G01,25,50,0.0001,0.75,0.3,0.0,0.0,15.156,10.387514999999999
G01_R0166,166,G01,25,50,0.0001,0.7,0.1,0.0,0.0,13.013,4.4674817
G01_R0167,167,G01,25,50,0.0001,0.7,0.2,0.0,0.0,13.97,6.770200999999999
G01_R0168,168,G01,25,50,0.0001,0.7,0.3,0.0,0.0,15.163,10.422079
G01_R0169,169,G01,25,50,1e-05,0.85,0.1,0.0,0.0,13.119,6.6742439000000005
G01_R0170,170,G01,25,50,1e-05,0.85,0.2,0.0,0.0,14.107,14.034764000000001
G01_R0171,171,G01,25,50,1e-05,0.85,0.3,0.0,0.0,15.351,25.849677999999997
G01_R0172,172,G01,25,50,1e-05,0.8,0.1,0.0,0.0,13.12,6.6853538
G01_R0173,173,G01,25,50,1e-05,0.8,0.2,0.0,0.0,14.108,14.060641
G01_R0174,174,G01,25,50,1e-05,0.8,0.3,0.0,0.0,15.353,25.895523
G01_R0175,175,G01,25,50,1e-05,0.75,0.1,0.0,0.0,13.122,6.6977547
G01_R0176,176,G01,25,50,1e-05,0.75,0.2,0.0,0.0,14.11,14.089505
G01_R0177,177,G01,25,50,1e-05,0.75,0.3,0.0,0.0,15.355,25.947354
G01_R0178,178,G01,25,50,1e-05,0.7,0.1,0.0,0.0,13.123,6.711645
G01_R0179,179,G01,25,50,1e-05,0.7,0.2,0.0,0.0,14.112,14.122356
G01_R0180,180,G01,25,50,1e-05,0.7,0.3,0.0,0.0,15.358,26.007168
G01_R0181,181,G01,25,50,1e-06,0.85,0.1,0.0,0.0,13.155,24.410804
G01_R0182,182,G01,25,50,1e-06,0.85,0.2,0.0,0.0,14.153,78.946158
G01_R0183,183,G01,25,50,1e-06,0.85,0.3,0.0,0.0,15.412,168.59137800000002
G01_R0184,184,G01,25,50,1e-06,0.8,0.1,0.0,0.0,13.156,24.455769
G01_R0185,185,G01,25,50,1e-06,0.8,0.2,0.0,0.0,14.154,79.044114
G01_R0186,186,G01,25,50,1e-06,0.8,0.3,0.0,0.0,15.412,168.75132200000002
G01_R0187,187,G01,25,50,1e-06,0.75,0.1,0.0,0.0,13.156,24.504731
G01_R0188,188,G01,25,50,1e-06,0.75,0.2,0.0,0.0,14.154,79.15306600000001
G01_R0189,189,G01,25,50,1e-06,0.75,0.3,0.0,0.0,15.413,168.93126099999998
G01_R0190,190,G01,25,50,1e-06,0.7,0.1,0.0,0.0,13.157,24.55769
G01_R0191,191,G01,25,50,1e-06,0.7,0.2,0.0,0.0,14.154,79.27501500000001
G01_R0192,192,G01,25,50,1e-06,0.7,0.3,0.0,0.0,15.413,169.13119600000002
G01_R0193,193,G01,100,3,0.001,0.85,0.1,0.0,0.0,8.6293,15.135925
G01_R0194,194,G01,100,3,0.001,0.85,0.2,0.0,0.0,9.2588,21.309251
G01_R0195,195,G01,100,3,0.001,0.85,0.3,0.0,0.0,10.008,30.508539
G01_R0196,196,G01,100,3,0.001,0.8,0.1,0.0,0.0,8.6367,15.200943
G01_R0197,197,G01,100,3,0.001,0.8,0.2,0.0,0.0,9.2687,21.431028
G01_R0198,198,G01,100,3,0.001,0.8,0.3,0.0,0.0,10.02,30.71707
G01_R0199,199,G01,100,3,0.001,0.75,0.1,0.0,0.0,8.6445,15.27188
G01_R0200,200,G01,100,3,0.001,0.75,0.2,0.0,0.0,9.2792,21.561695
G01_R0201,201,G01,100,3,0.001,0.75,0.3,0.0,0.0,10.034,30.942466
G01_R0202,202,G01,100,3,0.001,0.7,0.1,0.0,0.0,8.6529,15.346728
G01_R0203,203,G01,100,3,0.001,0.7,0.2,0.0,0.0,9.2905,21.702236
G01_R0204,204,G01,100,3,0.001,0.7,0.3,0.0,0.0,10.048,31.187713000000002
G01_R0205,205,G01,100,3,0.0001,0.85,0.1,0.0,0.0,8.9129,18.847063
G01_R0206,206,G01,100,3,0.0001,0.85,0.2,0.0,0.0,9.6173,28.761825
G01_R0207,207,G01,100,3,0.0001,0.85,0.3,0.0,0.0,10.531,44.408753999999995
G01_R0208,208,G01,100,3,0.0001,0.8,0.1,0.0,0.0,8.9161,18.895318000000003
G01_R0209,209,G01,100,3,0.0001,0.8,0.2,0.0,0.0,9.6216,28.871917
G01_R0210,210,G01,100,3,0.0001,0.8,0.3,0.0,0.0,10.536,44.615621000000004
G01_R0211,211,G01,100,3,0.0001,0.75,0.1,0.0,0.0,8.9194,18.946497
G01_R0212,212,G01,100,3,0.0001,0.75,0.2,0.0,0.0,9.6261,28.991915000000002
G01_R0213,213,G01,100,3,0.0001,0.75,0.3,0.0,0.0,10.542,44.844372
G01_R0214,214,G01,100,3,0.0001,0.7,0.1,0.0,0.0,8.9229,19.002587
G01_R0215,215,G01,100,3,0.0001,0.7,0.2,0.0,0.0,9.6308,29.124803
G01_R0216,216,G01,100,3,0.0001,0.7,0.3,0.0,0.0,10.548,45.101987
G01_R0217,217,G01,100,3,1e-05,0.85,0.1,0.0,0.0,8.9919,28.1661
G01_R0218,218,G01,100,3,1e-05,0.85,0.2,0.0,0.0,9.7152,59.088896
G01_R0219,219,G01,100,3,1e-05,0.85,0.3,0.0,0.0,10.67,108.59542300000001
G01_R0220,220,G01,100,3,1e-05,0.8,0.1,0.0,0.0,8.993,28.247794000000003
G01_R0221,221,G01,100,3,1e-05,0.8,0.2,0.0,0.0,9.7167,59.323476
G01_R0222,222,G01,100,3,1e-05,0.8,0.3,0.0,0.0,10.672,109.064893
G01_R0223,223,G01,100,3,1e-05,0.75,0.1,0.0,0.0,8.9941,28.340457
G01_R0224,224,G01,100,3,1e-05,0.75,0.2,0.0,0.0,9.7182,59.592016
G01_R0225,225,G01,100,3,1e-05,0.75,0.3,0.0,0.0,10.674,109.59431400000001
G01_R0226,226,G01,100,3,1e-05,0.7,0.1,0.0,0.0,8.9953,28.446084
G01_R0227,227,G01,100,3,1e-05,0.7,0.2,0.0,0.0,9.7199,59.90051
G01_R0228,228,G01,100,3,1e-05,0.7,0.3,0.0,0.0,10.676,110.213675
G01_R0229,229,G01,100,3,1e-06,0.85,0.1,0.0,0.0,9.0168,99.825659
G01_R0230,230,G01,100,3,1e-06,0.85,0.2,0.0,0.0,9.7444,321.337835
G01_R0231,231,G01,100,3,1e-06,0.85,0.3,0.0,0.0,10.709,685.2637070000001
G01_R0232,232,G01,100,3,1e-06,0.8,0.1,0.0,0.0,9.0171,100.096539
G01_R0233,233,G01,100,3,1e-06,0.8,0.2,0.0,0.0,9.7448,322.107681
G01_R0234,234,G01,100,3,1e-06,0.8,0.3,0.0,0.0,10.709,686.7135089999999
G01_R0235,235,G01,100,3,1e-06,0.75,0.1,0.0,0.0,9.0174,100.40641000000001
G01_R0236,236,G01,100,3,1e-06,0.75,0.2,0.0,0.0,9.7451,322.987516
G01_R0237,237,G01,100,3,1e-06,0.75,0.3,0.0,0.0,10.71,688.3832960000001
G01_R0238,238,G01,100,3,1e-06,0.7,0.1,0.0,0.0,9.0176,100.766271
G01_R0239,239,G01,100,3,1e-06,0.7,0.2,0.0,0.0,9.7455,323.997337
G01_R0240,240,G01,100,3,1e-06,0.7,0.3,0.0,0.0,10.71,690.323067
G01_R0241,241,G01,100,6,0.001,0.85,0.1,0.0,0.0,10.308,15.135925
G01_R0242,242,G01,100,6,0.001,0.85,0.2,0.0,0.0,11.019,21.309251
G01_R0243,243,G01,100,6,0.001,0.85,0.3,0.0,0.0,11.862,30.508539
G01_R0244,244,G01,100,6,0.001,0.8,0.1,0.0,0.0,10.316,15.200943
G01_R0245,245,G01,100,6,0.001,0.8,0.2,0.0,0.0,11.03,21.431028
G01_R0246,246,G01,100,6,0.001,0.8,0.3,0.0,0.0,11.876,30.71707
G01_R0247,247,G01,100,6,0.001,0.75,0.1,0.0,0.0,10.325,15.27188
G01_R0248,248,G01,100,6,0.001,0.75,0.2,0.0,0.0,11.042,21.561695
G01_R0249,249,G01,100,6,0.001,0.75,0.3,0.0,0.0,11.891,30.942466
G01_R0250,250,G01,100,6,0.001,0.7,0.1,0.0,0.0,10.335,15.346728
G01_R0251,251,G01,100,6,0.001,0.7,0.2,0.0,0.0,11.055,21.702236
G01_R0252,252,G01,100,6,0.001,0.7,0.3,0.0,0.0,11.907,31.187713000000002
G01_R0253,253,G01,100,6,0.0001,0.85,0.1,0.0,0.0,10.625,18.847063
G01_R0254,254,G01,100,6,0.0001,0.85,0.2,0.0,0.0,11.414,28.761825
G01_R0255,255,G01,100,6,0.0001,0.85,0.3,0.0,0.0,12.432,44.408753999999995
G01_R0256,256,G01,100,6,0.0001,0.8,0.1,0.0,0.0,10.629,18.895318000000003
G01_R0257,257,G01,100,6,0.0001,0.8,0.2,0.0,0.0,11.419,28.871917
G01_R0258,258,G01,100,6,0.0001,0.8,0.3,0.0,0.0,12.438,44.615621000000004
G01_R0259,259,G01,100,6,0.0001,0.75,0.1,0.0,0.0,10.632,18.946497
G01_R0260,260,G01,100,6,0.0001,0.75,0.2,0.0,0.0,11.424,28.991915000000002
G01_R0261,261,G01,100,6,0.0001,0.75,0.3,0.0,0.0,12.444,44.844372
G01_R0262,262,G01,100,6,0.0001,0.7,0.1,0.0,0.0,10.636,19.002587
G01_R0263,263,G01,100,6,0.0001,0.7,0.2,0.0,0.0,11.43,29.124803
G01_R0264,264,G01,100,6,0.0001,0.7,0.3,0.0,0.0,12.451,45.101987
G01_R0265,265,G01,100,6,1e-05,0.85,0.1,0.0,0.0,10.713,28.1661
G01_R0266,266,G01,100,6,1e-05,0.85,0.2,0.0,0.0,11.521,59.088896
G01_R0267,267,G01,100,6,1e-05,0.85,0.3,0.0,0.0,12.581,108.59542300000001
G01_R0268,268,G01,100,6,1e-05,0.8,0.1,0.0,0.0,10.714,28.247794000000003
G01_R0269,269,G01,100,6,1e-05,0.8,0.2,0.0,0.0,11.523,59.323476
G01_R0270,270,G01,100,6,1e-05,0.8,0.3,0.0,0.0,12.583,109.064893
G01_R0271,271,G01,100,6,1e-05,0.75,0.1,0.0,0.0,10.716,28.340457
G01_R0272,272,G01,100,6,1e-05,0.75,0.2,0.0,0.0,11.525,59.592016
G01_R0273,273,G01,100,6,1e-05,0.75,0.3,0.0,0.0,12.586,109.59431400000001
G01_R0274,274,G01,100,6,1e-05,0.7,0.1,0.0,0.0,10.717,28.446084
G01_R0275,275,G01,100,6,1e-05,0.7,0.2,0.0,0.0,11.526,59.90051
G01_R0276,276,G01,100,6,1e-05,0.7,0.3,0.0,0.0,12.588,110.213675
G01_R0277,277,G01,100,6,1e-06,0.85,0.1,0.0,0.0,10.741,99.825659
G01_R0278,278,G01,100,6,1e-06,0.85,0.2,0.0,0.0,11.553,321.337835
G01_R0279,279,G01,100,6,1e-06,0.85,0.3,0.0,0.0,12.623,685.2637070000001
G01_R0280,280,G01,100,6,1e-06,0.8,0.1,0.0,0.0,10.741,100.096539
G01_R0281,281,G01,100,6,1e-06,0.8,0.2,0.0,0.0,11.553,322.107681
G01_R0282,282,G01,100,6,1e-06,0.8,0.3,0.0,0.0,12.623,686.7135089999999
G01_R0283,283,G01,100,6,1e-06,0.75,0.1,0.0,0.0,10.741,100.40641000000001
G01_R0284,284,G01,100,6,1e-06,0.75,0.2,0.0,0.0,11.554,322.987516
G01_R0285,285,G01,100,6,1e-06,0.75,0.3,0.0,0.0,12.624,688.3832960000001
G01_R0286,286,G01,100,6,1e-06,0.7,0.1,0.0,0.0,10.742,100.766271
G01_R0287,287,G01,100,6,1e-06,0.7,0.2,0.0,0.0,11.554,323.997337
G01_R0288,288,G01,100,6,1e-06,0.7,0.3,0.0,0.0,12.625,690.323067
G01_R0289,289,G01,100,20,0.001,0.85,0.1,0.0,0.0,14.804,15.135925
G01_R0290,290,G01,100,20,0.001,0.85,0.2,0.0,0.0,15.757,21.309251
G01_R0291,291,G01,100,20,0.001,0.85,0.3,0.0,0.0,16.916,30.508539
G01_R0292,292,G01,100,20,0.001,0.8,0.1,0.0,0.0,14.816,15.200943
G01_R0293,293,G01,100,20,0.001,0.8,0.2,0.0,0.0,15.773,21.431028
G01_R0294,294,G01,100,20,0.001,0.8,0.3,0.0,0.0,16.935,30.71707
G01_R0295,295,G01,100,20,0.001,0.75,0.1,0.0,0.0,14.829,15.27188
G01_R0296,296,G01,100,20,0.001,0.75,0.2,0.0,0.0,15.79,21.561695
G01_R0297,297,G01,100,20,0.001,0.75,0.3,0.0,0.0,16.956,30.942466
G01_R0298,298,G01,100,20,0.001,0.7,0.1,0.0,0.0,14.843,15.346728
G01_R0299,299,G01,100,20,0.001,0.7,0.2,0.0,0.0,15.808,21.702236
G01_R0300,300,G01,100,20,0.001,0.7,0.3,0.0,0.0,16.979,31.187713000000002
G01_R0301,301,G01,100,20,0.0001,0.85,0.1,0.0,0.0,15.249,18.847063
G01_R0302,302,G01,100,20,0.0001,0.85,0.2,0.0,0.0,16.307,28.761825
G01_R0303,303,G01,100,20,0.0001,0.85,0.3,0.0,0.0,17.688,44.408753999999995
G01_R0304,304,G01,100,20,0.0001,0.8,0.1,0.0,0.0,15.255,18.895318000000003
G01_R0305,305,G01,100,20,0.0001,0.8,0.2,0.0,0.0,16.313,28.871917
G01_R0306,306,G01,100,20,0.0001,0.8,0.3,0.0,0.0,17.697,44.615621000000004
G01_R0307,307,G01,100,20,0.0001,0.75,0.1,0.0,0.0,15.26,18.946497
G01_R0308,308,G01,100,20,0.0001,0.75,0.2,0.0,0.0,16.32,28.991915000000002
G01_R0309,309,G01,100,20,0.0001,0.75,0.3,0.0,0.0,17.706,44.844372
G01_R0310,310,G01,100,20,0.0001,0.7,0.1,0.0,0.0,15.266,19.002587
G01_R0311,311,G01,100,20,0.0001,0.7,0.2,0.0,0.0,16.328,29.124803
G01_R0312,312,G01,100,20,0.0001,0.7,0.3,0.0,0.0,17.716,45.101987
G01_R0313,313,G01,100,20,1e-05,0.85,0.1,0.0,0.0,15.371,28.1661
G01_R0314,314,G01,100,20,1e-05,0.85,0.2,0.0,0.0,16.448,59.088896
G01_R0315,315,G01,100,20,1e-05,0.85,0.3,0.0,0.0,17.888,108.59542300000001
G01_R0316,316,G01,100,20,1e-05,0.8,0.1,0.0,0.0,15.373,28.247794000000003
G01_R0317,317,G01,100,20,1e-05,0.8,0.2,0.0,0.0,16.451,59.323476
G01_R0318,318,G01,100,20,1e-05,0.8,0.3,0.0,0.0,17.891,109.064893
G01_R0319,319,G01,100,20,1e-05,0.75,0.1,0.0,0.0,15.375,28.340457
G01_R0320,320,G01,100,20,1e-05,0.75,0.2,0.0,0.0,16.453,59.592016
G01_R0321,321,G01,100,20,1e-05,0.75,0.3,0.0,0.0,17.894,109.59431400000001
G01_R0322,322,G01,100,20,1e-05,0.7,0.1,0.0,0.0,15.376,28.446084
G01_R0323,323,G01,100,20,1e-05,0.7,0.2,0.0,0.0,16.456,59.90051
G01_R0324,324,G01,100,20,1e-05,0.7,0.3,0.0,0.0,17.898,110.213675
G01_R0325,325,G01,100,20,1e-06,0.85,0.1,0.0,0.0,15.41,99.825659
G01_R0326,326,G01,100,20,1e-06,0.85,0.2,0.0,0.0,16.49,321.337835
G01_R0327,327,G01,100,20,1e-06,0.85,0.3,0.0,0.0,17.942,685.2637070000001
G01_R0328,328,G01,100,20,1e-06,0.8,0.1,0.0,0.0,15.41,100.096539
G01_R0329,329,G01,100,20,1e-06,0.8,0.2,0.0,0.0,16.491,322.107681
G01_R0330,330,G01,100,20,1e-06,0.8,0.3,0.0,0.0,17.943,686.7135089999999
G01_R0331,331,G01,100,20,1e-06,0.75,0.1,0.0,0.0,15.411,100.40641000000001
G01_R0332,332,G01,100,20,1e-06,0.75,0.2,0.0,0.0,16.492,322.987516
G01_R0333,333,G01,100,20,1e-06,0.75,0.3,0.0,0.0,17.944,688.3832960000001
G01_R0334,334,G01,100,20,1e-06,0.7,0.1,0.0,0.0,15.411,100.766271
G01_R0335,335,G01,100,20,1e-06,0.7,0.2,0.0,0.0,16.492,323.997337
G01_R0336,336,G01,100,20,1e-06,0.7,0.3,0.0,0.0,17.945,690.323067
G01_R0337,337,G01,100,50,0.001,0.85,0.1,0.0,0.0,20.219,15.135925
G01_R0338,338,G01,100,50,0.001,0.85,0.2,0.0,0.0,21.506,21.309251
G01_R0339,339,G01,100,50,0.001,0.85,0.3,0.0,0.0,23.046,30.508539
G01_R0340,340,G01,100,50,0.001,0.8,0.1,0.0,0.0,20.236,15.200943
G01_R0341,341,G01,100,50,0.001,0.8,0.2,0.0,0.0,21.529,21.431028
G01_R0342,342,G01,100,50,0.001,0.8,0.3,0.0,0.0,23.073,30.71707
G01_R0343,343,G01,100,50,0.001,0.75,0.1,0.0,0.0,20.254,15.27188
G01_R0344,344,G01,100,50,0.001,0.75,0.2,0.0,0.0,21.554,21.561695
G01_R0345,345,G01,100,50,0.001,0.75,0.3,0.0,0.0,23.101,30.942466
G01_R0346,346,G01,100,50,0.001,0.7,0.1,0.0,0.0,20.273,15.346728
G01_R0347,347,G01,100,50,0.001,0.7,0.2,0.0,0.0,21.579,21.702236
G01_R0348,348,G01,100,50,0.001,0.7,0.3,0.0,0.0,23.131,31.187713000000002
G01_R0349,349,G01,100,50,0.0001,0.85,0.1,0.0,0.0,20.849,18.847063
G01_R0350,350,G01,100,50,0.0001,0.85,0.2,0.0,0.0,22.254,28.761825
G01_R0351,351,G01,100,50,0.0001,0.85,0.3,0.0,0.0,24.148,44.408753999999995
G01_R0352,352,G01,100,50,0.0001,0.8,0.1,0.0,0.0,20.856,18.895318000000003
G01_R0353,353,G01,100,50,0.0001,0.8,0.2,0.0,0.0,22.264,28.871917
G01_R0354,354,G01,100,50,0.0001,0.8,0.3,0.0,0.0,24.161,44.615621000000004
G01_R0355,355,G01,100,50,0.0001,0.75,0.1,0.0,0.0,20.864,18.946497
G01_R0356,356,G01,100,50,0.0001,0.75,0.2,0.0,0.0,22.274,28.991915000000002
G01_R0357,357,G01,100,50,0.0001,0.75,0.3,0.0,0.0,24.175,44.844372
G01_R0358,358,G01,100,50,0.0001,0.7,0.1,0.0,0.0,20.873,19.002587
G01_R0359,359,G01,100,50,0.0001,0.7,0.2,0.0,0.0,22.285,29.124803
G01_R0360,360,G01,100,50,0.0001,0.7,0.3,0.0,0.0,24.19,45.101987
G01_R0361,361,G01,100,50,1e-05,0.85,0.1,0.0,0.0,21.019,28.1661
G01_R0362,362,G01,100,50,1e-05,0.85,0.2,0.0,0.0,22.42,59.088896
G01_R0363,363,G01,100,50,1e-05,0.85,0.3,0.0,0.0,24.395,108.59542300000001
G01_R0364,364,G01,100,50,1e-05,0.8,0.1,0.0,0.0,21.021,28.247794000000003
G01_R0365,365,G01,100,50,1e-05,0.8,0.2,0.0,0.0,22.424,59.323476
G01_R0366,366,G01,100,50,1e-05,0.8,0.3,0.0,0.0,24.4,109.064893
G01_R0367,367,G01,100,50,1e-05,0.75,0.1,0.0,0.0,21.024,28.340457
G01_R0368,368,G01,100,50,1e-05,0.75,0.2,0.0,0.0,22.427,59.592016
G01_R0369,369,G01,100,50,1e-05,0.75,0.3,0.0,0.0,24.405,109.59431400000001
G01_R0370,370,G01,100,50,1e-05,0.7,0.1,0.0,0.0,21.026,28.446084
G01_R0371,371,G01,100,50,1e-05,0.7,0.2,0.0,0.0,22.431,59.90051
G01_R0372,372,G01,100,50,1e-05,0.7,0.3,0.0,0.0,24.41,110.213675
G01_R0373,373,G01,100,50,1e-06,0.85,0.1,0.0,0.0,21.074,99.825659
G01_R0374,374,G01,100,50,1e-06,0.85,0.2,0.0,0.0,22.472,321.337835
G01_R0375,375,G01,100,50,1e-06,0.85,0.3,0.0,0.0,24.462,685.2637070000001
G01_R0376,376,G01,100,50,1e-06,0.8,0.1,0.0,0.0,21.074,100.096539
G01_R0377,377,G01,100,50,1e-06,0.8,0.2,0.0,0.0,22.473,322.107681
G01_R0378,378,G01,100,50,1e-06,0.8,0.3,0.0,0.0,24.463,686.7135089999999
G01_R0379,379,G01,100,50,1e-06,0.75,0.1,0.0,0.0,21.075,100.40641000000001
G01_R0380,380,G01,100,50,1e-06,0.75,0.2,0.0,0.0,22.473,322.987516
G01_R0381,381,G01,100,50,1e-06,0.75,0.3,0.0,0.0,24.464,688.3832960000001
G01_R0382,382,G01,100,50,1e-06,0.7,0.1,0.0,0.0,21.075,100.766271
G01_R0383,383,G01,100,50,1e-06,0.7,0.2,0.0,0.0,22.474,323.997337
G01_R0384,384,G01,100,50,1e-06,0.7,0.3,0.0,0.0,24.466,690.323067
G01_R0385,385,G01,250,3,0.001,0.85,0.1,0.0,0.0,11.248,42.780836
G01_R0386,386,G01,250,3,0.001,0.85,0.2,0.0,0.0,12.002,61.354972
G01_R0387,387,G01,250,3,0.001,0.85,0.3,0.0,0.0,12.927,89.164385
G01_R0388,388,G01,250,3,0.001,0.8,0.1,0.0,0.0,11.26,43.02359
G01_R0389,389,G01,250,3,0.001,0.8,0.2,0.0,0.0,12.016,61.807294999999996
G01_R0390,390,G01,250,3,0.001,0.8,0.3,0.0,0.0,12.945,89.969033
G01_R0391,391,G01,250,3,0.001,0.75,0.1,0.0,0.0,11.271,43.283161
G01_R0392,392,G01,250,3,0.001,0.75,0.2,0.0,0.0,12.031,62.297382999999996
G01_R0393,393,G01,250,3,0.001,0.75,0.3,0.0,0.0,12.965,90.847385
G01_R0394,394,G01,250,3,0.001,0.7,0.1,0.0,0.0,11.284,43.562529000000005
G01_R0395,395,G01,250,3,0.001,0.7,0.2,0.0,0.0,12.048,62.83021
G01_R0396,396,G01,250,3,0.001,0.7,0.3,0.0,0.0,12.986,91.810409
G01_R0397,397,G01,250,3,0.0001,0.85,0.1,0.0,0.0,11.497,52.855422
G01_R0398,398,G01,250,3,0.0001,0.85,0.2,0.0,0.0,12.319,81.968112
G01_R0399,399,G01,250,3,0.0001,0.85,0.3,0.0,0.0,13.424,127.51848799999999
G01_R0400,400,G01,250,3,0.0001,0.8,0.1,0.0,0.0,11.501,53.035829
G01_R0401,401,G01,250,3,0.0001,0.8,0.2,0.0,0.0,12.325,82.447225
G01_R0402,402,G01,250,3,0.0001,0.8,0.3,0.0,0.0,13.432,128.466116
G01_R0403,403,G01,250,3,0.0001,0.75,0.1,0.0,0.0,11.505,53.233077
G01_R0404,404,G01,250,3,0.0001,0.75,0.2,0.0,0.0,12.332,82.984148
G01_R0405,405,G01,250,3,0.0001,0.75,0.3,0.0,0.0,13.441,129.55350399999998
G01_R0406,406,G01,250,3,0.0001,0.7,0.1,0.0,0.0,11.51,53.45014
G01_R0407,407,G01,250,3,0.0001,0.7,0.2,0.0,0.0,12.339,83.593851
G01_R0408,408,G01,250,3,0.0001,0.7,0.3,0.0,0.0,13.45,130.790618
G01_R0409,409,G01,250,3,1e-05,0.85,0.1,0.0,0.0,11.564,78.210807
G01_R0410,410,G01,250,3,1e-05,0.85,0.2,0.0,0.0,12.364,163.221307
G01_R0411,411,G01,250,3,1e-05,0.85,0.3,0.0,0.0,13.506,298.47407000000004
G01_R0412,412,G01,250,3,1e-05,0.8,0.1,0.0,0.0,11.565,78.59012
G01_R0413,413,G01,250,3,1e-05,0.8,0.2,0.0,0.0,12.367,164.430372
G01_R0414,414,G01,250,3,1e-05,0.8,0.3,0.0,0.0,13.51,300.96288999999996
G01_R0415,415,G01,250,3,1e-05,0.75,0.1,0.0,0.0,11.567,79.02236500000001
G01_R0416,416,G01,250,3,1e-05,0.75,0.2,0.0,0.0,12.37,165.82935
G01_R0417,417,G01,250,3,1e-05,0.75,0.3,0.0,0.0,13.514,303.8516
G01_R0418,418,G01,250,3,1e-05,0.7,0.1,0.0,0.0,11.568,79.52053
G01_R0419,419,G01,250,3,1e-05,0.7,0.2,0.0,0.0,12.373,167.45822
G01_R0420,420,G01,250,3,1e-05,0.7,0.3,0.0,0.0,13.519,307.23018
G01_R0421,421,G01,250,3,1e-06,0.85,0.1,0.0,0.0,11.587,261.61889
G01_R0422,422,G01,250,3,1e-06,0.85,0.2,0.0,0.0,12.368,833.21969
G01_R0423,423,G01,250,3,1e-06,0.85,0.3,0.0,0.0,13.509,1770.34543
G01_R0424,424,G01,250,3,1e-06,0.8,0.1,0.0,0.0,11.587,262.89861
G01_R0425,425,G01,250,3,1e-06,0.8,0.2,0.0,0.0,12.369,837.24933
G01_R0426,426,G01,250,3,1e-06,0.8,0.3,0.0,0.0,13.51,1778.34497
G01_R0427,427,G01,250,3,1e-06,0.75,0.1,0.0,0.0,11.587,264.44832
G01_R0428,428,G01,250,3,1e-06,0.75,0.2,0.0,0.0,12.37,841.9489500000001
G01_R0429,429,G01,250,3,1e-06,0.75,0.3,0.0,0.0,13.512,1787.64447
G01_R0430,430,G01,250,3,1e-06,0.7,0.1,0.0,0.0,11.588,266.26800000000003
G01_R0431,431,G01,250,3,1e-06,0.7,0.2,0.0,0.0,12.371,847.4685400000001
G01_R0432,432,G01,250,3,1e-06,0.7,0.3,0.0,0.0,13.513,1798.64394
G01_R0433,433,G01,250,6,0.001,0.85,0.1,0.0,0.0,13.884,42.780836
G01_R0434,434,G01,250,6,0.001,0.85,0.2,0.0,0.0,14.746,61.354972
G01_R0435,435,G01,250,6,0.001,0.85,0.3,0.0,0.0,15.858,89.164385
G01_R0436,436,G01,250,6,0.001,0.8,0.1,0.0,0.0,13.897,43.02359
G01_R0437,437,G01,250,6,0.001,0.8,0.2,0.0,0.0,14.763,61.807294999999996
G01_R0438,438,G01,250,6,0.001,0.8,0.3,0.0,0.0,15.88,89.969033
G01_R0439,439,G01,250,6,0.001,0.75,0.1,0.0,0.0,13.912,43.283161
G01_R0440,440,G01,250,6,0.001,0.75,0.2,0.0,0.0,14.782,62.297382999999996
G01_R0441,441,G01,250,6,0.001,0.75,0.3,0.0,0.0,15.903,90.847385
G01_R0442,442,G01,250,6,0.001,0.7,0.1,0.0,0.0,13.927,43.562529000000005
G01_R0443,443,G01,250,6,0.001,0.7,0.2,0.0,0.0,14.802,62.83021
G01_R0444,444,G01,250,6,0.001,0.7,0.3,0.0,0.0,15.928,91.810409
G01_R0445,445,G01,250,6,0.0001,0.85,0.1,0.0,0.0,14.134,52.855422
G01_R0446,446,G01,250,6,0.0001,0.85,0.2,0.0,0.0,15.122,81.968112
G01_R0447,447,G01,250,6,0.0001,0.85,0.3,0.0,0.0,16.446,127.51848799999999
G01_R0448,448,G01,250,6,0.0001,0.8,0.1,0.0,0.0,14.139,53.035829
G01_R0449,449,G01,250,6,0.0001,0.8,0.2,0.0,0.0,15.13,82.447225
G01_R0450,450,G01,250,6,0.0001,0.8,0.3,0.0,0.0,16.456,128.466116
G01_R0451,451,G01,250,6,0.0001,0.75,0.1,0.0,0.0,14.144,53.233077
G01_R0452,452,G01,250,6,0.0001,0.75,0.2,0.0,0.0,15.138,82.984148
G01_R0453,453,G01,250,6,0.0001,0.75,0.3,0.0,0.0,16.466,129.55350399999998
G01_R0454,454,G01,250,6,0.0001,0.7,0.1,0.0,0.0,14.15,53.45014
G01_R0455,455,G01,250,6,0.0001,0.7,0.2,0.0,0.0,15.147,83.593851
G01_R0456,456,G01,250,6,0.0001,0.7,0.3,0.0,0.0,16.477,130.790618
G01_R0457,457,G01,250,6,1e-05,0.85,0.1,0.0,0.0,14.214,78.210807
G01_R0458,458,G01,250,6,1e-05,0.85,0.2,0.0,0.0,15.171,163.221307
G01_R0459,459,G01,250,6,1e-05,0.85,0.3,0.0,0.0,16.536,298.47407000000004
G01_R0460,460,G01,250,6,1e-05,0.8,0.1,0.0,0.0,14.215,78.59012
G01_R0461,461,G01,250,6,1e-05,0.8,0.2,0.0,0.0,15.175,164.430372
G01_R0462,462,G01,250,6,1e-05,0.8,0.3,0.0,0.0,16.54,300.96288999999996
G01_R0463,463,G01,250,6,1e-05,0.75,0.1,0.0,0.0,14.217,79.02236500000001
G01_R0464,464,G01,250,6,1e-05,0.75,0.2,0.0,0.0,15.178,165.82935
G01_R0465,465,G01,250,6,1e-05,0.75,0.3,0.0,0.0,16.546,303.8516
G01_R0466,466,G01,250,6,1e-05,0.7,0.1,0.0,0.0,14.219,79.52053
G01_R0467,467,G01,250,6,1e-05,0.7,0.2,0.0,0.0,15.182,167.45822
G01_R0468,468,G01,250,6,1e-05,0.7,0.3,0.0,0.0,16.551,307.23018
G01_R0469,469,G01,250,6,1e-06,0.85,0.1,0.0,0.0,14.241,261.61889
G01_R0470,470,G01,250,6,1e-06,0.85,0.2,0.0,0.0,15.175,833.21969
G01_R0471,471,G01,250,6,1e-06,0.85,0.3,0.0,0.0,16.536,1770.34543
G01_R0472,472,G01,250,6,1e-06,0.8,0.1,0.0,0.0,14.241,262.89861
G01_R0473,473,G01,250,6,1e-06,0.8,0.2,0.0,0.0,15.176,837.24933
G01_R0474,474,G01,250,6,1e-06,0.8,0.3,0.0,0.0,16.538,1778.34497
G01_R0475,475,G01,250,6,1e-06,0.75,0.1,0.0,0.0,14.242,264.44832
G01_R0476,476,G01,250,6,1e-06,0.75,0.2,0.0,0.0,15.177,841.9489500000001
G01_R0477,477,G01,250,6,1e-06,0.75,0.3,0.0,0.0,16.54,1787.64447
G01_R0478,478,G01,250,6,1e-06,0.7,0.1,0.0,0.0,14.242,266.26800000000003
G01_R0479,479,G01,250,6,1e-06,0.7,0.2,0.0,0.0,15.178,847.4685400000001
G01_R0480,480,G01,250,6,1e-06,0.7,0.3,0.0,0.0,16.542,1798.64394
G01_R0481,481,G01,250,20,0.001,0.85,0.1,0.0,0.0,20.506,42.780836
G01_R0482,482,G01,250,20,0.001,0.85,0.2,0.0,0.0,21.924,61.354972
G01_R0483,483,G01,250,20,0.001,0.85,0.3,0.0,0.0,23.529,89.164385
G01_R0484,484,G01,250,20,0.001,0.8,0.1,0.0,0.0,20.527,43.02359
G01_R0485,485,G01,250,20,0.001,0.8,0.2,0.0,0.0,21.951,61.807294999999996
G01_R0486,486,G01,250,20,0.001,0.8,0.3,0.0,0.0,23.563,89.969033
G01_R0487,487,G01,250,20,0.001,0.75,0.1,0.0,0.0,20.55,43.283161
G01_R0488,488,G01,250,20,0.001,0.75,0.2,0.0,0.0,21.979,62.297382999999996
G01_R0489,489,G01,250,20,0.001,0.75,0.3,0.0,0.0,23.598,90.847385
G01_R0490,490,G01,250,20,0.001,0.7,0.1,0.0,0.0,20.574,43.562529000000005
G01_R0491,491,G01,250,20,0.001,0.7,0.2,0.0,0.0,22.009,62.83021
G01_R0492,492,G01,250,20,0.001,0.7,0.3,0.0,0.0,23.636,91.810409
G01_R0493,493,G01,250,20,0.0001,0.85,0.1,0.0,0.0,20.984,52.855422
G01_R0494,494,G01,250,20,0.0001,0.85,0.2,0.0,0.0,22.512,81.968112
G01_R0495,495,G01,250,20,0.0001,0.85,0.3,0.0,0.0,24.471,127.51848799999999
G01_R0496,496,G01,250,20,0.0001,0.8,0.1,0.0,0.0,20.991,53.035829
G01_R0497,497,G01,250,20,0.0001,0.8,0.2,0.0,0.0,22.524,82.447225
G01_R0498,498,G01,250,20,0.0001,0.8,0.3,0.0,0.0,24.486,128.466116
G01_R0499,499,G01,250,20,0.0001,0.75,0.1,0.0,0.0,21.0,53.233077
G01_R0500,500,G01,250,20,0.0001,0.75,0.2,0.0,0.0,22.537,82.984148
G01_R0501,501,G01,250,20,0.0001,0.75,0.3,0.0,0.0,24.502,129.55350399999998
G01_R0502,502,G01,250,20,0.0001,0.7,0.1,0.0,0.0,21.009,53.45014
G01_R0503,503,G01,250,20,0.0001,0.7,0.2,0.0,0.0,22.551,83.593851
G01_R0504,504,G01,250,20,0.0001,0.7,0.3,0.0,0.0,24.519,130.790618
G01_R0505,505,G01,250,20,1e-05,0.85,0.1,0.0,0.0,21.1,78.210807
G01_R0506,506,G01,250,20,1e-05,0.85,0.2,0.0,0.0,22.568,163.221307
G01_R0507,507,G01,250,20,1e-05,0.85,0.3,0.0,0.0,24.618,298.47407000000004
G01_R0508,508,G01,250,20,1e-05,0.8,0.1,0.0,0.0,21.102,78.59012
G01_R0509,509,G01,250,20,1e-05,0.8,0.2,0.0,0.0,22.573,164.430372
G01_R0510,510,G01,250,20,1e-05,0.8,0.3,0.0,0.0,24.627,300.96288999999996
G01_R0511,511,G01,250,20,1e-05,0.75,0.1,0.0,0.0,21.105,79.02236500000001
G01_R0512,512,G01,250,20,1e-05,0.75,0.2,0.0,0.0,22.579,165.82935
G01_R0513,513,G01,250,20,1e-05,0.75,0.3,0.0,0.0,24.634,303.8516
G01_R0514,514,G01,250,20,1e-05,0.7,0.1,0.0,0.0,21.108,79.52053
G01_R0515,515,G01,250,20,1e-05,0.7,0.2,0.0,0.0,22.586,167.45822
G01_R0516,516,G01,250,20,1e-05,0.7,0.3,0.0,0.0,24.644,307.23018
G01_R0517,517,G01,250,20,1e-06,0.85,0.1,0.0,0.0,21.137,261.61889
G01_R0518,518,G01,250,20,1e-06,0.85,0.2,0.0,0.0,22.568,833.21969
G01_R0519,519,G01,250,20,1e-06,0.85,0.3,0.0,0.0,24.603,1770.34543
G01_R0520,520,G01,250,20,1e-06,0.8,0.1,0.0,0.0,21.137,262.89861
G01_R0521,521,G01,250,20,1e-06,0.8,0.2,0.0,0.0,22.57,837.24933
G01_R0522,522,G01,250,20,1e-06,0.8,0.3,0.0,0.0,24.606,1778.34497
G01_R0523,523,G01,250,20,1e-06,0.75,0.1,0.0,0.0,21.138,264.44832
G01_R0524,524,G01,250,20,1e-06,0.75,0.2,0.0,0.0,22.572,841.9489500000001
G01_R0525,525,G01,250,20,1e-06,0.75,0.3,0.0,0.0,24.61,1787.64447
G01_R0526,526,G01,250,20,1e-06,0.7,0.1,0.0,0.0,21.138,266.26800000000003
G01_R0527,527,G01,250,20,1e-06,0.7,0.2,0.0,0.0,22.574,847.4685400000001
G01_R0528,528,G01,250,20,1e-06,0.7,0.3,0.0,0.0,24.615,1798.64394
G01_R0529,529,G01,250,50,0.001,0.85,0.1,0.0,0.0,28.119,42.780836
G01_R0530,530,G01,250,50,0.001,0.85,0.2,0.0,0.0,30.582,61.354972
G01_R0531,531,G01,250,50,0.001,0.85,0.3,0.0,0.0,33.078,89.164385
G01_R0532,532,G01,250,50,0.001,0.8,0.1,0.0,0.0,28.148,43.02359
G01_R0533,533,G01,250,50,0.001,0.8,0.2,0.0,0.0,30.62,61.807294999999996
G01_R0534,534,G01,250,50,0.001,0.8,0.3,0.0,0.0,33.127,89.969033
G01_R0535,535,G01,250,50,0.001,0.75,0.1,0.0,0.0,28.18,43.283161
G01_R0536,536,G01,250,50,0.001,0.75,0.2,0.0,0.0,30.659,62.297382999999996
G01_R0537,537,G01,250,50,0.001,0.75,0.3,0.0,0.0,33.177,90.847385
G01_R0538,538,G01,250,50,0.001,0.7,0.1,0.0,0.0,28.672,43.562529000000005
G01_R0539,539,G01,250,50,0.001,0.7,0.2,0.0,0.0,30.702,62.83021
G01_R0540,540,G01,250,50,0.001,0.7,0.3,0.0,0.0,33.23,91.810409
G01_R0541,541,G01,250,50,0.0001,0.85,0.1,0.0,0.0,28.797,52.855422
G01_R0542,542,G01,250,50,0.0001,0.85,0.2,0.0,0.0,31.468,81.968112
G01_R0543,543,G01,250,50,0.0001,0.85,0.3,0.0,0.0,34.585,127.51848799999999
G01_R0544,544,G01,250,50,0.0001,0.8,0.1,0.0,0.0,28.808,53.035829
G01_R0545,545,G01,250,50,0.0001,0.8,0.2,0.0,0.0,31.486,82.447225
G01_R0546,546,G01,250,50,0.0001,0.8,0.3,0.0,0.0,34.609,128.466116
G01_R0547,547,G01,250,50,0.0001,0.75,0.1,0.0,0.0,28.82,53.233077
G01_R0548,548,G01,250,50,0.0001,0.75,0.2,0.0,0.0,31.505,82.984148
G01_R0549,549,G01,250,50,0.0001,0.75,0.3,0.0,0.0,34.632,129.55350399999998
G01_R0550,550,G01,250,50,0.0001,0.7,0.1,0.0,0.0,28.832,53.45014
G01_R0551,551,G01,250,50,0.0001,0.7,0.2,0.0,0.0,31.526,83.593851
G01_R0552,552,G01,250,50,0.0001,0.7,0.3,0.0,0.0,34.657,130.790618
G01_R0553,553,G01,250,50,1e-05,0.85,0.1,0.0,0.0,28.987,78.21180700000001
G01_R0554,554,G01,250,50,1e-05,0.85,0.2,0.0,0.0,31.078,163.221307
G01_R0555,555,G01,250,50,1e-05,0.85,0.3,0.0,0.0,34.774,298.47407000000004
G01_R0556,556,G01,250,50,1e-05,0.8,0.1,0.0,0.0,28.991,78.59112
G01_R0557,557,G01,250,50,1e-05,0.8,0.2,0.0,0.0,31.085,164.440372
G01_R0558,558,G01,250,50,1e-05,0.8,0.3,0.0,0.0,34.786,300.96288999999996
G01_R0559,559,G01,250,50,1e-05,0.75,0.1,0.0,0.0,28.995,79.023365
G01_R0560,560,G01,250,50,1e-05,0.75,0.2,0.0,0.0,31.093,165.82935
G01_R0561,561,G01,250,50,1e-05,0.75,0.3,0.0,0.0,34.8,303.8516
G01_R0562,562,G01,250,50,1e-05,0.7,0.1,0.0,0.0,28.998,79.52353
G01_R0563,563,G01,250,50,1e-05,0.7,0.2,0.0,0.0,31.102,167.46822
G01_R0564,564,G01,250,50,1e-05,0.7,0.3,0.0,0.0,34.814,307.23018
G01_R0565,565,G01,250,50,1e-06,0.85,0.1,0.0,0.0,29.051,261.61889
G01_R0566,566,G01,250,50,1e-06,0.85,0.2,0.0,0.0,31.095,833.21969
G01_R0567,567,G01,250,50,1e-06,0.85,0.3,0.0,0.0,34.743,1770.34543
G01_R0568,568,G01,250,50,1e-06,0.8,0.1,0.0,0.0,29.052,262.89861
G01_R0569,569,G01,250,50,1e-06,0.8,0.2,0.0,0.0,31.097,837.24933
G01_R0570,570,G01,250,50,1e-06,0.8,0.3,0.0,0.0,34.748,1778.34497
G01_R0571,571,G01,250,50,1e-06,0.75,0.1,0.0,0.0,29.052,264.44832
G01_R0572,572,G01,250,50,1e-06,0.75,0.2,0.0,0.0,31.099,841.9489500000001
G01_R0573,573,G01,250,50,1e-06,0.75,0.3,0.0,0.0,34.753,1787.64447
G01_R0574,574,G01,250,50,1e-06,0.7,0.1,0.0,0.0,29.053,266.26800000000003
G01_R0575,575,G01,250,50,1e-06,0.7,0.2,0.0,0.0,31.101,847.4685400000001
G01_R0576,576,G01,250,50,1e-06,0.7,0.3,0.0,0.0,34.759,1798.64394
G01_R0577,577,G01,500,3,0.001,0.85,0.1,0.0,0.0,14.265,101.95427099999999
G01_R0578,578,G01,500,3,0.001,0.85,0.2,0.0,0.0,15.213,149.806504
G01_R0579,579,G01,500,3,0.001,0.85,0.3,0.0,0.0,16.392,221.47406999999998
G01_R0580,580,G01,500,3,0.001,0.8,0.1,0.0,0.0,14.279,102.649913
G01_R0581,581,G01,500,3,0.001,0.8,0.2,0.0,0.0,15.232,151.151389
G01_R0582,582,G01,500,3,0.001,0.8,0.3,0.0,0.0,16.417,223.91763
G01_R0583,583,G01,500,3,0.001,0.75,0.1,0.0,0.0,14.295,103.405226
G01_R0584,584,G01,500,3,0.001,0.75,0.2,0.0,0.0,15.252,152.61586599999998
G01_R0585,585,G01,500,3,0.001,0.75,0.3,0.0,0.0,16.443,226.59065999999999
G01_R0586,586,G01,500,3,0.001,0.7,0.1,0.0,0.0,14.312,104.200144
G01_R0587,587,G01,500,3,0.001,0.7,0.2,0.0,0.0,15.273,154.209856
G01_R0588,588,G01,500,3,0.001,0.7,0.3,0.0,0.0,16.471,229.54306
G01_R0589,589,G01,500,3,0.0001,0.85,0.1,0.0,0.0,14.474,125.07088
G01_R0590,590,G01,500,3,0.0001,0.85,0.2,0.0,0.0,15.468,198.28871
G01_R0591,591,G01,500,3,0.0001,0.85,0.3,0.0,0.0,16.864,311.60931
G01_R0592,592,G01,500,3,0.0001,0.8,0.1,0.0,0.0,14.48,125.65806
G01_R0593,593,G01,500,3,0.0001,0.8,0.2,0.0,0.0,15.477,199.95546000000002
G01_R0594,594,G01,500,3,0.0001,0.8,0.3,0.0,0.0,16.875,314.99512
G01_R0595,595,G01,500,3,0.0001,0.75,0.1,0.0,0.0,14.486,126.31497
G01_R0596,596,G01,500,3,0.0001,0.75,0.2,0.0,0.0,15.487,201.85189
G01_R0597,597,G01,500,3,0.0001,0.75,0.3,0.0,0.0,16.887,318.8505
G01_R0598,598,G01,500,3,0.0001,0.7,0.1,0.0,0.0,14.493,127.04155
G01_R0599,599,G01,500,3,0.0001,0.7,0.2,0.0,0.0,15.497,204.01795
G01_R0600,600,G01,500,3,0.0001,0.7,0.3,0.0,0.0,16.898,323.3054
G01_R0601,601,G01,500,3,1e-05,0.85,0.1,0.0,0.0,14.5,183.17389
G01_R0602,602,G01,500,3,1e-05,0.85,0.2,0.0,0.0,15.384,379.74146
G01_R0603,603,G01,500,3,1e-05,0.85,0.3,0.0,0.0,16.81,688.84847
G01_R0604,604,G01,500,3,1e-05,0.8,0.1,0.0,0.0,14.502,184.58263000000002
G01_R0605,605,G01,500,3,1e-05,0.8,0.2,0.0,0.0,15.39,384.28978
G01_R0606,606,G01,500,3,1e-05,0.8,0.3,0.0,0.0,16.818,698.26634
G01_R0607,607,G01,500,3,1e-05,0.75,0.1,0.0,0.0,14.504,186.23125
G01_R0608,608,G01,500,3,1e-05,0.75,0.2,0.0,0.0,15.396,389.56795
G01_R0609,609,G01,500,3,1e-05,0.75,0.3,0.0,0.0,16.827,709.17401
G01_R0610,610,G01,500,3,1e-05,0.7,0.1,0.0,0.0,14.506,188.18972
G01_R0611,611,G01,500,3,1e-05,0.7,0.2,0.0,0.0,15.403,395.59593
G01_R0612,612,G01,500,3,1e-05,0.7,0.3,0.0,0.0,16.836,721.7014300000001
G01_R0613,613,G01,500,3,1e-06,0.85,0.1,0.0,0.0,14.514,568.96424
G01_R0614,614,G01,500,3,1e-06,0.85,0.2,0.0,0.0,15.307,1775.5679499999999
G01_R0615,615,G01,500,3,1e-06,0.85,0.3,0.0,0.0,16.71,3742.59955
G01_R0616,616,G01,500,3,1e-06,0.8,0.1,0.0,0.0,14.514,573.63372
G01_R0617,617,G01,500,3,1e-06,0.8,0.2,0.0,0.0,15.309,1790.26728
G01_R0618,618,G01,500,3,1e-06,0.8,0.3,0.0,0.0,16.715,3772.29867
G01_R0619,619,G01,500,3,1e-06,0.75,0.1,0.0,0.0,14.515,579.11316
G01_R0620,620,G01,500,3,1e-06,0.75,0.2,0.0,0.0,15.312,1807.36656
G01_R0621,621,G01,500,3,1e-06,0.75,0.3,0.0,0.0,16.715,3807.09773
G01_R0622,622,G01,500,3,1e-06,0.7,0.1,0.0,0.0,14.515,585.63257
G01_R0623,623,G01,500,3,1e-06,0.7,0.2,0.0,0.0,15.315,1827.56578
G01_R0624,624,G01,500,3,1e-06,0.7,0.3,0.0,0.0,16.72,3847.79671
G01_R0625,625,G01,500,6,0.001,0.85,0.1,0.0,0.0,17.816,101.95427099999999
G01_R0626,626,G01,500,6,0.001,0.85,0.2,0.0,0.0,19.017,149.806504
G01_R0627,627,G01,500,6,0.001,0.85,0.3,0.0,0.0,20.545,221.47406999999998
G01_R0628,628,G01,500,6,0.001,0.8,0.1,0.0,0.0,17.834,102.649913
G01_R0629,629,G01,500,6,0.001,0.8,0.2,0.0,0.0,19.041,151.151389
G01_R0630,630,G01,500,6,0.001,0.8,0.3,0.0,0.0,20.576,223.91763
G01_R0631,631,G01,500,6,0.001,0.75,0.1,0.0,0.0,17.854,103.405226
G01_R0632,632,G01,500,6,0.001,0.75,0.2,0.0,0.0,19.066,152.61586599999998
G01_R0633,633,G01,500,6,0.001,0.75,0.3,0.0,0.0,20.609,226.59065999999999
G01_R0634,634,G01,500,6,0.001,0.7,0.1,0.0,0.0,17.875,104.200144
G01_R0635,635,G01,500,6,0.001,0.7,0.2,0.0,0.0,19.093,154.209856
G01_R0636,636,G01,500,6,0.001,0.7,0.3,0.0,0.0,20.645,229.54306
G01_R0637,637,G01,500,6,0.0001,0.85,0.1,0.0,0.0,18.078,125.07088
G01_R0638,638,G01,500,6,0.0001,0.85,0.2,0.0,0.0,19.343,198.28871
G01_R0639,639,G01,500,6,0.0001,0.85,0.3,0.0,0.0,21.135,311.60931
G01_R0640,640,G01,500,6,0.0001,0.8,0.1,0.0,0.0,18.085,125.65806
G01_R0641,641,G01,500,6,0.0001,0.8,0.2,0.0,0.0,19.354,199.95546000000002
G01_R0642,642,G01,500,6,0.0001,0.8,0.3,0.0,0.0,21.148,314.99512
G01_R0643,643,G01,500,6,0.0001,0.75,0.1,0.0,0.0,18.092,126.31497
G01_R0644,644,G01,500,6,0.0001,0.75,0.2,0.0,0.0,19.366,201.85189
G01_R0645,645,G01,500,6,0.0001,0.75,0.3,0.0,0.0,21.161,318.8505
G01_R0646,646,G01,500,6,0.0001,0.7,0.1,0.0,0.0,18.1,127.04155
G01_R0647,647,G01,500,6,0.0001,0.7,0.2,0.0,0.0,19.38,204.01795
G01_R0648,648,G01,500,6,0.0001,0.7,0.3,0.0,0.0,21.176,323.3054
G01_R0649,649,G01,500,6,1e-05,0.85,0.1,0.0,0.0,18.096,183.17389
G01_R0650,650,G01,500,6,1e-05,0.85,0.2,0.0,0.0,19.19,379.74146
G01_R0651,651,G01,500,6,1e-05,0.85,0.3,0.0,0.0,20.992,688.84847
G01_R0652,652,G01,500,6,1e-05,0.8,0.1,0.0,0.0,18.098,184.58263000000002
G01_R0653,653,G01,500,6,1e-05,0.8,0.2,0.0,0.0,19.198,384.28978
G01_R0654,654,G01,500,6,1e-05,0.8,0.3,0.0,0.0,21.003,698.26634
G01_R0655,655,G01,500,6,1e-05,0.75,0.1,0.0,0.0,18.101,186.23125
G01_R0656,656,G01,500,6,1e-05,0.75,0.2,0.0,0.0,19.206,389.56795
G01_R0657,657,G01,500,6,1e-05,0.75,0.3,0.0,0.0,21.014,709.17401
G01_R0658,658,G01,500,6,1e-05,0.7,0.1,0.0,0.0,18.1,188.18972
G01_R0659,659,G01,500,6,1e-05,0.7,0.2,0.0,0.0,19.214,395.59593
G01_R0660,660,G01,500,6,1e-05,0.7,0.3,0.0,0.0,21.026,721.7014300000001
G01_R0661,661,G01,500,6,1e-06,0.85,0.1,0.0,0.0,18.114,568.96424
G01_R0662,662,G01,500,6,1e-06,0.85,0.2,0.0,0.0,19.091,1775.5679499999999
G01_R0663,663,G01,500,6,1e-06,0.85,0.3,0.0,0.0,20.871,3742.59955
G01_R0664,664,G01,500,6,1e-06,0.8,0.1,0.0,0.0,18.115,573.63372
G01_R0665,665,G01,500,6,1e-06,0.8,0.2,0.0,0.0,19.094,1790.26728
G01_R0666,666,G01,500,6,1e-06,0.8,0.3,0.0,0.0,20.878,3772.29867
G01_R0667,667,G01,500,6,1e-06,0.75,0.1,0.0,0.0,18.115,579.11316
G01_R0668,668,G01,500,6,1e-06,0.75,0.2,0.0,0.0,19.098,1807.36656
G01_R0669,669,G01,500,6,1e-06,0.75,0.3,0.0,0.0,20.855,3807.09773
G01_R0670,670,G01,500,6,1e-06,0.7,0.1,0.0,0.0,18.116,585.63257
G01_R0671,671,G01,500,6,1e-06,0.7,0.2,0.0,0.0,19.102,1827.56578
G01_R0672,672,G01,500,6,1e-06,0.7,0.3,0.0,0.0,20.862,3847.79671
G01_R0673,673,G01,500,20,0.001,0.85,0.1,0.0,0.0,27.045,101.95427099999999
G01_R0674,674,G01,500,20,0.001,0.85,0.2,0.0,0.0,29.136,149.806504
G01_R0675,675,G01,500,20,0.001,0.85,0.3,0.0,0.0,31.741,221.47406999999998
G01_R0676,676,G01,500,20,0.001,0.8,0.1,0.0,0.0,27.075,102.649913
G01_R0677,677,G01,500,20,0.001,0.8,0.2,0.0,0.0,29.176,151.151389
G01_R0678,678,G01,500,20,0.001,0.8,0.3,0.0,0.0,31.792,223.91763
G01_R0679,679,G01,500,20,0.001,0.75,0.1,0.0,0.0,27.108,103.405226
G01_R0680,680,G01,500,20,0.001,0.75,0.2,0.0,0.0,29.218,152.61586599999998
G01_R0681,681,G01,500,20,0.001,0.75,0.3,0.0,0.0,31.846,226.59065999999999
G01_R0682,682,G01,500,20,0.001,0.7,0.1,0.0,0.0,27.143,104.200144
G01_R0683,683,G01,500,20,0.001,0.7,0.2,0.0,0.0,29.263,154.209856
G01_R0684,684,G01,500,20,0.001,0.7,0.3,0.0,0.0,31.902,229.54306
G01_R0685,685,G01,500,20,0.0001,0.85,0.1,0.0,0.0,27.511,125.07088
G01_R0686,686,G01,500,20,0.0001,0.85,0.2,0.0,0.0,29.679,198.28871
G01_R0687,687,G01,500,20,0.0001,0.85,0.3,0.0,0.0,32.78,311.60931
G01_R0688,688,G01,500,20,0.0001,0.8,0.1,0.0,0.0,27.523,125.65806
G01_R0689,689,G01,500,20,0.0001,0.8,0.2,0.0,0.0,29.697,199.95546000000002
G01_R0690,690,G01,500,20,0.0001,0.8,0.3,0.0,0.0,32.803,314.99512
G01_R0691,691,G01,500,20,0.0001,0.75,0.1,0.0,0.0,27.536,126.31497
G01_R0692,692,G01,500,20,0.0001,0.75,0.2,0.0,0.0,29.717,201.85189
G01_R0693,693,G01,500,20,0.0001,0.75,0.3,0.0,0.0,32.827,318.8505
G01_R0694,694,G01,500,20,0.0001,0.7,0.1,0.0,0.0,27.549,127.04155
G01_R0695,695,G01,500,20,0.0001,0.7,0.2,0.0,0.0,29.738,204.01795
G01_R0696,696,G01,500,20,0.0001,0.7,0.3,0.0,0.0,32.853,323.3054
G01_R0697,697,G01,500,20,1e-05,0.85,0.1,0.0,0.0,27.4,183.17389
G01_R0698,698,G01,500,20,1e-05,0.85,0.2,0.0,0.0,29.177,379.74146
G01_R0699,699,G01,500,20,1e-05,0.85,0.3,0.0,0.0,32.178,688.84847
G01_R0700,700,G01,500,20,1e-05,0.8,0.1,0.0,0.0,27.403,184.58263000000002
G01_R0701,701,G01,500,20,1e-05,0.8,0.2,0.0,0.0,29.188,384.28978
G01_R0702,702,G01,500,20,1e-05,0.8,0.3,0.0,0.0,32.195,698.26634
G01_R0703,703,G01,500,20,1e-05,0.75,0.1,0.0,0.0,27.408,186.23125
G01_R0704,704,G01,500,20,1e-05,0.75,0.2,0.0,0.0,29.202,389.56795
G01_R0705,705,G01,500,20,1e-05,0.75,0.3,0.0,0.0,32.214,709.17401
G01_R0706,706,G01,500,20,1e-05,0.7,0.1,0.0,0.0,27.371,188.18972
G01_R0707,707,G01,500,20,1e-05,0.7,0.2,0.0,0.0,29.216,395.59593
G01_R0708,708,G01,500,20,1e-05,0.7,0.3,0.0,0.0,32.234,721.7014300000001
G01_R0709,709,G01,500,20,1e-06,0.85,0.1,0.0,0.0,27.431,568.96424
G01_R0710,710,G01,500,20,1e-06,0.85,0.2,0.0,0.0,29.011,1775.5679499999999
G01_R0711,711,G01,500,20,1e-06,0.85,0.3,0.0,0.0,31.936,3742.59954
G01_R0712,712,G01,500,20,1e-06,0.8,0.1,0.0,0.0,27.432,573.63372
G01_R0713,713,G01,500,20,1e-06,0.8,0.2,0.0,0.0,29.015,1790.26728
G01_R0714,714,G01,500,20,1e-06,0.8,0.3,0.0,0.0,31.946,3772.39867
G01_R0715,715,G01,500,20,1e-06,0.75,0.1,0.0,0.0,27.433,579.11316
G01_R0716,716,G01,500,20,1e-06,0.75,0.2,0.0,0.0,29.021,1807.36656
G01_R0717,717,G01,500,20,1e-06,0.75,0.3,0.0,0.0,31.956,3807.09773
G01_R0718,718,G01,500,20,1e-06,0.7,0.1,0.0,0.0,27.434,585.63257
G01_R0719,719,G01,500,20,1e-06,0.7,0.2,0.0,0.0,29.028,1827.56578
G01_R0720,720,G01,500,20,1e-06,0.7,0.3,0.0,0.0,31.969,3847.79671
G01_R0721,721,G01,500,50,0.001,0.85,0.1,0.0,0.0,37.512,101.95427099999999
G01_R0722,722,G01,500,50,0.001,0.85,0.2,0.0,0.0,40.021,149.806503
G01_R0723,723,G01,500,50,0.001,0.85,0.3,0.0,0.0,44.456,221.47406999999998
G01_R0724,724,G01,500,50,0.001,0.8,0.1,0.0,0.0,37.556,102.659913
G01_R0725,725,G01,500,50,0.001,0.8,0.2,0.0,0.0,40.071,151.151388
G01_R0726,726,G01,500,50,0.001,0.8,0.3,0.0,0.0,44.522,223.91763
G01_R0727,727,G01,500,50,0.001,0.75,0.1,0.0,0.0,37.602,103.405226
G01_R0728,728,G01,500,50,0.001,0.75,0.2,0.0,0.0,40.128,152.61586499999999
G01_R0729,729,G01,500,50,0.001,0.75,0.3,0.0,0.0,44.591,226.59065999999999
G01_R0730,730,G01,500,50,0.001,0.7,0.1,0.0,0.0,37.649,104.200144
G01_R0731,731,G01,500,50,0.001,0.7,0.2,0.0,0.0,40.199,154.209855
G01_R0732,732,G01,500,50,0.001,0.7,0.3,0.0,0.0,44.661,229.54306
G01_R0733,733,G01,500,50,0.0001,0.85,0.1,0.0,0.0,38.127,125.08087900000001
G01_R0734,734,G01,500,50,0.0001,0.85,0.2,0.0,0.0,40.47,198.29871
G01_R0735,735,G01,500,50,0.0001,0.85,0.3,0.0,0.0,44.451,311.62931
G01_R0736,736,G01,500,50,0.0001,0.8,0.1,0.0,0.0,38.14,125.66806
G01_R0737,737,G01,500,50,0.0001,0.8,0.2,0.0,0.0,40.494,199.97546
G01_R0738,738,G01,500,50,0.0001,0.8,0.3,0.0,0.0,44.479,315.00512000000003
G01_R0739,739,G01,500,50,0.0001,0.75,0.1,0.0,0.0,38.153,126.32497000000001
G01_R0740,740,G01,500,50,0.0001,0.75,0.2,0.0,0.0,40.52,201.87189
G01_R0741,741,G01,500,50,0.0001,0.75,0.3,0.0,0.0,44.509,318.8705
G01_R0742,742,G01,500,50,0.0001,0.7,0.1,0.0,0.0,38.165,127.06155
G01_R0743,743,G01,500,50,0.0001,0.7,0.2,0.0,0.0,40.548,204.03795
G01_R0744,744,G01,500,50,0.0001,0.7,0.3,0.0,0.0,44.539,323.31539000000004
G01_R0745,745,G01,500,50,1e-05,0.85,0.1,0.0,0.0,38.305,183.19388999999998
G01_R0746,746,G01,500,50,1e-05,0.85,0.2,0.0,0.0,40.304,379.78146000000004
G01_R0747,747,G01,500,50,1e-05,0.85,0.3,0.0,0.0,44.409,688.90847
G01_R0748,748,G01,500,50,1e-05,0.8,0.1,0.0,0.0,38.282,184.61263000000002
G01_R0749,749,G01,500,50,1e-05,0.8,0.2,0.0,0.0,40.329,384.34978
G01_R0750,750,G01,500,50,1e-05,0.8,0.3,0.0,0.0,44.405,698.34634
G01_R0751,751,G01,500,50,1e-05,0.75,0.1,0.0,0.0,38.241,186.27125
G01_R0752,752,G01,500,50,1e-05,0.75,0.2,0.0,0.0,40.343,389.65795
G01_R0753,753,G01,500,50,1e-05,0.75,0.3,0.0,0.0,44.451,709.29401
G01_R0754,754,G01,500,50,1e-05,0.7,0.1,0.0,0.0,38.32,188.19972
G01_R0755,755,G01,500,50,1e-05,0.7,0.2,0.0,0.0,40.372,395.70592999999997
G01_R0756,756,G01,500,50,1e-05,0.7,0.3,0.0,0.0,44.457,721.8414300000001
G01_R0757,757,G01,500,50,1e-06,0.85,0.1,0.0,0.0,38.387,568.96424
G01_R0758,758,G01,500,50,1e-06,0.85,0.2,0.0,0.0,40.122,1775.5679499999999
G01_R0759,759,G01,500,50,1e-06,0.85,0.3,0.0,0.0,44.115,3742.59954
G01_R0760,760,G01,500,50,1e-06,0.8,0.1,0.0,0.0,38.388,573.63372
G01_R0761,761,G01,500,50,1e-06,0.8,0.2,0.0,0.0,40.129,1790.26728
G01_R0762,762,G01,500,50,1e-06,0.8,0.3,0.0,0.0,44.126,3772.39867
G01_R0763,763,G01,500,50,1e-06,0.75,0.1,0.0,0.0,38.389,579.1231600000001
G01_R0764,764,G01,500,50,1e-06,0.75,0.2,0.0,0.0,40.136,1807.36656
G01_R0765,765,G01,500,50,1e-06,0.75,0.3,0.0,0.0,44.138,3807.09773
G01_R0766,766,G01,500,50,1e-06,0.7,0.1,0.0,0.0,38.39,585.63257
G01_R0767,767,G01,500,50,1e-06,0.7,0.2,0.0,0.0,40.147,1827.56578
G01_R0768,768,G01,500,50,1e-06,0.7,0.3,0.0,0.0,44.153,3847.89671
G02_R0001,1,G02,25,3,0.001,0.85,0.1,0.1,4.0,6.6445,3.6471533
G02_R0002,2,G02,25,3,0.001,0.85,0.2,0.1,4.0,7.1671,5.1354064
G02_R0003,3,G02,25,3,0.001,0.85,0.3,0.1,4.0,7.7781,7.3574994
G02_R0004,4,G02,25,3,0.001,0.8,0.1,0.1,4.0,6.6494,3.6594416
G02_R0005,5,G02,25,3,0.001,0.8,0.2,0.1,4.0,7.1739,5.159096
G02_R0006,6,G02,25,3,0.001,0.8,0.3,0.1,4.0,7.7859,7.3960272
G02_R0007,7,G02,25,3,0.001,0.75,0.1,0.1,4.0,6.6545,3.6723049
G02_R0008,8,G02,25,3,0.001,0.75,0.2,0.1,4.0,7.1812,5.184046
G02_R0009,9,G02,25,3,0.001,0.75,0.3,0.1,4.0,7.7943,7.437107800000001
G02_R0010,10,G02,25,3,0.001,0.7,0.1,0.1,4.0,6.6599,3.6858400999999996
G02_R0011,11,G02,25,3,0.001,0.7,0.2,0.1,4.0,7.1888,5.210450799999999
G02_R0012,12,G02,25,3,0.001,0.7,0.3,0.1,4.0,7.8032,7.4809344
G02_R0013,13,G02,25,3,0.0001,0.85,0.1,0.1,4.0,6.955,4.5919345
G02_R0014,14,G02,25,3,0.0001,0.85,0.2,0.1,4.0,7.573,7.0055531
G02_R0015,15,G02,25,3,0.0001,0.85,0.3,0.1,4.0,8.3776,10.880335
G02_R0016,16,G02,25,3,0.0001,0.8,0.1,0.1,4.0,6.9578,4.601800999999999
G02_R0017,17,G02,25,3,0.0001,0.8,0.2,0.1,4.0,7.5767,7.0236656
G02_R0018,18,G02,25,3,0.0001,0.8,0.3,0.1,4.0,8.3822,10.910991000000001
G02_R0019,19,G02,25,3,0.0001,0.75,0.1,0.1,4.0,6.9608,4.6122436
G02_R0020,20,G02,25,3,0.0001,0.75,0.2,0.1,4.0,7.5804,7.0430479
G02_R0021,21,G02,25,3,0.0001,0.75,0.3,0.1,4.0,8.3869,10.945609000000001
G02_R0022,22,G02,25,3,0.0001,0.7,0.1,0.1,4.0,6.9639,4.6232581
G02_R0023,23,G02,25,3,0.0001,0.7,0.2,0.1,4.0,7.5843,7.0640947999999995
G02_R0024,24,G02,25,3,0.0001,0.7,0.3,0.1,4.0,8.3918,10.982185
G02_R0025,25,G02,25,3,1e-05,0.85,0.1,0.1,4.0,7.0395,6.8690169999999995
G02_R0026,26,G02,25,3,1e-05,0.85,0.2,0.1,4.0,7.688,14.387474000000001
G02_R0027,27,G02,25,3,1e-05,0.85,0.3,0.1,4.0,8.5438,26.5055
G02_R0028,28,G02,25,3,1e-05,0.8,0.1,0.1,4.0,7.0405,6.88063
G02_R0029,29,G02,25,3,1e-05,0.8,0.2,0.1,4.0,7.6893,14.413358
G02_R0030,30,G02,25,3,1e-05,0.8,0.3,0.1,4.0,8.5455,26.552348000000002
G02_R0031,31,G02,25,3,1e-05,0.75,0.1,0.1,4.0,7.0416,6.893534
G02_R0032,32,G02,25,3,1e-05,0.75,0.2,0.1,4.0,7.6906,14.443230999999999
G02_R0033,33,G02,25,3,1e-05,0.75,0.3,0.1,4.0,8.5472,26.605182
G02_R0034,34,G02,25,3,1e-05,0.7,0.1,0.1,4.0,7.0427,6.907927
G02_R0035,35,G02,25,3,1e-05,0.7,0.2,0.1,4.0,7.692,14.476090000000001
G02_R0036,36,G02,25,3,1e-05,0.7,0.3,0.1,4.0,8.549,26.664999
G02_R0037,37,G02,25,3,1e-06,0.85,0.1,0.1,4.0,7.0656,24.717545
G02_R0038,38,G02,25,3,1e-06,0.85,0.2,0.1,4.0,7.7228,79.438593
G02_R0039,39,G02,25,3,1e-06,0.85,0.3,0.1,4.0,8.5922,169.35117300000002
G02_R0040,40,G02,25,3,1e-06,0.8,0.1,0.1,4.0,7.0659,24.767511000000002
G02_R0041,41,G02,25,3,1e-06,0.8,0.2,0.1,4.0,7.723,79.53954900000001
G02_R0042,42,G02,25,3,1e-06,0.8,0.3,0.1,4.0,8.5925,169.521119
G02_R0043,43,G02,25,3,1e-06,0.75,0.1,0.1,4.0,7.0662,24.822475
G02_R0044,44,G02,25,3,1e-06,0.75,0.2,0.1,4.0,7.7234,79.65250300000001
G02_R0045,45,G02,25,3,1e-06,0.75,0.3,0.1,4.0,8.5929,169.711061
G02_R0046,46,G02,25,3,1e-06,0.7,0.1,0.1,4.0,7.0665,24.882436
G02_R0047,47,G02,25,3,1e-06,0.7,0.2,0.1,4.0,7.7237,79.778453
G02_R0048,48,G02,25,3,1e-06,0.7,0.3,0.1,4.0,8.5933,169.920998
G02_R0049,49,G02,25,6,0.001,0.85,0.1,0.1,4.0,7.3225,3.6471533
G02_R0050,50,G02,25,6,0.001,0.85,0.2,0.1,4.0,7.8985,5.1354064
G02_R0051,51,G02,25,6,0.001,0.85,0.3,0.1,4.0,8.5656,7.3574994
G02_R0052,52,G02,25,6,0.001,0.8,0.1,0.1,4.0,7.3276,3.6594416
G02_R0053,53,G02,25,6,0.001,0.8,0.2,0.1,4.0,7.9057,5.159096
G02_R0054,54,G02,25,6,0.001,0.8,0.3,0.1,4.0,8.574,7.3960272
G02_R0055,55,G02,25,6,0.001,0.75,0.1,0.1,4.0,7.3329,3.6723049
G02_R0056,56,G02,25,6,0.001,0.75,0.2,0.1,4.0,7.9133,5.184046
G02_R0057,57,G02,25,6,0.001,0.75,0.3,0.1,4.0,8.583,7.437107800000001
G02_R0058,58,G02,25,6,0.001,0.7,0.1,0.1,4.0,7.3384,3.6858400999999996
G02_R0059,59,G02,25,6,0.001,0.7,0.2,0.1,4.0,7.9213,5.210450799999999
G02_R0060,60,G02,25,6,0.001,0.7,0.3,0.1,4.0,8.5925,7.4809344
G02_R0061,61,G02,25,6,0.0001,0.85,0.1,0.1,4.0,7.6338,4.5919345
G02_R0062,62,G02,25,6,0.0001,0.85,0.2,0.1,4.0,8.3,7.0055531
G02_R0063,63,G02,25,6,0.0001,0.85,0.3,0.1,4.0,9.1502,10.880335
G02_R0064,64,G02,25,6,0.0001,0.8,0.1,0.1,4.0,7.6367,4.601800999999999
G02_R0065,65,G02,25,6,0.0001,0.8,0.2,0.1,4.0,8.3036,7.0236656
G02_R0066,66,G02,25,6,0.0001,0.8,0.3,0.1,4.0,9.1548,10.910991000000001
G02_R0067,67,G02,25,6,0.0001,0.75,0.1,0.1,4.0,7.6398,4.6122436
G02_R0068,68,G02,25,6,0.0001,0.75,0.2,0.1,4.0,8.3074,7.0430479
G02_R0069,69,G02,25,6,0.0001,0.75,0.3,0.1,4.0,9.1596,10.945609000000001
G02_R0070,70,G02,25,6,0.0001,0.7,0.1,0.1,4.0,7.6429,4.6232581
G02_R0071,71,G02,25,6,0.0001,0.7,0.2,0.1,4.0,8.3114,7.0640947999999995
G02_R0072,72,G02,25,6,0.0001,0.7,0.3,0.1,4.0,9.1646,10.982185
G02_R0073,73,G02,25,6,1e-05,0.85,0.1,0.1,4.0,7.7185,6.8690169999999995
G02_R0074,74,G02,25,6,1e-05,0.85,0.2,0.1,4.0,8.4135,14.387474000000001
G02_R0075,75,G02,25,6,1e-05,0.85,0.3,0.1,4.0,9.3114,26.5055
G02_R0076,76,G02,25,6,1e-05,0.8,0.1,0.1,4.0,7.7195,6.88063
G02_R0077,77,G02,25,6,1e-05,0.8,0.2,0.1,4.0,8.4148,14.413358
G02_R0078,78,G02,25,6,1e-05,0.8,0.3,0.1,4.0,9.3131,26.552348000000002
G02_R0079,79,G02,25,6,1e-05,0.75,0.1,0.1,4.0,7.7206,6.893534
G02_R0080,80,G02,25,6,1e-05,0.75,0.2,0.1,4.0,8.4161,14.443230999999999
G02_R0081,81,G02,25,6,1e-05,0.75,0.3,0.1,4.0,9.3148,26.605182
G02_R0082,82,G02,25,6,1e-05,0.7,0.1,0.1,4.0,7.7217,6.907927
G02_R0083,83,G02,25,6,1e-05,0.7,0.2,0.1,4.0,8.4175,14.476090000000001
G02_R0084,84,G02,25,6,1e-05,0.7,0.3,0.1,4.0,9.3166,26.664999
G02_R0085,85,G02,25,6,1e-06,0.85,0.1,0.1,4.0,7.7447,24.717545
G02_R0086,86,G02,25,6,1e-06,0.85,0.2,0.1,4.0,8.448,79.438593
G02_R0087,87,G02,25,6,1e-06,0.85,0.3,0.1,4.0,9.3586,169.35117300000002
G02_R0088,88,G02,25,6,1e-06,0.8,0.1,0.1,4.0,7.745,24.767511000000002
G02_R0089,89,G02,25,6,1e-06,0.8,0.2,0.1,4.0,8.4483,79.53954900000001
G02_R0090,90,G02,25,6,1e-06,0.8,0.3,0.1,4.0,9.3589,169.521119
G02_R0091,91,G02,25,6,1e-06,0.75,0.1,0.1,4.0,7.7453,24.822475
G02_R0092,92,G02,25,6,1e-06,0.75,0.2,0.1,4.0,8.4486,79.65250300000001
G02_R0093,93,G02,25,6,1e-06,0.75,0.3,0.1,4.0,9.3593,169.711061
G02_R0094,94,G02,25,6,1e-06,0.7,0.1,0.1,4.0,7.7455,24.882436
G02_R0095,95,G02,25,6,1e-06,0.7,0.2,0.1,4.0,8.4489,79.778453
G02_R0096,96,G02,25,6,1e-06,0.7,0.3,0.1,4.0,9.3597,169.920998
G02_R0097,97,G02,25,20,0.001,0.85,0.1,0.1,4.0,9.5688,3.6471533
G02_R0098,98,G02,25,20,0.001,0.85,0.2,0.1,4.0,10.256,5.1354064
G02_R0099,99,G02,25,20,0.001,0.85,0.3,0.1,4.0,11.051,7.3574994
G02_R0100,100,G02,25,20,0.001,0.8,0.1,0.1,4.0,9.5748,3.6594416
G02_R0101,101,G02,25,20,0.001,0.8,0.2,0.1,4.0,10.265,5.159096
G02_R0102,102,G02,25,20,0.001,0.8,0.3,0.1,4.0,11.061,7.3960272
G02_R0103,103,G02,25,20,0.001,0.75,0.1,0.1,4.0,9.5811,3.6723049
G02_R0104,104,G02,25,20,0.001,0.75,0.2,0.1,4.0,10.274,5.184046
G02_R0105,105,G02,25,20,0.001,0.75,0.3,0.1,4.0,11.071,7.437107800000001
G02_R0106,106,G02,25,20,0.001,0.7,0.1,0.1,4.0,9.5877,3.6858400999999996
G02_R0107,107,G02,25,20,0.001,0.7,0.2,0.1,4.0,10.283,5.210450799999999
G02_R0108,108,G02,25,20,0.001,0.7,0.3,0.1,4.0,11.083,7.4809344
G02_R0109,109,G02,25,20,0.0001,0.85,0.1,0.1,4.0,9.9224,4.5919345
G02_R0110,110,G02,25,20,0.0001,0.85,0.2,0.1,4.0,10.7,7.0055531
G02_R0111,111,G02,25,20,0.0001,0.85,0.3,0.1,4.0,11.677,10.880335
G02_R0112,112,G02,25,20,0.0001,0.8,0.1,0.1,4.0,9.9257,4.601800999999999
G02_R0113,113,G02,25,20,0.0001,0.8,0.2,0.1,4.0,10.704,7.0236656
G02_R0114,114,G02,25,20,0.0001,0.8,0.3,0.1,4.0,11.683,10.910991000000001
G02_R0115,115,G02,25,20,0.0001,0.75,0.1,0.1,4.0,9.9292,4.6122436
G02_R0116,116,G02,25,20,0.0001,0.75,0.2,0.1,4.0,10.708,7.0430479
G02_R0117,117,G02,25,20,0.0001,0.75,0.3,0.1,4.0,11.688,10.945609000000001
G02_R0118,118,G02,25,20,0.0001,0.7,0.1,0.1,4.0,9.9329,4.6232581
G02_R0119,119,G02,25,20,0.0001,0.7,0.2,0.1,4.0,10.713,7.0640947999999995
G02_R0120,120,G02,25,20,0.0001,0.7,0.3,0.1,4.0,11.694,10.982185
G02_R0121,121,G02,25,20,1e-05,0.85,0.1,0.1,4.0,10.018,6.8690169999999995
G02_R0122,122,G02,25,20,1e-05,0.85,0.2,0.1,4.0,10.825,14.387474000000001
G02_R0123,123,G02,25,20,1e-05,0.85,0.3,0.1,4.0,11.85,26.5055
G02_R0124,124,G02,25,20,1e-05,0.8,0.1,0.1,4.0,10.019,6.88063
G02_R0125,125,G02,25,20,1e-05,0.8,0.2,0.1,4.0,10.826,14.413358
G02_R0126,126,G02,25,20,1e-05,0.8,0.3,0.1,4.0,11.851,26.552348000000002
G02_R0127,127,G02,25,20,1e-05,0.75,0.1,0.1,4.0,10.02,6.893534
G02_R0128,128,G02,25,20,1e-05,0.75,0.2,0.1,4.0,10.828,14.443230999999999
G02_R0129,129,G02,25,20,1e-05,0.75,0.3,0.1,4.0,11.853,26.605182
G02_R0130,130,G02,25,20,1e-05,0.7,0.1,0.1,4.0,10.022,6.907927
G02_R0131,131,G02,25,20,1e-05,0.7,0.2,0.1,4.0,10.829,14.476090000000001
G02_R0132,132,G02,25,20,1e-05,0.7,0.3,0.1,4.0,11.855,26.664999
G02_R0133,133,G02,25,20,1e-06,0.85,0.1,0.1,4.0,10.048,24.717545
G02_R0134,134,G02,25,20,1e-06,0.85,0.2,0.1,4.0,10.863,79.438593
G02_R0135,135,G02,25,20,1e-06,0.85,0.3,0.1,4.0,11.9,169.35117300000002
G02_R0136,136,G02,25,20,1e-06,0.8,0.1,0.1,4.0,10.048,24.767511000000002
G02_R0137,137,G02,25,20,1e-06,0.8,0.2,0.1,4.0,10.863,79.53954900000001
G02_R0138,138,G02,25,20,1e-06,0.8,0.3,0.1,4.0,11.901,169.521119
G02_R0139,139,G02,25,20,1e-06,0.75,0.1,0.1,4.0,10.048,24.822475
G02_R0140,140,G02,25,20,1e-06,0.75,0.2,0.1,4.0,10.864,79.65250300000001
G02_R0141,141,G02,25,20,1e-06,0.75,0.3,0.1,4.0,11.901,169.711061
G02_R0142,142,G02,25,20,1e-06,0.7,0.1,0.1,4.0,10.049,24.882436
G02_R0143,143,G02,25,20,1e-06,0.7,0.2,0.1,4.0,10.864,79.778453
G02_R0144,144,G02,25,20,1e-06,0.7,0.3,0.1,4.0,11.902,169.920998
G02_R0145,145,G02,25,50,0.001,0.85,0.1,0.1,4.0,12.423,3.6471533
G02_R0146,146,G02,25,50,0.001,0.85,0.2,0.1,4.0,13.282,5.1354064
G02_R0147,147,G02,25,50,0.001,0.85,0.3,0.1,4.0,14.266,7.3574994
G02_R0148,148,G02,25,50,0.001,0.8,0.1,0.1,4.0,12.431,3.6594416
G02_R0149,149,G02,25,50,0.001,0.8,0.2,0.1,4.0,13.293,5.159096
G02_R0150,150,G02,25,50,0.001,0.8,0.3,0.1,4.0,14.279,7.3960272
G02_R0151,151,G02,25,50,0.001,0.75,0.1,0.1,4.0,12.439,3.6723049
G02_R0152,152,G02,25,50,0.001,0.75,0.2,0.1,4.0,13.304,5.184046
G02_R0153,153,G02,25,50,0.001,0.75,0.3,0.1,4.0,14.292,7.437107800000001
G02_R0154,154,G02,25,50,0.001,0.7,0.1,0.1,4.0,12.447,3.6858400999999996
G02_R0155,155,G02,25,50,0.001,0.7,0.2,0.1,4.0,13.316,5.210450799999999
G02_R0156,156,G02,25,50,0.001,0.7,0.3,0.1,4.0,14.306,7.4809344
G02_R0157,157,G02,25,50,0.0001,0.85,0.1,0.1,4.0,12.864,4.5919345
G02_R0158,158,G02,25,50,0.0001,0.85,0.2,0.1,4.0,13.829,7.0055531
G02_R0159,159,G02,25,50,0.0001,0.85,0.3,0.1,4.0,15.031,10.880335
G02_R0160,160,G02,25,50,0.0001,0.8,0.1,0.1,4.0,12.868,4.601800999999999
G02_R0161,161,G02,25,50,0.0001,0.8,0.2,0.1,4.0,13.834,7.0236656
G02_R0162,162,G02,25,50,0.0001,0.8,0.3,0.1,4.0,15.037,10.910991000000001
G02_R0163,163,G02,25,50,0.0001,0.75,0.1,0.1,4.0,12.872,4.6122436
G02_R0164,164,G02,25,50,0.0001,0.75,0.2,0.1,4.0,13.839,7.0430479
G02_R0165,165,G02,25,50,0.0001,0.75,0.3,0.1,4.0,15.044,10.945609000000001
G02_R0166,166,G02,25,50,0.0001,0.7,0.1,0.1,4.0,12.877,4.6232581
G02_R0167,167,G02,25,50,0.0001,0.7,0.2,0.1,4.0,13.845,7.0640947999999995
G02_R0168,168,G02,25,50,0.0001,0.7,0.3,0.1,4.0,15.051,10.982185
G02_R0169,169,G02,25,50,1e-05,0.85,0.1,0.1,4.0,12.982,6.8690169999999995
G02_R0170,170,G02,25,50,1e-05,0.85,0.2,0.1,4.0,13.983,14.387474000000001
G02_R0171,171,G02,25,50,1e-05,0.85,0.3,0.1,4.0,15.24,26.5055
G02_R0172,172,G02,25,50,1e-05,0.8,0.1,0.1,4.0,12.984,6.88063
G02_R0173,173,G02,25,50,1e-05,0.8,0.2,0.1,4.0,13.984,14.413358
G02_R0174,174,G02,25,50,1e-05,0.8,0.3,0.1,4.0,15.243,26.552348000000002
G02_R0175,175,G02,25,50,1e-05,0.75,0.1,0.1,4.0,12.985,6.893534
G02_R0176,176,G02,25,50,1e-05,0.75,0.2,0.1,4.0,13.986,14.443230999999999
G02_R0177,177,G02,25,50,1e-05,0.75,0.3,0.1,4.0,15.245,26.605182
G02_R0178,178,G02,25,50,1e-05,0.7,0.1,0.1,4.0,12.987,6.907927
G02_R0179,179,G02,25,50,1e-05,0.7,0.2,0.1,4.0,13.988,14.476090000000001
G02_R0180,180,G02,25,50,1e-05,0.7,0.3,0.1,4.0,15.247,26.664999
G02_R0181,181,G02,25,50,1e-06,0.85,0.1,0.1,4.0,13.019,24.717545
G02_R0182,182,G02,25,50,1e-06,0.85,0.2,0.1,4.0,14.03,79.438593
G02_R0183,183,G02,25,50,1e-06,0.85,0.3,0.1,4.0,15.302,169.35117300000002
G02_R0184,184,G02,25,50,1e-06,0.8,0.1,0.1,4.0,13.02,24.767511000000002
G02_R0185,185,G02,25,50,1e-06,0.8,0.2,0.1,4.0,14.03,79.53954900000001
G02_R0186,186,G02,25,50,1e-06,0.8,0.3,0.1,4.0,15.303,169.521119
G02_R0187,187,G02,25,50,1e-06,0.75,0.1,0.1,4.0,13.02,24.822475
G02_R0188,188,G02,25,50,1e-06,0.75,0.2,0.1,4.0,14.03,79.65250300000001
G02_R0189,189,G02,25,50,1e-06,0.75,0.3,0.1,4.0,15.303,169.711061
G02_R0190,190,G02,25,50,1e-06,0.7,0.1,0.1,4.0,13.02,24.882436
G02_R0191,191,G02,25,50,1e-06,0.7,0.2,0.1,4.0,14.031,79.778453
G02_R0192,192,G02,25,50,1e-06,0.7,0.3,0.1,4.0,15.304,169.920998
G02_R0193,193,G02,100,3,0.001,0.85,0.1,0.1,4.0,8.4847,15.825312
G02_R0194,194,G02,100,3,0.001,0.85,0.2,0.1,4.0,9.1259,22.513157999999997
G02_R0195,195,G02,100,3,0.001,0.85,0.3,0.1,4.0,9.895,32.596764
G02_R0196,196,G02,100,3,0.001,0.8,0.1,0.1,4.0,8.4923,15.896324
G02_R0197,197,G02,100,3,0.001,0.8,0.2,0.1,4.0,9.1361,22.644985000000002
G02_R0198,198,G02,100,3,0.001,0.8,0.3,0.1,4.0,9.9078,32.82747
G02_R0199,199,G02,100,3,0.001,0.75,0.1,0.1,4.0,8.5002,15.971260000000001
G02_R0200,200,G02,100,3,0.001,0.75,0.2,0.1,4.0,9.147,22.786710999999997
G02_R0201,201,G02,100,3,0.001,0.75,0.3,0.1,4.0,9.9215,33.077067
G02_R0202,202,G02,100,3,0.001,0.7,0.1,0.1,4.0,8.5088,16.052111
G02_R0203,203,G02,100,3,0.001,0.7,0.2,0.1,4.0,9.1585,22.939321
G02_R0204,204,G02,100,3,0.001,0.7,0.3,0.1,4.0,9.9361,33.347539999999995
G02_R0205,205,G02,100,3,0.0001,0.85,0.1,0.1,4.0,8.7655,19.751915
G02_R0206,206,G02,100,3,0.0001,0.85,0.2,0.1,4.0,9.4768,30.355149
G02_R0207,207,G02,100,3,0.0001,0.85,0.3,0.1,4.0,10.405,47.280382
G02_R0208,208,G02,100,3,0.0001,0.8,0.1,0.1,4.0,8.7688,19.803175000000003
G02_R0209,209,G02,100,3,0.0001,0.8,0.2,0.1,4.0,9.4812,30.468258000000002
G02_R0210,210,G02,100,3,0.0001,0.8,0.3,0.1,4.0,10.411,47.496340000000004
G02_R0211,211,G02,100,3,0.0001,0.75,0.1,0.1,4.0,8.7721,19.85736
G02_R0212,212,G02,100,3,0.0001,0.75,0.2,0.1,4.0,9.4859,30.593277999999998
G02_R0213,213,G02,100,3,0.0001,0.75,0.3,0.1,4.0,10.417,47.735192000000005
G02_R0214,214,G02,100,3,0.0001,0.7,0.1,0.1,4.0,8.7757,19.915459
G02_R0215,215,G02,100,3,0.0001,0.7,0.2,0.1,4.0,9.4908,30.732191999999998
G02_R0216,216,G02,100,3,0.0001,0.7,0.3,0.1,4.0,10.423,48.001920999999996
G02_R0217,217,G02,100,3,1e-05,0.85,0.1,0.1,4.0,8.8437,29.258464999999998
G02_R0218,218,G02,100,3,1e-05,0.85,0.2,0.1,4.0,9.5725,60.988037999999996
G02_R0219,219,G02,100,3,1e-05,0.85,0.3,0.1,4.0,10.539,111.95730800000001
G02_R0220,220,G02,100,3,1e-05,0.8,0.1,0.1,4.0,8.8448,29.344177000000002
G02_R0221,221,G02,100,3,1e-05,0.8,0.2,0.1,4.0,9.574,61.229662000000005
G02_R0222,222,G02,100,3,1e-05,0.8,0.3,0.1,4.0,10.541,112.426818
G02_R0223,223,G02,100,3,1e-05,0.75,0.1,0.1,4.0,8.8459,29.440860999999998
G02_R0224,224,G02,100,3,1e-05,0.75,0.2,0.1,4.0,9.5756,61.505249
G02_R0225,225,G02,100,3,1e-05,0.75,0.3,0.1,4.0,10.544,112.976283
G02_R0226,226,G02,100,3,1e-05,0.7,0.1,0.1,4.0,8.8471,29.551511
G02_R0227,227,G02,100,3,1e-05,0.7,0.2,0.1,4.0,9.5773,61.823792000000005
G02_R0228,228,G02,100,3,1e-05,0.7,0.3,0.1,4.0,10.546,113.605694
G02_R0229,229,G02,100,3,1e-06,0.85,0.1,0.1,4.0,8.8685,101.357149
G02_R0230,230,G02,100,3,1e-06,0.85,0.2,0.1,4.0,9.6008,323.78736999999995
G02_R0231,231,G02,100,3,1e-06,0.85,0.3,0.1,4.0,10.577,689.0162190000001
G02_R0232,232,G02,100,3,1e-06,0.8,0.1,0.1,4.0,8.8687,101.647038
G02_R0233,233,G02,100,3,1e-06,0.8,0.2,0.1,4.0,9.6012,324.567227
G02_R0234,234,G02,100,3,1e-06,0.8,0.3,0.1,4.0,10.577,690.5060410000001
G02_R0235,235,G02,100,3,1e-06,0.75,0.1,0.1,4.0,8.869,101.976919
G02_R0236,236,G02,100,3,1e-06,0.75,0.2,0.1,4.0,9.6016,325.457074
G02_R0237,237,G02,100,3,1e-06,0.75,0.3,0.1,4.0,10.578,692.2158499999999
G02_R0238,238,G02,100,3,1e-06,0.7,0.1,0.1,4.0,8.8693,102.346791
G02_R0239,239,G02,100,3,1e-06,0.7,0.2,0.1,4.0,9.602,326.476909
G02_R0240,240,G02,100,3,1e-06,0.7,0.3,0.1,4.0,10.578,694.205644
G02_R0241,241,G02,100,6,0.001,0.85,0.1,0.1,4.0,10.123,15.825312
G02_R0242,242,G02,100,6,0.001,0.85,0.2,0.1,4.0,10.848,22.513157999999997
G02_R0243,243,G02,100,6,0.001,0.85,0.3,0.1,4.0,11.713,32.596764
G02_R0244,244,G02,100,6,0.001,0.8,0.1,0.1,4.0,10.132,15.896324
G02_R0245,245,G02,100,6,0.001,0.8,0.2,0.1,4.0,10.859,22.644985000000002
G02_R0246,246,G02,100,6,0.001,0.8,0.3,0.1,4.0,11.728,32.82747
G02_R0247,247,G02,100,6,0.001,0.75,0.1,0.1,4.0,10.141,15.971260000000001
G02_R0248,248,G02,100,6,0.001,0.75,0.2,0.1,4.0,10.872,22.786710999999997
G02_R0249,249,G02,100,6,0.001,0.75,0.3,0.1,4.0,11.743,33.077067
G02_R0250,250,G02,100,6,0.001,0.7,0.1,0.1,4.0,10.15,16.052111
G02_R0251,251,G02,100,6,0.001,0.7,0.2,0.1,4.0,10.885,22.939321
G02_R0252,252,G02,100,6,0.001,0.7,0.3,0.1,4.0,11.759,33.347539999999995
G02_R0253,253,G02,100,6,0.0001,0.85,0.1,0.1,4.0,10.437,19.751915
G02_R0254,254,G02,100,6,0.0001,0.85,0.2,0.1,4.0,11.235,30.355149
G02_R0255,255,G02,100,6,0.0001,0.85,0.3,0.1,4.0,12.266,47.280382
G02_R0256,256,G02,100,6,0.0001,0.8,0.1,0.1,4.0,10.44,19.803175000000003
G02_R0257,257,G02,100,6,0.0001,0.8,0.2,0.1,4.0,11.24,30.468258000000002
G02_R0258,258,G02,100,6,0.0001,0.8,0.3,0.1,4.0,12.272,47.496340000000004
G02_R0259,259,G02,100,6,0.0001,0.75,0.1,0.1,4.0,10.444,19.85736
G02_R0260,260,G02,100,6,0.0001,0.75,0.2,0.1,4.0,11.245,30.593277999999998
G02_R0261,261,G02,100,6,0.0001,0.75,0.3,0.1,4.0,12.279,47.735192000000005
G02_R0262,262,G02,100,6,0.0001,0.7,0.1,0.1,4.0,10.448,19.915459
G02_R0263,263,G02,100,6,0.0001,0.7,0.2,0.1,4.0,11.251,30.732191999999998
G02_R0264,264,G02,100,6,0.0001,0.7,0.3,0.1,4.0,12.286,48.001920999999996
G02_R0265,265,G02,100,6,1e-05,0.85,0.1,0.1,4.0,10.523,29.258464999999998
G02_R0266,266,G02,100,6,1e-05,0.85,0.2,0.1,4.0,11.339,60.988037999999996
G02_R0267,267,G02,100,6,1e-05,0.85,0.3,0.1,4.0,12.409,111.95730800000001
G02_R0268,268,G02,100,6,1e-05,0.8,0.1,0.1,4.0,10.524,29.344177000000002
G02_R0269,269,G02,100,6,1e-05,0.8,0.2,0.1,4.0,11.341,61.229662000000005
G02_R0270,270,G02,100,6,1e-05,0.8,0.3,0.1,4.0,12.411,112.426818
G02_R0271,271,G02,100,6,1e-05,0.75,0.1,0.1,4.0,10.526,29.440860999999998
G02_R0272,272,G02,100,6,1e-05,0.75,0.2,0.1,4.0,11.343,61.505249
G02_R0273,273,G02,100,6,1e-05,0.75,0.3,0.1,4.0,12.414,112.976283
G02_R0274,274,G02,100,6,1e-05,0.7,0.1,0.1,4.0,10.527,29.551511
G02_R0275,275,G02,100,6,1e-05,0.7,0.2,0.1,4.0,11.345,61.823792000000005
G02_R0276,276,G02,100,6,1e-05,0.7,0.3,0.1,4.0,12.416,113.605694
G02_R0277,277,G02,100,6,1e-06,0.85,0.1,0.1,4.0,10.551,101.357149
G02_R0278,278,G02,100,6,1e-06,0.85,0.2,0.1,4.0,11.37,323.78736999999995
G02_R0279,279,G02,100,6,1e-06,0.85,0.3,0.1,4.0,12.449,689.0162190000001
G02_R0280,280,G02,100,6,1e-06,0.8,0.1,0.1,4.0,10.551,101.647038
G02_R0281,281,G02,100,6,1e-06,0.8,0.2,0.1,4.0,11.371,324.567227
G02_R0282,282,G02,100,6,1e-06,0.8,0.3,0.1,4.0,12.45,690.5060410000001
G02_R0283,283,G02,100,6,1e-06,0.75,0.1,0.1,4.0,10.551,101.976919
G02_R0284,284,G02,100,6,1e-06,0.75,0.2,0.1,4.0,11.371,325.457074
G02_R0285,285,G02,100,6,1e-06,0.75,0.3,0.1,4.0,12.45,692.2158499999999
G02_R0286,286,G02,100,6,1e-06,0.7,0.1,0.1,4.0,10.552,102.346791
G02_R0287,287,G02,100,6,1e-06,0.7,0.2,0.1,4.0,11.372,326.476909
G02_R0288,288,G02,100,6,1e-06,0.7,0.3,0.1,4.0,12.451,694.205644
G02_R0289,289,G02,100,20,0.001,0.85,0.1,0.1,4.0,14.523,15.825312
G02_R0290,290,G02,100,20,0.001,0.85,0.2,0.1,4.0,15.484,22.513157999999997
G02_R0291,291,G02,100,20,0.001,0.85,0.3,0.1,4.0,16.668,32.596764
G02_R0292,292,G02,100,20,0.001,0.8,0.1,0.1,4.0,14.536,15.896324
G02_R0293,293,G02,100,20,0.001,0.8,0.2,0.1,4.0,15.5,22.644985000000002
G02_R0294,294,G02,100,20,0.001,0.8,0.3,0.1,4.0,16.688,32.82747
G02_R0295,295,G02,100,20,0.001,0.75,0.1,0.1,4.0,14.549,15.971260000000001
G02_R0296,296,G02,100,20,0.001,0.75,0.2,0.1,4.0,15.517,22.786710999999997
G02_R0297,297,G02,100,20,0.001,0.75,0.3,0.1,4.0,16.709,33.077067
G02_R0298,298,G02,100,20,0.001,0.7,0.1,0.1,4.0,14.562,16.052111
G02_R0299,299,G02,100,20,0.001,0.7,0.2,0.1,4.0,15.535,22.939321
G02_R0300,300,G02,100,20,0.001,0.7,0.3,0.1,4.0,16.732,33.347539999999995
G02_R0301,301,G02,100,20,0.0001,0.85,0.1,0.1,4.0,14.964,19.751915
G02_R0302,302,G02,100,20,0.0001,0.85,0.2,0.1,4.0,16.016,30.355149
G02_R0303,303,G02,100,20,0.0001,0.85,0.3,0.1,4.0,17.417,47.280382
G02_R0304,304,G02,100,20,0.0001,0.8,0.1,0.1,4.0,14.969,19.803175000000003
G02_R0305,305,G02,100,20,0.0001,0.8,0.2,0.1,4.0,16.023,30.468258000000002
G02_R0306,306,G02,100,20,0.0001,0.8,0.3,0.1,4.0,17.426,47.496340000000004
G02_R0307,307,G02,100,20,0.0001,0.75,0.1,0.1,4.0,14.975,19.85736
G02_R0308,308,G02,100,20,0.0001,0.75,0.2,0.1,4.0,16.03,30.593277999999998
G02_R0309,309,G02,100,20,0.0001,0.75,0.3,0.1,4.0,17.435,47.735192000000005
G02_R0310,310,G02,100,20,0.0001,0.7,0.1,0.1,4.0,14.98,19.915459
G02_R0311,311,G02,100,20,0.0001,0.7,0.2,0.1,4.0,16.038,30.732191999999998
G02_R0312,312,G02,100,20,0.0001,0.7,0.3,0.1,4.0,17.445,48.001920999999996
G02_R0313,313,G02,100,20,1e-05,0.85,0.1,0.1,4.0,15.084,29.258464999999998
G02_R0314,314,G02,100,20,1e-05,0.85,0.2,0.1,4.0,16.154,60.988037999999996
G02_R0315,315,G02,100,20,1e-05,0.85,0.3,0.1,4.0,17.604,111.95730800000001
G02_R0316,316,G02,100,20,1e-05,0.8,0.1,0.1,4.0,15.086,29.344177000000002
G02_R0317,317,G02,100,20,1e-05,0.8,0.2,0.1,4.0,16.157,61.229662000000005
G02_R0318,318,G02,100,20,1e-05,0.8,0.3,0.1,4.0,17.608,112.426818
G02_R0319,319,G02,100,20,1e-05,0.75,0.1,0.1,4.0,15.088,29.440860999999998
G02_R0320,320,G02,100,20,1e-05,0.75,0.2,0.1,4.0,16.159,61.505249
G02_R0321,321,G02,100,20,1e-05,0.75,0.3,0.1,4.0,17.611,112.976283
G02_R0322,322,G02,100,20,1e-05,0.7,0.1,0.1,4.0,15.09,29.551511
G02_R0323,323,G02,100,20,1e-05,0.7,0.2,0.1,4.0,16.162,61.823792000000005
G02_R0324,324,G02,100,20,1e-05,0.7,0.3,0.1,4.0,17.615,113.605694
G02_R0325,325,G02,100,20,1e-06,0.85,0.1,0.1,4.0,15.123,101.357149
G02_R0326,326,G02,100,20,1e-06,0.85,0.2,0.1,4.0,16.196,323.78736999999995
G02_R0327,327,G02,100,20,1e-06,0.85,0.3,0.1,4.0,17.655,689.0162190000001
G02_R0328,328,G02,100,20,1e-06,0.8,0.1,0.1,4.0,15.123,101.647038
G02_R0329,329,G02,100,20,1e-06,0.8,0.2,0.1,4.0,16.197,324.567227
G02_R0330,330,G02,100,20,1e-06,0.8,0.3,0.1,4.0,17.656,690.5060410000001
G02_R0331,331,G02,100,20,1e-06,0.75,0.1,0.1,4.0,15.124,101.976919
G02_R0332,332,G02,100,20,1e-06,0.75,0.2,0.1,4.0,16.197,325.457074
G02_R0333,333,G02,100,20,1e-06,0.75,0.3,0.1,4.0,17.657,692.2158499999999
G02_R0334,334,G02,100,20,1e-06,0.7,0.1,0.1,4.0,15.124,102.346791
G02_R0335,335,G02,100,20,1e-06,0.7,0.2,0.1,4.0,16.198,326.476909
G02_R0336,336,G02,100,20,1e-06,0.7,0.3,0.1,4.0,17.658,694.205644
G02_R0337,337,G02,100,50,0.001,0.85,0.1,0.1,4.0,19.509,15.825312
G02_R0338,338,G02,100,50,0.001,0.85,0.2,0.1,4.0,20.997,22.513157999999997
G02_R0339,339,G02,100,50,0.001,0.85,0.3,0.1,4.0,22.578,32.596764
G02_R0340,340,G02,100,50,0.001,0.8,0.1,0.1,4.0,19.525,15.896324
G02_R0341,341,G02,100,50,0.001,0.8,0.2,0.1,4.0,21.018,22.644985000000002
G02_R0342,342,G02,100,50,0.001,0.8,0.3,0.1,4.0,22.606,32.82747
G02_R0343,343,G02,100,50,0.001,0.75,0.1,0.1,4.0,19.543,15.971260000000001
G02_R0344,344,G02,100,50,0.001,0.75,0.2,0.1,4.0,21.041,22.786710999999997
G02_R0345,345,G02,100,50,0.001,0.75,0.3,0.1,4.0,22.635,33.077067
G02_R0346,346,G02,100,50,0.001,0.7,0.1,0.1,4.0,19.561,16.052111
G02_R0347,347,G02,100,50,0.001,0.7,0.2,0.1,4.0,21.065,22.939321
G02_R0348,348,G02,100,50,0.001,0.7,0.3,0.1,4.0,22.666,33.347539999999995
G02_R0349,349,G02,100,50,0.0001,0.85,0.1,0.1,4.0,20.099,19.751915
G02_R0350,350,G02,100,50,0.0001,0.85,0.2,0.1,4.0,21.731,30.355149
G02_R0351,351,G02,100,50,0.0001,0.85,0.3,0.1,4.0,23.595,47.280382
G02_R0352,352,G02,100,50,0.0001,0.8,0.1,0.1,4.0,20.106,19.803175000000003
G02_R0353,353,G02,100,50,0.0001,0.8,0.2,0.1,4.0,21.741,30.468258000000002
G02_R0354,354,G02,100,50,0.0001,0.8,0.3,0.1,4.0,23.607,47.496340000000004
G02_R0355,355,G02,100,50,0.0001,0.75,0.1,0.1,4.0,20.113,19.85736
G02_R0356,356,G02,100,50,0.0001,0.75,0.2,0.1,4.0,21.751,30.593277999999998
G02_R0357,357,G02,100,50,0.0001,0.75,0.3,0.1,4.0,23.62,47.735192000000005
G02_R0358,358,G02,100,50,0.0001,0.7,0.1,0.1,4.0,20.121,19.915459
G02_R0359,359,G02,100,50,0.0001,0.7,0.2,0.1,4.0,21.762,30.732191999999998
G02_R0360,360,G02,100,50,0.0001,0.7,0.3,0.1,4.0,23.634,48.001920999999996
G02_R0361,361,G02,100,50,1e-05,0.85,0.1,0.1,4.0,20.259,29.258464999999998
G02_R0362,362,G02,100,50,1e-05,0.85,0.2,0.1,4.0,21.918,60.988037999999996
G02_R0363,363,G02,100,50,1e-05,0.85,0.3,0.1,4.0,23.848,111.95730800000001
G02_R0364,364,G02,100,50,1e-05,0.8,0.1,0.1,4.0,20.262,29.344177000000002
G02_R0365,365,G02,100,50,1e-05,0.8,0.2,0.1,4.0,21.922,61.229662000000005
G02_R0366,366,G02,100,50,1e-05,0.8,0.3,0.1,4.0,23.852,112.426818
G02_R0367,367,G02,100,50,1e-05,0.75,0.1,0.1,4.0,20.264,29.440860999999998
G02_R0368,368,G02,100,50,1e-05,0.75,0.2,0.1,4.0,21.925,61.505249
G02_R0369,369,G02,100,50,1e-05,0.75,0.3,0.1,4.0,23.857,112.976283
G02_R0370,370,G02,100,50,1e-05,0.7,0.1,0.1,4.0,20.267,29.551511
G02_R0371,371,G02,100,50,1e-05,0.7,0.2,0.1,4.0,21.928,61.823792000000005
G02_R0372,372,G02,100,50,1e-05,0.7,0.3,0.1,4.0,23.862,113.605694
G02_R0373,373,G02,100,50,1e-06,0.85,0.1,0.1,4.0,20.31,101.357149
G02_R0374,374,G02,100,50,1e-06,0.85,0.2,0.1,4.0,21.976,323.78736999999995
G02_R0375,375,G02,100,50,1e-06,0.85,0.3,0.1,4.0,23.919,689.0162190000001
G02_R0376,376,G02,100,50,1e-06,0.8,0.1,0.1,4.0,20.311,101.647038
G02_R0377,377,G02,100,50,1e-06,0.8,0.2,0.1,4.0,21.977,324.567227
G02_R0378,378,G02,100,50,1e-06,0.8,0.3,0.1,4.0,23.92,690.5060410000001
G02_R0379,379,G02,100,50,1e-06,0.75,0.1,0.1,4.0,20.311,101.976919
G02_R0380,380,G02,100,50,1e-06,0.75,0.2,0.1,4.0,21.977,325.457074
G02_R0381,381,G02,100,50,1e-06,0.75,0.3,0.1,4.0,23.922,692.2158499999999
G02_R0382,382,G02,100,50,1e-06,0.7,0.1,0.1,4.0,20.312,102.346791
G02_R0383,383,G02,100,50,1e-06,0.7,0.2,0.1,4.0,21.978,326.476909
G02_R0384,384,G02,100,50,1e-06,0.7,0.3,0.1,4.0,23.923,694.205644
G02_R0385,385,G02,250,3,0.001,0.85,0.1,0.1,4.0,10.903,45.716209
G02_R0386,386,G02,250,3,0.001,0.85,0.2,0.1,4.0,11.703,66.252958
G02_R0387,387,G02,250,3,0.001,0.85,0.3,0.1,4.0,12.688,97.300865
G02_R0388,388,G02,250,3,0.001,0.8,0.1,0.1,4.0,10.914,45.979940000000006
G02_R0389,389,G02,250,3,0.001,0.8,0.2,0.1,4.0,11.718,66.75246899999999
G02_R0390,390,G02,250,3,0.001,0.8,0.3,0.1,4.0,12.707,98.208165
G02_R0391,391,G02,250,3,0.001,0.75,0.1,0.1,4.0,10.926,46.263498
G02_R0392,392,G02,250,3,0.001,0.75,0.2,0.1,4.0,11.733,67.29077299999999
G02_R0393,393,G02,250,3,0.001,0.75,0.3,0.1,4.0,12.727,99.194275
G02_R0394,394,G02,250,3,0.001,0.7,0.1,0.1,4.0,10.938,46.566862
G02_R0395,395,G02,250,3,0.001,0.7,0.2,0.1,4.0,11.749,67.875852
G02_R0396,396,G02,250,3,0.001,0.7,0.3,0.1,4.0,12.747,100.27625
G02_R0397,397,G02,250,3,0.0001,0.85,0.1,0.1,4.0,11.15,56.479241
G02_R0398,398,G02,250,3,0.0001,0.85,0.2,0.1,4.0,11.982,88.083718
G02_R0399,399,G02,250,3,0.0001,0.85,0.3,0.1,4.0,13.106,138.21117999999998
G02_R0400,400,G02,250,3,0.0001,0.8,0.1,0.1,4.0,11.155,56.670659
G02_R0401,401,G02,250,3,0.0001,0.8,0.2,0.1,4.0,11.989,88.580876
G02_R0402,402,G02,250,3,0.0001,0.8,0.3,0.1,4.0,13.115,139.199103
G02_R0403,403,G02,250,3,0.0001,0.75,0.1,0.1,4.0,11.159,56.877924
G02_R0404,404,G02,250,3,0.0001,0.75,0.2,0.1,4.0,11.996,89.137857
G02_R0405,405,G02,250,3,0.0001,0.75,0.3,0.1,4.0,13.123,140.32682599999998
G02_R0406,406,G02,250,3,0.0001,0.7,0.1,0.1,4.0,11.164,57.108011000000005
G02_R0407,407,G02,250,3,0.0001,0.7,0.2,0.1,4.0,12.004,89.766632
G02_R0408,408,G02,250,3,0.0001,0.7,0.3,0.1,4.0,13.133,141.604319
G02_R0409,409,G02,250,3,1e-05,0.85,0.1,0.1,4.0,11.214,82.47537200000001
G02_R0410,410,G02,250,3,1e-05,0.85,0.2,0.1,4.0,12.017,170.49156
G02_R0411,411,G02,250,3,1e-05,0.85,0.3,0.1,4.0,13.169,310.83975999999996
G02_R0412,412,G02,250,3,1e-05,0.8,0.1,0.1,4.0,11.216,82.87273400000001
G02_R0413,413,G02,250,3,1e-05,0.8,0.2,0.1,4.0,12.02,171.74074000000002
G02_R0414,414,G02,250,3,1e-05,0.8,0.3,0.1,4.0,13.173,313.37872
G02_R0415,415,G02,250,3,1e-05,0.75,0.1,0.1,4.0,11.217,83.32803200000001
G02_R0416,416,G02,250,3,1e-05,0.75,0.2,0.1,4.0,12.023,173.16984000000002
G02_R0417,417,G02,250,3,1e-05,0.75,0.3,0.1,4.0,13.177,316.31758
G02_R0418,418,G02,250,3,1e-05,0.7,0.1,0.1,4.0,11.219,83.853257
G02_R0419,419,G02,250,3,1e-05,0.7,0.2,0.1,4.0,12.027,174.84886
G02_R0420,420,G02,250,3,1e-05,0.7,0.3,0.1,4.0,13.182,319.74633
G02_R0421,421,G02,250,3,1e-06,0.85,0.1,0.1,4.0,11.237,266.88079
G02_R0422,422,G02,250,3,1e-06,0.85,0.2,0.1,4.0,12.019,841.9586
G02_R0423,423,G02,250,3,1e-06,0.85,0.3,0.1,4.0,13.167,1783.55388
G02_R0424,424,G02,250,3,1e-06,0.8,0.1,0.1,4.0,11.237,268.210538
G02_R0425,425,G02,250,3,1e-06,0.8,0.2,0.1,4.0,12.019,845.99828
G02_R0426,426,G02,250,3,1e-06,0.8,0.3,0.1,4.0,13.168,1791.55349
G02_R0427,427,G02,250,3,1e-06,0.75,0.1,0.1,4.0,11.237,269.820268
G02_R0428,428,G02,250,3,1e-06,0.75,0.2,0.1,4.0,12.02,850.76793
G02_R0429,429,G02,250,3,1e-06,0.75,0.3,0.1,4.0,13.17,1800.9530599999998
G02_R0430,430,G02,250,3,1e-06,0.7,0.1,0.1,4.0,11.238,271.74998000000005
G02_R0431,431,G02,250,3,1e-06,0.7,0.2,0.1,4.0,12.022,856.36756
G02_R0432,432,G02,250,3,1e-06,0.7,0.3,0.1,4.0,13.172,1812.05261
G02_R0433,433,G02,250,6,0.001,0.85,0.1,0.1,4.0,13.385,45.716209
G02_R0434,434,G02,250,6,0.001,0.85,0.2,0.1,4.0,14.357,66.252958
G02_R0435,435,G02,250,6,0.001,0.85,0.3,0.1,4.0,15.538,97.300865
G02_R0436,436,G02,250,6,0.001,0.8,0.1,0.1,4.0,13.399,45.979940000000006
G02_R0437,437,G02,250,6,0.001,0.8,0.2,0.1,4.0,14.375,66.75246899999999
G02_R0438,438,G02,250,6,0.001,0.8,0.3,0.1,4.0,15.56,98.208165
G02_R0439,439,G02,250,6,0.001,0.75,0.1,0.1,4.0,13.413,46.263498
G02_R0440,440,G02,250,6,0.001,0.75,0.2,0.1,4.0,14.393,67.29077299999999
G02_R0441,441,G02,250,6,0.001,0.75,0.3,0.1,4.0,15.584,99.194275
G02_R0442,442,G02,250,6,0.001,0.7,0.1,0.1,4.0,13.429,46.566862
G02_R0443,443,G02,250,6,0.001,0.7,0.2,0.1,4.0,14.412,67.875852
G02_R0444,444,G02,250,6,0.001,0.7,0.3,0.1,4.0,15.608,100.27625
G02_R0445,445,G02,250,6,0.0001,0.85,0.1,0.1,4.0,13.68,56.479241
G02_R0446,446,G02,250,6,0.0001,0.85,0.2,0.1,4.0,14.683,88.083718
G02_R0447,447,G02,250,6,0.0001,0.85,0.3,0.1,4.0,16.027,138.21117999999998
G02_R0448,448,G02,250,6,0.0001,0.8,0.1,0.1,4.0,13.685,56.670659
G02_R0449,449,G02,250,6,0.0001,0.8,0.2,0.1,4.0,14.691,88.580876
G02_R0450,450,G02,250,6,0.0001,0.8,0.3,0.1,4.0,16.037,139.199103
G02_R0451,451,G02,250,6,0.0001,0.75,0.1,0.1,4.0,13.69,56.877924
G02_R0452,452,G02,250,6,0.0001,0.75,0.2,0.1,4.0,14.7,89.137857
G02_R0453,453,G02,250,6,0.0001,0.75,0.3,0.1,4.0,16.048,140.32682599999998
G02_R0454,454,G02,250,6,0.0001,0.7,0.1,0.1,4.0,13.696,57.108011000000005
G02_R0455,455,G02,250,6,0.0001,0.7,0.2,0.1,4.0,14.709,89.766632
G02_R0456,456,G02,250,6,0.0001,0.7,0.3,0.1,4.0,16.059,141.604319
G02_R0457,457,G02,250,6,1e-05,0.85,0.1,0.1,4.0,13.754,82.47537200000001
G02_R0458,458,G02,250,6,1e-05,0.85,0.2,0.1,4.0,14.719,170.49156
G02_R0459,459,G02,250,6,1e-05,0.85,0.3,0.1,4.0,16.095,310.83975999999996
G02_R0460,460,G02,250,6,1e-05,0.8,0.1,0.1,4.0,13.756,82.87273400000001
G02_R0461,461,G02,250,6,1e-05,0.8,0.2,0.1,4.0,14.722,171.74074000000002
G02_R0462,462,G02,250,6,1e-05,0.8,0.3,0.1,4.0,16.1,313.37872
G02_R0463,463,G02,250,6,1e-05,0.75,0.1,0.1,4.0,13.758,83.32803200000001
G02_R0464,464,G02,250,6,1e-05,0.75,0.2,0.1,4.0,14.726,173.16984000000002
G02_R0465,465,G02,250,6,1e-05,0.75,0.3,0.1,4.0,16.105,316.31758
G02_R0466,466,G02,250,6,1e-05,0.7,0.1,0.1,4.0,13.76,83.853257
G02_R0467,467,G02,250,6,1e-05,0.7,0.2,0.1,4.0,14.73,174.84886
G02_R0468,468,G02,250,6,1e-05,0.7,0.3,0.1,4.0,16.111,319.74633
G02_R0469,469,G02,250,6,1e-06,0.85,0.1,0.1,4.0,13.781,266.88079
G02_R0470,470,G02,250,6,1e-06,0.85,0.2,0.1,4.0,14.712,841.9586
G02_R0471,471,G02,250,6,1e-06,0.85,0.3,0.1,4.0,16.089,1783.55388
G02_R0472,472,G02,250,6,1e-06,0.8,0.1,0.1,4.0,13.782,268.210538
G02_R0473,473,G02,250,6,1e-06,0.8,0.2,0.1,4.0,14.713,845.99828
G02_R0474,474,G02,250,6,1e-06,0.8,0.3,0.1,4.0,16.091,1791.55349
G02_R0475,475,G02,250,6,1e-06,0.75,0.1,0.1,4.0,13.782,269.820268
G02_R0476,476,G02,250,6,1e-06,0.75,0.2,0.1,4.0,14.72,850.76793
G02_R0477,477,G02,250,6,1e-06,0.75,0.3,0.1,4.0,16.093,1800.9530599999998
G02_R0478,478,G02,250,6,1e-06,0.7,0.1,0.1,4.0,13.782,271.74998000000005
G02_R0479,479,G02,250,6,1e-06,0.7,0.2,0.1,4.0,14.722,856.36756
G02_R0480,480,G02,250,6,1e-06,0.7,0.3,0.1,4.0,16.095,1812.05261
G02_R0481,481,G02,250,20,0.001,0.85,0.1,0.1,4.0,19.763,45.716209
G02_R0482,482,G02,250,20,0.001,0.85,0.2,0.1,4.0,21.249,66.252958
G02_R0483,483,G02,250,20,0.001,0.85,0.3,0.1,4.0,22.973,97.300865
G02_R0484,484,G02,250,20,0.001,0.8,0.1,0.1,4.0,19.784,45.979940000000006
G02_R0485,485,G02,250,20,0.001,0.8,0.2,0.1,4.0,21.276,66.75246899999999
G02_R0486,486,G02,250,20,0.001,0.8,0.3,0.1,4.0,23.007,98.208165
G02_R0487,487,G02,250,20,0.001,0.75,0.1,0.1,4.0,19.806,46.263498
G02_R0488,488,G02,250,20,0.001,0.75,0.2,0.1,4.0,21.303,67.29077299999999
G02_R0489,489,G02,250,20,0.001,0.75,0.3,0.1,4.0,23.042,99.194275
G02_R0490,490,G02,250,20,0.001,0.7,0.1,0.1,4.0,19.83,46.566862
G02_R0491,491,G02,250,20,0.001,0.7,0.2,0.1,4.0,21.333,67.875852
G02_R0492,492,G02,250,20,0.001,0.7,0.3,0.1,4.0,23.079,100.27625
G02_R0493,493,G02,250,20,0.0001,0.85,0.1,0.1,4.0,20.206,56.479241
G02_R0494,494,G02,250,20,0.0001,0.85,0.2,0.1,4.0,21.745,88.083718
G02_R0495,495,G02,250,20,0.0001,0.85,0.3,0.1,4.0,23.774,138.21117999999998
G02_R0496,496,G02,250,20,0.0001,0.8,0.1,0.1,4.0,20.214,56.670659
G02_R0497,497,G02,250,20,0.0001,0.8,0.2,0.1,4.0,21.758,88.580876
G02_R0498,498,G02,250,20,0.0001,0.8,0.3,0.1,4.0,23.79,139.199103
G02_R0499,499,G02,250,20,0.0001,0.75,0.1,0.1,4.0,20.223,56.877924
G02_R0500,500,G02,250,20,0.0001,0.75,0.2,0.1,4.0,21.771,89.137857
G02_R0501,501,G02,250,20,0.0001,0.75,0.3,0.1,4.0,23.806,140.32682599999998
G02_R0502,502,G02,250,20,0.0001,0.7,0.1,0.1,4.0,20.232,57.108011000000005
G02_R0503,503,G02,250,20,0.0001,0.7,0.2,0.1,4.0,21.785,89.766632
G02_R0504,504,G02,250,20,0.0001,0.7,0.3,0.1,4.0,23.822,141.604319
G02_R0505,505,G02,250,20,1e-05,0.85,0.1,0.1,4.0,20.313,82.47537200000001
G02_R0506,506,G02,250,20,1e-05,0.85,0.2,0.1,4.0,21.791,170.49156
G02_R0507,507,G02,250,20,1e-05,0.85,0.3,0.1,4.0,23.872,310.83975999999996
G02_R0508,508,G02,250,20,1e-05,0.8,0.1,0.1,4.0,20.315,82.87273400000001
G02_R0509,509,G02,250,20,1e-05,0.8,0.2,0.1,4.0,21.797,171.74074000000002
G02_R0510,510,G02,250,20,1e-05,0.8,0.3,0.1,4.0,23.88,313.37872
G02_R0511,511,G02,250,20,1e-05,0.75,0.1,0.1,4.0,20.318,83.32803200000001
G02_R0512,512,G02,250,20,1e-05,0.75,0.2,0.1,4.0,21.803,173.16984000000002
G02_R0513,513,G02,250,20,1e-05,0.75,0.3,0.1,4.0,23.888,316.31758
G02_R0514,514,G02,250,20,1e-05,0.7,0.1,0.1,4.0,20.321,83.853257
G02_R0515,515,G02,250,20,1e-05,0.7,0.2,0.1,4.0,21.81,174.84886
G02_R0516,516,G02,250,20,1e-05,0.7,0.3,0.1,4.0,23.897,319.74633
G02_R0517,517,G02,250,20,1e-06,0.85,0.1,0.1,4.0,20.349,266.88079
G02_R0518,518,G02,250,20,1e-06,0.85,0.2,0.1,4.0,21.699,841.9586
G02_R0519,519,G02,250,20,1e-06,0.85,0.3,0.1,4.0,23.859,1783.55388
G02_R0520,520,G02,250,20,1e-06,0.8,0.1,0.1,4.0,20.35,268.210538
G02_R0521,521,G02,250,20,1e-06,0.8,0.2,0.1,4.0,21.701,845.99828
G02_R0522,522,G02,250,20,1e-06,0.8,0.3,0.1,4.0,23.862,1791.55349
G02_R0523,523,G02,250,20,1e-06,0.75,0.1,0.1,4.0,20.35,269.820268
G02_R0524,524,G02,250,20,1e-06,0.75,0.2,0.1,4.0,21.702,850.76793
G02_R0525,525,G02,250,20,1e-06,0.75,0.3,0.1,4.0,23.865,1800.9530599999998
G02_R0526,526,G02,250,20,1e-06,0.7,0.1,0.1,4.0,20.351,271.74998000000005
G02_R0527,527,G02,250,20,1e-06,0.7,0.2,0.1,4.0,21.705,856.36756
G02_R0528,528,G02,250,20,1e-06,0.7,0.3,0.1,4.0,23.869,1812.05261
G02_R0529,529,G02,250,50,0.001,0.85,0.1,0.1,4.0,27.239,45.716209
G02_R0530,530,G02,250,50,0.001,0.85,0.2,0.1,4.0,29.396,66.252958
G02_R0531,531,G02,250,50,0.001,0.85,0.3,0.1,4.0,31.817,97.300865
G02_R0532,532,G02,250,50,0.001,0.8,0.1,0.1,4.0,27.269,45.979940000000006
G02_R0533,533,G02,250,50,0.001,0.8,0.2,0.1,4.0,29.431,66.75246899999999
G02_R0534,534,G02,250,50,0.001,0.8,0.3,0.1,4.0,31.865,98.208165
G02_R0535,535,G02,250,50,0.001,0.75,0.1,0.1,4.0,27.3,46.263498
G02_R0536,536,G02,250,50,0.001,0.75,0.2,0.1,4.0,29.468,67.29077299999999
G02_R0537,537,G02,250,50,0.001,0.75,0.3,0.1,4.0,31.915,99.194275
G02_R0538,538,G02,250,50,0.001,0.7,0.1,0.1,4.0,27.333,46.566862
G02_R0539,539,G02,250,50,0.001,0.7,0.2,0.1,4.0,29.508,67.875852
G02_R0540,540,G02,250,50,0.001,0.7,0.3,0.1,4.0,31.966,100.27625
G02_R0541,541,G02,250,50,0.0001,0.85,0.1,0.1,4.0,27.88,56.479241
G02_R0542,542,G02,250,50,0.0001,0.85,0.2,0.1,4.0,30.123,88.083718
G02_R0543,543,G02,250,50,0.0001,0.85,0.3,0.1,4.0,32.954,138.21117999999998
G02_R0544,544,G02,250,50,0.0001,0.8,0.1,0.1,4.0,27.891,56.670659
G02_R0545,545,G02,250,50,0.0001,0.8,0.2,0.1,4.0,30.141,88.580876
G02_R0546,546,G02,250,50,0.0001,0.8,0.3,0.1,4.0,32.975,139.199103
G02_R0547,547,G02,250,50,0.0001,0.75,0.1,0.1,4.0,27.902,56.877924
G02_R0548,548,G02,250,50,0.0001,0.75,0.2,0.1,4.0,30.16,89.137857
G02_R0549,549,G02,250,50,0.0001,0.75,0.3,0.1,4.0,32.998,140.32682599999998
G02_R0550,550,G02,250,50,0.0001,0.7,0.1,0.1,4.0,27.915,57.108011000000005
G02_R0551,551,G02,250,50,0.0001,0.7,0.2,0.1,4.0,30.18,89.766632
G02_R0552,552,G02,250,50,0.0001,0.7,0.3,0.1,4.0,33.021,141.604319
G02_R0553,553,G02,250,50,1e-05,0.85,0.1,0.1,4.0,28.023,82.47537200000001
G02_R0554,554,G02,250,50,1e-05,0.85,0.2,0.1,4.0,30.182,170.49156
G02_R0555,555,G02,250,50,1e-05,0.85,0.3,0.1,4.0,33.07,310.83975999999996
G02_R0556,556,G02,250,50,1e-05,0.8,0.1,0.1,4.0,28.027,82.87273400000001
G02_R0557,557,G02,250,50,1e-05,0.8,0.2,0.1,4.0,30.189,171.74074000000002
G02_R0558,558,G02,250,50,1e-05,0.8,0.3,0.1,4.0,33.08,313.37872
G02_R0559,559,G02,250,50,1e-05,0.75,0.1,0.1,4.0,28.031,83.32803200000001
G02_R0560,560,G02,250,50,1e-05,0.75,0.2,0.1,4.0,30.198,173.16984000000002
G02_R0561,561,G02,250,50,1e-05,0.75,0.3,0.1,4.0,33.092,316.31758
G02_R0562,562,G02,250,50,1e-05,0.7,0.1,0.1,4.0,28.035,83.853257
G02_R0563,563,G02,250,50,1e-05,0.7,0.2,0.1,4.0,30.207,174.84886
G02_R0564,564,G02,250,50,1e-05,0.7,0.3,0.1,4.0,33.104,319.74633
G02_R0565,565,G02,250,50,1e-06,0.85,0.1,0.1,4.0,28.068,266.88079
G02_R0566,566,G02,250,50,1e-06,0.85,0.2,0.1,4.0,30.0,841.9586
G02_R0567,567,G02,250,50,1e-06,0.85,0.3,0.1,4.0,33.05,1783.55388
G02_R0568,568,G02,250,50,1e-06,0.8,0.1,0.1,4.0,28.069,268.210538
G02_R0569,569,G02,250,50,1e-06,0.8,0.2,0.1,4.0,30.003,845.99828
G02_R0570,570,G02,250,50,1e-06,0.8,0.3,0.1,4.0,33.054,1791.55349
G02_R0571,571,G02,250,50,1e-06,0.75,0.1,0.1,4.0,28.069,269.820268
G02_R0572,572,G02,250,50,1e-06,0.75,0.2,0.1,4.0,30.005,850.76793
G02_R0573,573,G02,250,50,1e-06,0.75,0.3,0.1,4.0,33.059,1800.9530599999998
G02_R0574,574,G02,250,50,1e-06,0.7,0.1,0.1,4.0,28.07,271.74998000000005
G02_R0575,575,G02,250,50,1e-06,0.7,0.2,0.1,4.0,30.008,856.36756
G02_R0576,576,G02,250,50,1e-06,0.7,0.3,0.1,4.0,33.064,1812.05261
G02_R0577,577,G02,500,3,0.001,0.85,0.1,0.1,4.0,13.603,111.502121
G02_R0578,578,G02,500,3,0.001,0.85,0.2,0.1,4.0,14.636,164.665982
G02_R0579,579,G02,500,3,0.001,0.85,0.3,0.1,4.0,15.929,244.34430999999998
G02_R0580,580,G02,500,3,0.001,0.8,0.1,0.1,4.0,13.618,112.26763199999999
G02_R0581,581,G02,500,3,0.001,0.8,0.2,0.1,4.0,14.654,166.161144
G02_R0582,582,G02,500,3,0.001,0.8,0.3,0.1,4.0,15.954,247.06893
G02_R0583,583,G02,500,3,0.001,0.75,0.1,0.1,4.0,13.633,113.082806
G02_R0584,584,G02,500,3,0.001,0.75,0.2,0.1,4.0,14.673,167.775959
G02_R0585,585,G02,500,3,0.001,0.75,0.3,0.1,4.0,15.98,250.05325
G02_R0586,586,G02,500,3,0.001,0.7,0.1,0.1,4.0,13.65,113.957727
G02_R0587,587,G02,500,3,0.001,0.7,0.2,0.1,4.0,14.693,169.54039
G02_R0588,588,G02,500,3,0.001,0.7,0.3,0.1,4.0,16.008,253.33725
G02_R0589,589,G02,500,3,0.0001,0.85,0.1,0.1,4.0,13.784,136.42487300000002
G02_R0590,590,G02,500,3,0.0001,0.85,0.2,0.1,4.0,14.794,216.84120000000001
G02_R0591,591,G02,500,3,0.0001,0.85,0.3,0.1,4.0,16.211,343.16717
G02_R0592,592,G02,500,3,0.0001,0.8,0.1,0.1,4.0,13.783,137.062055
G02_R0593,593,G02,500,3,0.0001,0.8,0.2,0.1,4.0,14.803,218.57809999999998
G02_R0594,594,G02,500,3,0.0001,0.8,0.3,0.1,4.0,16.222,346.68384
G02_R0595,595,G02,500,3,0.0001,0.75,0.1,0.1,4.0,13.789,137.74896999999999
G02_R0596,596,G02,500,3,0.0001,0.75,0.2,0.1,4.0,14.813,220.50471
G02_R0597,597,G02,500,3,0.0001,0.75,0.3,0.1,4.0,16.233,350.65023
G02_R0598,598,G02,500,3,0.0001,0.7,0.1,0.1,4.0,13.795,138.50558
G02_R0599,599,G02,500,3,0.0001,0.7,0.2,0.1,4.0,14.823,222.69099
G02_R0600,600,G02,500,3,0.0001,0.7,0.3,0.1,4.0,16.245,355.18631000000005
G02_R0601,601,G02,500,3,1e-05,0.85,0.1,0.1,4.0,13.799,196.46441000000002
G02_R0602,602,G02,500,3,1e-05,0.85,0.2,0.1,4.0,14.689,402.03798
G02_R0603,603,G02,500,3,1e-05,0.85,0.3,0.1,4.0,16.097,725.2446
G02_R0604,604,G02,500,3,1e-05,0.8,0.1,0.1,4.0,13.799,198.04323
G02_R0605,605,G02,500,3,1e-05,0.8,0.2,0.1,4.0,14.695,406.70653
G02_R0606,606,G02,500,3,1e-05,0.8,0.3,0.1,4.0,16.105,734.77295
G02_R0607,607,G02,500,3,1e-05,0.75,0.1,0.1,4.0,13.802,199.74195
G02_R0608,608,G02,500,3,1e-05,0.75,0.2,0.1,4.0,14.701,411.89493
G02_R0609,609,G02,500,3,1e-05,0.75,0.3,0.1,4.0,16.112,745.40116
G02_R0610,610,G02,500,3,1e-05,0.7,0.1,0.1,4.0,13.804,201.46053
G02_R0611,611,G02,500,3,1e-05,0.7,0.2,0.1,4.0,14.707,417.67317
G02_R0612,612,G02,500,3,1e-05,0.7,0.3,0.1,4.0,16.121,757.56923
G02_R0613,613,G02,500,3,1e-06,0.85,0.1,0.1,4.0,13.812,584.51482
G02_R0614,614,G02,500,3,1e-06,0.85,0.2,0.1,4.0,14.61,1801.76112
G02_R0615,615,G02,500,3,1e-06,0.85,0.3,0.1,4.0,16.001,3780.4105999999997
G02_R0616,616,G02,500,3,1e-06,0.8,0.1,0.1,4.0,13.813,589.45434
G02_R0617,617,G02,500,3,1e-06,0.8,0.2,0.1,4.0,14.613,1816.56051
G02_R0618,618,G02,500,3,1e-06,0.8,0.3,0.1,4.0,16.005,3810.10988
G02_R0619,619,G02,500,3,1e-06,0.75,0.1,0.1,4.0,13.813,595.28382
G02_R0620,620,G02,500,3,1e-06,0.75,0.2,0.1,4.0,14.615,1833.65986
G02_R0621,621,G02,500,3,1e-06,0.75,0.3,0.1,4.0,16.009,3844.50911
G02_R0622,622,G02,500,3,1e-06,0.7,0.1,0.1,4.0,13.813,601.52327
G02_R0623,623,G02,500,3,1e-06,0.7,0.2,0.1,4.0,14.618,1852.45917
G02_R0624,624,G02,500,3,1e-06,0.7,0.3,0.1,4.0,16.013,3883.10828
G02_R0625,625,G02,500,6,0.001,0.85,0.1,0.1,4.0,16.942,111.502121
G02_R0626,626,G02,500,6,0.001,0.85,0.2,0.1,4.0,18.254,164.665982
G02_R0627,627,G02,500,6,0.001,0.85,0.3,0.1,4.0,19.927,244.34430999999998
G02_R0628,628,G02,500,6,0.001,0.8,0.1,0.1,4.0,16.96,112.26763199999999
G02_R0629,629,G02,500,6,0.001,0.8,0.2,0.1,4.0,18.277,166.161144
G02_R0630,630,G02,500,6,0.001,0.8,0.3,0.1,4.0,19.96,247.06893
G02_R0631,631,G02,500,6,0.001,0.75,0.1,0.1,4.0,16.98,113.082806
G02_R0632,632,G02,500,6,0.001,0.75,0.2,0.1,4.0,18.301,167.775959
G02_R0633,633,G02,500,6,0.001,0.75,0.3,0.1,4.0,19.994,250.05325
G02_R0634,634,G02,500,6,0.001,0.7,0.1,0.1,4.0,17.0,113.957727
G02_R0635,635,G02,500,6,0.001,0.7,0.2,0.1,4.0,18.326,169.54039
G02_R0636,636,G02,500,6,0.001,0.7,0.3,0.1,4.0,20.029,253.33725
G02_R0637,637,G02,500,6,0.0001,0.85,0.1,0.1,4.0,17.168,136.42487300000002
G02_R0638,638,G02,500,6,0.0001,0.85,0.2,0.1,4.0,18.444,216.84120000000001
G02_R0639,639,G02,500,6,0.0001,0.85,0.3,0.1,4.0,20.253,343.16717
G02_R0640,640,G02,500,6,0.0001,0.8,0.1,0.1,4.0,17.147,137.062055
G02_R0641,641,G02,500,6,0.0001,0.8,0.2,0.1,4.0,18.455,218.57809999999998
G02_R0642,642,G02,500,6,0.0001,0.8,0.3,0.1,4.0,20.267,346.68384
G02_R0643,643,G02,500,6,0.0001,0.75,0.1,0.1,4.0,17.154,137.74896999999999
G02_R0644,644,G02,500,6,0.0001,0.75,0.2,0.1,4.0,18.467,220.50471
G02_R0645,645,G02,500,6,0.0001,0.75,0.3,0.1,4.0,20.282,350.65023
G02_R0646,646,G02,500,6,0.0001,0.7,0.1,0.1,4.0,17.163,138.50558
G02_R0647,647,G02,500,6,0.0001,0.7,0.2,0.1,4.0,18.48,222.69099
G02_R0648,648,G02,500,6,0.0001,0.7,0.3,0.1,4.0,20.298,355.18631000000005
G02_R0649,649,G02,500,6,1e-05,0.85,0.1,0.1,4.0,17.162,196.46441000000002
G02_R0650,650,G02,500,6,1e-05,0.85,0.2,0.1,4.0,18.262,402.03798
G02_R0651,651,G02,500,6,1e-05,0.85,0.3,0.1,4.0,20.023,725.2446
G02_R0652,652,G02,500,6,1e-05,0.8,0.1,0.1,4.0,17.156,198.04323
G02_R0653,653,G02,500,6,1e-05,0.8,0.2,0.1,4.0,18.269,406.70653
G02_R0654,654,G02,500,6,1e-05,0.8,0.3,0.1,4.0,20.033,734.77295
G02_R0655,655,G02,500,6,1e-05,0.75,0.1,0.1,4.0,17.159,199.74195
G02_R0656,656,G02,500,6,1e-05,0.75,0.2,0.1,4.0,18.272,411.89493
G02_R0657,657,G02,500,6,1e-05,0.75,0.3,0.1,4.0,20.042,745.40116
G02_R0658,658,G02,500,6,1e-05,0.7,0.1,0.1,4.0,17.161,201.46053
G02_R0659,659,G02,500,6,1e-05,0.7,0.2,0.1,4.0,18.279,417.67317
G02_R0660,660,G02,500,6,1e-05,0.7,0.3,0.1,4.0,20.053,757.56923
G02_R0661,661,G02,500,6,1e-06,0.85,0.1,0.1,4.0,17.179,584.51482
G02_R0662,662,G02,500,6,1e-06,0.85,0.2,0.1,4.0,18.157,1801.76112
G02_R0663,663,G02,500,6,1e-06,0.85,0.3,0.1,4.0,19.896,3780.4105999999997
G02_R0664,664,G02,500,6,1e-06,0.8,0.1,0.1,4.0,17.179,589.45434
G02_R0665,665,G02,500,6,1e-06,0.8,0.2,0.1,4.0,18.161,1816.56051
G02_R0666,666,G02,500,6,1e-06,0.8,0.3,0.1,4.0,19.901,3810.10988
G02_R0667,667,G02,500,6,1e-06,0.75,0.1,0.1,4.0,17.18,595.28382
G02_R0668,668,G02,500,6,1e-06,0.75,0.2,0.1,4.0,18.164,1833.65986
G02_R0669,669,G02,500,6,1e-06,0.75,0.3,0.1,4.0,19.906,3844.50911
G02_R0670,670,G02,500,6,1e-06,0.7,0.1,0.1,4.0,17.181,601.52327
G02_R0671,671,G02,500,6,1e-06,0.7,0.2,0.1,4.0,18.168,1852.45917
G02_R0672,672,G02,500,6,1e-06,0.7,0.3,0.1,4.0,19.911,3883.10828
G02_R0673,673,G02,500,20,0.001,0.85,0.1,0.1,4.0,25.548,111.502121
G02_R0674,674,G02,500,20,0.001,0.85,0.2,0.1,4.0,27.805,164.66598100000002
G02_R0675,675,G02,500,20,0.001,0.85,0.3,0.1,4.0,30.376,244.34430999999998
G02_R0676,676,G02,500,20,0.001,0.8,0.1,0.1,4.0,25.579,112.26763199999999
G02_R0677,677,G02,500,20,0.001,0.8,0.2,0.1,4.0,27.841,166.161144
G02_R0678,678,G02,500,20,0.001,0.8,0.3,0.1,4.0,30.429,247.06893
G02_R0679,679,G02,500,20,0.001,0.75,0.1,0.1,4.0,25.611,113.082806
G02_R0680,680,G02,500,20,0.001,0.75,0.2,0.1,4.0,27.878,167.775959
G02_R0681,681,G02,500,20,0.001,0.75,0.3,0.1,4.0,30.483,250.05325
G02_R0682,682,G02,500,20,0.001,0.7,0.1,0.1,4.0,25.646,113.957727
G02_R0683,683,G02,500,20,0.001,0.7,0.2,0.1,4.0,27.916,169.54039
G02_R0684,684,G02,500,20,0.001,0.7,0.3,0.1,4.0,30.543,253.33725
G02_R0685,685,G02,500,20,0.0001,0.85,0.1,0.1,4.0,25.901,136.42487300000002
G02_R0686,686,G02,500,20,0.0001,0.85,0.2,0.1,4.0,28.043,216.84120000000001
G02_R0687,687,G02,500,20,0.0001,0.85,0.3,0.1,4.0,30.925,343.16717
G02_R0688,688,G02,500,20,0.0001,0.8,0.1,0.1,4.0,25.775,137.062055
G02_R0689,689,G02,500,20,0.0001,0.8,0.2,0.1,4.0,28.061,218.57809999999998
G02_R0690,690,G02,500,20,0.0001,0.8,0.3,0.1,4.0,30.948,346.68384
G02_R0691,691,G02,500,20,0.0001,0.75,0.1,0.1,4.0,25.787,137.74896999999999
G02_R0692,692,G02,500,20,0.0001,0.75,0.2,0.1,4.0,28.081,220.50471
G02_R0693,693,G02,500,20,0.0001,0.75,0.3,0.1,4.0,30.97,350.65023
G02_R0694,694,G02,500,20,0.0001,0.7,0.1,0.1,4.0,25.801,138.50558
G02_R0695,695,G02,500,20,0.0001,0.7,0.2,0.1,4.0,28.102,222.69099
G02_R0696,696,G02,500,20,0.0001,0.7,0.3,0.1,4.0,30.994,355.18631000000005
G02_R0697,697,G02,500,20,1e-05,0.85,0.1,0.1,4.0,25.803,196.46441000000002
G02_R0698,698,G02,500,20,1e-05,0.85,0.2,0.1,4.0,27.596,402.03798
G02_R0699,699,G02,500,20,1e-05,0.85,0.3,0.1,4.0,30.322,725.2446
G02_R0700,700,G02,500,20,1e-05,0.8,0.1,0.1,4.0,25.792,198.04323
G02_R0701,701,G02,500,20,1e-05,0.8,0.2,0.1,4.0,27.583,406.78652
G02_R0702,702,G02,500,20,1e-05,0.8,0.3,0.1,4.0,30.337,734.77295
G02_R0703,703,G02,500,20,1e-05,0.75,0.1,0.1,4.0,25.797,199.74195
G02_R0704,704,G02,500,20,1e-05,0.75,0.2,0.1,4.0,27.594,411.89493
G02_R0705,705,G02,500,20,1e-05,0.75,0.3,0.1,4.0,30.352,745.40116
G02_R0706,706,G02,500,20,1e-05,0.7,0.1,0.1,4.0,25.801,201.46053
G02_R0707,707,G02,500,20,1e-05,0.7,0.2,0.1,4.0,27.606,417.67317
G02_R0708,708,G02,500,20,1e-05,0.7,0.3,0.1,4.0,30.368,757.56923
G02_R0709,709,G02,500,20,1e-06,0.85,0.1,0.1,4.0,25.832,584.51482
G02_R0710,710,G02,500,20,1e-06,0.85,0.2,0.1,4.0,27.429,1801.76112
G02_R0711,711,G02,500,20,1e-06,0.85,0.3,0.1,4.0,30.119,3780.4105999999997
G02_R0712,712,G02,500,20,1e-06,0.8,0.1,0.1,4.0,25.832,589.45434
G02_R0713,713,G02,500,20,1e-06,0.8,0.2,0.1,4.0,27.434,1816.56051
G02_R0714,714,G02,500,20,1e-06,0.8,0.3,0.1,4.0,30.126,3810.10988
G02_R0715,715,G02,500,20,1e-06,0.75,0.1,0.1,4.0,25.833,595.28382
G02_R0716,716,G02,500,20,1e-06,0.75,0.2,0.1,4.0,27.44,1833.65986
G02_R0717,717,G02,500,20,1e-06,0.75,0.3,0.1,4.0,30.135,3844.50911
G02_R0718,718,G02,500,20,1e-06,0.7,0.1,0.1,4.0,25.834,601.52327
G02_R0719,719,G02,500,20,1e-06,0.7,0.2,0.1,4.0,27.446,1852.45917
G02_R0720,720,G02,500,20,1e-06,0.7,0.3,0.1,4.0,30.143,3883.10828
G02_R0721,721,G02,500,50,0.001,0.85,0.1,0.1,4.0,35.425,111.502121
G02_R0722,722,G02,500,50,0.001,0.85,0.2,0.1,4.0,38.504,164.66598100000002
G02_R0723,723,G02,500,50,0.001,0.85,0.3,0.1,4.0,42.017,244.34430999999998
G02_R0724,724,G02,500,50,0.001,0.8,0.1,0.1,4.0,35.464,112.26763199999999
G02_R0725,725,G02,500,50,0.001,0.8,0.2,0.1,4.0,38.557,166.161144
G02_R0726,726,G02,500,50,0.001,0.8,0.3,0.1,4.0,42.089,247.06893
G02_R0727,727,G02,500,50,0.001,0.75,0.1,0.1,4.0,35.246,113.08280500000001
G02_R0728,728,G02,500,50,0.001,0.75,0.2,0.1,4.0,38.608,167.775959
G02_R0729,729,G02,500,50,0.001,0.75,0.3,0.1,4.0,42.161,250.05325
G02_R0730,730,G02,500,50,0.001,0.7,0.1,0.1,4.0,35.29,113.95772600000001
G02_R0731,731,G02,500,50,0.001,0.7,0.2,0.1,4.0,38.661,169.54039
G02_R0732,732,G02,500,50,0.001,0.7,0.3,0.1,4.0,42.236,253.33725
G02_R0733,733,G02,500,50,0.0001,0.85,0.1,0.1,4.0,35.682,136.434869
G02_R0734,734,G02,500,50,0.0001,0.85,0.2,0.1,4.0,38.736,216.84120000000001
G02_R0735,735,G02,500,50,0.0001,0.85,0.3,0.1,4.0,42.417,343.16717
G02_R0736,736,G02,500,50,0.0001,0.8,0.1,0.1,4.0,35.699,137.062055
G02_R0737,737,G02,500,50,0.0001,0.8,0.2,0.1,4.0,38.445,218.58809
G02_R0738,738,G02,500,50,0.0001,0.8,0.3,0.1,4.0,42.447,346.68384
G02_R0739,739,G02,500,50,0.0001,0.75,0.1,0.1,4.0,35.716,137.74896999999999
G02_R0740,740,G02,500,50,0.0001,0.75,0.2,0.1,4.0,38.787,220.50471
G02_R0741,741,G02,500,50,0.0001,0.75,0.3,0.1,4.0,42.477,350.65023
G02_R0742,742,G02,500,50,0.0001,0.7,0.1,0.1,4.0,35.735,138.50558
G02_R0743,743,G02,500,50,0.0001,0.7,0.2,0.1,4.0,38.814,222.69099
G02_R0744,744,G02,500,50,0.0001,0.7,0.3,0.1,4.0,42.507,355.18631000000005
G02_R0745,745,G02,500,50,1e-05,0.85,0.1,0.1,4.0,35.553,196.51441
G02_R0746,746,G02,500,50,1e-05,0.85,0.2,0.1,4.0,38.158,402.03798
G02_R0747,747,G02,500,50,1e-05,0.85,0.3,0.1,4.0,41.65,725.2446
G02_R0748,748,G02,500,50,1e-05,0.8,0.1,0.1,4.0,35.553,198.06323
G02_R0749,749,G02,500,50,1e-05,0.8,0.2,0.1,4.0,38.067,406.82651999999996
G02_R0750,750,G02,500,50,1e-05,0.8,0.3,0.1,4.0,41.67,734.77295
G02_R0751,751,G02,500,50,1e-05,0.75,0.1,0.1,4.0,35.593,199.77195
G02_R0752,752,G02,500,50,1e-05,0.75,0.2,0.1,4.0,38.065,411.94493
G02_R0753,753,G02,500,50,1e-05,0.75,0.3,0.1,4.0,41.69,745.40116
G02_R0754,754,G02,500,50,1e-05,0.7,0.1,0.1,4.0,35.596,201.50053
G02_R0755,755,G02,500,50,1e-05,0.7,0.2,0.1,4.0,38.088,417.71317000000005
G02_R0756,756,G02,500,50,1e-05,0.7,0.3,0.1,4.0,41.711,757.56923
G02_R0757,757,G02,500,50,1e-06,0.85,0.1,0.1,4.0,35.597,584.52482
G02_R0758,758,G02,500,50,1e-06,0.85,0.2,0.1,4.0,37.948,1801.76112
G02_R0759,759,G02,500,50,1e-06,0.85,0.3,0.1,4.0,41.371,3780.4105999999997
G02_R0760,760,G02,500,50,1e-06,0.8,0.1,0.1,4.0,35.598,589.46434
G02_R0761,761,G02,500,50,1e-06,0.8,0.2,0.1,4.0,37.954,1816.56051
G02_R0762,762,G02,500,50,1e-06,0.8,0.3,0.1,4.0,41.38,3810.10988
G02_R0763,763,G02,500,50,1e-06,0.75,0.1,0.1,4.0,35.599,595.30382
G02_R0764,764,G02,500,50,1e-06,0.75,0.2,0.1,4.0,37.962,1833.65986
G02_R0765,765,G02,500,50,1e-06,0.75,0.3,0.1,4.0,41.39,3844.50911
G02_R0766,766,G02,500,50,1e-06,0.7,0.1,0.1,4.0,35.601,601.54327
G02_R0767,767,G02,500,50,1e-06,0.7,0.2,0.1,4.0,37.969,1852.45917
G02_R0768,768,G02,500,50,1e-06,0.7,0.3,0.1,4.0,41.401,3883.10828
G03_R0001,1,G03,25,3,0.001,0.85,0.1,0.1,5.0,6.6568,3.6378386000000003
G03_R0002,2,G03,25,3,0.001,0.85,0.2,0.1,5.0,7.1798,5.1213678
G03_R0003,3,G03,25,3,0.001,0.85,0.3,0.1,5.0,7.7918,7.3354140999999995
G03_R0004,4,G03,25,3,0.001,0.8,0.1,0.1,5.0,6.6617,3.6500287
G03_R0005,5,G03,25,3,0.001,0.8,0.2,0.1,5.0,7.1867,5.1449592
G03_R0006,6,G03,25,3,0.001,0.8,0.3,0.1,5.0,7.7997,7.3738426
G03_R0007,7,G03,25,3,0.001,0.75,0.1,0.1,5.0,6.6668,3.662894
G03_R0008,8,G03,25,3,0.001,0.75,0.2,0.1,5.0,7.1939,5.1698109
G03_R0009,9,G03,25,3,0.001,0.75,0.3,0.1,5.0,7.808,7.4147238
G03_R0010,10,G03,25,3,0.001,0.7,0.1,0.1,5.0,6.6722,3.6763312999999997
G03_R0011,11,G03,25,3,0.001,0.7,0.2,0.1,5.0,7.2015,5.1961174
G03_R0012,12,G03,25,3,0.001,0.7,0.3,0.1,5.0,7.8169,7.458351
G03_R0013,13,G03,25,3,0.0001,0.85,0.1,0.1,5.0,6.9677,4.579352
G03_R0014,14,G03,25,3,0.0001,0.85,0.2,0.1,5.0,7.5865,6.9865268
G03_R0015,15,G03,25,3,0.0001,0.85,0.3,0.1,5.0,8.3925,10.846987
G03_R0016,16,G03,25,3,0.0001,0.8,0.1,0.1,5.0,6.9706,4.589120599999999
G03_R0017,17,G03,25,3,0.0001,0.8,0.2,0.1,5.0,7.5901,7.0045505
G03_R0018,18,G03,25,3,0.0001,0.8,0.3,0.1,5.0,8.3971,10.877645
G03_R0019,19,G03,25,3,0.0001,0.75,0.1,0.1,5.0,6.9736,4.5994654
G03_R0020,20,G03,25,3,0.0001,0.75,0.2,0.1,5.0,7.5939,7.0239448
G03_R0021,21,G03,25,3,0.0001,0.75,0.3,0.1,5.0,8.4018,10.911267
G03_R0022,22,G03,25,3,0.0001,0.7,0.1,0.1,5.0,6.9767,4.6104826
G03_R0023,23,G03,25,3,0.0001,0.7,0.2,0.1,5.0,7.5978,7.0450047
G03_R0024,24,G03,25,3,0.0001,0.7,0.3,0.1,5.0,8.4067,10.948847
G03_R0025,25,G03,25,3,1e-05,0.85,0.1,0.1,5.0,7.0524,6.855265
G03_R0026,26,G03,25,3,1e-05,0.85,0.2,0.1,5.0,7.7017,14.364125000000001
G03_R0027,27,G03,25,3,1e-05,0.85,0.3,0.1,5.0,8.5592,26.454431
G03_R0028,28,G03,25,3,1e-05,0.8,0.1,0.1,5.0,7.0535,6.866778
G03_R0029,29,G03,25,3,1e-05,0.8,0.2,0.1,5.0,7.703,14.390005
G03_R0030,30,G03,25,3,1e-05,0.8,0.3,0.1,5.0,8.5608,26.501281
G03_R0031,31,G03,25,3,1e-05,0.75,0.1,0.1,5.0,7.0545,6.879683
G03_R0032,32,G03,25,3,1e-05,0.75,0.2,0.1,5.0,7.7043,14.418874
G03_R0033,33,G03,25,3,1e-05,0.75,0.3,0.1,5.0,8.5626,26.554117
G03_R0034,34,G03,25,3,1e-05,0.7,0.1,0.1,5.0,7.0557,6.8940779999999995
G03_R0035,35,G03,25,3,1e-05,0.7,0.2,0.1,5.0,7.7057,14.45173
G03_R0036,36,G03,25,3,1e-05,0.7,0.3,0.1,5.0,8.5643,26.613936
G03_R0037,37,G03,25,3,1e-06,0.85,0.1,0.1,5.0,7.0786,24.692514
G03_R0038,38,G03,25,3,1e-06,0.85,0.2,0.1,5.0,7.7365,79.401471
G03_R0039,39,G03,25,3,1e-06,0.85,0.3,0.1,5.0,8.6077,169.27115799999999
G03_R0040,40,G03,25,3,1e-06,0.8,0.1,0.1,5.0,7.0789,24.743481
G03_R0041,41,G03,25,3,1e-06,0.8,0.2,0.1,5.0,7.7368,79.502428
G03_R0042,42,G03,25,3,1e-06,0.8,0.3,0.1,5.0,8.608,169.44110500000002
G03_R0043,43,G03,25,3,1e-06,0.75,0.1,0.1,5.0,7.0792,24.798445
G03_R0044,44,G03,25,3,1e-06,0.75,0.2,0.1,5.0,7.7371,79.615382
G03_R0045,45,G03,25,3,1e-06,0.75,0.3,0.1,5.0,8.6084,169.631047
G03_R0046,46,G03,25,3,1e-06,0.7,0.1,0.1,5.0,7.0795,24.858406
G03_R0047,47,G03,25,3,1e-06,0.7,0.2,0.1,5.0,7.7375,79.741332
G03_R0048,48,G03,25,3,1e-06,0.7,0.3,0.1,5.0,8.6088,169.84098600000002
G03_R0049,49,G03,25,6,0.001,0.85,0.1,0.1,5.0,7.3313,3.6378386000000003
G03_R0050,50,G03,25,6,0.001,0.85,0.2,0.1,5.0,7.9064,5.1213678
G03_R0051,51,G03,25,6,0.001,0.85,0.3,0.1,5.0,8.5726,7.3354140999999995
G03_R0052,52,G03,25,6,0.001,0.8,0.1,0.1,5.0,7.3364,3.6500287
G03_R0053,53,G03,25,6,0.001,0.8,0.2,0.1,5.0,7.9137,5.1449592
G03_R0054,54,G03,25,6,0.001,0.8,0.3,0.1,5.0,8.581,7.3738426
G03_R0055,55,G03,25,6,0.001,0.75,0.1,0.1,5.0,7.3417,3.662894
G03_R0056,56,G03,25,6,0.001,0.75,0.2,0.1,5.0,7.9212,5.1698109
G03_R0057,57,G03,25,6,0.001,0.75,0.3,0.1,5.0,8.5899,7.4147238
G03_R0058,58,G03,25,6,0.001,0.7,0.1,0.1,5.0,7.3472,3.6763312999999997
G03_R0059,59,G03,25,6,0.001,0.7,0.2,0.1,5.0,7.9292,5.1961174
G03_R0060,60,G03,25,6,0.001,0.7,0.3,0.1,5.0,8.5994,7.458351
G03_R0061,61,G03,25,6,0.0001,0.85,0.1,0.1,5.0,7.6425,4.579352
G03_R0062,62,G03,25,6,0.0001,0.85,0.2,0.1,5.0,8.3077,6.9865268
G03_R0063,63,G03,25,6,0.0001,0.85,0.3,0.1,5.0,9.1569,10.846987
G03_R0064,64,G03,25,6,0.0001,0.8,0.1,0.1,5.0,7.6454,4.589120599999999
G03_R0065,65,G03,25,6,0.0001,0.8,0.2,0.1,5.0,8.3114,7.0045505
G03_R0066,66,G03,25,6,0.0001,0.8,0.3,0.1,5.0,9.1616,10.877645
G03_R0067,67,G03,25,6,0.0001,0.75,0.1,0.1,5.0,7.6484,4.5994654
G03_R0068,68,G03,25,6,0.0001,0.75,0.2,0.1,5.0,8.3152,7.0239448
G03_R0069,69,G03,25,6,0.0001,0.75,0.3,0.1,5.0,9.1663,10.911267
G03_R0070,70,G03,25,6,0.0001,0.7,0.1,0.1,5.0,7.6515,4.6104826
G03_R0071,71,G03,25,6,0.0001,0.7,0.2,0.1,5.0,8.3191,7.0450047
G03_R0072,72,G03,25,6,0.0001,0.7,0.3,0.1,5.0,9.1713,10.948847
G03_R0073,73,G03,25,6,1e-05,0.85,0.1,0.1,5.0,7.7271,6.855265
G03_R0074,74,G03,25,6,1e-05,0.85,0.2,0.1,5.0,8.4212,14.364125000000001
G03_R0075,75,G03,25,6,1e-05,0.85,0.3,0.1,5.0,9.3182,26.454431
G03_R0076,76,G03,25,6,1e-05,0.8,0.1,0.1,5.0,7.7281,6.866778
G03_R0077,77,G03,25,6,1e-05,0.8,0.2,0.1,5.0,8.4225,14.390005
G03_R0078,78,G03,25,6,1e-05,0.8,0.3,0.1,5.0,9.3199,26.501281
G03_R0079,79,G03,25,6,1e-05,0.75,0.1,0.1,5.0,7.7292,6.879683
G03_R0080,80,G03,25,6,1e-05,0.75,0.2,0.1,5.0,8.4238,14.418874
G03_R0081,81,G03,25,6,1e-05,0.75,0.3,0.1,5.0,9.3216,26.554117
G03_R0082,82,G03,25,6,1e-05,0.7,0.1,0.1,5.0,7.7303,6.8940779999999995
G03_R0083,83,G03,25,6,1e-05,0.7,0.2,0.1,5.0,8.4252,14.45173
G03_R0084,84,G03,25,6,1e-05,0.7,0.3,0.1,5.0,9.3234,26.613936
G03_R0085,85,G03,25,6,1e-06,0.85,0.1,0.1,5.0,7.7533,24.692514
G03_R0086,86,G03,25,6,1e-06,0.85,0.2,0.1,5.0,8.4557,79.401471
G03_R0087,87,G03,25,6,1e-06,0.85,0.3,0.1,5.0,9.3654,169.27115799999999
G03_R0088,88,G03,25,6,1e-06,0.8,0.1,0.1,5.0,7.7536,24.743481
G03_R0089,89,G03,25,6,1e-06,0.8,0.2,0.1,5.0,8.456,79.502428
G03_R0090,90,G03,25,6,1e-06,0.8,0.3,0.1,5.0,9.3658,169.44110500000002
G03_R0091,91,G03,25,6,1e-06,0.75,0.1,0.1,5.0,7.7538,24.798445
G03_R0092,92,G03,25,6,1e-06,0.75,0.2,0.1,5.0,8.4563,79.615382
G03_R0093,93,G03,25,6,1e-06,0.75,0.3,0.1,5.0,9.3661,169.631047
G03_R0094,94,G03,25,6,1e-06,0.7,0.1,0.1,5.0,7.7541,24.858406
G03_R0095,95,G03,25,6,1e-06,0.7,0.2,0.1,5.0,8.4566,79.741332
G03_R0096,96,G03,25,6,1e-06,0.7,0.3,0.1,5.0,9.3665,169.84098600000002
G03_R0097,97,G03,25,20,0.001,0.85,0.1,0.1,5.0,9.5777,3.6378386000000003
G03_R0098,98,G03,25,20,0.001,0.85,0.2,0.1,5.0,10.262,5.1213678
G03_R0099,99,G03,25,20,0.001,0.85,0.3,0.1,5.0,11.054,7.3354140999999995
G03_R0100,100,G03,25,20,0.001,0.8,0.1,0.1,5.0,9.5837,3.6500287
G03_R0101,101,G03,25,20,0.001,0.8,0.2,0.1,5.0,10.271,5.1449592
G03_R0102,102,G03,25,20,0.001,0.8,0.3,0.1,5.0,11.064,7.3738426
G03_R0103,103,G03,25,20,0.001,0.75,0.1,0.1,5.0,9.5899,3.662894
G03_R0104,104,G03,25,20,0.001,0.75,0.2,0.1,5.0,10.28,5.1698109
G03_R0105,105,G03,25,20,0.001,0.75,0.3,0.1,5.0,11.074,7.4147238
G03_R0106,106,G03,25,20,0.001,0.7,0.1,0.1,5.0,9.5965,3.6763312999999997
G03_R0107,107,G03,25,20,0.001,0.7,0.2,0.1,5.0,10.289,5.1961174
G03_R0108,108,G03,25,20,0.001,0.7,0.3,0.1,5.0,11.086,7.458351
G03_R0109,109,G03,25,20,0.0001,0.85,0.1,0.1,5.0,9.9303,4.579352
G03_R0110,110,G03,25,20,0.0001,0.85,0.2,0.1,5.0,10.704,6.9865268
G03_R0111,111,G03,25,20,0.0001,0.85,0.3,0.1,5.0,11.678,10.846987
G03_R0112,112,G03,25,20,0.0001,0.8,0.1,0.1,5.0,9.9336,4.589120599999999
G03_R0113,113,G03,25,20,0.0001,0.8,0.2,0.1,5.0,10.709,7.0045505
G03_R0114,114,G03,25,20,0.0001,0.8,0.3,0.1,5.0,11.684,10.877645
G03_R0115,115,G03,25,20,0.0001,0.75,0.1,0.1,5.0,9.9371,4.5994654
G03_R0116,116,G03,25,20,0.0001,0.75,0.2,0.1,5.0,10.713,7.0239448
G03_R0117,117,G03,25,20,0.0001,0.75,0.3,0.1,5.0,11.689,10.911267
G03_R0118,118,G03,25,20,0.0001,0.7,0.1,0.1,5.0,9.9407,4.6104826
G03_R0119,119,G03,25,20,0.0001,0.7,0.2,0.1,5.0,10.717,7.0450047
G03_R0120,120,G03,25,20,0.0001,0.7,0.3,0.1,5.0,11.695,10.948847
G03_R0121,121,G03,25,20,1e-05,0.85,0.1,0.1,5.0,10.026,6.855265
G03_R0122,122,G03,25,20,1e-05,0.85,0.2,0.1,5.0,10.829,14.364125000000001
G03_R0123,123,G03,25,20,1e-05,0.85,0.3,0.1,5.0,11.85,26.454431
G03_R0124,124,G03,25,20,1e-05,0.8,0.1,0.1,5.0,10.027,6.866778
G03_R0125,125,G03,25,20,1e-05,0.8,0.2,0.1,5.0,10.831,14.390005
G03_R0126,126,G03,25,20,1e-05,0.8,0.3,0.1,5.0,11.852,26.501281
G03_R0127,127,G03,25,20,1e-05,0.75,0.1,0.1,5.0,10.028,6.879683
G03_R0128,128,G03,25,20,1e-05,0.75,0.2,0.1,5.0,10.832,14.418874
G03_R0129,129,G03,25,20,1e-05,0.75,0.3,0.1,5.0,11.854,26.554117
G03_R0130,130,G03,25,20,1e-05,0.7,0.1,0.1,5.0,10.029,6.8940779999999995
G03_R0131,131,G03,25,20,1e-05,0.7,0.2,0.1,5.0,10.834,14.45173
G03_R0132,132,G03,25,20,1e-05,0.7,0.3,0.1,5.0,11.856,26.613936
G03_R0133,133,G03,25,20,1e-06,0.85,0.1,0.1,5.0,10.055,24.692514
G03_R0134,134,G03,25,20,1e-06,0.85,0.2,0.1,5.0,10.867,79.401471
G03_R0135,135,G03,25,20,1e-06,0.85,0.3,0.1,5.0,11.901,169.27115799999999
G03_R0136,136,G03,25,20,1e-06,0.8,0.1,0.1,5.0,10.056,24.743481
G03_R0137,137,G03,25,20,1e-06,0.8,0.2,0.1,5.0,10.867,79.502428
G03_R0138,138,G03,25,20,1e-06,0.8,0.3,0.1,5.0,11.901,169.44110500000002
G03_R0139,139,G03,25,20,1e-06,0.75,0.1,0.1,5.0,10.056,24.798445
G03_R0140,140,G03,25,20,1e-06,0.75,0.2,0.1,5.0,10.868,79.615382
G03_R0141,141,G03,25,20,1e-06,0.75,0.3,0.1,5.0,11.902,169.631047
G03_R0142,142,G03,25,20,1e-06,0.7,0.1,0.1,5.0,10.056,24.858406
G03_R0143,143,G03,25,20,1e-06,0.7,0.2,0.1,5.0,10.868,79.741332
G03_R0144,144,G03,25,20,1e-06,0.7,0.3,0.1,5.0,11.902,169.84098600000002
G03_R0145,145,G03,25,50,0.001,0.85,0.1,0.1,5.0,12.435,3.6378386000000003
G03_R0146,146,G03,25,50,0.001,0.85,0.2,0.1,5.0,13.288,5.1213678
G03_R0147,147,G03,25,50,0.001,0.85,0.3,0.1,5.0,14.269,7.3354140999999995
G03_R0148,148,G03,25,50,0.001,0.8,0.1,0.1,5.0,12.442,3.6500287
G03_R0149,149,G03,25,50,0.001,0.8,0.2,0.1,5.0,13.299,5.1449592
G03_R0150,150,G03,25,50,0.001,0.8,0.3,0.1,5.0,14.281,7.3738426
G03_R0151,151,G03,25,50,0.001,0.75,0.1,0.1,5.0,12.45,3.662894
G03_R0152,152,G03,25,50,0.001,0.75,0.2,0.1,5.0,13.31,5.1698109
G03_R0153,153,G03,25,50,0.001,0.75,0.3,0.1,5.0,14.295,7.4147238
G03_R0154,154,G03,25,50,0.001,0.7,0.1,0.1,5.0,12.459,3.6763312999999997
G03_R0155,155,G03,25,50,0.001,0.7,0.2,0.1,5.0,13.322,5.1961174
G03_R0156,156,G03,25,50,0.001,0.7,0.3,0.1,5.0,14.309,7.458351
G03_R0157,157,G03,25,50,0.0001,0.85,0.1,0.1,5.0,12.874,4.579352
G03_R0158,158,G03,25,50,0.0001,0.85,0.2,0.1,5.0,13.833,6.9865268
G03_R0159,159,G03,25,50,0.0001,0.85,0.3,0.1,5.0,15.029,10.846987
G03_R0160,160,G03,25,50,0.0001,0.8,0.1,0.1,5.0,12.878,4.589120599999999
G03_R0161,161,G03,25,50,0.0001,0.8,0.2,0.1,5.0,13.838,7.0045505
G03_R0162,162,G03,25,50,0.0001,0.8,0.3,0.1,5.0,15.036,10.877645
G03_R0163,163,G03,25,50,0.0001,0.75,0.1,0.1,5.0,12.883,4.5994654
G03_R0164,164,G03,25,50,0.0001,0.75,0.2,0.1,5.0,13.843,7.0239448
G03_R0165,165,G03,25,50,0.0001,0.75,0.3,0.1,5.0,15.042,10.911267
G03_R0166,166,G03,25,50,0.0001,0.7,0.1,0.1,5.0,12.887,4.6104826
G03_R0167,167,G03,25,50,0.0001,0.7,0.2,0.1,5.0,13.849,7.0450047
G03_R0168,168,G03,25,50,0.0001,0.7,0.3,0.1,5.0,15.049,10.948847
G03_R0169,169,G03,25,50,1e-05,0.85,0.1,0.1,5.0,12.993,6.855265
G03_R0170,170,G03,25,50,1e-05,0.85,0.2,0.1,5.0,13.986,14.364125000000001
G03_R0171,171,G03,25,50,1e-05,0.85,0.3,0.1,5.0,15.238,26.454431
G03_R0172,172,G03,25,50,1e-05,0.8,0.1,0.1,5.0,12.994,6.866778
G03_R0173,173,G03,25,50,1e-05,0.8,0.2,0.1,5.0,13.988,14.390005
G03_R0174,174,G03,25,50,1e-05,0.8,0.3,0.1,5.0,15.24,26.501281
G03_R0175,175,G03,25,50,1e-05,0.75,0.1,0.1,5.0,12.996,6.879683
G03_R0176,176,G03,25,50,1e-05,0.75,0.2,0.1,5.0,13.99,14.418874
G03_R0177,177,G03,25,50,1e-05,0.75,0.3,0.1,5.0,15.243,26.554117
G03_R0178,178,G03,25,50,1e-05,0.7,0.1,0.1,5.0,12.997,6.8940779999999995
G03_R0179,179,G03,25,50,1e-05,0.7,0.2,0.1,5.0,13.992,14.45173
G03_R0180,180,G03,25,50,1e-05,0.7,0.3,0.1,5.0,15.245,26.613936
G03_R0181,181,G03,25,50,1e-06,0.85,0.1,0.1,5.0,13.029,24.692514
G03_R0182,182,G03,25,50,1e-06,0.85,0.2,0.1,5.0,14.033,79.401471
G03_R0183,183,G03,25,50,1e-06,0.85,0.3,0.1,5.0,15.3,169.27115799999999
G03_R0184,184,G03,25,50,1e-06,0.8,0.1,0.1,5.0,13.03,24.743481
G03_R0185,185,G03,25,50,1e-06,0.8,0.2,0.1,5.0,14.033,79.502428
G03_R0186,186,G03,25,50,1e-06,0.8,0.3,0.1,5.0,15.3,169.44110500000002
G03_R0187,187,G03,25,50,1e-06,0.75,0.1,0.1,5.0,13.03,24.798445
G03_R0188,188,G03,25,50,1e-06,0.75,0.2,0.1,5.0,14.034,79.615382
G03_R0189,189,G03,25,50,1e-06,0.75,0.3,0.1,5.0,15.301,169.631047
G03_R0190,190,G03,25,50,1e-06,0.7,0.1,0.1,5.0,13.03,24.858406
G03_R0191,191,G03,25,50,1e-06,0.7,0.2,0.1,5.0,14.034,79.741332
G03_R0192,192,G03,25,50,1e-06,0.7,0.3,0.1,5.0,15.301,169.84098600000002
G03_R0193,193,G03,100,3,0.001,0.85,0.1,0.1,5.0,8.5132,15.736747
G03_R0194,194,G03,100,3,0.001,0.85,0.2,0.1,5.0,9.1522,22.394672
G03_R0195,195,G03,100,3,0.001,0.85,0.3,0.1,5.0,9.9171,32.43882
G03_R0196,196,G03,100,3,0.001,0.8,0.1,0.1,5.0,8.5208,15.806773999999999
G03_R0197,197,G03,100,3,0.001,0.8,0.2,0.1,5.0,9.1624,22.525499
G03_R0198,198,G03,100,3,0.001,0.8,0.3,0.1,5.0,9.9299,32.668516
G03_R0199,199,G03,100,3,0.001,0.75,0.1,0.1,5.0,8.5287,15.881726
G03_R0200,200,G03,100,3,0.001,0.75,0.2,0.1,5.0,9.1733,22.666223
G03_R0201,201,G03,100,3,0.001,0.75,0.3,0.1,5.0,9.9435,32.9161
G03_R0202,202,G03,100,3,0.001,0.7,0.1,0.1,5.0,8.5373,15.962594000000001
G03_R0203,203,G03,100,3,0.001,0.7,0.2,0.1,5.0,9.1849,22.817832
G03_R0204,204,G03,100,3,0.001,0.7,0.3,0.1,5.0,9.9581,33.185559
G03_R0205,205,G03,100,3,0.0001,0.85,0.1,0.1,5.0,8.7941,19.636647
G03_R0206,206,G03,100,3,0.0001,0.85,0.2,0.1,5.0,9.5045,30.18231
G03_R0207,207,G03,100,3,0.0001,0.85,0.3,0.1,5.0,10.433,47.003912
G03_R0208,208,G03,100,3,0.0001,0.8,0.1,0.1,5.0,8.7973,19.686922
G03_R0209,209,G03,100,3,0.0001,0.8,0.2,0.1,5.0,9.5089,30.296463
G03_R0210,210,G03,100,3,0.0001,0.8,0.3,0.1,5.0,10.439,47.218879
G03_R0211,211,G03,100,3,0.0001,0.75,0.1,0.1,5.0,8.8007,19.741124999999997
G03_R0212,212,G03,100,3,0.0001,0.75,0.2,0.1,5.0,9.5136,30.420531
G03_R0213,213,G03,100,3,0.0001,0.75,0.3,0.1,5.0,10.445,47.457743
G03_R0214,214,G03,100,3,0.0001,0.7,0.1,0.1,5.0,8.8042,19.799243999999998
G03_R0215,215,G03,100,3,0.0001,0.7,0.2,0.1,5.0,9.5185,30.559497
G03_R0216,216,G03,100,3,0.0001,0.7,0.3,0.1,5.0,10.451,47.725485
G03_R0217,217,G03,100,3,1e-05,0.85,0.1,0.1,5.0,8.8721,29.134527000000002
G03_R0218,218,G03,100,3,1e-05,0.85,0.2,0.1,5.0,9.5996,60.790081
G03_R0219,219,G03,100,3,1e-05,0.85,0.3,0.1,5.0,10.568,111.59697700000001
G03_R0220,220,G03,100,3,1e-05,0.8,0.1,0.1,5.0,8.8732,29.220246
G03_R0221,221,G03,100,3,1e-05,0.8,0.2,0.1,5.0,9.6011,61.030695
G03_R0222,222,G03,100,3,1e-05,0.8,0.3,0.1,5.0,10.57,112.07649599999999
G03_R0223,223,G03,100,3,1e-05,0.75,0.1,0.1,5.0,8.8743,29.316938
G03_R0224,224,G03,100,3,1e-05,0.75,0.2,0.1,5.0,9.6027,61.305273
G03_R0225,225,G03,100,3,1e-05,0.75,0.3,0.1,5.0,10.572,112.615969
G03_R0226,226,G03,100,3,1e-05,0.7,0.1,0.1,5.0,8.8755,29.426597
G03_R0227,227,G03,100,3,1e-05,0.7,0.2,0.1,5.0,9.6045,61.622808
G03_R0228,228,G03,100,3,1e-05,0.7,0.3,0.1,5.0,10.574,113.24539
G03_R0229,229,G03,100,3,1e-06,0.85,0.1,0.1,5.0,8.8968,101.187419
G03_R0230,230,G03,100,3,1e-06,0.85,0.2,0.1,5.0,9.6278,323.53727999999995
G03_R0231,231,G03,100,3,1e-06,0.85,0.3,0.1,5.0,10.605,688.5361770000001
G03_R0232,232,G03,100,3,1e-06,0.8,0.1,0.1,5.0,8.897,101.477311
G03_R0233,233,G03,100,3,1e-06,0.8,0.2,0.1,5.0,9.6282,324.307139
G03_R0234,234,G03,100,3,1e-06,0.8,0.3,0.1,5.0,10.605,690.0160030000001
G03_R0235,235,G03,100,3,1e-06,0.75,0.1,0.1,5.0,8.8973,101.807195
G03_R0236,236,G03,100,3,1e-06,0.75,0.2,0.1,5.0,9.6286,325.196988
G03_R0237,237,G03,100,3,1e-06,0.75,0.3,0.1,5.0,10.606,691.715816
G03_R0238,238,G03,100,3,1e-06,0.7,0.1,0.1,5.0,8.8976,102.18707
G03_R0239,239,G03,100,3,1e-06,0.7,0.2,0.1,5.0,9.629,326.22682499999996
G03_R0240,240,G03,100,3,1e-06,0.7,0.3,0.1,5.0,10.606,693.695614
G03_R0241,241,G03,100,6,0.001,0.85,0.1,0.1,5.0,10.158,15.736747
G03_R0242,242,G03,100,6,0.001,0.85,0.2,0.1,5.0,10.88,22.394672
G03_R0243,243,G03,100,6,0.001,0.85,0.3,0.1,5.0,11.74,32.43882
G03_R0244,244,G03,100,6,0.001,0.8,0.1,0.1,5.0,10.166,15.806773999999999
G03_R0245,245,G03,100,6,0.001,0.8,0.2,0.1,5.0,10.891,22.525499
G03_R0246,246,G03,100,6,0.001,0.8,0.3,0.1,5.0,11.754,32.668516
G03_R0247,247,G03,100,6,0.001,0.75,0.1,0.1,5.0,10.176,15.881726
G03_R0248,248,G03,100,6,0.001,0.75,0.2,0.1,5.0,10.904,22.666223
G03_R0249,249,G03,100,6,0.001,0.75,0.3,0.1,5.0,11.77,32.9161
G03_R0250,250,G03,100,6,0.001,0.7,0.1,0.1,5.0,10.185,15.962594000000001
G03_R0251,251,G03,100,6,0.001,0.7,0.2,0.1,5.0,10.917,22.817832
G03_R0252,252,G03,100,6,0.001,0.7,0.3,0.1,5.0,11.786,33.185559
G03_R0253,253,G03,100,6,0.0001,0.85,0.1,0.1,5.0,10.471,19.636647
G03_R0254,254,G03,100,6,0.0001,0.85,0.2,0.1,5.0,11.267,30.18231
G03_R0255,255,G03,100,6,0.0001,0.85,0.3,0.1,5.0,12.298,47.003912
G03_R0256,256,G03,100,6,0.0001,0.8,0.1,0.1,5.0,10.475,19.686922
G03_R0257,257,G03,100,6,0.0001,0.8,0.2,0.1,5.0,11.272,30.296463
G03_R0258,258,G03,100,6,0.0001,0.8,0.3,0.1,5.0,12.305,47.218879
G03_R0259,259,G03,100,6,0.0001,0.75,0.1,0.1,5.0,10.479,19.741124999999997
G03_R0260,260,G03,100,6,0.0001,0.75,0.2,0.1,5.0,11.277,30.420531
G03_R0261,261,G03,100,6,0.0001,0.75,0.3,0.1,5.0,12.312,47.457743
G03_R0262,262,G03,100,6,0.0001,0.7,0.1,0.1,5.0,10.483,19.799243999999998
G03_R0263,263,G03,100,6,0.0001,0.7,0.2,0.1,5.0,11.282,30.559497
G03_R0264,264,G03,100,6,0.0001,0.7,0.3,0.1,5.0,12.319,47.725485
G03_R0265,265,G03,100,6,1e-05,0.85,0.1,0.1,5.0,10.558,29.134527000000002
G03_R0266,266,G03,100,6,1e-05,0.85,0.2,0.1,5.0,11.37,60.790081
G03_R0267,267,G03,100,6,1e-05,0.85,0.3,0.1,5.0,12.442,111.59697700000001
G03_R0268,268,G03,100,6,1e-05,0.8,0.1,0.1,5.0,10.559,29.220246
G03_R0269,269,G03,100,6,1e-05,0.8,0.2,0.1,5.0,11.372,61.030695
G03_R0270,270,G03,100,6,1e-05,0.8,0.3,0.1,5.0,12.444,112.07649599999999
G03_R0271,271,G03,100,6,1e-05,0.75,0.1,0.1,5.0,10.56,29.316938
G03_R0272,272,G03,100,6,1e-05,0.75,0.2,0.1,5.0,11.374,61.305273
G03_R0273,273,G03,100,6,1e-05,0.75,0.3,0.1,5.0,12.447,112.615969
G03_R0274,274,G03,100,6,1e-05,0.7,0.1,0.1,5.0,10.562,29.426597
G03_R0275,275,G03,100,6,1e-05,0.7,0.2,0.1,5.0,11.375,61.622808
G03_R0276,276,G03,100,6,1e-05,0.7,0.3,0.1,5.0,12.45,113.24539
G03_R0277,277,G03,100,6,1e-06,0.85,0.1,0.1,5.0,10.585,101.187419
G03_R0278,278,G03,100,6,1e-06,0.85,0.2,0.1,5.0,11.402,323.53727999999995
G03_R0279,279,G03,100,6,1e-06,0.85,0.3,0.1,5.0,12.481,688.5361770000001
G03_R0280,280,G03,100,6,1e-06,0.8,0.1,0.1,5.0,10.586,101.477311
G03_R0281,281,G03,100,6,1e-06,0.8,0.2,0.1,5.0,11.403,324.307139
G03_R0282,282,G03,100,6,1e-06,0.8,0.3,0.1,5.0,12.482,690.0160030000001
G03_R0283,283,G03,100,6,1e-06,0.75,0.1,0.1,5.0,10.586,101.807195
G03_R0284,284,G03,100,6,1e-06,0.75,0.2,0.1,5.0,11.403,325.196988
G03_R0285,285,G03,100,6,1e-06,0.75,0.3,0.1,5.0,12.483,691.715816
G03_R0286,286,G03,100,6,1e-06,0.7,0.1,0.1,5.0,10.586,102.18707
G03_R0287,287,G03,100,6,1e-06,0.7,0.2,0.1,5.0,11.404,326.22682499999996
G03_R0288,288,G03,100,6,1e-06,0.7,0.3,0.1,5.0,12.483,693.695614
G03_R0289,289,G03,100,20,0.001,0.85,0.1,0.1,5.0,14.571,15.736747
G03_R0290,290,G03,100,20,0.001,0.85,0.2,0.1,5.0,15.528,22.394672
G03_R0291,291,G03,100,20,0.001,0.85,0.3,0.1,5.0,16.712,32.43882
G03_R0292,292,G03,100,20,0.001,0.8,0.1,0.1,5.0,14.583,15.806773999999999
G03_R0293,293,G03,100,20,0.001,0.8,0.2,0.1,5.0,15.545,22.525499
G03_R0294,294,G03,100,20,0.001,0.8,0.3,0.1,5.0,16.732,32.668516
G03_R0295,295,G03,100,20,0.001,0.75,0.1,0.1,5.0,14.596,15.881726
G03_R0296,296,G03,100,20,0.001,0.75,0.2,0.1,5.0,15.562,22.666223
G03_R0297,297,G03,100,20,0.001,0.75,0.3,0.1,5.0,16.753,32.9161
G03_R0298,298,G03,100,20,0.001,0.7,0.1,0.1,5.0,14.61,15.962594000000001
G03_R0299,299,G03,100,20,0.001,0.7,0.2,0.1,5.0,15.581,22.817832
G03_R0300,300,G03,100,20,0.001,0.7,0.3,0.1,5.0,16.776,33.185559
G03_R0301,301,G03,100,20,0.0001,0.85,0.1,0.1,5.0,15.007,19.636647
G03_R0302,302,G03,100,20,0.0001,0.85,0.2,0.1,5.0,16.057,30.18231
G03_R0303,303,G03,100,20,0.0001,0.85,0.3,0.1,5.0,17.464,47.003912
G03_R0304,304,G03,100,20,0.0001,0.8,0.1,0.1,5.0,15.012,19.686922
G03_R0305,305,G03,100,20,0.0001,0.8,0.2,0.1,5.0,16.064,30.296463
G03_R0306,306,G03,100,20,0.0001,0.8,0.3,0.1,5.0,17.473,47.218879
G03_R0307,307,G03,100,20,0.0001,0.75,0.1,0.1,5.0,15.017,19.741124999999997
G03_R0308,308,G03,100,20,0.0001,0.75,0.2,0.1,5.0,16.072,30.420531
G03_R0309,309,G03,100,20,0.0001,0.75,0.3,0.1,5.0,17.483,47.457743
G03_R0310,310,G03,100,20,0.0001,0.7,0.1,0.1,5.0,15.023,19.799243999999998
G03_R0311,311,G03,100,20,0.0001,0.7,0.2,0.1,5.0,16.079,30.559497
G03_R0312,312,G03,100,20,0.0001,0.7,0.3,0.1,5.0,17.493,47.725485
G03_R0313,313,G03,100,20,1e-05,0.85,0.1,0.1,5.0,15.123,29.134527000000002
G03_R0314,314,G03,100,20,1e-05,0.85,0.2,0.1,5.0,16.194,60.790081
G03_R0315,315,G03,100,20,1e-05,0.85,0.3,0.1,5.0,17.653,111.59697700000001
G03_R0316,316,G03,100,20,1e-05,0.8,0.1,0.1,5.0,15.125,29.220246
G03_R0317,317,G03,100,20,1e-05,0.8,0.2,0.1,5.0,16.197,61.030695
G03_R0318,318,G03,100,20,1e-05,0.8,0.3,0.1,5.0,17.656,112.07649599999999
G03_R0319,319,G03,100,20,1e-05,0.75,0.1,0.1,5.0,15.127,29.316938
G03_R0320,320,G03,100,20,1e-05,0.75,0.2,0.1,5.0,16.199,61.305273
G03_R0321,321,G03,100,20,1e-05,0.75,0.3,0.1,5.0,17.659,112.615969
G03_R0322,322,G03,100,20,1e-05,0.7,0.1,0.1,5.0,15.129,29.426597
G03_R0323,323,G03,100,20,1e-05,0.7,0.2,0.1,5.0,16.202,61.622808
G03_R0324,324,G03,100,20,1e-05,0.7,0.3,0.1,5.0,17.663,113.24539
G03_R0325,325,G03,100,20,1e-06,0.85,0.1,0.1,5.0,15.161,101.187419
G03_R0326,326,G03,100,20,1e-06,0.85,0.2,0.1,5.0,16.234,323.53727999999995
G03_R0327,327,G03,100,20,1e-06,0.85,0.3,0.1,5.0,17.704,688.5361770000001
G03_R0328,328,G03,100,20,1e-06,0.8,0.1,0.1,5.0,15.162,101.477311
G03_R0329,329,G03,100,20,1e-06,0.8,0.2,0.1,5.0,16.235,324.307139
G03_R0330,330,G03,100,20,1e-06,0.8,0.3,0.1,5.0,17.705,690.0160030000001
G03_R0331,331,G03,100,20,1e-06,0.75,0.1,0.1,5.0,15.162,101.807195
G03_R0332,332,G03,100,20,1e-06,0.75,0.2,0.1,5.0,16.235,325.196988
G03_R0333,333,G03,100,20,1e-06,0.75,0.3,0.1,5.0,17.706,691.715816
G03_R0334,334,G03,100,20,1e-06,0.7,0.1,0.1,5.0,15.162,102.18707
G03_R0335,335,G03,100,20,1e-06,0.7,0.2,0.1,5.0,16.236,326.22682499999996
G03_R0336,336,G03,100,20,1e-06,0.7,0.3,0.1,5.0,17.707,693.695614
G03_R0337,337,G03,100,50,0.001,0.85,0.1,0.1,5.0,19.784,15.736747
G03_R0338,338,G03,100,50,0.001,0.85,0.2,0.1,5.0,21.046,22.394672
G03_R0339,339,G03,100,50,0.001,0.85,0.3,0.1,5.0,22.629,32.43882
G03_R0340,340,G03,100,50,0.001,0.8,0.1,0.1,5.0,19.801,15.806773999999999
G03_R0341,341,G03,100,50,0.001,0.8,0.2,0.1,5.0,21.068,22.525499
G03_R0342,342,G03,100,50,0.001,0.8,0.3,0.1,5.0,22.656,32.668516
G03_R0343,343,G03,100,50,0.001,0.75,0.1,0.1,5.0,19.82,15.881726
G03_R0344,344,G03,100,50,0.001,0.75,0.2,0.1,5.0,21.091,22.666223
G03_R0345,345,G03,100,50,0.001,0.75,0.3,0.1,5.0,22.686,32.9161
G03_R0346,346,G03,100,50,0.001,0.7,0.1,0.1,5.0,19.839,15.962594000000001
G03_R0347,347,G03,100,50,0.001,0.7,0.2,0.1,5.0,21.115,22.817832
G03_R0348,348,G03,100,50,0.001,0.7,0.3,0.1,5.0,22.718,33.185559
G03_R0349,349,G03,100,50,0.0001,0.85,0.1,0.1,5.0,20.188,19.636647
G03_R0350,350,G03,100,50,0.0001,0.85,0.2,0.1,5.0,21.762,30.18231
G03_R0351,351,G03,100,50,0.0001,0.85,0.3,0.1,5.0,23.676,47.003912
G03_R0352,352,G03,100,50,0.0001,0.8,0.1,0.1,5.0,20.195,19.686922
G03_R0353,353,G03,100,50,0.0001,0.8,0.2,0.1,5.0,21.772,30.296463
G03_R0354,354,G03,100,50,0.0001,0.8,0.3,0.1,5.0,23.688,47.218879
G03_R0355,355,G03,100,50,0.0001,0.75,0.1,0.1,5.0,20.202,19.741124999999997
G03_R0356,356,G03,100,50,0.0001,0.75,0.2,0.1,5.0,21.782,30.420531
G03_R0357,357,G03,100,50,0.0001,0.75,0.3,0.1,5.0,23.702,47.457743
G03_R0358,358,G03,100,50,0.0001,0.7,0.1,0.1,5.0,20.21,19.799243999999998
G03_R0359,359,G03,100,50,0.0001,0.7,0.2,0.1,5.0,21.793,30.559497
G03_R0360,360,G03,100,50,0.0001,0.7,0.3,0.1,5.0,23.717,47.725485
G03_R0361,361,G03,100,50,1e-05,0.85,0.1,0.1,5.0,20.347,29.134527000000002
G03_R0362,362,G03,100,50,1e-05,0.85,0.2,0.1,5.0,21.94,60.790081
G03_R0363,363,G03,100,50,1e-05,0.85,0.3,0.1,5.0,23.925,111.59697700000001
G03_R0364,364,G03,100,50,1e-05,0.8,0.1,0.1,5.0,20.35,29.220246
G03_R0365,365,G03,100,50,1e-05,0.8,0.2,0.1,5.0,21.943,61.030695
G03_R0366,366,G03,100,50,1e-05,0.8,0.3,0.1,5.0,23.93,112.07649599999999
G03_R0367,367,G03,100,50,1e-05,0.75,0.1,0.1,5.0,20.352,29.316938
G03_R0368,368,G03,100,50,1e-05,0.75,0.2,0.1,5.0,21.947,61.305273
G03_R0369,369,G03,100,50,1e-05,0.75,0.3,0.1,5.0,23.936,112.615969
G03_R0370,370,G03,100,50,1e-05,0.7,0.1,0.1,5.0,20.355,29.426597
G03_R0371,371,G03,100,50,1e-05,0.7,0.2,0.1,5.0,21.951,61.622808
G03_R0372,372,G03,100,50,1e-05,0.7,0.3,0.1,5.0,23.941,113.24539
G03_R0373,373,G03,100,50,1e-06,0.85,0.1,0.1,5.0,20.398,101.187419
G03_R0374,374,G03,100,50,1e-06,0.85,0.2,0.1,5.0,21.995,323.53727999999995
G03_R0375,375,G03,100,50,1e-06,0.85,0.3,0.1,5.0,23.992,688.5361770000001
G03_R0376,376,G03,100,50,1e-06,0.8,0.1,0.1,5.0,20.399,101.477311
G03_R0377,377,G03,100,50,1e-06,0.8,0.2,0.1,5.0,21.996,324.307139
G03_R0378,378,G03,100,50,1e-06,0.8,0.3,0.1,5.0,23.993,690.0160030000001
G03_R0379,379,G03,100,50,1e-06,0.75,0.1,0.1,5.0,20.4,101.807195
G03_R0380,380,G03,100,50,1e-06,0.75,0.2,0.1,5.0,21.996,325.196988
G03_R0381,381,G03,100,50,1e-06,0.75,0.3,0.1,5.0,23.995,691.715816
G03_R0382,382,G03,100,50,1e-06,0.7,0.1,0.1,5.0,20.4,102.18707
G03_R0383,383,G03,100,50,1e-06,0.7,0.2,0.1,5.0,21.997,326.22682499999996
G03_R0384,384,G03,100,50,1e-06,0.7,0.3,0.1,5.0,23.996,693.695614
G03_R0385,385,G03,250,3,0.001,0.85,0.1,0.1,5.0,10.985,45.389368000000005
G03_R0386,386,G03,250,3,0.001,0.85,0.2,0.1,5.0,11.781,65.975935
G03_R0387,387,G03,250,3,0.001,0.85,0.3,0.1,5.0,12.758,97.245975
G03_R0388,388,G03,250,3,0.001,0.8,0.1,0.1,5.0,10.996,45.652172
G03_R0389,389,G03,250,3,0.001,0.8,0.2,0.1,5.0,11.796,66.472482
G03_R0390,390,G03,250,3,0.001,0.8,0.3,0.1,5.0,12.777,98.151361
G03_R0391,391,G03,250,3,0.001,0.75,0.1,0.1,5.0,11.008,45.932809000000006
G03_R0392,392,G03,250,3,0.001,0.75,0.2,0.1,5.0,11.812,67.00683400000001
G03_R0393,393,G03,250,3,0.001,0.75,0.3,0.1,5.0,12.796,99.13357099999999
G03_R0394,394,G03,250,3,0.001,0.7,0.1,0.1,5.0,11.021,46.234263
G03_R0395,395,G03,250,3,0.001,0.7,0.2,0.1,5.0,11.828,67.58697000000001
G03_R0396,396,G03,250,3,0.001,0.7,0.3,0.1,5.0,12.816,100.211552
G03_R0397,397,G03,250,3,0.0001,0.85,0.1,0.1,5.0,11.233,56.037237
G03_R0398,398,G03,250,3,0.0001,0.85,0.2,0.1,5.0,12.066,87.449253
G03_R0399,399,G03,250,3,0.0001,0.85,0.3,0.1,5.0,13.194,137.26742199999998
G03_R0400,400,G03,250,3,0.0001,0.8,0.1,0.1,5.0,11.237,56.227719
G03_R0401,401,G03,250,3,0.0001,0.8,0.2,0.1,5.0,12.072,87.945533
G03_R0402,402,G03,250,3,0.0001,0.8,0.3,0.1,5.0,13.203,138.255384
G03_R0403,403,G03,250,3,0.0001,0.75,0.1,0.1,5.0,11.242,56.435052
G03_R0404,404,G03,250,3,0.0001,0.75,0.2,0.1,5.0,12.08,88.50164
G03_R0405,405,G03,250,3,0.0001,0.75,0.3,0.1,5.0,13.212,139.383154
G03_R0406,406,G03,250,3,0.0001,0.7,0.1,0.1,5.0,11.247,56.664215999999996
G03_R0407,407,G03,250,3,0.0001,0.7,0.2,0.1,5.0,12.087,89.12956700000001
G03_R0408,408,G03,250,3,0.0001,0.7,0.3,0.1,5.0,13.221,140.650701
G03_R0409,409,G03,250,3,1e-05,0.85,0.1,0.1,5.0,11.297,81.998024
G03_R0410,410,G03,250,3,1e-05,0.85,0.2,0.1,5.0,12.098,169.740165
G03_R0411,411,G03,250,3,1e-05,0.85,0.3,0.1,5.0,13.258,309.63962
G03_R0412,412,G03,250,3,1e-05,0.8,0.1,0.1,5.0,11.298,82.396416
G03_R0413,413,G03,250,3,1e-05,0.8,0.2,0.1,5.0,12.101,170.98934
G03_R0414,414,G03,250,3,1e-05,0.8,0.3,0.1,5.0,13.262,312.17861
G03_R0415,415,G03,250,3,1e-05,0.75,0.1,0.1,5.0,11.3,82.850747
G03_R0416,416,G03,250,3,1e-05,0.75,0.2,0.1,5.0,12.104,172.42844
G03_R0417,417,G03,250,3,1e-05,0.75,0.3,0.1,5.0,13.266,315.10751
G03_R0418,418,G03,250,3,1e-05,0.7,0.1,0.1,5.0,11.301,83.376009
G03_R0419,419,G03,250,3,1e-05,0.7,0.2,0.1,5.0,12.108,174.10744
G03_R0420,420,G03,250,3,1e-05,0.7,0.3,0.1,5.0,13.271,318.54631
G03_R0421,421,G03,250,3,1e-06,0.85,0.1,0.1,5.0,11.319,266.242464
G03_R0422,422,G03,250,3,1e-06,0.85,0.2,0.1,5.0,12.098,841.0599299999999
G03_R0423,423,G03,250,3,1e-06,0.85,0.3,0.1,5.0,13.252,1782.0550700000001
G03_R0424,424,G03,250,3,1e-06,0.8,0.1,0.1,5.0,11.319,267.582225
G03_R0425,425,G03,250,3,1e-06,0.8,0.2,0.1,5.0,12.099,845.1096200000001
G03_R0426,426,G03,250,3,1e-06,0.8,0.3,0.1,5.0,13.254,1789.9546899999998
G03_R0427,427,G03,250,3,1e-06,0.75,0.1,0.1,5.0,11.32,269.19196900000003
G03_R0428,428,G03,250,3,1e-06,0.75,0.2,0.1,5.0,12.1,849.88929
G03_R0429,429,G03,250,3,1e-06,0.75,0.3,0.1,5.0,13.255,1799.35429
G03_R0430,430,G03,250,3,1e-06,0.7,0.1,0.1,5.0,11.32,271.12169500000005
G03_R0431,431,G03,250,3,1e-06,0.7,0.2,0.1,5.0,12.101,855.49894
G03_R0432,432,G03,250,3,1e-06,0.7,0.3,0.1,5.0,13.257,1810.35386
G03_R0433,433,G03,250,6,0.001,0.85,0.1,0.1,5.0,13.496,45.389368000000005
G03_R0434,434,G03,250,6,0.001,0.85,0.2,0.1,5.0,14.458,65.975935
G03_R0435,435,G03,250,6,0.001,0.85,0.3,0.1,5.0,15.63,97.245975
G03_R0436,436,G03,250,6,0.001,0.8,0.1,0.1,5.0,13.51,45.652172
G03_R0437,437,G03,250,6,0.001,0.8,0.2,0.1,5.0,14.475,66.472482
G03_R0438,438,G03,250,6,0.001,0.8,0.3,0.1,5.0,15.652,98.151361
G03_R0439,439,G03,250,6,0.001,0.75,0.1,0.1,5.0,13.524,45.932809000000006
G03_R0440,440,G03,250,6,0.001,0.75,0.2,0.1,5.0,14.494,67.00683400000001
G03_R0441,441,G03,250,6,0.001,0.75,0.3,0.1,5.0,15.675,99.13357099999999
G03_R0442,442,G03,250,6,0.001,0.7,0.1,0.1,5.0,13.54,46.234263
G03_R0443,443,G03,250,6,0.001,0.7,0.2,0.1,5.0,14.514,67.58697000000001
G03_R0444,444,G03,250,6,0.001,0.7,0.3,0.1,5.0,15.7,100.211552
G03_R0445,445,G03,250,6,0.0001,0.85,0.1,0.1,5.0,13.79,56.037237
G03_R0446,446,G03,250,6,0.0001,0.85,0.2,0.1,5.0,14.791,87.449253
G03_R0447,447,G03,250,6,0.0001,0.85,0.3,0.1,5.0,16.137,137.26742199999998
G03_R0448,448,G03,250,6,0.0001,0.8,0.1,0.1,5.0,13.795,56.227719
G03_R0449,449,G03,250,6,0.0001,0.8,0.2,0.1,5.0,14.799,87.945533
G03_R0450,450,G03,250,6,0.0001,0.8,0.3,0.1,5.0,16.148,138.255384
G03_R0451,451,G03,250,6,0.0001,0.75,0.1,0.1,5.0,13.8,56.435052
G03_R0452,452,G03,250,6,0.0001,0.75,0.2,0.1,5.0,14.808,88.50164
G03_R0453,453,G03,250,6,0.0001,0.75,0.3,0.1,5.0,16.159,139.383154
G03_R0454,454,G03,250,6,0.0001,0.7,0.1,0.1,5.0,13.806,56.664215999999996
G03_R0455,455,G03,250,6,0.0001,0.7,0.2,0.1,5.0,14.817,89.12956700000001
G03_R0456,456,G03,250,6,0.0001,0.7,0.3,0.1,5.0,16.17,140.650701
G03_R0457,457,G03,250,6,1e-05,0.85,0.1,0.1,5.0,13.865,81.998024
G03_R0458,458,G03,250,6,1e-05,0.85,0.2,0.1,5.0,14.823,169.740165
G03_R0459,459,G03,250,6,1e-05,0.85,0.3,0.1,5.0,16.208,309.63962
G03_R0460,460,G03,250,6,1e-05,0.8,0.1,0.1,5.0,13.867,82.396416
G03_R0461,461,G03,250,6,1e-05,0.8,0.2,0.1,5.0,14.827,170.98934
G03_R0462,462,G03,250,6,1e-05,0.8,0.3,0.1,5.0,16.213,312.17861
G03_R0463,463,G03,250,6,1e-05,0.75,0.1,0.1,5.0,13.869,82.850747
G03_R0464,464,G03,250,6,1e-05,0.75,0.2,0.1,5.0,14.831,172.42844
G03_R0465,465,G03,250,6,1e-05,0.75,0.3,0.1,5.0,16.218,315.10751
G03_R0466,466,G03,250,6,1e-05,0.7,0.1,0.1,5.0,13.871,83.376009
G03_R0467,467,G03,250,6,1e-05,0.7,0.2,0.1,5.0,14.835,174.10744
G03_R0468,468,G03,250,6,1e-05,0.7,0.3,0.1,5.0,16.224,318.54631
G03_R0469,469,G03,250,6,1e-06,0.85,0.1,0.1,5.0,13.892,266.242464
G03_R0470,470,G03,250,6,1e-06,0.85,0.2,0.1,5.0,14.817,841.0599299999999
G03_R0471,471,G03,250,6,1e-06,0.85,0.3,0.1,5.0,16.199,1782.0550700000001
G03_R0472,472,G03,250,6,1e-06,0.8,0.1,0.1,5.0,13.893,267.582225
G03_R0473,473,G03,250,6,1e-06,0.8,0.2,0.1,5.0,14.818,845.1096200000001
G03_R0474,474,G03,250,6,1e-06,0.8,0.3,0.1,5.0,16.201,1789.9546899999998
G03_R0475,475,G03,250,6,1e-06,0.75,0.1,0.1,5.0,13.893,269.19196900000003
G03_R0476,476,G03,250,6,1e-06,0.75,0.2,0.1,5.0,14.82,849.88929
G03_R0477,477,G03,250,6,1e-06,0.75,0.3,0.1,5.0,16.203,1799.35429
G03_R0478,478,G03,250,6,1e-06,0.7,0.1,0.1,5.0,13.893,271.12169500000005
G03_R0479,479,G03,250,6,1e-06,0.7,0.2,0.1,5.0,14.821,855.49894
G03_R0480,480,G03,250,6,1e-06,0.7,0.3,0.1,5.0,16.206,1810.35386
G03_R0481,481,G03,250,20,0.001,0.85,0.1,0.1,5.0,19.957,45.389368000000005
G03_R0482,482,G03,250,20,0.001,0.85,0.2,0.1,5.0,21.395,65.975935
G03_R0483,483,G03,250,20,0.001,0.85,0.3,0.1,5.0,23.1,97.245975
G03_R0484,484,G03,250,20,0.001,0.8,0.1,0.1,5.0,19.978,45.652172
G03_R0485,485,G03,250,20,0.001,0.8,0.2,0.1,5.0,21.422,66.472482
G03_R0486,486,G03,250,20,0.001,0.8,0.3,0.1,5.0,23.133,98.151361
G03_R0487,487,G03,250,20,0.001,0.75,0.1,0.1,5.0,20.0,45.932809000000006
G03_R0488,488,G03,250,20,0.001,0.75,0.2,0.1,5.0,21.449,67.00683400000001
G03_R0489,489,G03,250,20,0.001,0.75,0.3,0.1,5.0,23.168,99.13357099999999
G03_R0490,490,G03,250,20,0.001,0.7,0.1,0.1,5.0,20.024,46.234263
G03_R0491,491,G03,250,20,0.001,0.7,0.2,0.1,5.0,21.478,67.58697000000001
G03_R0492,492,G03,250,20,0.001,0.7,0.3,0.1,5.0,23.205,100.211552
G03_R0493,493,G03,250,20,0.0001,0.85,0.1,0.1,5.0,20.39,56.037237
G03_R0494,494,G03,250,20,0.0001,0.85,0.2,0.1,5.0,21.884,87.449253
G03_R0495,495,G03,250,20,0.0001,0.85,0.3,0.1,5.0,23.92,137.26742199999998
G03_R0496,496,G03,250,20,0.0001,0.8,0.1,0.1,5.0,20.398,56.227719
G03_R0497,497,G03,250,20,0.0001,0.8,0.2,0.1,5.0,21.896,87.945533
G03_R0498,498,G03,250,20,0.0001,0.8,0.3,0.1,5.0,23.936,138.255384
G03_R0499,499,G03,250,20,0.0001,0.75,0.1,0.1,5.0,20.407,56.435052
G03_R0500,500,G03,250,20,0.0001,0.75,0.2,0.1,5.0,21.909,88.50164
G03_R0501,501,G03,250,20,0.0001,0.75,0.3,0.1,5.0,23.952,139.383154
G03_R0502,502,G03,250,20,0.0001,0.7,0.1,0.1,5.0,20.416,56.664215999999996
G03_R0503,503,G03,250,20,0.0001,0.7,0.2,0.1,5.0,21.923,89.12956700000001
G03_R0504,504,G03,250,20,0.0001,0.7,0.3,0.1,5.0,23.969,140.650701
G03_R0505,505,G03,250,20,1e-05,0.85,0.1,0.1,5.0,20.492,81.998024
G03_R0506,506,G03,250,20,1e-05,0.85,0.2,0.1,5.0,21.928,169.740165
G03_R0507,507,G03,250,20,1e-05,0.85,0.3,0.1,5.0,24.02,309.63962
G03_R0508,508,G03,250,20,1e-05,0.8,0.1,0.1,5.0,20.494,82.396416
G03_R0509,509,G03,250,20,1e-05,0.8,0.2,0.1,5.0,21.933,170.98934
G03_R0510,510,G03,250,20,1e-05,0.8,0.3,0.1,5.0,24.028,312.17861
G03_R0511,511,G03,250,20,1e-05,0.75,0.1,0.1,5.0,20.497,82.850747
G03_R0512,512,G03,250,20,1e-05,0.75,0.2,0.1,5.0,21.94,172.42844
G03_R0513,513,G03,250,20,1e-05,0.75,0.3,0.1,5.0,24.037,315.10751
G03_R0514,514,G03,250,20,1e-05,0.7,0.1,0.1,5.0,20.5,83.376009
G03_R0515,515,G03,250,20,1e-05,0.7,0.2,0.1,5.0,21.946,174.10744
G03_R0516,516,G03,250,20,1e-05,0.7,0.3,0.1,5.0,24.046,318.54631
G03_R0517,517,G03,250,20,1e-06,0.85,0.1,0.1,5.0,20.529,266.242464
G03_R0518,518,G03,250,20,1e-06,0.85,0.2,0.1,5.0,21.856,841.0599299999999
G03_R0519,519,G03,250,20,1e-06,0.85,0.3,0.1,5.0,24.001,1782.0550700000001
G03_R0520,520,G03,250,20,1e-06,0.8,0.1,0.1,5.0,20.529,267.582225
G03_R0521,521,G03,250,20,1e-06,0.8,0.2,0.1,5.0,21.857,845.1096200000001
G03_R0522,522,G03,250,20,1e-06,0.8,0.3,0.1,5.0,24.004,1789.9546899999998
G03_R0523,523,G03,250,20,1e-06,0.75,0.1,0.1,5.0,20.53,269.19196900000003
G03_R0524,524,G03,250,20,1e-06,0.75,0.2,0.1,5.0,21.859,849.88929
G03_R0525,525,G03,250,20,1e-06,0.75,0.3,0.1,5.0,24.008,1799.35429
G03_R0526,526,G03,250,20,1e-06,0.7,0.1,0.1,5.0,20.531,271.12169500000005
G03_R0527,527,G03,250,20,1e-06,0.7,0.2,0.1,5.0,21.861,855.49894
G03_R0528,528,G03,250,20,1e-06,0.7,0.3,0.1,5.0,24.012,1810.35386
G03_R0529,529,G03,250,50,0.001,0.85,0.1,0.1,5.0,27.522,45.389368000000005
G03_R0530,530,G03,250,50,0.001,0.85,0.2,0.1,5.0,29.571,65.975935
G03_R0531,531,G03,250,50,0.001,0.85,0.3,0.1,5.0,32.071,97.245975
G03_R0532,532,G03,250,50,0.001,0.8,0.1,0.1,5.0,27.551,45.652172
G03_R0533,533,G03,250,50,0.001,0.8,0.2,0.1,5.0,29.605,66.472482
G03_R0534,534,G03,250,50,0.001,0.8,0.3,0.1,5.0,32.117,98.151361
G03_R0535,535,G03,250,50,0.001,0.75,0.1,0.1,5.0,27.583,45.932809000000006
G03_R0536,536,G03,250,50,0.001,0.75,0.2,0.1,5.0,29.641,67.00683400000001
G03_R0537,537,G03,250,50,0.001,0.75,0.3,0.1,5.0,32.162,99.13357099999999
G03_R0538,538,G03,250,50,0.001,0.7,0.1,0.1,5.0,27.617,46.234263
G03_R0539,539,G03,250,50,0.001,0.7,0.2,0.1,5.0,29.679,67.58697000000001
G03_R0540,540,G03,250,50,0.001,0.7,0.3,0.1,5.0,32.209,100.211552
G03_R0541,541,G03,250,50,0.0001,0.85,0.1,0.1,5.0,28.143,56.037237
G03_R0542,542,G03,250,50,0.0001,0.85,0.2,0.1,5.0,30.302,87.449253
G03_R0543,543,G03,250,50,0.0001,0.85,0.3,0.1,5.0,33.26,137.26742199999998
G03_R0544,544,G03,250,50,0.0001,0.8,0.1,0.1,5.0,28.154,56.227719
G03_R0545,545,G03,250,50,0.0001,0.8,0.2,0.1,5.0,30.321,87.945533
G03_R0546,546,G03,250,50,0.0001,0.8,0.3,0.1,5.0,33.282,138.255384
G03_R0547,547,G03,250,50,0.0001,0.75,0.1,0.1,5.0,28.166,56.435052
G03_R0548,548,G03,250,50,0.0001,0.75,0.2,0.1,5.0,30.34,88.50164
G03_R0549,549,G03,250,50,0.0001,0.75,0.3,0.1,5.0,33.305,139.383154
G03_R0550,550,G03,250,50,0.0001,0.7,0.1,0.1,5.0,28.179,56.664215999999996
G03_R0551,551,G03,250,50,0.0001,0.7,0.2,0.1,5.0,30.362,89.12956700000001
G03_R0552,552,G03,250,50,0.0001,0.7,0.3,0.1,5.0,33.329,140.650701
G03_R0553,553,G03,250,50,1e-05,0.85,0.1,0.1,5.0,28.295,81.998024
G03_R0554,554,G03,250,50,1e-05,0.85,0.2,0.1,5.0,30.336,169.740165
G03_R0555,555,G03,250,50,1e-05,0.85,0.3,0.1,5.0,33.384,309.63962
G03_R0556,556,G03,250,50,1e-05,0.8,0.1,0.1,5.0,28.299,82.396416
G03_R0557,557,G03,250,50,1e-05,0.8,0.2,0.1,5.0,30.344,170.98934
G03_R0558,558,G03,250,50,1e-05,0.8,0.3,0.1,5.0,33.395,312.17861
G03_R0559,559,G03,250,50,1e-05,0.75,0.1,0.1,5.0,28.303,82.850747
G03_R0560,560,G03,250,50,1e-05,0.75,0.2,0.1,5.0,30.353,172.42844
G03_R0561,561,G03,250,50,1e-05,0.75,0.3,0.1,5.0,33.408,315.10751
G03_R0562,562,G03,250,50,1e-05,0.7,0.1,0.1,5.0,28.308,83.376009
G03_R0563,563,G03,250,50,1e-05,0.7,0.2,0.1,5.0,30.363,174.10744
G03_R0564,564,G03,250,50,1e-05,0.7,0.3,0.1,5.0,33.422,318.54631
G03_R0565,565,G03,250,50,1e-06,0.85,0.1,0.1,5.0,28.354,266.242464
G03_R0566,566,G03,250,50,1e-06,0.85,0.2,0.1,5.0,30.19,841.0599299999999
G03_R0567,567,G03,250,50,1e-06,0.85,0.3,0.1,5.0,33.347,1782.0550700000001
G03_R0568,568,G03,250,50,1e-06,0.8,0.1,0.1,5.0,28.355,267.582225
G03_R0569,569,G03,250,50,1e-06,0.8,0.2,0.1,5.0,30.192,845.1096200000001
G03_R0570,570,G03,250,50,1e-06,0.8,0.3,0.1,5.0,33.351,1789.9546899999998
G03_R0571,571,G03,250,50,1e-06,0.75,0.1,0.1,5.0,28.249,269.19196900000003
G03_R0572,572,G03,250,50,1e-06,0.75,0.2,0.1,5.0,30.195,849.88929
G03_R0573,573,G03,250,50,1e-06,0.75,0.3,0.1,5.0,33.357,1799.35429
G03_R0574,574,G03,250,50,1e-06,0.7,0.1,0.1,5.0,28.356,271.12169500000005
G03_R0575,575,G03,250,50,1e-06,0.7,0.2,0.1,5.0,30.198,855.49894
G03_R0576,576,G03,250,50,1e-06,0.7,0.3,0.1,5.0,33.362,1810.35386
G03_R0577,577,G03,500,3,0.001,0.85,0.1,0.1,5.0,13.786,110.567527
G03_R0578,578,G03,500,3,0.001,0.85,0.2,0.1,5.0,14.824,164.566576
G03_R0579,579,G03,500,3,0.001,0.85,0.3,0.1,5.0,16.122,245.6293
G03_R0580,580,G03,500,3,0.001,0.8,0.1,0.1,5.0,13.801,111.323228
G03_R0581,581,G03,500,3,0.001,0.8,0.2,0.1,5.0,14.842,166.062162
G03_R0582,582,G03,500,3,0.001,0.8,0.3,0.1,5.0,16.147,248.4045
G03_R0583,583,G03,500,3,0.001,0.75,0.1,0.1,5.0,13.818,112.128647
G03_R0584,584,G03,500,3,0.001,0.75,0.2,0.1,5.0,14.862,167.667442
G03_R0585,585,G03,500,3,0.001,0.75,0.3,0.1,5.0,16.173,251.42944
G03_R0586,586,G03,500,3,0.001,0.7,0.1,0.1,5.0,13.835,112.983706
G03_R0587,587,G03,500,3,0.001,0.7,0.2,0.1,5.0,14.882,169.402387
G03_R0588,588,G03,500,3,0.001,0.7,0.3,0.1,5.0,16.199,254.7441
G03_R0589,589,G03,500,3,0.0001,0.85,0.1,0.1,5.0,13.967,135.08116900000002
G03_R0590,590,G03,500,3,0.0001,0.85,0.2,0.1,5.0,14.992,215.06
G03_R0591,591,G03,500,3,0.0001,0.85,0.3,0.1,5.0,16.428,341.00779
G03_R0592,592,G03,500,3,0.0001,0.8,0.1,0.1,5.0,13.967,135.71849
G03_R0593,593,G03,500,3,0.0001,0.8,0.2,0.1,5.0,15.002,216.7877
G03_R0594,594,G03,500,3,0.0001,0.8,0.3,0.1,5.0,16.44,344.51707
G03_R0595,595,G03,500,3,0.0001,0.75,0.1,0.1,5.0,13.973,136.40555999999998
G03_R0596,596,G03,500,3,0.0001,0.75,0.2,0.1,5.0,15.012,218.71518
G03_R0597,597,G03,500,3,0.0001,0.75,0.3,0.1,5.0,16.452,348.4764
G03_R0598,598,G03,500,3,0.0001,0.7,0.1,0.1,5.0,13.98,137.15236
G03_R0599,599,G03,500,3,0.0001,0.7,0.2,0.1,5.0,15.023,220.9024
G03_R0600,600,G03,500,3,0.0001,0.7,0.3,0.1,5.0,16.464,353.00581
G03_R0601,601,G03,500,3,1e-05,0.85,0.1,0.1,5.0,13.981,194.98557
G03_R0602,602,G03,500,3,1e-05,0.85,0.2,0.1,5.0,14.881,399.85627
G03_R0603,603,G03,500,3,1e-05,0.85,0.3,0.1,5.0,16.342,721.97301
G03_R0604,604,G03,500,3,1e-05,0.8,0.1,0.1,5.0,13.982,196.56448
G03_R0605,605,G03,500,3,1e-05,0.8,0.2,0.1,5.0,14.887,404.53485
G03_R0606,606,G03,500,3,1e-05,0.8,0.3,0.1,5.0,16.349,731.51152
G03_R0607,607,G03,500,3,1e-05,0.75,0.1,0.1,5.0,13.984,198.26327999999998
G03_R0608,608,G03,500,3,1e-05,0.75,0.2,0.1,5.0,14.893,409.72331
G03_R0609,609,G03,500,3,1e-05,0.75,0.3,0.1,5.0,16.357,742.13993
G03_R0610,610,G03,500,3,1e-05,0.7,0.1,0.1,5.0,13.987,199.98196
G03_R0611,611,G03,500,3,1e-05,0.7,0.2,0.1,5.0,14.9,415.49162
G03_R0612,612,G03,500,3,1e-05,0.7,0.3,0.1,5.0,16.366,754.30822
G03_R0613,613,G03,500,3,1e-06,0.85,0.1,0.1,5.0,13.995,582.6091899999999
G03_R0614,614,G03,500,3,1e-06,0.85,0.2,0.1,5.0,14.793,1799.3655299999998
G03_R0615,615,G03,500,3,1e-06,0.85,0.3,0.1,5.0,16.242,3776.3133399999997
G03_R0616,616,G03,500,3,1e-06,0.8,0.1,0.1,5.0,13.995,587.5687399999999
G03_R0617,617,G03,500,3,1e-06,0.8,0.2,0.1,5.0,14.796,1814.16496
G03_R0618,618,G03,500,3,1e-06,0.8,0.3,0.1,5.0,16.246,3806.0127
G03_R0619,619,G03,500,3,1e-06,0.75,0.1,0.1,5.0,13.996,593.40827
G03_R0620,620,G03,500,3,1e-06,0.75,0.2,0.1,5.0,14.799,1831.26436
G03_R0621,621,G03,500,3,1e-06,0.75,0.3,0.1,5.0,16.251,3840.312
G03_R0622,622,G03,500,3,1e-06,0.7,0.1,0.1,5.0,13.996,599.66777
G03_R0623,623,G03,500,3,1e-06,0.7,0.2,0.1,5.0,14.802,1850.06371
G03_R0624,624,G03,500,3,1e-06,0.7,0.3,0.1,5.0,16.255,3878.9112499999997
G03_R0625,625,G03,500,6,0.001,0.85,0.1,0.1,5.0,17.19,110.567527
G03_R0626,626,G03,500,6,0.001,0.85,0.2,0.1,5.0,18.499,164.566576
G03_R0627,627,G03,500,6,0.001,0.85,0.3,0.1,5.0,20.177,245.6293
G03_R0628,628,G03,500,6,0.001,0.8,0.1,0.1,5.0,17.209,111.323228
G03_R0629,629,G03,500,6,0.001,0.8,0.2,0.1,5.0,18.523,166.062162
G03_R0630,630,G03,500,6,0.001,0.8,0.3,0.1,5.0,20.21,248.4045
G03_R0631,631,G03,500,6,0.001,0.75,0.1,0.1,5.0,17.23,112.128647
G03_R0632,632,G03,500,6,0.001,0.75,0.2,0.1,5.0,18.547,167.667442
G03_R0633,633,G03,500,6,0.001,0.75,0.3,0.1,5.0,20.245,251.42944
G03_R0634,634,G03,500,6,0.001,0.7,0.1,0.1,5.0,17.251,112.983706
G03_R0635,635,G03,500,6,0.001,0.7,0.2,0.1,5.0,18.573,169.402387
G03_R0636,636,G03,500,6,0.001,0.7,0.3,0.1,5.0,20.281,254.7441
G03_R0637,637,G03,500,6,0.0001,0.85,0.1,0.1,5.0,17.405,135.08116900000002
G03_R0638,638,G03,500,6,0.0001,0.85,0.2,0.1,5.0,18.703,215.06
G03_R0639,639,G03,500,6,0.0001,0.85,0.3,0.1,5.0,20.538,341.00779
G03_R0640,640,G03,500,6,0.0001,0.8,0.1,0.1,5.0,17.395,135.71849
G03_R0641,641,G03,500,6,0.0001,0.8,0.2,0.1,5.0,18.715,216.7877
G03_R0642,642,G03,500,6,0.0001,0.8,0.3,0.1,5.0,20.552,344.51707
G03_R0643,643,G03,500,6,0.0001,0.75,0.1,0.1,5.0,17.403,136.40555999999998
G03_R0644,644,G03,500,6,0.0001,0.75,0.2,0.1,5.0,18.727,218.71518
G03_R0645,645,G03,500,6,0.0001,0.75,0.3,0.1,5.0,20.566,348.4764
G03_R0646,646,G03,500,6,0.0001,0.7,0.1,0.1,5.0,17.412,137.15236
G03_R0647,647,G03,500,6,0.0001,0.7,0.2,0.1,5.0,18.74,220.9024
G03_R0648,648,G03,500,6,0.0001,0.7,0.3,0.1,5.0,20.581,353.00581
G03_R0649,649,G03,500,6,1e-05,0.85,0.1,0.1,5.0,17.408,194.98557
G03_R0650,650,G03,500,6,1e-05,0.85,0.2,0.1,5.0,18.519,399.85627
G03_R0651,651,G03,500,6,1e-05,0.85,0.3,0.1,5.0,20.364,721.97301
G03_R0652,652,G03,500,6,1e-05,0.8,0.1,0.1,5.0,17.407,196.56448
G03_R0653,653,G03,500,6,1e-05,0.8,0.2,0.1,5.0,18.527,404.53485
G03_R0654,654,G03,500,6,1e-05,0.8,0.3,0.1,5.0,20.374,731.51152
G03_R0655,655,G03,500,6,1e-05,0.75,0.1,0.1,5.0,17.41,198.26327999999998
G03_R0656,656,G03,500,6,1e-05,0.75,0.2,0.1,5.0,18.529,409.72331
G03_R0657,657,G03,500,6,1e-05,0.75,0.3,0.1,5.0,20.384,742.13993
G03_R0658,658,G03,500,6,1e-05,0.7,0.1,0.1,5.0,17.412,199.98196
G03_R0659,659,G03,500,6,1e-05,0.7,0.2,0.1,5.0,18.537,415.49162
G03_R0660,660,G03,500,6,1e-05,0.7,0.3,0.1,5.0,20.395,754.30822
G03_R0661,661,G03,500,6,1e-06,0.85,0.1,0.1,5.0,17.425,582.6091899999999
G03_R0662,662,G03,500,6,1e-06,0.85,0.2,0.1,5.0,18.402,1799.3655299999998
G03_R0663,663,G03,500,6,1e-06,0.85,0.3,0.1,5.0,20.234,3776.3133399999997
G03_R0664,664,G03,500,6,1e-06,0.8,0.1,0.1,5.0,17.426,587.5687399999999
G03_R0665,665,G03,500,6,1e-06,0.8,0.2,0.1,5.0,18.405,1814.16496
G03_R0666,666,G03,500,6,1e-06,0.8,0.3,0.1,5.0,20.239,3806.0127
G03_R0667,667,G03,500,6,1e-06,0.75,0.1,0.1,5.0,17.426,593.40827
G03_R0668,668,G03,500,6,1e-06,0.75,0.2,0.1,5.0,18.409,1831.26436
G03_R0669,669,G03,500,6,1e-06,0.75,0.3,0.1,5.0,20.245,3840.312
G03_R0670,670,G03,500,6,1e-06,0.7,0.1,0.1,5.0,17.427,599.66777
G03_R0671,671,G03,500,6,1e-06,0.7,0.2,0.1,5.0,18.413,1850.06371
G03_R0672,672,G03,500,6,1e-06,0.7,0.3,0.1,5.0,20.251,3878.9112499999997
G03_R0673,673,G03,500,20,0.001,0.85,0.1,0.1,5.0,25.986,110.567527
G03_R0674,674,G03,500,20,0.001,0.85,0.2,0.1,5.0,28.208,164.566576
G03_R0675,675,G03,500,20,0.001,0.85,0.3,0.1,5.0,30.839,245.6293
G03_R0676,676,G03,500,20,0.001,0.8,0.1,0.1,5.0,26.019,111.323228
G03_R0677,677,G03,500,20,0.001,0.8,0.2,0.1,5.0,28.242,166.062162
G03_R0678,678,G03,500,20,0.001,0.8,0.3,0.1,5.0,30.884,248.4045
G03_R0679,679,G03,500,20,0.001,0.75,0.1,0.1,5.0,26.053,112.128647
G03_R0680,680,G03,500,20,0.001,0.75,0.2,0.1,5.0,28.274,167.667442
G03_R0681,681,G03,500,20,0.001,0.75,0.3,0.1,5.0,30.934,251.42944
G03_R0682,682,G03,500,20,0.001,0.7,0.1,0.1,5.0,26.089,112.983706
G03_R0683,683,G03,500,20,0.001,0.7,0.2,0.1,5.0,28.313,169.402387
G03_R0684,684,G03,500,20,0.001,0.7,0.3,0.1,5.0,30.986,254.7441
G03_R0685,685,G03,500,20,0.0001,0.85,0.1,0.1,5.0,26.332,135.08116900000002
G03_R0686,686,G03,500,20,0.0001,0.85,0.2,0.1,5.0,28.453,215.06
G03_R0687,687,G03,500,20,0.0001,0.85,0.3,0.1,5.0,31.502,341.00779
G03_R0688,688,G03,500,20,0.0001,0.8,0.1,0.1,5.0,26.237,135.71849
G03_R0689,689,G03,500,20,0.0001,0.8,0.2,0.1,5.0,28.472,216.7877
G03_R0690,690,G03,500,20,0.0001,0.8,0.3,0.1,5.0,31.524,344.51707
G03_R0691,691,G03,500,20,0.0001,0.75,0.1,0.1,5.0,26.25,136.40555999999998
G03_R0692,692,G03,500,20,0.0001,0.75,0.2,0.1,5.0,28.493,218.71518
G03_R0693,693,G03,500,20,0.0001,0.75,0.3,0.1,5.0,31.546,348.4764
G03_R0694,694,G03,500,20,0.0001,0.7,0.1,0.1,5.0,26.264,137.15236
G03_R0695,695,G03,500,20,0.0001,0.7,0.2,0.1,5.0,28.514,220.9024
G03_R0696,696,G03,500,20,0.0001,0.7,0.3,0.1,5.0,31.568,353.00581
G03_R0697,697,G03,500,20,1e-05,0.85,0.1,0.1,5.0,26.275,194.98557
G03_R0698,698,G03,500,20,1e-05,0.85,0.2,0.1,5.0,27.986,399.85627
G03_R0699,699,G03,500,20,1e-05,0.85,0.3,0.1,5.0,30.977,721.97301
G03_R0700,700,G03,500,20,1e-05,0.8,0.1,0.1,5.0,26.266,196.56448
G03_R0701,701,G03,500,20,1e-05,0.8,0.2,0.1,5.0,27.957,404.61485
G03_R0702,702,G03,500,20,1e-05,0.8,0.3,0.1,5.0,30.993,731.51152
G03_R0703,703,G03,500,20,1e-05,0.75,0.1,0.1,5.0,26.27,198.26327999999998
G03_R0704,704,G03,500,20,1e-05,0.75,0.2,0.1,5.0,27.97,409.72331
G03_R0705,705,G03,500,20,1e-05,0.75,0.3,0.1,5.0,31.009,742.13993
G03_R0706,706,G03,500,20,1e-05,0.7,0.1,0.1,5.0,26.274,199.98196
G03_R0707,707,G03,500,20,1e-05,0.7,0.2,0.1,5.0,27.983,415.49162
G03_R0708,708,G03,500,20,1e-05,0.7,0.3,0.1,5.0,31.026,754.30822
G03_R0709,709,G03,500,20,1e-06,0.85,0.1,0.1,5.0,26.306,582.6091899999999
G03_R0710,710,G03,500,20,1e-06,0.85,0.2,0.1,5.0,27.796,1799.3655299999998
G03_R0711,711,G03,500,20,1e-06,0.85,0.3,0.1,5.0,30.767,3776.3133399999997
G03_R0712,712,G03,500,20,1e-06,0.8,0.1,0.1,5.0,26.307,587.5687399999999
G03_R0713,713,G03,500,20,1e-06,0.8,0.2,0.1,5.0,27.801,1814.16496
G03_R0714,714,G03,500,20,1e-06,0.8,0.3,0.1,5.0,30.775,3806.0127
G03_R0715,715,G03,500,20,1e-06,0.75,0.1,0.1,5.0,26.308,593.40827
G03_R0716,716,G03,500,20,1e-06,0.75,0.2,0.1,5.0,27.808,1831.26436
G03_R0717,717,G03,500,20,1e-06,0.75,0.3,0.1,5.0,30.784,3840.312
G03_R0718,718,G03,500,20,1e-06,0.7,0.1,0.1,5.0,26.309,599.66777
G03_R0719,719,G03,500,20,1e-06,0.7,0.2,0.1,5.0,27.814,1850.06371
G03_R0720,720,G03,500,20,1e-06,0.7,0.3,0.1,5.0,30.793,3878.9112499999997
G03_R0721,721,G03,500,50,0.001,0.85,0.1,0.1,5.0,36.267,110.567527
G03_R0722,722,G03,500,50,0.001,0.85,0.2,0.1,5.0,39.184,164.566576
G03_R0723,723,G03,500,50,0.001,0.85,0.3,0.1,5.0,42.795,245.6293
G03_R0724,724,G03,500,50,0.001,0.8,0.1,0.1,5.0,35.967,111.323226
G03_R0725,725,G03,500,50,0.001,0.8,0.2,0.1,5.0,39.228,166.062162
G03_R0726,726,G03,500,50,0.001,0.8,0.3,0.1,5.0,42.861,248.4045
G03_R0727,727,G03,500,50,0.001,0.75,0.1,0.1,5.0,36.01,112.12864400000001
G03_R0728,728,G03,500,50,0.001,0.75,0.2,0.1,5.0,39.277,167.667442
G03_R0729,729,G03,500,50,0.001,0.75,0.3,0.1,5.0,42.929,251.42944
G03_R0730,730,G03,500,50,0.001,0.7,0.1,0.1,5.0,36.058,112.993703
G03_R0731,731,G03,500,50,0.001,0.7,0.2,0.1,5.0,39.326,169.402387
G03_R0732,732,G03,500,50,0.001,0.7,0.3,0.1,5.0,43.006,254.7441
G03_R0733,733,G03,500,50,0.0001,0.85,0.1,0.1,5.0,36.489,135.091168
G03_R0734,734,G03,500,50,0.0001,0.85,0.2,0.1,5.0,39.507,215.06
G03_R0735,735,G03,500,50,0.0001,0.85,0.3,0.1,5.0,43.473,341.00779
G03_R0736,736,G03,500,50,0.0001,0.8,0.1,0.1,5.0,36.378,135.71849
G03_R0737,737,G03,500,50,0.0001,0.8,0.2,0.1,5.0,39.533,216.7877
G03_R0738,738,G03,500,50,0.0001,0.8,0.3,0.1,5.0,43.501,344.51707
G03_R0739,739,G03,500,50,0.0001,0.75,0.1,0.1,5.0,36.393,136.40555999999998
G03_R0740,740,G03,500,50,0.0001,0.75,0.2,0.1,5.0,39.56,218.71518
G03_R0741,741,G03,500,50,0.0001,0.75,0.3,0.1,5.0,43.524,348.4764
G03_R0742,742,G03,500,50,0.0001,0.7,0.1,0.1,5.0,36.413,137.16236
G03_R0743,743,G03,500,50,0.0001,0.7,0.2,0.1,5.0,39.588,220.9024
G03_R0744,744,G03,500,50,0.0001,0.7,0.3,0.1,5.0,43.549,353.00581
G03_R0745,745,G03,500,50,1e-05,0.85,0.1,0.1,5.0,36.407,195.02557000000002
G03_R0746,746,G03,500,50,1e-05,0.85,0.2,0.1,5.0,38.846,399.85627
G03_R0747,747,G03,500,50,1e-05,0.85,0.3,0.1,5.0,42.687,721.97301
G03_R0748,748,G03,500,50,1e-05,0.8,0.1,0.1,5.0,36.408,196.57448
G03_R0749,749,G03,500,50,1e-05,0.8,0.2,0.1,5.0,38.713,404.65485
G03_R0750,750,G03,500,50,1e-05,0.8,0.3,0.1,5.0,42.708,731.51152
G03_R0751,751,G03,500,50,1e-05,0.75,0.1,0.1,5.0,36.41,198.28328
G03_R0752,752,G03,500,50,1e-05,0.75,0.2,0.1,5.0,38.724,409.76331
G03_R0753,753,G03,500,50,1e-05,0.75,0.3,0.1,5.0,42.728,742.13993
G03_R0754,754,G03,500,50,1e-05,0.7,0.1,0.1,5.0,36.416,200.00196
G03_R0755,755,G03,500,50,1e-05,0.7,0.2,0.1,5.0,38.741,415.54162
G03_R0756,756,G03,500,50,1e-05,0.7,0.3,0.1,5.0,42.75,754.30822
G03_R0757,757,G03,500,50,1e-06,0.85,0.1,0.1,5.0,36.462,582.6191899999999
G03_R0758,758,G03,500,50,1e-06,0.85,0.2,0.1,5.0,38.607,1799.3655299999998
G03_R0759,759,G03,500,50,1e-06,0.85,0.3,0.1,5.0,42.4,3776.3133399999997
G03_R0760,760,G03,500,50,1e-06,0.8,0.1,0.1,5.0,36.463,587.5787399999999
G03_R0761,761,G03,500,50,1e-06,0.8,0.2,0.1,5.0,38.614,1814.16496
G03_R0762,762,G03,500,50,1e-06,0.8,0.3,0.1,5.0,42.41,3806.0127
G03_R0763,763,G03,500,50,1e-06,0.75,0.1,0.1,5.0,36.464,593.41827
G03_R0764,764,G03,500,50,1e-06,0.75,0.2,0.1,5.0,38.623,1831.26436
G03_R0765,765,G03,500,50,1e-06,0.75,0.3,0.1,5.0,42.421,3840.312
G03_R0766,766,G03,500,50,1e-06,0.7,0.1,0.1,5.0,36.466,599.67777
G03_R0767,767,G03,500,50,1e-06,0.7,0.2,0.1,5.0,38.631,1850.06371
G03_R0768,768,G03,500,50,1e-06,0.7,0.3,0.1,5.0,42.433,3878.9112499999997
G04_R0001,1,G04,25,3,0.001,0.85,0.1,0.2,4.0,6.6073,4.0947113
G04_R0002,2,G04,25,3,0.001,0.85,0.2,0.2,4.0,7.1374,5.8794465
G04_R0003,3,G04,25,3,0.001,0.85,0.3,0.2,4.0,7.7562,8.6489802
G04_R0004,4,G04,25,3,0.001,0.8,0.1,0.2,4.0,6.6123,4.1094925
G04_R0005,5,G04,25,3,0.001,0.8,0.2,0.2,4.0,7.1444,5.9083518
G04_R0006,6,G04,25,3,0.001,0.8,0.3,0.2,4.0,7.7641,8.6981418
G04_R0007,7,G04,25,3,0.001,0.75,0.1,0.2,4.0,6.6175,4.1249485
G04_R0008,8,G04,25,3,0.001,0.75,0.2,0.2,4.0,7.1517,5.9389199
G04_R0009,9,G04,25,3,0.001,0.75,0.3,0.2,4.0,7.7725,8.750560799999999
G04_R0010,10,G04,25,3,0.001,0.7,0.1,0.2,4.0,6.6229,4.141176
G04_R0011,11,G04,25,3,0.001,0.7,0.2,0.2,4.0,7.1594,5.9713457
G04_R0012,12,G04,25,3,0.001,0.7,0.3,0.2,4.0,7.7815,8.8068313
G04_R0013,13,G04,25,3,0.0001,0.85,0.1,0.2,4.0,6.9242,5.1825259
G04_R0014,14,G04,25,3,0.0001,0.85,0.2,0.2,4.0,7.5582,8.0369898
G04_R0015,15,G04,25,3,0.0001,0.85,0.3,0.2,4.0,8.3914,12.857629
G04_R0016,16,G04,25,3,0.0001,0.8,0.1,0.2,4.0,6.9272,5.193996299999999
G04_R0017,17,G04,25,3,0.0001,0.8,0.2,0.2,4.0,7.5619,8.0580114
G04_R0018,18,G04,25,3,0.0001,0.8,0.3,0.2,4.0,8.3961,12.895281
G04_R0019,19,G04,25,3,0.0001,0.75,0.1,0.2,4.0,6.9302,5.206143
G04_R0020,20,G04,25,3,0.0001,0.75,0.2,0.2,4.0,7.5658,8.080504000000001
G04_R0021,21,G04,25,3,0.0001,0.75,0.3,0.2,4.0,8.401,12.935897
G04_R0022,22,G04,25,3,0.0001,0.7,0.1,0.2,4.0,6.9334,5.219061900000001
G04_R0023,23,G04,25,3,0.0001,0.7,0.2,0.2,4.0,7.5698,8.104763
G04_R0024,24,G04,25,3,0.0001,0.7,0.3,0.2,4.0,8.406,12.979471
G04_R0025,25,G04,25,3,1e-05,0.85,0.1,0.2,4.0,7.011,7.534962999999999
G04_R0026,26,G04,25,3,1e-05,0.85,0.2,0.2,4.0,7.6779,15.557938
G04_R0027,27,G04,25,3,1e-05,0.85,0.3,0.2,4.0,8.5694,28.793528
G04_R0028,28,G04,25,3,1e-05,0.8,0.1,0.2,4.0,7.012,7.546976
G04_R0029,29,G04,25,3,1e-05,0.8,0.2,0.2,4.0,7.6793,15.585818
G04_R0030,30,G04,25,3,1e-05,0.8,0.3,0.2,4.0,8.5712,28.843374999999998
G04_R0031,31,G04,25,3,1e-05,0.75,0.1,0.2,4.0,7.0131,7.56038
G04_R0032,32,G04,25,3,1e-05,0.75,0.2,0.2,4.0,7.6806,15.616687
G04_R0033,33,G04,25,3,1e-05,0.75,0.3,0.2,4.0,8.5729,28.899207
G04_R0034,34,G04,25,3,1e-05,0.7,0.1,0.2,4.0,7.0142,7.575175000000001
G04_R0035,35,G04,25,3,1e-05,0.7,0.2,0.2,4.0,7.682,15.651542999999998
G04_R0036,36,G04,25,3,1e-05,0.7,0.3,0.2,4.0,8.5748,28.963023
G04_R0037,37,G04,25,3,1e-06,0.85,0.1,0.2,4.0,7.0385,25.442321
G04_R0038,38,G04,25,3,1e-06,0.85,0.2,0.2,4.0,7.7143,80.868153
G04_R0039,39,G04,25,3,1e-06,0.85,0.3,0.2,4.0,8.6209,171.860148
G04_R0040,40,G04,25,3,1e-06,0.8,0.1,0.2,4.0,7.0387,25.498289
G04_R0041,41,G04,25,3,1e-06,0.8,0.2,0.2,4.0,7.7146,80.979111
G04_R0042,42,G04,25,3,1e-06,0.8,0.3,0.2,4.0,8.6213,172.03009600000001
G04_R0043,43,G04,25,3,1e-06,0.75,0.1,0.2,4.0,7.0389,25.560255
G04_R0044,44,G04,25,3,1e-06,0.75,0.2,0.2,4.0,7.7149,81.102066
G04_R0045,45,G04,25,3,1e-06,0.75,0.3,0.2,4.0,8.6216,172.22004
G04_R0046,46,G04,25,3,1e-06,0.7,0.1,0.2,4.0,7.0392,25.627219
G04_R0047,47,G04,25,3,1e-06,0.7,0.2,0.2,4.0,7.7152,81.238017
G04_R0048,48,G04,25,3,1e-06,0.7,0.3,0.2,4.0,8.622,172.439979
G04_R0049,49,G04,25,6,0.001,0.85,0.1,0.2,4.0,7.299,4.0947113
G04_R0050,50,G04,25,6,0.001,0.85,0.2,0.2,4.0,7.891,5.8794465
G04_R0051,51,G04,25,6,0.001,0.85,0.3,0.2,4.0,8.5768,8.6489802
G04_R0052,52,G04,25,6,0.001,0.8,0.1,0.2,4.0,7.3042,4.1094925
G04_R0053,53,G04,25,6,0.001,0.8,0.2,0.2,4.0,7.8984,5.9083518
G04_R0054,54,G04,25,6,0.001,0.8,0.3,0.2,4.0,8.5854,8.6981418
G04_R0055,55,G04,25,6,0.001,0.75,0.1,0.2,4.0,7.3096,4.1249485
G04_R0056,56,G04,25,6,0.001,0.75,0.2,0.2,4.0,7.9062,5.9389199
G04_R0057,57,G04,25,6,0.001,0.75,0.3,0.2,4.0,8.5947,8.750560799999999
G04_R0058,58,G04,25,6,0.001,0.7,0.1,0.2,4.0,7.3154,4.141176
G04_R0059,59,G04,25,6,0.001,0.7,0.2,0.2,4.0,7.9145,5.9713457
G04_R0060,60,G04,25,6,0.001,0.7,0.3,0.2,4.0,8.6045,8.8068313
G04_R0061,61,G04,25,6,0.0001,0.85,0.1,0.2,4.0,7.6201,5.1825259
G04_R0062,62,G04,25,6,0.0001,0.85,0.2,0.2,4.0,8.3118,8.0369898
G04_R0063,63,G04,25,6,0.0001,0.85,0.3,0.2,4.0,9.205,12.857629
G04_R0064,64,G04,25,6,0.0001,0.8,0.1,0.2,4.0,7.6232,5.193996299999999
G04_R0065,65,G04,25,6,0.0001,0.8,0.2,0.2,4.0,8.3156,8.0580114
G04_R0066,66,G04,25,6,0.0001,0.8,0.3,0.2,4.0,9.2099,12.895281
G04_R0067,67,G04,25,6,0.0001,0.75,0.1,0.2,4.0,7.6263,5.206143
G04_R0068,68,G04,25,6,0.0001,0.75,0.2,0.2,4.0,8.3196,8.080504000000001
G04_R0069,69,G04,25,6,0.0001,0.75,0.3,0.2,4.0,9.2149,12.935897
G04_R0070,70,G04,25,6,0.0001,0.7,0.1,0.2,4.0,7.6296,5.219061900000001
G04_R0071,71,G04,25,6,0.0001,0.7,0.2,0.2,4.0,8.3237,8.104763
G04_R0072,72,G04,25,6,0.0001,0.7,0.3,0.2,4.0,9.2202,12.979471
G04_R0073,73,G04,25,6,1e-05,0.85,0.1,0.2,4.0,7.708,7.534962999999999
G04_R0074,74,G04,25,6,1e-05,0.85,0.2,0.2,4.0,8.4314,15.557938
G04_R0075,75,G04,25,6,1e-05,0.85,0.3,0.2,4.0,9.3798,28.793528
G04_R0076,76,G04,25,6,1e-05,0.8,0.1,0.2,4.0,7.709,7.546976
G04_R0077,77,G04,25,6,1e-05,0.8,0.2,0.2,4.0,8.4327,15.585818
G04_R0078,78,G04,25,6,1e-05,0.8,0.3,0.2,4.0,9.3815,28.843374999999998
G04_R0079,79,G04,25,6,1e-05,0.75,0.1,0.2,4.0,7.7101,7.56038
G04_R0080,80,G04,25,6,1e-05,0.75,0.2,0.2,4.0,8.4341,15.616687
G04_R0081,81,G04,25,6,1e-05,0.75,0.3,0.2,4.0,9.3833,28.899207
G04_R0082,82,G04,25,6,1e-05,0.7,0.1,0.2,4.0,7.7112,7.575175000000001
G04_R0083,83,G04,25,6,1e-05,0.7,0.2,0.2,4.0,8.4355,15.651542999999998
G04_R0084,84,G04,25,6,1e-05,0.7,0.3,0.2,4.0,9.3852,28.963023
G04_R0085,85,G04,25,6,1e-06,0.85,0.1,0.2,4.0,7.7359,25.442321
G04_R0086,86,G04,25,6,1e-06,0.85,0.2,0.2,4.0,8.4679,80.868153
G04_R0087,87,G04,25,6,1e-06,0.85,0.3,0.2,4.0,9.4307,171.860148
G04_R0088,88,G04,25,6,1e-06,0.8,0.1,0.2,4.0,7.7361,25.498289
G04_R0089,89,G04,25,6,1e-06,0.8,0.2,0.2,4.0,8.4681,80.979111
G04_R0090,90,G04,25,6,1e-06,0.8,0.3,0.2,4.0,9.431,172.03009600000001
G04_R0091,91,G04,25,6,1e-06,0.75,0.1,0.2,4.0,7.7363,25.560255
G04_R0092,92,G04,25,6,1e-06,0.75,0.2,0.2,4.0,8.4684,81.102066
G04_R0093,93,G04,25,6,1e-06,0.75,0.3,0.2,4.0,9.4314,172.22004
G04_R0094,94,G04,25,6,1e-06,0.7,0.1,0.2,4.0,7.7366,25.627219
G04_R0095,95,G04,25,6,1e-06,0.7,0.2,0.2,4.0,8.4687,81.238017
G04_R0096,96,G04,25,6,1e-06,0.7,0.3,0.2,4.0,9.4317,172.439979
G04_R0097,97,G04,25,20,0.001,0.85,0.1,0.2,4.0,9.5331,4.0947113
G04_R0098,98,G04,25,20,0.001,0.85,0.2,0.2,4.0,10.246,5.8794465
G04_R0099,99,G04,25,20,0.001,0.85,0.3,0.2,4.0,11.075,8.6489802
G04_R0100,100,G04,25,20,0.001,0.8,0.1,0.2,4.0,9.5394,4.1094925
G04_R0101,101,G04,25,20,0.001,0.8,0.2,0.2,4.0,10.255,5.9083518
G04_R0102,102,G04,25,20,0.001,0.8,0.3,0.2,4.0,11.085,8.6981418
G04_R0103,103,G04,25,20,0.001,0.75,0.1,0.2,4.0,9.5459,4.1249485
G04_R0104,104,G04,25,20,0.001,0.75,0.2,0.2,4.0,10.264,5.9389199
G04_R0105,105,G04,25,20,0.001,0.75,0.3,0.2,4.0,11.096,8.750560799999999
G04_R0106,106,G04,25,20,0.001,0.7,0.1,0.2,4.0,9.5527,4.141176
G04_R0107,107,G04,25,20,0.001,0.7,0.2,0.2,4.0,10.274,5.9713457
G04_R0108,108,G04,25,20,0.001,0.7,0.3,0.2,4.0,11.108,8.8068313
G04_R0109,109,G04,25,20,0.0001,0.85,0.1,0.2,4.0,9.8986,5.1825259
G04_R0110,110,G04,25,20,0.0001,0.85,0.2,0.2,4.0,10.71,8.0369898
G04_R0111,111,G04,25,20,0.0001,0.85,0.3,0.2,4.0,11.745,12.857629
G04_R0112,112,G04,25,20,0.0001,0.8,0.1,0.2,4.0,9.9021,5.193996299999999
G04_R0113,113,G04,25,20,0.0001,0.8,0.2,0.2,4.0,10.714,8.0580114
G04_R0114,114,G04,25,20,0.0001,0.8,0.3,0.2,4.0,11.751,12.895281
G04_R0115,115,G04,25,20,0.0001,0.75,0.1,0.2,4.0,9.9058,5.206143
G04_R0116,116,G04,25,20,0.0001,0.75,0.2,0.2,4.0,10.719,8.080504000000001
G04_R0117,117,G04,25,20,0.0001,0.75,0.3,0.2,4.0,11.757,12.935897
G04_R0118,118,G04,25,20,0.0001,0.7,0.1,0.2,4.0,9.9096,5.219061900000001
G04_R0119,119,G04,25,20,0.0001,0.7,0.2,0.2,4.0,10.724,8.104763
G04_R0120,120,G04,25,20,0.0001,0.7,0.3,0.2,4.0,11.763,12.979471
G04_R0121,121,G04,25,20,1e-05,0.85,0.1,0.2,4.0,9.9981,7.534962999999999
G04_R0122,122,G04,25,20,1e-05,0.85,0.2,0.2,4.0,10.842,15.557938
G04_R0123,123,G04,25,20,1e-05,0.85,0.3,0.2,4.0,11.931,28.793528
G04_R0124,124,G04,25,20,1e-05,0.8,0.1,0.2,4.0,9.9993,7.546976
G04_R0125,125,G04,25,20,1e-05,0.8,0.2,0.2,4.0,10.843,15.585818
G04_R0126,126,G04,25,20,1e-05,0.8,0.3,0.2,4.0,11.933,28.843374999999998
G04_R0127,127,G04,25,20,1e-05,0.75,0.1,0.2,4.0,10.001,7.56038
G04_R0128,128,G04,25,20,1e-05,0.75,0.2,0.2,4.0,10.845,15.616687
G04_R0129,129,G04,25,20,1e-05,0.75,0.3,0.2,4.0,11.935,28.899207
G04_R0130,130,G04,25,20,1e-05,0.7,0.1,0.2,4.0,10.002,7.575175000000001
G04_R0131,131,G04,25,20,1e-05,0.7,0.2,0.2,4.0,10.847,15.651542999999998
G04_R0132,132,G04,25,20,1e-05,0.7,0.3,0.2,4.0,11.937,28.963023
G04_R0133,133,G04,25,20,1e-06,0.85,0.1,0.2,4.0,10.03,25.442321
G04_R0134,134,G04,25,20,1e-06,0.85,0.2,0.2,4.0,10.883,80.868153
G04_R0135,135,G04,25,20,1e-06,0.85,0.3,0.2,4.0,11.986,171.860148
G04_R0136,136,G04,25,20,1e-06,0.8,0.1,0.2,4.0,10.03,25.498289
G04_R0137,137,G04,25,20,1e-06,0.8,0.2,0.2,4.0,10.883,80.979111
G04_R0138,138,G04,25,20,1e-06,0.8,0.3,0.2,4.0,11.986,172.03009600000001
G04_R0139,139,G04,25,20,1e-06,0.75,0.1,0.2,4.0,10.03,25.560255
G04_R0140,140,G04,25,20,1e-06,0.75,0.2,0.2,4.0,10.883,81.102066
G04_R0141,141,G04,25,20,1e-06,0.75,0.3,0.2,4.0,11.987,172.22004
G04_R0142,142,G04,25,20,1e-06,0.7,0.1,0.2,4.0,10.031,25.627219
G04_R0143,143,G04,25,20,1e-06,0.7,0.2,0.2,4.0,10.883,81.238017
G04_R0144,144,G04,25,20,1e-06,0.7,0.3,0.2,4.0,11.987,172.439979
G04_R0145,145,G04,25,50,0.001,0.85,0.1,0.2,4.0,12.367,4.0947113
G04_R0146,146,G04,25,50,0.001,0.85,0.2,0.2,4.0,13.26,5.8794465
G04_R0147,147,G04,25,50,0.001,0.85,0.3,0.2,4.0,14.292,8.6489802
G04_R0148,148,G04,25,50,0.001,0.8,0.1,0.2,4.0,12.375,4.1094925
G04_R0149,149,G04,25,50,0.001,0.8,0.2,0.2,4.0,13.272,5.9083518
G04_R0150,150,G04,25,50,0.001,0.8,0.3,0.2,4.0,14.306,8.6981418
G04_R0151,151,G04,25,50,0.001,0.75,0.1,0.2,4.0,12.383,4.1249485
G04_R0152,152,G04,25,50,0.001,0.75,0.2,0.2,4.0,13.283,5.9389199
G04_R0153,153,G04,25,50,0.001,0.75,0.3,0.2,4.0,14.32,8.750560799999999
G04_R0154,154,G04,25,50,0.001,0.7,0.1,0.2,4.0,12.392,4.141176
G04_R0155,155,G04,25,50,0.001,0.7,0.2,0.2,4.0,13.296,5.9713457
G04_R0156,156,G04,25,50,0.001,0.7,0.3,0.2,4.0,14.335,8.8068313
G04_R0157,157,G04,25,50,0.0001,0.85,0.1,0.2,4.0,12.821,5.1825259
G04_R0158,158,G04,25,50,0.0001,0.85,0.2,0.2,4.0,13.832,8.0369898
G04_R0159,159,G04,25,50,0.0001,0.85,0.3,0.2,4.0,15.108,12.857629
G04_R0160,160,G04,25,50,0.0001,0.8,0.1,0.2,4.0,12.826,5.193996299999999
G04_R0161,161,G04,25,50,0.0001,0.8,0.2,0.2,4.0,13.838,8.0580114
G04_R0162,162,G04,25,50,0.0001,0.8,0.3,0.2,4.0,15.115,12.895281
G04_R0163,163,G04,25,50,0.0001,0.75,0.1,0.2,4.0,12.83,5.206143
G04_R0164,164,G04,25,50,0.0001,0.75,0.2,0.2,4.0,13.843,8.080504000000001
G04_R0165,165,G04,25,50,0.0001,0.75,0.3,0.2,4.0,15.122,12.935897
G04_R0166,166,G04,25,50,0.0001,0.7,0.1,0.2,4.0,12.835,5.219061900000001
G04_R0167,167,G04,25,50,0.0001,0.7,0.2,0.2,4.0,13.849,8.104763
G04_R0168,168,G04,25,50,0.0001,0.7,0.3,0.2,4.0,15.129,12.979471
G04_R0169,169,G04,25,50,1e-05,0.85,0.1,0.2,4.0,12.945,7.534962999999999
G04_R0170,170,G04,25,50,1e-05,0.85,0.2,0.2,4.0,13.994,15.557938
G04_R0171,171,G04,25,50,1e-05,0.85,0.3,0.2,4.0,15.333,28.793528
G04_R0172,172,G04,25,50,1e-05,0.8,0.1,0.2,4.0,12.946,7.546976
G04_R0173,173,G04,25,50,1e-05,0.8,0.2,0.2,4.0,13.996,15.585818
G04_R0174,174,G04,25,50,1e-05,0.8,0.3,0.2,4.0,15.335,28.843374999999998
G04_R0175,175,G04,25,50,1e-05,0.75,0.1,0.2,4.0,12.948,7.56038
G04_R0176,176,G04,25,50,1e-05,0.75,0.2,0.2,4.0,13.998,15.616687
G04_R0177,177,G04,25,50,1e-05,0.75,0.3,0.2,4.0,15.338,28.899207
G04_R0178,178,G04,25,50,1e-05,0.7,0.1,0.2,4.0,12.95,7.575175000000001
G04_R0179,179,G04,25,50,1e-05,0.7,0.2,0.2,4.0,14.0,15.651542999999998
G04_R0180,180,G04,25,50,1e-05,0.7,0.3,0.2,4.0,15.34,28.963023
G04_R0181,181,G04,25,50,1e-06,0.85,0.1,0.2,4.0,12.984,25.442321
G04_R0182,182,G04,25,50,1e-06,0.85,0.2,0.2,4.0,14.044,80.868153
G04_R0183,183,G04,25,50,1e-06,0.85,0.3,0.2,4.0,15.399,171.860148
G04_R0184,184,G04,25,50,1e-06,0.8,0.1,0.2,4.0,12.985,25.498289
G04_R0185,185,G04,25,50,1e-06,0.8,0.2,0.2,4.0,14.044,80.979111
G04_R0186,186,G04,25,50,1e-06,0.8,0.3,0.2,4.0,15.4,172.03009600000001
G04_R0187,187,G04,25,50,1e-06,0.75,0.1,0.2,4.0,12.985,25.560255
G04_R0188,188,G04,25,50,1e-06,0.75,0.2,0.2,4.0,14.045,81.102066
G04_R0189,189,G04,25,50,1e-06,0.75,0.3,0.2,4.0,15.4,172.22004
G04_R0190,190,G04,25,50,1e-06,0.7,0.1,0.2,4.0,12.985,25.627219
G04_R0191,191,G04,25,50,1e-06,0.7,0.2,0.2,4.0,14.045,81.238017
G04_R0192,192,G04,25,50,1e-06,0.7,0.3,0.2,4.0,15.401,172.439979
G04_R0193,193,G04,100,3,0.001,0.85,0.1,0.2,4.0,8.3007,18.30901
G04_R0194,194,G04,100,3,0.001,0.85,0.2,0.2,4.0,8.9837,26.547065999999997
G04_R0195,195,G04,100,3,0.001,0.85,0.3,0.2,4.0,9.8306,39.525698
G04_R0196,196,G04,100,3,0.001,0.8,0.1,0.2,4.0,8.3088,18.395998
G04_R0197,197,G04,100,3,0.001,0.8,0.2,0.2,4.0,8.9951,26.713999
G04_R0198,198,G04,100,3,0.001,0.8,0.3,0.2,4.0,9.8452,39.835638
G04_R0199,199,G04,100,3,0.001,0.75,0.1,0.2,4.0,8.3173,18.489910000000002
G04_R0200,200,G04,100,3,0.001,0.75,0.2,0.2,4.0,9.0071,26.893846999999997
G04_R0201,201,G04,100,3,0.001,0.75,0.3,0.2,4.0,9.8607,40.170498
G04_R0202,202,G04,100,3,0.001,0.7,0.1,0.2,4.0,8.3263,18.589737
G04_R0203,203,G04,100,3,0.001,0.7,0.2,0.2,4.0,9.0198,27.086602000000003
G04_R0204,204,G04,100,3,0.001,0.7,0.3,0.2,4.0,9.8769,40.532271
G04_R0205,205,G04,100,3,0.0001,0.85,0.1,0.2,4.0,8.5739,22.873401
G04_R0206,206,G04,100,3,0.0001,0.85,0.2,0.2,4.0,9.3115,35.616175999999996
G04_R0207,207,G04,100,3,0.0001,0.85,0.3,0.2,4.0,10.288,57.014529
G04_R0208,208,G04,100,3,0.0001,0.8,0.1,0.2,4.0,8.5773,22.931694999999998
G04_R0209,209,G04,100,3,0.0001,0.8,0.2,0.2,4.0,9.3161,35.745357
G04_R0210,210,G04,100,3,0.0001,0.8,0.3,0.2,4.0,10.294,57.262553000000004
G04_R0211,211,G04,100,3,0.0001,0.75,0.1,0.2,4.0,8.5809,22.993918
G04_R0212,212,G04,100,3,0.0001,0.75,0.2,0.2,4.0,9.3209,35.885458
G04_R0213,213,G04,100,3,0.0001,0.75,0.3,0.2,4.0,10.3,57.536482
G04_R0214,214,G04,100,3,0.0001,0.7,0.1,0.2,4.0,8.5846,23.062059
G04_R0215,215,G04,100,3,0.0001,0.7,0.2,0.2,4.0,9.326,36.040467
G04_R0216,216,G04,100,3,0.0001,0.7,0.3,0.2,4.0,10.307,57.8403
G04_R0217,217,G04,100,3,1e-05,0.85,0.1,0.2,4.0,8.6512,32.728905999999995
G04_R0218,218,G04,100,3,1e-05,0.85,0.2,0.2,4.0,9.4057,66.901586
G04_R0219,219,G04,100,3,1e-05,0.85,0.3,0.2,4.0,10.418,123.045745
G04_R0220,220,G04,100,3,1e-05,0.8,0.1,0.2,4.0,8.6523,32.816631
G04_R0221,221,G04,100,3,1e-05,0.8,0.2,0.2,4.0,9.4074,67.15021800000001
G04_R0222,222,G04,100,3,1e-05,0.8,0.3,0.2,4.0,10.42,123.535292
G04_R0223,223,G04,100,3,1e-05,0.75,0.1,0.2,4.0,8.6535,32.915329
G04_R0224,224,G04,100,3,1e-05,0.75,0.2,0.2,4.0,9.4091,67.435815
G04_R0225,225,G04,100,3,1e-05,0.75,0.3,0.2,4.0,10.422,124.09479900000001
G04_R0226,226,G04,100,3,1e-05,0.7,0.1,0.2,4.0,8.6547,33.027996
G04_R0227,227,G04,100,3,1e-05,0.7,0.2,0.2,4.0,9.4109,67.76437299999999
G04_R0228,228,G04,100,3,1e-05,0.7,0.3,0.2,4.0,10.425,124.74425699999999
G04_R0229,229,G04,100,3,1e-06,0.85,0.1,0.2,4.0,8.6772,105.067714
G04_R0230,230,G04,100,3,1e-06,0.85,0.2,0.2,4.0,9.4355,330.747791
G04_R0231,231,G04,100,3,1e-06,0.85,0.3,0.2,4.0,10.457,700.9853019999999
G04_R0232,232,G04,100,3,1e-06,0.8,0.1,0.2,4.0,8.6774,105.37761400000001
G04_R0233,233,G04,100,3,1e-06,0.8,0.2,0.2,4.0,9.4357,331.557661
G04_R0234,234,G04,100,3,1e-06,0.8,0.3,0.2,4.0,10.458,702.485145
G04_R0235,235,G04,100,3,1e-06,0.75,0.1,0.2,4.0,8.6776,105.737506
G04_R0236,236,G04,100,3,1e-06,0.75,0.2,0.2,4.0,9.4361,332.47752099999997
G04_R0237,237,G04,100,3,1e-06,0.75,0.3,0.2,4.0,10.458,704.214977
G04_R0238,238,G04,100,3,1e-06,0.7,0.1,0.2,4.0,8.6778,106.127391
G04_R0239,239,G04,100,3,1e-06,0.7,0.2,0.2,4.0,9.4364,333.53736899999996
G04_R0240,240,G04,100,3,1e-06,0.7,0.3,0.2,4.0,10.459,706.214794
G04_R0241,241,G04,100,6,0.001,0.85,0.1,0.2,4.0,9.9089,18.30901
G04_R0242,242,G04,100,6,0.001,0.85,0.2,0.2,4.0,10.687,26.547065999999997
G04_R0243,243,G04,100,6,0.001,0.85,0.3,0.2,4.0,11.625,39.525698
G04_R0244,244,G04,100,6,0.001,0.8,0.1,0.2,4.0,9.9182,18.395998
G04_R0245,245,G04,100,6,0.001,0.8,0.2,0.2,4.0,10.7,26.713999
G04_R0246,246,G04,100,6,0.001,0.8,0.3,0.2,4.0,11.641,39.835638
G04_R0247,247,G04,100,6,0.001,0.75,0.1,0.2,4.0,9.9279,18.489910000000002
G04_R0248,248,G04,100,6,0.001,0.75,0.2,0.2,4.0,10.713,26.893846999999997
G04_R0249,249,G04,100,6,0.001,0.75,0.3,0.2,4.0,11.659,40.170498
G04_R0250,250,G04,100,6,0.001,0.7,0.1,0.2,4.0,9.9382,18.589737
G04_R0251,251,G04,100,6,0.001,0.7,0.2,0.2,4.0,10.727,27.086602000000003
G04_R0252,252,G04,100,6,0.001,0.7,0.3,0.2,4.0,11.677,40.532271
G04_R0253,253,G04,100,6,0.0001,0.85,0.1,0.2,4.0,10.22,22.873401
G04_R0254,254,G04,100,6,0.0001,0.85,0.2,0.2,4.0,11.072,35.616175999999996
G04_R0255,255,G04,100,6,0.0001,0.85,0.3,0.2,4.0,12.165,57.014529
G04_R0256,256,G04,100,6,0.0001,0.8,0.1,0.2,4.0,10.224,22.931694999999998
G04_R0257,257,G04,100,6,0.0001,0.8,0.2,0.2,4.0,11.078,35.745357
G04_R0258,258,G04,100,6,0.0001,0.8,0.3,0.2,4.0,12.171,57.262553000000004
G04_R0259,259,G04,100,6,0.0001,0.75,0.1,0.2,4.0,10.228,22.993918
G04_R0260,260,G04,100,6,0.0001,0.75,0.2,0.2,4.0,11.084,35.885458
G04_R0261,261,G04,100,6,0.0001,0.75,0.3,0.2,4.0,12.177,57.536482
G04_R0262,262,G04,100,6,0.0001,0.7,0.1,0.2,4.0,10.232,23.062059
G04_R0263,263,G04,100,6,0.0001,0.7,0.2,0.2,4.0,11.09,36.040467
G04_R0264,264,G04,100,6,0.0001,0.7,0.3,0.2,4.0,12.184,57.8403
G04_R0265,265,G04,100,6,1e-05,0.85,0.1,0.2,4.0,10.307,32.728905999999995
G04_R0266,266,G04,100,6,1e-05,0.85,0.2,0.2,4.0,11.091,66.901586
G04_R0267,267,G04,100,6,1e-05,0.85,0.3,0.2,4.0,12.33,123.045745
G04_R0268,268,G04,100,6,1e-05,0.8,0.1,0.2,4.0,10.309,32.816631
G04_R0269,269,G04,100,6,1e-05,0.8,0.2,0.2,4.0,11.092,67.15021800000001
G04_R0270,270,G04,100,6,1e-05,0.8,0.3,0.2,4.0,12.332,123.535292
G04_R0271,271,G04,100,6,1e-05,0.75,0.1,0.2,4.0,10.31,32.915329
G04_R0272,272,G04,100,6,1e-05,0.75,0.2,0.2,4.0,11.094,67.435816
G04_R0273,273,G04,100,6,1e-05,0.75,0.3,0.2,4.0,12.334,124.09479900000001
G04_R0274,274,G04,100,6,1e-05,0.7,0.1,0.2,4.0,10.311,33.027996
G04_R0275,275,G04,100,6,1e-05,0.7,0.2,0.2,4.0,11.096,67.764374
G04_R0276,276,G04,100,6,1e-05,0.7,0.3,0.2,4.0,12.337,124.74425699999999
G04_R0277,277,G04,100,6,1e-06,0.85,0.1,0.2,4.0,10.337,105.067714
G04_R0278,278,G04,100,6,1e-06,0.85,0.2,0.2,4.0,11.121,330.747791
G04_R0279,279,G04,100,6,1e-06,0.85,0.3,0.2,4.0,12.248,700.9853019999999
G04_R0280,280,G04,100,6,1e-06,0.8,0.1,0.2,4.0,10.337,105.37761400000001
G04_R0281,281,G04,100,6,1e-06,0.8,0.2,0.2,4.0,11.121,331.557661
G04_R0282,282,G04,100,6,1e-06,0.8,0.3,0.2,4.0,12.382,702.485145
G04_R0283,283,G04,100,6,1e-06,0.75,0.1,0.2,4.0,10.337,105.737506
G04_R0284,284,G04,100,6,1e-06,0.75,0.2,0.2,4.0,11.122,332.47752099999997
G04_R0285,285,G04,100,6,1e-06,0.75,0.3,0.2,4.0,12.382,704.214977
G04_R0286,286,G04,100,6,1e-06,0.7,0.1,0.2,4.0,10.337,106.127391
G04_R0287,287,G04,100,6,1e-06,0.7,0.2,0.2,4.0,11.122,333.53736999999995
G04_R0288,288,G04,100,6,1e-06,0.7,0.3,0.2,4.0,12.383,706.214794
G04_R0289,289,G04,100,20,0.001,0.85,0.1,0.2,4.0,14.053,18.309011
G04_R0290,290,G04,100,20,0.001,0.85,0.2,0.2,4.0,15.144,26.547065999999997
G04_R0291,291,G04,100,20,0.001,0.85,0.3,0.2,4.0,16.477,39.525698
G04_R0292,292,G04,100,20,0.001,0.8,0.1,0.2,4.0,14.066,18.395998
G04_R0293,293,G04,100,20,0.001,0.8,0.2,0.2,4.0,15.162,26.713999
G04_R0294,294,G04,100,20,0.001,0.8,0.3,0.2,4.0,16.499,39.835637
G04_R0295,295,G04,100,20,0.001,0.75,0.1,0.2,4.0,14.08,18.489910000000002
G04_R0296,296,G04,100,20,0.001,0.75,0.2,0.2,4.0,15.181,26.893846999999997
G04_R0297,297,G04,100,20,0.001,0.75,0.3,0.2,4.0,16.523,40.170498
G04_R0298,298,G04,100,20,0.001,0.7,0.1,0.2,4.0,14.094,18.589737
G04_R0299,299,G04,100,20,0.001,0.7,0.2,0.2,4.0,15.201,27.086602000000003
G04_R0300,300,G04,100,20,0.001,0.7,0.3,0.2,4.0,16.548,40.532271
G04_R0301,301,G04,100,20,0.0001,0.85,0.1,0.2,4.0,14.464,22.873401
G04_R0302,302,G04,100,20,0.0001,0.85,0.2,0.2,4.0,15.6,35.617176
G04_R0303,303,G04,100,20,0.0001,0.85,0.3,0.2,4.0,17.084,57.014529
G04_R0304,304,G04,100,20,0.0001,0.8,0.1,0.2,4.0,14.469,22.931694999999998
G04_R0305,305,G04,100,20,0.0001,0.8,0.2,0.2,4.0,15.607,35.745357
G04_R0306,306,G04,100,20,0.0001,0.8,0.3,0.2,4.0,17.094,57.262553000000004
G04_R0307,307,G04,100,20,0.0001,0.75,0.1,0.2,4.0,14.475,22.993918
G04_R0308,308,G04,100,20,0.0001,0.75,0.2,0.2,4.0,15.615,35.885459
G04_R0309,309,G04,100,20,0.0001,0.75,0.3,0.2,4.0,17.105,57.536482
G04_R0310,310,G04,100,20,0.0001,0.7,0.1,0.2,4.0,14.481,23.062059
G04_R0311,311,G04,100,20,0.0001,0.7,0.2,0.2,4.0,15.624,36.040467
G04_R0312,312,G04,100,20,0.0001,0.7,0.3,0.2,4.0,17.117,57.840301000000004
G04_R0313,313,G04,100,20,1e-05,0.85,0.1,0.2,4.0,14.578,32.728905999999995
G04_R0314,314,G04,100,20,1e-05,0.85,0.2,0.2,4.0,15.724,66.901586
G04_R0315,315,G04,100,20,1e-05,0.85,0.3,0.2,4.0,17.244,123.045746
G04_R0316,316,G04,100,20,1e-05,0.8,0.1,0.2,4.0,14.58,32.816631
G04_R0317,317,G04,100,20,1e-05,0.8,0.2,0.2,4.0,15.727,67.15021800000001
G04_R0318,318,G04,100,20,1e-05,0.8,0.3,0.2,4.0,17.248,123.53529300000001
G04_R0319,319,G04,100,20,1e-05,0.75,0.1,0.2,4.0,14.582,32.915330000000004
G04_R0320,320,G04,100,20,1e-05,0.75,0.2,0.2,4.0,15.729,67.435816
G04_R0321,321,G04,100,20,1e-05,0.75,0.3,0.2,4.0,17.252,124.0948
G04_R0322,322,G04,100,20,1e-05,0.7,0.1,0.2,4.0,14.583,33.027996
G04_R0323,323,G04,100,20,1e-05,0.7,0.2,0.2,4.0,15.732,67.764374
G04_R0324,324,G04,100,20,1e-05,0.7,0.3,0.2,4.0,17.256,124.744258
G04_R0325,325,G04,100,20,1e-06,0.85,0.1,0.2,4.0,14.617,105.067714
G04_R0326,326,G04,100,20,1e-06,0.85,0.2,0.2,4.0,15.765,330.747791
G04_R0327,327,G04,100,20,1e-06,0.85,0.3,0.2,4.0,17.29,700.9853019999999
G04_R0328,328,G04,100,20,1e-06,0.8,0.1,0.2,4.0,14.617,105.37761400000001
G04_R0329,329,G04,100,20,1e-06,0.8,0.2,0.2,4.0,15.765,331.557661
G04_R0330,330,G04,100,20,1e-06,0.8,0.3,0.2,4.0,17.291,702.485146
G04_R0331,331,G04,100,20,1e-06,0.75,0.1,0.2,4.0,14.618,105.737506
G04_R0332,332,G04,100,20,1e-06,0.75,0.2,0.2,4.0,15.766,332.47752099999997
G04_R0333,333,G04,100,20,1e-06,0.75,0.3,0.2,4.0,17.292,704.214978
G04_R0334,334,G04,100,20,1e-06,0.7,0.1,0.2,4.0,14.618,106.127391
G04_R0335,335,G04,100,20,1e-06,0.7,0.2,0.2,4.0,15.766,333.53736999999995
G04_R0336,336,G04,100,20,1e-06,0.7,0.3,0.2,4.0,17.293,706.214795
G04_R0337,337,G04,100,50,0.001,0.85,0.1,0.2,4.0,18.883,18.309011
G04_R0338,338,G04,100,50,0.001,0.85,0.2,0.2,4.0,20.387,26.547065999999997
G04_R0339,339,G04,100,50,0.001,0.85,0.3,0.2,4.0,22.184,39.525698
G04_R0340,340,G04,100,50,0.001,0.8,0.1,0.2,4.0,18.901,18.395998
G04_R0341,341,G04,100,50,0.001,0.8,0.2,0.2,4.0,20.412,26.713999
G04_R0342,342,G04,100,50,0.001,0.8,0.3,0.2,4.0,22.216,39.835637
G04_R0343,343,G04,100,50,0.001,0.75,0.1,0.2,4.0,18.919,18.489910000000002
G04_R0344,344,G04,100,50,0.001,0.75,0.2,0.2,4.0,20.438,26.893846999999997
G04_R0345,345,G04,100,50,0.001,0.75,0.3,0.2,4.0,22.249,40.170498
G04_R0346,346,G04,100,50,0.001,0.7,0.1,0.2,4.0,18.939,18.589737
G04_R0347,347,G04,100,50,0.001,0.7,0.2,0.2,4.0,20.466,27.086602000000003
G04_R0348,348,G04,100,50,0.001,0.7,0.3,0.2,4.0,22.284,40.532271
G04_R0349,349,G04,100,50,0.0001,0.85,0.1,0.2,4.0,19.443,22.873401
G04_R0350,350,G04,100,50,0.0001,0.85,0.2,0.2,4.0,21.009,35.617176
G04_R0351,351,G04,100,50,0.0001,0.85,0.3,0.2,4.0,23.016,57.014529
G04_R0352,352,G04,100,50,0.0001,0.8,0.1,0.2,4.0,19.45,22.931694999999998
G04_R0353,353,G04,100,50,0.0001,0.8,0.2,0.2,4.0,21.019,35.745357
G04_R0354,354,G04,100,50,0.0001,0.8,0.3,0.2,4.0,23.03,57.262553000000004
G04_R0355,355,G04,100,50,0.0001,0.75,0.1,0.2,4.0,19.458,22.993918
G04_R0356,356,G04,100,50,0.0001,0.75,0.2,0.2,4.0,21.031,35.885459
G04_R0357,357,G04,100,50,0.0001,0.75,0.3,0.2,4.0,23.045,57.536482
G04_R0358,358,G04,100,50,0.0001,0.7,0.1,0.2,4.0,19.466,23.062059
G04_R0359,359,G04,100,50,0.0001,0.7,0.2,0.2,4.0,21.042,36.040467
G04_R0360,360,G04,100,50,0.0001,0.7,0.3,0.2,4.0,23.061,57.840301000000004
G04_R0361,361,G04,100,50,1e-05,0.85,0.1,0.2,4.0,19.597,32.728905999999995
G04_R0362,362,G04,100,50,1e-05,0.85,0.2,0.2,4.0,21.182,66.901586
G04_R0363,363,G04,100,50,1e-05,0.85,0.3,0.2,4.0,23.235,123.045746
G04_R0364,364,G04,100,50,1e-05,0.8,0.1,0.2,4.0,19.6,32.816631
G04_R0365,365,G04,100,50,1e-05,0.8,0.2,0.2,4.0,21.185,67.15021800000001
G04_R0366,366,G04,100,50,1e-05,0.8,0.3,0.2,4.0,23.24,123.53529300000001
G04_R0367,367,G04,100,50,1e-05,0.75,0.1,0.2,4.0,19.602,32.915330000000004
G04_R0368,368,G04,100,50,1e-05,0.75,0.2,0.2,4.0,21.189,67.435816
G04_R0369,369,G04,100,50,1e-05,0.75,0.3,0.2,4.0,23.245,124.0948
G04_R0370,370,G04,100,50,1e-05,0.7,0.1,0.2,4.0,19.605,33.027996
G04_R0371,371,G04,100,50,1e-05,0.7,0.2,0.2,4.0,21.193,67.764374
G04_R0372,372,G04,100,50,1e-05,0.7,0.3,0.2,4.0,23.251,124.744258
G04_R0373,373,G04,100,50,1e-06,0.85,0.1,0.2,4.0,19.65,105.067714
G04_R0374,374,G04,100,50,1e-06,0.85,0.2,0.2,4.0,21.239,330.747791
G04_R0375,375,G04,100,50,1e-06,0.85,0.3,0.2,4.0,23.298,700.9853019999999
G04_R0376,376,G04,100,50,1e-06,0.8,0.1,0.2,4.0,19.651,105.37761400000001
G04_R0377,377,G04,100,50,1e-06,0.8,0.2,0.2,4.0,21.24,331.557661
G04_R0378,378,G04,100,50,1e-06,0.8,0.3,0.2,4.0,23.299,702.485146
G04_R0379,379,G04,100,50,1e-06,0.75,0.1,0.2,4.0,19.651,105.737506
G04_R0380,380,G04,100,50,1e-06,0.75,0.2,0.2,4.0,21.24,332.47752099999997
G04_R0381,381,G04,100,50,1e-06,0.75,0.3,0.2,4.0,23.301,704.214978
G04_R0382,382,G04,100,50,1e-06,0.7,0.1,0.2,4.0,19.652,106.127391
G04_R0383,383,G04,100,50,1e-06,0.7,0.2,0.2,4.0,21.241,333.53736999999995
G04_R0384,384,G04,100,50,1e-06,0.7,0.3,0.2,4.0,23.302,706.214795
G04_R0385,385,G04,250,3,0.001,0.85,0.1,0.2,4.0,10.263,55.44657
G04_R0386,386,G04,250,3,0.001,0.85,0.2,0.2,4.0,11.182,81.625957
G04_R0387,387,G04,250,3,0.001,0.85,0.3,0.2,4.0,12.434,123.026142
G04_R0388,388,G04,250,3,0.001,0.8,0.1,0.2,4.0,10.274,55.781194
G04_R0389,389,G04,250,3,0.001,0.8,0.2,0.2,4.0,11.197,82.277829
G04_R0390,390,G04,250,3,0.001,0.8,0.3,0.2,4.0,12.455,124.264264
G04_R0391,391,G04,250,3,0.001,0.75,0.1,0.2,4.0,10.286,56.139635
G04_R0392,392,G04,250,3,0.001,0.75,0.2,0.2,4.0,11.212,82.977583
G04_R0393,393,G04,250,3,0.001,0.75,0.3,0.2,4.0,12.475,125.592298
G04_R0394,394,G04,250,3,0.001,0.7,0.1,0.2,4.0,10.298,56.524884
G04_R0395,395,G04,250,3,0.001,0.7,0.2,0.2,4.0,11.228,83.734167
G04_R0396,396,G04,250,3,0.001,0.7,0.3,0.2,4.0,12.495,127.04023699999999
G04_R0397,397,G04,250,3,0.0001,0.85,0.1,0.2,4.0,10.453,68.24374399999999
G04_R0398,398,G04,250,3,0.0001,0.85,0.2,0.2,4.0,11.262,107.570681
G04_R0399,399,G04,250,3,0.0001,0.85,0.3,0.2,4.0,12.402,173.60053499999998
G04_R0400,400,G04,250,3,0.0001,0.8,0.1,0.2,4.0,10.457,68.463213
G04_R0401,401,G04,250,3,0.0001,0.8,0.2,0.2,4.0,11.269,108.119634
G04_R0402,402,G04,250,3,0.0001,0.8,0.3,0.2,4.0,12.411,174.73209300000002
G04_R0403,403,G04,250,3,0.0001,0.75,0.1,0.2,4.0,10.462,68.70152999999999
G04_R0404,404,G04,250,3,0.0001,0.75,0.2,0.2,4.0,11.276,108.738563
G04_R0405,405,G04,250,3,0.0001,0.75,0.3,0.2,4.0,12.421,175.993844
G04_R0406,406,G04,250,3,0.0001,0.7,0.1,0.2,4.0,10.467,68.962672
G04_R0407,407,G04,250,3,0.0001,0.7,0.2,0.2,4.0,11.284,109.427351
G04_R0408,408,G04,250,3,0.0001,0.7,0.3,0.2,4.0,12.431,177.42581
G04_R0409,409,G04,250,3,1e-05,0.85,0.1,0.2,4.0,10.501,95.451029
G04_R0410,410,G04,250,3,1e-05,0.85,0.2,0.2,4.0,11.254,192.29868000000002
G04_R0411,411,G04,250,3,1e-05,0.85,0.3,0.2,4.0,12.349,350.77374
G04_R0412,412,G04,250,3,1e-05,0.8,0.1,0.2,4.0,10.502,95.856438
G04_R0413,413,G04,250,3,1e-05,0.8,0.2,0.2,4.0,11.257,193.57792
G04_R0414,414,G04,250,3,1e-05,0.8,0.3,0.2,4.0,12.353,353.39302
G04_R0415,415,G04,250,3,1e-05,0.75,0.1,0.2,4.0,10.503,96.31877100000001
G04_R0416,416,G04,250,3,1e-05,0.75,0.2,0.2,4.0,11.26,195.05709
G04_R0417,417,G04,250,3,1e-05,0.75,0.3,0.2,4.0,12.357,356.42226
G04_R0418,418,G04,250,3,1e-05,0.7,0.1,0.2,4.0,10.505,96.853032
G04_R0419,419,G04,250,3,1e-05,0.7,0.2,0.2,4.0,11.263,196.78618999999998
G04_R0420,420,G04,250,3,1e-05,0.7,0.3,0.2,4.0,12.362,359.95146
G04_R0421,421,G04,250,3,1e-06,0.85,0.1,0.2,4.0,10.522,280.450627
G04_R0422,422,G04,250,3,1e-06,0.85,0.2,0.2,4.0,11.249,866.40768
G04_R0423,423,G04,250,3,1e-06,0.85,0.3,0.2,4.0,12.331,1826.2476000000001
G04_R0424,424,G04,250,3,1e-06,0.8,0.1,0.2,4.0,10.522,281.6604
G04_R0425,425,G04,250,3,1e-06,0.8,0.2,0.2,4.0,11.25,870.40739
G04_R0426,426,G04,250,3,1e-06,0.8,0.3,0.2,4.0,12.333,1834.24727
G04_R0427,427,G04,250,3,1e-06,0.75,0.1,0.2,4.0,10.522,283.070156
G04_R0428,428,G04,250,3,1e-06,0.75,0.2,0.2,4.0,11.251,875.21708
G04_R0429,429,G04,250,3,1e-06,0.75,0.3,0.2,4.0,12.334,1843.74692
G04_R0430,430,G04,250,3,1e-06,0.7,0.1,0.2,4.0,10.523,284.77989
G04_R0431,431,G04,250,3,1e-06,0.7,0.2,0.2,4.0,11.252,880.91675
G04_R0432,432,G04,250,3,1e-06,0.7,0.3,0.2,4.0,12.336,1854.84654
G04_R0433,433,G04,250,6,0.001,0.85,0.1,0.2,4.0,12.495,55.44657
G04_R0434,434,G04,250,6,0.001,0.85,0.2,0.2,4.0,13.624,81.625957
G04_R0435,435,G04,250,6,0.001,0.85,0.3,0.2,4.0,15.172,123.026142
G04_R0436,436,G04,250,6,0.001,0.8,0.1,0.2,4.0,12.509,55.781194
G04_R0437,437,G04,250,6,0.001,0.8,0.2,0.2,4.0,13.642,82.277829
G04_R0438,438,G04,250,6,0.001,0.8,0.3,0.2,4.0,15.195,124.264264
G04_R0439,439,G04,250,6,0.001,0.75,0.1,0.2,4.0,12.523,56.139635
G04_R0440,440,G04,250,6,0.001,0.75,0.2,0.2,4.0,13.66,82.977583
G04_R0441,441,G04,250,6,0.001,0.75,0.3,0.2,4.0,15.219,125.592298
G04_R0442,442,G04,250,6,0.001,0.7,0.1,0.2,4.0,12.537,56.524884
G04_R0443,443,G04,250,6,0.001,0.7,0.2,0.2,4.0,13.678,83.734167
G04_R0444,444,G04,250,6,0.001,0.7,0.3,0.2,4.0,15.243,127.04023699999999
G04_R0445,445,G04,250,6,0.0001,0.85,0.1,0.2,4.0,12.707,68.24374399999999
G04_R0446,446,G04,250,6,0.0001,0.85,0.2,0.2,4.0,13.669,107.570681
G04_R0447,447,G04,250,6,0.0001,0.85,0.3,0.2,4.0,15.016,173.60053499999998
G04_R0448,448,G04,250,6,0.0001,0.8,0.1,0.2,4.0,12.713,68.463213
G04_R0449,449,G04,250,6,0.0001,0.8,0.2,0.2,4.0,13.678,108.119634
G04_R0450,450,G04,250,6,0.0001,0.8,0.3,0.2,4.0,15.027,174.73209300000002
G04_R0451,451,G04,250,6,0.0001,0.75,0.1,0.2,4.0,12.719,68.70152999999999
G04_R0452,452,G04,250,6,0.0001,0.75,0.2,0.2,4.0,13.687,108.738563
G04_R0453,453,G04,250,6,0.0001,0.75,0.3,0.2,4.0,15.039,175.993844
G04_R0454,454,G04,250,6,0.0001,0.7,0.1,0.2,4.0,12.725,68.962672
G04_R0455,455,G04,250,6,0.0001,0.7,0.2,0.2,4.0,13.697,109.427351
G04_R0456,456,G04,250,6,0.0001,0.7,0.3,0.2,4.0,15.052,177.42581
G04_R0457,457,G04,250,6,1e-05,0.85,0.1,0.2,4.0,12.757,95.451029
G04_R0458,458,G04,250,6,1e-05,0.85,0.2,0.2,4.0,13.644,192.29868000000002
G04_R0459,459,G04,250,6,1e-05,0.85,0.3,0.2,4.0,14.921,350.77374
G04_R0460,460,G04,250,6,1e-05,0.8,0.1,0.2,4.0,12.759,95.856438
G04_R0461,461,G04,250,6,1e-05,0.8,0.2,0.2,4.0,13.647,193.57792
G04_R0462,462,G04,250,6,1e-05,0.8,0.3,0.2,4.0,14.926,353.39302
G04_R0463,463,G04,250,6,1e-05,0.75,0.1,0.2,4.0,12.761,96.31877100000001
G04_R0464,464,G04,250,6,1e-05,0.75,0.2,0.2,4.0,13.651,195.05709
G04_R0465,465,G04,250,6,1e-05,0.75,0.3,0.2,4.0,14.931,356.42226
G04_R0466,466,G04,250,6,1e-05,0.7,0.1,0.2,4.0,12.763,96.853032
G04_R0467,467,G04,250,6,1e-05,0.7,0.2,0.2,4.0,13.655,196.78618999999998
G04_R0468,468,G04,250,6,1e-05,0.7,0.3,0.2,4.0,14.937,359.95146
G04_R0469,469,G04,250,6,1e-06,0.85,0.1,0.2,4.0,12.782,280.450627
G04_R0470,470,G04,250,6,1e-06,0.85,0.2,0.2,4.0,13.628,866.40768
G04_R0471,471,G04,250,6,1e-06,0.85,0.3,0.2,4.0,14.893,1826.2476000000001
G04_R0472,472,G04,250,6,1e-06,0.8,0.1,0.2,4.0,12.782,281.6604
G04_R0473,473,G04,250,6,1e-06,0.8,0.2,0.2,4.0,13.629,870.40739
G04_R0474,474,G04,250,6,1e-06,0.8,0.3,0.2,4.0,14.895,1834.24727
G04_R0475,475,G04,250,6,1e-06,0.75,0.1,0.2,4.0,12.782,283.070156
G04_R0476,476,G04,250,6,1e-06,0.75,0.2,0.2,4.0,13.63,875.21708
G04_R0477,477,G04,250,6,1e-06,0.75,0.3,0.2,4.0,14.897,1843.74692
G04_R0478,478,G04,250,6,1e-06,0.7,0.1,0.2,4.0,12.782,284.77989
G04_R0479,479,G04,250,6,1e-06,0.7,0.2,0.2,4.0,13.631,880.91675
G04_R0480,480,G04,250,6,1e-06,0.7,0.3,0.2,4.0,14.9,1854.84654
G04_R0481,481,G04,250,20,0.001,0.85,0.1,0.2,4.0,18.2,55.44657
G04_R0482,482,G04,250,20,0.001,0.85,0.2,0.2,4.0,20.009,81.625957
G04_R0483,483,G04,250,20,0.001,0.85,0.3,0.2,4.0,22.394,123.026142
G04_R0484,484,G04,250,20,0.001,0.8,0.1,0.2,4.0,18.221,55.781194
G04_R0485,485,G04,250,20,0.001,0.8,0.2,0.2,4.0,20.037,82.277829
G04_R0486,486,G04,250,20,0.001,0.8,0.3,0.2,4.0,22.431,124.264264
G04_R0487,487,G04,250,20,0.001,0.75,0.1,0.2,4.0,18.243,56.139635
G04_R0488,488,G04,250,20,0.001,0.75,0.2,0.2,4.0,20.065,82.977583
G04_R0489,489,G04,250,20,0.001,0.75,0.3,0.2,4.0,22.467,125.592298
G04_R0490,490,G04,250,20,0.001,0.7,0.1,0.2,4.0,18.266,56.524884
G04_R0491,491,G04,250,20,0.001,0.7,0.2,0.2,4.0,20.093,83.734167
G04_R0492,492,G04,250,20,0.001,0.7,0.3,0.2,4.0,22.503,127.04023699999999
G04_R0493,493,G04,250,20,0.0001,0.85,0.1,0.2,4.0,18.5,68.24374399999999
G04_R0494,494,G04,250,20,0.0001,0.85,0.2,0.2,4.0,20.007,107.570681
G04_R0495,495,G04,250,20,0.0001,0.85,0.3,0.2,4.0,21.877,173.60053499999998
G04_R0496,496,G04,250,20,0.0001,0.8,0.1,0.2,4.0,18.508,68.463213
G04_R0497,497,G04,250,20,0.0001,0.8,0.2,0.2,4.0,20.021,108.119634
G04_R0498,498,G04,250,20,0.0001,0.8,0.3,0.2,4.0,21.895,174.73209300000002
G04_R0499,499,G04,250,20,0.0001,0.75,0.1,0.2,4.0,18.517,68.70152999999999
G04_R0500,500,G04,250,20,0.0001,0.75,0.2,0.2,4.0,20.035,108.738563
G04_R0501,501,G04,250,20,0.0001,0.75,0.3,0.2,4.0,21.913,175.993844
G04_R0502,502,G04,250,20,0.0001,0.7,0.1,0.2,4.0,18.527,68.962672
G04_R0503,503,G04,250,20,0.0001,0.7,0.2,0.2,4.0,20.05,109.427351
G04_R0504,504,G04,250,20,0.0001,0.7,0.3,0.2,4.0,21.932,177.42581
G04_R0505,505,G04,250,20,1e-05,0.85,0.1,0.2,4.0,18.568,95.451029
G04_R0506,506,G04,250,20,1e-05,0.85,0.2,0.2,4.0,19.821,192.29868000000002
G04_R0507,507,G04,250,20,1e-05,0.85,0.3,0.2,4.0,21.713,350.77374
G04_R0508,508,G04,250,20,1e-05,0.8,0.1,0.2,4.0,18.57,95.856438
G04_R0509,509,G04,250,20,1e-05,0.8,0.2,0.2,4.0,19.827,193.58792
G04_R0510,510,G04,250,20,1e-05,0.8,0.3,0.2,4.0,21.721,353.39302
G04_R0511,511,G04,250,20,1e-05,0.75,0.1,0.2,4.0,18.573,96.31877100000001
G04_R0512,512,G04,250,20,1e-05,0.75,0.2,0.2,4.0,19.832,195.06708999999998
G04_R0513,513,G04,250,20,1e-05,0.75,0.3,0.2,4.0,21.729,356.42226
G04_R0514,514,G04,250,20,1e-05,0.7,0.1,0.2,4.0,18.575,96.853032
G04_R0515,515,G04,250,20,1e-05,0.7,0.2,0.2,4.0,19.839,196.79619
G04_R0516,516,G04,250,20,1e-05,0.7,0.3,0.2,4.0,21.738,359.95146
G04_R0517,517,G04,250,20,1e-06,0.85,0.1,0.2,4.0,18.603,280.450627
G04_R0518,518,G04,250,20,1e-06,0.85,0.2,0.2,4.0,19.806,866.40768
G04_R0519,519,G04,250,20,1e-06,0.85,0.3,0.2,4.0,21.673,1826.2476000000001
G04_R0520,520,G04,250,20,1e-06,0.8,0.1,0.2,4.0,18.603,281.6604
G04_R0521,521,G04,250,20,1e-06,0.8,0.2,0.2,4.0,19.807,870.40739
G04_R0522,522,G04,250,20,1e-06,0.8,0.3,0.2,4.0,21.675,1834.24727
G04_R0523,523,G04,250,20,1e-06,0.75,0.1,0.2,4.0,18.604,283.070156
G04_R0524,524,G04,250,20,1e-06,0.75,0.2,0.2,4.0,19.809,875.21708
G04_R0525,525,G04,250,20,1e-06,0.75,0.3,0.2,4.0,21.678,1843.74692
G04_R0526,526,G04,250,20,1e-06,0.7,0.1,0.2,4.0,18.604,284.77989
G04_R0527,527,G04,250,20,1e-06,0.7,0.2,0.2,4.0,19.811,880.91675
G04_R0528,528,G04,250,20,1e-06,0.7,0.3,0.2,4.0,21.682,1854.84654
G04_R0529,529,G04,250,50,0.001,0.85,0.1,0.2,4.0,24.634,55.44657
G04_R0530,530,G04,250,50,0.001,0.85,0.2,0.2,4.0,27.204,81.625957
G04_R0531,531,G04,250,50,0.001,0.85,0.3,0.2,4.0,30.745,123.026142
G04_R0532,532,G04,250,50,0.001,0.8,0.1,0.2,4.0,24.664,55.781194
G04_R0533,533,G04,250,50,0.001,0.8,0.2,0.2,4.0,27.244,82.277829
G04_R0534,534,G04,250,50,0.001,0.8,0.3,0.2,4.0,30.795,124.264264
G04_R0535,535,G04,250,50,0.001,0.75,0.1,0.2,4.0,24.695,56.139635
G04_R0536,536,G04,250,50,0.001,0.75,0.2,0.2,4.0,27.284,82.977583
G04_R0537,537,G04,250,50,0.001,0.75,0.3,0.2,4.0,30.843,125.592298
G04_R0538,538,G04,250,50,0.001,0.7,0.1,0.2,4.0,24.728,56.524884
G04_R0539,539,G04,250,50,0.001,0.7,0.2,0.2,4.0,27.323,83.734167
G04_R0540,540,G04,250,50,0.001,0.7,0.3,0.2,4.0,30.89,127.04023699999999
G04_R0541,541,G04,250,50,0.0001,0.85,0.1,0.2,4.0,24.983,68.24374399999999
G04_R0542,542,G04,250,50,0.0001,0.85,0.2,0.2,4.0,27.071,107.570681
G04_R0543,543,G04,250,50,0.0001,0.85,0.3,0.2,4.0,29.74,173.60053499999998
G04_R0544,544,G04,250,50,0.0001,0.8,0.1,0.2,4.0,24.995,68.463212
G04_R0545,545,G04,250,50,0.0001,0.8,0.2,0.2,4.0,27.09,108.119634
G04_R0546,546,G04,250,50,0.0001,0.8,0.3,0.2,4.0,29.765,174.73209300000002
G04_R0547,547,G04,250,50,0.0001,0.75,0.1,0.2,4.0,25.008,68.70152999999999
G04_R0548,548,G04,250,50,0.0001,0.75,0.2,0.2,4.0,27.11,108.738564
G04_R0549,549,G04,250,50,0.0001,0.75,0.3,0.2,4.0,29.79,175.993844
G04_R0550,550,G04,250,50,0.0001,0.7,0.1,0.2,4.0,25.021,68.962672
G04_R0551,551,G04,250,50,0.0001,0.7,0.2,0.2,4.0,27.131,109.427351
G04_R0552,552,G04,250,50,0.0001,0.7,0.3,0.2,4.0,29.817,177.42581
G04_R0553,553,G04,250,50,1e-05,0.85,0.1,0.2,4.0,25.073,95.452035
G04_R0554,554,G04,250,50,1e-05,0.85,0.2,0.2,4.0,26.987,192.29868000000002
G04_R0555,555,G04,250,50,1e-05,0.85,0.3,0.2,4.0,29.657,350.77374
G04_R0556,556,G04,250,50,1e-05,0.8,0.1,0.2,4.0,25.076,95.857438
G04_R0557,557,G04,250,50,1e-05,0.8,0.2,0.2,4.0,26.994,193.58792
G04_R0558,558,G04,250,50,1e-05,0.8,0.3,0.2,4.0,29.667,353.39302
G04_R0559,559,G04,250,50,1e-05,0.75,0.1,0.2,4.0,25.08,96.32077100000001
G04_R0560,560,G04,250,50,1e-05,0.75,0.2,0.2,4.0,27.002,195.06708999999998
G04_R0561,561,G04,250,50,1e-05,0.75,0.3,0.2,4.0,29.678,356.42226
G04_R0562,562,G04,250,50,1e-05,0.7,0.1,0.2,4.0,25.084,96.856032
G04_R0563,563,G04,250,50,1e-05,0.7,0.2,0.2,4.0,27.011,196.79619
G04_R0564,564,G04,250,50,1e-05,0.7,0.3,0.2,4.0,29.69,359.95146
G04_R0565,565,G04,250,50,1e-06,0.85,0.1,0.2,4.0,25.121,280.450627
G04_R0566,566,G04,250,50,1e-06,0.85,0.2,0.2,4.0,26.968,866.40768
G04_R0567,567,G04,250,50,1e-06,0.85,0.3,0.2,4.0,29.629,1826.2476000000001
G04_R0568,568,G04,250,50,1e-06,0.8,0.1,0.2,4.0,25.121,281.6604
G04_R0569,569,G04,250,50,1e-06,0.8,0.2,0.2,4.0,26.97,870.40739
G04_R0570,570,G04,250,50,1e-06,0.8,0.3,0.2,4.0,29.633,1834.24727
G04_R0571,571,G04,250,50,1e-06,0.75,0.1,0.2,4.0,25.121,283.070156
G04_R0572,572,G04,250,50,1e-06,0.75,0.2,0.2,4.0,26.972,875.21708
G04_R0573,573,G04,250,50,1e-06,0.75,0.3,0.2,4.0,29.637,1843.74692
G04_R0574,574,G04,250,50,1e-06,0.7,0.1,0.2,4.0,25.122,284.77989
G04_R0575,575,G04,250,50,1e-06,0.7,0.2,0.2,4.0,26.975,880.91675
G04_R0576,576,G04,250,50,1e-06,0.7,0.3,0.2,4.0,29.642,1854.84654
G04_R0577,577,G04,500,3,0.001,0.85,0.1,0.2,4.0,12.26,142.093539
G04_R0578,578,G04,500,3,0.001,0.85,0.2,0.2,4.0,13.432,210.14825100000002
G04_R0579,579,G04,500,3,0.001,0.85,0.3,0.2,4.0,15.128,316.99584
G04_R0580,580,G04,500,3,0.001,0.8,0.1,0.2,4.0,12.273,143.07872999999998
G04_R0581,581,G04,500,3,0.001,0.8,0.2,0.2,4.0,13.448,212.074008
G04_R0582,582,G04,500,3,0.001,0.8,0.3,0.2,4.0,15.151,320.55223
G04_R0583,583,G04,500,3,0.001,0.75,0.1,0.2,4.0,12.287,144.123571
G04_R0584,584,G04,500,3,0.001,0.75,0.2,0.2,4.0,13.463,214.15956
G04_R0585,585,G04,500,3,0.001,0.75,0.3,0.2,4.0,15.173,324.39831000000004
G04_R0586,586,G04,500,3,0.001,0.7,0.1,0.2,4.0,12.302,145.24804
G04_R0587,587,G04,500,3,0.001,0.7,0.2,0.2,4.0,13.478,216.42489
G04_R0588,588,G04,500,3,0.001,0.7,0.3,0.2,4.0,15.193,328.60433
G04_R0589,589,G04,500,3,0.0001,0.85,0.1,0.2,4.0,12.425,172.435759
G04_R0590,590,G04,500,3,0.0001,0.85,0.2,0.2,4.0,13.475,275.054616
G04_R0591,591,G04,500,3,0.0001,0.85,0.3,0.2,4.0,14.967,445.44397299999997
G04_R0592,592,G04,500,3,0.0001,0.8,0.1,0.2,4.0,12.43,173.132981
G04_R0593,593,G04,500,3,0.0001,0.8,0.2,0.2,4.0,13.484,276.925877
G04_R0594,594,G04,500,3,0.0001,0.8,0.3,0.2,4.0,14.979,449.325591
G04_R0595,595,G04,500,3,0.0001,0.75,0.1,0.2,4.0,12.437,173.88992000000002
G04_R0596,596,G04,500,3,0.0001,0.75,0.2,0.2,4.0,13.494,278.997201
G04_R0597,597,G04,500,3,0.0001,0.75,0.3,0.2,4.0,14.99,453.718543
G04_R0598,598,G04,500,3,0.0001,0.7,0.1,0.2,4.0,12.443,174.72653000000003
G04_R0599,599,G04,500,3,0.0001,0.7,0.2,0.2,4.0,13.504,281.378667
G04_R0600,600,G04,500,3,0.0001,0.7,0.3,0.2,4.0,15.002,458.73303
G04_R0601,601,G04,500,3,1e-05,0.85,0.1,0.2,4.0,12.447,235.95608000000001
G04_R0602,602,G04,500,3,1e-05,0.85,0.2,0.2,4.0,13.417,467.88167999999996
G04_R0603,603,G04,500,3,1e-05,0.85,0.3,0.2,4.0,14.964,843.14757
G04_R0604,604,G04,500,3,1e-05,0.8,0.1,0.2,4.0,12.449,237.36491
G04_R0605,605,G04,500,3,1e-05,0.8,0.2,0.2,4.0,13.422,472.30065
G04_R0606,606,G04,500,3,1e-05,0.8,0.3,0.2,4.0,14.97,852.3584
G04_R0607,607,G04,500,3,1e-05,0.75,0.1,0.2,4.0,12.451,238.85364
G04_R0608,608,G04,500,3,1e-05,0.75,0.2,0.2,4.0,13.427,477.34957
G04_R0609,609,G04,500,3,1e-05,0.75,0.3,0.2,4.0,14.977,862.93957
G04_R0610,610,G04,500,3,1e-05,0.7,0.1,0.2,4.0,12.453,240.56224
G04_R0611,611,G04,500,3,1e-05,0.7,0.2,0.2,4.0,13.433,483.16846
G04_R0612,612,G04,500,3,1e-05,0.7,0.3,0.2,4.0,14.983,875.22118
G04_R0613,613,G04,500,3,1e-06,0.85,0.1,0.2,4.0,12.461,624.00442
G04_R0614,614,G04,500,3,1e-06,0.85,0.2,0.2,4.0,13.352,1873.1415000000002
G04_R0615,615,G04,500,3,1e-06,0.85,0.3,0.2,4.0,14.918,3906.07116
G04_R0616,616,G04,500,3,1e-06,0.8,0.1,0.2,4.0,12.462,628.50396
G04_R0617,617,G04,500,3,1e-06,0.8,0.2,0.2,4.0,13.354,1887.64093
G04_R0618,618,G04,500,3,1e-06,0.8,0.3,0.2,4.0,14.921,3935.17053
G04_R0619,619,G04,500,3,1e-06,0.75,0.1,0.2,4.0,12.462,633.4534699999999
G04_R0620,620,G04,500,3,1e-06,0.75,0.2,0.2,4.0,13.356,1903.6403200000002
G04_R0621,621,G04,500,3,1e-06,0.75,0.3,0.2,4.0,14.924,3967.9698500000004
G04_R0622,622,G04,500,3,1e-06,0.7,0.1,0.2,4.0,12.462,638.90295
G04_R0623,623,G04,500,3,1e-06,0.7,0.2,0.2,4.0,13.359,1922.13965
G04_R0624,624,G04,500,3,1e-06,0.7,0.3,0.2,4.0,14.927,4006.36913
G04_R0625,625,G04,500,6,0.001,0.85,0.1,0.2,4.0,15.153,142.093539
G04_R0626,626,G04,500,6,0.001,0.85,0.2,0.2,4.0,16.578,210.14825100000002
G04_R0627,627,G04,500,6,0.001,0.85,0.3,0.2,4.0,18.73,316.99584
G04_R0628,628,G04,500,6,0.001,0.8,0.1,0.2,4.0,15.171,143.07872999999998
G04_R0629,629,G04,500,6,0.001,0.8,0.2,0.2,4.0,16.599,212.074008
G04_R0630,630,G04,500,6,0.001,0.8,0.3,0.2,4.0,18.759,320.55223
G04_R0631,631,G04,500,6,0.001,0.75,0.1,0.2,4.0,15.189,144.123571
G04_R0632,632,G04,500,6,0.001,0.75,0.2,0.2,4.0,16.619,214.15956
G04_R0633,633,G04,500,6,0.001,0.75,0.3,0.2,4.0,18.785,324.39831000000004
G04_R0634,634,G04,500,6,0.001,0.7,0.1,0.2,4.0,15.209,145.24804
G04_R0635,635,G04,500,6,0.001,0.7,0.2,0.2,4.0,16.639,216.42489
G04_R0636,636,G04,500,6,0.001,0.7,0.3,0.2,4.0,18.81,328.60433
G04_R0637,637,G04,500,6,0.0001,0.85,0.1,0.2,4.0,15.412,172.435759
G04_R0638,638,G04,500,6,0.0001,0.85,0.2,0.2,4.0,16.813,275.054616
G04_R0639,639,G04,500,6,0.0001,0.85,0.3,0.2,4.0,18.726,445.44397299999997
G04_R0640,640,G04,500,6,0.0001,0.8,0.1,0.2,4.0,15.42,173.132981
G04_R0641,641,G04,500,6,0.0001,0.8,0.2,0.2,4.0,16.825,276.925877
G04_R0642,642,G04,500,6,0.0001,0.8,0.3,0.2,4.0,18.741,449.325591
G04_R0643,643,G04,500,6,0.0001,0.75,0.1,0.2,4.0,15.428,173.88992000000002
G04_R0644,644,G04,500,6,0.0001,0.75,0.2,0.2,4.0,16.848,278.997201
G04_R0645,645,G04,500,6,0.0001,0.75,0.3,0.2,4.0,18.756,453.718543
G04_R0646,646,G04,500,6,0.0001,0.7,0.1,0.2,4.0,15.436,174.72653000000003
G04_R0647,647,G04,500,6,0.0001,0.7,0.2,0.2,4.0,16.861,281.378667
G04_R0648,648,G04,500,6,0.0001,0.7,0.3,0.2,4.0,18.772,458.73303
G04_R0649,649,G04,500,6,1e-05,0.85,0.1,0.2,4.0,15.458,235.95608000000001
G04_R0650,650,G04,500,6,1e-05,0.85,0.2,0.2,4.0,16.777,467.88167999999996
G04_R0651,651,G04,500,6,1e-05,0.85,0.3,0.2,4.0,18.806,843.14757
G04_R0652,652,G04,500,6,1e-05,0.8,0.1,0.2,4.0,15.461,237.36491
G04_R0653,653,G04,500,6,1e-05,0.8,0.2,0.2,4.0,16.783,472.30065
G04_R0654,654,G04,500,6,1e-05,0.8,0.3,0.2,4.0,18.814,852.3584
G04_R0655,655,G04,500,6,1e-05,0.75,0.1,0.2,4.0,15.463,238.85364
G04_R0656,656,G04,500,6,1e-05,0.75,0.2,0.2,4.0,16.79,477.34957
G04_R0657,657,G04,500,6,1e-05,0.75,0.3,0.2,4.0,18.822,862.93957
G04_R0658,658,G04,500,6,1e-05,0.7,0.1,0.2,4.0,15.466,240.56224
G04_R0659,659,G04,500,6,1e-05,0.7,0.2,0.2,4.0,16.798,483.16846
G04_R0660,660,G04,500,6,1e-05,0.7,0.3,0.2,4.0,18.831,875.22118
G04_R0661,661,G04,500,6,1e-06,0.85,0.1,0.2,4.0,15.479,624.00442
G04_R0662,662,G04,500,6,1e-06,0.85,0.2,0.2,4.0,16.697,1873.1415000000002
G04_R0663,663,G04,500,6,1e-06,0.85,0.3,0.2,4.0,18.751,3906.07116
G04_R0664,664,G04,500,6,1e-06,0.8,0.1,0.2,4.0,15.48,628.50396
G04_R0665,665,G04,500,6,1e-06,0.8,0.2,0.2,4.0,16.701,1887.64093
G04_R0666,666,G04,500,6,1e-06,0.8,0.3,0.2,4.0,18.755,3935.17053
G04_R0667,667,G04,500,6,1e-06,0.75,0.1,0.2,4.0,15.48,633.4534699999999
G04_R0668,668,G04,500,6,1e-06,0.75,0.2,0.2,4.0,16.704,1903.6403200000002
G04_R0669,669,G04,500,6,1e-06,0.75,0.3,0.2,4.0,18.758,3967.9698500000004
G04_R0670,670,G04,500,6,1e-06,0.7,0.1,0.2,4.0,15.481,638.90295
G04_R0671,671,G04,500,6,1e-06,0.7,0.2,0.2,4.0,16.707,1922.13965
G04_R0672,672,G04,500,6,1e-06,0.7,0.3,0.2,4.0,18.763,4006.36913
G04_R0673,673,G04,500,20,0.001,0.85,0.1,0.2,4.0,22.991,142.09354100000002
G04_R0674,674,G04,500,20,0.001,0.85,0.2,0.2,4.0,25.135,210.14825100000002
G04_R0675,675,G04,500,20,0.001,0.85,0.3,0.2,4.0,27.987,316.99584
G04_R0676,676,G04,500,20,0.001,0.8,0.1,0.2,4.0,23.026,143.07873199999997
G04_R0677,677,G04,500,20,0.001,0.8,0.2,0.2,4.0,25.181,212.074008
G04_R0678,678,G04,500,20,0.001,0.8,0.3,0.2,4.0,28.026,320.55223
G04_R0679,679,G04,500,20,0.001,0.75,0.1,0.2,4.0,23.063,144.123574
G04_R0680,680,G04,500,20,0.001,0.75,0.2,0.2,4.0,25.23,214.15956
G04_R0681,681,G04,500,20,0.001,0.75,0.3,0.2,4.0,28.059,324.39831000000004
G04_R0682,682,G04,500,20,0.001,0.7,0.1,0.2,4.0,23.102,145.248043
G04_R0683,683,G04,500,20,0.001,0.7,0.2,0.2,4.0,25.282,216.42489
G04_R0684,684,G04,500,20,0.001,0.7,0.3,0.2,4.0,28.088,328.60433
G04_R0685,685,G04,500,20,0.0001,0.85,0.1,0.2,4.0,23.765,172.435759
G04_R0686,686,G04,500,20,0.0001,0.85,0.2,0.2,4.0,26.86,275.054616
G04_R0687,687,G04,500,20,0.0001,0.85,0.3,0.2,4.0,29.903,445.44397299999997
G04_R0688,688,G04,500,20,0.0001,0.8,0.1,0.2,4.0,23.779,173.132981
G04_R0689,689,G04,500,20,0.0001,0.8,0.2,0.2,4.0,26.884,276.925877
G04_R0690,690,G04,500,20,0.0001,0.8,0.3,0.2,4.0,29.928,449.325591
G04_R0691,691,G04,500,20,0.0001,0.75,0.1,0.2,4.0,23.793,173.88992000000002
G04_R0692,692,G04,500,20,0.0001,0.75,0.2,0.2,4.0,26.909,279.027203
G04_R0693,693,G04,500,20,0.0001,0.75,0.3,0.2,4.0,29.957,453.718543
G04_R0694,694,G04,500,20,0.0001,0.7,0.1,0.2,4.0,23.809,174.72653000000003
G04_R0695,695,G04,500,20,0.0001,0.7,0.2,0.2,4.0,26.936,281.408662
G04_R0696,696,G04,500,20,0.0001,0.7,0.3,0.2,4.0,29.99,458.73303
G04_R0697,697,G04,500,20,1e-05,0.85,0.1,0.2,4.0,23.989,235.95608000000001
G04_R0698,698,G04,500,20,1e-05,0.85,0.2,0.2,4.0,27.028,467.97168
G04_R0699,699,G04,500,20,1e-05,0.85,0.3,0.2,4.0,31.221,843.24757
G04_R0700,700,G04,500,20,1e-05,0.8,0.1,0.2,4.0,23.994,237.36491
G04_R0701,701,G04,500,20,1e-05,0.8,0.2,0.2,4.0,27.04,472.39065000000005
G04_R0702,702,G04,500,20,1e-05,0.8,0.3,0.2,4.0,31.234,852.4584100000001
G04_R0703,703,G04,500,20,1e-05,0.75,0.1,0.2,4.0,23.998,238.85364
G04_R0704,704,G04,500,20,1e-05,0.75,0.2,0.2,4.0,27.051,477.43957
G04_R0705,705,G04,500,20,1e-05,0.75,0.3,0.2,4.0,31.248,863.03958
G04_R0706,706,G04,500,20,1e-05,0.7,0.1,0.2,4.0,24.004,240.56224
G04_R0707,707,G04,500,20,1e-05,0.7,0.2,0.2,4.0,27.065,483.26846
G04_R0708,708,G04,500,20,1e-05,0.7,0.3,0.2,4.0,31.265,875.33119
G04_R0709,709,G04,500,20,1e-06,0.85,0.1,0.2,4.0,24.071,624.00442
G04_R0710,710,G04,500,20,1e-06,0.85,0.2,0.2,4.0,27.131,1873.1415000000002
G04_R0711,711,G04,500,20,1e-06,0.85,0.3,0.2,4.0,31.339,3906.07116
G04_R0712,712,G04,500,20,1e-06,0.8,0.1,0.2,4.0,24.07,628.50396
G04_R0713,713,G04,500,20,1e-06,0.8,0.2,0.2,4.0,27.137,1887.64093
G04_R0714,714,G04,500,20,1e-06,0.8,0.3,0.2,4.0,31.366,3935.17053
G04_R0715,715,G04,500,20,1e-06,0.75,0.1,0.2,4.0,24.069,633.4534699999999
G04_R0716,716,G04,500,20,1e-06,0.75,0.2,0.2,4.0,27.142,1903.6403200000002
G04_R0717,717,G04,500,20,1e-06,0.75,0.3,0.2,4.0,31.48,3967.9698500000004
G04_R0718,718,G04,500,20,1e-06,0.7,0.1,0.2,4.0,24.069,638.90295
G04_R0719,719,G04,500,20,1e-06,0.7,0.2,0.2,4.0,27.148,1922.13965
G04_R0720,720,G04,500,20,1e-06,0.7,0.3,0.2,4.0,31.442,4006.36914
G04_R0721,721,G04,500,50,0.001,0.85,0.1,0.2,4.0,33.424,142.093542
G04_R0722,722,G04,500,50,0.001,0.85,0.2,0.2,4.0,35.429,210.148256
G04_R0723,723,G04,500,50,0.001,0.85,0.3,0.2,4.0,38.109,316.99584
G04_R0724,724,G04,500,50,0.001,0.8,0.1,0.2,4.0,33.485,143.078733
G04_R0725,725,G04,500,50,0.001,0.8,0.2,0.2,4.0,35.549,212.08401700000002
G04_R0726,726,G04,500,50,0.001,0.8,0.3,0.2,4.0,38.177,320.55223
G04_R0727,727,G04,500,50,0.001,0.75,0.1,0.2,4.0,33.555,144.13357499999998
G04_R0728,728,G04,500,50,0.001,0.75,0.2,0.2,4.0,35.594,214.16957000000002
G04_R0729,729,G04,500,50,0.001,0.75,0.3,0.2,4.0,38.24,324.39831000000004
G04_R0730,730,G04,500,50,0.001,0.7,0.1,0.2,4.0,33.635,145.248044
G04_R0731,731,G04,500,50,0.001,0.7,0.2,0.2,4.0,35.806,216.42489
G04_R0732,732,G04,500,50,0.001,0.7,0.3,0.2,4.0,38.303,328.60433
G04_R0733,733,G04,500,50,0.0001,0.85,0.1,0.2,4.0,35.04,172.435759
G04_R0734,734,G04,500,50,0.0001,0.85,0.2,0.2,4.0,40.298,275.064617
G04_R0735,735,G04,500,50,0.0001,0.85,0.3,0.2,4.0,45.634,445.44397299999997
G04_R0736,736,G04,500,50,0.0001,0.8,0.1,0.2,4.0,35.061,173.132981
G04_R0737,737,G04,500,50,0.0001,0.8,0.2,0.2,4.0,40.334,276.935878
G04_R0738,738,G04,500,50,0.0001,0.8,0.3,0.2,4.0,45.672,449.325591
G04_R0739,739,G04,500,50,0.0001,0.75,0.1,0.2,4.0,35.085,173.88992000000002
G04_R0740,740,G04,500,50,0.0001,0.75,0.2,0.2,4.0,40.38,279.027203
G04_R0741,741,G04,500,50,0.0001,0.75,0.3,0.2,4.0,45.716,453.718543
G04_R0742,742,G04,500,50,0.0001,0.7,0.1,0.2,4.0,35.113,174.73653000000002
G04_R0743,743,G04,500,50,0.0001,0.7,0.2,0.2,4.0,40.428,281.408662
G04_R0744,744,G04,500,50,0.0001,0.7,0.3,0.2,4.0,45.771,458.73303
G04_R0745,745,G04,500,50,1e-05,0.85,0.1,0.2,4.0,35.563,235.99608
G04_R0746,746,G04,500,50,1e-05,0.85,0.2,0.2,4.0,41.37,467.98168
G04_R0747,747,G04,500,50,1e-05,0.85,0.3,0.2,4.0,48.612,843.14757
G04_R0748,748,G04,500,50,1e-05,0.8,0.1,0.2,4.0,35.572,237.40491
G04_R0749,749,G04,500,50,1e-05,0.8,0.2,0.2,4.0,41.388,472.40065000000004
G04_R0750,750,G04,500,50,1e-05,0.8,0.3,0.2,4.0,48.632,852.3584
G04_R0751,751,G04,500,50,1e-05,0.75,0.1,0.2,4.0,35.581,238.89364
G04_R0752,752,G04,500,50,1e-05,0.75,0.2,0.2,4.0,41.409,477.44957000000005
G04_R0753,753,G04,500,50,1e-05,0.75,0.3,0.2,4.0,48.653,862.93957
G04_R0754,754,G04,500,50,1e-05,0.7,0.1,0.2,4.0,35.592,240.60224000000002
G04_R0755,755,G04,500,50,1e-05,0.7,0.2,0.2,4.0,41.431,483.28846
G04_R0756,756,G04,500,50,1e-05,0.7,0.3,0.2,4.0,48.677,875.22118
G04_R0757,757,G04,500,50,1e-06,0.85,0.1,0.2,4.0,35.704,624.00442
G04_R0758,758,G04,500,50,1e-06,0.85,0.2,0.2,4.0,41.243,1873.1415000000002
G04_R0759,759,G04,500,50,1e-06,0.85,0.3,0.2,4.0,48.941,3906.07116
G04_R0760,760,G04,500,50,1e-06,0.8,0.1,0.2,4.0,35.707,628.50396
G04_R0761,761,G04,500,50,1e-06,0.8,0.2,0.2,4.0,41.253,1887.64093
G04_R0762,762,G04,500,50,1e-06,0.8,0.3,0.2,4.0,48.959,3935.17053
G04_R0763,763,G04,500,50,1e-06,0.75,0.1,0.2,4.0,35.71,633.4534699999999
G04_R0764,764,G04,500,50,1e-06,0.75,0.2,0.2,4.0,41.262,1903.6403200000002
G04_R0765,765,G04,500,50,1e-06,0.75,0.3,0.2,4.0,49.034,3967.9698500000004
G04_R0766,766,G04,500,50,1e-06,0.7,0.1,0.2,4.0,35.714,638.90295
G04_R0767,767,G04,500,50,1e-06,0.7,0.2,0.2,4.0,41.273,1922.23965
G04_R0768,768,G04,500,50,1e-06,0.7,0.3,0.2,4.0,49.058,4006.36913
G05_R0001,1,G05,25,3,0.001,0.85,0.1,0.2,5.0,6.6428,4.0443446000000005
G05_R0002,2,G05,25,3,0.001,0.85,0.2,0.2,5.0,7.1751,5.8074904
G05_R0003,3,G05,25,3,0.001,0.85,0.3,0.2,5.0,7.7978,8.5446186
G05_R0004,4,G05,25,3,0.001,0.8,0.1,0.2,5.0,6.6477,4.0588316
G05_R0005,5,G05,25,3,0.001,0.8,0.2,0.2,5.0,7.1821,5.8359987
G05_R0006,6,G05,25,3,0.001,0.8,0.3,0.2,5.0,7.8057,8.5929713
G05_R0007,7,G05,25,3,0.001,0.75,0.1,0.2,5.0,6.6529,4.074093700000001
G05_R0008,8,G05,25,3,0.001,0.75,0.2,0.2,5.0,7.1895,5.8661698
G05_R0009,9,G05,25,3,0.001,0.75,0.3,0.2,5.0,7.8142,8.644580000000001
G05_R0010,10,G05,25,3,0.001,0.7,0.1,0.2,5.0,6.6584,4.090127600000001
G05_R0011,11,G05,25,3,0.001,0.7,0.2,0.2,5.0,7.1972,5.898198600000001
G05_R0012,12,G05,25,3,0.001,0.7,0.3,0.2,5.0,7.8232,8.7000387
G05_R0013,13,G05,25,3,0.0001,0.85,0.1,0.2,5.0,6.9624,5.1193003
G05_R0014,14,G05,25,3,0.0001,0.85,0.2,0.2,5.0,7.6007,7.9445768
G05_R0015,15,G05,25,3,0.0001,0.85,0.3,0.2,5.0,8.4414,12.718583
G05_R0016,16,G05,25,3,0.0001,0.8,0.1,0.2,5.0,6.9654,5.1306759
G05_R0017,17,G05,25,3,0.0001,0.8,0.2,0.2,5.0,7.6044,7.9655032
G05_R0018,18,G05,25,3,0.0001,0.8,0.3,0.2,5.0,8.4461,12.756239
G05_R0019,19,G05,25,3,0.0001,0.75,0.1,0.2,5.0,6.9684,5.1426282
G05_R0020,20,G05,25,3,0.0001,0.75,0.2,0.2,5.0,7.6083,7.987801
G05_R0021,21,G05,25,3,0.0001,0.75,0.3,0.2,5.0,8.4511,12.795859
G05_R0022,22,G05,25,3,0.0001,0.7,0.1,0.2,5.0,6.9716,5.1553533
G05_R0023,23,G05,25,3,0.0001,0.7,0.2,0.2,5.0,7.6123,8.0118652
G05_R0024,24,G05,25,3,0.0001,0.7,0.3,0.2,5.0,8.4562,12.839437
G05_R0025,25,G05,25,3,1e-05,0.85,0.1,0.2,5.0,7.0499,7.4788084
G05_R0026,26,G05,25,3,1e-05,0.85,0.2,0.2,5.0,7.7218,15.457142000000001
G05_R0027,27,G05,25,3,1e-05,0.85,0.3,0.2,5.0,8.6219,28.642578999999998
G05_R0028,28,G05,25,3,1e-05,0.8,0.1,0.2,5.0,7.0509,7.490623
G05_R0029,29,G05,25,3,1e-05,0.8,0.2,0.2,5.0,7.7231,15.485026999999999
G05_R0030,30,G05,25,3,1e-05,0.8,0.3,0.2,5.0,8.6236,28.692427
G05_R0031,31,G05,25,3,1e-05,0.75,0.1,0.2,5.0,7.052,7.50363
G05_R0032,32,G05,25,3,1e-05,0.75,0.2,0.2,5.0,7.7245,15.514902000000001
G05_R0033,33,G05,25,3,1e-05,0.75,0.3,0.2,5.0,8.6254,28.748262
G05_R0034,34,G05,25,3,1e-05,0.7,0.1,0.2,5.0,7.0531,7.518226
G05_R0035,35,G05,25,3,1e-05,0.7,0.2,0.2,5.0,7.7259,15.549764000000001
G05_R0036,36,G05,25,3,1e-05,0.7,0.3,0.2,5.0,8.6273,28.81108
G05_R0037,37,G05,25,3,1e-06,0.85,0.1,0.2,5.0,7.0776,25.540552
G05_R0038,38,G05,25,3,1e-06,0.85,0.2,0.2,5.0,7.7586,80.775357
G05_R0039,39,G05,25,3,1e-06,0.85,0.3,0.2,5.0,8.6741,171.700236
G05_R0040,40,G05,25,3,1e-06,0.8,0.1,0.2,5.0,7.0779,25.596521000000003
G05_R0041,41,G05,25,3,1e-06,0.8,0.2,0.2,5.0,7.7588,80.88731600000001
G05_R0042,42,G05,25,3,1e-06,0.8,0.3,0.2,5.0,8.6744,171.880184
G05_R0043,43,G05,25,3,1e-06,0.75,0.1,0.2,5.0,7.0781,25.658488
G05_R0044,44,G05,25,3,1e-06,0.75,0.2,0.2,5.0,7.7591,81.010271
G05_R0045,45,G05,25,3,1e-06,0.75,0.3,0.2,5.0,8.6748,172.070128
G05_R0046,46,G05,25,3,1e-06,0.7,0.1,0.2,5.0,7.0783,25.726452000000002
G05_R0047,47,G05,25,3,1e-06,0.7,0.2,0.2,5.0,7.7594,81.147223
G05_R0048,48,G05,25,3,1e-06,0.7,0.3,0.2,5.0,8.6751,172.290068
G05_R0049,49,G05,25,6,0.001,0.85,0.1,0.2,5.0,7.3211,4.0443446000000005
G05_R0050,50,G05,25,6,0.001,0.85,0.2,0.2,5.0,7.9108,5.8074904
G05_R0051,51,G05,25,6,0.001,0.85,0.3,0.2,5.0,8.5939,8.5446186
G05_R0052,52,G05,25,6,0.001,0.8,0.1,0.2,5.0,7.3263,4.0588316
G05_R0053,53,G05,25,6,0.001,0.8,0.2,0.2,5.0,7.9182,5.8359987
G05_R0054,54,G05,25,6,0.001,0.8,0.3,0.2,5.0,8.6025,8.5929713
G05_R0055,55,G05,25,6,0.001,0.75,0.1,0.2,5.0,7.3317,4.074093700000001
G05_R0056,56,G05,25,6,0.001,0.75,0.2,0.2,5.0,7.926,5.8661698
G05_R0057,57,G05,25,6,0.001,0.75,0.3,0.2,5.0,8.6117,8.644580000000001
G05_R0058,58,G05,25,6,0.001,0.7,0.1,0.2,5.0,7.3374,4.090127600000001
G05_R0059,59,G05,25,6,0.001,0.7,0.2,0.2,5.0,7.9342,5.898198600000001
G05_R0060,60,G05,25,6,0.001,0.7,0.3,0.2,5.0,8.6215,8.7000387
G05_R0061,61,G05,25,6,0.0001,0.85,0.1,0.2,5.0,7.6425,5.1193003
G05_R0062,62,G05,25,6,0.0001,0.85,0.2,0.2,5.0,8.3329,7.9445768
G05_R0063,63,G05,25,6,0.0001,0.85,0.3,0.2,5.0,9.2253,12.718583
G05_R0064,64,G05,25,6,0.0001,0.8,0.1,0.2,5.0,7.6455,5.1306759
G05_R0065,65,G05,25,6,0.0001,0.8,0.2,0.2,5.0,8.3367,7.9655032
G05_R0066,66,G05,25,6,0.0001,0.8,0.3,0.2,5.0,9.2301,12.756239
G05_R0067,67,G05,25,6,0.0001,0.75,0.1,0.2,5.0,7.6486,5.1426282
G05_R0068,68,G05,25,6,0.0001,0.75,0.2,0.2,5.0,8.3406,7.987801
G05_R0069,69,G05,25,6,0.0001,0.75,0.3,0.2,5.0,9.2352,12.795859
G05_R0070,70,G05,25,6,0.0001,0.7,0.1,0.2,5.0,7.6519,5.1553533
G05_R0071,71,G05,25,6,0.0001,0.7,0.2,0.2,5.0,8.3448,8.0118652
G05_R0072,72,G05,25,6,0.0001,0.7,0.3,0.2,5.0,9.2404,12.839437
G05_R0073,73,G05,25,6,1e-05,0.85,0.1,0.2,5.0,7.7303,7.4788084
G05_R0074,74,G05,25,6,1e-05,0.85,0.2,0.2,5.0,8.4528,15.457142000000001
G05_R0075,75,G05,25,6,1e-05,0.85,0.3,0.2,5.0,9.4008,28.642578999999998
G05_R0076,76,G05,25,6,1e-05,0.8,0.1,0.2,5.0,7.7314,7.490623
G05_R0077,77,G05,25,6,1e-05,0.8,0.2,0.2,5.0,8.4541,15.485026999999999
G05_R0078,78,G05,25,6,1e-05,0.8,0.3,0.2,5.0,9.4025,28.692427
G05_R0079,79,G05,25,6,1e-05,0.75,0.1,0.2,5.0,7.7324,7.50363
G05_R0080,80,G05,25,6,1e-05,0.75,0.2,0.2,5.0,8.4555,15.514902000000001
G05_R0081,81,G05,25,6,1e-05,0.75,0.3,0.2,5.0,9.4043,28.748262
G05_R0082,82,G05,25,6,1e-05,0.7,0.1,0.2,5.0,7.7336,7.518226
G05_R0083,83,G05,25,6,1e-05,0.7,0.2,0.2,5.0,8.457,15.549764000000001
G05_R0084,84,G05,25,6,1e-05,0.7,0.3,0.2,5.0,9.4062,28.81108
G05_R0085,85,G05,25,6,1e-06,0.85,0.1,0.2,5.0,7.7583,25.540552
G05_R0086,86,G05,25,6,1e-06,0.85,0.2,0.2,5.0,8.4894,80.775357
G05_R0087,87,G05,25,6,1e-06,0.85,0.3,0.2,5.0,9.4518,171.700236
G05_R0088,88,G05,25,6,1e-06,0.8,0.1,0.2,5.0,7.7585,25.596521000000003
G05_R0089,89,G05,25,6,1e-06,0.8,0.2,0.2,5.0,8.4896,80.88731600000001
G05_R0090,90,G05,25,6,1e-06,0.8,0.3,0.2,5.0,9.4522,171.880184
G05_R0091,91,G05,25,6,1e-06,0.75,0.1,0.2,5.0,7.7587,25.658488
G05_R0092,92,G05,25,6,1e-06,0.75,0.2,0.2,5.0,8.4899,81.010271
G05_R0093,93,G05,25,6,1e-06,0.75,0.3,0.2,5.0,9.4525,172.070128
G05_R0094,94,G05,25,6,1e-06,0.7,0.1,0.2,5.0,7.7589,25.726452000000002
G05_R0095,95,G05,25,6,1e-06,0.7,0.2,0.2,5.0,8.4902,81.147223
G05_R0096,96,G05,25,6,1e-06,0.7,0.3,0.2,5.0,9.4529,172.290068
G05_R0097,97,G05,25,20,0.001,0.85,0.1,0.2,5.0,9.5513,4.0443446000000005
G05_R0098,98,G05,25,20,0.001,0.85,0.2,0.2,5.0,10.256,5.8074904
G05_R0099,99,G05,25,20,0.001,0.85,0.3,0.2,5.0,11.075,8.5446186
G05_R0100,100,G05,25,20,0.001,0.8,0.1,0.2,5.0,9.5575,4.0588316
G05_R0101,101,G05,25,20,0.001,0.8,0.2,0.2,5.0,10.264,5.8359987
G05_R0102,102,G05,25,20,0.001,0.8,0.3,0.2,5.0,11.085,8.5929713
G05_R0103,103,G05,25,20,0.001,0.75,0.1,0.2,5.0,9.5639,4.074093700000001
G05_R0104,104,G05,25,20,0.001,0.75,0.2,0.2,5.0,10.274,5.8661698
G05_R0105,105,G05,25,20,0.001,0.75,0.3,0.2,5.0,11.096,8.644580000000001
G05_R0106,106,G05,25,20,0.001,0.7,0.1,0.2,5.0,9.5707,4.090127600000001
G05_R0107,107,G05,25,20,0.001,0.7,0.2,0.2,5.0,10.284,5.898198600000001
G05_R0108,108,G05,25,20,0.001,0.7,0.3,0.2,5.0,11.108,8.7000387
G05_R0109,109,G05,25,20,0.0001,0.85,0.1,0.2,5.0,9.9146,5.1193003
G05_R0110,110,G05,25,20,0.0001,0.85,0.2,0.2,5.0,10.718,7.9445768
G05_R0111,111,G05,25,20,0.0001,0.85,0.3,0.2,5.0,11.744,12.718583
G05_R0112,112,G05,25,20,0.0001,0.8,0.1,0.2,5.0,9.9181,5.1306759
G05_R0113,113,G05,25,20,0.0001,0.8,0.2,0.2,5.0,10.723,7.9655032
G05_R0114,114,G05,25,20,0.0001,0.8,0.3,0.2,5.0,11.75,12.756239
G05_R0115,115,G05,25,20,0.0001,0.75,0.1,0.2,5.0,9.9217,5.1426282
G05_R0116,116,G05,25,20,0.0001,0.75,0.2,0.2,5.0,10.727,7.987801
G05_R0117,117,G05,25,20,0.0001,0.75,0.3,0.2,5.0,11.755,12.795859
G05_R0118,118,G05,25,20,0.0001,0.7,0.1,0.2,5.0,9.9254,5.1553533
G05_R0119,119,G05,25,20,0.0001,0.7,0.2,0.2,5.0,10.732,8.0118652
G05_R0120,120,G05,25,20,0.0001,0.7,0.3,0.2,5.0,11.761,12.839437
G05_R0121,121,G05,25,20,1e-05,0.85,0.1,0.2,5.0,10.013,7.4788084
G05_R0122,122,G05,25,20,1e-05,0.85,0.2,0.2,5.0,10.849,15.457142000000001
G05_R0123,123,G05,25,20,1e-05,0.85,0.3,0.2,5.0,11.929,28.642578999999998
G05_R0124,124,G05,25,20,1e-05,0.8,0.1,0.2,5.0,10.015,7.490623
G05_R0125,125,G05,25,20,1e-05,0.8,0.2,0.2,5.0,10.851,15.485026999999999
G05_R0126,126,G05,25,20,1e-05,0.8,0.3,0.2,5.0,11.931,28.692427
G05_R0127,127,G05,25,20,1e-05,0.75,0.1,0.2,5.0,10.016,7.50363
G05_R0128,128,G05,25,20,1e-05,0.75,0.2,0.2,5.0,10.852,15.514902000000001
G05_R0129,129,G05,25,20,1e-05,0.75,0.3,0.2,5.0,11.933,28.748262
G05_R0130,130,G05,25,20,1e-05,0.7,0.1,0.2,5.0,10.017,7.518226
G05_R0131,131,G05,25,20,1e-05,0.7,0.2,0.2,5.0,10.854,15.549764000000001
G05_R0132,132,G05,25,20,1e-05,0.7,0.3,0.2,5.0,11.935,28.81108
G05_R0133,133,G05,25,20,1e-06,0.85,0.1,0.2,5.0,10.045,25.540552
G05_R0134,134,G05,25,20,1e-06,0.85,0.2,0.2,5.0,10.89,80.775357
G05_R0135,135,G05,25,20,1e-06,0.85,0.3,0.2,5.0,11.983,171.700236
G05_R0136,136,G05,25,20,1e-06,0.8,0.1,0.2,5.0,10.045,25.596521000000003
G05_R0137,137,G05,25,20,1e-06,0.8,0.2,0.2,5.0,10.89,80.88731600000001
G05_R0138,138,G05,25,20,1e-06,0.8,0.3,0.2,5.0,11.984,171.880184
G05_R0139,139,G05,25,20,1e-06,0.75,0.1,0.2,5.0,10.045,25.658488
G05_R0140,140,G05,25,20,1e-06,0.75,0.2,0.2,5.0,10.89,81.010271
G05_R0141,141,G05,25,20,1e-06,0.75,0.3,0.2,5.0,11.984,172.070128
G05_R0142,142,G05,25,20,1e-06,0.7,0.1,0.2,5.0,10.046,25.726452000000002
G05_R0143,143,G05,25,20,1e-06,0.7,0.2,0.2,5.0,10.89,81.147223
G05_R0144,144,G05,25,20,1e-06,0.7,0.3,0.2,5.0,11.985,172.290068
G05_R0145,145,G05,25,50,0.001,0.85,0.1,0.2,5.0,12.39,4.0443446000000005
G05_R0146,146,G05,25,50,0.001,0.85,0.2,0.2,5.0,13.269,5.8074904
G05_R0147,147,G05,25,50,0.001,0.85,0.3,0.2,5.0,14.29,8.5446186
G05_R0148,148,G05,25,50,0.001,0.8,0.1,0.2,5.0,12.398,4.0588316
G05_R0149,149,G05,25,50,0.001,0.8,0.2,0.2,5.0,13.28,5.8359987
G05_R0150,150,G05,25,50,0.001,0.8,0.3,0.2,5.0,14.303,8.5929713
G05_R0151,151,G05,25,50,0.001,0.75,0.1,0.2,5.0,12.406,4.074093700000001
G05_R0152,152,G05,25,50,0.001,0.75,0.2,0.2,5.0,13.292,5.8661698
G05_R0153,153,G05,25,50,0.001,0.75,0.3,0.2,5.0,14.317,8.644580000000001
G05_R0154,154,G05,25,50,0.001,0.7,0.1,0.2,5.0,12.414,4.090127600000001
G05_R0155,155,G05,25,50,0.001,0.7,0.2,0.2,5.0,13.304,5.898198600000001
G05_R0156,156,G05,25,50,0.001,0.7,0.3,0.2,5.0,14.332,8.7000387
G05_R0157,157,G05,25,50,0.0001,0.85,0.1,0.2,5.0,12.841,5.1193003
G05_R0158,158,G05,25,50,0.0001,0.85,0.2,0.2,5.0,13.837,7.9445768
G05_R0159,159,G05,25,50,0.0001,0.85,0.3,0.2,5.0,15.103,12.718583
G05_R0160,160,G05,25,50,0.0001,0.8,0.1,0.2,5.0,12.845,5.1306759
G05_R0161,161,G05,25,50,0.0001,0.8,0.2,0.2,5.0,13.843,7.9655032
G05_R0162,162,G05,25,50,0.0001,0.8,0.3,0.2,5.0,15.11,12.756239
G05_R0163,163,G05,25,50,0.0001,0.75,0.1,0.2,5.0,12.85,5.1426282
G05_R0164,164,G05,25,50,0.0001,0.75,0.2,0.2,5.0,13.848,7.987801
G05_R0165,165,G05,25,50,0.0001,0.75,0.3,0.2,5.0,15.117,12.795859
G05_R0166,166,G05,25,50,0.0001,0.7,0.1,0.2,5.0,12.854,5.1553533
G05_R0167,167,G05,25,50,0.0001,0.7,0.2,0.2,5.0,13.854,8.0118652
G05_R0168,168,G05,25,50,0.0001,0.7,0.3,0.2,5.0,15.124,12.839437
G05_R0169,169,G05,25,50,1e-05,0.85,0.1,0.2,5.0,12.963,7.4788084
G05_R0170,170,G05,25,50,1e-05,0.85,0.2,0.2,5.0,13.998,15.457142000000001
G05_R0171,171,G05,25,50,1e-05,0.85,0.3,0.2,5.0,15.327,28.642578999999998
G05_R0172,172,G05,25,50,1e-05,0.8,0.1,0.2,5.0,12.964,7.490623
G05_R0173,173,G05,25,50,1e-05,0.8,0.2,0.2,5.0,14.0,15.485026999999999
G05_R0174,174,G05,25,50,1e-05,0.8,0.3,0.2,5.0,15.33,28.692427
G05_R0175,175,G05,25,50,1e-05,0.75,0.1,0.2,5.0,12.966,7.50363
G05_R0176,176,G05,25,50,1e-05,0.75,0.2,0.2,5.0,14.002,15.514902000000001
G05_R0177,177,G05,25,50,1e-05,0.75,0.3,0.2,5.0,15.332,28.748262
G05_R0178,178,G05,25,50,1e-05,0.7,0.1,0.2,5.0,12.968,7.518226
G05_R0179,179,G05,25,50,1e-05,0.7,0.2,0.2,5.0,14.004,15.549764000000001
G05_R0180,180,G05,25,50,1e-05,0.7,0.3,0.2,5.0,15.335,28.81108
G05_R0181,181,G05,25,50,1e-06,0.85,0.1,0.2,5.0,13.002,25.540552
G05_R0182,182,G05,25,50,1e-06,0.85,0.2,0.2,5.0,14.047,80.775357
G05_R0183,183,G05,25,50,1e-06,0.85,0.3,0.2,5.0,15.393,171.700236
G05_R0184,184,G05,25,50,1e-06,0.8,0.1,0.2,5.0,13.002,25.596521000000003
G05_R0185,185,G05,25,50,1e-06,0.8,0.2,0.2,5.0,14.048,80.88731600000001
G05_R0186,186,G05,25,50,1e-06,0.8,0.3,0.2,5.0,15.394,171.880184
G05_R0187,187,G05,25,50,1e-06,0.75,0.1,0.2,5.0,13.003,25.658488
G05_R0188,188,G05,25,50,1e-06,0.75,0.2,0.2,5.0,14.048,81.010271
G05_R0189,189,G05,25,50,1e-06,0.75,0.3,0.2,5.0,15.394,172.070128
G05_R0190,190,G05,25,50,1e-06,0.7,0.1,0.2,5.0,13.003,25.726452000000002
G05_R0191,191,G05,25,50,1e-06,0.7,0.2,0.2,5.0,14.048,81.147223
G05_R0192,192,G05,25,50,1e-06,0.7,0.3,0.2,5.0,15.395,172.290068
G05_R0193,193,G05,100,3,0.001,0.85,0.1,0.2,5.0,8.3988,17.889364
G05_R0194,194,G05,100,3,0.001,0.85,0.2,0.2,5.0,9.0732,25.999876
G05_R0195,195,G05,100,3,0.001,0.85,0.3,0.2,5.0,9.8978,38.819399000000004
G05_R0196,196,G05,100,3,0.001,0.8,0.1,0.2,5.0,8.4069,17.975393
G05_R0197,197,G05,100,3,0.001,0.8,0.2,0.2,5.0,9.0845,26.164819
G05_R0198,198,G05,100,3,0.001,0.8,0.3,0.2,5.0,9.9122,39.124275
G05_R0199,199,G05,100,3,0.001,0.75,0.1,0.2,5.0,8.4154,18.06635
G05_R0200,200,G05,100,3,0.001,0.75,0.2,0.2,5.0,9.0964,26.340677
G05_R0201,201,G05,100,3,0.001,0.75,0.3,0.2,5.0,9.9275,39.452063
G05_R0202,202,G05,100,3,0.001,0.7,0.1,0.2,5.0,8.4245,18.165227
G05_R0203,203,G05,100,3,0.001,0.7,0.2,0.2,5.0,9.1091,26.530441
G05_R0204,204,G05,100,3,0.001,0.7,0.3,0.2,5.0,9.9436,39.807754
G05_R0205,205,G05,100,3,0.0001,0.85,0.1,0.2,5.0,8.6752,22.342602
G05_R0206,206,G05,100,3,0.0001,0.85,0.2,0.2,5.0,9.4114,34.836484
G05_R0207,207,G05,100,3,0.0001,0.85,0.3,0.2,5.0,10.391,55.823051
G05_R0208,208,G05,100,3,0.0001,0.8,0.1,0.2,5.0,8.6786,22.399934
G05_R0209,209,G05,100,3,0.0001,0.8,0.2,0.2,5.0,9.4161,34.963696
G05_R0210,210,G05,100,3,0.0001,0.8,0.3,0.2,5.0,10.397,56.069094
G05_R0211,211,G05,100,3,0.0001,0.75,0.1,0.2,5.0,8.6822,22.462199000000002
G05_R0212,212,G05,100,3,0.0001,0.75,0.2,0.2,5.0,9.4211,35.10283
G05_R0213,213,G05,100,3,0.0001,0.75,0.3,0.2,5.0,10.404,56.340043
G05_R0214,214,G05,100,3,0.0001,0.7,0.1,0.2,5.0,8.6859,22.528386
G05_R0215,215,G05,100,3,0.0001,0.7,0.2,0.2,5.0,9.4264,35.255874
G05_R0216,216,G05,100,3,0.0001,0.7,0.3,0.2,5.0,10.411,56.640883
G05_R0217,217,G05,100,3,1e-05,0.85,0.1,0.2,5.0,8.7531,32.212896
G05_R0218,218,G05,100,3,1e-05,0.85,0.2,0.2,5.0,9.5051,66.049246
G05_R0219,219,G05,100,3,1e-05,0.85,0.3,0.2,5.0,10.524,121.726
G05_R0220,220,G05,100,3,1e-05,0.8,0.1,0.2,5.0,8.7542,32.299638
G05_R0221,221,G05,100,3,1e-05,0.8,0.2,0.2,5.0,9.5067,66.296903
G05_R0222,222,G05,100,3,1e-05,0.8,0.3,0.2,5.0,10.526,122.215559
G05_R0223,223,G05,100,3,1e-05,0.75,0.1,0.2,5.0,8.7553,32.398353
G05_R0224,224,G05,100,3,1e-05,0.75,0.2,0.2,5.0,9.5084,66.580528
G05_R0225,225,G05,100,3,1e-05,0.75,0.3,0.2,5.0,10.528,122.775079
G05_R0226,226,G05,100,3,1e-05,0.7,0.1,0.2,5.0,8.7566,32.510039
G05_R0227,227,G05,100,3,1e-05,0.7,0.2,0.2,5.0,9.5102,66.90811599999999
G05_R0228,228,G05,100,3,1e-05,0.7,0.3,0.2,5.0,10.531,123.42455100000001
G05_R0229,229,G05,100,3,1e-06,0.85,0.1,0.2,5.0,8.7791,105.159322
G05_R0230,230,G05,100,3,1e-06,0.85,0.2,0.2,5.0,9.5355,329.91875500000003
G05_R0231,231,G05,100,3,1e-06,0.85,0.3,0.2,5.0,10.562,699.635938
G05_R0232,232,G05,100,3,1e-06,0.8,0.1,0.2,5.0,8.7793,105.47922799999999
G05_R0233,233,G05,100,3,1e-06,0.8,0.2,0.2,5.0,9.5358,330.72862899999996
G05_R0234,234,G05,100,3,1e-06,0.8,0.3,0.2,5.0,10.562,701.135786
G05_R0235,235,G05,100,3,1e-06,0.75,0.1,0.2,5.0,8.7795,105.829127
G05_R0236,236,G05,100,3,1e-06,0.75,0.2,0.2,5.0,9.5362,331.64849499999997
G05_R0237,237,G05,100,3,1e-06,0.75,0.3,0.2,5.0,10.563,702.8656209999999
G05_R0238,238,G05,100,3,1e-06,0.7,0.1,0.2,5.0,8.7797,106.229019
G05_R0239,239,G05,100,3,1e-06,0.7,0.2,0.2,5.0,9.5365,332.718349
G05_R0240,240,G05,100,3,1e-06,0.7,0.3,0.2,5.0,10.563,704.8654429999999
G05_R0241,241,G05,100,6,0.001,0.85,0.1,0.2,5.0,10.009,17.889364
G05_R0242,242,G05,100,6,0.001,0.85,0.2,0.2,5.0,10.769,25.999876
G05_R0243,243,G05,100,6,0.001,0.85,0.3,0.2,5.0,11.696,38.819399000000004
G05_R0244,244,G05,100,6,0.001,0.8,0.1,0.2,5.0,10.018,17.975393
G05_R0245,245,G05,100,6,0.001,0.8,0.2,0.2,5.0,10.781,26.164819
G05_R0246,246,G05,100,6,0.001,0.8,0.3,0.2,5.0,11.712,39.124275
G05_R0247,247,G05,100,6,0.001,0.75,0.1,0.2,5.0,10.028,18.06635
G05_R0248,248,G05,100,6,0.001,0.75,0.2,0.2,5.0,10.794,26.340677
G05_R0249,249,G05,100,6,0.001,0.75,0.3,0.2,5.0,11.729,39.452063
G05_R0250,250,G05,100,6,0.001,0.7,0.1,0.2,5.0,10.038,18.165227
G05_R0251,251,G05,100,6,0.001,0.7,0.2,0.2,5.0,10.808,26.530441
G05_R0252,252,G05,100,6,0.001,0.7,0.3,0.2,5.0,11.747,39.807754
G05_R0253,253,G05,100,6,0.0001,0.85,0.1,0.2,5.0,10.318,22.342602
G05_R0254,254,G05,100,6,0.0001,0.85,0.2,0.2,5.0,11.149,34.836484
G05_R0255,255,G05,100,6,0.0001,0.85,0.3,0.2,5.0,12.229,55.823051
G05_R0256,256,G05,100,6,0.0001,0.8,0.1,0.2,5.0,10.322,22.399934
G05_R0257,257,G05,100,6,0.0001,0.8,0.2,0.2,5.0,11.154,34.963696
G05_R0258,258,G05,100,6,0.0001,0.8,0.3,0.2,5.0,12.237,56.069094
G05_R0259,259,G05,100,6,0.0001,0.75,0.1,0.2,5.0,10.326,22.462199000000002
G05_R0260,260,G05,100,6,0.0001,0.75,0.2,0.2,5.0,11.16,35.10283
G05_R0261,261,G05,100,6,0.0001,0.75,0.3,0.2,5.0,12.244,56.340043
G05_R0262,262,G05,100,6,0.0001,0.7,0.1,0.2,5.0,10.33,22.528386
G05_R0263,263,G05,100,6,0.0001,0.7,0.2,0.2,5.0,11.166,35.255874
G05_R0264,264,G05,100,6,0.0001,0.7,0.3,0.2,5.0,12.251,56.640883
G05_R0265,265,G05,100,6,1e-05,0.85,0.1,0.2,5.0,10.404,32.212896
G05_R0266,266,G05,100,6,1e-05,0.85,0.2,0.2,5.0,11.256,66.049246
G05_R0267,267,G05,100,6,1e-05,0.85,0.3,0.2,5.0,12.383,121.726
G05_R0268,268,G05,100,6,1e-05,0.8,0.1,0.2,5.0,10.406,32.299638
G05_R0269,269,G05,100,6,1e-05,0.8,0.2,0.2,5.0,11.258,66.296903
G05_R0270,270,G05,100,6,1e-05,0.8,0.3,0.2,5.0,12.385,122.215559
G05_R0271,271,G05,100,6,1e-05,0.75,0.1,0.2,5.0,10.407,32.398353
G05_R0272,272,G05,100,6,1e-05,0.75,0.2,0.2,5.0,11.26,66.580528
G05_R0273,273,G05,100,6,1e-05,0.75,0.3,0.2,5.0,12.388,122.775079
G05_R0274,274,G05,100,6,1e-05,0.7,0.1,0.2,5.0,10.408,32.510039
G05_R0275,275,G05,100,6,1e-05,0.7,0.2,0.2,5.0,11.262,66.90811599999999
G05_R0276,276,G05,100,6,1e-05,0.7,0.3,0.2,5.0,12.39,123.42455100000001
G05_R0277,277,G05,100,6,1e-06,0.85,0.1,0.2,5.0,10.433,105.159322
G05_R0278,278,G05,100,6,1e-06,0.85,0.2,0.2,5.0,11.29,329.91875500000003
G05_R0279,279,G05,100,6,1e-06,0.85,0.3,0.2,5.0,12.426,699.635938
G05_R0280,280,G05,100,6,1e-06,0.8,0.1,0.2,5.0,10.433,105.47922799999999
G05_R0281,281,G05,100,6,1e-06,0.8,0.2,0.2,5.0,11.291,330.72862899999996
G05_R0282,282,G05,100,6,1e-06,0.8,0.3,0.2,5.0,12.426,701.135786
G05_R0283,283,G05,100,6,1e-06,0.75,0.1,0.2,5.0,10.434,105.829127
G05_R0284,284,G05,100,6,1e-06,0.75,0.2,0.2,5.0,11.291,331.64849499999997
G05_R0285,285,G05,100,6,1e-06,0.75,0.3,0.2,5.0,12.426,702.8656209999999
G05_R0286,286,G05,100,6,1e-06,0.7,0.1,0.2,5.0,10.434,106.229019
G05_R0287,287,G05,100,6,1e-06,0.7,0.2,0.2,5.0,11.291,332.718349
G05_R0288,288,G05,100,6,1e-06,0.7,0.3,0.2,5.0,12.427,704.8654429999999
G05_R0289,289,G05,100,20,0.001,0.85,0.1,0.2,5.0,14.307,17.889364
G05_R0290,290,G05,100,20,0.001,0.85,0.2,0.2,5.0,15.345,25.999876
G05_R0291,291,G05,100,20,0.001,0.85,0.3,0.2,5.0,16.638,38.819399000000004
G05_R0292,292,G05,100,20,0.001,0.8,0.1,0.2,5.0,14.32,17.975393
G05_R0293,293,G05,100,20,0.001,0.8,0.2,0.2,5.0,15.362,26.164819
G05_R0294,294,G05,100,20,0.001,0.8,0.3,0.2,5.0,16.661,39.124275
G05_R0295,295,G05,100,20,0.001,0.75,0.1,0.2,5.0,14.333,18.06635
G05_R0296,296,G05,100,20,0.001,0.75,0.2,0.2,5.0,15.38,26.340677
G05_R0297,297,G05,100,20,0.001,0.75,0.3,0.2,5.0,16.684,39.452063
G05_R0298,298,G05,100,20,0.001,0.7,0.1,0.2,5.0,14.348,18.165227
G05_R0299,299,G05,100,20,0.001,0.7,0.2,0.2,5.0,15.399,26.530441
G05_R0300,300,G05,100,20,0.001,0.7,0.3,0.2,5.0,16.708,39.807754
G05_R0301,301,G05,100,20,0.0001,0.85,0.1,0.2,5.0,14.73,22.342602
G05_R0302,302,G05,100,20,0.0001,0.85,0.2,0.2,5.0,15.839,34.836484
G05_R0303,303,G05,100,20,0.0001,0.85,0.3,0.2,5.0,17.327,55.823051
G05_R0304,304,G05,100,20,0.0001,0.8,0.1,0.2,5.0,14.735,22.399934
G05_R0305,305,G05,100,20,0.0001,0.8,0.2,0.2,5.0,15.847,34.963696
G05_R0306,306,G05,100,20,0.0001,0.8,0.3,0.2,5.0,17.337,56.069094
G05_R0307,307,G05,100,20,0.0001,0.75,0.1,0.2,5.0,14.74,22.462199000000002
G05_R0308,308,G05,100,20,0.0001,0.75,0.2,0.2,5.0,15.854,35.10283
G05_R0309,309,G05,100,20,0.0001,0.75,0.3,0.2,5.0,17.347,56.340043
G05_R0310,310,G05,100,20,0.0001,0.7,0.1,0.2,5.0,14.746,22.528386
G05_R0311,311,G05,100,20,0.0001,0.7,0.2,0.2,5.0,15.863,35.255874
G05_R0312,312,G05,100,20,0.0001,0.7,0.3,0.2,5.0,17.358,56.640883
G05_R0313,313,G05,100,20,1e-05,0.85,0.1,0.2,5.0,14.843,32.212896
G05_R0314,314,G05,100,20,1e-05,0.85,0.2,0.2,5.0,15.968,66.049246
G05_R0315,315,G05,100,20,1e-05,0.85,0.3,0.2,5.0,17.505,121.726
G05_R0316,316,G05,100,20,1e-05,0.8,0.1,0.2,5.0,14.845,32.299638
G05_R0317,317,G05,100,20,1e-05,0.8,0.2,0.2,5.0,15.971,66.296903
G05_R0318,318,G05,100,20,1e-05,0.8,0.3,0.2,5.0,17.509,122.215559
G05_R0319,319,G05,100,20,1e-05,0.75,0.1,0.2,5.0,14.847,32.398353
G05_R0320,320,G05,100,20,1e-05,0.75,0.2,0.2,5.0,15.974,66.580528
G05_R0321,321,G05,100,20,1e-05,0.75,0.3,0.2,5.0,17.512,122.775079
G05_R0322,322,G05,100,20,1e-05,0.7,0.1,0.2,5.0,14.849,32.510039
G05_R0323,323,G05,100,20,1e-05,0.7,0.2,0.2,5.0,15.976,66.90811599999999
G05_R0324,324,G05,100,20,1e-05,0.7,0.3,0.2,5.0,17.516,123.42455100000001
G05_R0325,325,G05,100,20,1e-06,0.85,0.1,0.2,5.0,14.883,105.159322
G05_R0326,326,G05,100,20,1e-06,0.85,0.2,0.2,5.0,16.009,329.91875500000003
G05_R0327,327,G05,100,20,1e-06,0.85,0.3,0.2,5.0,17.552,699.635938
G05_R0328,328,G05,100,20,1e-06,0.8,0.1,0.2,5.0,14.883,105.47922799999999
G05_R0329,329,G05,100,20,1e-06,0.8,0.2,0.2,5.0,16.01,330.72862899999996
G05_R0330,330,G05,100,20,1e-06,0.8,0.3,0.2,5.0,17.553,701.135786
G05_R0331,331,G05,100,20,1e-06,0.75,0.1,0.2,5.0,14.883,105.829127
G05_R0332,332,G05,100,20,1e-06,0.75,0.2,0.2,5.0,16.01,331.64849499999997
G05_R0333,333,G05,100,20,1e-06,0.75,0.3,0.2,5.0,17.554,702.8656209999999
G05_R0334,334,G05,100,20,1e-06,0.7,0.1,0.2,5.0,14.884,106.229019
G05_R0335,335,G05,100,20,1e-06,0.7,0.2,0.2,5.0,16.011,332.718349
G05_R0336,336,G05,100,20,1e-06,0.7,0.3,0.2,5.0,17.555,704.8654429999999
G05_R0337,337,G05,100,50,0.001,0.85,0.1,0.2,5.0,19.184,17.889364
G05_R0338,338,G05,100,50,0.001,0.85,0.2,0.2,5.0,20.706,25.999876
G05_R0339,339,G05,100,50,0.001,0.85,0.3,0.2,5.0,22.475,38.819399000000004
G05_R0340,340,G05,100,50,0.001,0.8,0.1,0.2,5.0,19.202,17.975393
G05_R0341,341,G05,100,50,0.001,0.8,0.2,0.2,5.0,20.73,26.164819
G05_R0342,342,G05,100,50,0.001,0.8,0.3,0.2,5.0,22.507,39.124275
G05_R0343,343,G05,100,50,0.001,0.75,0.1,0.2,5.0,19.22,18.06635
G05_R0344,344,G05,100,50,0.001,0.75,0.2,0.2,5.0,20.756,26.340677
G05_R0345,345,G05,100,50,0.001,0.75,0.3,0.2,5.0,22.541,39.452063
G05_R0346,346,G05,100,50,0.001,0.7,0.1,0.2,5.0,19.24,18.165227
G05_R0347,347,G05,100,50,0.001,0.7,0.2,0.2,5.0,20.783,26.530441
G05_R0348,348,G05,100,50,0.001,0.7,0.3,0.2,5.0,22.575,39.807754
G05_R0349,349,G05,100,50,0.0001,0.85,0.1,0.2,5.0,19.757,22.342602
G05_R0350,350,G05,100,50,0.0001,0.85,0.2,0.2,5.0,21.373,34.836484
G05_R0351,351,G05,100,50,0.0001,0.85,0.3,0.2,5.0,23.43,55.823051
G05_R0352,352,G05,100,50,0.0001,0.8,0.1,0.2,5.0,19.764,22.399934
G05_R0353,353,G05,100,50,0.0001,0.8,0.2,0.2,5.0,21.383,34.963696
G05_R0354,354,G05,100,50,0.0001,0.8,0.3,0.2,5.0,23.444,56.069094
G05_R0355,355,G05,100,50,0.0001,0.75,0.1,0.2,5.0,19.772,22.462199000000002
G05_R0356,356,G05,100,50,0.0001,0.75,0.2,0.2,5.0,21.395,35.10283
G05_R0357,357,G05,100,50,0.0001,0.75,0.3,0.2,5.0,23.459,56.340043
G05_R0358,358,G05,100,50,0.0001,0.7,0.1,0.2,5.0,19.78,22.528386
G05_R0359,359,G05,100,50,0.0001,0.7,0.2,0.2,5.0,21.406,35.255874
G05_R0360,360,G05,100,50,0.0001,0.7,0.3,0.2,5.0,23.475,56.640883
G05_R0361,361,G05,100,50,1e-05,0.85,0.1,0.2,5.0,19.918,32.212897000000005
G05_R0362,362,G05,100,50,1e-05,0.85,0.2,0.2,5.0,21.544,66.049246
G05_R0363,363,G05,100,50,1e-05,0.85,0.3,0.2,5.0,23.666,121.726
G05_R0364,364,G05,100,50,1e-05,0.8,0.1,0.2,5.0,19.92,32.299638
G05_R0365,365,G05,100,50,1e-05,0.8,0.2,0.2,5.0,21.548,66.296903
G05_R0366,366,G05,100,50,1e-05,0.8,0.3,0.2,5.0,23.671,122.215559
G05_R0367,367,G05,100,50,1e-05,0.75,0.1,0.2,5.0,19.923,32.398354000000005
G05_R0368,368,G05,100,50,1e-05,0.75,0.2,0.2,5.0,21.552,66.580528
G05_R0369,369,G05,100,50,1e-05,0.75,0.3,0.2,5.0,23.677,122.775079
G05_R0370,370,G05,100,50,1e-05,0.7,0.1,0.2,5.0,19.925,32.511039000000004
G05_R0371,371,G05,100,50,1e-05,0.7,0.2,0.2,5.0,21.556,66.90811599999999
G05_R0372,372,G05,100,50,1e-05,0.7,0.3,0.2,5.0,23.683,123.42455100000001
G05_R0373,373,G05,100,50,1e-06,0.85,0.1,0.2,5.0,19.972,105.159322
G05_R0374,374,G05,100,50,1e-06,0.85,0.2,0.2,5.0,21.602,329.91875500000003
G05_R0375,375,G05,100,50,1e-06,0.85,0.3,0.2,5.0,23.73,699.635938
G05_R0376,376,G05,100,50,1e-06,0.8,0.1,0.2,5.0,19.973,105.47922799999999
G05_R0377,377,G05,100,50,1e-06,0.8,0.2,0.2,5.0,21.603,330.72862899999996
G05_R0378,378,G05,100,50,1e-06,0.8,0.3,0.2,5.0,23.732,701.135786
G05_R0379,379,G05,100,50,1e-06,0.75,0.1,0.2,5.0,19.973,105.829127
G05_R0380,380,G05,100,50,1e-06,0.75,0.2,0.2,5.0,21.603,331.64849499999997
G05_R0381,381,G05,100,50,1e-06,0.75,0.3,0.2,5.0,23.733,702.8656209999999
G05_R0382,382,G05,100,50,1e-06,0.7,0.1,0.2,5.0,19.974,106.229019
G05_R0383,383,G05,100,50,1e-06,0.7,0.2,0.2,5.0,21.604,332.718349
G05_R0384,384,G05,100,50,1e-06,0.7,0.3,0.2,5.0,23.734,704.8654429999999
G05_R0385,385,G05,250,3,0.001,0.85,0.1,0.2,5.0,10.565,53.743645
G05_R0386,386,G05,250,3,0.001,0.85,0.2,0.2,5.0,11.484,80.073689
G05_R0387,387,G05,250,3,0.001,0.85,0.3,0.2,5.0,12.698,122.15298899999999
G05_R0388,388,G05,250,3,0.001,0.8,0.1,0.2,5.0,10.577,54.06946
G05_R0389,389,G05,250,3,0.001,0.8,0.2,0.2,5.0,11.5,80.716712
G05_R0390,390,G05,250,3,0.001,0.8,0.3,0.2,5.0,12.719,123.381174
G05_R0391,391,G05,250,3,0.001,0.75,0.1,0.2,5.0,10.589,54.417125000000006
G05_R0392,392,G05,250,3,0.001,0.75,0.2,0.2,5.0,11.517,81.404502
G05_R0393,393,G05,250,3,0.001,0.75,0.3,0.2,5.0,12.74,124.709267
G05_R0394,394,G05,250,3,0.001,0.7,0.1,0.2,5.0,10.603,54.789619
G05_R0395,395,G05,250,3,0.001,0.7,0.2,0.2,5.0,11.534,82.144241
G05_R0396,396,G05,250,3,0.001,0.7,0.3,0.2,5.0,12.761,126.147261
G05_R0397,397,G05,250,3,0.0001,0.85,0.1,0.2,5.0,10.763,66.01930899999999
G05_R0398,398,G05,250,3,0.0001,0.85,0.2,0.2,5.0,11.6,104.35358
G05_R0399,399,G05,250,3,0.0001,0.85,0.3,0.2,5.0,12.782,168.857607
G05_R0400,400,G05,250,3,0.0001,0.8,0.1,0.2,5.0,10.768,66.236936
G05_R0401,401,G05,250,3,0.0001,0.8,0.2,0.2,5.0,11.608,104.912881
G05_R0402,402,G05,250,3,0.0001,0.8,0.3,0.2,5.0,12.792,169.97048
G05_R0403,403,G05,250,3,0.0001,0.75,0.1,0.2,5.0,10.773,66.473428
G05_R0404,404,G05,250,3,0.0001,0.75,0.2,0.2,5.0,11.616,105.522105
G05_R0405,405,G05,250,3,0.0001,0.75,0.3,0.2,5.0,12.802,171.223648
G05_R0406,406,G05,250,3,0.0001,0.7,0.1,0.2,5.0,10.778,66.732761
G05_R0407,407,G05,250,3,0.0001,0.7,0.2,0.2,5.0,11.624,106.211232
G05_R0408,408,G05,250,3,0.0001,0.7,0.3,0.2,5.0,12.813,172.647137
G05_R0409,409,G05,250,3,1e-05,0.85,0.1,0.2,5.0,10.814,93.168401
G05_R0410,410,G05,250,3,1e-05,0.85,0.2,0.2,5.0,11.595,188.621369
G05_R0411,411,G05,250,3,1e-05,0.85,0.3,0.2,5.0,12.756,344.86763
G05_R0412,412,G05,250,3,1e-05,0.8,0.1,0.2,5.0,10.816,93.57386199999999
G05_R0413,413,G05,250,3,1e-05,0.8,0.2,0.2,5.0,11.598,189.900716
G05_R0414,414,G05,250,3,1e-05,0.8,0.3,0.2,5.0,12.761,347.47704000000004
G05_R0415,415,G05,250,3,1e-05,0.75,0.1,0.2,5.0,10.817,94.03726999999999
G05_R0416,416,G05,250,3,1e-05,0.75,0.2,0.2,5.0,11.601,191.380008
G05_R0417,417,G05,250,3,1e-05,0.75,0.3,0.2,5.0,12.766,350.49641
G05_R0418,418,G05,250,3,1e-05,0.7,0.1,0.2,5.0,10.819,94.570616
G05_R0419,419,G05,250,3,1e-05,0.7,0.2,0.2,5.0,11.605,193.09923999999998
G05_R0420,420,G05,250,3,1e-05,0.7,0.3,0.2,5.0,12.771,354.01576
G05_R0421,421,G05,250,3,1e-06,0.85,0.1,0.2,5.0,10.836,279.716671
G05_R0422,422,G05,250,3,1e-06,0.85,0.2,0.2,5.0,11.588,862.75248
G05_R0423,423,G05,250,3,1e-06,0.85,0.3,0.2,5.0,12.734,1820.15434
G05_R0424,424,G05,250,3,1e-06,0.8,0.1,0.2,5.0,10.836,280.956474
G05_R0425,425,G05,250,3,1e-06,0.8,0.2,0.2,5.0,11.589,866.75223
G05_R0426,426,G05,250,3,1e-06,0.8,0.3,0.2,5.0,12.736,1828.1540499999999
G05_R0427,427,G05,250,3,1e-06,0.75,0.1,0.2,5.0,10.836,282.436263
G05_R0428,428,G05,250,3,1e-06,0.75,0.2,0.2,5.0,11.59,871.57195
G05_R0429,429,G05,250,3,1e-06,0.75,0.3,0.2,5.0,12.738,1837.55373
G05_R0430,430,G05,250,3,1e-06,0.7,0.1,0.2,5.0,10.836,284.216035
G05_R0431,431,G05,250,3,1e-06,0.7,0.2,0.2,5.0,11.591,877.28165
G05_R0432,432,G05,250,3,1e-06,0.7,0.3,0.2,5.0,12.74,1848.75339
G05_R0433,433,G05,250,6,0.001,0.85,0.1,0.2,5.0,12.918,53.743645
G05_R0434,434,G05,250,6,0.001,0.85,0.2,0.2,5.0,14.042,80.073689
G05_R0435,435,G05,250,6,0.001,0.85,0.3,0.2,5.0,15.527,122.15298899999999
G05_R0436,436,G05,250,6,0.001,0.8,0.1,0.2,5.0,12.933,54.06946
G05_R0437,437,G05,250,6,0.001,0.8,0.2,0.2,5.0,14.061,80.716712
G05_R0438,438,G05,250,6,0.001,0.8,0.3,0.2,5.0,15.552,123.381174
G05_R0439,439,G05,250,6,0.001,0.75,0.1,0.2,5.0,12.948,54.417125000000006
G05_R0440,440,G05,250,6,0.001,0.75,0.2,0.2,5.0,14.081,81.404502
G05_R0441,441,G05,250,6,0.001,0.75,0.3,0.2,5.0,15.577,124.709267
G05_R0442,442,G05,250,6,0.001,0.7,0.1,0.2,5.0,12.964,54.789619
G05_R0443,443,G05,250,6,0.001,0.7,0.2,0.2,5.0,14.102,82.144241
G05_R0444,444,G05,250,6,0.001,0.7,0.3,0.2,5.0,15.603,126.147261
G05_R0445,445,G05,250,6,0.0001,0.85,0.1,0.2,5.0,13.143,66.01930899999999
G05_R0446,446,G05,250,6,0.0001,0.85,0.2,0.2,5.0,14.146,104.35358
G05_R0447,447,G05,250,6,0.0001,0.85,0.3,0.2,5.0,15.559,168.857607
G05_R0448,448,G05,250,6,0.0001,0.8,0.1,0.2,5.0,13.148,66.236936
G05_R0449,449,G05,250,6,0.0001,0.8,0.2,0.2,5.0,14.155,104.912881
G05_R0450,450,G05,250,6,0.0001,0.8,0.3,0.2,5.0,15.571,169.97048
G05_R0451,451,G05,250,6,0.0001,0.75,0.1,0.2,5.0,13.154,66.473428
G05_R0452,452,G05,250,6,0.0001,0.75,0.2,0.2,5.0,14.165,105.522105
G05_R0453,453,G05,250,6,0.0001,0.75,0.3,0.2,5.0,15.584,171.223648
G05_R0454,454,G05,250,6,0.0001,0.7,0.1,0.2,5.0,13.161,66.732761
G05_R0455,455,G05,250,6,0.0001,0.7,0.2,0.2,5.0,14.175,106.211232
G05_R0456,456,G05,250,6,0.0001,0.7,0.3,0.2,5.0,15.597,172.647137
G05_R0457,457,G05,250,6,1e-05,0.85,0.1,0.2,5.0,13.199,93.168401
G05_R0458,458,G05,250,6,1e-05,0.85,0.2,0.2,5.0,14.127,188.621369
G05_R0459,459,G05,250,6,1e-05,0.85,0.3,0.2,5.0,15.508,344.86763
G05_R0460,460,G05,250,6,1e-05,0.8,0.1,0.2,5.0,13.201,93.57386199999999
G05_R0461,461,G05,250,6,1e-05,0.8,0.2,0.2,5.0,14.13,189.900716
G05_R0462,462,G05,250,6,1e-05,0.8,0.3,0.2,5.0,15.514,347.47704000000004
G05_R0463,463,G05,250,6,1e-05,0.75,0.1,0.2,5.0,13.202,94.03726999999999
G05_R0464,464,G05,250,6,1e-05,0.75,0.2,0.2,5.0,14.134,191.380008
G05_R0465,465,G05,250,6,1e-05,0.75,0.3,0.2,5.0,15.52,350.49641
G05_R0466,466,G05,250,6,1e-05,0.7,0.1,0.2,5.0,13.204,94.570616
G05_R0467,467,G05,250,6,1e-05,0.7,0.2,0.2,5.0,14.139,193.09923999999998
G05_R0468,468,G05,250,6,1e-05,0.7,0.3,0.2,5.0,15.526,354.01576
G05_R0469,469,G05,250,6,1e-06,0.85,0.1,0.2,5.0,13.225,279.716671
G05_R0470,470,G05,250,6,1e-06,0.85,0.2,0.2,5.0,14.107,862.75248
G05_R0471,471,G05,250,6,1e-06,0.85,0.3,0.2,5.0,15.477,1820.15434
G05_R0472,472,G05,250,6,1e-06,0.8,0.1,0.2,5.0,13.225,280.956474
G05_R0473,473,G05,250,6,1e-06,0.8,0.2,0.2,5.0,14.108,866.75223
G05_R0474,474,G05,250,6,1e-06,0.8,0.3,0.2,5.0,15.479,1828.1540499999999
G05_R0475,475,G05,250,6,1e-06,0.75,0.1,0.2,5.0,13.225,282.436263
G05_R0476,476,G05,250,6,1e-06,0.75,0.2,0.2,5.0,14.109,871.57195
G05_R0477,477,G05,250,6,1e-06,0.75,0.3,0.2,5.0,15.481,1837.55373
G05_R0478,478,G05,250,6,1e-06,0.7,0.1,0.2,5.0,13.225,284.216035
G05_R0479,479,G05,250,6,1e-06,0.7,0.2,0.2,5.0,14.111,877.28165
G05_R0480,480,G05,250,6,1e-06,0.7,0.3,0.2,5.0,15.484,1848.75339
G05_R0481,481,G05,250,20,0.001,0.85,0.1,0.2,5.0,18.969,53.743645
G05_R0482,482,G05,250,20,0.001,0.85,0.2,0.2,5.0,20.711,80.073689
G05_R0483,483,G05,250,20,0.001,0.85,0.3,0.2,5.0,22.971,122.15298899999999
G05_R0484,484,G05,250,20,0.001,0.8,0.1,0.2,5.0,18.991,54.06946
G05_R0485,485,G05,250,20,0.001,0.8,0.2,0.2,5.0,20.74,80.716712
G05_R0486,486,G05,250,20,0.001,0.8,0.3,0.2,5.0,23.009,123.381174
G05_R0487,487,G05,250,20,0.001,0.75,0.1,0.2,5.0,19.014,54.417125000000006
G05_R0488,488,G05,250,20,0.001,0.75,0.2,0.2,5.0,20.769,81.404502
G05_R0489,489,G05,250,20,0.001,0.75,0.3,0.2,5.0,23.047,124.709267
G05_R0490,490,G05,250,20,0.001,0.7,0.1,0.2,5.0,19.038,54.789619
G05_R0491,491,G05,250,20,0.001,0.7,0.2,0.2,5.0,20.799,82.144241
G05_R0492,492,G05,250,20,0.001,0.7,0.3,0.2,5.0,23.085,126.147261
G05_R0493,493,G05,250,20,0.0001,0.85,0.1,0.2,5.0,19.285,66.01930899999999
G05_R0494,494,G05,250,20,0.0001,0.85,0.2,0.2,5.0,20.826,104.35358
G05_R0495,495,G05,250,20,0.0001,0.85,0.3,0.2,5.0,23.002,168.857607
G05_R0496,496,G05,250,20,0.0001,0.8,0.1,0.2,5.0,19.294,66.236936
G05_R0497,497,G05,250,20,0.0001,0.8,0.2,0.2,5.0,20.841,104.912881
G05_R0498,498,G05,250,20,0.0001,0.8,0.3,0.2,5.0,23.021,169.97048
G05_R0499,499,G05,250,20,0.0001,0.75,0.1,0.2,5.0,19.303,66.473428
G05_R0500,500,G05,250,20,0.0001,0.75,0.2,0.2,5.0,20.856,105.522105
G05_R0501,501,G05,250,20,0.0001,0.75,0.3,0.2,5.0,23.04,171.223648
G05_R0502,502,G05,250,20,0.0001,0.7,0.1,0.2,5.0,19.313,66.732761
G05_R0503,503,G05,250,20,0.0001,0.7,0.2,0.2,5.0,20.872,106.211232
G05_R0504,504,G05,250,20,0.0001,0.7,0.3,0.2,5.0,23.06,172.647137
G05_R0505,505,G05,250,20,1e-05,0.85,0.1,0.2,5.0,19.355,93.168401
G05_R0506,506,G05,250,20,1e-05,0.85,0.2,0.2,5.0,20.779,188.621369
G05_R0507,507,G05,250,20,1e-05,0.85,0.3,0.2,5.0,22.881,344.86763
G05_R0508,508,G05,250,20,1e-05,0.8,0.1,0.2,5.0,19.358,93.57386199999999
G05_R0509,509,G05,250,20,1e-05,0.8,0.2,0.2,5.0,20.785,189.900716
G05_R0510,510,G05,250,20,1e-05,0.8,0.3,0.2,5.0,22.889,347.47704000000004
G05_R0511,511,G05,250,20,1e-05,0.75,0.1,0.2,5.0,19.36,94.03726999999999
G05_R0512,512,G05,250,20,1e-05,0.75,0.2,0.2,5.0,20.791,191.380008
G05_R0513,513,G05,250,20,1e-05,0.75,0.3,0.2,5.0,22.898,350.49641
G05_R0514,514,G05,250,20,1e-05,0.7,0.1,0.2,5.0,19.363,94.570616
G05_R0515,515,G05,250,20,1e-05,0.7,0.2,0.2,5.0,20.798,193.09923999999998
G05_R0516,516,G05,250,20,1e-05,0.7,0.3,0.2,5.0,22.908,354.01576
G05_R0517,517,G05,250,20,1e-06,0.85,0.1,0.2,5.0,19.392,279.716671
G05_R0518,518,G05,250,20,1e-06,0.85,0.2,0.2,5.0,20.658,862.75248
G05_R0519,519,G05,250,20,1e-06,0.85,0.3,0.2,5.0,22.832,1820.15434
G05_R0520,520,G05,250,20,1e-06,0.8,0.1,0.2,5.0,19.392,280.956474
G05_R0521,521,G05,250,20,1e-06,0.8,0.2,0.2,5.0,20.659,866.75223
G05_R0522,522,G05,250,20,1e-06,0.8,0.3,0.2,5.0,22.835,1828.1540499999999
G05_R0523,523,G05,250,20,1e-06,0.75,0.1,0.2,5.0,19.392,282.436263
G05_R0524,524,G05,250,20,1e-06,0.75,0.2,0.2,5.0,20.661,871.57195
G05_R0525,525,G05,250,20,1e-06,0.75,0.3,0.2,5.0,22.839,1837.55373
G05_R0526,526,G05,250,20,1e-06,0.7,0.1,0.2,5.0,19.393,284.216035
G05_R0527,527,G05,250,20,1e-06,0.7,0.2,0.2,5.0,20.663,877.28165
G05_R0528,528,G05,250,20,1e-06,0.7,0.3,0.2,5.0,22.843,1848.75339
G05_R0529,529,G05,250,50,0.001,0.85,0.1,0.2,5.0,26.011,53.743645
G05_R0530,530,G05,250,50,0.001,0.85,0.2,0.2,5.0,28.487,80.073689
G05_R0531,531,G05,250,50,0.001,0.85,0.3,0.2,5.0,31.799,122.15298899999999
G05_R0532,532,G05,250,50,0.001,0.8,0.1,0.2,5.0,26.041,54.06946
G05_R0533,533,G05,250,50,0.001,0.8,0.2,0.2,5.0,28.523,80.716712
G05_R0534,534,G05,250,50,0.001,0.8,0.3,0.2,5.0,31.849,123.381174
G05_R0535,535,G05,250,50,0.001,0.75,0.1,0.2,5.0,26.072,54.417125000000006
G05_R0536,536,G05,250,50,0.001,0.75,0.2,0.2,5.0,28.56,81.404502
G05_R0537,537,G05,250,50,0.001,0.75,0.3,0.2,5.0,31.9,124.709267
G05_R0538,538,G05,250,50,0.001,0.7,0.1,0.2,5.0,26.105,54.789619
G05_R0539,539,G05,250,50,0.001,0.7,0.2,0.2,5.0,28.598,82.144241
G05_R0540,540,G05,250,50,0.001,0.7,0.3,0.2,5.0,31.949,126.147261
G05_R0541,541,G05,250,50,0.0001,0.85,0.1,0.2,5.0,26.444,66.01930899999999
G05_R0542,542,G05,250,50,0.0001,0.85,0.2,0.2,5.0,28.526,104.35358
G05_R0543,543,G05,250,50,0.0001,0.85,0.3,0.2,5.0,31.529,168.857607
G05_R0544,544,G05,250,50,0.0001,0.8,0.1,0.2,5.0,26.457,66.236936
G05_R0545,545,G05,250,50,0.0001,0.8,0.2,0.2,5.0,28.546,104.912881
G05_R0546,546,G05,250,50,0.0001,0.8,0.3,0.2,5.0,31.554,169.97048
G05_R0547,547,G05,250,50,0.0001,0.75,0.1,0.2,5.0,26.47,66.473428
G05_R0548,548,G05,250,50,0.0001,0.75,0.2,0.2,5.0,28.567,105.522105
G05_R0549,549,G05,250,50,0.0001,0.75,0.3,0.2,5.0,31.58,171.223648
G05_R0550,550,G05,250,50,0.0001,0.7,0.1,0.2,5.0,26.484,66.732762
G05_R0551,551,G05,250,50,0.0001,0.7,0.2,0.2,5.0,28.589,106.211232
G05_R0552,552,G05,250,50,0.0001,0.7,0.3,0.2,5.0,31.607,172.647137
G05_R0553,553,G05,250,50,1e-05,0.85,0.1,0.2,5.0,26.546,93.168401
G05_R0554,554,G05,250,50,1e-05,0.85,0.2,0.2,5.0,28.427,188.621369
G05_R0555,555,G05,250,50,1e-05,0.85,0.3,0.2,5.0,31.284,344.86763
G05_R0556,556,G05,250,50,1e-05,0.8,0.1,0.2,5.0,26.55,93.57386199999999
G05_R0557,557,G05,250,50,1e-05,0.8,0.2,0.2,5.0,28.435,189.900716
G05_R0558,558,G05,250,50,1e-05,0.8,0.3,0.2,5.0,31.296,347.47704000000004
G05_R0559,559,G05,250,50,1e-05,0.75,0.1,0.2,5.0,26.553,94.03726999999999
G05_R0560,560,G05,250,50,1e-05,0.75,0.2,0.2,5.0,28.444,191.380008
G05_R0561,561,G05,250,50,1e-05,0.75,0.3,0.2,5.0,31.308,350.49641
G05_R0562,562,G05,250,50,1e-05,0.7,0.1,0.2,5.0,26.558,94.570616
G05_R0563,563,G05,250,50,1e-05,0.7,0.2,0.2,5.0,28.454,193.09923999999998
G05_R0564,564,G05,250,50,1e-05,0.7,0.3,0.2,5.0,31.322,354.01576
G05_R0565,565,G05,250,50,1e-06,0.85,0.1,0.2,5.0,26.597,279.716671
G05_R0566,566,G05,250,50,1e-06,0.85,0.2,0.2,5.0,28.322,862.75248
G05_R0567,567,G05,250,50,1e-06,0.85,0.3,0.2,5.0,31.2,1820.15434
G05_R0568,568,G05,250,50,1e-06,0.8,0.1,0.2,5.0,26.597,280.956474
G05_R0569,569,G05,250,50,1e-06,0.8,0.2,0.2,5.0,28.324,866.75223
G05_R0570,570,G05,250,50,1e-06,0.8,0.3,0.2,5.0,31.204,1828.1540499999999
G05_R0571,571,G05,250,50,1e-06,0.75,0.1,0.2,5.0,26.598,282.436263
G05_R0572,572,G05,250,50,1e-06,0.75,0.2,0.2,5.0,28.326,871.57195
G05_R0573,573,G05,250,50,1e-06,0.75,0.3,0.2,5.0,31.209,1837.55373
G05_R0574,574,G05,250,50,1e-06,0.7,0.1,0.2,5.0,26.599,284.216035
G05_R0575,575,G05,250,50,1e-06,0.7,0.2,0.2,5.0,28.329,877.28165
G05_R0576,576,G05,250,50,1e-06,0.7,0.3,0.2,5.0,31.215,1848.75339
G05_R0577,577,G05,500,3,0.001,0.85,0.1,0.2,5.0,12.763,136.67735100000002
G05_R0578,578,G05,500,3,0.001,0.85,0.2,0.2,5.0,14.173,206.8988
G05_R0579,579,G05,500,3,0.001,0.85,0.3,0.2,5.0,15.996,317.58106000000004
G05_R0580,580,G05,500,3,0.001,0.8,0.1,0.2,5.0,12.778,137.61308200000002
G05_R0581,581,G05,500,3,0.001,0.8,0.2,0.2,5.0,14.191,208.81556999999998
G05_R0582,582,G05,500,3,0.001,0.8,0.3,0.2,5.0,16.022,321.26845000000003
G05_R0583,583,G05,500,3,0.001,0.75,0.1,0.2,5.0,12.793,138.618542
G05_R0584,584,G05,500,3,0.001,0.75,0.2,0.2,5.0,14.208,210.86219
G05_R0585,585,G05,500,3,0.001,0.75,0.3,0.2,5.0,16.047,325.24581
G05_R0586,586,G05,500,3,0.001,0.7,0.1,0.2,5.0,12.808,139.683705
G05_R0587,587,G05,500,3,0.001,0.7,0.2,0.2,5.0,14.225,213.06853
G05_R0588,588,G05,500,3,0.001,0.7,0.3,0.2,5.0,16.072,329.55309
G05_R0589,589,G05,500,3,0.0001,0.85,0.1,0.2,5.0,12.83,165.344539
G05_R0590,590,G05,500,3,0.0001,0.85,0.2,0.2,5.0,13.845,265.485887
G05_R0591,591,G05,500,3,0.0001,0.85,0.3,0.2,5.0,15.389,433.90024999999997
G05_R0592,592,G05,500,3,0.0001,0.8,0.1,0.2,5.0,12.836,166.04222499999997
G05_R0593,593,G05,500,3,0.0001,0.8,0.2,0.2,5.0,13.855,267.33919000000003
G05_R0594,594,G05,500,3,0.0001,0.8,0.3,0.2,5.0,15.401,437.77159
G05_R0595,595,G05,500,3,0.0001,0.75,0.1,0.2,5.0,12.843,166.78968999999998
G05_R0596,596,G05,500,3,0.0001,0.75,0.2,0.2,5.0,13.866,269.39263459999995
G05_R0597,597,G05,500,3,0.0001,0.75,0.3,0.2,5.0,15.414,442.12473
G05_R0598,598,G05,500,3,0.0001,0.7,0.1,0.2,5.0,12.85,167.62687
G05_R0599,599,G05,500,3,0.0001,0.7,0.2,0.2,5.0,13.876,271.7562132
G05_R0600,600,G05,500,3,0.0001,0.7,0.3,0.2,5.0,15.426,447.08985
G05_R0601,601,G05,500,3,1e-05,0.85,0.1,0.2,5.0,12.815,228.49253000000002
G05_R0602,602,G05,500,3,1e-05,0.85,0.2,0.2,5.0,13.674,456.21956
G05_R0603,603,G05,500,3,1e-05,0.85,0.3,0.2,5.0,15.151,824.3443000000001
G05_R0604,604,G05,500,3,1e-05,0.8,0.1,0.2,5.0,12.817,229.91156999999998
G05_R0605,605,G05,500,3,1e-05,0.8,0.2,0.2,5.0,13.68,460.63897999999995
G05_R0606,606,G05,500,3,1e-05,0.8,0.3,0.2,5.0,15.158,833.5462
G05_R0607,607,G05,500,3,1e-05,0.75,0.1,0.2,5.0,12.819,231.46052
G05_R0608,608,G05,500,3,1e-05,0.75,0.2,0.2,5.0,13.685,465.67841
G05_R0609,609,G05,500,3,1e-05,0.75,0.3,0.2,5.0,15.164,844.0986
G05_R0610,610,G05,500,3,1e-05,0.7,0.1,0.2,5.0,12.821,233.18936
G05_R0611,611,G05,500,3,1e-05,0.7,0.2,0.2,5.0,13.692,471.49787
G05_R0612,612,G05,500,3,1e-05,0.7,0.3,0.2,5.0,15.172,856.3616400000001
G05_R0613,613,G05,500,3,1e-06,0.85,0.1,0.2,5.0,12.824,620.2189199999999
G05_R0614,614,G05,500,3,1e-06,0.85,0.2,0.2,5.0,13.577,1861.25612
G05_R0615,615,G05,500,3,1e-06,0.85,0.3,0.2,5.0,15.073,3886.39378
G05_R0616,616,G05,500,3,1e-06,0.8,0.1,0.2,5.0,12.824,624.86856
G05_R0617,617,G05,500,3,1e-06,0.8,0.2,0.2,5.0,13.58,1875.75565
G05_R0618,618,G05,500,3,1e-06,0.8,0.3,0.2,5.0,15.076,3915.39331
G05_R0619,619,G05,500,3,1e-06,0.75,0.1,0.2,5.0,12.824,629.95816
G05_R0620,620,G05,500,3,1e-06,0.75,0.2,0.2,5.0,13.583,1891.75515
G05_R0621,621,G05,500,3,1e-06,0.75,0.3,0.2,5.0,15.08,3948.29281
G05_R0622,622,G05,500,3,1e-06,0.7,0.1,0.2,5.0,12.824,635.55773
G05_R0623,623,G05,500,3,1e-06,0.7,0.2,0.2,5.0,13.586,1910.3546099999999
G05_R0624,624,G05,500,3,1e-06,0.7,0.3,0.2,5.0,15.083,3986.59227
G05_R0625,625,G05,500,6,0.001,0.85,0.1,0.2,5.0,15.742,136.67735100000002
G05_R0626,626,G05,500,6,0.001,0.85,0.2,0.2,5.0,17.564,206.8988
G05_R0627,627,G05,500,6,0.001,0.85,0.3,0.2,5.0,19.938,317.58106000000004
G05_R0628,628,G05,500,6,0.001,0.8,0.1,0.2,5.0,15.761,137.61308200000002
G05_R0629,629,G05,500,6,0.001,0.8,0.2,0.2,5.0,17.586,208.81556999999998
G05_R0630,630,G05,500,6,0.001,0.8,0.3,0.2,5.0,19.97,321.26845000000003
G05_R0631,631,G05,500,6,0.001,0.75,0.1,0.2,5.0,15.779,138.618542
G05_R0632,632,G05,500,6,0.001,0.75,0.2,0.2,5.0,17.607,210.86219
G05_R0633,633,G05,500,6,0.001,0.75,0.3,0.2,5.0,20.001,325.24581
G05_R0634,634,G05,500,6,0.001,0.7,0.1,0.2,5.0,15.798,139.683705
G05_R0635,635,G05,500,6,0.001,0.7,0.2,0.2,5.0,17.626,213.06853
G05_R0636,636,G05,500,6,0.001,0.7,0.3,0.2,5.0,20.031,329.55309
G05_R0637,637,G05,500,6,0.0001,0.85,0.1,0.2,5.0,15.82,165.344539
G05_R0638,638,G05,500,6,0.0001,0.85,0.2,0.2,5.0,17.101,265.485887
G05_R0639,639,G05,500,6,0.0001,0.85,0.3,0.2,5.0,19.057,433.90024999999997
G05_R0640,640,G05,500,6,0.0001,0.8,0.1,0.2,5.0,15.828,166.04222499999997
G05_R0641,641,G05,500,6,0.0001,0.8,0.2,0.2,5.0,17.113,267.33919000000003
G05_R0642,642,G05,500,6,0.0001,0.8,0.3,0.2,5.0,19.072,437.77159
G05_R0643,643,G05,500,6,0.0001,0.75,0.1,0.2,5.0,15.836,166.78968999999998
G05_R0644,644,G05,500,6,0.0001,0.75,0.2,0.2,5.0,17.134,269.39263459999995
G05_R0645,645,G05,500,6,0.0001,0.75,0.3,0.2,5.0,19.088,442.12473
G05_R0646,646,G05,500,6,0.0001,0.7,0.1,0.2,5.0,15.845,167.62687
G05_R0647,647,G05,500,6,0.0001,0.7,0.2,0.2,5.0,17.147,271.7562132
G05_R0648,648,G05,500,6,0.0001,0.7,0.3,0.2,5.0,19.103,447.08985
G05_R0649,649,G05,500,6,1e-05,0.85,0.1,0.2,5.0,15.803,228.49253000000002
G05_R0650,650,G05,500,6,1e-05,0.85,0.2,0.2,5.0,16.906,456.21956
G05_R0651,651,G05,500,6,1e-05,0.85,0.3,0.2,5.0,18.864,824.3443000000001
G05_R0652,652,G05,500,6,1e-05,0.8,0.1,0.2,5.0,15.806,229.91156999999998
G05_R0653,653,G05,500,6,1e-05,0.8,0.2,0.2,5.0,16.913,460.63897999999995
G05_R0654,654,G05,500,6,1e-05,0.8,0.3,0.2,5.0,18.872,833.5462
G05_R0655,655,G05,500,6,1e-05,0.75,0.1,0.2,5.0,15.803,231.46052
G05_R0656,656,G05,500,6,1e-05,0.75,0.2,0.2,5.0,16.921,465.67841
G05_R0657,657,G05,500,6,1e-05,0.75,0.3,0.2,5.0,18.881,844.0986
G05_R0658,658,G05,500,6,1e-05,0.7,0.1,0.2,5.0,15.805,233.18936
G05_R0659,659,G05,500,6,1e-05,0.7,0.2,0.2,5.0,16.929,471.49787
G05_R0660,660,G05,500,6,1e-05,0.7,0.3,0.2,5.0,18.89,856.3616400000001
G05_R0661,661,G05,500,6,1e-06,0.85,0.1,0.2,5.0,15.816,620.2189199999999
G05_R0662,662,G05,500,6,1e-06,0.85,0.2,0.2,5.0,16.794,1861.25612
G05_R0663,663,G05,500,6,1e-06,0.85,0.3,0.2,5.0,18.78,3886.39378
G05_R0664,664,G05,500,6,1e-06,0.8,0.1,0.2,5.0,15.816,624.86856
G05_R0665,665,G05,500,6,1e-06,0.8,0.2,0.2,5.0,16.797,1875.75565
G05_R0666,666,G05,500,6,1e-06,0.8,0.3,0.2,5.0,18.784,3915.39331
G05_R0667,667,G05,500,6,1e-06,0.75,0.1,0.2,5.0,15.816,629.95816
G05_R0668,668,G05,500,6,1e-06,0.75,0.2,0.2,5.0,16.8,1891.75515
G05_R0669,669,G05,500,6,1e-06,0.75,0.3,0.2,5.0,18.788,3948.29281
G05_R0670,670,G05,500,6,1e-06,0.7,0.1,0.2,5.0,15.816,635.55773
G05_R0671,671,G05,500,6,1e-06,0.7,0.2,0.2,5.0,16.804,1910.3546099999999
G05_R0672,672,G05,500,6,1e-06,0.7,0.3,0.2,5.0,18.795,3986.59227
G05_R0673,673,G05,500,20,0.001,0.85,0.1,0.2,5.0,23.5,136.67735100000002
G05_R0674,674,G05,500,20,0.001,0.85,0.2,0.2,5.0,26.331,206.8988
G05_R0675,675,G05,500,20,0.001,0.85,0.3,0.2,5.0,30.269,317.58106000000004
G05_R0676,676,G05,500,20,0.001,0.8,0.1,0.2,5.0,23.53,137.61308200000002
G05_R0677,677,G05,500,20,0.001,0.8,0.2,0.2,5.0,26.366,208.81556999999998
G05_R0678,678,G05,500,20,0.001,0.8,0.3,0.2,5.0,30.309,321.26845000000003
G05_R0679,679,G05,500,20,0.001,0.75,0.1,0.2,5.0,23.562,138.618542
G05_R0680,680,G05,500,20,0.001,0.75,0.2,0.2,5.0,26.399,210.86219
G05_R0681,681,G05,500,20,0.001,0.75,0.3,0.2,5.0,30.347,325.24581
G05_R0682,682,G05,500,20,0.001,0.7,0.1,0.2,5.0,23.593,139.683705
G05_R0683,683,G05,500,20,0.001,0.7,0.2,0.2,5.0,26.43,213.06853
G05_R0684,684,G05,500,20,0.001,0.7,0.3,0.2,5.0,30.383,329.55309
G05_R0685,685,G05,500,20,0.0001,0.85,0.1,0.2,5.0,23.631,165.344539
G05_R0686,686,G05,500,20,0.0001,0.85,0.2,0.2,5.0,25.852,265.485887
G05_R0687,687,G05,500,20,0.0001,0.85,0.3,0.2,5.0,29.224,433.90024999999997
G05_R0688,688,G05,500,20,0.0001,0.8,0.1,0.2,5.0,23.643,166.04222499999997
G05_R0689,689,G05,500,20,0.0001,0.8,0.2,0.2,5.0,25.872,267.33919000000003
G05_R0690,690,G05,500,20,0.0001,0.8,0.3,0.2,5.0,29.247,437.77159
G05_R0691,691,G05,500,20,0.0001,0.75,0.1,0.2,5.0,23.656,166.78968999999998
G05_R0692,692,G05,500,20,0.0001,0.75,0.2,0.2,5.0,25.892,269.4226352
G05_R0693,693,G05,500,20,0.0001,0.75,0.3,0.2,5.0,29.273,442.12473
G05_R0694,694,G05,500,20,0.0001,0.7,0.1,0.2,5.0,23.671,167.62687
G05_R0695,695,G05,500,20,0.0001,0.7,0.2,0.2,5.0,25.914,271.77621389999996
G05_R0696,696,G05,500,20,0.0001,0.7,0.3,0.2,5.0,29.301,447.08985
G05_R0697,697,G05,500,20,1e-05,0.85,0.1,0.2,5.0,23.687,228.49253000000002
G05_R0698,698,G05,500,20,1e-05,0.85,0.2,0.2,5.0,25.822,456.21956
G05_R0699,699,G05,500,20,1e-05,0.85,0.3,0.2,5.0,29.676,824.3443000000001
G05_R0700,700,G05,500,20,1e-05,0.8,0.1,0.2,5.0,23.682,229.95157
G05_R0701,701,G05,500,20,1e-05,0.8,0.2,0.2,5.0,25.834,460.63897999999995
G05_R0702,702,G05,500,20,1e-05,0.8,0.3,0.2,5.0,29.687,833.5462
G05_R0703,703,G05,500,20,1e-05,0.75,0.1,0.2,5.0,23.686,231.46052
G05_R0704,704,G05,500,20,1e-05,0.75,0.2,0.2,5.0,25.846,465.67841
G05_R0705,705,G05,500,20,1e-05,0.75,0.3,0.2,5.0,29.7,844.0986
G05_R0706,706,G05,500,20,1e-05,0.7,0.1,0.2,5.0,23.691,233.18936
G05_R0707,707,G05,500,20,1e-05,0.7,0.2,0.2,5.0,25.86,471.49787
G05_R0708,708,G05,500,20,1e-05,0.7,0.3,0.2,5.0,29.714,856.3616400000001
G05_R0709,709,G05,500,20,1e-06,0.85,0.1,0.2,5.0,23.722,620.2189199999999
G05_R0710,710,G05,500,20,1e-06,0.85,0.2,0.2,5.0,25.637,1861.25612
G05_R0711,711,G05,500,20,1e-06,0.85,0.3,0.2,5.0,29.692,3886.39378
G05_R0712,712,G05,500,20,1e-06,0.8,0.1,0.2,5.0,23.724,624.86856
G05_R0713,713,G05,500,20,1e-06,0.8,0.2,0.2,5.0,25.642,1875.75565
G05_R0714,714,G05,500,20,1e-06,0.8,0.3,0.2,5.0,29.698,3915.39331
G05_R0715,715,G05,500,20,1e-06,0.75,0.1,0.2,5.0,23.724,629.95816
G05_R0716,716,G05,500,20,1e-06,0.75,0.2,0.2,5.0,25.647,1891.75515
G05_R0717,717,G05,500,20,1e-06,0.75,0.3,0.2,5.0,29.705,3948.29281
G05_R0718,718,G05,500,20,1e-06,0.7,0.1,0.2,5.0,23.725,635.55773
G05_R0719,719,G05,500,20,1e-06,0.7,0.2,0.2,5.0,25.653,1910.3546099999999
G05_R0720,720,G05,500,20,1e-06,0.7,0.3,0.2,5.0,29.719,3986.59227
G05_R0721,721,G05,500,50,0.001,0.85,0.1,0.2,5.0,32.094,136.67735000000002
G05_R0722,722,G05,500,50,0.001,0.85,0.2,0.2,5.0,36.022,206.8988
G05_R0723,723,G05,500,50,0.001,0.85,0.3,0.2,5.0,41.698,317.58106000000004
G05_R0724,724,G05,500,50,0.001,0.8,0.1,0.2,5.0,32.135,137.613081
G05_R0725,725,G05,500,50,0.001,0.8,0.2,0.2,5.0,36.062,208.81556999999998
G05_R0726,726,G05,500,50,0.001,0.8,0.3,0.2,5.0,41.753,321.26845000000003
G05_R0727,727,G05,500,50,0.001,0.75,0.1,0.2,5.0,32.178,138.61854
G05_R0728,728,G05,500,50,0.001,0.75,0.2,0.2,5.0,36.1,210.86219
G05_R0729,729,G05,500,50,0.001,0.75,0.3,0.2,5.0,41.806,325.24581
G05_R0730,730,G05,500,50,0.001,0.7,0.1,0.2,5.0,32.223,139.68370399999998
G05_R0731,731,G05,500,50,0.001,0.7,0.2,0.2,5.0,36.134,213.06853
G05_R0732,732,G05,500,50,0.001,0.7,0.3,0.2,5.0,41.855,329.55309
G05_R0733,733,G05,500,50,0.0001,0.85,0.1,0.2,5.0,32.955,165.344539
G05_R0734,734,G05,500,50,0.0001,0.85,0.2,0.2,5.0,36.656,265.485887
G05_R0735,735,G05,500,50,0.0001,0.85,0.3,0.2,5.0,41.021,433.92026
G05_R0736,736,G05,500,50,0.0001,0.8,0.1,0.2,5.0,32.971,166.04222499999997
G05_R0737,737,G05,500,50,0.0001,0.8,0.2,0.2,5.0,36.682,267.33919000000003
G05_R0738,738,G05,500,50,0.0001,0.8,0.3,0.2,5.0,41.058,437.79161
G05_R0739,739,G05,500,50,0.0001,0.75,0.1,0.2,5.0,32.989,166.78968999999998
G05_R0740,740,G05,500,50,0.0001,0.75,0.2,0.2,5.0,36.709,269.4226352
G05_R0741,741,G05,500,50,0.0001,0.75,0.3,0.2,5.0,41.097,442.14473999999996
G05_R0742,742,G05,500,50,0.0001,0.7,0.1,0.2,5.0,33.008,167.62687
G05_R0743,743,G05,500,50,0.0001,0.7,0.2,0.2,5.0,36.741,271.77621389999996
G05_R0744,744,G05,500,50,0.0001,0.7,0.3,0.2,5.0,41.141,447.11985999999996
G05_R0745,745,G05,500,50,1e-05,0.85,0.1,0.2,5.0,33.132,228.54253
G05_R0746,746,G05,500,50,1e-05,0.85,0.2,0.2,5.0,37.111,456.21956
G05_R0747,747,G05,500,50,1e-05,0.85,0.3,0.2,5.0,43.589,824.4543100000001
G05_R0748,748,G05,500,50,1e-05,0.8,0.1,0.2,5.0,33.18,229.98156999999998
G05_R0749,749,G05,500,50,1e-05,0.8,0.2,0.2,5.0,37.127,460.63897999999995
G05_R0750,750,G05,500,50,1e-05,0.8,0.3,0.2,5.0,43.604,833.65621
G05_R0751,751,G05,500,50,1e-05,0.75,0.1,0.2,5.0,33.186,231.49052
G05_R0752,752,G05,500,50,1e-05,0.75,0.2,0.2,5.0,37.144,465.67841
G05_R0753,753,G05,500,50,1e-05,0.75,0.3,0.2,5.0,43.616,844.21861
G05_R0754,754,G05,500,50,1e-05,0.7,0.1,0.2,5.0,33.193,233.20936
G05_R0755,755,G05,500,50,1e-05,0.7,0.2,0.2,5.0,37.163,471.49787
G05_R0756,756,G05,500,50,1e-05,0.7,0.3,0.2,5.0,43.629,856.4816500000001
G05_R0757,757,G05,500,50,1e-06,0.85,0.1,0.2,5.0,33.377,620.2189199999999
G05_R0758,758,G05,500,50,1e-06,0.85,0.2,0.2,5.0,37.011,1861.25612
G05_R0759,759,G05,500,50,1e-06,0.85,0.3,0.2,5.0,43.813,3886.3937899999996
G05_R0760,760,G05,500,50,1e-06,0.8,0.1,0.2,5.0,33.375,624.86856
G05_R0761,761,G05,500,50,1e-06,0.8,0.2,0.2,5.0,37.019,1875.75565
G05_R0762,762,G05,500,50,1e-06,0.8,0.3,0.2,5.0,43.819,3915.3933199999997
G05_R0763,763,G05,500,50,1e-06,0.75,0.1,0.2,5.0,33.376,629.95816
G05_R0764,764,G05,500,50,1e-06,0.75,0.2,0.2,5.0,37.027,1891.75515
G05_R0765,765,G05,500,50,1e-06,0.75,0.3,0.2,5.0,43.81,3948.29281
G05_R0766,766,G05,500,50,1e-06,0.7,0.1,0.2,5.0,33.377,635.55773
G05_R0767,767,G05,500,50,1e-06,0.7,0.2,0.2,5.0,37.036,1910.3546099999999
G05_R0768,768,G05,500,50,1e-06,0.7,0.3,0.2,5.0,43.838,3986.5922800000003
G06_R0001,1,G06,25,3,0.001,0.85,0.1,0.3,4.0,6.596,4.9808637000000004
G06_R0002,2,G06,25,3,0.001,0.85,0.2,0.3,4.0,7.1411,7.39498
G06_R0003,3,G06,25,3,0.001,0.85,0.3,0.3,4.0,7.7713,11.3540105
G06_R0004,4,G06,25,3,0.001,0.8,0.1,0.3,4.0,6.6012,5.000652199999999
G06_R0005,5,G06,25,3,0.001,0.8,0.2,0.3,4.0,7.1483,7.4352897
G06_R0006,6,G06,25,3,0.001,0.8,0.3,0.3,4.0,7.7793,11.427614
G06_R0007,7,G06,25,3,0.001,0.75,0.1,0.3,4.0,6.6065,5.0215171
G06_R0008,8,G06,25,3,0.001,0.75,0.2,0.3,4.0,7.1558,7.4781642
G06_R0009,9,G06,25,3,0.001,0.75,0.3,0.3,4.0,7.7879,11.5061818
G06_R0010,10,G06,25,3,0.001,0.7,0.1,0.3,4.0,6.6122,5.0436555
G06_R0011,11,G06,25,3,0.001,0.7,0.2,0.3,4.0,7.1638,7.5238987
G06_R0012,12,G06,25,3,0.001,0.7,0.3,0.3,4.0,7.7971,11.5917096
G06_R0013,13,G06,25,3,0.0001,0.85,0.1,0.3,4.0,6.9257,6.371586099999999
G06_R0014,14,G06,25,3,0.0001,0.85,0.2,0.3,4.0,7.5904,10.2037
G06_R0015,15,G06,25,3,0.0001,0.85,0.3,0.3,4.0,8.4748,17.292662
G06_R0016,16,G06,25,3,0.0001,0.8,0.1,0.3,4.0,6.9287,6.3860633
G06_R0017,17,G06,25,3,0.0001,0.8,0.2,0.3,4.0,7.5943,10.232414
G06_R0018,18,G06,25,3,0.0001,0.8,0.3,0.3,4.0,8.4798,17.346317000000003
G06_R0019,19,G06,25,3,0.0001,0.75,0.1,0.3,4.0,6.9319,6.4013175
G06_R0020,20,G06,25,3,0.0001,0.75,0.2,0.3,4.0,7.5984,10.262098
G06_R0021,21,G06,25,3,0.0001,0.75,0.3,0.3,4.0,8.4849,17.404936
G06_R0022,22,G06,25,3,0.0001,0.7,0.1,0.3,4.0,6.9352,6.4174447
G06_R0023,23,G06,25,3,0.0001,0.7,0.2,0.3,4.0,7.6026,10.293749
G06_R0024,24,G06,25,3,0.0001,0.7,0.3,0.3,4.0,8.4903,17.466514
G06_R0025,25,G06,25,3,1e-05,0.85,0.1,0.3,4.0,7.0165,8.853062
G06_R0026,26,G06,25,3,1e-05,0.85,0.2,0.3,4.0,7.7194,17.990347
G06_R0027,27,G06,25,3,1e-05,0.85,0.3,0.3,4.0,8.6776,33.894278
G06_R0028,28,G06,25,3,1e-05,0.8,0.1,0.3,4.0,7.0176,8.866083999999999
G06_R0029,29,G06,25,3,1e-05,0.8,0.2,0.3,4.0,7.7208,18.020228
G06_R0030,30,G06,25,3,1e-05,0.8,0.3,0.3,4.0,8.6795,33.950127
G06_R0031,31,G06,25,3,1e-05,0.75,0.1,0.3,4.0,7.0187,8.8804
G06_R0032,32,G06,25,3,1e-05,0.75,0.2,0.3,4.0,7.7223,18.053098000000002
G06_R0033,33,G06,25,3,1e-05,0.75,0.3,0.3,4.0,8.6814,34.013960999999995
G06_R0034,34,G06,25,3,1e-05,0.7,0.1,0.3,4.0,7.0199,8.896307
G06_R0035,35,G06,25,3,1e-05,0.7,0.2,0.3,4.0,7.7238,18.090955
G06_R0036,36,G06,25,3,1e-05,0.7,0.3,0.3,4.0,8.6834,34.08478
G06_R0037,37,G06,25,3,1e-06,0.85,0.1,0.3,4.0,7.0454,26.831896
G06_R0038,38,G06,25,3,1e-06,0.85,0.2,0.3,4.0,7.7584,83.631374
G06_R0039,39,G06,25,3,1e-06,0.85,0.3,0.3,4.0,8.7357,177.18879900000002
G06_R0040,40,G06,25,3,1e-06,0.8,0.1,0.3,4.0,7.0456,26.893863
G06_R0041,41,G06,25,3,1e-06,0.8,0.2,0.3,4.0,7.7587,83.754333
G06_R0042,42,G06,25,3,1e-06,0.8,0.3,0.3,4.0,8.736,177.37875
G06_R0043,43,G06,25,3,1e-06,0.75,0.1,0.3,4.0,7.0458,26.960829
G06_R0044,44,G06,25,3,1e-06,0.75,0.2,0.3,4.0,7.759,83.890288
G06_R0045,45,G06,25,3,1e-06,0.75,0.3,0.3,4.0,8.7364,177.59869600000002
G06_R0046,46,G06,25,3,1e-06,0.7,0.1,0.3,4.0,7.0461,27.035791
G06_R0047,47,G06,25,3,1e-06,0.7,0.2,0.3,4.0,7.7593,84.04223900000001
G06_R0048,48,G06,25,3,1e-06,0.7,0.3,0.3,4.0,8.7367,177.838637
G06_R0049,49,G06,25,6,0.001,0.85,0.1,0.3,4.0,7.3202,4.9808637000000004
G06_R0050,50,G06,25,6,0.001,0.85,0.2,0.3,4.0,7.9426,7.39498
G06_R0051,51,G06,25,6,0.001,0.85,0.3,0.3,4.0,8.6581,11.3540105
G06_R0052,52,G06,25,6,0.001,0.8,0.1,0.3,4.0,7.3257,5.000652199999999
G06_R0053,53,G06,25,6,0.001,0.8,0.2,0.3,4.0,7.9505,7.4352897
G06_R0054,54,G06,25,6,0.001,0.8,0.3,0.3,4.0,8.6672,11.427614
G06_R0055,55,G06,25,6,0.001,0.75,0.1,0.3,4.0,7.3315,5.0215171
G06_R0056,56,G06,25,6,0.001,0.75,0.2,0.3,4.0,7.9588,7.4781642
G06_R0057,57,G06,25,6,0.001,0.75,0.3,0.3,4.0,8.6769,11.5061818
G06_R0058,58,G06,25,6,0.001,0.7,0.1,0.3,4.0,7.3376,5.0436555
G06_R0059,59,G06,25,6,0.001,0.7,0.2,0.3,4.0,7.9676,7.5238987
G06_R0060,60,G06,25,6,0.001,0.7,0.3,0.3,4.0,8.6874,11.5917096
G06_R0061,61,G06,25,6,0.0001,0.85,0.1,0.3,4.0,7.6604,6.371586099999999
G06_R0062,62,G06,25,6,0.0001,0.85,0.2,0.3,4.0,8.4015,10.2037
G06_R0063,63,G06,25,6,0.0001,0.85,0.3,0.3,4.0,9.3762,17.292662
G06_R0064,64,G06,25,6,0.0001,0.8,0.1,0.3,4.0,7.6636,6.3860633
G06_R0065,65,G06,25,6,0.0001,0.8,0.2,0.3,4.0,8.4056,10.232414
G06_R0066,66,G06,25,6,0.0001,0.8,0.3,0.3,4.0,9.3815,17.346317000000003
G06_R0067,67,G06,25,6,0.0001,0.75,0.1,0.3,4.0,7.6669,6.4013175
G06_R0068,68,G06,25,6,0.0001,0.75,0.2,0.3,4.0,8.4099,10.262098
G06_R0069,69,G06,25,6,0.0001,0.75,0.3,0.3,4.0,9.387,17.404936
G06_R0070,70,G06,25,6,0.0001,0.7,0.1,0.3,4.0,7.6704,6.4174447
G06_R0071,71,G06,25,6,0.0001,0.7,0.2,0.3,4.0,8.4143,10.293749
G06_R0072,72,G06,25,6,0.0001,0.7,0.3,0.3,4.0,9.3927,17.466514
G06_R0073,73,G06,25,6,1e-05,0.85,0.1,0.3,4.0,7.7542,8.853062
G06_R0074,74,G06,25,6,1e-05,0.85,0.2,0.3,4.0,8.533,17.990347
G06_R0075,75,G06,25,6,1e-05,0.85,0.3,0.3,4.0,9.5805,33.894278
G06_R0076,76,G06,25,6,1e-05,0.8,0.1,0.3,4.0,7.7553,8.866083999999999
G06_R0077,77,G06,25,6,1e-05,0.8,0.2,0.3,4.0,8.5345,18.020228
G06_R0078,78,G06,25,6,1e-05,0.8,0.3,0.3,4.0,9.5824,33.950127
G06_R0079,79,G06,25,6,1e-05,0.75,0.1,0.3,4.0,7.7565,8.8804
G06_R0080,80,G06,25,6,1e-05,0.75,0.2,0.3,4.0,8.536,18.053098000000002
G06_R0081,81,G06,25,6,1e-05,0.75,0.3,0.3,4.0,9.5844,34.013960999999995
G06_R0082,82,G06,25,6,1e-05,0.7,0.1,0.3,4.0,7.7577,8.896307
G06_R0083,83,G06,25,6,1e-05,0.7,0.2,0.3,4.0,8.5376,18.090955
G06_R0084,84,G06,25,6,1e-05,0.7,0.3,0.3,4.0,9.5865,34.08478
G06_R0085,85,G06,25,6,1e-06,0.85,0.1,0.3,4.0,7.784,26.831896
G06_R0086,86,G06,25,6,1e-06,0.85,0.2,0.3,4.0,8.573,83.631374
G06_R0087,87,G06,25,6,1e-06,0.85,0.3,0.3,4.0,9.6395,177.18879900000002
G06_R0088,88,G06,25,6,1e-06,0.8,0.1,0.3,4.0,7.7843,26.893863
G06_R0089,89,G06,25,6,1e-06,0.8,0.2,0.3,4.0,8.5733,83.754333
G06_R0090,90,G06,25,6,1e-06,0.8,0.3,0.3,4.0,9.6398,177.37875
G06_R0091,91,G06,25,6,1e-06,0.75,0.1,0.3,4.0,7.7845,26.960829
G06_R0092,92,G06,25,6,1e-06,0.75,0.2,0.3,4.0,8.5736,83.890288
G06_R0093,93,G06,25,6,1e-06,0.75,0.3,0.3,4.0,9.6401,177.59869600000002
G06_R0094,94,G06,25,6,1e-06,0.7,0.1,0.3,4.0,7.7847,27.035791
G06_R0095,95,G06,25,6,1e-06,0.7,0.2,0.3,4.0,8.5739,84.04223900000001
G06_R0096,96,G06,25,6,1e-06,0.7,0.3,0.3,4.0,9.6405,177.838637
G06_R0097,97,G06,25,20,0.001,0.85,0.1,0.3,4.0,9.5687,4.9808637000000004
G06_R0098,98,G06,25,20,0.001,0.85,0.2,0.3,4.0,10.331,7.39498
G06_R0099,99,G06,25,20,0.001,0.85,0.3,0.3,4.0,11.229,11.3540105
G06_R0100,100,G06,25,20,0.001,0.8,0.1,0.3,4.0,9.5753,5.000652199999999
G06_R0101,101,G06,25,20,0.001,0.8,0.2,0.3,4.0,10.341,7.4352897
G06_R0102,102,G06,25,20,0.001,0.8,0.3,0.3,4.0,11.24,11.427614
G06_R0103,103,G06,25,20,0.001,0.75,0.1,0.3,4.0,9.5823,5.0215171
G06_R0104,104,G06,25,20,0.001,0.75,0.2,0.3,4.0,10.351,7.4781642
G06_R0105,105,G06,25,20,0.001,0.75,0.3,0.3,4.0,11.252,11.5061818
G06_R0106,106,G06,25,20,0.001,0.7,0.1,0.3,4.0,9.5895,5.0436555
G06_R0107,107,G06,25,20,0.001,0.7,0.2,0.3,4.0,10.361,7.5238987
G06_R0108,108,G06,25,20,0.001,0.7,0.3,0.3,4.0,11.265,11.5917096
G06_R0109,109,G06,25,20,0.0001,0.85,0.1,0.3,4.0,9.9593,6.371586099999999
G06_R0110,110,G06,25,20,0.0001,0.85,0.2,0.3,4.0,10.839,10.2037
G06_R0111,111,G06,25,20,0.0001,0.85,0.3,0.3,4.0,11.99,17.292662
G06_R0112,112,G06,25,20,0.0001,0.8,0.1,0.3,4.0,9.963,6.3860633
G06_R0113,113,G06,25,20,0.0001,0.8,0.2,0.3,4.0,10.844,10.232414
G06_R0114,114,G06,25,20,0.0001,0.8,0.3,0.3,4.0,11.996,17.346317000000003
G06_R0115,115,G06,25,20,0.0001,0.75,0.1,0.3,4.0,9.9669,6.4013175
G06_R0116,116,G06,25,20,0.0001,0.75,0.2,0.3,4.0,10.849,10.262098
G06_R0117,117,G06,25,20,0.0001,0.75,0.3,0.3,4.0,12.003,17.404936
G06_R0118,118,G06,25,20,0.0001,0.7,0.1,0.3,4.0,9.9709,6.4174447
G06_R0119,119,G06,25,20,0.0001,0.7,0.2,0.3,4.0,10.854,10.293749
G06_R0120,120,G06,25,20,0.0001,0.7,0.3,0.3,4.0,12.009,17.466514
G06_R0121,121,G06,25,20,1e-05,0.85,0.1,0.3,4.0,10.067,8.853062
G06_R0122,122,G06,25,20,1e-05,0.85,0.2,0.3,4.0,10.985,17.990347
G06_R0123,123,G06,25,20,1e-05,0.85,0.3,0.3,4.0,12.207,33.894278
G06_R0124,124,G06,25,20,1e-05,0.8,0.1,0.3,4.0,10.068,8.866083999999999
G06_R0125,125,G06,25,20,1e-05,0.8,0.2,0.3,4.0,10.987,18.020228
G06_R0126,126,G06,25,20,1e-05,0.8,0.3,0.3,4.0,12.209,33.950127
G06_R0127,127,G06,25,20,1e-05,0.75,0.1,0.3,4.0,10.07,8.8804
G06_R0128,128,G06,25,20,1e-05,0.75,0.2,0.3,4.0,10.989,18.053098000000002
G06_R0129,129,G06,25,20,1e-05,0.75,0.3,0.3,4.0,12.211,34.013960999999995
G06_R0130,130,G06,25,20,1e-05,0.7,0.1,0.3,4.0,10.071,8.896307
G06_R0131,131,G06,25,20,1e-05,0.7,0.2,0.3,4.0,10.99,18.090955
G06_R0132,132,G06,25,20,1e-05,0.7,0.3,0.3,4.0,12.214,34.08478
G06_R0133,133,G06,25,20,1e-06,0.85,0.1,0.3,4.0,10.101,26.831896
G06_R0134,134,G06,25,20,1e-06,0.85,0.2,0.3,4.0,11.03,83.631374
G06_R0135,135,G06,25,20,1e-06,0.85,0.3,0.3,4.0,12.271,177.18879900000002
G06_R0136,136,G06,25,20,1e-06,0.8,0.1,0.3,4.0,10.102,26.893863
G06_R0137,137,G06,25,20,1e-06,0.8,0.2,0.3,4.0,11.03,83.754333
G06_R0138,138,G06,25,20,1e-06,0.8,0.3,0.3,4.0,12.271,177.37875
G06_R0139,139,G06,25,20,1e-06,0.75,0.1,0.3,4.0,10.102,26.960829
G06_R0140,140,G06,25,20,1e-06,0.75,0.2,0.3,4.0,11.03,83.890288
G06_R0141,141,G06,25,20,1e-06,0.75,0.3,0.3,4.0,12.271,177.59869600000002
G06_R0142,142,G06,25,20,1e-06,0.7,0.1,0.3,4.0,10.102,27.035791
G06_R0143,143,G06,25,20,1e-06,0.7,0.2,0.3,4.0,11.031,84.04223900000001
G06_R0144,144,G06,25,20,1e-06,0.7,0.3,0.3,4.0,12.272,177.838637
G06_R0145,145,G06,25,50,0.001,0.85,0.1,0.3,4.0,12.399,4.9808637000000004
G06_R0146,146,G06,25,50,0.001,0.85,0.2,0.3,4.0,13.348,7.39498
G06_R0147,147,G06,25,50,0.001,0.85,0.3,0.3,4.0,14.484,11.3540105
G06_R0148,148,G06,25,50,0.001,0.8,0.1,0.3,4.0,12.407,5.000652199999999
G06_R0149,149,G06,25,50,0.001,0.8,0.2,0.3,4.0,13.36,7.4352897
G06_R0150,150,G06,25,50,0.001,0.8,0.3,0.3,4.0,14.499,11.427614
G06_R0151,151,G06,25,50,0.001,0.75,0.1,0.3,4.0,12.416,5.0215171
G06_R0152,152,G06,25,50,0.001,0.75,0.2,0.3,4.0,13.373,7.4781642
G06_R0153,153,G06,25,50,0.001,0.75,0.3,0.3,4.0,14.514,11.5061818
G06_R0154,154,G06,25,50,0.001,0.7,0.1,0.3,4.0,12.425,5.0436555
G06_R0155,155,G06,25,50,0.001,0.7,0.2,0.3,4.0,13.387,7.5238987
G06_R0156,156,G06,25,50,0.001,0.7,0.3,0.3,4.0,14.531,11.5917096
G06_R0157,157,G06,25,50,0.0001,0.85,0.1,0.3,4.0,12.878,6.371586099999999
G06_R0158,158,G06,25,50,0.0001,0.85,0.2,0.3,4.0,13.971,10.2037
G06_R0159,159,G06,25,50,0.0001,0.85,0.3,0.3,4.0,15.399,17.292662
G06_R0160,160,G06,25,50,0.0001,0.8,0.1,0.3,4.0,12.883,6.3860633
G06_R0161,161,G06,25,50,0.0001,0.8,0.2,0.3,4.0,13.977,10.232414
G06_R0162,162,G06,25,50,0.0001,0.8,0.3,0.3,4.0,15.407,17.346317000000003
G06_R0163,163,G06,25,50,0.0001,0.75,0.1,0.3,4.0,12.888,6.4013175
G06_R0164,164,G06,25,50,0.0001,0.75,0.2,0.3,4.0,13.983,10.262098
G06_R0165,165,G06,25,50,0.0001,0.75,0.3,0.3,4.0,15.415,17.404936
G06_R0166,166,G06,25,50,0.0001,0.7,0.1,0.3,4.0,12.893,6.4174447
G06_R0167,167,G06,25,50,0.0001,0.7,0.2,0.3,4.0,13.989,10.293749
G06_R0168,168,G06,25,50,0.0001,0.7,0.3,0.3,4.0,15.423,17.466514
G06_R0169,169,G06,25,50,1e-05,0.85,0.1,0.3,4.0,13.01,8.853062
G06_R0170,170,G06,25,50,1e-05,0.85,0.2,0.3,4.0,14.148,17.990347
G06_R0171,171,G06,25,50,1e-05,0.85,0.3,0.3,4.0,15.658,33.894278
G06_R0172,172,G06,25,50,1e-05,0.8,0.1,0.3,4.0,13.011,8.866083999999999
G06_R0173,173,G06,25,50,1e-05,0.8,0.2,0.3,4.0,14.15,18.020228
G06_R0174,174,G06,25,50,1e-05,0.8,0.3,0.3,4.0,15.66,33.950127
G06_R0175,175,G06,25,50,1e-05,0.75,0.1,0.3,4.0,13.013,8.8804
G06_R0176,176,G06,25,50,1e-05,0.75,0.2,0.3,4.0,14.152,18.053098000000002
G06_R0177,177,G06,25,50,1e-05,0.75,0.3,0.3,4.0,15.663,34.013960999999995
G06_R0178,178,G06,25,50,1e-05,0.7,0.1,0.3,4.0,13.015,8.896307
G06_R0179,179,G06,25,50,1e-05,0.7,0.2,0.3,4.0,14.154,18.090955
G06_R0180,180,G06,25,50,1e-05,0.7,0.3,0.3,4.0,15.666,34.08478
G06_R0181,181,G06,25,50,1e-06,0.85,0.1,0.3,4.0,13.052,26.831896
G06_R0182,182,G06,25,50,1e-06,0.85,0.2,0.3,4.0,14.202,83.631374
G06_R0183,183,G06,25,50,1e-06,0.85,0.3,0.3,4.0,15.734,177.18879900000002
G06_R0184,184,G06,25,50,1e-06,0.8,0.1,0.3,4.0,13.052,26.893863
G06_R0185,185,G06,25,50,1e-06,0.8,0.2,0.3,4.0,14.202,83.754333
G06_R0186,186,G06,25,50,1e-06,0.8,0.3,0.3,4.0,15.734,177.37875
G06_R0187,187,G06,25,50,1e-06,0.75,0.1,0.3,4.0,13.053,26.960829
G06_R0188,188,G06,25,50,1e-06,0.75,0.2,0.3,4.0,14.203,83.890288
G06_R0189,189,G06,25,50,1e-06,0.75,0.3,0.3,4.0,15.735,177.59869600000002
G06_R0190,190,G06,25,50,1e-06,0.7,0.1,0.3,4.0,13.053,27.035791
G06_R0191,191,G06,25,50,1e-06,0.7,0.2,0.3,4.0,14.203,84.04223900000001
G06_R0192,192,G06,25,50,1e-06,0.7,0.3,0.3,4.0,15.735,177.838637
G06_R0193,193,G06,100,3,0.001,0.85,0.1,0.3,4.0,8.0586,23.200536
G06_R0194,194,G06,100,3,0.001,0.85,0.2,0.3,4.0,8.8292,34.714384
G06_R0195,195,G06,100,3,0.001,0.85,0.3,0.3,4.0,9.8577,54.018773
G06_R0196,196,G06,100,3,0.001,0.8,0.1,0.3,4.0,8.0677,23.323524000000003
G06_R0197,197,G06,100,3,0.001,0.8,0.2,0.3,4.0,8.8428,34.962416
G06_R0198,198,G06,100,3,0.001,0.8,0.3,0.3,4.0,9.876,54.516073
G06_R0199,199,G06,100,3,0.001,0.75,0.1,0.3,4.0,8.0771,23.454444
G06_R0200,200,G06,100,3,0.001,0.75,0.2,0.3,4.0,8.8569,35.227382000000006
G06_R0201,201,G06,100,3,0.001,0.75,0.3,0.3,4.0,9.8948,55.051341
G06_R0202,202,G06,100,3,0.001,0.7,0.1,0.3,4.0,8.087,23.596289
G06_R0203,203,G06,100,3,0.001,0.7,0.2,0.3,4.0,8.8715,35.513276000000005
G06_R0204,204,G06,100,3,0.001,0.7,0.3,0.3,4.0,9.9143,55.630576999999995
G06_R0205,205,G06,100,3,0.0001,0.85,0.1,0.3,4.0,8.3066,29.115298999999997
G06_R0206,206,G06,100,3,0.0001,0.85,0.2,0.3,4.0,9.0658,46.618676
G06_R0207,207,G06,100,3,0.0001,0.85,0.3,0.3,4.0,10.126,78.787896
G06_R0208,208,G06,100,3,0.0001,0.8,0.1,0.3,4.0,8.3103,29.18963
G06_R0209,209,G06,100,3,0.0001,0.8,0.2,0.3,4.0,9.0712,46.782003
G06_R0210,210,G06,100,3,0.0001,0.8,0.3,0.3,4.0,10.133,79.12296400000001
G06_R0211,211,G06,100,3,0.0001,0.75,0.1,0.3,4.0,8.3141,29.267895000000003
G06_R0212,212,G06,100,3,0.0001,0.75,0.2,0.3,4.0,9.0768,46.958266
G06_R0213,213,G06,100,3,0.0001,0.75,0.3,0.3,4.0,10.141,79.487059
G06_R0214,214,G06,100,3,0.0001,0.7,0.1,0.3,4.0,8.3181,29.352083
G06_R0215,215,G06,100,3,0.0001,0.7,0.2,0.3,4.0,9.0827,47.151452
G06_R0216,216,G06,100,3,0.0001,0.7,0.3,0.3,4.0,10.15,79.887184
G06_R0217,217,G06,100,3,1e-05,0.85,0.1,0.3,4.0,8.3783,39.589822
G06_R0218,218,G06,100,3,1e-05,0.85,0.2,0.3,4.0,9.1422,79.15656700000001
G06_R0219,219,G06,100,3,1e-05,0.85,0.3,0.3,4.0,10.211,147.671662
G06_R0220,220,G06,100,3,1e-05,0.8,0.1,0.3,4.0,8.3795,39.684588
G06_R0221,221,G06,100,3,1e-05,0.8,0.2,0.3,4.0,9.1439,79.421225
G06_R0222,222,G06,100,3,1e-05,0.8,0.3,0.3,4.0,10.214,148.201294
G06_R0223,223,G06,100,3,1e-05,0.75,0.1,0.3,4.0,8.3807,39.789331
G06_R0224,224,G06,100,3,1e-05,0.75,0.2,0.3,4.0,9.1457,79.72185300000001
G06_R0225,225,G06,100,3,1e-05,0.75,0.3,0.3,4.0,10.216,148.80089700000002
G06_R0226,226,G06,100,3,1e-05,0.7,0.1,0.3,4.0,8.3819,39.909048
G06_R0227,227,G06,100,3,1e-05,0.7,0.2,0.3,4.0,9.1476,80.068444
G06_R0228,228,G06,100,3,1e-05,0.7,0.3,0.3,4.0,10.219,149.490466
G06_R0229,229,G06,100,3,1e-06,0.85,0.1,0.3,4.0,8.404,112.24240200000001
G06_R0230,230,G06,100,3,1e-06,0.85,0.2,0.3,4.0,9.1701,344.34139799999997
G06_R0231,231,G06,100,3,1e-06,0.85,0.3,0.3,4.0,10.244,726.591266
G06_R0232,232,G06,100,3,1e-06,0.8,0.1,0.3,4.0,8.4042,112.572304
G06_R0233,233,G06,100,3,1e-06,0.8,0.2,0.3,4.0,9.1704,345.191277
G06_R0234,234,G06,100,3,1e-06,0.8,0.3,0.3,4.0,10.245,728.1611320000001
G06_R0235,235,G06,100,3,1e-06,0.75,0.1,0.3,4.0,8.4044,112.94219799999999
G06_R0236,236,G06,100,3,1e-06,0.75,0.2,0.3,4.0,9.1708,346.16114600000003
G06_R0237,237,G06,100,3,1e-06,0.75,0.3,0.3,4.0,10.246,729.9609879999999
G06_R0238,238,G06,100,3,1e-06,0.7,0.1,0.3,4.0,8.4046,113.362083
G06_R0239,239,G06,100,3,1e-06,0.7,0.2,0.3,4.0,9.1712,347.271005
G06_R0240,240,G06,100,3,1e-06,0.7,0.3,0.3,4.0,10.246,732.05083
G06_R0241,241,G06,100,6,0.001,0.85,0.1,0.3,4.0,9.5302,23.200536
G06_R0242,242,G06,100,6,0.001,0.85,0.2,0.3,4.0,10.418,34.714384
G06_R0243,243,G06,100,6,0.001,0.85,0.3,0.3,4.0,11.614,54.018773
G06_R0244,244,G06,100,6,0.001,0.8,0.1,0.3,4.0,9.5407,23.323524000000003
G06_R0245,245,G06,100,6,0.001,0.8,0.2,0.3,4.0,10.434,34.962416
G06_R0246,246,G06,100,6,0.001,0.8,0.3,0.3,4.0,11.634,54.516073
G06_R0247,247,G06,100,6,0.001,0.75,0.1,0.3,4.0,9.5516,23.454444
G06_R0248,248,G06,100,6,0.001,0.75,0.2,0.3,4.0,10.45,35.227382000000006
G06_R0249,249,G06,100,6,0.001,0.75,0.3,0.3,4.0,11.655,55.051341
G06_R0250,250,G06,100,6,0.001,0.7,0.1,0.3,4.0,9.5629,23.596289
G06_R0251,251,G06,100,6,0.001,0.7,0.2,0.3,4.0,10.467,35.513276000000005
G06_R0252,252,G06,100,6,0.001,0.7,0.3,0.3,4.0,11.677,55.630576999999995
G06_R0253,253,G06,100,6,0.0001,0.85,0.1,0.3,4.0,9.7951,29.115298999999997
G06_R0254,254,G06,100,6,0.0001,0.85,0.2,0.3,4.0,10.641,46.618676
G06_R0255,255,G06,100,6,0.0001,0.85,0.3,0.3,4.0,11.828,78.787896
G06_R0256,256,G06,100,6,0.0001,0.8,0.1,0.3,4.0,9.7993,29.18963
G06_R0257,257,G06,100,6,0.0001,0.8,0.2,0.3,4.0,10.647,46.782003
G06_R0258,258,G06,100,6,0.0001,0.8,0.3,0.3,4.0,11.837,79.12296400000001
G06_R0259,259,G06,100,6,0.0001,0.75,0.1,0.3,4.0,9.8037,29.267895000000003
G06_R0260,260,G06,100,6,0.0001,0.75,0.2,0.3,4.0,10.654,46.958266
G06_R0261,261,G06,100,6,0.0001,0.75,0.3,0.3,4.0,11.846,79.487059
G06_R0262,262,G06,100,6,0.0001,0.7,0.1,0.3,4.0,9.8083,29.352083
G06_R0263,263,G06,100,6,0.0001,0.7,0.2,0.3,4.0,10.661,47.151452
G06_R0264,264,G06,100,6,0.0001,0.7,0.3,0.3,4.0,11.856,79.887184
G06_R0265,265,G06,100,6,1e-05,0.85,0.1,0.3,4.0,9.871,39.589822
G06_R0266,266,G06,100,6,1e-05,0.85,0.2,0.3,4.0,10.715,79.15656700000001
G06_R0267,267,G06,100,6,1e-05,0.85,0.3,0.3,4.0,11.895,147.671662
G06_R0268,268,G06,100,6,1e-05,0.8,0.1,0.3,4.0,9.8723,39.684588
G06_R0269,269,G06,100,6,1e-05,0.8,0.2,0.3,4.0,10.717,79.421225
G06_R0270,270,G06,100,6,1e-05,0.8,0.3,0.3,4.0,11.898,148.201294
G06_R0271,271,G06,100,6,1e-05,0.75,0.1,0.3,4.0,9.8736,39.789331
G06_R0272,272,G06,100,6,1e-05,0.75,0.2,0.3,4.0,10.719,79.72185300000001
G06_R0273,273,G06,100,6,1e-05,0.75,0.3,0.3,4.0,11.902,148.80089700000002
G06_R0274,274,G06,100,6,1e-05,0.7,0.1,0.3,4.0,9.875,39.909048
G06_R0275,275,G06,100,6,1e-05,0.7,0.2,0.3,4.0,10.721,80.068444
G06_R0276,276,G06,100,6,1e-05,0.7,0.3,0.3,4.0,11.905,149.490466
G06_R0277,277,G06,100,6,1e-06,0.85,0.1,0.3,4.0,9.899,112.24240200000001
G06_R0278,278,G06,100,6,1e-06,0.85,0.2,0.3,4.0,10.743,344.34139799999997
G06_R0279,279,G06,100,6,1e-06,0.85,0.3,0.3,4.0,11.927,726.591266
G06_R0280,280,G06,100,6,1e-06,0.8,0.1,0.3,4.0,9.8992,112.572304
G06_R0281,281,G06,100,6,1e-06,0.8,0.2,0.3,4.0,10.744,345.191277
G06_R0282,282,G06,100,6,1e-06,0.8,0.3,0.3,4.0,11.928,728.1611320000001
G06_R0283,283,G06,100,6,1e-06,0.75,0.1,0.3,4.0,9.8994,112.94219799999999
G06_R0284,284,G06,100,6,1e-06,0.75,0.2,0.3,4.0,10.744,346.16114600000003
G06_R0285,285,G06,100,6,1e-06,0.75,0.3,0.3,4.0,11.928,729.9609879999999
G06_R0286,286,G06,100,6,1e-06,0.7,0.1,0.3,4.0,9.8996,113.362083
G06_R0287,287,G06,100,6,1e-06,0.7,0.2,0.3,4.0,10.745,347.271005
G06_R0288,288,G06,100,6,1e-06,0.7,0.3,0.3,4.0,11.929,732.05083
G06_R0289,289,G06,100,20,0.001,0.85,0.1,0.3,4.0,13.424,23.200536
G06_R0290,290,G06,100,20,0.001,0.85,0.2,0.3,4.0,14.69,34.714384
G06_R0291,291,G06,100,20,0.001,0.85,0.3,0.3,4.0,16.427,54.018773
G06_R0292,292,G06,100,20,0.001,0.8,0.1,0.3,4.0,13.44,23.323524000000003
G06_R0293,293,G06,100,20,0.001,0.8,0.2,0.3,4.0,14.713,34.962416
G06_R0294,294,G06,100,20,0.001,0.8,0.3,0.3,4.0,16.456,54.516073
G06_R0295,295,G06,100,20,0.001,0.75,0.1,0.3,4.0,13.455,23.454444
G06_R0296,296,G06,100,20,0.001,0.75,0.2,0.3,4.0,14.736,35.227382000000006
G06_R0297,297,G06,100,20,0.001,0.75,0.3,0.3,4.0,16.486,55.051341
G06_R0298,298,G06,100,20,0.001,0.7,0.1,0.3,4.0,13.471,23.596289
G06_R0299,299,G06,100,20,0.001,0.7,0.2,0.3,4.0,14.76,35.513276000000005
G06_R0300,300,G06,100,20,0.001,0.7,0.3,0.3,4.0,16.515,55.630576999999995
G06_R0301,301,G06,100,20,0.0001,0.85,0.1,0.3,4.0,13.763,29.115298999999997
G06_R0302,302,G06,100,20,0.0001,0.85,0.2,0.3,4.0,14.922,46.618676
G06_R0303,303,G06,100,20,0.0001,0.85,0.3,0.3,4.0,16.55,78.787896
G06_R0304,304,G06,100,20,0.0001,0.8,0.1,0.3,4.0,13.769,29.18963
G06_R0305,305,G06,100,20,0.0001,0.8,0.2,0.3,4.0,14.931,46.782003
G06_R0306,306,G06,100,20,0.0001,0.8,0.3,0.3,4.0,16.563,79.12296400000001
G06_R0307,307,G06,100,20,0.0001,0.75,0.1,0.3,4.0,13.775,29.267895000000003
G06_R0308,308,G06,100,20,0.0001,0.75,0.2,0.3,4.0,14.94,46.958266
G06_R0309,309,G06,100,20,0.0001,0.75,0.3,0.3,4.0,16.576,79.487059
G06_R0310,310,G06,100,20,0.0001,0.7,0.1,0.3,4.0,13.782,29.352083
G06_R0311,311,G06,100,20,0.0001,0.7,0.2,0.3,4.0,14.95,47.151452
G06_R0312,312,G06,100,20,0.0001,0.7,0.3,0.3,4.0,16.591,79.887184
G06_R0313,313,G06,100,20,1e-05,0.85,0.1,0.3,4.0,13.86,39.589822
G06_R0314,314,G06,100,20,1e-05,0.85,0.2,0.3,4.0,15.005,79.15656700000001
G06_R0315,315,G06,100,20,1e-05,0.85,0.3,0.3,4.0,16.601,147.671662
G06_R0316,316,G06,100,20,1e-05,0.8,0.1,0.3,4.0,13.861,39.684588
G06_R0317,317,G06,100,20,1e-05,0.8,0.2,0.3,4.0,15.008,79.421225
G06_R0318,318,G06,100,20,1e-05,0.8,0.3,0.3,4.0,16.605,148.201294
G06_R0319,319,G06,100,20,1e-05,0.75,0.1,0.3,4.0,13.863,39.789331
G06_R0320,320,G06,100,20,1e-05,0.75,0.2,0.3,4.0,15.011,79.72185300000001
G06_R0321,321,G06,100,20,1e-05,0.75,0.3,0.3,4.0,16.61,148.80089700000002
G06_R0322,322,G06,100,20,1e-05,0.7,0.1,0.3,4.0,13.865,39.909048
G06_R0323,323,G06,100,20,1e-05,0.7,0.2,0.3,4.0,15.014,80.068444
G06_R0324,324,G06,100,20,1e-05,0.7,0.3,0.3,4.0,16.614,149.490466
G06_R0325,325,G06,100,20,1e-06,0.85,0.1,0.3,4.0,13.897,112.24240200000001
G06_R0326,326,G06,100,20,1e-06,0.85,0.2,0.3,4.0,15.041,344.34139799999997
G06_R0327,327,G06,100,20,1e-06,0.85,0.3,0.3,4.0,16.638,726.591266
G06_R0328,328,G06,100,20,1e-06,0.8,0.1,0.3,4.0,13.897,112.572304
G06_R0329,329,G06,100,20,1e-06,0.8,0.2,0.3,4.0,15.042,345.191277
G06_R0330,330,G06,100,20,1e-06,0.8,0.3,0.3,4.0,16.639,728.1611320000001
G06_R0331,331,G06,100,20,1e-06,0.75,0.1,0.3,4.0,13.897,112.94219799999999
G06_R0332,332,G06,100,20,1e-06,0.75,0.2,0.3,4.0,15.042,346.16114600000003
G06_R0333,333,G06,100,20,1e-06,0.75,0.3,0.3,4.0,16.64,729.9609879999999
G06_R0334,334,G06,100,20,1e-06,0.7,0.1,0.3,4.0,13.898,113.362083
G06_R0335,335,G06,100,20,1e-06,0.7,0.2,0.3,4.0,15.043,347.271005
G06_R0336,336,G06,100,20,1e-06,0.7,0.3,0.3,4.0,16.641,732.05083
G06_R0337,337,G06,100,50,0.001,0.85,0.1,0.3,4.0,17.881,23.200536
G06_R0338,338,G06,100,50,0.001,0.85,0.2,0.3,4.0,19.632,34.714384
G06_R0339,339,G06,100,50,0.001,0.85,0.3,0.3,4.0,22.078,54.018773
G06_R0340,340,G06,100,50,0.001,0.8,0.1,0.3,4.0,17.901,23.323524000000003
G06_R0341,341,G06,100,50,0.001,0.8,0.2,0.3,4.0,19.663,34.962416
G06_R0342,342,G06,100,50,0.001,0.8,0.3,0.3,4.0,22.119,54.516073
G06_R0343,343,G06,100,50,0.001,0.75,0.1,0.3,4.0,17.923,23.454444
G06_R0344,344,G06,100,50,0.001,0.75,0.2,0.3,4.0,19.696,35.227382000000006
G06_R0345,345,G06,100,50,0.001,0.75,0.3,0.3,4.0,22.16,55.051341
G06_R0346,346,G06,100,50,0.001,0.7,0.1,0.3,4.0,17.945,23.596289
G06_R0347,347,G06,100,50,0.001,0.7,0.2,0.3,4.0,19.729,35.513276000000005
G06_R0348,348,G06,100,50,0.001,0.7,0.3,0.3,4.0,22.202,55.630576999999995
G06_R0349,349,G06,100,50,0.0001,0.85,0.1,0.3,4.0,18.321,29.115298999999997
G06_R0350,350,G06,100,50,0.0001,0.85,0.2,0.3,4.0,19.886,46.618676
G06_R0351,351,G06,100,50,0.0001,0.85,0.3,0.3,4.0,22.136,78.787896
G06_R0352,352,G06,100,50,0.0001,0.8,0.1,0.3,4.0,18.329,29.18963
G06_R0353,353,G06,100,50,0.0001,0.8,0.2,0.3,4.0,19.898,46.782003
G06_R0354,354,G06,100,50,0.0001,0.8,0.3,0.3,4.0,22.154,79.12296400000001
G06_R0355,355,G06,100,50,0.0001,0.75,0.1,0.3,4.0,18.338,29.267895000000003
G06_R0356,356,G06,100,50,0.0001,0.75,0.2,0.3,4.0,19.911,46.958266
G06_R0357,357,G06,100,50,0.0001,0.75,0.3,0.3,4.0,22.173,79.487059
G06_R0358,358,G06,100,50,0.0001,0.7,0.1,0.3,4.0,18.347,29.352083
G06_R0359,359,G06,100,50,0.0001,0.7,0.2,0.3,4.0,19.924,47.151452
G06_R0360,360,G06,100,50,0.0001,0.7,0.3,0.3,4.0,22.192,79.887184
G06_R0361,361,G06,100,50,1e-05,0.85,0.1,0.3,4.0,18.449,39.589822
G06_R0362,362,G06,100,50,1e-05,0.85,0.2,0.3,4.0,19.985,79.15656700000001
G06_R0363,363,G06,100,50,1e-05,0.85,0.3,0.3,4.0,22.169,147.671662
G06_R0364,364,G06,100,50,1e-05,0.8,0.1,0.3,4.0,18.451,39.684588
G06_R0365,365,G06,100,50,1e-05,0.8,0.2,0.3,4.0,19.989,79.421225
G06_R0366,366,G06,100,50,1e-05,0.8,0.3,0.3,4.0,22.174,148.201294
G06_R0367,367,G06,100,50,1e-05,0.75,0.1,0.3,4.0,18.454,39.789331
G06_R0368,368,G06,100,50,1e-05,0.75,0.2,0.3,4.0,19.993,79.72185300000001
G06_R0369,369,G06,100,50,1e-05,0.75,0.3,0.3,4.0,22.18,148.80089700000002
G06_R0370,370,G06,100,50,1e-05,0.7,0.1,0.3,4.0,18.457,39.909048
G06_R0371,371,G06,100,50,1e-05,0.7,0.2,0.3,4.0,19.997,80.068444
G06_R0372,372,G06,100,50,1e-05,0.7,0.3,0.3,4.0,22.187,149.490466
G06_R0373,373,G06,100,50,1e-06,0.85,0.1,0.3,4.0,18.499,112.24240200000001
G06_R0374,374,G06,100,50,1e-06,0.85,0.2,0.3,4.0,20.033,344.34139799999997
G06_R0375,375,G06,100,50,1e-06,0.85,0.3,0.3,4.0,22.212,726.591266
G06_R0376,376,G06,100,50,1e-06,0.8,0.1,0.3,4.0,18.5,112.572304
G06_R0377,377,G06,100,50,1e-06,0.8,0.2,0.3,4.0,20.034,345.191277
G06_R0378,378,G06,100,50,1e-06,0.8,0.3,0.3,4.0,22.213,728.1611320000001
G06_R0379,379,G06,100,50,1e-06,0.75,0.1,0.3,4.0,18.5,112.94219799999999
G06_R0380,380,G06,100,50,1e-06,0.75,0.2,0.3,4.0,20.035,346.16114600000003
G06_R0381,381,G06,100,50,1e-06,0.75,0.3,0.3,4.0,22.214,729.9609879999999
G06_R0382,382,G06,100,50,1e-06,0.7,0.1,0.3,4.0,18.5,113.362083
G06_R0383,383,G06,100,50,1e-06,0.7,0.2,0.3,4.0,20.035,347.271005
G06_R0384,384,G06,100,50,1e-06,0.7,0.3,0.3,4.0,22.216,732.05083
G06_R0385,385,G06,250,3,0.001,0.85,0.1,0.3,4.0,9.7418,74.877079
G06_R0386,386,G06,250,3,0.001,0.85,0.2,0.3,4.0,10.665,112.536237
G06_R0387,387,G06,250,3,0.001,0.85,0.3,0.3,4.0,12.244,176.502599
G06_R0388,388,G06,250,3,0.001,0.8,0.1,0.3,4.0,9.7538,75.36948600000001
G06_R0389,389,G06,250,3,0.001,0.8,0.2,0.3,4.0,10.681,113.534491
G06_R0390,390,G06,250,3,0.001,0.8,0.3,0.3,4.0,12.264,178.461943
G06_R0391,391,G06,250,3,0.001,0.75,0.1,0.3,4.0,9.7665,75.897724
G06_R0392,392,G06,250,3,0.001,0.75,0.2,0.3,4.0,10.698,114.592663
G06_R0393,393,G06,250,3,0.001,0.75,0.3,0.3,4.0,12.282,180.57131299999998
G06_R0394,394,G06,250,3,0.001,0.7,0.1,0.3,4.0,9.78,76.46477200000001
G06_R0395,395,G06,250,3,0.001,0.7,0.2,0.3,4.0,10.714,115.73074100000001
G06_R0396,396,G06,250,3,0.001,0.7,0.3,0.3,4.0,12.298,182.840719
G06_R0397,397,G06,250,3,0.0001,0.85,0.1,0.3,4.0,10.015,92.22599100000001
G06_R0398,398,G06,250,3,0.0001,0.85,0.2,0.3,4.0,10.976,149.227238
G06_R0399,399,G06,250,3,0.0001,0.85,0.3,0.3,4.0,12.372,254.60572000000002
G06_R0400,400,G06,250,3,0.0001,0.8,0.1,0.3,4.0,10.019,92.50350999999999
G06_R0401,401,G06,250,3,0.0001,0.8,0.2,0.3,4.0,10.984,149.908373
G06_R0402,402,G06,250,3,0.0001,0.8,0.3,0.3,4.0,12.383,256.0972
G06_R0403,403,G06,250,3,0.0001,0.75,0.1,0.3,4.0,10.024,92.803878
G06_R0404,404,G06,250,3,0.0001,0.75,0.2,0.3,4.0,10.992,150.66955199999998
G06_R0405,405,G06,250,3,0.0001,0.75,0.3,0.3,4.0,12.394,257.74966
G06_R0406,406,G06,250,3,0.0001,0.7,0.1,0.3,4.0,10.029,93.13107
G06_R0407,407,G06,250,3,0.0001,0.7,0.2,0.3,4.0,11.0,151.52076100000002
G06_R0408,408,G06,250,3,0.0001,0.7,0.3,0.3,4.0,12.406,259.59323
G06_R0409,409,G06,250,3,1e-05,0.85,0.1,0.3,4.0,10.095,121.77874
G06_R0410,410,G06,250,3,1e-05,0.85,0.2,0.3,4.0,11.043,239.14262000000002
G06_R0411,411,G06,250,3,1e-05,0.85,0.3,0.3,4.0,12.473,444.00753999999995
G06_R0412,412,G06,250,3,1e-05,0.8,0.1,0.3,4.0,10.097,122.21816999999999
G06_R0413,413,G06,250,3,1e-05,0.8,0.2,0.3,4.0,11.047,240.49200000000002
G06_R0414,414,G06,250,3,1e-05,0.8,0.3,0.3,4.0,12.477,446.75786
G06_R0415,415,G06,250,3,1e-05,0.75,0.1,0.3,4.0,10.098,122.71754999999999
G06_R0416,416,G06,250,3,1e-05,0.75,0.2,0.3,4.0,11.05,242.06134
G06_R0417,417,G06,250,3,1e-05,0.75,0.3,0.3,4.0,12.482,449.92834999999997
G06_R0418,418,G06,250,3,1e-05,0.7,0.1,0.3,4.0,10.1,123.29688
G06_R0419,419,G06,250,3,1e-05,0.7,0.2,0.3,4.0,11.054,243.88065
G06_R0420,420,G06,250,3,1e-05,0.7,0.3,0.3,4.0,12.488,453.61904
G06_R0421,421,G06,250,3,1e-06,0.85,0.1,0.3,4.0,10.124,307.83612999999997
G06_R0422,422,G06,250,3,1e-06,0.85,0.2,0.3,4.0,11.055,916.98522
G06_R0423,423,G06,250,3,1e-06,0.85,0.3,0.3,4.0,12.484,1922.9213
G06_R0424,424,G06,250,3,1e-06,0.8,0.1,0.3,4.0,10.124,309.07588
G06_R0425,425,G06,250,3,1e-06,0.8,0.2,0.3,4.0,11.056,920.97492
G06_R0426,426,G06,250,3,1e-06,0.8,0.3,0.3,4.0,12.485,1930.721
G06_R0427,427,G06,250,3,1e-06,0.75,0.1,0.3,4.0,10.125,310.53561
G06_R0428,428,G06,250,3,1e-06,0.75,0.2,0.3,4.0,11.057,925.7746
G06_R0429,429,G06,250,3,1e-06,0.75,0.3,0.3,4.0,12.487,1940.02067
G06_R0430,430,G06,250,3,1e-06,0.7,0.1,0.3,4.0,10.125,312.29532
G06_R0431,431,G06,250,3,1e-06,0.7,0.2,0.3,4.0,11.058,931.59425
G06_R0432,432,G06,250,3,1e-06,0.7,0.3,0.3,4.0,12.489,1951.12032
G06_R0433,433,G06,250,6,0.001,0.85,0.1,0.3,4.0,11.93,74.877079
G06_R0434,434,G06,250,6,0.001,0.85,0.2,0.3,4.0,13.012,112.536237
G06_R0435,435,G06,250,6,0.001,0.85,0.3,0.3,4.0,14.819,176.502599
G06_R0436,436,G06,250,6,0.001,0.8,0.1,0.3,4.0,11.945,75.36948600000001
G06_R0437,437,G06,250,6,0.001,0.8,0.2,0.3,4.0,13.032,113.534491
G06_R0438,438,G06,250,6,0.001,0.8,0.3,0.3,4.0,14.843,178.461943
G06_R0439,439,G06,250,6,0.001,0.75,0.1,0.3,4.0,11.961,75.897724
G06_R0440,440,G06,250,6,0.001,0.75,0.2,0.3,4.0,13.054,114.592663
G06_R0441,441,G06,250,6,0.001,0.75,0.3,0.3,4.0,14.865,180.57131299999998
G06_R0442,442,G06,250,6,0.001,0.7,0.1,0.3,4.0,11.977,76.46477200000001
G06_R0443,443,G06,250,6,0.001,0.7,0.2,0.3,4.0,13.076,115.73074100000001
G06_R0444,444,G06,250,6,0.001,0.7,0.3,0.3,4.0,14.885,182.840719
G06_R0445,445,G06,250,6,0.0001,0.85,0.1,0.3,4.0,12.281,92.22599100000001
G06_R0446,446,G06,250,6,0.0001,0.85,0.2,0.3,4.0,13.482,149.227238
G06_R0447,447,G06,250,6,0.0001,0.85,0.3,0.3,4.0,15.187,254.60572000000002
G06_R0448,448,G06,250,6,0.0001,0.8,0.1,0.3,4.0,12.287,92.50350999999999
G06_R0449,449,G06,250,6,0.0001,0.8,0.2,0.3,4.0,13.492,149.908373
G06_R0450,450,G06,250,6,0.0001,0.8,0.3,0.3,4.0,15.2,256.0972
G06_R0451,451,G06,250,6,0.0001,0.75,0.1,0.3,4.0,12.293,92.803878
G06_R0452,452,G06,250,6,0.0001,0.75,0.2,0.3,4.0,13.502,150.66955199999998
G06_R0453,453,G06,250,6,0.0001,0.75,0.3,0.3,4.0,15.215,257.74966
G06_R0454,454,G06,250,6,0.0001,0.7,0.1,0.3,4.0,12.299,93.13107
G06_R0455,455,G06,250,6,0.0001,0.7,0.2,0.3,4.0,13.513,151.52076100000002
G06_R0456,456,G06,250,6,0.0001,0.7,0.3,0.3,4.0,15.229,259.59323
G06_R0457,457,G06,250,6,1e-05,0.85,0.1,0.3,4.0,12.382,121.77874
G06_R0458,458,G06,250,6,1e-05,0.85,0.2,0.3,4.0,13.564,239.14262000000002
G06_R0459,459,G06,250,6,1e-05,0.85,0.3,0.3,4.0,15.305,444.00753999999995
G06_R0460,460,G06,250,6,1e-05,0.8,0.1,0.3,4.0,12.384,122.21816999999999
G06_R0461,461,G06,250,6,1e-05,0.8,0.2,0.3,4.0,13.568,240.49200000000002
G06_R0462,462,G06,250,6,1e-05,0.8,0.3,0.3,4.0,15.311,446.75786
G06_R0463,463,G06,250,6,1e-05,0.75,0.1,0.3,4.0,12.386,122.71754999999999
G06_R0464,464,G06,250,6,1e-05,0.75,0.2,0.3,4.0,13.572,242.06134
G06_R0465,465,G06,250,6,1e-05,0.75,0.3,0.3,4.0,15.317,449.92834999999997
G06_R0466,466,G06,250,6,1e-05,0.7,0.1,0.3,4.0,12.388,123.29688
G06_R0467,467,G06,250,6,1e-05,0.7,0.2,0.3,4.0,13.576,243.88065
G06_R0468,468,G06,250,6,1e-05,0.7,0.3,0.3,4.0,15.324,453.61904
G06_R0469,469,G06,250,6,1e-06,0.85,0.1,0.3,4.0,12.419,307.83612999999997
G06_R0470,470,G06,250,6,1e-06,0.85,0.2,0.3,4.0,13.56,916.98522
G06_R0471,471,G06,250,6,1e-06,0.85,0.3,0.3,4.0,15.318,1922.9213
G06_R0472,472,G06,250,6,1e-06,0.8,0.1,0.3,4.0,12.419,309.07588
G06_R0473,473,G06,250,6,1e-06,0.8,0.2,0.3,4.0,13.561,920.97492
G06_R0474,474,G06,250,6,1e-06,0.8,0.3,0.3,4.0,15.32,1930.721
G06_R0475,475,G06,250,6,1e-06,0.75,0.1,0.3,4.0,12.419,310.53561
G06_R0476,476,G06,250,6,1e-06,0.75,0.2,0.3,4.0,13.562,925.7746
G06_R0477,477,G06,250,6,1e-06,0.75,0.3,0.3,4.0,15.322,1940.02067
G06_R0478,478,G06,250,6,1e-06,0.7,0.1,0.3,4.0,12.42,312.29532
G06_R0479,479,G06,250,6,1e-06,0.7,0.2,0.3,4.0,13.563,931.59425
G06_R0480,480,G06,250,6,1e-06,0.7,0.3,0.3,4.0,15.325,1951.12032
G06_R0481,481,G06,250,20,0.001,0.85,0.1,0.3,4.0,17.792,74.877079
G06_R0482,482,G06,250,20,0.001,0.85,0.2,0.3,4.0,19.462,112.536237
G06_R0483,483,G06,250,20,0.001,0.85,0.3,0.3,4.0,21.68,176.502599
G06_R0484,484,G06,250,20,0.001,0.8,0.1,0.3,4.0,17.818,75.36948600000001
G06_R0485,485,G06,250,20,0.001,0.8,0.2,0.3,4.0,19.498,113.534491
G06_R0486,486,G06,250,20,0.001,0.8,0.3,0.3,4.0,21.723,178.461943
G06_R0487,487,G06,250,20,0.001,0.75,0.1,0.3,4.0,17.846,75.897724
G06_R0488,488,G06,250,20,0.001,0.75,0.2,0.3,4.0,19.536,114.592663
G06_R0489,489,G06,250,20,0.001,0.75,0.3,0.3,4.0,21.765,180.57131299999998
G06_R0490,490,G06,250,20,0.001,0.7,0.1,0.3,4.0,17.877,76.46477200000001
G06_R0491,491,G06,250,20,0.001,0.7,0.2,0.3,4.0,19.578,115.73074100000001
G06_R0492,492,G06,250,20,0.001,0.7,0.3,0.3,4.0,21.805,182.840719
G06_R0493,493,G06,250,20,0.0001,0.85,0.1,0.3,4.0,18.494,92.22599100000001
G06_R0494,494,G06,250,20,0.0001,0.85,0.2,0.3,4.0,20.817,149.227238
G06_R0495,495,G06,250,20,0.0001,0.85,0.3,0.3,4.0,23.651,254.60572000000002
G06_R0496,496,G06,250,20,0.0001,0.8,0.1,0.3,4.0,18.504,92.50451
G06_R0497,497,G06,250,20,0.0001,0.8,0.2,0.3,4.0,20.836,149.908373
G06_R0498,498,G06,250,20,0.0001,0.8,0.3,0.3,4.0,23.676,256.0972
G06_R0499,499,G06,250,20,0.0001,0.75,0.1,0.3,4.0,18.515,92.80387900000001
G06_R0500,500,G06,250,20,0.0001,0.75,0.2,0.3,4.0,20.856,150.66955199999998
G06_R0501,501,G06,250,20,0.0001,0.75,0.3,0.3,4.0,23.707,257.74966
G06_R0502,502,G06,250,20,0.0001,0.7,0.1,0.3,4.0,18.526,93.13107099999999
G06_R0503,503,G06,250,20,0.0001,0.7,0.2,0.3,4.0,20.878,151.52076100000002
G06_R0504,504,G06,250,20,0.0001,0.7,0.3,0.3,4.0,23.738,259.59322
G06_R0505,505,G06,250,20,1e-05,0.85,0.1,0.3,4.0,18.711,121.77874
G06_R0506,506,G06,250,20,1e-05,0.85,0.2,0.3,4.0,21.043,239.14262000000002
G06_R0507,507,G06,250,20,1e-05,0.85,0.3,0.3,4.0,24.085,444.00753999999995
G06_R0508,508,G06,250,20,1e-05,0.8,0.1,0.3,4.0,18.715,122.21816999999999
G06_R0509,509,G06,250,20,1e-05,0.8,0.2,0.3,4.0,21.051,240.49200000000002
G06_R0510,510,G06,250,20,1e-05,0.8,0.3,0.3,4.0,24.095,446.75786
G06_R0511,511,G06,250,20,1e-05,0.75,0.1,0.3,4.0,18.718,122.71754999999999
G06_R0512,512,G06,250,20,1e-05,0.75,0.2,0.3,4.0,21.059,242.06134
G06_R0513,513,G06,250,20,1e-05,0.75,0.3,0.3,4.0,24.106,449.92834999999997
G06_R0514,514,G06,250,20,1e-05,0.7,0.1,0.3,4.0,18.722,123.29688
G06_R0515,515,G06,250,20,1e-05,0.7,0.2,0.3,4.0,21.068,243.88065
G06_R0516,516,G06,250,20,1e-05,0.7,0.3,0.3,4.0,24.118,453.61904
G06_R0517,517,G06,250,20,1e-06,0.85,0.1,0.3,4.0,18.786,307.83612999999997
G06_R0518,518,G06,250,20,1e-06,0.85,0.2,0.3,4.0,20.934,916.98522
G06_R0519,519,G06,250,20,1e-06,0.85,0.3,0.3,4.0,24.19,1922.9213
G06_R0520,520,G06,250,20,1e-06,0.8,0.1,0.3,4.0,18.787,309.08588
G06_R0521,521,G06,250,20,1e-06,0.8,0.2,0.3,4.0,20.936,920.97492
G06_R0522,522,G06,250,20,1e-06,0.8,0.3,0.3,4.0,24.193,1930.721
G06_R0523,523,G06,250,20,1e-06,0.75,0.1,0.3,4.0,18.787,310.53561
G06_R0524,524,G06,250,20,1e-06,0.75,0.2,0.3,4.0,20.938,925.7746
G06_R0525,525,G06,250,20,1e-06,0.75,0.3,0.3,4.0,24.197,1940.02067
G06_R0526,526,G06,250,20,1e-06,0.7,0.1,0.3,4.0,18.788,312.29532
G06_R0527,527,G06,250,20,1e-06,0.7,0.2,0.3,4.0,20.941,931.59425
G06_R0528,528,G06,250,20,1e-06,0.7,0.3,0.3,4.0,24.201,1951.12032
G06_R0529,529,G06,250,50,0.001,0.85,0.1,0.3,4.0,26.38,74.877079
G06_R0530,530,G06,250,50,0.001,0.85,0.2,0.3,4.0,28.29,112.536238
G06_R0531,531,G06,250,50,0.001,0.85,0.3,0.3,4.0,29.962,176.502599
G06_R0532,532,G06,250,50,0.001,0.8,0.1,0.3,4.0,26.429,75.36948600000001
G06_R0533,533,G06,250,50,0.001,0.8,0.2,0.3,4.0,28.35,113.534491
G06_R0534,534,G06,250,50,0.001,0.8,0.3,0.3,4.0,30.037,178.461943
G06_R0535,535,G06,250,50,0.001,0.75,0.1,0.3,4.0,26.488,75.897724
G06_R0536,536,G06,250,50,0.001,0.75,0.2,0.3,4.0,28.428,114.592663
G06_R0537,537,G06,250,50,0.001,0.75,0.3,0.3,4.0,30.115,180.57131299999998
G06_R0538,538,G06,250,50,0.001,0.7,0.1,0.3,4.0,26.546,76.46477200000001
G06_R0539,539,G06,250,50,0.001,0.7,0.2,0.3,4.0,28.523,115.73074100000001
G06_R0540,540,G06,250,50,0.001,0.7,0.3,0.3,4.0,30.202,182.840719
G06_R0541,541,G06,250,50,0.0001,0.85,0.1,0.3,4.0,28.244,92.22599100000001
G06_R0542,542,G06,250,50,0.0001,0.85,0.2,0.3,4.0,31.423,149.227237
G06_R0543,543,G06,250,50,0.0001,0.85,0.3,0.3,4.0,37.063,254.60571000000002
G06_R0544,544,G06,250,50,0.0001,0.8,0.1,0.3,4.0,28.262,92.50451
G06_R0545,545,G06,250,50,0.0001,0.8,0.2,0.3,4.0,31.448,149.918373
G06_R0546,546,G06,250,50,0.0001,0.8,0.3,0.3,4.0,37.16,256.0972
G06_R0547,547,G06,250,50,0.0001,0.75,0.1,0.3,4.0,28.282,92.80387900000001
G06_R0548,548,G06,250,50,0.0001,0.75,0.2,0.3,4.0,31.476,150.679551
G06_R0549,549,G06,250,50,0.0001,0.75,0.3,0.3,4.0,36.879,257.74966
G06_R0550,550,G06,250,50,0.0001,0.7,0.1,0.3,4.0,28.305,93.13107099999999
G06_R0551,551,G06,250,50,0.0001,0.7,0.2,0.3,4.0,31.505,151.52076000000002
G06_R0552,552,G06,250,50,0.0001,0.7,0.3,0.3,4.0,36.925,259.59323
G06_R0553,553,G06,250,50,1e-05,0.85,0.1,0.3,4.0,28.515,121.77874
G06_R0554,554,G06,250,50,1e-05,0.85,0.2,0.3,4.0,32.005,239.14262000000002
G06_R0555,555,G06,250,50,1e-05,0.85,0.3,0.3,4.0,38.811,444.00753
G06_R0556,556,G06,250,50,1e-05,0.8,0.1,0.3,4.0,28.521,122.21816999999999
G06_R0557,557,G06,250,50,1e-05,0.8,0.2,0.3,4.0,32.015,240.502
G06_R0558,558,G06,250,50,1e-05,0.8,0.3,0.3,4.0,38.821,446.75786
G06_R0559,559,G06,250,50,1e-05,0.75,0.1,0.3,4.0,28.528,122.71754999999999
G06_R0560,560,G06,250,50,1e-05,0.75,0.2,0.3,4.0,32.027,242.06134
G06_R0561,561,G06,250,50,1e-05,0.75,0.3,0.3,4.0,38.836,449.92834
G06_R0562,562,G06,250,50,1e-05,0.7,0.1,0.3,4.0,28.535,123.29688
G06_R0563,563,G06,250,50,1e-05,0.7,0.2,0.3,4.0,32.039,243.88065
G06_R0564,564,G06,250,50,1e-05,0.7,0.3,0.3,4.0,38.854,453.62904
G06_R0565,565,G06,250,50,1e-06,0.85,0.1,0.3,4.0,28.657,307.83612999999997
G06_R0566,566,G06,250,50,1e-06,0.85,0.2,0.3,4.0,32.798,916.98522
G06_R0567,567,G06,250,50,1e-06,0.85,0.3,0.3,4.0,39.116,1922.9213
G06_R0568,568,G06,250,50,1e-06,0.8,0.1,0.3,4.0,28.659,309.08588
G06_R0569,569,G06,250,50,1e-06,0.8,0.2,0.3,4.0,32.801,920.97492
G06_R0570,570,G06,250,50,1e-06,0.8,0.3,0.3,4.0,39.121,1930.72099
G06_R0571,571,G06,250,50,1e-06,0.75,0.1,0.3,4.0,28.66,310.53561
G06_R0572,572,G06,250,50,1e-06,0.75,0.2,0.3,4.0,32.804,925.7746
G06_R0573,573,G06,250,50,1e-06,0.75,0.3,0.3,4.0,39.127,1940.02067
G06_R0574,574,G06,250,50,1e-06,0.7,0.1,0.3,4.0,28.661,312.29532
G06_R0575,575,G06,250,50,1e-06,0.7,0.2,0.3,4.0,32.809,931.59425
G06_R0576,576,G06,250,50,1e-06,0.7,0.3,0.3,4.0,39.133,1951.2203100000002
G06_R0577,577,G06,500,3,0.001,0.85,0.1,0.3,4.0,12.188,201.47513500000002
G06_R0578,578,G06,500,3,0.001,0.85,0.2,0.3,4.0,13.353,300.34013000000004
G06_R0579,579,G06,500,3,0.001,0.85,0.3,0.3,4.0,14.991,468.33554
G06_R0580,580,G06,500,3,0.001,0.8,0.1,0.3,4.0,12.204,202.95989
G06_R0581,581,G06,500,3,0.001,0.8,0.2,0.3,4.0,13.376,303.21632
G06_R0582,582,G06,500,3,0.001,0.8,0.3,0.3,4.0,15.023,473.79438000000005
G06_R0583,583,G06,500,3,0.001,0.75,0.1,0.3,4.0,12.222,204.52439800000002
G06_R0584,584,G06,500,3,0.001,0.75,0.2,0.3,4.0,13.399,306.31201999999996
G06_R0585,585,G06,500,3,0.001,0.75,0.3,0.3,4.0,15.057,479.65333
G06_R0586,586,G06,500,3,0.001,0.7,0.1,0.3,4.0,12.241,206.20863500000002
G06_R0587,587,G06,500,3,0.001,0.7,0.2,0.3,4.0,13.423,309.65751
G06_R0588,588,G06,500,3,0.001,0.7,0.3,0.3,4.0,15.09,485.9724
G06_R0589,589,G06,500,3,0.0001,0.85,0.1,0.3,4.0,12.463,243.081525
G06_R0590,590,G06,500,3,0.0001,0.85,0.2,0.3,4.0,13.74,394.36314
G06_R0591,591,G06,500,3,0.0001,0.85,0.3,0.3,4.0,15.601,669.83808
G06_R0592,592,G06,500,3,0.0001,0.8,0.1,0.3,4.0,12.469,243.95835599999998
G06_R0593,593,G06,500,3,0.0001,0.8,0.2,0.3,4.0,13.75,396.64047
G06_R0594,594,G06,500,3,0.0001,0.8,0.3,0.3,4.0,15.615,674.85419
G06_R0595,595,G06,500,3,0.0001,0.75,0.1,0.3,4.0,12.476,244.90488200000001
G06_R0596,596,G06,500,3,0.0001,0.75,0.2,0.3,4.0,13.76,399.17841000000004
G06_R0597,597,G06,500,3,0.0001,0.75,0.3,0.3,4.0,15.628,680.44429
G06_R0598,598,G06,500,3,0.0001,0.7,0.1,0.3,4.0,12.484,245.941056
G06_R0599,599,G06,500,3,0.0001,0.7,0.2,0.3,4.0,13.772,402.03711
G06_R0600,600,G06,500,3,0.0001,0.7,0.3,0.3,4.0,15.642,686.7296
G06_R0601,601,G06,500,3,1e-05,0.85,0.1,0.3,4.0,12.526,313.39529999999996
G06_R0602,602,G06,500,3,1e-05,0.85,0.2,0.3,4.0,13.749,603.35526
G06_R0603,603,G06,500,3,1e-05,0.85,0.3,0.3,4.0,15.649,1108.7035199999998
G06_R0604,604,G06,500,3,1e-05,0.8,0.1,0.3,4.0,12.528,314.75423
G06_R0605,605,G06,500,3,1e-05,0.8,0.2,0.3,4.0,13.755,607.89531
G06_R0606,606,G06,500,3,1e-05,0.8,0.3,0.3,4.0,15.655,1118.31249
G06_R0607,607,G06,500,3,1e-05,0.75,0.1,0.3,4.0,12.53,316.30308
G06_R0608,608,G06,500,3,1e-05,0.75,0.2,0.3,4.0,13.76,613.0855200000001
G06_R0609,609,G06,500,3,1e-05,0.75,0.3,0.3,4.0,15.662,1129.22326
G06_R0610,610,G06,500,3,1e-05,0.7,0.1,0.3,4.0,12.533,318.09183
G06_R0611,611,G06,500,3,1e-05,0.7,0.2,0.3,4.0,13.766,619.04597
G06_R0612,612,G06,500,3,1e-05,0.7,0.3,0.3,4.0,15.668,1141.83627
G06_R0613,613,G06,500,3,1e-06,0.85,0.1,0.3,4.0,12.551,704.06335
G06_R0614,614,G06,500,3,1e-06,0.85,0.2,0.3,4.0,13.702,2016.1317
G06_R0615,615,G06,500,3,1e-06,0.85,0.3,0.3,4.0,15.627,4178.01409
G06_R0616,616,G06,500,3,1e-06,0.8,0.1,0.3,4.0,12.551,708.42279
G06_R0617,617,G06,500,3,1e-06,0.8,0.2,0.3,4.0,13.704,2030.03106
G06_R0618,618,G06,500,3,1e-06,0.8,0.3,0.3,4.0,15.629,4206.213565999999
G06_R0619,619,G06,500,3,1e-06,0.75,0.1,0.3,4.0,12.551,713.28219
G06_R0620,620,G06,500,3,1e-06,0.75,0.2,0.3,4.0,13.707,2045.9303699999998
G06_R0621,621,G06,500,3,1e-06,0.75,0.3,0.3,4.0,15.632,4239.013017
G06_R0622,622,G06,500,3,1e-06,0.7,0.1,0.3,4.0,12.552,718.74155
G06_R0623,623,G06,500,3,1e-06,0.7,0.2,0.3,4.0,13.709,2064.6296300000004
G06_R0624,624,G06,500,3,1e-06,0.7,0.3,0.3,4.0,15.635,4277.312447
G06_R0625,625,G06,500,6,0.001,0.85,0.1,0.3,4.0,15.29,201.47513500000002
G06_R0626,626,G06,500,6,0.001,0.85,0.2,0.3,4.0,16.818,300.34013000000004
G06_R0627,627,G06,500,6,0.001,0.85,0.3,0.3,4.0,19.001,468.33554
G06_R0628,628,G06,500,6,0.001,0.8,0.1,0.3,4.0,15.313,202.95989
G06_R0629,629,G06,500,6,0.001,0.8,0.2,0.3,4.0,16.849,303.21632
G06_R0630,630,G06,500,6,0.001,0.8,0.3,0.3,4.0,19.053,473.79438000000005
G06_R0631,631,G06,500,6,0.001,0.75,0.1,0.3,4.0,15.337,204.52439800000002
G06_R0632,632,G06,500,6,0.001,0.75,0.2,0.3,4.0,16.881,306.31201999999996
G06_R0633,633,G06,500,6,0.001,0.75,0.3,0.3,4.0,19.106,479.65333
G06_R0634,634,G06,500,6,0.001,0.7,0.1,0.3,4.0,15.363,206.20863500000002
G06_R0635,635,G06,500,6,0.001,0.7,0.2,0.3,4.0,16.914,309.65751
G06_R0636,636,G06,500,6,0.001,0.7,0.3,0.3,4.0,19.161,485.9724
G06_R0637,637,G06,500,6,0.0001,0.85,0.1,0.3,4.0,15.67,243.081525
G06_R0638,638,G06,500,6,0.0001,0.85,0.2,0.3,4.0,17.321,394.36314
G06_R0639,639,G06,500,6,0.0001,0.85,0.3,0.3,4.0,19.821,669.83808
G06_R0640,640,G06,500,6,0.0001,0.8,0.1,0.3,4.0,15.679,243.95835599999998
G06_R0641,641,G06,500,6,0.0001,0.8,0.2,0.3,4.0,17.335,396.64047
G06_R0642,642,G06,500,6,0.0001,0.8,0.3,0.3,4.0,19.84,674.85419
G06_R0643,643,G06,500,6,0.0001,0.75,0.1,0.3,4.0,15.689,244.90488200000001
G06_R0644,644,G06,500,6,0.0001,0.75,0.2,0.3,4.0,17.35,399.17841000000004
G06_R0645,645,G06,500,6,0.0001,0.75,0.3,0.3,4.0,19.86,680.44429
G06_R0646,646,G06,500,6,0.0001,0.7,0.1,0.3,4.0,15.699,245.941056
G06_R0647,647,G06,500,6,0.0001,0.7,0.2,0.3,4.0,17.365,402.03711
G06_R0648,648,G06,500,6,0.0001,0.7,0.3,0.3,4.0,19.881,686.7296
G06_R0649,649,G06,500,6,1e-05,0.85,0.1,0.3,4.0,15.76,313.39529999999996
G06_R0650,650,G06,500,6,1e-05,0.85,0.2,0.3,4.0,17.333,603.35526
G06_R0651,651,G06,500,6,1e-05,0.85,0.3,0.3,4.0,19.86,1108.7035199999998
G06_R0652,652,G06,500,6,1e-05,0.8,0.1,0.3,4.0,15.763,314.75423
G06_R0653,653,G06,500,6,1e-05,0.8,0.2,0.3,4.0,17.34,607.89531
G06_R0654,654,G06,500,6,1e-05,0.8,0.3,0.3,4.0,19.869,1118.31249
G06_R0655,655,G06,500,6,1e-05,0.75,0.1,0.3,4.0,15.766,316.30308
G06_R0656,656,G06,500,6,1e-05,0.75,0.2,0.3,4.0,17.348,613.0855200000001
G06_R0657,657,G06,500,6,1e-05,0.75,0.3,0.3,4.0,19.878,1129.22326
G06_R0658,658,G06,500,6,1e-05,0.7,0.1,0.3,4.0,15.77,318.09183
G06_R0659,659,G06,500,6,1e-05,0.7,0.2,0.3,4.0,17.356,619.04597
G06_R0660,660,G06,500,6,1e-05,0.7,0.3,0.3,4.0,19.887,1141.83627
G06_R0661,661,G06,500,6,1e-06,0.85,0.1,0.3,4.0,15.795,704.06335
G06_R0662,662,G06,500,6,1e-06,0.85,0.2,0.3,4.0,17.274,2016.1317
G06_R0663,663,G06,500,6,1e-06,0.85,0.3,0.3,4.0,19.843,4178.01409
G06_R0664,664,G06,500,6,1e-06,0.8,0.1,0.3,4.0,15.796,708.42279
G06_R0665,665,G06,500,6,1e-06,0.8,0.2,0.3,4.0,17.277,2030.03106
G06_R0666,666,G06,500,6,1e-06,0.8,0.3,0.3,4.0,19.847,4206.213565999999
G06_R0667,667,G06,500,6,1e-06,0.75,0.1,0.3,4.0,15.796,713.28219
G06_R0668,668,G06,500,6,1e-06,0.75,0.2,0.3,4.0,17.28,2045.9303699999998
G06_R0669,669,G06,500,6,1e-06,0.75,0.3,0.3,4.0,19.851,4239.013017
G06_R0670,670,G06,500,6,1e-06,0.7,0.1,0.3,4.0,15.797,718.74155
G06_R0671,671,G06,500,6,1e-06,0.7,0.2,0.3,4.0,17.284,2064.6296300000004
G06_R0672,672,G06,500,6,1e-06,0.7,0.3,0.3,4.0,19.855,4277.312447
G06_R0673,673,G06,500,20,0.001,0.85,0.1,0.3,4.0,26.309,201.47513500000002
G06_R0674,674,G06,500,20,0.001,0.85,0.2,0.3,4.0,29.279,300.34013000000004
G06_R0675,675,G06,500,20,0.001,0.85,0.3,0.3,4.0,32.477,468.33554
G06_R0676,676,G06,500,20,0.001,0.8,0.1,0.3,4.0,26.372,202.95989
G06_R0677,677,G06,500,20,0.001,0.8,0.2,0.3,4.0,29.318,303.21632
G06_R0678,678,G06,500,20,0.001,0.8,0.3,0.3,4.0,32.597,473.79438000000005
G06_R0679,679,G06,500,20,0.001,0.75,0.1,0.3,4.0,26.431,204.52439800000002
G06_R0680,680,G06,500,20,0.001,0.75,0.2,0.3,4.0,29.353,306.31201999999996
G06_R0681,681,G06,500,20,0.001,0.75,0.3,0.3,4.0,32.729,479.65333
G06_R0682,682,G06,500,20,0.001,0.7,0.1,0.3,4.0,26.486,206.20863500000002
G06_R0683,683,G06,500,20,0.001,0.7,0.2,0.3,4.0,29.387,309.65751
G06_R0684,684,G06,500,20,0.001,0.7,0.3,0.3,4.0,32.865,485.9724
G06_R0685,685,G06,500,20,0.0001,0.85,0.1,0.3,4.0,26.876,243.081525
G06_R0686,686,G06,500,20,0.0001,0.85,0.2,0.3,4.0,29.893,394.36314
G06_R0687,687,G06,500,20,0.0001,0.85,0.3,0.3,4.0,35.044,669.83808
G06_R0688,688,G06,500,20,0.0001,0.8,0.1,0.3,4.0,26.893,243.95835599999998
G06_R0689,689,G06,500,20,0.0001,0.8,0.2,0.3,4.0,29.922,396.64047
G06_R0690,690,G06,500,20,0.0001,0.8,0.3,0.3,4.0,35.093,674.85418
G06_R0691,691,G06,500,20,0.0001,0.75,0.1,0.3,4.0,26.913,244.90488200000001
G06_R0692,692,G06,500,20,0.0001,0.75,0.2,0.3,4.0,29.957,399.17841000000004
G06_R0693,693,G06,500,20,0.0001,0.75,0.3,0.3,4.0,35.128,680.44429
G06_R0694,694,G06,500,20,0.0001,0.7,0.1,0.3,4.0,26.936,245.941056
G06_R0695,695,G06,500,20,0.0001,0.7,0.2,0.3,4.0,29.988,402.03711
G06_R0696,696,G06,500,20,0.0001,0.7,0.3,0.3,4.0,35.153,686.7296
G06_R0697,697,G06,500,20,1e-05,0.85,0.1,0.3,4.0,27.409,313.4253
G06_R0698,698,G06,500,20,1e-05,0.85,0.2,0.3,4.0,29.756,603.35526
G06_R0699,699,G06,500,20,1e-05,0.85,0.3,0.3,4.0,35.597,1108.80373
G06_R0700,700,G06,500,20,1e-05,0.8,0.1,0.3,4.0,27.416,314.79423
G06_R0701,701,G06,500,20,1e-05,0.8,0.2,0.3,4.0,29.77,607.89531
G06_R0702,702,G06,500,20,1e-05,0.8,0.3,0.3,4.0,35.614,1118.3127100000002
G06_R0703,703,G06,500,20,1e-05,0.75,0.1,0.3,4.0,27.423,316.34308000000004
G06_R0704,704,G06,500,20,1e-05,0.75,0.2,0.3,4.0,29.786,613.0855200000001
G06_R0705,705,G06,500,20,1e-05,0.75,0.3,0.3,4.0,35.631,1129.2234899999999
G06_R0706,706,G06,500,20,1e-05,0.7,0.1,0.3,4.0,27.431,318.13183
G06_R0707,707,G06,500,20,1e-05,0.7,0.2,0.3,4.0,29.804,619.04597
G06_R0708,708,G06,500,20,1e-05,0.7,0.3,0.3,4.0,35.648,1141.93651
G06_R0709,709,G06,500,20,1e-06,0.85,0.1,0.3,4.0,27.487,704.08335
G06_R0710,710,G06,500,20,1e-06,0.85,0.2,0.3,4.0,29.677,2016.1317
G06_R0711,711,G06,500,20,1e-06,0.85,0.3,0.3,4.0,36.138,4178.114287
G06_R0712,712,G06,500,20,1e-06,0.8,0.1,0.3,4.0,27.488,708.43279
G06_R0713,713,G06,500,20,1e-06,0.8,0.2,0.3,4.0,29.682,2030.03106
G06_R0714,714,G06,500,20,1e-06,0.8,0.3,0.3,4.0,36.145,4206.313764
G06_R0715,715,G06,500,20,1e-06,0.75,0.1,0.3,4.0,27.489,713.30219
G06_R0716,716,G06,500,20,1e-06,0.75,0.2,0.3,4.0,29.688,2045.9303699999998
G06_R0717,717,G06,500,20,1e-06,0.75,0.3,0.3,4.0,36.153,4239.013215
G06_R0718,718,G06,500,20,1e-06,0.7,0.1,0.3,4.0,27.49,718.76155
G06_R0719,719,G06,500,20,1e-06,0.7,0.2,0.3,4.0,29.694,2064.6296300000004
G06_R0720,720,G06,500,20,1e-06,0.7,0.3,0.3,4.0,36.162,4277.312647
G06_R0721,721,G06,500,50,0.001,0.85,0.1,0.3,4.0,41.612,201.485143
G06_R0722,722,G06,500,50,0.001,0.85,0.2,0.3,4.0,46.059,300.34013000000004
G06_R0723,723,G06,500,50,0.001,0.85,0.3,0.3,4.0,51.104,468.33554
G06_R0724,724,G06,500,50,0.001,0.8,0.1,0.3,4.0,41.708,202.959901
G06_R0725,725,G06,500,50,0.001,0.8,0.2,0.3,4.0,46.164,303.21631
G06_R0726,726,G06,500,50,0.001,0.8,0.3,0.3,4.0,51.378,473.79438000000005
G06_R0727,727,G06,500,50,0.001,0.75,0.1,0.3,4.0,41.819,204.534408
G06_R0728,728,G06,500,50,0.001,0.75,0.2,0.3,4.0,46.326,306.32201000000003
G06_R0729,729,G06,500,50,0.001,0.75,0.3,0.3,4.0,51.705,479.65333
G06_R0730,730,G06,500,50,0.001,0.7,0.1,0.3,4.0,41.947,206.20864500000002
G06_R0731,731,G06,500,50,0.001,0.7,0.2,0.3,4.0,46.456,309.6675
G06_R0732,732,G06,500,50,0.001,0.7,0.3,0.3,4.0,51.986,485.9724
G06_R0733,733,G06,500,50,0.0001,0.85,0.1,0.3,4.0,43.308,243.081525
G06_R0734,734,G06,500,50,0.0001,0.85,0.2,0.3,4.0,47.543,394.37313
G06_R0735,735,G06,500,50,0.0001,0.85,0.3,0.3,4.0,55.013,669.83808
G06_R0736,736,G06,500,50,0.0001,0.8,0.1,0.3,4.0,43.34,243.95835599999998
G06_R0737,737,G06,500,50,0.0001,0.8,0.2,0.3,4.0,47.585,396.65046
G06_R0738,738,G06,500,50,0.0001,0.8,0.3,0.3,4.0,55.096,674.85418
G06_R0739,739,G06,500,50,0.0001,0.75,0.1,0.3,4.0,43.377,244.90488200000001
G06_R0740,740,G06,500,50,0.0001,0.75,0.2,0.3,4.0,47.635,399.1884
G06_R0741,741,G06,500,50,0.0001,0.75,0.3,0.3,4.0,55.17,680.44429
G06_R0742,742,G06,500,50,0.0001,0.7,0.1,0.3,4.0,43.417,245.941056
G06_R0743,743,G06,500,50,0.0001,0.7,0.2,0.3,4.0,47.69,402.0471
G06_R0744,744,G06,500,50,0.0001,0.7,0.3,0.3,4.0,55.26,686.7296
G06_R0745,745,G06,500,50,1e-05,0.85,0.1,0.3,4.0,43.652,313.4253
G06_R0746,746,G06,500,50,1e-05,0.85,0.2,0.3,4.0,47.149,603.35526
G06_R0747,747,G06,500,50,1e-05,0.85,0.3,0.3,4.0,56.238,1108.7035199999998
G06_R0748,748,G06,500,50,1e-05,0.8,0.1,0.3,4.0,43.663,314.79423
G06_R0749,749,G06,500,50,1e-05,0.8,0.2,0.3,4.0,47.161,607.89531
G06_R0750,750,G06,500,50,1e-05,0.8,0.3,0.3,4.0,56.258,1118.31249
G06_R0751,751,G06,500,50,1e-05,0.75,0.1,0.3,4.0,43.674,316.34308000000004
G06_R0752,752,G06,500,50,1e-05,0.75,0.2,0.3,4.0,47.187,613.0855200000001
G06_R0753,753,G06,500,50,1e-05,0.75,0.3,0.3,4.0,56.28,1129.22326
G06_R0754,754,G06,500,50,1e-05,0.7,0.1,0.3,4.0,43.685,318.13183
G06_R0755,755,G06,500,50,1e-05,0.7,0.2,0.3,4.0,47.209,619.04597
G06_R0756,756,G06,500,50,1e-05,0.7,0.3,0.3,4.0,56.306,1141.83627
G06_R0757,757,G06,500,50,1e-06,0.85,0.1,0.3,4.0,43.668,704.06335
G06_R0758,758,G06,500,50,1e-06,0.85,0.2,0.3,4.0,47.033,2016.13166
G06_R0759,759,G06,500,50,1e-06,0.85,0.3,0.3,4.0,57.32,4178.114287
G06_R0760,760,G06,500,50,1e-06,0.8,0.1,0.3,4.0,43.675,708.42279
G06_R0761,761,G06,500,50,1e-06,0.8,0.2,0.3,4.0,47.04,2030.0310200000001
G06_R0762,762,G06,500,50,1e-06,0.8,0.3,0.3,4.0,57.329,4206.313764
G06_R0763,763,G06,500,50,1e-06,0.75,0.1,0.3,4.0,43.679,713.28219
G06_R0764,764,G06,500,50,1e-06,0.75,0.2,0.3,4.0,47.049,2045.93033
G06_R0765,765,G06,500,50,1e-06,0.75,0.3,0.3,4.0,57.338,4239.013215
G06_R0766,766,G06,500,50,1e-06,0.7,0.1,0.3,4.0,43.684,718.74155
G06_R0767,767,G06,500,50,1e-06,0.7,0.2,0.3,4.0,47.061,2064.6295800000003
G06_R0768,768,G06,500,50,1e-06,0.7,0.3,0.3,4.0,57.349,4277.312646
