case_uid,geometry_id,protocol,fold_name,heldout_geometry,Re,Pr,Da,epsi,Hp_mm,a_mm,Lw_mm,true_value,pred_value
G01_R0001,G01,LOGO,holdout_G01,G01,25,3,0.001,0.85,0.1,0.0,0.0,3.5391007,3.646156754628773
G01_R0002,G01,LOGO,holdout_G01,G01,25,3,0.001,0.85,0.2,0.0,0.0,4.931962,5.133821677082742
G01_R0003,G01,LOGO,holdout_G01,G01,25,3,0.001,0.85,0.3,0.0,0.0,6.9917847,7.355082789022253
G01_R0004,G01,LOGO,holdout_G01,G01,25,3,0.001,0.8,0.1,0.0,0.0,3.5506918,3.658236591421842
G01_R0005,G01,LOGO,holdout_G01,G01,25,3,0.001,0.8,0.2,0.0,0.0,4.9540439,5.157385101075218
G01_R0006,G01,LOGO,holdout_G01,G01,25,3,0.001,0.8,0.3,0.0,0.0,7.0272847,7.393340319545588
G01_R0007,G01,LOGO,holdout_G01,G01,25,3,0.001,0.75,0.1,0.0,0.0,3.5627573,3.670964713016041
G01_R0008,G01,LOGO,holdout_G01,G01,25,3,0.001,0.75,0.2,0.0,0.0,4.9773848,5.182053242094553
G01_R0009,G01,LOGO,holdout_G01,G01,25,3,0.001,0.75,0.3,0.0,0.0,7.0650341,7.434990531673276
G01_R0010,G01,LOGO,holdout_G01,G01,25,3,0.001,0.7,0.1,0.0,0.0,3.575394,3.684595611433304
G01_R0011,G01,LOGO,holdout_G01,G01,25,3,0.001,0.7,0.2,0.0,0.0,5.0019789,5.208370167582222
G01_R0012,G01,LOGO,holdout_G01,G01,25,3,0.001,0.7,0.3,0.0,0.0,7.105325400000001,7.477676644808244
G01_R0013,G01,LOGO,holdout_G01,G01,25,3,0.0001,0.85,0.1,0.0,0.0,4.437649,4.592466959943243
G01_R0014,G01,LOGO,holdout_G01,G01,25,3,0.0001,0.85,0.2,0.0,0.0,6.7143536,7.005995069736974
G01_R0015,G01,LOGO,holdout_G01,G01,25,3,0.0001,0.85,0.3,0.0,0.0,10.326261,10.881411688339185
G01_R0016,G01,LOGO,holdout_G01,G01,25,3,0.0001,0.8,0.1,0.0,0.0,4.4470186,4.600576700810687
G01_R0017,G01,LOGO,holdout_G01,G01,25,3,0.0001,0.8,0.2,0.0,0.0,6.731568299999999,7.020880483273054
G01_R0018,G01,LOGO,holdout_G01,G01,25,3,0.0001,0.8,0.3,0.0,0.0,10.355907,10.907266851488048
G01_R0019,G01,LOGO,holdout_G01,G01,25,3,0.0001,0.75,0.1,0.0,0.0,4.4569642,4.61186753058733
G01_R0020,G01,LOGO,holdout_G01,G01,25,3,0.0001,0.75,0.2,0.0,0.0,6.7501525,7.04084357668375
G01_R0021,G01,LOGO,holdout_G01,G01,25,3,0.0001,0.75,0.3,0.0,0.0,10.387515,10.94143775730668
G01_R0022,G01,LOGO,holdout_G01,G01,25,3,0.0001,0.7,0.1,0.0,0.0,4.4674817,4.621630980403333
G01_R0023,G01,LOGO,holdout_G01,G01,25,3,0.0001,0.7,0.2,0.0,0.0,6.770200999999999,7.061241303150898
G01_R0024,G01,LOGO,holdout_G01,G01,25,3,0.0001,0.7,0.3,0.0,0.0,10.422079,10.97741967284086
G01_R0025,G01,LOGO,holdout_G01,G01,25,3,1e-05,0.85,0.1,0.0,0.0,6.6742439000000005,6.869852308739565
G01_R0026,G01,LOGO,holdout_G01,G01,25,3,1e-05,0.85,0.2,0.0,0.0,14.034764,14.384572468651664
G01_R0027,G01,LOGO,holdout_G01,G01,25,3,1e-05,0.85,0.3,0.0,0.0,25.849678,26.507761578674103
G01_R0028,G01,LOGO,holdout_G01,G01,25,3,1e-05,0.8,0.1,0.0,0.0,6.6853538,6.879137905643861
G01_R0029,G01,LOGO,holdout_G01,G01,25,3,1e-05,0.8,0.2,0.0,0.0,14.060641,14.409099777030637
G01_R0030,G01,LOGO,holdout_G01,G01,25,3,1e-05,0.8,0.3,0.0,0.0,25.895523,26.54578344133412
G01_R0031,G01,LOGO,holdout_G01,G01,25,3,1e-05,0.75,0.1,0.0,0.0,6.6977547,6.892451395373887
G01_R0032,G01,LOGO,holdout_G01,G01,25,3,1e-05,0.75,0.2,0.0,0.0,14.089505,14.44018078919188
G01_R0033,G01,LOGO,holdout_G01,G01,25,3,1e-05,0.75,0.3,0.0,0.0,25.947354,26.59837204572191
G01_R0034,G01,LOGO,holdout_G01,G01,25,3,1e-05,0.7,0.1,0.0,0.0,6.711645,6.905767896006218
G01_R0035,G01,LOGO,holdout_G01,G01,25,3,1e-05,0.7,0.2,0.0,0.0,14.122356,14.472457859830438
G01_R0036,G01,LOGO,holdout_G01,G01,25,3,1e-05,0.7,0.3,0.0,0.0,26.007168,26.65701951643621
G01_R0037,G01,LOGO,holdout_G01,G01,25,3,1e-06,0.85,0.1,0.0,0.0,24.410804,24.714444758440877
G01_R0038,G01,LOGO,holdout_G01,G01,25,3,1e-06,0.85,0.2,0.0,0.0,78.946158,79.43510881710469
G01_R0039,G01,LOGO,holdout_G01,G01,25,3,1e-06,0.85,0.3,0.0,0.0,168.59137800000002,169.3408220919635
G01_R0040,G01,LOGO,holdout_G01,G01,25,3,1e-06,0.8,0.1,0.0,0.0,24.455769,24.76375168936588
G01_R0041,G01,LOGO,holdout_G01,G01,25,3,1e-06,0.8,0.2,0.0,0.0,79.044114,79.53430233815176
G01_R0042,G01,LOGO,holdout_G01,G01,25,3,1e-06,0.8,0.3,0.0,0.0,168.75132200000002,169.50738582781642
G01_R0043,G01,LOGO,holdout_G01,G01,25,3,1e-06,0.75,0.1,0.0,0.0,24.504731,24.81924779790216
G01_R0044,G01,LOGO,holdout_G01,G01,25,3,1e-06,0.75,0.2,0.0,0.0,79.15306600000001,79.64797405654784
G01_R0045,G01,LOGO,holdout_G01,G01,25,3,1e-06,0.75,0.3,0.0,0.0,168.93126099999998,169.70245977231735
G01_R0046,G01,LOGO,holdout_G01,G01,25,3,1e-06,0.7,0.1,0.0,0.0,24.55769,24.879078918258823
G01_R0047,G01,LOGO,holdout_G01,G01,25,3,1e-06,0.7,0.2,0.0,0.0,79.27501500000001,79.77372807052032
G01_R0048,G01,LOGO,holdout_G01,G01,25,3,1e-06,0.7,0.3,0.0,0.0,169.13119600000002,169.90981548499062
G01_R0049,G01,LOGO,holdout_G01,G01,25,6,0.001,0.85,0.1,0.0,0.0,3.5391007,3.64612257868294
G01_R0050,G01,LOGO,holdout_G01,G01,25,6,0.001,0.85,0.2,0.0,0.0,4.931962,5.133906098830364
G01_R0051,G01,LOGO,holdout_G01,G01,25,6,0.001,0.85,0.3,0.0,0.0,6.9917847,7.355153602280589
G01_R0052,G01,LOGO,holdout_G01,G01,25,6,0.001,0.8,0.1,0.0,0.0,3.5506918,3.658254745667675
G01_R0053,G01,LOGO,holdout_G01,G01,25,6,0.001,0.8,0.2,0.0,0.0,4.9540439,5.1573724888377175
G01_R0054,G01,LOGO,holdout_G01,G01,25,6,0.001,0.8,0.3,0.0,0.0,7.0272847,7.393402830128922
G01_R0055,G01,LOGO,holdout_G01,G01,25,6,0.001,0.75,0.1,0.0,0.0,3.5627573,3.670993731043125
G01_R0056,G01,LOGO,holdout_G01,G01,25,6,0.001,0.75,0.2,0.0,0.0,4.9773848,5.182075617751099
G01_R0057,G01,LOGO,holdout_G01,G01,25,6,0.001,0.75,0.3,0.0,0.0,7.0650341,7.434962285197083
G01_R0058,G01,LOGO,holdout_G01,G01,25,6,0.001,0.7,0.1,0.0,0.0,3.575394,3.684552029433304
G01_R0059,G01,LOGO,holdout_G01,G01,25,6,0.001,0.7,0.2,0.0,0.0,5.0019789,5.208437093842937
G01_R0060,G01,LOGO,holdout_G01,G01,25,6,0.001,0.7,0.3,0.0,0.0,7.105325400000001,7.477624420695744
G01_R0061,G01,LOGO,holdout_G01,G01,25,6,0.0001,0.85,0.1,0.0,0.0,4.437649,4.592482581901576
G01_R0062,G01,LOGO,holdout_G01,G01,25,6,0.0001,0.85,0.2,0.0,0.0,6.7143536,7.006071783187869
G01_R0063,G01,LOGO,holdout_G01,G01,25,6,0.0001,0.85,0.3,0.0,0.0,10.326261,10.88166188075585
G01_R0064,G01,LOGO,holdout_G01,G01,25,6,0.0001,0.8,0.1,0.0,0.0,4.4470186,4.600545719527351
G01_R0065,G01,LOGO,holdout_G01,G01,25,6,0.0001,0.8,0.2,0.0,0.0,6.731568299999999,7.02095028187127
G01_R0066,G01,LOGO,holdout_G01,G01,25,6,0.0001,0.8,0.3,0.0,0.0,10.355907,10.907479560529714
G01_R0067,G01,LOGO,holdout_G01,G01,25,6,0.0001,0.75,0.1,0.0,0.0,4.4569642,4.611795197720663
G01_R0068,G01,LOGO,holdout_G01,G01,25,6,0.0001,0.75,0.2,0.0,0.0,6.7501525,7.040851156459047
G01_R0069,G01,LOGO,holdout_G01,G01,25,6,0.0001,0.75,0.3,0.0,0.0,10.387515,10.941543896556682
G01_R0070,G01,LOGO,holdout_G01,G01,25,6,0.0001,0.7,0.1,0.0,0.0,4.4674817,4.621617255559583
G01_R0071,G01,LOGO,holdout_G01,G01,25,6,0.0001,0.7,0.2,0.0,0.0,6.770200999999999,7.061254823645689
G01_R0072,G01,LOGO,holdout_G01,G01,25,6,0.0001,0.7,0.3,0.0,0.0,10.422079,10.977191304406336
G01_R0073,G01,LOGO,holdout_G01,G01,25,6,1e-05,0.85,0.1,0.0,0.0,6.6742439000000005,6.869825026802066
G01_R0074,G01,LOGO,holdout_G01,G01,25,6,1e-05,0.85,0.2,0.0,0.0,14.034764,14.384641810505832
G01_R0075,G01,LOGO,holdout_G01,G01,25,6,1e-05,0.85,0.3,0.0,0.0,25.849678,26.507751008403257
G01_R0076,G01,LOGO,holdout_G01,G01,25,6,1e-05,0.8,0.1,0.0,0.0,6.6853538,6.8791121624563605
G01_R0077,G01,LOGO,holdout_G01,G01,25,6,1e-05,0.8,0.2,0.0,0.0,14.060641,14.409149563578254
G01_R0078,G01,LOGO,holdout_G01,G01,25,6,1e-05,0.8,0.3,0.0,0.0,25.895523,26.545934917628752
G01_R0079,G01,LOGO,holdout_G01,G01,25,6,1e-05,0.75,0.1,0.0,0.0,6.6977547,6.892406231320316
G01_R0080,G01,LOGO,holdout_G01,G01,25,6,1e-05,0.75,0.2,0.0,0.0,14.089505,14.440092220191882
G01_R0081,G01,LOGO,holdout_G01,G01,25,6,1e-05,0.75,0.3,0.0,0.0,25.947354,26.59802240837071
G01_R0082,G01,LOGO,holdout_G01,G01,25,6,1e-05,0.7,0.1,0.0,0.0,6.711645,6.90572576581872
G01_R0083,G01,LOGO,holdout_G01,G01,25,6,1e-05,0.7,0.2,0.0,0.0,14.122356,14.472495138580442
G01_R0084,G01,LOGO,holdout_G01,G01,25,6,1e-05,0.7,0.3,0.0,0.0,26.007168,26.65696024893621
G01_R0085,G01,LOGO,holdout_G01,G01,25,6,1e-06,0.85,0.1,0.0,0.0,24.410804,24.71441357421169
G01_R0086,G01,LOGO,holdout_G01,G01,25,6,1e-06,0.85,0.2,0.0,0.0,78.946158,79.43530483681894
G01_R0087,G01,LOGO,holdout_G01,G01,25,6,1e-06,0.85,0.3,0.0,0.0,168.59137800000002,169.34094997894266
G01_R0088,G01,LOGO,holdout_G01,G01,25,6,1e-06,0.8,0.1,0.0,0.0,24.455769,24.763695619365876
G01_R0089,G01,LOGO,holdout_G01,G01,25,6,1e-06,0.8,0.2,0.0,0.0,79.044114,79.5344316269851
G01_R0090,G01,LOGO,holdout_G01,G01,25,6,1e-06,0.8,0.3,0.0,0.0,168.75132200000002,169.5071736550248
G01_R0091,G01,LOGO,holdout_G01,G01,25,6,1e-06,0.75,0.1,0.0,0.0,24.504731,24.81927762031288
G01_R0092,G01,LOGO,holdout_G01,G01,25,6,1e-06,0.75,0.2,0.0,0.0,79.15306600000001,79.64812701886036
G01_R0093,G01,LOGO,holdout_G01,G01,25,6,1e-06,0.75,0.3,0.0,0.0,168.93126099999998,169.702336104984
G01_R0094,G01,LOGO,holdout_G01,G01,25,6,1e-06,0.7,0.1,0.0,0.0,24.55769,24.87891621459811
G01_R0095,G01,LOGO,holdout_G01,G01,25,6,1e-06,0.7,0.2,0.0,0.0,79.27501500000001,79.77397140479117
G01_R0096,G01,LOGO,holdout_G01,G01,25,6,1e-06,0.7,0.3,0.0,0.0,169.13119600000002,169.90975349265725
G01_R0097,G01,LOGO,holdout_G01,G01,25,20,0.001,0.85,0.1,0.0,0.0,3.5391007,3.646197455971828
G01_R0098,G01,LOGO,holdout_G01,G01,25,20,0.001,0.85,0.2,0.0,0.0,4.931962,5.133931446796789
G01_R0099,G01,LOGO,holdout_G01,G01,25,20,0.001,0.85,0.3,0.0,0.0,6.9917847,7.3553055330668995
G01_R0100,G01,LOGO,holdout_G01,G01,25,20,0.001,0.8,0.1,0.0,0.0,3.5506918,3.6582025193447594
G01_R0101,G01,LOGO,holdout_G01,G01,25,20,0.001,0.8,0.2,0.0,0.0,4.9540439,5.157422280159938
G01_R0102,G01,LOGO,holdout_G01,G01,25,20,0.001,0.8,0.3,0.0,0.0,7.0272847,7.393324922765827
G01_R0103,G01,LOGO,holdout_G01,G01,25,20,0.001,0.75,0.1,0.0,0.0,3.5627573,3.670900182531122
G01_R0104,G01,LOGO,holdout_G01,G01,25,20,0.001,0.75,0.2,0.0,0.0,4.9773848,5.1820863467908325
G01_R0105,G01,LOGO,holdout_G01,G01,25,20,0.001,0.75,0.3,0.0,0.0,7.0650341,7.43474888419113
G01_R0106,G01,LOGO,holdout_G01,G01,25,20,0.001,0.7,0.1,0.0,0.0,3.575394,3.684564208466636
G01_R0107,G01,LOGO,holdout_G01,G01,25,20,0.001,0.7,0.2,0.0,0.0,5.0019789,5.208505524769725
G01_R0108,G01,LOGO,holdout_G01,G01,25,20,0.001,0.7,0.3,0.0,0.0,7.105325400000001,7.47755923492908
G01_R0109,G01,LOGO,holdout_G01,G01,25,20,0.0001,0.85,0.1,0.0,0.0,4.437649,4.592448146339078
G01_R0110,G01,LOGO,holdout_G01,G01,25,20,0.0001,0.85,0.2,0.0,0.0,6.7143536,7.0061748632539365
G01_R0111,G01,LOGO,holdout_G01,G01,25,20,0.0001,0.85,0.3,0.0,0.0,10.326261,10.881514700955254
G01_R0112,G01,LOGO,holdout_G01,G01,25,20,0.0001,0.8,0.1,0.0,0.0,4.4470186,4.600531696485686
G01_R0113,G01,LOGO,holdout_G01,G01,25,20,0.0001,0.8,0.2,0.0,0.0,6.731568299999999,7.021009710371264
G01_R0114,G01,LOGO,holdout_G01,G01,25,20,0.0001,0.8,0.3,0.0,0.0,10.355907,10.907357030270786
G01_R0115,G01,LOGO,holdout_G01,G01,25,20,0.0001,0.75,0.1,0.0,0.0,4.4569642,4.611876257671853
G01_R0116,G01,LOGO,holdout_G01,G01,25,20,0.0001,0.75,0.2,0.0,0.0,6.7501525,7.040905031674225
G01_R0117,G01,LOGO,holdout_G01,G01,25,20,0.0001,0.75,0.3,0.0,0.0,10.387515,10.941067953675727
G01_R0118,G01,LOGO,holdout_G01,G01,25,20,0.0001,0.7,0.1,0.0,0.0,4.4674817,4.62171279752744
G01_R0119,G01,LOGO,holdout_G01,G01,25,20,0.0001,0.7,0.2,0.0,0.0,6.770200999999999,7.061106085165631
G01_R0120,G01,LOGO,holdout_G01,G01,25,20,0.0001,0.7,0.3,0.0,0.0,10.422079,10.977109642635504
G01_R0121,G01,LOGO,holdout_G01,G01,25,20,1e-05,0.85,0.1,0.0,0.0,6.6742439000000005,6.869917756697901
G01_R0122,G01,LOGO,holdout_G01,G01,25,20,1e-05,0.85,0.2,0.0,0.0,14.034764,14.384770769443332
G01_R0123,G01,LOGO,holdout_G01,G01,25,20,1e-05,0.85,0.3,0.0,0.0,25.849678,26.50750867996872
G01_R0124,G01,LOGO,holdout_G01,G01,25,20,1e-05,0.8,0.1,0.0,0.0,6.6853538,6.879251746935528
G01_R0125,G01,LOGO,holdout_G01,G01,25,20,1e-05,0.8,0.2,0.0,0.0,14.060641,14.40936423910206
G01_R0126,G01,LOGO,holdout_G01,G01,25,20,1e-05,0.8,0.3,0.0,0.0,25.895523,26.5456746734978
G01_R0127,G01,LOGO,holdout_G01,G01,25,20,1e-05,0.75,0.1,0.0,0.0,6.6977547,6.892391773638768
G01_R0128,G01,LOGO,holdout_G01,G01,25,20,1e-05,0.75,0.2,0.0,0.0,14.089505,14.440210780471638
G01_R0129,G01,LOGO,holdout_G01,G01,25,20,1e-05,0.75,0.3,0.0,0.0,25.947354,26.598239281176262
G01_R0130,G01,LOGO,holdout_G01,G01,25,20,1e-05,0.7,0.1,0.0,0.0,6.711645,6.9057809584675285
G01_R0131,G01,LOGO,holdout_G01,G01,25,20,1e-05,0.7,0.2,0.0,0.0,14.122356,14.472563880580434
G01_R0132,G01,LOGO,holdout_G01,G01,25,20,1e-05,0.7,0.3,0.0,0.0,26.007168,26.65710103585288
G01_R0133,G01,LOGO,holdout_G01,G01,25,20,1e-06,0.85,0.1,0.0,0.0,24.410804,24.714477768572788
G01_R0134,G01,LOGO,holdout_G01,G01,25,20,1e-06,0.85,0.2,0.0,0.0,78.946158,79.43511572009275
G01_R0135,G01,LOGO,holdout_G01,G01,25,20,1e-06,0.85,0.3,0.0,0.0,168.59137800000002,169.34117081748437
G01_R0136,G01,LOGO,holdout_G01,G01,25,20,1e-06,0.8,0.1,0.0,0.0,24.455769,24.76377873468729
G01_R0137,G01,LOGO,holdout_G01,G01,25,20,1e-06,0.8,0.2,0.0,0.0,79.044114,79.5344908120074
G01_R0138,G01,LOGO,holdout_G01,G01,25,20,1e-06,0.8,0.3,0.0,0.0,168.75132200000002,169.5073020966558
G01_R0139,G01,LOGO,holdout_G01,G01,25,20,1e-06,0.75,0.1,0.0,0.0,24.504731,24.819412312455725
G01_R0140,G01,LOGO,holdout_G01,G01,25,20,1e-06,0.75,0.2,0.0,0.0,79.15306600000001,79.64801245008952
G01_R0141,G01,LOGO,holdout_G01,G01,25,20,1e-06,0.75,0.3,0.0,0.0,168.93126099999998,169.7019340123799
G01_R0142,G01,LOGO,holdout_G01,G01,25,20,1e-06,0.7,0.1,0.0,0.0,24.55769,24.879041227990943
G01_R0143,G01,LOGO,holdout_G01,G01,25,20,1e-06,0.7,0.2,0.0,0.0,79.27501500000001,79.77386401716612
G01_R0144,G01,LOGO,holdout_G01,G01,25,20,1e-06,0.7,0.3,0.0,0.0,169.13119600000002,169.90931175877034
G01_R0145,G01,LOGO,holdout_G01,G01,25,50,0.001,0.85,0.1,0.0,0.0,3.5391007,3.6462030089405775
G01_R0146,G01,LOGO,holdout_G01,G01,25,50,0.001,0.85,0.2,0.0,0.0,4.931962,5.133931272838455
G01_R0147,G01,LOGO,holdout_G01,G01,25,50,0.001,0.85,0.3,0.0,0.0,6.9917847,7.355334071000231
G01_R0148,G01,LOGO,holdout_G01,G01,25,50,0.001,0.8,0.1,0.0,0.0,3.5506918,3.6581873330614254
G01_R0149,G01,LOGO,holdout_G01,G01,25,50,0.001,0.8,0.2,0.0,0.0,4.9540439,5.15743046828494
G01_R0150,G01,LOGO,holdout_G01,G01,25,50,0.001,0.8,0.3,0.0,0.0,7.0272847,7.393405687642613
G01_R0151,G01,LOGO,holdout_G01,G01,25,50,0.001,0.75,0.1,0.0,0.0,3.5627573,3.6709578621061216
G01_R0152,G01,LOGO,holdout_G01,G01,25,50,0.001,0.75,0.2,0.0,0.0,4.9773848,5.182059673553335
G01_R0153,G01,LOGO,holdout_G01,G01,25,50,0.001,0.75,0.3,0.0,0.0,7.0650341,7.434818007711964
G01_R0154,G01,LOGO,holdout_G01,G01,25,50,0.001,0.7,0.1,0.0,0.0,3.575394,3.6845746953999714
G01_R0155,G01,LOGO,holdout_G01,G01,25,50,0.001,0.7,0.2,0.0,0.0,5.0019789,5.208452670357223
G01_R0156,G01,LOGO,holdout_G01,G01,25,50,0.001,0.7,0.3,0.0,0.0,7.105325400000001,7.477600999554079
G01_R0157,G01,LOGO,holdout_G01,G01,25,50,0.0001,0.85,0.1,0.0,0.0,4.437649,4.59257709417241
G01_R0158,G01,LOGO,holdout_G01,G01,25,50,0.0001,0.85,0.2,0.0,0.0,6.7143536,7.006144680041433
G01_R0159,G01,LOGO,holdout_G01,G01,25,50,0.0001,0.85,0.3,0.0,0.0,10.326261,10.881491522996926
G01_R0160,G01,LOGO,holdout_G01,G01,25,50,0.0001,0.8,0.1,0.0,0.0,4.4470186,4.600674041691937
G01_R0161,G01,LOGO,holdout_G01,G01,25,50,0.0001,0.8,0.2,0.0,0.0,6.731568299999999,7.021004168258765
G01_R0162,G01,LOGO,holdout_G01,G01,25,50,0.0001,0.8,0.3,0.0,0.0,10.355907,10.907235244895793
G01_R0163,G01,LOGO,holdout_G01,G01,25,50,0.0001,0.75,0.1,0.0,0.0,4.4569642,4.611929652117687
G01_R0164,G01,LOGO,holdout_G01,G01,25,50,0.0001,0.75,0.2,0.0,0.0,6.7501525,7.04090193153464
G01_R0165,G01,LOGO,holdout_G01,G01,25,50,0.0001,0.75,0.3,0.0,0.0,10.387515,10.941108046779892
G01_R0166,G01,LOGO,holdout_G01,G01,25,50,0.0001,0.7,0.1,0.0,0.0,4.4674817,4.621701196755119
G01_R0167,G01,LOGO,holdout_G01,G01,25,50,0.0001,0.7,0.2,0.0,0.0,6.770200999999999,7.061059205646876
G01_R0168,G01,LOGO,holdout_G01,G01,25,50,0.0001,0.7,0.3,0.0,0.0,10.422079,10.97721058746884
G01_R0169,G01,LOGO,holdout_G01,G01,25,50,1e-05,0.85,0.1,0.0,0.0,6.6742439000000005,6.869853245843737
G01_R0170,G01,LOGO,holdout_G01,G01,25,50,1e-05,0.85,0.2,0.0,0.0,14.034764,14.384916592193331
G01_R0171,G01,LOGO,holdout_G01,G01,25,50,1e-05,0.85,0.3,0.0,0.0,25.849678,26.50754747867409
G01_R0172,G01,LOGO,holdout_G01,G01,25,50,1e-05,0.8,0.1,0.0,0.0,6.6853538,6.87923212649803
G01_R0173,G01,LOGO,holdout_G01,G01,25,50,1e-05,0.8,0.2,0.0,0.0,14.060641,14.40945705516457
G01_R0174,G01,LOGO,holdout_G01,G01,25,50,1e-05,0.8,0.3,0.0,0.0,25.895523,26.545591732036492
G01_R0175,G01,LOGO,holdout_G01,G01,25,50,1e-05,0.75,0.1,0.0,0.0,6.6977547,6.892384019763767
G01_R0176,G01,LOGO,holdout_G01,G01,25,50,1e-05,0.75,0.2,0.0,0.0,14.089505,14.44013999320378
G01_R0177,G01,LOGO,holdout_G01,G01,25,50,1e-05,0.75,0.3,0.0,0.0,25.947354,26.5981320298846
G01_R0178,G01,LOGO,holdout_G01,G01,25,50,1e-05,0.7,0.1,0.0,0.0,6.711645,6.90579725432169
G01_R0179,G01,LOGO,holdout_G01,G01,25,50,1e-05,0.7,0.2,0.0,0.0,14.122356,14.472490069955434
G01_R0180,G01,LOGO,holdout_G01,G01,25,50,1e-05,0.7,0.3,0.0,0.0,26.007168,26.657036749290377
G01_R0181,G01,LOGO,holdout_G01,G01,25,50,1e-06,0.85,0.1,0.0,0.0,24.410804,24.714331680287067
G01_R0182,G01,LOGO,holdout_G01,G01,25,50,1e-06,0.85,0.2,0.0,0.0,78.946158,79.4348393925779
G01_R0183,G01,LOGO,holdout_G01,G01,25,50,1e-06,0.85,0.3,0.0,0.0,168.59137800000002,169.34099054559448
G01_R0184,G01,LOGO,holdout_G01,G01,25,50,1e-06,0.8,0.1,0.0,0.0,24.455769,24.76382071331825
G01_R0185,G01,LOGO,holdout_G01,G01,25,50,1e-06,0.8,0.2,0.0,0.0,79.044114,79.53419648119488
G01_R0186,G01,LOGO,holdout_G01,G01,25,50,1e-06,0.8,0.3,0.0,0.0,168.75132200000002,169.50789720078075
G01_R0187,G01,LOGO,holdout_G01,G01,25,50,1e-06,0.75,0.1,0.0,0.0,24.504731,24.81945136120572
G01_R0188,G01,LOGO,holdout_G01,G01,25,50,1e-06,0.75,0.2,0.0,0.0,79.15306600000001,79.648227394652
G01_R0189,G01,LOGO,holdout_G01,G01,25,50,1e-06,0.75,0.3,0.0,0.0,168.93126099999998,169.7020907064632
G01_R0190,G01,LOGO,holdout_G01,G01,25,50,1e-06,0.7,0.1,0.0,0.0,24.55769,24.87901769861595
G01_R0191,G01,LOGO,holdout_G01,G01,25,50,1e-06,0.7,0.2,0.0,0.0,79.27501500000001,79.77398615922863
G01_R0192,G01,LOGO,holdout_G01,G01,25,50,1e-06,0.7,0.3,0.0,0.0,169.13119600000002,169.90893170052033
G01_R0193,G01,LOGO,holdout_G01,G01,100,3,0.001,0.85,0.1,0.0,0.0,15.135925,15.830144022667849
G01_R0194,G01,LOGO,holdout_G01,G01,100,3,0.001,0.85,0.2,0.0,0.0,21.309251,22.501618517768357
G01_R0195,G01,LOGO,holdout_G01,G01,100,3,0.001,0.85,0.3,0.0,0.0,30.508539,32.57521435880999
G01_R0196,G01,LOGO,holdout_G01,G01,100,3,0.001,0.8,0.1,0.0,0.0,15.200943,15.887953189474077
G01_R0197,G01,LOGO,holdout_G01,G01,100,3,0.001,0.8,0.2,0.0,0.0,21.431028,22.629307391188814
G01_R0198,G01,LOGO,holdout_G01,G01,100,3,0.001,0.8,0.3,0.0,0.0,30.71707,32.8062815362819
G01_R0199,G01,LOGO,holdout_G01,G01,100,3,0.001,0.75,0.1,0.0,0.0,15.27188,15.968808088338887
G01_R0200,G01,LOGO,holdout_G01,G01,100,3,0.001,0.75,0.2,0.0,0.0,21.561695,22.77223152603436
G01_R0201,G01,LOGO,holdout_G01,G01,100,3,0.001,0.75,0.3,0.0,0.0,30.942466,33.05855274657992
G01_R0202,G01,LOGO,holdout_G01,G01,100,3,0.001,0.7,0.1,0.0,0.0,15.346728,16.039557088421855
G01_R0203,G01,LOGO,holdout_G01,G01,100,3,0.001,0.7,0.2,0.0,0.0,21.702236,22.922085197869105
G01_R0204,G01,LOGO,holdout_G01,G01,100,3,0.001,0.7,0.3,0.0,0.0,31.187713,33.32224089550388
G01_R0205,G01,LOGO,holdout_G01,G01,100,3,0.0001,0.85,0.1,0.0,0.0,18.847063,19.75746623707764
G01_R0206,G01,LOGO,holdout_G01,G01,100,3,0.0001,0.85,0.2,0.0,0.0,28.761825,30.36034075462977
G01_R0207,G01,LOGO,holdout_G01,G01,100,3,0.0001,0.85,0.3,0.0,0.0,44.408754,47.29404809052992
G01_R0208,G01,LOGO,holdout_G01,G01,100,3,0.0001,0.8,0.1,0.0,0.0,18.895318000000003,19.79926800720512
G01_R0209,G01,LOGO,holdout_G01,G01,100,3,0.0001,0.8,0.2,0.0,0.0,28.871917,30.454645336630133
G01_R0210,G01,LOGO,holdout_G01,G01,100,3,0.0001,0.8,0.3,0.0,0.0,44.615621,47.470611758779015
G01_R0211,G01,LOGO,holdout_G01,G01,100,3,0.0001,0.75,0.1,0.0,0.0,18.946497,19.85787829089184
G01_R0212,G01,LOGO,holdout_G01,G01,100,3,0.0001,0.75,0.2,0.0,0.0,28.991915,30.589500330736133
G01_R0213,G01,LOGO,holdout_G01,G01,100,3,0.0001,0.75,0.3,0.0,0.0,44.844372,47.72186018786511
G01_R0214,G01,LOGO,holdout_G01,G01,100,3,0.0001,0.7,0.1,0.0,0.0,19.002587,19.90727033843888
G01_R0215,G01,LOGO,holdout_G01,G01,100,3,0.0001,0.7,0.2,0.0,0.0,29.124803,30.71354927483244
G01_R0216,G01,LOGO,holdout_G01,G01,100,3,0.0001,0.7,0.3,0.0,0.0,45.101987,47.96363058819039
G01_R0217,G01,LOGO,holdout_G01,G01,100,3,1e-05,0.85,0.1,0.0,0.0,28.1661,29.26372541692852
G01_R0218,G01,LOGO,holdout_G01,G01,100,3,1e-05,0.85,0.2,0.0,0.0,59.088896,60.96310235766695
G01_R0219,G01,LOGO,holdout_G01,G01,100,3,1e-05,0.85,0.3,0.0,0.0,108.595423,111.91633887194403
G01_R0220,G01,LOGO,holdout_G01,G01,100,3,1e-05,0.8,0.1,0.0,0.0,28.247794000000003,29.334480642547614
G01_R0221,G01,LOGO,holdout_G01,G01,100,3,1e-05,0.8,0.2,0.0,0.0,59.323476,61.20106001983075
G01_R0222,G01,LOGO,holdout_G01,G01,100,3,1e-05,0.8,0.3,0.0,0.0,109.064893,112.3790793587307
G01_R0223,G01,LOGO,holdout_G01,G01,100,3,1e-05,0.75,0.1,0.0,0.0,28.340457,29.43996827090634
G01_R0224,G01,LOGO,holdout_G01,G01,100,3,1e-05,0.75,0.2,0.0,0.0,59.592016,61.47602787213971
G01_R0225,G01,LOGO,holdout_G01,G01,100,3,1e-05,0.75,0.3,0.0,0.0,109.594314,112.92639665735248
G01_R0226,G01,LOGO,holdout_G01,G01,100,3,1e-05,0.7,0.1,0.0,0.0,28.446084,29.53512304816887
G01_R0227,G01,LOGO,holdout_G01,G01,100,3,1e-05,0.7,0.2,0.0,0.0,59.90051,61.79849862477826
G01_R0228,G01,LOGO,holdout_G01,G01,100,3,1e-05,0.7,0.3,0.0,0.0,110.213675,113.56095964905462
G01_R0229,G01,LOGO,holdout_G01,G01,100,3,1e-06,0.85,0.1,0.0,0.0,99.825659,101.3364957987072
G01_R0230,G01,LOGO,holdout_G01,G01,100,3,1e-06,0.85,0.2,0.0,0.0,321.337835,323.75986529633315
G01_R0231,G01,LOGO,holdout_G01,G01,100,3,1e-06,0.85,0.3,0.0,0.0,685.2637070000001,688.9506975188726
G01_R0232,G01,LOGO,holdout_G01,G01,100,3,1e-06,0.8,0.1,0.0,0.0,100.096539,101.62503338084082
G01_R0233,G01,LOGO,holdout_G01,G01,100,3,1e-06,0.8,0.2,0.0,0.0,322.107681,324.5293443815004
G01_R0234,G01,LOGO,holdout_G01,G01,100,3,1e-06,0.8,0.3,0.0,0.0,686.7135089999999,690.4225212048998
G01_R0235,G01,LOGO,holdout_G01,G01,100,3,1e-06,0.75,0.1,0.0,0.0,100.40641,101.95811111595964
G01_R0236,G01,LOGO,holdout_G01,G01,100,3,1e-06,0.75,0.2,0.0,0.0,322.987516,325.4282621209527
G01_R0237,G01,LOGO,holdout_G01,G01,100,3,1e-06,0.75,0.3,0.0,0.0,688.3832960000001,692.1538504178441
G01_R0238,G01,LOGO,holdout_G01,G01,100,3,1e-06,0.7,0.1,0.0,0.0,100.766271,102.32259211863276
G01_R0239,G01,LOGO,holdout_G01,G01,100,3,1e-06,0.7,0.2,0.0,0.0,323.997337,326.4341200265864
G01_R0240,G01,LOGO,holdout_G01,G01,100,3,1e-06,0.7,0.3,0.0,0.0,690.323067,694.1230804282561
G01_R0241,G01,LOGO,holdout_G01,G01,100,6,0.001,0.85,0.1,0.0,0.0,15.135925,15.830191077042857
G01_R0242,G01,LOGO,holdout_G01,G01,100,6,0.001,0.85,0.2,0.0,0.0,21.309251,22.5015267070124
G01_R0243,G01,LOGO,holdout_G01,G01,100,6,0.001,0.85,0.3,0.0,0.0,30.508539,32.57555986130998
G01_R0244,G01,LOGO,holdout_G01,G01,100,6,0.001,0.8,0.1,0.0,0.0,15.200943,15.88774472872408
G01_R0245,G01,LOGO,holdout_G01,G01,100,6,0.001,0.8,0.2,0.0,0.0,21.431028,22.630305291355484
G01_R0246,G01,LOGO,holdout_G01,G01,100,6,0.001,0.8,0.3,0.0,0.0,30.71707,32.805784805031905
G01_R0247,G01,LOGO,holdout_G01,G01,100,6,0.001,0.75,0.1,0.0,0.0,15.27188,15.96832381421389
G01_R0248,G01,LOGO,holdout_G01,G01,100,6,0.001,0.75,0.2,0.0,0.0,21.561695,22.77165955430519
G01_R0249,G01,LOGO,holdout_G01,G01,100,6,0.001,0.75,0.3,0.0,0.0,30.942466,33.058605030579905
G01_R0250,G01,LOGO,holdout_G01,G01,100,6,0.001,0.7,0.1,0.0,0.0,15.346728,16.039545215421864
G01_R0251,G01,LOGO,holdout_G01,G01,100,6,0.001,0.7,0.2,0.0,0.0,21.702236,22.922022234327443
G01_R0252,G01,LOGO,holdout_G01,G01,100,6,0.001,0.7,0.3,0.0,0.0,31.187713,33.322449805545546
G01_R0253,G01,LOGO,holdout_G01,G01,100,6,0.0001,0.85,0.1,0.0,0.0,18.847063,19.75748339074429
G01_R0254,G01,LOGO,holdout_G01,G01,100,6,0.0001,0.85,0.2,0.0,0.0,28.761825,30.36043200862977
G01_R0255,G01,LOGO,holdout_G01,G01,100,6,0.0001,0.85,0.3,0.0,0.0,44.408754,47.29441156057159
G01_R0256,G01,LOGO,holdout_G01,G01,100,6,0.0001,0.8,0.1,0.0,0.0,18.895318000000003,19.79920400824677
G01_R0257,G01,LOGO,holdout_G01,G01,100,6,0.0001,0.8,0.2,0.0,0.0,28.871917,30.4542878298593
G01_R0258,G01,LOGO,holdout_G01,G01,100,6,0.0001,0.8,0.3,0.0,0.0,44.615621,47.470470002362354
G01_R0259,G01,LOGO,holdout_G01,G01,100,6,0.0001,0.75,0.1,0.0,0.0,18.946497,19.85750757326684
G01_R0260,G01,LOGO,holdout_G01,G01,100,6,0.0001,0.75,0.2,0.0,0.0,28.991915,30.588437605444465
G01_R0261,G01,LOGO,holdout_G01,G01,100,6,0.0001,0.75,0.3,0.0,0.0,44.844372,47.72040594011512
G01_R0262,G01,LOGO,holdout_G01,G01,100,6,0.0001,0.7,0.1,0.0,0.0,19.002587,19.907110935744434
G01_R0263,G01,LOGO,holdout_G01,G01,100,6,0.0001,0.7,0.2,0.0,0.0,29.124803,30.713036766936607
G01_R0264,G01,LOGO,holdout_G01,G01,100,6,0.0001,0.7,0.3,0.0,0.0,45.101987,47.964438608065386
G01_R0265,G01,LOGO,holdout_G01,G01,100,6,1e-05,0.85,0.1,0.0,0.0,28.1661,29.263692597345177
G01_R0266,G01,LOGO,holdout_G01,G01,100,6,1e-05,0.85,0.2,0.0,0.0,59.088896,60.96363690690803
G01_R0267,G01,LOGO,holdout_G01,G01,100,6,1e-05,0.85,0.3,0.0,0.0,108.595423,111.9178415182774
G01_R0268,G01,LOGO,holdout_G01,G01,100,6,1e-05,0.8,0.1,0.0,0.0,28.247794000000003,29.334602741089284
G01_R0269,G01,LOGO,holdout_G01,G01,100,6,1e-05,0.8,0.2,0.0,0.0,59.323476,61.20139259814326
G01_R0270,G01,LOGO,holdout_G01,G01,100,6,1e-05,0.8,0.3,0.0,0.0,109.064893,112.3790597837099
G01_R0271,G01,LOGO,holdout_G01,G01,100,6,1e-05,0.75,0.1,0.0,0.0,28.340457,29.43971524344801
G01_R0272,G01,LOGO,holdout_G01,G01,100,6,1e-05,0.75,0.2,0.0,0.0,59.592016,61.47473218613971
G01_R0273,G01,LOGO,holdout_G01,G01,100,6,1e-05,0.75,0.3,0.0,0.0,109.594314,112.92579613401912
G01_R0274,G01,LOGO,holdout_G01,G01,100,6,1e-05,0.7,0.1,0.0,0.0,28.446084,29.535023617127205
G01_R0275,G01,LOGO,holdout_G01,G01,100,6,1e-05,0.7,0.2,0.0,0.0,59.90051,61.79843834344493
G01_R0276,G01,LOGO,holdout_G01,G01,100,6,1e-05,0.7,0.3,0.0,0.0,110.213675,113.56027657272126
G01_R0277,G01,LOGO,holdout_G01,G01,100,6,1e-06,0.85,0.1,0.0,0.0,99.825659,101.3362632605822
G01_R0278,G01,LOGO,holdout_G01,G01,100,6,1e-06,0.85,0.2,0.0,0.0,321.337835,323.76138146695814
G01_R0279,G01,LOGO,holdout_G01,G01,100,6,1e-06,0.85,0.3,0.0,0.0,685.2637070000001,688.9483555518308
G01_R0280,G01,LOGO,holdout_G01,G01,100,6,1e-06,0.8,0.1,0.0,0.0,100.096539,101.62532771279916
G01_R0281,G01,LOGO,holdout_G01,G01,100,6,1e-06,0.8,0.2,0.0,0.0,322.107681,324.5298266280004
G01_R0282,G01,LOGO,holdout_G01,G01,100,6,1e-06,0.8,0.3,0.0,0.0,686.7135089999999,690.4202444591084
G01_R0283,G01,LOGO,holdout_G01,G01,100,6,1e-06,0.75,0.1,0.0,0.0,100.40641,101.95763126220965
G01_R0284,G01,LOGO,holdout_G01,G01,100,6,1e-06,0.75,0.2,0.0,0.0,322.987516,325.4282675394112
G01_R0285,G01,LOGO,holdout_G01,G01,100,6,1e-06,0.75,0.3,0.0,0.0,688.3832960000001,692.1553067263438
G01_R0286,G01,LOGO,holdout_G01,G01,100,6,1e-06,0.7,0.1,0.0,0.0,100.766271,102.32320587104942
G01_R0287,G01,LOGO,holdout_G01,G01,100,6,1e-06,0.7,0.2,0.0,0.0,323.997337,326.43492862996135
G01_R0288,G01,LOGO,holdout_G01,G01,100,6,1e-06,0.7,0.3,0.0,0.0,690.323067,694.1263303800056
G01_R0289,G01,LOGO,holdout_G01,G01,100,20,0.001,0.85,0.1,0.0,0.0,15.135925,15.82973284416389
G01_R0290,G01,LOGO,holdout_G01,G01,100,20,0.001,0.85,0.2,0.0,0.0,21.309251,22.50164212517759
G01_R0291,G01,LOGO,holdout_G01,G01,100,20,0.001,0.85,0.3,0.0,0.0,30.508539,32.57561203923856
G01_R0292,G01,LOGO,holdout_G01,G01,100,20,0.001,0.8,0.1,0.0,0.0,15.200943,15.887196985553452
G01_R0293,G01,LOGO,holdout_G01,G01,100,20,0.001,0.8,0.2,0.0,0.0,21.431028,22.630059381124838
G01_R0294,G01,LOGO,holdout_G01,G01,100,20,0.001,0.8,0.3,0.0,0.0,30.71707,32.805079709052734
G01_R0295,G01,LOGO,holdout_G01,G01,100,20,0.001,0.75,0.1,0.0,0.0,15.27188,15.96823380834484
G01_R0296,G01,LOGO,holdout_G01,G01,100,20,0.001,0.75,0.2,0.0,0.0,21.561695,22.771422741352808
G01_R0297,G01,LOGO,holdout_G01,G01,100,20,0.001,0.75,0.3,0.0,0.0,30.942466,33.058953336901325
G01_R0298,G01,LOGO,holdout_G01,G01,100,20,0.001,0.7,0.1,0.0,0.0,15.346728,16.039623093177816
G01_R0299,G01,LOGO,holdout_G01,G01,100,20,0.001,0.7,0.2,0.0,0.0,21.702236,22.921813317741133
G01_R0300,G01,LOGO,holdout_G01,G01,100,20,0.001,0.7,0.3,0.0,0.0,31.187713,33.32141387643989
G01_R0301,G01,LOGO,holdout_G01,G01,100,20,0.0001,0.85,0.1,0.0,0.0,18.847063,19.757446753021085
G01_R0302,G01,LOGO,holdout_G01,G01,100,20,0.0001,0.85,0.2,0.0,0.0,28.761825,30.359567309995835
G01_R0303,G01,LOGO,holdout_G01,G01,100,20,0.0001,0.85,0.3,0.0,0.0,44.408754,47.29544903613111
G01_R0304,G01,LOGO,holdout_G01,G01,100,20,0.0001,0.8,0.1,0.0,0.0,18.895318000000003,19.799077907157493
G01_R0305,G01,LOGO,holdout_G01,G01,100,20,0.0001,0.8,0.2,0.0,0.0,28.871917,30.45481294978787
G01_R0306,G01,LOGO,holdout_G01,G01,100,20,0.0001,0.8,0.3,0.0,0.0,44.615621,47.472612791448654
G01_R0307,G01,LOGO,holdout_G01,G01,100,20,0.0001,0.75,0.1,0.0,0.0,18.946497,19.85757520729065
G01_R0308,G01,LOGO,holdout_G01,G01,100,20,0.0001,0.75,0.2,0.0,0.0,28.991915,30.588665631844087
G01_R0309,G01,LOGO,holdout_G01,G01,100,20,0.0001,0.75,0.3,0.0,0.0,44.844372,47.72034977346928
G01_R0310,G01,LOGO,holdout_G01,G01,100,20,0.0001,0.7,0.1,0.0,0.0,19.002587,19.90696377386795
G01_R0311,G01,LOGO,holdout_G01,G01,100,20,0.0001,0.7,0.2,0.0,0.0,29.124803,30.712597497440388
G01_R0312,G01,LOGO,holdout_G01,G01,100,20,0.0001,0.7,0.3,0.0,0.0,45.101987,47.964943287863015
G01_R0313,G01,LOGO,holdout_G01,G01,100,20,1e-05,0.85,0.1,0.0,0.0,28.1661,29.26411916511898
G01_R0314,G01,LOGO,holdout_G01,G01,100,20,1e-05,0.85,0.2,0.0,0.0,59.088896,60.96432938424232
G01_R0315,G01,LOGO,holdout_G01,G01,100,20,1e-05,0.85,0.3,0.0,0.0,108.595423,111.91691701729825
G01_R0316,G01,LOGO,holdout_G01,G01,100,20,1e-05,0.8,0.1,0.0,0.0,28.247794000000003,29.334342764529747
G01_R0317,G01,LOGO,holdout_G01,G01,100,20,1e-05,0.8,0.2,0.0,0.0,59.323476,61.20303004356587
G01_R0318,G01,LOGO,holdout_G01,G01,100,20,1e-05,0.8,0.3,0.0,0.0,109.064893,112.37934586220996
G01_R0319,G01,LOGO,holdout_G01,G01,100,20,1e-05,0.75,0.1,0.0,0.0,28.340457,29.43973040016377
G01_R0320,G01,LOGO,holdout_G01,G01,100,20,1e-05,0.75,0.2,0.0,0.0,59.592016,61.47254939401469
G01_R0321,G01,LOGO,holdout_G01,G01,100,20,1e-05,0.75,0.3,0.0,0.0,109.594314,112.92397030469768
G01_R0322,G01,LOGO,holdout_G01,G01,100,20,1e-05,0.7,0.1,0.0,0.0,28.446084,29.535588823356367
G01_R0323,G01,LOGO,holdout_G01,G01,100,20,1e-05,0.7,0.2,0.0,0.0,59.90051,61.79854880531992
G01_R0324,G01,LOGO,holdout_G01,G01,100,20,1e-05,0.7,0.3,0.0,0.0,110.213675,113.56028032588794
G01_R0325,G01,LOGO,holdout_G01,G01,100,20,1e-06,0.85,0.1,0.0,0.0,99.825659,101.33561052442155
G01_R0326,G01,LOGO,holdout_G01,G01,100,20,1e-06,0.85,0.2,0.0,0.0,321.337835,323.75962658886885
G01_R0327,G01,LOGO,holdout_G01,G01,100,20,1e-06,0.85,0.3,0.0,0.0,685.2637070000001,688.9514224384019
G01_R0328,G01,LOGO,holdout_G01,G01,100,20,1e-06,0.8,0.1,0.0,0.0,100.096539,101.6257294692783
G01_R0329,G01,LOGO,holdout_G01,G01,100,20,1e-06,0.8,0.2,0.0,0.0,322.107681,324.52956579924137
G01_R0330,G01,LOGO,holdout_G01,G01,100,20,1e-06,0.8,0.3,0.0,0.0,686.7135089999999,690.4201859445367
G01_R0331,G01,LOGO,holdout_G01,G01,100,20,1e-06,0.75,0.1,0.0,0.0,100.40641,101.95734555637628
G01_R0332,G01,LOGO,holdout_G01,G01,100,20,1e-06,0.75,0.2,0.0,0.0,322.987516,325.4286644837861
G01_R0333,G01,LOGO,holdout_G01,G01,100,20,1e-06,0.75,0.3,0.0,0.0,688.3832960000001,692.1489300963319
G01_R0334,G01,LOGO,holdout_G01,G01,100,20,1e-06,0.7,0.1,0.0,0.0,100.766271,102.32377251793784
G01_R0335,G01,LOGO,holdout_G01,G01,100,20,1e-06,0.7,0.2,0.0,0.0,323.997337,326.43401254342564
G01_R0336,G01,LOGO,holdout_G01,G01,100,20,1e-06,0.7,0.3,0.0,0.0,690.323067,694.1221039418058
G01_R0337,G01,LOGO,holdout_G01,G01,100,50,0.001,0.85,0.1,0.0,0.0,15.135925,15.830148619497216
G01_R0338,G01,LOGO,holdout_G01,G01,100,50,0.001,0.85,0.2,0.0,0.0,21.309251,22.502232625031755
G01_R0339,G01,LOGO,holdout_G01,G01,100,50,0.001,0.85,0.3,0.0,0.0,30.508539,32.576289882238555
G01_R0340,G01,LOGO,holdout_G01,G01,100,50,0.001,0.8,0.1,0.0,0.0,15.200943,15.88771274805345
G01_R0341,G01,LOGO,holdout_G01,G01,100,50,0.001,0.8,0.2,0.0,0.0,21.431028,22.630101207687336
G01_R0342,G01,LOGO,holdout_G01,G01,100,50,0.001,0.8,0.3,0.0,0.0,30.71707,32.805180711073575
G01_R0343,G01,LOGO,holdout_G01,G01,100,50,0.001,0.75,0.1,0.0,0.0,15.27188,15.968972301719838
G01_R0344,G01,LOGO,holdout_G01,G01,100,50,0.001,0.75,0.2,0.0,0.0,21.561695,22.771410523894478
G01_R0345,G01,LOGO,holdout_G01,G01,100,50,0.001,0.75,0.3,0.0,0.0,30.942466,33.058738524109664
G01_R0346,G01,LOGO,holdout_G01,G01,100,50,0.001,0.7,0.1,0.0,0.0,15.346728,16.039579518844473
G01_R0347,G01,LOGO,holdout_G01,G01,100,50,0.001,0.7,0.2,0.0,0.0,21.702236,22.92208183280362
G01_R0348,G01,LOGO,holdout_G01,G01,100,50,0.001,0.7,0.3,0.0,0.0,31.187713,33.32193019087738
G01_R0349,G01,LOGO,holdout_G01,G01,100,50,0.0001,0.85,0.1,0.0,0.0,18.847063,19.757565935458597
G01_R0350,G01,LOGO,holdout_G01,G01,100,50,0.0001,0.85,0.2,0.0,0.0,28.761825,30.36006793062084
G01_R0351,G01,LOGO,holdout_G01,G01,100,50,0.0001,0.85,0.3,0.0,0.0,44.408754,47.29747744279778
G01_R0352,G01,LOGO,holdout_G01,G01,100,50,0.0001,0.8,0.1,0.0,0.0,18.895318000000003,19.799359644595
G01_R0353,G01,LOGO,holdout_G01,G01,100,50,0.0001,0.8,0.2,0.0,0.0,28.871917,30.455145674787858
G01_R0354,G01,LOGO,holdout_G01,G01,100,50,0.0001,0.8,0.3,0.0,0.0,44.615621,47.47479130644865
G01_R0355,G01,LOGO,holdout_G01,G01,100,50,0.0001,0.75,0.1,0.0,0.0,18.946497,19.857850949717744
G01_R0356,G01,LOGO,holdout_G01,G01,100,50,0.0001,0.75,0.2,0.0,0.0,28.991915,30.588926162156586
G01_R0357,G01,LOGO,holdout_G01,G01,100,50,0.0001,0.75,0.3,0.0,0.0,44.844372,47.72078182786511
G01_R0358,G01,LOGO,holdout_G01,G01,100,50,0.0001,0.7,0.1,0.0,0.0,19.002587,19.90696846129504
G01_R0359,G01,LOGO,holdout_G01,G01,100,50,0.0001,0.7,0.2,0.0,0.0,29.124803,30.713082446815392
G01_R0360,G01,LOGO,holdout_G01,G01,100,50,0.0001,0.7,0.3,0.0,0.0,45.101987,47.9654935365773
G01_R0361,G01,LOGO,holdout_G01,G01,100,50,1e-05,0.85,0.1,0.0,0.0,28.1661,29.264271718452328
G01_R0362,G01,LOGO,holdout_G01,G01,100,50,1e-05,0.85,0.2,0.0,0.0,59.088896,60.9641225490548
G01_R0363,G01,LOGO,holdout_G01,G01,100,50,1e-05,0.85,0.3,0.0,0.0,108.595423,111.9176456360691
G01_R0364,G01,LOGO,holdout_G01,G01,100,50,1e-05,0.8,0.1,0.0,0.0,28.247794000000003,29.33479046127975
G01_R0365,G01,LOGO,holdout_G01,G01,100,50,1e-05,0.8,0.2,0.0,0.0,59.323476,61.20324464306584
G01_R0366,G01,LOGO,holdout_G01,G01,100,50,1e-05,0.8,0.3,0.0,0.0,109.064893,112.37876786362658
G01_R0367,G01,LOGO,holdout_G01,G01,100,50,1e-05,0.75,0.1,0.0,0.0,28.340457,29.440419349523896
G01_R0368,G01,LOGO,holdout_G01,G01,100,50,1e-05,0.75,0.2,0.0,0.0,59.592016,61.47218752859801
G01_R0369,G01,LOGO,holdout_G01,G01,100,50,1e-05,0.75,0.3,0.0,0.0,109.594314,112.9235199121977
G01_R0370,G01,LOGO,holdout_G01,G01,100,50,1e-05,0.7,0.1,0.0,0.0,28.446084,29.535817038981374
G01_R0371,G01,LOGO,holdout_G01,G01,100,50,1e-05,0.7,0.2,0.0,0.0,59.90051,61.79770844790323
G01_R0372,G01,LOGO,holdout_G01,G01,100,50,1e-05,0.7,0.3,0.0,0.0,110.213675,113.56030284488796
G01_R0373,G01,LOGO,holdout_G01,G01,100,50,1e-06,0.85,0.1,0.0,0.0,99.825659,101.33491395742152
G01_R0374,G01,LOGO,holdout_G01,G01,100,50,1e-06,0.85,0.2,0.0,0.0,321.337835,323.75907491511884
G01_R0375,G01,LOGO,holdout_G01,G01,100,50,1e-06,0.85,0.3,0.0,0.0,685.2637070000001,688.9533946663605
G01_R0376,G01,LOGO,holdout_G01,G01,100,50,1e-06,0.8,0.1,0.0,0.0,100.096539,101.62562291540924
G01_R0377,G01,LOGO,holdout_G01,G01,100,50,1e-06,0.8,0.2,0.0,0.0,322.107681,324.52930163539014
G01_R0378,G01,LOGO,holdout_G01,G01,100,50,1e-06,0.8,0.3,0.0,0.0,686.7135089999999,690.4218483442448
G01_R0379,G01,LOGO,holdout_G01,G01,100,50,1e-06,0.75,0.1,0.0,0.0,100.40641,101.95740112078104
G01_R0380,G01,LOGO,holdout_G01,G01,100,50,1e-06,0.75,0.2,0.0,0.0,322.987516,325.42810058545274
G01_R0381,G01,LOGO,holdout_G01,G01,100,50,1e-06,0.75,0.3,0.0,0.0,688.3832960000001,692.14667857357
G01_R0382,G01,LOGO,holdout_G01,G01,100,50,1e-06,0.7,0.1,0.0,0.0,100.766271,102.32356621164617
G01_R0383,G01,LOGO,holdout_G01,G01,100,50,1e-06,0.7,0.2,0.0,0.0,323.997337,326.4349024603423
G01_R0384,G01,LOGO,holdout_G01,G01,100,50,1e-06,0.7,0.3,0.0,0.0,690.323067,694.124088130169
G01_R0385,G01,LOGO,holdout_G01,G01,250,3,0.001,0.85,0.1,0.0,0.0,42.780836,45.727943064466125
G01_R0386,G01,LOGO,holdout_G01,G01,250,3,0.001,0.85,0.2,0.0,0.0,61.354972,66.21320258866757
G01_R0387,G01,LOGO,holdout_G01,G01,250,3,0.001,0.85,0.3,0.0,0.0,89.164385,97.30112752912592
G01_R0388,G01,LOGO,holdout_G01,G01,250,3,0.001,0.8,0.1,0.0,0.0,43.02359,45.94597885437156
G01_R0389,G01,LOGO,holdout_G01,G01,250,3,0.001,0.8,0.2,0.0,0.0,61.807295,66.71196857873537
G01_R0390,G01,LOGO,holdout_G01,G01,250,3,0.001,0.8,0.3,0.0,0.0,89.969033,98.1956735323324
G01_R0391,G01,LOGO,holdout_G01,G01,250,3,0.001,0.75,0.1,0.0,0.0,43.283161,46.25319826604064
G01_R0392,G01,LOGO,holdout_G01,G01,250,3,0.001,0.75,0.2,0.0,0.0,62.297383,67.25029803459067
G01_R0393,G01,LOGO,holdout_G01,G01,250,3,0.001,0.75,0.3,0.0,0.0,90.847385,99.18997870540372
G01_R0394,G01,LOGO,holdout_G01,G01,250,3,0.001,0.7,0.1,0.0,0.0,43.562529000000005,46.52267655153281
G01_R0395,G01,LOGO,holdout_G01,G01,250,3,0.001,0.7,0.2,0.0,0.0,62.83021,67.83664082246956
G01_R0396,G01,LOGO,holdout_G01,G01,250,3,0.001,0.7,0.3,0.0,0.0,91.810409,100.26467695263696
G01_R0397,G01,LOGO,holdout_G01,G01,250,3,0.0001,0.85,0.1,0.0,0.0,52.855422,56.496908917006
G01_R0398,G01,LOGO,holdout_G01,G01,250,3,0.0001,0.85,0.2,0.0,0.0,81.968112,88.09995404168859
G01_R0399,G01,LOGO,holdout_G01,G01,250,3,0.0001,0.85,0.3,0.0,0.0,127.518488,138.13808739709123
G01_R0400,G01,LOGO,holdout_G01,G01,250,3,0.0001,0.8,0.1,0.0,0.0,53.035829,56.656069385071326
G01_R0401,G01,LOGO,holdout_G01,G01,250,3,0.0001,0.8,0.2,0.0,0.0,82.447225,88.51849012434914
G01_R0402,G01,LOGO,holdout_G01,G01,250,3,0.0001,0.8,0.3,0.0,0.0,128.466116,139.05806969975413
G01_R0403,G01,LOGO,holdout_G01,G01,250,3,0.0001,0.75,0.1,0.0,0.0,53.233077,56.88014916536335
G01_R0404,G01,LOGO,holdout_G01,G01,250,3,0.0001,0.75,0.2,0.0,0.0,82.984148,89.09411251546173
G01_R0405,G01,LOGO,holdout_G01,G01,250,3,0.0001,0.75,0.3,0.0,0.0,129.55350399999998,140.20945552334214
G01_R0406,G01,LOGO,holdout_G01,G01,250,3,0.0001,0.7,0.1,0.0,0.0,53.45014,57.07567771490116
G01_R0407,G01,LOGO,holdout_G01,G01,250,3,0.0001,0.7,0.2,0.0,0.0,83.593851,89.68837239432688
G01_R0408,G01,LOGO,holdout_G01,G01,250,3,0.0001,0.7,0.3,0.0,0.0,130.790618,141.45869189776002
G01_R0409,G01,LOGO,holdout_G01,G01,250,3,1e-05,0.85,0.1,0.0,0.0,78.210807,82.49820911256306
G01_R0410,G01,LOGO,holdout_G01,G01,250,3,1e-05,0.85,0.2,0.0,0.0,163.221307,170.41094257840592
G01_R0411,G01,LOGO,holdout_G01,G01,250,3,1e-05,0.85,0.3,0.0,0.0,298.47407000000004,310.6993487839023
G01_R0412,G01,LOGO,holdout_G01,G01,250,3,1e-05,0.8,0.1,0.0,0.0,78.59012,82.82547594093955
G01_R0413,G01,LOGO,holdout_G01,G01,250,3,1e-05,0.8,0.2,0.0,0.0,164.430372,171.630157373808
G01_R0414,G01,LOGO,holdout_G01,G01,250,3,1e-05,0.8,0.3,0.0,0.0,300.96289,313.19379898221
G01_R0415,G01,LOGO,holdout_G01,G01,250,3,1e-05,0.75,0.1,0.0,0.0,79.02236500000001,83.27085482382373
G01_R0416,G01,LOGO,holdout_G01,G01,250,3,1e-05,0.75,0.2,0.0,0.0,165.82935,173.06138792702453
G01_R0417,G01,LOGO,holdout_G01,G01,250,3,1e-05,0.75,0.3,0.0,0.0,303.8516,316.1713677160234
G01_R0418,G01,LOGO,holdout_G01,G01,250,3,1e-05,0.7,0.1,0.0,0.0,79.52053,83.79240332837954
G01_R0419,G01,LOGO,holdout_G01,G01,250,3,1e-05,0.7,0.2,0.0,0.0,167.45822,174.75273579621933
G01_R0420,G01,LOGO,holdout_G01,G01,250,3,1e-05,0.7,0.3,0.0,0.0,307.23018,319.5516989819527
G01_R0421,G01,LOGO,holdout_G01,G01,250,3,1e-06,0.85,0.1,0.0,0.0,261.61889,266.8117125946308
G01_R0422,G01,LOGO,holdout_G01,G01,250,3,1e-06,0.85,0.2,0.0,0.0,833.21969,841.8479985883328
G01_R0423,G01,LOGO,holdout_G01,G01,250,3,1e-06,0.85,0.3,0.0,0.0,1770.34543,1783.400198704993
G01_R0424,G01,LOGO,holdout_G01,G01,250,3,1e-06,0.8,0.1,0.0,0.0,262.89861,268.1211684231112
G01_R0425,G01,LOGO,holdout_G01,G01,250,3,1e-06,0.8,0.2,0.0,0.0,837.24933,845.8561347230468
G01_R0426,G01,LOGO,holdout_G01,G01,250,3,1e-06,0.8,0.3,0.0,0.0,1778.34497,1791.2993973690538
G01_R0427,G01,LOGO,holdout_G01,G01,250,3,1e-06,0.75,0.1,0.0,0.0,264.44832,269.74385401391925
G01_R0428,G01,LOGO,holdout_G01,G01,250,3,1e-06,0.75,0.2,0.0,0.0,841.9489500000001,850.6849950759762
G01_R0429,G01,LOGO,holdout_G01,G01,250,3,1e-06,0.75,0.3,0.0,0.0,1787.64447,1800.8115799675936
G01_R0430,G01,LOGO,holdout_G01,G01,250,3,1e-06,0.7,0.1,0.0,0.0,266.26800000000003,271.6506575239155
G01_R0431,G01,LOGO,holdout_G01,G01,250,3,1e-06,0.7,0.2,0.0,0.0,847.4685400000001,856.209392874147
G01_R0432,G01,LOGO,holdout_G01,G01,250,3,1e-06,0.7,0.3,0.0,0.0,1798.64394,1811.773102687068
G01_R0433,G01,LOGO,holdout_G01,G01,250,6,0.001,0.85,0.1,0.0,0.0,42.780836,45.72834870879945
G01_R0434,G01,LOGO,holdout_G01,G01,250,6,0.001,0.85,0.2,0.0,0.0,61.354972,66.21331801491756
G01_R0435,G01,LOGO,holdout_G01,G01,250,6,0.001,0.85,0.3,0.0,0.0,89.164385,97.30303223210804
G01_R0436,G01,LOGO,holdout_G01,G01,250,6,0.001,0.8,0.1,0.0,0.0,43.02359,45.944582324079896
G01_R0437,G01,LOGO,holdout_G01,G01,250,6,0.001,0.8,0.2,0.0,0.0,61.807295,66.71096612528
G01_R0438,G01,LOGO,holdout_G01,G01,250,6,0.001,0.8,0.3,0.0,0.0,89.969033,98.19764167041576
G01_R0439,G01,LOGO,holdout_G01,G01,250,6,0.001,0.75,0.1,0.0,0.0,43.283161,46.25171299311354
G01_R0440,G01,LOGO,holdout_G01,G01,250,6,0.001,0.75,0.2,0.0,0.0,62.297383,67.24900763324244
G01_R0441,G01,LOGO,holdout_G01,G01,250,6,0.001,0.75,0.3,0.0,0.0,90.847385,99.19036935561208
G01_R0442,G01,LOGO,holdout_G01,G01,250,6,0.001,0.7,0.1,0.0,0.0,43.562529000000005,46.52482824506404
G01_R0443,G01,LOGO,holdout_G01,G01,250,6,0.001,0.7,0.2,0.0,0.0,62.83021,67.83630981184454
G01_R0444,G01,LOGO,holdout_G01,G01,250,6,0.001,0.7,0.3,0.0,0.0,91.810409,100.26496093826194
G01_R0445,G01,LOGO,holdout_G01,G01,250,6,0.0001,0.85,0.1,0.0,0.0,52.855422,56.496196312006006
G01_R0446,G01,LOGO,holdout_G01,G01,250,6,0.0001,0.85,0.2,0.0,0.0,81.968112,88.09975637364693
G01_R0447,G01,LOGO,holdout_G01,G01,250,6,0.0001,0.85,0.3,0.0,0.0,127.518488,138.1403990815705
G01_R0448,G01,LOGO,holdout_G01,G01,250,6,0.0001,0.8,0.1,0.0,0.0,53.035829,56.655114870071344
G01_R0449,G01,LOGO,holdout_G01,G01,250,6,0.0001,0.8,0.2,0.0,0.0,82.447225,88.51658524616163
G01_R0450,G01,LOGO,holdout_G01,G01,250,6,0.0001,0.8,0.3,0.0,0.0,128.466116,139.05823839223336
G01_R0451,G01,LOGO,holdout_G01,G01,250,6,0.0001,0.75,0.1,0.0,0.0,53.233077,56.87904619840503
G01_R0452,G01,LOGO,holdout_G01,G01,250,6,0.0001,0.75,0.2,0.0,0.0,82.984148,89.09182382619089
G01_R0453,G01,LOGO,holdout_G01,G01,250,6,0.0001,0.75,0.3,0.0,0.0,129.55350399999998,140.20954138655046
G01_R0454,G01,LOGO,holdout_G01,G01,250,6,0.0001,0.7,0.1,0.0,0.0,53.45014,57.07490789544281
G01_R0455,G01,LOGO,holdout_G01,G01,250,6,0.0001,0.7,0.2,0.0,0.0,83.593851,89.68662365474351
G01_R0456,G01,LOGO,holdout_G01,G01,250,6,0.0001,0.7,0.3,0.0,0.0,130.790618,141.46099043713505
G01_R0457,G01,LOGO,holdout_G01,G01,250,6,1e-05,0.85,0.1,0.0,0.0,78.210807,82.4967298660214
G01_R0458,G01,LOGO,holdout_G01,G01,250,6,1e-05,0.85,0.2,0.0,0.0,163.221307,170.41061483007252
G01_R0459,G01,LOGO,holdout_G01,G01,250,6,1e-05,0.85,0.3,0.0,0.0,298.47407000000004,310.6977564122357
G01_R0460,G01,LOGO,holdout_G01,G01,250,6,1e-05,0.8,0.1,0.0,0.0,78.59012,82.82300610906454
G01_R0461,G01,LOGO,holdout_G01,G01,250,6,1e-05,0.8,0.2,0.0,0.0,164.430372,171.63098803005795
G01_R0462,G01,LOGO,holdout_G01,G01,250,6,1e-05,0.8,0.3,0.0,0.0,300.96289,313.19600698762684
G01_R0463,G01,LOGO,holdout_G01,G01,250,6,1e-05,0.75,0.1,0.0,0.0,79.02236500000001,83.26974414294871
G01_R0464,G01,LOGO,holdout_G01,G01,250,6,1e-05,0.75,0.2,0.0,0.0,165.82935,173.06066197285784
G01_R0465,G01,LOGO,holdout_G01,G01,250,6,1e-05,0.75,0.3,0.0,0.0,303.8516,316.1719223314401
G01_R0466,G01,LOGO,holdout_G01,G01,250,6,1e-05,0.7,0.1,0.0,0.0,79.52053,83.7926618377129
G01_R0467,G01,LOGO,holdout_G01,G01,250,6,1e-05,0.7,0.2,0.0,0.0,167.45822,174.75472836246934
G01_R0468,G01,LOGO,holdout_G01,G01,250,6,1e-05,0.7,0.3,0.0,0.0,307.23018,319.55557404653604
G01_R0469,G01,LOGO,holdout_G01,G01,250,6,1e-06,0.85,0.1,0.0,0.0,261.61889,266.8140531232975
G01_R0470,G01,LOGO,holdout_G01,G01,250,6,1e-06,0.85,0.2,0.0,0.0,833.21969,841.8447766135411
G01_R0471,G01,LOGO,holdout_G01,G01,250,6,1e-06,0.85,0.3,0.0,0.0,1770.34543,1783.3996660366602
G01_R0472,G01,LOGO,holdout_G01,G01,250,6,1e-06,0.8,0.1,0.0,0.0,262.89861,268.12050084054874
G01_R0473,G01,LOGO,holdout_G01,G01,250,6,1e-06,0.8,0.2,0.0,0.0,837.24933,845.8535267230471
G01_R0474,G01,LOGO,holdout_G01,G01,250,6,1e-06,0.8,0.3,0.0,0.0,1778.34497,1791.2970141242631
G01_R0475,G01,LOGO,holdout_G01,G01,250,6,1e-06,0.75,0.1,0.0,0.0,264.44832,269.7462241311068
G01_R0476,G01,LOGO,holdout_G01,G01,250,6,1e-06,0.75,0.2,0.0,0.0,841.9489500000001,850.6871273884759
G01_R0477,G01,LOGO,holdout_G01,G01,250,6,1e-06,0.75,0.3,0.0,0.0,1787.64447,1800.812371096761
G01_R0478,G01,LOGO,holdout_G01,G01,250,6,1e-06,0.7,0.1,0.0,0.0,266.26800000000003,271.6516401477696
G01_R0479,G01,LOGO,holdout_G01,G01,250,6,1e-06,0.7,0.2,0.0,0.0,847.4685400000001,856.2069317841472
G01_R0480,G01,LOGO,holdout_G01,G01,250,6,1e-06,0.7,0.3,0.0,0.0,1798.64394,1811.7680367718888
G01_R0481,G01,LOGO,holdout_G01,G01,250,20,0.001,0.85,0.1,0.0,0.0,42.780836,45.73021929990061
G01_R0482,G01,LOGO,holdout_G01,G01,250,20,0.001,0.85,0.2,0.0,0.0,61.354972,66.21418425529255
G01_R0483,G01,LOGO,holdout_G01,G01,250,20,0.001,0.85,0.3,0.0,0.0,89.164385,97.30331782783227
G01_R0484,G01,LOGO,holdout_G01,G01,250,20,0.001,0.8,0.1,0.0,0.0,43.02359,45.946436986181055
G01_R0485,G01,LOGO,holdout_G01,G01,250,20,0.001,0.8,0.2,0.0,0.0,61.807295,66.71114134533956
G01_R0486,G01,LOGO,holdout_G01,G01,250,20,0.001,0.8,0.3,0.0,0.0,89.969033,98.19818569180266
G01_R0487,G01,LOGO,holdout_G01,G01,250,20,0.001,0.75,0.1,0.0,0.0,43.283161,46.25127023518796
G01_R0488,G01,LOGO,holdout_G01,G01,250,20,0.001,0.75,0.2,0.0,0.0,62.297383,67.24812545574542
G01_R0489,G01,LOGO,holdout_G01,G01,250,20,0.001,0.75,0.3,0.0,0.0,90.847385,99.19130430465378
G01_R0490,G01,LOGO,holdout_G01,G01,250,20,0.001,0.7,0.1,0.0,0.0,43.562529000000005,46.52536791429319
G01_R0491,G01,LOGO,holdout_G01,G01,250,20,0.001,0.7,0.2,0.0,0.0,62.83021,67.83582396554694
G01_R0492,G01,LOGO,holdout_G01,G01,250,20,0.001,0.7,0.3,0.0,0.0,91.810409,100.26562020393456
G01_R0493,G01,LOGO,holdout_G01,G01,250,20,0.0001,0.85,0.1,0.0,0.0,52.855422,56.49582240797622
G01_R0494,G01,LOGO,holdout_G01,G01,250,20,0.0001,0.85,0.2,0.0,0.0,81.968112,88.10222667578233
G01_R0495,G01,LOGO,holdout_G01,G01,250,20,0.0001,0.85,0.3,0.0,0.0,127.518488,138.1378512121151
G01_R0496,G01,LOGO,holdout_G01,G01,250,20,0.0001,0.8,0.1,0.0,0.0,53.035829,56.65603627145823
G01_R0497,G01,LOGO,holdout_G01,G01,250,20,0.0001,0.8,0.2,0.0,0.0,82.447225,88.52028587500541
G01_R0498,G01,LOGO,holdout_G01,G01,250,20,0.0001,0.8,0.3,0.0,0.0,128.466116,139.04991101466194
G01_R0499,G01,LOGO,holdout_G01,G01,250,20,0.0001,0.75,0.1,0.0,0.0,53.233077,56.87980317853001
G01_R0500,G01,LOGO,holdout_G01,G01,250,20,0.0001,0.75,0.2,0.0,0.0,82.984148,89.09312469689925
G01_R0501,G01,LOGO,holdout_G01,G01,250,20,0.0001,0.75,0.3,0.0,0.0,129.55350399999998,140.20402782292538
G01_R0502,G01,LOGO,holdout_G01,G01,250,20,0.0001,0.7,0.1,0.0,0.0,53.45014,57.075376154880296
G01_R0503,G01,LOGO,holdout_G01,G01,250,20,0.0001,0.7,0.2,0.0,0.0,83.593851,89.68718991868693
G01_R0504,G01,LOGO,holdout_G01,G01,250,20,0.0001,0.7,0.3,0.0,0.0,130.790618,141.46461008839697
G01_R0505,G01,LOGO,holdout_G01,G01,250,20,1e-05,0.85,0.1,0.0,0.0,78.210807,82.4953601890214
G01_R0506,G01,LOGO,holdout_G01,G01,250,20,1e-05,0.85,0.2,0.0,0.0,163.221307,170.41311460977488
G01_R0507,G01,LOGO,holdout_G01,G01,250,20,1e-05,0.85,0.3,0.0,0.0,298.47407000000004,310.6955212535751
G01_R0508,G01,LOGO,holdout_G01,G01,250,20,1e-05,0.8,0.1,0.0,0.0,78.59012,82.81998671639786
G01_R0509,G01,LOGO,holdout_G01,G01,250,20,1e-05,0.8,0.2,0.0,0.0,164.430372,171.63467531185862
G01_R0510,G01,LOGO,holdout_G01,G01,250,20,1e-05,0.8,0.3,0.0,0.0,300.96289,313.19665565846026
G01_R0511,G01,LOGO,holdout_G01,G01,250,20,1e-05,0.75,0.1,0.0,0.0,79.02236500000001,83.2682374538073
G01_R0512,G01,LOGO,holdout_G01,G01,250,20,1e-05,0.75,0.2,0.0,0.0,165.82935,173.06437894785785
G01_R0513,G01,LOGO,holdout_G01,G01,250,20,1e-05,0.75,0.3,0.0,0.0,303.8516,316.1777324551901
G01_R0514,G01,LOGO,holdout_G01,G01,250,20,1e-05,0.7,0.1,0.0,0.0,79.52053,83.7929197464748
G01_R0515,G01,LOGO,holdout_G01,G01,250,20,1e-05,0.7,0.2,0.0,0.0,167.45822,174.7503869115169
G01_R0516,G01,LOGO,holdout_G01,G01,250,20,1e-05,0.7,0.3,0.0,0.0,307.23018,319.5674462040955
G01_R0517,G01,LOGO,holdout_G01,G01,250,20,1e-06,0.85,0.1,0.0,0.0,261.61889,266.81469135181544
G01_R0518,G01,LOGO,holdout_G01,G01,250,20,1e-06,0.85,0.2,0.0,0.0,833.21969,841.8561550189131
G01_R0519,G01,LOGO,holdout_G01,G01,250,20,1e-06,0.85,0.3,0.0,0.0,1770.34543,1783.4046171153063
G01_R0520,G01,LOGO,holdout_G01,G01,250,20,1e-06,0.8,0.1,0.0,0.0,262.89861,268.12720045133347
G01_R0521,G01,LOGO,holdout_G01,G01,250,20,1e-06,0.8,0.2,0.0,0.0,837.24933,845.8692795836423
G01_R0522,G01,LOGO,holdout_G01,G01,250,20,1e-06,0.8,0.3,0.0,0.0,1778.34497,1791.302895379472
G01_R0523,G01,LOGO,holdout_G01,G01,250,20,1e-06,0.75,0.1,0.0,0.0,264.44832,269.74262267116933
G01_R0524,G01,LOGO,holdout_G01,G01,250,20,1e-06,0.75,0.2,0.0,0.0,841.9489500000001,850.6763973093091
G01_R0525,G01,LOGO,holdout_G01,G01,250,20,1e-06,0.75,0.3,0.0,0.0,1787.64447,1800.8295569970278
G01_R0526,G01,LOGO,holdout_G01,G01,250,20,1e-06,0.7,0.1,0.0,0.0,266.26800000000003,271.65221889334265
G01_R0527,G01,LOGO,holdout_G01,G01,250,20,1e-06,0.7,0.2,0.0,0.0,847.4685400000001,856.2041149737008
G01_R0528,G01,LOGO,holdout_G01,G01,250,20,1e-06,0.7,0.3,0.0,0.0,1798.64394,1811.780447503957
G01_R0529,G01,LOGO,holdout_G01,G01,250,50,0.001,0.85,0.1,0.0,0.0,42.780836,45.73198426123397
G01_R0530,G01,LOGO,holdout_G01,G01,250,50,0.001,0.85,0.2,0.0,0.0,61.354972,66.21514971342648
G01_R0531,G01,LOGO,holdout_G01,G01,250,50,0.001,0.85,0.3,0.0,0.0,89.164385,97.30328918179062
G01_R0532,G01,LOGO,holdout_G01,G01,250,50,0.001,0.8,0.1,0.0,0.0,43.02359,45.948582727660224
G01_R0533,G01,LOGO,holdout_G01,G01,250,50,0.001,0.8,0.2,0.0,0.0,61.807295,66.71204193947025
G01_R0534,G01,LOGO,holdout_G01,G01,250,50,0.001,0.8,0.3,0.0,0.0,89.969033,98.19826996305268
G01_R0535,G01,LOGO,holdout_G01,G01,250,50,0.001,0.75,0.1,0.0,0.0,43.283161,46.25404439683378
G01_R0536,G01,LOGO,holdout_G01,G01,250,50,0.001,0.75,0.2,0.0,0.0,62.297383,67.24948216008913
G01_R0537,G01,LOGO,holdout_G01,G01,250,50,0.001,0.75,0.3,0.0,0.0,90.847385,99.1909890010913
G01_R0538,G01,LOGO,holdout_G01,G01,250,50,0.001,0.7,0.1,0.0,0.0,43.562529000000005,46.52683756545987
G01_R0539,G01,LOGO,holdout_G01,G01,250,50,0.001,0.7,0.2,0.0,0.0,62.83021,67.83679357779701
G01_R0540,G01,LOGO,holdout_G01,G01,250,50,0.001,0.7,0.3,0.0,0.0,91.810409,100.26509463237204
G01_R0541,G01,LOGO,holdout_G01,G01,250,50,0.0001,0.85,0.1,0.0,0.0,52.855422,56.496062043517874
G01_R0542,G01,LOGO,holdout_G01,G01,250,50,0.0001,0.85,0.2,0.0,0.0,81.968112,88.1023707021633
G01_R0543,G01,LOGO,holdout_G01,G01,250,50,0.0001,0.85,0.3,0.0,0.0,127.518488,138.14161186292762
G01_R0544,G01,LOGO,holdout_G01,G01,250,50,0.0001,0.8,0.1,0.0,0.0,53.035829,56.65660378741654
G01_R0545,G01,LOGO,holdout_G01,G01,250,50,0.0001,0.8,0.2,0.0,0.0,82.447225,88.52459341824648
G01_R0546,G01,LOGO,holdout_G01,G01,250,50,0.0001,0.8,0.3,0.0,0.0,128.466116,139.0473063044119
G01_R0547,G01,LOGO,holdout_G01,G01,250,50,0.0001,0.75,0.1,0.0,0.0,53.233077,56.88103564721752
G01_R0548,G01,LOGO,holdout_G01,G01,250,50,0.0001,0.75,0.2,0.0,0.0,82.984148,89.0981574465659
G01_R0549,G01,LOGO,holdout_G01,G01,250,50,0.0001,0.75,0.3,0.0,0.0,129.55350399999998,140.2004572070296
G01_R0550,G01,LOGO,holdout_G01,G01,250,50,0.0001,0.7,0.1,0.0,0.0,53.45014,57.07554181419281
G01_R0551,G01,LOGO,holdout_G01,G01,250,50,0.0001,0.7,0.2,0.0,0.0,83.593851,89.68380873306192
G01_R0552,G01,LOGO,holdout_G01,G01,250,50,0.0001,0.7,0.3,0.0,0.0,130.790618,141.46817228595944
G01_R0553,G01,LOGO,holdout_G01,G01,250,50,1e-05,0.85,0.1,0.0,0.0,78.21180700000001,82.49697205631306
G01_R0554,G01,LOGO,holdout_G01,G01,250,50,1e-05,0.85,0.2,0.0,0.0,163.221307,170.41492404281064
G01_R0555,G01,LOGO,holdout_G01,G01,250,50,1e-05,0.85,0.3,0.0,0.0,298.47407000000004,310.69750260982505
G01_R0556,G01,LOGO,holdout_G01,G01,250,50,1e-05,0.8,0.1,0.0,0.0,78.59112,82.82131922171038
G01_R0557,G01,LOGO,holdout_G01,G01,250,50,1e-05,0.8,0.2,0.0,0.0,164.440372,171.63434937019198
G01_R0558,G01,LOGO,holdout_G01,G01,250,50,1e-05,0.8,0.3,0.0,0.0,300.96289,313.2016373147101
G01_R0559,G01,LOGO,holdout_G01,G01,250,50,1e-05,0.75,0.1,0.0,0.0,79.023365,83.26834264828648
G01_R0560,G01,LOGO,holdout_G01,G01,250,50,1e-05,0.75,0.2,0.0,0.0,165.82935,173.06809446452448
G01_R0561,G01,LOGO,holdout_G01,G01,250,50,1e-05,0.75,0.3,0.0,0.0,303.8516,316.1775356926901
G01_R0562,G01,LOGO,holdout_G01,G01,250,50,1e-05,0.7,0.1,0.0,0.0,79.52353,83.78953899264147
G01_R0563,G01,LOGO,holdout_G01,G01,250,50,1e-05,0.7,0.2,0.0,0.0,167.46822,174.7493520127669
G01_R0564,G01,LOGO,holdout_G01,G01,250,50,1e-05,0.7,0.3,0.0,0.0,307.23018,319.57175692951216
G01_R0565,G01,LOGO,holdout_G01,G01,250,50,1e-06,0.85,0.1,0.0,0.0,261.61889,266.815595646982
G01_R0566,G01,LOGO,holdout_G01,G01,250,50,1e-06,0.85,0.2,0.0,0.0,833.21969,841.8481624027227
G01_R0567,G01,LOGO,holdout_G01,G01,250,50,1e-06,0.85,0.3,0.0,0.0,1770.34543,1783.4030734722996
G01_R0568,G01,LOGO,holdout_G01,G01,250,50,1e-06,0.8,0.1,0.0,0.0,262.89861,268.1272004513334
G01_R0569,G01,LOGO,holdout_G01,G01,250,50,1e-06,0.8,0.2,0.0,0.0,837.24933,845.86133072766
G01_R0570,G01,LOGO,holdout_G01,G01,250,50,1e-06,0.8,0.3,0.0,0.0,1778.34497,1791.3055111118813
G01_R0571,G01,LOGO,holdout_G01,G01,250,50,1e-06,0.75,0.1,0.0,0.0,264.44832,269.74268252979414
G01_R0572,G01,LOGO,holdout_G01,G01,250,50,1e-06,0.75,0.2,0.0,0.0,841.9489500000001,850.6721699382081
G01_R0573,G01,LOGO,holdout_G01,G01,250,50,1e-06,0.75,0.3,0.0,0.0,1787.64447,1800.8203755547363
G01_R0574,G01,LOGO,holdout_G01,G01,250,50,1e-06,0.7,0.1,0.0,0.0,266.26800000000003,271.652749947926
G01_R0575,G01,LOGO,holdout_G01,G01,250,50,1e-06,0.7,0.2,0.0,0.0,847.4685400000001,856.1980212838494
G01_R0576,G01,LOGO,holdout_G01,G01,250,50,1e-06,0.7,0.3,0.0,0.0,1798.64394,1811.757532757499
G01_R0577,G01,LOGO,holdout_G01,G01,500,3,0.001,0.85,0.1,0.0,0.0,101.954271,111.56569537131016
G01_R0578,G01,LOGO,holdout_G01,G01,500,3,0.001,0.85,0.2,0.0,0.0,149.806504,164.65499065484994
G01_R0579,G01,LOGO,holdout_G01,G01,500,3,0.001,0.85,0.3,0.0,0.0,221.47407,244.5463577968246
G01_R0580,G01,LOGO,holdout_G01,G01,500,3,0.001,0.8,0.1,0.0,0.0,102.649913,112.18155537476156
G01_R0581,G01,LOGO,holdout_G01,G01,500,3,0.001,0.8,0.2,0.0,0.0,151.151389,166.13840530532048
G01_R0582,G01,LOGO,holdout_G01,G01,500,3,0.001,0.8,0.3,0.0,0.0,223.91763,247.24262743852697
G01_R0583,G01,LOGO,holdout_G01,G01,500,3,0.001,0.75,0.1,0.0,0.0,103.405226,113.08199053722404
G01_R0584,G01,LOGO,holdout_G01,G01,500,3,0.001,0.75,0.2,0.0,0.0,152.61586599999998,167.77831037988926
G01_R0585,G01,LOGO,holdout_G01,G01,500,3,0.001,0.75,0.3,0.0,0.0,226.59066,250.23718415388245
G01_R0586,G01,LOGO,holdout_G01,G01,500,3,0.001,0.7,0.1,0.0,0.0,104.200144,113.81939058032668
G01_R0587,G01,LOGO,holdout_G01,G01,500,3,0.001,0.7,0.2,0.0,0.0,154.209856,169.51348250463369
G01_R0588,G01,LOGO,holdout_G01,G01,500,3,0.001,0.7,0.3,0.0,0.0,229.54306,253.5450876187898
G01_R0589,G01,LOGO,holdout_G01,G01,500,3,0.0001,0.85,0.1,0.0,0.0,125.07088,136.47372341206258
G01_R0590,G01,LOGO,holdout_G01,G01,500,3,0.0001,0.85,0.2,0.0,0.0,198.28871,216.847557224398
G01_R0591,G01,LOGO,holdout_G01,G01,500,3,0.0001,0.85,0.3,0.0,0.0,311.60931,342.8846071715967
G01_R0592,G01,LOGO,holdout_G01,G01,500,3,0.0001,0.8,0.1,0.0,0.0,125.65806,136.99929570250708
G01_R0593,G01,LOGO,holdout_G01,G01,500,3,0.0001,0.8,0.2,0.0,0.0,199.95546,218.34843534471327
G01_R0594,G01,LOGO,holdout_G01,G01,500,3,0.0001,0.8,0.3,0.0,0.0,314.99512,346.3966383921078
G01_R0595,G01,LOGO,holdout_G01,G01,500,3,0.0001,0.75,0.1,0.0,0.0,126.31497,137.7461565055846
G01_R0596,G01,LOGO,holdout_G01,G01,500,3,0.0001,0.75,0.2,0.0,0.0,201.85189,220.28378718302105
G01_R0597,G01,LOGO,holdout_G01,G01,500,3,0.0001,0.75,0.3,0.0,0.0,318.8505,350.3764298771886
G01_R0598,G01,LOGO,holdout_G01,G01,500,3,0.0001,0.7,0.1,0.0,0.0,127.04155,138.3839860402139
G01_R0599,G01,LOGO,holdout_G01,G01,500,3,0.0001,0.7,0.2,0.0,0.0,204.01795,222.40034793978344
G01_R0600,G01,LOGO,holdout_G01,G01,500,3,0.0001,0.7,0.3,0.0,0.0,323.3054,354.8955647140958
G01_R0601,G01,LOGO,holdout_G01,G01,500,3,1e-05,0.85,0.1,0.0,0.0,183.17389,196.33732790596648
G01_R0602,G01,LOGO,holdout_G01,G01,500,3,1e-05,0.85,0.2,0.0,0.0,379.74146,401.76249291580416
G01_R0603,G01,LOGO,holdout_G01,G01,500,3,1e-05,0.85,0.3,0.0,0.0,688.84847,724.8779184389205
G01_R0604,G01,LOGO,holdout_G01,G01,500,3,1e-05,0.8,0.1,0.0,0.0,184.58263,197.86100548328844
G01_R0605,G01,LOGO,holdout_G01,G01,500,3,1e-05,0.8,0.2,0.0,0.0,384.28978,406.43594224516414
G01_R0606,G01,LOGO,holdout_G01,G01,500,3,1e-05,0.8,0.3,0.0,0.0,698.26634,734.3207847944815
G01_R0607,G01,LOGO,holdout_G01,G01,500,3,1e-05,0.75,0.1,0.0,0.0,186.23125,199.54869882980637
G01_R0608,G01,LOGO,holdout_G01,G01,500,3,1e-05,0.75,0.2,0.0,0.0,389.56795,411.6780299242775
G01_R0609,G01,LOGO,holdout_G01,G01,500,3,1e-05,0.75,0.3,0.0,0.0,709.17401,745.0307134738337
G01_R0610,G01,LOGO,holdout_G01,G01,500,3,1e-05,0.7,0.1,0.0,0.0,188.18972,201.2660583091425
G01_R0611,G01,LOGO,holdout_G01,G01,500,3,1e-05,0.7,0.2,0.0,0.0,395.59593,417.3424403850952
G01_R0612,G01,LOGO,holdout_G01,G01,500,3,1e-05,0.7,0.3,0.0,0.0,721.7014300000001,757.046693106214
G01_R0613,G01,LOGO,holdout_G01,G01,500,3,1e-06,0.85,0.1,0.0,0.0,568.96424,584.288120386828
G01_R0614,G01,LOGO,holdout_G01,G01,500,3,1e-06,0.85,0.2,0.0,0.0,1775.56795,1801.4774131498723
G01_R0615,G01,LOGO,holdout_G01,G01,500,3,1e-06,0.85,0.3,0.0,0.0,3742.59955,3780.149740483686
G01_R0616,G01,LOGO,holdout_G01,G01,500,3,1e-06,0.8,0.1,0.0,0.0,573.63372,589.1982535512885
G01_R0617,G01,LOGO,holdout_G01,G01,500,3,1e-06,0.8,0.2,0.0,0.0,1790.26728,1816.180874682017
G01_R0618,G01,LOGO,holdout_G01,G01,500,3,1e-06,0.8,0.3,0.0,0.0,3772.29867,3809.473159119714
G01_R0619,G01,LOGO,holdout_G01,G01,500,3,1e-06,0.75,0.1,0.0,0.0,579.11316,595.0847013484157
G01_R0620,G01,LOGO,holdout_G01,G01,500,3,1e-06,0.75,0.2,0.0,0.0,1807.36656,1833.5061665051755
G01_R0621,G01,LOGO,holdout_G01,G01,500,3,1e-06,0.75,0.3,0.0,0.0,3807.09773,3844.014696707256
G01_R0622,G01,LOGO,holdout_G01,G01,500,3,1e-06,0.7,0.1,0.0,0.0,585.63257,601.2214054533252
G01_R0623,G01,LOGO,holdout_G01,G01,500,3,1e-06,0.7,0.2,0.0,0.0,1827.56578,1852.0141188891805
G01_R0624,G01,LOGO,holdout_G01,G01,500,3,1e-06,0.7,0.3,0.0,0.0,3847.79671,3882.435839567229
G01_R0625,G01,LOGO,holdout_G01,G01,500,6,0.001,0.85,0.1,0.0,0.0,101.954271,111.56298014391432
G01_R0626,G01,LOGO,holdout_G01,G01,500,6,0.001,0.85,0.2,0.0,0.0,149.806504,164.65474420605827
G01_R0627,G01,LOGO,holdout_G01,G01,500,6,0.001,0.85,0.3,0.0,0.0,221.47407,244.54870918682457
G01_R0628,G01,LOGO,holdout_G01,G01,500,6,0.001,0.8,0.1,0.0,0.0,102.649913,112.17801821655324
G01_R0629,G01,LOGO,holdout_G01,G01,500,6,0.001,0.8,0.2,0.0,0.0,151.151389,166.13833751944549
G01_R0630,G01,LOGO,holdout_G01,G01,500,6,0.001,0.8,0.3,0.0,0.0,223.91763,247.23811519477695
G01_R0631,G01,LOGO,holdout_G01,G01,500,6,0.001,0.75,0.1,0.0,0.0,103.405226,113.072825088731
G01_R0632,G01,LOGO,holdout_G01,G01,500,6,0.001,0.75,0.2,0.0,0.0,152.61586599999998,167.77630312447266
G01_R0633,G01,LOGO,holdout_G01,G01,500,6,0.001,0.75,0.3,0.0,0.0,226.59066,250.23104460691815
G01_R0634,G01,LOGO,holdout_G01,G01,500,6,0.001,0.7,0.1,0.0,0.0,104.200144,113.81489782709752
G01_R0635,G01,LOGO,holdout_G01,G01,500,6,0.001,0.7,0.2,0.0,0.0,154.209856,169.51115046313365
G01_R0636,G01,LOGO,holdout_G01,G01,500,6,0.001,0.7,0.3,0.0,0.0,229.54306,253.54979879727208
G01_R0637,G01,LOGO,holdout_G01,G01,500,6,0.0001,0.85,0.1,0.0,0.0,125.07088,136.47669230606266
G01_R0638,G01,LOGO,holdout_G01,G01,500,6,0.0001,0.85,0.2,0.0,0.0,198.28871,216.8320876529694
G01_R0639,G01,LOGO,holdout_G01,G01,500,6,0.0001,0.85,0.3,0.0,0.0,311.60931,342.8728334092159
G01_R0640,G01,LOGO,holdout_G01,G01,500,6,0.0001,0.8,0.1,0.0,0.0,125.65806,136.99983008917383
G01_R0641,G01,LOGO,holdout_G01,G01,500,6,0.0001,0.8,0.2,0.0,0.0,199.95546,218.34616350245133
G01_R0642,G01,LOGO,holdout_G01,G01,500,6,0.0001,0.8,0.3,0.0,0.0,314.99512,346.3975412129411
G01_R0643,G01,LOGO,holdout_G01,G01,500,6,0.0001,0.75,0.1,0.0,0.0,126.31497,137.7426875108525
G01_R0644,G01,LOGO,holdout_G01,G01,500,6,0.0001,0.75,0.2,0.0,0.0,201.85189,220.28573924010428
G01_R0645,G01,LOGO,holdout_G01,G01,500,6,0.0001,0.75,0.3,0.0,0.0,318.8505,350.36970391843874
G01_R0646,G01,LOGO,holdout_G01,G01,500,6,0.0001,0.7,0.1,0.0,0.0,127.04155,138.3826862975651
G01_R0647,G01,LOGO,holdout_G01,G01,500,6,0.0001,0.7,0.2,0.0,0.0,204.01795,222.3975117995751
G01_R0648,G01,LOGO,holdout_G01,G01,500,6,0.0001,0.7,0.3,0.0,0.0,323.3054,354.8913684982624
G01_R0649,G01,LOGO,holdout_G01,G01,500,6,1e-05,0.85,0.1,0.0,0.0,183.17389,196.3370217878713
G01_R0650,G01,LOGO,holdout_G01,G01,500,6,1e-05,0.85,0.2,0.0,0.0,379.74146,401.7470770060124
G01_R0651,G01,LOGO,holdout_G01,G01,500,6,1e-05,0.85,0.3,0.0,0.0,688.84847,724.8787363364203
G01_R0652,G01,LOGO,holdout_G01,G01,500,6,1e-05,0.8,0.1,0.0,0.0,184.58263,197.8698996459967
G01_R0653,G01,LOGO,holdout_G01,G01,500,6,1e-05,0.8,0.2,0.0,0.0,384.28978,406.4382018516819
G01_R0654,G01,LOGO,holdout_G01,G01,500,6,1e-05,0.8,0.3,0.0,0.0,698.26634,734.3446534146306
G01_R0655,G01,LOGO,holdout_G01,G01,500,6,1e-05,0.75,0.1,0.0,0.0,186.23125,199.55107993501468
G01_R0656,G01,LOGO,holdout_G01,G01,500,6,1e-05,0.75,0.2,0.0,0.0,389.56795,411.6752220724026
G01_R0657,G01,LOGO,holdout_G01,G01,500,6,1e-05,0.75,0.3,0.0,0.0,709.17401,745.0483667928515
G01_R0658,G01,LOGO,holdout_G01,G01,500,6,1e-05,0.7,0.1,0.0,0.0,188.18972,201.266841347208
G01_R0659,G01,LOGO,holdout_G01,G01,500,6,1e-05,0.7,0.2,0.0,0.0,395.59593,417.3361542028037
G01_R0660,G01,LOGO,holdout_G01,G01,500,6,1e-05,0.7,0.3,0.0,0.0,721.7014300000001,757.0606769810653
G01_R0661,G01,LOGO,holdout_G01,G01,500,6,1e-06,0.85,0.1,0.0,0.0,568.96424,584.2913239394322
G01_R0662,G01,LOGO,holdout_G01,G01,500,6,1e-06,0.85,0.2,0.0,0.0,1775.56795,1801.4868446807056
G01_R0663,G01,LOGO,holdout_G01,G01,500,6,1e-06,0.85,0.3,0.0,0.0,3742.59955,3780.149720907734
G01_R0664,G01,LOGO,holdout_G01,G01,500,6,1e-06,0.8,0.1,0.0,0.0,573.63372,589.19675291236
G01_R0665,G01,LOGO,holdout_G01,G01,500,6,1e-06,0.8,0.2,0.0,0.0,1790.26728,1816.1770807905584
G01_R0666,G01,LOGO,holdout_G01,G01,500,6,1e-06,0.8,0.3,0.0,0.0,3772.29867,3809.452165501379
G01_R0667,G01,LOGO,holdout_G01,G01,500,6,1e-06,0.75,0.1,0.0,0.0,579.11316,595.0944145771955
G01_R0668,G01,LOGO,holdout_G01,G01,500,6,1e-06,0.75,0.2,0.0,0.0,1807.36656,1833.5168918614256
G01_R0669,G01,LOGO,holdout_G01,G01,500,6,1e-06,0.75,0.3,0.0,0.0,3807.09773,3844.027906932255
G01_R0670,G01,LOGO,holdout_G01,G01,500,6,1e-06,0.7,0.1,0.0,0.0,585.63257,601.2282501690992
G01_R0671,G01,LOGO,holdout_G01,G01,500,6,1e-06,0.7,0.2,0.0,0.0,1827.56578,1852.031232237929
G01_R0672,G01,LOGO,holdout_G01,G01,500,6,1e-06,0.7,0.3,0.0,0.0,3847.79671,3882.4809649911863
G01_R0673,G01,LOGO,holdout_G01,G01,500,20,0.001,0.85,0.1,0.0,0.0,101.954271,111.55673870217176
G01_R0674,G01,LOGO,holdout_G01,G01,500,20,0.001,0.85,0.2,0.0,0.0,149.806504,164.65471825477695
G01_R0675,G01,LOGO,holdout_G01,G01,500,20,0.001,0.85,0.3,0.0,0.0,221.47407,244.54023709977093
G01_R0676,G01,LOGO,holdout_G01,G01,500,20,0.001,0.8,0.1,0.0,0.0,102.649913,112.171371731269
G01_R0677,G01,LOGO,holdout_G01,G01,500,20,0.001,0.8,0.2,0.0,0.0,151.151389,166.13803968967758
G01_R0678,G01,LOGO,holdout_G01,G01,500,20,0.001,0.8,0.3,0.0,0.0,223.91763,247.2539884831401
G01_R0679,G01,LOGO,holdout_G01,G01,500,20,0.001,0.75,0.1,0.0,0.0,103.405226,113.07173906751076
G01_R0680,G01,LOGO,holdout_G01,G01,500,20,0.001,0.75,0.2,0.0,0.0,152.61586599999998,167.77623808349654
G01_R0681,G01,LOGO,holdout_G01,G01,500,20,0.001,0.75,0.3,0.0,0.0,226.59066,250.228764447305
G01_R0682,G01,LOGO,holdout_G01,G01,500,20,0.001,0.7,0.1,0.0,0.0,104.200144,113.81060435652898
G01_R0683,G01,LOGO,holdout_G01,G01,500,20,0.001,0.7,0.2,0.0,0.0,154.209856,169.51257212515296
G01_R0684,G01,LOGO,holdout_G01,G01,500,20,0.001,0.7,0.3,0.0,0.0,229.54306,253.5436497713941
G01_R0685,G01,LOGO,holdout_G01,G01,500,20,0.0001,0.85,0.1,0.0,0.0,125.07088,136.47909859420858
G01_R0686,G01,LOGO,holdout_G01,G01,500,20,0.0001,0.85,0.2,0.0,0.0,198.28871,216.82919500201692
G01_R0687,G01,LOGO,holdout_G01,G01,500,20,0.0001,0.85,0.3,0.0,0.0,311.60931,342.8731935215075
G01_R0688,G01,LOGO,holdout_G01,G01,500,20,0.0001,0.8,0.1,0.0,0.0,125.65806,137.00454134586133
G01_R0689,G01,LOGO,holdout_G01,G01,500,20,0.0001,0.8,0.2,0.0,0.0,199.95546,218.34437606565032
G01_R0690,G01,LOGO,holdout_G01,G01,500,20,0.0001,0.8,0.3,0.0,0.0,314.99512,346.41304481853643
G01_R0691,G01,LOGO,holdout_G01,G01,500,20,0.0001,0.75,0.1,0.0,0.0,126.31497,137.74364741881377
G01_R0692,G01,LOGO,holdout_G01,G01,500,20,0.0001,0.75,0.2,0.0,0.0,201.85189,220.27908295206845
G01_R0693,G01,LOGO,holdout_G01,G01,500,20,0.0001,0.75,0.3,0.0,0.0,318.8505,350.3779334177245
G01_R0694,G01,LOGO,holdout_G01,G01,500,20,0.0001,0.7,0.1,0.0,0.0,127.04155,138.38285246031802
G01_R0695,G01,LOGO,holdout_G01,G01,500,20,0.0001,0.7,0.2,0.0,0.0,204.01795,222.38459238844408
G01_R0696,G01,LOGO,holdout_G01,G01,500,20,0.0001,0.7,0.3,0.0,0.0,323.3054,354.88699451909565
G01_R0697,G01,LOGO,holdout_G01,G01,500,20,1e-05,0.85,0.1,0.0,0.0,183.17389,196.33628434853705
G01_R0698,G01,LOGO,holdout_G01,G01,500,20,1e-05,0.85,0.2,0.0,0.0,379.74146,401.74477259108687
G01_R0699,G01,LOGO,holdout_G01,G01,500,20,1e-05,0.85,0.3,0.0,0.0,688.84847,724.8884524064202
G01_R0700,G01,LOGO,holdout_G01,G01,500,20,1e-05,0.8,0.1,0.0,0.0,184.58263,197.86799959468684
G01_R0701,G01,LOGO,holdout_G01,G01,500,20,1e-05,0.8,0.2,0.0,0.0,384.28978,406.4358816094792
G01_R0702,G01,LOGO,holdout_G01,G01,500,20,1e-05,0.8,0.3,0.0,0.0,698.26634,734.3418916794227
G01_R0703,G01,LOGO,holdout_G01,G01,500,20,1e-05,0.75,0.1,0.0,0.0,186.23125,199.5591004015625
G01_R0704,G01,LOGO,holdout_G01,G01,500,20,1e-05,0.75,0.2,0.0,0.0,389.56795,411.6735300076997
G01_R0705,G01,LOGO,holdout_G01,G01,500,20,1e-05,0.75,0.3,0.0,0.0,709.17401,745.0619202070184
G01_R0706,G01,LOGO,holdout_G01,G01,500,20,1e-05,0.7,0.1,0.0,0.0,188.18972,201.27938070116636
G01_R0707,G01,LOGO,holdout_G01,G01,500,20,1e-05,0.7,0.2,0.0,0.0,395.59593,417.31296407713376
G01_R0708,G01,LOGO,holdout_G01,G01,500,20,1e-05,0.7,0.3,0.0,0.0,721.7014300000001,757.080626034369
G01_R0709,G01,LOGO,holdout_G01,G01,500,20,1e-06,0.85,0.1,0.0,0.0,568.96424,584.2880757541203
G01_R0710,G01,LOGO,holdout_G01,G01,500,20,1e-06,0.85,0.2,0.0,0.0,1775.56795,1801.4652368799916
G01_R0711,G01,LOGO,holdout_G01,G01,500,20,1e-06,0.85,0.3,0.0,0.0,3742.59954,3780.1187846013954
G01_R0712,G01,LOGO,holdout_G01,G01,500,20,1e-06,0.8,0.1,0.0,0.0,573.63372,589.2027029031345
G01_R0713,G01,LOGO,holdout_G01,G01,500,20,1e-06,0.8,0.2,0.0,0.0,1790.26728,1816.158923741153
G01_R0714,G01,LOGO,holdout_G01,G01,500,20,1e-06,0.8,0.3,0.0,0.0,3772.39867,3809.4079008241474
G01_R0715,G01,LOGO,holdout_G01,G01,500,20,1e-06,0.75,0.1,0.0,0.0,579.11316,595.0885781457957
G01_R0716,G01,LOGO,holdout_G01,G01,500,20,1e-06,0.75,0.2,0.0,0.0,1807.36656,1833.505510577795
G01_R0717,G01,LOGO,holdout_G01,G01,500,20,1e-06,0.75,0.3,0.0,0.0,3807.09773,3844.0475376559457
G01_R0718,G01,LOGO,holdout_G01,G01,500,20,1e-06,0.7,0.1,0.0,0.0,585.63257,601.2059382955874
G01_R0719,G01,LOGO,holdout_G01,G01,500,20,1e-06,0.7,0.2,0.0,0.0,1827.56578,1852.0139192341796
G01_R0720,G01,LOGO,holdout_G01,G01,500,20,1e-06,0.7,0.3,0.0,0.0,3847.79671,3882.485512353552
G01_R0721,G01,LOGO,holdout_G01,G01,500,50,0.001,0.85,0.1,0.0,0.0,101.954271,111.55538750765092
G01_R0722,G01,LOGO,holdout_G01,G01,500,50,0.001,0.85,0.2,0.0,0.0,149.806503,164.6554349416193
G01_R0723,G01,LOGO,holdout_G01,G01,500,50,0.001,0.85,0.3,0.0,0.0,221.47407,244.53634379747928
G01_R0724,G01,LOGO,holdout_G01,G01,500,50,0.001,0.8,0.1,0.0,0.0,102.659913,112.17041708848927
G01_R0725,G01,LOGO,holdout_G01,G01,500,50,0.001,0.8,0.2,0.0,0.0,151.151388,166.13874664470433
G01_R0726,G01,LOGO,holdout_G01,G01,500,50,0.001,0.8,0.3,0.0,0.0,223.91763,247.2554703083484
G01_R0727,G01,LOGO,holdout_G01,G01,500,50,0.001,0.75,0.1,0.0,0.0,103.405226,113.07904253558512
G01_R0728,G01,LOGO,holdout_G01,G01,500,50,0.001,0.75,0.2,0.0,0.0,152.615865,167.77479912269789
G01_R0729,G01,LOGO,holdout_G01,G01,500,50,0.001,0.75,0.3,0.0,0.0,226.59066,250.2308377245966
G01_R0730,G01,LOGO,holdout_G01,G01,500,50,0.001,0.7,0.1,0.0,0.0,104.200144,113.81586985957064
G01_R0731,G01,LOGO,holdout_G01,G01,500,50,0.001,0.7,0.2,0.0,0.0,154.209855,169.5111561830696
G01_R0732,G01,LOGO,holdout_G01,G01,500,50,0.001,0.7,0.3,0.0,0.0,229.54306,253.5405488474355
G01_R0733,G01,LOGO,holdout_G01,G01,500,50,0.0001,0.85,0.1,0.0,0.0,125.080879,136.4784953979586
G01_R0734,G01,LOGO,holdout_G01,G01,500,50,0.0001,0.85,0.2,0.0,0.0,198.29871,216.8333026786837
G01_R0735,G01,LOGO,holdout_G01,G01,500,50,0.0001,0.85,0.3,0.0,0.0,311.62931,342.8682917590073
G01_R0736,G01,LOGO,holdout_G01,G01,500,50,0.0001,0.8,0.1,0.0,0.0,125.66806,137.003247860653
G01_R0737,G01,LOGO,holdout_G01,G01,500,50,0.0001,0.8,0.2,0.0,0.0,199.97546,218.34091611606712
G01_R0738,G01,LOGO,holdout_G01,G01,500,50,0.0001,0.8,0.3,0.0,0.0,315.00512000000003,346.41541904243525
G01_R0739,G01,LOGO,holdout_G01,G01,500,50,0.0001,0.75,0.1,0.0,0.0,126.32497,137.7486708586054
G01_R0740,G01,LOGO,holdout_G01,G01,500,50,0.0001,0.75,0.2,0.0,0.0,201.87189,220.27414634290184
G01_R0741,G01,LOGO,holdout_G01,G01,500,50,0.0001,0.75,0.3,0.0,0.0,318.8705,350.37077244334944
G01_R0742,G01,LOGO,holdout_G01,G01,500,50,0.0001,0.7,0.1,0.0,0.0,127.06155,138.38660866135967
G01_R0743,G01,LOGO,holdout_G01,G01,500,50,0.0001,0.7,0.2,0.0,0.0,204.03795,222.3802905699023
G01_R0744,G01,LOGO,holdout_G01,G01,500,50,0.0001,0.7,0.3,0.0,0.0,323.31539000000004,354.88631808409576
G01_R0745,G01,LOGO,holdout_G01,G01,500,50,1e-05,0.85,0.1,0.0,0.0,183.19389,196.3467363456205
G01_R0746,G01,LOGO,holdout_G01,G01,500,50,1e-05,0.85,0.2,0.0,0.0,379.78146,401.73686315358697
G01_R0747,G01,LOGO,holdout_G01,G01,500,50,1e-05,0.85,0.3,0.0,0.0,688.90847,724.8955342003791
G01_R0748,G01,LOGO,holdout_G01,G01,500,50,1e-05,0.8,0.1,0.0,0.0,184.61263,197.8667564148952
G01_R0749,G01,LOGO,holdout_G01,G01,500,50,1e-05,0.8,0.2,0.0,0.0,384.34978,406.4484189369791
G01_R0750,G01,LOGO,holdout_G01,G01,500,50,1e-05,0.8,0.3,0.0,0.0,698.34634,734.3360001448393
G01_R0751,G01,LOGO,holdout_G01,G01,500,50,1e-05,0.75,0.1,0.0,0.0,186.27125,199.56572172885416
G01_R0752,G01,LOGO,holdout_G01,G01,500,50,1e-05,0.75,0.2,0.0,0.0,389.65795,411.6702602747831
G01_R0753,G01,LOGO,holdout_G01,G01,500,50,1e-05,0.75,0.3,0.0,0.0,709.29401,745.0606926278517
G01_R0754,G01,LOGO,holdout_G01,G01,500,50,1e-05,0.7,0.1,0.0,0.0,188.19972,201.28198828324963
G01_R0755,G01,LOGO,holdout_G01,G01,500,50,1e-05,0.7,0.2,0.0,0.0,395.70593,417.3088357771339
G01_R0756,G01,LOGO,holdout_G01,G01,500,50,1e-05,0.7,0.3,0.0,0.0,721.8414300000001,757.0823884352019
G01_R0757,G01,LOGO,holdout_G01,G01,500,50,1e-06,0.85,0.1,0.0,0.0,568.96424,584.2819095809957
G01_R0758,G01,LOGO,holdout_G01,G01,500,50,1e-06,0.85,0.2,0.0,0.0,1775.56795,1801.4597469862415
G01_R0759,G01,LOGO,holdout_G01,G01,500,50,1e-06,0.85,0.3,0.0,0.0,3742.59954,3780.105258800145
G01_R0760,G01,LOGO,holdout_G01,G01,500,50,1e-06,0.8,0.1,0.0,0.0,573.63372,589.1914758685512
G01_R0761,G01,LOGO,holdout_G01,G01,500,50,1e-06,0.8,0.2,0.0,0.0,1790.26728,1816.175942127612
G01_R0762,G01,LOGO,holdout_G01,G01,500,50,1e-06,0.8,0.3,0.0,0.0,3772.39867,3809.4105075374814
G01_R0763,G01,LOGO,holdout_G01,G01,500,50,1e-06,0.75,0.1,0.0,0.0,579.1231600000001,595.0866811004981
G01_R0764,G01,LOGO,holdout_G01,G01,500,50,1e-06,0.75,0.2,0.0,0.0,1807.36656,1833.4686128215444
G01_R0765,G01,LOGO,holdout_G01,G01,500,50,1e-06,0.75,0.3,0.0,0.0,3807.09773,3844.028213461988
G01_R0766,G01,LOGO,holdout_G01,G01,500,50,1e-06,0.7,0.1,0.0,0.0,585.63257,601.2218601716291
G01_R0767,G01,LOGO,holdout_G01,G01,500,50,1e-06,0.7,0.2,0.0,0.0,1827.56578,1851.9796165595965
G01_R0768,G01,LOGO,holdout_G01,G01,500,50,1e-06,0.7,0.3,0.0,0.0,3847.89671,3882.502650226055
G02_R0001,G02,LOGO,holdout_G02,G02,25,3,0.001,0.85,0.1,0.1,4.0,3.6471533,3.63938988789474
G02_R0002,G02,LOGO,holdout_G02,G02,25,3,0.001,0.85,0.2,0.1,4.0,5.1354064,5.124631180717509
G02_R0003,G02,LOGO,holdout_G02,G02,25,3,0.001,0.85,0.3,0.1,4.0,7.3574994,7.340319425691202
G02_R0004,G02,LOGO,holdout_G02,G02,25,3,0.001,0.8,0.1,0.1,4.0,3.6594416,3.64898310015302
G02_R0005,G02,LOGO,holdout_G02,G02,25,3,0.001,0.8,0.2,0.1,4.0,5.159096,5.142955253725836
G02_R0006,G02,LOGO,holdout_G02,G02,25,3,0.001,0.8,0.3,0.1,4.0,7.3960272,7.37061435156621
G02_R0007,G02,LOGO,holdout_G02,G02,25,3,0.001,0.75,0.1,0.1,4.0,3.6723049,3.664430829512242
G02_R0008,G02,LOGO,holdout_G02,G02,25,3,0.001,0.75,0.2,0.1,4.0,5.184046,5.173019191336198
G02_R0009,G02,LOGO,holdout_G02,G02,25,3,0.001,0.75,0.3,0.1,4.0,7.437107800000001,7.4197800925558735
G02_R0010,G02,LOGO,holdout_G02,G02,25,3,0.001,0.7,0.1,0.1,4.0,3.6858401,3.674622285399715
G02_R0011,G02,LOGO,holdout_G02,G02,25,3,0.001,0.7,0.2,0.1,4.0,5.210450799999999,5.192205191679947
G02_R0012,G02,LOGO,holdout_G02,G02,25,3,0.001,0.7,0.3,0.1,4.0,7.4809344,7.452711302710822
G02_R0013,G02,LOGO,holdout_G02,G02,25,3,0.0001,0.85,0.1,0.1,4.0,4.5919345,4.580830385295592
G02_R0014,G02,LOGO,holdout_G02,G02,25,3,0.0001,0.85,0.2,0.1,4.0,7.0055531,6.989025162238836
G02_R0015,G02,LOGO,holdout_G02,G02,25,3,0.0001,0.85,0.3,0.1,4.0,10.880335,10.85125153031814
G02_R0016,G02,LOGO,holdout_G02,G02,25,3,0.0001,0.8,0.1,0.1,4.0,4.601800999999999,4.58834386602055
G02_R0017,G02,LOGO,holdout_G02,G02,25,3,0.0001,0.8,0.2,0.1,4.0,7.0236656,7.002935933524438
G02_R0018,G02,LOGO,holdout_G02,G02,25,3,0.0001,0.8,0.3,0.1,4.0,10.910991,10.874626982818052
G02_R0019,G02,LOGO,holdout_G02,G02,25,3,0.0001,0.75,0.1,0.1,4.0,4.6122436,4.600833996048263
G02_R0020,G02,LOGO,holdout_G02,G02,25,3,0.0001,0.75,0.2,0.1,4.0,7.0430479,7.026840352757529
G02_R0021,G02,LOGO,holdout_G02,G02,25,3,0.0001,0.75,0.3,0.1,4.0,10.945609,10.91592207892018
G02_R0022,G02,LOGO,holdout_G02,G02,25,3,0.0001,0.7,0.1,0.1,4.0,4.6232581,4.608912644917294
G02_R0023,G02,LOGO,holdout_G02,G02,25,3,0.0001,0.7,0.2,0.1,4.0,7.0640948,7.042181399568208
G02_R0024,G02,LOGO,holdout_G02,G02,25,3,0.0001,0.7,0.3,0.1,4.0,10.982185,10.943804504975525
G02_R0025,G02,LOGO,holdout_G02,G02,25,3,1e-05,0.85,0.1,0.1,4.0,6.869017,6.8569172346072005
G02_R0026,G02,LOGO,holdout_G02,G02,25,3,1e-05,0.85,0.2,0.1,4.0,14.387474,14.368005245739134
G02_R0027,G02,LOGO,holdout_G02,G02,25,3,1e-05,0.85,0.3,0.1,4.0,26.5055,26.46188285000388
G02_R0028,G02,LOGO,holdout_G02,G02,25,3,1e-05,0.8,0.1,0.1,4.0,6.88063,6.86544729460709
G02_R0029,G02,LOGO,holdout_G02,G02,25,3,1e-05,0.8,0.2,0.1,4.0,14.413358,14.387493019843197
G02_R0030,G02,LOGO,holdout_G02,G02,25,3,1e-05,0.8,0.3,0.1,4.0,26.552348,26.497257388998428
G02_R0031,G02,LOGO,holdout_G02,G02,25,3,1e-05,0.75,0.1,0.1,4.0,6.893534,6.881450919809555
G02_R0032,G02,LOGO,holdout_G02,G02,25,3,1e-05,0.75,0.2,0.1,4.0,14.443231,14.42286135236326
G02_R0033,G02,LOGO,holdout_G02,G02,25,3,1e-05,0.75,0.3,0.1,4.0,26.605182,26.56183592650778
G02_R0034,G02,LOGO,holdout_G02,G02,25,3,1e-05,0.7,0.1,0.1,4.0,6.907927,6.891989361996996
G02_R0035,G02,LOGO,holdout_G02,G02,25,3,1e-05,0.7,0.2,0.1,4.0,14.47609,14.446942356009044
G02_R0036,G02,LOGO,holdout_G02,G02,25,3,1e-05,0.7,0.3,0.1,4.0,26.664999,26.605578570258125
G02_R0037,G02,LOGO,holdout_G02,G02,25,3,1e-06,0.85,0.1,0.1,4.0,24.717545,24.699792507552026
G02_R0038,G02,LOGO,holdout_G02,G02,25,3,1e-06,0.85,0.2,0.1,4.0,79.438593,79.41508421121945
G02_R0039,G02,LOGO,holdout_G02,G02,25,3,1e-06,0.85,0.3,0.1,4.0,169.35117300000002,169.2956328018436
G02_R0040,G02,LOGO,holdout_G02,G02,25,3,1e-06,0.8,0.1,0.1,4.0,24.767511,24.73793062223966
G02_R0041,G02,LOGO,holdout_G02,G02,25,3,1e-06,0.8,0.2,0.1,4.0,79.53954900000001,79.49281936931534
G02_R0042,G02,LOGO,holdout_G02,G02,25,3,1e-06,0.8,0.3,0.1,4.0,169.521119,169.42560479142742
G02_R0043,G02,LOGO,holdout_G02,G02,25,3,1e-06,0.75,0.1,0.1,4.0,24.822475,24.80634246850017
G02_R0044,G02,LOGO,holdout_G02,G02,25,3,1e-06,0.75,0.2,0.1,4.0,79.65250300000001,79.6322140379179
G02_R0045,G02,LOGO,holdout_G02,G02,25,3,1e-06,0.75,0.3,0.1,4.0,169.711061,169.6550209793809
G02_R0046,G02,LOGO,holdout_G02,G02,25,3,1e-06,0.7,0.1,0.1,4.0,24.882436,24.84946920922892
G02_R0047,G02,LOGO,holdout_G02,G02,25,3,1e-06,0.7,0.2,0.1,4.0,79.778453,79.72328348797565
G02_R0048,G02,LOGO,holdout_G02,G02,25,3,1e-06,0.7,0.3,0.1,4.0,169.920998,169.8115073805033
G02_R0049,G02,LOGO,holdout_G02,G02,25,6,0.001,0.85,0.1,0.1,4.0,3.6471533,3.639376427992656
G02_R0050,G02,LOGO,holdout_G02,G02,25,6,0.001,0.85,0.2,0.1,4.0,5.1354064,5.124586903342508
G02_R0051,G02,LOGO,holdout_G02,G02,25,6,0.001,0.85,0.3,0.1,4.0,7.3574994,7.340427505847453
G02_R0052,G02,LOGO,holdout_G02,G02,25,6,0.001,0.8,0.1,0.1,4.0,3.6594416,3.648969640250936
G02_R0053,G02,LOGO,holdout_G02,G02,25,6,0.001,0.8,0.2,0.1,4.0,5.159096,5.142951426642502
G02_R0054,G02,LOGO,holdout_G02,G02,25,6,0.001,0.8,0.3,0.1,4.0,7.3960272,7.370722431722459
G02_R0055,G02,LOGO,holdout_G02,G02,25,6,0.001,0.75,0.1,0.1,4.0,3.6723049,3.6644543447872415
G02_R0056,G02,LOGO,holdout_G02,G02,25,6,0.001,0.75,0.2,0.1,4.0,5.184046,5.173033120611197
G02_R0057,G02,LOGO,holdout_G02,G02,25,6,0.001,0.75,0.3,0.1,4.0,7.437107800000001,7.420005499755876
G02_R0058,G02,LOGO,holdout_G02,G02,25,6,0.001,0.7,0.1,0.1,4.0,3.6858401,3.6746458006747145
G02_R0059,G02,LOGO,holdout_G02,G02,25,6,0.001,0.7,0.2,0.1,4.0,5.210450799999999,5.192219120954945
G02_R0060,G02,LOGO,holdout_G02,G02,25,6,0.001,0.7,0.3,0.1,4.0,7.4809344,7.452936709910825
G02_R0061,G02,LOGO,holdout_G02,G02,25,6,0.0001,0.85,0.1,0.1,4.0,4.5919345,4.580791441266426
G02_R0062,G02,LOGO,holdout_G02,G02,25,6,0.0001,0.85,0.2,0.1,4.0,7.0055531,6.989076604882585
G02_R0063,G02,LOGO,holdout_G02,G02,25,6,0.0001,0.85,0.3,0.1,4.0,10.880335,10.851244504526472
G02_R0064,G02,LOGO,holdout_G02,G02,25,6,0.0001,0.8,0.1,0.1,4.0,4.601800999999999,4.588286840158052
G02_R0065,G02,LOGO,holdout_G02,G02,25,6,0.0001,0.8,0.2,0.1,4.0,7.0236656,7.002987376168188
G02_R0066,G02,LOGO,holdout_G02,G02,25,6,0.0001,0.8,0.3,0.1,4.0,10.910991,10.874619957026384
G02_R0067,G02,LOGO,holdout_G02,G02,25,6,0.0001,0.75,0.1,0.1,4.0,4.6122436,4.600790079173264
G02_R0068,G02,LOGO,holdout_G02,G02,25,6,0.0001,0.75,0.2,0.1,4.0,7.0430479,7.026817856955258
G02_R0069,G02,LOGO,holdout_G02,G02,25,6,0.0001,0.75,0.3,0.1,4.0,10.945609,10.915898591420184
G02_R0070,G02,LOGO,holdout_G02,G02,25,6,0.0001,0.7,0.1,0.1,4.0,4.6232581,4.608877348708962
G02_R0071,G02,LOGO,holdout_G02,G02,25,6,0.0001,0.7,0.2,0.1,4.0,7.0640948,7.0421589037659365
G02_R0072,G02,LOGO,holdout_G02,G02,25,6,0.0001,0.7,0.3,0.1,4.0,10.982185,10.943781017475528
G02_R0073,G02,LOGO,holdout_G02,G02,25,6,1e-05,0.85,0.1,0.1,4.0,6.869017,6.856929227315534
G02_R0074,G02,LOGO,holdout_G02,G02,25,6,1e-05,0.85,0.2,0.1,4.0,14.387474,14.36804568323913
G02_R0075,G02,LOGO,holdout_G02,G02,25,6,1e-05,0.85,0.3,0.1,4.0,26.5055,26.46221069458721
G02_R0076,G02,LOGO,holdout_G02,G02,25,6,1e-05,0.8,0.1,0.1,4.0,6.88063,6.865459287315424
G02_R0077,G02,LOGO,holdout_G02,G02,25,6,1e-05,0.8,0.2,0.1,4.0,14.413358,14.38753345734319
G02_R0078,G02,LOGO,holdout_G02,G02,25,6,1e-05,0.8,0.3,0.1,4.0,26.552348,26.49756321858176
G02_R0079,G02,LOGO,holdout_G02,G02,25,6,1e-05,0.75,0.1,0.1,4.0,6.893534,6.88149290522622
G02_R0080,G02,LOGO,holdout_G02,G02,25,6,1e-05,0.75,0.2,0.1,4.0,14.443231,14.422722056613267
G02_R0081,G02,LOGO,holdout_G02,G02,25,6,1e-05,0.75,0.3,0.1,4.0,26.605182,26.56153849486193
G02_R0082,G02,LOGO,holdout_G02,G02,25,6,1e-05,0.7,0.1,0.1,4.0,6.907927,6.892031347413661
G02_R0083,G02,LOGO,holdout_G02,G02,25,6,1e-05,0.7,0.2,0.1,4.0,14.47609,14.446803060259048
G02_R0084,G02,LOGO,holdout_G02,G02,25,6,1e-05,0.7,0.3,0.1,4.0,26.664999,26.60528113861228
G02_R0085,G02,LOGO,holdout_G02,G02,25,6,1e-06,0.85,0.1,0.1,4.0,24.717545,24.699784013052025
G02_R0086,G02,LOGO,holdout_G02,G02,25,6,1e-06,0.85,0.2,0.1,4.0,79.438593,79.41525695278192
G02_R0087,G02,LOGO,holdout_G02,G02,25,6,1e-06,0.85,0.3,0.1,4.0,169.35117300000002,169.29568415177818
G02_R0088,G02,LOGO,holdout_G02,G02,25,6,1e-06,0.8,0.1,0.1,4.0,24.767511,24.73792212773966
G02_R0089,G02,LOGO,holdout_G02,G02,25,6,1e-06,0.8,0.2,0.1,4.0,79.53954900000001,79.49299211087784
G02_R0090,G02,LOGO,holdout_G02,G02,25,6,1e-06,0.8,0.3,0.1,4.0,169.521119,169.425868575112
G02_R0091,G02,LOGO,holdout_G02,G02,25,6,1e-06,0.75,0.1,0.1,4.0,24.822475,24.806654765375164
G02_R0092,G02,LOGO,holdout_G02,G02,25,6,1e-06,0.75,0.2,0.1,4.0,79.65250300000001,79.63286444250124
G02_R0093,G02,LOGO,holdout_G02,G02,25,6,1e-06,0.75,0.3,0.1,4.0,169.711061,169.65455986617258
G02_R0094,G02,LOGO,holdout_G02,G02,25,6,1e-06,0.7,0.1,0.1,4.0,24.882436,24.84978150610392
G02_R0095,G02,LOGO,holdout_G02,G02,25,6,1e-06,0.7,0.2,0.1,4.0,79.778453,79.72409133005898
G02_R0096,G02,LOGO,holdout_G02,G02,25,6,1e-06,0.7,0.3,0.1,4.0,169.920998,169.81099878179492
G02_R0097,G02,LOGO,holdout_G02,G02,25,20,0.001,0.85,0.1,0.1,4.0,3.6471533,3.63929552345992
G02_R0098,G02,LOGO,holdout_G02,G02,25,20,0.001,0.85,0.2,0.1,4.0,5.1354064,5.124557029392508
G02_R0099,G02,LOGO,holdout_G02,G02,25,20,0.001,0.85,0.3,0.1,4.0,7.3574994,7.340598500863078
G02_R0100,G02,LOGO,holdout_G02,G02,25,20,0.001,0.8,0.1,0.1,4.0,3.6594416,3.6489080934473663
G02_R0101,G02,LOGO,holdout_G02,G02,25,20,0.001,0.8,0.2,0.1,4.0,5.159096,5.142915339767501
G02_R0102,G02,LOGO,holdout_G02,G02,25,20,0.001,0.8,0.3,0.1,4.0,7.3960272,7.370839750863086
G02_R0103,G02,LOGO,holdout_G02,G02,25,20,0.001,0.75,0.1,0.1,4.0,3.6723049,3.6644521468476574
G02_R0104,G02,LOGO,holdout_G02,G02,25,20,0.001,0.75,0.2,0.1,4.0,5.184046,5.173026887507624
G02_R0105,G02,LOGO,holdout_G02,G02,25,20,0.001,0.75,0.3,0.1,4.0,7.437107800000001,7.420317038325525
G02_R0106,G02,LOGO,holdout_G02,G02,25,20,0.001,0.7,0.1,0.1,4.0,3.6858401,3.6746436027351295
G02_R0107,G02,LOGO,holdout_G02,G02,25,20,0.001,0.7,0.2,0.1,4.0,5.210450799999999,5.192223242726372
G02_R0108,G02,LOGO,holdout_G02,G02,25,20,0.001,0.7,0.3,0.1,4.0,7.4809344,7.453248248480472
G02_R0109,G02,LOGO,holdout_G02,G02,25,20,0.0001,0.85,0.1,0.1,4.0,4.5919345,4.5807755300396416
G02_R0110,G02,LOGO,holdout_G02,G02,25,20,0.0001,0.85,0.2,0.1,4.0,7.0055531,6.989075389272468
G02_R0111,G02,LOGO,holdout_G02,G02,25,20,0.0001,0.85,0.3,0.1,4.0,10.880335,10.851408470080042
G02_R0112,G02,LOGO,holdout_G02,G02,25,20,0.0001,0.8,0.1,0.1,4.0,4.601800999999999,4.588277814681267
G02_R0113,G02,LOGO,holdout_G02,G02,25,20,0.0001,0.8,0.2,0.1,4.0,7.0236656,7.002986160558071
G02_R0114,G02,LOGO,holdout_G02,G02,25,20,0.0001,0.8,0.3,0.1,4.0,10.910991,10.874843257579952
G02_R0115,G02,LOGO,holdout_G02,G02,25,20,0.0001,0.75,0.1,0.1,4.0,4.6122436,4.600713142930407
G02_R0116,G02,LOGO,holdout_G02,G02,25,20,0.0001,0.75,0.2,0.1,4.0,7.0430479,7.026675367472126
G02_R0117,G02,LOGO,holdout_G02,G02,25,20,0.0001,0.75,0.3,0.1,4.0,10.945609,10.91597638088448
G02_R0118,G02,LOGO,holdout_G02,G02,25,20,0.0001,0.7,0.1,0.1,4.0,4.6232581,4.608800412466104
G02_R0119,G02,LOGO,holdout_G02,G02,25,20,0.0001,0.7,0.2,0.1,4.0,7.0640948,7.042012373803637
G02_R0120,G02,LOGO,holdout_G02,G02,25,20,0.0001,0.7,0.3,0.1,4.0,10.982185,10.943858806939824
G02_R0121,G02,LOGO,holdout_G02,G02,25,20,1e-05,0.85,0.1,0.1,4.0,6.869017,6.856879697430117
G02_R0122,G02,LOGO,holdout_G02,G02,25,20,1e-05,0.85,0.2,0.1,4.0,14.387474,14.367963456631983
G02_R0123,G02,LOGO,holdout_G02,G02,25,20,1e-05,0.85,0.3,0.1,4.0,26.5055,26.461864083843157
G02_R0124,G02,LOGO,holdout_G02,G02,25,20,1e-05,0.8,0.1,0.1,4.0,6.88063,6.865409757430008
G02_R0125,G02,LOGO,holdout_G02,G02,25,20,1e-05,0.8,0.2,0.1,4.0,14.413358,14.387430695736043
G02_R0126,G02,LOGO,holdout_G02,G02,25,20,1e-05,0.8,0.3,0.1,4.0,26.552348,26.49707418164722
G02_R0127,G02,LOGO,holdout_G02,G02,25,20,1e-05,0.75,0.1,0.1,4.0,6.893534,6.881502587577408
G02_R0128,G02,LOGO,holdout_G02,G02,25,20,1e-05,0.75,0.2,0.1,4.0,14.443231,14.422833283053748
G02_R0129,G02,LOGO,holdout_G02,G02,25,20,1e-05,0.75,0.3,0.1,4.0,26.605182,26.561612375885737
G02_R0130,G02,LOGO,holdout_G02,G02,25,20,1e-05,0.7,0.1,0.1,4.0,6.907927,6.892041029764851
G02_R0131,G02,LOGO,holdout_G02,G02,25,20,1e-05,0.7,0.2,0.1,4.0,14.47609,14.446845227741196
G02_R0132,G02,LOGO,holdout_G02,G02,25,20,1e-05,0.7,0.3,0.1,4.0,26.664999,26.605388042136084
G02_R0133,G02,LOGO,holdout_G02,G02,25,20,1e-06,0.85,0.1,0.1,4.0,24.717545,24.70014167361452
G02_R0134,G02,LOGO,holdout_G02,G02,25,20,1e-06,0.85,0.2,0.1,4.0,79.438593,79.41516410839796
G02_R0135,G02,LOGO,holdout_G02,G02,25,20,1e-06,0.85,0.3,0.1,4.0,169.35117300000002,169.2940218576845
G02_R0136,G02,LOGO,holdout_G02,G02,25,20,1e-06,0.8,0.1,0.1,4.0,24.767511,24.73818172705215
G02_R0137,G02,LOGO,holdout_G02,G02,25,20,1e-06,0.8,0.2,0.1,4.0,79.53954900000001,79.49289926649388
G02_R0138,G02,LOGO,holdout_G02,G02,25,20,1e-06,0.8,0.3,0.1,4.0,169.521119,169.42398759455995
G02_R0139,G02,LOGO,holdout_G02,G02,25,20,1e-06,0.75,0.1,0.1,4.0,24.822475,24.80690585187516
G02_R0140,G02,LOGO,holdout_G02,G02,25,20,1e-06,0.75,0.2,0.1,4.0,79.65250300000001,79.63225443648933
G02_R0141,G02,LOGO,holdout_G02,G02,25,20,1e-06,0.75,0.3,0.1,4.0,169.711061,169.65560518744337
G02_R0142,G02,LOGO,holdout_G02,G02,25,20,1e-06,0.7,0.1,0.1,4.0,24.882436,24.849999489166414
G02_R0143,G02,LOGO,holdout_G02,G02,25,20,1e-06,0.7,0.2,0.1,4.0,79.778453,79.72348132404709
G02_R0144,G02,LOGO,holdout_G02,G02,25,20,1e-06,0.7,0.3,0.1,4.0,169.920998,169.81204410306574
G02_R0145,G02,LOGO,holdout_G02,G02,25,50,0.001,0.85,0.1,0.1,4.0,3.6471533,3.639331077918253
G02_R0146,G02,LOGO,holdout_G02,G02,25,50,0.001,0.85,0.2,0.1,4.0,5.1354064,5.124471313635367
G02_R0147,G02,LOGO,holdout_G02,G02,25,50,0.001,0.85,0.3,0.1,4.0,7.3574994,7.340716317463078
G02_R0148,G02,LOGO,holdout_G02,G02,25,50,0.001,0.8,0.1,0.1,4.0,3.6594416,3.6489436479057
G02_R0149,G02,LOGO,holdout_G02,G02,25,50,0.001,0.8,0.2,0.1,4.0,5.159096,5.14282962401036
G02_R0150,G02,LOGO,holdout_G02,G02,25,50,0.001,0.8,0.3,0.1,4.0,7.3960272,7.371003012463084
G02_R0151,G02,LOGO,holdout_G02,G02,25,50,0.001,0.75,0.1,0.1,4.0,3.6723049,3.664462224822658
G02_R0152,G02,LOGO,holdout_G02,G02,25,50,0.001,0.75,0.2,0.1,4.0,5.184046,5.173134325015065
G02_R0153,G02,LOGO,holdout_G02,G02,25,50,0.001,0.75,0.3,0.1,4.0,7.437107800000001,7.420361153488022
G02_R0154,G02,LOGO,holdout_G02,G02,25,50,0.001,0.7,0.1,0.1,4.0,3.6858401,3.67465368071013
G02_R0155,G02,LOGO,holdout_G02,G02,25,50,0.001,0.7,0.2,0.1,4.0,5.210450799999999,5.1923306802338125
G02_R0156,G02,LOGO,holdout_G02,G02,25,50,0.001,0.7,0.3,0.1,4.0,7.4809344,7.45329236364297
G02_R0157,G02,LOGO,holdout_G02,G02,25,50,0.0001,0.85,0.1,0.1,4.0,4.5919345,4.580757010402139
G02_R0158,G02,LOGO,holdout_G02,G02,25,50,0.0001,0.85,0.2,0.1,4.0,7.0055531,6.988997142268897
G02_R0159,G02,LOGO,holdout_G02,G02,25,50,0.0001,0.85,0.3,0.1,4.0,10.880335,10.851539835663372
G02_R0160,G02,LOGO,holdout_G02,G02,25,50,0.0001,0.8,0.1,0.1,4.0,4.601800999999999,4.588259295043766
G02_R0161,G02,LOGO,holdout_G02,G02,25,50,0.0001,0.8,0.2,0.1,4.0,7.0236656,7.002948992354499
G02_R0162,G02,LOGO,holdout_G02,G02,25,50,0.0001,0.8,0.3,0.1,4.0,10.910991,10.874974623163284
G02_R0163,G02,LOGO,holdout_G02,G02,25,50,0.0001,0.75,0.1,0.1,4.0,4.6122436,4.600742522130405
G02_R0164,G02,LOGO,holdout_G02,G02,25,50,0.0001,0.75,0.2,0.1,4.0,7.0430479,7.026646206182536
G02_R0165,G02,LOGO,holdout_G02,G02,25,50,0.0001,0.75,0.3,0.1,4.0,10.945609,10.916031060051148
G02_R0166,G02,LOGO,holdout_G02,G02,25,50,0.0001,0.7,0.1,0.1,4.0,4.6232581,4.608829791666102
G02_R0167,G02,LOGO,holdout_G02,G02,25,50,0.0001,0.7,0.2,0.1,4.0,7.0640948,7.041983212514047
G02_R0168,G02,LOGO,holdout_G02,G02,25,50,0.0001,0.7,0.3,0.1,4.0,10.982185,10.943913486106492
G02_R0169,G02,LOGO,holdout_G02,G02,25,50,1e-05,0.85,0.1,0.1,4.0,6.869017,6.856943997117615
G02_R0170,G02,LOGO,holdout_G02,G02,25,50,1e-05,0.85,0.2,0.1,4.0,14.387474,14.367939194131983
G02_R0171,G02,LOGO,holdout_G02,G02,25,50,1e-05,0.85,0.3,0.1,4.0,26.5055,26.461365968218143
G02_R0172,G02,LOGO,holdout_G02,G02,25,50,1e-05,0.8,0.1,0.1,4.0,6.88063,6.865459665867506
G02_R0173,G02,LOGO,holdout_G02,G02,25,50,1e-05,0.8,0.2,0.1,4.0,14.413358,14.387416700736049
G02_R0174,G02,LOGO,holdout_G02,G02,25,50,1e-05,0.8,0.3,0.1,4.0,26.552348,26.49653867914721
G02_R0175,G02,LOGO,holdout_G02,G02,25,50,1e-05,0.75,0.1,0.1,4.0,6.893534,6.8814799315357424
G02_R0176,G02,LOGO,holdout_G02,G02,25,50,1e-05,0.75,0.2,0.1,4.0,14.443231,14.423022889553742
G02_R0177,G02,LOGO,holdout_G02,G02,25,50,1e-05,0.75,0.3,0.1,4.0,26.605182,26.561779796281577
G02_R0178,G02,LOGO,holdout_G02,G02,25,50,1e-05,0.7,0.1,0.1,4.0,6.907927,6.892033634973185
G02_R0179,G02,LOGO,holdout_G02,G02,25,50,1e-05,0.7,0.2,0.1,4.0,14.47609,14.44703483424119
G02_R0180,G02,LOGO,holdout_G02,G02,25,50,1e-05,0.7,0.3,0.1,4.0,26.664999,26.605638534198587
G02_R0181,G02,LOGO,holdout_G02,G02,25,50,1e-06,0.85,0.1,0.1,4.0,24.717545,24.700245731239505
G02_R0182,G02,LOGO,holdout_G02,G02,25,50,1e-06,0.85,0.2,0.1,4.0,79.438593,79.41541017385633
G02_R0183,G02,LOGO,holdout_G02,G02,25,50,1e-06,0.85,0.3,0.1,4.0,169.35117300000002,169.2937484051219
G02_R0184,G02,LOGO,holdout_G02,G02,25,50,1e-06,0.8,0.1,0.1,4.0,24.767511,24.738285784677142
G02_R0185,G02,LOGO,holdout_G02,G02,25,50,1e-06,0.8,0.2,0.1,4.0,79.53954900000001,79.49329464695225
G02_R0186,G02,LOGO,holdout_G02,G02,25,50,1e-06,0.8,0.3,0.1,4.0,169.521119,169.42371414199738
G02_R0187,G02,LOGO,holdout_G02,G02,25,50,1e-06,0.75,0.1,0.1,4.0,24.822475,24.80679592337517
G02_R0188,G02,LOGO,holdout_G02,G02,25,50,1e-06,0.75,0.2,0.1,4.0,79.65250300000001,79.63248496669763
G02_R0189,G02,LOGO,holdout_G02,G02,25,50,1e-06,0.75,0.3,0.1,4.0,169.711061,169.65596549556835
G02_R0190,G02,LOGO,holdout_G02,G02,25,50,1e-06,0.7,0.1,0.1,4.0,24.882436,24.84988956066642
G02_R0191,G02,LOGO,holdout_G02,G02,25,50,1e-06,0.7,0.2,0.1,4.0,79.778453,79.72371185425538
G02_R0192,G02,LOGO,holdout_G02,G02,25,50,1e-06,0.7,0.3,0.1,4.0,169.920998,169.81232526869073
G02_R0193,G02,LOGO,holdout_G02,G02,100,3,0.001,0.85,0.1,0.1,4.0,15.825312,15.746632197366257
G02_R0194,G02,LOGO,holdout_G02,G02,100,3,0.001,0.85,0.2,0.1,4.0,22.513158,22.412877367016435
G02_R0195,G02,LOGO,holdout_G02,G02,100,3,0.001,0.85,0.3,0.1,4.0,32.596764,32.473440769499035
G02_R0196,G02,LOGO,holdout_G02,G02,100,3,0.001,0.8,0.1,0.1,4.0,15.896324,15.800066796830436
G02_R0197,G02,LOGO,holdout_G02,G02,100,3,0.001,0.8,0.2,0.1,4.0,22.644985,22.514084036599503
G02_R0198,G02,LOGO,holdout_G02,G02,100,3,0.001,0.8,0.3,0.1,4.0,32.82747,32.64608049699964
G02_R0199,G02,LOGO,holdout_G02,G02,100,3,0.001,0.75,0.1,0.1,4.0,15.97126,15.891340266071245
G02_R0200,G02,LOGO,holdout_G02,G02,100,3,0.001,0.75,0.2,0.1,4.0,22.786711,22.684479003747143
G02_R0201,G02,LOGO,holdout_G02,G02,100,3,0.001,0.75,0.3,0.1,4.0,33.077067,32.94927381632757
G02_R0202,G02,LOGO,holdout_G02,G02,100,3,0.001,0.7,0.1,0.1,4.0,16.052111,15.95134075494649
G02_R0203,G02,LOGO,holdout_G02,G02,100,3,0.001,0.7,0.2,0.1,4.0,22.939321,22.79894778299727
G02_R0204,G02,LOGO,holdout_G02,G02,100,3,0.001,0.7,0.3,0.1,4.0,33.347539999999995,33.14344927229235
G02_R0205,G02,LOGO,holdout_G02,G02,100,3,0.0001,0.85,0.1,0.1,4.0,19.751915,19.643861985006268
G02_R0206,G02,LOGO,holdout_G02,G02,100,3,0.0001,0.85,0.2,0.1,4.0,30.355149,30.199207226019407
G02_R0207,G02,LOGO,holdout_G02,G02,100,3,0.0001,0.85,0.3,0.1,4.0,47.280382,47.03427975151691
G02_R0208,G02,LOGO,holdout_G02,G02,100,3,0.0001,0.8,0.1,0.1,4.0,19.803175000000003,19.683231091985864
G02_R0209,G02,LOGO,holdout_G02,G02,100,3,0.0001,0.8,0.2,0.1,4.0,30.468258,30.286424669852455
G02_R0210,G02,LOGO,holdout_G02,G02,100,3,0.0001,0.8,0.3,0.1,4.0,47.49634,47.19648687860017
G02_R0211,G02,LOGO,holdout_G02,G02,100,3,0.0001,0.75,0.1,0.1,4.0,19.85736,19.748095735419717
G02_R0212,G02,LOGO,holdout_G02,G02,100,3,0.0001,0.75,0.2,0.1,4.0,30.593278,30.439692666668684
G02_R0213,G02,LOGO,holdout_G02,G02,100,3,0.0001,0.75,0.3,0.1,4.0,47.735192000000005,47.48724235717914
G02_R0214,G02,LOGO,holdout_G02,G02,100,3,0.0001,0.7,0.1,0.1,4.0,19.915459,19.79102685523202
G02_R0215,G02,LOGO,holdout_G02,G02,100,3,0.0001,0.7,0.2,0.1,4.0,30.732192,30.54120977406432
G02_R0216,G02,LOGO,holdout_G02,G02,100,3,0.0001,0.7,0.3,0.1,4.0,48.001921,47.68961150217952
G02_R0217,G02,LOGO,holdout_G02,G02,100,3,1e-05,0.85,0.1,0.1,4.0,29.258465,29.148361965443183
G02_R0218,G02,LOGO,holdout_G02,G02,100,3,1e-05,0.85,0.2,0.1,4.0,60.988038,60.825421657368544
G02_R0219,G02,LOGO,holdout_G02,G02,100,3,1e-05,0.85,0.3,0.1,4.0,111.957308,111.65908607505858
G02_R0220,G02,LOGO,holdout_G02,G02,100,3,1e-05,0.8,0.1,0.1,4.0,29.344177,29.2127251243694
G02_R0221,G02,LOGO,holdout_G02,G02,100,3,1e-05,0.8,0.2,0.1,4.0,61.229662000000005,61.00751420311963
G02_R0222,G02,LOGO,holdout_G02,G02,100,3,1e-05,0.8,0.3,0.1,4.0,112.426818,112.03124205101722
G02_R0223,G02,LOGO,holdout_G02,G02,100,3,1e-05,0.75,0.1,0.1,4.0,29.440861,29.33037662796576
G02_R0224,G02,LOGO,holdout_G02,G02,100,3,1e-05,0.75,0.2,0.1,4.0,61.505249,61.34588646659081
G02_R0225,G02,LOGO,holdout_G02,G02,100,3,1e-05,0.75,0.3,0.1,4.0,112.976283,112.69753261767325
G02_R0226,G02,LOGO,holdout_G02,G02,100,3,1e-05,0.7,0.1,0.1,4.0,29.551511,29.41075881688269
G02_R0227,G02,LOGO,holdout_G02,G02,100,3,1e-05,0.7,0.2,0.1,4.0,61.823792000000005,61.5767892940909
G02_R0228,G02,LOGO,holdout_G02,G02,100,3,1e-05,0.7,0.3,0.1,4.0,113.605694,113.1559133265043
G02_R0229,G02,LOGO,holdout_G02,G02,100,3,1e-06,0.85,0.1,0.1,4.0,101.357149,101.23079680528964
G02_R0230,G02,LOGO,holdout_G02,G02,100,3,1e-06,0.85,0.2,0.1,4.0,323.78736999999995,323.65096161298965
G02_R0231,G02,LOGO,holdout_G02,G02,100,3,1e-06,0.85,0.3,0.1,4.0,689.0162190000001,688.6652501956589
G02_R0232,G02,LOGO,holdout_G02,G02,100,3,1e-06,0.8,0.1,0.1,4.0,101.647038,101.44782582652468
G02_R0233,G02,LOGO,holdout_G02,G02,100,3,1e-06,0.8,0.2,0.1,4.0,324.567227,324.2316473093948
G02_R0234,G02,LOGO,holdout_G02,G02,100,3,1e-06,0.8,0.3,0.1,4.0,690.5060410000001,689.883070515893
G02_R0235,G02,LOGO,holdout_G02,G02,100,3,1e-06,0.75,0.1,0.1,4.0,101.976919,101.85179609048431
G02_R0236,G02,LOGO,holdout_G02,G02,100,3,1e-06,0.75,0.2,0.1,4.0,325.457074,325.29409271284624
G02_R0237,G02,LOGO,holdout_G02,G02,100,3,1e-06,0.75,0.3,0.1,4.0,692.2158499999999,691.7017056433757
G02_R0238,G02,LOGO,holdout_G02,G02,100,3,1e-06,0.7,0.1,0.1,4.0,102.346791,102.13793316840024
G02_R0239,G02,LOGO,holdout_G02,G02,100,3,1e-06,0.7,0.2,0.1,4.0,326.476909,326.0906533971976
G02_R0240,G02,LOGO,holdout_G02,G02,100,3,1e-06,0.7,0.3,0.1,4.0,694.205644,693.4262084026938
G02_R0241,G02,LOGO,holdout_G02,G02,100,6,0.001,0.85,0.1,0.1,4.0,15.825312,15.74680142928292
G02_R0242,G02,LOGO,holdout_G02,G02,100,6,0.001,0.85,0.2,0.1,4.0,22.513158,22.41304241399857
G02_R0243,G02,LOGO,holdout_G02,G02,100,6,0.001,0.85,0.3,0.1,4.0,32.596764,32.47516907949904
G02_R0244,G02,LOGO,holdout_G02,G02,100,6,0.001,0.8,0.1,0.1,4.0,15.896324,15.800236028747104
G02_R0245,G02,LOGO,holdout_G02,G02,100,6,0.001,0.8,0.2,0.1,4.0,22.644985,22.514161131081643
G02_R0246,G02,LOGO,holdout_G02,G02,100,6,0.001,0.8,0.3,0.1,4.0,32.82747,32.647808806999635
G02_R0247,G02,LOGO,holdout_G02,G02,100,6,0.001,0.75,0.1,0.1,4.0,15.97126,15.891456513821243
G02_R0248,G02,LOGO,holdout_G02,G02,100,6,0.001,0.75,0.2,0.1,4.0,22.786711,22.684298968059647
G02_R0249,G02,LOGO,holdout_G02,G02,100,6,0.001,0.75,0.3,0.1,4.0,33.077067,32.94971046499424
G02_R0250,G02,LOGO,holdout_G02,G02,100,6,0.001,0.7,0.1,0.1,4.0,16.052111,15.951457002696488
G02_R0251,G02,LOGO,holdout_G02,G02,100,6,0.001,0.7,0.2,0.1,4.0,22.939321,22.798679794809768
G02_R0252,G02,LOGO,holdout_G02,G02,100,6,0.001,0.7,0.3,0.1,4.0,33.347539999999995,33.14380855095902
G02_R0253,G02,LOGO,holdout_G02,G02,100,6,0.0001,0.85,0.1,0.1,4.0,19.751915,19.644146876672934
G02_R0254,G02,LOGO,holdout_G02,G02,100,6,0.0001,0.85,0.2,0.1,4.0,30.355149,30.199158982787264
G02_R0255,G02,LOGO,holdout_G02,G02,100,6,0.0001,0.85,0.3,0.1,4.0,47.280382,47.034169708885976
G02_R0256,G02,LOGO,holdout_G02,G02,100,6,0.0001,0.8,0.1,0.1,4.0,19.803175000000003,19.683515983652534
G02_R0257,G02,LOGO,holdout_G02,G02,100,6,0.0001,0.8,0.2,0.1,4.0,30.468258,30.286376426620315
G02_R0258,G02,LOGO,holdout_G02,G02,100,6,0.0001,0.8,0.3,0.1,4.0,47.49634,47.19637683596923
G02_R0259,G02,LOGO,holdout_G02,G02,100,6,0.0001,0.75,0.1,0.1,4.0,19.85736,19.74818331752388
G02_R0260,G02,LOGO,holdout_G02,G02,100,6,0.0001,0.75,0.2,0.1,4.0,30.593278,30.44018483791867
G02_R0261,G02,LOGO,holdout_G02,G02,100,6,0.0001,0.75,0.3,0.1,4.0,47.735192000000005,47.48734276042914
G02_R0262,G02,LOGO,holdout_G02,G02,100,6,0.0001,0.7,0.1,0.1,4.0,19.915459,19.79111443733619
G02_R0263,G02,LOGO,holdout_G02,G02,100,6,0.0001,0.7,0.2,0.1,4.0,30.732192,30.54170194531431
G02_R0264,G02,LOGO,holdout_G02,G02,100,6,0.0001,0.7,0.3,0.1,4.0,48.001921,47.68971190542951
G02_R0265,G02,LOGO,holdout_G02,G02,100,6,1e-05,0.85,0.1,0.1,4.0,29.258465,29.14824400494318
G02_R0266,G02,LOGO,holdout_G02,G02,100,6,1e-05,0.85,0.2,0.1,4.0,60.988038,60.82585333670188
G02_R0267,G02,LOGO,holdout_G02,G02,100,6,1e-05,0.85,0.3,0.1,4.0,111.957308,111.66003262264188
G02_R0268,G02,LOGO,holdout_G02,G02,100,6,1e-05,0.8,0.1,0.1,4.0,29.344177,29.2126152682444
G02_R0269,G02,LOGO,holdout_G02,G02,100,6,1e-05,0.8,0.2,0.1,4.0,61.229662000000005,61.00814434182796
G02_R0270,G02,LOGO,holdout_G02,G02,100,6,1e-05,0.8,0.3,0.1,4.0,112.426818,112.03179521047552
G02_R0271,G02,LOGO,holdout_G02,G02,100,6,1e-05,0.75,0.1,0.1,4.0,29.440861,29.33044184640326
G02_R0272,G02,LOGO,holdout_G02,G02,100,6,1e-05,0.75,0.2,0.1,4.0,61.505249,61.3460465862783
G02_R0273,G02,LOGO,holdout_G02,G02,100,6,1e-05,0.75,0.3,0.1,4.0,112.976283,112.6970280466732
G02_R0274,G02,LOGO,holdout_G02,G02,100,6,1e-05,0.7,0.1,0.1,4.0,29.551511,29.410824035320196
G02_R0275,G02,LOGO,holdout_G02,G02,100,6,1e-05,0.7,0.2,0.1,4.0,61.823792000000005,61.57711751752839
G02_R0276,G02,LOGO,holdout_G02,G02,100,6,1e-05,0.7,0.3,0.1,4.0,113.605694,113.15502164675428
G02_R0277,G02,LOGO,holdout_G02,G02,100,6,1e-06,0.85,0.1,0.1,4.0,101.357149,101.23108524237296
G02_R0278,G02,LOGO,holdout_G02,G02,100,6,1e-06,0.85,0.2,0.1,4.0,323.78736999999995,323.646514978698
G02_R0279,G02,LOGO,holdout_G02,G02,100,6,1e-06,0.85,0.3,0.1,4.0,689.0162190000001,688.6600347084502
G02_R0280,G02,LOGO,holdout_G02,G02,100,6,1e-06,0.8,0.1,0.1,4.0,101.647038,101.44797681194136
G02_R0281,G02,LOGO,holdout_G02,G02,100,6,1e-06,0.8,0.2,0.1,4.0,324.567227,324.22953765197826
G02_R0282,G02,LOGO,holdout_G02,G02,100,6,1e-06,0.8,0.3,0.1,4.0,690.5060410000001,689.8721846618723
G02_R0283,G02,LOGO,holdout_G02,G02,100,6,1e-06,0.75,0.1,0.1,4.0,101.976919,101.85244504360934
G02_R0284,G02,LOGO,holdout_G02,G02,100,6,1e-06,0.75,0.2,0.1,4.0,325.457074,325.2905474636796
G02_R0285,G02,LOGO,holdout_G02,G02,100,6,1e-06,0.75,0.3,0.1,4.0,692.2158499999999,691.6808431891527
G02_R0286,G02,LOGO,holdout_G02,G02,100,6,1e-06,0.7,0.1,0.1,4.0,102.346791,102.1384446698586
G02_R0287,G02,LOGO,holdout_G02,G02,100,6,1e-06,0.7,0.2,0.1,4.0,326.476909,326.0878246909477
G02_R0288,G02,LOGO,holdout_G02,G02,100,6,1e-06,0.7,0.3,0.1,4.0,694.205644,693.4186183567415
G02_R0289,G02,LOGO,holdout_G02,G02,100,20,0.001,0.85,0.1,0.1,4.0,15.825312,15.7466770781728
G02_R0290,G02,LOGO,holdout_G02,G02,100,20,0.001,0.85,0.2,0.1,4.0,22.513158,22.412679160248576
G02_R0291,G02,LOGO,holdout_G02,G02,100,20,0.001,0.85,0.3,0.1,4.0,32.596764,32.474959006223074
G02_R0292,G02,LOGO,holdout_G02,G02,100,20,0.001,0.8,0.1,0.1,4.0,15.896324,15.80006483263698
G02_R0293,G02,LOGO,holdout_G02,G02,100,20,0.001,0.8,0.2,0.1,4.0,22.644985,22.51368417058164
G02_R0294,G02,LOGO,holdout_G02,G02,100,20,0.001,0.8,0.3,0.1,4.0,32.82747,32.64790871103617
G02_R0295,G02,LOGO,holdout_G02,G02,100,20,0.001,0.75,0.1,0.1,4.0,15.97126,15.891445716898629
G02_R0296,G02,LOGO,holdout_G02,G02,100,20,0.001,0.75,0.2,0.1,4.0,22.786711,22.68489588665787
G02_R0297,G02,LOGO,holdout_G02,G02,100,20,0.001,0.75,0.3,0.1,4.0,33.077067,32.95269132827997
G02_R0298,G02,LOGO,holdout_G02,G02,100,20,0.001,0.7,0.1,0.1,4.0,16.052111,15.951536817648869
G02_R0299,G02,LOGO,holdout_G02,G02,100,20,0.001,0.7,0.2,0.1,4.0,22.939321,22.799171170407984
G02_R0300,G02,LOGO,holdout_G02,G02,100,20,0.001,0.7,0.3,0.1,4.0,33.347539999999995,33.14708771424475
G02_R0301,G02,LOGO,holdout_G02,G02,100,20,0.0001,0.85,0.1,0.1,4.0,19.751915,19.64405051625627
G02_R0302,G02,LOGO,holdout_G02,G02,100,20,0.0001,0.85,0.2,0.1,4.0,30.355149,30.199401449193523
G02_R0303,G02,LOGO,holdout_G02,G02,100,20,0.0001,0.85,0.3,0.1,4.0,47.280382,47.03529156791724
G02_R0304,G02,LOGO,holdout_G02,G02,100,20,0.0001,0.8,0.1,0.1,4.0,19.803175000000003,19.68340425177753
G02_R0305,G02,LOGO,holdout_G02,G02,100,20,0.0001,0.8,0.2,0.1,4.0,30.468258,30.286532039276576
G02_R0306,G02,LOGO,holdout_G02,G02,100,20,0.0001,0.8,0.3,0.1,4.0,47.49634,47.19717304187549
G02_R0307,G02,LOGO,holdout_G02,G02,100,20,0.0001,0.75,0.1,0.1,4.0,19.85736,19.748263254306615
G02_R0308,G02,LOGO,holdout_G02,G02,100,20,0.0001,0.75,0.2,0.1,4.0,30.593278,30.43923135540082
G02_R0309,G02,LOGO,holdout_G02,G02,100,20,0.0001,0.75,0.3,0.1,4.0,47.735192000000005,47.48402109917911
G02_R0310,G02,LOGO,holdout_G02,G02,100,20,0.0001,0.7,0.1,0.1,4.0,19.915459,19.791194374118923
G02_R0311,G02,LOGO,holdout_G02,G02,100,20,0.0001,0.7,0.2,0.1,4.0,30.732192,30.54069030592146
G02_R0312,G02,LOGO,holdout_G02,G02,100,20,0.0001,0.7,0.3,0.1,4.0,48.001921,47.68648977084616
G02_R0313,G02,LOGO,holdout_G02,G02,100,20,1e-05,0.85,0.1,0.1,4.0,29.258465,29.14806166900568
G02_R0314,G02,LOGO,holdout_G02,G02,100,20,1e-05,0.85,0.2,0.1,4.0,60.988038,60.82378908118997
G02_R0315,G02,LOGO,holdout_G02,G02,100,20,1e-05,0.85,0.3,0.1,4.0,111.957308,111.6620506102044
G02_R0316,G02,LOGO,holdout_G02,G02,100,20,1e-05,0.8,0.1,0.1,4.0,29.344177,29.21229192314023
G02_R0317,G02,LOGO,holdout_G02,G02,100,20,1e-05,0.8,0.2,0.1,4.0,61.229662000000005,61.00608008631605
G02_R0318,G02,LOGO,holdout_G02,G02,100,20,1e-05,0.8,0.3,0.1,4.0,112.426818,112.03336735816302
G02_R0319,G02,LOGO,holdout_G02,G02,100,20,1e-05,0.75,0.1,0.1,4.0,29.440861,29.33040999251338
G02_R0320,G02,LOGO,holdout_G02,G02,100,20,1e-05,0.75,0.2,0.1,4.0,61.505249,61.34682584986163
G02_R0321,G02,LOGO,holdout_G02,G02,100,20,1e-05,0.75,0.3,0.1,4.0,112.976283,112.70273589544396
G02_R0322,G02,LOGO,holdout_G02,G02,100,20,1e-05,0.7,0.1,0.1,4.0,29.551511,29.41058899697198
G02_R0323,G02,LOGO,holdout_G02,G02,100,20,1e-05,0.7,0.2,0.1,4.0,61.823792000000005,61.57781097548672
G02_R0324,G02,LOGO,holdout_G02,G02,100,20,1e-05,0.7,0.3,0.1,4.0,113.605694,113.1602799346917
G02_R0325,G02,LOGO,holdout_G02,G02,100,20,1e-06,0.85,0.1,0.1,4.0,101.357149,101.23300449543248
G02_R0326,G02,LOGO,holdout_G02,G02,100,20,1e-06,0.85,0.2,0.1,4.0,323.78736999999995,323.63891569748665
G02_R0327,G02,LOGO,holdout_G02,G02,100,20,1e-06,0.85,0.3,0.1,4.0,689.0162190000001,688.6605433417183
G02_R0328,G02,LOGO,holdout_G02,G02,100,20,1e-06,0.8,0.1,0.1,4.0,101.647038,101.44989606500089
G02_R0329,G02,LOGO,holdout_G02,G02,100,20,1e-06,0.8,0.2,0.1,4.0,324.567227,324.2212402013502
G02_R0330,G02,LOGO,holdout_G02,G02,100,20,1e-06,0.8,0.3,0.1,4.0,690.5060410000001,689.8810437346715
G02_R0331,G02,LOGO,holdout_G02,G02,100,20,1e-06,0.75,0.1,0.1,4.0,101.976919,101.85098865017186
G02_R0332,G02,LOGO,holdout_G02,G02,100,20,1e-06,0.75,0.2,0.1,4.0,325.457074,325.2927527726454
G02_R0333,G02,LOGO,holdout_G02,G02,100,20,1e-06,0.75,0.3,0.1,4.0,692.2158499999999,691.6767282049045
G02_R0334,G02,LOGO,holdout_G02,G02,100,20,1e-06,0.7,0.1,0.1,4.0,102.346791,102.1370913651711
G02_R0335,G02,LOGO,holdout_G02,G02,100,20,1e-06,0.7,0.2,0.1,4.0,326.476909,326.09151930949685
G02_R0336,G02,LOGO,holdout_G02,G02,100,20,1e-06,0.7,0.3,0.1,4.0,694.205644,693.4009321063875
G02_R0337,G02,LOGO,holdout_G02,G02,100,50,0.001,0.85,0.1,0.1,4.0,15.825312,15.746509126175772
G02_R0338,G02,LOGO,holdout_G02,G02,100,50,0.001,0.85,0.2,0.1,4.0,22.513158,22.412420231811083
G02_R0339,G02,LOGO,holdout_G02,G02,100,50,0.001,0.85,0.3,0.1,4.0,32.596764,32.475627343556404
G02_R0340,G02,LOGO,holdout_G02,G02,100,50,0.001,0.8,0.1,0.1,4.0,15.896324,15.799896880639956
G02_R0341,G02,LOGO,holdout_G02,G02,100,50,0.001,0.8,0.2,0.1,4.0,22.644985,22.513497402039985
G02_R0342,G02,LOGO,holdout_G02,G02,100,50,0.001,0.8,0.3,0.1,4.0,32.82747,32.64857704836951
G02_R0343,G02,LOGO,holdout_G02,G02,100,50,0.001,0.75,0.1,0.1,4.0,15.97126,15.891170327208153
G02_R0344,G02,LOGO,holdout_G02,G02,100,50,0.001,0.75,0.2,0.1,4.0,22.786711,22.6851728991906
G02_R0345,G02,LOGO,holdout_G02,G02,100,50,0.001,0.75,0.3,0.1,4.0,33.077067,32.95214041046747
G02_R0346,G02,LOGO,holdout_G02,G02,100,50,0.001,0.7,0.1,0.1,4.0,16.052111,15.951198967958394
G02_R0347,G02,LOGO,holdout_G02,G02,100,50,0.001,0.7,0.2,0.1,4.0,22.939321,22.79944818294072
G02_R0348,G02,LOGO,holdout_G02,G02,100,50,0.001,0.7,0.3,0.1,4.0,33.347539999999995,33.146835096432255
G02_R0349,G02,LOGO,holdout_G02,G02,100,50,0.0001,0.85,0.1,0.1,4.0,19.751915,19.6440439695896
G02_R0350,G02,LOGO,holdout_G02,G02,100,50,0.0001,0.85,0.2,0.1,4.0,30.355149,30.199540321756025
G02_R0351,G02,LOGO,holdout_G02,G02,100,50,0.0001,0.85,0.3,0.1,4.0,47.280382,47.035779504679134
G02_R0352,G02,LOGO,holdout_G02,G02,100,50,0.0001,0.8,0.1,0.1,4.0,19.803175000000003,19.683397705110863
G02_R0353,G02,LOGO,holdout_G02,G02,100,50,0.0001,0.8,0.2,0.1,4.0,30.468258,30.28667091183908
G02_R0354,G02,LOGO,holdout_G02,G02,100,50,0.0001,0.8,0.3,0.1,4.0,47.49634,47.19851735447072
G02_R0355,G02,LOGO,holdout_G02,G02,100,50,0.0001,0.75,0.1,0.1,4.0,19.85736,19.748309856285783
G02_R0356,G02,LOGO,holdout_G02,G02,100,50,0.0001,0.75,0.2,0.1,4.0,30.593278,30.43874270515083
G02_R0357,G02,LOGO,holdout_G02,G02,100,50,0.0001,0.75,0.3,0.1,4.0,47.735192000000005,47.48375418281603
G02_R0358,G02,LOGO,holdout_G02,G02,100,50,0.0001,0.7,0.1,0.1,4.0,19.915459,19.791371573598088
G02_R0359,G02,LOGO,holdout_G02,G02,100,50,0.0001,0.7,0.2,0.1,4.0,30.732192,30.540279198171465
G02_R0360,G02,LOGO,holdout_G02,G02,100,50,0.0001,0.7,0.3,0.1,4.0,48.001921,47.68622285448307
G02_R0361,G02,LOGO,holdout_G02,G02,100,50,1e-05,0.85,0.1,0.1,4.0,29.258465,29.148070382964
G02_R0362,G02,LOGO,holdout_G02,G02,100,50,1e-05,0.85,0.2,0.1,4.0,60.988038,60.82376637881495
G02_R0363,G02,LOGO,holdout_G02,G02,100,50,1e-05,0.85,0.3,0.1,4.0,111.957308,111.66239026949609
G02_R0364,G02,LOGO,holdout_G02,G02,100,50,1e-05,0.8,0.1,0.1,4.0,29.344177,29.21242420355689
G02_R0365,G02,LOGO,holdout_G02,G02,100,50,1e-05,0.8,0.2,0.1,4.0,61.229662000000005,61.00605738394103
G02_R0366,G02,LOGO,holdout_G02,G02,100,50,1e-05,0.8,0.3,0.1,4.0,112.426818,112.0337070174547
G02_R0367,G02,LOGO,holdout_G02,G02,100,50,1e-05,0.75,0.1,0.1,4.0,29.440861,29.32989036886755
G02_R0368,G02,LOGO,holdout_G02,G02,100,50,1e-05,0.75,0.2,0.1,4.0,61.505249,61.34748909140927
G02_R0369,G02,LOGO,holdout_G02,G02,100,50,1e-05,0.75,0.3,0.1,4.0,112.976283,112.703680026944
G02_R0370,G02,LOGO,holdout_G02,G02,100,50,1e-05,0.7,0.1,0.1,4.0,29.551511,29.410221382492814
G02_R0371,G02,LOGO,holdout_G02,G02,100,50,1e-05,0.7,0.2,0.1,4.0,61.823792000000005,61.57821706828436
G02_R0372,G02,LOGO,holdout_G02,G02,100,50,1e-05,0.7,0.3,0.1,4.0,113.605694,113.16122406619174
G02_R0373,G02,LOGO,holdout_G02,G02,100,50,1e-06,0.85,0.1,0.1,4.0,101.357149,101.23127421527774
G02_R0374,G02,LOGO,holdout_G02,G02,100,50,1e-06,0.85,0.2,0.1,4.0,323.78736999999995,323.6395795417216
G02_R0375,G02,LOGO,holdout_G02,G02,100,50,1e-06,0.85,0.3,0.1,4.0,689.0162190000001,688.664869071031
G02_R0376,G02,LOGO,holdout_G02,G02,100,50,1e-06,0.8,0.1,0.1,4.0,101.647038,101.4484823473461
G02_R0377,G02,LOGO,holdout_G02,G02,100,50,1e-06,0.8,0.2,0.1,4.0,324.567227,324.2219040455852
G02_R0378,G02,LOGO,holdout_G02,G02,100,50,1e-06,0.8,0.3,0.1,4.0,690.5060410000001,689.8899940948177
G02_R0379,G02,LOGO,holdout_G02,G02,100,50,1e-06,0.75,0.1,0.1,4.0,101.976919,101.85199353017184
G02_R0380,G02,LOGO,holdout_G02,G02,100,50,1e-06,0.75,0.2,0.1,4.0,325.457074,325.29647195733264
G02_R0381,G02,LOGO,holdout_G02,G02,100,50,1e-06,0.75,0.3,0.1,4.0,692.2158499999999,691.6834339033833
G02_R0382,G02,LOGO,holdout_G02,G02,100,50,1e-06,0.7,0.1,0.1,4.0,102.346791,102.1381993339211
G02_R0383,G02,LOGO,holdout_G02,G02,100,50,1e-06,0.7,0.2,0.1,4.0,326.476909,326.09420117668407
G02_R0384,G02,LOGO,holdout_G02,G02,100,50,1e-06,0.7,0.3,0.1,4.0,694.205644,693.3979878646791
G02_R0385,G02,LOGO,holdout_G02,G02,250,3,0.001,0.85,0.1,0.1,4.0,45.716209,45.42521234944817
G02_R0386,G02,LOGO,holdout_G02,G02,250,3,0.001,0.85,0.2,0.1,4.0,66.252958,66.03937767828364
G02_R0387,G02,LOGO,holdout_G02,G02,250,3,0.001,0.85,0.3,0.1,4.0,97.300865,97.39308016805862
G02_R0388,G02,LOGO,holdout_G02,G02,250,3,0.001,0.8,0.1,0.1,4.0,45.979940000000006,45.62772401605906
G02_R0389,G02,LOGO,holdout_G02,G02,250,3,0.001,0.8,0.2,0.1,4.0,66.75246899999999,66.42767665750887
G02_R0390,G02,LOGO,holdout_G02,G02,250,3,0.001,0.8,0.3,0.1,4.0,98.208165,98.0637520672245
G02_R0391,G02,LOGO,holdout_G02,G02,250,3,0.001,0.75,0.1,0.1,4.0,46.263498,45.97135150163026
G02_R0392,G02,LOGO,holdout_G02,G02,250,3,0.001,0.75,0.2,0.1,4.0,67.29077299999999,67.08034654929651
G02_R0393,G02,LOGO,holdout_G02,G02,250,3,0.001,0.75,0.3,0.1,4.0,99.194275,99.27094127597374
G02_R0394,G02,LOGO,holdout_G02,G02,250,3,0.001,0.7,0.1,0.1,4.0,46.566862,46.195015619415045
G02_R0395,G02,LOGO,holdout_G02,G02,250,3,0.001,0.7,0.2,0.1,4.0,67.875852,67.50759351304579
G02_R0396,G02,LOGO,holdout_G02,G02,250,3,0.001,0.7,0.3,0.1,4.0,100.27625,100.077471596123
G02_R0397,G02,LOGO,holdout_G02,G02,250,3,0.0001,0.85,0.1,0.1,4.0,56.479241,56.062934958926114
G02_R0398,G02,LOGO,holdout_G02,G02,250,3,0.0001,0.85,0.2,0.1,4.0,88.083718,87.51551990588224
G02_R0399,G02,LOGO,holdout_G02,G02,250,3,0.0001,0.85,0.3,0.1,4.0,138.21117999999998,137.4130313349957
G02_R0400,G02,LOGO,holdout_G02,G02,250,3,0.0001,0.8,0.1,0.1,4.0,56.670659,56.2085918261768
G02_R0401,G02,LOGO,holdout_G02,G02,250,3,0.0001,0.8,0.2,0.1,4.0,88.580876,87.90390478363223
G02_R0402,G02,LOGO,holdout_G02,G02,250,3,0.0001,0.8,0.3,0.1,4.0,139.199103,138.17997195003682
G02_R0403,G02,LOGO,holdout_G02,G02,250,3,0.0001,0.75,0.1,0.1,4.0,56.877924,56.46508761719717
G02_R0404,G02,LOGO,holdout_G02,G02,250,3,0.0001,0.75,0.2,0.1,4.0,89.137857,88.57444532843068
G02_R0405,G02,LOGO,holdout_G02,G02,250,3,0.0001,0.75,0.3,0.1,4.0,140.32682599999998,139.55391523860666
G02_R0406,G02,LOGO,holdout_G02,G02,250,3,0.0001,0.7,0.1,0.1,4.0,57.108011000000005,56.63375370500886
G02_R0407,G02,LOGO,holdout_G02,G02,250,3,0.0001,0.7,0.2,0.1,4.0,89.766632,89.03969173926433
G02_R0408,G02,LOGO,holdout_G02,G02,250,3,0.0001,0.7,0.3,0.1,4.0,141.604319,140.46856295360888
G02_R0409,G02,LOGO,holdout_G02,G02,250,3,1e-05,0.85,0.1,0.1,4.0,82.47537200000001,82.06452382547164
G02_R0410,G02,LOGO,holdout_G02,G02,250,3,1e-05,0.85,0.2,0.1,4.0,170.49156,169.9135678388999
G02_R0411,G02,LOGO,holdout_G02,G02,250,3,1e-05,0.85,0.3,0.1,4.0,310.83976,309.99830462482254
G02_R0412,G02,LOGO,holdout_G02,G02,250,3,1e-05,0.8,0.1,0.1,4.0,82.87273400000001,82.35448532922233
G02_R0413,G02,LOGO,holdout_G02,G02,250,3,1e-05,0.8,0.2,0.1,4.0,171.74074000000002,170.87642968820683
G02_R0414,G02,LOGO,holdout_G02,G02,250,3,1e-05,0.8,0.3,0.1,4.0,313.37872,311.883991424823
G02_R0415,G02,LOGO,holdout_G02,G02,250,3,1e-05,0.75,0.1,0.1,4.0,83.32803200000001,82.91656669988384
G02_R0416,G02,LOGO,holdout_G02,G02,250,3,1e-05,0.75,0.2,0.1,4.0,173.16984000000002,172.6371316865964
G02_R0417,G02,LOGO,holdout_G02,G02,250,3,1e-05,0.75,0.3,0.1,4.0,316.31758,315.573743810883
G02_R0418,G02,LOGO,holdout_G02,G02,250,3,1e-05,0.7,0.1,0.1,4.0,83.853257,83.31055533590543
G02_R0419,G02,LOGO,holdout_G02,G02,250,3,1e-05,0.7,0.2,0.1,4.0,174.84886,173.85026902409714
G02_R0420,G02,LOGO,holdout_G02,G02,250,3,1e-05,0.7,0.3,0.1,4.0,319.74633,318.0425276702595
G02_R0421,G02,LOGO,holdout_G02,G02,250,3,1e-06,0.85,0.1,0.1,4.0,266.88079,266.43012707079026
G02_R0422,G02,LOGO,holdout_G02,G02,250,3,1e-06,0.85,0.2,0.1,4.0,841.9586,841.4062395927712
G02_R0423,G02,LOGO,holdout_G02,G02,250,3,1e-06,0.85,0.3,0.1,4.0,1783.55388,1782.5563366215488
G02_R0424,G02,LOGO,holdout_G02,G02,250,3,1e-06,0.8,0.1,0.1,4.0,268.210538,267.44685881909606
G02_R0425,G02,LOGO,holdout_G02,G02,250,3,1e-06,0.8,0.2,0.1,4.0,845.99828,844.7468561049376
G02_R0426,G02,LOGO,holdout_G02,G02,250,3,1e-06,0.8,0.3,0.1,4.0,1791.55349,1788.9391644997993
G02_R0427,G02,LOGO,holdout_G02,G02,250,3,1e-06,0.75,0.1,0.1,4.0,269.820268,269.4188261333066
G02_R0428,G02,LOGO,holdout_G02,G02,250,3,1e-06,0.75,0.2,0.1,4.0,850.76793,849.7416783881138
G02_R0429,G02,LOGO,holdout_G02,G02,250,3,1e-06,0.75,0.3,0.1,4.0,1800.9530599999998,1798.8977416472592
G02_R0430,G02,LOGO,holdout_G02,G02,250,3,1e-06,0.7,0.1,0.1,4.0,271.74998000000005,270.85930040416844
G02_R0431,G02,LOGO,holdout_G02,G02,250,3,1e-06,0.7,0.2,0.1,4.0,856.36756,854.5444625526211
G02_R0432,G02,LOGO,holdout_G02,G02,250,3,1e-06,0.7,0.3,0.1,4.0,1812.05261,1808.8770942816843
G02_R0433,G02,LOGO,holdout_G02,G02,250,6,0.001,0.85,0.1,0.1,4.0,45.716209,45.42486194411484
G02_R0434,G02,LOGO,holdout_G02,G02,250,6,0.001,0.85,0.2,0.1,4.0,66.252958,66.03688459855448
G02_R0435,G02,LOGO,holdout_G02,G02,250,6,0.001,0.85,0.3,0.1,4.0,97.300865,97.39089215189196
G02_R0436,G02,LOGO,holdout_G02,G02,250,6,0.001,0.8,0.1,0.1,4.0,45.979940000000006,45.62737361072573
G02_R0437,G02,LOGO,holdout_G02,G02,250,6,0.001,0.8,0.2,0.1,4.0,66.75246899999999,66.42470013111303
G02_R0438,G02,LOGO,holdout_G02,G02,250,6,0.001,0.8,0.3,0.1,4.0,98.208165,98.06201320980784
G02_R0439,G02,LOGO,holdout_G02,G02,250,6,0.001,0.75,0.1,0.1,4.0,46.263498,45.9730974227136
G02_R0440,G02,LOGO,holdout_G02,G02,250,6,0.001,0.75,0.2,0.1,4.0,67.29077299999999,67.07881160612982
G02_R0441,G02,LOGO,holdout_G02,G02,250,6,0.001,0.75,0.3,0.1,4.0,99.194275,99.2681629082773
G02_R0442,G02,LOGO,holdout_G02,G02,250,6,0.001,0.7,0.1,0.1,4.0,46.566862,46.19676154049837
G02_R0443,G02,LOGO,holdout_G02,G02,250,6,0.001,0.7,0.2,0.1,4.0,67.875852,67.5060585698791
G02_R0444,G02,LOGO,holdout_G02,G02,250,6,0.001,0.7,0.3,0.1,4.0,100.27625,100.07469322842655
G02_R0445,G02,LOGO,holdout_G02,G02,250,6,0.0001,0.85,0.1,0.1,4.0,56.479241,56.06159895955111
G02_R0446,G02,LOGO,holdout_G02,G02,250,6,0.0001,0.85,0.2,0.1,4.0,88.083718,87.51776944546559
G02_R0447,G02,LOGO,holdout_G02,G02,250,6,0.0001,0.85,0.3,0.1,4.0,138.21117999999998,137.41473086486485
G02_R0448,G02,LOGO,holdout_G02,G02,250,6,0.0001,0.8,0.1,0.1,4.0,56.670659,56.20725582680179
G02_R0449,G02,LOGO,holdout_G02,G02,250,6,0.0001,0.8,0.2,0.1,4.0,88.580876,87.90615432321556
G02_R0450,G02,LOGO,holdout_G02,G02,250,6,0.0001,0.8,0.3,0.1,4.0,139.199103,138.18167147990596
G02_R0451,G02,LOGO,holdout_G02,G02,250,6,0.0001,0.75,0.1,0.1,4.0,56.877924,56.46630340157216
G02_R0452,G02,LOGO,holdout_G02,G02,250,6,0.0001,0.75,0.2,0.1,4.0,89.137857,88.57629225240987
G02_R0453,G02,LOGO,holdout_G02,G02,250,6,0.0001,0.75,0.3,0.1,4.0,140.32682599999998,139.5549979350025
G02_R0454,G02,LOGO,holdout_G02,G02,250,6,0.0001,0.7,0.1,0.1,4.0,57.108011000000005,56.63496948938385
G02_R0455,G02,LOGO,holdout_G02,G02,250,6,0.0001,0.7,0.2,0.1,4.0,89.766632,89.04153866324354
G02_R0456,G02,LOGO,holdout_G02,G02,250,6,0.0001,0.7,0.3,0.1,4.0,141.604319,140.4696456500047
G02_R0457,G02,LOGO,holdout_G02,G02,250,6,1e-05,0.85,0.1,0.1,4.0,82.47537200000001,82.06611215713832
G02_R0458,G02,LOGO,holdout_G02,G02,250,6,1e-05,0.85,0.2,0.1,4.0,170.49156,169.92025931598323
G02_R0459,G02,LOGO,holdout_G02,G02,250,6,1e-05,0.85,0.3,0.1,4.0,310.83976,310.00073026705485
G02_R0460,G02,LOGO,holdout_G02,G02,250,6,1e-05,0.8,0.1,0.1,4.0,82.87273400000001,82.35607366088904
G02_R0461,G02,LOGO,holdout_G02,G02,250,6,1e-05,0.8,0.2,0.1,4.0,171.74074000000002,170.88312116529022
G02_R0462,G02,LOGO,holdout_G02,G02,250,6,1e-05,0.8,0.3,0.1,4.0,313.37872,311.8864170670553
G02_R0463,G02,LOGO,holdout_G02,G02,250,6,1e-05,0.75,0.1,0.1,4.0,83.32803200000001,82.91638066959214
G02_R0464,G02,LOGO,holdout_G02,G02,250,6,1e-05,0.75,0.2,0.1,4.0,173.16984000000002,172.64034092097145
G02_R0465,G02,LOGO,holdout_G02,G02,250,6,1e-05,0.75,0.3,0.1,4.0,316.31758,315.580191560883
G02_R0466,G02,LOGO,holdout_G02,G02,250,6,1e-05,0.7,0.1,0.1,4.0,83.853257,83.31036930561373
G02_R0467,G02,LOGO,holdout_G02,G02,250,6,1e-05,0.7,0.2,0.1,4.0,174.84886,173.85557700847218
G02_R0468,G02,LOGO,holdout_G02,G02,250,6,1e-05,0.7,0.3,0.1,4.0,319.74633,318.0489754202595
G02_R0469,G02,LOGO,holdout_G02,G02,250,6,1e-06,0.85,0.1,0.1,4.0,266.88079,266.4294292786028
G02_R0470,G02,LOGO,holdout_G02,G02,250,6,1e-06,0.85,0.2,0.1,4.0,841.9586,841.3954761738427
G02_R0471,G02,LOGO,holdout_G02,G02,250,6,1e-06,0.85,0.3,0.1,4.0,1783.55388,1782.494142411549
G02_R0472,G02,LOGO,holdout_G02,G02,250,6,1e-06,0.8,0.1,0.1,4.0,268.210538,267.44736710565866
G02_R0473,G02,LOGO,holdout_G02,G02,250,6,1e-06,0.8,0.2,0.1,4.0,845.99828,844.7181145676757
G02_R0474,G02,LOGO,holdout_G02,G02,250,6,1e-06,0.8,0.3,0.1,4.0,1791.55349,1788.89388250855
G02_R0475,G02,LOGO,holdout_G02,G02,250,6,1e-06,0.75,0.1,0.1,4.0,269.820268,269.41987140155675
G02_R0476,G02,LOGO,holdout_G02,G02,250,6,1e-06,0.75,0.2,0.1,4.0,850.76793,849.7025026516555
G02_R0477,G02,LOGO,holdout_G02,G02,250,6,1e-06,0.75,0.3,0.1,4.0,1800.9530599999998,1798.91674575528
G02_R0478,G02,LOGO,holdout_G02,G02,250,6,1e-06,0.7,0.1,0.1,4.0,271.74998000000005,270.8603456724186
G02_R0479,G02,LOGO,holdout_G02,G02,250,6,1e-06,0.7,0.2,0.1,4.0,856.36756,854.5621176022046
G02_R0480,G02,LOGO,holdout_G02,G02,250,6,1e-06,0.7,0.3,0.1,4.0,1812.05261,1808.938143002741
G02_R0481,G02,LOGO,holdout_G02,G02,250,20,0.001,0.85,0.1,0.1,4.0,45.716209,45.42698500521901
G02_R0482,G02,LOGO,holdout_G02,G02,250,20,0.001,0.85,0.2,0.1,4.0,66.252958,66.03582796684614
G02_R0483,G02,LOGO,holdout_G02,G02,250,20,0.001,0.85,0.3,0.1,4.0,97.300865,97.39351669179672
G02_R0484,G02,LOGO,holdout_G02,G02,250,20,0.001,0.8,0.1,0.1,4.0,45.979940000000006,45.62994817776741
G02_R0485,G02,LOGO,holdout_G02,G02,250,20,0.001,0.8,0.2,0.1,4.0,66.75246899999999,66.42279746773802
G02_R0486,G02,LOGO,holdout_G02,G02,250,20,0.001,0.8,0.3,0.1,4.0,98.208165,98.0646377497126
G02_R0487,G02,LOGO,holdout_G02,G02,250,20,0.001,0.75,0.1,0.1,4.0,46.263498,45.97321787899933
G02_R0488,G02,LOGO,holdout_G02,G02,250,20,0.001,0.75,0.2,0.1,4.0,67.29077299999999,67.08064769423996
G02_R0489,G02,LOGO,holdout_G02,G02,250,20,0.001,0.75,0.3,0.1,4.0,99.194275,99.26434075687548
G02_R0490,G02,LOGO,holdout_G02,G02,250,20,0.001,0.7,0.1,0.1,4.0,46.566862,46.19661889959661
G02_R0491,G02,LOGO,holdout_G02,G02,250,20,0.001,0.7,0.2,0.1,4.0,67.875852,67.50821681392675
G02_R0492,G02,LOGO,holdout_G02,G02,250,20,0.001,0.7,0.3,0.1,4.0,100.27625,100.07135341229257
G02_R0493,G02,LOGO,holdout_G02,G02,250,20,0.0001,0.85,0.1,0.1,4.0,56.479241,56.060292306042136
G02_R0494,G02,LOGO,holdout_G02,G02,250,20,0.0001,0.85,0.2,0.1,4.0,88.083718,87.51788563800528
G02_R0495,G02,LOGO,holdout_G02,G02,250,20,0.0001,0.85,0.3,0.1,4.0,138.21117999999998,137.41136581090657
G02_R0496,G02,LOGO,holdout_G02,G02,250,20,0.0001,0.8,0.1,0.1,4.0,56.670659,56.20594917329282
G02_R0497,G02,LOGO,holdout_G02,G02,250,20,0.0001,0.8,0.2,0.1,4.0,88.580876,87.90730397894278
G02_R0498,G02,LOGO,holdout_G02,G02,250,20,0.0001,0.8,0.3,0.1,4.0,139.199103,138.17672199219763
G02_R0499,G02,LOGO,holdout_G02,G02,250,20,0.0001,0.75,0.1,0.1,4.0,56.877924,56.464625488343
G02_R0500,G02,LOGO,holdout_G02,G02,250,20,0.0001,0.75,0.2,0.1,4.0,89.137857,88.57728927340543
G02_R0501,G02,LOGO,holdout_G02,G02,250,20,0.0001,0.75,0.3,0.1,4.0,140.32682599999998,139.55354981906345
G02_R0502,G02,LOGO,holdout_G02,G02,250,20,0.0001,0.7,0.1,0.1,4.0,57.108011000000005,56.6329403295922
G02_R0503,G02,LOGO,holdout_G02,G02,250,20,0.0001,0.7,0.2,0.1,4.0,89.766632,89.04253568423907
G02_R0504,G02,LOGO,holdout_G02,G02,250,20,0.0001,0.7,0.3,0.1,4.0,141.604319,140.4702247228157
G02_R0505,G02,LOGO,holdout_G02,G02,250,20,1e-05,0.85,0.1,0.1,4.0,82.47537200000001,82.06511259881987
G02_R0506,G02,LOGO,holdout_G02,G02,250,20,1e-05,0.85,0.2,0.1,4.0,170.49156,169.9147614998374
G02_R0507,G02,LOGO,holdout_G02,G02,250,20,1e-05,0.85,0.3,0.1,4.0,310.83976,310.01009715026913
G02_R0508,G02,LOGO,holdout_G02,G02,250,20,1e-05,0.8,0.1,0.1,4.0,82.87273400000001,82.35507410257058
G02_R0509,G02,LOGO,holdout_G02,G02,250,20,1e-05,0.8,0.2,0.1,4.0,171.74074000000002,170.87867272414434
G02_R0510,G02,LOGO,holdout_G02,G02,250,20,1e-05,0.8,0.3,0.1,4.0,313.37872,311.9015943252696
G02_R0511,G02,LOGO,holdout_G02,G02,250,20,1e-05,0.75,0.1,0.1,4.0,83.32803200000001,82.91007940316352
G02_R0512,G02,LOGO,holdout_G02,G02,250,20,1e-05,0.75,0.2,0.1,4.0,173.16984000000002,172.6277361813881
G02_R0513,G02,LOGO,holdout_G02,G02,250,20,1e-05,0.75,0.3,0.1,4.0,316.31758,315.5427767868652
G02_R0514,G02,LOGO,holdout_G02,G02,250,20,1e-05,0.7,0.1,0.1,4.0,83.853257,83.30367212003927
G02_R0515,G02,LOGO,holdout_G02,G02,250,20,1e-05,0.7,0.2,0.1,4.0,174.84886,173.84559144597216
G02_R0516,G02,LOGO,holdout_G02,G02,250,20,1e-05,0.7,0.3,0.1,4.0,319.74633,318.0073497806167
G02_R0517,G02,LOGO,holdout_G02,G02,250,20,1e-06,0.85,0.1,0.1,4.0,266.88079,266.4232315291295
G02_R0518,G02,LOGO,holdout_G02,G02,250,20,1e-06,0.85,0.2,0.1,4.0,841.9586,841.3608052574882
G02_R0519,G02,LOGO,holdout_G02,G02,250,20,1e-06,0.85,0.3,0.1,4.0,1783.55388,1782.5032005098817
G02_R0520,G02,LOGO,holdout_G02,G02,250,20,1e-06,0.8,0.1,0.1,4.0,268.210538,267.443448187852
G02_R0521,G02,LOGO,holdout_G02,G02,250,20,1e-06,0.8,0.2,0.1,4.0,845.99828,844.6761240666485
G02_R0522,G02,LOGO,holdout_G02,G02,250,20,1e-06,0.8,0.3,0.1,4.0,1791.55349,1788.9047798736683
G02_R0523,G02,LOGO,holdout_G02,G02,250,20,1e-06,0.75,0.1,0.1,4.0,269.820268,269.42310696983054
G02_R0524,G02,LOGO,holdout_G02,G02,250,20,1e-06,0.75,0.2,0.1,4.0,850.76793,849.681497405703
G02_R0525,G02,LOGO,holdout_G02,G02,250,20,1e-06,0.75,0.3,0.1,4.0,1800.9530599999998,1798.9404717151906
G02_R0526,G02,LOGO,holdout_G02,G02,250,20,1e-06,0.7,0.1,0.1,4.0,271.74998000000005,270.8635812406924
G02_R0527,G02,LOGO,holdout_G02,G02,250,20,1e-06,0.7,0.2,0.1,4.0,856.36756,854.5657730629189
G02_R0528,G02,LOGO,holdout_G02,G02,250,20,1e-06,0.7,0.3,0.1,4.0,1812.05261,1808.957501177651
G02_R0529,G02,LOGO,holdout_G02,G02,250,50,0.001,0.85,0.1,0.1,4.0,45.716209,45.42664535459402
G02_R0530,G02,LOGO,holdout_G02,G02,250,50,0.001,0.85,0.2,0.1,4.0,66.252958,66.0371900228531
G02_R0531,G02,LOGO,holdout_G02,G02,250,50,0.001,0.85,0.3,0.1,4.0,97.300865,97.3941235527134
G02_R0532,G02,LOGO,holdout_G02,G02,250,50,0.001,0.8,0.1,0.1,4.0,45.979940000000006,45.62960852714241
G02_R0533,G02,LOGO,holdout_G02,G02,250,50,0.001,0.8,0.2,0.1,4.0,66.75246899999999,66.42415952374498
G02_R0534,G02,LOGO,holdout_G02,G02,250,50,0.001,0.8,0.3,0.1,4.0,98.208165,98.06524461062928
G02_R0535,G02,LOGO,holdout_G02,G02,250,50,0.001,0.75,0.1,0.1,4.0,46.263498,45.97204294958266
G02_R0536,G02,LOGO,holdout_G02,G02,250,50,0.001,0.75,0.2,0.1,4.0,67.29077299999999,67.08161458757333
G02_R0537,G02,LOGO,holdout_G02,G02,250,50,0.001,0.75,0.3,0.1,4.0,99.194275,99.26416253502131
G02_R0538,G02,LOGO,holdout_G02,G02,250,50,0.001,0.7,0.1,0.1,4.0,46.566862,46.19578362080493
G02_R0539,G02,LOGO,holdout_G02,G02,250,50,0.001,0.7,0.2,0.1,4.0,67.875852,67.5091837072601
G02_R0540,G02,LOGO,holdout_G02,G02,250,50,0.001,0.7,0.3,0.1,4.0,100.27625,100.06982771418843
G02_R0541,G02,LOGO,holdout_G02,G02,250,50,0.0001,0.85,0.1,0.1,4.0,56.479241,56.060177223167145
G02_R0542,G02,LOGO,holdout_G02,G02,250,50,0.0001,0.85,0.2,0.1,4.0,88.083718,87.51786385567199
G02_R0543,G02,LOGO,holdout_G02,G02,250,50,0.0001,0.85,0.3,0.1,4.0,138.21117999999998,137.40967046773983
G02_R0544,G02,LOGO,holdout_G02,G02,250,50,0.0001,0.8,0.1,0.1,4.0,56.670659,56.20583409041784
G02_R0545,G02,LOGO,holdout_G02,G02,250,50,0.0001,0.8,0.2,0.1,4.0,88.580876,87.90728219660947
G02_R0546,G02,LOGO,holdout_G02,G02,250,50,0.0001,0.8,0.3,0.1,4.0,139.199103,138.17502664903094
G02_R0547,G02,LOGO,holdout_G02,G02,250,50,0.0001,0.75,0.1,0.1,4.0,56.877924,56.465136333092985
G02_R0548,G02,LOGO,holdout_G02,G02,250,50,0.0001,0.75,0.2,0.1,4.0,89.137857,88.57932963393216
G02_R0549,G02,LOGO,holdout_G02,G02,250,50,0.0001,0.75,0.3,0.1,4.0,140.32682599999998,139.55634799014672
G02_R0550,G02,LOGO,holdout_G02,G02,250,50,0.0001,0.7,0.1,0.1,4.0,57.108011000000005,56.63345117434218
G02_R0551,G02,LOGO,holdout_G02,G02,250,50,0.0001,0.7,0.2,0.1,4.0,89.766632,89.04429799126581
G02_R0552,G02,LOGO,holdout_G02,G02,250,50,0.0001,0.7,0.3,0.1,4.0,141.604319,140.47408017827397
G02_R0553,G02,LOGO,holdout_G02,G02,250,50,1e-05,0.85,0.1,0.1,4.0,82.47537200000001,82.06371646427817
G02_R0554,G02,LOGO,holdout_G02,G02,250,50,1e-05,0.85,0.2,0.1,4.0,170.49156,169.92123017587906
G02_R0555,G02,LOGO,holdout_G02,G02,250,50,1e-05,0.85,0.3,0.1,4.0,310.83976,310.01008203723336
G02_R0556,G02,LOGO,holdout_G02,G02,250,50,1e-05,0.8,0.1,0.1,4.0,82.87273400000001,82.35381994646636
G02_R0557,G02,LOGO,holdout_G02,G02,250,50,1e-05,0.8,0.2,0.1,4.0,171.74074000000002,170.885141400186
G02_R0558,G02,LOGO,holdout_G02,G02,250,50,1e-05,0.8,0.3,0.1,4.0,313.37872,311.9015792122338
G02_R0559,G02,LOGO,holdout_G02,G02,250,50,1e-05,0.75,0.1,0.1,4.0,83.32803200000001,82.91215059535104
G02_R0560,G02,LOGO,holdout_G02,G02,250,50,1e-05,0.75,0.2,0.1,4.0,173.16984000000002,172.6268754678464
G02_R0561,G02,LOGO,holdout_G02,G02,250,50,1e-05,0.75,0.3,0.1,4.0,316.31758,315.55230512853194
G02_R0562,G02,LOGO,holdout_G02,G02,250,50,1e-05,0.7,0.1,0.1,4.0,83.853257,83.30627626410178
G02_R0563,G02,LOGO,holdout_G02,G02,250,50,1e-05,0.7,0.2,0.1,4.0,174.84886,173.84473073243046
G02_R0564,G02,LOGO,holdout_G02,G02,250,50,1e-05,0.7,0.3,0.1,4.0,319.74633,318.0168781222834
G02_R0565,G02,LOGO,holdout_G02,G02,250,50,1e-06,0.85,0.1,0.1,4.0,266.88079,266.418618125924
G02_R0566,G02,LOGO,holdout_G02,G02,250,50,1e-06,0.85,0.2,0.1,4.0,841.9586,841.3584337051966
G02_R0567,G02,LOGO,holdout_G02,G02,250,50,1e-06,0.85,0.3,0.1,4.0,1783.55388,1782.5122855907146
G02_R0568,G02,LOGO,holdout_G02,G02,250,50,1e-06,0.8,0.1,0.1,4.0,268.210538,267.4399408690214
G02_R0569,G02,LOGO,holdout_G02,G02,250,50,1e-06,0.8,0.2,0.1,4.0,845.99828,844.7034672562322
G02_R0570,G02,LOGO,holdout_G02,G02,250,50,1e-06,0.8,0.3,0.1,4.0,1791.55349,1788.9287424003344
G02_R0571,G02,LOGO,holdout_G02,G02,250,50,1e-06,0.75,0.1,0.1,4.0,269.820268,269.42674581958045
G02_R0572,G02,LOGO,holdout_G02,G02,250,50,1e-06,0.75,0.2,0.1,4.0,850.76793,849.7161216119533
G02_R0573,G02,LOGO,holdout_G02,G02,250,50,1e-06,0.75,0.3,0.1,4.0,1800.9530599999998,1799.038624359982
G02_R0574,G02,LOGO,holdout_G02,G02,250,50,1e-06,0.7,0.1,0.1,4.0,271.74998000000005,270.8672200904423
G02_R0575,G02,LOGO,holdout_G02,G02,250,50,1e-06,0.7,0.2,0.1,4.0,856.36756,854.5656912306275
G02_R0576,G02,LOGO,holdout_G02,G02,250,50,1e-06,0.7,0.3,0.1,4.0,1812.05261,1809.0249923566091
G02_R0577,G02,LOGO,holdout_G02,G02,500,3,0.001,0.85,0.1,0.1,4.0,111.502121,110.68140203592458
G02_R0578,G02,LOGO,holdout_G02,G02,500,3,0.001,0.85,0.2,0.1,4.0,164.665982,164.75302737295394
G02_R0579,G02,LOGO,holdout_G02,G02,500,3,0.001,0.85,0.3,0.1,4.0,244.34431,246.04304190724244
G02_R0580,G02,LOGO,holdout_G02,G02,500,3,0.001,0.8,0.1,0.1,4.0,112.267632,111.25114138982548
G02_R0581,G02,LOGO,holdout_G02,G02,500,3,0.001,0.8,0.2,0.1,4.0,166.161144,165.92365954300078
G02_R0582,G02,LOGO,holdout_G02,G02,500,3,0.001,0.8,0.3,0.1,4.0,247.06893,248.0954462801009
G02_R0583,G02,LOGO,holdout_G02,G02,500,3,0.001,0.75,0.1,0.1,4.0,113.082806,112.2354673102166
G02_R0584,G02,LOGO,holdout_G02,G02,500,3,0.001,0.75,0.2,0.1,4.0,167.775959,167.88442576616194
G02_R0585,G02,LOGO,holdout_G02,G02,500,3,0.001,0.75,0.3,0.1,4.0,250.05325,251.83028643142052
G02_R0586,G02,LOGO,holdout_G02,G02,500,3,0.001,0.7,0.1,0.1,4.0,113.957727,112.87422459218288
G02_R0587,G02,LOGO,holdout_G02,G02,500,3,0.001,0.7,0.2,0.1,4.0,169.54039,169.15322583065873
G02_R0588,G02,LOGO,holdout_G02,G02,500,3,0.001,0.7,0.3,0.1,4.0,253.33725,254.28442913766932
G02_R0589,G02,LOGO,holdout_G02,G02,500,3,0.0001,0.85,0.1,0.1,4.0,136.42487300000002,135.17383765702715
G02_R0590,G02,LOGO,holdout_G02,G02,500,3,0.0001,0.85,0.2,0.1,4.0,216.8412,215.30164817450245
G02_R0591,G02,LOGO,holdout_G02,G02,500,3,0.0001,0.85,0.3,0.1,4.0,343.16717,341.47540442018123
G02_R0592,G02,LOGO,holdout_G02,G02,500,3,0.0001,0.8,0.1,0.1,4.0,137.062055,135.66813922693393
G02_R0593,G02,LOGO,holdout_G02,G02,500,3,0.0001,0.8,0.2,0.1,4.0,218.5781,216.62471747283507
G02_R0594,G02,LOGO,holdout_G02,G02,500,3,0.0001,0.8,0.3,0.1,4.0,346.68384,344.2156073097636
G02_R0595,G02,LOGO,holdout_G02,G02,500,3,0.0001,0.75,0.1,0.1,4.0,137.74897,136.4836818007733
G02_R0596,G02,LOGO,holdout_G02,G02,500,3,0.0001,0.75,0.2,0.1,4.0,220.50471,218.9580686882832
G02_R0597,G02,LOGO,holdout_G02,G02,500,3,0.0001,0.75,0.3,0.1,4.0,350.65023,349.0568546303462
G02_R0598,G02,LOGO,holdout_G02,G02,500,3,0.0001,0.7,0.1,0.1,4.0,138.50558,137.04640240390742
G02_R0599,G02,LOGO,holdout_G02,G02,500,3,0.0001,0.7,0.2,0.1,4.0,222.69099,220.549006956736
G02_R0600,G02,LOGO,holdout_G02,G02,500,3,0.0001,0.7,0.3,0.1,4.0,355.18631000000005,352.35595568659375
G02_R0601,G02,LOGO,holdout_G02,G02,500,3,1e-05,0.85,0.1,0.1,4.0,196.46441,195.19806875603703
G02_R0602,G02,LOGO,holdout_G02,G02,500,3,1e-05,0.85,0.2,0.1,4.0,402.03798,400.5238470475844
G02_R0603,G02,LOGO,holdout_G02,G02,500,3,1e-05,0.85,0.3,0.1,4.0,725.2446,723.3220817015675
G02_R0604,G02,LOGO,holdout_G02,G02,500,3,1e-05,0.8,0.1,0.1,4.0,198.04323,196.42492104041705
G02_R0605,G02,LOGO,holdout_G02,G02,500,3,1e-05,0.8,0.2,0.1,4.0,406.70653,404.2521066821618
G02_R0606,G02,LOGO,holdout_G02,G02,500,3,1e-05,0.8,0.3,0.1,4.0,734.77295,730.4736521581704
G02_R0607,G02,LOGO,holdout_G02,G02,500,3,1e-05,0.75,0.1,0.1,4.0,199.74195,198.472011867044
G02_R0608,G02,LOGO,holdout_G02,G02,500,3,1e-05,0.75,0.2,0.1,4.0,411.89493,410.4654363336091
G02_R0609,G02,LOGO,holdout_G02,G02,500,3,1e-05,0.75,0.3,0.1,4.0,745.40116,743.4259823713074
G02_R0610,G02,LOGO,holdout_G02,G02,500,3,1e-05,0.7,0.1,0.1,4.0,201.46053,199.7479626020647
G02_R0611,G02,LOGO,holdout_G02,G02,500,3,1e-05,0.7,0.2,0.1,4.0,417.67317,414.6891529722593
G02_R0612,G02,LOGO,holdout_G02,G02,500,3,1e-05,0.7,0.3,0.1,4.0,757.56923,752.5697086567303
G02_R0613,G02,LOGO,holdout_G02,G02,500,3,1e-06,0.85,0.1,0.1,4.0,584.51482,583.4119862840116
G02_R0614,G02,LOGO,holdout_G02,G02,500,3,1e-06,0.85,0.2,0.1,4.0,1801.76112,1800.456646581818
G02_R0615,G02,LOGO,holdout_G02,G02,500,3,1e-06,0.85,0.3,0.1,4.0,3780.4106,3778.0061268324057
G02_R0616,G02,LOGO,holdout_G02,G02,500,3,1e-06,0.8,0.1,0.1,4.0,589.45434,587.0969953546019
G02_R0617,G02,LOGO,holdout_G02,G02,500,3,1e-06,0.8,0.2,0.1,4.0,1816.56051,1812.6878316456705
G02_R0618,G02,LOGO,holdout_G02,G02,500,3,1e-06,0.8,0.3,0.1,4.0,3810.10988,3801.900609454248
G02_R0619,G02,LOGO,holdout_G02,G02,500,3,1e-06,0.75,0.1,0.1,4.0,595.28382,594.0221135810647
G02_R0620,G02,LOGO,holdout_G02,G02,500,3,1e-06,0.75,0.2,0.1,4.0,1833.65986,1830.77955432
G02_R0621,G02,LOGO,holdout_G02,G02,500,3,1e-06,0.75,0.3,0.1,4.0,3844.50911,3835.89611163921
G02_R0622,G02,LOGO,holdout_G02,G02,500,3,1e-06,0.7,0.1,0.1,4.0,601.52327,598.7522848816208
G02_R0623,G02,LOGO,holdout_G02,G02,500,3,1e-06,0.7,0.2,0.1,4.0,1852.45917,1847.424151889194
G02_R0624,G02,LOGO,holdout_G02,G02,500,3,1e-06,0.7,0.3,0.1,4.0,3883.10828,3874.646999405944
G02_R0625,G02,LOGO,holdout_G02,G02,500,6,0.001,0.85,0.1,0.1,4.0,111.502121,110.68159633611212
G02_R0626,G02,LOGO,holdout_G02,G02,500,6,0.001,0.85,0.2,0.1,4.0,164.665982,164.753189405829
G02_R0627,G02,LOGO,holdout_G02,G02,500,6,0.001,0.85,0.3,0.1,4.0,244.34431,246.05576157390925
G02_R0628,G02,LOGO,holdout_G02,G02,500,6,0.001,0.8,0.1,0.1,4.0,112.267632,111.250530270013
G02_R0629,G02,LOGO,holdout_G02,G02,500,6,0.001,0.8,0.2,0.1,4.0,166.161144,165.92382157587585
G02_R0630,G02,LOGO,holdout_G02,G02,500,6,0.001,0.8,0.3,0.1,4.0,247.06893,248.1106519417677
G02_R0631,G02,LOGO,holdout_G02,G02,500,6,0.001,0.75,0.1,0.1,4.0,113.082806,112.2322495589041
G02_R0632,G02,LOGO,holdout_G02,G02,500,6,0.001,0.75,0.2,0.1,4.0,167.775959,167.88673027491194
G02_R0633,G02,LOGO,holdout_G02,G02,500,6,0.001,0.75,0.3,0.1,4.0,250.05325,251.8400232451707
G02_R0634,G02,LOGO,holdout_G02,G02,500,6,0.001,0.7,0.1,0.1,4.0,113.957727,112.87117463837038
G02_R0635,G02,LOGO,holdout_G02,G02,500,6,0.001,0.7,0.2,0.1,4.0,169.54039,169.15452703940875
G02_R0636,G02,LOGO,holdout_G02,G02,500,6,0.001,0.7,0.3,0.1,4.0,253.33725,254.2941659514195
G02_R0637,G02,LOGO,holdout_G02,G02,500,6,0.0001,0.85,0.1,0.1,4.0,136.42487300000002,135.17356684423544
G02_R0638,G02,LOGO,holdout_G02,G02,500,6,0.0001,0.85,0.2,0.1,4.0,216.8412,215.30082031825236
G02_R0639,G02,LOGO,holdout_G02,G02,500,6,0.0001,0.85,0.3,0.1,4.0,343.16717,341.4756349089312
G02_R0640,G02,LOGO,holdout_G02,G02,500,6,0.0001,0.8,0.1,0.1,4.0,137.062055,135.66786841414222
G02_R0641,G02,LOGO,holdout_G02,G02,500,6,0.0001,0.8,0.2,0.1,4.0,218.5781,216.62388961658496
G02_R0642,G02,LOGO,holdout_G02,G02,500,6,0.0001,0.8,0.3,0.1,4.0,346.68384,344.2158377985136
G02_R0643,G02,LOGO,holdout_G02,G02,500,6,0.0001,0.75,0.1,0.1,4.0,137.74897,136.48257204868992
G02_R0644,G02,LOGO,holdout_G02,G02,500,6,0.0001,0.75,0.2,0.1,4.0,220.50471,218.9511880586998
G02_R0645,G02,LOGO,holdout_G02,G02,500,6,0.0001,0.75,0.3,0.1,4.0,350.65023,349.0606079878464
G02_R0646,G02,LOGO,holdout_G02,G02,500,6,0.0001,0.7,0.1,0.1,4.0,138.50558,137.04572207057404
G02_R0647,G02,LOGO,holdout_G02,G02,500,6,0.0001,0.7,0.2,0.1,4.0,222.69099,220.54212632715263
G02_R0648,G02,LOGO,holdout_G02,G02,500,6,0.0001,0.7,0.3,0.1,4.0,355.18631000000005,352.362183625344
G02_R0649,G02,LOGO,holdout_G02,G02,500,6,1e-05,0.85,0.1,0.1,4.0,196.46441,195.1926551164537
G02_R0650,G02,LOGO,holdout_G02,G02,500,6,1e-05,0.85,0.2,0.1,4.0,402.03798,400.535976354013
G02_R0651,G02,LOGO,holdout_G02,G02,500,6,1e-05,0.85,0.3,0.1,4.0,725.2446,723.2840130063591
G02_R0652,G02,LOGO,holdout_G02,G02,500,6,1e-05,0.8,0.1,0.1,4.0,198.04323,196.41807516750035
G02_R0653,G02,LOGO,holdout_G02,G02,500,6,1e-05,0.8,0.2,0.1,4.0,406.70653,404.2544965618543
G02_R0654,G02,LOGO,holdout_G02,G02,500,6,1e-05,0.8,0.3,0.1,4.0,734.77295,730.4355834629616
G02_R0655,G02,LOGO,holdout_G02,G02,500,6,1e-05,0.75,0.1,0.1,4.0,199.74195,198.4629392962107
G02_R0656,G02,LOGO,holdout_G02,G02,500,6,1e-05,0.75,0.2,0.1,4.0,411.89493,410.46187714050393
G02_R0657,G02,LOGO,holdout_G02,G02,500,6,1e-05,0.75,0.3,0.1,4.0,745.40116,743.4228529288074
G02_R0658,G02,LOGO,holdout_G02,G02,500,6,1e-05,0.7,0.1,0.1,4.0,201.46053,199.7388900312314
G02_R0659,G02,LOGO,holdout_G02,G02,500,6,1e-05,0.7,0.2,0.1,4.0,417.67317,414.68559377915415
G02_R0660,G02,LOGO,holdout_G02,G02,500,6,1e-05,0.7,0.3,0.1,4.0,757.56923,752.5778208500634
G02_R0661,G02,LOGO,holdout_G02,G02,500,6,1e-06,0.85,0.1,0.1,4.0,584.51482,583.4046090423449
G02_R0662,G02,LOGO,holdout_G02,G02,500,6,1e-06,0.85,0.2,0.1,4.0,1801.76112,1800.3986174630686
G02_R0663,G02,LOGO,holdout_G02,G02,500,6,1e-06,0.85,0.3,0.1,4.0,3780.4106,3778.033929774457
G02_R0664,G02,LOGO,holdout_G02,G02,500,6,1e-06,0.8,0.1,0.1,4.0,589.45434,587.0922293629351
G02_R0665,G02,LOGO,holdout_G02,G02,500,6,1e-06,0.8,0.2,0.1,4.0,1816.56051,1812.5799292769204
G02_R0666,G02,LOGO,holdout_G02,G02,500,6,1e-06,0.8,0.3,0.1,4.0,3810.10988,3802.105758754633
G02_R0667,G02,LOGO,holdout_G02,G02,500,6,1e-06,0.75,0.1,0.1,4.0,595.28382,594.0318409696064
G02_R0668,G02,LOGO,holdout_G02,G02,500,6,1e-06,0.75,0.2,0.1,4.0,1833.65986,1830.563888901249
G02_R0669,G02,LOGO,holdout_G02,G02,500,6,1e-06,0.75,0.3,0.1,4.0,3844.50911,3836.031988048583
G02_R0670,G02,LOGO,holdout_G02,G02,500,6,1e-06,0.7,0.1,0.1,4.0,601.52327,598.7730834493292
G02_R0671,G02,LOGO,holdout_G02,G02,500,6,1e-06,0.7,0.2,0.1,4.0,1852.45917,1847.3003575798189
G02_R0672,G02,LOGO,holdout_G02,G02,500,6,1e-06,0.7,0.3,0.1,4.0,3883.10828,3874.52694727886
G02_R0673,G02,LOGO,holdout_G02,G02,500,20,0.001,0.85,0.1,0.1,4.0,111.502121,110.68632269154068
G02_R0674,G02,LOGO,holdout_G02,G02,500,20,0.001,0.85,0.2,0.1,4.0,164.66598100000002,164.75767099607302
G02_R0675,G02,LOGO,holdout_G02,G02,500,20,0.001,0.85,0.3,0.1,4.0,244.34431,246.07496044557575
G02_R0676,G02,LOGO,holdout_G02,G02,500,20,0.001,0.8,0.1,0.1,4.0,112.267632,111.25618748015
G02_R0677,G02,LOGO,holdout_G02,G02,500,20,0.001,0.8,0.2,0.1,4.0,166.161144,165.92513118486983
G02_R0678,G02,LOGO,holdout_G02,G02,500,20,0.001,0.8,0.3,0.1,4.0,247.06893,248.13249231343423
G02_R0679,G02,LOGO,holdout_G02,G02,500,20,0.001,0.75,0.1,0.1,4.0,113.082806,112.23760193286532
G02_R0680,G02,LOGO,holdout_G02,G02,500,20,0.001,0.75,0.2,0.1,4.0,167.775959,167.88458210705474
G02_R0681,G02,LOGO,holdout_G02,G02,500,20,0.001,0.75,0.3,0.1,4.0,250.05325,251.8476262047756
G02_R0682,G02,LOGO,holdout_G02,G02,500,20,0.001,0.7,0.1,0.1,4.0,113.957727,112.8758498554807
G02_R0683,G02,LOGO,holdout_G02,G02,500,20,0.001,0.7,0.2,0.1,4.0,169.54039,169.15278019155153
G02_R0684,G02,LOGO,holdout_G02,G02,500,20,0.001,0.7,0.3,0.1,4.0,253.33725,254.3017689110244
G02_R0685,G02,LOGO,holdout_G02,G02,500,20,0.0001,0.85,0.1,0.1,4.0,136.42487300000002,135.17971484703168
G02_R0686,G02,LOGO,holdout_G02,G02,500,20,0.0001,0.85,0.2,0.1,4.0,216.8412,215.29981634077228
G02_R0687,G02,LOGO,holdout_G02,G02,500,20,0.0001,0.85,0.3,0.1,4.0,343.16717,341.4965951614312
G02_R0688,G02,LOGO,holdout_G02,G02,500,20,0.0001,0.8,0.1,0.1,4.0,137.062055,135.67385956362585
G02_R0689,G02,LOGO,holdout_G02,G02,500,20,0.0001,0.8,0.2,0.1,4.0,218.5781,216.6288101641049
G02_R0690,G02,LOGO,holdout_G02,G02,500,20,0.0001,0.8,0.3,0.1,4.0,346.68384,344.23237357913854
G02_R0691,G02,LOGO,holdout_G02,G02,500,20,0.0001,0.75,0.1,0.1,4.0,137.74897,136.48657790443397
G02_R0692,G02,LOGO,holdout_G02,G02,500,20,0.0001,0.75,0.2,0.1,4.0,220.50471,218.96529881675545
G02_R0693,G02,LOGO,holdout_G02,G02,500,20,0.0001,0.75,0.3,0.1,4.0,350.65023,349.0575091915221
G02_R0694,G02,LOGO,holdout_G02,G02,500,20,0.0001,0.7,0.1,0.1,4.0,138.50558,137.05071063840174
G02_R0695,G02,LOGO,holdout_G02,G02,500,20,0.0001,0.7,0.2,0.1,4.0,222.69099,220.55744176020823
G02_R0696,G02,LOGO,holdout_G02,G02,500,20,0.0001,0.7,0.3,0.1,4.0,355.18631000000005,352.35194236651955
G02_R0697,G02,LOGO,holdout_G02,G02,500,20,1e-05,0.85,0.1,0.1,4.0,196.46441,195.193870047148
G02_R0698,G02,LOGO,holdout_G02,G02,500,20,1e-05,0.85,0.2,0.1,4.0,402.03798,400.52691525859626
G02_R0699,G02,LOGO,holdout_G02,G02,500,20,1e-05,0.85,0.3,0.1,4.0,725.2446,723.2503474326688
G02_R0700,G02,LOGO,holdout_G02,G02,500,20,1e-05,0.8,0.1,0.1,4.0,198.04323,196.418015481528
G02_R0701,G02,LOGO,holdout_G02,G02,500,20,1e-05,0.8,0.2,0.1,4.0,406.78652,404.26279190518784
G02_R0702,G02,LOGO,holdout_G02,G02,500,20,1e-05,0.8,0.3,0.1,4.0,734.77295,730.3952751330216
G02_R0703,G02,LOGO,holdout_G02,G02,500,20,1e-05,0.75,0.1,0.1,4.0,199.74195,198.47978342640872
G02_R0704,G02,LOGO,holdout_G02,G02,500,20,1e-05,0.75,0.2,0.1,4.0,411.89493,410.45422789428426
G02_R0705,G02,LOGO,holdout_G02,G02,500,20,1e-05,0.75,0.3,0.1,4.0,745.40116,743.4443474055633
G02_R0706,G02,LOGO,holdout_G02,G02,500,20,1e-05,0.7,0.1,0.1,4.0,201.46053,199.75289098553668
G02_R0707,G02,LOGO,holdout_G02,G02,500,20,1e-05,0.7,0.2,0.1,4.0,417.67317,414.68449273591176
G02_R0708,G02,LOGO,holdout_G02,G02,500,20,1e-05,0.7,0.3,0.1,4.0,757.56923,752.5993153268194
G02_R0709,G02,LOGO,holdout_G02,G02,500,20,1e-06,0.85,0.1,0.1,4.0,584.51482,583.3689586847898
G02_R0710,G02,LOGO,holdout_G02,G02,500,20,1e-06,0.85,0.2,0.1,4.0,1801.76112,1800.3316817845418
G02_R0711,G02,LOGO,holdout_G02,G02,500,20,1e-06,0.85,0.3,0.1,4.0,3780.4106,3778.045983816075
G02_R0712,G02,LOGO,holdout_G02,G02,500,20,1e-06,0.8,0.1,0.1,4.0,589.45434,587.0583553573139
G02_R0713,G02,LOGO,holdout_G02,G02,500,20,1e-06,0.8,0.2,0.1,4.0,1816.56051,1812.4105004338096
G02_R0714,G02,LOGO,holdout_G02,G02,500,20,1e-06,0.8,0.3,0.1,4.0,3810.10988,3802.2164829158337
G02_R0715,G02,LOGO,holdout_G02,G02,500,20,1e-06,0.75,0.1,0.1,4.0,595.28382,594.0059200099317
G02_R0716,G02,LOGO,holdout_G02,G02,500,20,1e-06,0.75,0.2,0.1,4.0,1833.65986,1830.437621849092
G02_R0717,G02,LOGO,holdout_G02,G02,500,20,1e-06,0.75,0.3,0.1,4.0,3844.50911,3836.022440300461
G02_R0718,G02,LOGO,holdout_G02,G02,500,20,1e-06,0.7,0.1,0.1,4.0,601.52327,598.7543773188232
G02_R0719,G02,LOGO,holdout_G02,G02,500,20,1e-06,0.7,0.2,0.1,4.0,1852.45917,1847.345866770832
G02_R0720,G02,LOGO,holdout_G02,G02,500,20,1e-06,0.7,0.3,0.1,4.0,3883.10828,3874.417459438414
G02_R0721,G02,LOGO,holdout_G02,G02,500,50,0.001,0.85,0.1,0.1,4.0,111.502121,110.68525950487404
G02_R0722,G02,LOGO,holdout_G02,G02,500,50,0.001,0.85,0.2,0.1,4.0,164.66598100000002,164.75710184619803
G02_R0723,G02,LOGO,holdout_G02,G02,500,50,0.001,0.85,0.3,0.1,4.0,244.34431,246.0706820122424
G02_R0724,G02,LOGO,holdout_G02,G02,500,50,0.001,0.8,0.1,0.1,4.0,112.267632,111.25512429348332
G02_R0725,G02,LOGO,holdout_G02,G02,500,50,0.001,0.8,0.2,0.1,4.0,166.161144,165.9245620349949
G02_R0726,G02,LOGO,holdout_G02,G02,500,50,0.001,0.8,0.3,0.1,4.0,247.06893,248.1261422176009
G02_R0727,G02,LOGO,holdout_G02,G02,500,50,0.001,0.75,0.1,0.1,4.0,113.082805,112.23399296257364
G02_R0728,G02,LOGO,holdout_G02,G02,500,50,0.001,0.75,0.2,0.1,4.0,167.775959,167.88595603517976
G02_R0729,G02,LOGO,holdout_G02,G02,500,50,0.001,0.75,0.3,0.1,4.0,250.05325,251.84520926519207
G02_R0730,G02,LOGO,holdout_G02,G02,500,50,0.001,0.7,0.1,0.1,4.0,113.957726,112.8721569962307
G02_R0731,G02,LOGO,holdout_G02,G02,500,50,0.001,0.7,0.2,0.1,4.0,169.54039,169.15444284717654
G02_R0732,G02,LOGO,holdout_G02,G02,500,50,0.001,0.7,0.3,0.1,4.0,253.33725,254.29935197144096
G02_R0733,G02,LOGO,holdout_G02,G02,500,50,0.0001,0.85,0.1,0.1,4.0,136.434869,135.1758186653234
G02_R0734,G02,LOGO,holdout_G02,G02,500,50,0.0001,0.85,0.2,0.1,4.0,216.8412,215.30024715014733
G02_R0735,G02,LOGO,holdout_G02,G02,500,50,0.0001,0.85,0.3,0.1,4.0,343.16717,341.4755394814312
G02_R0736,G02,LOGO,holdout_G02,G02,500,50,0.0001,0.8,0.1,0.1,4.0,137.062055,135.6699633819176
G02_R0737,G02,LOGO,holdout_G02,G02,500,50,0.0001,0.8,0.2,0.1,4.0,218.58809,216.6285574672299
G02_R0738,G02,LOGO,holdout_G02,G02,500,50,0.0001,0.8,0.3,0.1,4.0,346.68384,344.2113178991385
G02_R0739,G02,LOGO,holdout_G02,G02,500,50,0.0001,0.75,0.1,0.1,4.0,137.74897,136.48922241901738
G02_R0740,G02,LOGO,holdout_G02,G02,500,50,0.0001,0.75,0.2,0.1,4.0,220.50471,218.9778952625888
G02_R0741,G02,LOGO,holdout_G02,G02,500,50,0.0001,0.75,0.3,0.1,4.0,350.65023,349.0638314929802
G02_R0742,G02,LOGO,holdout_G02,G02,500,50,0.0001,0.7,0.1,0.1,4.0,138.50558,137.05378457173515
G02_R0743,G02,LOGO,holdout_G02,G02,500,50,0.0001,0.7,0.2,0.1,4.0,222.69099,220.56883353104163
G02_R0744,G02,LOGO,holdout_G02,G02,500,50,0.0001,0.7,0.3,0.1,4.0,355.18631000000005,352.35826466797783
G02_R0745,G02,LOGO,holdout_G02,G02,500,50,1e-05,0.85,0.1,0.1,4.0,196.51441,195.1879797056302
G02_R0746,G02,LOGO,holdout_G02,G02,500,50,1e-05,0.85,0.2,0.1,4.0,402.03798,400.51720279442975
G02_R0747,G02,LOGO,holdout_G02,G02,500,50,1e-05,0.85,0.3,0.1,4.0,725.2446,723.2565753195438
G02_R0748,G02,LOGO,holdout_G02,G02,500,50,1e-05,0.8,0.1,0.1,4.0,198.06323,196.4126716400102
G02_R0749,G02,LOGO,holdout_G02,G02,500,50,1e-05,0.8,0.2,0.1,4.0,406.82652,404.25307944102127
G02_R0750,G02,LOGO,holdout_G02,G02,500,50,1e-05,0.8,0.3,0.1,4.0,734.77295,730.3807626823971
G02_R0751,G02,LOGO,holdout_G02,G02,500,50,1e-05,0.75,0.1,0.1,4.0,199.77195,198.4635979909324
G02_R0752,G02,LOGO,holdout_G02,G02,500,50,1e-05,0.75,0.2,0.1,4.0,411.94493,410.4550646676177
G02_R0753,G02,LOGO,holdout_G02,G02,500,50,1e-05,0.75,0.3,0.1,4.0,745.40116,743.5090430453549
G02_R0754,G02,LOGO,holdout_G02,G02,500,50,1e-05,0.7,0.1,0.1,4.0,201.50053,199.74227897803652
G02_R0755,G02,LOGO,holdout_G02,G02,500,50,1e-05,0.7,0.2,0.1,4.0,417.7131700000001,414.6853295092452
G02_R0756,G02,LOGO,holdout_G02,G02,500,50,1e-05,0.7,0.3,0.1,4.0,757.56923,752.6766152916111
G02_R0757,G02,LOGO,holdout_G02,G02,500,50,1e-06,0.85,0.1,0.1,4.0,584.52482,583.3627236322901
G02_R0758,G02,LOGO,holdout_G02,G02,500,50,1e-06,0.85,0.2,0.1,4.0,1801.76112,1800.3596616695418
G02_R0759,G02,LOGO,holdout_G02,G02,500,50,1e-06,0.85,0.3,0.1,4.0,3780.4106,3778.136062344304
G02_R0760,G02,LOGO,holdout_G02,G02,500,50,1e-06,0.8,0.1,0.1,4.0,589.46434,587.037386523564
G02_R0761,G02,LOGO,holdout_G02,G02,500,50,1e-06,0.8,0.2,0.1,4.0,1816.56051,1812.394307927143
G02_R0762,G02,LOGO,holdout_G02,G02,500,50,1e-06,0.8,0.3,0.1,4.0,3810.10988,3802.25774719692
G02_R0763,G02,LOGO,holdout_G02,G02,500,50,1e-06,0.75,0.1,0.1,4.0,595.30382,594.005365348503
G02_R0764,G02,LOGO,holdout_G02,G02,500,50,1e-06,0.75,0.2,0.1,4.0,1833.65986,1830.607919547901
G02_R0765,G02,LOGO,holdout_G02,G02,500,50,1e-06,0.75,0.3,0.1,4.0,3844.50911,3836.163220415462
G02_R0766,G02,LOGO,holdout_G02,G02,500,50,1e-06,0.7,0.1,0.1,4.0,601.54327,598.7741916073944
G02_R0767,G02,LOGO,holdout_G02,G02,500,50,1e-06,0.7,0.2,0.1,4.0,1852.45917,1847.4474168311
G02_R0768,G02,LOGO,holdout_G02,G02,500,50,1e-06,0.7,0.3,0.1,4.0,3883.10828,3874.292191733415
G03_R0001,G03,LOGO,holdout_G03,G03,25,3,0.001,0.85,0.1,0.1,5.0,3.6378386,3.6486707365788185
G03_R0002,G03,LOGO,holdout_G03,G03,25,3,0.001,0.85,0.2,0.1,5.0,5.1213678,5.138712947207603
G03_R0003,G03,LOGO,holdout_G03,G03,25,3,0.001,0.85,0.3,0.1,5.0,7.335414099999999,7.362417931352132
G03_R0004,G03,LOGO,holdout_G03,G03,25,3,0.001,0.8,0.1,0.1,5.0,3.6500287,3.658400446445503
G03_R0005,G03,LOGO,holdout_G03,G03,25,3,0.001,0.8,0.2,0.1,5.0,5.1449592,5.157083620707506
G03_R0006,G03,LOGO,holdout_G03,G03,25,3,0.001,0.8,0.3,0.1,5.0,7.3738426,7.392841325548593
G03_R0007,G03,LOGO,holdout_G03,G03,25,3,0.001,0.75,0.1,0.1,5.0,3.662894,3.673887269215903
G03_R0008,G03,LOGO,holdout_G03,G03,25,3,0.001,0.75,0.2,0.1,5.0,5.1698109,5.187266237813053
G03_R0009,G03,LOGO,holdout_G03,G03,25,3,0.001,0.75,0.3,0.1,5.0,7.4147238,7.442132434306314
G03_R0010,G03,LOGO,holdout_G03,G03,25,3,0.001,0.7,0.1,0.1,5.0,3.6763313,3.6841189132694137
G03_R0011,G03,LOGO,holdout_G03,G03,25,3,0.001,0.7,0.2,0.1,5.0,5.1961174,5.20652393568817
G03_R0012,G03,LOGO,holdout_G03,G03,25,3,0.001,0.7,0.3,0.1,5.0,7.458351,7.475323686508542
G03_R0013,G03,LOGO,holdout_G03,G03,25,3,0.0001,0.85,0.1,0.1,5.0,4.579352,4.593415240317768
G03_R0014,G03,LOGO,holdout_G03,G03,25,3,0.0001,0.85,0.2,0.1,5.0,6.9865268,7.008052230744807
G03_R0015,G03,LOGO,holdout_G03,G03,25,3,0.0001,0.85,0.3,0.1,5.0,10.846987,10.884582588834505
G03_R0016,G03,LOGO,holdout_G03,G03,25,3,0.0001,0.8,0.1,0.1,5.0,4.589120599999999,4.6010160136114
G03_R0017,G03,LOGO,holdout_G03,G03,25,3,0.0001,0.8,0.2,0.1,5.0,7.0045505,7.021984827286542
G03_R0018,G03,LOGO,holdout_G03,G03,25,3,0.0001,0.8,0.3,0.1,5.0,10.877645,10.908007313834569
G03_R0019,G03,LOGO,holdout_G03,G03,25,3,0.0001,0.75,0.1,0.1,5.0,4.5994654,4.613611353606284
G03_R0020,G03,LOGO,holdout_G03,G03,25,3,0.0001,0.75,0.2,0.1,5.0,7.0239448,7.045941623967277
G03_R0021,G03,LOGO,holdout_G03,G03,25,3,0.0001,0.75,0.3,0.1,5.0,10.911267,10.95025262871277
G03_R0022,G03,LOGO,holdout_G03,G03,25,3,0.0001,0.7,0.1,0.1,5.0,4.6104826,4.621674471002049
G03_R0023,G03,LOGO,holdout_G03,G03,25,3,0.0001,0.7,0.2,0.1,5.0,7.0450047,7.06127324249232
G03_R0024,G03,LOGO,holdout_G03,G03,25,3,0.0001,0.7,0.3,0.1,5.0,10.948847,10.977333446337612
G03_R0025,G03,LOGO,holdout_G03,G03,25,3,1e-05,0.85,0.1,0.1,5.0,6.855265,6.870654376437485
G03_R0026,G03,LOGO,holdout_G03,G03,25,3,1e-05,0.85,0.2,0.1,5.0,14.364125,14.391357448431432
G03_R0027,G03,LOGO,holdout_G03,G03,25,3,1e-05,0.85,0.3,0.1,5.0,26.454431,26.51291960004032
G03_R0028,G03,LOGO,holdout_G03,G03,25,3,1e-05,0.8,0.1,0.1,5.0,6.866778,6.879286711437469
G03_R0029,G03,LOGO,holdout_G03,G03,25,3,1e-05,0.8,0.2,0.1,5.0,14.390005,14.41087040443143
G03_R0030,G03,LOGO,holdout_G03,G03,25,3,1e-05,0.8,0.3,0.1,5.0,26.501281,26.548292637975106
G03_R0031,G03,LOGO,holdout_G03,G03,25,3,1e-05,0.75,0.1,0.1,5.0,6.879683,6.895301672445044
G03_R0032,G03,LOGO,holdout_G03,G03,25,3,1e-05,0.75,0.2,0.1,5.0,14.418874,14.447130099578796
G03_R0033,G03,LOGO,holdout_G03,G03,25,3,1e-05,0.75,0.3,0.1,5.0,26.554117,26.612715936205067
G03_R0034,G03,LOGO,holdout_G03,G03,25,3,1e-05,0.7,0.1,0.1,5.0,6.894078,6.905874633695202
G03_R0035,G03,LOGO,holdout_G03,G03,25,3,1e-05,0.7,0.2,0.1,5.0,14.45173,14.47133892405811
G03_R0036,G03,LOGO,holdout_G03,G03,25,3,1e-05,0.7,0.3,0.1,5.0,26.613936,26.656457117455545
G03_R0037,G03,LOGO,holdout_G03,G03,25,3,1e-06,0.85,0.1,0.1,5.0,24.692514,24.724684492187347
G03_R0038,G03,LOGO,holdout_G03,G03,25,3,1e-06,0.85,0.2,0.1,5.0,79.401471,79.45220607979121
G03_R0039,G03,LOGO,holdout_G03,G03,25,3,1e-06,0.85,0.3,0.1,5.0,169.271158,169.37417312494566
G03_R0040,G03,LOGO,holdout_G03,G03,25,3,1e-06,0.8,0.1,0.1,5.0,24.743481,24.76214807812478
G03_R0041,G03,LOGO,holdout_G03,G03,25,3,1e-06,0.8,0.2,0.1,5.0,79.502428,79.52994048663743
G03_R0042,G03,LOGO,holdout_G03,G03,25,3,1e-06,0.8,0.3,0.1,5.0,169.44110500000002,169.50499409244324
G03_R0043,G03,LOGO,holdout_G03,G03,25,3,1e-06,0.75,0.1,0.1,5.0,24.798445,24.83037465818787
G03_R0044,G03,LOGO,holdout_G03,G03,25,3,1e-06,0.75,0.2,0.1,5.0,79.615382,79.6693350403862
G03_R0045,G03,LOGO,holdout_G03,G03,25,3,1e-06,0.75,0.3,0.1,5.0,169.631047,169.7347723254465
G03_R0046,G03,LOGO,holdout_G03,G03,25,3,1e-06,0.7,0.1,0.1,5.0,24.858406,24.873499209229127
G03_R0047,G03,LOGO,holdout_G03,G03,25,3,1e-06,0.7,0.2,0.1,5.0,79.741332,79.760404488809
G03_R0048,G03,LOGO,holdout_G03,G03,25,3,1e-06,0.7,0.3,0.1,5.0,169.84098600000002,169.89125723907316
G03_R0049,G03,LOGO,holdout_G03,G03,25,6,0.001,0.85,0.1,0.1,5.0,3.6378386,3.648657168247568
G03_R0050,G03,LOGO,holdout_G03,G03,25,6,0.001,0.85,0.2,0.1,5.0,5.1213678,5.138668501874269
G03_R0051,G03,LOGO,holdout_G03,G03,25,6,0.001,0.85,0.3,0.1,5.0,7.335414099999999,7.3625262907896305
G03_R0052,G03,LOGO,holdout_G03,G03,25,6,0.001,0.8,0.1,0.1,5.0,3.6500287,3.658386878114252
G03_R0053,G03,LOGO,holdout_G03,G03,25,6,0.001,0.8,0.2,0.1,5.0,5.1449592,5.157079789374173
G03_R0054,G03,LOGO,holdout_G03,G03,25,6,0.001,0.8,0.3,0.1,5.0,7.3738426,7.392949684986092
G03_R0055,G03,LOGO,holdout_G03,G03,25,6,0.001,0.75,0.1,0.1,5.0,3.662894,3.673910955815903
G03_R0056,G03,LOGO,holdout_G03,G03,25,6,0.001,0.75,0.2,0.1,5.0,5.1698109,5.187280216213057
G03_R0057,G03,LOGO,holdout_G03,G03,25,6,0.001,0.75,0.3,0.1,5.0,7.4147238,7.442358871739645
G03_R0058,G03,LOGO,holdout_G03,G03,25,6,0.001,0.7,0.1,0.1,5.0,3.6763313,3.684142599869414
G03_R0059,G03,LOGO,holdout_G03,G03,25,6,0.001,0.7,0.2,0.1,5.0,5.1961174,5.206537914088174
G03_R0060,G03,LOGO,holdout_G03,G03,25,6,0.001,0.7,0.3,0.1,5.0,7.458351,7.475550123941873
G03_R0061,G03,LOGO,holdout_G03,G03,25,6,0.0001,0.85,0.1,0.1,5.0,4.579352,4.593375910890684
G03_R0062,G03,LOGO,holdout_G03,G03,25,6,0.0001,0.85,0.2,0.1,5.0,6.9865268,7.008103926838557
G03_R0063,G03,LOGO,holdout_G03,G03,25,6,0.0001,0.85,0.3,0.1,5.0,10.846987,10.88457556350117
G03_R0064,G03,LOGO,holdout_G03,G03,25,6,0.0001,0.8,0.1,0.1,5.0,4.589120599999999,4.600958564975984
G03_R0065,G03,LOGO,holdout_G03,G03,25,6,0.0001,0.8,0.2,0.1,5.0,7.0045505,7.022036523380291
G03_R0066,G03,LOGO,holdout_G03,G03,25,6,0.0001,0.8,0.3,0.1,5.0,10.877645,10.908000288501231
G03_R0067,G03,LOGO,holdout_G03,G03,25,6,0.0001,0.75,0.1,0.1,5.0,4.5994654,4.613567322075035
G03_R0068,G03,LOGO,holdout_G03,G03,25,6,0.0001,0.75,0.2,0.1,5.0,7.0239448,7.045919142051365
G03_R0069,G03,LOGO,holdout_G03,G03,25,6,0.0001,0.75,0.3,0.1,5.0,10.911267,10.950229768712772
G03_R0070,G03,LOGO,holdout_G03,G03,25,6,0.0001,0.7,0.1,0.1,5.0,4.6104826,4.621639141637466
G03_R0071,G03,LOGO,holdout_G03,G03,25,6,0.0001,0.7,0.2,0.1,5.0,7.0450047,7.061250760576408
G03_R0072,G03,LOGO,holdout_G03,G03,25,6,0.0001,0.7,0.3,0.1,5.0,10.948847,10.977310586337614
G03_R0073,G03,LOGO,holdout_G03,G03,25,6,1e-05,0.85,0.1,0.1,5.0,6.855265,6.870666473312486
G03_R0074,G03,LOGO,holdout_G03,G03,25,6,1e-05,0.85,0.2,0.1,5.0,14.364125,14.39139789218142
G03_R0075,G03,LOGO,holdout_G03,G03,25,6,1e-05,0.85,0.3,0.1,5.0,26.454431,26.513389326165324
G03_R0076,G03,LOGO,holdout_G03,G03,25,6,1e-05,0.8,0.1,0.1,5.0,6.866778,6.879298808312471
G03_R0077,G03,LOGO,holdout_G03,G03,25,6,1e-05,0.8,0.2,0.1,5.0,14.390005,14.410910848181418
G03_R0078,G03,LOGO,holdout_G03,G03,25,6,1e-05,0.8,0.3,0.1,5.0,26.501281,26.54874034993344
G03_R0079,G03,LOGO,holdout_G03,G03,25,6,1e-05,0.75,0.1,0.1,5.0,6.879683,6.8953436520283775
G03_R0080,G03,LOGO,holdout_G03,G03,25,6,1e-05,0.75,0.2,0.1,5.0,14.418874,14.446990791110045
G03_R0081,G03,LOGO,holdout_G03,G03,25,6,1e-05,0.75,0.3,0.1,5.0,26.554117,26.6125284771009
G03_R0082,G03,LOGO,holdout_G03,G03,25,6,1e-05,0.7,0.1,0.1,5.0,6.894078,6.905916613278536
G03_R0083,G03,LOGO,holdout_G03,G03,25,6,1e-05,0.7,0.2,0.1,5.0,14.45173,14.471199615589358
G03_R0084,G03,LOGO,holdout_G03,G03,25,6,1e-05,0.7,0.3,0.1,5.0,26.613936,26.656344429601376
G03_R0085,G03,LOGO,holdout_G03,G03,25,6,1e-06,0.85,0.1,0.1,5.0,24.692514,24.72467616452068
G03_R0086,G03,LOGO,holdout_G03,G03,25,6,1e-06,0.85,0.2,0.1,5.0,79.401471,79.45237882104122
G03_R0087,G03,LOGO,holdout_G03,G03,25,6,1e-06,0.85,0.3,0.1,5.0,169.271158,169.374849281279
G03_R0088,G03,LOGO,holdout_G03,G03,25,6,1e-06,0.8,0.1,0.1,5.0,24.743481,24.762139750458115
G03_R0089,G03,LOGO,holdout_G03,G03,25,6,1e-06,0.8,0.2,0.1,5.0,79.502428,79.53011322788744
G03_R0090,G03,LOGO,holdout_G03,G03,25,6,1e-06,0.8,0.3,0.1,5.0,169.44110500000002,169.50567024877662
G03_R0091,G03,LOGO,holdout_G03,G03,25,6,1e-06,0.75,0.1,0.1,5.0,24.798445,24.830686955062863
G03_R0092,G03,LOGO,holdout_G03,G03,25,6,1e-06,0.75,0.2,0.1,5.0,79.615382,79.66998544413617
G03_R0093,G03,LOGO,holdout_G03,G03,25,6,1e-06,0.75,0.3,0.1,5.0,169.631047,169.73472358982153
G03_R0094,G03,LOGO,holdout_G03,G03,25,6,1e-06,0.7,0.1,0.1,5.0,24.858406,24.87381150610412
G03_R0095,G03,LOGO,holdout_G03,G03,25,6,1e-06,0.7,0.2,0.1,5.0,79.741332,79.76121233005897
G03_R0096,G03,LOGO,holdout_G03,G03,25,6,1e-06,0.7,0.3,0.1,5.0,169.84098600000002,169.8911610179482
G03_R0097,G03,LOGO,holdout_G03,G03,25,20,0.001,0.85,0.1,0.1,5.0,3.6378386,3.6486063327207807
G03_R0098,G03,LOGO,holdout_G03,G03,25,20,0.001,0.85,0.2,0.1,5.0,5.1213678,5.138608893717126
G03_R0099,G03,LOGO,holdout_G03,G03,25,20,0.001,0.85,0.3,0.1,5.0,7.335414099999999,7.36264950930838
G03_R0100,G03,LOGO,holdout_G03,G03,25,20,0.001,0.8,0.1,0.1,5.0,3.6500287,3.658355501462465
G03_R0101,G03,LOGO,holdout_G03,G03,25,20,0.001,0.8,0.2,0.1,5.0,5.1449592,5.157013943717029
G03_R0102,G03,LOGO,holdout_G03,G03,25,20,0.001,0.8,0.3,0.1,5.0,7.3738426,7.39301897837984
G03_R0103,G03,LOGO,holdout_G03,G03,25,20,0.001,0.75,0.1,0.1,5.0,3.662894,3.673874863974236
G03_R0104,G03,LOGO,holdout_G03,G03,25,20,0.001,0.75,0.2,0.1,5.0,5.1698109,5.187273956194007
G03_R0105,G03,LOGO,holdout_G03,G03,25,20,0.001,0.75,0.3,0.1,5.0,7.4147238,7.442671870155419
G03_R0106,G03,LOGO,holdout_G03,G03,25,20,0.001,0.7,0.1,0.1,5.0,3.6763313,3.6841065080277473
G03_R0107,G03,LOGO,holdout_G03,G03,25,20,0.001,0.7,0.2,0.1,5.0,5.1961174,5.206542049902457
G03_R0108,G03,LOGO,holdout_G03,G03,25,20,0.001,0.7,0.3,0.1,5.0,7.458351,7.475863122357644
G03_R0109,G03,LOGO,holdout_G03,G03,25,20,0.0001,0.85,0.1,0.1,5.0,4.579352,4.593372224130266
G03_R0110,G03,LOGO,holdout_G03,G03,25,20,0.0001,0.85,0.2,0.1,5.0,6.9865268,7.008057435192726
G03_R0111,G03,LOGO,holdout_G03,G03,25,20,0.0001,0.85,0.3,0.1,5.0,10.846987,10.884701198358307
G03_R0112,G03,LOGO,holdout_G03,G03,25,20,0.0001,0.8,0.1,0.1,5.0,4.589120599999999,4.600961762278065
G03_R0113,G03,LOGO,holdout_G03,G03,25,20,0.0001,0.8,0.2,0.1,5.0,7.0045505,7.021990031734458
G03_R0114,G03,LOGO,holdout_G03,G03,25,20,0.0001,0.8,0.3,0.1,5.0,10.877645,10.908185251691709
G03_R0115,G03,LOGO,holdout_G03,G03,25,20,0.0001,0.75,0.1,0.1,5.0,4.5994654,4.613504047418786
G03_R0116,G03,LOGO,holdout_G03,G03,25,20,0.0001,0.75,0.2,0.1,5.0,7.0239448,7.045776615620806
G03_R0117,G03,LOGO,holdout_G03,G03,25,20,0.0001,0.75,0.3,0.1,5.0,10.911267,10.950215618474676
G03_R0118,G03,LOGO,holdout_G03,G03,25,20,0.0001,0.7,0.1,0.1,5.0,4.6104826,4.6215758669812175
G03_R0119,G03,LOGO,holdout_G03,G03,25,20,0.0001,0.7,0.2,0.1,5.0,7.0450047,7.061104196166684
G03_R0120,G03,LOGO,holdout_G03,G03,25,20,0.0001,0.7,0.3,0.1,5.0,10.948847,10.977296436099518
G03_R0121,G03,LOGO,holdout_G03,G03,25,20,1e-05,0.85,0.1,0.1,5.0,6.855265,6.870645545718738
G03_R0122,G03,LOGO,holdout_G03,G03,25,20,1e-05,0.85,0.2,0.1,5.0,14.364125,14.391317733937363
G03_R0123,G03,LOGO,holdout_G03,G03,25,20,1e-05,0.85,0.3,0.1,5.0,26.454431,26.51304273005817
G03_R0124,G03,LOGO,holdout_G03,G03,25,20,1e-05,0.8,0.1,0.1,5.0,6.866778,6.879277880718722
G03_R0125,G03,LOGO,holdout_G03,G03,25,20,1e-05,0.8,0.2,0.1,5.0,14.390005,14.410810153062362
G03_R0126,G03,LOGO,holdout_G03,G03,25,20,1e-05,0.8,0.3,0.1,5.0,26.501281,26.54825133239771
G03_R0127,G03,LOGO,holdout_G03,G03,25,20,1e-05,0.75,0.1,0.1,5.0,6.879683,6.89531735053433
G03_R0128,G03,LOGO,holdout_G03,G03,25,20,1e-05,0.75,0.2,0.1,5.0,14.418874,14.447145189848136
G03_R0129,G03,LOGO,holdout_G03,G03,25,20,1e-05,0.75,0.3,0.1,5.0,26.554117,26.612677126779467
G03_R0130,G03,LOGO,holdout_G03,G03,25,20,1e-05,0.7,0.1,0.1,5.0,6.894078,6.905890311784488
G03_R0131,G03,LOGO,holdout_G03,G03,25,20,1e-05,0.7,0.2,0.1,5.0,14.45173,14.471283487035782
G03_R0132,G03,LOGO,holdout_G03,G03,25,20,1e-05,0.7,0.3,0.1,5.0,26.613936,26.656526100529945
G03_R0133,G03,LOGO,holdout_G03,G03,25,20,1e-06,0.85,0.1,0.1,5.0,24.692514,24.724966520479008
G03_R0134,G03,LOGO,holdout_G03,G03,25,20,1e-06,0.85,0.2,0.1,5.0,79.401471,79.45228597757693
G03_R0135,G03,LOGO,holdout_G03,G03,25,20,1e-06,0.85,0.3,0.1,5.0,169.271158,169.37424915946656
G03_R0136,G03,LOGO,holdout_G03,G03,25,20,1e-06,0.8,0.1,0.1,5.0,24.743481,24.76233329641644
G03_R0137,G03,LOGO,holdout_G03,G03,25,20,1e-06,0.8,0.2,0.1,5.0,79.502428,79.53002038442315
G03_R0138,G03,LOGO,holdout_G03,G03,25,20,1e-06,0.8,0.3,0.1,5.0,169.44110500000002,169.50485144258909
G03_R0139,G03,LOGO,holdout_G03,G03,25,20,1e-06,0.75,0.1,0.1,5.0,24.798445,24.830937728750364
G03_R0140,G03,LOGO,holdout_G03,G03,25,20,1e-06,0.75,0.2,0.1,5.0,79.615382,79.66937543874927
G03_R0141,G03,LOGO,holdout_G03,G03,25,20,1e-06,0.75,0.3,0.1,5.0,169.631047,169.7362937436341
G03_R0142,G03,LOGO,holdout_G03,G03,25,20,1e-06,0.7,0.1,0.1,5.0,24.858406,24.87402948916662
G03_R0143,G03,LOGO,holdout_G03,G03,25,20,1e-06,0.7,0.2,0.1,5.0,79.741332,79.76060232467208
G03_R0144,G03,LOGO,holdout_G03,G03,25,20,1e-06,0.7,0.3,0.1,5.0,169.84098600000002,169.8927311717608
G03_R0145,G03,LOGO,holdout_G03,G03,25,50,0.001,0.85,0.1,0.1,5.0,3.6378386,3.6486421735957824
G03_R0146,G03,LOGO,holdout_G03,G03,25,50,0.001,0.85,0.2,0.1,5.0,5.1213678,5.138522809569508
G03_R0147,G03,LOGO,holdout_G03,G03,25,50,0.001,0.85,0.3,0.1,5.0,7.335414099999999,7.36276773228338
G03_R0148,G03,LOGO,holdout_G03,G03,25,50,0.001,0.8,0.1,0.1,5.0,3.6500287,3.6583913423374654
G03_R0149,G03,LOGO,holdout_G03,G03,25,50,0.001,0.8,0.2,0.1,5.0,5.1449592,5.156927859569411
G03_R0150,G03,LOGO,holdout_G03,G03,25,50,0.001,0.8,0.3,0.1,5.0,7.3738426,7.393182854063175
G03_R0151,G03,LOGO,holdout_G03,G03,25,50,0.001,0.75,0.1,0.1,5.0,3.662894,3.673885015374237
G03_R0152,G03,LOGO,holdout_G03,G03,25,50,0.001,0.75,0.2,0.1,5.0,5.1698109,5.18738179687972
G03_R0153,G03,LOGO,holdout_G03,G03,25,50,0.001,0.75,0.3,0.1,5.0,7.4147238,7.442716147080421
G03_R0154,G03,LOGO,holdout_G03,G03,25,50,0.001,0.7,0.1,0.1,5.0,3.6763313,3.684116659427748
G03_R0155,G03,LOGO,holdout_G03,G03,25,50,0.001,0.7,0.2,0.1,5.0,5.1961174,5.20664989058817
G03_R0156,G03,LOGO,holdout_G03,G03,25,50,0.001,0.7,0.3,0.1,5.0,7.458351,7.475907399282648
G03_R0157,G03,LOGO,holdout_G03,G03,25,50,0.0001,0.85,0.1,0.1,5.0,4.579352,4.593353518890683
G03_R0158,G03,LOGO,holdout_G03,G03,25,50,0.0001,0.85,0.2,0.1,5.0,6.9865268,7.008035279723979
G03_R0159,G03,LOGO,holdout_G03,G03,25,50,0.0001,0.85,0.3,0.1,5.0,10.846987,10.88483255327498
G03_R0160,G03,LOGO,holdout_G03,G03,25,50,0.0001,0.8,0.1,0.1,5.0,4.589120599999999,4.600943057038482
G03_R0161,G03,LOGO,holdout_G03,G03,25,50,0.0001,0.8,0.2,0.1,5.0,7.0045505,7.02200892969071
G03_R0162,G03,LOGO,holdout_G03,G03,25,50,0.0001,0.8,0.3,0.1,5.0,10.877645,10.908316606608375
G03_R0163,G03,LOGO,holdout_G03,G03,25,50,0.0001,0.75,0.1,0.1,5.0,4.5994654,4.613533419418786
G03_R0164,G03,LOGO,holdout_G03,G03,25,50,0.0001,0.75,0.2,0.1,5.0,7.0239448,7.045803637779139
G03_R0165,G03,LOGO,holdout_G03,G03,25,50,0.0001,0.75,0.3,0.1,5.0,10.911267,10.950270020724671
G03_R0166,G03,LOGO,holdout_G03,G03,25,50,0.0001,0.7,0.1,0.1,5.0,4.6104826,4.621605238981218
G03_R0167,G03,LOGO,holdout_G03,G03,25,50,0.0001,0.7,0.2,0.1,5.0,7.0450047,7.061131218325017
G03_R0168,G03,LOGO,holdout_G03,G03,25,50,0.0001,0.7,0.3,0.1,5.0,10.948847,10.977350838349514
G03_R0169,G03,LOGO,holdout_G03,G03,25,50,1e-05,0.85,0.1,0.1,5.0,6.855265,6.870710249468738
G03_R0170,G03,LOGO,holdout_G03,G03,25,50,1e-05,0.85,0.2,0.1,5.0,14.364125,14.391293467687367
G03_R0171,G03,LOGO,holdout_G03,G03,25,50,1e-05,0.85,0.3,0.1,5.0,26.454431,26.51254463559984
G03_R0172,G03,LOGO,holdout_G03,G03,25,50,1e-05,0.8,0.1,0.1,5.0,6.866778,6.879328068218722
G03_R0173,G03,LOGO,holdout_G03,G03,25,50,1e-05,0.8,0.2,0.1,5.0,14.390005,14.410796155249866
G03_R0174,G03,LOGO,holdout_G03,G03,25,50,1e-05,0.8,0.3,0.1,5.0,26.501281,26.547715852314376
G03_R0175,G03,LOGO,holdout_G03,G03,25,50,1e-05,0.75,0.1,0.1,5.0,6.879683,6.8952946343884935
G03_R0176,G03,LOGO,holdout_G03,G03,25,50,1e-05,0.75,0.2,0.1,5.0,14.418874,14.44733481366064
G03_R0177,G03,LOGO,holdout_G03,G03,25,50,1e-05,0.75,0.3,0.1,5.0,26.554117,26.612844542133637
G03_R0178,G03,LOGO,holdout_G03,G03,25,50,1e-05,0.7,0.1,0.1,5.0,6.894078,6.905882918763651
G03_R0179,G03,LOGO,holdout_G03,G03,25,50,1e-05,0.7,0.2,0.1,5.0,14.45173,14.471473110848285
G03_R0180,G03,LOGO,holdout_G03,G03,25,50,1e-05,0.7,0.3,0.1,5.0,26.613936,26.656776584217447
G03_R0181,G03,LOGO,holdout_G03,G03,25,50,1e-06,0.85,0.1,0.1,5.0,24.692514,24.72506853439568
G03_R0182,G03,LOGO,holdout_G03,G03,25,50,1e-06,0.85,0.2,0.1,5.0,79.401471,79.45253204207697
G03_R0183,G03,LOGO,holdout_G03,G03,25,50,1e-06,0.85,0.3,0.1,5.0,169.271158,169.3739757089666
G03_R0184,G03,LOGO,holdout_G03,G03,25,50,1e-06,0.8,0.1,0.1,5.0,24.743481,24.76243531033312
G03_R0185,G03,LOGO,holdout_G03,G03,25,50,1e-06,0.8,0.2,0.1,5.0,79.502428,79.5304157639232
G03_R0186,G03,LOGO,holdout_G03,G03,25,50,1e-06,0.8,0.3,0.1,5.0,169.44110500000002,169.5045779920891
G03_R0187,G03,LOGO,holdout_G03,G03,25,50,1e-06,0.75,0.1,0.1,5.0,24.798445,24.83082780025036
G03_R0188,G03,LOGO,holdout_G03,G03,25,50,1e-06,0.75,0.2,0.1,5.0,79.615382,79.66960596833263
G03_R0189,G03,LOGO,holdout_G03,G03,25,50,1e-06,0.75,0.3,0.1,5.0,169.631047,169.73665405009243
G03_R0190,G03,LOGO,holdout_G03,G03,25,50,1e-06,0.7,0.1,0.1,5.0,24.858406,24.87391956066661
G03_R0191,G03,LOGO,holdout_G03,G03,25,50,1e-06,0.7,0.2,0.1,5.0,79.741332,79.76083285425543
G03_R0192,G03,LOGO,holdout_G03,G03,25,50,1e-06,0.7,0.3,0.1,5.0,169.84098600000002,169.8930123357191
G03_R0193,G03,LOGO,holdout_G03,G03,100,3,0.001,0.85,0.1,0.1,5.0,15.736747,15.835329464619225
G03_R0194,G03,LOGO,holdout_G03,G03,100,3,0.001,0.85,0.2,0.1,5.0,22.394672,22.53133765644892
G03_R0195,G03,LOGO,holdout_G03,G03,100,3,0.001,0.85,0.3,0.1,5.0,32.43882,32.63154188933806
G03_R0196,G03,LOGO,holdout_G03,G03,100,3,0.001,0.8,0.1,0.1,5.0,15.806774,15.889501369172487
G03_R0197,G03,LOGO,holdout_G03,G03,100,3,0.001,0.8,0.2,0.1,5.0,22.525499,22.633644983949093
G03_R0198,G03,LOGO,holdout_G03,G03,100,3,0.001,0.8,0.3,0.1,5.0,32.668516,32.80524255433773
G03_R0199,G03,LOGO,holdout_G03,G03,100,3,0.001,0.75,0.1,0.1,5.0,15.881726,15.980770558007556
G03_R0200,G03,LOGO,holdout_G03,G03,100,3,0.001,0.75,0.2,0.1,5.0,22.666223,22.805278034518118
G03_R0201,G03,LOGO,holdout_G03,G03,100,3,0.001,0.75,0.3,0.1,5.0,32.9161,33.11069736378581
G03_R0202,G03,LOGO,holdout_G03,G03,100,3,0.001,0.7,0.1,0.1,5.0,15.962594,16.04086012150767
G03_R0203,G03,LOGO,holdout_G03,G03,100,3,0.001,0.7,0.2,0.1,5.0,22.817832,22.92012117026791
G03_R0204,G03,LOGO,holdout_G03,G03,100,3,0.001,0.7,0.3,0.1,5.0,33.185559,33.30526762091993
G03_R0205,G03,LOGO,holdout_G03,G03,100,3,0.0001,0.85,0.1,0.1,5.0,19.636647,19.759135363045903
G03_R0206,G03,LOGO,holdout_G03,G03,100,3,0.0001,0.85,0.2,0.1,5.0,30.18231,30.37189947922373
G03_R0207,G03,LOGO,holdout_G03,G03,100,3,0.0001,0.85,0.3,0.1,5.0,47.003912,47.3106162713156
G03_R0208,G03,LOGO,holdout_G03,G03,100,3,0.0001,0.8,0.1,0.1,5.0,19.686922,19.79943739377454
G03_R0209,G03,LOGO,holdout_G03,G03,100,3,0.0001,0.8,0.2,0.1,5.0,30.296463,30.45837255800187
G03_R0210,G03,LOGO,holdout_G03,G03,100,3,0.0001,0.8,0.3,0.1,5.0,47.218879,47.47409919444069
G03_R0211,G03,LOGO,holdout_G03,G03,100,3,0.0001,0.75,0.1,0.1,5.0,19.741125,19.86447239102577
G03_R0212,G03,LOGO,holdout_G03,G03,100,3,0.0001,0.75,0.2,0.1,5.0,30.420531,30.61227389801045
G03_R0213,G03,LOGO,holdout_G03,G03,100,3,0.0001,0.75,0.3,0.1,5.0,47.457743,47.76523806303162
G03_R0214,G03,LOGO,holdout_G03,G03,100,3,0.0001,0.7,0.1,0.1,5.0,19.799244,19.907244681025684
G03_R0215,G03,LOGO,holdout_G03,G03,100,3,0.0001,0.7,0.2,0.1,5.0,30.559497,30.713580950683685
G03_R0216,G03,LOGO,holdout_G03,G03,100,3,0.0001,0.7,0.3,0.1,5.0,47.725485,47.96550873678144
G03_R0217,G03,LOGO,holdout_G03,G03,100,3,1e-05,0.85,0.1,0.1,5.0,29.134527,29.27219244493649
G03_R0218,G03,LOGO,holdout_G03,G03,100,3,1e-05,0.85,0.2,0.1,5.0,60.790081,61.022922105643474
G03_R0219,G03,LOGO,holdout_G03,G03,100,3,1e-05,0.85,0.3,0.1,5.0,111.596977,112.01758890830972
G03_R0220,G03,LOGO,holdout_G03,G03,100,3,1e-05,0.8,0.1,0.1,5.0,29.220246,29.336554301204387
G03_R0221,G03,LOGO,holdout_G03,G03,100,3,1e-05,0.8,0.2,0.1,5.0,61.030695,61.20638086801775
G03_R0222,G03,LOGO,holdout_G03,G03,100,3,1e-05,0.8,0.3,0.1,5.0,112.076496,112.38422194602052
G03_R0223,G03,LOGO,holdout_G03,G03,100,3,1e-05,0.75,0.1,0.1,5.0,29.316938,29.45443225236174
G03_R0224,G03,LOGO,holdout_G03,G03,100,3,1e-05,0.75,0.2,0.1,5.0,61.305273,61.54638817546664
G03_R0225,G03,LOGO,holdout_G03,G03,100,3,1e-05,0.75,0.3,0.1,5.0,112.615969,113.05859489704582
G03_R0226,G03,LOGO,holdout_G03,G03,100,3,1e-05,0.7,0.1,0.1,5.0,29.426597,29.535535343862357
G03_R0227,G03,LOGO,holdout_G03,G03,100,3,1e-05,0.7,0.2,0.1,5.0,61.622808,61.778820894424655
G03_R0228,G03,LOGO,holdout_G03,G03,100,3,1e-05,0.7,0.3,0.1,5.0,113.24539,113.51777342058658
G03_R0229,G03,LOGO,holdout_G03,G03,100,3,1e-06,0.85,0.1,0.1,5.0,101.187419,101.40088871927613
G03_R0230,G03,LOGO,holdout_G03,G03,100,3,1e-06,0.85,0.2,0.1,5.0,323.53727999999995,323.9077473259441
G03_R0231,G03,LOGO,holdout_G03,G03,100,3,1e-06,0.85,0.3,0.1,5.0,688.5361770000001,689.1896735835425
G03_R0232,G03,LOGO,holdout_G03,G03,100,3,1e-06,0.8,0.1,0.1,5.0,101.477311,101.61717265556356
G03_R0233,G03,LOGO,holdout_G03,G03,100,3,1e-06,0.8,0.2,0.1,5.0,324.307139,324.49335242802323
G03_R0234,G03,LOGO,holdout_G03,G03,100,3,1e-06,0.8,0.3,0.1,5.0,690.0160030000001,690.3722155653963
G03_R0235,G03,LOGO,holdout_G03,G03,100,3,1e-06,0.75,0.1,0.1,5.0,101.807195,102.01974006942498
G03_R0236,G03,LOGO,holdout_G03,G03,100,3,1e-06,0.75,0.2,0.1,5.0,325.196988,325.5876855394756
G03_R0237,G03,LOGO,holdout_G03,G03,100,3,1e-06,0.75,0.3,0.1,5.0,691.715816,692.3150246860293
G03_R0238,G03,LOGO,holdout_G03,G03,100,3,1e-06,0.7,0.1,0.1,5.0,102.18707,102.29836238671888
G03_R0239,G03,LOGO,holdout_G03,G03,100,3,1e-06,0.7,0.2,0.1,5.0,326.226825,326.3407053457616
G03_R0240,G03,LOGO,holdout_G03,G03,100,3,1e-06,0.7,0.3,0.1,5.0,693.695614,693.9358755773469
G03_R0241,G03,LOGO,holdout_G03,G03,100,6,0.001,0.85,0.1,0.1,5.0,15.736747,15.835501076952555
G03_R0242,G03,LOGO,holdout_G03,G03,100,6,0.001,0.85,0.2,0.1,5.0,22.394672,22.531503918966777
G03_R0243,G03,LOGO,holdout_G03,G03,100,6,0.001,0.85,0.3,0.1,5.0,32.43882,32.63327808777559
G03_R0244,G03,LOGO,holdout_G03,G03,100,6,0.001,0.8,0.1,0.1,5.0,15.806774,15.889672981505822
G03_R0245,G03,LOGO,holdout_G03,G03,100,6,0.001,0.8,0.2,0.1,5.0,22.525499,22.633722667716956
G03_R0246,G03,LOGO,holdout_G03,G03,100,6,0.001,0.8,0.3,0.1,5.0,32.668516,32.80697875277525
G03_R0247,G03,LOGO,holdout_G03,G03,100,6,0.001,0.75,0.1,0.1,5.0,15.881726,15.98088678132006
G03_R0248,G03,LOGO,holdout_G03,G03,100,6,0.001,0.75,0.2,0.1,5.0,22.666223,22.805096810143112
G03_R0249,G03,LOGO,holdout_G03,G03,100,6,0.001,0.75,0.3,0.1,5.0,32.9161,33.11113599351497
G03_R0250,G03,LOGO,holdout_G03,G03,100,6,0.001,0.7,0.1,0.1,5.0,15.962594,16.040976344820177
G03_R0251,G03,LOGO,holdout_G03,G03,100,6,0.001,0.7,0.2,0.1,5.0,22.817832,22.91985136714291
G03_R0252,G03,LOGO,holdout_G03,G03,100,6,0.001,0.7,0.3,0.1,5.0,33.185559,33.30562825158658
G03_R0253,G03,LOGO,holdout_G03,G03,100,6,0.0001,0.85,0.1,0.1,5.0,19.636647,19.759425836379226
G03_R0254,G03,LOGO,holdout_G03,G03,100,6,0.0001,0.85,0.2,0.1,5.0,30.18231,30.37185167720588
G03_R0255,G03,LOGO,holdout_G03,G03,100,6,0.0001,0.85,0.3,0.1,5.0,47.003912,47.31050572138704
G03_R0256,G03,LOGO,holdout_G03,G03,100,6,0.0001,0.8,0.1,0.1,5.0,19.686922,19.79972786710785
G03_R0257,G03,LOGO,holdout_G03,G03,100,6,0.0001,0.8,0.2,0.1,5.0,30.296463,30.45832475598401
G03_R0258,G03,LOGO,holdout_G03,G03,100,6,0.0001,0.8,0.3,0.1,5.0,47.218879,47.47398864451211
G03_R0259,G03,LOGO,holdout_G03,G03,100,6,0.0001,0.75,0.1,0.1,5.0,19.741125,19.86455994299104
G03_R0260,G03,LOGO,holdout_G03,G03,100,6,0.0001,0.75,0.2,0.1,5.0,30.420531,30.612765885093783
G03_R0261,G03,LOGO,holdout_G03,G03,100,6,0.0001,0.75,0.3,0.1,5.0,47.457743,47.765338086406615
G03_R0262,G03,LOGO,holdout_G03,G03,100,6,0.0001,0.7,0.1,0.1,5.0,19.799244,19.907332232990957
G03_R0263,G03,LOGO,holdout_G03,G03,100,6,0.0001,0.7,0.2,0.1,5.0,30.559497,30.71407293776701
G03_R0264,G03,LOGO,holdout_G03,G03,100,6,0.0001,0.7,0.3,0.1,5.0,47.725485,47.96560876015644
G03_R0265,G03,LOGO,holdout_G03,G03,100,6,1e-05,0.85,0.1,0.1,5.0,29.134527,29.272073744103157
G03_R0266,G03,LOGO,holdout_G03,G03,100,6,1e-05,0.85,0.2,0.1,5.0,60.790081,61.023355297893474
G03_R0267,G03,LOGO,holdout_G03,G03,100,6,1e-05,0.85,0.3,0.1,5.0,111.596977,112.01851127101808
G03_R0268,G03,LOGO,holdout_G03,G03,100,6,1e-05,0.8,0.1,0.1,5.0,29.220246,29.33644432912105
G03_R0269,G03,LOGO,holdout_G03,G03,100,6,1e-05,0.8,0.2,0.1,5.0,61.030695,61.20701314964276
G03_R0270,G03,LOGO,holdout_G03,G03,100,6,1e-05,0.8,0.3,0.1,5.0,112.076496,112.38475092685393
G03_R0271,G03,LOGO,holdout_G03,G03,100,6,1e-05,0.75,0.1,0.1,5.0,29.316938,29.45449861132007
G03_R0272,G03,LOGO,holdout_G03,G03,100,6,1e-05,0.75,0.2,0.1,5.0,61.305273,61.54654924348749
G03_R0273,G03,LOGO,holdout_G03,G03,100,6,1e-05,0.75,0.3,0.1,5.0,112.615969,113.05807783250415
G03_R0274,G03,LOGO,holdout_G03,G03,100,6,1e-05,0.7,0.1,0.1,5.0,29.426597,29.53560170282068
G03_R0275,G03,LOGO,holdout_G03,G03,100,6,1e-05,0.7,0.2,0.1,5.0,61.622808,61.77915048536216
G03_R0276,G03,LOGO,holdout_G03,G03,100,6,1e-05,0.7,0.3,0.1,5.0,113.24539,113.51688175500324
G03_R0277,G03,LOGO,holdout_G03,G03,100,6,1e-06,0.85,0.1,0.1,5.0,101.187419,101.40117715354694
G03_R0278,G03,LOGO,holdout_G03,G03,100,6,1e-06,0.85,0.2,0.1,5.0,323.53727999999995,323.9053264824441
G03_R0279,G03,LOGO,holdout_G03,G03,100,6,1e-06,0.85,0.3,0.1,5.0,688.5361770000001,689.1851420416257
G03_R0280,G03,LOGO,holdout_G03,G03,100,6,1e-06,0.8,0.1,0.1,5.0,101.477311,101.6173236394177
G03_R0281,G03,LOGO,holdout_G03,G03,100,6,1e-06,0.8,0.2,0.1,5.0,324.307139,324.49190640577325
G03_R0282,G03,LOGO,holdout_G03,G03,100,6,1e-06,0.8,0.3,0.1,5.0,690.0160030000001,690.3659029724378
G03_R0283,G03,LOGO,holdout_G03,G03,100,6,1e-06,0.75,0.1,0.1,5.0,101.807195,102.02037193409168
G03_R0284,G03,LOGO,holdout_G03,G03,100,6,1e-06,0.75,0.2,0.1,5.0,325.196988,325.5860670717672
G03_R0285,G03,LOGO,holdout_G03,G03,100,6,1e-06,0.75,0.3,0.1,5.0,691.715816,692.3035253468029
G03_R0286,G03,LOGO,holdout_G03,G03,100,6,1e-06,0.7,0.1,0.1,5.0,102.18707,102.29885680096892
G03_R0287,G03,LOGO,holdout_G03,G03,100,6,1e-06,0.7,0.2,0.1,5.0,326.226825,326.3398055026365
G03_R0288,G03,LOGO,holdout_G03,G03,100,6,1e-06,0.7,0.3,0.1,5.0,693.695614,693.9292652908288
G03_R0289,G03,LOGO,holdout_G03,G03,100,20,0.001,0.85,0.1,0.1,5.0,15.736747,15.8353779455597
G03_R0290,G03,LOGO,holdout_G03,G03,100,20,0.001,0.85,0.2,0.1,5.0,22.394672,22.53113783338344
G03_R0291,G03,LOGO,holdout_G03,G03,100,20,0.001,0.85,0.3,0.1,5.0,32.43882,32.63277982100286
G03_R0292,G03,LOGO,holdout_G03,G03,100,20,0.001,0.8,0.1,0.1,5.0,15.806774,15.88950301511296
G03_R0293,G03,LOGO,holdout_G03,G03,100,20,0.001,0.8,0.2,0.1,5.0,22.525499,22.63324212463361
G03_R0294,G03,LOGO,holdout_G03,G03,100,20,0.001,0.8,0.3,0.1,5.0,32.668516,32.80679129187754
G03_R0295,G03,LOGO,holdout_G03,G03,100,20,0.001,0.75,0.1,0.1,5.0,15.881726,15.980975593099831
G03_R0296,G03,LOGO,holdout_G03,G03,100,20,0.001,0.75,0.2,0.1,5.0,22.666223,22.805697724553838
G03_R0297,G03,LOGO,holdout_G03,G03,100,20,0.001,0.75,0.3,0.1,5.0,32.9161,33.1137910390358
G03_R0298,G03,LOGO,holdout_G03,G03,100,20,0.001,0.7,0.1,0.1,5.0,15.962594,16.041156374099945
G03_R0299,G03,LOGO,holdout_G03,G03,100,20,0.001,0.7,0.2,0.1,5.0,22.817832,22.92034598705363
G03_R0300,G03,LOGO,holdout_G03,G03,100,20,0.001,0.7,0.3,0.1,5.0,33.185559,33.30858348648241
G03_R0301,G03,LOGO,holdout_G03,G03,100,20,0.0001,0.85,0.1,0.1,5.0,19.636647,19.75939166304589
G03_R0302,G03,LOGO,holdout_G03,G03,100,20,0.0001,0.85,0.2,0.1,5.0,30.18231,30.372390565487127
G03_R0303,G03,LOGO,holdout_G03,G03,100,20,0.0001,0.85,0.3,0.1,5.0,47.003912,47.311632752199536
G03_R0304,G03,LOGO,holdout_G03,G03,100,20,0.0001,0.8,0.1,0.1,5.0,19.686922,19.79967832814952
G03_R0305,G03,LOGO,holdout_G03,G03,100,20,0.0001,0.8,0.2,0.1,5.0,30.296463,30.458635436765263
G03_R0306,G03,LOGO,holdout_G03,G03,100,20,0.0001,0.8,0.3,0.1,5.0,47.218879,47.47479097563713
G03_R0307,G03,LOGO,holdout_G03,G03,100,20,0.0001,0.75,0.1,0.1,5.0,19.741125,19.864494605309496
G03_R0308,G03,LOGO,holdout_G03,G03,100,20,0.0001,0.75,0.2,0.1,5.0,30.420531,30.61196950237355
G03_R0309,G03,LOGO,holdout_G03,G03,100,20,0.0001,0.75,0.3,0.1,5.0,47.457743,47.76202721036495
G03_R0310,G03,LOGO,holdout_G03,G03,100,20,0.0001,0.7,0.1,0.1,5.0,19.799244,19.90726689530941
G03_R0311,G03,LOGO,holdout_G03,G03,100,20,0.0001,0.7,0.2,0.1,5.0,30.559497,30.71339159442178
G03_R0312,G03,LOGO,holdout_G03,G03,100,20,0.0001,0.7,0.3,0.1,5.0,47.725485,47.96239740578144
G03_R0313,G03,LOGO,holdout_G03,G03,100,20,1e-05,0.85,0.1,0.1,5.0,29.134527,29.272105702769814
G03_R0314,G03,LOGO,holdout_G03,G03,100,20,1e-05,0.85,0.2,0.1,5.0,60.790081,61.02188654215837
G03_R0315,G03,LOGO,holdout_G03,G03,100,20,1e-05,0.85,0.3,0.1,5.0,111.596977,112.0199179599764
G03_R0316,G03,LOGO,holdout_G03,G03,100,20,1e-05,0.8,0.1,0.1,5.0,29.220246,29.336335290287707
G03_R0317,G03,LOGO,holdout_G03,G03,100,20,1e-05,0.8,0.2,0.1,5.0,61.030695,61.20554439390764
G03_R0318,G03,LOGO,holdout_G03,G03,100,20,1e-05,0.8,0.3,0.1,5.0,112.076496,112.38571178302058
G03_R0319,G03,LOGO,holdout_G03,G03,100,20,1e-05,0.75,0.1,0.1,5.0,29.316938,29.454465167706964
G03_R0320,G03,LOGO,holdout_G03,G03,100,20,1e-05,0.75,0.2,0.1,5.0,61.305273,61.545738206675
G03_R0321,G03,LOGO,holdout_G03,G03,100,20,1e-05,0.75,0.3,0.1,5.0,112.615969,113.06143363314996
G03_R0322,G03,LOGO,holdout_G03,G03,100,20,1e-05,0.7,0.1,0.1,5.0,29.426597,29.53536509154091
G03_R0323,G03,LOGO,holdout_G03,G03,100,20,1e-05,0.7,0.2,0.1,5.0,61.622808,61.77825332761216
G03_R0324,G03,LOGO,holdout_G03,G03,100,20,1e-05,0.7,0.3,0.1,5.0,113.24539,113.51977966814906
G03_R0325,G03,LOGO,holdout_G03,G03,100,20,1e-06,0.85,0.1,0.1,5.0,101.187419,101.40400319625827
G03_R0326,G03,LOGO,holdout_G03,G03,100,20,1e-06,0.85,0.2,0.1,5.0,323.53727999999995,323.8978064328014
G03_R0327,G03,LOGO,holdout_G03,G03,100,20,1e-06,0.85,0.3,0.1,5.0,688.5361770000001,689.1762033842091
G03_R0328,G03,LOGO,holdout_G03,G03,100,20,1e-06,0.8,0.1,0.1,5.0,101.477311,101.61978732087906
G03_R0329,G03,LOGO,holdout_G03,G03,100,20,1e-06,0.8,0.2,0.1,5.0,324.307139,324.48438635613047
G03_R0330,G03,LOGO,holdout_G03,G03,100,20,1e-06,0.8,0.3,0.1,5.0,690.0160030000001,690.3614766711772
G03_R0331,G03,LOGO,holdout_G03,G03,100,20,1e-06,0.75,0.1,0.1,5.0,101.807195,102.01949562567204
G03_R0332,G03,LOGO,holdout_G03,G03,100,20,1e-06,0.75,0.2,0.1,5.0,325.196988,325.58799292089674
G03_R0333,G03,LOGO,holdout_G03,G03,100,20,1e-06,0.75,0.3,0.1,5.0,691.715816,692.2843124716677
G03_R0334,G03,LOGO,holdout_G03,G03,100,20,1e-06,0.7,0.1,0.1,5.0,102.18707,102.29808358036176
G03_R0335,G03,LOGO,holdout_G03,G03,100,20,1e-06,0.7,0.2,0.1,5.0,326.226825,326.34250621801607
G03_R0336,G03,LOGO,holdout_G03,G03,100,20,1e-06,0.7,0.3,0.1,5.0,693.695614,693.9105671479853
G03_R0337,G03,LOGO,holdout_G03,G03,100,50,0.001,0.85,0.1,0.1,5.0,15.736747,15.835208942964462
G03_R0338,G03,LOGO,holdout_G03,G03,100,50,0.001,0.85,0.2,0.1,5.0,22.394672,22.530876925779275
G03_R0339,G03,LOGO,holdout_G03,G03,100,50,0.001,0.85,0.3,0.1,5.0,32.43882,32.63345051937783
G03_R0340,G03,LOGO,holdout_G03,G03,100,50,0.001,0.8,0.1,0.1,5.0,15.806774,15.889334012517724
G03_R0341,G03,LOGO,holdout_G03,G03,100,50,0.001,0.8,0.2,0.1,5.0,22.525499,22.633053898904453
G03_R0342,G03,LOGO,holdout_G03,G03,100,50,0.001,0.8,0.3,0.1,5.0,32.668516,32.807461990252506
G03_R0343,G03,LOGO,holdout_G03,G03,100,50,0.001,0.75,0.1,0.1,5.0,15.881726,15.980699428302206
G03_R0344,G03,LOGO,holdout_G03,G03,100,50,0.001,0.75,0.2,0.1,5.0,22.666223,22.80597661160739
G03_R0345,G03,LOGO,holdout_G03,G03,100,50,0.001,0.75,0.3,0.1,5.0,32.9161,33.113237281223306
G03_R0346,G03,LOGO,holdout_G03,G03,100,50,0.001,0.7,0.1,0.1,5.0,15.962594,16.04081776263565
G03_R0347,G03,LOGO,holdout_G03,G03,100,50,0.001,0.7,0.2,0.1,5.0,22.817832,22.920624874107197
G03_R0348,G03,LOGO,holdout_G03,G03,100,50,0.001,0.7,0.3,0.1,5.0,33.185559,33.308329918044926
G03_R0349,G03,LOGO,holdout_G03,G03,100,50,0.0001,0.85,0.1,0.1,5.0,19.636647,19.759386788045894
G03_R0350,G03,LOGO,holdout_G03,G03,100,50,0.0001,0.85,0.2,0.1,5.0,30.18231,30.37252686379963
G03_R0351,G03,LOGO,holdout_G03,G03,100,50,0.0001,0.85,0.3,0.1,5.0,47.003912,47.31212333591383
G03_R0352,G03,LOGO,holdout_G03,G03,100,50,0.0001,0.8,0.1,0.1,5.0,19.686922,19.79967345314953
G03_R0353,G03,LOGO,holdout_G03,G03,100,50,0.0001,0.8,0.2,0.1,5.0,30.296463,30.45877173507777
G03_R0354,G03,LOGO,holdout_G03,G03,100,50,0.0001,0.8,0.3,0.1,5.0,47.218879,47.47613580976808
G03_R0355,G03,LOGO,holdout_G03,G03,100,50,0.0001,0.75,0.1,0.1,5.0,19.741125,19.86453993728866
G03_R0356,G03,LOGO,holdout_G03,G03,100,50,0.0001,0.75,0.2,0.1,5.0,30.420531,30.611480410956887
G03_R0357,G03,LOGO,holdout_G03,G03,100,50,0.0001,0.75,0.3,0.1,5.0,47.457743,47.76176097237092
G03_R0358,G03,LOGO,holdout_G03,G03,100,50,0.0001,0.7,0.1,0.1,5.0,19.799244,19.907444033538575
G03_R0359,G03,LOGO,holdout_G03,G03,100,50,0.0001,0.7,0.2,0.1,5.0,30.559497,30.71298064050512
G03_R0360,G03,LOGO,holdout_G03,G03,100,50,0.0001,0.7,0.3,0.1,5.0,47.725485,47.96213116778739
G03_R0361,G03,LOGO,holdout_G03,G03,100,50,1e-05,0.85,0.1,0.1,5.0,29.134527,29.27211441610315
G03_R0362,G03,LOGO,holdout_G03,G03,100,50,1e-05,0.85,0.2,0.1,5.0,60.790081,61.0218638192625
G03_R0363,G03,LOGO,holdout_G03,G03,100,50,1e-05,0.85,0.3,0.1,5.0,111.596977,112.02025052955976
G03_R0364,G03,LOGO,holdout_G03,G03,100,50,1e-05,0.8,0.1,0.1,5.0,29.220246,29.33646776820437
G03_R0365,G03,LOGO,holdout_G03,G03,100,50,1e-05,0.8,0.2,0.1,5.0,61.030695,61.20552167101177
G03_R0366,G03,LOGO,holdout_G03,G03,100,50,1e-05,0.8,0.3,0.1,5.0,112.076496,112.38604435260396
G03_R0367,G03,LOGO,holdout_G03,G03,100,50,1e-05,0.75,0.1,0.1,5.0,29.316938,29.453941315831965
G03_R0368,G03,LOGO,holdout_G03,G03,100,50,1e-05,0.75,0.2,0.1,5.0,61.305273,61.546403046160094
G03_R0369,G03,LOGO,holdout_G03,G03,100,50,1e-05,0.75,0.3,0.1,5.0,112.615969,113.06237774964995
G03_R0370,G03,LOGO,holdout_G03,G03,100,50,1e-05,0.7,0.1,0.1,5.0,29.426597,29.53499323633258
G03_R0371,G03,LOGO,holdout_G03,G03,100,50,1e-05,0.7,0.2,0.1,5.0,61.622808,61.778660389909774
G03_R0372,G03,LOGO,holdout_G03,G03,100,50,1e-05,0.7,0.3,0.1,5.0,113.24539,113.52072378464904
G03_R0373,G03,LOGO,holdout_G03,G03,100,50,1e-06,0.85,0.1,0.1,5.0,101.187419,101.40227293388033
G03_R0374,G03,LOGO,holdout_G03,G03,100,50,1e-06,0.85,0.2,0.1,5.0,323.53727999999995,323.89775304973296
G03_R0375,G03,LOGO,holdout_G03,G03,100,50,1e-06,0.85,0.3,0.1,5.0,688.5361770000001,689.1832800387092
G03_R0376,G03,LOGO,holdout_G03,G03,100,50,1e-06,0.8,0.1,0.1,5.0,101.477311,101.61836528516776
G03_R0377,G03,LOGO,holdout_G03,G03,100,50,1e-06,0.8,0.2,0.1,5.0,324.307139,324.483695576187
G03_R0378,G03,LOGO,holdout_G03,G03,100,50,1e-06,0.8,0.3,0.1,5.0,690.0160030000001,690.3684242831774
G03_R0379,G03,LOGO,holdout_G03,G03,100,50,1e-06,0.75,0.1,0.1,5.0,101.807195,102.02047133119284
G03_R0380,G03,LOGO,holdout_G03,G03,100,50,1e-06,0.75,0.2,0.1,5.0,325.196988,325.5900113443342
G03_R0381,G03,LOGO,holdout_G03,G03,100,50,1e-06,0.75,0.3,0.1,5.0,691.715816,692.2823594513345
G03_R0382,G03,LOGO,holdout_G03,G03,100,50,1e-06,0.7,0.1,0.1,5.0,102.18707,102.29916237369508
G03_R0383,G03,LOGO,holdout_G03,G03,100,50,1e-06,0.7,0.2,0.1,5.0,326.226825,326.3445246414535
G03_R0384,G03,LOGO,holdout_G03,G03,100,50,1e-06,0.7,0.3,0.1,5.0,693.695614,693.9071254297353
G03_R0385,G03,LOGO,holdout_G03,G03,250,3,0.001,0.85,0.1,0.1,5.0,45.389368000000005,45.75218893450435
G03_R0386,G03,LOGO,holdout_G03,G03,250,3,0.001,0.85,0.2,0.1,5.0,65.975935,66.31553418955623
G03_R0387,G03,LOGO,holdout_G03,G03,250,3,0.001,0.85,0.3,0.1,5.0,97.245975,97.44829743273702
G03_R0388,G03,LOGO,holdout_G03,G03,250,3,0.001,0.8,0.1,0.1,5.0,45.652172,45.95577959414396
G03_R0389,G03,LOGO,holdout_G03,G03,250,3,0.001,0.8,0.2,0.1,5.0,66.472482,66.70742028211588
G03_R0390,G03,LOGO,holdout_G03,G03,250,3,0.001,0.8,0.3,0.1,5.0,98.151361,98.12041744166592
G03_R0391,G03,LOGO,holdout_G03,G03,250,3,0.001,0.75,0.1,0.1,5.0,45.932809000000006,46.302274962069625
G03_R0392,G03,LOGO,holdout_G03,G03,250,3,0.001,0.75,0.2,0.1,5.0,67.00683400000001,67.36491438192402
G03_R0393,G03,LOGO,holdout_G03,G03,250,3,0.001,0.75,0.3,0.1,5.0,99.133571,99.3321543694826
G03_R0394,G03,LOGO,holdout_G03,G03,250,3,0.001,0.7,0.1,0.1,5.0,46.234263,46.52735827874783
G03_R0395,G03,LOGO,holdout_G03,G03,250,3,0.001,0.7,0.2,0.1,5.0,67.58697000000001,67.79580041983971
G03_R0396,G03,LOGO,holdout_G03,G03,250,3,0.001,0.7,0.3,0.1,5.0,100.211552,100.14032052007704
G03_R0397,G03,LOGO,holdout_G03,G03,250,3,0.0001,0.85,0.1,0.1,5.0,56.037237,56.5055394218937
G03_R0398,G03,LOGO,holdout_G03,G03,250,3,0.0001,0.85,0.2,0.1,5.0,87.449253,88.14948044358796
G03_R0399,G03,LOGO,holdout_G03,G03,250,3,0.0001,0.85,0.3,0.1,5.0,137.26742199999998,138.3547564672338
G03_R0400,G03,LOGO,holdout_G03,G03,250,3,0.0001,0.8,0.1,0.1,5.0,56.227719,56.651180968893584
G03_R0401,G03,LOGO,holdout_G03,G03,250,3,0.0001,0.8,0.2,0.1,5.0,87.945533,88.53917102483774
G03_R0402,G03,LOGO,holdout_G03,G03,250,3,0.0001,0.8,0.3,0.1,5.0,138.255384,139.12205703979885
G03_R0403,G03,LOGO,holdout_G03,G03,250,3,0.0001,0.75,0.1,0.1,5.0,56.435052,56.908084199390615
G03_R0404,G03,LOGO,holdout_G03,G03,250,3,0.0001,0.75,0.2,0.1,5.0,88.50164,89.21226325888611
G03_R0405,G03,LOGO,holdout_G03,G03,250,3,0.0001,0.75,0.3,0.1,5.0,139.383154,140.50056491556484
G03_R0406,G03,LOGO,holdout_G03,G03,250,3,0.0001,0.7,0.1,0.1,5.0,56.664216,57.07771664136894
G03_R0407,G03,LOGO,holdout_G03,G03,250,3,0.0001,0.7,0.2,0.1,5.0,89.12956700000001,89.67892428513517
G03_R0408,G03,LOGO,holdout_G03,G03,250,3,0.0001,0.7,0.3,0.1,5.0,140.650701,141.4223736666367
G03_R0409,G03,LOGO,holdout_G03,G03,250,3,1e-05,0.85,0.1,0.1,5.0,81.998024,82.54073150083381
G03_R0410,G03,LOGO,holdout_G03,G03,250,3,1e-05,0.85,0.2,0.1,5.0,169.740165,170.65891296463113
G03_R0411,G03,LOGO,holdout_G03,G03,250,3,1e-05,0.85,0.3,0.1,5.0,309.63962,311.21030030613247
G03_R0412,G03,LOGO,holdout_G03,G03,250,3,1e-05,0.8,0.1,0.1,5.0,82.396416,82.83096083833236
G03_R0413,G03,LOGO,holdout_G03,G03,250,3,1e-05,0.8,0.2,0.1,5.0,170.98934,171.62471590490892
G03_R0414,G03,LOGO,holdout_G03,G03,250,3,1e-05,0.8,0.3,0.1,5.0,312.17861,313.09923222113247
G03_R0415,G03,LOGO,holdout_G03,G03,250,3,1e-05,0.75,0.1,0.1,5.0,82.850747,83.39252884477472
G03_R0416,G03,LOGO,holdout_G03,G03,250,3,1e-05,0.75,0.2,0.1,5.0,172.42844,173.38957747513922
G03_R0417,G03,LOGO,holdout_G03,G03,250,3,1e-05,0.75,0.3,0.1,5.0,315.10751,316.7780001832354
G03_R0418,G03,LOGO,holdout_G03,G03,250,3,1e-05,0.7,0.1,0.1,5.0,83.376009,83.78846322902601
G03_R0419,G03,LOGO,holdout_G03,G03,250,3,1e-05,0.7,0.2,0.1,5.0,174.10744,174.59640330430426
G03_R0420,G03,LOGO,holdout_G03,G03,250,3,1e-05,0.7,0.3,0.1,5.0,318.54631,319.2396460832313
G03_R0421,G03,LOGO,holdout_G03,G03,250,3,1e-06,0.85,0.1,0.1,5.0,266.242464,267.0670944998238
G03_R0422,G03,LOGO,holdout_G03,G03,250,3,1e-06,0.85,0.2,0.1,5.0,841.0599299999999,842.352908809948
G03_R0423,G03,LOGO,holdout_G03,G03,250,3,1e-06,0.85,0.3,0.1,5.0,1782.05507,1784.0742868916184
G03_R0424,G03,LOGO,holdout_G03,G03,250,3,1e-06,0.8,0.1,0.1,5.0,267.582225,268.073142055139
G03_R0425,G03,LOGO,holdout_G03,G03,250,3,1e-06,0.8,0.2,0.1,5.0,845.1096200000001,845.6591649929112
G03_R0426,G03,LOGO,holdout_G03,G03,250,3,1e-06,0.8,0.3,0.1,5.0,1789.9546899999998,1790.5903052781623
G03_R0427,G03,LOGO,holdout_G03,G03,250,3,1e-06,0.75,0.1,0.1,5.0,269.19196900000003,270.0471284999672
G03_R0428,G03,LOGO,holdout_G03,G03,250,3,1e-06,0.75,0.2,0.1,5.0,849.88929,850.6014200906028
G03_R0429,G03,LOGO,holdout_G03,G03,250,3,1e-06,0.75,0.3,0.1,5.0,1799.35429,1800.384250114387
G03_R0430,G03,LOGO,holdout_G03,G03,250,3,1e-06,0.7,0.1,0.1,5.0,271.12169500000005,271.487587315552
G03_R0431,G03,LOGO,holdout_G03,G03,250,3,1e-06,0.7,0.2,0.1,5.0,855.49894,855.4551319814674
G03_R0432,G03,LOGO,holdout_G03,G03,250,3,1e-06,0.7,0.3,0.1,5.0,1810.35386,1810.6018722240292
G03_R0433,G03,LOGO,holdout_G03,G03,250,6,0.001,0.85,0.1,0.1,5.0,45.389368000000005,45.751837293171
G03_R0434,G03,LOGO,holdout_G03,G03,250,6,0.001,0.85,0.2,0.1,5.0,65.975935,66.31302622807705
G03_R0435,G03,LOGO,holdout_G03,G03,250,6,0.001,0.85,0.3,0.1,5.0,97.245975,97.4461047910703
G03_R0436,G03,LOGO,holdout_G03,G03,250,6,0.001,0.8,0.1,0.1,5.0,45.652172,45.9554279528106
G03_R0437,G03,LOGO,holdout_G03,G03,250,6,0.001,0.8,0.2,0.1,5.0,66.472482,66.70442475480337
G03_R0438,G03,LOGO,holdout_G03,G03,250,6,0.001,0.8,0.3,0.1,5.0,98.151361,98.11867562291587
G03_R0439,G03,LOGO,holdout_G03,G03,250,6,0.001,0.75,0.1,0.1,5.0,45.932809000000006,46.30403194523628
G03_R0440,G03,LOGO,holdout_G03,G03,250,6,0.001,0.75,0.2,0.1,5.0,67.00683400000001,67.36336636040319
G03_R0441,G03,LOGO,holdout_G03,G03,250,6,0.001,0.75,0.3,0.1,5.0,99.133571,99.32936570772664
G03_R0442,G03,LOGO,holdout_G03,G03,250,6,0.001,0.7,0.1,0.1,5.0,46.234263,46.52911526191449
G03_R0443,G03,LOGO,holdout_G03,G03,250,6,0.001,0.7,0.2,0.1,5.0,67.58697000000001,67.79425239831889
G03_R0444,G03,LOGO,holdout_G03,G03,250,6,0.001,0.7,0.3,0.1,5.0,100.211552,100.1375318583211
G03_R0445,G03,LOGO,holdout_G03,G03,250,6,0.0001,0.85,0.1,0.1,5.0,56.037237,56.50419793251872
G03_R0446,G03,LOGO,holdout_G03,G03,250,6,0.0001,0.85,0.2,0.1,5.0,87.449253,88.15023022104631
G03_R0447,G03,LOGO,holdout_G03,G03,250,6,0.0001,0.85,0.3,0.1,5.0,137.26742199999998,138.35645593001354
G03_R0448,G03,LOGO,holdout_G03,G03,250,6,0.0001,0.8,0.1,0.1,5.0,56.227719,56.64983947951861
G03_R0449,G03,LOGO,holdout_G03,G03,250,6,0.0001,0.8,0.2,0.1,5.0,87.945533,88.53992080229608
G03_R0450,G03,LOGO,holdout_G03,G03,250,6,0.0001,0.8,0.3,0.1,5.0,138.255384,139.1237565025786
G03_R0451,G03,LOGO,holdout_G03,G03,250,6,0.0001,0.75,0.1,0.1,5.0,56.435052,56.909305615536425
G03_R0452,G03,LOGO,holdout_G03,G03,250,6,0.0001,0.75,0.2,0.1,5.0,88.50164,89.21260941815693
G03_R0453,G03,LOGO,holdout_G03,G03,250,6,0.0001,0.75,0.3,0.1,5.0,139.383154,140.50165610750236
G03_R0454,G03,LOGO,holdout_G03,G03,250,6,0.0001,0.7,0.1,0.1,5.0,56.664216,57.07893805751474
G03_R0455,G03,LOGO,holdout_G03,G03,250,6,0.0001,0.7,0.2,0.1,5.0,89.12956700000001,89.67927044440599
G03_R0456,G03,LOGO,holdout_G03,G03,250,6,0.0001,0.7,0.3,0.1,5.0,140.650701,141.42346485857422
G03_R0457,G03,LOGO,holdout_G03,G03,250,6,1e-05,0.85,0.1,0.1,5.0,81.998024,82.5423162764588
G03_R0458,G03,LOGO,holdout_G03,G03,250,6,1e-05,0.85,0.2,0.1,5.0,169.740165,170.6630248487978
G03_R0459,G03,LOGO,holdout_G03,G03,250,6,1e-05,0.85,0.3,0.1,5.0,309.63962,311.21272591970404
G03_R0460,G03,LOGO,holdout_G03,G03,250,6,1e-05,0.8,0.1,0.1,5.0,82.396416,82.83254561395735
G03_R0461,G03,LOGO,holdout_G03,G03,250,6,1e-05,0.8,0.2,0.1,5.0,170.98934,171.6288277890756
G03_R0462,G03,LOGO,holdout_G03,G03,250,6,1e-05,0.8,0.3,0.1,5.0,312.17861,313.10165783470404
G03_R0463,G03,LOGO,holdout_G03,G03,250,6,1e-05,0.75,0.1,0.1,5.0,82.850747,83.3923428275872
G03_R0464,G03,LOGO,holdout_G03,G03,250,6,1e-05,0.75,0.2,0.1,5.0,172.42844,173.39020710763924
G03_R0465,G03,LOGO,holdout_G03,G03,250,6,1e-05,0.75,0.3,0.1,5.0,315.10751,316.7844290894854
G03_R0466,G03,LOGO,holdout_G03,G03,250,6,1e-05,0.7,0.1,0.1,5.0,83.376009,83.78827721183849
G03_R0467,G03,LOGO,holdout_G03,G03,250,6,1e-05,0.7,0.2,0.1,5.0,174.10744,174.59703293680428
G03_R0468,G03,LOGO,holdout_G03,G03,250,6,1e-05,0.7,0.3,0.1,5.0,318.54631,319.24607498948126
G03_R0469,G03,LOGO,holdout_G03,G03,250,6,1e-06,0.85,0.1,0.1,5.0,266.242464,267.0664019227405
G03_R0470,G03,LOGO,holdout_G03,G03,250,6,1e-06,0.85,0.2,0.1,5.0,841.0599299999999,842.3460248524482
G03_R0471,G03,LOGO,holdout_G03,G03,250,6,1e-06,0.85,0.3,0.1,5.0,1782.05507,1784.009968597869
G03_R0472,G03,LOGO,holdout_G03,G03,250,6,1e-06,0.8,0.1,0.1,5.0,267.582225,268.0736555480557
G03_R0473,G03,LOGO,holdout_G03,G03,250,6,1e-06,0.8,0.2,0.1,5.0,845.1096200000001,845.6301118541613
G03_R0474,G03,LOGO,holdout_G03,G03,250,6,1e-06,0.8,0.3,0.1,5.0,1789.9546899999998,1790.553833786288
G03_R0475,G03,LOGO,holdout_G03,G03,250,6,1e-06,0.75,0.1,0.1,5.0,269.19196900000003,270.04817376063374
G03_R0476,G03,LOGO,holdout_G03,G03,250,6,1e-06,0.75,0.2,0.1,5.0,849.88929,850.5737625156029
G03_R0477,G03,LOGO,holdout_G03,G03,250,6,1e-06,0.75,0.3,0.1,5.0,1799.35429,1800.4062331964703
G03_R0478,G03,LOGO,holdout_G03,G03,250,6,1e-06,0.7,0.1,0.1,5.0,271.12169500000005,271.48863257621866
G03_R0479,G03,LOGO,holdout_G03,G03,250,6,1e-06,0.7,0.2,0.1,5.0,855.49894,855.4702752343842
G03_R0480,G03,LOGO,holdout_G03,G03,250,6,1e-06,0.7,0.3,0.1,5.0,1810.35386,1810.6391371764105
G03_R0481,G03,LOGO,holdout_G03,G03,250,20,0.001,0.85,0.1,0.1,5.0,45.389368000000005,45.75364159894181
G03_R0482,G03,LOGO,holdout_G03,G03,250,20,0.001,0.85,0.2,0.1,5.0,65.975935,66.31321182836872
G03_R0483,G03,LOGO,holdout_G03,G03,250,20,0.001,0.85,0.3,0.1,5.0,97.245975,97.44873398377864
G03_R0484,G03,LOGO,holdout_G03,G03,250,20,0.001,0.8,0.1,0.1,5.0,45.652172,45.957687696706415
G03_R0485,G03,LOGO,holdout_G03,G03,250,20,0.001,0.8,0.2,0.1,5.0,66.472482,66.7037571148867
G03_R0486,G03,LOGO,holdout_G03,G03,250,20,0.001,0.8,0.3,0.1,5.0,98.151361,98.1213048156242
G03_R0487,G03,LOGO,holdout_G03,G03,250,20,0.001,0.75,0.1,0.1,5.0,45.932809000000006,46.30415564497438
G03_R0488,G03,LOGO,holdout_G03,G03,250,20,0.001,0.75,0.2,0.1,5.0,67.00683400000001,67.36521867640023
G03_R0489,G03,LOGO,holdout_G03,G03,250,20,0.001,0.75,0.3,0.1,5.0,99.133571,99.32688173562842
G03_R0490,G03,LOGO,holdout_G03,G03,250,20,0.001,0.7,0.1,0.1,5.0,46.234263,46.52897312602759
G03_R0491,G03,LOGO,holdout_G03,G03,250,20,0.001,0.7,0.2,0.1,5.0,67.58697000000001,67.79642903150341
G03_R0492,G03,LOGO,holdout_G03,G03,250,20,0.001,0.7,0.3,0.1,5.0,100.211552,100.1355321366693
G03_R0493,G03,LOGO,holdout_G03,G03,250,20,0.0001,0.85,0.1,0.1,5.0,56.037237,56.50264660468835
G03_R0494,G03,LOGO,holdout_G03,G03,250,20,0.0001,0.85,0.2,0.1,5.0,87.449253,88.1509680666495
G03_R0495,G03,LOGO,holdout_G03,G03,250,20,0.0001,0.85,0.3,0.1,5.0,137.26742199999998,138.35635302136774
G03_R0496,G03,LOGO,holdout_G03,G03,250,20,0.0001,0.8,0.1,0.1,5.0,56.227719,56.64828815168824
G03_R0497,G03,LOGO,holdout_G03,G03,250,20,0.0001,0.8,0.2,0.1,5.0,87.945533,88.54169350675343
G03_R0498,G03,LOGO,holdout_G03,G03,250,20,0.0001,0.8,0.3,0.1,5.0,138.255384,139.12045986143278
G03_R0499,G03,LOGO,holdout_G03,G03,250,20,0.0001,0.75,0.1,0.1,5.0,56.435052,56.907334023835055
G03_R0500,G03,LOGO,holdout_G03,G03,250,20,0.0001,0.75,0.2,0.1,5.0,88.50164,89.21282181685487
G03_R0501,G03,LOGO,holdout_G03,G03,250,20,0.0001,0.75,0.3,0.1,5.0,139.383154,140.4990459915961
G03_R0502,G03,LOGO,holdout_G03,G03,250,20,0.0001,0.7,0.1,0.1,5.0,56.664216,57.07661408675087
G03_R0503,G03,LOGO,holdout_G03,G03,250,20,0.0001,0.7,0.2,0.1,5.0,89.12956700000001,89.67948284310391
G03_R0504,G03,LOGO,holdout_G03,G03,250,20,0.0001,0.7,0.3,0.1,5.0,140.650701,141.42085474266796
G03_R0505,G03,LOGO,holdout_G03,G03,250,20,1e-05,0.85,0.1,0.1,5.0,81.998024,82.54230887739632
G03_R0506,G03,LOGO,holdout_G03,G03,250,20,1e-05,0.85,0.2,0.1,5.0,169.740165,170.6619680617144
G03_R0507,G03,LOGO,holdout_G03,G03,250,20,1e-05,0.85,0.3,0.1,5.0,309.63962,311.20393118143033
G03_R0508,G03,LOGO,holdout_G03,G03,250,20,1e-05,0.8,0.1,0.1,5.0,82.396416,82.83253821489487
G03_R0509,G03,LOGO,holdout_G03,G03,250,20,1e-05,0.8,0.2,0.1,5.0,170.98934,171.6288203894922
G03_R0510,G03,LOGO,holdout_G03,G03,250,20,1e-05,0.8,0.3,0.1,5.0,312.17861,313.10296557768027
G03_R0511,G03,LOGO,holdout_G03,G03,250,20,1e-05,0.75,0.1,0.1,5.0,82.850747,83.38669714110054
G03_R0512,G03,LOGO,holdout_G03,G03,250,20,1e-05,0.75,0.2,0.1,5.0,172.42844,173.37364824930594
G03_R0513,G03,LOGO,holdout_G03,G03,250,20,1e-05,0.75,0.3,0.1,5.0,315.10751,316.74707525264034
G03_R0514,G03,LOGO,holdout_G03,G03,250,20,1e-05,0.7,0.1,0.1,5.0,83.376009,83.78223640672682
G03_R0515,G03,LOGO,holdout_G03,G03,250,20,1e-05,0.7,0.2,0.1,5.0,174.10744,174.58307867430426
G03_R0516,G03,LOGO,holdout_G03,G03,250,20,1e-05,0.7,0.3,0.1,5.0,318.54631,319.20450409013614
G03_R0517,G03,LOGO,holdout_G03,G03,250,20,1e-06,0.85,0.1,0.1,5.0,266.242464,267.06357571760964
G03_R0518,G03,LOGO,holdout_G03,G03,250,20,1e-06,0.85,0.2,0.1,5.0,841.0599299999999,842.3293618864064
G03_R0519,G03,LOGO,holdout_G03,G03,250,20,1e-06,0.85,0.3,0.1,5.0,1782.05507,1784.0091840272437
G03_R0520,G03,LOGO,holdout_G03,G03,250,20,1e-06,0.8,0.1,0.1,5.0,267.582225,268.0731081570915
G03_R0521,G03,LOGO,holdout_G03,G03,250,20,1e-06,0.8,0.2,0.1,5.0,845.1096200000001,845.6059632281195
G03_R0522,G03,LOGO,holdout_G03,G03,250,20,1e-06,0.8,0.3,0.1,5.0,1789.9546899999998,1790.5203891854542
G03_R0523,G03,LOGO,holdout_G03,G03,250,20,1e-06,0.75,0.1,0.1,5.0,269.19196900000003,270.0514128778956
G03_R0524,G03,LOGO,holdout_G03,G03,250,20,1e-06,0.75,0.2,0.1,5.0,849.88929,850.5848925829836
G03_R0525,G03,LOGO,holdout_G03,G03,250,20,1e-06,0.75,0.3,0.1,5.0,1799.35429,1800.4259584273043
G03_R0526,G03,LOGO,holdout_G03,G03,250,20,1e-06,0.7,0.1,0.1,5.0,271.12169500000005,271.4918716934805
G03_R0527,G03,LOGO,holdout_G03,G03,250,20,1e-06,0.7,0.2,0.1,5.0,855.49894,855.4824452228065
G03_R0528,G03,LOGO,holdout_G03,G03,250,20,1e-06,0.7,0.3,0.1,5.0,1810.35386,1810.678321956307
G03_R0529,G03,LOGO,holdout_G03,G03,250,50,0.001,0.85,0.1,0.1,5.0,45.389368000000005,45.75329954331683
G03_R0530,G03,LOGO,holdout_G03,G03,250,50,0.001,0.85,0.2,0.1,5.0,65.975935,66.31458201479234
G03_R0531,G03,LOGO,holdout_G03,G03,250,50,0.001,0.85,0.3,0.1,5.0,97.245975,97.4493420598203
G03_R0532,G03,LOGO,holdout_G03,G03,250,50,0.001,0.8,0.1,0.1,5.0,45.652172,45.95734564108144
G03_R0533,G03,LOGO,holdout_G03,G03,250,50,0.001,0.8,0.2,0.1,5.0,66.472482,66.70512730131033
G03_R0534,G03,LOGO,holdout_G03,G03,250,50,0.001,0.8,0.3,0.1,5.0,98.151361,98.12191289166589
G03_R0535,G03,LOGO,holdout_G03,G03,250,50,0.001,0.75,0.1,0.1,5.0,45.932809000000006,46.30297301826606
G03_R0536,G03,LOGO,holdout_G03,G03,250,50,0.001,0.75,0.2,0.1,5.0,67.00683400000001,67.3661938080669
G03_R0537,G03,LOGO,holdout_G03,G03,250,50,0.001,0.75,0.3,0.1,5.0,99.133571,99.32670239031587
G03_R0538,G03,LOGO,holdout_G03,G03,250,50,0.001,0.7,0.1,0.1,5.0,46.234263,46.52813255494426
G03_R0539,G03,LOGO,holdout_G03,G03,250,50,0.001,0.7,0.2,0.1,5.0,67.58697000000001,67.79740416317007
G03_R0540,G03,LOGO,holdout_G03,G03,250,50,0.001,0.7,0.3,0.1,5.0,100.211552,100.13400032260677
G03_R0541,G03,LOGO,holdout_G03,G03,250,50,0.0001,0.85,0.1,0.1,5.0,56.037237,56.50253095631333
G03_R0542,G03,LOGO,holdout_G03,G03,250,50,0.0001,0.85,0.2,0.1,5.0,87.449253,88.15094619085785
G03_R0543,G03,LOGO,holdout_G03,G03,250,50,0.0001,0.85,0.3,0.1,5.0,137.26742199999998,138.35465774745106
G03_R0544,G03,LOGO,holdout_G03,G03,250,50,0.0001,0.8,0.1,0.1,5.0,56.227719,56.648172503313226
G03_R0545,G03,LOGO,holdout_G03,G03,250,50,0.0001,0.8,0.2,0.1,5.0,87.945533,88.54167163096177
G03_R0546,G03,LOGO,holdout_G03,G03,250,50,0.0001,0.8,0.3,0.1,5.0,138.255384,139.1187645875161
G03_R0547,G03,LOGO,holdout_G03,G03,250,50,0.0001,0.75,0.1,0.1,5.0,56.435052,56.90784692610588
G03_R0548,G03,LOGO,holdout_G03,G03,250,50,0.0001,0.75,0.2,0.1,5.0,88.50164,89.21486499433404
G03_R0549,G03,LOGO,holdout_G03,G03,250,50,0.0001,0.75,0.3,0.1,5.0,139.383154,140.50187445915856
G03_R0550,G03,LOGO,holdout_G03,G03,250,50,0.0001,0.7,0.1,0.1,5.0,56.664216,57.0771269890217
G03_R0551,G03,LOGO,holdout_G03,G03,250,50,0.0001,0.7,0.2,0.1,5.0,89.12956700000001,89.6812475300831
G03_R0552,G03,LOGO,holdout_G03,G03,250,50,0.0001,0.7,0.3,0.1,5.0,140.650701,141.42474045054294
G03_R0553,G03,LOGO,holdout_G03,G03,250,50,1e-05,0.85,0.1,0.1,5.0,81.998024,82.54091501389632
G03_R0554,G03,LOGO,holdout_G03,G03,250,50,1e-05,0.85,0.2,0.1,5.0,169.740165,170.6684305100478
G03_R0555,G03,LOGO,holdout_G03,G03,250,50,1e-05,0.85,0.3,0.1,5.0,309.63962,311.2039160685732
G03_R0556,G03,LOGO,holdout_G03,G03,250,50,1e-05,0.8,0.1,0.1,5.0,82.396416,82.83128663201987
G03_R0557,G03,LOGO,holdout_G03,G03,250,50,1e-05,0.8,0.2,0.1,5.0,170.98934,171.63528283782563
G03_R0558,G03,LOGO,holdout_G03,G03,250,50,1e-05,0.8,0.3,0.1,5.0,312.17861,313.1029504648231
G03_R0559,G03,LOGO,holdout_G03,G03,250,50,1e-05,0.75,0.1,0.1,5.0,82.850747,83.38876850141304
G03_R0560,G03,LOGO,holdout_G03,G03,250,50,1e-05,0.75,0.2,0.1,5.0,172.42844,173.37278127097264
G03_R0561,G03,LOGO,holdout_G03,G03,250,50,1e-05,0.75,0.3,0.1,5.0,315.10751,316.7565757474321
G03_R0562,G03,LOGO,holdout_G03,G03,250,50,1e-05,0.7,0.1,0.1,5.0,83.376009,83.7848406795393
G03_R0563,G03,LOGO,holdout_G03,G03,250,50,1e-05,0.7,0.2,0.1,5.0,174.10744,174.58221169597095
G03_R0564,G03,LOGO,holdout_G03,G03,250,50,1e-05,0.7,0.3,0.1,5.0,318.54631,319.214004584928
G03_R0565,G03,LOGO,holdout_G03,G03,250,50,1e-06,0.85,0.1,0.1,5.0,266.242464,267.0589967936929
G03_R0566,G03,LOGO,holdout_G03,G03,250,50,1e-06,0.85,0.2,0.1,5.0,841.0599299999999,842.3245170728643
G03_R0567,G03,LOGO,holdout_G03,G03,250,50,1e-06,0.85,0.3,0.1,5.0,1782.05507,1784.0386711282845
G03_R0568,G03,LOGO,holdout_G03,G03,250,50,1e-06,0.8,0.1,0.1,5.0,267.582225,268.0696353087998
G03_R0569,G03,LOGO,holdout_G03,G03,250,50,1e-06,0.8,0.2,0.1,5.0,845.1096200000001,845.6373960885356
G03_R0570,G03,LOGO,holdout_G03,G03,250,50,1e-06,0.8,0.3,0.1,5.0,1789.9546899999998,1790.553871077953
G03_R0571,G03,LOGO,holdout_G03,G03,250,50,1e-06,0.75,0.1,0.1,5.0,269.19196900000003,270.0550517005205
G03_R0572,G03,LOGO,holdout_G03,G03,250,50,1e-06,0.75,0.2,0.1,5.0,849.88929,850.6389268061088
G03_R0573,G03,LOGO,holdout_G03,G03,250,50,1e-06,0.75,0.3,0.1,5.0,1799.35429,1800.5370761098047
G03_R0574,G03,LOGO,holdout_G03,G03,250,50,1e-06,0.7,0.1,0.1,5.0,271.12169500000005,271.4955105161054
G03_R0575,G03,LOGO,holdout_G03,G03,250,50,1e-06,0.7,0.2,0.1,5.0,855.49894,855.4994619994736
G03_R0576,G03,LOGO,holdout_G03,G03,250,50,1e-06,0.7,0.3,0.1,5.0,1810.35386,1810.7209696202651
G03_R0577,G03,LOGO,holdout_G03,G03,500,3,0.001,0.85,0.1,0.1,5.0,110.567527,111.61843139791576
G03_R0578,G03,LOGO,holdout_G03,G03,500,3,0.001,0.85,0.2,0.1,5.0,164.566576,164.85055571165577
G03_R0579,G03,LOGO,holdout_G03,G03,500,3,0.001,0.85,0.3,0.1,5.0,245.6293,244.7508766049176
G03_R0580,G03,LOGO,holdout_G03,G03,500,3,0.001,0.8,0.1,0.1,5.0,111.323228,112.19460555019904
G03_R0581,G03,LOGO,holdout_G03,G03,500,3,0.001,0.8,0.2,0.1,5.0,166.062162,166.02859933740336
G03_R0582,G03,LOGO,holdout_G03,G03,500,3,0.001,0.8,0.3,0.1,5.0,248.4045,246.76953840420728
G03_R0583,G03,LOGO,holdout_G03,G03,500,3,0.001,0.75,0.1,0.1,5.0,112.128647,113.1909387239622
G03_R0584,G03,LOGO,holdout_G03,G03,500,3,0.001,0.75,0.2,0.1,5.0,167.667442,168.00116055016278
G03_R0585,G03,LOGO,holdout_G03,G03,500,3,0.001,0.75,0.3,0.1,5.0,251.42944,250.4505176530897
G03_R0586,G03,LOGO,holdout_G03,G03,500,3,0.001,0.7,0.1,0.1,5.0,112.983706,113.84195665731802
G03_R0587,G03,LOGO,holdout_G03,G03,500,3,0.001,0.7,0.2,0.1,5.0,169.402387,169.28482357103476
G03_R0588,G03,LOGO,holdout_G03,G03,500,3,0.001,0.7,0.3,0.1,5.0,254.7441,252.8778197843432
G03_R0589,G03,LOGO,holdout_G03,G03,500,3,0.0001,0.85,0.1,0.1,5.0,135.08116900000002,136.5175283353175
G03_R0590,G03,LOGO,holdout_G03,G03,500,3,0.0001,0.85,0.2,0.1,5.0,215.06,217.0829473063476
G03_R0591,G03,LOGO,holdout_G03,G03,500,3,0.0001,0.85,0.3,0.1,5.0,341.00779,343.63576635032155
G03_R0592,G03,LOGO,holdout_G03,G03,500,3,0.0001,0.8,0.1,0.1,5.0,135.71849,137.01172707827692
G03_R0593,G03,LOGO,holdout_G03,G03,500,3,0.0001,0.8,0.2,0.1,5.0,216.7877,218.4078194247728
G03_R0594,G03,LOGO,holdout_G03,G03,500,3,0.0001,0.8,0.3,0.1,5.0,344.51707,346.3861126440767
G03_R0595,G03,LOGO,holdout_G03,G03,500,3,0.0001,0.75,0.1,0.1,5.0,136.40555999999998,137.8271165882147
G03_R0596,G03,LOGO,holdout_G03,G03,500,3,0.0001,0.75,0.2,0.1,5.0,218.71518,220.74748766315503
G03_R0597,G03,LOGO,holdout_G03,G03,500,3,0.0001,0.75,0.3,0.1,5.0,348.4764,351.23868798142934
G03_R0598,G03,LOGO,holdout_G03,G03,500,3,0.0001,0.7,0.1,0.1,5.0,137.15236,138.39649357880825
G03_R0599,G03,LOGO,holdout_G03,G03,500,3,0.0001,0.7,0.2,0.1,5.0,220.9024,222.34047991762068
G03_R0600,G03,LOGO,holdout_G03,G03,500,3,0.0001,0.7,0.3,0.1,5.0,353.00581,354.5354950751766
G03_R0601,G03,LOGO,holdout_G03,G03,500,3,1e-05,0.85,0.1,0.1,5.0,194.98557,196.67868649629068
G03_R0602,G03,LOGO,holdout_G03,G03,500,3,1e-05,0.85,0.2,0.1,5.0,399.85627,402.6925258549262
G03_R0603,G03,LOGO,holdout_G03,G03,500,3,1e-05,0.85,0.3,0.1,5.0,721.97301,726.6426387066384
G03_R0604,G03,LOGO,holdout_G03,G03,500,3,1e-05,0.8,0.1,0.1,5.0,196.56448,197.9054799145633
G03_R0605,G03,LOGO,holdout_G03,G03,500,3,1e-05,0.8,0.2,0.1,5.0,404.53485,406.4248617397383
G03_R0606,G03,LOGO,holdout_G03,G03,500,3,1e-05,0.8,0.3,0.1,5.0,731.51152,733.8350211125471
G03_R0607,G03,LOGO,holdout_G03,G03,500,3,1e-05,0.75,0.1,0.1,5.0,198.26328,199.95273349571428
G03_R0608,G03,LOGO,holdout_G03,G03,500,3,1e-05,0.75,0.2,0.1,5.0,409.72331,412.63987875011145
G03_R0609,G03,LOGO,holdout_G03,G03,500,3,1e-05,0.75,0.3,0.1,5.0,742.13993,746.71007361191
G03_R0610,G03,LOGO,holdout_G03,G03,500,3,1e-05,0.7,0.1,0.1,5.0,199.98196,201.23011005920657
G03_R0611,G03,LOGO,holdout_G03,G03,500,3,1e-05,0.7,0.2,0.1,5.0,415.49162,416.86064020050713
G03_R0612,G03,LOGO,holdout_G03,G03,500,3,1e-05,0.7,0.3,0.1,5.0,754.30822,755.815546288997
G03_R0613,G03,LOGO,holdout_G03,G03,500,3,1e-06,0.85,0.1,0.1,5.0,582.6091899999999,585.3413440328226
G03_R0614,G03,LOGO,holdout_G03,G03,500,3,1e-06,0.85,0.2,0.1,5.0,1799.3655299999998,1803.0343366681752
G03_R0615,G03,LOGO,holdout_G03,G03,500,3,1e-06,0.85,0.3,0.1,5.0,3776.31334,3782.473584512479
G03_R0616,G03,LOGO,holdout_G03,G03,500,3,1e-06,0.8,0.1,0.1,5.0,587.5687399999999,588.9658800862969
G03_R0617,G03,LOGO,holdout_G03,G03,500,3,1e-06,0.8,0.2,0.1,5.0,1814.16496,1815.206357344125
G03_R0618,G03,LOGO,holdout_G03,G03,500,3,1e-06,0.8,0.3,0.1,5.0,3806.0127,3806.521927910512
G03_R0619,G03,LOGO,holdout_G03,G03,500,3,1e-06,0.75,0.1,0.1,5.0,593.40827,595.9841690885644
G03_R0620,G03,LOGO,holdout_G03,G03,500,3,1e-06,0.75,0.2,0.1,5.0,1831.26436,1833.2556888870795
G03_R0621,G03,LOGO,holdout_G03,G03,500,3,1e-06,0.75,0.3,0.1,5.0,3840.312,3840.679208597472
G03_R0622,G03,LOGO,holdout_G03,G03,500,3,1e-06,0.7,0.1,0.1,5.0,599.66777,600.6293329486098
G03_R0623,G03,LOGO,holdout_G03,G03,500,3,1e-06,0.7,0.2,0.1,5.0,1850.06371,1849.841178308204
G03_R0624,G03,LOGO,holdout_G03,G03,500,3,1e-06,0.7,0.3,0.1,5.0,3878.91125,3878.0182533475136
G03_R0625,G03,LOGO,holdout_G03,G03,500,6,0.001,0.85,0.1,0.1,5.0,110.567527,111.61862837672828
G03_R0626,G03,LOGO,holdout_G03,G03,500,6,0.001,0.85,0.2,0.1,5.0,164.566576,164.8507239346171
G03_R0627,G03,LOGO,holdout_G03,G03,500,6,0.001,0.85,0.3,0.1,5.0,245.6293,244.76336444658415
G03_R0628,G03,LOGO,holdout_G03,G03,500,6,0.001,0.8,0.1,0.1,5.0,111.323228,112.19398735501156
G03_R0629,G03,LOGO,holdout_G03,G03,500,6,0.001,0.8,0.2,0.1,5.0,166.062162,166.02876756036466
G03_R0630,G03,LOGO,holdout_G03,G03,500,6,0.001,0.8,0.3,0.1,5.0,248.4045,246.78448924587389
G03_R0631,G03,LOGO,holdout_G03,G03,500,6,0.001,0.75,0.1,0.1,5.0,112.128647,113.18765705248306
G03_R0632,G03,LOGO,holdout_G03,G03,500,6,0.001,0.75,0.2,0.1,5.0,167.667442,168.00349313278772
G03_R0633,G03,LOGO,holdout_G03,G03,500,6,0.001,0.75,0.3,0.1,5.0,251.42944,250.4601644030898
G03_R0634,G03,LOGO,holdout_G03,G03,500,6,0.001,0.7,0.1,0.1,5.0,112.983706,113.83884481438058
G03_R0635,G03,LOGO,holdout_G03,G03,500,6,0.001,0.7,0.2,0.1,5.0,169.402387,169.28614689428477
G03_R0636,G03,LOGO,holdout_G03,G03,500,6,0.001,0.7,0.3,0.1,5.0,254.7441,252.8874665343432
G03_R0637,G03,LOGO,holdout_G03,G03,500,6,0.0001,0.85,0.1,0.1,5.0,135.08116900000002,136.5172575826925
G03_R0638,G03,LOGO,holdout_G03,G03,500,6,0.0001,0.85,0.2,0.1,5.0,215.06,217.0821644119873
G03_R0639,G03,LOGO,holdout_G03,G03,500,6,0.0001,0.85,0.3,0.1,5.0,341.00779,343.63599812303
G03_R0640,G03,LOGO,holdout_G03,G03,500,6,0.0001,0.8,0.1,0.1,5.0,135.71849,137.0114563256519
G03_R0641,G03,LOGO,holdout_G03,G03,500,6,0.0001,0.8,0.2,0.1,5.0,216.7877,218.4070365304126
G03_R0642,G03,LOGO,holdout_G03,G03,500,6,0.0001,0.8,0.3,0.1,5.0,344.51707,346.38634441678505
G03_R0643,G03,LOGO,holdout_G03,G03,500,6,0.0001,0.75,0.1,0.1,5.0,136.40555999999998,137.82597794446465
G03_R0644,G03,LOGO,holdout_G03,G03,500,6,0.0001,0.75,0.2,0.1,5.0,218.71518,220.740609990655
G03_R0645,G03,LOGO,holdout_G03,G03,500,6,0.0001,0.75,0.3,0.1,5.0,348.4764,351.24244609767936
G03_R0646,G03,LOGO,holdout_G03,G03,500,6,0.0001,0.7,0.1,0.1,5.0,137.15236,138.3957842569332
G03_R0647,G03,LOGO,holdout_G03,G03,500,6,0.0001,0.7,0.2,0.1,5.0,220.9024,222.3336022451207
G03_R0648,G03,LOGO,holdout_G03,G03,500,6,0.0001,0.7,0.3,0.1,5.0,353.00581,354.5417321851766
G03_R0649,G03,LOGO,holdout_G03,G03,500,6,1e-05,0.85,0.1,0.1,5.0,194.98557,196.6733440087907
G03_R0650,G03,LOGO,holdout_G03,G03,500,6,1e-05,0.85,0.2,0.1,5.0,399.85627,402.7046308392121
G03_R0651,G03,LOGO,holdout_G03,G03,500,6,1e-05,0.85,0.3,0.1,5.0,721.97301,726.6238417743466
G03_R0652,G03,LOGO,holdout_G03,G03,500,6,1e-05,0.8,0.1,0.1,5.0,196.56448,197.89870527706327
G03_R0653,G03,LOGO,holdout_G03,G03,500,6,1e-05,0.8,0.2,0.1,5.0,404.53485,406.4272180212464
G03_R0654,G03,LOGO,holdout_G03,G03,500,6,1e-05,0.8,0.3,0.1,5.0,731.51152,733.8162241802555
G03_R0655,G03,LOGO,holdout_G03,G03,500,6,1e-05,0.75,0.1,0.1,5.0,198.26328,199.9437029144643
G03_R0656,G03,LOGO,holdout_G03,G03,500,6,1e-05,0.75,0.2,0.1,5.0,409.72331,412.63631711280976
G03_R0657,G03,LOGO,holdout_G03,G03,500,6,1e-05,0.75,0.3,0.1,5.0,742.13993,746.72618721066
G03_R0658,G03,LOGO,holdout_G03,G03,500,6,1e-05,0.7,0.1,0.1,5.0,199.98196,201.22107947795655
G03_R0659,G03,LOGO,holdout_G03,G03,500,6,1e-05,0.7,0.2,0.1,5.0,415.49162,416.8570785632055
G03_R0660,G03,LOGO,holdout_G03,G03,500,6,1e-05,0.7,0.3,0.1,5.0,754.30822,755.8236583356635
G03_R0661,G03,LOGO,holdout_G03,G03,500,6,1e-06,0.85,0.1,0.1,5.0,582.6091899999999,585.3179420653227
G03_R0662,G03,LOGO,holdout_G03,G03,500,6,1e-06,0.85,0.2,0.1,5.0,1799.3655299999998,1803.0019280629667
G03_R0663,G03,LOGO,holdout_G03,G03,500,6,1e-06,0.85,0.3,0.1,5.0,3776.31334,3782.4126572323
G03_R0664,G03,LOGO,holdout_G03,G03,500,6,1e-06,0.8,0.1,0.1,5.0,587.5687399999999,588.9512564562971
G03_R0665,G03,LOGO,holdout_G03,G03,500,6,1e-06,0.8,0.2,0.1,5.0,1814.16496,1815.1077049034996
G03_R0666,G03,LOGO,holdout_G03,G03,500,6,1e-06,0.8,0.3,0.1,5.0,3806.0127,3806.556263004082
G03_R0667,G03,LOGO,holdout_G03,G03,500,6,1e-06,0.75,0.1,0.1,5.0,593.40827,595.9922998515851
G03_R0668,G03,LOGO,holdout_G03,G03,500,6,1e-06,0.75,0.2,0.1,5.0,1831.26436,1833.0400239910373
G03_R0669,G03,LOGO,holdout_G03,G03,500,6,1e-06,0.75,0.3,0.1,5.0,3840.312,3840.910107152472
G03_R0670,G03,LOGO,holdout_G03,G03,500,6,1e-06,0.7,0.1,0.1,5.0,599.66777,600.645608807464
G03_R0671,G03,LOGO,holdout_G03,G03,500,6,1e-06,0.7,0.2,0.1,5.0,1850.06371,1849.7030735538287
G03_R0672,G03,LOGO,holdout_G03,G03,500,6,1e-06,0.7,0.3,0.1,5.0,3878.91125,3877.972263699387
G03_R0673,G03,LOGO,holdout_G03,G03,500,20,0.001,0.85,0.1,0.1,5.0,110.567527,111.62245791675804
G03_R0674,G03,LOGO,holdout_G03,G03,500,20,0.001,0.85,0.2,0.1,5.0,164.566576,164.85146376189954
G03_R0675,G03,LOGO,holdout_G03,G03,500,20,0.001,0.85,0.3,0.1,5.0,245.6293,244.7819217957509
G03_R0676,G03,LOGO,holdout_G03,G03,500,20,0.001,0.8,0.1,0.1,5.0,111.323228,112.1987638390413
G03_R0677,G03,LOGO,holdout_G03,G03,500,20,0.001,0.8,0.2,0.1,5.0,166.062162,166.02629264952233
G03_R0678,G03,LOGO,holdout_G03,G03,500,20,0.001,0.8,0.3,0.1,5.0,248.4045,246.80565839504052
G03_R0679,G03,LOGO,holdout_G03,G03,500,20,0.001,0.75,0.1,0.1,5.0,112.128647,113.19623339564072
G03_R0680,G03,LOGO,holdout_G03,G03,500,20,0.001,0.75,0.2,0.1,5.0,167.667442,167.9991184461984
G03_R0681,G03,LOGO,holdout_G03,G03,500,20,0.001,0.75,0.3,0.1,5.0,251.42944,250.46802721724023
G03_R0682,G03,LOGO,holdout_G03,G03,500,20,0.001,0.7,0.1,0.1,5.0,112.983706,113.8458927059251
G03_R0683,G03,LOGO,holdout_G03,G03,500,20,0.001,0.7,0.2,0.1,5.0,169.402387,169.28217591144542
G03_R0684,G03,LOGO,holdout_G03,G03,500,20,0.001,0.7,0.3,0.1,5.0,254.7441,252.89905974849367
G03_R0685,G03,LOGO,holdout_G03,G03,500,20,0.0001,0.85,0.1,0.1,5.0,135.08116900000002,136.52339710167183
G03_R0686,G03,LOGO,holdout_G03,G03,500,20,0.0001,0.85,0.2,0.1,5.0,215.06,217.08693137362425
G03_R0687,G03,LOGO,holdout_G03,G03,500,20,0.0001,0.85,0.3,0.1,5.0,341.00779,343.6454491736551
G03_R0688,G03,LOGO,holdout_G03,G03,500,20,0.0001,0.8,0.1,0.1,5.0,135.71849,137.0174390751311
G03_R0689,G03,LOGO,holdout_G03,G03,500,20,0.0001,0.8,0.2,0.1,5.0,216.7877,218.41837039820987
G03_R0690,G03,LOGO,holdout_G03,G03,500,20,0.0001,0.8,0.3,0.1,5.0,344.51707,346.39136486428515
G03_R0691,G03,LOGO,holdout_G03,G03,500,20,0.0001,0.75,0.1,0.1,5.0,136.40555999999998,137.8307772867563
G03_R0692,G03,LOGO,holdout_G03,G03,500,20,0.0001,0.75,0.2,0.1,5.0,218.71518,220.7554828805657
G03_R0693,G03,LOGO,holdout_G03,G03,500,20,0.0001,0.75,0.3,0.1,5.0,348.4764,351.2321901418163
G03_R0694,G03,LOGO,holdout_G03,G03,500,20,0.0001,0.7,0.1,0.1,5.0,137.15236,138.4009776546415
G03_R0695,G03,LOGO,holdout_G03,G03,500,20,0.0001,0.7,0.2,0.1,5.0,220.9024,222.34618544128136
G03_R0696,G03,LOGO,holdout_G03,G03,500,20,0.0001,0.7,0.3,0.1,5.0,353.00581,354.5314762293136
G03_R0697,G03,LOGO,holdout_G03,G03,500,20,1e-05,0.85,0.1,0.1,5.0,194.98557,196.6755346590685
G03_R0698,G03,LOGO,holdout_G03,G03,500,20,1e-05,0.85,0.2,0.1,5.0,399.85627,402.7072619078726
G03_R0699,G03,LOGO,holdout_G03,G03,500,20,1e-05,0.85,0.3,0.1,5.0,721.97301,726.6021052666088
G03_R0700,G03,LOGO,holdout_G03,G03,500,20,1e-05,0.8,0.1,0.1,5.0,196.56448,197.899791035079
G03_R0701,G03,LOGO,holdout_G03,G03,500,20,1e-05,0.8,0.2,0.1,5.0,404.61485,406.4472093244898
G03_R0702,G03,LOGO,holdout_G03,G03,500,20,1e-05,0.8,0.3,0.1,5.0,731.51152,733.7878450412676
G03_R0703,G03,LOGO,holdout_G03,G03,500,20,1e-05,0.75,0.1,0.1,5.0,198.26328,199.9616065517563
G03_R0704,G03,LOGO,holdout_G03,G03,500,20,1e-05,0.75,0.2,0.1,5.0,409.72331,412.63657746941607
G03_R0705,G03,LOGO,holdout_G03,G03,500,20,1e-05,0.75,0.3,0.1,5.0,742.13993,746.7628997206898
G03_R0706,G03,LOGO,holdout_G03,G03,500,20,1e-05,0.7,0.1,0.1,5.0,199.98196,201.23698262536752
G03_R0707,G03,LOGO,holdout_G03,G03,500,20,1e-05,0.7,0.2,0.1,5.0,415.49162,416.86249530909816
G03_R0708,G03,LOGO,holdout_G03,G03,500,20,1e-05,0.7,0.3,0.1,5.0,754.30822,755.8603708456934
G03_R0709,G03,LOGO,holdout_G03,G03,500,20,1e-06,0.85,0.1,0.1,5.0,582.6091899999999,585.2947789449962
G03_R0710,G03,LOGO,holdout_G03,G03,500,20,1e-06,0.85,0.2,0.1,5.0,1799.3655299999998,1802.9106896398268
G03_R0711,G03,LOGO,holdout_G03,G03,500,20,1e-06,0.85,0.3,0.1,5.0,3776.31334,3782.399573914709
G03_R0712,G03,LOGO,holdout_G03,G03,500,20,1e-06,0.8,0.1,0.1,5.0,587.5687399999999,588.9353367487678
G03_R0713,G03,LOGO,holdout_G03,G03,500,20,1e-06,0.8,0.2,0.1,5.0,1814.16496,1814.942202515151
G03_R0714,G03,LOGO,holdout_G03,G03,500,20,1e-06,0.8,0.3,0.1,5.0,3806.0127,3806.698631511909
G03_R0715,G03,LOGO,holdout_G03,G03,500,20,1e-06,0.75,0.1,0.1,5.0,593.40827,595.990566424575
G03_R0716,G03,LOGO,holdout_G03,G03,500,20,1e-06,0.75,0.2,0.1,5.0,1831.26436,1832.936104199772
G03_R0717,G03,LOGO,holdout_G03,G03,500,20,1e-06,0.75,0.3,0.1,5.0,3840.312,3840.7196891139006
G03_R0718,G03,LOGO,holdout_G03,G03,500,20,1e-06,0.7,0.1,0.1,5.0,599.66777,600.6455216762878
G03_R0719,G03,LOGO,holdout_G03,G03,500,20,1e-06,0.7,0.2,0.1,5.0,1850.06371,1849.730114710169
G03_R0720,G03,LOGO,holdout_G03,G03,500,20,1e-06,0.7,0.3,0.1,5.0,3878.91125,3877.824934150298
G03_R0721,G03,LOGO,holdout_G03,G03,500,50,0.001,0.85,0.1,0.1,5.0,110.567527,111.62138089302294
G03_R0722,G03,LOGO,holdout_G03,G03,500,50,0.001,0.85,0.2,0.1,5.0,164.566576,164.8508968461704
G03_R0723,G03,LOGO,holdout_G03,G03,500,50,0.001,0.85,0.3,0.1,5.0,245.6293,244.77772133991755
G03_R0724,G03,LOGO,holdout_G03,G03,500,50,0.001,0.8,0.1,0.1,5.0,111.323226,112.1976868153062
G03_R0725,G03,LOGO,holdout_G03,G03,500,50,0.001,0.8,0.2,0.1,5.0,166.062162,166.0257257337932
G03_R0726,G03,LOGO,holdout_G03,G03,500,50,0.001,0.8,0.3,0.1,5.0,248.4045,246.7994054392072
G03_R0727,G03,LOGO,holdout_G03,G03,500,50,0.001,0.75,0.1,0.1,5.0,112.128644,113.19238113249492
G03_R0728,G03,LOGO,holdout_G03,G03,500,50,0.001,0.75,0.2,0.1,5.0,167.667442,168.00052279444844
G03_R0729,G03,LOGO,holdout_G03,G03,500,50,0.001,0.75,0.3,0.1,5.0,251.42944,250.4656326339069
G03_R0730,G03,LOGO,holdout_G03,G03,500,50,0.001,0.7,0.1,0.1,5.0,112.993703,113.84195553017508
G03_R0731,G03,LOGO,holdout_G03,G03,500,50,0.001,0.7,0.2,0.1,5.0,169.402387,169.2838668244871
G03_R0732,G03,LOGO,holdout_G03,G03,500,50,0.001,0.7,0.3,0.1,5.0,254.7441,252.8966651651603
G03_R0733,G03,LOGO,holdout_G03,G03,500,50,0.0001,0.85,0.1,0.1,5.0,135.091168,136.51950176217184
G03_R0734,G03,LOGO,holdout_G03,G03,500,50,0.0001,0.85,0.2,0.1,5.0,215.06,217.08757157497843
G03_R0735,G03,LOGO,holdout_G03,G03,500,50,0.0001,0.85,0.3,0.1,5.0,341.00779,343.6243491536549
G03_R0736,G03,LOGO,holdout_G03,G03,500,50,0.0001,0.8,0.1,0.1,5.0,135.71849,137.01354373563112
G03_R0737,G03,LOGO,holdout_G03,G03,500,50,0.0001,0.8,0.2,0.1,5.0,216.7877,218.4183273870641
G03_R0738,G03,LOGO,holdout_G03,G03,500,50,0.0001,0.8,0.3,0.1,5.0,344.51707,346.370264844285
G03_R0739,G03,LOGO,holdout_G03,G03,500,50,0.0001,0.75,0.1,0.1,5.0,136.40555999999998,137.83335864217298
G03_R0740,G03,LOGO,holdout_G03,G03,500,50,0.0001,0.75,0.2,0.1,5.0,218.71518,220.76808013056572
G03_R0741,G03,LOGO,holdout_G03,G03,500,50,0.0001,0.75,0.3,0.1,5.0,348.4764,351.2385217534829
G03_R0742,G03,LOGO,holdout_G03,G03,500,50,0.0001,0.7,0.1,0.1,5.0,137.16236,138.4039883319332
G03_R0743,G03,LOGO,holdout_G03,G03,500,50,0.0001,0.7,0.2,0.1,5.0,220.9024,222.35757231628145
G03_R0744,G03,LOGO,holdout_G03,G03,500,50,0.0001,0.7,0.3,0.1,5.0,353.00581,354.53780784098024
G03_R0745,G03,LOGO,holdout_G03,G03,500,50,1e-05,0.85,0.1,0.1,5.0,195.02557,196.669994676628
G03_R0746,G03,LOGO,holdout_G03,G03,500,50,1e-05,0.85,0.2,0.1,5.0,399.85627,402.69757775224775
G03_R0747,G03,LOGO,holdout_G03,G03,500,50,1e-05,0.85,0.3,0.1,5.0,721.97301,726.6033331791086
G03_R0748,G03,LOGO,holdout_G03,G03,500,50,1e-05,0.8,0.1,0.1,5.0,196.57448,197.8948100276385
G03_R0749,G03,LOGO,holdout_G03,G03,500,50,1e-05,0.8,0.2,0.1,5.0,404.65485,406.43752516886497
G03_R0750,G03,LOGO,holdout_G03,G03,500,50,1e-05,0.8,0.3,0.1,5.0,731.51152,733.7890729537671
G03_R0751,G03,LOGO,holdout_G03,G03,500,50,1e-05,0.75,0.1,0.1,5.0,198.28328,199.94586644098257
G03_R0752,G03,LOGO,holdout_G03,G03,500,50,1e-05,0.75,0.2,0.1,5.0,409.76331,412.637432566916
G03_R0753,G03,LOGO,holdout_G03,G03,500,50,1e-05,0.75,0.3,0.1,5.0,742.13993,746.843296214023
G03_R0754,G03,LOGO,holdout_G03,G03,500,50,1e-05,0.7,0.1,0.1,5.0,200.00196,201.2267906491176
G03_R0755,G03,LOGO,holdout_G03,G03,500,50,1e-05,0.7,0.2,0.1,5.0,415.54162,416.86335040659816
G03_R0756,G03,LOGO,holdout_G03,G03,500,50,1e-05,0.7,0.3,0.1,5.0,754.30822,755.9376631609016
G03_R0757,G03,LOGO,holdout_G03,G03,500,50,1e-06,0.85,0.1,0.1,5.0,582.6191899999999,585.283820101663
G03_R0758,G03,LOGO,holdout_G03,G03,500,50,1e-06,0.85,0.2,0.1,5.0,1799.3655299999998,1802.9278826344105
G03_R0759,G03,LOGO,holdout_G03,G03,500,50,1e-06,0.85,0.3,0.1,5.0,3776.31334,3782.4805681876246
G03_R0760,G03,LOGO,holdout_G03,G03,500,50,1e-06,0.8,0.1,0.1,5.0,587.5787399999999,588.9182035054346
G03_R0761,G03,LOGO,holdout_G03,G03,500,50,1e-06,0.8,0.2,0.1,5.0,1814.16496,1814.9435562066096
G03_R0762,G03,LOGO,holdout_G03,G03,500,50,1e-06,0.8,0.3,0.1,5.0,3806.0127,3806.8528505837858
G03_R0763,G03,LOGO,holdout_G03,G03,500,50,1e-06,0.75,0.1,0.1,5.0,593.41827,595.9902818824919
G03_R0764,G03,LOGO,holdout_G03,G03,500,50,1e-06,0.75,0.2,0.1,5.0,1831.26436,1833.0846151481348
G03_R0765,G03,LOGO,holdout_G03,G03,500,50,1e-06,0.75,0.3,0.1,5.0,3840.312,3840.9382904064014
G03_R0766,G03,LOGO,holdout_G03,G03,500,50,1e-06,0.7,0.1,0.1,5.0,599.67777,600.656790242538
G03_R0767,G03,LOGO,holdout_G03,G03,500,50,1e-06,0.7,0.2,0.1,5.0,1850.06371,1849.8290714929065
G03_R0768,G03,LOGO,holdout_G03,G03,500,50,1e-06,0.7,0.3,0.1,5.0,3878.91125,3877.720950236551
G04_R0001,G04,LOGO,holdout_G04,G04,25,3,0.001,0.85,0.1,0.2,4.0,4.0947113,4.056826635826158
G04_R0002,G04,LOGO,holdout_G04,G04,25,3,0.001,0.85,0.2,0.2,4.0,5.8794465,5.815553613141925
G04_R0003,G04,LOGO,holdout_G04,G04,25,3,0.001,0.85,0.3,0.2,4.0,8.6489802,8.555209192184316
G04_R0004,G04,LOGO,holdout_G04,G04,25,3,0.001,0.8,0.1,0.2,4.0,4.1094925,4.068161356871996
G04_R0005,G04,LOGO,holdout_G04,G04,25,3,0.001,0.8,0.2,0.2,4.0,5.9083518,5.837537616775275
G04_R0006,G04,LOGO,holdout_G04,G04,25,3,0.001,0.8,0.3,0.2,4.0,8.6981418,8.591810314874731
G04_R0007,G04,LOGO,holdout_G04,G04,25,3,0.001,0.75,0.1,0.2,4.0,4.1249485,4.086910269587674
G04_R0008,G04,LOGO,holdout_G04,G04,25,3,0.001,0.75,0.2,0.2,4.0,5.9389199,5.87423259463988
G04_R0009,G04,LOGO,holdout_G04,G04,25,3,0.001,0.75,0.3,0.2,4.0,8.750560799999999,8.655482146111227
G04_R0010,G04,LOGO,holdout_G04,G04,25,3,0.001,0.7,0.1,0.2,4.0,4.141176,4.098657734050123
G04_R0011,G04,LOGO,holdout_G04,G04,25,3,0.001,0.7,0.2,0.2,4.0,5.9713457,5.89830464728565
G04_R0012,G04,LOGO,holdout_G04,G04,25,3,0.001,0.7,0.3,0.2,4.0,8.8068313,8.696685760823586
G04_R0013,G04,LOGO,holdout_G04,G04,25,3,0.0001,0.85,0.1,0.2,4.0,5.1825259,5.133622733203125
G04_R0014,G04,LOGO,holdout_G04,G04,25,3,0.0001,0.85,0.2,0.2,4.0,8.0369898,7.961493121784035
G04_R0015,G04,LOGO,holdout_G04,G04,25,3,0.0001,0.85,0.3,0.2,4.0,12.857629,12.723087558071349
G04_R0016,G04,LOGO,holdout_G04,G04,25,3,0.0001,0.8,0.1,0.2,4.0,5.193996299999999,5.1422371929388415
G04_R0017,G04,LOGO,holdout_G04,G04,25,3,0.0001,0.8,0.2,0.2,4.0,8.0580114,7.977880510421655
G04_R0018,G04,LOGO,holdout_G04,G04,25,3,0.0001,0.8,0.3,0.2,4.0,12.895281,12.752809327238204
G04_R0019,G04,LOGO,holdout_G04,G04,25,3,0.0001,0.75,0.1,0.2,4.0,5.206143,5.156718301310201
G04_R0020,G04,LOGO,holdout_G04,G04,25,3,0.0001,0.75,0.2,0.2,4.0,8.080504000000001,8.005031731274826
G04_R0021,G04,LOGO,holdout_G04,G04,25,3,0.0001,0.75,0.3,0.2,4.0,12.935897,12.801359370380856
G04_R0022,G04,LOGO,holdout_G04,G04,25,3,0.0001,0.7,0.1,0.2,4.0,5.219061900000001,5.166185433060145
G04_R0023,G04,LOGO,holdout_G04,G04,25,3,0.0001,0.7,0.2,0.2,4.0,8.104763,8.022966014414067
G04_R0024,G04,LOGO,holdout_G04,G04,25,3,0.0001,0.7,0.3,0.2,4.0,12.979471,12.834026959666664
G04_R0025,G04,LOGO,holdout_G04,G04,25,3,1e-05,0.85,0.1,0.2,4.0,7.534962999999999,7.480695847208409
G04_R0026,G04,LOGO,holdout_G04,G04,25,3,1e-05,0.85,0.2,0.2,4.0,15.557938,15.461170888043036
G04_R0027,G04,LOGO,holdout_G04,G04,25,3,1e-05,0.85,0.3,0.2,4.0,28.793528,28.65030755609504
G04_R0028,G04,LOGO,holdout_G04,G04,25,3,1e-05,0.8,0.1,0.2,4.0,7.546976,7.489595652791624
G04_R0029,G04,LOGO,holdout_G04,G04,25,3,1e-05,0.8,0.2,0.2,4.0,15.585818,15.482362542418269
G04_R0030,G04,LOGO,holdout_G04,G04,25,3,1e-05,0.8,0.3,0.2,4.0,28.843375,28.68795501826229
G04_R0031,G04,LOGO,holdout_G04,G04,25,3,1e-05,0.75,0.1,0.2,4.0,7.56038,7.505573741244306
G04_R0032,G04,LOGO,holdout_G04,G04,25,3,1e-05,0.75,0.2,0.2,4.0,15.616687,15.519621988363522
G04_R0033,G04,LOGO,holdout_G04,G04,25,3,1e-05,0.75,0.3,0.2,4.0,28.899207,28.754602899166667
G04_R0034,G04,LOGO,holdout_G04,G04,25,3,1e-05,0.7,0.1,0.2,4.0,7.575175000000001,7.516362318994296
G04_R0035,G04,LOGO,holdout_G04,G04,25,3,1e-05,0.7,0.2,0.2,4.0,15.651542999999998,15.545014789821623
G04_R0036,G04,LOGO,holdout_G04,G04,25,3,1e-05,0.7,0.3,0.2,4.0,28.963023,28.8026485999998
G04_R0037,G04,LOGO,holdout_G04,G04,25,3,1e-06,0.85,0.1,0.2,4.0,25.442321,25.616431601380395
G04_R0038,G04,LOGO,holdout_G04,G04,25,3,1e-06,0.85,0.2,0.2,4.0,80.868153,80.79164076253996
G04_R0039,G04,LOGO,holdout_G04,G04,25,3,1e-06,0.85,0.3,0.2,4.0,171.860148,171.72243376188027
G04_R0040,G04,LOGO,holdout_G04,G04,25,3,1e-06,0.8,0.1,0.2,4.0,25.498289,25.659964642213613
G04_R0041,G04,LOGO,holdout_G04,G04,25,3,1e-06,0.8,0.2,0.2,4.0,80.979111,80.87535671577
G04_R0042,G04,LOGO,holdout_G04,G04,25,3,1e-06,0.8,0.3,0.2,4.0,172.030096,171.8659485331276
G04_R0043,G04,LOGO,holdout_G04,G04,25,3,1e-06,0.75,0.1,0.2,4.0,25.560255,25.736032275187604
G04_R0044,G04,LOGO,holdout_G04,G04,25,3,1e-06,0.75,0.2,0.2,4.0,81.102066,81.02795677455745
G04_R0045,G04,LOGO,holdout_G04,G04,25,3,1e-06,0.75,0.3,0.2,4.0,172.22004,172.09599305926588
G04_R0046,G04,LOGO,holdout_G04,G04,25,3,1e-06,0.7,0.1,0.2,4.0,25.627219,25.78506491180083
G04_R0047,G04,LOGO,holdout_G04,G04,25,3,1e-06,0.7,0.2,0.2,4.0,81.238017,81.12841078327665
G04_R0048,G04,LOGO,holdout_G04,G04,25,3,1e-06,0.7,0.3,0.2,4.0,172.439979,172.26184662722343
G04_R0049,G04,LOGO,holdout_G04,G04,25,6,0.001,0.85,0.1,0.2,4.0,4.0947113,4.05683366003449
G04_R0050,G04,LOGO,holdout_G04,G04,25,6,0.001,0.85,0.2,0.2,4.0,5.8794465,5.815580339673176
G04_R0051,G04,LOGO,holdout_G04,G04,25,6,0.001,0.85,0.3,0.2,4.0,8.6489802,8.555316958107229
G04_R0052,G04,LOGO,holdout_G04,G04,25,6,0.001,0.8,0.1,0.2,4.0,4.1094925,4.068158842267827
G04_R0053,G04,LOGO,holdout_G04,G04,25,6,0.001,0.8,0.2,0.2,4.0,5.9083518,5.837564343306525
G04_R0054,G04,LOGO,holdout_G04,G04,25,6,0.001,0.8,0.3,0.2,4.0,8.6981418,8.591918080797647
G04_R0055,G04,LOGO,holdout_G04,G04,25,6,0.001,0.75,0.1,0.2,4.0,4.1249485,4.086887739225175
G04_R0056,G04,LOGO,holdout_G04,G04,25,6,0.001,0.75,0.2,0.2,4.0,5.9389199,5.874229258306546
G04_R0057,G04,LOGO,holdout_G04,G04,25,6,0.001,0.75,0.3,0.2,4.0,8.750560799999999,8.655421583628934
G04_R0058,G04,LOGO,holdout_G04,G04,25,6,0.001,0.7,0.1,0.2,4.0,4.141176,4.098635203687624
G04_R0059,G04,LOGO,holdout_G04,G04,25,6,0.001,0.7,0.2,0.2,4.0,5.9713457,5.898301310952317
G04_R0060,G04,LOGO,holdout_G04,G04,25,6,0.001,0.7,0.3,0.2,4.0,8.8068313,8.696657453778792
G04_R0061,G04,LOGO,holdout_G04,G04,25,6,0.0001,0.85,0.1,0.2,4.0,5.1825259,5.133603773869791
G04_R0062,G04,LOGO,holdout_G04,G04,25,6,0.0001,0.85,0.2,0.2,4.0,8.0369898,7.961449961084035
G04_R0063,G04,LOGO,holdout_G04,G04,25,6,0.0001,0.85,0.3,0.2,4.0,12.857629,12.723114231071348
G04_R0064,G04,LOGO,holdout_G04,G04,25,6,0.0001,0.8,0.1,0.2,4.0,5.193996299999999,5.142218233605508
G04_R0065,G04,LOGO,holdout_G04,G04,25,6,0.0001,0.8,0.2,0.2,4.0,8.0580114,7.977837349721654
G04_R0066,G04,LOGO,holdout_G04,G04,25,6,0.0001,0.8,0.3,0.2,4.0,12.895281,12.752869016904873
G04_R0067,G04,LOGO,holdout_G04,G04,25,6,0.0001,0.75,0.1,0.2,4.0,5.206143,5.156707697060202
G04_R0068,G04,LOGO,holdout_G04,G04,25,6,0.0001,0.75,0.2,0.2,4.0,8.080504000000001,8.004966557399827
G04_R0069,G04,LOGO,holdout_G04,G04,25,6,0.0001,0.75,0.3,0.2,4.0,12.935897,12.801306787404664
G04_R0070,G04,LOGO,holdout_G04,G04,25,6,0.0001,0.7,0.1,0.2,4.0,5.219061900000001,5.166174828810145
G04_R0071,G04,LOGO,holdout_G04,G04,25,6,0.0001,0.7,0.2,0.2,4.0,8.104763,8.022900840539068
G04_R0072,G04,LOGO,holdout_G04,G04,25,6,0.0001,0.7,0.3,0.2,4.0,12.979471,12.83397437669047
G04_R0073,G04,LOGO,holdout_G04,G04,25,6,1e-05,0.85,0.1,0.2,4.0,7.534962999999999,7.480687128470908
G04_R0074,G04,LOGO,holdout_G04,G04,25,6,1e-05,0.85,0.2,0.2,4.0,15.557938,15.461112712418036
G04_R0075,G04,LOGO,holdout_G04,G04,25,6,1e-05,0.85,0.3,0.2,4.0,28.793528,28.65023945834504
G04_R0076,G04,LOGO,holdout_G04,G04,25,6,1e-05,0.8,0.1,0.2,4.0,7.546976,7.489586934054124
G04_R0077,G04,LOGO,holdout_G04,G04,25,6,1e-05,0.8,0.2,0.2,4.0,15.585818,15.482282578043266
G04_R0078,G04,LOGO,holdout_G04,G04,25,6,1e-05,0.8,0.3,0.2,4.0,28.843375,28.68794923051229
G04_R0079,G04,LOGO,holdout_G04,G04,25,6,1e-05,0.75,0.1,0.2,4.0,7.56038,7.505601599160973
G04_R0080,G04,LOGO,holdout_G04,G04,25,6,1e-05,0.75,0.2,0.2,4.0,15.616687,15.519439383521272
G04_R0081,G04,LOGO,holdout_G04,G04,25,6,1e-05,0.75,0.3,0.2,4.0,28.899207,28.75430277275
G04_R0082,G04,LOGO,holdout_G04,G04,25,6,1e-05,0.7,0.1,0.2,4.0,7.575175000000001,7.516396680410963
G04_R0083,G04,LOGO,holdout_G04,G04,25,6,1e-05,0.7,0.2,0.2,4.0,15.651542999999998,15.544859570916872
G04_R0084,G04,LOGO,holdout_G04,G04,25,6,1e-05,0.7,0.3,0.2,4.0,28.963023,28.80234847358313
G04_R0085,G04,LOGO,holdout_G04,G04,25,6,1e-06,0.85,0.1,0.2,4.0,25.442321,25.61638112294289
G04_R0086,G04,LOGO,holdout_G04,G04,25,6,1e-06,0.85,0.2,0.2,4.0,80.868153,80.79226520053402
G04_R0087,G04,LOGO,holdout_G04,G04,25,6,1e-06,0.85,0.3,0.2,4.0,171.860148,171.72241501729695
G04_R0088,G04,LOGO,holdout_G04,G04,25,6,1e-06,0.8,0.1,0.2,4.0,25.498289,25.659991622526107
G04_R0089,G04,LOGO,holdout_G04,G04,25,6,1e-06,0.8,0.2,0.2,4.0,80.979111,80.87606674876405
G04_R0090,G04,LOGO,holdout_G04,G04,25,6,1e-06,0.8,0.3,0.2,4.0,172.030096,171.86592978854426
G04_R0091,G04,LOGO,holdout_G04,G04,25,6,1e-06,0.75,0.1,0.2,4.0,25.560255,25.73589478409236
G04_R0092,G04,LOGO,holdout_G04,G04,25,6,1e-06,0.75,0.2,0.2,4.0,81.102066,81.02852740789079
G04_R0093,G04,LOGO,holdout_G04,G04,25,6,1e-06,0.75,0.3,0.2,4.0,172.22004,172.09466883718258
G04_R0094,G04,LOGO,holdout_G04,G04,25,6,1e-06,0.7,0.1,0.2,4.0,25.627219,25.784927420705586
G04_R0095,G04,LOGO,holdout_G04,G04,25,6,1e-06,0.7,0.2,0.2,4.0,81.238017,81.12898141660999
G04_R0096,G04,LOGO,holdout_G04,G04,25,6,1e-06,0.7,0.3,0.2,4.0,172.439979,172.2605224051401
G04_R0097,G04,LOGO,holdout_G04,G04,25,20,0.001,0.85,0.1,0.2,4.0,4.0947113,4.056798434204134
G04_R0098,G04,LOGO,holdout_G04,G04,25,20,0.001,0.85,0.2,0.2,4.0,5.8794465,5.81560196137228
G04_R0099,G04,LOGO,holdout_G04,G04,25,20,0.001,0.85,0.3,0.2,4.0,8.6489802,8.555144498553263
G04_R0100,G04,LOGO,holdout_G04,G04,25,20,0.001,0.8,0.1,0.2,4.0,4.1094925,4.068133155249971
G04_R0101,G04,LOGO,holdout_G04,G04,25,20,0.001,0.8,0.2,0.2,4.0,5.9083518,5.837585965005629
G04_R0102,G04,LOGO,holdout_G04,G04,25,20,0.001,0.8,0.3,0.2,4.0,8.6981418,8.591792638910347
G04_R0103,G04,LOGO,holdout_G04,G04,25,20,0.001,0.75,0.1,0.2,4.0,4.1249485,4.086787528261881
G04_R0104,G04,LOGO,holdout_G04,G04,25,20,0.001,0.75,0.2,0.2,4.0,5.9389199,5.874131592005951
G04_R0105,G04,LOGO,holdout_G04,G04,25,20,0.001,0.75,0.3,0.2,4.0,8.750560799999999,8.655675336703336
G04_R0106,G04,LOGO,holdout_G04,G04,25,20,0.001,0.7,0.1,0.2,4.0,4.141176,4.098534992724329
G04_R0107,G04,LOGO,holdout_G04,G04,25,20,0.001,0.7,0.2,0.2,4.0,5.9713457,5.898191419776725
G04_R0108,G04,LOGO,holdout_G04,G04,25,20,0.001,0.7,0.3,0.2,4.0,8.8068313,8.696832884744861
G04_R0109,G04,LOGO,holdout_G04,G04,25,20,0.0001,0.85,0.1,0.2,4.0,5.1825259,5.133613045167411
G04_R0110,G04,LOGO,holdout_G04,G04,25,20,0.0001,0.85,0.2,0.2,4.0,8.0369898,7.96137934977332
G04_R0111,G04,LOGO,holdout_G04,G04,25,20,0.0001,0.85,0.3,0.2,4.0,12.857629,12.723063462714205
G04_R0112,G04,LOGO,holdout_G04,G04,25,20,0.0001,0.8,0.1,0.2,4.0,5.193996299999999,5.142225914265627
G04_R0113,G04,LOGO,holdout_G04,G04,25,20,0.0001,0.8,0.2,0.2,4.0,8.0580114,7.977756711660941
G04_R0114,G04,LOGO,holdout_G04,G04,25,20,0.0001,0.8,0.3,0.2,4.0,12.895281,12.752729934797731
G04_R0115,G04,LOGO,holdout_G04,G04,25,20,0.0001,0.75,0.1,0.2,4.0,5.206143,5.156759710246807
G04_R0116,G04,LOGO,holdout_G04,G04,25,20,0.0001,0.75,0.2,0.2,4.0,8.080504000000001,8.004908959037326
G04_R0117,G04,LOGO,holdout_G04,G04,25,20,0.0001,0.75,0.3,0.2,4.0,12.935897,12.801341101627878
G04_R0118,G04,LOGO,holdout_G04,G04,25,20,0.0001,0.7,0.1,0.2,4.0,5.219061900000001,5.16621937180925
G04_R0119,G04,LOGO,holdout_G04,G04,25,20,0.0001,0.7,0.2,0.2,4.0,8.104763,8.022843242176567
G04_R0120,G04,LOGO,holdout_G04,G04,25,20,0.0001,0.7,0.3,0.2,4.0,12.979471,12.834008690913686
G04_R0121,G04,LOGO,holdout_G04,G04,25,20,1e-05,0.85,0.1,0.2,4.0,7.534962999999999,7.480639912720909
G04_R0122,G04,LOGO,holdout_G04,G04,25,20,1e-05,0.85,0.2,0.2,4.0,15.557938,15.461148777574294
G04_R0123,G04,LOGO,holdout_G04,G04,25,20,1e-05,0.85,0.3,0.2,4.0,28.793528,28.65027439645217
G04_R0124,G04,LOGO,holdout_G04,G04,25,20,1e-05,0.8,0.1,0.2,4.0,7.546976,7.489559679970791
G04_R0125,G04,LOGO,holdout_G04,G04,25,20,1e-05,0.8,0.2,0.2,4.0,15.585818,15.482394379449524
G04_R0126,G04,LOGO,holdout_G04,G04,25,20,1e-05,0.8,0.3,0.2,4.0,28.843375,28.68788296586942
G04_R0127,G04,LOGO,holdout_G04,G04,25,20,1e-05,0.75,0.1,0.2,4.0,7.56038,7.505513583506214
G04_R0128,G04,LOGO,holdout_G04,G04,25,20,1e-05,0.75,0.2,0.2,4.0,15.616687,15.519491520006389
G04_R0129,G04,LOGO,holdout_G04,G04,25,20,1e-05,0.75,0.3,0.2,4.0,28.899207,28.754498272875004
G04_R0130,G04,LOGO,holdout_G04,G04,25,20,1e-05,0.7,0.1,0.2,4.0,7.575175000000001,7.516335017422871
G04_R0131,G04,LOGO,holdout_G04,G04,25,20,1e-05,0.7,0.2,0.2,4.0,15.651542999999998,15.544911707401988
G04_R0132,G04,LOGO,holdout_G04,G04,25,20,1e-05,0.7,0.3,0.2,4.0,28.963023,28.802543973708133
G04_R0133,G04,LOGO,holdout_G04,G04,25,20,1e-06,0.85,0.1,0.2,4.0,25.442321,25.61617431668991
G04_R0134,G04,LOGO,holdout_G04,G04,25,20,1e-06,0.85,0.2,0.2,4.0,80.868153,80.79184252200128
G04_R0135,G04,LOGO,holdout_G04,G04,25,20,1e-06,0.85,0.3,0.2,4.0,171.860148,171.72285035147553
G04_R0136,G04,LOGO,holdout_G04,G04,25,20,1e-06,0.8,0.1,0.2,4.0,25.498289,25.659801807273134
G04_R0137,G04,LOGO,holdout_G04,G04,25,20,1e-06,0.8,0.2,0.2,4.0,80.979111,80.8756440702313
G04_R0138,G04,LOGO,holdout_G04,G04,25,20,1e-06,0.8,0.3,0.2,4.0,172.030096,171.86635262438952
G04_R0139,G04,LOGO,holdout_G04,G04,25,20,1e-06,0.75,0.1,0.2,4.0,25.560255,25.73613099267569
G04_R0140,G04,LOGO,holdout_G04,G04,25,20,1e-06,0.75,0.2,0.2,4.0,81.102066,81.02802837709316
G04_R0141,G04,LOGO,holdout_G04,G04,25,20,1e-06,0.75,0.3,0.2,4.0,172.22004,172.09402785751593
G04_R0142,G04,LOGO,holdout_G04,G04,25,20,1e-06,0.7,0.1,0.2,4.0,25.627219,25.78520235866392
G04_R0143,G04,LOGO,holdout_G04,G04,25,20,1e-06,0.7,0.2,0.2,4.0,81.238017,81.12836492881237
G04_R0144,G04,LOGO,holdout_G04,G04,25,20,1e-06,0.7,0.3,0.2,4.0,172.439979,172.2594214555568
G04_R0145,G04,LOGO,holdout_G04,G04,25,50,0.001,0.85,0.1,0.2,4.0,4.0947113,4.056775798266635
G04_R0146,G04,LOGO,holdout_G04,G04,25,50,0.001,0.85,0.2,0.2,4.0,5.8794465,5.815513785145793
G04_R0147,G04,LOGO,holdout_G04,G04,25,50,0.001,0.85,0.3,0.2,4.0,8.6489802,8.5550800282866
G04_R0148,G04,LOGO,holdout_G04,G04,25,50,0.001,0.8,0.1,0.2,4.0,4.1094925,4.068110519312472
G04_R0149,G04,LOGO,holdout_G04,G04,25,50,0.001,0.8,0.2,0.2,4.0,5.9083518,5.837497788779142
G04_R0150,G04,LOGO,holdout_G04,G04,25,50,0.001,0.8,0.3,0.2,4.0,8.6981418,8.59172321697404
G04_R0151,G04,LOGO,holdout_G04,G04,25,50,0.001,0.75,0.1,0.2,4.0,4.1249485,4.086762141253547
G04_R0152,G04,LOGO,holdout_G04,G04,25,50,0.001,0.75,0.2,0.2,4.0,5.9389199,5.874174989380952
G04_R0153,G04,LOGO,holdout_G04,G04,25,50,0.001,0.75,0.3,0.2,4.0,8.750560799999999,8.6554624149087
G04_R0154,G04,LOGO,holdout_G04,G04,25,50,0.001,0.7,0.1,0.2,4.0,4.141176,4.098509605715996
G04_R0155,G04,LOGO,holdout_G04,G04,25,50,0.001,0.7,0.2,0.2,4.0,5.9713457,5.898271491776727
G04_R0156,G04,LOGO,holdout_G04,G04,25,50,0.001,0.7,0.3,0.2,4.0,8.8068313,8.696619962950225
G04_R0157,G04,LOGO,holdout_G04,G04,25,50,0.0001,0.85,0.1,0.2,4.0,5.1825259,5.133559442484078
G04_R0158,G04,LOGO,holdout_G04,G04,25,50,0.0001,0.85,0.2,0.2,4.0,8.0369898,7.96138981297332
G04_R0159,G04,LOGO,holdout_G04,G04,25,50,0.0001,0.85,0.3,0.2,4.0,12.857629,12.723203776142777
G04_R0160,G04,LOGO,holdout_G04,G04,25,50,0.0001,0.8,0.1,0.2,4.0,5.193996299999999,5.142187734957295
G04_R0161,G04,LOGO,holdout_G04,G04,25,50,0.0001,0.8,0.2,0.2,4.0,8.0580114,7.977767174860941
G04_R0162,G04,LOGO,holdout_G04,G04,25,50,0.0001,0.8,0.3,0.2,4.0,12.895281,12.7528702482263
G04_R0163,G04,LOGO,holdout_G04,G04,25,50,0.0001,0.75,0.1,0.2,4.0,5.206143,5.156801909353055
G04_R0164,G04,LOGO,holdout_G04,G04,25,50,0.0001,0.75,0.2,0.2,4.0,8.080504000000001,8.004875870762323
G04_R0165,G04,LOGO,holdout_G04,G04,25,50,0.0001,0.75,0.3,0.2,4.0,12.935897,12.80117223687788
G04_R0166,G04,LOGO,holdout_G04,G04,25,50,0.0001,0.7,0.1,0.2,4.0,5.219061900000001,5.1662615709154975
G04_R0167,G04,LOGO,holdout_G04,G04,25,50,0.0001,0.7,0.2,0.2,4.0,8.104763,8.022810153901565
G04_R0168,G04,LOGO,holdout_G04,G04,25,50,0.0001,0.7,0.3,0.2,4.0,12.979471,12.833888123663687
G04_R0169,G04,LOGO,holdout_G04,G04,25,50,1e-05,0.85,0.1,0.2,4.0,7.534962999999999,7.480576092783412
G04_R0170,G04,LOGO,holdout_G04,G04,25,50,1e-05,0.85,0.2,0.2,4.0,15.557938,15.46131273497013
G04_R0171,G04,LOGO,holdout_G04,G04,25,50,1e-05,0.85,0.3,0.2,4.0,28.793528,28.65031449703549
G04_R0172,G04,LOGO,holdout_G04,G04,25,50,1e-05,0.8,0.1,0.2,4.0,7.546976,7.489495860033294
G04_R0173,G04,LOGO,holdout_G04,G04,25,50,1e-05,0.8,0.2,0.2,4.0,15.585818,15.48252348059536
G04_R0174,G04,LOGO,holdout_G04,G04,25,50,1e-05,0.8,0.3,0.2,4.0,28.843375,28.68786075645275
G04_R0175,G04,LOGO,holdout_G04,G04,25,50,1e-05,0.75,0.1,0.2,4.0,7.56038,7.505411411506214
G04_R0176,G04,LOGO,holdout_G04,G04,25,50,1e-05,0.75,0.2,0.2,4.0,15.616687,15.519508640298042
G04_R0177,G04,LOGO,holdout_G04,G04,25,50,1e-05,0.75,0.3,0.2,4.0,28.899207,28.754710715833347
G04_R0178,G04,LOGO,holdout_G04,G04,25,50,1e-05,0.7,0.1,0.2,4.0,7.575175000000001,7.51623284542287
G04_R0179,G04,LOGO,holdout_G04,G04,25,50,1e-05,0.7,0.2,0.2,4.0,15.651542999999998,15.544943765193644
G04_R0180,G04,LOGO,holdout_G04,G04,25,50,1e-05,0.7,0.3,0.2,4.0,28.963023,28.80275641666648
G04_R0181,G04,LOGO,holdout_G04,G04,25,50,1e-06,0.85,0.1,0.2,4.0,25.442321,25.616015234794087
G04_R0182,G04,LOGO,holdout_G04,G04,25,50,1e-06,0.85,0.2,0.2,4.0,80.868153,80.79219239387628
G04_R0183,G04,LOGO,holdout_G04,G04,25,50,1e-06,0.85,0.3,0.2,4.0,171.860148,171.72239673255888
G04_R0184,G04,LOGO,holdout_G04,G04,25,50,1e-06,0.8,0.1,0.2,4.0,25.498289,25.6596427253773
G04_R0185,G04,LOGO,holdout_G04,G04,25,50,1e-06,0.8,0.2,0.2,4.0,80.979111,80.8759939421063
G04_R0186,G04,LOGO,holdout_G04,G04,25,50,1e-06,0.8,0.3,0.2,4.0,172.030096,171.86589900547287
G04_R0187,G04,LOGO,holdout_G04,G04,25,50,1e-06,0.75,0.1,0.2,4.0,25.560255,25.73616235375903
G04_R0188,G04,LOGO,holdout_G04,G04,25,50,1e-06,0.75,0.2,0.2,4.0,81.102066,81.02775161992649
G04_R0189,G04,LOGO,holdout_G04,G04,25,50,1e-06,0.75,0.3,0.2,4.0,172.22004,172.09437151376588
G04_R0190,G04,LOGO,holdout_G04,G04,25,50,1e-06,0.7,0.1,0.2,4.0,25.627219,25.785272449122257
G04_R0191,G04,LOGO,holdout_G04,G04,25,50,1e-06,0.7,0.2,0.2,4.0,81.238017,81.1280881716457
G04_R0192,G04,LOGO,holdout_G04,G04,25,50,1e-06,0.7,0.3,0.2,4.0,172.439979,172.25976511180673
G04_R0193,G04,LOGO,holdout_G04,G04,100,3,0.001,0.85,0.1,0.2,4.0,18.30901,17.914227158174423
G04_R0194,G04,LOGO,holdout_G04,G04,100,3,0.001,0.85,0.2,0.2,4.0,26.547066,26.07474612360288
G04_R0195,G04,LOGO,holdout_G04,G04,100,3,0.001,0.85,0.3,0.2,4.0,39.525698,39.05183474565269
G04_R0196,G04,LOGO,holdout_G04,G04,100,3,0.001,0.8,0.1,0.2,4.0,18.395998,17.97974542679944
G04_R0197,G04,LOGO,holdout_G04,G04,100,3,0.001,0.8,0.2,0.2,4.0,26.713999,26.20728693843609
G04_R0198,G04,LOGO,holdout_G04,G04,100,3,0.001,0.8,0.3,0.2,4.0,39.835638,39.29258946977715
G04_R0199,G04,LOGO,holdout_G04,G04,100,3,0.001,0.75,0.1,0.2,4.0,18.48991,18.091717748344948
G04_R0200,G04,LOGO,holdout_G04,G04,100,3,0.001,0.75,0.2,0.2,4.0,26.893847,26.417197288653888
G04_R0201,G04,LOGO,holdout_G04,G04,100,3,0.001,0.75,0.3,0.2,4.0,40.170498,39.69093692357677
G04_R0202,G04,LOGO,holdout_G04,G04,100,3,0.001,0.7,0.1,0.2,4.0,18.589737,18.16674307803262
G04_R0203,G04,LOGO,holdout_G04,G04,100,3,0.001,0.7,0.2,0.2,4.0,27.086602000000003,26.560421811716356
G04_R0204,G04,LOGO,holdout_G04,G04,100,3,0.001,0.7,0.3,0.2,4.0,40.532271,39.95974056232685
G04_R0205,G04,LOGO,holdout_G04,G04,100,3,0.0001,0.85,0.1,0.2,4.0,22.873401,22.36752161344465
G04_R0206,G04,LOGO,holdout_G04,G04,100,3,0.0001,0.85,0.2,0.2,4.0,35.616176,34.91149208270805
G04_R0207,G04,LOGO,holdout_G04,G04,100,3,0.0001,0.85,0.3,0.2,4.0,57.014529,56.06167618194403
G04_R0208,G04,LOGO,holdout_G04,G04,100,3,0.0001,0.8,0.1,0.2,4.0,22.931695,22.41252522640553
G04_R0209,G04,LOGO,holdout_G04,G04,100,3,0.0001,0.8,0.2,0.2,4.0,35.745357,35.00968554695806
G04_R0210,G04,LOGO,holdout_G04,G04,100,3,0.0001,0.8,0.3,0.2,4.0,57.262553,56.2499829680896
G04_R0211,G04,LOGO,holdout_G04,G04,100,3,0.0001,0.75,0.1,0.2,4.0,22.993918,22.48732326739275
G04_R0212,G04,LOGO,holdout_G04,G04,100,3,0.0001,0.75,0.2,0.2,4.0,35.885458,35.18070440292444
G04_R0213,G04,LOGO,holdout_G04,G04,100,3,0.0001,0.75,0.3,0.2,4.0,57.536482,56.58069920798293
G04_R0214,G04,LOGO,holdout_G04,G04,100,3,0.0001,0.7,0.1,0.2,4.0,23.062059,22.536058438476275
G04_R0215,G04,LOGO,holdout_G04,G04,100,3,0.0001,0.7,0.2,0.2,4.0,36.040467,35.29302219379924
G04_R0216,G04,LOGO,holdout_G04,G04,100,3,0.0001,0.7,0.3,0.2,4.0,57.8403,56.80101391251481
G04_R0217,G04,LOGO,holdout_G04,G04,100,3,1e-05,0.85,0.1,0.2,4.0,32.728905999999995,32.22556414389293
G04_R0218,G04,LOGO,holdout_G04,G04,100,3,1e-05,0.85,0.2,0.2,4.0,66.901586,66.08274158804215
G04_R0219,G04,LOGO,holdout_G04,G04,100,3,1e-05,0.85,0.3,0.2,4.0,123.045745,121.79678627816936
G04_R0220,G04,LOGO,holdout_G04,G04,100,3,1e-05,0.8,0.1,0.2,4.0,32.816631,32.29232821205836
G04_R0221,G04,LOGO,holdout_G04,G04,100,3,1e-05,0.8,0.2,0.2,4.0,67.15021800000001,66.27903770473854
G04_R0222,G04,LOGO,holdout_G04,G04,100,3,1e-05,0.8,0.3,0.2,4.0,123.535292,122.1785035634758
G04_R0223,G04,LOGO,holdout_G04,G04,100,3,1e-05,0.75,0.1,0.2,4.0,32.915329,32.415187854239235
G04_R0224,G04,LOGO,holdout_G04,G04,100,3,1e-05,0.75,0.2,0.2,4.0,67.435815,66.61518863522394
G04_R0225,G04,LOGO,holdout_G04,G04,100,3,1e-05,0.75,0.3,0.2,4.0,124.094799,122.8631584920311
G04_R0226,G04,LOGO,holdout_G04,G04,100,3,1e-05,0.7,0.1,0.2,4.0,33.027996,32.49315421590896
G04_R0227,G04,LOGO,holdout_G04,G04,100,3,1e-05,0.7,0.2,0.2,4.0,67.76437299999999,66.85912421950523
G04_R0228,G04,LOGO,holdout_G04,G04,100,3,1e-05,0.7,0.3,0.2,4.0,124.744257,123.32976491136507
G04_R0229,G04,LOGO,holdout_G04,G04,100,3,1e-06,0.85,0.1,0.2,4.0,105.067714,105.24418207899492
G04_R0230,G04,LOGO,holdout_G04,G04,100,3,1e-06,0.85,0.2,0.2,4.0,330.747791,330.0309738923284
G04_R0231,G04,LOGO,holdout_G04,G04,100,3,1e-06,0.85,0.3,0.2,4.0,700.9853019999999,699.853209195357
G04_R0232,G04,LOGO,holdout_G04,G04,100,3,1e-06,0.8,0.1,0.2,4.0,105.377614,105.48817918393313
G04_R0233,G04,LOGO,holdout_G04,G04,100,3,1e-06,0.8,0.2,0.2,4.0,331.557661,330.6654705812565
G04_R0234,G04,LOGO,holdout_G04,G04,100,3,1e-06,0.8,0.3,0.2,4.0,702.485145,700.9844729029642
G04_R0235,G04,LOGO,holdout_G04,G04,100,3,1e-06,0.75,0.1,0.2,4.0,105.737506,105.91081207655574
G04_R0236,G04,LOGO,holdout_G04,G04,100,3,1e-06,0.75,0.2,0.2,4.0,332.477521,331.7879659990424
G04_R0237,G04,LOGO,holdout_G04,G04,100,3,1e-06,0.75,0.3,0.2,4.0,704.214977,703.098041132241
G04_R0238,G04,LOGO,holdout_G04,G04,100,3,1e-06,0.7,0.1,0.2,4.0,106.127391,106.20566867493092
G04_R0239,G04,LOGO,holdout_G04,G04,100,3,1e-06,0.7,0.2,0.2,4.0,333.537369,332.5498671727931
G04_R0240,G04,LOGO,holdout_G04,G04,100,3,1e-06,0.7,0.3,0.2,4.0,706.214794,704.5852639444222
G04_R0241,G04,LOGO,holdout_G04,G04,100,6,0.001,0.85,0.1,0.2,4.0,18.30901,17.914079948486926
G04_R0242,G04,LOGO,holdout_G04,G04,100,6,0.001,0.85,0.2,0.2,4.0,26.547066,26.074725505727887
G04_R0243,G04,LOGO,holdout_G04,G04,100,6,0.001,0.85,0.3,0.2,4.0,39.525698,39.05117418098602
G04_R0244,G04,LOGO,holdout_G04,G04,100,6,0.001,0.8,0.1,0.2,4.0,18.395998,17.97954136898694
G04_R0245,G04,LOGO,holdout_G04,G04,100,6,0.001,0.8,0.2,0.2,4.0,26.713999,26.207266320561104
G04_R0246,G04,LOGO,holdout_G04,G04,100,6,0.001,0.8,0.3,0.2,4.0,39.835638,39.29192890511049
G04_R0247,G04,LOGO,holdout_G04,G04,100,6,0.001,0.75,0.1,0.2,4.0,18.48991,18.09236374815745
G04_R0248,G04,LOGO,holdout_G04,G04,100,6,0.001,0.75,0.2,0.2,4.0,26.893847,26.417984018570536
G04_R0249,G04,LOGO,holdout_G04,G04,100,6,0.001,0.75,0.3,0.2,4.0,40.170498,39.68957238280595
G04_R0250,G04,LOGO,holdout_G04,G04,100,6,0.001,0.7,0.1,0.2,4.0,18.589737,18.16727846159512
G04_R0251,G04,LOGO,holdout_G04,G04,100,6,0.001,0.7,0.2,0.2,4.0,27.086602000000003,26.561208541633
G04_R0252,G04,LOGO,holdout_G04,G04,100,6,0.001,0.7,0.3,0.2,4.0,40.532271,39.95837602155603
G04_R0253,G04,LOGO,holdout_G04,G04,100,6,0.0001,0.85,0.1,0.2,4.0,22.873401,22.36730014623633
G04_R0254,G04,LOGO,holdout_G04,G04,100,6,0.0001,0.85,0.2,0.2,4.0,35.616176,34.91141787570805
G04_R0255,G04,LOGO,holdout_G04,G04,100,6,0.0001,0.85,0.3,0.2,4.0,57.014529,56.06197151714193
G04_R0256,G04,LOGO,holdout_G04,G04,100,6,0.0001,0.8,0.1,0.2,4.0,22.931695,22.412291940090064
G04_R0257,G04,LOGO,holdout_G04,G04,100,6,0.0001,0.8,0.2,0.2,4.0,35.745357,35.00961133995806
G04_R0258,G04,LOGO,holdout_G04,G04,100,6,0.0001,0.8,0.3,0.2,4.0,57.262553,56.2502783032875
G04_R0259,G04,LOGO,holdout_G04,G04,100,6,0.0001,0.75,0.1,0.2,4.0,22.993918,22.487434476556444
G04_R0260,G04,LOGO,holdout_G04,G04,100,6,0.0001,0.75,0.2,0.2,4.0,35.885458,35.180787301757775
G04_R0261,G04,LOGO,holdout_G04,G04,100,6,0.0001,0.75,0.3,0.2,4.0,57.536482,56.57950058698293
G04_R0262,G04,LOGO,holdout_G04,G04,100,6,0.0001,0.7,0.1,0.2,4.0,23.062059,22.53613073201497
G04_R0263,G04,LOGO,holdout_G04,G04,100,6,0.0001,0.7,0.2,0.2,4.0,36.040467,35.293105092632565
G04_R0264,G04,LOGO,holdout_G04,G04,100,6,0.0001,0.7,0.3,0.2,4.0,57.8403,56.7998152915148
G04_R0265,G04,LOGO,holdout_G04,G04,100,6,1e-05,0.85,0.1,0.2,4.0,32.728905999999995,32.22507183930066
G04_R0266,G04,LOGO,holdout_G04,G04,100,6,1e-05,0.85,0.2,0.2,4.0,66.901586,66.08330552941716
G04_R0267,G04,LOGO,holdout_G04,G04,100,6,1e-05,0.85,0.3,0.2,4.0,123.045745,121.79709730754432
G04_R0268,G04,LOGO,holdout_G04,G04,100,6,1e-05,0.8,0.1,0.2,4.0,32.816631,32.29183590746609
G04_R0269,G04,LOGO,holdout_G04,G04,100,6,1e-05,0.8,0.2,0.2,4.0,67.15021800000001,66.27942438048855
G04_R0270,G04,LOGO,holdout_G04,G04,100,6,1e-05,0.8,0.3,0.2,4.0,123.535292,122.17854397951744
G04_R0271,G04,LOGO,holdout_G04,G04,100,6,1e-05,0.75,0.1,0.2,4.0,32.915329,32.414363048239245
G04_R0272,G04,LOGO,holdout_G04,G04,100,6,1e-05,0.75,0.2,0.2,4.0,67.435816,66.61651974780727
G04_R0273,G04,LOGO,holdout_G04,G04,100,6,1e-05,0.75,0.3,0.2,4.0,124.094799,122.8631947000311
G04_R0274,G04,LOGO,holdout_G04,G04,100,6,1e-05,0.7,0.1,0.2,4.0,33.027996,32.49232940990896
G04_R0275,G04,LOGO,holdout_G04,G04,100,6,1e-05,0.7,0.2,0.2,4.0,67.764374,66.86009797513023
G04_R0276,G04,LOGO,holdout_G04,G04,100,6,1e-05,0.7,0.3,0.2,4.0,124.744257,123.32980111936509
G04_R0277,G04,LOGO,holdout_G04,G04,100,6,1e-06,0.85,0.1,0.2,4.0,105.067714,105.24336898457824
G04_R0278,G04,LOGO,holdout_G04,G04,100,6,1e-06,0.85,0.2,0.2,4.0,330.747791,330.0334553869532
G04_R0279,G04,LOGO,holdout_G04,G04,100,6,1e-06,0.85,0.3,0.2,4.0,700.9853019999999,699.8409770725235
G04_R0280,G04,LOGO,holdout_G04,G04,100,6,1e-06,0.8,0.1,0.2,4.0,105.377614,105.48753271118312
G04_R0281,G04,LOGO,holdout_G04,G04,100,6,1e-06,0.8,0.2,0.2,4.0,331.557661,330.66928939338135
G04_R0282,G04,LOGO,holdout_G04,G04,100,6,1e-06,0.8,0.3,0.2,4.0,702.485145,700.9728657013808
G04_R0283,G04,LOGO,holdout_G04,G04,100,6,1e-06,0.75,0.1,0.2,4.0,105.737506,105.90886260305577
G04_R0284,G04,LOGO,holdout_G04,G04,100,6,1e-06,0.75,0.2,0.2,4.0,332.477521,331.7895213839175
G04_R0285,G04,LOGO,holdout_G04,G04,100,6,1e-06,0.75,0.3,0.2,4.0,704.214977,703.084350693324
G04_R0286,G04,LOGO,holdout_G04,G04,100,6,1e-06,0.7,0.1,0.2,4.0,106.127391,106.20371920143096
G04_R0287,G04,LOGO,holdout_G04,G04,100,6,1e-06,0.7,0.2,0.2,4.0,333.53736999999995,332.55034147016806
G04_R0288,G04,LOGO,holdout_G04,G04,100,6,1e-06,0.7,0.3,0.2,4.0,706.214794,704.5715735055052
G04_R0289,G04,LOGO,holdout_G04,G04,100,20,0.001,0.85,0.1,0.2,4.0,18.309011,17.914298965671446
G04_R0290,G04,LOGO,holdout_G04,G04,100,20,0.001,0.85,0.2,0.2,4.0,26.547066,26.075345578552287
G04_R0291,G04,LOGO,holdout_G04,G04,100,20,0.001,0.85,0.3,0.2,4.0,39.525698,39.04973509367652
G04_R0292,G04,LOGO,holdout_G04,G04,100,20,0.001,0.8,0.1,0.2,4.0,18.395998,17.97976038617146
G04_R0293,G04,LOGO,holdout_G04,G04,100,20,0.001,0.8,0.2,0.2,4.0,26.713999,26.20761756105217
G04_R0294,G04,LOGO,holdout_G04,G04,100,20,0.001,0.8,0.3,0.2,4.0,39.835637,39.29078622696764
G04_R0295,G04,LOGO,holdout_G04,G04,100,20,0.001,0.75,0.1,0.2,4.0,18.48991,18.092148584094943
G04_R0296,G04,LOGO,holdout_G04,G04,100,20,0.001,0.75,0.2,0.2,4.0,26.893847,26.419338936778864
G04_R0297,G04,LOGO,holdout_G04,G04,100,20,0.001,0.75,0.3,0.2,4.0,40.170498,39.69183567851427
G04_R0298,G04,LOGO,holdout_G04,G04,100,20,0.001,0.7,0.1,0.2,4.0,18.589737,18.167034873470115
G04_R0299,G04,LOGO,holdout_G04,G04,100,20,0.001,0.7,0.2,0.2,4.0,27.086602000000003,26.56252682275799
G04_R0300,G04,LOGO,holdout_G04,G04,100,20,0.001,0.7,0.3,0.2,4.0,40.532271,39.96063931726435
G04_R0301,G04,LOGO,holdout_G04,G04,100,20,0.0001,0.85,0.1,0.2,4.0,22.873401,22.367424053580564
G04_R0302,G04,LOGO,holdout_G04,G04,100,20,0.0001,0.85,0.2,0.2,4.0,35.617176,34.911505794100904
G04_R0303,G04,LOGO,holdout_G04,G04,100,20,0.0001,0.85,0.3,0.2,4.0,57.014529,56.0628067427461
G04_R0304,G04,LOGO,holdout_G04,G04,100,20,0.0001,0.8,0.1,0.2,4.0,22.931695,22.41245721430929
G04_R0305,G04,LOGO,holdout_G04,G04,100,20,0.0001,0.8,0.2,0.2,4.0,35.745357,35.00977230285091
G04_R0306,G04,LOGO,holdout_G04,G04,100,20,0.0001,0.8,0.3,0.2,4.0,57.262553,56.25098817889168
G04_R0307,G04,LOGO,holdout_G04,G04,100,20,0.0001,0.75,0.1,0.2,4.0,22.993918,22.48787865312489
G04_R0308,G04,LOGO,holdout_G04,G04,100,20,0.0001,0.75,0.2,0.2,4.0,35.885459,35.18020655308516
G04_R0309,G04,LOGO,holdout_G04,G04,100,20,0.0001,0.75,0.3,0.2,4.0,57.536482,56.580657300420434
G04_R0310,G04,LOGO,holdout_G04,G04,100,20,0.0001,0.7,0.1,0.2,4.0,23.062059,22.53657490858342
G04_R0311,G04,LOGO,holdout_G04,G04,100,20,0.0001,0.7,0.2,0.2,4.0,36.040467,35.292524343959954
G04_R0312,G04,LOGO,holdout_G04,G04,100,20,0.0001,0.7,0.3,0.2,4.0,57.840301,56.80105667651481
G04_R0313,G04,LOGO,holdout_G04,G04,100,20,1e-05,0.85,0.1,0.2,4.0,32.728905999999995,32.22550039460715
G04_R0314,G04,LOGO,holdout_G04,G04,100,20,1e-05,0.85,0.2,0.2,4.0,66.901586,66.08460220922667
G04_R0315,G04,LOGO,holdout_G04,G04,100,20,1e-05,0.85,0.3,0.2,4.0,123.045746,121.79733827479424
G04_R0316,G04,LOGO,holdout_G04,G04,100,20,1e-05,0.8,0.1,0.2,4.0,32.816631,32.29238949746607
G04_R0317,G04,LOGO,holdout_G04,G04,100,20,1e-05,0.8,0.2,0.2,4.0,67.15021800000001,66.2809074848814
G04_R0318,G04,LOGO,holdout_G04,G04,100,20,1e-05,0.8,0.3,0.2,4.0,123.535293,122.17919086676736
G04_R0319,G04,LOGO,holdout_G04,G04,100,20,1e-05,0.75,0.1,0.2,4.0,32.915330000000004,32.414420163141024
G04_R0320,G04,LOGO,holdout_G04,G04,100,20,1e-05,0.75,0.2,0.2,4.0,67.435816,66.61572628490549
G04_R0321,G04,LOGO,holdout_G04,G04,100,20,1e-05,0.75,0.3,0.2,4.0,124.0948,122.86612288375127
G04_R0322,G04,LOGO,holdout_G04,G04,100,20,1e-05,0.7,0.1,0.2,4.0,33.027996,32.492609134019034
G04_R0323,G04,LOGO,holdout_G04,G04,100,20,1e-05,0.7,0.2,0.2,4.0,67.764374,66.85920852662429
G04_R0324,G04,LOGO,holdout_G04,G04,100,20,1e-05,0.7,0.3,0.2,4.0,124.744258,123.33272930308527
G04_R0325,G04,LOGO,holdout_G04,G04,100,20,1e-06,0.85,0.1,0.2,4.0,105.067714,105.24277796513772
G04_R0326,G04,LOGO,holdout_G04,G04,100,20,1e-06,0.85,0.2,0.2,4.0,330.747791,330.0301377584533
G04_R0327,G04,LOGO,holdout_G04,G04,100,20,1e-06,0.85,0.3,0.2,4.0,700.9853019999999,699.8514402978567
G04_R0328,G04,LOGO,holdout_G04,G04,100,20,1e-06,0.8,0.1,0.2,4.0,105.377614,105.48600445299262
G04_R0329,G04,LOGO,holdout_G04,G04,100,20,1e-06,0.8,0.2,0.2,4.0,331.557661,330.6656374355064
G04_R0330,G04,LOGO,holdout_G04,G04,100,20,1e-06,0.8,0.3,0.2,4.0,702.485146,700.982703982339
G04_R0331,G04,LOGO,holdout_G04,G04,100,20,1e-06,0.75,0.1,0.2,4.0,105.737506,105.90464798697832
G04_R0332,G04,LOGO,holdout_G04,G04,100,20,1e-06,0.75,0.2,0.2,4.0,332.477521,331.7895008618639
G04_R0333,G04,LOGO,holdout_G04,G04,100,20,1e-06,0.75,0.3,0.2,4.0,704.214978,703.0640965437229
G04_R0334,G04,LOGO,holdout_G04,G04,100,20,1e-06,0.7,0.1,0.2,4.0,106.127391,106.1997024449071
G04_R0335,G04,LOGO,holdout_G04,G04,100,20,1e-06,0.7,0.2,0.2,4.0,333.53736999999995,332.54960022311457
G04_R0336,G04,LOGO,holdout_G04,G04,100,20,1e-06,0.7,0.3,0.2,4.0,706.214795,704.5513193559041
G04_R0337,G04,LOGO,holdout_G04,G04,100,50,0.001,0.85,0.1,0.2,4.0,18.309011,17.914508661358937
G04_R0338,G04,LOGO,holdout_G04,G04,100,50,0.001,0.85,0.2,0.2,4.0,26.547066,26.074744223864776
G04_R0339,G04,LOGO,holdout_G04,G04,100,50,0.001,0.85,0.3,0.2,4.0,39.525698,39.048253519343184
G04_R0340,G04,LOGO,holdout_G04,G04,100,50,0.001,0.8,0.1,0.2,4.0,18.395998,17.979970081858955
G04_R0341,G04,LOGO,holdout_G04,G04,100,50,0.001,0.8,0.2,0.2,4.0,26.713999,26.207016206364656
G04_R0342,G04,LOGO,holdout_G04,G04,100,50,0.001,0.8,0.3,0.2,4.0,39.835637,39.28930465263431
G04_R0343,G04,LOGO,holdout_G04,G04,100,50,0.001,0.75,0.1,0.2,4.0,18.48991,18.092108173074102
G04_R0344,G04,LOGO,holdout_G04,G04,100,50,0.001,0.75,0.2,0.2,4.0,26.893847,26.419293754874108
G04_R0345,G04,LOGO,holdout_G04,G04,100,50,0.001,0.75,0.3,0.2,4.0,40.170498,39.69296779253507
G04_R0346,G04,LOGO,holdout_G04,G04,100,50,0.001,0.7,0.1,0.2,4.0,18.589737,18.16699446244928
G04_R0347,G04,LOGO,holdout_G04,G04,100,50,0.001,0.7,0.2,0.2,4.0,27.086602000000003,26.56248164085323
G04_R0348,G04,LOGO,holdout_G04,G04,100,50,0.001,0.7,0.3,0.2,4.0,40.532271,39.96244000295182
G04_R0349,G04,LOGO,holdout_G04,G04,100,50,0.0001,0.85,0.1,0.2,4.0,22.873401,22.36733838899724
G04_R0350,G04,LOGO,holdout_G04,G04,100,50,0.0001,0.85,0.2,0.2,4.0,35.617176,34.912379808389595
G04_R0351,G04,LOGO,holdout_G04,G04,100,50,0.0001,0.85,0.3,0.2,4.0,57.014529,56.06205933685029
G04_R0352,G04,LOGO,holdout_G04,G04,100,50,0.0001,0.8,0.1,0.2,4.0,22.931695,22.412371549725968
G04_R0353,G04,LOGO,holdout_G04,G04,100,50,0.0001,0.8,0.2,0.2,4.0,35.745357,35.0106463171396
G04_R0354,G04,LOGO,holdout_G04,G04,100,50,0.0001,0.8,0.3,0.2,4.0,57.262553,56.25024077299587
G04_R0355,G04,LOGO,holdout_G04,G04,100,50,0.0001,0.75,0.1,0.2,4.0,22.993918,22.48789225024989
G04_R0356,G04,LOGO,holdout_G04,G04,100,50,0.0001,0.75,0.2,0.2,4.0,35.885459,35.17986600958516
G04_R0357,G04,LOGO,holdout_G04,G04,100,50,0.0001,0.75,0.3,0.2,4.0,57.536482,56.579476114253794
G04_R0358,G04,LOGO,holdout_G04,G04,100,50,0.0001,0.7,0.1,0.2,4.0,23.062059,22.53663833779176
G04_R0359,G04,LOGO,holdout_G04,G04,100,50,0.0001,0.7,0.2,0.2,4.0,36.040467,35.29218380045996
G04_R0360,G04,LOGO,holdout_G04,G04,100,50,0.0001,0.7,0.3,0.2,4.0,57.840301,56.79927364951484
G04_R0361,G04,LOGO,holdout_G04,G04,100,50,1e-05,0.85,0.1,0.2,4.0,32.728905999999995,32.22549585859674
G04_R0362,G04,LOGO,holdout_G04,G04,100,50,1e-05,0.85,0.2,0.2,4.0,66.901586,66.08458623876834
G04_R0363,G04,LOGO,holdout_G04,G04,100,50,1e-05,0.85,0.3,0.2,4.0,123.045746,121.7981648726484
G04_R0364,G04,LOGO,holdout_G04,G04,100,50,1e-05,0.8,0.1,0.2,4.0,32.816631,32.292273526455645
G04_R0365,G04,LOGO,holdout_G04,G04,100,50,1e-05,0.8,0.2,0.2,4.0,67.15021800000001,66.28140085858973
G04_R0366,G04,LOGO,holdout_G04,G04,100,50,1e-05,0.8,0.3,0.2,4.0,123.535293,122.17940551587154
G04_R0367,G04,LOGO,holdout_G04,G04,100,50,1e-05,0.75,0.1,0.2,4.0,32.915330000000004,32.41458323397435
G04_R0368,G04,LOGO,holdout_G04,G04,100,50,1e-05,0.75,0.2,0.2,4.0,67.435816,66.6173433949055
G04_R0369,G04,LOGO,holdout_G04,G04,100,50,1e-05,0.75,0.3,0.2,4.0,124.0948,122.86556520375126
G04_R0370,G04,LOGO,holdout_G04,G04,100,50,1e-05,0.7,0.1,0.2,4.0,33.027996,32.49283390110236
G04_R0371,G04,LOGO,holdout_G04,G04,100,50,1e-05,0.7,0.2,0.2,4.0,67.764374,66.86070745954096
G04_R0372,G04,LOGO,holdout_G04,G04,100,50,1e-05,0.7,0.3,0.2,4.0,124.744258,123.33240475641858
G04_R0373,G04,LOGO,holdout_G04,G04,100,50,1e-06,0.85,0.1,0.2,4.0,105.067714,105.24234475909608
G04_R0374,G04,LOGO,holdout_G04,G04,100,50,1e-06,0.85,0.2,0.2,4.0,330.747791,330.03121884595333
G04_R0375,G04,LOGO,holdout_G04,G04,100,50,1e-06,0.85,0.3,0.2,4.0,700.9853019999999,699.8486655597316
G04_R0376,G04,LOGO,holdout_G04,G04,100,50,1e-06,0.8,0.1,0.2,4.0,105.377614,105.48603986632595
G04_R0377,G04,LOGO,holdout_G04,G04,100,50,1e-06,0.8,0.2,0.2,4.0,331.557661,330.6660498642565
G04_R0378,G04,LOGO,holdout_G04,G04,100,50,1e-06,0.8,0.3,0.2,4.0,702.485146,700.9799292442138
G04_R0379,G04,LOGO,holdout_G04,G04,100,50,1e-06,0.75,0.1,0.2,4.0,105.737506,105.90549150510331
G04_R0380,G04,LOGO,holdout_G04,G04,100,50,1e-06,0.75,0.2,0.2,4.0,332.477521,331.793062453864
G04_R0381,G04,LOGO,holdout_G04,G04,100,50,1e-06,0.75,0.3,0.2,4.0,704.214978,703.0632636182469
G04_R0382,G04,LOGO,holdout_G04,G04,100,50,1e-06,0.7,0.1,0.2,4.0,106.127391,106.20054596303213
G04_R0383,G04,LOGO,holdout_G04,G04,100,50,1e-06,0.7,0.2,0.2,4.0,333.53736999999995,332.5525868988646
G04_R0384,G04,LOGO,holdout_G04,G04,100,50,1e-06,0.7,0.3,0.2,4.0,706.214795,704.549067799803
G04_R0385,G04,LOGO,holdout_G04,G04,250,3,0.001,0.85,0.1,0.2,4.0,55.44657,53.86906479791524
G04_R0386,G04,LOGO,holdout_G04,G04,250,3,0.001,0.85,0.2,0.2,4.0,81.625957,80.2071493439347
G04_R0387,G04,LOGO,holdout_G04,G04,250,3,0.001,0.85,0.3,0.2,4.0,123.026142,122.4886102049567
G04_R0388,G04,LOGO,holdout_G04,G04,250,3,0.001,0.8,0.1,0.2,4.0,55.781194,54.11570249091473
G04_R0389,G04,LOGO,holdout_G04,G04,250,3,0.001,0.8,0.2,0.2,4.0,82.277829,80.71261828624873
G04_R0390,G04,LOGO,holdout_G04,G04,250,3,0.001,0.8,0.3,0.2,4.0,124.264264,123.41132039749829
G04_R0391,G04,LOGO,holdout_G04,G04,250,3,0.001,0.75,0.1,0.2,4.0,56.139635,54.53930344232143
G04_R0392,G04,LOGO,holdout_G04,G04,250,3,0.001,0.75,0.2,0.2,4.0,82.977583,81.53877344587436
G04_R0393,G04,LOGO,holdout_G04,G04,250,3,0.001,0.75,0.3,0.2,4.0,125.592298,125.0100893136657
G04_R0394,G04,LOGO,holdout_G04,G04,250,3,0.001,0.7,0.1,0.2,4.0,56.524884,54.829460866250265
G04_R0395,G04,LOGO,holdout_G04,G04,250,3,0.001,0.7,0.2,0.2,4.0,83.734167,82.08141944420935
G04_R0396,G04,LOGO,holdout_G04,G04,250,3,0.001,0.7,0.3,0.2,4.0,127.040237,126.10583217484611
G04_R0397,G04,LOGO,holdout_G04,G04,250,3,0.0001,0.85,0.1,0.2,4.0,68.24374399999999,66.14849041800943
G04_R0398,G04,LOGO,holdout_G04,G04,250,3,0.0001,0.85,0.2,0.2,4.0,107.570681,104.48969234871356
G04_R0399,G04,LOGO,holdout_G04,G04,250,3,0.0001,0.85,0.3,0.2,4.0,173.60053499999998,169.25466282807704
G04_R0400,G04,LOGO,holdout_G04,G04,250,3,0.0001,0.8,0.1,0.2,4.0,68.463213,66.31888194263134
G04_R0401,G04,LOGO,holdout_G04,G04,250,3,0.0001,0.8,0.2,0.2,4.0,108.119634,104.92778951033712
G04_R0402,G04,LOGO,holdout_G04,G04,250,3,0.0001,0.8,0.3,0.2,4.0,174.73209300000002,170.0679428274363
G04_R0403,G04,LOGO,holdout_G04,G04,250,3,0.0001,0.75,0.1,0.2,4.0,68.70152999999999,66.60417710710966
G04_R0404,G04,LOGO,holdout_G04,G04,250,3,0.0001,0.75,0.2,0.2,4.0,108.738563,105.6462994910206
G04_R0405,G04,LOGO,holdout_G04,G04,250,3,0.0001,0.75,0.3,0.2,4.0,175.993844,171.62942097129243
G04_R0406,G04,LOGO,holdout_G04,G04,250,3,0.0001,0.7,0.1,0.2,4.0,68.962672,66.79605934821132
G04_R0407,G04,LOGO,holdout_G04,G04,250,3,0.0001,0.7,0.2,0.2,4.0,109.427351,106.1663949381064
G04_R0408,G04,LOGO,holdout_G04,G04,250,3,0.0001,0.7,0.3,0.2,4.0,177.42581,172.66656539796134
G04_R0409,G04,LOGO,holdout_G04,G04,250,3,1e-05,0.85,0.1,0.2,4.0,95.451029,93.23027692834756
G04_R0410,G04,LOGO,holdout_G04,G04,250,3,1e-05,0.85,0.2,0.2,4.0,192.29868,188.8319700542341
G04_R0411,G04,LOGO,holdout_G04,G04,250,3,1e-05,0.85,0.3,0.2,4.0,350.77374,345.2709324647301
G04_R0412,G04,LOGO,holdout_G04,G04,250,3,1e-05,0.8,0.1,0.2,4.0,95.856438,93.53451890751302
G04_R0413,G04,LOGO,holdout_G04,G04,250,3,1e-05,0.8,0.2,0.2,4.0,193.57792,189.7666487999848
G04_R0414,G04,LOGO,holdout_G04,G04,250,3,1e-05,0.8,0.3,0.2,4.0,353.39302,347.2168056522337
G04_R0415,G04,LOGO,holdout_G04,G04,250,3,1e-05,0.75,0.1,0.2,4.0,96.318771,94.10672604224744
G04_R0416,G04,LOGO,holdout_G04,G04,250,3,1e-05,0.75,0.2,0.2,4.0,195.05709,191.5597231352288
G04_R0417,G04,LOGO,holdout_G04,G04,250,3,1e-05,0.75,0.3,0.2,4.0,356.42226,350.9652825772334
G04_R0418,G04,LOGO,holdout_G04,G04,250,3,1e-05,0.7,0.1,0.2,4.0,96.853032,94.4993154208205
G04_R0419,G04,LOGO,holdout_G04,G04,250,3,1e-05,0.7,0.2,0.2,4.0,196.78619,192.8576858094806
G04_R0420,G04,LOGO,holdout_G04,G04,250,3,1e-05,0.7,0.3,0.2,4.0,359.95146,353.58219611910994
G04_R0421,G04,LOGO,holdout_G04,G04,250,3,1e-06,0.85,0.1,0.2,4.0,280.450627,279.9352530824772
G04_R0422,G04,LOGO,holdout_G04,G04,250,3,1e-06,0.85,0.2,0.2,4.0,866.40768,863.3042003328972
G04_R0423,G04,LOGO,holdout_G04,G04,250,3,1e-06,0.85,0.3,0.2,4.0,1826.2476,1821.3416392790875
G04_R0424,G04,LOGO,holdout_G04,G04,250,3,1e-06,0.8,0.1,0.2,4.0,281.6604,280.8558046457915
G04_R0425,G04,LOGO,holdout_G04,G04,250,3,1e-06,0.8,0.2,0.2,4.0,870.40739,866.4104248150243
G04_R0426,G04,LOGO,holdout_G04,G04,250,3,1e-06,0.8,0.3,0.2,4.0,1834.24727,1827.265874844113
G04_R0427,G04,LOGO,holdout_G04,G04,250,3,1e-06,0.75,0.1,0.2,4.0,283.070156,282.641567012862
G04_R0428,G04,LOGO,holdout_G04,G04,250,3,1e-06,0.75,0.2,0.2,4.0,875.21708,872.3056546589718
G04_R0429,G04,LOGO,holdout_G04,G04,250,3,1e-06,0.75,0.3,0.2,4.0,1843.74692,1838.9211929634128
G04_R0430,G04,LOGO,holdout_G04,G04,250,3,1e-06,0.7,0.1,0.2,4.0,284.77989,283.9797920931488
G04_R0431,G04,LOGO,holdout_G04,G04,250,3,1e-06,0.7,0.2,0.2,4.0,880.91675,876.4173759054008
G04_R0432,G04,LOGO,holdout_G04,G04,250,3,1e-06,0.7,0.3,0.2,4.0,1854.84654,1847.1154648446336
G04_R0433,G04,LOGO,holdout_G04,G04,250,6,0.001,0.85,0.1,0.2,4.0,55.44657,53.86836565322774
G04_R0434,G04,LOGO,holdout_G04,G04,250,6,0.001,0.85,0.2,0.2,4.0,81.625957,80.20702765867773
G04_R0435,G04,LOGO,holdout_G04,G04,250,6,0.001,0.85,0.3,0.2,4.0,123.026142,122.48858461776916
G04_R0436,G04,LOGO,holdout_G04,G04,250,6,0.001,0.8,0.1,0.2,4.0,55.781194,54.11500334622723
G04_R0437,G04,LOGO,holdout_G04,G04,250,6,0.001,0.8,0.2,0.2,4.0,82.277829,80.71138946099174
G04_R0438,G04,LOGO,holdout_G04,G04,250,6,0.001,0.8,0.3,0.2,4.0,124.264264,123.41129481031076
G04_R0439,G04,LOGO,holdout_G04,G04,250,6,0.001,0.75,0.1,0.2,4.0,56.139635,54.53864381752975
G04_R0440,G04,LOGO,holdout_G04,G04,250,6,0.001,0.75,0.2,0.2,4.0,82.977583,81.5390856858674
G04_R0441,G04,LOGO,holdout_G04,G04,250,6,0.001,0.75,0.3,0.2,4.0,125.592298,125.00722462345732
G04_R0442,G04,LOGO,holdout_G04,G04,250,6,0.001,0.7,0.1,0.2,4.0,56.524884,54.82880124145859
G04_R0443,G04,LOGO,holdout_G04,G04,250,6,0.001,0.7,0.2,0.2,4.0,83.734167,82.08087194670242
G04_R0444,G04,LOGO,holdout_G04,G04,250,6,0.001,0.7,0.3,0.2,4.0,127.040237,126.10296748463774
G04_R0445,G04,LOGO,holdout_G04,G04,250,6,0.0001,0.85,0.1,0.2,4.0,68.24374399999999,66.14871153043802
G04_R0446,G04,LOGO,holdout_G04,G04,250,6,0.0001,0.85,0.2,0.2,4.0,107.570681,104.48832905252604
G04_R0447,G04,LOGO,holdout_G04,G04,250,6,0.0001,0.85,0.3,0.2,4.0,173.60053499999998,169.25357645205327
G04_R0448,G04,LOGO,holdout_G04,G04,250,6,0.0001,0.8,0.1,0.2,4.0,68.463213,66.31910305505993
G04_R0449,G04,LOGO,holdout_G04,G04,250,6,0.0001,0.8,0.2,0.2,4.0,108.119634,104.92642621414956
G04_R0450,G04,LOGO,holdout_G04,G04,250,6,0.0001,0.8,0.3,0.2,4.0,174.73209300000002,170.0668564514125
G04_R0451,G04,LOGO,holdout_G04,G04,250,6,0.0001,0.75,0.1,0.2,4.0,68.70152999999999,66.60470210309924
G04_R0452,G04,LOGO,holdout_G04,G04,250,6,0.0001,0.75,0.2,0.2,4.0,108.738563,105.64697426120809
G04_R0453,G04,LOGO,holdout_G04,G04,250,6,0.0001,0.75,0.3,0.2,4.0,175.993844,171.6318908941704
G04_R0454,G04,LOGO,holdout_G04,G04,250,6,0.0001,0.7,0.1,0.2,4.0,68.962672,66.7965843442009
G04_R0455,G04,LOGO,holdout_G04,G04,250,6,0.0001,0.7,0.2,0.2,4.0,109.427351,106.16706970829388
G04_R0456,G04,LOGO,holdout_G04,G04,250,6,0.0001,0.7,0.3,0.2,4.0,177.42581,172.66903532083933
G04_R0457,G04,LOGO,holdout_G04,G04,250,6,1e-05,0.85,0.1,0.2,4.0,95.451029,93.23053549781189
G04_R0458,G04,LOGO,holdout_G04,G04,250,6,1e-05,0.85,0.2,0.2,4.0,192.29868,188.8304808026092
G04_R0459,G04,LOGO,holdout_G04,G04,250,6,1e-05,0.85,0.3,0.2,4.0,350.77374,345.26458599181336
G04_R0460,G04,LOGO,holdout_G04,G04,250,6,1e-05,0.8,0.1,0.2,4.0,95.856438,93.53477747697734
G04_R0461,G04,LOGO,holdout_G04,G04,250,6,1e-05,0.8,0.2,0.2,4.0,193.57792,189.76623406835984
G04_R0462,G04,LOGO,holdout_G04,G04,250,6,1e-05,0.8,0.3,0.2,4.0,353.39302,347.210459179317
G04_R0463,G04,LOGO,holdout_G04,G04,250,6,1e-05,0.75,0.1,0.2,4.0,96.318771,94.10761817918792
G04_R0464,G04,LOGO,holdout_G04,G04,250,6,1e-05,0.75,0.2,0.2,4.0,195.05709,191.55842038206217
G04_R0465,G04,LOGO,holdout_G04,G04,250,6,1e-05,0.75,0.3,0.2,4.0,356.42226,350.9483053066083
G04_R0466,G04,LOGO,holdout_G04,G04,250,6,1e-05,0.7,0.1,0.2,4.0,96.853032,94.50025582942764
G04_R0467,G04,LOGO,holdout_G04,G04,250,6,1e-05,0.7,0.2,0.2,4.0,196.78619,192.856383056314
G04_R0468,G04,LOGO,holdout_G04,G04,250,6,1e-05,0.7,0.3,0.2,4.0,359.95146,353.5652592472348
G04_R0469,G04,LOGO,holdout_G04,G04,250,6,1e-06,0.85,0.1,0.2,4.0,280.450627,279.933349987123
G04_R0470,G04,LOGO,holdout_G04,G04,250,6,1e-06,0.85,0.2,0.2,4.0,866.40768,863.2838682703975
G04_R0471,G04,LOGO,holdout_G04,G04,250,6,1e-06,0.85,0.3,0.2,4.0,1826.2476,1821.345252297569
G04_R0472,G04,LOGO,holdout_G04,G04,250,6,1e-06,0.8,0.1,0.2,4.0,281.6604,280.85545130418734
G04_R0473,G04,LOGO,holdout_G04,G04,250,6,1e-06,0.8,0.2,0.2,4.0,870.40739,866.388084535858
G04_R0474,G04,LOGO,holdout_G04,G04,250,6,1e-06,0.8,0.3,0.2,4.0,1834.24727,1827.2694878625948
G04_R0475,G04,LOGO,holdout_G04,G04,250,6,1e-06,0.75,0.1,0.2,4.0,283.070156,282.641830755862
G04_R0476,G04,LOGO,holdout_G04,G04,250,6,1e-06,0.75,0.2,0.2,4.0,875.21708,872.2971040777219
G04_R0477,G04,LOGO,holdout_G04,G04,250,6,1e-06,0.75,0.3,0.2,4.0,1843.74692,1838.9777995271631
G04_R0478,G04,LOGO,holdout_G04,G04,250,6,1e-06,0.7,0.1,0.2,4.0,284.77989,283.9800558361487
G04_R0479,G04,LOGO,holdout_G04,G04,250,6,1e-06,0.7,0.2,0.2,4.0,880.91675,876.4088253241509
G04_R0480,G04,LOGO,holdout_G04,G04,250,6,1e-06,0.7,0.3,0.2,4.0,1854.84654,1847.1720714083835
G04_R0481,G04,LOGO,holdout_G04,G04,250,20,0.001,0.85,0.1,0.2,4.0,55.44657,53.87029140400897
G04_R0482,G04,LOGO,holdout_G04,G04,250,20,0.001,0.85,0.2,0.2,4.0,81.625957,80.21039706276109
G04_R0483,G04,LOGO,holdout_G04,G04,250,20,0.001,0.85,0.3,0.2,4.0,123.026142,122.49035649143582
G04_R0484,G04,LOGO,holdout_G04,G04,250,20,0.001,0.8,0.1,0.2,4.0,55.781194,54.11669628825846
G04_R0485,G04,LOGO,holdout_G04,G04,250,20,0.001,0.8,0.2,0.2,4.0,82.277829,80.71475886507511
G04_R0486,G04,LOGO,holdout_G04,G04,250,20,0.001,0.8,0.3,0.2,4.0,124.264264,123.41348171303991
G04_R0487,G04,LOGO,holdout_G04,G04,250,20,0.001,0.75,0.1,0.2,4.0,56.139635,54.53715818444642
G04_R0488,G04,LOGO,holdout_G04,G04,250,20,0.001,0.75,0.2,0.2,4.0,82.977583,81.53761673174243
G04_R0489,G04,LOGO,holdout_G04,G04,250,20,0.001,0.75,0.3,0.2,4.0,125.592298,124.99622160092062
G04_R0490,G04,LOGO,holdout_G04,G04,250,20,0.001,0.7,0.1,0.2,4.0,56.524884,54.827388868375245
G04_R0491,G04,LOGO,holdout_G04,G04,250,20,0.001,0.7,0.2,0.2,4.0,83.734167,82.0796895717441
G04_R0492,G04,LOGO,holdout_G04,G04,250,20,0.001,0.7,0.3,0.2,4.0,127.040237,126.09132539260104
G04_R0493,G04,LOGO,holdout_G04,G04,250,20,0.0001,0.85,0.1,0.2,4.0,68.24374399999999,66.14845834945397
G04_R0494,G04,LOGO,holdout_G04,G04,250,20,0.0001,0.85,0.2,0.2,4.0,107.570681,104.48773893357956
G04_R0495,G04,LOGO,holdout_G04,G04,250,20,0.0001,0.85,0.3,0.2,4.0,173.60053499999998,169.24494738743576
G04_R0496,G04,LOGO,holdout_G04,G04,250,20,0.0001,0.8,0.1,0.2,4.0,68.463213,66.31940289022171
G04_R0497,G04,LOGO,holdout_G04,G04,250,20,0.0001,0.8,0.2,0.2,4.0,108.119634,104.92643450203646
G04_R0498,G04,LOGO,holdout_G04,G04,250,20,0.0001,0.8,0.3,0.2,4.0,174.73209300000002,170.05822738679498
G04_R0499,G04,LOGO,holdout_G04,G04,250,20,0.0001,0.75,0.1,0.2,4.0,68.70152999999999,66.60371277660965
G04_R0500,G04,LOGO,holdout_G04,G04,250,20,0.0001,0.75,0.2,0.2,4.0,108.738563,105.65068982082416
G04_R0501,G04,LOGO,holdout_G04,G04,250,20,0.0001,0.75,0.3,0.2,4.0,175.993844,171.63374536242335
G04_R0502,G04,LOGO,holdout_G04,G04,250,20,0.0001,0.7,0.1,0.2,4.0,68.962672,66.79547188123219
G04_R0503,G04,LOGO,holdout_G04,G04,250,20,0.0001,0.7,0.2,0.2,4.0,109.427351,106.17039575957664
G04_R0504,G04,LOGO,holdout_G04,G04,250,20,0.0001,0.7,0.3,0.2,4.0,177.42581,172.67194870982144
G04_R0505,G04,LOGO,holdout_G04,G04,250,20,1e-05,0.85,0.1,0.2,4.0,95.451029,93.2315407032077
G04_R0506,G04,LOGO,holdout_G04,G04,250,20,1e-05,0.85,0.2,0.2,4.0,192.29868,188.82890807510023
G04_R0507,G04,LOGO,holdout_G04,G04,250,20,1e-05,0.85,0.3,0.2,4.0,350.77374,345.2447757047003
G04_R0508,G04,LOGO,holdout_G04,G04,250,20,1e-05,0.8,0.1,0.2,4.0,95.856438,93.53611602362317
G04_R0509,G04,LOGO,holdout_G04,G04,250,20,1e-05,0.8,0.2,0.2,4.0,193.58792,189.7646613408509
G04_R0510,G04,LOGO,holdout_G04,G04,250,20,1e-05,0.8,0.3,0.2,4.0,353.39302,347.1925359984539
G04_R0511,G04,LOGO,holdout_G04,G04,250,20,1e-05,0.75,0.1,0.2,4.0,96.318771,94.10821237319384
G04_R0512,G04,LOGO,holdout_G04,G04,250,20,1e-05,0.75,0.2,0.2,4.0,195.06709,191.5571805699388
G04_R0513,G04,LOGO,holdout_G04,G04,250,20,1e-05,0.75,0.3,0.2,4.0,356.42226,350.9707551939596
G04_R0514,G04,LOGO,holdout_G04,G04,250,20,1e-05,0.7,0.1,0.2,4.0,96.853032,94.50085002343356
G04_R0515,G04,LOGO,holdout_G04,G04,250,20,1e-05,0.7,0.2,0.2,4.0,196.79619,192.85384886369064
G04_R0516,G04,LOGO,holdout_G04,G04,250,20,1e-05,0.7,0.3,0.2,4.0,359.95146,353.58770913458613
G04_R0517,G04,LOGO,holdout_G04,G04,250,20,1e-06,0.85,0.1,0.2,4.0,280.450627,279.9388456663245
G04_R0518,G04,LOGO,holdout_G04,G04,250,20,1e-06,0.85,0.2,0.2,4.0,866.40768,863.2674812171239
G04_R0519,G04,LOGO,holdout_G04,G04,250,20,1e-06,0.85,0.3,0.2,4.0,1826.2476,1821.345490366884
G04_R0520,G04,LOGO,holdout_G04,G04,250,20,1e-06,0.8,0.1,0.2,4.0,281.6604,280.8609469833888
G04_R0521,G04,LOGO,holdout_G04,G04,250,20,1e-06,0.8,0.2,0.2,4.0,870.40739,866.3676810492511
G04_R0522,G04,LOGO,holdout_G04,G04,250,20,1e-06,0.8,0.3,0.2,4.0,1834.24727,1827.26457609691
G04_R0523,G04,LOGO,holdout_G04,G04,250,20,1e-06,0.75,0.1,0.2,4.0,283.070156,282.6498862330563
G04_R0524,G04,LOGO,holdout_G04,G04,250,20,1e-06,0.75,0.2,0.2,4.0,875.21708,872.2975865326323
G04_R0525,G04,LOGO,holdout_G04,G04,250,20,1e-06,0.75,0.3,0.2,4.0,1843.74692,1838.9581334950483
G04_R0526,G04,LOGO,holdout_G04,G04,250,20,1e-06,0.7,0.1,0.2,4.0,284.77989,283.9881113133431
G04_R0527,G04,LOGO,holdout_G04,G04,250,20,1e-06,0.7,0.2,0.2,4.0,880.91675,876.4097994061448
G04_R0528,G04,LOGO,holdout_G04,G04,250,20,1e-06,0.7,0.3,0.2,4.0,1854.84654,1847.1602384429357
G04_R0529,G04,LOGO,holdout_G04,G04,250,50,0.001,0.85,0.1,0.2,4.0,55.44657,53.87168290557148
G04_R0530,G04,LOGO,holdout_G04,G04,250,50,0.001,0.85,0.2,0.2,4.0,81.625957,80.20684728007362
G04_R0531,G04,LOGO,holdout_G04,G04,250,50,0.001,0.85,0.3,0.2,4.0,123.026142,122.48545329747756
G04_R0532,G04,LOGO,holdout_G04,G04,250,50,0.001,0.8,0.1,0.2,4.0,55.781194,54.11808778982097
G04_R0533,G04,LOGO,holdout_G04,G04,250,50,0.001,0.8,0.2,0.2,4.0,82.277829,80.7124203353043
G04_R0534,G04,LOGO,holdout_G04,G04,250,50,0.001,0.8,0.3,0.2,4.0,124.264264,123.40940857720666
G04_R0535,G04,LOGO,holdout_G04,G04,250,50,0.001,0.75,0.1,0.2,4.0,56.139635,54.5369020948214
G04_R0536,G04,LOGO,holdout_G04,G04,250,50,0.001,0.75,0.2,0.2,4.0,82.977583,81.53792962247161
G04_R0537,G04,LOGO,holdout_G04,G04,250,50,0.001,0.75,0.3,0.2,4.0,125.592298,124.99281097312894
G04_R0538,G04,LOGO,holdout_G04,G04,250,50,0.001,0.7,0.1,0.2,4.0,56.524884,54.82713277875024
G04_R0539,G04,LOGO,holdout_G04,G04,250,50,0.001,0.7,0.2,0.2,4.0,83.734167,82.08000246247327
G04_R0540,G04,LOGO,holdout_G04,G04,250,50,0.001,0.7,0.3,0.2,4.0,127.040237,126.0889798806427
G04_R0541,G04,LOGO,holdout_G04,G04,250,50,0.0001,0.85,0.1,0.2,4.0,68.24374399999999,66.14798229039145
G04_R0542,G04,LOGO,holdout_G04,G04,250,50,0.0001,0.85,0.2,0.2,4.0,107.570681,104.49039933307958
G04_R0543,G04,LOGO,holdout_G04,G04,250,50,0.0001,0.85,0.3,0.2,4.0,173.60053499999998,169.24201906431074
G04_R0544,G04,LOGO,holdout_G04,G04,250,50,0.0001,0.8,0.1,0.2,4.0,68.463212,66.31892683115917
G04_R0545,G04,LOGO,holdout_G04,G04,250,50,0.0001,0.8,0.2,0.2,4.0,108.119634,104.9302871359115
G04_R0546,G04,LOGO,holdout_G04,G04,250,50,0.0001,0.8,0.3,0.2,4.0,174.73209300000002,170.05675574283666
G04_R0547,G04,LOGO,holdout_G04,G04,250,50,0.0001,0.75,0.1,0.2,4.0,68.70152999999999,66.60380463781797
G04_R0548,G04,LOGO,holdout_G04,G04,250,50,0.0001,0.75,0.2,0.2,4.0,108.738564,105.65575401388668
G04_R0549,G04,LOGO,holdout_G04,G04,250,50,0.0001,0.75,0.3,0.2,4.0,175.993844,171.6323589049859
G04_R0550,G04,LOGO,holdout_G04,G04,250,50,0.0001,0.7,0.1,0.2,4.0,68.962672,66.7955637424405
G04_R0551,G04,LOGO,holdout_G04,G04,250,50,0.0001,0.7,0.2,0.2,4.0,109.427351,106.17507918763916
G04_R0552,G04,LOGO,holdout_G04,G04,250,50,0.0001,0.7,0.3,0.2,4.0,177.42581,172.6718676357173
G04_R0553,G04,LOGO,holdout_G04,G04,250,50,1e-05,0.85,0.1,0.2,4.0,95.452035,93.23309074682226
G04_R0554,G04,LOGO,holdout_G04,G04,250,50,1e-05,0.85,0.2,0.2,4.0,192.29868,188.82802012653775
G04_R0555,G04,LOGO,holdout_G04,G04,250,50,1e-05,0.85,0.3,0.2,4.0,350.77374,345.240228755742
G04_R0556,G04,LOGO,holdout_G04,G04,250,50,1e-05,0.8,0.1,0.2,4.0,95.857438,93.5373327259877
G04_R0557,G04,LOGO,holdout_G04,G04,250,50,1e-05,0.8,0.2,0.2,4.0,193.58792,189.7661806306218
G04_R0558,G04,LOGO,holdout_G04,G04,250,50,1e-05,0.8,0.3,0.2,4.0,353.39302,347.1901886432456
G04_R0559,G04,LOGO,holdout_G04,G04,250,50,1e-05,0.75,0.1,0.2,4.0,96.320771,94.10865682819386
G04_R0560,G04,LOGO,holdout_G04,G04,250,50,1e-05,0.75,0.2,0.2,4.0,195.06709,191.5623674304805
G04_R0561,G04,LOGO,holdout_G04,G04,250,50,1e-05,0.75,0.3,0.2,4.0,356.42226,350.9496809033345
G04_R0562,G04,LOGO,holdout_G04,G04,250,50,1e-05,0.7,0.1,0.2,4.0,96.856032,94.50129447843358
G04_R0563,G04,LOGO,holdout_G04,G04,250,50,1e-05,0.7,0.2,0.2,4.0,196.79619,192.8577913299823
G04_R0564,G04,LOGO,holdout_G04,G04,250,50,1e-05,0.7,0.3,0.2,4.0,359.95146,353.5717254200027
G04_R0565,G04,LOGO,holdout_G04,G04,250,50,1e-06,0.85,0.1,0.2,4.0,280.450627,279.93518788424115
G04_R0566,G04,LOGO,holdout_G04,G04,250,50,1e-06,0.85,0.2,0.2,4.0,866.40768,863.2619713794155
G04_R0567,G04,LOGO,holdout_G04,G04,250,50,1e-06,0.85,0.3,0.2,4.0,1826.2476,1821.3844205226876
G04_R0568,G04,LOGO,holdout_G04,G04,250,50,1e-06,0.8,0.1,0.2,4.0,281.6604,280.8574100013055
G04_R0569,G04,LOGO,holdout_G04,G04,250,50,1e-06,0.8,0.2,0.2,4.0,870.40739,866.3621712115425
G04_R0570,G04,LOGO,holdout_G04,G04,250,50,1e-06,0.8,0.3,0.2,4.0,1834.24727,1827.3035062527133
G04_R0571,G04,LOGO,holdout_G04,G04,250,50,1e-06,0.75,0.1,0.2,4.0,283.070156,282.6455123343778
G04_R0572,G04,LOGO,holdout_G04,G04,250,50,1e-06,0.75,0.2,0.2,4.0,875.21708,872.3094384022155
G04_R0573,G04,LOGO,holdout_G04,G04,250,50,1e-06,0.75,0.3,0.2,4.0,1843.74692,1839.007211134424
G04_R0574,G04,LOGO,holdout_G04,G04,250,50,1e-06,0.7,0.1,0.2,4.0,284.77989,283.98321244466456
G04_R0575,G04,LOGO,holdout_G04,G04,250,50,1e-06,0.7,0.2,0.2,4.0,880.91675,876.4279175684361
G04_R0576,G04,LOGO,holdout_G04,G04,250,50,1e-06,0.7,0.3,0.2,4.0,1854.84654,1847.1996705791855
G04_R0577,G04,LOGO,holdout_G04,G04,500,3,0.001,0.85,0.1,0.2,4.0,142.093539,137.07088857865108
G04_R0578,G04,LOGO,holdout_G04,G04,500,3,0.001,0.85,0.2,0.2,4.0,210.148251,207.37249516345548
G04_R0579,G04,LOGO,holdout_G04,G04,500,3,0.001,0.85,0.3,0.2,4.0,316.99584,318.68648239874807
G04_R0580,G04,LOGO,holdout_G04,G04,500,3,0.001,0.8,0.1,0.2,4.0,143.07872999999998,137.78083350641143
G04_R0581,G04,LOGO,holdout_G04,G04,500,3,0.001,0.8,0.2,0.2,4.0,212.074008,208.89142347075156
G04_R0582,G04,LOGO,holdout_G04,G04,500,3,0.001,0.8,0.3,0.2,4.0,320.55223,321.51033968410906
G04_R0583,G04,LOGO,holdout_G04,G04,500,3,0.001,0.75,0.1,0.2,4.0,144.123571,138.99558091134216
G04_R0584,G04,LOGO,holdout_G04,G04,500,3,0.001,0.75,0.2,0.2,4.0,214.15956,211.3471188944172
G04_R0585,G04,LOGO,holdout_G04,G04,500,3,0.001,0.75,0.3,0.2,4.0,324.39831000000004,326.4047246666628
G04_R0586,G04,LOGO,holdout_G04,G04,500,3,0.001,0.7,0.1,0.2,4.0,145.24804,139.77196021612838
G04_R0587,G04,LOGO,holdout_G04,G04,500,3,0.001,0.7,0.2,0.2,4.0,216.42489,213.05151654441383
G04_R0588,G04,LOGO,holdout_G04,G04,500,3,0.001,0.7,0.3,0.2,4.0,328.60433,329.5457861916673
G04_R0589,G04,LOGO,holdout_G04,G04,500,3,0.0001,0.85,0.1,0.2,4.0,172.435759,165.73093637862092
G04_R0590,G04,LOGO,holdout_G04,G04,500,3,0.0001,0.85,0.2,0.2,4.0,275.054616,266.0911622057062
G04_R0591,G04,LOGO,holdout_G04,G04,500,3,0.0001,0.85,0.3,0.2,4.0,445.443973,435.36843393238166
G04_R0592,G04,LOGO,holdout_G04,G04,500,3,0.0001,0.8,0.1,0.2,4.0,173.132981,166.2703269204957
G04_R0593,G04,LOGO,holdout_G04,G04,500,3,0.0001,0.8,0.2,0.2,4.0,276.925877,267.49235513697687
G04_R0594,G04,LOGO,holdout_G04,G04,500,3,0.0001,0.8,0.3,0.2,4.0,449.325591,438.251274450689
G04_R0595,G04,LOGO,holdout_G04,G04,500,3,0.0001,0.75,0.1,0.2,4.0,173.88992000000002,167.1914579008945
G04_R0596,G04,LOGO,holdout_G04,G04,500,3,0.0001,0.75,0.2,0.2,4.0,278.997201,270.0494942834898
G04_R0597,G04,LOGO,holdout_G04,G04,500,3,0.0001,0.75,0.3,0.2,4.0,453.718543,443.59922545462376
G04_R0598,G04,LOGO,holdout_G04,G04,500,3,0.0001,0.7,0.1,0.2,4.0,174.72653000000005,167.8051897358906
G04_R0599,G04,LOGO,holdout_G04,G04,500,3,0.0001,0.7,0.2,0.2,4.0,281.378667,271.73891779815773
G04_R0600,G04,LOGO,holdout_G04,G04,500,3,0.0001,0.7,0.3,0.2,4.0,458.73303,447.257202388754
G04_R0601,G04,LOGO,holdout_G04,G04,500,3,1e-05,0.85,0.1,0.2,4.0,235.95608,228.6840402606344
G04_R0602,G04,LOGO,holdout_G04,G04,500,3,1e-05,0.85,0.2,0.2,4.0,467.88168,456.8700006147442
G04_R0603,G04,LOGO,holdout_G04,G04,500,3,1e-05,0.85,0.3,0.2,4.0,843.14757,825.6062832119788
G04_R0604,G04,LOGO,holdout_G04,G04,500,3,1e-05,0.8,0.1,0.2,4.0,237.36491,229.8072968046364
G04_R0605,G04,LOGO,holdout_G04,G04,500,3,1e-05,0.8,0.2,0.2,4.0,472.30065,460.2875531647411
G04_R0606,G04,LOGO,holdout_G04,G04,500,3,1e-05,0.8,0.3,0.2,4.0,852.3584,832.6384853572927
G04_R0607,G04,LOGO,holdout_G04,G04,500,3,1e-05,0.75,0.1,0.2,4.0,238.85364,231.6706295723799
G04_R0608,G04,LOGO,holdout_G04,G04,500,3,1e-05,0.75,0.2,0.2,4.0,477.34957,466.4150716409481
G04_R0609,G04,LOGO,holdout_G04,G04,500,3,1e-05,0.75,0.3,0.2,4.0,862.93957,845.5751683003601
G04_R0610,G04,LOGO,holdout_G04,G04,500,3,1e-05,0.7,0.1,0.2,4.0,240.56224,232.9479700304157
G04_R0611,G04,LOGO,holdout_G04,G04,500,3,1e-05,0.7,0.2,0.2,4.0,483.16846,470.65670820533074
G04_R0612,G04,LOGO,holdout_G04,G04,500,3,1e-05,0.7,0.3,0.2,4.0,875.22118,854.6240650798057
G04_R0613,G04,LOGO,holdout_G04,G04,500,3,1e-06,0.85,0.1,0.2,4.0,624.00442,620.8814536139557
G04_R0614,G04,LOGO,holdout_G04,G04,500,3,1e-06,0.85,0.2,0.2,4.0,1873.1415,1863.2733115052524
G04_R0615,G04,LOGO,holdout_G04,G04,500,3,1e-06,0.85,0.3,0.2,4.0,3906.07116,3889.781292173064
G04_R0616,G04,LOGO,holdout_G04,G04,500,3,1e-06,0.8,0.1,0.2,4.0,628.50396,624.3471518472737
G04_R0617,G04,LOGO,holdout_G04,G04,500,3,1e-06,0.8,0.2,0.2,4.0,1887.64093,1874.432321405216
G04_R0618,G04,LOGO,holdout_G04,G04,500,3,1e-06,0.8,0.3,0.2,4.0,3935.17053,3912.443541469266
G04_R0619,G04,LOGO,holdout_G04,G04,500,3,1e-06,0.75,0.1,0.2,4.0,633.4534699999999,630.6498449779106
G04_R0620,G04,LOGO,holdout_G04,G04,500,3,1e-06,0.75,0.2,0.2,4.0,1903.64032,1893.6017595396893
G04_R0621,G04,LOGO,holdout_G04,G04,500,3,1e-06,0.75,0.3,0.2,4.0,3967.96985,3951.7968208591074
G04_R0622,G04,LOGO,holdout_G04,G04,500,3,1e-06,0.7,0.1,0.2,4.0,638.90295,634.8899603098612
G04_R0623,G04,LOGO,holdout_G04,G04,500,3,1e-06,0.7,0.2,0.2,4.0,1922.13965,1907.7763790015647
G04_R0624,G04,LOGO,holdout_G04,G04,500,3,1e-06,0.7,0.3,0.2,4.0,4006.36913,3981.417354174833
G04_R0625,G04,LOGO,holdout_G04,G04,500,6,0.001,0.85,0.1,0.2,4.0,142.093539,137.07287324711834
G04_R0626,G04,LOGO,holdout_G04,G04,500,6,0.001,0.85,0.2,0.2,4.0,210.148251,207.37920385845555
G04_R0627,G04,LOGO,holdout_G04,G04,500,6,0.001,0.85,0.3,0.2,4.0,316.99584,318.6818698331232
G04_R0628,G04,LOGO,holdout_G04,G04,500,6,0.001,0.8,0.1,0.2,4.0,143.07872999999998,137.78281817487866
G04_R0629,G04,LOGO,holdout_G04,G04,500,6,0.001,0.8,0.2,0.2,4.0,212.074008,208.90203922616828
G04_R0630,G04,LOGO,holdout_G04,G04,500,6,0.001,0.8,0.3,0.2,4.0,320.55223,321.50572711848406
G04_R0631,G04,LOGO,holdout_G04,G04,500,6,0.001,0.75,0.1,0.2,4.0,144.123571,138.99406838730053
G04_R0632,G04,LOGO,holdout_G04,G04,500,6,0.001,0.75,0.2,0.2,4.0,214.15956,211.3603109690005
G04_R0633,G04,LOGO,holdout_G04,G04,500,6,0.001,0.75,0.3,0.2,4.0,324.39831000000004,326.4211134191628
G04_R0634,G04,LOGO,holdout_G04,G04,500,6,0.001,0.7,0.1,0.2,4.0,145.24804,139.7704476920867
G04_R0635,G04,LOGO,holdout_G04,G04,500,6,0.001,0.7,0.2,0.2,4.0,216.42489,213.0647086189972
G04_R0636,G04,LOGO,holdout_G04,G04,500,6,0.001,0.7,0.3,0.2,4.0,328.60433,329.5596890941673
G04_R0637,G04,LOGO,holdout_G04,G04,500,6,0.0001,0.85,0.1,0.2,4.0,172.435759,165.7292503041209
G04_R0638,G04,LOGO,holdout_G04,G04,500,6,0.0001,0.85,0.2,0.2,4.0,275.054616,266.0876210731883
G04_R0639,G04,LOGO,holdout_G04,G04,500,6,0.0001,0.85,0.3,0.2,4.0,445.443973,435.3779929952983
G04_R0640,G04,LOGO,holdout_G04,G04,500,6,0.0001,0.8,0.1,0.2,4.0,173.132981,166.26864084599566
G04_R0641,G04,LOGO,holdout_G04,G04,500,6,0.0001,0.8,0.2,0.2,4.0,276.925877,267.4873648933965
G04_R0642,G04,LOGO,holdout_G04,G04,500,6,0.0001,0.8,0.3,0.2,4.0,449.325591,438.2608335136057
G04_R0643,G04,LOGO,holdout_G04,G04,500,6,0.0001,0.75,0.1,0.2,4.0,173.88992000000002,167.1914579008945
G04_R0644,G04,LOGO,holdout_G04,G04,500,6,0.0001,0.75,0.2,0.2,4.0,278.997201,270.04910366426697
G04_R0645,G04,LOGO,holdout_G04,G04,500,6,0.0001,0.75,0.3,0.2,4.0,453.718543,443.610699339326
G04_R0646,G04,LOGO,holdout_G04,G04,500,6,0.0001,0.7,0.1,0.2,4.0,174.72653000000005,167.80518973589056
G04_R0647,G04,LOGO,holdout_G04,G04,500,6,0.0001,0.7,0.2,0.2,4.0,281.378667,271.7385271789349
G04_R0648,G04,LOGO,holdout_G04,G04,500,6,0.0001,0.7,0.3,0.2,4.0,458.73303,447.2686762734563
G04_R0649,G04,LOGO,holdout_G04,G04,500,6,1e-05,0.85,0.1,0.2,4.0,235.95608,228.6860900181344
G04_R0650,G04,LOGO,holdout_G04,G04,500,6,1e-05,0.85,0.2,0.2,4.0,467.88168,456.8802506626905
G04_R0651,G04,LOGO,holdout_G04,G04,500,6,1e-05,0.85,0.3,0.2,4.0,843.14757,825.6707850248958
G04_R0652,G04,LOGO,holdout_G04,G04,500,6,1e-05,0.8,0.1,0.2,4.0,237.36491,229.80934656213643
G04_R0653,G04,LOGO,holdout_G04,G04,500,6,1e-05,0.8,0.2,0.2,4.0,472.30065,460.30332748768734
G04_R0654,G04,LOGO,holdout_G04,G04,500,6,1e-05,0.8,0.3,0.2,4.0,852.3584,832.70298717021
G04_R0655,G04,LOGO,holdout_G04,G04,500,6,1e-05,0.75,0.1,0.2,4.0,238.85364,231.67116162237997
G04_R0656,G04,LOGO,holdout_G04,G04,500,6,1e-05,0.75,0.2,0.2,4.0,477.34957,466.4172420513944
G04_R0657,G04,LOGO,holdout_G04,G04,500,6,1e-05,0.75,0.3,0.2,4.0,862.93957,845.6197134805983
G04_R0658,G04,LOGO,holdout_G04,G04,500,6,1e-05,0.7,0.1,0.2,4.0,240.56224,232.9485020804157
G04_R0659,G04,LOGO,holdout_G04,G04,500,6,1e-05,0.7,0.2,0.2,4.0,483.16846,470.6613377251521
G04_R0660,G04,LOGO,holdout_G04,G04,500,6,1e-05,0.7,0.3,0.2,4.0,875.22118,854.6669918356689
G04_R0661,G04,LOGO,holdout_G04,G04,500,6,1e-06,0.85,0.1,0.2,4.0,624.00442,620.8591740889558
G04_R0662,G04,LOGO,holdout_G04,G04,500,6,1e-06,0.85,0.2,0.2,4.0,1873.1415,1863.26319724046
G04_R0663,G04,LOGO,holdout_G04,G04,500,6,1e-06,0.85,0.3,0.2,4.0,3906.07116,3889.784175487469
G04_R0664,G04,LOGO,holdout_G04,G04,500,6,1e-06,0.8,0.1,0.2,4.0,628.50396,624.3248723222738
G04_R0665,G04,LOGO,holdout_G04,G04,500,6,1e-06,0.8,0.2,0.2,4.0,1887.64093,1874.4222071404236
G04_R0666,G04,LOGO,holdout_G04,G04,500,6,1e-06,0.8,0.3,0.2,4.0,3935.17053,3912.446424783671
G04_R0667,G04,LOGO,holdout_G04,G04,500,6,1e-06,0.75,0.1,0.2,4.0,633.4534699999999,630.623480335827
G04_R0668,G04,LOGO,holdout_G04,G04,500,6,1e-06,0.75,0.2,0.2,4.0,1903.64032,1893.5749103246897
G04_R0669,G04,LOGO,holdout_G04,G04,500,6,1e-06,0.75,0.3,0.2,4.0,3967.96985,3951.7062346609823
G04_R0670,G04,LOGO,holdout_G04,G04,500,6,1e-06,0.7,0.1,0.2,4.0,638.90295,634.8635956677776
G04_R0671,G04,LOGO,holdout_G04,G04,500,6,1e-06,0.7,0.2,0.2,4.0,1922.13965,1907.7539046540664
G04_R0672,G04,LOGO,holdout_G04,G04,500,6,1e-06,0.7,0.3,0.2,4.0,4006.36913,3981.335967844208
G04_R0673,G04,LOGO,holdout_G04,G04,500,20,0.001,0.85,0.1,0.2,4.0,142.09354100000002,137.07183280907967
G04_R0674,G04,LOGO,holdout_G04,G04,500,20,0.001,0.85,0.2,0.2,4.0,210.148251,207.37522234510732
G04_R0675,G04,LOGO,holdout_G04,G04,500,20,0.001,0.85,0.3,0.2,4.0,316.99584,318.6819082434356
G04_R0676,G04,LOGO,holdout_G04,G04,500,20,0.001,0.8,0.1,0.2,4.0,143.07873199999997,137.7820315116466
G04_R0677,G04,LOGO,holdout_G04,G04,500,20,0.001,0.8,0.2,0.2,4.0,212.074008,208.89539961282009
G04_R0678,G04,LOGO,holdout_G04,G04,500,20,0.001,0.8,0.3,0.2,4.0,320.55223,321.50576552879653
G04_R0679,G04,LOGO,holdout_G04,G04,500,20,0.001,0.75,0.1,0.2,4.0,144.123574,138.9888572111827
G04_R0680,G04,LOGO,holdout_G04,G04,500,20,0.001,0.75,0.2,0.2,4.0,214.15956,211.36034739500244
G04_R0681,G04,LOGO,holdout_G04,G04,500,20,0.001,0.75,0.3,0.2,4.0,324.39831000000004,326.41644078951987
G04_R0682,G04,LOGO,holdout_G04,G04,500,20,0.001,0.7,0.1,0.2,4.0,145.248043,139.76460190703105
G04_R0683,G04,LOGO,holdout_G04,G04,500,20,0.001,0.7,0.2,0.2,4.0,216.42489,213.06474504499909
G04_R0684,G04,LOGO,holdout_G04,G04,500,20,0.001,0.7,0.3,0.2,4.0,328.60433,329.5550164645244
G04_R0685,G04,LOGO,holdout_G04,G04,500,20,0.0001,0.85,0.1,0.2,4.0,172.435759,165.72597990099592
G04_R0686,G04,LOGO,holdout_G04,G04,500,20,0.0001,0.85,0.2,0.2,4.0,275.054616,266.08140982495325
G04_R0687,G04,LOGO,holdout_G04,G04,500,20,0.0001,0.85,0.3,0.2,4.0,445.443973,435.4053685716962
G04_R0688,G04,LOGO,holdout_G04,G04,500,20,0.0001,0.8,0.1,0.2,4.0,173.132981,166.26589368037068
G04_R0689,G04,LOGO,holdout_G04,G04,500,20,0.0001,0.8,0.2,0.2,4.0,276.925877,267.48362027691144
G04_R0690,G04,LOGO,holdout_G04,G04,500,20,0.0001,0.8,0.3,0.2,4.0,449.325591,438.28192075021207
G04_R0691,G04,LOGO,holdout_G04,G04,500,20,0.0001,0.75,0.1,0.2,4.0,173.88992000000002,167.18545312768023
G04_R0692,G04,LOGO,holdout_G04,G04,500,20,0.0001,0.75,0.2,0.2,4.0,279.027203,270.06656214740553
G04_R0693,G04,LOGO,holdout_G04,G04,500,20,0.0001,0.75,0.3,0.2,4.0,453.718543,443.6041494888799
G04_R0694,G04,LOGO,holdout_G04,G04,500,20,0.0001,0.7,0.1,0.2,4.0,174.72653000000005,167.79918496267635
G04_R0695,G04,LOGO,holdout_G04,G04,500,20,0.0001,0.7,0.2,0.2,4.0,281.408662,271.75518364813666
G04_R0696,G04,LOGO,holdout_G04,G04,500,20,0.0001,0.7,0.3,0.2,4.0,458.73303,447.2575095289934
G04_R0697,G04,LOGO,holdout_G04,G04,500,20,1e-05,0.85,0.1,0.2,4.0,235.95608,228.6806547090875
G04_R0698,G04,LOGO,holdout_G04,G04,500,20,1e-05,0.85,0.2,0.2,4.0,467.97168,456.8859880216192
G04_R0699,G04,LOGO,holdout_G04,G04,500,20,1e-05,0.85,0.3,0.2,4.0,843.24757,825.6828184566532
G04_R0700,G04,LOGO,holdout_G04,G04,500,20,1e-05,0.8,0.1,0.2,4.0,237.36491,229.810790327494
G04_R0701,G04,LOGO,holdout_G04,G04,500,20,1e-05,0.8,0.2,0.2,4.0,472.3906500000001,460.306965084116
G04_R0702,G04,LOGO,holdout_G04,G04,500,20,1e-05,0.8,0.3,0.2,4.0,852.4584100000001,832.7130708097945
G04_R0703,G04,LOGO,holdout_G04,G04,500,20,1e-05,0.75,0.1,0.2,4.0,238.85364,231.6797437808336
G04_R0704,G04,LOGO,holdout_G04,G04,500,20,1e-05,0.75,0.2,0.2,4.0,477.43957,466.4190803382696
G04_R0705,G04,LOGO,holdout_G04,G04,500,20,1e-05,0.75,0.3,0.2,4.0,863.03958,845.5733805484525
G04_R0706,G04,LOGO,holdout_G04,G04,500,20,1e-05,0.7,0.1,0.2,4.0,240.56224,232.95633257220197
G04_R0707,G04,LOGO,holdout_G04,G04,500,20,1e-05,0.7,0.2,0.2,4.0,483.26846,470.6676421401522
G04_R0708,G04,LOGO,holdout_G04,G04,500,20,1e-05,0.7,0.3,0.2,4.0,875.33119,854.5988895107856
G04_R0709,G04,LOGO,holdout_G04,G04,500,20,1e-06,0.85,0.1,0.2,4.0,624.00442,620.8643023306224
G04_R0710,G04,LOGO,holdout_G04,G04,500,20,1e-06,0.85,0.2,0.2,4.0,1873.1415,1863.338610007513
G04_R0711,G04,LOGO,holdout_G04,G04,500,20,1e-06,0.85,0.3,0.2,4.0,3906.07116,3889.773225418086
G04_R0712,G04,LOGO,holdout_G04,G04,500,20,1e-06,0.8,0.1,0.2,4.0,628.50396,624.3204575639404
G04_R0713,G04,LOGO,holdout_G04,G04,500,20,1e-06,0.8,0.2,0.2,4.0,1887.64093,1874.472120669977
G04_R0714,G04,LOGO,holdout_G04,G04,500,20,1e-06,0.8,0.3,0.2,4.0,3935.17053,3912.408058358458
G04_R0715,G04,LOGO,holdout_G04,G04,500,20,1e-06,0.75,0.1,0.2,4.0,633.4534699999999,630.5854251064717
G04_R0716,G04,LOGO,holdout_G04,G04,500,20,1e-06,0.75,0.2,0.2,4.0,1903.64032,1893.6228505792733
G04_R0717,G04,LOGO,holdout_G04,G04,500,20,1e-06,0.75,0.3,0.2,4.0,3967.96985,3951.875743760388
G04_R0718,G04,LOGO,holdout_G04,G04,500,20,1e-06,0.7,0.1,0.2,4.0,638.90295,634.8170577717557
G04_R0719,G04,LOGO,holdout_G04,G04,500,20,1e-06,0.7,0.2,0.2,4.0,1922.13965,1907.7795539315664
G04_R0720,G04,LOGO,holdout_G04,G04,500,20,1e-06,0.7,0.3,0.2,4.0,4006.36914,3981.508142228826
G04_R0721,G04,LOGO,holdout_G04,G04,500,50,0.001,0.85,0.1,0.2,4.0,142.093542,137.06542483737132
G04_R0722,G04,LOGO,holdout_G04,G04,500,50,0.001,0.85,0.2,0.2,4.0,210.148256,207.3680344576073
G04_R0723,G04,LOGO,holdout_G04,G04,500,50,0.001,0.85,0.3,0.2,4.0,316.99584,318.67092289406054
G04_R0724,G04,LOGO,holdout_G04,G04,500,50,0.001,0.8,0.1,0.2,4.0,143.078733,137.77562353993827
G04_R0725,G04,LOGO,holdout_G04,G04,500,50,0.001,0.8,0.2,0.2,4.0,212.084017,208.88959068782003
G04_R0726,G04,LOGO,holdout_G04,G04,500,50,0.001,0.8,0.3,0.2,4.0,320.55223,321.49478017942164
G04_R0727,G04,LOGO,holdout_G04,G04,500,50,0.001,0.75,0.1,0.2,4.0,144.13357499999998,138.98571827743265
G04_R0728,G04,LOGO,holdout_G04,G04,500,50,0.001,0.75,0.2,0.2,4.0,214.16957,211.36514749780005
G04_R0729,G04,LOGO,holdout_G04,G04,500,50,0.001,0.75,0.3,0.2,4.0,324.39831000000004,326.44202618202
G04_R0730,G04,LOGO,holdout_G04,G04,500,50,0.001,0.7,0.1,0.2,4.0,145.248044,139.76134476578105
G04_R0731,G04,LOGO,holdout_G04,G04,500,50,0.001,0.7,0.2,0.2,4.0,216.42489,213.0695451477967
G04_R0732,G04,LOGO,holdout_G04,G04,500,50,0.001,0.7,0.3,0.2,4.0,328.60433,329.5806018570245
G04_R0733,G04,LOGO,holdout_G04,G04,500,50,0.0001,0.85,0.1,0.2,4.0,172.435759,165.72560198774593
G04_R0734,G04,LOGO,holdout_G04,G04,500,50,0.0001,0.85,0.2,0.2,4.0,275.064617,266.0844116938283
G04_R0735,G04,LOGO,holdout_G04,G04,500,50,0.0001,0.85,0.3,0.2,4.0,445.443973,435.3885356144047
G04_R0736,G04,LOGO,holdout_G04,G04,500,50,0.0001,0.8,0.1,0.2,4.0,173.132981,166.26551576712072
G04_R0737,G04,LOGO,holdout_G04,G04,500,50,0.0001,0.8,0.2,0.2,4.0,276.935878,267.48662214578644
G04_R0738,G04,LOGO,holdout_G04,G04,500,50,0.0001,0.8,0.3,0.2,4.0,449.325591,438.26508779292055
G04_R0739,G04,LOGO,holdout_G04,G04,500,50,0.0001,0.75,0.1,0.2,4.0,173.88992000000002,167.18402294518026
G04_R0740,G04,LOGO,holdout_G04,G04,500,50,0.0001,0.75,0.2,0.2,4.0,279.027203,270.0754729433999
G04_R0741,G04,LOGO,holdout_G04,G04,500,50,0.0001,0.75,0.3,0.2,4.0,453.718543,443.61791181138
G04_R0742,G04,LOGO,holdout_G04,G04,500,50,0.0001,0.7,0.1,0.2,4.0,174.73653000000002,167.79775478017638
G04_R0743,G04,LOGO,holdout_G04,G04,500,50,0.0001,0.7,0.2,0.2,4.0,281.408662,271.764094444131
G04_R0744,G04,LOGO,holdout_G04,G04,500,50,0.0001,0.7,0.3,0.2,4.0,458.73303,447.28137703066005
G04_R0745,G04,LOGO,holdout_G04,G04,500,50,1e-05,0.85,0.1,0.2,4.0,235.99608,228.6856136090876
G04_R0746,G04,LOGO,holdout_G04,G04,500,50,1e-05,0.85,0.2,0.2,4.0,467.98168,456.8574455459944
G04_R0747,G04,LOGO,holdout_G04,G04,500,50,1e-05,0.85,0.3,0.2,4.0,843.14757,825.7534701178139
G04_R0748,G04,LOGO,holdout_G04,G04,500,50,1e-05,0.8,0.1,0.2,4.0,237.40491,229.8148436337441
G04_R0749,G04,LOGO,holdout_G04,G04,500,50,1e-05,0.8,0.2,0.2,4.0,472.40065,460.2784226084912
G04_R0750,G04,LOGO,holdout_G04,G04,500,50,1e-05,0.8,0.3,0.2,4.0,852.3584,832.7866235084552
G04_R0751,G04,LOGO,holdout_G04,G04,500,50,1e-05,0.75,0.1,0.2,4.0,238.89364,231.67726294625027
G04_R0752,G04,LOGO,holdout_G04,G04,500,50,1e-05,0.75,0.2,0.2,4.0,477.4495700000001,466.4050320501447
G04_R0753,G04,LOGO,holdout_G04,G04,500,50,1e-05,0.75,0.3,0.2,4.0,862.93957,845.6240201491663
G04_R0754,G04,LOGO,holdout_G04,G04,500,50,1e-05,0.7,0.1,0.2,4.0,240.60224,232.9538517376186
G04_R0755,G04,LOGO,holdout_G04,G04,500,50,1e-05,0.7,0.2,0.2,4.0,483.28846,470.65816827452727
G04_R0756,G04,LOGO,holdout_G04,G04,500,50,1e-05,0.7,0.3,0.2,4.0,875.22118,854.6495291114994
G04_R0757,G04,LOGO,holdout_G04,G04,500,50,1e-06,0.85,0.1,0.2,4.0,624.00442,620.8695331756225
G04_R0758,G04,LOGO,holdout_G04,G04,500,50,1e-06,0.85,0.2,0.2,4.0,1873.1415,1863.389931248972
G04_R0759,G04,LOGO,holdout_G04,G04,500,50,1e-06,0.85,0.3,0.2,4.0,3906.07116,3889.81566871496
G04_R0760,G04,LOGO,holdout_G04,G04,500,50,1e-06,0.8,0.1,0.2,4.0,628.50396,624.3256884089404
G04_R0761,G04,LOGO,holdout_G04,G04,500,50,1e-06,0.8,0.2,0.2,4.0,1887.64093,1874.523441911436
G04_R0762,G04,LOGO,holdout_G04,G04,500,50,1e-06,0.8,0.3,0.2,4.0,3935.17053,3912.368122392832
G04_R0763,G04,LOGO,holdout_G04,G04,500,50,1e-06,0.75,0.1,0.2,4.0,633.4534699999999,630.5776090400136
G04_R0764,G04,LOGO,holdout_G04,G04,500,50,1e-06,0.75,0.2,0.2,4.0,1903.64032,1893.6859363005224
G04_R0765,G04,LOGO,holdout_G04,G04,500,50,1e-06,0.75,0.3,0.2,4.0,3967.96985,3951.970146182532
G04_R0766,G04,LOGO,holdout_G04,G04,500,50,1e-06,0.7,0.1,0.2,4.0,638.90295,634.8092417052975
G04_R0767,G04,LOGO,holdout_G04,G04,500,50,1e-06,0.7,0.2,0.2,4.0,1922.23965,1907.8617015465657
G04_R0768,G04,LOGO,holdout_G04,G04,500,50,1e-06,0.7,0.3,0.2,4.0,4006.36913,3981.6103882478433
G05_R0001,G05,LOGO,holdout_G05,G05,25,3,0.001,0.85,0.1,0.2,5.0,4.0443446000000005,4.096751547380607
G05_R0002,G05,LOGO,holdout_G05,G05,25,3,0.001,0.85,0.2,0.2,5.0,5.8074904,5.883603865969392
G05_R0003,G05,LOGO,holdout_G05,G05,25,3,0.001,0.85,0.3,0.2,5.0,8.5446186,8.656238735174897
G05_R0004,G05,LOGO,holdout_G05,G05,25,3,0.001,0.8,0.1,0.2,5.0,4.0588316,4.108161596797284
G05_R0005,G05,LOGO,holdout_G05,G05,25,3,0.001,0.8,0.2,0.2,5.0,5.8359987,5.905863708727724
G05_R0006,G05,LOGO,holdout_G05,G05,25,3,0.001,0.8,0.3,0.2,5.0,8.5929713,8.693357494909975
G05_R0007,G05,LOGO,holdout_G05,G05,25,3,0.001,0.75,0.1,0.2,5.0,4.074093700000001,4.127086323240889
G05_R0008,G05,LOGO,holdout_G05,G05,25,3,0.001,0.75,0.2,0.2,5.0,5.8661698,5.943047683714306
G05_R0009,G05,LOGO,holdout_G05,G05,25,3,0.001,0.75,0.3,0.2,5.0,8.644580000000001,8.758016287235918
G05_R0010,G05,LOGO,holdout_G05,G05,25,3,0.001,0.7,0.1,0.2,5.0,4.090127600000001,4.138868480040961
G05_R0011,G05,LOGO,holdout_G05,G05,25,3,0.001,0.7,0.2,0.2,5.0,5.898198600000001,5.967261873485032
G05_R0012,G05,LOGO,holdout_G05,G05,25,3,0.001,0.7,0.3,0.2,5.0,8.7000387,8.79978517098595
G05_R0013,G05,LOGO,holdout_G05,G05,25,3,0.0001,0.85,0.1,0.2,5.0,5.1193003,5.184257980046692
G05_R0014,G05,LOGO,holdout_G05,G05,25,3,0.0001,0.85,0.2,0.2,5.0,7.9445768,8.039730250415413
G05_R0015,G05,LOGO,holdout_G05,G05,25,3,0.0001,0.85,0.3,0.2,5.0,12.718583,12.862198779952427
G05_R0016,G05,LOGO,holdout_G05,G05,25,3,0.0001,0.8,0.1,0.2,5.0,5.1306759,5.192991739221618
G05_R0017,G05,LOGO,holdout_G05,G05,25,3,0.0001,0.8,0.2,0.2,5.0,7.9655032,8.05621759887806
G05_R0018,G05,LOGO,holdout_G05,G05,25,3,0.0001,0.8,0.3,0.2,5.0,12.756239,12.891866741896717
G05_R0019,G05,LOGO,holdout_G05,G05,25,3,0.0001,0.75,0.1,0.2,5.0,5.1426282,5.207680165130331
G05_R0020,G05,LOGO,holdout_G05,G05,25,3,0.0001,0.75,0.2,0.2,5.0,7.987801,8.08347183914305
G05_R0021,G05,LOGO,holdout_G05,G05,25,3,0.0001,0.75,0.3,0.2,5.0,12.795859,12.94137127701584
G05_R0022,G05,LOGO,holdout_G05,G05,25,3,0.0001,0.7,0.1,0.2,5.0,5.1553533,5.217236514421964
G05_R0023,G05,LOGO,holdout_G05,G05,25,3,0.0001,0.7,0.2,0.2,5.0,8.0118652,8.101552739603905
G05_R0024,G05,LOGO,holdout_G05,G05,25,3,0.0001,0.7,0.3,0.2,5.0,12.839437,12.97414560594446
G05_R0025,G05,LOGO,holdout_G05,G05,25,3,1e-05,0.85,0.1,0.2,5.0,7.4788084,7.53686810861709
G05_R0026,G05,LOGO,holdout_G05,G05,25,3,1e-05,0.85,0.2,0.2,5.0,15.457142,15.562059498365011
G05_R0027,G05,LOGO,holdout_G05,G05,25,3,1e-05,0.85,0.3,0.2,5.0,28.642579,28.801194834541374
G05_R0028,G05,LOGO,holdout_G05,G05,25,3,1e-05,0.8,0.1,0.2,5.0,7.490623,7.545919114033665
G05_R0029,G05,LOGO,holdout_G05,G05,25,3,1e-05,0.8,0.2,0.2,5.0,15.485027,15.583197304927351
G05_R0030,G05,LOGO,holdout_G05,G05,25,3,1e-05,0.8,0.3,0.2,5.0,28.692427,28.838710412208528
G05_R0031,G05,LOGO,holdout_G05,G05,25,3,1e-05,0.75,0.1,0.2,5.0,7.50363,7.562330485144774
G05_R0032,G05,LOGO,holdout_G05,G05,25,3,1e-05,0.75,0.2,0.2,5.0,15.514902,15.621451447225803
G05_R0033,G05,LOGO,holdout_G05,G05,25,3,1e-05,0.75,0.3,0.2,5.0,28.748262,28.90570689546411
G05_R0034,G05,LOGO,holdout_G05,G05,25,3,1e-05,0.7,0.1,0.2,5.0,7.518226,7.5732853606448
G05_R0035,G05,LOGO,holdout_G05,G05,25,3,1e-05,0.7,0.2,0.2,5.0,15.549764,15.646735151975877
G05_R0036,G05,LOGO,holdout_G05,G05,25,3,1e-05,0.7,0.3,0.2,5.0,28.81108,28.954512312381087
G05_R0037,G05,LOGO,holdout_G05,G05,25,3,1e-06,0.85,0.1,0.2,5.0,25.540552,25.449659769726185
G05_R0038,G05,LOGO,holdout_G05,G05,25,3,1e-06,0.85,0.2,0.2,5.0,80.775357,80.88429319997563
G05_R0039,G05,LOGO,holdout_G05,G05,25,3,1e-06,0.85,0.3,0.2,5.0,171.700236,171.881531627398
G05_R0040,G05,LOGO,holdout_G05,G05,25,3,1e-06,0.8,0.1,0.2,5.0,25.596521000000003,25.49353699639253
G05_R0041,G05,LOGO,holdout_G05,G05,25,3,1e-06,0.8,0.2,0.2,5.0,80.88731600000001,80.96714201966249
G05_R0042,G05,LOGO,holdout_G05,G05,25,3,1e-06,0.8,0.3,0.2,5.0,171.880184,172.01699646208397
G05_R0043,G05,LOGO,holdout_G05,G05,25,3,1e-06,0.75,0.1,0.2,5.0,25.658488,25.568730707550326
G05_R0044,G05,LOGO,holdout_G05,G05,25,3,1e-06,0.75,0.2,0.2,5.0,81.010271,81.1196188069016
G05_R0045,G05,LOGO,holdout_G05,G05,25,3,1e-06,0.75,0.3,0.2,5.0,172.070128,172.24544121288062
G05_R0046,G05,LOGO,holdout_G05,G05,25,3,1e-06,0.7,0.1,0.2,5.0,25.726452,25.617984287848014
G05_R0047,G05,LOGO,holdout_G05,G05,25,3,1e-06,0.7,0.2,0.2,5.0,81.147223,81.21916914387171
G05_R0048,G05,LOGO,holdout_G05,G05,25,3,1e-06,0.7,0.3,0.2,5.0,172.290068,172.41162029042349
G05_R0049,G05,LOGO,holdout_G05,G05,25,6,0.001,0.85,0.1,0.2,5.0,4.0443446000000005,4.096758583376442
G05_R0050,G05,LOGO,holdout_G05,G05,25,6,0.001,0.85,0.2,0.2,5.0,5.8074904,5.883630964688145
G05_R0051,G05,LOGO,holdout_G05,G05,25,6,0.001,0.85,0.3,0.2,5.0,8.5446186,8.656348337099898
G05_R0052,G05,LOGO,holdout_G05,G05,25,6,0.001,0.8,0.1,0.2,5.0,4.0588316,4.108158972793119
G05_R0053,G05,LOGO,holdout_G05,G05,25,6,0.001,0.8,0.2,0.2,5.0,5.8359987,5.905890807446475
G05_R0054,G05,LOGO,holdout_G05,G05,25,6,0.001,0.8,0.3,0.2,5.0,8.5929713,8.693467096834976
G05_R0055,G05,LOGO,holdout_G05,G05,25,6,0.001,0.75,0.1,0.2,5.0,4.074093700000001,4.127073710720056
G05_R0056,G05,LOGO,holdout_G05,G05,25,6,0.001,0.75,0.2,0.2,5.0,5.8661698,5.943064572151805
G05_R0057,G05,LOGO,holdout_G05,G05,25,6,0.001,0.75,0.3,0.2,5.0,8.644580000000001,8.75795480395988
G05_R0058,G05,LOGO,holdout_G05,G05,25,6,0.001,0.7,0.1,0.2,5.0,4.090127600000001,4.138855867520127
G05_R0059,G05,LOGO,holdout_G05,G05,25,6,0.001,0.7,0.2,0.2,5.0,5.898198600000001,5.96727876192253
G05_R0060,G05,LOGO,holdout_G05,G05,25,6,0.001,0.7,0.3,0.2,5.0,8.7000387,8.799756449584912
G05_R0061,G05,LOGO,holdout_G05,G05,25,6,0.0001,0.85,0.1,0.2,5.0,5.1193003,5.184238862713358
G05_R0062,G05,LOGO,holdout_G05,G05,25,6,0.0001,0.85,0.2,0.2,5.0,7.9445768,8.039686893365413
G05_R0063,G05,LOGO,holdout_G05,G05,25,6,0.0001,0.85,0.3,0.2,5.0,12.718583,12.862225450119094
G05_R0064,G05,LOGO,holdout_G05,G05,25,6,0.0001,0.8,0.1,0.2,5.0,5.1306759,5.192972621888285
G05_R0065,G05,LOGO,holdout_G05,G05,25,6,0.0001,0.8,0.2,0.2,5.0,7.9655032,8.05617424182806
G05_R0066,G05,LOGO,holdout_G05,G05,25,6,0.0001,0.8,0.3,0.2,5.0,12.756239,12.891893412063382
G05_R0067,G05,LOGO,holdout_G05,G05,25,6,0.0001,0.75,0.1,0.2,5.0,5.1426282,5.207669399380332
G05_R0068,G05,LOGO,holdout_G05,G05,25,6,0.0001,0.75,0.2,0.2,5.0,7.987801,8.083406137684712
G05_R0069,G05,LOGO,holdout_G05,G05,25,6,0.0001,0.75,0.3,0.2,5.0,12.795859,12.941285685230126
G05_R0070,G05,LOGO,holdout_G05,G05,25,6,0.0001,0.7,0.1,0.2,5.0,5.1553533,5.217225748671963
G05_R0071,G05,LOGO,holdout_G05,G05,25,6,0.0001,0.7,0.2,0.2,5.0,8.0118652,8.101487038145569
G05_R0072,G05,LOGO,holdout_G05,G05,25,6,0.0001,0.7,0.3,0.2,5.0,12.839437,12.974060014158749
G05_R0073,G05,LOGO,holdout_G05,G05,25,6,1e-05,0.85,0.1,0.2,5.0,7.4788084,7.536859154179591
G05_R0074,G05,LOGO,holdout_G05,G05,25,6,1e-05,0.85,0.2,0.2,5.0,15.457142,15.561968342948344
G05_R0075,G05,LOGO,holdout_G05,G05,25,6,1e-05,0.85,0.3,0.2,5.0,28.642579,28.80112599106221
G05_R0076,G05,LOGO,holdout_G05,G05,25,6,1e-05,0.8,0.1,0.2,5.0,7.490623,7.545910159596165
G05_R0077,G05,LOGO,holdout_G05,G05,25,6,1e-05,0.8,0.2,0.2,5.0,15.485027,15.583084364510682
G05_R0078,G05,LOGO,holdout_G05,G05,25,6,1e-05,0.8,0.3,0.2,5.0,28.692427,28.83870387747937
G05_R0079,G05,LOGO,holdout_G05,G05,25,6,1e-05,0.75,0.1,0.2,5.0,7.50363,7.562358613040605
G05_R0080,G05,LOGO,holdout_G05,G05,25,6,1e-05,0.75,0.2,0.2,5.0,15.514902,15.62125766878532
G05_R0081,G05,LOGO,holdout_G05,G05,25,6,1e-05,0.75,0.3,0.2,5.0,28.748262,28.905403113464104
G05_R0082,G05,LOGO,holdout_G05,G05,25,6,1e-05,0.7,0.1,0.2,5.0,7.518226,7.573320190540633
G05_R0083,G05,LOGO,holdout_G05,G05,25,6,1e-05,0.7,0.2,0.2,5.0,15.549764,15.646541373535392
G05_R0084,G05,LOGO,holdout_G05,G05,25,6,1e-05,0.7,0.3,0.2,5.0,28.81108,28.954208530381088
G05_R0085,G05,LOGO,holdout_G05,G05,25,6,1e-06,0.85,0.1,0.2,5.0,25.540552,25.44978919572618
G05_R0086,G05,LOGO,holdout_G05,G05,25,6,1e-06,0.85,0.2,0.2,5.0,80.775357,80.88491205501134
G05_R0087,G05,LOGO,holdout_G05,G05,25,6,1e-06,0.85,0.3,0.2,5.0,171.700236,171.88130252906467
G05_R0088,G05,LOGO,holdout_G05,G05,25,6,1e-06,0.8,0.1,0.2,5.0,25.596521000000003,25.49366642239252
G05_R0089,G05,LOGO,holdout_G05,G05,25,6,1e-06,0.8,0.2,0.2,5.0,80.88731600000001,80.96784584407322
G05_R0090,G05,LOGO,holdout_G05,G05,25,6,1e-06,0.8,0.3,0.2,5.0,171.880184,172.01676736375063
G05_R0091,G05,LOGO,holdout_G05,G05,25,6,1e-06,0.75,0.1,0.2,5.0,25.658488,25.568788503859864
G05_R0092,G05,LOGO,holdout_G05,G05,25,6,1e-06,0.75,0.2,0.2,5.0,81.010271,81.1201852694016
G05_R0093,G05,LOGO,holdout_G05,G05,25,6,1e-06,0.75,0.3,0.2,5.0,172.070128,172.24376813952648
G05_R0094,G05,LOGO,holdout_G05,G05,25,6,1e-06,0.7,0.1,0.2,5.0,25.726452,25.61804208415755
G05_R0095,G05,LOGO,holdout_G05,G05,25,6,1e-06,0.7,0.2,0.2,5.0,81.147223,81.21973560637173
G05_R0096,G05,LOGO,holdout_G05,G05,25,6,1e-06,0.7,0.3,0.2,5.0,172.290068,172.410158612486
G05_R0097,G05,LOGO,holdout_G05,G05,25,20,0.001,0.85,0.1,0.2,5.0,4.0443446000000005,4.096731880434776
G05_R0098,G05,LOGO,holdout_G05,G05,25,20,0.001,0.85,0.2,0.2,5.0,5.8074904,5.883690068009279
G05_R0099,G05,LOGO,holdout_G05,G05,25,20,0.001,0.85,0.3,0.2,5.0,8.5446186,8.656172963696326
G05_R0100,G05,LOGO,holdout_G05,G05,25,20,0.001,0.8,0.1,0.2,5.0,4.0588316,4.1081419298514525
G05_R0101,G05,LOGO,holdout_G05,G05,25,20,0.001,0.8,0.2,0.2,5.0,5.8359987,5.9059499107676094
G05_R0102,G05,LOGO,holdout_G05,G05,25,20,0.001,0.8,0.3,0.2,5.0,8.5929713,8.69333941791057
G05_R0103,G05,LOGO,holdout_G05,G05,25,20,0.001,0.75,0.1,0.2,5.0,4.074093700000001,4.127040065189303
G05_R0104,G05,LOGO,holdout_G05,G05,25,20,0.001,0.75,0.2,0.2,5.0,5.8661698,5.942881268889902
G05_R0105,G05,LOGO,holdout_G05,G05,25,20,0.001,0.75,0.3,0.2,5.0,8.644580000000001,8.758142056942026
G05_R0106,G05,LOGO,holdout_G05,G05,25,20,0.001,0.7,0.1,0.2,5.0,4.090127600000001,4.138822221989375
G05_R0107,G05,LOGO,holdout_G05,G05,25,20,0.001,0.7,0.2,0.2,5.0,5.898198600000001,5.96708306836896
G05_R0108,G05,LOGO,holdout_G05,G05,25,20,0.001,0.7,0.3,0.2,5.0,8.7000387,8.79986409894206
G05_R0109,G05,LOGO,holdout_G05,G05,25,20,0.0001,0.85,0.1,0.2,5.0,5.1193003,5.18426265943955
G05_R0110,G05,LOGO,holdout_G05,G05,25,20,0.0001,0.85,0.2,0.2,5.0,7.9445768,8.039667406179698
G05_R0111,G05,LOGO,holdout_G05,G05,25,20,0.0001,0.85,0.3,0.2,5.0,12.718583,12.862080557154805
G05_R0112,G05,LOGO,holdout_G05,G05,25,20,0.0001,0.8,0.1,0.2,5.0,5.1306759,5.192994803751976
G05_R0113,G05,LOGO,holdout_G05,G05,25,20,0.0001,0.8,0.2,0.2,5.0,7.9655032,8.056144646725677
G05_R0114,G05,LOGO,holdout_G05,G05,25,20,0.0001,0.8,0.3,0.2,5.0,12.756239,12.891659588682428
G05_R0115,G05,LOGO,holdout_G05,G05,25,20,0.0001,0.75,0.1,0.2,5.0,5.1426282,5.207728340229438
G05_R0116,G05,LOGO,holdout_G05,G05,25,20,0.0001,0.75,0.2,0.2,5.0,7.987801,8.083418075797214
G05_R0117,G05,LOGO,holdout_G05,G05,25,20,0.0001,0.75,0.3,0.2,5.0,12.795859,12.941319371530726
G05_R0118,G05,LOGO,holdout_G05,G05,25,20,0.0001,0.7,0.1,0.2,5.0,5.1553533,5.217277097833571
G05_R0119,G05,LOGO,holdout_G05,G05,25,20,0.0001,0.7,0.2,0.2,5.0,8.0118652,8.10149897625807
G05_R0120,G05,LOGO,holdout_G05,G05,25,20,0.0001,0.7,0.3,0.2,5.0,12.839437,12.974093700459347
G05_R0121,G05,LOGO,holdout_G05,G05,25,20,1e-05,0.85,0.1,0.2,5.0,7.4788084,7.536840917622048
G05_R0122,G05,LOGO,holdout_G05,G05,25,20,1e-05,0.85,0.2,0.2,5.0,15.457142,15.561905243781675
G05_R0123,G05,LOGO,holdout_G05,G05,25,20,1e-05,0.85,0.3,0.2,5.0,28.642579,28.80134785471847
G05_R0124,G05,LOGO,holdout_G05,G05,25,20,1e-05,0.8,0.1,0.2,5.0,7.490623,7.545912339913623
G05_R0125,G05,LOGO,holdout_G05,G05,25,20,1e-05,0.8,0.2,0.2,5.0,15.485027,15.583097821177343
G05_R0126,G05,LOGO,holdout_G05,G05,25,20,1e-05,0.8,0.3,0.2,5.0,28.692427,28.838963623135623
G05_R0127,G05,LOGO,holdout_G05,G05,25,20,1e-05,0.75,0.1,0.2,5.0,7.50363,7.562287730525722
G05_R0128,G05,LOGO,holdout_G05,G05,25,20,1e-05,0.75,0.2,0.2,5.0,15.514902,15.621353782690086
G05_R0129,G05,LOGO,holdout_G05,G05,25,20,1e-05,0.75,0.3,0.2,5.0,28.748262,28.90574241210696
G05_R0130,G05,LOGO,holdout_G05,G05,25,20,1e-05,0.7,0.1,0.2,5.0,7.518226,7.573276363650749
G05_R0131,G05,LOGO,holdout_G05,G05,25,20,1e-05,0.7,0.2,0.2,5.0,15.549764,15.64663748744016
G05_R0132,G05,LOGO,holdout_G05,G05,25,20,1e-05,0.7,0.3,0.2,5.0,28.81108,28.95454782902394
G05_R0133,G05,LOGO,holdout_G05,G05,25,20,1e-06,0.85,0.1,0.2,5.0,25.540552,25.44959738783333
G05_R0134,G05,LOGO,holdout_G05,G05,25,20,1e-06,0.85,0.2,0.2,5.0,80.775357,80.88463240270781
G05_R0135,G05,LOGO,holdout_G05,G05,25,20,1e-06,0.85,0.3,0.2,5.0,171.700236,171.8815846922909
G05_R0136,G05,LOGO,holdout_G05,G05,25,20,1e-06,0.8,0.1,0.2,5.0,25.596521000000003,25.493491355499668
G05_R0137,G05,LOGO,holdout_G05,G05,25,20,1e-06,0.8,0.2,0.2,5.0,80.88731600000001,80.96756619176968
G05_R0138,G05,LOGO,holdout_G05,G05,25,20,1e-06,0.8,0.3,0.2,5.0,171.880184,172.01703702906016
G05_R0139,G05,LOGO,holdout_G05,G05,25,20,1e-06,0.75,0.1,0.2,5.0,25.658488,25.56900926060985
G05_R0140,G05,LOGO,holdout_G05,G05,25,20,1e-06,0.75,0.2,0.2,5.0,81.010271,81.11986018284358
G05_R0141,G05,LOGO,holdout_G05,G05,25,20,1e-06,0.75,0.3,0.2,5.0,172.070128,172.24367034554726
G05_R0142,G05,LOGO,holdout_G05,G05,25,20,1e-06,0.7,0.1,0.2,5.0,25.726452,25.618301569657536
G05_R0143,G05,LOGO,holdout_G05,G05,25,20,1e-06,0.7,0.2,0.2,5.0,81.147223,81.2192935633137
G05_R0144,G05,LOGO,holdout_G05,G05,25,20,1e-06,0.7,0.3,0.2,5.0,172.290068,172.4096137652568
G05_R0145,G05,LOGO,holdout_G05,G05,25,50,0.001,0.85,0.1,0.2,5.0,4.0443446000000005,4.096708784809774
G05_R0146,G05,LOGO,holdout_G05,G05,25,50,0.001,0.85,0.2,0.2,5.0,5.8074904,5.8836006783333845
G05_R0147,G05,LOGO,holdout_G05,G05,25,50,0.001,0.85,0.3,0.2,5.0,8.5446186,8.656107414896328
G05_R0148,G05,LOGO,holdout_G05,G05,25,50,0.001,0.8,0.1,0.2,5.0,4.0588316,4.108118834226451
G05_R0149,G05,LOGO,holdout_G05,G05,25,50,0.001,0.8,0.2,0.2,5.0,5.8359987,5.905860521091715
G05_R0150,G05,LOGO,holdout_G05,G05,25,50,0.001,0.8,0.3,0.2,5.0,8.5929713,8.693268844958787
G05_R0151,G05,LOGO,holdout_G05,G05,25,50,0.001,0.75,0.1,0.2,5.0,4.074093700000001,4.127014371647634
G05_R0152,G05,LOGO,holdout_G05,G05,25,50,0.001,0.75,0.2,0.2,5.0,5.8661698,5.942925162514899
G05_R0153,G05,LOGO,holdout_G05,G05,25,50,0.001,0.75,0.3,0.2,5.0,8.644580000000001,8.757926018415231
G05_R0154,G05,LOGO,holdout_G05,G05,25,50,0.001,0.7,0.1,0.2,5.0,4.090127600000001,4.138796528447706
G05_R0155,G05,LOGO,holdout_G05,G05,25,50,0.001,0.7,0.2,0.2,5.0,5.898198600000001,5.967164132868959
G05_R0156,G05,LOGO,holdout_G05,G05,25,50,0.001,0.7,0.3,0.2,5.0,8.7000387,8.799648060415265
G05_R0157,G05,LOGO,holdout_G05,G05,25,50,0.0001,0.85,0.1,0.2,5.0,5.1193003,5.184217733706217
G05_R0158,G05,LOGO,holdout_G05,G05,25,50,0.0001,0.85,0.2,0.2,5.0,7.9445768,8.039677916979695
G05_R0159,G05,LOGO,holdout_G05,G05,25,50,0.0001,0.85,0.3,0.2,5.0,12.718583,12.862220855678617
G05_R0160,G05,LOGO,holdout_G05,G05,25,50,0.0001,0.8,0.1,0.2,5.0,5.1306759,5.192965544018644
G05_R0161,G05,LOGO,holdout_G05,G05,25,50,0.0001,0.8,0.2,0.2,5.0,7.9655032,8.056155157525676
G05_R0162,G05,LOGO,holdout_G05,G05,25,50,0.0001,0.8,0.3,0.2,5.0,12.756239,12.891799887206236
G05_R0163,G05,LOGO,holdout_G05,G05,25,50,0.0001,0.75,0.1,0.2,5.0,5.1426282,5.207771189748189
G05_R0164,G05,LOGO,holdout_G05,G05,25,50,0.0001,0.75,0.2,0.2,5.0,7.987801,8.083384719672217
G05_R0165,G05,LOGO,holdout_G05,G05,25,50,0.0001,0.75,0.3,0.2,5.0,12.795859,12.941150522280727
G05_R0166,G05,LOGO,holdout_G05,G05,25,50,0.0001,0.7,0.1,0.2,5.0,5.1553533,5.217319947352321
G05_R0167,G05,LOGO,holdout_G05,G05,25,50,0.0001,0.7,0.2,0.2,5.0,8.0118652,8.101465620133075
G05_R0168,G05,LOGO,holdout_G05,G05,25,50,0.0001,0.7,0.3,0.2,5.0,12.839437,12.973973768709348
G05_R0169,G05,LOGO,holdout_G05,G05,25,50,1e-05,0.85,0.1,0.2,5.0,7.4788084,7.536776025970264
G05_R0170,G05,LOGO,holdout_G05,G05,25,50,1e-05,0.85,0.2,0.2,5.0,15.457142,15.56206908886502
G05_R0171,G05,LOGO,holdout_G05,G05,25,50,1e-05,0.85,0.3,0.2,5.0,28.642579,28.80120350611429
G05_R0172,G05,LOGO,holdout_G05,G05,25,50,1e-05,0.8,0.1,0.2,5.0,7.490623,7.545847448261838
G05_R0173,G05,LOGO,holdout_G05,G05,25,50,1e-05,0.8,0.2,0.2,5.0,15.485027,15.583226816260687
G05_R0174,G05,LOGO,holdout_G05,G05,25,50,1e-05,0.8,0.3,0.2,5.0,28.692427,28.83881927453145
G05_R0175,G05,LOGO,holdout_G05,G05,25,50,1e-05,0.75,0.1,0.2,5.0,7.50363,7.562184165525723
G05_R0176,G05,LOGO,holdout_G05,G05,25,50,1e-05,0.75,0.2,0.2,5.0,15.514902,15.621370816773426
G05_R0177,G05,LOGO,holdout_G05,G05,25,50,1e-05,0.75,0.3,0.2,5.0,28.748262,28.905834147606942
G05_R0178,G05,LOGO,holdout_G05,G05,25,50,1e-05,0.7,0.1,0.2,5.0,7.518226,7.573172798650749
G05_R0179,G05,LOGO,holdout_G05,G05,25,50,1e-05,0.7,0.2,0.2,5.0,15.549764,15.646669956023498
G05_R0180,G05,LOGO,holdout_G05,G05,25,50,1e-05,0.7,0.3,0.2,5.0,28.81108,28.95463956452393
G05_R0181,G05,LOGO,holdout_G05,G05,25,50,1e-06,0.85,0.1,0.2,5.0,25.540552,25.44943893283333
G05_R0182,G05,LOGO,holdout_G05,G05,25,50,1e-06,0.85,0.2,0.2,5.0,80.775357,80.88497914645778
G05_R0183,G05,LOGO,holdout_G05,G05,25,50,1e-06,0.85,0.3,0.2,5.0,171.700236,171.88115628170752
G05_R0184,G05,LOGO,holdout_G05,G05,25,50,1e-06,0.8,0.1,0.2,5.0,25.596521000000003,25.493332900499677
G05_R0185,G05,LOGO,holdout_G05,G05,25,50,1e-06,0.8,0.2,0.2,5.0,80.88731600000001,80.96791293551966
G05_R0186,G05,LOGO,holdout_G05,G05,25,50,1e-06,0.8,0.3,0.2,5.0,171.880184,172.0166086184768
G05_R0187,G05,LOGO,holdout_G05,G05,25,50,1e-06,0.75,0.1,0.2,5.0,25.658488,25.569133552026518
G05_R0188,G05,LOGO,holdout_G05,G05,25,50,1e-06,0.75,0.2,0.2,5.0,81.010271,81.11958544853108
G05_R0189,G05,LOGO,holdout_G05,G05,25,50,1e-06,0.75,0.3,0.2,5.0,172.070128,172.2440140002348
G05_R0190,G05,LOGO,holdout_G05,G05,25,50,1e-06,0.7,0.1,0.2,5.0,25.726452,25.618464589824203
G05_R0191,G05,LOGO,holdout_G05,G05,25,50,1e-06,0.7,0.2,0.2,5.0,81.147223,81.2190188290012
G05_R0192,G05,LOGO,holdout_G05,G05,25,50,1e-06,0.7,0.3,0.2,5.0,172.290068,172.40995741994433
G05_R0193,G05,LOGO,holdout_G05,G05,100,3,0.001,0.85,0.1,0.2,5.0,17.889364,18.320687281167626
G05_R0194,G05,LOGO,holdout_G05,G05,100,3,0.001,0.85,0.2,0.2,5.0,25.999876,26.568191008701444
G05_R0195,G05,LOGO,holdout_G05,G05,100,3,0.001,0.85,0.3,0.2,5.0,38.819399,39.57000107219838
G05_R0196,G05,LOGO,holdout_G05,G05,100,3,0.001,0.8,0.1,0.2,5.0,17.975393,18.3869229490859
G05_R0197,G05,LOGO,holdout_G05,G05,100,3,0.001,0.8,0.2,0.2,5.0,26.164819,26.701693879743235
G05_R0198,G05,LOGO,holdout_G05,G05,100,3,0.001,0.8,0.3,0.2,5.0,39.124275,39.8115531110319
G05_R0199,G05,LOGO,holdout_G05,G05,100,3,0.001,0.75,0.1,0.2,5.0,18.06635,18.501970355111222
G05_R0200,G05,LOGO,holdout_G05,G05,100,3,0.001,0.75,0.2,0.2,5.0,26.340677,26.91557855909246
G05_R0201,G05,LOGO,holdout_G05,G05,100,3,0.001,0.75,0.3,0.2,5.0,39.452063,40.21461508039857
G05_R0202,G05,LOGO,holdout_G05,G05,100,3,0.001,0.7,0.1,0.2,5.0,18.165227,18.577416061361227
G05_R0203,G05,LOGO,holdout_G05,G05,100,3,0.001,0.7,0.2,0.2,5.0,26.530441,27.05990128340498
G05_R0204,G05,LOGO,holdout_G05,G05,100,3,0.001,0.7,0.3,0.2,5.0,39.807754,40.48373382394051
G05_R0205,G05,LOGO,holdout_G05,G05,100,3,0.0001,0.85,0.1,0.2,5.0,22.342602,22.88142184172248
G05_R0206,G05,LOGO,holdout_G05,G05,100,3,0.0001,0.85,0.2,0.2,5.0,34.836484,35.63272251969643
G05_R0207,G05,LOGO,holdout_G05,G05,100,3,0.0001,0.85,0.3,0.2,5.0,55.823051,57.05201090836961
G05_R0208,G05,LOGO,holdout_G05,G05,100,3,0.0001,0.8,0.1,0.2,5.0,22.399934,22.92715991840353
G05_R0209,G05,LOGO,holdout_G05,G05,100,3,0.0001,0.8,0.2,0.2,5.0,34.963696,35.73196796281235
G05_R0210,G05,LOGO,holdout_G05,G05,100,3,0.0001,0.8,0.3,0.2,5.0,56.069094,57.24186902201568
G05_R0211,G05,LOGO,holdout_G05,G05,100,3,0.0001,0.75,0.1,0.2,5.0,22.462199,23.002249316631023
G05_R0212,G05,LOGO,holdout_G05,G05,100,3,0.0001,0.75,0.2,0.2,5.0,35.10283,35.90380136296428
G05_R0213,G05,LOGO,holdout_G05,G05,100,3,0.0001,0.75,0.3,0.2,5.0,56.340043,57.57548317582599
G05_R0214,G05,LOGO,holdout_G05,G05,100,3,0.0001,0.7,0.1,0.2,5.0,22.528386,23.05250259104753
G05_R0215,G05,LOGO,holdout_G05,G05,100,3,0.0001,0.7,0.2,0.2,5.0,35.255874,36.017355369592536
G05_R0216,G05,LOGO,holdout_G05,G05,100,3,0.0001,0.7,0.3,0.2,5.0,56.640883,57.79785844951296
G05_R0217,G05,LOGO,holdout_G05,G05,100,3,1e-05,0.85,0.1,0.2,5.0,32.212896,32.7417125554938
G05_R0218,G05,LOGO,holdout_G05,G05,100,3,1e-05,0.85,0.2,0.2,5.0,66.049246,66.93693461973221
G05_R0219,G05,LOGO,holdout_G05,G05,100,3,1e-05,0.85,0.3,0.2,5.0,121.726,123.11652997592267
G05_R0220,G05,LOGO,holdout_G05,G05,100,3,1e-05,0.8,0.1,0.2,5.0,32.299638,32.809213128243925
G05_R0221,G05,LOGO,holdout_G05,G05,100,3,1e-05,0.8,0.2,0.2,5.0,66.296903,67.13371126068812
G05_R0222,G05,LOGO,holdout_G05,G05,100,3,1e-05,0.8,0.3,0.2,5.0,122.215559,123.49823792296682
G05_R0223,G05,LOGO,holdout_G05,G05,100,3,1e-05,0.75,0.1,0.2,5.0,32.398353,32.93229706897263
G05_R0224,G05,LOGO,holdout_G05,G05,100,3,1e-05,0.75,0.2,0.2,5.0,66.580528,67.4713277532691
G05_R0225,G05,LOGO,holdout_G05,G05,100,3,1e-05,0.75,0.3,0.2,5.0,122.775079,124.182877018361
G05_R0226,G05,LOGO,holdout_G05,G05,100,3,1e-05,0.7,0.1,0.2,5.0,32.510039,33.01094367482523
G05_R0227,G05,LOGO,holdout_G05,G05,100,3,1e-05,0.7,0.2,0.2,5.0,66.90811599999999,67.71563730595989
G05_R0228,G05,LOGO,holdout_G05,G05,100,3,1e-05,0.7,0.3,0.2,5.0,123.424551,124.6494733905162
G05_R0229,G05,LOGO,holdout_G05,G05,100,3,1e-06,0.85,0.1,0.2,5.0,105.159322,105.11700626672624
G05_R0230,G05,LOGO,holdout_G05,G05,100,3,1e-06,0.85,0.2,0.2,5.0,329.91875500000003,330.86170760285825
G05_R0231,G05,LOGO,holdout_G05,G05,100,3,1e-06,0.85,0.3,0.2,5.0,699.635938,701.1991603701848
G05_R0232,G05,LOGO,holdout_G05,G05,100,3,1e-06,0.8,0.1,0.2,5.0,105.479228,105.35215553214196
G05_R0233,G05,LOGO,holdout_G05,G05,100,3,1e-06,0.8,0.2,0.2,5.0,330.728629,331.4941293093028
G05_R0234,G05,LOGO,holdout_G05,G05,100,3,1e-06,0.8,0.3,0.2,5.0,701.135786,702.3322954996388
G05_R0235,G05,LOGO,holdout_G05,G05,100,3,1e-06,0.75,0.1,0.2,5.0,105.829127,105.78172062774098
G05_R0236,G05,LOGO,holdout_G05,G05,100,3,1e-06,0.75,0.2,0.2,5.0,331.648495,332.6170928808707
G05_R0237,G05,LOGO,holdout_G05,G05,100,3,1e-06,0.75,0.3,0.2,5.0,702.8656209999999,704.4473969755193
G05_R0238,G05,LOGO,holdout_G05,G05,100,3,1e-06,0.7,0.1,0.2,5.0,106.229019,106.07166884399176
G05_R0239,G05,LOGO,holdout_G05,G05,100,3,1e-06,0.7,0.2,0.2,5.0,332.718349,333.3717528425418
G05_R0240,G05,LOGO,holdout_G05,G05,100,3,1e-06,0.7,0.3,0.2,5.0,704.8654429999999,705.9346160872141
G05_R0241,G05,LOGO,holdout_G05,G05,100,6,0.001,0.85,0.1,0.2,5.0,17.889364,18.32054046054262
G05_R0242,G05,LOGO,holdout_G05,G05,100,6,0.001,0.85,0.2,0.2,5.0,25.999876,26.568170142076443
G05_R0243,G05,LOGO,holdout_G05,G05,100,6,0.001,0.85,0.3,0.2,5.0,38.819399,39.569329531344216
G05_R0244,G05,LOGO,holdout_G05,G05,100,6,0.001,0.8,0.1,0.2,5.0,17.975393,18.38671743346089
G05_R0245,G05,LOGO,holdout_G05,G05,100,6,0.001,0.8,0.2,0.2,5.0,26.164819,26.701673013118235
G05_R0246,G05,LOGO,holdout_G05,G05,100,6,0.001,0.8,0.3,0.2,5.0,39.124275,39.81088157017773
G05_R0247,G05,LOGO,holdout_G05,G05,100,6,0.001,0.75,0.1,0.2,5.0,18.06635,18.50262359429873
G05_R0248,G05,LOGO,holdout_G05,G05,100,6,0.001,0.75,0.2,0.2,5.0,26.340677,26.91637768919661
G05_R0249,G05,LOGO,holdout_G05,G05,100,6,0.001,0.75,0.3,0.2,5.0,39.452063,40.213227207193206
G05_R0250,G05,LOGO,holdout_G05,G05,100,6,0.001,0.7,0.1,0.2,5.0,18.165227,18.57795623804873
G05_R0251,G05,LOGO,holdout_G05,G05,100,6,0.001,0.7,0.2,0.2,5.0,26.530441,27.06070041350914
G05_R0252,G05,LOGO,holdout_G05,G05,100,6,0.001,0.7,0.3,0.2,5.0,39.807754,40.48234595073514
G05_R0253,G05,LOGO,holdout_G05,G05,100,6,0.0001,0.85,0.1,0.2,5.0,22.342602,22.881195979180823
G05_R0254,G05,LOGO,holdout_G05,G05,100,6,0.0001,0.85,0.2,0.2,5.0,34.836484,35.63265468494642
G05_R0255,G05,LOGO,holdout_G05,G05,100,6,0.0001,0.85,0.3,0.2,5.0,55.823051,57.05158967511962
G05_R0256,G05,LOGO,holdout_G05,G05,100,6,0.0001,0.8,0.1,0.2,5.0,22.399934,22.926921887826165
G05_R0257,G05,LOGO,holdout_G05,G05,100,6,0.0001,0.8,0.2,0.2,5.0,34.963696,35.73190012806234
G05_R0258,G05,LOGO,holdout_G05,G05,100,6,0.0001,0.8,0.3,0.2,5.0,56.069094,57.24144778876569
G05_R0259,G05,LOGO,holdout_G05,G05,100,6,0.0001,0.75,0.1,0.2,5.0,22.462199,23.00236263382448
G05_R0260,G05,LOGO,holdout_G05,G05,100,6,0.0001,0.75,0.2,0.2,5.0,35.10283,35.90388533258929
G05_R0261,G05,LOGO,holdout_G05,G05,100,6,0.0001,0.75,0.3,0.2,5.0,56.340043,57.57336456945099
G05_R0262,G05,LOGO,holdout_G05,G05,100,6,0.0001,0.7,0.1,0.2,5.0,22.528386,23.052577018865986
G05_R0263,G05,LOGO,holdout_G05,G05,100,6,0.0001,0.7,0.2,0.2,5.0,35.255874,36.01743933921753
G05_R0264,G05,LOGO,holdout_G05,G05,100,6,0.0001,0.7,0.3,0.2,5.0,56.640883,57.795739843137966
G05_R0265,G05,LOGO,holdout_G05,G05,100,6,1e-05,0.85,0.1,0.2,5.0,32.212896,32.74121537727952
G05_R0266,G05,LOGO,holdout_G05,G05,100,6,1e-05,0.85,0.2,0.2,5.0,66.049246,66.93656042548223
G05_R0267,G05,LOGO,holdout_G05,G05,100,6,1e-05,0.85,0.3,0.2,5.0,121.726,123.11684101222026
G05_R0268,G05,LOGO,holdout_G05,G05,100,6,1e-05,0.8,0.1,0.2,5.0,32.299638,32.80871595002964
G05_R0269,G05,LOGO,holdout_G05,G05,100,6,1e-05,0.8,0.2,0.2,5.0,66.296903,67.13346936081311
G05_R0270,G05,LOGO,holdout_G05,G05,100,6,1e-05,0.8,0.3,0.2,5.0,122.215559,123.49827835238942
G05_R0271,G05,LOGO,holdout_G05,G05,100,6,1e-05,0.75,0.1,0.2,5.0,32.398353,32.931463889493465
G05_R0272,G05,LOGO,holdout_G05,G05,100,6,1e-05,0.75,0.2,0.2,5.0,66.580528,67.4720334202274
G05_R0273,G05,LOGO,holdout_G05,G05,100,6,1e-05,0.75,0.3,0.2,5.0,122.775079,124.18291324234022
G05_R0274,G05,LOGO,holdout_G05,G05,100,6,1e-05,0.7,0.1,0.2,5.0,32.510039,33.010110495346055
G05_R0275,G05,LOGO,holdout_G05,G05,100,6,1e-05,0.7,0.2,0.2,5.0,66.90811599999999,67.71598331637654
G05_R0276,G05,LOGO,holdout_G05,G05,100,6,1e-05,0.7,0.3,0.2,5.0,123.424551,124.6495096144954
G05_R0277,G05,LOGO,holdout_G05,G05,100,6,1e-06,0.85,0.1,0.2,5.0,105.159322,105.11621860422623
G05_R0278,G05,LOGO,holdout_G05,G05,100,6,1e-06,0.85,0.2,0.2,5.0,329.91875500000003,330.86418908431654
G05_R0279,G05,LOGO,holdout_G05,G05,100,6,1e-06,0.85,0.3,0.2,5.0,699.635938,701.1869282889198
G05_R0280,G05,LOGO,holdout_G05,G05,100,6,1e-06,0.8,0.1,0.2,5.0,105.479228,105.35153032172528
G05_R0281,G05,LOGO,holdout_G05,G05,100,6,1e-06,0.8,0.2,0.2,5.0,330.728629,331.49793560326106
G05_R0282,G05,LOGO,holdout_G05,G05,100,6,1e-06,0.8,0.3,0.2,5.0,701.135786,702.3206883380615
G05_R0283,G05,LOGO,holdout_G05,G05,100,6,1e-06,0.75,0.1,0.2,5.0,105.829127,105.77981993836602
G05_R0284,G05,LOGO,holdout_G05,G05,100,6,1e-06,0.75,0.2,0.2,5.0,331.648495,332.6186501460374
G05_R0285,G05,LOGO,holdout_G05,G05,100,6,1e-06,0.75,0.3,0.2,5.0,702.8656209999999,704.4337065844151
G05_R0286,G05,LOGO,holdout_G05,G05,100,6,1e-06,0.7,0.1,0.2,5.0,106.229019,106.0697681546168
G05_R0287,G05,LOGO,holdout_G05,G05,100,6,1e-06,0.7,0.2,0.2,5.0,332.718349,333.37222902645857
G05_R0288,G05,LOGO,holdout_G05,G05,100,6,1e-06,0.7,0.3,0.2,5.0,704.8654429999999,705.9209256961099
G05_R0289,G05,LOGO,holdout_G05,G05,100,20,0.001,0.85,0.1,0.2,5.0,17.889364,18.32076382165263
G05_R0290,G05,LOGO,holdout_G05,G05,100,20,0.001,0.85,0.2,0.2,5.0,25.999876,26.56814948195442
G05_R0291,G05,LOGO,holdout_G05,G05,100,20,0.001,0.85,0.3,0.2,5.0,38.819399,39.56825393765969
G05_R0292,G05,LOGO,holdout_G05,G05,100,20,0.001,0.8,0.1,0.2,5.0,17.975393,18.387065437071
G05_R0293,G05,LOGO,holdout_G05,G05,100,20,0.001,0.8,0.2,0.2,5.0,26.164819,26.70137928341288
G05_R0294,G05,LOGO,holdout_G05,G05,100,20,0.001,0.8,0.3,0.2,5.0,39.124275,39.81003812582654
G05_R0295,G05,LOGO,holdout_G05,G05,100,20,0.001,0.75,0.1,0.2,5.0,18.06635,18.5027827894029
G05_R0296,G05,LOGO,holdout_G05,G05,100,20,0.001,0.75,0.2,0.2,5.0,26.340677,26.91745035514156
G05_R0297,G05,LOGO,holdout_G05,G05,100,20,0.001,0.75,0.3,0.2,5.0,39.452063,40.21591215133012
G05_R0298,G05,LOGO,holdout_G05,G05,100,20,0.001,0.7,0.1,0.2,5.0,18.165227,18.578086085652902
G05_R0299,G05,LOGO,holdout_G05,G05,100,20,0.001,0.7,0.2,0.2,5.0,26.530441,27.061735611120746
G05_R0300,G05,LOGO,holdout_G05,G05,100,20,0.001,0.7,0.3,0.2,5.0,39.807754,40.48503089487205
G05_R0301,G05,LOGO,holdout_G05,G05,100,20,0.0001,0.85,0.1,0.2,5.0,22.342602,22.88136818316991
G05_R0302,G05,LOGO,holdout_G05,G05,100,20,0.0001,0.85,0.2,0.2,5.0,34.836484,35.632919636531234
G05_R0303,G05,LOGO,holdout_G05,G05,100,20,0.0001,0.85,0.3,0.2,5.0,55.823051,57.05111788276547
G05_R0304,G05,LOGO,holdout_G05,G05,100,20,0.0001,0.8,0.1,0.2,5.0,22.399934,22.92713667994025
G05_R0305,G05,LOGO,holdout_G05,G05,100,20,0.0001,0.8,0.2,0.2,5.0,34.963696,35.73209510714716
G05_R0306,G05,LOGO,holdout_G05,G05,100,20,0.0001,0.8,0.3,0.2,5.0,56.069094,57.2408494055782
G05_R0307,G05,LOGO,holdout_G05,G05,100,20,0.0001,0.75,0.1,0.2,5.0,22.462199,23.002732375791744
G05_R0308,G05,LOGO,holdout_G05,G05,100,20,0.0001,0.75,0.2,0.2,5.0,35.10283,35.903428373434494
G05_R0309,G05,LOGO,holdout_G05,G05,100,20,0.0001,0.75,0.3,0.2,5.0,56.340043,57.57345914015932
G05_R0310,G05,LOGO,holdout_G05,G05,100,20,0.0001,0.7,0.1,0.2,5.0,22.528386,23.052946760833247
G05_R0311,G05,LOGO,holdout_G05,G05,100,20,0.0001,0.7,0.2,0.2,5.0,35.255874,36.01698229006277
G05_R0312,G05,LOGO,holdout_G05,G05,100,20,0.0001,0.7,0.3,0.2,5.0,56.640883,57.79592008290865
G05_R0313,G05,LOGO,holdout_G05,G05,100,20,1e-05,0.85,0.1,0.2,5.0,32.212896,32.74164897587324
G05_R0314,G05,LOGO,holdout_G05,G05,100,20,1e-05,0.85,0.2,0.2,5.0,66.049246,66.93690030825901
G05_R0315,G05,LOGO,holdout_G05,G05,100,20,1e-05,0.85,0.3,0.2,5.0,121.726,123.11708208897048
G05_R0316,G05,LOGO,holdout_G05,G05,100,20,1e-05,0.8,0.1,0.2,5.0,32.299638,32.809275642790034
G05_R0317,G05,LOGO,holdout_G05,G05,100,20,1e-05,0.8,0.2,0.2,5.0,66.296903,67.13399669379824
G05_R0318,G05,LOGO,holdout_G05,G05,100,20,1e-05,0.8,0.3,0.2,5.0,122.215559,123.49892534538932
G05_R0319,G05,LOGO,holdout_G05,G05,100,20,1e-05,0.75,0.1,0.2,5.0,32.398353,32.93135845977025
G05_R0320,G05,LOGO,holdout_G05,G05,100,20,1e-05,0.75,0.2,0.2,5.0,66.580528,67.46973798892076
G05_R0321,G05,LOGO,holdout_G05,G05,100,20,1e-05,0.75,0.3,0.2,5.0,122.775079,124.18584149251906
G05_R0322,G05,LOGO,holdout_G05,G05,100,20,1e-05,0.7,0.1,0.2,5.0,32.510039,33.010160327706174
G05_R0323,G05,LOGO,holdout_G05,G05,100,20,1e-05,0.7,0.2,0.2,5.0,66.90811599999999,67.71447572194494
G05_R0324,G05,LOGO,holdout_G05,G05,100,20,1e-05,0.7,0.3,0.2,5.0,123.424551,124.65243783967418
G05_R0325,G05,LOGO,holdout_G05,G05,100,20,1e-06,0.85,0.1,0.2,5.0,105.159322,105.11387195107147
G05_R0326,G05,LOGO,holdout_G05,G05,100,20,1e-06,0.85,0.2,0.2,5.0,329.91875500000003,330.85858745900407
G05_R0327,G05,LOGO,holdout_G05,G05,100,20,1e-06,0.85,0.3,0.2,5.0,699.635938,701.1955167090778
G05_R0328,G05,LOGO,holdout_G05,G05,100,20,1e-06,0.8,0.1,0.2,5.0,105.479228,105.3482464473205
G05_R0329,G05,LOGO,holdout_G05,G05,100,20,1e-06,0.8,0.2,0.2,5.0,330.728629,331.49301511326115
G05_R0330,G05,LOGO,holdout_G05,G05,100,20,1e-06,0.8,0.3,0.2,5.0,701.135786,702.3286518829068
G05_R0331,G05,LOGO,holdout_G05,G05,100,20,1e-06,0.75,0.1,0.2,5.0,105.829127,105.77523770425888
G05_R0332,G05,LOGO,holdout_G05,G05,100,20,1e-06,0.75,0.2,0.2,5.0,331.648495,332.6180906086
G05_R0333,G05,LOGO,holdout_G05,G05,100,20,1e-06,0.75,0.3,0.2,5.0,702.8656209999999,704.4134525967021
G05_R0334,G05,LOGO,holdout_G05,G05,100,20,1e-06,0.7,0.1,0.2,5.0,106.229019,106.0653894308668
G05_R0335,G05,LOGO,holdout_G05,G05,100,20,1e-06,0.7,0.2,0.2,5.0,332.718349,333.37166949945873
G05_R0336,G05,LOGO,holdout_G05,G05,100,20,1e-06,0.7,0.3,0.2,5.0,704.8654429999999,705.9006716833973
G05_R0337,G05,LOGO,holdout_G05,G05,100,50,0.001,0.85,0.1,0.2,5.0,17.889364,18.32097586281335
G05_R0338,G05,LOGO,holdout_G05,G05,100,50,0.001,0.85,0.2,0.2,5.0,25.999876,26.567540872058583
G05_R0339,G05,LOGO,holdout_G05,G05,100,50,0.001,0.85,0.3,0.2,5.0,38.819399,39.56693908688291
G05_R0340,G05,LOGO,holdout_G05,G05,100,50,0.001,0.8,0.1,0.2,5.0,17.975393,18.38727747823171
G05_R0341,G05,LOGO,holdout_G05,G05,100,50,0.001,0.8,0.2,0.2,5.0,26.164819,26.70077067351705
G05_R0342,G05,LOGO,holdout_G05,G05,100,50,0.001,0.8,0.3,0.2,5.0,39.124275,39.80872327504975
G05_R0343,G05,LOGO,holdout_G05,G05,100,50,0.001,0.75,0.1,0.2,5.0,18.06635,18.502622650257067
G05_R0344,G05,LOGO,holdout_G05,G05,100,50,0.001,0.75,0.2,0.2,5.0,26.340677,26.91740446109395
G05_R0345,G05,LOGO,holdout_G05,G05,100,50,0.001,0.75,0.3,0.2,5.0,39.452063,40.217061576309305
G05_R0346,G05,LOGO,holdout_G05,G05,100,50,0.001,0.7,0.1,0.2,5.0,18.165227,18.57792594650707
G05_R0347,G05,LOGO,holdout_G05,G05,100,50,0.001,0.7,0.2,0.2,5.0,26.530441,27.061689717073133
G05_R0348,G05,LOGO,holdout_G05,G05,100,50,0.001,0.7,0.3,0.2,5.0,39.807754,40.48686237068457
G05_R0349,G05,LOGO,holdout_G05,G05,100,50,0.0001,0.85,0.1,0.2,5.0,22.342602,22.881281534003243
G05_R0350,G05,LOGO,holdout_G05,G05,100,50,0.0001,0.85,0.2,0.2,5.0,34.836484,35.63423530086457
G05_R0351,G05,LOGO,holdout_G05,G05,100,50,0.0001,0.85,0.3,0.2,5.0,55.823051,57.05036432609879
G05_R0352,G05,LOGO,holdout_G05,G05,100,50,0.0001,0.8,0.1,0.2,5.0,22.399934,22.927050030773582
G05_R0353,G05,LOGO,holdout_G05,G05,100,50,0.0001,0.8,0.2,0.2,5.0,34.963696,35.73341077148049
G05_R0354,G05,LOGO,holdout_G05,G05,100,50,0.0001,0.8,0.3,0.2,5.0,56.069094,57.24009584891152
G05_R0355,G05,LOGO,holdout_G05,G05,100,50,0.0001,0.75,0.1,0.2,5.0,22.462199,23.002747462166734
G05_R0356,G05,LOGO,holdout_G05,G05,100,50,0.0001,0.75,0.2,0.2,5.0,35.10283,35.9034529744345
G05_R0357,G05,LOGO,holdout_G05,G05,100,50,0.0001,0.75,0.3,0.2,5.0,56.340043,57.57226667726348
G05_R0358,G05,LOGO,holdout_G05,G05,100,50,0.0001,0.7,0.1,0.2,5.0,22.528386,23.053012062624912
G05_R0359,G05,LOGO,holdout_G05,G05,100,50,0.0001,0.7,0.2,0.2,5.0,35.255874,36.01700689106278
G05_R0360,G05,LOGO,holdout_G05,G05,100,50,0.0001,0.7,0.3,0.2,5.0,56.640883,57.79411957292948
G05_R0361,G05,LOGO,holdout_G05,G05,100,50,1e-05,0.85,0.1,0.2,5.0,32.212897000000005,32.74164383477948
G05_R0362,G05,LOGO,holdout_G05,G05,100,50,1e-05,0.85,0.2,0.2,5.0,66.049246,66.93688463175903
G05_R0363,G05,LOGO,holdout_G05,G05,100,50,1e-05,0.85,0.3,0.2,5.0,121.726,123.11790868583503
G05_R0364,G05,LOGO,holdout_G05,G05,100,50,1e-05,0.8,0.1,0.2,5.0,32.299638,32.80915783569627
G05_R0365,G05,LOGO,holdout_G05,G05,100,50,1e-05,0.8,0.2,0.2,5.0,66.296903,67.13449281396491
G05_R0366,G05,LOGO,holdout_G05,G05,100,50,1e-05,0.8,0.3,0.2,5.0,122.215559,123.49914000850389
G05_R0367,G05,LOGO,holdout_G05,G05,100,50,1e-05,0.75,0.1,0.2,5.0,32.398354000000005,32.93150400113483
G05_R0368,G05,LOGO,holdout_G05,G05,100,50,1e-05,0.75,0.2,0.2,5.0,66.580528,67.47136131183744
G05_R0369,G05,LOGO,holdout_G05,G05,100,50,1e-05,0.75,0.3,0.2,5.0,122.775079,124.18528384202254
G05_R0370,G05,LOGO,holdout_G05,G05,100,50,1e-05,0.7,0.1,0.2,5.0,32.511039000000004,33.010367555112424
G05_R0371,G05,LOGO,holdout_G05,G05,100,50,1e-05,0.7,0.2,0.2,5.0,66.90811599999999,67.71598004569496
G05_R0372,G05,LOGO,holdout_G05,G05,100,50,1e-05,0.7,0.3,0.2,5.0,123.424551,124.65211331646933
G05_R0373,G05,LOGO,holdout_G05,G05,100,50,1e-06,0.85,0.1,0.2,5.0,105.159322,105.11368471982148
G05_R0374,G05,LOGO,holdout_G05,G05,100,50,1e-06,0.85,0.2,0.2,5.0,329.91875500000003,330.85966854025406
G05_R0375,G05,LOGO,holdout_G05,G05,100,50,1e-06,0.85,0.3,0.2,5.0,699.635938,701.1961541464111
G05_R0376,G05,LOGO,holdout_G05,G05,100,50,1e-06,0.8,0.1,0.2,5.0,105.479228,105.34852782669552
G05_R0377,G05,LOGO,holdout_G05,G05,100,50,1e-06,0.8,0.2,0.2,5.0,330.728629,331.4934337888862
G05_R0378,G05,LOGO,holdout_G05,G05,100,50,1e-06,0.8,0.3,0.2,5.0,701.135786,702.3292893202404
G05_R0379,G05,LOGO,holdout_G05,G05,100,50,1e-06,0.75,0.1,0.2,5.0,105.829127,105.77607183207137
G05_R0380,G05,LOGO,holdout_G05,G05,100,50,1e-06,0.75,0.2,0.2,5.0,331.648495,332.6216242692459
G05_R0381,G05,LOGO,holdout_G05,G05,100,50,1e-06,0.75,0.3,0.2,5.0,702.8656209999999,704.416031854949
G05_R0382,G05,LOGO,holdout_G05,G05,100,50,1e-06,0.7,0.1,0.2,5.0,106.229019,106.06622355867928
G05_R0383,G05,LOGO,holdout_G05,G05,100,50,1e-06,0.7,0.2,0.2,5.0,332.718349,333.3746282476046
G05_R0384,G05,LOGO,holdout_G05,G05,100,50,1e-06,0.7,0.3,0.2,5.0,704.8654429999999,705.9043320860189
G05_R0385,G05,LOGO,holdout_G05,G05,250,3,0.001,0.85,0.1,0.2,5.0,53.743645,55.49348590652386
G05_R0386,G05,LOGO,holdout_G05,G05,250,3,0.001,0.85,0.2,0.2,5.0,80.073689,81.71727803121688
G05_R0387,G05,LOGO,holdout_G05,G05,250,3,0.001,0.85,0.3,0.2,5.0,122.152989,123.22818092750528
G05_R0388,G05,LOGO,holdout_G05,G05,250,3,0.001,0.8,0.1,0.2,5.0,54.06946,55.748244231024046
G05_R0389,G05,LOGO,holdout_G05,G05,250,3,0.001,0.8,0.2,0.2,5.0,80.716712,82.23141308071745
G05_R0390,G05,LOGO,holdout_G05,G05,250,3,0.001,0.8,0.3,0.2,5.0,123.381174,124.15475601075325
G05_R0391,G05,LOGO,holdout_G05,G05,250,3,0.001,0.75,0.1,0.2,5.0,54.417125000000006,56.18213792039244
G05_R0392,G05,LOGO,holdout_G05,G05,250,3,0.001,0.75,0.2,0.2,5.0,81.404502,83.07108255783871
G05_R0393,G05,LOGO,holdout_G05,G05,250,3,0.001,0.75,0.3,0.2,5.0,124.709267,125.75119022736013
G05_R0394,G05,LOGO,holdout_G05,G05,250,3,0.001,0.7,0.1,0.2,5.0,54.789619,56.481473983249245
G05_R0395,G05,LOGO,holdout_G05,G05,250,3,0.001,0.7,0.2,0.2,5.0,82.144241,83.62796272817282
G05_R0396,G05,LOGO,holdout_G05,G05,250,3,0.001,0.7,0.3,0.2,5.0,126.147261,126.85329695442871
G05_R0397,G05,LOGO,holdout_G05,G05,250,3,0.0001,0.85,0.1,0.2,5.0,66.01930899999999,68.27549061975672
G05_R0398,G05,LOGO,holdout_G05,G05,250,3,0.0001,0.85,0.2,0.2,5.0,104.35358,107.649267818149
G05_R0399,G05,LOGO,holdout_G05,G05,250,3,0.0001,0.85,0.3,0.2,5.0,168.857607,173.7861899413827
G05_R0400,G05,LOGO,holdout_G05,G05,250,3,0.0001,0.8,0.1,0.2,5.0,66.236936,68.44654324359855
G05_R0401,G05,LOGO,holdout_G05,G05,250,3,0.0001,0.8,0.2,0.2,5.0,104.912881,108.0797005264323
G05_R0402,G05,LOGO,holdout_G05,G05,250,3,0.0001,0.8,0.3,0.2,5.0,169.97048,174.61204936911238
G05_R0403,G05,LOGO,holdout_G05,G05,250,3,0.0001,0.75,0.1,0.2,5.0,66.473428,68.73398639436463
G05_R0404,G05,LOGO,holdout_G05,G05,250,3,0.0001,0.75,0.2,0.2,5.0,105.522105,108.80720197634682
G05_R0405,G05,LOGO,holdout_G05,G05,250,3,0.0001,0.75,0.3,0.2,5.0,171.223648,176.18239008648135
G05_R0406,G05,LOGO,holdout_G05,G05,250,3,0.0001,0.7,0.1,0.2,5.0,66.732761,68.92629813509525
G05_R0407,G05,LOGO,holdout_G05,G05,250,3,0.0001,0.7,0.2,0.2,5.0,106.211232,109.32514282513986
G05_R0408,G05,LOGO,holdout_G05,G05,250,3,0.0001,0.7,0.3,0.2,5.0,172.647137,177.22929830419028
G05_R0409,G05,LOGO,holdout_G05,G05,250,3,1e-05,0.85,0.1,0.2,5.0,93.168401,95.51307530325823
G05_R0410,G05,LOGO,holdout_G05,G05,250,3,1e-05,0.85,0.2,0.2,5.0,188.621369,192.50539312986365
G05_R0411,G05,LOGO,holdout_G05,G05,250,3,1e-05,0.85,0.3,0.2,5.0,344.86763,351.17201110441204
G05_R0412,G05,LOGO,holdout_G05,G05,250,3,1e-05,0.8,0.1,0.2,5.0,93.573862,95.81728301712396
G05_R0413,G05,LOGO,holdout_G05,G05,250,3,1e-05,0.8,0.2,0.2,5.0,189.900716,193.4428756597092
G05_R0414,G05,LOGO,holdout_G05,G05,250,3,1e-05,0.8,0.3,0.2,5.0,347.47704000000004,353.14273300440954
G05_R0415,G05,LOGO,holdout_G05,G05,250,3,1e-05,0.75,0.1,0.2,5.0,94.03727,96.38695925048889
G05_R0416,G05,LOGO,holdout_G05,G05,250,3,1e-05,0.75,0.2,0.2,5.0,191.380008,195.24616476973537
G05_R0417,G05,LOGO,holdout_G05,G05,250,3,1e-05,0.75,0.3,0.2,5.0,350.49641,356.89638376183984
G05_R0418,G05,LOGO,holdout_G05,G05,250,3,1e-05,0.7,0.1,0.2,5.0,94.570616,96.78226792584104
G05_R0419,G05,LOGO,holdout_G05,G05,250,3,1e-05,0.7,0.2,0.2,5.0,193.09924,196.5494302086794
G05_R0420,G05,LOGO,holdout_G05,G05,250,3,1e-05,0.7,0.3,0.2,5.0,354.01576,359.5210923810101
G05_R0421,G05,LOGO,holdout_G05,G05,250,3,1e-06,0.85,0.1,0.2,5.0,279.716671,280.66020074443423
G05_R0422,G05,LOGO,holdout_G05,G05,250,3,1e-06,0.85,0.2,0.2,5.0,862.75248,866.9593686725212
G05_R0423,G05,LOGO,holdout_G05,G05,250,3,1e-06,0.85,0.3,0.2,5.0,1820.15434,1827.465173402688
G05_R0424,G05,LOGO,holdout_G05,G05,250,3,1e-06,0.8,0.1,0.2,5.0,280.956474,281.5580431951776
G05_R0425,G05,LOGO,holdout_G05,G05,250,3,1e-06,0.8,0.2,0.2,5.0,866.75223,870.0730041585049
G05_R0426,G05,LOGO,holdout_G05,G05,250,3,1e-06,0.8,0.3,0.2,5.0,1828.15405,1833.3804299777084
G05_R0427,G05,LOGO,holdout_G05,G05,250,3,1e-06,0.75,0.1,0.2,5.0,282.436263,283.2594339225327
G05_R0428,G05,LOGO,holdout_G05,G05,250,3,1e-06,0.75,0.2,0.2,5.0,871.57195,875.9571305175107
G05_R0429,G05,LOGO,holdout_G05,G05,250,3,1e-06,0.75,0.3,0.2,5.0,1837.55373,1845.058133208543
G05_R0430,G05,LOGO,holdout_G05,G05,250,3,1e-06,0.7,0.1,0.2,5.0,284.216035,284.55137412843027
G05_R0431,G05,LOGO,holdout_G05,G05,250,3,1e-06,0.7,0.2,0.2,5.0,877.28165,880.033124621083
G05_R0432,G05,LOGO,holdout_G05,G05,250,3,1e-06,0.7,0.3,0.2,5.0,1848.75339,1853.193906601276
G05_R0433,G05,LOGO,holdout_G05,G05,250,6,0.001,0.85,0.1,0.2,5.0,53.743645,55.49276785919053
G05_R0434,G05,LOGO,holdout_G05,G05,250,6,0.001,0.85,0.2,0.2,5.0,80.073689,81.71716346477243
G05_R0435,G05,LOGO,holdout_G05,G05,250,6,0.001,0.85,0.3,0.2,5.0,122.152989,123.22815513329697
G05_R0436,G05,LOGO,holdout_G05,G05,250,6,0.001,0.8,0.1,0.2,5.0,54.06946,55.74752618369072
G05_R0437,G05,LOGO,holdout_G05,G05,250,6,0.001,0.8,0.2,0.2,5.0,80.716712,82.23016962989799
G05_R0438,G05,LOGO,holdout_G05,G05,250,6,0.001,0.8,0.3,0.2,5.0,123.381174,124.15473021654492
G05_R0439,G05,LOGO,holdout_G05,G05,250,6,0.001,0.75,0.1,0.2,5.0,54.417125000000006,56.1814557086216
G05_R0440,G05,LOGO,holdout_G05,G05,250,6,0.001,0.75,0.2,0.2,5.0,81.404502,83.07139679751927
G05_R0441,G05,LOGO,holdout_G05,G05,250,6,0.001,0.75,0.3,0.2,5.0,124.709267,125.7483048234018
G05_R0442,G05,LOGO,holdout_G05,G05,250,6,0.001,0.7,0.1,0.2,5.0,54.789619,56.480791771478415
G05_R0443,G05,LOGO,holdout_G05,G05,250,6,0.001,0.7,0.2,0.2,5.0,82.144241,83.62740227535336
G05_R0444,G05,LOGO,holdout_G05,G05,250,6,0.001,0.7,0.3,0.2,5.0,126.147261,126.8504115504704
G05_R0445,G05,LOGO,holdout_G05,G05,250,6,0.0001,0.85,0.1,0.2,5.0,66.01930899999999,68.27571311095909
G05_R0446,G05,LOGO,holdout_G05,G05,250,6,0.0001,0.85,0.2,0.2,5.0,104.35358,107.64792974521146
G05_R0447,G05,LOGO,holdout_G05,G05,250,6,0.0001,0.85,0.3,0.2,5.0,168.857607,173.7850853252398
G05_R0448,G05,LOGO,holdout_G05,G05,250,6,0.0001,0.8,0.1,0.2,5.0,66.236936,68.44676573480092
G05_R0449,G05,LOGO,holdout_G05,G05,250,6,0.0001,0.8,0.2,0.2,5.0,104.912881,108.0783624534948
G05_R0450,G05,LOGO,holdout_G05,G05,250,6,0.0001,0.8,0.3,0.2,5.0,169.97048,174.61094475296954
G05_R0451,G05,LOGO,holdout_G05,G05,250,6,0.0001,0.75,0.1,0.2,5.0,66.473428,68.73462431207295
G05_R0452,G05,LOGO,holdout_G05,G05,250,6,0.0001,0.75,0.2,0.2,5.0,105.522105,108.80787641803434
G05_R0453,G05,LOGO,holdout_G05,G05,250,6,0.0001,0.75,0.3,0.2,5.0,171.223648,176.1848747179635
G05_R0454,G05,LOGO,holdout_G05,G05,250,6,0.0001,0.7,0.1,0.2,5.0,66.732761,68.92693605280357
G05_R0455,G05,LOGO,holdout_G05,G05,250,6,0.0001,0.7,0.2,0.2,5.0,106.211232,109.3258172668274
G05_R0456,G05,LOGO,holdout_G05,G05,250,6,0.0001,0.7,0.3,0.2,5.0,172.647137,177.2317829356724
G05_R0457,G05,LOGO,holdout_G05,G05,250,6,1e-05,0.85,0.1,0.2,5.0,93.168401,95.51334415965404
G05_R0458,G05,LOGO,holdout_G05,G05,250,6,1e-05,0.85,0.2,0.2,5.0,188.621369,192.50832074819704
G05_R0459,G05,LOGO,holdout_G05,G05,250,6,1e-05,0.85,0.3,0.2,5.0,344.86763,351.170518284412
G05_R0460,G05,LOGO,holdout_G05,G05,250,6,1e-05,0.8,0.1,0.2,5.0,93.573862,95.81755187351978
G05_R0461,G05,LOGO,holdout_G05,G05,250,6,1e-05,0.8,0.2,0.2,5.0,189.900716,193.4468933405426
G05_R0462,G05,LOGO,holdout_G05,G05,250,6,1e-05,0.8,0.3,0.2,5.0,347.47704000000004,353.1412401844095
G05_R0463,G05,LOGO,holdout_G05,G05,250,6,1e-05,0.75,0.1,0.2,5.0,94.03727,96.38786435393231
G05_R0464,G05,LOGO,holdout_G05,G05,250,6,1e-05,0.75,0.2,0.2,5.0,191.380008,195.24934615473543
G05_R0465,G05,LOGO,holdout_G05,G05,250,6,1e-05,0.75,0.3,0.2,5.0,350.49641,356.8842365935065
G05_R0466,G05,LOGO,holdout_G05,G05,250,6,1e-05,0.7,0.1,0.2,5.0,94.570616,96.78322037647196
G05_R0467,G05,LOGO,holdout_G05,G05,250,6,1e-05,0.7,0.2,0.2,5.0,193.09924,196.55261159367947
G05_R0468,G05,LOGO,holdout_G05,G05,250,6,1e-05,0.7,0.3,0.2,5.0,354.01576,359.5041081060101
G05_R0469,G05,LOGO,holdout_G05,G05,250,6,1e-06,0.85,0.1,0.2,5.0,279.716671,280.66274630845504
G05_R0470,G05,LOGO,holdout_G05,G05,250,6,1e-06,0.85,0.2,0.2,5.0,862.75248,866.9390368133543
G05_R0471,G05,LOGO,holdout_G05,G05,250,6,1e-06,0.85,0.3,0.2,5.0,1820.15434,1827.4687864237285
G05_R0472,G05,LOGO,holdout_G05,G05,250,6,1e-06,0.8,0.1,0.2,5.0,280.956474,281.5605887591984
G05_R0473,G05,LOGO,holdout_G05,G05,250,6,1e-06,0.8,0.2,0.2,5.0,866.75223,870.050668261838
G05_R0474,G05,LOGO,holdout_G05,G05,250,6,1e-06,0.8,0.3,0.2,5.0,1828.15405,1833.3840429987492
G05_R0475,G05,LOGO,holdout_G05,G05,250,6,1e-06,0.75,0.1,0.2,5.0,282.436263,283.2625328154079
G05_R0476,G05,LOGO,holdout_G05,G05,250,6,1e-06,0.75,0.2,0.2,5.0,871.57195,875.9485956081355
G05_R0477,G05,LOGO,holdout_G05,G05,250,6,1e-06,0.75,0.3,0.2,5.0,1837.55373,1845.1143937318773
G05_R0478,G05,LOGO,holdout_G05,G05,250,6,1e-06,0.7,0.1,0.2,5.0,284.216035,284.55447302130534
G05_R0479,G05,LOGO,holdout_G05,G05,250,6,1e-06,0.7,0.2,0.2,5.0,877.28165,880.0245897117078
G05_R0480,G05,LOGO,holdout_G05,G05,250,6,1e-06,0.7,0.3,0.2,5.0,1848.75339,1853.2501671246105
G05_R0481,G05,LOGO,holdout_G05,G05,250,20,0.001,0.85,0.1,0.2,5.0,53.743645,55.49432791223221
G05_R0482,G05,LOGO,holdout_G05,G05,250,20,0.001,0.85,0.2,0.2,5.0,80.073689,81.72139043207797
G05_R0483,G05,LOGO,holdout_G05,G05,250,20,0.001,0.85,0.3,0.2,5.0,122.152989,123.22995538453104
G05_R0484,G05,LOGO,holdout_G05,G05,250,20,0.001,0.8,0.1,0.2,5.0,54.06946,55.74884545610741
G05_R0485,G05,LOGO,holdout_G05,G05,250,20,0.001,0.8,0.2,0.2,5.0,80.716712,82.23439659720354
G05_R0486,G05,LOGO,holdout_G05,G05,250,20,0.001,0.8,0.3,0.2,5.0,123.381174,124.15694547840404
G05_R0487,G05,LOGO,holdout_G05,G05,250,20,0.001,0.75,0.1,0.2,5.0,54.417125000000006,56.18040180945494
G05_R0488,G05,LOGO,holdout_G05,G05,250,20,0.001,0.75,0.2,0.2,5.0,81.404502,83.06894547860256
G05_R0489,G05,LOGO,holdout_G05,G05,250,20,0.001,0.75,0.3,0.2,5.0,124.709267,125.74008885840826
G05_R0490,G05,LOGO,holdout_G05,G05,250,20,0.001,0.7,0.1,0.2,5.0,54.789619,56.47981259693676
G05_R0491,G05,LOGO,holdout_G05,G05,250,20,0.001,0.7,0.2,0.2,5.0,82.144241,83.62524252060335
G05_R0492,G05,LOGO,holdout_G05,G05,250,20,0.001,0.7,0.3,0.2,5.0,126.147261,126.84155404647684
G05_R0493,G05,LOGO,holdout_G05,G05,250,20,0.0001,0.85,0.1,0.2,5.0,66.01930899999999,68.27573257647283
G05_R0494,G05,LOGO,holdout_G05,G05,250,20,0.0001,0.85,0.2,0.2,5.0,104.35358,107.64706755853284
G05_R0495,G05,LOGO,holdout_G05,G05,250,20,0.0001,0.85,0.3,0.2,5.0,168.857607,173.7763404840971
G05_R0496,G05,LOGO,holdout_G05,G05,250,20,0.0001,0.8,0.1,0.2,5.0,66.236936,68.44734215683543
G05_R0497,G05,LOGO,holdout_G05,G05,250,20,0.0001,0.8,0.2,0.2,5.0,104.912881,108.0781025478995
G05_R0498,G05,LOGO,holdout_G05,G05,250,20,0.0001,0.8,0.3,0.2,5.0,169.97048,174.6021999118268
G05_R0499,G05,LOGO,holdout_G05,G05,250,20,0.0001,0.75,0.1,0.2,5.0,66.473428,68.73362809853128
G05_R0500,G05,LOGO,holdout_G05,G05,250,20,0.0001,0.75,0.2,0.2,5.0,105.522105,108.81232221710272
G05_R0501,G05,LOGO,holdout_G05,G05,250,20,0.0001,0.75,0.3,0.2,5.0,171.223648,176.1916570943831
G05_R0502,G05,LOGO,holdout_G05,G05,250,20,0.0001,0.7,0.1,0.2,5.0,66.732761,68.9258157158244
G05_R0503,G05,LOGO,holdout_G05,G05,250,20,0.0001,0.7,0.2,0.2,5.0,106.211232,109.32987375030656
G05_R0504,G05,LOGO,holdout_G05,G05,250,20,0.0001,0.7,0.3,0.2,5.0,172.647137,177.23963033302954
G05_R0505,G05,LOGO,holdout_G05,G05,250,20,1e-05,0.85,0.1,0.2,5.0,93.168401,95.51461682498696
G05_R0506,G05,LOGO,holdout_G05,G05,250,20,1e-05,0.85,0.2,0.2,5.0,188.621369,192.5071406239709
G05_R0507,G05,LOGO,holdout_G05,G05,250,20,1e-05,0.85,0.3,0.2,5.0,344.86763,351.1506369541739
G05_R0508,G05,LOGO,holdout_G05,G05,250,20,1e-05,0.8,0.1,0.2,5.0,93.573862,95.81915640487964
G05_R0509,G05,LOGO,holdout_G05,G05,250,20,1e-05,0.8,0.2,0.2,5.0,189.900716,193.4470507163165
G05_R0510,G05,LOGO,holdout_G05,G05,250,20,1e-05,0.8,0.3,0.2,5.0,347.47704000000004,353.1188406291715
G05_R0511,G05,LOGO,holdout_G05,G05,250,20,1e-05,0.75,0.1,0.2,5.0,94.03727,96.38936822399468
G05_R0512,G05,LOGO,holdout_G05,G05,250,20,1e-05,0.75,0.2,0.2,5.0,191.380008,195.24370756517357
G05_R0513,G05,LOGO,holdout_G05,G05,250,20,1e-05,0.75,0.3,0.2,5.0,350.49641,356.89351237922085
G05_R0514,G05,LOGO,holdout_G05,G05,250,20,1e-05,0.7,0.1,0.2,5.0,94.570616,96.78475510064162
G05_R0515,G05,LOGO,holdout_G05,G05,250,20,1e-05,0.7,0.2,0.2,5.0,193.09924,196.5455787303668
G05_R0516,G05,LOGO,holdout_G05,G05,250,20,1e-05,0.7,0.3,0.2,5.0,354.01576,359.51338389172446
G05_R0517,G05,LOGO,holdout_G05,G05,250,20,1e-06,0.85,0.1,0.2,5.0,279.716671,280.66414052338564
G05_R0518,G05,LOGO,holdout_G05,G05,250,20,1e-06,0.85,0.2,0.2,5.0,862.75248,866.9226416057945
G05_R0519,G05,LOGO,holdout_G05,G05,250,20,1e-06,0.85,0.3,0.2,5.0,1820.15434,1827.418943206852
G05_R0520,G05,LOGO,holdout_G05,G05,250,20,1e-06,0.8,0.1,0.2,5.0,280.956474,281.5619829741289
G05_R0521,G05,LOGO,holdout_G05,G05,250,20,1e-06,0.8,0.2,0.2,5.0,866.75223,870.0302649792783
G05_R0522,G05,LOGO,holdout_G05,G05,250,20,1e-06,0.8,0.3,0.2,5.0,1828.15405,1833.3290499643729
G05_R0523,G05,LOGO,holdout_G05,G05,250,20,1e-06,0.75,0.1,0.2,5.0,282.436263,283.2748227239982
G05_R0524,G05,LOGO,holdout_G05,G05,250,20,1e-06,0.75,0.2,0.2,5.0,871.57195,875.9775711991626
G05_R0525,G05,LOGO,holdout_G05,G05,250,20,1e-06,0.75,0.3,0.2,5.0,1837.55373,1845.1135784241696
G05_R0526,G05,LOGO,holdout_G05,G05,250,20,1e-06,0.7,0.1,0.2,5.0,284.216035,284.5654194234374
G05_R0527,G05,LOGO,holdout_G05,G05,250,20,1e-06,0.7,0.2,0.2,5.0,877.28165,880.0540610839847
G05_R0528,G05,LOGO,holdout_G05,G05,250,20,1e-06,0.7,0.3,0.2,5.0,1848.75339,1853.257268191904
G05_R0529,G05,LOGO,holdout_G05,G05,250,50,0.001,0.85,0.1,0.2,5.0,53.743645,55.49575703556554
G05_R0530,G05,LOGO,holdout_G05,G05,250,50,0.001,0.85,0.2,0.2,5.0,80.073689,81.71925826741132
G05_R0531,G05,LOGO,holdout_G05,G05,250,50,0.001,0.85,0.3,0.2,5.0,122.152989,123.22584704286432
G05_R0532,G05,LOGO,holdout_G05,G05,250,50,0.001,0.8,0.1,0.2,5.0,54.06946,55.75027457944074
G05_R0533,G05,LOGO,holdout_G05,G05,250,50,0.001,0.8,0.2,0.2,5.0,80.716712,82.23350172670357
G05_R0534,G05,LOGO,holdout_G05,G05,250,50,0.001,0.8,0.3,0.2,5.0,123.381174,124.15366715798731
G05_R0535,G05,LOGO,holdout_G05,G05,250,50,0.001,0.75,0.1,0.2,5.0,54.417125000000006,56.180136950767455
G05_R0536,G05,LOGO,holdout_G05,G05,250,50,0.001,0.75,0.2,0.2,5.0,81.404502,83.07074345555495
G05_R0537,G05,LOGO,holdout_G05,G05,250,50,0.001,0.75,0.3,0.2,5.0,124.709267,125.73748213728328
G05_R0538,G05,LOGO,holdout_G05,G05,250,50,0.001,0.7,0.1,0.2,5.0,54.789619,56.47954773824927
G05_R0539,G05,LOGO,holdout_G05,G05,250,50,0.001,0.7,0.2,0.2,5.0,82.144241,83.62704049755571
G05_R0540,G05,LOGO,holdout_G05,G05,250,50,0.001,0.7,0.3,0.2,5.0,126.147261,126.83918653576852
G05_R0541,G05,LOGO,holdout_G05,G05,250,50,0.0001,0.85,0.1,0.2,5.0,66.01930899999999,68.27525248022282
G05_R0542,G05,LOGO,holdout_G05,G05,250,50,0.0001,0.85,0.2,0.2,5.0,104.35358,107.64971271453288
G05_R0543,G05,LOGO,holdout_G05,G05,250,50,0.0001,0.85,0.3,0.2,5.0,168.857607,173.7733759713888
G05_R0544,G05,LOGO,holdout_G05,G05,250,50,0.0001,0.8,0.1,0.2,5.0,66.236936,68.44686206058543
G05_R0545,G05,LOGO,holdout_G05,G05,250,50,0.0001,0.8,0.2,0.2,5.0,104.912881,108.08195185827454
G05_R0546,G05,LOGO,holdout_G05,G05,250,50,0.0001,0.8,0.3,0.2,5.0,169.97048,174.59923539911847
G05_R0547,G05,LOGO,holdout_G05,G05,250,50,0.0001,0.75,0.1,0.2,5.0,66.473428,68.73372058632295
G05_R0548,G05,LOGO,holdout_G05,G05,250,50,0.0001,0.75,0.2,0.2,5.0,105.522105,108.81741523808188
G05_R0549,G05,LOGO,holdout_G05,G05,250,50,0.0001,0.75,0.3,0.2,5.0,171.223648,176.1899549462998
G05_R0550,G05,LOGO,holdout_G05,G05,250,50,0.0001,0.7,0.1,0.2,5.0,66.732762,68.92590820361606
G05_R0551,G05,LOGO,holdout_G05,G05,250,50,0.0001,0.7,0.2,0.2,5.0,106.211232,109.3345799400357
G05_R0552,G05,LOGO,holdout_G05,G05,250,50,0.0001,0.7,0.3,0.2,5.0,172.647137,177.23924250890454
G05_R0553,G05,LOGO,holdout_G05,G05,250,50,1e-05,0.85,0.1,0.2,5.0,93.168401,95.51619801687234
G05_R0554,G05,LOGO,holdout_G05,G05,250,50,1e-05,0.85,0.2,0.2,5.0,188.621369,192.5063560756375
G05_R0555,G05,LOGO,holdout_G05,G05,250,50,1e-05,0.85,0.3,0.2,5.0,344.86763,351.1460745833406
G05_R0556,G05,LOGO,holdout_G05,G05,250,50,1e-05,0.8,0.1,0.2,5.0,93.573862,95.82040680864002
G05_R0557,G05,LOGO,holdout_G05,G05,250,50,1e-05,0.8,0.2,0.2,5.0,189.900716,193.4486936346498
G05_R0558,G05,LOGO,holdout_G05,G05,250,50,1e-05,0.8,0.3,0.2,5.0,347.47704000000004,353.11648400833815
G05_R0559,G05,LOGO,holdout_G05,G05,250,50,1e-05,0.75,0.1,0.2,5.0,94.03727,96.38986677482804
G05_R0560,G05,LOGO,holdout_G05,G05,250,50,1e-05,0.75,0.2,0.2,5.0,191.380008,195.24916472170125
G05_R0561,G05,LOGO,holdout_G05,G05,250,50,1e-05,0.75,0.3,0.2,5.0,350.49641,356.8723758750541
G05_R0562,G05,LOGO,holdout_G05,G05,250,50,1e-05,0.7,0.1,0.2,5.0,94.570616,96.78525365147496
G05_R0563,G05,LOGO,holdout_G05,G05,250,50,1e-05,0.7,0.2,0.2,5.0,193.09924,196.54978409564447
G05_R0564,G05,LOGO,holdout_G05,G05,250,50,1e-05,0.7,0.3,0.2,5.0,354.01576,359.4973554417244
G05_R0565,G05,LOGO,holdout_G05,G05,250,50,1e-06,0.85,0.1,0.2,5.0,279.716671,280.6627751581772
G05_R0566,G05,LOGO,holdout_G05,G05,250,50,1e-06,0.85,0.2,0.2,5.0,862.75248,866.9095019393365
G05_R0567,G05,LOGO,holdout_G05,G05,250,50,1e-06,0.85,0.3,0.2,5.0,1820.15434,1827.4817785526864
G05_R0568,G05,LOGO,holdout_G05,G05,250,50,1e-06,0.8,0.1,0.2,5.0,280.956474,281.56072382183726
G05_R0569,G05,LOGO,holdout_G05,G05,250,50,1e-06,0.8,0.2,0.2,5.0,866.75223,870.0171253128203
G05_R0570,G05,LOGO,holdout_G05,G05,250,50,1e-06,0.8,0.3,0.2,5.0,1828.15405,1833.3918853102075
G05_R0571,G05,LOGO,holdout_G05,G05,250,50,1e-06,0.75,0.1,0.2,5.0,282.436263,283.2727595896469
G05_R0572,G05,LOGO,holdout_G05,G05,250,50,1e-06,0.75,0.2,0.2,5.0,871.57195,875.9817783147877
G05_R0573,G05,LOGO,holdout_G05,G05,250,50,1e-06,0.75,0.3,0.2,5.0,1837.55373,1845.186209175836
G05_R0574,G05,LOGO,holdout_G05,G05,250,50,1e-06,0.7,0.1,0.2,5.0,284.216035,284.5649934947111
G05_R0575,G05,LOGO,holdout_G05,G05,250,50,1e-06,0.7,0.2,0.2,5.0,877.28165,880.0645261114847
G05_R0576,G05,LOGO,holdout_G05,G05,250,50,1e-06,0.7,0.3,0.2,5.0,1848.75339,1853.320159722736
G05_R0577,G05,LOGO,holdout_G05,G05,500,3,0.001,0.85,0.1,0.2,5.0,136.67735100000002,142.2501201445834
G05_R0578,G05,LOGO,holdout_G05,G05,500,3,0.001,0.85,0.2,0.2,5.0,206.8988,210.38397786241745
G05_R0579,G05,LOGO,holdout_G05,G05,500,3,0.001,0.85,0.3,0.2,5.0,317.58106000000004,317.5258402704532
G05_R0580,G05,LOGO,holdout_G05,G05,500,3,0.001,0.8,0.1,0.2,5.0,137.61308200000002,142.99593706115124
G05_R0581,G05,LOGO,holdout_G05,G05,500,3,0.001,0.8,0.2,0.2,5.0,208.81557,211.90980840070483
G05_R0582,G05,LOGO,holdout_G05,G05,500,3,0.001,0.8,0.3,0.2,5.0,321.26845000000003,320.23647447295707
G05_R0583,G05,LOGO,holdout_G05,G05,500,3,0.001,0.75,0.1,0.2,5.0,138.618542,144.26426729112166
G05_R0584,G05,LOGO,holdout_G05,G05,500,3,0.001,0.75,0.2,0.2,5.0,210.86219,214.4049168025296
G05_R0585,G05,LOGO,holdout_G05,G05,500,3,0.001,0.75,0.3,0.2,5.0,325.24581,324.94652795180195
G05_R0586,G05,LOGO,holdout_G05,G05,500,3,0.001,0.7,0.1,0.2,5.0,139.683705,145.0779383678715
G05_R0587,G05,LOGO,holdout_G05,G05,500,3,0.001,0.7,0.2,0.2,5.0,213.06853,216.1589692645065
G05_R0588,G05,LOGO,holdout_G05,G05,500,3,0.001,0.7,0.3,0.2,5.0,329.55309,328.02183841618137
G05_R0589,G05,LOGO,holdout_G05,G05,500,3,0.0001,0.85,0.1,0.2,5.0,165.344539,172.53122732337334
G05_R0590,G05,LOGO,holdout_G05,G05,500,3,0.0001,0.85,0.2,0.2,5.0,265.485887,275.3374764707879
G05_R0591,G05,LOGO,holdout_G05,G05,500,3,0.0001,0.85,0.3,0.2,5.0,433.90025,446.0094002717841
G05_R0592,G05,LOGO,holdout_G05,G05,500,3,0.0001,0.8,0.1,0.2,5.0,166.04222499999997,173.0691165952491
G05_R0593,G05,LOGO,holdout_G05,G05,500,3,0.0001,0.8,0.2,0.2,5.0,267.33919000000003,276.754459428861
G05_R0594,G05,LOGO,holdout_G05,G05,500,3,0.0001,0.8,0.3,0.2,5.0,437.77159,448.919908746014
G05_R0595,G05,LOGO,holdout_G05,G05,500,3,0.0001,0.75,0.1,0.2,5.0,166.78968999999998,173.99917771772354
G05_R0596,G05,LOGO,holdout_G05,G05,500,3,0.0001,0.75,0.2,0.2,5.0,269.39263459999995,279.3341348908747
G05_R0597,G05,LOGO,holdout_G05,G05,500,3,0.0001,0.75,0.3,0.2,5.0,442.12473,454.29735170325216
G05_R0598,G05,LOGO,holdout_G05,G05,500,3,0.0001,0.7,0.1,0.2,5.0,167.62687,174.6124032197076
G05_R0599,G05,LOGO,holdout_G05,G05,500,3,0.0001,0.7,0.2,0.2,5.0,271.7562132,281.03870215309985
G05_R0600,G05,LOGO,holdout_G05,G05,500,3,0.0001,0.7,0.3,0.2,5.0,447.08985,458.0087844651318
G05_R0601,G05,LOGO,holdout_G05,G05,500,3,1e-05,0.85,0.1,0.2,5.0,228.49253,236.14148388183705
G05_R0602,G05,LOGO,holdout_G05,G05,500,3,1e-05,0.85,0.2,0.2,5.0,456.21956,468.5635631716989
G05_R0603,G05,LOGO,holdout_G05,G05,500,3,1e-05,0.85,0.3,0.2,5.0,824.3443000000001,844.4084882062667
G05_R0604,G05,LOGO,holdout_G05,G05,500,3,1e-05,0.8,0.1,0.2,5.0,229.91157,237.2502351476104
G05_R0605,G05,LOGO,holdout_G05,G05,500,3,1e-05,0.8,0.2,0.2,5.0,460.63898,471.98851425829713
G05_R0606,G05,LOGO,holdout_G05,G05,500,3,1e-05,0.8,0.3,0.2,5.0,833.5462,851.4455424756123
G05_R0607,G05,LOGO,holdout_G05,G05,500,3,1e-05,0.75,0.1,0.2,5.0,231.46052,239.06014317078225
G05_R0608,G05,LOGO,holdout_G05,G05,500,3,1e-05,0.75,0.2,0.2,5.0,465.67841,478.1129652714
G05_R0609,G05,LOGO,holdout_G05,G05,500,3,1e-05,0.75,0.3,0.2,5.0,844.0986,864.4640836339108
G05_R0610,G05,LOGO,holdout_G05,G05,500,3,1e-05,0.7,0.1,0.2,5.0,233.18936,240.3275268101187
G05_R0611,G05,LOGO,holdout_G05,G05,500,3,1e-05,0.7,0.2,0.2,5.0,471.49787,482.37445519722746
G05_R0612,G05,LOGO,holdout_G05,G05,500,3,1e-05,0.7,0.3,0.2,5.0,856.3616400000001,873.5150999096784
G05_R0613,G05,LOGO,holdout_G05,G05,500,3,1e-06,0.85,0.1,0.2,5.0,620.2189199999999,624.6456055923529
G05_R0614,G05,LOGO,holdout_G05,G05,500,3,1e-06,0.85,0.2,0.2,5.0,1861.25612,1875.251170119128
G05_R0615,G05,LOGO,holdout_G05,G05,500,3,1e-06,0.85,0.3,0.2,5.0,3886.39378,3909.728142802315
G05_R0616,G05,LOGO,holdout_G05,G05,500,3,1e-06,0.8,0.1,0.2,5.0,624.86856,627.9886600048482
G05_R0617,G05,LOGO,holdout_G05,G05,500,3,1e-06,0.8,0.2,0.2,5.0,1875.75565,1886.2994029149677
G05_R0618,G05,LOGO,holdout_G05,G05,500,3,1e-06,0.8,0.3,0.2,5.0,3915.39331,3932.429009966452
G05_R0619,G05,LOGO,holdout_G05,G05,500,3,1e-06,0.75,0.1,0.2,5.0,629.95816,634.1225571629544
G05_R0620,G05,LOGO,holdout_G05,G05,500,3,1e-06,0.75,0.2,0.2,5.0,1891.75515,1905.500439488816
G05_R0621,G05,LOGO,holdout_G05,G05,500,3,1e-06,0.75,0.3,0.2,5.0,3948.29281,3972.007453526989
G05_R0622,G05,LOGO,holdout_G05,G05,500,3,1e-06,0.7,0.1,0.2,5.0,635.55773,638.2428202039281
G05_R0623,G05,LOGO,holdout_G05,G05,500,3,1e-06,0.7,0.2,0.2,5.0,1910.35461,1919.614854979356
G05_R0624,G05,LOGO,holdout_G05,G05,500,3,1e-06,0.7,0.3,0.2,5.0,3986.59227,4001.132944471885
G05_R0625,G05,LOGO,holdout_G05,G05,500,6,0.001,0.85,0.1,0.2,5.0,136.67735100000002,142.2522131158751
G05_R0626,G05,LOGO,holdout_G05,G05,500,6,0.001,0.85,0.2,0.2,5.0,206.8988,210.39076973341744
G05_R0627,G05,LOGO,holdout_G05,G05,500,6,0.001,0.85,0.3,0.2,5.0,317.58106000000004,317.5272781933698
G05_R0628,G05,LOGO,holdout_G05,G05,500,6,0.001,0.8,0.1,0.2,5.0,137.61308200000002,142.9980300324429
G05_R0629,G05,LOGO,holdout_G05,G05,500,6,0.001,0.8,0.2,0.2,5.0,208.81557,211.9206117935798
G05_R0630,G05,LOGO,holdout_G05,G05,500,6,0.001,0.8,0.3,0.2,5.0,321.26845000000003,320.2379123958737
G05_R0631,G05,LOGO,holdout_G05,G05,500,6,0.001,0.75,0.1,0.2,5.0,138.618542,144.2620159112675
G05_R0632,G05,LOGO,holdout_G05,G05,500,6,0.001,0.75,0.2,0.2,5.0,210.86219,214.4185019558629
G05_R0633,G05,LOGO,holdout_G05,G05,500,6,0.001,0.75,0.3,0.2,5.0,325.24581,324.96850578367696
G05_R0634,G05,LOGO,holdout_G05,G05,500,6,0.001,0.7,0.1,0.2,5.0,139.683705,145.07568698801734
G05_R0635,G05,LOGO,holdout_G05,G05,500,6,0.001,0.7,0.2,0.2,5.0,213.06853,216.1725544178398
G05_R0636,G05,LOGO,holdout_G05,G05,500,6,0.001,0.7,0.3,0.2,5.0,329.55309,328.0354934761813
G05_R0637,G05,LOGO,holdout_G05,G05,500,6,0.0001,0.85,0.1,0.2,5.0,165.344539,172.52954237020674
G05_R0638,G05,LOGO,holdout_G05,G05,500,6,0.0001,0.85,0.2,0.2,5.0,265.485887,275.33395873976707
G05_R0639,G05,LOGO,holdout_G05,G05,500,6,0.0001,0.85,0.3,0.2,5.0,433.90025,446.01878084861727
G05_R0640,G05,LOGO,holdout_G05,G05,500,6,0.0001,0.8,0.1,0.2,5.0,166.04222499999997,173.06743164208248
G05_R0641,G05,LOGO,holdout_G05,G05,500,6,0.0001,0.8,0.2,0.2,5.0,267.33919000000003,276.7494814084652
G05_R0642,G05,LOGO,holdout_G05,G05,500,6,0.0001,0.8,0.3,0.2,5.0,437.77159,448.9292893228472
G05_R0643,G05,LOGO,holdout_G05,G05,500,6,0.0001,0.75,0.1,0.2,5.0,166.78968999999998,173.99920230105684
G05_R0644,G05,LOGO,holdout_G05,G05,500,6,0.0001,0.75,0.2,0.2,5.0,269.39263459999995,279.33380215156217
G05_R0645,G05,LOGO,holdout_G05,G05,500,6,0.0001,0.75,0.3,0.2,5.0,442.12473,454.3088432359603
G05_R0646,G05,LOGO,holdout_G05,G05,500,6,0.0001,0.7,0.1,0.2,5.0,167.62687,174.61242780304087
G05_R0647,G05,LOGO,holdout_G05,G05,500,6,0.0001,0.7,0.2,0.2,5.0,271.7562132,281.0383694137874
G05_R0648,G05,LOGO,holdout_G05,G05,500,6,0.0001,0.7,0.3,0.2,5.0,447.08985,458.02027599784
G05_R0649,G05,LOGO,holdout_G05,G05,500,6,1e-05,0.85,0.1,0.2,5.0,228.49253,236.14260391767047
G05_R0650,G05,LOGO,holdout_G05,G05,500,6,1e-05,0.85,0.2,0.2,5.0,456.21956,468.57078552705207
G05_R0651,G05,LOGO,holdout_G05,G05,500,6,1e-05,0.85,0.3,0.2,5.0,824.3443000000001,844.4492124654332
G05_R0652,G05,LOGO,holdout_G05,G05,500,6,1e-05,0.8,0.1,0.2,5.0,229.91157,237.25135518344376
G05_R0653,G05,LOGO,holdout_G05,G05,500,6,1e-05,0.8,0.2,0.2,5.0,460.63898,472.00124157615033
G05_R0654,G05,LOGO,holdout_G05,G05,500,6,1e-05,0.8,0.3,0.2,5.0,833.5462,851.4862667347787
G05_R0655,G05,LOGO,holdout_G05,G05,500,6,1e-05,0.75,0.1,0.2,5.0,231.46052,239.06004456140727
G05_R0656,G05,LOGO,holdout_G05,G05,500,6,1e-05,0.75,0.2,0.2,5.0,465.67841,478.1066548272887
G05_R0657,G05,LOGO,holdout_G05,G05,500,6,1e-05,0.75,0.3,0.2,5.0,844.0986,864.4791476940296
G05_R0658,G05,LOGO,holdout_G05,G05,500,6,1e-05,0.7,0.1,0.2,5.0,233.18936,240.3281619351188
G05_R0659,G05,LOGO,holdout_G05,G05,500,6,1e-05,0.7,0.2,0.2,5.0,471.49787,482.3746042201142
G05_R0660,G05,LOGO,holdout_G05,G05,500,6,1e-05,0.7,0.3,0.2,5.0,856.3616400000001,873.5285769785473
G05_R0661,G05,LOGO,holdout_G05,G05,500,6,1e-06,0.85,0.1,0.2,5.0,620.2189199999999,624.6240452965196
G05_R0662,G05,LOGO,holdout_G05,G05,500,6,1e-06,0.85,0.2,0.2,5.0,1861.25612,1875.2410559239183
G05_R0663,G05,LOGO,holdout_G05,G05,500,6,1e-06,0.85,0.3,0.2,5.0,3886.39378,3909.731142722315
G05_R0664,G05,LOGO,holdout_G05,G05,500,6,1e-06,0.8,0.1,0.2,5.0,624.86856,627.9670997090147
G05_R0665,G05,LOGO,holdout_G05,G05,500,6,1e-06,0.8,0.2,0.2,5.0,1875.75565,1886.2892887197584
G05_R0666,G05,LOGO,holdout_G05,G05,500,6,1e-06,0.8,0.3,0.2,5.0,3915.39331,3932.4320098864514
G05_R0667,G05,LOGO,holdout_G05,G05,500,6,1e-06,0.75,0.1,0.2,5.0,629.95816,634.0968991946214
G05_R0668,G05,LOGO,holdout_G05,G05,500,6,1e-06,0.75,0.2,0.2,5.0,1891.75515,1905.473938377566
G05_R0669,G05,LOGO,holdout_G05,G05,500,6,1e-06,0.75,0.3,0.2,5.0,3948.29281,3971.916730262406
G05_R0670,G05,LOGO,holdout_G05,G05,500,6,1e-06,0.7,0.1,0.2,5.0,635.55773,638.2171622355951
G05_R0671,G05,LOGO,holdout_G05,G05,500,6,1e-06,0.7,0.2,0.2,5.0,1910.35461,1919.5927287056056
G05_R0672,G05,LOGO,holdout_G05,G05,500,6,1e-06,0.7,0.3,0.2,5.0,3986.59227,4001.0513460248026
G05_R0673,G05,LOGO,holdout_G05,G05,500,20,0.001,0.85,0.1,0.2,5.0,136.67735100000002,142.24938039338002
G05_R0674,G05,LOGO,holdout_G05,G05,500,20,0.001,0.85,0.2,0.2,5.0,206.8988,210.39505387865972
G05_R0675,G05,LOGO,holdout_G05,G05,500,20,0.001,0.85,0.3,0.2,5.0,317.58106000000004,317.5317607265991
G05_R0676,G05,LOGO,holdout_G05,G05,500,20,0.001,0.8,0.1,0.2,5.0,137.61308200000002,142.99549775282586
G05_R0677,G05,LOGO,holdout_G05,G05,500,20,0.001,0.8,0.2,0.2,5.0,208.81557,211.9203816719672
G05_R0678,G05,LOGO,holdout_G05,G05,500,20,0.001,0.8,0.3,0.2,5.0,321.26845000000003,320.242394929103
G05_R0679,G05,LOGO,holdout_G05,G05,500,20,0.001,0.75,0.1,0.2,5.0,138.618542,144.25605515466827
G05_R0680,G05,LOGO,holdout_G05,G05,500,20,0.001,0.75,0.2,0.2,5.0,210.86219,214.4304713233852
G05_R0681,G05,LOGO,holdout_G05,G05,500,20,0.001,0.75,0.3,0.2,5.0,325.24581,324.96920052805206
G05_R0682,G05,LOGO,holdout_G05,G05,500,20,0.001,0.7,0.1,0.2,5.0,139.683705,145.06833418401334
G05_R0683,G05,LOGO,holdout_G05,G05,500,20,0.001,0.7,0.2,0.2,5.0,213.06853,216.183813790362
G05_R0684,G05,LOGO,holdout_G05,G05,500,20,0.001,0.7,0.3,0.2,5.0,329.55309,328.0361882205564
G05_R0685,G05,LOGO,holdout_G05,G05,500,20,0.0001,0.85,0.1,0.2,5.0,165.344539,172.52453108708167
G05_R0686,G05,LOGO,holdout_G05,G05,500,20,0.0001,0.85,0.2,0.2,5.0,265.485887,275.3329980666238
G05_R0687,G05,LOGO,holdout_G05,G05,500,20,0.0001,0.85,0.3,0.2,5.0,433.90025,446.0490116275576
G05_R0688,G05,LOGO,holdout_G05,G05,500,20,0.0001,0.8,0.1,0.2,5.0,166.04222499999997,173.06294949020742
G05_R0689,G05,LOGO,holdout_G05,G05,500,20,0.0001,0.8,0.2,0.2,5.0,267.33919000000003,276.75106003492675
G05_R0690,G05,LOGO,holdout_G05,G05,500,20,0.0001,0.8,0.3,0.2,5.0,437.77159,448.9529895028708
G05_R0691,G05,LOGO,holdout_G05,G05,500,20,0.0001,0.75,0.1,0.2,5.0,166.78968999999998,173.99331920552115
G05_R0692,G05,LOGO,holdout_G05,G05,500,20,0.0001,0.75,0.2,0.2,5.0,269.4226352,279.3490399774813
G05_R0693,G05,LOGO,holdout_G05,G05,500,20,0.0001,0.75,0.3,0.2,5.0,442.12473,454.2909875711528
G05_R0694,G05,LOGO,holdout_G05,G05,500,20,0.0001,0.7,0.1,0.2,5.0,167.62687,174.60729976702882
G05_R0695,G05,LOGO,holdout_G05,G05,500,20,0.0001,0.7,0.2,0.2,5.0,271.7762139,281.05416604142425
G05_R0696,G05,LOGO,holdout_G05,G05,500,20,0.0001,0.7,0.3,0.2,5.0,447.08985,457.9974085186575
G05_R0697,G05,LOGO,holdout_G05,G05,500,20,1e-05,0.85,0.1,0.2,5.0,228.49253,236.1394901913009
G05_R0698,G05,LOGO,holdout_G05,G05,500,20,1e-05,0.85,0.2,0.2,5.0,456.21956,468.6065963893896
G05_R0699,G05,LOGO,holdout_G05,G05,500,20,1e-05,0.85,0.3,0.2,5.0,824.3443000000001,844.4490448995109
G05_R0700,G05,LOGO,holdout_G05,G05,500,20,1e-05,0.8,0.1,0.2,5.0,229.95157,237.25044034576464
G05_R0701,G05,LOGO,holdout_G05,G05,500,20,1e-05,0.8,0.2,0.2,5.0,460.63898,472.0374884986073
G05_R0702,G05,LOGO,holdout_G05,G05,500,20,1e-05,0.8,0.3,0.2,5.0,833.5462,851.4848906504897
G05_R0703,G05,LOGO,holdout_G05,G05,500,20,1e-05,0.75,0.1,0.2,5.0,231.46052,239.0687826334319
G05_R0704,G05,LOGO,holdout_G05,G05,500,20,1e-05,0.75,0.2,0.2,5.0,465.67841,478.135195877764
G05_R0705,G05,LOGO,holdout_G05,G05,500,20,1e-05,0.75,0.3,0.2,5.0,844.0986,864.4000353653095
G05_R0706,G05,LOGO,holdout_G05,G05,500,20,1e-05,0.7,0.1,0.2,5.0,233.18936,240.33682834047627
G05_R0707,G05,LOGO,holdout_G05,G05,500,20,1e-05,0.7,0.2,0.2,5.0,471.49787,482.4102338027328
G05_R0708,G05,LOGO,holdout_G05,G05,500,20,1e-05,0.7,0.3,0.2,5.0,856.3616400000001,873.4401993352742
G05_R0709,G05,LOGO,holdout_G05,G05,500,20,1e-06,0.85,0.1,0.2,5.0,620.2189199999999,624.6340989553738
G05_R0710,G05,LOGO,holdout_G05,G05,500,20,1e-06,0.85,0.2,0.2,5.0,1861.25612,1875.3345924589785
G05_R0711,G05,LOGO,holdout_G05,G05,500,20,1e-06,0.85,0.3,0.2,5.0,3886.39378,3909.6365059764207
G05_R0712,G05,LOGO,holdout_G05,G05,500,20,1e-06,0.8,0.1,0.2,5.0,624.86856,627.967873036619
G05_R0713,G05,LOGO,holdout_G05,G05,500,20,1e-06,0.8,0.2,0.2,5.0,1875.75565,1886.3574095277345
G05_R0714,G05,LOGO,holdout_G05,G05,500,20,1e-06,0.8,0.3,0.2,5.0,3915.39331,3932.310040373891
G05_R0715,G05,LOGO,holdout_G05,G05,500,20,1e-06,0.75,0.1,0.2,5.0,629.95816,634.0536955083767
G05_R0716,G05,LOGO,holdout_G05,G05,500,20,1e-06,0.75,0.2,0.2,5.0,1891.75515,1905.476447235512
G05_R0717,G05,LOGO,holdout_G05,G05,500,20,1e-06,0.75,0.3,0.2,5.0,3948.29281,3972.051184638121
G05_R0718,G05,LOGO,holdout_G05,G05,500,20,1e-06,0.7,0.1,0.2,5.0,635.55773,638.1718962535169
G05_R0719,G05,LOGO,holdout_G05,G05,500,20,1e-06,0.7,0.2,0.2,5.0,1910.35461,1919.5796092395915
G05_R0720,G05,LOGO,holdout_G05,G05,500,20,1e-06,0.7,0.3,0.2,5.0,3986.59227,4001.188541693016
G05_R0721,G05,LOGO,holdout_G05,G05,500,50,0.001,0.85,0.1,0.2,5.0,136.67735000000002,142.24479292036216
G05_R0722,G05,LOGO,holdout_G05,G05,500,50,0.001,0.85,0.2,0.2,5.0,206.8988,210.38791991865972
G05_R0723,G05,LOGO,holdout_G05,G05,500,50,0.001,0.85,0.3,0.2,5.0,317.58106000000004,317.5211656480576
G05_R0724,G05,LOGO,holdout_G05,G05,500,50,0.001,0.8,0.1,0.2,5.0,137.613081,142.99091027980802
G05_R0725,G05,LOGO,holdout_G05,G05,500,50,0.001,0.8,0.2,0.2,5.0,208.81557,211.9146697994672
G05_R0726,G05,LOGO,holdout_G05,G05,500,50,0.001,0.8,0.3,0.2,5.0,321.26845000000003,320.23179985056146
G05_R0727,G05,LOGO,holdout_G05,G05,500,50,0.001,0.75,0.1,0.2,5.0,138.61854,144.25504631189742
G05_R0728,G05,LOGO,holdout_G05,G05,500,50,0.001,0.75,0.2,0.2,5.0,210.86219,214.4354780868376
G05_R0729,G05,LOGO,holdout_G05,G05,500,50,0.001,0.75,0.3,0.2,5.0,325.24581,324.9941659688856
G05_R0730,G05,LOGO,holdout_G05,G05,500,50,0.001,0.7,0.1,0.2,5.0,139.68370399999998,145.06858785811747
G05_R0731,G05,LOGO,holdout_G05,G05,500,50,0.001,0.7,0.2,0.2,5.0,213.06853,216.1888205538144
G05_R0732,G05,LOGO,holdout_G05,G05,500,50,0.001,0.7,0.3,0.2,5.0,329.55309,328.06115366139
G05_R0733,G05,LOGO,holdout_G05,G05,500,50,0.0001,0.85,0.1,0.2,5.0,165.344539,172.5241534251649
G05_R0734,G05,LOGO,holdout_G05,G05,500,50,0.0001,0.85,0.2,0.2,5.0,265.485887,275.3372120199988
G05_R0735,G05,LOGO,holdout_G05,G05,500,50,0.0001,0.85,0.3,0.2,5.0,433.92026,446.031577776266
G05_R0736,G05,LOGO,holdout_G05,G05,500,50,0.0001,0.8,0.1,0.2,5.0,166.04222499999997,173.06257182829063
G05_R0737,G05,LOGO,holdout_G05,G05,500,50,0.0001,0.8,0.2,0.2,5.0,267.33919000000003,276.7552739883017
G05_R0738,G05,LOGO,holdout_G05,G05,500,50,0.0001,0.8,0.3,0.2,5.0,437.79161,448.93555565157936
G05_R0739,G05,LOGO,holdout_G05,G05,500,50,0.0001,0.75,0.1,0.2,5.0,166.78968999999998,173.9920604134378
G05_R0740,G05,LOGO,holdout_G05,G05,500,50,0.0001,0.75,0.2,0.2,5.0,269.4226352,279.35812777554384
G05_R0741,G05,LOGO,holdout_G05,G05,500,50,0.0001,0.75,0.3,0.2,5.0,442.14474,454.304151825903
G05_R0742,G05,LOGO,holdout_G05,G05,500,50,0.0001,0.7,0.1,0.2,5.0,167.62687,174.60604097494547
G05_R0743,G05,LOGO,holdout_G05,G05,500,50,0.0001,0.7,0.2,0.2,5.0,271.7762139,281.0632538394868
G05_R0744,G05,LOGO,holdout_G05,G05,500,50,0.0001,0.7,0.3,0.2,5.0,447.11986,458.0208094579909
G05_R0745,G05,LOGO,holdout_G05,G05,500,50,1e-05,0.85,0.1,0.2,5.0,228.54253,236.14410094889013
G05_R0746,G05,LOGO,holdout_G05,G05,500,50,1e-05,0.85,0.2,0.2,5.0,456.21956,468.5783262891816
G05_R0747,G05,LOGO,holdout_G05,G05,500,50,1e-05,0.85,0.3,0.2,5.0,824.4543100000001,844.5210736753295
G05_R0748,G05,LOGO,holdout_G05,G05,500,50,1e-05,0.8,0.1,0.2,5.0,229.98157,237.2541706471039
G05_R0749,G05,LOGO,holdout_G05,G05,500,50,1e-05,0.8,0.2,0.2,5.0,460.63898,472.0092183983994
G05_R0750,G05,LOGO,holdout_G05,G05,500,50,1e-05,0.8,0.3,0.2,5.0,833.65621,851.5597055356834
G05_R0751,G05,LOGO,holdout_G05,G05,500,50,1e-05,0.75,0.1,0.2,5.0,231.49052,239.06670202301532
G05_R0752,G05,LOGO,holdout_G05,G05,500,50,1e-05,0.75,0.2,0.2,5.0,465.67841,478.1198427262164
G05_R0753,G05,LOGO,holdout_G05,G05,500,50,1e-05,0.75,0.3,0.2,5.0,844.21861,864.4509346653243
G05_R0754,G05,LOGO,holdout_G05,G05,500,50,1e-05,0.7,0.1,0.2,5.0,233.20936,240.3347477300597
G05_R0755,G05,LOGO,holdout_G05,G05,500,50,1e-05,0.7,0.2,0.2,5.0,471.49787,482.3995083461852
G05_R0756,G05,LOGO,holdout_G05,G05,500,50,1e-05,0.7,0.3,0.2,5.0,856.4816500000001,873.4866385948726
G05_R0757,G05,LOGO,holdout_G05,G05,500,50,1e-06,0.85,0.1,0.2,5.0,620.2189199999999,624.6550593603737
G05_R0758,G05,LOGO,holdout_G05,G05,500,50,1e-06,0.85,0.2,0.2,5.0,1861.25612,1875.3859133462704
G05_R0759,G05,LOGO,holdout_G05,G05,500,50,1e-06,0.85,0.3,0.2,5.0,3886.39379,3909.613845762135
G05_R0760,G05,LOGO,holdout_G05,G05,500,50,1e-06,0.8,0.1,0.2,5.0,624.86856,627.983209016619
G05_R0761,G05,LOGO,holdout_G05,G05,500,50,1e-06,0.8,0.2,0.2,5.0,1875.75565,1886.4087304150264
G05_R0762,G05,LOGO,holdout_G05,G05,500,50,1e-06,0.8,0.3,0.2,5.0,3915.39332,3932.287380159605
G05_R0763,G05,LOGO,holdout_G05,G05,500,50,1e-06,0.75,0.1,0.2,5.0,629.95816,634.0563629400428
G05_R0764,G05,LOGO,holdout_G05,G05,500,50,1e-06,0.75,0.2,0.2,5.0,1891.75515,1905.540407513845
G05_R0765,G05,LOGO,holdout_G05,G05,500,50,1e-06,0.75,0.3,0.2,5.0,3948.29281,3972.145759638152
G05_R0766,G05,LOGO,holdout_G05,G05,500,50,1e-06,0.7,0.1,0.2,5.0,635.55773,638.1745636851832
G05_R0767,G05,LOGO,holdout_G05,G05,500,50,1e-06,0.7,0.2,0.2,5.0,1910.35461,1919.662631280424
G05_R0768,G05,LOGO,holdout_G05,G05,500,50,1e-06,0.7,0.3,0.2,5.0,3986.59228,4001.291054011796
G06_R0001,G06,LOGO,holdout_G06,G06,25,3,0.001,0.85,0.1,0.3,4.0,4.9808637,4.096765619359773
G06_R0002,G06,LOGO,holdout_G06,G06,25,3,0.001,0.85,0.2,0.3,4.0,7.39498,5.883251758815224
G06_R0003,G06,LOGO,holdout_G06,G06,25,3,0.001,0.85,0.3,0.3,4.0,11.3540105,8.653755554848114
G06_R0004,G06,LOGO,holdout_G06,G06,25,3,0.001,0.8,0.1,0.3,4.0,5.000652199999999,4.108138715776451
G06_R0005,G06,LOGO,holdout_G06,G06,25,3,0.001,0.8,0.2,0.3,4.0,7.4352897,5.905477370157932
G06_R0006,G06,LOGO,holdout_G06,G06,25,3,0.001,0.8,0.3,0.3,4.0,11.427614,8.693413531005817
G06_R0007,G06,LOGO,holdout_G06,G06,25,3,0.001,0.75,0.1,0.3,4.0,5.0215171,4.127102203095057
G06_R0008,G06,LOGO,holdout_G06,G06,25,3,0.001,0.75,0.2,0.3,4.0,7.4781642,5.9410815544945175
G06_R0009,G06,LOGO,holdout_G06,G06,25,3,0.001,0.75,0.3,0.3,4.0,11.5061818,8.750799746367909
G06_R0010,G06,LOGO,holdout_G06,G06,25,3,0.001,0.7,0.1,0.3,4.0,5.0436555,4.138843791145128
G06_R0011,G06,LOGO,holdout_G06,G06,25,3,0.001,0.7,0.2,0.3,4.0,7.5238987,5.967137622602393
G06_R0012,G06,LOGO,holdout_G06,G06,25,3,0.001,0.7,0.3,0.3,4.0,11.5917096,8.799922521998308
G06_R0013,G06,LOGO,holdout_G06,G06,25,3,0.0001,0.85,0.1,0.3,4.0,6.371586099999999,5.184257980046693
G06_R0014,G06,LOGO,holdout_G06,G06,25,3,0.0001,0.85,0.2,0.3,4.0,10.2037,8.039730250415413
G06_R0015,G06,LOGO,holdout_G06,G06,25,3,0.0001,0.85,0.3,0.3,4.0,17.292662,12.862245844952426
G06_R0016,G06,LOGO,holdout_G06,G06,25,3,0.0001,0.8,0.1,0.3,4.0,6.3860633,5.193020415221619
G06_R0017,G06,LOGO,holdout_G06,G06,25,3,0.0001,0.8,0.2,0.3,4.0,10.232414,8.05621759887806
G06_R0018,G06,LOGO,holdout_G06,G06,25,3,0.0001,0.8,0.3,0.3,4.0,17.346317000000003,12.891866741896717
G06_R0019,G06,LOGO,holdout_G06,G06,25,3,0.0001,0.75,0.1,0.3,4.0,6.4013175,5.207680165130331
G06_R0020,G06,LOGO,holdout_G06,G06,25,3,0.0001,0.75,0.2,0.3,4.0,10.262098,8.083471839143051
G06_R0021,G06,LOGO,holdout_G06,G06,25,3,0.0001,0.75,0.3,0.3,4.0,17.404936,12.941425744515843
G06_R0022,G06,LOGO,holdout_G06,G06,25,3,0.0001,0.7,0.1,0.3,4.0,6.4174447,5.217204217171964
G06_R0023,G06,LOGO,holdout_G06,G06,25,3,0.0001,0.7,0.2,0.3,4.0,10.293749,8.101522415853905
G06_R0024,G06,LOGO,holdout_G06,G06,25,3,0.0001,0.7,0.3,0.3,4.0,17.466514,12.97420007344446
G06_R0025,G06,LOGO,holdout_G06,G06,25,3,1e-05,0.85,0.1,0.3,4.0,8.853062,7.53688312486709
G06_R0026,G06,LOGO,holdout_G06,G06,25,3,1e-05,0.85,0.2,0.3,4.0,17.990347,15.561964277115017
G06_R0027,G06,LOGO,holdout_G06,G06,25,3,1e-05,0.85,0.3,0.3,4.0,33.894278,28.801014873791377
G06_R0028,G06,LOGO,holdout_G06,G06,25,3,1e-05,0.8,0.1,0.3,4.0,8.866083999999999,7.545934130283664
G06_R0029,G06,LOGO,holdout_G06,G06,25,3,1e-05,0.8,0.2,0.3,4.0,18.020228,15.583102083677352
G06_R0030,G06,LOGO,holdout_G06,G06,25,3,1e-05,0.8,0.3,0.3,4.0,33.950127,28.83826474670853
G06_R0031,G06,LOGO,holdout_G06,G06,25,3,1e-05,0.75,0.1,0.3,4.0,8.8804,7.562330485144774
G06_R0032,G06,LOGO,holdout_G06,G06,25,3,1e-05,0.75,0.2,0.3,4.0,18.053098,15.6214078772258
G06_R0033,G06,LOGO,holdout_G06,G06,25,3,1e-05,0.75,0.3,0.3,4.0,34.013960999999995,28.905746780464117
G06_R0034,G06,LOGO,holdout_G06,G06,25,3,1e-05,0.7,0.1,0.3,4.0,8.896307,7.5732853606448
G06_R0035,G06,LOGO,holdout_G06,G06,25,3,1e-05,0.7,0.2,0.3,4.0,18.090955,15.646735151975877
G06_R0036,G06,LOGO,holdout_G06,G06,25,3,1e-05,0.7,0.3,0.3,4.0,34.08478,28.95455219738109
G06_R0037,G06,LOGO,holdout_G06,G06,25,3,1e-06,0.85,0.1,0.3,4.0,26.831896,25.449349059961296
G06_R0038,G06,LOGO,holdout_G06,G06,25,3,1e-06,0.85,0.2,0.3,4.0,83.631374,80.85600846358425
G06_R0039,G06,LOGO,holdout_G06,G06,25,3,1e-06,0.85,0.3,0.3,4.0,177.18879900000002,171.84168448807452
G06_R0040,G06,LOGO,holdout_G06,G06,25,3,1e-06,0.8,0.1,0.3,4.0,26.893863,25.499433882770504
G06_R0041,G06,LOGO,holdout_G06,G06,25,3,1e-06,0.8,0.2,0.3,4.0,83.754333,80.96495581882428
G06_R0042,G06,LOGO,holdout_G06,G06,25,3,1e-06,0.8,0.3,0.3,4.0,177.37875,172.0132440245447
G06_R0043,G06,LOGO,holdout_G06,G06,25,3,1e-06,0.75,0.1,0.3,4.0,26.960829,25.567757485146785
G06_R0044,G06,LOGO,holdout_G06,G06,25,3,1e-06,0.75,0.2,0.3,4.0,83.890288,81.08950059717228
G06_R0045,G06,LOGO,holdout_G06,G06,25,3,1e-06,0.75,0.3,0.3,4.0,177.59869600000002,172.1997225068561
G06_R0046,G06,LOGO,holdout_G06,G06,25,3,1e-06,0.7,0.1,0.3,4.0,27.035791,25.624280155023843
G06_R0047,G06,LOGO,holdout_G06,G06,25,3,1e-06,0.7,0.2,0.3,4.0,84.04223900000001,81.22525214719363
G06_R0048,G06,LOGO,holdout_G06,G06,25,3,1e-06,0.7,0.3,0.3,4.0,177.838637,172.41955482321617
G06_R0049,G06,LOGO,holdout_G06,G06,25,6,0.001,0.85,0.1,0.3,4.0,4.9808637,4.096721645339984
G06_R0050,G06,LOGO,holdout_G06,G06,25,6,0.001,0.85,0.2,0.3,4.0,7.39498,5.883278857533977
G06_R0051,G06,LOGO,holdout_G06,G06,25,6,0.001,0.85,0.3,0.3,4.0,11.3540105,8.653456805935612
G06_R0052,G06,LOGO,holdout_G06,G06,25,6,0.001,0.8,0.1,0.3,4.0,5.000652199999999,4.108085081756661
G06_R0053,G06,LOGO,holdout_G06,G06,25,6,0.001,0.8,0.2,0.3,4.0,7.4352897,5.905504468876684
G06_R0054,G06,LOGO,holdout_G06,G06,25,6,0.001,0.8,0.3,0.3,4.0,11.427614,8.693239654968316
G06_R0055,G06,LOGO,holdout_G06,G06,25,6,0.001,0.75,0.1,0.3,4.0,5.0215171,4.127038580558597
G06_R0056,G06,LOGO,holdout_G06,G06,25,6,0.001,0.75,0.2,0.3,4.0,7.4781642,5.941044305407018
G06_R0057,G06,LOGO,holdout_G06,G06,25,6,0.001,0.75,0.3,0.3,4.0,11.5061818,8.750373034003326
G06_R0058,G06,LOGO,holdout_G06,G06,25,6,0.001,0.7,0.1,0.3,4.0,5.0436555,4.138780168608669
G06_R0059,G06,LOGO,holdout_G06,G06,25,6,0.001,0.7,0.2,0.3,4.0,7.5238987,5.967100373514892
G06_R0060,G06,LOGO,holdout_G06,G06,25,6,0.001,0.7,0.3,0.3,4.0,11.5917096,8.799781171112896
G06_R0061,G06,LOGO,holdout_G06,G06,25,6,0.0001,0.85,0.1,0.3,4.0,6.371586099999999,5.18423886271336
G06_R0062,G06,LOGO,holdout_G06,G06,25,6,0.0001,0.85,0.2,0.3,4.0,10.2037,8.039686893365413
G06_R0063,G06,LOGO,holdout_G06,G06,25,6,0.0001,0.85,0.3,0.3,4.0,17.292662,12.862272515119091
G06_R0064,G06,LOGO,holdout_G06,G06,25,6,0.0001,0.8,0.1,0.3,4.0,6.3860633,5.193001297888286
G06_R0065,G06,LOGO,holdout_G06,G06,25,6,0.0001,0.8,0.2,0.3,4.0,10.232414,8.05617424182806
G06_R0066,G06,LOGO,holdout_G06,G06,25,6,0.0001,0.8,0.3,0.3,4.0,17.346317000000003,12.891893412063382
G06_R0067,G06,LOGO,holdout_G06,G06,25,6,0.0001,0.75,0.1,0.3,4.0,6.4013175,5.207669399380331
G06_R0068,G06,LOGO,holdout_G06,G06,25,6,0.0001,0.75,0.2,0.3,4.0,10.262098,8.083406137684715
G06_R0069,G06,LOGO,holdout_G06,G06,25,6,0.0001,0.75,0.3,0.3,4.0,17.404936,12.941340152730127
G06_R0070,G06,LOGO,holdout_G06,G06,25,6,0.0001,0.7,0.1,0.3,4.0,6.4174447,5.217193451421963
G06_R0071,G06,LOGO,holdout_G06,G06,25,6,0.0001,0.7,0.2,0.3,4.0,10.293749,8.10145671439557
G06_R0072,G06,LOGO,holdout_G06,G06,25,6,0.0001,0.7,0.3,0.3,4.0,17.466514,12.974114481658743
G06_R0073,G06,LOGO,holdout_G06,G06,25,6,1e-05,0.85,0.1,0.3,4.0,8.853062,7.5368741704295905
G06_R0074,G06,LOGO,holdout_G06,G06,25,6,1e-05,0.85,0.2,0.3,4.0,17.990347,15.561933492948343
G06_R0075,G06,LOGO,holdout_G06,G06,25,6,1e-05,0.85,0.3,0.3,4.0,33.894278,28.801125991062214
G06_R0076,G06,LOGO,holdout_G06,G06,25,6,1e-05,0.8,0.1,0.3,4.0,8.866083999999999,7.545925175846164
G06_R0077,G06,LOGO,holdout_G06,G06,25,6,1e-05,0.8,0.2,0.3,4.0,18.020228,15.583049514510684
G06_R0078,G06,LOGO,holdout_G06,G06,25,6,1e-05,0.8,0.3,0.3,4.0,33.950127,28.838375863979373
G06_R0079,G06,LOGO,holdout_G06,G06,25,6,1e-05,0.75,0.1,0.3,4.0,8.8804,7.562358613040605
G06_R0080,G06,LOGO,holdout_G06,G06,25,6,1e-05,0.75,0.2,0.3,4.0,18.053098,15.62127447003532
G06_R0081,G06,LOGO,holdout_G06,G06,25,6,1e-05,0.75,0.3,0.3,4.0,34.013960999999995,28.905560650464107
G06_R0082,G06,LOGO,holdout_G06,G06,25,6,1e-05,0.7,0.1,0.3,4.0,8.896307,7.573320190540633
G06_R0083,G06,LOGO,holdout_G06,G06,25,6,1e-05,0.7,0.2,0.3,4.0,18.090955,15.646601744785391
G06_R0084,G06,LOGO,holdout_G06,G06,25,6,1e-05,0.7,0.3,0.3,4.0,34.08478,28.954366067381084
G06_R0085,G06,LOGO,holdout_G06,G06,25,6,1e-06,0.85,0.1,0.3,4.0,26.831896,25.44953393075296
G06_R0086,G06,LOGO,holdout_G06,G06,25,6,1e-06,0.85,0.2,0.3,4.0,83.631374,80.85623103758428
G06_R0087,G06,LOGO,holdout_G06,G06,25,6,1e-06,0.85,0.3,0.3,4.0,177.18879900000002,171.84241336093172
G06_R0088,G06,LOGO,holdout_G06,G06,25,6,1e-06,0.8,0.1,0.3,4.0,26.893863,25.499848150645494
G06_R0089,G06,LOGO,holdout_G06,G06,25,6,1e-06,0.8,0.2,0.3,4.0,83.754333,80.96528423974095
G06_R0090,G06,LOGO,holdout_G06,G06,25,6,1e-06,0.8,0.3,0.3,4.0,177.37875,172.01354639921138
G06_R0091,G06,LOGO,holdout_G06,G06,25,6,1e-06,0.75,0.1,0.3,4.0,26.960829,25.56789378020632
G06_R0092,G06,LOGO,holdout_G06,G06,25,6,1e-06,0.75,0.2,0.3,4.0,83.890288,81.08993935977644
G06_R0093,G06,LOGO,holdout_G06,G06,25,6,1e-06,0.75,0.3,0.3,4.0,177.59869600000002,172.199984110856
G06_R0094,G06,LOGO,holdout_G06,G06,25,6,1e-06,0.7,0.1,0.3,4.0,27.035791,25.624418057500044
G06_R0095,G06,LOGO,holdout_G06,G06,25,6,1e-06,0.7,0.2,0.3,4.0,84.04223900000001,81.22536738123529
G06_R0096,G06,LOGO,holdout_G06,G06,25,6,1e-06,0.7,0.3,0.3,4.0,177.838637,172.42039420740377
G06_R0097,G06,LOGO,holdout_G06,G06,25,20,0.001,0.85,0.1,0.3,4.0,4.9808637,4.096720340882692
G06_R0098,G06,LOGO,holdout_G06,G06,25,20,0.001,0.85,0.2,0.3,4.0,7.39498,5.883407634050945
G06_R0099,G06,LOGO,holdout_G06,G06,25,20,0.001,0.85,0.3,0.3,4.0,11.3540105,8.653732418623111
G06_R0100,G06,LOGO,holdout_G06,G06,25,20,0.001,0.8,0.1,0.3,4.0,5.000652199999999,4.1080934372993685
G06_R0101,G06,LOGO,holdout_G06,G06,25,20,0.001,0.8,0.2,0.3,4.0,7.4352897,5.905633245393654
G06_R0102,G06,LOGO,holdout_G06,G06,25,20,0.001,0.8,0.3,0.3,4.0,11.427614,8.692995686623076
G06_R0103,G06,LOGO,holdout_G06,G06,25,20,0.001,0.75,0.1,0.3,4.0,5.0215171,4.127030333512218
G06_R0104,G06,LOGO,holdout_G06,G06,25,20,0.001,0.75,0.2,0.3,4.0,7.4781642,5.940866498759698
G06_R0105,G06,LOGO,holdout_G06,G06,25,20,0.001,0.75,0.3,0.3,4.0,11.5061818,8.75037239630065
G06_R0106,G06,LOGO,holdout_G06,G06,25,20,0.001,0.7,0.1,0.3,4.0,5.0436555,4.13877192156229
G06_R0107,G06,LOGO,holdout_G06,G06,25,20,0.001,0.7,0.2,0.3,4.0,7.5238987,5.966826588461322
G06_R0108,G06,LOGO,holdout_G06,G06,25,20,0.001,0.7,0.3,0.3,4.0,11.5917096,8.799980662584625
G06_R0109,G06,LOGO,holdout_G06,G06,25,20,0.0001,0.85,0.1,0.3,4.0,6.371586099999999,5.18423398343955
G06_R0110,G06,LOGO,holdout_G06,G06,25,20,0.0001,0.85,0.2,0.3,4.0,10.2037,8.039667406179698
G06_R0111,G06,LOGO,holdout_G06,G06,25,20,0.0001,0.85,0.3,0.3,4.0,17.292662,12.862080557154805
G06_R0112,G06,LOGO,holdout_G06,G06,25,20,0.0001,0.8,0.1,0.3,4.0,6.3860633,5.192994803751975
G06_R0113,G06,LOGO,holdout_G06,G06,25,20,0.0001,0.8,0.2,0.3,4.0,10.232414,8.056144646725677
G06_R0114,G06,LOGO,holdout_G06,G06,25,20,0.0001,0.8,0.3,0.3,4.0,17.346317000000003,12.89161252368243
G06_R0115,G06,LOGO,holdout_G06,G06,25,20,0.0001,0.75,0.1,0.3,4.0,6.4013175,5.207760637479438
G06_R0116,G06,LOGO,holdout_G06,G06,25,20,0.0001,0.75,0.2,0.3,4.0,10.262098,8.083448399547216
G06_R0117,G06,LOGO,holdout_G06,G06,25,20,0.0001,0.75,0.3,0.3,4.0,17.404936,12.941264904030726
G06_R0118,G06,LOGO,holdout_G06,G06,25,20,0.0001,0.7,0.1,0.3,4.0,6.4174447,5.21727709783357
G06_R0119,G06,LOGO,holdout_G06,G06,25,20,0.0001,0.7,0.2,0.3,4.0,10.293749,8.101498976258071
G06_R0120,G06,LOGO,holdout_G06,G06,25,20,0.0001,0.7,0.3,0.3,4.0,17.466514,12.974039232959344
G06_R0121,G06,LOGO,holdout_G06,G06,25,20,1e-05,0.85,0.1,0.3,4.0,8.853062,7.536825901372049
G06_R0122,G06,LOGO,holdout_G06,G06,25,20,1e-05,0.85,0.2,0.3,4.0,17.990347,15.561940093781676
G06_R0123,G06,LOGO,holdout_G06,G06,25,20,1e-05,0.85,0.3,0.3,4.0,33.894278,28.801347854718475
G06_R0124,G06,LOGO,holdout_G06,G06,25,20,1e-05,0.8,0.1,0.3,4.0,8.866083999999999,7.545897323663622
G06_R0125,G06,LOGO,holdout_G06,G06,25,20,1e-05,0.8,0.2,0.3,4.0,18.020228,15.583132671177347
G06_R0126,G06,LOGO,holdout_G06,G06,25,20,1e-05,0.8,0.3,0.3,4.0,33.950127,28.838667517635628
G06_R0127,G06,LOGO,holdout_G06,G06,25,20,1e-05,0.75,0.1,0.3,4.0,8.8804,7.562287730525722
G06_R0128,G06,LOGO,holdout_G06,G06,25,20,1e-05,0.75,0.2,0.3,4.0,18.053098,15.621414153940089
G06_R0129,G06,LOGO,holdout_G06,G06,25,20,1e-05,0.75,0.3,0.3,4.0,34.013960999999995,28.905820179106964
G06_R0130,G06,LOGO,holdout_G06,G06,25,20,1e-05,0.7,0.1,0.3,4.0,8.896307,7.573276363650749
G06_R0131,G06,LOGO,holdout_G06,G06,25,20,1e-05,0.7,0.2,0.3,4.0,18.090955,15.64674142869016
G06_R0132,G06,LOGO,holdout_G06,G06,25,20,1e-05,0.7,0.3,0.3,4.0,34.08478,28.954625596023934
G06_R0133,G06,LOGO,holdout_G06,G06,25,20,1e-06,0.85,0.1,0.3,4.0,26.831896,25.449438638199386
G06_R0134,G06,LOGO,holdout_G06,G06,25,20,1e-06,0.85,0.2,0.3,4.0,83.631374,80.85664600870332
G06_R0135,G06,LOGO,holdout_G06,G06,25,20,1e-06,0.85,0.3,0.3,4.0,177.18879900000002,171.84414144486033
G06_R0136,G06,LOGO,holdout_G06,G06,25,20,1e-06,0.8,0.1,0.3,4.0,26.893863,25.49985026384192
G06_R0137,G06,LOGO,holdout_G06,G06,25,20,1e-06,0.8,0.2,0.3,4.0,83.754333,80.9650306149493
G06_R0138,G06,LOGO,holdout_G06,G06,25,20,1e-06,0.8,0.3,0.3,4.0,177.37875,172.01302747154466
G06_R0139,G06,LOGO,holdout_G06,G06,25,20,1e-06,0.75,0.1,0.3,4.0,26.960829,25.56803007424797
G06_R0140,G06,LOGO,holdout_G06,G06,25,20,1e-06,0.75,0.2,0.3,4.0,83.890288,81.08985880001455
G06_R0141,G06,LOGO,holdout_G06,G06,25,20,1e-06,0.75,0.3,0.3,4.0,177.59869600000002,172.19979113304353
G06_R0142,G06,LOGO,holdout_G06,G06,25,20,1e-06,0.7,0.1,0.3,4.0,27.035791,25.624425153473243
G06_R0143,G06,LOGO,holdout_G06,G06,25,20,1e-06,0.7,0.2,0.3,4.0,84.04223900000001,81.22489054296445
G06_R0144,G06,LOGO,holdout_G06,G06,25,20,1e-06,0.7,0.3,0.3,4.0,177.838637,172.42010818782637
G06_R0145,G06,LOGO,holdout_G06,G06,25,50,0.001,0.85,0.1,0.3,4.0,4.9808637,4.09669724525769
G06_R0146,G06,LOGO,holdout_G06,G06,25,50,0.001,0.85,0.2,0.3,4.0,7.39498,5.883409296656302
G06_R0147,G06,LOGO,holdout_G06,G06,25,50,0.001,0.85,0.3,0.3,4.0,11.3540105,8.653690231135613
G06_R0148,G06,LOGO,holdout_G06,G06,25,50,0.001,0.8,0.1,0.3,4.0,5.000652199999999,4.108070341674368
G06_R0149,G06,LOGO,holdout_G06,G06,25,50,0.001,0.8,0.2,0.3,4.0,7.4352897,5.905637482749009
G06_R0150,G06,LOGO,holdout_G06,G06,25,50,0.001,0.8,0.3,0.3,4.0,11.427614,8.69304916779629
G06_R0151,G06,LOGO,holdout_G06,G06,25,50,0.001,0.75,0.1,0.3,4.0,5.0215171,4.127004639970551
G06_R0152,G06,LOGO,holdout_G06,G06,25,50,0.001,0.75,0.2,0.3,4.0,7.4781642,5.941036533222197
G06_R0153,G06,LOGO,holdout_G06,G06,25,50,0.001,0.75,0.3,0.3,4.0,11.5061818,8.750700436919692
G06_R0154,G06,LOGO,holdout_G06,G06,25,50,0.001,0.7,0.1,0.3,4.0,5.0436555,4.138746228020621
G06_R0155,G06,LOGO,holdout_G06,G06,25,50,0.001,0.7,0.2,0.3,4.0,7.5238987,5.966988890757153
G06_R0156,G06,LOGO,holdout_G06,G06,25,50,0.001,0.7,0.3,0.3,4.0,11.5917096,8.800041337912
G06_R0157,G06,LOGO,holdout_G06,G06,25,50,0.0001,0.85,0.1,0.3,4.0,6.371586099999999,5.184189057706217
G06_R0158,G06,LOGO,holdout_G06,G06,25,50,0.0001,0.85,0.2,0.3,4.0,10.2037,8.039677916979695
G06_R0159,G06,LOGO,holdout_G06,G06,25,50,0.0001,0.85,0.3,0.3,4.0,17.292662,12.862220855678617
G06_R0160,G06,LOGO,holdout_G06,G06,25,50,0.0001,0.8,0.1,0.3,4.0,6.3860633,5.192965544018643
G06_R0161,G06,LOGO,holdout_G06,G06,25,50,0.0001,0.8,0.2,0.3,4.0,10.232414,8.056155157525676
G06_R0162,G06,LOGO,holdout_G06,G06,25,50,0.0001,0.8,0.3,0.3,4.0,17.346317000000003,12.891752822206238
G06_R0163,G06,LOGO,holdout_G06,G06,25,50,0.0001,0.75,0.1,0.3,4.0,6.4013175,5.207803486998189
G06_R0164,G06,LOGO,holdout_G06,G06,25,50,0.0001,0.75,0.2,0.3,4.0,10.262098,8.083415043422221
G06_R0165,G06,LOGO,holdout_G06,G06,25,50,0.0001,0.75,0.3,0.3,4.0,17.404936,12.941096054780727
G06_R0166,G06,LOGO,holdout_G06,G06,25,50,0.0001,0.7,0.1,0.3,4.0,6.4174447,5.217319947352321
G06_R0167,G06,LOGO,holdout_G06,G06,25,50,0.0001,0.7,0.2,0.3,4.0,10.293749,8.101465620133075
G06_R0168,G06,LOGO,holdout_G06,G06,25,50,0.0001,0.7,0.3,0.3,4.0,17.466514,12.973919301209344
G06_R0169,G06,LOGO,holdout_G06,G06,25,50,1e-05,0.85,0.1,0.3,4.0,8.853062,7.536761009720265
G06_R0170,G06,LOGO,holdout_G06,G06,25,50,1e-05,0.85,0.2,0.3,4.0,17.990347,15.562103938865018
G06_R0171,G06,LOGO,holdout_G06,G06,25,50,1e-05,0.85,0.3,0.3,4.0,33.894278,28.80120350611429
G06_R0172,G06,LOGO,holdout_G06,G06,25,50,1e-05,0.8,0.1,0.3,4.0,8.866083999999999,7.545832432011838
G06_R0173,G06,LOGO,holdout_G06,G06,25,50,1e-05,0.8,0.2,0.3,4.0,18.020228,15.58326166626069
G06_R0174,G06,LOGO,holdout_G06,G06,25,50,1e-05,0.8,0.3,0.3,4.0,33.950127,28.838523169031447
G06_R0175,G06,LOGO,holdout_G06,G06,25,50,1e-05,0.75,0.1,0.3,4.0,8.8804,7.562184165525723
G06_R0176,G06,LOGO,holdout_G06,G06,25,50,1e-05,0.75,0.2,0.3,4.0,18.053098,15.621431188023426
G06_R0177,G06,LOGO,holdout_G06,G06,25,50,1e-05,0.75,0.3,0.3,4.0,34.013960999999995,28.905865951856956
G06_R0178,G06,LOGO,holdout_G06,G06,25,50,1e-05,0.7,0.1,0.3,4.0,8.896307,7.573172798650749
G06_R0179,G06,LOGO,holdout_G06,G06,25,50,1e-05,0.7,0.2,0.3,4.0,18.090955,15.6467738972735
G06_R0180,G06,LOGO,holdout_G06,G06,25,50,1e-05,0.7,0.3,0.3,4.0,34.08478,28.95467136877393
G06_R0181,G06,LOGO,holdout_G06,G06,25,50,1e-06,0.85,0.1,0.3,4.0,26.831896,25.449456368199392
G06_R0182,G06,LOGO,holdout_G06,G06,25,50,1e-06,0.85,0.2,0.3,4.0,83.631374,80.85614466499499
G06_R0183,G06,LOGO,holdout_G06,G06,25,50,1e-06,0.85,0.3,0.3,4.0,177.18879900000002,171.84449850775317
G06_R0184,G06,LOGO,holdout_G06,G06,25,50,1e-06,0.8,0.1,0.3,4.0,26.893863,25.499612173466925
G06_R0185,G06,LOGO,holdout_G06,G06,25,50,1e-06,0.8,0.2,0.3,4.0,83.754333,80.96436002949096
G06_R0186,G06,LOGO,holdout_G06,G06,25,50,1e-06,0.8,0.3,0.3,4.0,177.37875,172.01299212779463
G06_R0187,G06,LOGO,holdout_G06,G06,25,50,1e-06,0.75,0.1,0.3,4.0,26.960829,25.568152538622968
G06_R0188,G06,LOGO,holdout_G06,G06,25,50,1e-06,0.75,0.2,0.3,4.0,83.890288,81.09021259324372
G06_R0189,G06,LOGO,holdout_G06,G06,25,50,1e-06,0.75,0.3,0.3,4.0,177.59869600000002,172.19966124654354
G06_R0190,G06,LOGO,holdout_G06,G06,25,50,1e-06,0.7,0.1,0.3,4.0,27.035791,25.624633966389908
G06_R0191,G06,LOGO,holdout_G06,G06,25,50,1e-06,0.7,0.2,0.3,4.0,84.04223900000001,81.22496998771443
G06_R0192,G06,LOGO,holdout_G06,G06,25,50,1e-06,0.7,0.3,0.3,4.0,177.838637,172.420376778368
G06_R0193,G06,LOGO,holdout_G06,G06,100,3,0.001,0.85,0.1,0.3,4.0,23.200536,18.320687281792623
G06_R0194,G06,LOGO,holdout_G06,G06,100,3,0.001,0.85,0.2,0.3,4.0,34.714384,26.56849613328477
G06_R0195,G06,LOGO,holdout_G06,G06,100,3,0.001,0.85,0.3,0.3,4.0,54.018773,39.5588709245198
G06_R0196,G06,LOGO,holdout_G06,G06,100,3,0.001,0.8,0.1,0.3,4.0,23.323524000000003,18.3870316840859
G06_R0197,G06,LOGO,holdout_G06,G06,100,3,0.001,0.8,0.2,0.3,4.0,34.962416,26.70156552807657
G06_R0198,G06,LOGO,holdout_G06,G06,100,3,0.001,0.8,0.3,0.3,4.0,54.516073,39.810929939846616
G06_R0199,G06,LOGO,holdout_G06,G06,100,3,0.001,0.75,0.1,0.3,4.0,23.454444,18.501845571361223
G06_R0200,G06,LOGO,holdout_G06,G06,100,3,0.001,0.75,0.2,0.3,4.0,35.227382000000006,26.91557855909246
G06_R0201,G06,LOGO,holdout_G06,G06,100,3,0.001,0.75,0.3,0.3,4.0,55.051341,40.1734118225878
G06_R0202,G06,LOGO,holdout_G06,G06,100,3,0.001,0.7,0.1,0.3,4.0,23.596289,18.577540845111223
G06_R0203,G06,LOGO,holdout_G06,G06,100,3,0.001,0.7,0.2,0.3,4.0,35.513276000000005,27.06038317090498
G06_R0204,G06,LOGO,holdout_G06,G06,100,3,0.001,0.7,0.3,0.3,4.0,55.630577,40.4838529842783
G06_R0205,G06,LOGO,holdout_G06,G06,100,3,0.0001,0.85,0.1,0.3,4.0,29.115299,22.88142184172248
G06_R0206,G06,LOGO,holdout_G06,G06,100,3,0.0001,0.85,0.2,0.3,4.0,46.618676,35.632882745946425
G06_R0207,G06,LOGO,holdout_G06,G06,100,3,0.0001,0.85,0.3,0.3,4.0,78.787896,57.0516026228696
G06_R0208,G06,LOGO,holdout_G06,G06,100,3,0.0001,0.8,0.1,0.3,4.0,29.18963,22.92723278590353
G06_R0209,G06,LOGO,holdout_G06,G06,100,3,0.0001,0.8,0.2,0.3,4.0,46.782003,35.73196796206235
G06_R0210,G06,LOGO,holdout_G06,G06,100,3,0.0001,0.8,0.3,0.3,4.0,79.12296400000001,57.24115070651568
G06_R0211,G06,LOGO,holdout_G06,G06,100,3,0.0001,0.75,0.1,0.3,4.0,29.267895000000003,23.00215696438103
G06_R0212,G06,LOGO,holdout_G06,G06,100,3,0.0001,0.75,0.2,0.3,4.0,46.958266,35.9045577721535
G06_R0213,G06,LOGO,holdout_G06,G06,100,3,0.0001,0.75,0.3,0.3,4.0,79.487059,57.5751034026117
G06_R0214,G06,LOGO,holdout_G06,G06,100,3,0.0001,0.7,0.1,0.3,4.0,29.352083,23.05241023879753
G06_R0215,G06,LOGO,holdout_G06,G06,100,3,0.0001,0.7,0.2,0.3,4.0,47.151452,36.01791802217587
G06_R0216,G06,LOGO,holdout_G06,G06,100,3,0.0001,0.7,0.3,0.3,4.0,79.887184,57.79785845151446
G06_R0217,G06,LOGO,holdout_G06,G06,100,3,1e-05,0.85,0.1,0.3,4.0,39.589822,32.7417125554938
G06_R0218,G06,LOGO,holdout_G06,G06,100,3,1e-05,0.85,0.2,0.3,4.0,79.15656700000001,66.93506700629472
G06_R0219,G06,LOGO,holdout_G06,G06,100,3,1e-05,0.85,0.3,0.3,4.0,147.671662,123.11176872303528
G06_R0220,G06,LOGO,holdout_G06,G06,100,3,1e-05,0.8,0.1,0.3,4.0,39.684588,32.80921312774392
G06_R0221,G06,LOGO,holdout_G06,G06,100,3,1e-05,0.8,0.2,0.3,4.0,79.421225,67.13215321897681
G06_R0222,G06,LOGO,holdout_G06,G06,100,3,1e-05,0.8,0.3,0.3,4.0,148.201294,123.49116446773314
G06_R0223,G06,LOGO,holdout_G06,G06,100,3,1e-05,0.75,0.1,0.3,4.0,39.789331,32.932118864205265
G06_R0224,G06,LOGO,holdout_G06,G06,100,3,1e-05,0.75,0.2,0.3,4.0,79.72185300000001,67.47037195818882
G06_R0225,G06,LOGO,holdout_G06,G06,100,3,1e-05,0.75,0.3,0.3,4.0,148.80089700000002,124.13085806619888
G06_R0226,G06,LOGO,holdout_G06,G06,100,3,1e-05,0.7,0.1,0.3,4.0,39.909048,33.01066200670022
G06_R0227,G06,LOGO,holdout_G06,G06,100,3,1e-05,0.7,0.2,0.3,4.0,80.068444,67.71501254537505
G06_R0228,G06,LOGO,holdout_G06,G06,100,3,1e-05,0.7,0.3,0.3,4.0,149.490466,124.64864802696468
G06_R0229,G06,LOGO,holdout_G06,G06,100,3,1e-06,0.85,0.1,0.3,4.0,112.242402,105.0824794088394
G06_R0230,G06,LOGO,holdout_G06,G06,100,3,1e-06,0.85,0.2,0.3,4.0,344.341398,330.73585741437006
G06_R0231,G06,LOGO,holdout_G06,G06,100,3,1e-06,0.85,0.3,0.3,4.0,726.591266,700.8507351564482
G06_R0232,G06,LOGO,holdout_G06,G06,100,3,1e-06,0.8,0.1,0.3,4.0,112.572304,105.38941124997191
G06_R0233,G06,LOGO,holdout_G06,G06,100,3,1e-06,0.8,0.2,0.3,4.0,345.191277,331.4421313462135
G06_R0234,G06,LOGO,holdout_G06,G06,100,3,1e-06,0.8,0.3,0.3,4.0,728.1611320000001,702.2749830961206
G06_R0235,G06,LOGO,holdout_G06,G06,100,3,1e-06,0.75,0.1,0.3,4.0,112.942198,105.75098893156526
G06_R0236,G06,LOGO,holdout_G06,G06,100,3,1e-06,0.75,0.2,0.3,4.0,346.16114600000003,332.377791113303
G06_R0237,G06,LOGO,holdout_G06,G06,100,3,1e-06,0.75,0.3,0.3,4.0,729.9609879999999,704.0574776357685
G06_R0238,G06,LOGO,holdout_G06,G06,100,3,1e-06,0.7,0.1,0.3,4.0,113.362083,106.13868455239404
G06_R0239,G06,LOGO,holdout_G06,G06,100,3,1e-06,0.7,0.2,0.3,4.0,347.271005,333.408457514408
G06_R0240,G06,LOGO,holdout_G06,G06,100,3,1e-06,0.7,0.3,0.3,4.0,732.05083,706.0142635986979
G06_R0241,G06,LOGO,holdout_G06,G06,100,6,0.001,0.85,0.1,0.3,4.0,23.200536,18.320540461167617
G06_R0242,G06,LOGO,holdout_G06,G06,100,6,0.001,0.85,0.2,0.3,4.0,34.714384,26.56796147582644
G06_R0243,G06,LOGO,holdout_G06,G06,100,6,0.001,0.85,0.3,0.3,4.0,54.018773,39.55753722972813
G06_R0244,G06,LOGO,holdout_G06,G06,100,6,0.001,0.8,0.1,0.3,4.0,23.323524000000003,18.38682616846089
G06_R0245,G06,LOGO,holdout_G06,G06,100,6,0.001,0.8,0.2,0.3,4.0,34.962416,26.70123953686824
G06_R0246,G06,LOGO,holdout_G06,G06,100,6,0.001,0.8,0.3,0.3,4.0,54.516073,39.80924684065911
G06_R0247,G06,LOGO,holdout_G06,G06,100,6,0.001,0.75,0.1,0.3,4.0,23.454444,18.50249881054873
G06_R0248,G06,LOGO,holdout_G06,G06,100,6,0.001,0.75,0.2,0.3,4.0,35.227382000000006,26.916072564613284
G06_R0249,G06,LOGO,holdout_G06,G06,100,6,0.001,0.75,0.3,0.3,4.0,55.051341,40.170522488736594
G06_R0250,G06,LOGO,holdout_G06,G06,100,6,0.001,0.7,0.1,0.3,4.0,23.596289,18.57808102179873
G06_R0251,G06,LOGO,holdout_G06,G06,100,6,0.001,0.7,0.2,0.3,4.0,35.513276000000005,27.060877176425805
G06_R0252,G06,LOGO,holdout_G06,G06,100,6,0.001,0.7,0.3,0.3,4.0,55.630577,40.4815572411771
G06_R0253,G06,LOGO,holdout_G06,G06,100,6,0.0001,0.85,0.1,0.3,4.0,29.115299,22.881195979180823
G06_R0254,G06,LOGO,holdout_G06,G06,100,6,0.0001,0.85,0.2,0.3,4.0,46.618676,35.63281491119641
G06_R0255,G06,LOGO,holdout_G06,G06,100,6,0.0001,0.85,0.3,0.3,4.0,78.787896,57.05189970511961
G06_R0256,G06,LOGO,holdout_G06,G06,100,6,0.0001,0.8,0.1,0.3,4.0,29.18963,22.926994755326163
G06_R0257,G06,LOGO,holdout_G06,G06,100,6,0.0001,0.8,0.2,0.3,4.0,46.782003,35.73190012731234
G06_R0258,G06,LOGO,holdout_G06,G06,100,6,0.0001,0.8,0.3,0.3,4.0,79.12296400000001,57.24144778876568
G06_R0259,G06,LOGO,holdout_G06,G06,100,6,0.0001,0.75,0.1,0.3,4.0,29.267895000000003,23.00227028157448
G06_R0260,G06,LOGO,holdout_G06,G06,100,6,0.0001,0.75,0.2,0.3,4.0,46.958266,35.90464174177851
G06_R0261,G06,LOGO,holdout_G06,G06,100,6,0.0001,0.75,0.3,0.3,4.0,79.487059,57.5737031117367
G06_R0262,G06,LOGO,holdout_G06,G06,100,6,0.0001,0.7,0.1,0.3,4.0,29.352083,23.05248466661598
G06_R0263,G06,LOGO,holdout_G06,G06,100,6,0.0001,0.7,0.2,0.3,4.0,47.151452,36.01800199180087
G06_R0264,G06,LOGO,holdout_G06,G06,100,6,0.0001,0.7,0.3,0.3,4.0,79.887184,57.79645816063944
G06_R0265,G06,LOGO,holdout_G06,G06,100,6,1e-05,0.85,0.1,0.3,4.0,39.589822,32.74121537727951
G06_R0266,G06,LOGO,holdout_G06,G06,100,6,1e-05,0.85,0.2,0.3,4.0,79.15656700000001,66.93469281204472
G06_R0267,G06,LOGO,holdout_G06,G06,100,6,1e-05,0.85,0.3,0.3,4.0,147.671662,123.11207975933289
G06_R0268,G06,LOGO,holdout_G06,G06,100,6,1e-05,0.8,0.1,0.3,4.0,39.684588,32.808715949529635
G06_R0269,G06,LOGO,holdout_G06,G06,100,6,1e-05,0.8,0.2,0.3,4.0,79.421225,67.1319113191018
G06_R0270,G06,LOGO,holdout_G06,G06,100,6,1e-05,0.8,0.3,0.3,4.0,148.201294,123.49050551482242
G06_R0271,G06,LOGO,holdout_G06,G06,100,6,1e-05,0.75,0.1,0.3,4.0,39.789331,32.93128568472609
G06_R0272,G06,LOGO,holdout_G06,G06,100,6,1e-05,0.75,0.2,0.3,4.0,79.72185300000001,67.47107762514713
G06_R0273,G06,LOGO,holdout_G06,G06,100,6,1e-05,0.75,0.3,0.3,4.0,148.80089700000002,124.12978899596972
G06_R0274,G06,LOGO,holdout_G06,G06,100,6,1e-05,0.7,0.1,0.3,4.0,39.909048,33.00982882722106
G06_R0275,G06,LOGO,holdout_G06,G06,100,6,1e-05,0.7,0.2,0.3,4.0,80.068444,67.71535855579168
G06_R0276,G06,LOGO,holdout_G06,G06,100,6,1e-05,0.7,0.3,0.3,4.0,149.490466,124.64882821719388
G06_R0277,G06,LOGO,holdout_G06,G06,100,6,1e-06,0.85,0.1,0.3,4.0,112.242402,105.08224657183942
G06_R0278,G06,LOGO,holdout_G06,G06,100,6,1e-06,0.85,0.2,0.3,4.0,344.341398,330.7354882162451
G06_R0279,G06,LOGO,holdout_G06,G06,100,6,1e-06,0.85,0.3,0.3,4.0,726.591266,700.84988157285
G06_R0280,G06,LOGO,holdout_G06,G06,100,6,1e-06,0.8,0.1,0.3,4.0,112.572304,105.38918896934692
G06_R0281,G06,LOGO,holdout_G06,G06,100,6,1e-06,0.8,0.2,0.3,4.0,345.191277,331.4417214516718
G06_R0282,G06,LOGO,holdout_G06,G06,100,6,1e-06,0.8,0.3,0.3,4.0,728.1611320000001,702.2751921310523
G06_R0283,G06,LOGO,holdout_G06,G06,100,6,1e-06,0.75,0.1,0.3,4.0,112.942198,105.75117538980484
G06_R0284,G06,LOGO,holdout_G06,G06,100,6,1e-06,0.75,0.2,0.3,4.0,346.16114600000003,332.3753614387196
G06_R0285,G06,LOGO,holdout_G06,G06,100,6,1e-06,0.75,0.3,0.3,4.0,729.9609879999999,704.0620391079888
G06_R0286,G06,LOGO,holdout_G06,G06,100,6,1e-06,0.7,0.1,0.3,4.0,113.362083,106.13934599397145
G06_R0287,G06,LOGO,holdout_G06,G06,100,6,1e-06,0.7,0.2,0.3,4.0,347.271005,333.40615403340803
G06_R0288,G06,LOGO,holdout_G06,G06,100,6,1e-06,0.7,0.3,0.3,4.0,732.05083,706.0069221678642
G06_R0289,G06,LOGO,holdout_G06,G06,100,20,0.001,0.85,0.1,0.3,4.0,23.200536,18.320655086027635
G06_R0290,G06,LOGO,holdout_G06,G06,100,20,0.001,0.85,0.2,0.3,4.0,34.714384,26.56814948195442
G06_R0291,G06,LOGO,holdout_G06,G06,100,20,0.001,0.85,0.3,0.3,4.0,54.018773,39.555539675403736
G06_R0292,G06,LOGO,holdout_G06,G06,100,20,0.001,0.8,0.1,0.3,4.0,23.323524000000003,18.386940653320995
G06_R0293,G06,LOGO,holdout_G06,G06,100,20,0.001,0.8,0.2,0.3,4.0,34.962416,26.70115447341288
G06_R0294,G06,LOGO,holdout_G06,G06,100,20,0.001,0.8,0.3,0.3,4.0,54.516073,39.8080195217722
G06_R0295,G06,LOGO,holdout_G06,G06,100,20,0.001,0.75,0.1,0.3,4.0,23.454444,18.5026580056529
G06_R0296,G06,LOGO,holdout_G06,G06,100,20,0.001,0.75,0.2,0.3,4.0,35.227382000000006,26.916663343058225
G06_R0297,G06,LOGO,holdout_G06,G06,100,20,0.001,0.75,0.3,0.3,4.0,55.051341,40.1734145975729
G06_R0298,G06,LOGO,holdout_G06,G06,100,20,0.001,0.7,0.1,0.3,4.0,23.596289,18.578210869402906
G06_R0299,G06,LOGO,holdout_G06,G06,100,20,0.001,0.7,0.2,0.3,4.0,35.513276000000005,27.06143048653741
G06_R0300,G06,LOGO,holdout_G06,G06,100,20,0.001,0.7,0.3,0.3,4.0,55.630577,40.48483817534675
G06_R0301,G06,LOGO,holdout_G06,G06,100,20,0.0001,0.85,0.1,0.3,4.0,29.115299,22.881387667919917
G06_R0302,G06,LOGO,holdout_G06,G06,100,20,0.0001,0.85,0.2,0.3,4.0,46.618676,35.632919636531234
G06_R0303,G06,LOGO,holdout_G06,G06,100,20,0.0001,0.85,0.3,0.3,4.0,78.787896,57.05111788276545
G06_R0304,G06,LOGO,holdout_G06,G06,100,20,0.0001,0.8,0.1,0.3,4.0,29.18963,22.92722903219025
G06_R0305,G06,LOGO,holdout_G06,G06,100,20,0.0001,0.8,0.2,0.3,4.0,46.782003,35.731934881397166
G06_R0306,G06,LOGO,holdout_G06,G06,100,20,0.0001,0.8,0.3,0.3,4.0,79.12296400000001,57.240539375578194
G06_R0307,G06,LOGO,holdout_G06,G06,100,20,0.0001,0.75,0.1,0.3,4.0,29.267895000000003,23.002647199541745
G06_R0308,G06,LOGO,holdout_G06,G06,100,20,0.0001,0.75,0.2,0.3,4.0,46.958266,35.90360350512371
G06_R0309,G06,LOGO,holdout_G06,G06,100,20,0.0001,0.75,0.3,0.3,4.0,79.487059,57.57417745619503
G06_R0310,G06,LOGO,holdout_G06,G06,100,20,0.0001,0.7,0.1,0.3,4.0,29.352083,23.052946760833247
G06_R0311,G06,LOGO,holdout_G06,G06,100,20,0.0001,0.7,0.2,0.3,4.0,47.151452,36.016963661396105
G06_R0312,G06,LOGO,holdout_G06,G06,100,20,0.0001,0.7,0.3,0.3,4.0,79.887184,57.79701817041013
G06_R0313,G06,LOGO,holdout_G06,G06,100,20,1e-05,0.85,0.1,0.3,4.0,39.589822,32.741827177748235
G06_R0314,G06,LOGO,holdout_G06,G06,100,20,1e-05,0.85,0.2,0.3,4.0,79.15656700000001,66.93581083388402
G06_R0315,G06,LOGO,holdout_G06,G06,100,20,1e-05,0.85,0.3,0.3,4.0,147.671662,123.11363011899977
G06_R0316,G06,LOGO,holdout_G06,G06,100,20,1e-05,0.8,0.1,0.3,4.0,39.684588,32.809453845415035
G06_R0317,G06,LOGO,holdout_G06,G06,100,20,1e-05,0.8,0.2,0.3,4.0,79.421225,67.1329072190661
G06_R0318,G06,LOGO,holdout_G06,G06,100,20,1e-05,0.8,0.3,0.3,4.0,148.201294,123.4933380667807
G06_R0319,G06,LOGO,holdout_G06,G06,100,20,1e-05,0.75,0.1,0.3,4.0,39.789331,32.93164013062789
G06_R0320,G06,LOGO,holdout_G06,G06,100,20,1e-05,0.75,0.2,0.3,4.0,79.72185300000001,67.4699605845905
G06_R0321,G06,LOGO,holdout_G06,G06,100,20,1e-05,0.75,0.3,0.3,4.0,148.80089700000002,124.13321878706522
G06_R0322,G06,LOGO,holdout_G06,G06,100,20,1e-05,0.7,0.1,0.3,4.0,39.909048,33.010160328331175
G06_R0323,G06,LOGO,holdout_G06,G06,100,20,1e-05,0.7,0.2,0.3,4.0,80.068444,67.7148864166726
G06_R0324,G06,LOGO,holdout_G06,G06,100,20,1e-05,0.7,0.3,0.3,4.0,149.490466,124.65136569167946
G06_R0325,G06,LOGO,holdout_G06,G06,100,20,1e-06,0.85,0.1,0.3,4.0,112.242402,105.08287083385729
G06_R0326,G06,LOGO,holdout_G06,G06,100,20,1e-06,0.85,0.2,0.3,4.0,344.341398,330.7270164434861
G06_R0327,G06,LOGO,holdout_G06,G06,100,20,1e-06,0.85,0.3,0.3,4.0,726.591266,700.8525976608587
G06_R0328,G06,LOGO,holdout_G06,G06,100,20,1e-06,0.8,0.1,0.3,4.0,112.572304,105.38986019876158
G06_R0329,G06,LOGO,holdout_G06,G06,100,20,1e-06,0.8,0.2,0.3,4.0,345.191277,331.4401343796033
G06_R0330,G06,LOGO,holdout_G06,G06,100,20,1e-06,0.8,0.3,0.3,4.0,728.1611320000001,702.2872199850733
G06_R0331,G06,LOGO,holdout_G06,G06,100,20,1e-06,0.75,0.1,0.3,4.0,112.942198,105.75126593534952
G06_R0332,G06,LOGO,holdout_G06,G06,100,20,1e-06,0.75,0.2,0.3,4.0,346.16114600000003,332.37063362288035
G06_R0333,G06,LOGO,holdout_G06,G06,100,20,1e-06,0.75,0.3,0.3,4.0,729.9609879999999,704.0601737430499
G06_R0334,G06,LOGO,holdout_G06,G06,100,20,1e-06,0.7,0.1,0.3,4.0,113.362083,106.13934841700716
G06_R0335,G06,LOGO,holdout_G06,G06,100,20,1e-06,0.7,0.2,0.3,4.0,347.271005,333.4027018335644
G06_R0336,G06,LOGO,holdout_G06,G06,100,20,1e-06,0.7,0.3,0.3,4.0,732.05083,705.9976248901131
G06_R0337,G06,LOGO,holdout_G06,G06,100,50,0.001,0.85,0.1,0.3,4.0,23.200536,18.320867127188347
G06_R0338,G06,LOGO,holdout_G06,G06,100,50,0.001,0.85,0.2,0.3,4.0,34.714384,26.567540872058583
G06_R0339,G06,LOGO,holdout_G06,G06,100,50,0.001,0.85,0.3,0.3,4.0,54.018773,39.55455967871029
G06_R0340,G06,LOGO,holdout_G06,G06,100,50,0.001,0.8,0.1,0.3,4.0,23.323524000000003,18.38715269448171
G06_R0341,G06,LOGO,holdout_G06,G06,100,50,0.001,0.8,0.2,0.3,4.0,34.962416,26.70054586351705
G06_R0342,G06,LOGO,holdout_G06,G06,100,50,0.001,0.8,0.3,0.3,4.0,54.516073,39.80693042934959
G06_R0343,G06,LOGO,holdout_G06,G06,100,50,0.001,0.75,0.1,0.3,4.0,23.454444,18.502497866507063
G06_R0344,G06,LOGO,holdout_G06,G06,100,50,0.001,0.75,0.2,0.3,4.0,35.227382000000006,26.916617449010616
G06_R0345,G06,LOGO,holdout_G06,G06,100,50,0.001,0.75,0.3,0.3,4.0,55.051341,40.17498987944793
G06_R0346,G06,LOGO,holdout_G06,G06,100,50,0.001,0.7,0.1,0.3,4.0,23.596289,18.578050730257065
G06_R0347,G06,LOGO,holdout_G06,G06,100,50,0.001,0.7,0.2,0.3,4.0,35.513276000000005,27.0613845924898
G06_R0348,G06,LOGO,holdout_G06,G06,100,50,0.001,0.7,0.3,0.3,4.0,55.630577,40.48487168572176
G06_R0349,G06,LOGO,holdout_G06,G06,100,50,0.0001,0.85,0.1,0.3,4.0,29.115299,22.88130101875324
G06_R0350,G06,LOGO,holdout_G06,G06,100,50,0.0001,0.85,0.2,0.3,4.0,46.618676,35.63386640953124
G06_R0351,G06,LOGO,holdout_G06,G06,100,50,0.0001,0.85,0.3,0.3,4.0,78.787896,57.05036432609878
G06_R0352,G06,LOGO,holdout_G06,G06,100,50,0.0001,0.8,0.1,0.3,4.0,29.18963,22.927142383023583
G06_R0353,G06,LOGO,holdout_G06,G06,100,50,0.0001,0.8,0.2,0.3,4.0,46.782003,35.732881654397154
G06_R0354,G06,LOGO,holdout_G06,G06,100,50,0.0001,0.8,0.3,0.3,4.0,79.12296400000001,57.23978581891152
G06_R0355,G06,LOGO,holdout_G06,G06,100,50,0.0001,0.75,0.1,0.3,4.0,29.267895000000003,23.002662285916745
G06_R0356,G06,LOGO,holdout_G06,G06,100,50,0.0001,0.75,0.2,0.3,4.0,46.958266,35.90325921479038
G06_R0357,G06,LOGO,holdout_G06,G06,100,50,0.0001,0.75,0.3,0.3,4.0,79.487059,57.57298499329919
G06_R0358,G06,LOGO,holdout_G06,G06,100,50,0.0001,0.7,0.1,0.3,4.0,29.352083,23.053012062624912
G06_R0359,G06,LOGO,holdout_G06,G06,100,50,0.0001,0.7,0.2,0.3,4.0,47.151452,36.016619371062774
G06_R0360,G06,LOGO,holdout_G06,G06,100,50,0.0001,0.7,0.3,0.3,4.0,79.887184,57.79521766043095
G06_R0361,G06,LOGO,holdout_G06,G06,100,50,1e-05,0.85,0.1,0.3,4.0,39.589822,32.74182203665448
G06_R0362,G06,LOGO,holdout_G06,G06,100,50,1e-05,0.85,0.2,0.3,4.0,79.15656700000001,66.9354772059257
G06_R0363,G06,LOGO,holdout_G06,G06,100,50,1e-05,0.85,0.3,0.3,4.0,147.671662,123.11445671586432
G06_R0364,G06,LOGO,holdout_G06,G06,100,50,1e-05,0.8,0.1,0.3,4.0,39.684588,32.80933603832127
G06_R0365,G06,LOGO,holdout_G06,G06,100,50,1e-05,0.8,0.2,0.3,4.0,79.421225,67.13308538777443
G06_R0366,G06,LOGO,holdout_G06,G06,100,50,1e-05,0.8,0.3,0.3,4.0,148.201294,123.49570916864526
G06_R0367,G06,LOGO,holdout_G06,G06,100,50,1e-05,0.75,0.1,0.3,4.0,39.789331,32.93178567199247
G06_R0368,G06,LOGO,holdout_G06,G06,100,50,1e-05,0.75,0.2,0.3,4.0,79.72185300000001,67.47158390750715
G06_R0369,G06,LOGO,holdout_G06,G06,100,50,1e-05,0.75,0.3,0.3,4.0,148.80089700000002,124.1377265988673
G06_R0370,G06,LOGO,holdout_G06,G06,100,50,1e-05,0.7,0.1,0.3,4.0,39.909048,33.01036755573742
G06_R0371,G06,LOGO,holdout_G06,G06,100,50,1e-05,0.7,0.2,0.3,4.0,80.068444,67.71639074042263
G06_R0372,G06,LOGO,holdout_G06,G06,100,50,1e-05,0.7,0.3,0.3,4.0,149.490466,124.6523005605232
G06_R0373,G06,LOGO,holdout_G06,G06,100,50,1e-06,0.85,0.1,0.3,4.0,112.242402,105.08247170585724
G06_R0374,G06,LOGO,holdout_G06,G06,100,50,1e-06,0.85,0.2,0.3,4.0,344.341398,330.72751723623617
G06_R0375,G06,LOGO,holdout_G06,G06,100,50,1e-06,0.85,0.3,0.3,4.0,726.591266,700.854766544359
G06_R0376,G06,LOGO,holdout_G06,G06,100,50,1e-06,0.8,0.1,0.3,4.0,112.572304,105.38973954592828
G06_R0377,G06,LOGO,holdout_G06,G06,100,50,1e-06,0.8,0.2,0.3,4.0,345.191277,331.4389169435617
G06_R0378,G06,LOGO,holdout_G06,G06,100,50,1e-06,0.8,0.3,0.3,4.0,728.1611320000001,702.2858732213352
G06_R0379,G06,LOGO,holdout_G06,G06,100,50,1e-06,0.75,0.1,0.3,4.0,112.942198,105.75224936545366
G06_R0380,G06,LOGO,holdout_G06,G06,100,50,1e-06,0.75,0.2,0.3,4.0,346.16114600000003,332.37262599625524
G06_R0381,G06,LOGO,holdout_G06,G06,100,50,1e-06,0.75,0.3,0.3,4.0,729.9609879999999,704.0520129459633
G06_R0382,G06,LOGO,holdout_G06,G06,100,50,1e-06,0.7,0.1,0.3,4.0,113.362083,106.1401369989238
G06_R0383,G06,LOGO,holdout_G06,G06,100,50,1e-06,0.7,0.2,0.3,4.0,347.271005,333.4041480201208
G06_R0384,G06,LOGO,holdout_G06,G06,100,50,1e-06,0.7,0.3,0.3,4.0,732.05083,705.9951631896132
G06_R0385,G06,LOGO,holdout_G06,G06,250,3,0.001,0.85,0.1,0.3,4.0,74.877079,55.49359933377386
G06_R0386,G06,LOGO,holdout_G06,G06,250,3,0.001,0.85,0.2,0.3,4.0,112.536237,81.7150581571395
G06_R0387,G06,LOGO,holdout_G06,G06,250,3,0.001,0.85,0.3,0.3,4.0,176.502599,122.91887287653093
G06_R0388,G06,LOGO,holdout_G06,G06,250,3,0.001,0.8,0.1,0.3,4.0,75.36948600000001,55.74919421827404
G06_R0389,G06,LOGO,holdout_G06,G06,250,3,0.001,0.8,0.2,0.3,4.0,113.534491,82.21134383409544
G06_R0390,G06,LOGO,holdout_G06,G06,250,3,0.001,0.8,0.3,0.3,4.0,178.461943,124.13961475867056
G06_R0391,G06,LOGO,holdout_G06,G06,250,3,0.001,0.75,0.1,0.3,4.0,75.897724,56.182104410392434
G06_R0392,G06,LOGO,holdout_G06,G06,250,3,0.001,0.75,0.2,0.3,4.0,114.592663,83.0236771041849
G06_R0393,G06,LOGO,holdout_G06,G06,250,3,0.001,0.75,0.3,0.3,4.0,180.571313,125.48384973908048
G06_R0394,G06,LOGO,holdout_G06,G06,250,3,0.001,0.7,0.1,0.3,4.0,76.46477200000001,56.48147398324925
G06_R0395,G06,LOGO,holdout_G06,G06,250,3,0.001,0.7,0.2,0.3,4.0,115.730741,83.6258118765161
G06_R0396,G06,LOGO,holdout_G06,G06,250,3,0.001,0.7,0.3,0.3,4.0,182.840719,126.90812225444112
G06_R0397,G06,LOGO,holdout_G06,G06,250,3,0.0001,0.85,0.1,0.3,4.0,92.225991,68.27549061960048
G06_R0398,G06,LOGO,holdout_G06,G06,250,3,0.0001,0.85,0.2,0.3,4.0,149.227238,107.64995400939895
G06_R0399,G06,LOGO,holdout_G06,G06,250,3,0.0001,0.85,0.3,0.3,4.0,254.60572,173.78760438888273
G06_R0400,G06,LOGO,holdout_G06,G06,250,3,0.0001,0.8,0.1,0.3,4.0,92.50351,68.44764058598695
G06_R0401,G06,LOGO,holdout_G06,G06,250,3,0.0001,0.8,0.2,0.3,4.0,149.908373,108.0797005261198
G06_R0402,G06,LOGO,holdout_G06,G06,250,3,0.0001,0.8,0.3,0.3,4.0,256.0972,174.61204936911244
G06_R0403,G06,LOGO,holdout_G06,G06,250,3,0.0001,0.75,0.1,0.3,4.0,92.803878,68.73398639436463
G06_R0404,G06,LOGO,holdout_G06,G06,250,3,0.0001,0.75,0.2,0.3,4.0,150.66955199999998,108.80619958505912
G06_R0405,G06,LOGO,holdout_G06,G06,250,3,0.0001,0.75,0.3,0.3,4.0,257.74966,176.1841800439814
G06_R0406,G06,LOGO,holdout_G06,G06,250,3,0.0001,0.7,0.1,0.3,4.0,93.13107,68.92597170759524
G06_R0407,G06,LOGO,holdout_G06,G06,250,3,0.0001,0.7,0.2,0.3,4.0,151.52076100000002,109.32500141805652
G06_R0408,G06,LOGO,holdout_G06,G06,250,3,0.0001,0.7,0.3,0.3,4.0,259.59323,177.22929830419028
G06_R0409,G06,LOGO,holdout_G06,G06,250,3,1e-05,0.85,0.1,0.3,4.0,121.77874,95.51358143575824
G06_R0410,G06,LOGO,holdout_G06,G06,250,3,1e-05,0.85,0.2,0.3,4.0,239.14262,192.47631344794408
G06_R0411,G06,LOGO,holdout_G06,G06,250,3,1e-05,0.85,0.3,0.3,4.0,444.00754,351.0183625782216
G06_R0412,G06,LOGO,holdout_G06,G06,250,3,1e-05,0.8,0.1,0.3,4.0,122.21817,95.81728301712396
G06_R0413,G06,LOGO,holdout_G06,G06,250,3,1e-05,0.8,0.2,0.3,4.0,240.492,193.43898795841463
G06_R0414,G06,LOGO,holdout_G06,G06,250,3,1e-05,0.8,0.3,0.3,4.0,446.75786,353.15707163054066
G06_R0415,G06,LOGO,holdout_G06,G06,250,3,1e-05,0.75,0.1,0.3,4.0,122.71755,96.38695925048889
G06_R0416,G06,LOGO,holdout_G06,G06,250,3,1e-05,0.75,0.2,0.3,4.0,242.06134,195.16805380723537
G06_R0417,G06,LOGO,holdout_G06,G06,250,3,1e-05,0.75,0.3,0.3,4.0,449.92835,356.33698645130346
G06_R0418,G06,LOGO,holdout_G06,G06,250,3,1e-05,0.7,0.1,0.3,4.0,123.29688,96.78226792584104
G06_R0419,G06,LOGO,holdout_G06,G06,250,3,1e-05,0.7,0.2,0.3,4.0,243.88065,196.54622852921517
G06_R0420,G06,LOGO,holdout_G06,G06,250,3,1e-05,0.7,0.3,0.3,4.0,453.61904,359.5166930828951
G06_R0421,G06,LOGO,holdout_G06,G06,250,3,1e-06,0.85,0.1,0.3,4.0,307.83613,280.3488948462536
G06_R0422,G06,LOGO,holdout_G06,G06,250,3,1e-06,0.85,0.2,0.3,4.0,916.98522,866.0773788203095
G06_R0423,G06,LOGO,holdout_G06,G06,250,3,1e-06,0.85,0.3,0.3,4.0,1922.9213,1825.5118612336048
G06_R0424,G06,LOGO,holdout_G06,G06,250,3,1e-06,0.8,0.1,0.3,4.0,309.07588,281.56402919922954
G06_R0425,G06,LOGO,holdout_G06,G06,250,3,1e-06,0.8,0.2,0.3,4.0,920.97492,869.8591494171815
G06_R0426,G06,LOGO,holdout_G06,G06,250,3,1e-06,0.8,0.3,0.3,4.0,1930.721,1833.376403260606
G06_R0427,G06,LOGO,holdout_G06,G06,250,3,1e-06,0.75,0.1,0.3,4.0,310.53561,282.9899343952994
G06_R0428,G06,LOGO,holdout_G06,G06,250,3,1e-06,0.75,0.2,0.3,4.0,925.7746,874.6659192470966
G06_R0429,G06,LOGO,holdout_G06,G06,250,3,1e-06,0.75,0.3,0.3,4.0,1940.02067,1842.9103960095736
G06_R0430,G06,LOGO,holdout_G06,G06,250,3,1e-06,0.7,0.1,0.3,4.0,312.29532,284.69969400086035
G06_R0431,G06,LOGO,holdout_G06,G06,250,3,1e-06,0.7,0.2,0.3,4.0,931.59425,880.4177183958226
G06_R0432,G06,LOGO,holdout_G06,G06,250,3,1e-06,0.7,0.3,0.3,4.0,1951.12032,1853.9292445890892
G06_R0433,G06,LOGO,holdout_G06,G06,250,6,0.001,0.85,0.1,0.3,4.0,74.877079,55.49288128644052
G06_R0434,G06,LOGO,holdout_G06,G06,250,6,0.001,0.85,0.2,0.3,4.0,112.536237,81.7133527281117
G06_R0435,G06,LOGO,holdout_G06,G06,250,6,0.001,0.85,0.3,0.3,4.0,176.502599,122.91889198401896
G06_R0436,G06,LOGO,holdout_G06,G06,250,6,0.001,0.8,0.1,0.3,4.0,75.36948600000001,55.74847617094072
G06_R0437,G06,LOGO,holdout_G06,G06,250,6,0.001,0.8,0.2,0.3,4.0,113.534491,82.20914120631764
G06_R0438,G06,LOGO,holdout_G06,G06,250,6,0.001,0.8,0.3,0.3,4.0,178.461943,124.14415697890858
G06_R0439,G06,LOGO,holdout_G06,G06,250,6,0.001,0.75,0.1,0.3,4.0,75.897724,56.1814221986216
G06_R0440,G06,LOGO,holdout_G06,G06,250,6,0.001,0.75,0.2,0.3,4.0,114.592663,83.02159218657378
G06_R0441,G06,LOGO,holdout_G06,G06,250,6,0.001,0.75,0.3,0.3,4.0,180.571313,125.48493513135132
G06_R0442,G06,LOGO,holdout_G06,G06,250,6,0.001,0.7,0.1,0.3,4.0,76.46477200000001,56.48079177147842
G06_R0443,G06,LOGO,holdout_G06,G06,250,6,0.001,0.7,0.2,0.3,4.0,115.730741,83.62546615569661
G06_R0444,G06,LOGO,holdout_G06,G06,250,6,0.001,0.7,0.3,0.3,4.0,182.840719,126.9109314081078
G06_R0445,G06,LOGO,holdout_G06,G06,250,6,0.0001,0.85,0.1,0.3,4.0,92.225991,68.27571311080284
G06_R0446,G06,LOGO,holdout_G06,G06,250,6,0.0001,0.85,0.2,0.3,4.0,149.227238,107.64861593646144
G06_R0447,G06,LOGO,holdout_G06,G06,250,6,0.0001,0.85,0.3,0.3,4.0,254.60572,173.7864997727398
G06_R0448,G06,LOGO,holdout_G06,G06,250,6,0.0001,0.8,0.1,0.3,4.0,92.50351,68.44786307718931
G06_R0449,G06,LOGO,holdout_G06,G06,250,6,0.0001,0.8,0.2,0.3,4.0,149.908373,108.0783624531823
G06_R0450,G06,LOGO,holdout_G06,G06,250,6,0.0001,0.8,0.3,0.3,4.0,256.0972,174.61094475296952
G06_R0451,G06,LOGO,holdout_G06,G06,250,6,0.0001,0.75,0.1,0.3,4.0,92.803878,68.73462431207297
G06_R0452,G06,LOGO,holdout_G06,G06,250,6,0.0001,0.75,0.2,0.3,4.0,150.66955199999998,108.80687402674664
G06_R0453,G06,LOGO,holdout_G06,G06,250,6,0.0001,0.75,0.3,0.3,4.0,257.74966,176.18666467546353
G06_R0454,G06,LOGO,holdout_G06,G06,250,6,0.0001,0.7,0.1,0.3,4.0,93.13107,68.92660962530357
G06_R0455,G06,LOGO,holdout_G06,G06,250,6,0.0001,0.7,0.2,0.3,4.0,151.52076100000002,109.32567585974408
G06_R0456,G06,LOGO,holdout_G06,G06,250,6,0.0001,0.7,0.3,0.3,4.0,259.59323,177.2317829356724
G06_R0457,G06,LOGO,holdout_G06,G06,250,6,1e-05,0.85,0.1,0.3,4.0,121.77874,95.51385029215405
G06_R0458,G06,LOGO,holdout_G06,G06,250,6,1e-05,0.85,0.2,0.3,4.0,239.14262,192.47753676627747
G06_R0459,G06,LOGO,holdout_G06,G06,250,6,1e-05,0.85,0.3,0.3,4.0,444.00754,351.0069045707216
G06_R0460,G06,LOGO,holdout_G06,G06,250,6,1e-05,0.8,0.1,0.3,4.0,122.21817,95.81755187351978
G06_R0461,G06,LOGO,holdout_G06,G06,250,6,1e-05,0.8,0.2,0.3,4.0,240.492,193.440211276748
G06_R0462,G06,LOGO,holdout_G06,G06,250,6,1e-05,0.8,0.3,0.3,4.0,446.75786,353.1386081272074
G06_R0463,G06,LOGO,holdout_G06,G06,250,6,1e-05,0.75,0.1,0.3,4.0,122.71755,96.38786435393231
G06_R0464,G06,LOGO,holdout_G06,G06,250,6,1e-05,0.75,0.2,0.3,4.0,242.06134,195.1681312630688
G06_R0465,G06,LOGO,holdout_G06,G06,250,6,1e-05,0.75,0.3,0.3,4.0,449.92835,356.3037299413035
G06_R0466,G06,LOGO,holdout_G06,G06,250,6,1e-05,0.7,0.1,0.3,4.0,123.29688,96.78322037647196
G06_R0467,G06,LOGO,holdout_G06,G06,250,6,1e-05,0.7,0.2,0.3,4.0,243.88065,196.5458167892152
G06_R0468,G06,LOGO,holdout_G06,G06,250,6,1e-05,0.7,0.3,0.3,4.0,453.61904,359.5027169328951
G06_R0469,G06,LOGO,holdout_G06,G06,250,6,1e-06,0.85,0.1,0.3,4.0,307.83613,280.34718825284284
G06_R0470,G06,LOGO,holdout_G06,G06,250,6,1e-06,0.85,0.2,0.3,4.0,916.98522,866.0686488717679
G06_R0471,G06,LOGO,holdout_G06,G06,250,6,1e-06,0.85,0.3,0.3,4.0,1922.9213,1825.5297749628307
G06_R0472,G06,LOGO,holdout_G06,G06,250,6,1e-06,0.8,0.1,0.3,4.0,309.07588,281.56430342444384
G06_R0473,G06,LOGO,holdout_G06,G06,250,6,1e-06,0.8,0.2,0.3,4.0,920.97492,869.8396898169729
G06_R0474,G06,LOGO,holdout_G06,G06,250,6,1e-06,0.8,0.3,0.3,4.0,1930.721,1833.3819310831063
G06_R0475,G06,LOGO,holdout_G06,G06,250,6,1e-06,0.75,0.1,0.3,4.0,310.53561,282.99259185495123
G06_R0476,G06,LOGO,holdout_G06,G06,250,6,1e-06,0.75,0.2,0.3,4.0,925.7746,874.670121241888
G06_R0477,G06,LOGO,holdout_G06,G06,250,6,1e-06,0.75,0.3,0.3,4.0,1940.02067,1842.9120745181156
G06_R0478,G06,LOGO,holdout_G06,G06,250,6,1e-06,0.7,0.1,0.3,4.0,312.29532,284.701669541034
G06_R0479,G06,LOGO,holdout_G06,G06,250,6,1e-06,0.7,0.2,0.3,4.0,931.59425,880.4037838458227
G06_R0480,G06,LOGO,holdout_G06,G06,250,6,1e-06,0.7,0.3,0.3,4.0,1951.12032,1853.9134232109643
G06_R0481,G06,LOGO,holdout_G06,G06,250,20,0.001,0.85,0.1,0.3,4.0,74.877079,55.49399328823221
G06_R0482,G06,LOGO,holdout_G06,G06,250,20,0.001,0.85,0.2,0.3,4.0,112.536237,81.71704622916725
G06_R0483,G06,LOGO,holdout_G06,G06,250,20,0.001,0.85,0.3,0.3,4.0,176.502599,122.9124343641023
G06_R0484,G06,LOGO,holdout_G06,G06,250,20,0.001,0.8,0.1,0.3,4.0,75.36948600000001,55.7493473921074
G06_R0485,G06,LOGO,holdout_G06,G06,250,20,0.001,0.8,0.2,0.3,4.0,113.534491,82.21468213695653
G06_R0486,G06,LOGO,holdout_G06,G06,250,20,0.001,0.8,0.3,0.3,4.0,178.461943,124.1396073460008
G06_R0487,G06,LOGO,holdout_G06,G06,250,20,0.001,0.75,0.1,0.3,4.0,75.897724,56.18040180945494
G06_R0488,G06,LOGO,holdout_G06,G06,250,20,0.001,0.75,0.2,0.3,4.0,114.592663,83.0248937711571
G06_R0489,G06,LOGO,holdout_G06,G06,250,20,0.001,0.75,0.3,0.3,4.0,180.571313,125.47815601446436
G06_R0490,G06,LOGO,holdout_G06,G06,250,20,0.001,0.7,0.1,0.3,4.0,76.46477200000001,56.48029415818677
G06_R0491,G06,LOGO,holdout_G06,G06,250,20,0.001,0.7,0.2,0.3,4.0,115.730741,83.6243535496133
G06_R0492,G06,LOGO,holdout_G06,G06,250,20,0.001,0.7,0.3,0.3,4.0,182.840719,126.91788057669108
G06_R0493,G06,LOGO,holdout_G06,G06,250,20,0.0001,0.85,0.1,0.3,4.0,92.225991,68.27463523392075
G06_R0494,G06,LOGO,holdout_G06,G06,250,20,0.0001,0.85,0.2,0.3,4.0,149.227238,107.64806995061618
G06_R0495,G06,LOGO,holdout_G06,G06,250,20,0.0001,0.85,0.3,0.3,4.0,254.60572,173.7763404840971
G06_R0496,G06,LOGO,holdout_G06,G06,250,20,0.0001,0.8,0.1,0.3,4.0,92.50451,68.44734215630717
G06_R0497,G06,LOGO,holdout_G06,G06,250,20,0.0001,0.8,0.2,0.3,4.0,149.908373,108.07841874892034
G06_R0498,G06,LOGO,holdout_G06,G06,250,20,0.0001,0.8,0.3,0.3,4.0,256.0972,174.6007854643268
G06_R0499,G06,LOGO,holdout_G06,G06,250,20,0.0001,0.75,0.1,0.3,4.0,92.803879,68.73395452603128
G06_R0500,G06,LOGO,holdout_G06,G06,250,20,0.0001,0.75,0.2,0.3,4.0,150.66955199999998,108.81146123168404
G06_R0501,G06,LOGO,holdout_G06,G06,250,20,0.0001,0.75,0.3,0.3,4.0,257.74966,176.19165709438312
G06_R0502,G06,LOGO,holdout_G06,G06,250,20,0.0001,0.7,0.1,0.3,4.0,93.131071,68.9258157158244
G06_R0503,G06,LOGO,holdout_G06,G06,250,20,0.0001,0.7,0.2,0.3,4.0,151.52076100000002,109.32987375030656
G06_R0504,G06,LOGO,holdout_G06,G06,250,20,0.0001,0.7,0.3,0.3,4.0,259.59322,177.2378403755295
G06_R0505,G06,LOGO,holdout_G06,G06,250,20,1e-05,0.85,0.1,0.3,4.0,121.77874,95.51461682498694
G06_R0506,G06,LOGO,holdout_G06,G06,250,20,1e-05,0.85,0.2,0.3,4.0,239.14262,192.47922220011384
G06_R0507,G06,LOGO,holdout_G06,G06,250,20,1e-05,0.85,0.3,0.3,4.0,444.00754,351.01501126965013
G06_R0508,G06,LOGO,holdout_G06,G06,250,20,1e-05,0.8,0.1,0.3,4.0,122.21817,95.81865027237964
G06_R0509,G06,LOGO,holdout_G06,G06,250,20,1e-05,0.8,0.2,0.3,4.0,240.492,193.44464593245945
G06_R0510,G06,LOGO,holdout_G06,G06,250,20,1e-05,0.8,0.3,0.3,4.0,446.75786,353.1411438683979
G06_R0511,G06,LOGO,holdout_G06,G06,250,20,1e-05,0.75,0.1,0.3,4.0,122.71755,96.3893682239947
G06_R0512,G06,LOGO,holdout_G06,G06,250,20,1e-05,0.75,0.2,0.3,4.0,242.06134,195.1665182176735
G06_R0513,G06,LOGO,holdout_G06,G06,250,20,1e-05,0.75,0.3,0.3,4.0,449.92835,356.3187174389225
G06_R0514,G06,LOGO,holdout_G06,G06,250,20,1e-05,0.7,0.1,0.3,4.0,123.29688,96.78475510064162
G06_R0515,G06,LOGO,holdout_G06,G06,250,20,1e-05,0.7,0.2,0.3,4.0,243.88065,196.53990183006903
G06_R0516,G06,LOGO,holdout_G06,G06,250,20,1e-05,0.7,0.3,0.3,4.0,453.61904,359.5178822788772
G06_R0517,G06,LOGO,holdout_G06,G06,250,20,1e-06,0.85,0.1,0.3,4.0,307.83613,280.34479681622673
G06_R0518,G06,LOGO,holdout_G06,G06,250,20,1e-06,0.85,0.2,0.3,4.0,916.98522,866.1077146951206
G06_R0519,G06,LOGO,holdout_G06,G06,250,20,1e-06,0.85,0.3,0.3,4.0,1922.9213,1825.5374539930976
G06_R0520,G06,LOGO,holdout_G06,G06,250,20,1e-06,0.8,0.1,0.3,4.0,309.08588,281.5691978639527
G06_R0521,G06,LOGO,holdout_G06,G06,250,20,1e-06,0.8,0.2,0.3,4.0,920.97492,869.8758192070522
G06_R0522,G06,LOGO,holdout_G06,G06,250,20,1e-06,0.8,0.3,0.3,4.0,1930.721,1833.3573395476888
G06_R0523,G06,LOGO,holdout_G06,G06,250,20,1e-06,0.75,0.1,0.3,4.0,310.53561,282.9891109840348
G06_R0524,G06,LOGO,holdout_G06,G06,250,20,1e-06,0.75,0.2,0.3,4.0,925.7746,874.6724351171554
G06_R0525,G06,LOGO,holdout_G06,G06,250,20,1e-06,0.75,0.3,0.3,4.0,1940.02067,1842.9098912382935
G06_R0526,G06,LOGO,holdout_G06,G06,250,20,1e-06,0.7,0.1,0.3,4.0,312.29532,284.7009036551263
G06_R0527,G06,LOGO,holdout_G06,G06,250,20,1e-06,0.7,0.2,0.3,4.0,931.59425,880.3972994676974
G06_R0528,G06,LOGO,holdout_G06,G06,250,20,1e-06,0.7,0.3,0.3,4.0,1951.12032,1853.9006741692976
G06_R0529,G06,LOGO,holdout_G06,G06,250,50,0.001,0.85,0.1,0.3,4.0,74.877079,55.49489070431555
G06_R0530,G06,LOGO,holdout_G06,G06,250,50,0.001,0.85,0.2,0.3,4.0,112.536238,81.7147103545006
G06_R0531,G06,LOGO,holdout_G06,G06,250,50,0.001,0.85,0.3,0.3,4.0,176.502599,122.91525835293564
G06_R0532,G06,LOGO,holdout_G06,G06,250,50,0.001,0.8,0.1,0.3,4.0,75.36948600000001,55.750244808190736
G06_R0533,G06,LOGO,holdout_G06,G06,250,50,0.001,0.8,0.2,0.3,4.0,113.534491,82.21295306978988
G06_R0534,G06,LOGO,holdout_G06,G06,250,50,0.001,0.8,0.3,0.3,4.0,178.461943,124.13552627204253
G06_R0535,G06,LOGO,holdout_G06,G06,250,50,0.001,0.75,0.1,0.3,4.0,75.897724,56.17960524351745
G06_R0536,G06,LOGO,holdout_G06,G06,250,50,0.001,0.75,0.2,0.3,4.0,114.592663,83.02712098310947
G06_R0537,G06,LOGO,holdout_G06,G06,250,50,0.001,0.75,0.3,0.3,4.0,180.571313,125.47955894887062
G06_R0538,G06,LOGO,holdout_G06,G06,250,50,0.001,0.7,0.1,0.3,4.0,76.46477200000001,56.47901603099928
G06_R0539,G06,LOGO,holdout_G06,G06,250,50,0.001,0.7,0.2,0.3,4.0,115.730741,83.62581229635731
G06_R0540,G06,LOGO,holdout_G06,G06,250,50,0.001,0.7,0.3,0.3,4.0,182.840719,126.91655971635778
G06_R0541,G06,LOGO,holdout_G06,G06,250,50,0.0001,0.85,0.1,0.3,4.0,92.225991,68.27415513767073
G06_R0542,G06,LOGO,holdout_G06,G06,250,50,0.0001,0.85,0.2,0.3,4.0,149.227237,107.65071510661625
G06_R0543,G06,LOGO,holdout_G06,G06,250,50,0.0001,0.85,0.3,0.3,4.0,254.60571,173.7733759713888
G06_R0544,G06,LOGO,holdout_G06,G06,250,50,0.0001,0.8,0.1,0.3,4.0,92.50451,68.44686206005717
G06_R0545,G06,LOGO,holdout_G06,G06,250,50,0.0001,0.8,0.2,0.3,4.0,149.918373,108.0822680592954
G06_R0546,G06,LOGO,holdout_G06,G06,250,50,0.0001,0.8,0.3,0.3,4.0,256.0972,174.59782095161847
G06_R0547,G06,LOGO,holdout_G06,G06,250,50,0.0001,0.75,0.1,0.3,4.0,92.803879,68.73404701382294
G06_R0548,G06,LOGO,holdout_G06,G06,250,50,0.0001,0.75,0.2,0.3,4.0,150.679551,108.8165542526632
G06_R0549,G06,LOGO,holdout_G06,G06,250,50,0.0001,0.75,0.3,0.3,4.0,257.74966,176.1899549462998
G06_R0550,G06,LOGO,holdout_G06,G06,250,50,0.0001,0.7,0.1,0.3,4.0,93.131071,68.92590820361606
G06_R0551,G06,LOGO,holdout_G06,G06,250,50,0.0001,0.7,0.2,0.3,4.0,151.52076000000002,109.33457994003568
G06_R0552,G06,LOGO,holdout_G06,G06,250,50,0.0001,0.7,0.3,0.3,4.0,259.59323,177.23745255140457
G06_R0553,G06,LOGO,holdout_G06,G06,250,50,1e-05,0.85,0.1,0.3,4.0,121.77874,95.51619801687234
G06_R0554,G06,LOGO,holdout_G06,G06,250,50,1e-05,0.85,0.2,0.3,4.0,239.14262,192.48406326490544
G06_R0555,G06,LOGO,holdout_G06,G06,250,50,1e-05,0.85,0.3,0.3,4.0,444.00753,351.02571720715014
G06_R0556,G06,LOGO,holdout_G06,G06,250,50,1e-05,0.8,0.1,0.3,4.0,122.21817,95.81990067614
G06_R0557,G06,LOGO,holdout_G06,G06,250,50,1e-05,0.8,0.2,0.3,4.0,240.502,193.4485304570427
G06_R0558,G06,LOGO,holdout_G06,G06,250,50,1e-05,0.8,0.3,0.3,4.0,446.75786,353.15159963923105
G06_R0559,G06,LOGO,holdout_G06,G06,250,50,1e-05,0.75,0.1,0.3,4.0,122.71755,96.38986677482806
G06_R0560,G06,LOGO,holdout_G06,G06,250,50,1e-05,0.75,0.2,0.3,4.0,242.06134,195.1765635054512
G06_R0561,G06,LOGO,holdout_G06,G06,250,50,1e-05,0.75,0.3,0.3,4.0,449.92834,356.3433579264223
G06_R0562,G06,LOGO,holdout_G06,G06,250,50,1e-05,0.7,0.1,0.3,4.0,123.29688,96.78525365147496
G06_R0563,G06,LOGO,holdout_G06,G06,250,50,1e-05,0.7,0.2,0.3,4.0,243.88065,196.5517761182634
G06_R0564,G06,LOGO,holdout_G06,G06,250,50,1e-05,0.7,0.3,0.3,4.0,453.62904,359.5272700892937
G06_R0565,G06,LOGO,holdout_G06,G06,250,50,1e-06,0.85,0.1,0.3,4.0,307.83613,280.34799258297664
G06_R0566,G06,LOGO,holdout_G06,G06,250,50,1e-06,0.85,0.2,0.3,4.0,916.98522,866.0959358137517
G06_R0567,G06,LOGO,holdout_G06,G06,250,50,1e-06,0.85,0.3,0.3,4.0,1922.9213,1825.542183561015
G06_R0568,G06,LOGO,holdout_G06,G06,250,50,1e-06,0.8,0.1,0.3,4.0,309.08588,281.5665970339527
G06_R0569,G06,LOGO,holdout_G06,G06,250,50,1e-06,0.8,0.2,0.3,4.0,920.97492,869.8686745456839
G06_R0570,G06,LOGO,holdout_G06,G06,250,50,1e-06,0.8,0.3,0.3,4.0,1930.72099,1833.369079720606
G06_R0571,G06,LOGO,holdout_G06,G06,250,50,1e-06,0.75,0.1,0.3,4.0,310.53561,282.9917789500763
G06_R0572,G06,LOGO,holdout_G06,G06,250,50,1e-06,0.75,0.2,0.3,4.0,925.7746,874.6684861429891
G06_R0573,G06,LOGO,holdout_G06,G06,250,50,1e-06,0.75,0.3,0.3,4.0,1940.02067,1842.9264828997816
G06_R0574,G06,LOGO,holdout_G06,G06,250,50,1e-06,0.7,0.1,0.3,4.0,312.29532,284.7018450919595
G06_R0575,G06,LOGO,holdout_G06,G06,250,50,1e-06,0.7,0.2,0.3,4.0,931.59425,880.3969965426976
G06_R0576,G06,LOGO,holdout_G06,G06,250,50,1e-06,0.7,0.3,0.3,4.0,1951.22031,1853.93724357659
G06_R0577,G06,LOGO,holdout_G06,G06,500,3,0.001,0.85,0.1,0.3,4.0,201.475135,142.2513516413499
G06_R0578,G06,LOGO,holdout_G06,G06,500,3,0.001,0.85,0.2,0.3,4.0,300.34013000000004,210.2573653227249
G06_R0579,G06,LOGO,holdout_G06,G06,500,3,0.001,0.85,0.3,0.3,4.0,468.33554,317.0825707944305
G06_R0580,G06,LOGO,holdout_G06,G06,500,3,0.001,0.8,0.1,0.3,4.0,202.95989,142.99470557047837
G06_R0581,G06,LOGO,holdout_G06,G06,500,3,0.001,0.8,0.2,0.3,4.0,303.21632,211.9206404572862
G06_R0582,G06,LOGO,holdout_G06,G06,500,3,0.001,0.8,0.3,0.3,4.0,473.7943800000001,320.64102785375087
G06_R0583,G06,LOGO,holdout_G06,G06,500,3,0.001,0.75,0.1,0.3,4.0,204.524398,144.26426729112166
G06_R0584,G06,LOGO,holdout_G06,G06,500,3,0.001,0.75,0.2,0.3,4.0,306.31202,214.09553724448705
G06_R0585,G06,LOGO,holdout_G06,G06,500,3,0.001,0.75,0.3,0.3,4.0,479.65333,324.5193608828833
G06_R0586,G06,LOGO,holdout_G06,G06,500,3,0.001,0.7,0.1,0.3,4.0,206.208635,145.07793836797765
G06_R0587,G06,LOGO,holdout_G06,G06,500,3,0.001,0.7,0.2,0.3,4.0,309.65751,216.14793329302108
G06_R0588,G06,LOGO,holdout_G06,G06,500,3,0.001,0.7,0.3,0.3,4.0,485.9724,328.7113681948821
G06_R0589,G06,LOGO,holdout_G06,G06,500,3,0.0001,0.85,0.1,0.3,4.0,243.081525,172.53035579587336
G06_R0590,G06,LOGO,holdout_G06,G06,500,3,0.0001,0.85,0.2,0.3,4.0,394.36314,275.3421358714129
G06_R0591,G06,LOGO,holdout_G06,G06,500,3,0.0001,0.85,0.3,0.3,4.0,669.83808,445.9994183053257
G06_R0592,G06,LOGO,holdout_G06,G06,500,3,0.0001,0.8,0.1,0.3,4.0,243.958356,173.0691165952491
G06_R0593,G06,LOGO,holdout_G06,G06,500,3,0.0001,0.8,0.2,0.3,4.0,396.64047,276.75680788104853
G06_R0594,G06,LOGO,holdout_G06,G06,500,3,0.0001,0.8,0.3,0.3,4.0,674.85419,448.930813995389
G06_R0595,G06,LOGO,holdout_G06,G06,500,3,0.0001,0.75,0.1,0.3,4.0,244.904882,173.99917771772354
G06_R0596,G06,LOGO,holdout_G06,G06,500,3,0.0001,0.75,0.2,0.3,4.0,399.17841,279.3341348908747
G06_R0597,G06,LOGO,holdout_G06,G06,500,3,0.0001,0.75,0.3,0.3,4.0,680.44429,454.263018419877
G06_R0598,G06,LOGO,holdout_G06,G06,500,3,0.0001,0.7,0.1,0.3,4.0,245.941056,174.61240321970757
G06_R0599,G06,LOGO,holdout_G06,G06,500,3,0.0001,0.7,0.2,0.3,4.0,402.03711,281.0356878268499
G06_R0600,G06,LOGO,holdout_G06,G06,500,3,0.0001,0.7,0.3,0.3,4.0,686.7296,458.0069836217568
G06_R0601,G06,LOGO,holdout_G06,G06,500,3,1e-05,0.85,0.1,0.3,4.0,313.3953,236.146696994337
G06_R0602,G06,LOGO,holdout_G06,G06,500,3,1e-05,0.85,0.2,0.3,4.0,603.35526,468.4760948317193
G06_R0603,G06,LOGO,holdout_G06,G06,500,3,1e-05,0.85,0.3,0.3,4.0,1108.7035199999998,843.9297240487663
G06_R0604,G06,LOGO,holdout_G06,G06,500,3,1e-05,0.8,0.1,0.3,4.0,314.75423,237.25201285177704
G06_R0605,G06,LOGO,holdout_G06,G06,500,3,1e-05,0.8,0.2,0.3,4.0,607.89531,471.98822301358575
G06_R0606,G06,LOGO,holdout_G06,G06,500,3,1e-05,0.8,0.3,0.3,4.0,1118.31249,851.5186973627642
G06_R0607,G06,LOGO,holdout_G06,G06,500,3,1e-05,0.75,0.1,0.3,4.0,316.30308,239.06436467078217
G06_R0608,G06,LOGO,holdout_G06,G06,500,3,1e-05,0.75,0.2,0.3,4.0,613.0855200000001,477.7260957744952
G06_R0609,G06,LOGO,holdout_G06,G06,500,3,1e-05,0.75,0.3,0.3,4.0,1129.22326,862.678631048499
G06_R0610,G06,LOGO,holdout_G06,G06,500,3,1e-05,0.7,0.1,0.3,4.0,318.09183,240.32967506011877
G06_R0611,G06,LOGO,holdout_G06,G06,500,3,1e-05,0.7,0.2,0.3,4.0,619.04597,482.38113982684047
G06_R0612,G06,LOGO,holdout_G06,G06,500,3,1e-05,0.7,0.3,0.3,4.0,1141.83627,873.5024431481606
G06_R0613,G06,LOGO,holdout_G06,G06,500,3,1e-06,0.85,0.1,0.3,4.0,704.06335,623.609360777662
G06_R0614,G06,LOGO,holdout_G06,G06,500,3,1e-06,0.85,0.2,0.3,4.0,2016.1317,1871.774502000603
G06_R0615,G06,LOGO,holdout_G06,G06,500,3,1e-06,0.85,0.3,0.3,4.0,4178.01409,3903.556510140172
G06_R0616,G06,LOGO,holdout_G06,G06,500,3,1e-06,0.8,0.1,0.3,4.0,708.42279,627.9440115546763
G06_R0617,G06,LOGO,holdout_G06,G06,500,3,1e-06,0.8,0.2,0.3,4.0,2030.03106,1885.9710730709469
G06_R0618,G06,LOGO,holdout_G06,G06,500,3,1e-06,0.8,0.3,0.3,4.0,4206.213565999999,3932.612019645073
G06_R0619,G06,LOGO,holdout_G06,G06,500,3,1e-06,0.75,0.1,0.3,4.0,713.28219,633.0091484386099
G06_R0620,G06,LOGO,holdout_G06,G06,500,3,1e-06,0.75,0.2,0.3,4.0,2045.93037,1902.300895485552
G06_R0621,G06,LOGO,holdout_G06,G06,500,3,1e-06,0.75,0.3,0.3,4.0,4239.013017,3965.642803396304
G06_R0622,G06,LOGO,holdout_G06,G06,500,3,1e-06,0.7,0.1,0.3,4.0,718.74155,638.4999787729057
G06_R0623,G06,LOGO,holdout_G06,G06,500,3,1e-06,0.7,0.2,0.3,4.0,2064.6296300000004,1920.437857669197
G06_R0624,G06,LOGO,holdout_G06,G06,500,3,1e-06,0.7,0.3,0.3,4.0,4277.312447,4003.536221540529
G06_R0625,G06,LOGO,holdout_G06,G06,500,6,0.001,0.85,0.1,0.3,4.0,201.475135,142.25344461264157
G06_R0626,G06,LOGO,holdout_G06,G06,500,6,0.001,0.85,0.2,0.3,4.0,300.34013000000004,210.26477478488465
G06_R0627,G06,LOGO,holdout_G06,G06,500,6,0.001,0.85,0.3,0.3,4.0,468.33554,317.08347300859725
G06_R0628,G06,LOGO,holdout_G06,G06,500,6,0.001,0.8,0.1,0.3,4.0,202.95989,142.99679854177003
G06_R0629,G06,LOGO,holdout_G06,G06,500,6,0.001,0.8,0.2,0.3,4.0,303.21632,211.9172716355392
G06_R0630,G06,LOGO,holdout_G06,G06,500,6,0.001,0.8,0.3,0.3,4.0,473.7943800000001,320.6402817912509
G06_R0631,G06,LOGO,holdout_G06,G06,500,6,0.001,0.75,0.1,0.3,4.0,204.524398,144.2620159112675
G06_R0632,G06,LOGO,holdout_G06,G06,500,6,0.001,0.75,0.2,0.3,4.0,306.31202,214.09399855899295
G06_R0633,G06,LOGO,holdout_G06,G06,500,6,0.001,0.75,0.3,0.3,4.0,479.65333,324.5163037391332
G06_R0634,G06,LOGO,holdout_G06,G06,500,6,0.001,0.7,0.1,0.3,4.0,206.208635,145.0756869881235
G06_R0635,G06,LOGO,holdout_G06,G06,500,6,0.001,0.7,0.2,0.3,4.0,309.65751,216.159430924152
G06_R0636,G06,LOGO,holdout_G06,G06,500,6,0.001,0.7,0.3,0.3,4.0,485.9724,328.70279789779886
G06_R0637,G06,LOGO,holdout_G06,G06,500,6,0.0001,0.85,0.1,0.3,4.0,243.081525,172.52867084270673
G06_R0638,G06,LOGO,holdout_G06,G06,500,6,0.0001,0.85,0.2,0.3,4.0,394.36314,275.33861814039204
G06_R0639,G06,LOGO,holdout_G06,G06,500,6,0.0001,0.85,0.3,0.3,4.0,669.83808,446.0087988821589
G06_R0640,G06,LOGO,holdout_G06,G06,500,6,0.0001,0.8,0.1,0.3,4.0,243.958356,173.06743164208248
G06_R0641,G06,LOGO,holdout_G06,G06,500,6,0.0001,0.8,0.2,0.3,4.0,396.64047,276.7518298606527
G06_R0642,G06,LOGO,holdout_G06,G06,500,6,0.0001,0.8,0.3,0.3,4.0,674.85419,448.9401945722223
G06_R0643,G06,LOGO,holdout_G06,G06,500,6,0.0001,0.75,0.1,0.3,4.0,244.904882,173.99920230105684
G06_R0644,G06,LOGO,holdout_G06,G06,500,6,0.0001,0.75,0.2,0.3,4.0,399.17841,279.33380215156217
G06_R0645,G06,LOGO,holdout_G06,G06,500,6,0.0001,0.75,0.3,0.3,4.0,680.44429,454.2729429253977
G06_R0646,G06,LOGO,holdout_G06,G06,500,6,0.0001,0.7,0.1,0.3,4.0,245.941056,174.61242780304084
G06_R0647,G06,LOGO,holdout_G06,G06,500,6,0.0001,0.7,0.2,0.3,4.0,402.03711,281.03535508753737
G06_R0648,G06,LOGO,holdout_G06,G06,500,6,0.0001,0.7,0.3,0.3,4.0,686.7296,458.0169081272775
G06_R0649,G06,LOGO,holdout_G06,G06,500,6,1e-05,0.85,0.1,0.3,4.0,313.3953,236.1478170301704
G06_R0650,G06,LOGO,holdout_G06,G06,500,6,1e-05,0.85,0.2,0.3,4.0,603.35526,468.47582793082256
G06_R0651,G06,LOGO,holdout_G06,G06,500,6,1e-05,0.85,0.3,0.3,4.0,1108.7035199999998,843.9350602335577
G06_R0652,G06,LOGO,holdout_G06,G06,500,6,1e-05,0.8,0.1,0.3,4.0,314.75423,237.25313288761043
G06_R0653,G06,LOGO,holdout_G06,G06,500,6,1e-05,0.8,0.2,0.3,4.0,607.89531,471.9980552168556
G06_R0654,G06,LOGO,holdout_G06,G06,500,6,1e-05,0.8,0.3,0.3,4.0,1118.31249,851.5215083083891
G06_R0655,G06,LOGO,holdout_G06,G06,500,6,1e-05,0.75,0.1,0.3,4.0,316.30308,239.0642660614072
G06_R0656,G06,LOGO,holdout_G06,G06,500,6,1e-05,0.75,0.2,0.3,4.0,613.0855200000001,477.701255663122
G06_R0657,G06,LOGO,holdout_G06,G06,500,6,1e-05,0.75,0.3,0.3,4.0,1129.22326,862.6461501343325
G06_R0658,G06,LOGO,holdout_G06,G06,500,6,1e-05,0.7,0.1,0.3,4.0,318.09183,240.33031018511875
G06_R0659,G06,LOGO,holdout_G06,G06,500,6,1e-05,0.7,0.2,0.3,4.0,619.04597,482.3724240699653
G06_R0660,G06,LOGO,holdout_G06,G06,500,6,1e-05,0.7,0.3,0.3,4.0,1141.83627,873.5066665314048
G06_R0661,G06,LOGO,holdout_G06,G06,500,6,1e-06,0.85,0.1,0.3,4.0,704.06335,623.6088537910549
G06_R0662,G06,LOGO,holdout_G06,G06,500,6,1e-06,0.85,0.2,0.3,4.0,2016.1317,1871.790141299026
G06_R0663,G06,LOGO,holdout_G06,G06,500,6,1e-06,0.85,0.3,0.3,4.0,4178.01409,3903.556363751928
G06_R0664,G06,LOGO,holdout_G06,G06,500,6,1e-06,0.8,0.1,0.3,4.0,708.42279,627.942612069557
G06_R0665,G06,LOGO,holdout_G06,G06,500,6,1e-06,0.8,0.2,0.3,4.0,2030.03106,1885.9471786604408
G06_R0666,G06,LOGO,holdout_G06,G06,500,6,1e-06,0.8,0.3,0.3,4.0,4206.213565999999,3932.624086130578
G06_R0667,G06,LOGO,holdout_G06,G06,500,6,1e-06,0.75,0.1,0.3,4.0,713.28219,633.0168065740268
G06_R0668,G06,LOGO,holdout_G06,G06,500,6,1e-06,0.75,0.2,0.3,4.0,2045.93037,1902.3615593740944
G06_R0669,G06,LOGO,holdout_G06,G06,500,6,1e-06,0.75,0.3,0.3,4.0,4239.013017,3965.7466293579705
G06_R0670,G06,LOGO,holdout_G06,G06,500,6,1e-06,0.7,0.1,0.3,4.0,718.74155,638.4964281416559
G06_R0671,G06,LOGO,holdout_G06,G06,500,6,1e-06,0.7,0.2,0.3,4.0,2064.6296300000004,1920.353396444197
G06_R0672,G06,LOGO,holdout_G06,G06,500,6,1e-06,0.7,0.3,0.3,4.0,4277.312447,4003.581594813654
G06_R0673,G06,LOGO,holdout_G06,G06,500,20,0.001,0.85,0.1,0.3,4.0,201.475135,142.25061187556628
G06_R0674,G06,LOGO,holdout_G06,G06,500,20,0.001,0.85,0.2,0.3,4.0,300.34013000000004,210.2619750443159
G06_R0675,G06,LOGO,holdout_G06,G06,500,20,0.001,0.85,0.3,0.3,4.0,468.33554,317.0894167165736
G06_R0676,G06,LOGO,holdout_G06,G06,500,20,0.001,0.8,0.1,0.3,4.0,202.95989,142.9942662687155
G06_R0677,G06,LOGO,holdout_G06,G06,500,20,0.001,0.8,0.2,0.3,4.0,303.21632,211.9101948990053
G06_R0678,G06,LOGO,holdout_G06,G06,500,20,0.001,0.8,0.3,0.3,4.0,473.7943800000001,320.64332045440574
G06_R0679,G06,LOGO,holdout_G06,G06,500,20,0.001,0.75,0.1,0.3,4.0,204.524398,144.25605515466827
G06_R0680,G06,LOGO,holdout_G06,G06,500,20,0.001,0.75,0.2,0.3,4.0,306.31202,214.08408930272225
G06_R0681,G06,LOGO,holdout_G06,G06,500,20,0.001,0.75,0.3,0.3,4.0,479.65333,324.52165862752605
G06_R0682,G06,LOGO,holdout_G06,G06,500,20,0.001,0.7,0.1,0.3,4.0,206.208635,145.06833416724447
G06_R0683,G06,LOGO,holdout_G06,G06,500,20,0.001,0.7,0.2,0.3,4.0,309.65751,216.17924623552096
G06_R0684,G06,LOGO,holdout_G06,G06,500,20,0.001,0.7,0.3,0.3,4.0,485.9724,328.6972380512512
G06_R0685,G06,LOGO,holdout_G06,G06,500,20,0.0001,0.85,0.1,0.3,4.0,243.081525,172.52453108708167
G06_R0686,G06,LOGO,holdout_G06,G06,500,20,0.0001,0.85,0.2,0.3,4.0,394.36314,275.3306496144363
G06_R0687,G06,LOGO,holdout_G06,G06,500,20,0.0001,0.85,0.3,0.3,4.0,669.83808,446.0202026641825
G06_R0688,G06,LOGO,holdout_G06,G06,500,20,0.0001,0.8,0.1,0.3,4.0,243.958356,173.06382101770745
G06_R0689,G06,LOGO,holdout_G06,G06,500,20,0.0001,0.8,0.2,0.3,4.0,396.64047,276.7464006343017
G06_R0690,G06,LOGO,holdout_G06,G06,500,20,0.0001,0.8,0.3,0.3,4.0,674.85418,448.9405786972459
G06_R0691,G06,LOGO,holdout_G06,G06,500,20,0.0001,0.75,0.1,0.3,4.0,244.904882,173.99331920552112
G06_R0692,G06,LOGO,holdout_G06,G06,500,20,0.0001,0.75,0.2,0.3,4.0,399.17841,279.35205430373134
G06_R0693,G06,LOGO,holdout_G06,G06,500,20,0.0001,0.75,0.3,0.3,4.0,680.44429,454.2613553693402
G06_R0694,G06,LOGO,holdout_G06,G06,500,20,0.0001,0.7,0.1,0.3,4.0,245.941056,174.6072997670288
G06_R0695,G06,LOGO,holdout_G06,G06,500,20,0.0001,0.7,0.2,0.3,4.0,402.03711,281.05416604142425
G06_R0696,G06,LOGO,holdout_G06,G06,500,20,0.0001,0.7,0.3,0.3,4.0,686.7296,458.00105146059497
G06_R0697,G06,LOGO,holdout_G06,G06,500,20,1e-05,0.85,0.1,0.3,4.0,313.4253,236.1377124871342
G06_R0698,G06,LOGO,holdout_G06,G06,500,20,1e-05,0.85,0.2,0.3,4.0,603.35526,468.4847051484877
G06_R0699,G06,LOGO,holdout_G06,G06,500,20,1e-05,0.85,0.3,0.3,4.0,1108.80373,843.9125825391835
G06_R0700,G06,LOGO,holdout_G06,G06,500,20,1e-05,0.8,0.1,0.3,4.0,314.79423,237.24522723326467
G06_R0701,G06,LOGO,holdout_G06,G06,500,20,1e-05,0.8,0.2,0.3,4.0,607.89531,472.0009497601165
G06_R0702,G06,LOGO,holdout_G06,G06,500,20,1e-05,0.8,0.3,0.3,4.0,1118.3127100000002,851.477904314011
G06_R0703,G06,LOGO,holdout_G06,G06,500,20,1e-05,0.75,0.1,0.3,4.0,316.34308000000004,239.06663438343188
G06_R0704,G06,LOGO,holdout_G06,G06,500,20,1e-05,0.75,0.2,0.3,4.0,613.0855200000001,477.7190568390736
G06_R0705,G06,LOGO,holdout_G06,G06,500,20,1e-05,0.75,0.3,0.3,4.0,1129.22349,862.5701560057905
G06_R0706,G06,LOGO,holdout_G06,G06,500,20,1e-05,0.7,0.1,0.3,4.0,318.13183,240.3326068404763
G06_R0707,G06,LOGO,holdout_G06,G06,500,20,1e-05,0.7,0.2,0.3,4.0,619.04597,482.4118434311853
G06_R0708,G06,LOGO,holdout_G06,G06,500,20,1e-05,0.7,0.3,0.3,4.0,1141.93651,873.4202015651255
G06_R0709,G06,LOGO,holdout_G06,G06,500,20,1e-06,0.85,0.1,0.3,4.0,704.08335,623.6145250124835
G06_R0710,G06,LOGO,holdout_G06,G06,500,20,1e-06,0.85,0.2,0.3,4.0,2016.1317,1871.681200049364
G06_R0711,G06,LOGO,holdout_G06,G06,500,20,1e-06,0.85,0.3,0.3,4.0,4178.114287,3903.6908101256768
G06_R0712,G06,LOGO,holdout_G06,G06,500,20,1e-06,0.8,0.1,0.3,4.0,708.43279,627.9458791543785
G06_R0713,G06,LOGO,holdout_G06,G06,500,20,1e-06,0.8,0.2,0.3,4.0,2030.03106,1885.952458229052
G06_R0714,G06,LOGO,holdout_G06,G06,500,20,1e-06,0.8,0.3,0.3,4.0,4206.313764,3932.615626883644
G06_R0715,G06,LOGO,holdout_G06,G06,500,20,1e-06,0.75,0.1,0.3,4.0,713.30219,633.0088199048599
G06_R0716,G06,LOGO,holdout_G06,G06,500,20,1e-06,0.75,0.2,0.3,4.0,2045.93037,1902.3446689911332
G06_R0717,G06,LOGO,holdout_G06,G06,500,20,1e-06,0.75,0.3,0.3,4.0,4239.013215,3965.7068245383866
G06_R0718,G06,LOGO,holdout_G06,G06,500,20,1e-06,0.7,0.1,0.3,4.0,718.76155,638.4823702058228
G06_R0719,G06,LOGO,holdout_G06,G06,500,20,1e-06,0.7,0.2,0.3,4.0,2064.6296300000004,1920.4698762950277
G06_R0720,G06,LOGO,holdout_G06,G06,500,20,1e-06,0.7,0.3,0.3,4.0,4277.312647,4003.581715807523
G06_R0721,G06,LOGO,holdout_G06,G06,500,50,0.001,0.85,0.1,0.3,4.0,201.485143,142.2460244025484
G06_R0722,G06,LOGO,holdout_G06,G06,500,50,0.001,0.85,0.2,0.3,4.0,300.34013000000004,210.25960958431597
G06_R0723,G06,LOGO,holdout_G06,G06,500,50,0.001,0.85,0.3,0.3,4.0,468.33554,317.0884901182402
G06_R0724,G06,LOGO,holdout_G06,G06,500,50,0.001,0.8,0.1,0.3,4.0,202.959901,142.9896787956977
G06_R0725,G06,LOGO,holdout_G06,G06,500,50,0.001,0.8,0.2,0.3,4.0,303.21631,211.8958402694697
G06_R0726,G06,LOGO,holdout_G06,G06,500,50,0.001,0.8,0.3,0.3,4.0,473.7943800000001,320.64346753529856
G06_R0727,G06,LOGO,holdout_G06,G06,500,50,0.001,0.75,0.1,0.3,4.0,204.534408,144.25504631189742
G06_R0728,G06,LOGO,holdout_G06,G06,500,50,0.001,0.75,0.2,0.3,4.0,306.32201000000003,214.09277740643057
G06_R0729,G06,LOGO,holdout_G06,G06,500,50,0.001,0.75,0.3,0.3,4.0,479.65333,324.5233183150262
G06_R0730,G06,LOGO,holdout_G06,G06,500,50,0.001,0.7,0.1,0.3,4.0,206.208645,145.0685878413486
G06_R0731,G06,LOGO,holdout_G06,G06,500,50,0.001,0.7,0.2,0.3,4.0,309.6675,216.18225306218764
G06_R0732,G06,LOGO,holdout_G06,G06,500,50,0.001,0.7,0.3,0.3,4.0,485.9724,328.70071683791787
G06_R0733,G06,LOGO,holdout_G06,G06,500,50,0.0001,0.85,0.1,0.3,4.0,243.081525,172.5241534251649
G06_R0734,G06,LOGO,holdout_G06,G06,500,50,0.0001,0.85,0.2,0.3,4.0,394.37313,275.3348635678113
G06_R0735,G06,LOGO,holdout_G06,G06,500,50,0.0001,0.85,0.3,0.3,4.0,669.83808,446.0027688128911
G06_R0736,G06,LOGO,holdout_G06,G06,500,50,0.0001,0.8,0.1,0.3,4.0,243.958356,173.06344335579067
G06_R0737,G06,LOGO,holdout_G06,G06,500,50,0.0001,0.8,0.2,0.3,4.0,396.65046,276.7506145876767
G06_R0738,G06,LOGO,holdout_G06,G06,500,50,0.0001,0.8,0.3,0.3,4.0,674.85418,448.9231448459544
G06_R0739,G06,LOGO,holdout_G06,G06,500,50,0.0001,0.75,0.1,0.3,4.0,244.904882,173.99206041343777
G06_R0740,G06,LOGO,holdout_G06,G06,500,50,0.0001,0.75,0.2,0.3,4.0,399.1884,279.36114210179386
G06_R0741,G06,LOGO,holdout_G06,G06,500,50,0.0001,0.75,0.3,0.3,4.0,680.44429,454.2745196240904
G06_R0742,G06,LOGO,holdout_G06,G06,500,50,0.0001,0.7,0.1,0.3,4.0,245.941056,174.60604097494542
G06_R0743,G06,LOGO,holdout_G06,G06,500,50,0.0001,0.7,0.2,0.3,4.0,402.0471,281.0632538394868
G06_R0744,G06,LOGO,holdout_G06,G06,500,50,0.0001,0.7,0.3,0.3,4.0,686.7296,458.02445239992846
G06_R0745,G06,LOGO,holdout_G06,G06,500,50,1e-05,0.85,0.1,0.3,4.0,313.4253,236.1423232447234
G06_R0746,G06,LOGO,holdout_G06,G06,500,50,1e-05,0.85,0.2,0.3,4.0,603.35526,468.4439398726546
G06_R0747,G06,LOGO,holdout_G06,G06,500,50,1e-05,0.85,0.3,0.3,4.0,1108.7035199999998,843.9858360545855
G06_R0748,G06,LOGO,holdout_G06,G06,500,50,1e-05,0.8,0.1,0.3,4.0,314.79423,237.24895753460396
G06_R0749,G06,LOGO,holdout_G06,G06,500,50,1e-05,0.8,0.2,0.3,4.0,607.89531,471.96386587595015
G06_R0750,G06,LOGO,holdout_G06,G06,500,50,1e-05,0.8,0.3,0.3,4.0,1118.31249,851.5783611014069
G06_R0751,G06,LOGO,holdout_G06,G06,500,50,1e-05,0.75,0.1,0.3,4.0,316.34308000000004,239.0645537730153
G06_R0752,G06,LOGO,holdout_G06,G06,500,50,1e-05,0.75,0.2,0.3,4.0,613.0855200000001,477.6886923919904
G06_R0753,G06,LOGO,holdout_G06,G06,500,50,1e-05,0.75,0.3,0.3,4.0,1129.22326,862.6616270090344
G06_R0754,G06,LOGO,holdout_G06,G06,500,50,1e-05,0.7,0.1,0.3,4.0,318.13183,240.3305262300597
G06_R0755,G06,LOGO,holdout_G06,G06,500,50,1e-05,0.7,0.2,0.3,4.0,619.04597,482.37681988118527
G06_R0756,G06,LOGO,holdout_G06,G06,500,50,1e-05,0.7,0.3,0.3,4.0,1141.83627,873.4465560984587
G06_R0757,G06,LOGO,holdout_G06,G06,500,50,1e-06,0.85,0.1,0.3,4.0,704.06335,623.6002089062331
G06_R0758,G06,LOGO,holdout_G06,G06,500,50,1e-06,0.85,0.2,0.3,4.0,2016.13166,1871.68778607228
G06_R0759,G06,LOGO,holdout_G06,G06,500,50,1e-06,0.85,0.3,0.3,4.0,4178.114287,3903.698364955229
G06_R0760,G06,LOGO,holdout_G06,G06,500,50,1e-06,0.8,0.1,0.3,4.0,708.42279,627.9263670335451
G06_R0761,G06,LOGO,holdout_G06,G06,500,50,1e-06,0.8,0.2,0.3,4.0,2030.03102,1885.908461087088
G06_R0762,G06,LOGO,holdout_G06,G06,500,50,1e-06,0.8,0.3,0.3,4.0,4206.313764,3932.583076992185
G06_R0763,G06,LOGO,holdout_G06,G06,500,50,1e-06,0.75,0.1,0.3,4.0,713.28219,632.9949865904849
G06_R0764,G06,LOGO,holdout_G06,G06,500,50,1e-06,0.75,0.2,0.3,4.0,2045.93033,1902.3488783221744
G06_R0765,G06,LOGO,holdout_G06,G06,500,50,1e-06,0.75,0.3,0.3,4.0,4239.013215,3965.588321056928
G06_R0766,G06,LOGO,holdout_G06,G06,500,50,1e-06,0.7,0.1,0.3,4.0,718.74155,638.4766734291561
G06_R0767,G06,LOGO,holdout_G06,G06,500,50,1e-06,0.7,0.2,0.3,4.0,2064.6295800000003,1920.501334105027
G06_R0768,G06,LOGO,holdout_G06,G06,500,50,1e-06,0.7,0.3,0.3,4.0,4277.312646,4003.511260845232
