case_uid,geometry_id,protocol,fold_name,heldout_geometry,Re,Pr,Da,epsi,Hp_mm,a_mm,Lw_mm,true_value,pred_value
G01_R0001,G01,LOGO,holdout_G01,G01,25,3,0.001,0.85,0.1,0.0,0.0,6.7058,6.647003647893776
G01_R0002,G01,LOGO,holdout_G01,G01,25,3,0.001,0.85,0.2,0.0,0.0,7.2261,7.171100815106427
G01_R0003,G01,LOGO,holdout_G01,G01,25,3,0.001,0.85,0.3,0.0,0.0,7.8352,7.776402213690484
G01_R0004,G01,LOGO,holdout_G01,G01,25,3,0.001,0.8,0.1,0.0,0.0,6.7107,6.648030129639804
G01_R0005,G01,LOGO,holdout_G01,G01,25,3,0.001,0.8,0.2,0.0,0.0,7.233,7.172679881475473
G01_R0006,G01,LOGO,holdout_G01,G01,25,3,0.001,0.8,0.3,0.0,0.0,7.8432,7.780639510267869
G01_R0007,G01,LOGO,holdout_G01,G01,25,3,0.001,0.75,0.1,0.0,0.0,6.7158,6.650968624580279
G01_R0008,G01,LOGO,holdout_G01,G01,25,3,0.001,0.75,0.2,0.0,0.0,7.2402,7.176353929392133
G01_R0009,G01,LOGO,holdout_G01,G01,25,3,0.001,0.75,0.3,0.0,0.0,7.8515,7.789027079712291
G01_R0010,G01,LOGO,holdout_G01,G01,25,3,0.001,0.7,0.1,0.0,0.0,6.7212,6.652068760443373
G01_R0011,G01,LOGO,holdout_G01,G01,25,3,0.001,0.7,0.2,0.0,0.0,7.2478,7.177567986584594
G01_R0012,G01,LOGO,holdout_G01,G01,25,3,0.001,0.7,0.3,0.0,0.0,7.8605,7.793126902976179
G01_R0013,G01,LOGO,holdout_G01,G01,25,3,0.0001,0.85,0.1,0.0,0.0,7.0146,6.954568669047637
G01_R0014,G01,LOGO,holdout_G01,G01,25,3,0.0001,0.85,0.2,0.0,0.0,7.6278,7.575560925459946
G01_R0015,G01,LOGO,holdout_G01,G01,25,3,0.0001,0.85,0.3,0.0,0.0,8.4242,8.385435157097756
G01_R0016,G01,LOGO,holdout_G01,G01,25,3,0.0001,0.8,0.1,0.0,0.0,7.0175,6.954775546130974
G01_R0017,G01,LOGO,holdout_G01,G01,25,3,0.0001,0.8,0.2,0.0,0.0,7.6314,7.576079716432172
G01_R0018,G01,LOGO,holdout_G01,G01,25,3,0.0001,0.8,0.3,0.0,0.0,8.4287,8.3859254359668
G01_R0019,G01,LOGO,holdout_G01,G01,25,3,0.0001,0.75,0.1,0.0,0.0,7.0204,6.956019694394858
G01_R0020,G01,LOGO,holdout_G01,G01,25,3,0.0001,0.75,0.2,0.0,0.0,7.6351,7.57843110080717
G01_R0021,G01,LOGO,holdout_G01,G01,25,3,0.0001,0.75,0.3,0.0,0.0,8.4333,8.38832791736563
G01_R0022,G01,LOGO,holdout_G01,G01,25,3,0.0001,0.7,0.1,0.0,0.0,7.0235,6.956386589930573
G01_R0023,G01,LOGO,holdout_G01,G01,25,3,0.0001,0.7,0.2,0.0,0.0,7.6389,7.579177365985742
G01_R0024,G01,LOGO,holdout_G01,G01,25,3,0.0001,0.7,0.3,0.0,0.0,8.4382,8.38942283745492
G01_R0025,G01,LOGO,holdout_G01,G01,25,3,1e-05,0.85,0.1,0.0,0.0,7.0987,7.038185535822498
G01_R0026,G01,LOGO,holdout_G01,G01,25,3,1e-05,0.85,0.2,0.0,0.0,7.7415,7.68869687132938
G01_R0027,G01,LOGO,holdout_G01,G01,25,3,1e-05,0.85,0.3,0.0,0.0,8.5874,8.548579469841261
G01_R0028,G01,LOGO,holdout_G01,G01,25,3,1e-05,0.8,0.1,0.0,0.0,7.0997,7.0381124495129725
G01_R0029,G01,LOGO,holdout_G01,G01,25,3,1e-05,0.8,0.2,0.0,0.0,7.7428,7.6888636157242205
G01_R0030,G01,LOGO,holdout_G01,G01,25,3,1e-05,0.8,0.3,0.0,0.0,8.589,8.548627260466262
G01_R0031,G01,LOGO,holdout_G01,G01,25,3,1e-05,0.75,0.1,0.0,0.0,7.1008,7.038627891477275
G01_R0032,G01,LOGO,holdout_G01,G01,25,3,1e-05,0.75,0.2,0.0,0.0,7.7441,7.68972938710319
G01_R0033,G01,LOGO,holdout_G01,G01,25,3,1e-05,0.75,0.3,0.0,0.0,8.5907,8.549297536755953
G01_R0034,G01,LOGO,holdout_G01,G01,25,3,1e-05,0.7,0.1,0.0,0.0,7.1019,7.038813195941561
G01_R0035,G01,LOGO,holdout_G01,G01,25,3,1e-05,0.7,0.2,0.0,0.0,7.7455,7.69007428293652
G01_R0036,G01,LOGO,holdout_G01,G01,25,3,1e-05,0.7,0.3,0.0,0.0,8.5925,8.54961117842262
G01_R0037,G01,LOGO,holdout_G01,G01,25,3,1e-06,0.85,0.1,0.0,0.0,7.1248,7.062956549156753
G01_R0038,G01,LOGO,holdout_G01,G01,25,3,1e-06,0.85,0.2,0.0,0.0,7.7759,7.723111872111577
G01_R0039,G01,LOGO,holdout_G01,G01,25,3,1e-06,0.85,0.3,0.0,0.0,8.6348,8.594850619146815
G01_R0040,G01,LOGO,holdout_G01,G01,25,3,1e-06,0.8,0.1,0.0,0.0,7.125,7.062637396329376
G01_R0041,G01,LOGO,holdout_G01,G01,25,3,1e-06,0.8,0.2,0.0,0.0,7.7762,7.7229184202266525
G01_R0042,G01,LOGO,holdout_G01,G01,25,3,1e-06,0.8,0.3,0.0,0.0,8.6351,8.594934058730148
G01_R0043,G01,LOGO,holdout_G01,G01,25,3,1e-06,0.75,0.1,0.0,0.0,7.1253,7.0626944937500165
G01_R0044,G01,LOGO,holdout_G01,G01,25,3,1e-06,0.75,0.2,0.0,0.0,7.7765,7.723167460702838
G01_R0045,G01,LOGO,holdout_G01,G01,25,3,1e-06,0.75,0.3,0.0,0.0,8.6355,8.59516532212301
G01_R0046,G01,LOGO,holdout_G01,G01,25,3,1e-06,0.7,0.1,0.0,0.0,7.1256,7.063042771726206
G01_R0047,G01,LOGO,holdout_G01,G01,25,3,1e-06,0.7,0.2,0.0,0.0,7.7769,7.723385704452834
G01_R0048,G01,LOGO,holdout_G01,G01,25,3,1e-06,0.7,0.3,0.0,0.0,8.6359,8.595296417063487
G01_R0049,G01,LOGO,holdout_G01,G01,25,6,0.001,0.85,0.1,0.0,0.0,7.3903,7.324760376546719
G01_R0050,G01,LOGO,holdout_G01,G01,25,6,0.001,0.85,0.2,0.0,0.0,7.9617,7.900749455803578
G01_R0051,G01,LOGO,holdout_G01,G01,25,6,0.001,0.85,0.3,0.0,0.0,8.624,8.573867257972582
G01_R0052,G01,LOGO,holdout_G01,G01,25,6,0.001,0.8,0.1,0.0,0.0,7.3954,7.327449012594699
G01_R0053,G01,LOGO,holdout_G01,G01,25,6,0.001,0.8,0.2,0.0,0.0,7.9689,7.903851993105155
G01_R0054,G01,LOGO,holdout_G01,G01,25,6,0.001,0.8,0.3,0.0,0.0,8.6324,8.578868415561875
G01_R0055,G01,LOGO,holdout_G01,G01,25,6,0.001,0.75,0.1,0.0,0.0,7.4006,7.332598603368509
G01_R0056,G01,LOGO,holdout_G01,G01,25,6,0.001,0.75,0.2,0.0,0.0,7.9764,7.91288386458334
G01_R0057,G01,LOGO,holdout_G01,G01,25,6,0.001,0.75,0.3,0.0,0.0,8.6413,8.588746397208677
G01_R0058,G01,LOGO,holdout_G01,G01,25,6,0.001,0.7,0.1,0.0,0.0,7.4062,7.3352921210272495
G01_R0059,G01,LOGO,holdout_G01,G01,25,6,0.001,0.7,0.2,0.0,0.0,7.9844,7.91780363625993
G01_R0060,G01,LOGO,holdout_G01,G01,25,6,0.001,0.7,0.3,0.0,0.0,8.6508,8.594861152132914
G01_R0061,G01,LOGO,holdout_G01,G01,25,6,0.0001,0.85,0.1,0.0,0.0,7.6993,7.635295235195717
G01_R0062,G01,LOGO,holdout_G01,G01,25,6,0.0001,0.85,0.2,0.0,0.0,8.3581,8.305432965724215
G01_R0063,G01,LOGO,holdout_G01,G01,25,6,0.0001,0.85,0.3,0.0,0.0,9.1968,9.15656228259379
G01_R0064,G01,LOGO,holdout_G01,G01,25,6,0.0001,0.8,0.1,0.0,0.0,7.7022,7.635952152259214
G01_R0065,G01,LOGO,holdout_G01,G01,25,6,0.0001,0.8,0.2,0.0,0.0,8.3617,8.306345956299618
G01_R0066,G01,LOGO,holdout_G01,G01,25,6,0.0001,0.8,0.3,0.0,0.0,9.2014,9.15807081533188
G01_R0067,G01,LOGO,holdout_G01,G01,25,6,0.0001,0.75,0.1,0.0,0.0,7.7052,7.637342230781025
G01_R0068,G01,LOGO,holdout_G01,G01,25,6,0.0001,0.75,0.2,0.0,0.0,8.3654,8.309761985714301
G01_R0069,G01,LOGO,holdout_G01,G01,25,6,0.0001,0.75,0.3,0.0,0.0,9.2061,9.162288691571948
G01_R0070,G01,LOGO,holdout_G01,G01,25,6,0.0001,0.7,0.1,0.0,0.0,7.7083,7.637809725694442
G01_R0071,G01,LOGO,holdout_G01,G01,25,6,0.0001,0.7,0.2,0.0,0.0,8.3694,8.311258921626997
G01_R0072,G01,LOGO,holdout_G01,G01,25,6,0.0001,0.7,0.3,0.0,0.0,9.211,9.163821712554094
G01_R0073,G01,LOGO,holdout_G01,G01,25,6,1e-05,0.85,0.1,0.0,0.0,7.7834,7.718619910072905
G01_R0074,G01,LOGO,holdout_G01,G01,25,6,1e-05,0.85,0.2,0.0,0.0,8.4703,8.41638820634017
G01_R0075,G01,LOGO,holdout_G01,G01,25,6,1e-05,0.85,0.3,0.0,0.0,9.3549,9.314706212152773
G01_R0076,G01,LOGO,holdout_G01,G01,25,6,1e-05,0.8,0.1,0.0,0.0,7.7844,7.718609252186001
G01_R0077,G01,LOGO,holdout_G01,G01,25,6,1e-05,0.8,0.2,0.0,0.0,8.4716,8.416447702768743
G01_R0078,G01,LOGO,holdout_G01,G01,25,6,1e-05,0.8,0.3,0.0,0.0,9.3566,9.31472164131944
G01_R0079,G01,LOGO,holdout_G01,G01,25,6,1e-05,0.75,0.1,0.0,0.0,7.7854,7.719012519051076
G01_R0080,G01,LOGO,holdout_G01,G01,25,6,1e-05,0.75,0.2,0.0,0.0,8.4729,8.416959795080258
G01_R0081,G01,LOGO,holdout_G01,G01,25,6,1e-05,0.75,0.3,0.0,0.0,9.3582,9.315526636259918
G01_R0082,G01,LOGO,holdout_G01,G01,25,6,1e-05,0.7,0.1,0.0,0.0,7.7865,7.71923210491417
G01_R0083,G01,LOGO,holdout_G01,G01,25,6,1e-05,0.7,0.2,0.0,0.0,8.4742,8.4171005645247
G01_R0084,G01,LOGO,holdout_G01,G01,25,6,1e-05,0.7,0.3,0.0,0.0,9.36,9.31557366929563
G01_R0085,G01,LOGO,holdout_G01,G01,25,6,1e-06,0.85,0.1,0.0,0.0,7.8095,7.744203093353187
G01_R0086,G01,LOGO,holdout_G01,G01,25,6,1e-06,0.85,0.2,0.0,0.0,8.5044,8.449485275347222
G01_R0087,G01,LOGO,holdout_G01,G01,25,6,1e-06,0.85,0.3,0.0,0.0,9.4011,9.35958782718255
G01_R0088,G01,LOGO,holdout_G01,G01,25,6,1e-06,0.8,0.1,0.0,0.0,7.8097,7.744051263740089
G01_R0089,G01,LOGO,holdout_G01,G01,25,6,1e-06,0.8,0.2,0.0,0.0,8.5046,8.449487782638887
G01_R0090,G01,LOGO,holdout_G01,G01,25,6,1e-06,0.8,0.3,0.0,0.0,9.4015,9.359586900099211
G01_R0091,G01,LOGO,holdout_G01,G01,25,6,1e-06,0.75,0.1,0.0,0.0,7.81,7.744091001686509
G01_R0092,G01,LOGO,holdout_G01,G01,25,6,1e-06,0.75,0.2,0.0,0.0,8.5049,8.449555651091247
G01_R0093,G01,LOGO,holdout_G01,G01,25,6,1e-06,0.75,0.3,0.0,0.0,9.4018,9.35970677450396
G01_R0094,G01,LOGO,holdout_G01,G01,25,6,1e-06,0.7,0.1,0.0,0.0,7.8103,7.744232942906748
G01_R0095,G01,LOGO,holdout_G01,G01,25,6,1e-06,0.7,0.2,0.0,0.0,8.5053,8.449533906746009
G01_R0096,G01,LOGO,holdout_G01,G01,25,6,1e-06,0.7,0.3,0.0,0.0,9.4023,9.359750489831336
G01_R0097,G01,LOGO,holdout_G01,G01,25,20,0.001,0.85,0.1,0.0,0.0,9.6697,9.574120499851206
G01_R0098,G01,LOGO,holdout_G01,G01,25,20,0.001,0.85,0.2,0.0,0.0,10.35,10.258427949404764
G01_R0099,G01,LOGO,holdout_G01,G01,25,20,0.001,0.85,0.3,0.0,0.0,11.136,11.060111416350995
G01_R0100,G01,LOGO,holdout_G01,G01,25,20,0.001,0.8,0.1,0.0,0.0,9.6757,9.577568339484133
G01_R0101,G01,LOGO,holdout_G01,G01,25,20,0.001,0.8,0.2,0.0,0.0,10.358,10.264478129464283
G01_R0102,G01,LOGO,holdout_G01,G01,25,20,0.001,0.8,0.3,0.0,0.0,11.146,11.064133978896123
G01_R0103,G01,LOGO,holdout_G01,G01,25,20,0.001,0.75,0.1,0.0,0.0,9.6819,9.584174137549612
G01_R0104,G01,LOGO,holdout_G01,G01,25,20,0.001,0.75,0.2,0.0,0.0,10.367,10.275122445436514
G01_R0105,G01,LOGO,holdout_G01,G01,25,20,0.001,0.75,0.3,0.0,0.0,11.157,11.076394534947708
G01_R0106,G01,LOGO,holdout_G01,G01,25,20,0.001,0.7,0.1,0.0,0.0,9.6884,9.586439831944435
G01_R0107,G01,LOGO,holdout_G01,G01,25,20,0.001,0.7,0.2,0.0,0.0,10.376,10.280543260912715
G01_R0108,G01,LOGO,holdout_G01,G01,25,20,0.001,0.7,0.3,0.0,0.0,11.168,11.083619992108584
G01_R0109,G01,LOGO,holdout_G01,G01,25,20,0.0001,0.85,0.1,0.0,0.0,10.021,9.926350089335298
G01_R0110,G01,LOGO,holdout_G01,G01,25,20,0.0001,0.85,0.2,0.0,0.0,10.789,10.70546954513893
G01_R0111,G01,LOGO,holdout_G01,G01,25,20,0.0001,0.85,0.3,0.0,0.0,11.753,11.68132274896282
G01_R0112,G01,LOGO,holdout_G01,G01,25,20,0.0001,0.8,0.1,0.0,0.0,10.024,9.927236155109116
G01_R0113,G01,LOGO,holdout_G01,G01,25,20,0.0001,0.8,0.2,0.0,0.0,10.793,10.706606662698446
G01_R0114,G01,LOGO,holdout_G01,G01,25,20,0.0001,0.8,0.3,0.0,0.0,11.758,11.683451051046182
G01_R0115,G01,LOGO,holdout_G01,G01,25,20,0.0001,0.75,0.1,0.0,0.0,10.028,9.929860320234274
G01_R0116,G01,LOGO,holdout_G01,G01,25,20,0.0001,0.75,0.2,0.0,0.0,10.797,10.711280792162723
G01_R0117,G01,LOGO,holdout_G01,G01,25,20,0.0001,0.75,0.3,0.0,0.0,11.764,11.689902933531757
G01_R0118,G01,LOGO,holdout_G01,G01,25,20,0.0001,0.7,0.1,0.0,0.0,10.031,9.930684980069238
G01_R0119,G01,LOGO,holdout_G01,G01,25,20,0.0001,0.7,0.2,0.0,0.0,10.802,10.714402911210351
G01_R0120,G01,LOGO,holdout_G01,G01,25,20,0.0001,0.7,0.3,0.0,0.0,11.769,11.691869546626949
G01_R0121,G01,LOGO,holdout_G01,G01,25,20,1e-05,0.85,0.1,0.0,0.0,10.116,10.019416321365473
G01_R0122,G01,LOGO,holdout_G01,G01,25,20,1e-05,0.85,0.2,0.0,0.0,10.913,10.827473098214307
G01_R0123,G01,LOGO,holdout_G01,G01,25,20,1e-05,0.85,0.3,0.0,0.0,11.923,11.851374629464308
G01_R0124,G01,LOGO,holdout_G01,G01,25,20,1e-05,0.8,0.1,0.0,0.0,10.117,10.0194973936869
G01_R0125,G01,LOGO,holdout_G01,G01,25,20,1e-05,0.8,0.2,0.0,0.0,10.914,10.827677601190494
G01_R0126,G01,LOGO,holdout_G01,G01,25,20,1e-05,0.8,0.3,0.0,0.0,11.925,11.851965302083329
G01_R0127,G01,LOGO,holdout_G01,G01,25,20,1e-05,0.75,0.1,0.0,0.0,10.118,10.020066607079736
G01_R0128,G01,LOGO,holdout_G01,G01,25,20,1e-05,0.75,0.2,0.0,0.0,10.916,10.828399690476186
G01_R0129,G01,LOGO,holdout_G01,G01,25,20,1e-05,0.75,0.3,0.0,0.0,11.927,11.854056314980156
G01_R0130,G01,LOGO,holdout_G01,G01,25,20,1e-05,0.7,0.1,0.0,0.0,10.12,10.020063105095607
G01_R0131,G01,LOGO,holdout_G01,G01,25,20,1e-05,0.7,0.2,0.0,0.0,10.917,10.828529744047616
G01_R0132,G01,LOGO,holdout_G01,G01,25,20,1e-05,0.7,0.3,0.0,0.0,11.929,11.854659562499965
G01_R0133,G01,LOGO,holdout_G01,G01,25,20,1e-06,0.85,0.1,0.0,0.0,10.146,10.04800664524702
G01_R0134,G01,LOGO,holdout_G01,G01,25,20,1e-06,0.85,0.2,0.0,0.0,10.95,10.864053463789736
G01_R0135,G01,LOGO,holdout_G01,G01,25,20,1e-06,0.85,0.3,0.0,0.0,11.973,11.90053504365072
G01_R0136,G01,LOGO,holdout_G01,G01,25,20,1e-06,0.8,0.1,0.0,0.0,10.146,10.047875509334322
G01_R0137,G01,LOGO,holdout_G01,G01,25,20,1e-06,0.8,0.2,0.0,0.0,10.951,10.864046710813554
G01_R0138,G01,LOGO,holdout_G01,G01,25,20,1e-06,0.8,0.3,0.0,0.0,11.973,11.90074382787692
G01_R0139,G01,LOGO,holdout_G01,G01,25,20,1e-06,0.75,0.1,0.0,0.0,10.146,10.048012059929569
G01_R0140,G01,LOGO,holdout_G01,G01,25,20,1e-06,0.75,0.2,0.0,0.0,10.951,10.864276752480167
G01_R0141,G01,LOGO,holdout_G01,G01,25,20,1e-06,0.75,0.3,0.0,0.0,11.974,11.901228122835478
G01_R0142,G01,LOGO,holdout_G01,G01,25,20,1e-06,0.7,0.1,0.0,0.0,10.146,10.048111539096237
G01_R0143,G01,LOGO,holdout_G01,G01,25,20,1e-06,0.7,0.2,0.0,0.0,10.951,10.864308198908738
G01_R0144,G01,LOGO,holdout_G01,G01,25,20,1e-06,0.7,0.3,0.0,0.0,11.974,11.901422280573597
G01_R0145,G01,LOGO,holdout_G01,G01,25,50,0.001,0.85,0.1,0.0,0.0,12.563,12.432522234758288
G01_R0146,G01,LOGO,holdout_G01,G01,25,50,0.001,0.85,0.2,0.0,0.0,13.412,13.285371730561105
G01_R0147,G01,LOGO,holdout_G01,G01,25,50,0.001,0.85,0.3,0.0,0.0,14.389,14.276834911571036
G01_R0148,G01,LOGO,holdout_G01,G01,25,50,0.001,0.8,0.1,0.0,0.0,12.57,12.434713760551949
G01_R0149,G01,LOGO,holdout_G01,G01,25,50,0.001,0.8,0.2,0.0,0.0,13.423,13.292374387536087
G01_R0150,G01,LOGO,holdout_G01,G01,25,50,0.001,0.8,0.3,0.0,0.0,14.402,14.28192380542028
G01_R0151,G01,LOGO,holdout_G01,G01,25,50,0.001,0.75,0.1,0.0,0.0,12.578,12.442448284857498
G01_R0152,G01,LOGO,holdout_G01,G01,25,50,0.001,0.75,0.2,0.0,0.0,13.434,13.30507631164324
G01_R0153,G01,LOGO,holdout_G01,G01,25,50,0.001,0.75,0.3,0.0,0.0,14.415,14.299084611607125
G01_R0154,G01,LOGO,holdout_G01,G01,25,50,0.001,0.7,0.1,0.0,0.0,12.587,12.444979917568537
G01_R0155,G01,LOGO,holdout_G01,G01,25,50,0.001,0.7,0.2,0.0,0.0,13.446,13.31164474021465
G01_R0156,G01,LOGO,holdout_G01,G01,25,50,0.001,0.7,0.3,0.0,0.0,14.429,14.309210868551627
G01_R0157,G01,LOGO,holdout_G01,G01,25,50,0.0001,0.85,0.1,0.0,0.0,13.0,12.86910868650795
G01_R0158,G01,LOGO,holdout_G01,G01,25,50,0.0001,0.85,0.2,0.0,0.0,13.954,13.834674299603202
G01_R0159,G01,LOGO,holdout_G01,G01,25,50,0.0001,0.85,0.3,0.0,0.0,15.143,15.034189494408375
G01_R0160,G01,LOGO,holdout_G01,G01,25,50,0.0001,0.8,0.1,0.0,0.0,13.005,12.870737277281757
G01_R0161,G01,LOGO,holdout_G01,G01,25,50,0.0001,0.8,0.2,0.0,0.0,13.959,13.837620400297618
G01_R0162,G01,LOGO,holdout_G01,G01,25,50,0.0001,0.8,0.3,0.0,0.0,15.15,15.036248708694067
G01_R0163,G01,LOGO,holdout_G01,G01,25,50,0.0001,0.75,0.1,0.0,0.0,13.009,12.873899455853186
G01_R0164,G01,LOGO,holdout_G01,G01,25,50,0.0001,0.75,0.2,0.0,0.0,13.964,13.844107990079388
G01_R0165,G01,LOGO,holdout_G01,G01,25,50,0.0001,0.75,0.3,0.0,0.0,15.156,15.044373202876963
G01_R0166,G01,LOGO,holdout_G01,G01,25,50,0.0001,0.7,0.1,0.0,0.0,13.013,12.874824304067458
G01_R0167,G01,LOGO,holdout_G01,G01,25,50,0.0001,0.7,0.2,0.0,0.0,13.97,13.848594972222218
G01_R0168,G01,LOGO,holdout_G01,G01,25,50,0.0001,0.7,0.3,0.0,0.0,15.163,15.046065171626966
G01_R0169,G01,LOGO,holdout_G01,G01,25,50,1e-05,0.85,0.1,0.0,0.0,13.119,12.98551549851194
G01_R0170,G01,LOGO,holdout_G01,G01,25,50,1e-05,0.85,0.2,0.0,0.0,14.107,13.985378935592212
G01_R0171,G01,LOGO,holdout_G01,G01,25,50,1e-05,0.85,0.3,0.0,0.0,15.351,15.240877352182492
G01_R0172,G01,LOGO,holdout_G01,G01,25,50,1e-05,0.8,0.1,0.0,0.0,13.12,12.98566759573416
G01_R0173,G01,LOGO,holdout_G01,G01,25,50,1e-05,0.8,0.2,0.0,0.0,14.108,13.985646137973148
G01_R0174,G01,LOGO,holdout_G01,G01,25,50,1e-05,0.8,0.3,0.0,0.0,15.353,15.241983159045825
G01_R0175,G01,LOGO,holdout_G01,G01,25,50,1e-05,0.75,0.1,0.0,0.0,13.122,12.986303085317497
G01_R0176,G01,LOGO,holdout_G01,G01,25,50,1e-05,0.75,0.2,0.0,0.0,14.11,13.987109667238956
G01_R0177,G01,LOGO,holdout_G01,G01,25,50,1e-05,0.75,0.3,0.0,0.0,15.355,15.24432363672442
G01_R0178,G01,LOGO,holdout_G01,G01,25,50,1e-05,0.7,0.1,0.0,0.0,13.123,12.98644929067464
G01_R0179,G01,LOGO,holdout_G01,G01,25,50,1e-05,0.7,0.2,0.0,0.0,14.112,13.98754601743736
G01_R0180,G01,LOGO,holdout_G01,G01,25,50,1e-05,0.7,0.3,0.0,0.0,15.358,15.244803557855327
G01_R0181,G01,LOGO,holdout_G01,G01,25,50,1e-06,0.85,0.1,0.0,0.0,13.155,13.020655013392982
G01_R0182,G01,LOGO,holdout_G01,G01,25,50,1e-06,0.85,0.2,0.0,0.0,14.153,14.030762468253997
G01_R0183,G01,LOGO,holdout_G01,G01,25,50,1e-06,0.85,0.3,0.0,0.0,15.412,15.302278884559858
G01_R0184,G01,LOGO,holdout_G01,G01,25,50,1e-06,0.8,0.1,0.0,0.0,13.156,13.020786349702512
G01_R0185,G01,LOGO,holdout_G01,G01,25,50,1e-06,0.8,0.2,0.0,0.0,14.154,14.03062003968257
G01_R0186,G01,LOGO,holdout_G01,G01,25,50,1e-06,0.8,0.3,0.0,0.0,15.412,15.302339384559858
G01_R0187,G01,LOGO,holdout_G01,G01,25,50,1e-06,0.75,0.1,0.0,0.0,13.156,13.020994462797765
G01_R0188,G01,LOGO,holdout_G01,G01,25,50,1e-06,0.75,0.2,0.0,0.0,14.154,14.03082324801589
G01_R0189,G01,LOGO,holdout_G01,G01,25,50,1e-06,0.75,0.3,0.0,0.0,15.413,15.302562578012251
G01_R0190,G01,LOGO,holdout_G01,G01,25,50,1e-06,0.7,0.1,0.0,0.0,13.157,13.020830836309663
G01_R0191,G01,LOGO,holdout_G01,G01,25,50,1e-06,0.7,0.2,0.0,0.0,14.154,14.030772935515886
G01_R0192,G01,LOGO,holdout_G01,G01,25,50,1e-06,0.7,0.3,0.0,0.0,15.413,15.302556143488442
G01_R0193,G01,LOGO,holdout_G01,G01,100,3,0.001,0.85,0.1,0.0,0.0,8.6293,8.497231340625024
G01_R0194,G01,LOGO,holdout_G01,G01,100,3,0.001,0.85,0.2,0.0,0.0,9.2588,9.137312818898817
G01_R0195,G01,LOGO,holdout_G01,G01,100,3,0.001,0.85,0.3,0.0,0.0,10.008,9.894683820798951
G01_R0196,G01,LOGO,holdout_G01,G01,100,3,0.001,0.8,0.1,0.0,0.0,8.6367,8.497506112351212
G01_R0197,G01,LOGO,holdout_G01,G01,100,3,0.001,0.8,0.2,0.0,0.0,9.2687,9.139192800446432
G01_R0198,G01,LOGO,holdout_G01,G01,100,3,0.001,0.8,0.3,0.0,0.0,10.02,9.901850855669998
G01_R0199,G01,LOGO,holdout_G01,G01,100,3,0.001,0.75,0.1,0.0,0.0,8.6445,8.500755615525815
G01_R0200,G01,LOGO,holdout_G01,G01,100,3,0.001,0.75,0.2,0.0,0.0,9.2792,9.14702142123016
G01_R0201,G01,LOGO,holdout_G01,G01,100,3,0.001,0.75,0.3,0.0,0.0,10.034,9.913836538740052
G01_R0202,G01,LOGO,holdout_G01,G01,100,3,0.001,0.7,0.1,0.0,0.0,8.6529,8.50097131344248
G01_R0203,G01,LOGO,holdout_G01,G01,100,3,0.001,0.7,0.2,0.0,0.0,9.2905,9.149354240575397
G01_R0204,G01,LOGO,holdout_G01,G01,100,3,0.001,0.7,0.3,0.0,0.0,10.048,9.918369738740056
G01_R0205,G01,LOGO,holdout_G01,G01,100,3,0.0001,0.85,0.1,0.0,0.0,8.9129,8.773433174255933
G01_R0206,G01,LOGO,holdout_G01,G01,100,3,0.0001,0.85,0.2,0.0,0.0,9.6173,9.485571102628986
G01_R0207,G01,LOGO,holdout_G01,G01,100,3,0.0001,0.85,0.3,0.0,0.0,10.531,10.402155131944474
G01_R0208,G01,LOGO,holdout_G01,G01,100,3,0.0001,0.8,0.1,0.0,0.0,8.9161,8.773411305505933
G01_R0209,G01,LOGO,holdout_G01,G01,100,3,0.0001,0.8,0.2,0.0,0.0,9.6216,9.485899038045648
G01_R0210,G01,LOGO,holdout_G01,G01,100,3,0.0001,0.8,0.3,0.0,0.0,10.536,10.402987770337331
G01_R0211,G01,LOGO,holdout_G01,G01,100,3,0.0001,0.75,0.1,0.0,0.0,8.9194,8.774922639434532
G01_R0212,G01,LOGO,holdout_G01,G01,100,3,0.0001,0.75,0.2,0.0,0.0,9.6261,9.487904277777766
G01_R0213,G01,LOGO,holdout_G01,G01,100,3,0.0001,0.75,0.3,0.0,0.0,10.542,10.406315996527804
G01_R0214,G01,LOGO,holdout_G01,G01,100,3,0.0001,0.7,0.1,0.0,0.0,8.9229,8.775027567708342
G01_R0215,G01,LOGO,holdout_G01,G01,100,3,0.0001,0.7,0.2,0.0,0.0,9.6308,9.488073264831336
G01_R0216,G01,LOGO,holdout_G01,G01,100,3,0.0001,0.7,0.3,0.0,0.0,10.548,10.407253389384948
G01_R0217,G01,LOGO,holdout_G01,G01,100,3,1e-05,0.85,0.1,0.0,0.0,8.9919,8.848905708168223
G01_R0218,G01,LOGO,holdout_G01,G01,100,3,1e-05,0.85,0.2,0.0,0.0,9.7152,9.578190160957794
G01_R0219,G01,LOGO,holdout_G01,G01,100,3,1e-05,0.85,0.3,0.0,0.0,10.67,10.545161117559523
G01_R0220,G01,LOGO,holdout_G01,G01,100,3,1e-05,0.8,0.1,0.0,0.0,8.993,8.849041275727743
G01_R0221,G01,LOGO,holdout_G01,G01,100,3,1e-05,0.8,0.2,0.0,0.0,9.7167,9.578253024053032
G01_R0222,G01,LOGO,holdout_G01,G01,100,3,1e-05,0.8,0.3,0.0,0.0,10.672,10.545111760416669
G01_R0223,G01,LOGO,holdout_G01,G01,100,3,1e-05,0.75,0.1,0.0,0.0,8.9941,8.849248869775357
G01_R0224,G01,LOGO,holdout_G01,G01,100,3,1e-05,0.75,0.2,0.0,0.0,9.7182,9.5788947285173
G01_R0225,G01,LOGO,holdout_G01,G01,100,3,1e-05,0.75,0.3,0.0,0.0,10.674,10.546215206845249
G01_R0226,G01,LOGO,holdout_G01,G01,100,3,1e-05,0.7,0.1,0.0,0.0,8.9953,8.849248477811068
G01_R0227,G01,LOGO,holdout_G01,G01,100,3,1e-05,0.7,0.2,0.0,0.0,9.7199,9.579070919886348
G01_R0228,G01,LOGO,holdout_G01,G01,100,3,1e-05,0.7,0.3,0.0,0.0,10.676,10.546315770833344
G01_R0229,G01,LOGO,holdout_G01,G01,100,3,1e-06,0.85,0.1,0.0,0.0,9.0168,8.866174087698399
G01_R0230,G01,LOGO,holdout_G01,G01,100,3,1e-06,0.85,0.2,0.0,0.0,9.7444,9.600468931434875
G01_R0231,G01,LOGO,holdout_G01,G01,100,3,1e-06,0.85,0.3,0.0,0.0,10.709,10.577742655258008
G01_R0232,G01,LOGO,holdout_G01,G01,100,3,1e-06,0.8,0.1,0.0,0.0,9.0171,8.866291038591253
G01_R0233,G01,LOGO,holdout_G01,G01,100,3,1e-06,0.8,0.2,0.0,0.0,9.7448,9.600673468934875
G01_R0234,G01,LOGO,holdout_G01,G01,100,3,1e-06,0.8,0.3,0.0,0.0,10.709,10.577538613591342
G01_R0235,G01,LOGO,holdout_G01,G01,100,3,1e-06,0.75,0.1,0.0,0.0,9.0174,8.86624066865079
G01_R0236,G01,LOGO,holdout_G01,G01,100,3,1e-06,0.75,0.2,0.0,0.0,9.7451,9.600897403756324
G01_R0237,G01,LOGO,holdout_G01,G01,100,3,1e-06,0.75,0.3,0.0,0.0,10.71,10.57793219692468
G01_R0238,G01,LOGO,holdout_G01,G01,100,3,1e-06,0.7,0.1,0.0,0.0,9.0176,8.866264560019836
G01_R0239,G01,LOGO,holdout_G01,G01,100,3,1e-06,0.7,0.2,0.0,0.0,9.7455,9.601012097208702
G01_R0240,G01,LOGO,holdout_G01,G01,100,3,1e-06,0.7,0.3,0.0,0.0,10.71,10.57798016567468
G01_R0241,G01,LOGO,holdout_G01,G01,100,6,0.001,0.85,0.1,0.0,0.0,10.308,10.137079530853113
G01_R0242,G01,LOGO,holdout_G01,G01,100,6,0.001,0.85,0.2,0.0,0.0,11.019,10.865821655257912
G01_R0243,G01,LOGO,holdout_G01,G01,100,6,0.001,0.85,0.3,0.0,0.0,11.862,11.72234697420634
G01_R0244,G01,LOGO,holdout_G01,G01,100,6,0.001,0.8,0.1,0.0,0.0,10.316,10.13731868085311
G01_R0245,G01,LOGO,holdout_G01,G01,100,6,0.001,0.8,0.2,0.0,0.0,11.03,10.86776251835316
G01_R0246,G01,LOGO,holdout_G01,G01,100,6,0.001,0.8,0.3,0.0,0.0,11.876,11.72760133978174
G01_R0247,G01,LOGO,holdout_G01,G01,100,6,0.001,0.75,0.1,0.0,0.0,10.325,10.140860207638818
G01_R0248,G01,LOGO,holdout_G01,G01,100,6,0.001,0.75,0.2,0.0,0.0,11.042,10.87438889285713
G01_R0249,G01,LOGO,holdout_G01,G01,100,6,0.001,0.75,0.3,0.0,0.0,11.891,11.74013023313493
G01_R0250,G01,LOGO,holdout_G01,G01,100,6,0.001,0.7,0.1,0.0,0.0,10.335,10.141645323710248
G01_R0251,G01,LOGO,holdout_G01,G01,100,6,0.001,0.7,0.2,0.0,0.0,11.055,10.87631453869046
G01_R0252,G01,LOGO,holdout_G01,G01,100,6,0.001,0.7,0.3,0.0,0.0,11.907,11.74538099107142
G01_R0253,G01,LOGO,holdout_G01,G01,100,6,0.0001,0.85,0.1,0.0,0.0,10.625,10.446065025838772
G01_R0254,G01,LOGO,holdout_G01,G01,100,6,0.0001,0.85,0.2,0.0,0.0,11.414,11.246208253923156
G01_R0255,G01,LOGO,holdout_G01,G01,100,6,0.0001,0.85,0.3,0.0,0.0,12.432,12.27736474463386
G01_R0256,G01,LOGO,holdout_G01,G01,100,6,0.0001,0.8,0.1,0.0,0.0,10.629,10.446138900838774
G01_R0257,G01,LOGO,holdout_G01,G01,100,6,0.0001,0.8,0.2,0.0,0.0,11.419,11.246558212256485
G01_R0258,G01,LOGO,holdout_G01,G01,100,6,0.0001,0.8,0.3,0.0,0.0,12.438,12.277835024395763
G01_R0259,G01,LOGO,holdout_G01,G01,100,6,0.0001,0.75,0.1,0.0,0.0,10.632,10.448030943993505
G01_R0260,G01,LOGO,holdout_G01,G01,100,6,0.0001,0.75,0.2,0.0,0.0,11.424,11.248406380411224
G01_R0261,G01,LOGO,holdout_G01,G01,100,6,0.0001,0.75,0.3,0.0,0.0,12.444,12.280415545229069
G01_R0262,G01,LOGO,holdout_G01,G01,100,6,0.0001,0.7,0.1,0.0,0.0,10.636,10.448391006493502
G01_R0263,G01,LOGO,holdout_G01,G01,100,6,0.0001,0.7,0.2,0.0,0.0,11.43,11.248554192911223
G01_R0264,G01,LOGO,holdout_G01,G01,100,6,0.0001,0.7,0.3,0.0,0.0,12.451,12.28064486814573
G01_R0265,G01,LOGO,holdout_G01,G01,100,6,1e-05,0.85,0.1,0.0,0.0,10.713,10.52876427628968
G01_R0266,G01,LOGO,holdout_G01,G01,100,6,1e-05,0.85,0.2,0.0,0.0,11.521,11.345560807539712
G01_R0267,G01,LOGO,holdout_G01,G01,100,6,1e-05,0.85,0.3,0.0,0.0,12.581,12.415573367559512
G01_R0268,G01,LOGO,holdout_G01,G01,100,6,1e-05,0.8,0.1,0.0,0.0,10.714,10.528788547123012
G01_R0269,G01,LOGO,holdout_G01,G01,100,6,1e-05,0.8,0.2,0.0,0.0,11.523,11.345714154761936
G01_R0270,G01,LOGO,holdout_G01,G01,100,6,1e-05,0.8,0.3,0.0,0.0,12.583,12.416526200892848
G01_R0271,G01,LOGO,holdout_G01,G01,100,6,1e-05,0.75,0.1,0.0,0.0,10.716,10.528949917793993
G01_R0272,G01,LOGO,holdout_G01,G01,100,6,1e-05,0.75,0.2,0.0,0.0,11.525,11.346534517857163
G01_R0273,G01,LOGO,holdout_G01,G01,100,6,1e-05,0.75,0.3,0.0,0.0,12.586,12.417867941964303
G01_R0274,G01,LOGO,holdout_G01,G01,100,6,1e-05,0.7,0.1,0.0,0.0,10.717,10.528822188627322
G01_R0275,G01,LOGO,holdout_G01,G01,100,6,1e-05,0.7,0.2,0.0,0.0,11.526,11.346810833333356
G01_R0276,G01,LOGO,holdout_G01,G01,100,6,1e-05,0.7,0.3,0.0,0.0,12.588,12.418108910714311
G01_R0277,G01,LOGO,holdout_G01,G01,100,6,1e-06,0.85,0.1,0.0,0.0,10.741,10.548499971726264
G01_R0278,G01,LOGO,holdout_G01,G01,100,6,1e-06,0.85,0.2,0.0,0.0,11.553,11.3690118730159
G01_R0279,G01,LOGO,holdout_G01,G01,100,6,1e-06,0.85,0.3,0.0,0.0,12.623,12.450515156746048
G01_R0280,G01,LOGO,holdout_G01,G01,100,6,1e-06,0.8,0.1,0.0,0.0,10.741,10.548507992559598
G01_R0281,G01,LOGO,holdout_G01,G01,100,6,1e-06,0.8,0.2,0.0,0.0,11.553,11.36918601785717
G01_R0282,G01,LOGO,holdout_G01,G01,100,6,1e-06,0.8,0.3,0.0,0.0,12.623,12.451428624007944
G01_R0283,G01,LOGO,holdout_G01,G01,100,6,1e-06,0.75,0.1,0.0,0.0,10.741,10.548357232278176
G01_R0284,G01,LOGO,holdout_G01,G01,100,6,1e-06,0.75,0.2,0.0,0.0,11.554,11.369476932539715
G01_R0285,G01,LOGO,holdout_G01,G01,100,6,1e-06,0.75,0.3,0.0,0.0,12.624,12.45214550644844
G01_R0286,G01,LOGO,holdout_G01,G01,100,6,1e-06,0.7,0.1,0.0,0.0,10.742,10.548195003111504
G01_R0287,G01,LOGO,holdout_G01,G01,100,6,1e-06,0.7,0.2,0.0,0.0,11.554,11.369595359127011
G01_R0288,G01,LOGO,holdout_G01,G01,100,6,1e-06,0.7,0.3,0.0,0.0,12.625,12.452328485615103
G01_R0289,G01,LOGO,holdout_G01,G01,100,20,0.001,0.85,0.1,0.0,0.0,14.804,14.543866922123032
G01_R0290,G01,LOGO,holdout_G01,G01,100,20,0.001,0.85,0.2,0.0,0.0,15.757,15.502474175595236
G01_R0291,G01,LOGO,holdout_G01,G01,100,20,0.001,0.85,0.3,0.0,0.0,16.916,16.680030119859325
G01_R0292,G01,LOGO,holdout_G01,G01,100,20,0.001,0.8,0.1,0.0,0.0,14.816,14.545065089781758
G01_R0293,G01,LOGO,holdout_G01,G01,100,20,0.001,0.8,0.2,0.0,0.0,15.773,15.504855988095246
G01_R0294,G01,LOGO,holdout_G01,G01,100,20,0.001,0.8,0.3,0.0,0.0,16.935,16.685012950216443
G01_R0295,G01,LOGO,holdout_G01,G01,100,20,0.001,0.75,0.1,0.0,0.0,14.829,14.550321378472256
G01_R0296,G01,LOGO,holdout_G01,G01,100,20,0.001,0.75,0.2,0.0,0.0,15.79,15.515176796130952
G01_R0297,G01,LOGO,holdout_G01,G01,100,20,0.001,0.75,0.3,0.0,0.0,16.956,16.699933749819625
G01_R0298,G01,LOGO,holdout_G01,G01,100,20,0.001,0.7,0.1,0.0,0.0,14.843,14.551226657242092
G01_R0299,G01,LOGO,holdout_G01,G01,100,20,0.001,0.7,0.2,0.0,0.0,15.808,15.517982135416675
G01_R0300,G01,LOGO,holdout_G01,G01,100,20,0.001,0.7,0.3,0.0,0.0,16.979,16.70537543434343
G01_R0301,G01,LOGO,holdout_G01,G01,100,20,0.0001,0.85,0.1,0.0,0.0,15.249,14.974880971230178
G01_R0302,G01,LOGO,holdout_G01,G01,100,20,0.0001,0.85,0.2,0.0,0.0,16.307,16.03093375694446
G01_R0303,G01,LOGO,holdout_G01,G01,100,20,0.0001,0.85,0.3,0.0,0.0,17.688,17.43431048164688
G01_R0304,G01,LOGO,holdout_G01,G01,100,20,0.0001,0.8,0.1,0.0,0.0,15.255,14.975281950396845
G01_R0305,G01,LOGO,holdout_G01,G01,100,20,0.0001,0.8,0.2,0.0,0.0,16.313,16.03181936111112
G01_R0306,G01,LOGO,holdout_G01,G01,100,20,0.0001,0.8,0.3,0.0,0.0,17.697,17.4346564131945
G01_R0307,G01,LOGO,holdout_G01,G01,100,20,0.0001,0.75,0.1,0.0,0.0,15.26,14.977494191468256
G01_R0308,G01,LOGO,holdout_G01,G01,100,20,0.0001,0.75,0.2,0.0,0.0,16.32,16.034780480158705
G01_R0309,G01,LOGO,holdout_G01,G01,100,20,0.0001,0.75,0.3,0.0,0.0,17.706,17.439151553075448
G01_R0310,G01,LOGO,holdout_G01,G01,100,20,0.0001,0.7,0.1,0.0,0.0,15.266,14.977533253968264
G01_R0311,G01,LOGO,holdout_G01,G01,100,20,0.0001,0.7,0.2,0.0,0.0,16.328,16.035076905753947
G01_R0312,G01,LOGO,holdout_G01,G01,100,20,0.0001,0.7,0.3,0.0,0.0,17.716,17.439789782242112
G01_R0313,G01,LOGO,holdout_G01,G01,100,20,1e-05,0.85,0.1,0.0,0.0,15.371,15.09120983878961
G01_R0314,G01,LOGO,holdout_G01,G01,100,20,1e-05,0.85,0.2,0.0,0.0,16.448,16.164093209821434
G01_R0315,G01,LOGO,holdout_G01,G01,100,20,1e-05,0.85,0.3,0.0,0.0,17.888,17.61446461160711
G01_R0316,G01,LOGO,holdout_G01,G01,100,20,1e-05,0.8,0.1,0.0,0.0,15.373,15.091329198908657
G01_R0317,G01,LOGO,holdout_G01,G01,100,20,1e-05,0.8,0.2,0.0,0.0,16.451,16.16454734771826
G01_R0318,G01,LOGO,holdout_G01,G01,100,20,1e-05,0.8,0.3,0.0,0.0,17.891,17.61460669791663
G01_R0319,G01,LOGO,holdout_G01,G01,100,20,1e-05,0.75,0.1,0.0,0.0,15.375,15.091917327380887
G01_R0320,G01,LOGO,holdout_G01,G01,100,20,1e-05,0.75,0.2,0.0,0.0,16.453,16.16521536259919
G01_R0321,G01,LOGO,holdout_G01,G01,100,20,1e-05,0.75,0.3,0.0,0.0,17.894,17.61628090327376
G01_R0322,G01,LOGO,holdout_G01,G01,100,20,1e-05,0.7,0.1,0.0,0.0,15.376,15.09222549107136
G01_R0323,G01,LOGO,holdout_G01,G01,100,20,1e-05,0.7,0.2,0.0,0.0,16.456,16.16522159027777
G01_R0324,G01,LOGO,holdout_G01,G01,100,20,1e-05,0.7,0.3,0.0,0.0,17.898,17.61702356398805
G01_R0325,G01,LOGO,holdout_G01,G01,100,20,1e-06,0.85,0.1,0.0,0.0,15.41,15.121150188627244
G01_R0326,G01,LOGO,holdout_G01,G01,100,20,1e-06,0.85,0.2,0.0,0.0,16.49,16.19542576154403
G01_R0327,G01,LOGO,holdout_G01,G01,100,20,1e-06,0.85,0.3,0.0,0.0,17.942,17.652768634920616
G01_R0328,G01,LOGO,holdout_G01,G01,100,20,1e-06,0.8,0.1,0.0,0.0,15.41,15.121372215412958
G01_R0329,G01,LOGO,holdout_G01,G01,100,20,1e-06,0.8,0.2,0.0,0.0,16.491,16.19574529428213
G01_R0330,G01,LOGO,holdout_G01,G01,100,20,1e-06,0.8,0.3,0.0,0.0,17.943,17.652985593253945
G01_R0331,G01,LOGO,holdout_G01,G01,100,20,1e-06,0.75,0.1,0.0,0.0,15.411,15.121581530889166
G01_R0332,G01,LOGO,holdout_G01,G01,100,20,1e-06,0.75,0.2,0.0,0.0,16.492,16.19599098872659
G01_R0333,G01,LOGO,holdout_G01,G01,100,20,1e-06,0.75,0.3,0.0,0.0,17.944,17.654078587301534
G01_R0334,G01,LOGO,holdout_G01,G01,100,20,1e-06,0.7,0.1,0.0,0.0,15.411,15.121737877615358
G01_R0335,G01,LOGO,holdout_G01,G01,100,20,1e-06,0.7,0.2,0.0,0.0,16.492,16.195975082476593
G01_R0336,G01,LOGO,holdout_G01,G01,100,20,1e-06,0.7,0.3,0.0,0.0,17.945,17.654609295634874
G01_R0337,G01,LOGO,holdout_G01,G01,100,50,0.001,0.85,0.1,0.0,0.0,20.219,19.567802388392856
G01_R0338,G01,LOGO,holdout_G01,G01,100,50,0.001,0.85,0.2,0.0,0.0,21.506,21.022690536210348
G01_R0339,G01,LOGO,holdout_G01,G01,100,50,0.001,0.85,0.3,0.0,0.0,23.046,22.59876878472217
G01_R0340,G01,LOGO,holdout_G01,G01,100,50,0.001,0.8,0.1,0.0,0.0,20.236,19.567573419642848
G01_R0341,G01,LOGO,holdout_G01,G01,100,50,0.001,0.8,0.2,0.0,0.0,21.529,21.02777778224207
G01_R0342,G01,LOGO,holdout_G01,G01,100,50,0.001,0.8,0.3,0.0,0.0,23.073,22.607702288194425
G01_R0343,G01,LOGO,holdout_G01,G01,100,50,0.001,0.75,0.1,0.0,0.0,20.254,19.575050104166664
G01_R0344,G01,LOGO,holdout_G01,G01,100,50,0.001,0.75,0.2,0.0,0.0,21.554,21.0424177728175
G01_R0345,G01,LOGO,holdout_G01,G01,100,50,0.001,0.75,0.3,0.0,0.0,23.101,22.633090398809507
G01_R0346,G01,LOGO,holdout_G01,G01,100,50,0.001,0.7,0.1,0.0,0.0,20.273,19.57699408333333
G01_R0347,G01,LOGO,holdout_G01,G01,100,50,0.001,0.7,0.2,0.0,0.0,21.579,21.04763388293656
G01_R0348,G01,LOGO,holdout_G01,G01,100,50,0.001,0.7,0.3,0.0,0.0,23.131,22.64283391716266
G01_R0349,G01,LOGO,holdout_G01,G01,100,50,0.0001,0.85,0.1,0.0,0.0,20.849,20.119147344246112
G01_R0350,G01,LOGO,holdout_G01,G01,100,50,0.0001,0.85,0.2,0.0,0.0,22.254,21.74465676388892
G01_R0351,G01,LOGO,holdout_G01,G01,100,50,0.0001,0.85,0.3,0.0,0.0,24.148,23.620258584210937
G01_R0352,G01,LOGO,holdout_G01,G01,100,50,0.0001,0.8,0.1,0.0,0.0,20.856,20.12020444841277
G01_R0353,G01,LOGO,holdout_G01,G01,100,50,0.0001,0.8,0.2,0.0,0.0,22.264,21.745819159722256
G01_R0354,G01,LOGO,holdout_G01,G01,100,50,0.0001,0.8,0.3,0.0,0.0,24.161,23.62160245921094
G01_R0355,G01,LOGO,holdout_G01,G01,100,50,0.0001,0.75,0.1,0.0,0.0,20.864,20.12411708680561
G01_R0356,G01,LOGO,holdout_G01,G01,100,50,0.0001,0.75,0.2,0.0,0.0,22.274,21.74992642361111
G01_R0357,G01,LOGO,holdout_G01,G01,100,50,0.0001,0.75,0.3,0.0,0.0,24.175,23.62689082627445
G01_R0358,G01,LOGO,holdout_G01,G01,100,50,0.0001,0.7,0.1,0.0,0.0,20.873,20.12463129513894
G01_R0359,G01,LOGO,holdout_G01,G01,100,50,0.0001,0.7,0.2,0.0,0.0,22.285,21.750649756944444
G01_R0360,G01,LOGO,holdout_G01,G01,100,50,0.0001,0.7,0.3,0.0,0.0,24.19,23.62784054502445
G01_R0361,G01,LOGO,holdout_G01,G01,100,50,1e-05,0.85,0.1,0.0,0.0,21.019,20.26856719047624
G01_R0362,G01,LOGO,holdout_G01,G01,100,50,1e-05,0.85,0.2,0.0,0.0,22.42,21.9256629681638
G01_R0363,G01,LOGO,holdout_G01,G01,100,50,1e-05,0.85,0.3,0.0,0.0,24.395,23.862922638077134
G01_R0364,G01,LOGO,holdout_G01,G01,100,50,1e-05,0.8,0.1,0.0,0.0,21.021,20.268670919642908
G01_R0365,G01,LOGO,holdout_G01,G01,100,50,1e-05,0.8,0.2,0.0,0.0,22.424,21.925994375901897
G01_R0366,G01,LOGO,holdout_G01,G01,100,50,1e-05,0.8,0.3,0.0,0.0,24.4,23.86313955027953
G01_R0367,G01,LOGO,holdout_G01,G01,100,50,1e-05,0.75,0.1,0.0,0.0,21.024,20.269679050595265
G01_R0368,G01,LOGO,holdout_G01,G01,100,50,1e-05,0.75,0.2,0.0,0.0,22.427,21.9274643982233
G01_R0369,G01,LOGO,holdout_G01,G01,100,50,1e-05,0.75,0.3,0.0,0.0,24.405,23.86486360087477
G01_R0370,G01,LOGO,holdout_G01,G01,100,50,1e-05,0.7,0.1,0.0,0.0,21.026,20.26975212202385
G01_R0371,G01,LOGO,holdout_G01,G01,100,50,1e-05,0.7,0.2,0.0,0.0,22.431,21.92764793988997
G01_R0372,G01,LOGO,holdout_G01,G01,100,50,1e-05,0.7,0.3,0.0,0.0,24.41,23.865135000495982
G01_R0373,G01,LOGO,holdout_G01,G01,100,50,1e-06,0.85,0.1,0.0,0.0,21.074,20.30501421031738
G01_R0374,G01,LOGO,holdout_G01,G01,100,50,1e-06,0.85,0.2,0.0,0.0,22.472,21.9790380193454
G01_R0375,G01,LOGO,holdout_G01,G01,100,50,1e-06,0.85,0.3,0.0,0.0,24.462,23.912658317415207
G01_R0376,G01,LOGO,holdout_G01,G01,100,50,1e-06,0.8,0.1,0.0,0.0,21.074,20.30504352281739
G01_R0377,G01,LOGO,holdout_G01,G01,100,50,1e-06,0.8,0.2,0.0,0.0,22.473,21.979025199900946
G01_R0378,G01,LOGO,holdout_G01,G01,100,50,1e-06,0.8,0.3,0.0,0.0,24.463,23.912955765331887
G01_R0379,G01,LOGO,holdout_G01,G01,100,50,1e-06,0.75,0.1,0.0,0.0,21.075,20.305475807043603
G01_R0380,G01,LOGO,holdout_G01,G01,100,50,1e-06,0.75,0.2,0.0,0.0,22.473,21.979103081845388
G01_R0381,G01,LOGO,holdout_G01,G01,100,50,1e-06,0.75,0.3,0.0,0.0,24.464,23.913725223665253
G01_R0382,G01,LOGO,holdout_G01,G01,100,50,1e-06,0.7,0.1,0.0,0.0,21.075,20.305549149305516
G01_R0383,G01,LOGO,holdout_G01,G01,100,50,1e-06,0.7,0.2,0.0,0.0,22.474,21.97912399851205
G01_R0384,G01,LOGO,holdout_G01,G01,100,50,1e-06,0.7,0.3,0.0,0.0,24.466,23.913985769119797
G01_R0385,G01,LOGO,holdout_G01,G01,250,3,0.001,0.85,0.1,0.0,0.0,11.248,10.928432513392853
G01_R0386,G01,LOGO,holdout_G01,G01,250,3,0.001,0.85,0.2,0.0,0.0,12.002,11.733290929563475
G01_R0387,G01,LOGO,holdout_G01,G01,250,3,0.001,0.85,0.3,0.0,0.0,12.927,12.722498489583334
G01_R0388,G01,LOGO,holdout_G01,G01,250,3,0.001,0.8,0.1,0.0,0.0,11.26,10.929124334821422
G01_R0389,G01,LOGO,holdout_G01,G01,250,3,0.001,0.8,0.2,0.0,0.0,12.016,11.733818048611097
G01_R0390,G01,LOGO,holdout_G01,G01,250,3,0.001,0.8,0.3,0.0,0.0,12.945,12.723294706845238
G01_R0391,G01,LOGO,holdout_G01,G01,250,3,0.001,0.75,0.1,0.0,0.0,11.271,10.934539629464297
G01_R0392,G01,LOGO,holdout_G01,G01,250,3,0.001,0.75,0.2,0.0,0.0,12.031,11.739276672123
G01_R0393,G01,LOGO,holdout_G01,G01,250,3,0.001,0.75,0.3,0.0,0.0,12.965,12.731988531746005
G01_R0394,G01,LOGO,holdout_G01,G01,250,3,0.001,0.7,0.1,0.0,0.0,11.284,10.93508658779763
G01_R0395,G01,LOGO,holdout_G01,G01,250,3,0.001,0.7,0.2,0.0,0.0,12.048,11.739452713789666
G01_R0396,G01,LOGO,holdout_G01,G01,250,3,0.001,0.7,0.3,0.0,0.0,12.986,12.73245507936505
G01_R0397,G01,LOGO,holdout_G01,G01,250,3,0.0001,0.85,0.1,0.0,0.0,11.497,11.162523309523822
G01_R0398,G01,LOGO,holdout_G01,G01,250,3,0.0001,0.85,0.2,0.0,0.0,12.319,11.994346952651522
G01_R0399,G01,LOGO,holdout_G01,G01,250,3,0.0001,0.85,0.3,0.0,0.0,13.424,13.123905472222232
G01_R0400,G01,LOGO,holdout_G01,G01,250,3,0.0001,0.8,0.1,0.0,0.0,11.501,11.163140247023824
G01_R0401,G01,LOGO,holdout_G01,G01,250,3,0.0001,0.8,0.2,0.0,0.0,12.325,11.994887482413423
G01_R0402,G01,LOGO,holdout_G01,G01,250,3,0.0001,0.8,0.3,0.0,0.0,13.432,13.124977027281757
G01_R0403,G01,LOGO,holdout_G01,G01,250,3,0.0001,0.75,0.1,0.0,0.0,11.505,11.16487219146827
G01_R0404,G01,LOGO,holdout_G01,G01,250,3,0.0001,0.75,0.2,0.0,0.0,12.332,11.997154817234858
G01_R0405,G01,LOGO,holdout_G01,G01,250,3,0.0001,0.75,0.3,0.0,0.0,13.441,13.128037555555558
G01_R0406,G01,LOGO,holdout_G01,G01,250,3,0.0001,0.7,0.1,0.0,0.0,11.51,11.164716503968268
G01_R0407,G01,LOGO,holdout_G01,G01,250,3,0.0001,0.7,0.2,0.0,0.0,12.339,11.997221202651524
G01_R0408,G01,LOGO,holdout_G01,G01,250,3,0.0001,0.7,0.3,0.0,0.0,13.45,13.128259945436511
G01_R0409,G01,LOGO,holdout_G01,G01,250,3,1e-05,0.85,0.1,0.0,0.0,11.564,11.216639119543675
G01_R0410,G01,LOGO,holdout_G01,G01,250,3,1e-05,0.85,0.2,0.0,0.0,12.364,12.018337831845274
G01_R0411,G01,LOGO,holdout_G01,G01,250,3,1e-05,0.85,0.3,0.0,0.0,13.506,13.169366294687938
G01_R0412,G01,LOGO,holdout_G01,G01,250,3,1e-05,0.8,0.1,0.0,0.0,11.565,11.217317403769869
G01_R0413,G01,LOGO,holdout_G01,G01,250,3,1e-05,0.8,0.2,0.0,0.0,12.367,12.019455650297663
G01_R0414,G01,LOGO,holdout_G01,G01,250,3,1e-05,0.8,0.3,0.0,0.0,13.51,13.171204349747487
G01_R0415,G01,LOGO,holdout_G01,G01,250,3,1e-05,0.75,0.1,0.0,0.0,11.567,11.218098318452384
G01_R0416,G01,LOGO,holdout_G01,G01,250,3,1e-05,0.75,0.2,0.0,0.0,12.37,12.021763852678571
G01_R0417,G01,LOGO,holdout_G01,G01,250,3,1e-05,0.75,0.3,0.0,0.0,13.514,13.17337995982145
G01_R0418,G01,LOGO,holdout_G01,G01,250,3,1e-05,0.7,0.1,0.0,0.0,11.568,11.218021380952385
G01_R0419,G01,LOGO,holdout_G01,G01,250,3,1e-05,0.7,0.2,0.0,0.0,12.373,12.022501401785712
G01_R0420,G01,LOGO,holdout_G01,G01,250,3,1e-05,0.7,0.3,0.0,0.0,13.519,13.17420325545637
G01_R0421,G01,LOGO,holdout_G01,G01,250,3,1e-06,0.85,0.1,0.0,0.0,11.587,11.23380787996031
G01_R0422,G01,LOGO,holdout_G01,G01,250,3,1e-06,0.85,0.2,0.0,0.0,12.368,12.018397610615123
G01_R0423,G01,LOGO,holdout_G01,G01,250,3,1e-06,0.85,0.3,0.0,0.0,13.509,13.167609203914084
G01_R0424,G01,LOGO,holdout_G01,G01,250,3,1e-06,0.8,0.1,0.0,0.0,11.587,11.234308476686506
G01_R0425,G01,LOGO,holdout_G01,G01,250,3,1e-06,0.8,0.2,0.0,0.0,12.369,12.01946986656752
G01_R0426,G01,LOGO,holdout_G01,G01,250,3,1e-06,0.8,0.3,0.0,0.0,13.51,13.169170534271256
G01_R0427,G01,LOGO,holdout_G01,G01,250,3,1e-06,0.75,0.1,0.0,0.0,11.587,11.234516061011911
G01_R0428,G01,LOGO,holdout_G01,G01,250,3,1e-06,0.75,0.2,0.0,0.0,12.37,12.021569818948429
G01_R0429,G01,LOGO,holdout_G01,G01,250,3,1e-06,0.75,0.3,0.0,0.0,13.512,13.171089976190489
G01_R0430,G01,LOGO,holdout_G01,G01,250,3,1e-06,0.7,0.1,0.0,0.0,11.588,11.234561727678578
G01_R0431,G01,LOGO,holdout_G01,G01,250,3,1e-06,0.7,0.2,0.0,0.0,12.371,12.022362253472233
G01_R0432,G01,LOGO,holdout_G01,G01,250,3,1e-06,0.7,0.3,0.0,0.0,13.513,13.171915178571444
G01_R0433,G01,LOGO,holdout_G01,G01,250,6,0.001,0.85,0.1,0.0,0.0,13.884,13.418554388032096
G01_R0434,G01,LOGO,holdout_G01,G01,250,6,0.001,0.85,0.2,0.0,0.0,14.746,14.395330937003978
G01_R0435,G01,LOGO,holdout_G01,G01,250,6,0.001,0.85,0.3,0.0,0.0,15.858,15.580742886273438
G01_R0436,G01,LOGO,holdout_G01,G01,250,6,0.001,0.8,0.1,0.0,0.0,13.897,13.418726286841622
G01_R0437,G01,LOGO,holdout_G01,G01,250,6,0.001,0.8,0.2,0.0,0.0,14.763,14.396243032242076
G01_R0438,G01,LOGO,holdout_G01,G01,250,6,0.001,0.8,0.3,0.0,0.0,15.88,15.581878740440104
G01_R0439,G01,LOGO,holdout_G01,G01,250,6,0.001,0.75,0.1,0.0,0.0,13.912,13.424192566603546
G01_R0440,G01,LOGO,holdout_G01,G01,250,6,0.001,0.75,0.2,0.0,0.0,14.782,14.40413559474209
G01_R0441,G01,LOGO,holdout_G01,G01,250,6,0.001,0.75,0.3,0.0,0.0,15.903,15.591814474071036
G01_R0442,G01,LOGO,holdout_G01,G01,250,6,0.001,0.7,0.1,0.0,0.0,13.927,13.424851222853544
G01_R0443,G01,LOGO,holdout_G01,G01,250,6,0.001,0.7,0.2,0.0,0.0,14.802,14.404352556051611
G01_R0444,G01,LOGO,holdout_G01,G01,250,6,0.001,0.7,0.3,0.0,0.0,15.928,15.59278159510279
G01_R0445,G01,LOGO,holdout_G01,G01,250,6,0.0001,0.85,0.1,0.0,0.0,14.134,13.693857897321422
G01_R0446,G01,LOGO,holdout_G01,G01,250,6,0.0001,0.85,0.2,0.0,0.0,15.122,14.696528660714293
G01_R0447,G01,LOGO,holdout_G01,G01,250,6,0.0001,0.85,0.3,0.0,0.0,16.446,16.047754173611096
G01_R0448,G01,LOGO,holdout_G01,G01,250,6,0.0001,0.8,0.1,0.0,0.0,14.139,13.694314528273804
G01_R0449,G01,LOGO,holdout_G01,G01,250,6,0.0001,0.8,0.2,0.0,0.0,15.13,14.6970149680736
G01_R0450,G01,LOGO,holdout_G01,G01,250,6,0.0001,0.8,0.3,0.0,0.0,16.456,16.048662881944423
G01_R0451,G01,LOGO,holdout_G01,G01,250,6,0.0001,0.75,0.1,0.0,0.0,14.144,13.695993061011896
G01_R0452,G01,LOGO,holdout_G01,G01,250,6,0.0001,0.75,0.2,0.0,0.0,15.138,14.70048522700217
G01_R0453,G01,LOGO,holdout_G01,G01,250,6,0.0001,0.75,0.3,0.0,0.0,16.466,16.052271320932533
G01_R0454,G01,LOGO,holdout_G01,G01,250,6,0.0001,0.7,0.1,0.0,0.0,14.15,13.695728248511896
G01_R0455,G01,LOGO,holdout_G01,G01,250,6,0.0001,0.7,0.2,0.0,0.0,15.147,14.700651212121215
G01_R0456,G01,LOGO,holdout_G01,G01,250,6,0.0001,0.7,0.3,0.0,0.0,16.477,16.052231676091267
G01_R0457,G01,LOGO,holdout_G01,G01,250,6,1e-05,0.85,0.1,0.0,0.0,14.214,13.757012087662268
G01_R0458,G01,LOGO,holdout_G01,G01,250,6,1e-05,0.85,0.2,0.0,0.0,15.171,14.718121499278508
G01_R0459,G01,LOGO,holdout_G01,G01,250,6,1e-05,0.85,0.3,0.0,0.0,16.536,16.096743184704202
G01_R0460,G01,LOGO,holdout_G01,G01,250,6,1e-05,0.8,0.1,0.0,0.0,14.215,13.757557093614643
G01_R0461,G01,LOGO,holdout_G01,G01,250,6,1e-05,0.8,0.2,0.0,0.0,15.175,14.71966759532828
G01_R0462,G01,LOGO,holdout_G01,G01,250,6,1e-05,0.8,0.3,0.0,0.0,16.54,16.09792791982324
G01_R0463,G01,LOGO,holdout_G01,G01,250,6,1e-05,0.75,0.1,0.0,0.0,14.217,13.758209417027366
G01_R0464,G01,LOGO,holdout_G01,G01,250,6,1e-05,0.75,0.2,0.0,0.0,15.178,14.723483282061682
G01_R0465,G01,LOGO,holdout_G01,G01,250,6,1e-05,0.75,0.3,0.0,0.0,16.546,16.100437012085155
G01_R0466,G01,LOGO,holdout_G01,G01,250,6,1e-05,0.7,0.1,0.0,0.0,14.219,13.75797307341265
G01_R0467,G01,LOGO,holdout_G01,G01,250,6,1e-05,0.7,0.2,0.0,0.0,15.182,14.724147895156934
G01_R0468,G01,LOGO,holdout_G01,G01,250,6,1e-05,0.7,0.3,0.0,0.0,16.551,16.10103568668832
G01_R0469,G01,LOGO,holdout_G01,G01,250,6,1e-06,0.85,0.1,0.0,0.0,14.241,13.77705513329717
G01_R0470,G01,LOGO,holdout_G01,G01,250,6,1e-06,0.85,0.2,0.0,0.0,15.175,14.715529357909457
G01_R0471,G01,LOGO,holdout_G01,G01,250,6,1e-06,0.85,0.3,0.0,0.0,16.536,16.09115540449143
G01_R0472,G01,LOGO,holdout_G01,G01,250,6,1e-06,0.8,0.1,0.0,0.0,14.241,13.777550680916214
G01_R0473,G01,LOGO,holdout_G01,G01,250,6,1e-06,0.8,0.2,0.0,0.0,15.176,14.716847212887789
G01_R0474,G01,LOGO,holdout_G01,G01,250,6,1e-06,0.8,0.3,0.0,0.0,16.538,16.09213430627713
G01_R0475,G01,LOGO,holdout_G01,G01,250,6,1e-06,0.75,0.1,0.0,0.0,14.242,13.777887519209878
G01_R0476,G01,LOGO,holdout_G01,G01,250,6,1e-06,0.75,0.2,0.0,0.0,15.177,14.720720146645004
G01_R0477,G01,LOGO,holdout_G01,G01,250,6,1e-06,0.75,0.3,0.0,0.0,16.54,16.093904469967583
G01_R0478,G01,LOGO,holdout_G01,G01,250,6,1e-06,0.7,0.1,0.0,0.0,14.242,13.777839550595164
G01_R0479,G01,LOGO,holdout_G01,G01,250,6,1e-06,0.7,0.2,0.0,0.0,15.178,14.721461471049777
G01_R0480,G01,LOGO,holdout_G01,G01,250,6,1e-06,0.7,0.3,0.0,0.0,16.542,16.09461167730884
G01_R0481,G01,LOGO,holdout_G01,G01,250,20,0.001,0.85,0.1,0.0,0.0,20.506,19.817193696428557
G01_R0482,G01,LOGO,holdout_G01,G01,250,20,0.001,0.85,0.2,0.0,0.0,21.924,21.302693940882037
G01_R0483,G01,LOGO,holdout_G01,G01,250,20,0.001,0.85,0.3,0.0,0.0,23.529,23.03182966220238
G01_R0484,G01,LOGO,holdout_G01,G01,250,20,0.001,0.8,0.1,0.0,0.0,20.527,19.81981007142856
G01_R0485,G01,LOGO,holdout_G01,G01,250,20,0.001,0.8,0.2,0.0,0.0,21.951,21.304285045048697
G01_R0486,G01,LOGO,holdout_G01,G01,250,20,0.001,0.8,0.3,0.0,0.0,23.563,23.033451224702382
G01_R0487,G01,LOGO,holdout_G01,G01,250,20,0.001,0.75,0.1,0.0,0.0,20.55,19.827389669642844
G01_R0488,G01,LOGO,holdout_G01,G01,250,20,0.001,0.75,0.2,0.0,0.0,21.979,21.315711643262947
G01_R0489,G01,LOGO,holdout_G01,G01,250,20,0.001,0.75,0.3,0.0,0.0,23.598,23.04970109821428
G01_R0490,G01,LOGO,holdout_G01,G01,250,20,0.001,0.7,0.1,0.0,0.0,20.574,19.8287422172619
G01_R0491,G01,LOGO,holdout_G01,G01,250,20,0.001,0.7,0.2,0.0,0.0,22.009,21.31745245873914
G01_R0492,G01,LOGO,holdout_G01,G01,250,20,0.001,0.7,0.3,0.0,0.0,23.636,23.051753907738085
G01_R0493,G01,LOGO,holdout_G01,G01,250,20,0.0001,0.85,0.1,0.0,0.0,20.984,20.225318627435048
G01_R0494,G01,LOGO,holdout_G01,G01,250,20,0.0001,0.85,0.2,0.0,0.0,22.512,21.76490739980159
G01_R0495,G01,LOGO,holdout_G01,G01,250,20,0.0001,0.85,0.3,0.0,0.0,24.471,23.8037785074405
G01_R0496,G01,LOGO,holdout_G01,G01,250,20,0.0001,0.8,0.1,0.0,0.0,20.991,20.226612392316
G01_R0497,G01,LOGO,holdout_G01,G01,250,20,0.0001,0.8,0.2,0.0,0.0,22.524,21.766482590277786
G01_R0498,G01,LOGO,holdout_G01,G01,250,20,0.0001,0.8,0.3,0.0,0.0,24.486,23.8049583090278
G01_R0499,G01,LOGO,holdout_G01,G01,250,20,0.0001,0.75,0.1,0.0,0.0,21.0,20.2301394101732
G01_R0500,G01,LOGO,holdout_G01,G01,250,20,0.0001,0.75,0.2,0.0,0.0,22.537,21.77267890376982
G01_R0501,G01,LOGO,holdout_G01,G01,250,20,0.0001,0.75,0.3,0.0,0.0,24.502,23.8111283209326
G01_R0502,G01,LOGO,holdout_G01,G01,250,20,0.0001,0.7,0.1,0.0,0.0,21.009,20.22981926136367
G01_R0503,G01,LOGO,holdout_G01,G01,250,20,0.0001,0.7,0.2,0.0,0.0,22.551,21.77343723115077
G01_R0504,G01,LOGO,holdout_G01,G01,250,20,0.0001,0.7,0.3,0.0,0.0,24.519,23.81155650248021
G01_R0505,G01,LOGO,holdout_G01,G01,250,20,1e-05,0.85,0.1,0.0,0.0,21.1,20.316055045770224
G01_R0506,G01,LOGO,holdout_G01,G01,250,20,1e-05,0.85,0.2,0.0,0.0,22.568,21.786997433441535
G01_R0507,G01,LOGO,holdout_G01,G01,250,20,1e-05,0.85,0.3,0.0,0.0,24.618,23.875500664186514
G01_R0508,G01,LOGO,holdout_G01,G01,250,20,1e-05,0.8,0.1,0.0,0.0,21.102,20.317176221365457
G01_R0509,G01,LOGO,holdout_G01,G01,250,20,1e-05,0.8,0.2,0.0,0.0,22.573,21.78886874891774
G01_R0510,G01,LOGO,holdout_G01,G01,250,20,1e-05,0.8,0.3,0.0,0.0,24.627,23.876534964285725
G01_R0511,G01,LOGO,holdout_G01,G01,250,20,1e-05,0.75,0.1,0.0,0.0,21.105,20.318624798746352
G01_R0512,G01,LOGO,holdout_G01,G01,250,20,1e-05,0.75,0.2,0.0,0.0,22.579,21.792814248421703
G01_R0513,G01,LOGO,holdout_G01,G01,250,20,1e-05,0.75,0.3,0.0,0.0,24.634,23.88000059523811
G01_R0514,G01,LOGO,holdout_G01,G01,250,20,1e-05,0.7,0.1,0.0,0.0,21.108,20.31845721243681
G01_R0515,G01,LOGO,holdout_G01,G01,250,20,1e-05,0.7,0.2,0.0,0.0,22.586,21.793205659135992
G01_R0516,G01,LOGO,holdout_G01,G01,250,20,1e-05,0.7,0.3,0.0,0.0,24.644,23.88077709375001
G01_R0517,G01,LOGO,holdout_G01,G01,250,20,1e-06,0.85,0.1,0.0,0.0,21.137,20.343975520472668
G01_R0518,G01,LOGO,holdout_G01,G01,250,20,1e-06,0.85,0.2,0.0,0.0,22.568,21.711973481646847
G01_R0519,G01,LOGO,holdout_G01,G01,250,20,1e-06,0.85,0.3,0.0,0.0,24.603,23.86368050000001
G01_R0520,G01,LOGO,holdout_G01,G01,250,20,1e-06,0.8,0.1,0.0,0.0,21.137,20.34480355618696
G01_R0521,G01,LOGO,holdout_G01,G01,250,20,1e-06,0.8,0.2,0.0,0.0,22.57,21.71318660664685
G01_R0522,G01,LOGO,holdout_G01,G01,250,20,1e-06,0.8,0.3,0.0,0.0,24.606,23.86448042857144
G01_R0523,G01,LOGO,holdout_G01,G01,250,20,1e-06,0.75,0.1,0.0,0.0,21.138,20.345536065115528
G01_R0524,G01,LOGO,holdout_G01,G01,250,20,1e-06,0.75,0.2,0.0,0.0,22.572,21.715057122519788
G01_R0525,G01,LOGO,holdout_G01,G01,250,20,1e-06,0.75,0.3,0.0,0.0,24.61,23.866994178571414
G01_R0526,G01,LOGO,holdout_G01,G01,250,20,1e-06,0.7,0.1,0.0,0.0,21.138,20.34527181511552
G01_R0527,G01,LOGO,holdout_G01,G01,250,20,1e-06,0.7,0.2,0.0,0.0,22.574,21.71510717609121
G01_R0528,G01,LOGO,holdout_G01,G01,250,20,1e-06,0.7,0.3,0.0,0.0,24.615,23.86790205208332
G01_R0529,G01,LOGO,holdout_G01,G01,250,50,0.001,0.85,0.1,0.0,0.0,28.119,27.32040200297624
G01_R0530,G01,LOGO,holdout_G01,G01,250,50,0.001,0.85,0.2,0.0,0.0,30.582,29.46727650942457
G01_R0531,G01,LOGO,holdout_G01,G01,250,50,0.001,0.85,0.3,0.0,0.0,33.078,31.91190075414866
G01_R0532,G01,LOGO,holdout_G01,G01,250,50,0.001,0.8,0.1,0.0,0.0,28.148,27.32217678769848
G01_R0533,G01,LOGO,holdout_G01,G01,250,50,0.001,0.8,0.2,0.0,0.0,30.62,29.46966282638885
G01_R0534,G01,LOGO,holdout_G01,G01,250,50,0.001,0.8,0.3,0.0,0.0,33.127,31.91542232260105
G01_R0535,G01,LOGO,holdout_G01,G01,250,50,0.001,0.75,0.1,0.0,0.0,28.18,27.333473754960405
G01_R0536,G01,LOGO,holdout_G01,G01,250,50,0.001,0.75,0.2,0.0,0.0,30.659,29.48556799603169
G01_R0537,G01,LOGO,holdout_G01,G01,250,50,0.001,0.75,0.3,0.0,0.0,33.177,31.93788739254157
G01_R0538,G01,LOGO,holdout_G01,G01,250,50,0.001,0.7,0.1,0.0,0.0,28.672,27.33449133829373
G01_R0539,G01,LOGO,holdout_G01,G01,250,50,0.001,0.7,0.2,0.0,0.0,30.702,29.48689002728169
G01_R0540,G01,LOGO,holdout_G01,G01,250,50,0.001,0.7,0.3,0.0,0.0,33.23,31.94011400266062
G01_R0541,G01,LOGO,holdout_G01,G01,250,50,0.0001,0.85,0.1,0.0,0.0,28.797,27.910385032242047
G01_R0542,G01,LOGO,holdout_G01,G01,250,50,0.0001,0.85,0.2,0.0,0.0,31.468,30.14777358382937
G01_R0543,G01,LOGO,holdout_G01,G01,250,50,0.0001,0.85,0.3,0.0,0.0,34.585,32.991342723710225
G01_R0544,G01,LOGO,holdout_G01,G01,250,50,0.0001,0.8,0.1,0.0,0.0,28.808,27.911026303075374
G01_R0545,G01,LOGO,holdout_G01,G01,250,50,0.0001,0.8,0.2,0.0,0.0,31.486,30.151701818948418
G01_R0546,G01,LOGO,holdout_G01,G01,250,50,0.0001,0.8,0.3,0.0,0.0,34.609,32.99198823561498
G01_R0547,G01,LOGO,holdout_G01,G01,250,50,0.0001,0.75,0.1,0.0,0.0,28.82,27.9152309087301
G01_R0548,G01,LOGO,holdout_G01,G01,250,50,0.0001,0.75,0.2,0.0,0.0,31.505,30.16219849702377
G01_R0549,G01,LOGO,holdout_G01,G01,250,50,0.0001,0.75,0.3,0.0,0.0,34.632,33.000389988591245
G01_R0550,G01,LOGO,holdout_G01,G01,250,50,0.0001,0.7,0.1,0.0,0.0,28.832,27.914401414682484
G01_R0551,G01,LOGO,holdout_G01,G01,250,50,0.0001,0.7,0.2,0.0,0.0,31.526,30.16238179563488
G01_R0552,G01,LOGO,holdout_G01,G01,250,50,0.0001,0.7,0.3,0.0,0.0,34.657,33.00059440228172
G01_R0553,G01,LOGO,holdout_G01,G01,250,50,1e-05,0.85,0.1,0.0,0.0,28.987,28.02723024981957
G01_R0554,G01,LOGO,holdout_G01,G01,250,50,1e-05,0.85,0.2,0.0,0.0,31.078,30.171864107097782
G01_R0555,G01,LOGO,holdout_G01,G01,250,50,1e-05,0.85,0.3,0.0,0.0,34.774,33.07628694304657
G01_R0556,G01,LOGO,holdout_G01,G01,250,50,1e-05,0.8,0.1,0.0,0.0,28.991,28.02814446807353
G01_R0557,G01,LOGO,holdout_G01,G01,250,50,1e-05,0.8,0.2,0.0,0.0,31.085,30.176403383883503
G01_R0558,G01,LOGO,holdout_G01,G01,250,50,1e-05,0.8,0.3,0.0,0.0,34.786,33.077164496618
G01_R0559,G01,LOGO,holdout_G01,G01,250,50,1e-05,0.75,0.1,0.0,0.0,28.995,28.029801005275832
G01_R0560,G01,LOGO,holdout_G01,G01,250,50,1e-05,0.75,0.2,0.0,0.0,31.093,30.183960666125568
G01_R0561,G01,LOGO,holdout_G01,G01,250,50,1e-05,0.75,0.3,0.0,0.0,34.8,33.08353925703467
G01_R0562,G01,LOGO,holdout_G01,G01,250,50,1e-05,0.7,0.1,0.0,0.0,28.998,28.02909608414487
G01_R0563,G01,LOGO,holdout_G01,G01,250,50,1e-05,0.7,0.2,0.0,0.0,31.102,30.18343192307001
G01_R0564,G01,LOGO,holdout_G01,G01,250,50,1e-05,0.7,0.3,0.0,0.0,34.814,33.083891474296585
G01_R0565,G01,LOGO,holdout_G01,G01,250,50,1e-06,0.85,0.1,0.0,0.0,29.051,28.061748184523776
G01_R0566,G01,LOGO,holdout_G01,G01,250,50,1e-06,0.85,0.2,0.0,0.0,31.095,30.027385651785725
G01_R0567,G01,LOGO,holdout_G01,G01,250,50,1e-06,0.85,0.3,0.0,0.0,34.743,33.05703103382036
G01_R0568,G01,LOGO,holdout_G01,G01,250,50,1e-06,0.8,0.1,0.0,0.0,29.052,28.06235523611107
G01_R0569,G01,LOGO,holdout_G01,G01,250,50,1e-06,0.8,0.2,0.0,0.0,31.097,30.030698949404773
G01_R0570,G01,LOGO,holdout_G01,G01,250,50,1e-06,0.8,0.3,0.0,0.0,34.748,33.057570983225126
G01_R0571,G01,LOGO,holdout_G01,G01,250,50,1e-06,0.75,0.1,0.0,0.0,29.052,28.062913381944423
G01_R0572,G01,LOGO,holdout_G01,G01,250,50,1e-06,0.75,0.2,0.0,0.0,31.099,30.033645947420645
G01_R0573,G01,LOGO,holdout_G01,G01,250,50,1e-06,0.75,0.3,0.0,0.0,34.753,33.06224285078471
G01_R0574,G01,LOGO,holdout_G01,G01,250,50,1e-06,0.7,0.1,0.0,0.0,29.053,28.06248797867061
G01_R0575,G01,LOGO,holdout_G01,G01,250,50,1e-06,0.7,0.2,0.0,0.0,31.101,30.03291388492065
G01_R0576,G01,LOGO,holdout_G01,G01,250,50,1e-06,0.7,0.3,0.0,0.0,34.759,33.06272052637996
G01_R0577,G01,LOGO,holdout_G01,G01,500,3,0.001,0.85,0.1,0.0,0.0,14.265,13.642182123511928
G01_R0578,G01,LOGO,holdout_G01,G01,500,3,0.001,0.85,0.2,0.0,0.0,15.213,14.676353277777809
G01_R0579,G01,LOGO,holdout_G01,G01,500,3,0.001,0.85,0.3,0.0,0.0,16.392,15.991361674062045
G01_R0580,G01,LOGO,holdout_G01,G01,500,3,0.001,0.8,0.1,0.0,0.0,14.279,13.644413733630978
G01_R0581,G01,LOGO,holdout_G01,G01,500,3,0.001,0.8,0.2,0.0,0.0,15.232,14.679547319444476
G01_R0582,G01,LOGO,holdout_G01,G01,500,3,0.001,0.8,0.3,0.0,0.0,16.417,15.993198508883472
G01_R0583,G01,LOGO,holdout_G01,G01,500,3,0.001,0.75,0.1,0.0,0.0,14.295,13.650263790178569
G01_R0584,G01,LOGO,holdout_G01,G01,500,3,0.001,0.75,0.2,0.0,0.0,15.252,14.68676814037701
G01_R0585,G01,LOGO,holdout_G01,G01,500,3,0.001,0.75,0.3,0.0,0.0,16.443,16.003499840232653
G01_R0586,G01,LOGO,holdout_G01,G01,500,3,0.001,0.7,0.1,0.0,0.0,14.312,13.649499206845237
G01_R0587,G01,LOGO,holdout_G01,G01,500,3,0.001,0.7,0.2,0.0,0.0,15.273,14.689706911210344
G01_R0588,G01,LOGO,holdout_G01,G01,500,3,0.001,0.7,0.3,0.0,0.0,16.471,16.004504576839793
G01_R0589,G01,LOGO,holdout_G01,G01,500,3,0.0001,0.85,0.1,0.0,0.0,14.474,13.78122866080445
G01_R0590,G01,LOGO,holdout_G01,G01,500,3,0.0001,0.85,0.2,0.0,0.0,15.468,14.778498315972234
G01_R0591,G01,LOGO,holdout_G01,G01,500,3,0.0001,0.85,0.3,0.0,0.0,16.864,16.199068277281782
G01_R0592,G01,LOGO,holdout_G01,G01,500,3,0.0001,0.8,0.1,0.0,0.0,14.48,13.78353129175684
G01_R0593,G01,LOGO,holdout_G01,G01,500,3,0.0001,0.8,0.2,0.0,0.0,15.477,14.7825176076389
G01_R0594,G01,LOGO,holdout_G01,G01,500,3,0.0001,0.8,0.3,0.0,0.0,16.875,16.200789528769874
G01_R0595,G01,LOGO,holdout_G01,G01,500,3,0.0001,0.75,0.1,0.0,0.0,14.486,13.785444394570696
G01_R0596,G01,LOGO,holdout_G01,G01,500,3,0.0001,0.75,0.2,0.0,0.0,15.487,14.788697505952378
G01_R0597,G01,LOGO,holdout_G01,G01,500,3,0.0001,0.75,0.3,0.0,0.0,16.887,16.20673756746029
G01_R0598,G01,LOGO,holdout_G01,G01,500,3,0.0001,0.7,0.1,0.0,0.0,14.493,13.784673936237365
G01_R0599,G01,LOGO,holdout_G01,G01,500,3,0.0001,0.7,0.2,0.0,0.0,15.497,14.790734383928566
G01_R0600,G01,LOGO,holdout_G01,G01,500,3,0.0001,0.7,0.3,0.0,0.0,16.898,16.20655176835315
G01_R0601,G01,LOGO,holdout_G01,G01,500,3,1e-05,0.85,0.1,0.0,0.0,14.5,13.799086856927772
G01_R0602,G01,LOGO,holdout_G01,G01,500,3,1e-05,0.85,0.2,0.0,0.0,15.384,14.700580679563446
G01_R0603,G01,LOGO,holdout_G01,G01,500,3,1e-05,0.85,0.3,0.0,0.0,16.81,16.101847871031808
G01_R0604,G01,LOGO,holdout_G01,G01,500,3,1e-05,0.8,0.1,0.0,0.0,14.502,13.801013644130151
G01_R0605,G01,LOGO,holdout_G01,G01,500,3,1e-05,0.8,0.2,0.0,0.0,15.39,14.702154375992016
G01_R0606,G01,LOGO,holdout_G01,G01,500,3,1e-05,0.8,0.3,0.0,0.0,16.818,16.102500579861168
G01_R0607,G01,LOGO,holdout_G01,G01,500,3,1e-05,0.75,0.1,0.0,0.0,14.504,13.801603255872536
G01_R0608,G01,LOGO,holdout_G01,G01,500,3,1e-05,0.75,0.2,0.0,0.0,15.396,14.706041899305516
G01_R0609,G01,LOGO,holdout_G01,G01,500,3,1e-05,0.75,0.3,0.0,0.0,16.827,16.107271178075422
G01_R0610,G01,LOGO,holdout_G01,G01,500,3,1e-05,0.7,0.1,0.0,0.0,14.506,13.80139072015825
G01_R0611,G01,LOGO,holdout_G01,G01,500,3,1e-05,0.7,0.2,0.0,0.0,15.403,14.708426860615038
G01_R0612,G01,LOGO,holdout_G01,G01,500,3,1e-05,0.7,0.3,0.0,0.0,16.836,16.10858439980161
G01_R0613,G01,LOGO,holdout_G01,G01,500,3,1e-06,0.85,0.1,0.0,0.0,14.514,13.809360157928884
G01_R0614,G01,LOGO,holdout_G01,G01,500,3,1e-06,0.85,0.2,0.0,0.0,15.307,14.622610178300851
G01_R0615,G01,LOGO,holdout_G01,G01,500,3,1e-06,0.85,0.3,0.0,0.0,16.71,16.019329353535362
G01_R0616,G01,LOGO,holdout_G01,G01,500,3,1e-06,0.8,0.1,0.0,0.0,14.514,13.811284272512218
G01_R0617,G01,LOGO,holdout_G01,G01,500,3,1e-06,0.8,0.2,0.0,0.0,15.309,14.623414216991332
G01_R0618,G01,LOGO,holdout_G01,G01,500,3,1e-06,0.8,0.3,0.0,0.0,16.715,16.01961498597584
G01_R0619,G01,LOGO,holdout_G01,G01,500,3,1e-06,0.75,0.1,0.0,0.0,14.515,13.811311408064178
G01_R0620,G01,LOGO,holdout_G01,G01,500,3,1e-06,0.75,0.2,0.0,0.0,15.312,14.626125096455617
G01_R0621,G01,LOGO,holdout_G01,G01,500,3,1e-06,0.75,0.3,0.0,0.0,16.715,16.021701607007582
G01_R0622,G01,LOGO,holdout_G01,G01,500,3,1e-06,0.7,0.1,0.0,0.0,14.515,13.811088914016562
G01_R0623,G01,LOGO,holdout_G01,G01,500,3,1e-06,0.7,0.2,0.0,0.0,15.315,14.628106030979424
G01_R0624,G01,LOGO,holdout_G01,G01,500,3,1e-06,0.7,0.3,0.0,0.0,16.72,16.023314793019484
G01_R0625,G01,LOGO,holdout_G01,G01,500,6,0.001,0.85,0.1,0.0,0.0,17.816,16.98609978075392
G01_R0626,G01,LOGO,holdout_G01,G01,500,6,0.001,0.85,0.2,0.0,0.0,19.017,18.30375864087301
G01_R0627,G01,LOGO,holdout_G01,G01,500,6,0.001,0.85,0.3,0.0,0.0,20.545,20.002597551767657
G01_R0628,G01,LOGO,holdout_G01,G01,500,6,0.001,0.8,0.1,0.0,0.0,17.834,16.986915134920583
G01_R0629,G01,LOGO,holdout_G01,G01,500,6,0.001,0.8,0.2,0.0,0.0,19.041,18.306981096230157
G01_R0630,G01,LOGO,holdout_G01,G01,500,6,0.001,0.8,0.3,0.0,0.0,20.576,20.00797709095416
G01_R0631,G01,LOGO,holdout_G01,G01,500,6,0.001,0.75,0.1,0.0,0.0,17.854,16.992993192956295
G01_R0632,G01,LOGO,holdout_G01,G01,500,6,0.001,0.75,0.2,0.0,0.0,19.066,18.316156521329354
G01_R0633,G01,LOGO,holdout_G01,G01,500,6,0.001,0.75,0.3,0.0,0.0,20.609,20.023336736787503
G01_R0634,G01,LOGO,holdout_G01,G01,500,6,0.001,0.7,0.1,0.0,0.0,17.875,16.992296993551538
G01_R0635,G01,LOGO,holdout_G01,G01,500,6,0.001,0.7,0.2,0.0,0.0,19.093,18.31914227876983
G01_R0636,G01,LOGO,holdout_G01,G01,500,6,0.001,0.7,0.3,0.0,0.0,20.645,20.027830730835127
G01_R0637,G01,LOGO,holdout_G01,G01,500,6,0.0001,0.85,0.1,0.0,0.0,18.078,17.153863545003652
G01_R0638,G01,LOGO,holdout_G01,G01,500,6,0.0001,0.85,0.2,0.0,0.0,19.343,18.422852168786072
G01_R0639,G01,LOGO,holdout_G01,G01,500,6,0.0001,0.85,0.3,0.0,0.0,21.135,20.21619209920635
G01_R0640,G01,LOGO,holdout_G01,G01,500,6,0.0001,0.8,0.1,0.0,0.0,18.085,17.150662899170253
G01_R0641,G01,LOGO,holdout_G01,G01,500,6,0.0001,0.8,0.2,0.0,0.0,19.354,18.427371311643213
G01_R0642,G01,LOGO,holdout_G01,G01,500,6,0.0001,0.8,0.3,0.0,0.0,21.148,20.22495511755952
G01_R0643,G01,LOGO,holdout_G01,G01,500,6,0.0001,0.75,0.1,0.0,0.0,18.092,17.151608448277376
G01_R0644,G01,LOGO,holdout_G01,G01,500,6,0.0001,0.75,0.2,0.0,0.0,19.366,18.434665245670995
G01_R0645,G01,LOGO,holdout_G01,G01,500,6,0.0001,0.75,0.3,0.0,0.0,21.161,20.234857017857134
G01_R0646,G01,LOGO,holdout_G01,G01,500,6,0.0001,0.7,0.1,0.0,0.0,18.1,17.152661467622668
G01_R0647,G01,LOGO,holdout_G01,G01,500,6,0.0001,0.7,0.2,0.0,0.0,19.38,18.436723451028143
G01_R0648,G01,LOGO,holdout_G01,G01,500,6,0.0001,0.7,0.3,0.0,0.0,21.176,20.23626933482143
G01_R0649,G01,LOGO,holdout_G01,G01,500,6,1e-05,0.85,0.1,0.0,0.0,18.096,17.160348386273473
G01_R0650,G01,LOGO,holdout_G01,G01,500,6,1e-05,0.85,0.2,0.0,0.0,19.19,18.266325841765862
G01_R0651,G01,LOGO,holdout_G01,G01,500,6,1e-05,0.85,0.3,0.0,0.0,20.992,20.04194871428575
G01_R0652,G01,LOGO,holdout_G01,G01,500,6,1e-05,0.8,0.1,0.0,0.0,18.098,17.157022018713885
G01_R0653,G01,LOGO,holdout_G01,G01,500,6,1e-05,0.8,0.2,0.0,0.0,19.198,18.268624338789675
G01_R0654,G01,LOGO,holdout_G01,G01,500,6,1e-05,0.8,0.3,0.0,0.0,21.003,20.04571778918653
G01_R0655,G01,LOGO,holdout_G01,G01,500,6,1e-05,0.75,0.1,0.0,0.0,18.101,17.158494410082927
G01_R0656,G01,LOGO,holdout_G01,G01,500,6,1e-05,0.75,0.2,0.0,0.0,19.206,18.273427610615077
G01_R0657,G01,LOGO,holdout_G01,G01,500,6,1e-05,0.75,0.3,0.0,0.0,21.014,20.05153894543652
G01_R0658,G01,LOGO,holdout_G01,G01,500,6,1e-05,0.7,0.1,0.0,0.0,18.1,17.15962685353536
G01_R0659,G01,LOGO,holdout_G01,G01,500,6,1e-05,0.7,0.2,0.0,0.0,19.214,18.275896354662688
G01_R0660,G01,LOGO,holdout_G01,G01,500,6,1e-05,0.7,0.3,0.0,0.0,21.026,20.052899034722238
G01_R0661,G01,LOGO,holdout_G01,G01,500,6,1e-06,0.85,0.1,0.0,0.0,18.114,17.17591106944452
G01_R0662,G01,LOGO,holdout_G01,G01,500,6,1e-06,0.85,0.2,0.0,0.0,19.091,18.174728555059502
G01_R0663,G01,LOGO,holdout_G01,G01,500,6,1e-06,0.85,0.3,0.0,0.0,20.871,19.921321971500703
G01_R0664,G01,LOGO,holdout_G01,G01,500,6,1e-06,0.8,0.1,0.0,0.0,18.115,17.17571494890881
G01_R0665,G01,LOGO,holdout_G01,G01,500,6,1e-06,0.8,0.2,0.0,0.0,19.094,18.17561853422617
G01_R0666,G01,LOGO,holdout_G01,G01,500,6,1e-06,0.8,0.3,0.0,0.0,20.878,19.92275856425864
G01_R0667,G01,LOGO,holdout_G01,G01,500,6,1e-06,0.75,0.1,0.0,0.0,18.115,17.176559435515966
G01_R0668,G01,LOGO,holdout_G01,G01,500,6,1e-06,0.75,0.2,0.0,0.0,19.098,18.17792466220237
G01_R0669,G01,LOGO,holdout_G01,G01,500,6,1e-06,0.75,0.3,0.0,0.0,20.855,19.928906476461023
G01_R0670,G01,LOGO,holdout_G01,G01,500,6,1e-06,0.7,0.1,0.0,0.0,18.116,17.17644770486121
G01_R0671,G01,LOGO,holdout_G01,G01,500,6,1e-06,0.7,0.2,0.0,0.0,19.102,18.17906837648808
G01_R0672,G01,LOGO,holdout_G01,G01,500,6,1e-06,0.7,0.3,0.0,0.0,20.862,19.931157190746735
G01_R0673,G01,LOGO,holdout_G01,G01,500,20,0.001,0.85,0.1,0.0,0.0,27.045,25.61536279464287
G01_R0674,G01,LOGO,holdout_G01,G01,500,20,0.001,0.85,0.2,0.0,0.0,29.136,27.87900192460314
G01_R0675,G01,LOGO,holdout_G01,G01,500,20,0.001,0.85,0.3,0.0,0.0,31.741,30.46746861855164
G01_R0676,G01,LOGO,holdout_G01,G01,500,20,0.001,0.8,0.1,0.0,0.0,27.075,25.61090426339287
G01_R0677,G01,LOGO,holdout_G01,G01,500,20,0.001,0.8,0.2,0.0,0.0,29.176,27.88097939484125
G01_R0678,G01,LOGO,holdout_G01,G01,500,20,0.001,0.8,0.3,0.0,0.0,31.792,30.474723931051656
G01_R0679,G01,LOGO,holdout_G01,G01,500,20,0.001,0.75,0.1,0.0,0.0,27.108,25.62269358035715
G01_R0680,G01,LOGO,holdout_G01,G01,500,20,0.001,0.75,0.2,0.0,0.0,29.218,27.892556257936512
G01_R0681,G01,LOGO,holdout_G01,G01,500,20,0.001,0.75,0.3,0.0,0.0,31.846,30.49709101438499
G01_R0682,G01,LOGO,holdout_G01,G01,500,20,0.001,0.7,0.1,0.0,0.0,27.143,25.6224349970238
G01_R0683,G01,LOGO,holdout_G01,G01,500,20,0.001,0.7,0.2,0.0,0.0,29.263,27.893263216269844
G01_R0684,G01,LOGO,holdout_G01,G01,500,20,0.001,0.7,0.3,0.0,0.0,31.902,30.504720189980223
G01_R0685,G01,LOGO,holdout_G01,G01,500,20,0.0001,0.85,0.1,0.0,0.0,27.511,25.82334433887987
G01_R0686,G01,LOGO,holdout_G01,G01,500,20,0.0001,0.85,0.2,0.0,0.0,29.679,28.03409154960314
G01_R0687,G01,LOGO,holdout_G01,G01,500,20,0.0001,0.85,0.3,0.0,0.0,32.78,30.87210607192461
G01_R0688,G01,LOGO,holdout_G01,G01,500,20,0.0001,0.8,0.1,0.0,0.0,27.523,25.790056639475125
G01_R0689,G01,LOGO,holdout_G01,G01,500,20,0.0001,0.8,0.2,0.0,0.0,29.697,28.036421790674584
G01_R0690,G01,LOGO,holdout_G01,G01,500,20,0.0001,0.8,0.3,0.0,0.0,32.803,30.880734551091287
G01_R0691,G01,LOGO,holdout_G01,G01,500,20,0.0001,0.75,0.1,0.0,0.0,27.536,25.78802564145927
G01_R0692,G01,LOGO,holdout_G01,G01,500,20,0.0001,0.75,0.2,0.0,0.0,29.717,28.0457022936508
G01_R0693,G01,LOGO,holdout_G01,G01,500,20,0.0001,0.75,0.3,0.0,0.0,32.827,30.897223598710312
G01_R0694,G01,LOGO,holdout_G01,G01,500,20,0.0001,0.7,0.1,0.0,0.0,27.549,25.79092429374096
G01_R0695,G01,LOGO,holdout_G01,G01,500,20,0.0001,0.7,0.2,0.0,0.0,29.738,28.044946314484136
G01_R0696,G01,LOGO,holdout_G01,G01,500,20,0.0001,0.7,0.3,0.0,0.0,32.853,30.901809878472218
G01_R0697,G01,LOGO,holdout_G01,G01,500,20,1e-05,0.85,0.1,0.0,0.0,27.4,25.82810964393936
G01_R0698,G01,LOGO,holdout_G01,G01,500,20,1e-05,0.85,0.2,0.0,0.0,29.177,27.594591840277705
G01_R0699,G01,LOGO,holdout_G01,G01,500,20,1e-05,0.85,0.3,0.0,0.0,32.178,30.33239025036076
G01_R0700,G01,LOGO,holdout_G01,G01,500,20,1e-05,0.8,0.1,0.0,0.0,27.403,25.798080771915565
G01_R0701,G01,LOGO,holdout_G01,G01,500,20,1e-05,0.8,0.2,0.0,0.0,29.188,27.59492094444437
G01_R0702,G01,LOGO,holdout_G01,G01,500,20,1e-05,0.8,0.3,0.0,0.0,32.195,30.331594177444096
G01_R0703,G01,LOGO,holdout_G01,G01,500,20,1e-05,0.75,0.1,0.0,0.0,27.408,25.796632081439384
G01_R0704,G01,LOGO,holdout_G01,G01,500,20,1e-05,0.75,0.2,0.0,0.0,29.202,27.598769387896787
G01_R0705,G01,LOGO,holdout_G01,G01,500,20,1e-05,0.75,0.3,0.0,0.0,32.214,30.340611748872707
G01_R0706,G01,LOGO,holdout_G01,G01,500,20,1e-05,0.7,0.1,0.0,0.0,27.371,25.799376046221077
G01_R0707,G01,LOGO,holdout_G01,G01,500,20,1e-05,0.7,0.2,0.0,0.0,29.216,27.598062054563453
G01_R0708,G01,LOGO,holdout_G01,G01,500,20,1e-05,0.7,0.3,0.0,0.0,32.234,30.34844414470604
G01_R0709,G01,LOGO,holdout_G01,G01,500,20,1e-06,0.85,0.1,0.0,0.0,27.431,25.84068208545271
G01_R0710,G01,LOGO,holdout_G01,G01,500,20,1e-06,0.85,0.2,0.0,0.0,29.011,27.45985476736114
G01_R0711,G01,LOGO,holdout_G01,G01,500,20,1e-06,0.85,0.3,0.0,0.0,31.936,30.16739471631496
G01_R0712,G01,LOGO,holdout_G01,G01,500,20,1e-06,0.8,0.1,0.0,0.0,27.432,25.825320804698755
G01_R0713,G01,LOGO,holdout_G01,G01,500,20,1e-06,0.8,0.2,0.0,0.0,29.015,27.459034496527806
G01_R0714,G01,LOGO,holdout_G01,G01,500,20,1e-06,0.8,0.3,0.0,0.0,31.946,30.166648601731616
G01_R0715,G01,LOGO,holdout_G01,G01,500,20,1e-06,0.75,0.1,0.0,0.0,27.433,25.82436638207973
G01_R0716,G01,LOGO,holdout_G01,G01,500,20,1e-06,0.75,0.2,0.0,0.0,29.021,27.462758124503956
G01_R0717,G01,LOGO,holdout_G01,G01,500,20,1e-06,0.75,0.3,0.0,0.0,31.956,30.17318356304109
G01_R0718,G01,LOGO,holdout_G01,G01,500,20,1e-06,0.7,0.1,0.0,0.0,27.434,25.82519351948052
G01_R0719,G01,LOGO,holdout_G01,G01,500,20,1e-06,0.7,0.2,0.0,0.0,29.028,27.46389097867062
G01_R0720,G01,LOGO,holdout_G01,G01,500,20,1e-06,0.7,0.3,0.0,0.0,31.969,30.18321702881489
G01_R0721,G01,LOGO,holdout_G01,G01,500,50,0.001,0.85,0.1,0.0,0.0,37.512,35.41403051984132
G01_R0722,G01,LOGO,holdout_G01,G01,500,50,0.001,0.85,0.2,0.0,0.0,40.021,38.55097206696442
G01_R0723,G01,LOGO,holdout_G01,G01,500,50,0.001,0.85,0.3,0.0,0.0,44.456,41.83064667212294
G01_R0724,G01,LOGO,holdout_G01,G01,500,50,0.001,0.8,0.1,0.0,0.0,37.556,35.416250118055586
G01_R0725,G01,LOGO,holdout_G01,G01,500,50,0.001,0.8,0.2,0.0,0.0,40.071,38.54813523958349
G01_R0726,G01,LOGO,holdout_G01,G01,500,50,0.001,0.8,0.3,0.0,0.0,44.522,41.84505779712296
G01_R0727,G01,LOGO,holdout_G01,G01,500,50,0.001,0.75,0.1,0.0,0.0,37.602,35.38519677678569
G01_R0728,G01,LOGO,holdout_G01,G01,500,50,0.001,0.75,0.2,0.0,0.0,40.128,38.59225966220248
G01_R0729,G01,LOGO,holdout_G01,G01,500,50,0.001,0.75,0.3,0.0,0.0,44.591,41.89601701736101
G01_R0730,G01,LOGO,holdout_G01,G01,500,50,0.001,0.7,0.1,0.0,0.0,37.649,35.38503239285713
G01_R0731,G01,LOGO,holdout_G01,G01,500,50,0.001,0.7,0.2,0.0,0.0,40.199,38.6074888764882
G01_R0732,G01,LOGO,holdout_G01,G01,500,50,0.001,0.7,0.3,0.0,0.0,44.661,41.89006731944434
G01_R0733,G01,LOGO,holdout_G01,G01,500,50,0.0001,0.85,0.1,0.0,0.0,38.127,35.6750406258117
G01_R0734,G01,LOGO,holdout_G01,G01,500,50,0.0001,0.85,0.2,0.0,0.0,40.47,38.62059275500536
G01_R0735,G01,LOGO,holdout_G01,G01,500,50,0.0001,0.85,0.3,0.0,0.0,44.451,42.40851929464292
G01_R0736,G01,LOGO,holdout_G01,G01,500,50,0.0001,0.8,0.1,0.0,0.0,38.14,35.67710296509739
G01_R0737,G01,LOGO,holdout_G01,G01,500,50,0.0001,0.8,0.2,0.0,0.0,40.494,38.6098792460768
G01_R0738,G01,LOGO,holdout_G01,G01,500,50,0.0001,0.8,0.3,0.0,0.0,44.479,42.41090728869054
G01_R0739,G01,LOGO,holdout_G01,G01,500,50,0.0001,0.75,0.1,0.0,0.0,38.153,35.68201618037522
G01_R0740,G01,LOGO,holdout_G01,G01,500,50,0.0001,0.75,0.2,0.0,0.0,40.52,38.65351780857685
G01_R0741,G01,LOGO,holdout_G01,G01,500,50,0.0001,0.75,0.3,0.0,0.0,44.509,42.4312840505952
G01_R0742,G01,LOGO,holdout_G01,G01,500,50,0.0001,0.7,0.1,0.0,0.0,38.165,35.68297023989905
G01_R0743,G01,LOGO,holdout_G01,G01,500,50,0.0001,0.7,0.2,0.0,0.0,40.548,38.66421965381495
G01_R0744,G01,LOGO,holdout_G01,G01,500,50,0.0001,0.7,0.3,0.0,0.0,44.539,42.42175950892854
G01_R0745,G01,LOGO,holdout_G01,G01,500,50,1e-05,0.85,0.1,0.0,0.0,38.305,35.575905902597334
G01_R0746,G01,LOGO,holdout_G01,G01,500,50,1e-05,0.85,0.2,0.0,0.0,40.304,38.10635729897185
G01_R0747,G01,LOGO,holdout_G01,G01,500,50,1e-05,0.85,0.3,0.0,0.0,44.409,41.68102853968247
G01_R0748,G01,LOGO,holdout_G01,G01,500,50,1e-05,0.8,0.1,0.0,0.0,38.282,35.57703494575207
G01_R0749,G01,LOGO,holdout_G01,G01,500,50,1e-05,0.8,0.2,0.0,0.0,40.329,38.09287810403137
G01_R0750,G01,LOGO,holdout_G01,G01,500,50,1e-05,0.8,0.3,0.0,0.0,44.405,41.67426101884912
G01_R0751,G01,LOGO,holdout_G01,G01,500,50,1e-05,0.75,0.1,0.0,0.0,38.241,35.58567683860926
G01_R0752,G01,LOGO,holdout_G01,G01,500,50,1e-05,0.75,0.2,0.0,0.0,40.343,38.09106385700753
G01_R0753,G01,LOGO,holdout_G01,G01,500,50,1e-05,0.75,0.3,0.0,0.0,44.451,41.69218253670629
G01_R0754,G01,LOGO,holdout_G01,G01,500,50,1e-05,0.7,0.1,0.0,0.0,38.32,35.58873365408549
G01_R0755,G01,LOGO,holdout_G01,G01,500,50,1e-05,0.7,0.2,0.0,0.0,40.372,38.099922544507535
G01_R0756,G01,LOGO,holdout_G01,G01,500,50,1e-05,0.7,0.3,0.0,0.0,44.457,41.69972295337297
G01_R0757,G01,LOGO,holdout_G01,G01,500,50,1e-06,0.85,0.1,0.0,0.0,38.387,35.58875179694259
G01_R0758,G01,LOGO,holdout_G01,G01,500,50,1e-06,0.85,0.2,0.0,0.0,40.122,38.00386996514259
G01_R0759,G01,LOGO,holdout_G01,G01,500,50,1e-06,0.85,0.3,0.0,0.0,44.115,41.49437884176577
G01_R0760,G01,LOGO,holdout_G01,G01,500,50,1e-06,0.8,0.1,0.0,0.0,38.388,35.59038015449126
G01_R0761,G01,LOGO,holdout_G01,G01,500,50,1e-06,0.8,0.2,0.0,0.0,40.129,37.99042358121402
G01_R0762,G01,LOGO,holdout_G01,G01,500,50,1e-06,0.8,0.3,0.0,0.0,44.126,41.49322428224195
G01_R0763,G01,LOGO,holdout_G01,G01,500,50,1e-06,0.75,0.1,0.0,0.0,38.389,35.59615626957059
G01_R0764,G01,LOGO,holdout_G01,G01,500,50,1e-06,0.75,0.2,0.0,0.0,40.136,37.99462522407107
G01_R0765,G01,LOGO,holdout_G01,G01,500,50,1e-06,0.75,0.3,0.0,0.0,44.138,41.5118754310515
G01_R0766,G01,LOGO,holdout_G01,G01,500,50,1e-06,0.7,0.1,0.0,0.0,38.39,35.598172492784904
G01_R0767,G01,LOGO,holdout_G01,G01,500,50,1e-06,0.7,0.2,0.0,0.0,40.147,38.0042947151425
G01_R0768,G01,LOGO,holdout_G01,G01,500,50,1e-06,0.7,0.3,0.0,0.0,44.153,41.50793720188485
G02_R0001,G02,LOGO,holdout_G02,G02,25,3,0.001,0.85,0.1,0.1,4.0,6.6445,6.6440132056547565
G02_R0002,G02,LOGO,holdout_G02,G02,25,3,0.001,0.85,0.2,0.1,4.0,7.1671,7.162367806750545
G02_R0003,G02,LOGO,holdout_G02,G02,25,3,0.001,0.85,0.3,0.1,4.0,7.7781,7.77528030099208
G02_R0004,G02,LOGO,holdout_G02,G02,25,3,0.001,0.8,0.1,0.1,4.0,6.6494,6.644513833333329
G02_R0005,G02,LOGO,holdout_G02,G02,25,3,0.001,0.8,0.2,0.1,4.0,7.1739,7.163899183734667
G02_R0006,G02,LOGO,holdout_G02,G02,25,3,0.001,0.8,0.3,0.1,4.0,7.7859,7.777269044742082
G02_R0007,G02,LOGO,holdout_G02,G02,25,3,0.001,0.75,0.1,0.1,4.0,6.6545,6.646988220535715
G02_R0008,G02,LOGO,holdout_G02,G02,25,3,0.001,0.75,0.2,0.1,4.0,7.1812,7.169580963095253
G02_R0009,G02,LOGO,holdout_G02,G02,25,3,0.001,0.75,0.3,0.1,4.0,7.7943,7.784690506200405
G02_R0010,G02,LOGO,holdout_G02,G02,25,3,0.001,0.7,0.1,0.1,4.0,6.6599,6.647743055257939
G02_R0011,G02,LOGO,holdout_G02,G02,25,3,0.001,0.7,0.2,0.1,4.0,7.1888,7.17180350664685
G02_R0012,G02,LOGO,holdout_G02,G02,25,3,0.001,0.7,0.3,0.1,4.0,7.8032,7.787291204414697
G02_R0013,G02,LOGO,holdout_G02,G02,25,3,0.0001,0.85,0.1,0.1,4.0,6.955,6.94142715885189
G02_R0014,G02,LOGO,holdout_G02,G02,25,3,0.0001,0.85,0.2,0.1,4.0,7.573,7.572273760863085
G02_R0015,G02,LOGO,holdout_G02,G02,25,3,0.0001,0.85,0.3,0.1,4.0,8.3776,8.403060282435963
G02_R0016,G02,LOGO,holdout_G02,G02,25,3,0.0001,0.8,0.1,0.1,4.0,6.9578,6.9421019903995145
G02_R0017,G02,LOGO,holdout_G02,G02,25,3,0.0001,0.8,0.2,0.1,4.0,7.5767,7.573007684226179
G02_R0018,G02,LOGO,holdout_G02,G02,25,3,0.0001,0.8,0.3,0.1,4.0,8.3822,8.403828602178027
G02_R0019,G02,LOGO,holdout_G02,G02,25,3,0.0001,0.75,0.1,0.1,4.0,6.9608,6.945073269566205
G02_R0020,G02,LOGO,holdout_G02,G02,25,3,0.0001,0.75,0.2,0.1,4.0,7.5804,7.576347241517838
G02_R0021,G02,LOGO,holdout_G02,G02,25,3,0.0001,0.75,0.3,0.1,4.0,8.3869,8.408811257683967
G02_R0022,G02,LOGO,holdout_G02,G02,25,3,0.0001,0.7,0.1,0.1,4.0,6.9639,6.945991813018577
G02_R0023,G02,LOGO,holdout_G02,G02,25,3,0.0001,0.7,0.2,0.1,4.0,7.5843,7.577881172470223
G02_R0024,G02,LOGO,holdout_G02,G02,25,3,0.0001,0.7,0.3,0.1,4.0,8.3918,8.411926221672058
G02_R0025,G02,LOGO,holdout_G02,G02,25,3,1e-05,0.85,0.1,0.1,4.0,7.0395,7.021402441021816
G02_R0026,G02,LOGO,holdout_G02,G02,25,3,1e-05,0.85,0.2,0.1,4.0,7.688,7.68747762916669
G02_R0027,G02,LOGO,holdout_G02,G02,25,3,1e-05,0.85,0.3,0.1,4.0,8.5438,8.567807940422092
G02_R0028,G02,LOGO,holdout_G02,G02,25,3,1e-05,0.8,0.1,0.1,4.0,7.0405,7.021637677926581
G02_R0029,G02,LOGO,holdout_G02,G02,25,3,1e-05,0.8,0.2,0.1,4.0,7.6893,7.687308248115106
G02_R0030,G02,LOGO,holdout_G02,G02,25,3,1e-05,0.8,0.3,0.1,4.0,8.5455,8.567305902624469
G02_R0031,G02,LOGO,holdout_G02,G02,25,3,1e-05,0.75,0.1,0.1,4.0,7.0416,7.022152281498015
G02_R0032,G02,LOGO,holdout_G02,G02,25,3,1e-05,0.75,0.2,0.1,4.0,7.6906,7.68866673308535
G02_R0033,G02,LOGO,holdout_G02,G02,25,3,1e-05,0.75,0.3,0.1,4.0,8.5472,8.568482630055017
G02_R0034,G02,LOGO,holdout_G02,G02,25,3,1e-05,0.7,0.1,0.1,4.0,7.0427,7.022017153373014
G02_R0035,G02,LOGO,holdout_G02,G02,25,3,1e-05,0.7,0.2,0.1,4.0,7.692,7.689602364632963
G02_R0036,G02,LOGO,holdout_G02,G02,25,3,1e-05,0.7,0.3,0.1,4.0,8.549,8.570170743299064
G02_R0037,G02,LOGO,holdout_G02,G02,25,3,1e-06,0.85,0.1,0.1,4.0,7.0656,7.045395850550145
G02_R0038,G02,LOGO,holdout_G02,G02,25,3,1e-06,0.85,0.2,0.1,4.0,7.7228,7.722270990922625
G02_R0039,G02,LOGO,holdout_G02,G02,25,3,1e-06,0.85,0.3,0.1,4.0,8.5922,8.614661918998028
G02_R0040,G02,LOGO,holdout_G02,G02,25,3,1e-06,0.8,0.1,0.1,4.0,7.0659,7.045577116621578
G02_R0041,G02,LOGO,holdout_G02,G02,25,3,1e-06,0.8,0.2,0.1,4.0,7.723,7.721702849851194
G02_R0042,G02,LOGO,holdout_G02,G02,25,3,1e-06,0.8,0.3,0.1,4.0,8.5925,8.614455650545645
G02_R0043,G02,LOGO,holdout_G02,G02,25,3,1e-06,0.75,0.1,0.1,4.0,7.0662,7.045810032693014
G02_R0044,G02,LOGO,holdout_G02,G02,25,3,1e-06,0.75,0.2,0.1,4.0,7.7234,7.72246559062499
G02_R0045,G02,LOGO,holdout_G02,G02,25,3,1e-06,0.75,0.3,0.1,4.0,8.5929,8.614760619593248
G02_R0046,G02,LOGO,holdout_G02,G02,25,3,1e-06,0.7,0.1,0.1,4.0,7.0665,7.04560385040135
G02_R0047,G02,LOGO,holdout_G02,G02,25,3,1e-06,0.7,0.2,0.1,4.0,7.7237,7.72288601636904
G02_R0048,G02,LOGO,holdout_G02,G02,25,3,1e-06,0.7,0.3,0.1,4.0,8.5933,8.61523796230158
G02_R0049,G02,LOGO,holdout_G02,G02,25,6,0.001,0.85,0.1,0.1,4.0,7.3225,7.321980391422463
G02_R0050,G02,LOGO,holdout_G02,G02,25,6,0.001,0.85,0.2,0.1,4.0,7.8985,7.908616947073402
G02_R0051,G02,LOGO,holdout_G02,G02,25,6,0.001,0.85,0.3,0.1,4.0,8.5656,8.58648549492695
G02_R0052,G02,LOGO,holdout_G02,G02,25,6,0.001,0.8,0.1,0.1,4.0,7.3276,7.323043155410556
G02_R0053,G02,LOGO,holdout_G02,G02,25,6,0.001,0.8,0.2,0.1,4.0,7.9057,7.9107198641865
G02_R0054,G02,LOGO,holdout_G02,G02,25,6,0.001,0.8,0.3,0.1,4.0,8.574,8.591289803359478
G02_R0055,G02,LOGO,holdout_G02,G02,25,6,0.001,0.75,0.1,0.1,4.0,7.3329,7.327429802285559
G02_R0056,G02,LOGO,holdout_G02,G02,25,6,0.001,0.75,0.2,0.1,4.0,7.9133,7.918223314285722
G02_R0057,G02,LOGO,holdout_G02,G02,25,6,0.001,0.75,0.3,0.1,4.0,8.583,8.599764519624815
G02_R0058,G02,LOGO,holdout_G02,G02,25,6,0.001,0.7,0.1,0.1,4.0,7.3384,7.32951448666056
G02_R0059,G02,LOGO,holdout_G02,G02,25,6,0.001,0.7,0.2,0.1,4.0,7.9213,7.922829480235412
G02_R0060,G02,LOGO,holdout_G02,G02,25,6,0.001,0.7,0.3,0.1,4.0,8.5925,8.606587761453822
G02_R0061,G02,LOGO,holdout_G02,G02,25,6,0.0001,0.85,0.1,0.1,4.0,7.6338,7.633539548701305
G02_R0062,G02,LOGO,holdout_G02,G02,25,6,0.0001,0.85,0.2,0.1,4.0,8.3,8.318019159623022
G02_R0063,G02,LOGO,holdout_G02,G02,25,6,0.0001,0.85,0.3,0.1,4.0,9.1502,9.170943022190649
G02_R0064,G02,LOGO,holdout_G02,G02,25,6,0.0001,0.8,0.1,0.1,4.0,7.6367,7.633468777570354
G02_R0065,G02,LOGO,holdout_G02,G02,25,6,0.0001,0.8,0.2,0.1,4.0,8.3036,8.31852593105159
G02_R0066,G02,LOGO,holdout_G02,G02,25,6,0.0001,0.8,0.3,0.1,4.0,9.1548,9.171243696893027
G02_R0067,G02,LOGO,holdout_G02,G02,25,6,0.0001,0.75,0.1,0.1,4.0,7.6398,7.634974334862021
G02_R0068,G02,LOGO,holdout_G02,G02,25,6,0.0001,0.75,0.2,0.1,4.0,8.3074,8.3216809001488
G02_R0069,G02,LOGO,holdout_G02,G02,25,6,0.0001,0.75,0.3,0.1,4.0,9.1596,9.173317134442652
G02_R0070,G02,LOGO,holdout_G02,G02,25,6,0.0001,0.7,0.1,0.1,4.0,7.6429,7.636068701826304
G02_R0071,G02,LOGO,holdout_G02,G02,25,6,0.0001,0.7,0.2,0.1,4.0,8.3114,8.32438692723213
G02_R0072,G02,LOGO,holdout_G02,G02,25,6,0.0001,0.7,0.3,0.1,4.0,9.1646,9.173952161228366
G02_R0073,G02,LOGO,holdout_G02,G02,25,6,1e-05,0.85,0.1,0.1,4.0,7.7185,7.7135380515377
G02_R0074,G02,LOGO,holdout_G02,G02,25,6,1e-05,0.85,0.2,0.1,4.0,8.4135,8.426417646874999
G02_R0075,G02,LOGO,holdout_G02,G02,25,6,1e-05,0.85,0.3,0.1,4.0,9.3114,9.326272659672613
G02_R0076,G02,LOGO,holdout_G02,G02,25,6,1e-05,0.8,0.1,0.1,4.0,7.7195,7.713336094963025
G02_R0077,G02,LOGO,holdout_G02,G02,25,6,1e-05,0.8,0.2,0.1,4.0,8.4148,8.426626637946423
G02_R0078,G02,LOGO,holdout_G02,G02,25,6,1e-05,0.8,0.3,0.1,4.0,9.3131,9.326207755505946
G02_R0079,G02,LOGO,holdout_G02,G02,25,6,1e-05,0.75,0.1,0.1,4.0,7.7206,7.71380830433803
G02_R0080,G02,LOGO,holdout_G02,G02,25,6,1e-05,0.75,0.2,0.1,4.0,8.4161,8.427307361607145
G02_R0081,G02,LOGO,holdout_G02,G02,25,6,1e-05,0.75,0.3,0.1,4.0,9.3148,9.326899357589292
G02_R0082,G02,LOGO,holdout_G02,G02,25,6,1e-05,0.7,0.1,0.1,4.0,7.7217,7.714081041986839
G02_R0083,G02,LOGO,holdout_G02,G02,25,6,1e-05,0.7,0.2,0.1,4.0,8.4175,8.427973313541669
G02_R0084,G02,LOGO,holdout_G02,G02,25,6,1e-05,0.7,0.3,0.1,4.0,9.3166,9.32722021383929
G02_R0085,G02,LOGO,holdout_G02,G02,25,6,1e-06,0.85,0.1,0.1,4.0,7.7447,7.740104047123022
G02_R0086,G02,LOGO,holdout_G02,G02,25,6,1e-06,0.85,0.2,0.1,4.0,8.448,8.460035491382587
G02_R0087,G02,LOGO,holdout_G02,G02,25,6,1e-06,0.85,0.3,0.1,4.0,9.3586,9.3706163295635
G02_R0088,G02,LOGO,holdout_G02,G02,25,6,1e-06,0.8,0.1,0.1,4.0,7.745,7.739969164682543
G02_R0089,G02,LOGO,holdout_G02,G02,25,6,1e-06,0.8,0.2,0.1,4.0,8.4483,8.460110209983776
G02_R0090,G02,LOGO,holdout_G02,G02,25,6,1e-06,0.8,0.3,0.1,4.0,9.3589,9.370319762896836
G02_R0091,G02,LOGO,holdout_G02,G02,25,6,1e-06,0.75,0.1,0.1,4.0,7.7453,7.739991801289691
G02_R0092,G02,LOGO,holdout_G02,G02,25,6,1e-06,0.75,0.2,0.1,4.0,8.4486,8.46031968363095
G02_R0093,G02,LOGO,holdout_G02,G02,25,6,1e-06,0.75,0.3,0.1,4.0,9.3593,9.37082909816467
G02_R0094,G02,LOGO,holdout_G02,G02,25,6,1e-06,0.7,0.1,0.1,4.0,7.7455,7.740182014037709
G02_R0095,G02,LOGO,holdout_G02,G02,25,6,1e-06,0.7,0.2,0.1,4.0,8.4489,8.460715065525791
G02_R0096,G02,LOGO,holdout_G02,G02,25,6,1e-06,0.7,0.3,0.1,4.0,9.3597,9.370658386706337
G02_R0097,G02,LOGO,holdout_G02,G02,25,20,0.001,0.85,0.1,0.1,4.0,9.5688,9.580703005158735
G02_R0098,G02,LOGO,holdout_G02,G02,25,20,0.001,0.85,0.2,0.1,4.0,10.256,10.276050962797616
G02_R0099,G02,LOGO,holdout_G02,G02,25,20,0.001,0.85,0.3,0.1,4.0,11.051,11.080123726190484
G02_R0100,G02,LOGO,holdout_G02,G02,25,20,0.001,0.8,0.1,0.1,4.0,9.5748,9.58172003819446
G02_R0101,G02,LOGO,holdout_G02,G02,25,20,0.001,0.8,0.2,0.1,4.0,10.265,10.279659147817458
G02_R0102,G02,LOGO,holdout_G02,G02,25,20,0.001,0.8,0.3,0.1,4.0,11.061,11.083659357142864
G02_R0103,G02,LOGO,holdout_G02,G02,25,20,0.001,0.75,0.1,0.1,4.0,9.5811,9.58570122609127
G02_R0104,G02,LOGO,holdout_G02,G02,25,20,0.001,0.75,0.2,0.1,4.0,10.274,10.28967146378968
G02_R0105,G02,LOGO,holdout_G02,G02,25,20,0.001,0.75,0.3,0.1,4.0,11.071,11.093992324224375
G02_R0106,G02,LOGO,holdout_G02,G02,25,20,0.001,0.7,0.1,0.1,4.0,9.5877,9.587971583234127
G02_R0107,G02,LOGO,holdout_G02,G02,25,20,0.001,0.7,0.2,0.1,4.0,10.283,10.29388460962302
G02_R0108,G02,LOGO,holdout_G02,G02,25,20,0.001,0.7,0.3,0.1,4.0,11.083,11.099722999819631
G02_R0109,G02,LOGO,holdout_G02,G02,25,20,0.0001,0.85,0.1,0.1,4.0,9.9224,9.92361506565208
G02_R0110,G02,LOGO,holdout_G02,G02,25,20,0.0001,0.85,0.2,0.1,4.0,10.7,10.724673273313524
G02_R0111,G02,LOGO,holdout_G02,G02,25,20,0.0001,0.85,0.3,0.1,4.0,11.677,11.736788710164824
G02_R0112,G02,LOGO,holdout_G02,G02,25,20,0.0001,0.8,0.1,0.1,4.0,9.9257,9.923079380681836
G02_R0113,G02,LOGO,holdout_G02,G02,25,20,0.0001,0.8,0.2,0.1,4.0,10.704,10.725186533730188
G02_R0114,G02,LOGO,holdout_G02,G02,25,20,0.0001,0.8,0.3,0.1,4.0,11.683,11.73857296462912
G02_R0115,G02,LOGO,holdout_G02,G02,25,20,0.0001,0.75,0.1,0.1,4.0,9.9292,9.925118674134223
G02_R0116,G02,LOGO,holdout_G02,G02,25,20,0.0001,0.75,0.2,0.1,4.0,10.708,10.72845995932541
G02_R0117,G02,LOGO,holdout_G02,G02,25,20,0.0001,0.75,0.3,0.1,4.0,11.688,11.74427840113706
G02_R0118,G02,LOGO,holdout_G02,G02,25,20,0.0001,0.7,0.1,0.1,4.0,9.9329,9.926425152160013
G02_R0119,G02,LOGO,holdout_G02,G02,25,20,0.0001,0.7,0.2,0.1,4.0,10.713,10.731640625992071
G02_R0120,G02,LOGO,holdout_G02,G02,25,20,0.0001,0.7,0.3,0.1,4.0,11.694,11.746682698756093
G02_R0121,G02,LOGO,holdout_G02,G02,25,20,1e-05,0.85,0.1,0.1,4.0,10.018,10.007498679662726
G02_R0122,G02,LOGO,holdout_G02,G02,25,20,1e-05,0.85,0.2,0.1,4.0,10.825,10.834200523538977
G02_R0123,G02,LOGO,holdout_G02,G02,25,20,1e-05,0.85,0.3,0.1,4.0,11.85,11.881654559884558
G02_R0124,G02,LOGO,holdout_G02,G02,25,20,1e-05,0.8,0.1,0.1,4.0,10.019,10.00760892757939
G02_R0125,G02,LOGO,holdout_G02,G02,25,20,1e-05,0.8,0.2,0.1,4.0,10.826,10.834433461038977
G02_R0126,G02,LOGO,holdout_G02,G02,25,20,1e-05,0.8,0.3,0.1,4.0,11.851,11.881729369408369
G02_R0127,G02,LOGO,holdout_G02,G02,25,20,1e-05,0.75,0.1,0.1,4.0,10.02,10.0081047539683
G02_R0128,G02,LOGO,holdout_G02,G02,25,20,1e-05,0.75,0.2,0.1,4.0,10.828,10.835113020562783
G02_R0129,G02,LOGO,holdout_G02,G02,25,20,1e-05,0.75,0.3,0.1,4.0,11.853,11.882734923971846
G02_R0130,G02,LOGO,holdout_G02,G02,25,20,1e-05,0.7,0.1,0.1,4.0,10.022,10.0081361914683
G02_R0131,G02,LOGO,holdout_G02,G02,25,20,1e-05,0.7,0.2,0.1,4.0,10.829,10.835208095463576
G02_R0132,G02,LOGO,holdout_G02,G02,25,20,1e-05,0.7,0.3,0.1,4.0,11.855,11.882907306412324
G02_R0133,G02,LOGO,holdout_G02,G02,25,20,1e-06,0.85,0.1,0.1,4.0,10.048,10.035235689619345
G02_R0134,G02,LOGO,holdout_G02,G02,25,20,1e-06,0.85,0.2,0.1,4.0,10.863,10.870338660218325
G02_R0135,G02,LOGO,holdout_G02,G02,25,20,1e-06,0.85,0.3,0.1,4.0,11.9,11.923856932404378
G02_R0136,G02,LOGO,holdout_G02,G02,25,20,1e-06,0.8,0.1,0.1,4.0,10.048,10.035124052714584
G02_R0137,G02,LOGO,holdout_G02,G02,25,20,1e-06,0.8,0.2,0.1,4.0,10.863,10.870530100694516
G02_R0138,G02,LOGO,holdout_G02,G02,25,20,1e-06,0.8,0.3,0.1,4.0,11.901,11.924372578237712
G02_R0139,G02,LOGO,holdout_G02,G02,25,20,1e-06,0.75,0.1,0.1,4.0,10.048,10.035483823547905
G02_R0140,G02,LOGO,holdout_G02,G02,25,20,1e-06,0.75,0.2,0.1,4.0,10.864,10.870558175099289
G02_R0141,G02,LOGO,holdout_G02,G02,25,20,1e-06,0.75,0.3,0.1,4.0,11.901,11.92413655839646
G02_R0142,G02,LOGO,holdout_G02,G02,25,20,1e-06,0.7,0.1,0.1,4.0,10.049,10.035480344381238
G02_R0143,G02,LOGO,holdout_G02,G02,25,20,1e-06,0.7,0.2,0.1,4.0,10.864,10.870612576885003
G02_R0144,G02,LOGO,holdout_G02,G02,25,20,1e-06,0.7,0.3,0.1,4.0,11.902,11.923591013753605
G02_R0145,G02,LOGO,holdout_G02,G02,25,50,0.001,0.85,0.1,0.1,4.0,12.423,12.443583069444466
G02_R0146,G02,LOGO,holdout_G02,G02,25,50,0.001,0.85,0.2,0.1,4.0,13.282,13.29155367559522
G02_R0147,G02,LOGO,holdout_G02,G02,25,50,0.001,0.85,0.3,0.1,4.0,14.266,14.307317856150746
G02_R0148,G02,LOGO,holdout_G02,G02,25,50,0.001,0.8,0.1,0.1,4.0,12.431,12.443173393849229
G02_R0149,G02,LOGO,holdout_G02,G02,25,50,0.001,0.8,0.2,0.1,4.0,13.293,13.296619900793631
G02_R0150,G02,LOGO,holdout_G02,G02,25,50,0.001,0.8,0.3,0.1,4.0,14.279,14.311689250992034
G02_R0151,G02,LOGO,holdout_G02,G02,25,50,0.001,0.75,0.1,0.1,4.0,12.439,12.447402596230155
G02_R0152,G02,LOGO,holdout_G02,G02,25,50,0.001,0.75,0.2,0.1,4.0,13.304,13.306912839781752
G02_R0153,G02,LOGO,holdout_G02,G02,25,50,0.001,0.75,0.3,0.1,4.0,14.292,14.327070035488797
G02_R0154,G02,LOGO,holdout_G02,G02,25,50,0.001,0.7,0.1,0.1,4.0,12.447,12.44899431349206
G02_R0155,G02,LOGO,holdout_G02,G02,25,50,0.001,0.7,0.2,0.1,4.0,13.316,13.312473088789693
G02_R0156,G02,LOGO,holdout_G02,G02,25,50,0.001,0.7,0.3,0.1,4.0,14.306,14.33477464362373
G02_R0157,G02,LOGO,holdout_G02,G02,25,50,0.0001,0.85,0.1,0.1,4.0,12.864,12.875142140873052
G02_R0158,G02,LOGO,holdout_G02,G02,25,50,0.0001,0.85,0.2,0.1,4.0,13.829,13.867678068948422
G02_R0159,G02,LOGO,holdout_G02,G02,25,50,0.0001,0.85,0.3,0.1,4.0,15.031,15.114770402777792
G02_R0160,G02,LOGO,holdout_G02,G02,25,50,0.0001,0.8,0.1,0.1,4.0,12.868,12.874992246527814
G02_R0161,G02,LOGO,holdout_G02,G02,25,50,0.0001,0.8,0.2,0.1,4.0,13.834,13.87004130505953
G02_R0162,G02,LOGO,holdout_G02,G02,25,50,0.0001,0.8,0.3,0.1,4.0,15.037,15.114484825396842
G02_R0163,G02,LOGO,holdout_G02,G02,25,50,0.0001,0.75,0.1,0.1,4.0,12.872,12.87764718650796
G02_R0164,G02,LOGO,holdout_G02,G02,25,50,0.0001,0.75,0.2,0.1,4.0,13.839,13.876646342757915
G02_R0165,G02,LOGO,holdout_G02,G02,25,50,0.0001,0.75,0.3,0.1,4.0,15.044,15.117166149305552
G02_R0166,G02,LOGO,holdout_G02,G02,25,50,0.0001,0.7,0.1,0.1,4.0,12.877,12.879101749007964
G02_R0167,G02,LOGO,holdout_G02,G02,25,50,0.0001,0.7,0.2,0.1,4.0,13.845,13.879752812996044
G02_R0168,G02,LOGO,holdout_G02,G02,25,50,0.0001,0.7,0.3,0.1,4.0,15.051,15.117712187996029
G02_R0169,G02,LOGO,holdout_G02,G02,25,50,1e-05,0.85,0.1,0.1,4.0,12.982,12.985553021419562
G02_R0170,G02,LOGO,holdout_G02,G02,25,50,1e-05,0.85,0.2,0.1,4.0,13.983,14.007220531249956
G02_R0171,G02,LOGO,holdout_G02,G02,25,50,1e-05,0.85,0.3,0.1,4.0,15.24,15.327649711805568
G02_R0172,G02,LOGO,holdout_G02,G02,25,50,1e-05,0.8,0.1,0.1,4.0,12.984,12.985720729752892
G02_R0173,G02,LOGO,holdout_G02,G02,25,50,1e-05,0.8,0.2,0.1,4.0,13.984,14.007159977678528
G02_R0174,G02,LOGO,holdout_G02,G02,25,50,1e-05,0.8,0.3,0.1,4.0,15.243,15.328147789186518
G02_R0175,G02,LOGO,holdout_G02,G02,25,50,1e-05,0.75,0.1,0.1,4.0,12.985,12.986283918244956
G02_R0176,G02,LOGO,holdout_G02,G02,25,50,1e-05,0.75,0.2,0.1,4.0,13.986,14.0080288209325
G02_R0177,G02,LOGO,holdout_G02,G02,25,50,1e-05,0.75,0.3,0.1,4.0,15.245,15.328713533234106
G02_R0178,G02,LOGO,holdout_G02,G02,25,50,1e-05,0.7,0.1,0.1,4.0,12.987,12.986417988185432
G02_R0179,G02,LOGO,holdout_G02,G02,25,50,1e-05,0.7,0.2,0.1,4.0,13.988,14.00807575248012
G02_R0180,G02,LOGO,holdout_G02,G02,25,50,1e-05,0.7,0.3,0.1,4.0,15.247,15.329198289186488
G02_R0181,G02,LOGO,holdout_G02,G02,25,50,1e-06,0.85,0.1,0.1,4.0,13.019,13.019462014384924
G02_R0182,G02,LOGO,holdout_G02,G02,25,50,1e-06,0.85,0.2,0.1,4.0,14.03,14.0488818528589
G02_R0183,G02,LOGO,holdout_G02,G02,25,50,1e-06,0.85,0.3,0.1,4.0,15.302,15.387660542162688
G02_R0184,G02,LOGO,holdout_G02,G02,25,50,1e-06,0.8,0.1,0.1,4.0,13.02,13.01980907093254
G02_R0185,G02,LOGO,holdout_G02,G02,25,50,1e-06,0.8,0.2,0.1,4.0,14.03,14.048794400477949
G02_R0186,G02,LOGO,holdout_G02,G02,25,50,1e-06,0.8,0.3,0.1,4.0,15.303,15.388109621031733
G02_R0187,G02,LOGO,holdout_G02,G02,25,50,1e-06,0.75,0.1,0.1,4.0,13.02,13.019832687003989
G02_R0188,G02,LOGO,holdout_G02,G02,25,50,1e-06,0.75,0.2,0.1,4.0,14.03,14.049120030438251
G02_R0189,G02,LOGO,holdout_G02,G02,25,50,1e-06,0.75,0.3,0.1,4.0,15.303,15.388067402281724
G02_R0190,G02,LOGO,holdout_G02,G02,25,50,1e-06,0.7,0.1,0.1,4.0,13.02,13.019729128968272
G02_R0191,G02,LOGO,holdout_G02,G02,25,50,1e-06,0.7,0.2,0.1,4.0,14.031,14.049093011904702
G02_R0192,G02,LOGO,holdout_G02,G02,25,50,1e-06,0.7,0.3,0.1,4.0,15.304,15.387615949900772
G02_R0193,G02,LOGO,holdout_G02,G02,100,3,0.001,0.85,0.1,0.1,4.0,8.4847,8.536324667063491
G02_R0194,G02,LOGO,holdout_G02,G02,100,3,0.001,0.85,0.2,0.1,4.0,9.1259,9.166575077728158
G02_R0195,G02,LOGO,holdout_G02,G02,100,3,0.001,0.85,0.3,0.1,4.0,9.895,9.877715981101206
G02_R0196,G02,LOGO,holdout_G02,G02,100,3,0.001,0.8,0.1,0.1,4.0,8.4923,8.536711978174601
G02_R0197,G02,LOGO,holdout_G02,G02,100,3,0.001,0.8,0.2,0.1,4.0,9.1361,9.166956690228156
G02_R0198,G02,LOGO,holdout_G02,G02,100,3,0.001,0.8,0.3,0.1,4.0,9.9078,9.882218198859151
G02_R0199,G02,LOGO,holdout_G02,G02,100,3,0.001,0.75,0.1,0.1,4.0,8.5002,8.53963431567461
G02_R0200,G02,LOGO,holdout_G02,G02,100,3,0.001,0.75,0.2,0.1,4.0,9.147,9.172206797222207
G02_R0201,G02,LOGO,holdout_G02,G02,100,3,0.001,0.75,0.3,0.1,4.0,9.9215,9.894164200297633
G02_R0202,G02,LOGO,holdout_G02,G02,100,3,0.001,0.7,0.1,0.1,4.0,8.5088,8.540441570734131
G02_R0203,G02,LOGO,holdout_G02,G02,100,3,0.001,0.7,0.2,0.1,4.0,9.1585,9.172491608531727
G02_R0204,G02,LOGO,holdout_G02,G02,100,3,0.001,0.7,0.3,0.1,4.0,9.9361,9.898711953968265
G02_R0205,G02,LOGO,holdout_G02,G02,100,3,0.0001,0.85,0.1,0.1,4.0,8.7655,8.801360291319455
G02_R0206,G02,LOGO,holdout_G02,G02,100,3,0.0001,0.85,0.2,0.1,4.0,9.4768,9.502671991716262
G02_R0207,G02,LOGO,holdout_G02,G02,100,3,0.0001,0.85,0.3,0.1,4.0,10.405,10.411570828373003
G02_R0208,G02,LOGO,holdout_G02,G02,100,3,0.0001,0.8,0.1,0.1,4.0,8.7688,8.801857801736121
G02_R0209,G02,LOGO,holdout_G02,G02,100,3,0.0001,0.8,0.2,0.1,4.0,9.4812,9.50329283010912
G02_R0210,G02,LOGO,holdout_G02,G02,100,3,0.0001,0.8,0.3,0.1,4.0,10.411,10.412359297123006
G02_R0211,G02,LOGO,holdout_G02,G02,100,3,0.0001,0.75,0.1,0.1,4.0,8.7721,8.80266005312502
G02_R0212,G02,LOGO,holdout_G02,G02,100,3,0.0001,0.75,0.2,0.1,4.0,9.4859,9.504868497817476
G02_R0213,G02,LOGO,holdout_G02,G02,100,3,0.0001,0.75,0.3,0.1,4.0,10.417,10.413810792658731
G02_R0214,G02,LOGO,holdout_G02,G02,100,3,0.0001,0.7,0.1,0.1,4.0,8.7757,8.801924512500024
G02_R0215,G02,LOGO,holdout_G02,G02,100,3,0.0001,0.7,0.2,0.1,4.0,9.4908,9.504548698710332
G02_R0216,G02,LOGO,holdout_G02,G02,100,3,0.0001,0.7,0.3,0.1,4.0,10.423,10.4139074593254
G02_R0217,G02,LOGO,holdout_G02,G02,100,3,1e-05,0.85,0.1,0.1,4.0,8.8437,8.868234878792382
G02_R0218,G02,LOGO,holdout_G02,G02,100,3,1e-05,0.85,0.2,0.1,4.0,9.5725,9.583960214339804
G02_R0219,G02,LOGO,holdout_G02,G02,100,3,1e-05,0.85,0.3,0.1,4.0,10.539,10.51028845035173
G02_R0220,G02,LOGO,holdout_G02,G02,100,3,1e-05,0.8,0.1,0.1,4.0,8.8448,8.868870151808256
G02_R0221,G02,LOGO,holdout_G02,G02,100,3,1e-05,0.8,0.2,0.1,4.0,9.574,9.584527344399328
G02_R0222,G02,LOGO,holdout_G02,G02,100,3,1e-05,0.8,0.3,0.1,4.0,10.541,10.51024781493506
G02_R0223,G02,LOGO,holdout_G02,G02,100,3,1e-05,0.75,0.1,0.1,4.0,8.8459,8.868992067185248
G02_R0224,G02,LOGO,holdout_G02,G02,100,3,1e-05,0.75,0.2,0.1,4.0,9.5756,9.584828522970788
G02_R0225,G02,LOGO,holdout_G02,G02,100,3,1e-05,0.75,0.3,0.1,4.0,10.544,10.510692499458882
G02_R0226,G02,LOGO,holdout_G02,G02,100,3,1e-05,0.7,0.1,0.1,4.0,8.8471,8.868235219715013
G02_R0227,G02,LOGO,holdout_G02,G02,100,3,1e-05,0.7,0.2,0.1,4.0,9.5773,9.584456089042217
G02_R0228,G02,LOGO,holdout_G02,G02,100,3,1e-05,0.7,0.3,0.1,4.0,10.546,10.510788749458884
G02_R0229,G02,LOGO,holdout_G02,G02,100,3,1e-06,0.85,0.1,0.1,4.0,8.8685,8.88799098501983
G02_R0230,G02,LOGO,holdout_G02,G02,100,3,1e-06,0.85,0.2,0.1,4.0,9.6008,9.606716525798149
G02_R0231,G02,LOGO,holdout_G02,G02,100,3,1e-06,0.85,0.3,0.1,4.0,10.577,10.538940465863933
G02_R0232,G02,LOGO,holdout_G02,G02,100,3,1e-06,0.8,0.1,0.1,4.0,8.8687,8.888315505952372
G02_R0233,G02,LOGO,holdout_G02,G02,100,3,1e-06,0.8,0.2,0.1,4.0,9.6012,9.607092941274338
G02_R0234,G02,LOGO,holdout_G02,G02,100,3,1e-06,0.8,0.3,0.1,4.0,10.577,10.538883757530597
G02_R0235,G02,LOGO,holdout_G02,G02,100,3,1e-06,0.75,0.1,0.1,4.0,8.869,8.888604977876973
G02_R0236,G02,LOGO,holdout_G02,G02,100,3,1e-06,0.75,0.2,0.1,4.0,9.6016,9.60732909484579
G02_R0237,G02,LOGO,holdout_G02,G02,100,3,1e-06,0.75,0.3,0.1,4.0,10.578,10.539058584911556
G02_R0238,G02,LOGO,holdout_G02,G02,100,3,1e-06,0.7,0.1,0.1,4.0,8.8693,8.887657815079356
G02_R0239,G02,LOGO,holdout_G02,G02,100,3,1e-06,0.7,0.2,0.1,4.0,9.602,9.607154672821984
G02_R0240,G02,LOGO,holdout_G02,G02,100,3,1e-06,0.7,0.3,0.1,4.0,10.578,10.539108209911555
G02_R0241,G02,LOGO,holdout_G02,G02,100,6,0.001,0.85,0.1,0.1,4.0,10.123,10.19007342380954
G02_R0242,G02,LOGO,holdout_G02,G02,100,6,0.001,0.85,0.2,0.1,4.0,10.848,10.904478413690486
G02_R0243,G02,LOGO,holdout_G02,G02,100,6,0.001,0.85,0.3,0.1,4.0,11.713,11.697618052083344
G02_R0244,G02,LOGO,holdout_G02,G02,100,6,0.001,0.8,0.1,0.1,4.0,10.132,10.191090321130966
G02_R0245,G02,LOGO,holdout_G02,G02,100,6,0.001,0.8,0.2,0.1,4.0,10.859,10.904943616071437
G02_R0246,G02,LOGO,holdout_G02,G02,100,6,0.001,0.8,0.3,0.1,4.0,11.728,11.700783102678576
G02_R0247,G02,LOGO,holdout_G02,G02,100,6,0.001,0.75,0.1,0.1,4.0,10.141,10.19419201220241
G02_R0248,G02,LOGO,holdout_G02,G02,100,6,0.001,0.75,0.2,0.1,4.0,10.872,10.909412488591284
G02_R0249,G02,LOGO,holdout_G02,G02,100,6,0.001,0.75,0.3,0.1,4.0,11.743,11.71528750347223
G02_R0250,G02,LOGO,holdout_G02,G02,100,6,0.001,0.7,0.1,0.1,4.0,10.15,10.193660699702413
G02_R0251,G02,LOGO,holdout_G02,G02,100,6,0.001,0.7,0.2,0.1,4.0,10.885,10.909392012400808
G02_R0252,G02,LOGO,holdout_G02,G02,100,6,0.001,0.7,0.3,0.1,4.0,11.759,11.718816769345231
G02_R0253,G02,LOGO,holdout_G02,G02,100,6,0.0001,0.85,0.1,0.1,4.0,10.437,10.481959410714282
G02_R0254,G02,LOGO,holdout_G02,G02,100,6,0.0001,0.85,0.2,0.1,4.0,11.235,11.269541118055583
G02_R0255,G02,LOGO,holdout_G02,G02,100,6,0.0001,0.85,0.3,0.1,4.0,12.266,12.289458107638875
G02_R0256,G02,LOGO,holdout_G02,G02,100,6,0.0001,0.8,0.1,0.1,4.0,10.44,10.48303197321428
G02_R0257,G02,LOGO,holdout_G02,G02,100,6,0.0001,0.8,0.2,0.1,4.0,11.24,11.27071014186511
G02_R0258,G02,LOGO,holdout_G02,G02,100,6,0.0001,0.8,0.3,0.1,4.0,12.272,12.290188565972212
G02_R0259,G02,LOGO,holdout_G02,G02,100,6,0.0001,0.75,0.1,0.1,4.0,10.444,10.484469023809506
G02_R0260,G02,LOGO,holdout_G02,G02,100,6,0.0001,0.75,0.2,0.1,4.0,11.245,11.271996588293671
G02_R0261,G02,LOGO,holdout_G02,G02,100,6,0.0001,0.75,0.3,0.1,4.0,12.279,12.29301781101193
G02_R0262,G02,LOGO,holdout_G02,G02,100,6,0.0001,0.7,0.1,0.1,4.0,10.448,10.483797153273793
G02_R0263,G02,LOGO,holdout_G02,G02,100,6,0.0001,0.7,0.2,0.1,4.0,11.251,11.271509359127004
G02_R0264,G02,LOGO,holdout_G02,G02,100,6,0.0001,0.7,0.3,0.1,4.0,12.286,12.292563239583355
G02_R0265,G02,LOGO,holdout_G02,G02,100,6,1e-05,0.85,0.1,0.1,4.0,10.523,10.555496768849244
G02_R0266,G02,LOGO,holdout_G02,G02,100,6,1e-05,0.85,0.2,0.1,4.0,11.339,11.349335069850278
G02_R0267,G02,LOGO,holdout_G02,G02,100,6,1e-05,0.85,0.3,0.1,4.0,12.409,12.386009263077188
G02_R0268,G02,LOGO,holdout_G02,G02,100,6,1e-05,0.8,0.1,0.1,4.0,10.524,10.556507920634951
G02_R0269,G02,LOGO,holdout_G02,G02,100,6,1e-05,0.8,0.2,0.1,4.0,11.341,11.3504869061598
G02_R0270,G02,LOGO,holdout_G02,G02,100,6,1e-05,0.8,0.3,0.1,4.0,12.411,12.39789620801766
G02_R0271,G02,LOGO,holdout_G02,G02,100,6,1e-05,0.75,0.1,0.1,4.0,10.526,10.557002661706363
G02_R0272,G02,LOGO,holdout_G02,G02,100,6,1e-05,0.75,0.2,0.1,4.0,11.343,11.35091792252884
G02_R0273,G02,LOGO,holdout_G02,G02,100,6,1e-05,0.75,0.3,0.1,4.0,12.414,12.403119976866884
G02_R0274,G02,LOGO,holdout_G02,G02,100,6,1e-05,0.7,0.1,0.1,4.0,10.527,10.556527648313503
G02_R0275,G02,LOGO,holdout_G02,G02,100,6,1e-05,0.7,0.2,0.1,4.0,11.345,11.35034223502884
G02_R0276,G02,LOGO,holdout_G02,G02,100,6,1e-05,0.7,0.3,0.1,4.0,12.416,12.403612645021653
G02_R0277,G02,LOGO,holdout_G02,G02,100,6,1e-06,0.85,0.1,0.1,4.0,10.551,10.577736928571484
G02_R0278,G02,LOGO,holdout_G02,G02,100,6,1e-06,0.85,0.2,0.1,4.0,11.37,11.375185137806696
G02_R0279,G02,LOGO,holdout_G02,G02,100,6,1e-06,0.85,0.3,0.1,4.0,12.449,12.406788162878764
G02_R0280,G02,LOGO,holdout_G02,G02,100,6,1e-06,0.8,0.1,0.1,4.0,10.551,10.578456803571484
G02_R0281,G02,LOGO,holdout_G02,G02,100,6,1e-06,0.8,0.2,0.1,4.0,11.371,11.376041116973362
G02_R0282,G02,LOGO,holdout_G02,G02,100,6,1e-06,0.8,0.3,0.1,4.0,12.45,12.424162753652563
G02_R0283,G02,LOGO,holdout_G02,G02,100,6,1e-06,0.75,0.1,0.1,4.0,10.551,10.578743330357195
G02_R0284,G02,LOGO,holdout_G02,G02,100,6,1e-06,0.75,0.2,0.1,4.0,11.371,11.376100648223378
G02_R0285,G02,LOGO,holdout_G02,G02,100,6,1e-06,0.75,0.3,0.1,4.0,12.45,12.429479629644648
G02_R0286,G02,LOGO,holdout_G02,G02,100,6,1e-06,0.7,0.1,0.1,4.0,10.552,10.57854790029767
G02_R0287,G02,LOGO,holdout_G02,G02,100,6,1e-06,0.7,0.2,0.1,4.0,11.372,11.375708710723377
G02_R0288,G02,LOGO,holdout_G02,G02,100,6,1e-06,0.7,0.3,0.1,4.0,12.451,12.429916412382749
G02_R0289,G02,LOGO,holdout_G02,G02,100,20,0.001,0.85,0.1,0.1,4.0,14.523,14.613294032738088
G02_R0290,G02,LOGO,holdout_G02,G02,100,20,0.001,0.85,0.2,0.1,4.0,15.484,15.570956822878534
G02_R0291,G02,LOGO,holdout_G02,G02,100,20,0.001,0.85,0.3,0.1,4.0,16.668,16.67082848827561
G02_R0292,G02,LOGO,holdout_G02,G02,100,20,0.001,0.8,0.1,0.1,4.0,14.536,14.61387254761904
G02_R0293,G02,LOGO,holdout_G02,G02,100,20,0.001,0.8,0.2,0.1,4.0,15.5,15.571627045100756
G02_R0294,G02,LOGO,holdout_G02,G02,100,20,0.001,0.8,0.3,0.1,4.0,16.688,16.672675817640688
G02_R0295,G02,LOGO,holdout_G02,G02,100,20,0.001,0.75,0.1,0.1,4.0,14.549,14.618875002976177
G02_R0296,G02,LOGO,holdout_G02,G02,100,20,0.001,0.75,0.2,0.1,4.0,15.517,15.57918798260075
G02_R0297,G02,LOGO,holdout_G02,G02,100,20,0.001,0.75,0.3,0.1,4.0,16.709,16.68269294214464
G02_R0298,G02,LOGO,holdout_G02,G02,100,20,0.001,0.7,0.1,0.1,4.0,14.562,14.618268824404742
G02_R0299,G02,LOGO,holdout_G02,G02,100,20,0.001,0.7,0.2,0.1,4.0,15.535,15.578379098672176
G02_R0300,G02,LOGO,holdout_G02,G02,100,20,0.001,0.7,0.3,0.1,4.0,16.732,16.684455462977976
G02_R0301,G02,LOGO,holdout_G02,G02,100,20,0.0001,0.85,0.1,0.1,4.0,14.964,14.999467228174602
G02_R0302,G02,LOGO,holdout_G02,G02,100,20,0.0001,0.85,0.2,0.1,4.0,16.016,16.05904225374275
G02_R0303,G02,LOGO,holdout_G02,G02,100,20,0.0001,0.85,0.3,0.1,4.0,17.417,17.449107422619072
G02_R0304,G02,LOGO,holdout_G02,G02,100,20,0.0001,0.8,0.1,0.1,4.0,14.969,15.00021072222222
G02_R0305,G02,LOGO,holdout_G02,G02,100,20,0.0001,0.8,0.2,0.1,4.0,16.023,16.05939799779037
G02_R0306,G02,LOGO,holdout_G02,G02,100,20,0.0001,0.8,0.3,0.1,4.0,17.426,17.451097714285737
G02_R0307,G02,LOGO,holdout_G02,G02,100,20,0.0001,0.75,0.1,0.1,4.0,14.975,15.001608478174624
G02_R0308,G02,LOGO,holdout_G02,G02,100,20,0.0001,0.75,0.2,0.1,4.0,16.03,16.06222894295637
G02_R0309,G02,LOGO,holdout_G02,G02,100,20,0.0001,0.75,0.3,0.1,4.0,17.435,17.45431619345238
G02_R0310,G02,LOGO,holdout_G02,G02,100,20,0.0001,0.7,0.1,0.1,4.0,14.98,15.00068653174605
G02_R0311,G02,LOGO,holdout_G02,G02,100,20,0.0001,0.7,0.2,0.1,4.0,16.038,16.06132861855161
G02_R0312,G02,LOGO,holdout_G02,G02,100,20,0.0001,0.7,0.3,0.1,4.0,17.445,17.453961797619048
G02_R0313,G02,LOGO,holdout_G02,G02,100,20,1e-05,0.85,0.1,0.1,4.0,15.084,15.101394120535735
G02_R0314,G02,LOGO,holdout_G02,G02,100,20,1e-05,0.85,0.2,0.1,4.0,16.154,16.178252968163793
G02_R0315,G02,LOGO,holdout_G02,G02,100,20,1e-05,0.85,0.3,0.1,4.0,17.604,17.602281479166678
G02_R0316,G02,LOGO,holdout_G02,G02,100,20,1e-05,0.8,0.1,0.1,4.0,15.086,15.10271471875003
G02_R0317,G02,LOGO,holdout_G02,G02,100,20,1e-05,0.8,0.2,0.1,4.0,16.157,16.178985410128078
G02_R0318,G02,LOGO,holdout_G02,G02,100,20,1e-05,0.8,0.3,0.1,4.0,17.608,17.603894020833344
G02_R0319,G02,LOGO,holdout_G02,G02,100,20,1e-05,0.75,0.1,0.1,4.0,15.088,15.1031097723215
G02_R0320,G02,LOGO,holdout_G02,G02,100,20,1e-05,0.75,0.2,0.1,4.0,16.159,16.179949593659856
G02_R0321,G02,LOGO,holdout_G02,G02,100,20,1e-05,0.75,0.3,0.1,4.0,17.611,17.605238683035726
G02_R0322,G02,LOGO,holdout_G02,G02,100,20,1e-05,0.7,0.1,0.1,4.0,15.09,15.102609001488164
G02_R0323,G02,LOGO,holdout_G02,G02,100,20,1e-05,0.7,0.2,0.1,4.0,16.162,16.179113389790807
G02_R0324,G02,LOGO,holdout_G02,G02,100,20,1e-05,0.7,0.3,0.1,4.0,17.615,17.604748245535724
G02_R0325,G02,LOGO,holdout_G02,G02,100,20,1e-06,0.85,0.1,0.1,4.0,15.123,15.131079381448478
G02_R0326,G02,LOGO,holdout_G02,G02,100,20,1e-06,0.85,0.2,0.1,4.0,16.196,16.210222199099547
G02_R0327,G02,LOGO,holdout_G02,G02,100,20,1e-06,0.85,0.3,0.1,4.0,17.655,17.644121218749973
G02_R0328,G02,LOGO,holdout_G02,G02,100,20,1e-06,0.8,0.1,0.1,4.0,15.123,15.131784042162767
G02_R0329,G02,LOGO,holdout_G02,G02,100,20,1e-06,0.8,0.2,0.1,4.0,16.197,16.210456516063836
G02_R0330,G02,LOGO,holdout_G02,G02,100,20,1e-06,0.8,0.3,0.1,4.0,17.656,17.645189364583306
G02_R0331,G02,LOGO,holdout_G02,G02,100,20,1e-06,0.75,0.1,0.1,4.0,15.124,15.131844484623098
G02_R0332,G02,LOGO,holdout_G02,G02,100,20,1e-06,0.75,0.2,0.1,4.0,16.197,16.211050105349553
G02_R0333,G02,LOGO,holdout_G02,G02,100,20,1e-06,0.75,0.3,0.1,4.0,17.657,17.646005886904753
G02_R0334,G02,LOGO,holdout_G02,G02,100,20,1e-06,0.7,0.1,0.1,4.0,15.124,15.131546975694524
G02_R0335,G02,LOGO,holdout_G02,G02,100,20,1e-06,0.7,0.2,0.1,4.0,16.198,16.210156630647177
G02_R0336,G02,LOGO,holdout_G02,G02,100,20,1e-06,0.7,0.3,0.1,4.0,17.658,17.645530282738083
G02_R0337,G02,LOGO,holdout_G02,G02,100,50,0.001,0.85,0.1,0.1,4.0,19.509,19.811833010416624
G02_R0338,G02,LOGO,holdout_G02,G02,100,50,0.001,0.85,0.2,0.1,4.0,20.997,21.12642577083334
G02_R0339,G02,LOGO,holdout_G02,G02,100,50,0.001,0.85,0.3,0.1,4.0,22.578,22.505361046130947
G02_R0340,G02,LOGO,holdout_G02,G02,100,50,0.001,0.8,0.1,0.1,4.0,19.525,19.81676739583329
G02_R0341,G02,LOGO,holdout_G02,G02,100,50,0.001,0.8,0.2,0.1,4.0,21.018,21.12903469940477
G02_R0342,G02,LOGO,holdout_G02,G02,100,50,0.001,0.8,0.3,0.1,4.0,22.606,22.50776304315476
G02_R0343,G02,LOGO,holdout_G02,G02,100,50,0.001,0.75,0.1,0.1,4.0,19.543,19.819169322916625
G02_R0344,G02,LOGO,holdout_G02,G02,100,50,0.001,0.75,0.2,0.1,4.0,21.041,21.135595580357105
G02_R0345,G02,LOGO,holdout_G02,G02,100,50,0.001,0.75,0.3,0.1,4.0,22.635,22.51882071874999
G02_R0346,G02,LOGO,holdout_G02,G02,100,50,0.001,0.7,0.1,0.1,4.0,19.561,19.815969739583284
G02_R0347,G02,LOGO,holdout_G02,G02,100,50,0.001,0.7,0.2,0.1,4.0,21.065,21.13351262202377
G02_R0348,G02,LOGO,holdout_G02,G02,100,50,0.001,0.7,0.3,0.1,4.0,22.666,22.519958653273807
G02_R0349,G02,LOGO,holdout_G02,G02,100,50,0.0001,0.85,0.1,0.1,4.0,20.099,20.151575958829405
G02_R0350,G02,LOGO,holdout_G02,G02,100,50,0.0001,0.85,0.2,0.1,4.0,21.731,21.718738798611103
G02_R0351,G02,LOGO,holdout_G02,G02,100,50,0.0001,0.85,0.3,0.1,4.0,23.595,23.57123482160895
G02_R0352,G02,LOGO,holdout_G02,G02,100,50,0.0001,0.8,0.1,0.1,4.0,20.106,20.157878646329408
G02_R0353,G02,LOGO,holdout_G02,G02,100,50,0.0001,0.8,0.2,0.1,4.0,21.741,21.7191804236111
G02_R0354,G02,LOGO,holdout_G02,G02,100,50,0.0001,0.8,0.3,0.1,4.0,23.607,23.574113092442285
G02_R0355,G02,LOGO,holdout_G02,G02,100,50,0.0001,0.75,0.1,0.1,4.0,20.113,20.15836492063495
G02_R0356,G02,LOGO,holdout_G02,G02,100,50,0.0001,0.75,0.2,0.1,4.0,21.751,21.7218356527778
G02_R0357,G02,LOGO,holdout_G02,G02,100,50,0.0001,0.75,0.3,0.1,4.0,23.62,23.57764608351371
G02_R0358,G02,LOGO,holdout_G02,G02,100,50,0.0001,0.7,0.1,0.1,4.0,20.121,20.15451531150796
G02_R0359,G02,LOGO,holdout_G02,G02,100,50,0.0001,0.7,0.2,0.1,4.0,21.762,21.7208336527778
G02_R0360,G02,LOGO,holdout_G02,G02,100,50,0.0001,0.7,0.3,0.1,4.0,23.634,23.57670066387085
G02_R0361,G02,LOGO,holdout_G02,G02,100,50,1e-05,0.85,0.1,0.1,4.0,20.259,20.30442861954368
G02_R0362,G02,LOGO,holdout_G02,G02,100,50,1e-05,0.85,0.2,0.1,4.0,21.918,21.877821665674645
G02_R0363,G02,LOGO,holdout_G02,G02,100,50,1e-05,0.85,0.3,0.1,4.0,23.848,23.76433449255952
G02_R0364,G02,LOGO,holdout_G02,G02,100,50,1e-05,0.8,0.1,0.1,4.0,20.262,20.308380098710355
G02_R0365,G02,LOGO,holdout_G02,G02,100,50,1e-05,0.8,0.2,0.1,4.0,21.922,21.878731134424623
G02_R0366,G02,LOGO,holdout_G02,G02,100,50,1e-05,0.8,0.3,0.1,4.0,23.852,23.76674295238095
G02_R0367,G02,LOGO,holdout_G02,G02,100,50,1e-05,0.75,0.1,0.1,4.0,20.264,20.309526539186507
G02_R0368,G02,LOGO,holdout_G02,G02,100,50,1e-05,0.75,0.2,0.1,4.0,21.925,21.879765134424616
G02_R0369,G02,LOGO,holdout_G02,G02,100,50,1e-05,0.75,0.3,0.1,4.0,23.857,23.7687719404762
G02_R0370,G02,LOGO,holdout_G02,G02,100,50,1e-05,0.7,0.1,0.1,4.0,20.267,20.30856820089286
G02_R0371,G02,LOGO,holdout_G02,G02,100,50,1e-05,0.7,0.2,0.1,4.0,21.928,21.878813449900807
G02_R0372,G02,LOGO,holdout_G02,G02,100,50,1e-05,0.7,0.3,0.1,4.0,23.862,23.767782919642865
G02_R0373,G02,LOGO,holdout_G02,G02,100,50,1e-06,0.85,0.1,0.1,4.0,20.31,20.346808979662608
G02_R0374,G02,LOGO,holdout_G02,G02,100,50,1e-06,0.85,0.2,0.1,4.0,21.976,21.92029382688488
G02_R0375,G02,LOGO,holdout_G02,G02,100,50,1e-06,0.85,0.3,0.1,4.0,23.919,23.81862128891599
G02_R0376,G02,LOGO,holdout_G02,G02,100,50,1e-06,0.8,0.1,0.1,4.0,20.311,20.351029792162613
G02_R0377,G02,LOGO,holdout_G02,G02,100,50,1e-06,0.8,0.2,0.1,4.0,21.977,21.92103017063485
G02_R0378,G02,LOGO,holdout_G02,G02,100,50,1e-06,0.8,0.3,0.1,4.0,23.92,23.82102868623742
G02_R0379,G02,LOGO,holdout_G02,G02,100,50,1e-06,0.75,0.1,0.1,4.0,20.311,20.35123300347213
G02_R0380,G02,LOGO,holdout_G02,G02,100,50,1e-06,0.75,0.2,0.1,4.0,21.977,21.92184230307528
G02_R0381,G02,LOGO,holdout_G02,G02,100,50,1e-06,0.75,0.3,0.1,4.0,23.922,23.822393454094573
G02_R0382,G02,LOGO,holdout_G02,G02,100,50,1e-06,0.7,0.1,0.1,4.0,20.312,20.350535628472137
G02_R0383,G02,LOGO,holdout_G02,G02,100,50,1e-06,0.7,0.2,0.1,4.0,21.978,21.921106868551476
G02_R0384,G02,LOGO,holdout_G02,G02,100,50,1e-06,0.7,0.3,0.1,4.0,23.923,23.821842707070765
G02_R0385,G02,LOGO,holdout_G02,G02,250,3,0.001,0.85,0.1,0.1,4.0,10.903,11.030190912292586
G02_R0386,G02,LOGO,holdout_G02,G02,250,3,0.001,0.85,0.2,0.1,4.0,11.703,11.830452134424604
G02_R0387,G02,LOGO,holdout_G02,G02,250,3,0.001,0.85,0.3,0.1,4.0,12.688,12.80539287301588
G02_R0388,G02,LOGO,holdout_G02,G02,250,3,0.001,0.8,0.1,0.1,4.0,10.914,11.031869784316395
G02_R0389,G02,LOGO,holdout_G02,G02,250,3,0.001,0.8,0.2,0.1,4.0,11.718,11.831005920138896
G02_R0390,G02,LOGO,holdout_G02,G02,250,3,0.001,0.8,0.3,0.1,4.0,12.707,12.806166179563498
G02_R0391,G02,LOGO,holdout_G02,G02,250,3,0.001,0.75,0.1,0.1,4.0,10.926,11.03624162062592
G02_R0392,G02,LOGO,holdout_G02,G02,250,3,0.001,0.75,0.2,0.1,4.0,11.733,11.83640678918651
G02_R0393,G02,LOGO,holdout_G02,G02,250,3,0.001,0.75,0.3,0.1,4.0,12.727,12.81325107440476
G02_R0394,G02,LOGO,holdout_G02,G02,250,3,0.001,0.7,0.1,0.1,4.0,10.938,11.034702757530685
G02_R0395,G02,LOGO,holdout_G02,G02,250,3,0.001,0.7,0.2,0.1,4.0,11.749,11.834940613591272
G02_R0396,G02,LOGO,holdout_G02,G02,250,3,0.001,0.7,0.3,0.1,4.0,12.747,12.814798398809522
G02_R0397,G02,LOGO,holdout_G02,G02,250,3,0.0001,0.85,0.1,0.1,4.0,11.15,11.23466862599207
G02_R0398,G02,LOGO,holdout_G02,G02,250,3,0.0001,0.85,0.2,0.1,4.0,11.982,12.07322884821429
G02_R0399,G02,LOGO,holdout_G02,G02,250,3,0.0001,0.85,0.3,0.1,4.0,13.106,13.212545998511995
G02_R0400,G02,LOGO,holdout_G02,G02,250,3,0.0001,0.8,0.1,0.1,4.0,11.155,11.23721556349207
G02_R0401,G02,LOGO,holdout_G02,G02,250,3,0.0001,0.8,0.2,0.1,4.0,11.989,12.074053511904772
G02_R0402,G02,LOGO,holdout_G02,G02,250,3,0.0001,0.8,0.3,0.1,4.0,13.115,13.213062620039771
G02_R0403,G02,LOGO,holdout_G02,G02,250,3,0.0001,0.75,0.1,0.1,4.0,11.159,11.23970585218254
G02_R0404,G02,LOGO,holdout_G02,G02,250,3,0.0001,0.75,0.2,0.1,4.0,11.996,12.0768514325397
G02_R0405,G02,LOGO,holdout_G02,G02,250,3,0.0001,0.75,0.3,0.1,4.0,13.123,13.21623610515882
G02_R0406,G02,LOGO,holdout_G02,G02,250,3,0.0001,0.7,0.1,0.1,4.0,11.164,11.238073176587305
G02_R0407,G02,LOGO,holdout_G02,G02,250,3,0.0001,0.7,0.2,0.1,4.0,12.004,12.075597111111133
G02_R0408,G02,LOGO,holdout_G02,G02,250,3,0.0001,0.7,0.3,0.1,4.0,13.133,13.216026170635004
G02_R0409,G02,LOGO,holdout_G02,G02,250,3,1e-05,0.85,0.1,0.1,4.0,11.214,11.298349455357126
G02_R0410,G02,LOGO,holdout_G02,G02,250,3,1e-05,0.85,0.2,0.1,4.0,12.017,12.098965843253977
G02_R0411,G02,LOGO,holdout_G02,G02,250,3,1e-05,0.85,0.3,0.1,4.0,13.169,13.25998861133661
G02_R0412,G02,LOGO,holdout_G02,G02,250,3,1e-05,0.8,0.1,0.1,4.0,11.216,11.29967270535713
G02_R0413,G02,LOGO,holdout_G02,G02,250,3,1e-05,0.8,0.2,0.1,4.0,12.02,12.09993935218258
G02_R0414,G02,LOGO,holdout_G02,G02,250,3,1e-05,0.8,0.3,0.1,4.0,13.173,13.260623462031056
G02_R0415,G02,LOGO,holdout_G02,G02,250,3,1e-05,0.75,0.1,0.1,4.0,11.217,11.300698186011903
G02_R0416,G02,LOGO,holdout_G02,G02,250,3,1e-05,0.75,0.2,0.1,4.0,12.023,12.10206442609126
G02_R0417,G02,LOGO,holdout_G02,G02,250,3,1e-05,0.75,0.3,0.1,4.0,13.177,13.262124580086605
G02_R0418,G02,LOGO,holdout_G02,G02,250,3,1e-05,0.7,0.1,0.1,4.0,11.219,11.299953157738091
G02_R0419,G02,LOGO,holdout_G02,G02,250,3,1e-05,0.7,0.2,0.1,4.0,12.027,12.101723004464269
G02_R0420,G02,LOGO,holdout_G02,G02,250,3,1e-05,0.7,0.3,0.1,4.0,13.182,13.262281280979453
G02_R0421,G02,LOGO,holdout_G02,G02,250,3,1e-06,0.85,0.1,0.1,4.0,11.237,11.315322792027386
G02_R0422,G02,LOGO,holdout_G02,G02,250,3,1e-06,0.85,0.2,0.1,4.0,12.019,12.098703538690495
G02_R0423,G02,LOGO,holdout_G02,G02,250,3,1e-06,0.85,0.3,0.1,4.0,13.167,13.254250906475466
G02_R0424,G02,LOGO,holdout_G02,G02,250,3,1e-06,0.8,0.1,0.1,4.0,11.237,11.316540500360723
G02_R0425,G02,LOGO,holdout_G02,G02,250,3,1e-06,0.8,0.2,0.1,4.0,12.019,12.099530755952426
G02_R0426,G02,LOGO,holdout_G02,G02,250,3,1e-06,0.8,0.3,0.1,4.0,13.168,13.254751948142136
G02_R0427,G02,LOGO,holdout_G02,G02,250,3,1e-06,0.75,0.1,0.1,4.0,11.237,11.31724112982496
G02_R0428,G02,LOGO,holdout_G02,G02,250,3,1e-06,0.75,0.2,0.1,4.0,12.02,12.101358145337295
G02_R0429,G02,LOGO,holdout_G02,G02,250,3,1e-06,0.75,0.3,0.1,4.0,13.17,13.25579747691198
G02_R0430,G02,LOGO,holdout_G02,G02,250,3,1e-06,0.7,0.1,0.1,4.0,11.238,11.316556768217817
G02_R0431,G02,LOGO,holdout_G02,G02,250,3,1e-06,0.7,0.2,0.1,4.0,12.022,12.100994307043631
G02_R0432,G02,LOGO,holdout_G02,G02,250,3,1e-06,0.7,0.3,0.1,4.0,13.172,13.2560132492334
G02_R0433,G02,LOGO,holdout_G02,G02,250,6,0.001,0.85,0.1,0.1,4.0,13.385,13.541664749007948
G02_R0434,G02,LOGO,holdout_G02,G02,250,6,0.001,0.85,0.2,0.1,4.0,14.357,14.5178391135913
G02_R0435,G02,LOGO,holdout_G02,G02,250,6,0.001,0.85,0.3,0.1,4.0,15.538,15.693528939574316
G02_R0436,G02,LOGO,holdout_G02,G02,250,6,0.001,0.8,0.1,0.1,4.0,13.399,13.54313262400795
G02_R0437,G02,LOGO,holdout_G02,G02,250,6,0.001,0.8,0.2,0.1,4.0,14.375,14.521000637400824
G02_R0438,G02,LOGO,holdout_G02,G02,250,6,0.001,0.8,0.3,0.1,4.0,15.56,15.69408942915765
G02_R0439,G02,LOGO,holdout_G02,G02,250,6,0.001,0.75,0.1,0.1,4.0,13.413,13.548809121031749
G02_R0440,G02,LOGO,holdout_G02,G02,250,6,0.001,0.75,0.2,0.1,4.0,14.393,14.52700643501987
G02_R0441,G02,LOGO,holdout_G02,G02,250,6,0.001,0.75,0.3,0.1,4.0,15.584,15.702827180645752
G02_R0442,G02,LOGO,holdout_G02,G02,250,6,0.001,0.7,0.1,0.1,4.0,13.429,13.54716306448413
G02_R0443,G02,LOGO,holdout_G02,G02,250,6,0.001,0.7,0.2,0.1,4.0,14.412,14.52592073263892
G02_R0444,G02,LOGO,holdout_G02,G02,250,6,0.001,0.7,0.3,0.1,4.0,15.608,15.701458513979084
G02_R0445,G02,LOGO,holdout_G02,G02,250,6,0.0001,0.85,0.1,0.1,4.0,13.68,13.793581945932518
G02_R0446,G02,LOGO,holdout_G02,G02,250,6,0.0001,0.85,0.2,0.1,4.0,14.683,14.794664460452744
G02_R0447,G02,LOGO,holdout_G02,G02,250,6,0.0001,0.85,0.3,0.1,4.0,16.027,16.156635686507915
G02_R0448,G02,LOGO,holdout_G02,G02,250,6,0.0001,0.8,0.1,0.1,4.0,13.685,13.795727681051565
G02_R0449,G02,LOGO,holdout_G02,G02,250,6,0.0001,0.8,0.2,0.1,4.0,14.691,14.798083713428936
G02_R0450,G02,LOGO,holdout_G02,G02,250,6,0.0001,0.8,0.3,0.1,4.0,16.037,16.157430268353156
G02_R0451,G02,LOGO,holdout_G02,G02,250,6,0.0001,0.75,0.1,0.1,4.0,13.69,13.7983938015873
G02_R0452,G02,LOGO,holdout_G02,G02,250,6,0.0001,0.75,0.2,0.1,4.0,14.7,14.800393612734492
G02_R0453,G02,LOGO,holdout_G02,G02,250,6,0.0001,0.75,0.3,0.1,4.0,16.048,16.161783824900812
G02_R0454,G02,LOGO,holdout_G02,G02,250,6,0.0001,0.7,0.1,0.1,4.0,13.696,13.796508182539682
G02_R0455,G02,LOGO,holdout_G02,G02,250,6,0.0001,0.7,0.2,0.1,4.0,14.709,14.799368507575757
G02_R0456,G02,LOGO,holdout_G02,G02,250,6,0.0001,0.7,0.3,0.1,4.0,16.059,16.16040537053573
G02_R0457,G02,LOGO,holdout_G02,G02,250,6,1e-05,0.85,0.1,0.1,4.0,13.754,13.867140320436537
G02_R0458,G02,LOGO,holdout_G02,G02,250,6,1e-05,0.85,0.2,0.1,4.0,14.719,14.822838456980511
G02_R0459,G02,LOGO,holdout_G02,G02,250,6,1e-05,0.85,0.3,0.1,4.0,16.095,16.210128809388497
G02_R0460,G02,LOGO,holdout_G02,G02,250,6,1e-05,0.8,0.1,0.1,4.0,13.756,13.86787807043654
G02_R0461,G02,LOGO,holdout_G02,G02,250,6,1e-05,0.8,0.2,0.1,4.0,14.722,14.82514460579004
G02_R0462,G02,LOGO,holdout_G02,G02,250,6,1e-05,0.8,0.3,0.1,4.0,16.1,16.211123330221834
G02_R0463,G02,LOGO,holdout_G02,G02,250,6,1e-05,0.75,0.1,0.1,4.0,13.758,13.86934381448418
G02_R0464,G02,LOGO,holdout_G02,G02,250,6,1e-05,0.75,0.2,0.1,4.0,14.726,14.827890301722585
G02_R0465,G02,LOGO,holdout_G02,G02,250,6,1e-05,0.75,0.3,0.1,4.0,16.105,16.213473102543247
G02_R0466,G02,LOGO,holdout_G02,G02,250,6,1e-05,0.7,0.1,0.1,4.0,13.76,13.86873301686513
G02_R0467,G02,LOGO,holdout_G02,G02,250,6,1e-05,0.7,0.2,0.1,4.0,14.73,14.82738744358766
G02_R0468,G02,LOGO,holdout_G02,G02,250,6,1e-05,0.7,0.3,0.1,4.0,16.111,16.213125070797215
G02_R0469,G02,LOGO,holdout_G02,G02,250,6,1e-06,0.85,0.1,0.1,4.0,13.781,13.887450445436498
G02_R0470,G02,LOGO,holdout_G02,G02,250,6,1e-06,0.85,0.2,0.1,4.0,14.712,14.817071767000291
G02_R0471,G02,LOGO,holdout_G02,G02,250,6,1e-06,0.85,0.3,0.1,4.0,16.089,16.20212296180553
G02_R0472,G02,LOGO,holdout_G02,G02,250,6,1e-06,0.8,0.1,0.1,4.0,13.782,13.887838424603164
G02_R0473,G02,LOGO,holdout_G02,G02,250,6,1e-06,0.8,0.2,0.1,4.0,14.713,14.819131533369346
G02_R0474,G02,LOGO,holdout_G02,G02,250,6,1e-06,0.8,0.3,0.1,4.0,16.091,16.202975312996017
G02_R0475,G02,LOGO,holdout_G02,G02,250,6,1e-06,0.75,0.1,0.1,4.0,13.782,13.88871820882937
G02_R0476,G02,LOGO,holdout_G02,G02,250,6,1e-06,0.75,0.2,0.1,4.0,14.72,14.8212140874368
G02_R0477,G02,LOGO,holdout_G02,G02,250,6,1e-06,0.75,0.3,0.1,4.0,16.093,16.20476283531742
G02_R0478,G02,LOGO,holdout_G02,G02,250,6,1e-06,0.7,0.1,0.1,4.0,13.782,13.888207375496036
G02_R0479,G02,LOGO,holdout_G02,G02,250,6,1e-06,0.7,0.2,0.1,4.0,14.722,14.820774250135209
G02_R0480,G02,LOGO,holdout_G02,G02,250,6,1e-06,0.7,0.3,0.1,4.0,16.095,16.20449350595234
G02_R0481,G02,LOGO,holdout_G02,G02,250,20,0.001,0.85,0.1,0.1,4.0,19.763,20.02747904712301
G02_R0482,G02,LOGO,holdout_G02,G02,250,20,0.001,0.85,0.2,0.1,4.0,21.249,21.484580675595275
G02_R0483,G02,LOGO,holdout_G02,G02,250,20,0.001,0.85,0.3,0.1,4.0,22.973,23.20604560466268
G02_R0484,G02,LOGO,holdout_G02,G02,250,20,0.001,0.8,0.1,0.1,4.0,19.784,20.033042740575382
G02_R0485,G02,LOGO,holdout_G02,G02,250,20,0.001,0.8,0.2,0.1,4.0,21.276,21.490374254464324
G02_R0486,G02,LOGO,holdout_G02,G02,250,20,0.001,0.8,0.3,0.1,4.0,23.007,23.209123250496013
G02_R0487,G02,LOGO,holdout_G02,G02,250,20,0.001,0.75,0.1,0.1,4.0,19.806,20.04311446974205
G02_R0488,G02,LOGO,holdout_G02,G02,250,20,0.001,0.75,0.2,0.1,4.0,21.303,21.501794285714315
G02_R0489,G02,LOGO,holdout_G02,G02,250,20,0.001,0.75,0.3,0.1,4.0,23.042,23.225891549603144
G02_R0490,G02,LOGO,holdout_G02,G02,250,20,0.001,0.7,0.1,0.1,4.0,19.83,20.04104301140872
G02_R0491,G02,LOGO,holdout_G02,G02,250,20,0.001,0.7,0.2,0.1,4.0,21.333,21.49744923958336
G02_R0492,G02,LOGO,holdout_G02,G02,250,20,0.001,0.7,0.3,0.1,4.0,23.079,23.226146504960287
G02_R0493,G02,LOGO,holdout_G02,G02,250,20,0.0001,0.85,0.1,0.1,4.0,20.206,20.3905293256223
G02_R0494,G02,LOGO,holdout_G02,G02,250,20,0.0001,0.85,0.2,0.1,4.0,21.745,21.886586903769874
G02_R0495,G02,LOGO,holdout_G02,G02,250,20,0.0001,0.85,0.3,0.1,4.0,23.774,23.943789404761887
G02_R0496,G02,LOGO,holdout_G02,G02,250,20,0.0001,0.8,0.1,0.1,4.0,20.214,20.39749726609848
G02_R0497,G02,LOGO,holdout_G02,G02,250,20,0.0001,0.8,0.2,0.1,4.0,21.758,21.89323613740082
G02_R0498,G02,LOGO,holdout_G02,G02,250,20,0.0001,0.8,0.3,0.1,4.0,23.79,23.94627455059523
G02_R0499,G02,LOGO,holdout_G02,G02,250,20,0.0001,0.75,0.1,0.1,4.0,20.223,20.40289471401514
G02_R0500,G02,LOGO,holdout_G02,G02,250,20,0.0001,0.75,0.2,0.1,4.0,21.771,21.90006141021827
G02_R0501,G02,LOGO,holdout_G02,G02,250,20,0.0001,0.75,0.3,0.1,4.0,23.806,23.9518592648809
G02_R0502,G02,LOGO,holdout_G02,G02,250,20,0.0001,0.7,0.1,0.1,4.0,20.232,20.40094550121752
G02_R0503,G02,LOGO,holdout_G02,G02,250,20,0.0001,0.7,0.2,0.1,4.0,21.785,21.896356697420646
G02_R0504,G02,LOGO,holdout_G02,G02,250,20,0.0001,0.7,0.3,0.1,4.0,23.822,23.952077675595184
G02_R0505,G02,LOGO,holdout_G02,G02,250,20,1e-05,0.85,0.1,0.1,4.0,20.313,20.492466162202454
G02_R0506,G02,LOGO,holdout_G02,G02,250,20,1e-05,0.85,0.2,0.1,4.0,21.791,21.917584697420654
G02_R0507,G02,LOGO,holdout_G02,G02,250,20,1e-05,0.85,0.3,0.1,4.0,23.872,24.016425326388912
G02_R0508,G02,LOGO,holdout_G02,G02,250,20,1e-05,0.8,0.1,0.1,4.0,20.315,20.496069882440548
G02_R0509,G02,LOGO,holdout_G02,G02,250,20,1e-05,0.8,0.2,0.1,4.0,21.797,21.92302361855161
G02_R0510,G02,LOGO,holdout_G02,G02,250,20,1e-05,0.8,0.3,0.1,4.0,23.88,24.018995993055587
G02_R0511,G02,LOGO,holdout_G02,G02,250,20,1e-05,0.75,0.1,0.1,4.0,20.318,20.49851094791668
G02_R0512,G02,LOGO,holdout_G02,G02,250,20,1e-05,0.75,0.2,0.1,4.0,21.803,21.928806908234108
G02_R0513,G02,LOGO,holdout_G02,G02,250,20,1e-05,0.75,0.3,0.1,4.0,23.888,24.02240900099207
G02_R0514,G02,LOGO,holdout_G02,G02,250,20,1e-05,0.7,0.1,0.1,4.0,20.321,20.497484220238103
G02_R0515,G02,LOGO,holdout_G02,G02,250,20,1e-05,0.7,0.2,0.1,4.0,21.81,21.92511138888887
G02_R0516,G02,LOGO,holdout_G02,G02,250,20,1e-05,0.7,0.3,0.1,4.0,23.897,24.022864515873017
G02_R0517,G02,LOGO,holdout_G02,G02,250,20,1e-06,0.85,0.1,0.1,4.0,20.349,20.520328199900963
G02_R0518,G02,LOGO,holdout_G02,G02,250,20,1e-06,0.85,0.2,0.1,4.0,21.699,21.861574375992085
G02_R0519,G02,LOGO,holdout_G02,G02,250,20,1e-06,0.85,0.3,0.1,4.0,23.859,24.00045967956351
G02_R0520,G02,LOGO,holdout_G02,G02,250,20,1e-06,0.8,0.1,0.1,4.0,20.35,20.52373558978192
G02_R0521,G02,LOGO,holdout_G02,G02,250,20,1e-06,0.8,0.2,0.1,4.0,21.701,21.86517676736114
G02_R0522,G02,LOGO,holdout_G02,G02,250,20,1e-06,0.8,0.3,0.1,4.0,23.862,24.00269384623018
G02_R0523,G02,LOGO,holdout_G02,G02,250,20,1e-06,0.75,0.1,0.1,4.0,20.35,20.525472460317616
G02_R0524,G02,LOGO,holdout_G02,G02,250,20,1e-06,0.75,0.2,0.1,4.0,21.702,21.868336684027835
G02_R0525,G02,LOGO,holdout_G02,G02,250,20,1e-06,0.75,0.3,0.1,4.0,23.865,24.005206386904742
G02_R0526,G02,LOGO,holdout_G02,G02,250,20,1e-06,0.7,0.1,0.1,4.0,20.351,20.524536734127132
G02_R0527,G02,LOGO,holdout_G02,G02,250,20,1e-06,0.7,0.2,0.1,4.0,21.705,21.86496251884927
G02_R0528,G02,LOGO,holdout_G02,G02,250,20,1e-06,0.7,0.3,0.1,4.0,23.869,24.005794863095225
G02_R0529,G02,LOGO,holdout_G02,G02,250,50,0.001,0.85,0.1,0.1,4.0,27.239,27.622254112103143
G02_R0530,G02,LOGO,holdout_G02,G02,250,50,0.001,0.85,0.2,0.1,4.0,29.396,29.700042910637908
G02_R0531,G02,LOGO,holdout_G02,G02,250,50,0.001,0.85,0.3,0.1,4.0,31.817,32.24628946924605
G02_R0532,G02,LOGO,holdout_G02,G02,250,50,0.001,0.8,0.1,0.1,4.0,27.269,27.62640259474204
G02_R0533,G02,LOGO,holdout_G02,G02,250,50,0.001,0.8,0.2,0.1,4.0,29.431,29.70564656242363
G02_R0534,G02,LOGO,holdout_G02,G02,250,50,0.001,0.8,0.3,0.1,4.0,31.865,32.25673709722224
G02_R0535,G02,LOGO,holdout_G02,G02,250,50,0.001,0.75,0.1,0.1,4.0,27.3,27.64007536259918
G02_R0536,G02,LOGO,holdout_G02,G02,250,50,0.001,0.75,0.2,0.1,4.0,29.468,29.721252609546635
G02_R0537,G02,LOGO,holdout_G02,G02,250,50,0.001,0.75,0.3,0.1,4.0,31.915,32.271642136408694
G02_R0538,G02,LOGO,holdout_G02,G02,250,50,0.001,0.7,0.1,0.1,4.0,27.333,27.636156175099185
G02_R0539,G02,LOGO,holdout_G02,G02,250,50,0.001,0.7,0.2,0.1,4.0,29.508,29.71742141162997
G02_R0540,G02,LOGO,holdout_G02,G02,250,50,0.001,0.7,0.3,0.1,4.0,31.966,32.26633104414679
G02_R0541,G02,LOGO,holdout_G02,G02,250,50,0.0001,0.85,0.1,0.1,4.0,27.88,28.15420776091269
G02_R0542,G02,LOGO,holdout_G02,G02,250,50,0.0001,0.85,0.2,0.1,4.0,30.123,30.294385531746023
G02_R0543,G02,LOGO,holdout_G02,G02,250,50,0.0001,0.85,0.3,0.1,4.0,32.954,33.23890897758844
G02_R0544,G02,LOGO,holdout_G02,G02,250,50,0.0001,0.8,0.1,0.1,4.0,27.891,28.159107402281744
G02_R0545,G02,LOGO,holdout_G02,G02,250,50,0.0001,0.8,0.2,0.1,4.0,30.141,30.305696918650774
G02_R0546,G02,LOGO,holdout_G02,G02,250,50,0.0001,0.8,0.3,0.1,4.0,32.975,33.247787843750054
G02_R0547,G02,LOGO,holdout_G02,G02,250,50,0.0001,0.75,0.1,0.1,4.0,27.902,28.166232973710297
G02_R0548,G02,LOGO,holdout_G02,G02,250,50,0.0001,0.75,0.2,0.1,4.0,30.16,30.32061261656743
G02_R0549,G02,LOGO,holdout_G02,G02,250,50,0.0001,0.75,0.3,0.1,4.0,32.998,33.25783606299597
G02_R0550,G02,LOGO,holdout_G02,G02,250,50,0.0001,0.7,0.1,0.1,4.0,27.915,28.163176244543635
G02_R0551,G02,LOGO,holdout_G02,G02,250,50,0.0001,0.7,0.2,0.1,4.0,30.18,30.321220104662693
G02_R0552,G02,LOGO,holdout_G02,G02,250,50,0.0001,0.7,0.3,0.1,4.0,33.021,33.254716110615014
G02_R0553,G02,LOGO,holdout_G02,G02,250,50,1e-05,0.85,0.1,0.1,4.0,28.023,28.302180740575317
G02_R0554,G02,LOGO,holdout_G02,G02,250,50,1e-05,0.85,0.2,0.1,4.0,30.182,30.310901925595225
G02_R0555,G02,LOGO,holdout_G02,G02,250,50,1e-05,0.85,0.3,0.1,4.0,33.07,33.36100906547622
G02_R0556,G02,LOGO,holdout_G02,G02,250,50,1e-05,0.8,0.1,0.1,4.0,28.027,28.301839156249912
G02_R0557,G02,LOGO,holdout_G02,G02,250,50,1e-05,0.8,0.2,0.1,4.0,30.189,30.32009935416665
G02_R0558,G02,LOGO,holdout_G02,G02,250,50,1e-05,0.8,0.3,0.1,4.0,33.08,33.367134985209255
G02_R0559,G02,LOGO,holdout_G02,G02,250,50,1e-05,0.75,0.1,0.1,4.0,28.031,28.293503439980157
G02_R0560,G02,LOGO,holdout_G02,G02,250,50,1e-05,0.75,0.2,0.1,4.0,30.198,30.33131003422616
G02_R0561,G02,LOGO,holdout_G02,G02,250,50,1e-05,0.75,0.3,0.1,4.0,33.092,33.37275988401884
G02_R0562,G02,LOGO,holdout_G02,G02,250,50,1e-05,0.7,0.1,0.1,4.0,28.035,28.29915499751981
G02_R0563,G02,LOGO,holdout_G02,G02,250,50,1e-05,0.7,0.2,0.1,4.0,30.207,30.331202831845225
G02_R0564,G02,LOGO,holdout_G02,G02,250,50,1e-05,0.7,0.3,0.1,4.0,33.104,33.36984659830455
G02_R0565,G02,LOGO,holdout_G02,G02,250,50,1e-06,0.85,0.1,0.1,4.0,28.068,28.325192812995965
G02_R0566,G02,LOGO,holdout_G02,G02,250,50,1e-06,0.85,0.2,0.1,4.0,30.0,30.202984819940376
G02_R0567,G02,LOGO,holdout_G02,G02,250,50,1e-06,0.85,0.3,0.1,4.0,33.05,33.33146324594146
G02_R0568,G02,LOGO,holdout_G02,G02,250,50,1e-06,0.8,0.1,0.1,4.0,28.069,28.32411629563485
G02_R0569,G02,LOGO,holdout_G02,G02,250,50,1e-06,0.8,0.2,0.1,4.0,30.003,30.2076484985118
G02_R0570,G02,LOGO,holdout_G02,G02,250,50,1e-06,0.8,0.3,0.1,4.0,33.054,33.33691069345227
G02_R0571,G02,LOGO,holdout_G02,G02,250,50,1e-06,0.75,0.1,0.1,4.0,28.069,28.30973429861109
G02_R0572,G02,LOGO,holdout_G02,G02,250,50,1e-06,0.75,0.2,0.1,4.0,30.005,30.210491571428435
G02_R0573,G02,LOGO,holdout_G02,G02,250,50,1e-06,0.75,0.3,0.1,4.0,33.059,33.34047089285706
G02_R0574,G02,LOGO,holdout_G02,G02,250,50,1e-06,0.7,0.1,0.1,4.0,28.07,28.315539772817424
G02_R0575,G02,LOGO,holdout_G02,G02,250,50,1e-06,0.7,0.2,0.1,4.0,30.008,30.20951790327368
G02_R0576,G02,LOGO,holdout_G02,G02,250,50,1e-06,0.7,0.3,0.1,4.0,33.064,33.3378269107142
G02_R0577,G02,LOGO,holdout_G02,G02,500,3,0.001,0.85,0.1,0.1,4.0,13.603,13.821922958333287
G02_R0578,G02,LOGO,holdout_G02,G02,500,3,0.001,0.85,0.2,0.1,4.0,14.636,14.863428595734112
G02_R0579,G02,LOGO,holdout_G02,G02,500,3,0.001,0.85,0.3,0.1,4.0,15.929,16.191178077380915
G02_R0580,G02,LOGO,holdout_G02,G02,500,3,0.001,0.8,0.1,0.1,4.0,13.618,13.823459491071388
G02_R0581,G02,LOGO,holdout_G02,G02,500,3,0.001,0.8,0.2,0.1,4.0,14.654,14.86657107440474
G02_R0582,G02,LOGO,holdout_G02,G02,500,3,0.001,0.8,0.3,0.1,4.0,15.954,16.192219907738057
G02_R0583,G02,LOGO,holdout_G02,G02,500,3,0.001,0.75,0.1,0.1,4.0,13.633,13.830018668650755
G02_R0584,G02,LOGO,holdout_G02,G02,500,3,0.001,0.75,0.2,0.1,4.0,14.673,14.87552290773808
G02_R0585,G02,LOGO,holdout_G02,G02,500,3,0.001,0.75,0.3,0.1,4.0,15.98,16.202098053571397
G02_R0586,G02,LOGO,holdout_G02,G02,500,3,0.001,0.7,0.1,0.1,4.0,13.65,13.829660356150756
G02_R0587,G02,LOGO,holdout_G02,G02,500,3,0.001,0.7,0.2,0.1,4.0,14.693,14.878381251488072
G02_R0588,G02,LOGO,holdout_G02,G02,500,3,0.001,0.7,0.3,0.1,4.0,16.008,16.200883849702365
G02_R0589,G02,LOGO,holdout_G02,G02,500,3,0.0001,0.85,0.1,0.1,4.0,13.784,13.965600232954552
G02_R0590,G02,LOGO,holdout_G02,G02,500,3,0.0001,0.85,0.2,0.1,4.0,14.794,14.975203331845211
G02_R0591,G02,LOGO,holdout_G02,G02,500,3,0.0001,0.85,0.3,0.1,4.0,16.211,16.421416961580043
G02_R0592,G02,LOGO,holdout_G02,G02,500,3,0.0001,0.8,0.1,0.1,4.0,13.783,13.967295849025986
G02_R0593,G02,LOGO,holdout_G02,G02,500,3,0.0001,0.8,0.2,0.1,4.0,14.803,14.97960012301584
G02_R0594,G02,LOGO,holdout_G02,G02,500,3,0.0001,0.8,0.3,0.1,4.0,16.222,16.422497482413377
G02_R0595,G02,LOGO,holdout_G02,G02,500,3,0.0001,0.75,0.1,0.1,4.0,13.789,13.969512926902986
G02_R0596,G02,LOGO,holdout_G02,G02,500,3,0.0001,0.75,0.2,0.1,4.0,14.813,14.986200910218232
G02_R0597,G02,LOGO,holdout_G02,G02,500,3,0.0001,0.75,0.3,0.1,4.0,16.233,16.426974095508626
G02_R0598,G02,LOGO,holdout_G02,G02,500,3,0.0001,0.7,0.1,0.1,4.0,13.795,13.969193468569657
G02_R0599,G02,LOGO,holdout_G02,G02,500,3,0.0001,0.7,0.2,0.1,4.0,14.823,14.986819620039652
G02_R0600,G02,LOGO,holdout_G02,G02,500,3,0.0001,0.7,0.3,0.1,4.0,16.245,16.425920088068168
G02_R0601,G02,LOGO,holdout_G02,G02,500,3,1e-05,0.85,0.1,0.1,4.0,13.799,13.981859961805558
G02_R0602,G02,LOGO,holdout_G02,G02,500,3,1e-05,0.85,0.2,0.1,4.0,14.689,14.892517210813502
G02_R0603,G02,LOGO,holdout_G02,G02,500,3,1e-05,0.85,0.3,0.1,4.0,16.097,16.35179005334594
G02_R0604,G02,LOGO,holdout_G02,G02,500,3,1e-05,0.8,0.1,0.1,4.0,13.799,13.983063244543658
G02_R0605,G02,LOGO,holdout_G02,G02,500,3,1e-05,0.8,0.2,0.1,4.0,14.695,14.89493327579365
G02_R0606,G02,LOGO,holdout_G02,G02,500,3,1e-05,0.8,0.3,0.1,4.0,16.105,16.352013095012612
G02_R0607,G02,LOGO,holdout_G02,G02,500,3,1e-05,0.75,0.1,0.1,4.0,13.802,13.98394150644844
G02_R0608,G02,LOGO,holdout_G02,G02,500,3,1e-05,0.75,0.2,0.1,4.0,14.701,14.898327097222236
G02_R0609,G02,LOGO,holdout_G02,G02,500,3,1e-05,0.75,0.3,0.1,4.0,16.112,16.35534777507216
G02_R0610,G02,LOGO,holdout_G02,G02,500,3,1e-05,0.7,0.1,0.1,4.0,13.804,13.983579539186534
G02_R0611,G02,LOGO,holdout_G02,G02,500,3,1e-05,0.7,0.2,0.1,4.0,14.707,14.899715473710325
G02_R0612,G02,LOGO,holdout_G02,G02,500,3,1e-05,0.7,0.3,0.1,4.0,16.121,16.355472160488834
G02_R0613,G02,LOGO,holdout_G02,G02,500,3,1e-06,0.85,0.1,0.1,4.0,13.812,13.992126508432571
G02_R0614,G02,LOGO,holdout_G02,G02,500,3,1e-06,0.85,0.2,0.1,4.0,14.61,14.809438437635327
G02_R0615,G02,LOGO,holdout_G02,G02,500,3,1e-06,0.85,0.3,0.1,4.0,16.001,16.259622954365092
G02_R0616,G02,LOGO,holdout_G02,G02,500,3,1e-06,0.8,0.1,0.1,4.0,13.813,13.993296556051629
G02_R0617,G02,LOGO,holdout_G02,G02,500,3,1e-06,0.8,0.2,0.1,4.0,14.613,14.810738322555956
G02_R0618,G02,LOGO,holdout_G02,G02,500,3,1e-06,0.8,0.3,0.1,4.0,16.005,16.259941371031765
G02_R0619,G02,LOGO,holdout_G02,G02,500,3,1e-06,0.75,0.1,0.1,4.0,13.813,13.993699670634903
G02_R0620,G02,LOGO,holdout_G02,G02,500,3,1e-06,0.75,0.2,0.1,4.0,14.615,14.812782638032145
G02_R0621,G02,LOGO,holdout_G02,G02,500,3,1e-06,0.75,0.3,0.1,4.0,16.009,16.263656835317466
G02_R0622,G02,LOGO,holdout_G02,G02,500,3,1e-06,0.7,0.1,0.1,4.0,13.813,13.993276453373
G02_R0623,G02,LOGO,holdout_G02,G02,500,3,1e-06,0.7,0.2,0.1,4.0,14.618,14.813768953508337
G02_R0624,G02,LOGO,holdout_G02,G02,500,3,1e-06,0.7,0.3,0.1,4.0,16.013,16.263406875496038
G02_R0625,G02,LOGO,holdout_G02,G02,500,6,0.001,0.85,0.1,0.1,4.0,16.942,17.236953333829316
G02_R0626,G02,LOGO,holdout_G02,G02,500,6,0.001,0.85,0.2,0.1,4.0,18.254,18.55131610962304
G02_R0627,G02,LOGO,holdout_G02,G02,500,6,0.001,0.85,0.3,0.1,4.0,19.927,20.25194095350828
G02_R0628,G02,LOGO,holdout_G02,G02,500,6,0.001,0.8,0.1,0.1,4.0,16.96,17.238457708829316
G02_R0629,G02,LOGO,holdout_G02,G02,500,6,0.001,0.8,0.2,0.1,4.0,18.277,18.55533317807541
G02_R0630,G02,LOGO,holdout_G02,G02,500,6,0.001,0.8,0.3,0.1,4.0,19.96,20.25446192077019
G02_R0631,G02,LOGO,holdout_G02,G02,500,6,0.001,0.75,0.1,0.1,4.0,16.98,17.244488375495973
G02_R0632,G02,LOGO,holdout_G02,G02,500,6,0.001,0.75,0.2,0.1,4.0,18.301,18.56628680357146
G02_R0633,G02,LOGO,holdout_G02,G02,500,6,0.001,0.75,0.3,0.1,4.0,19.994,20.27016006858769
G02_R0634,G02,LOGO,holdout_G02,G02,500,6,0.001,0.7,0.1,0.1,4.0,17.0,17.242659562995986
G02_R0635,G02,LOGO,holdout_G02,G02,500,6,0.001,0.7,0.2,0.1,4.0,18.326,18.56974670833337
G02_R0636,G02,LOGO,holdout_G02,G02,500,6,0.001,0.7,0.3,0.1,4.0,20.029,20.273878178210705
G02_R0637,G02,LOGO,holdout_G02,G02,500,6,0.0001,0.85,0.1,0.1,4.0,17.168,17.396590624007896
G02_R0638,G02,LOGO,holdout_G02,G02,500,6,0.0001,0.85,0.2,0.1,4.0,18.444,18.676653117559532
G02_R0639,G02,LOGO,holdout_G02,G02,500,6,0.0001,0.85,0.3,0.1,4.0,20.253,20.513198604662712
G02_R0640,G02,LOGO,holdout_G02,G02,500,6,0.0001,0.8,0.1,0.1,4.0,17.147,17.39803320436504
G02_R0641,G02,LOGO,holdout_G02,G02,500,6,0.0001,0.8,0.2,0.1,4.0,18.455,18.68347739434525
G02_R0642,G02,LOGO,holdout_G02,G02,500,6,0.0001,0.8,0.3,0.1,4.0,20.267,20.51796366418652
G02_R0643,G02,LOGO,holdout_G02,G02,500,6,0.0001,0.75,0.1,0.1,4.0,17.154,17.40009459226189
G02_R0644,G02,LOGO,holdout_G02,G02,500,6,0.0001,0.75,0.2,0.1,4.0,18.467,18.692253100198418
G02_R0645,G02,LOGO,holdout_G02,G02,500,6,0.0001,0.75,0.3,0.1,4.0,20.282,20.527612802083336
G02_R0646,G02,LOGO,holdout_G02,G02,500,6,0.0001,0.7,0.1,0.1,4.0,17.163,17.399871803300897
G02_R0647,G02,LOGO,holdout_G02,G02,500,6,0.0001,0.7,0.2,0.1,4.0,18.48,18.69473600496033
G02_R0648,G02,LOGO,holdout_G02,G02,500,6,0.0001,0.7,0.3,0.1,4.0,20.298,20.53069679117064
G02_R0649,G02,LOGO,holdout_G02,G02,500,6,1e-05,0.85,0.1,0.1,4.0,17.162,17.40632351068715
G02_R0650,G02,LOGO,holdout_G02,G02,500,6,1e-05,0.85,0.2,0.1,4.0,18.262,18.52662735813492
G02_R0651,G02,LOGO,holdout_G02,G02,500,6,1e-05,0.85,0.3,0.1,4.0,20.023,20.36812294097224
G02_R0652,G02,LOGO,holdout_G02,G02,500,6,1e-05,0.8,0.1,0.1,4.0,17.156,17.407001382710963
G02_R0653,G02,LOGO,holdout_G02,G02,500,6,1e-05,0.8,0.2,0.1,4.0,18.269,18.529096316468237
G02_R0654,G02,LOGO,holdout_G02,G02,500,6,1e-05,0.8,0.3,0.1,4.0,20.033,20.37183584722224
G02_R0655,G02,LOGO,holdout_G02,G02,500,6,1e-05,0.75,0.1,0.1,4.0,17.159,17.40913739560782
G02_R0656,G02,LOGO,holdout_G02,G02,500,6,1e-05,0.75,0.2,0.1,4.0,18.272,18.53381225297617
G02_R0657,G02,LOGO,holdout_G02,G02,500,6,1e-05,0.75,0.3,0.1,4.0,20.042,20.377502604166672
G02_R0658,G02,LOGO,holdout_G02,G02,500,6,1e-05,0.7,0.1,0.1,4.0,17.161,17.409233870039692
G02_R0659,G02,LOGO,holdout_G02,G02,500,6,1e-05,0.7,0.2,0.1,4.0,18.279,18.53684995238093
G02_R0660,G02,LOGO,holdout_G02,G02,500,6,1e-05,0.7,0.3,0.1,4.0,20.053,20.38084858630953
G02_R0661,G02,LOGO,holdout_G02,G02,500,6,1e-06,0.85,0.1,0.1,4.0,17.179,17.42200636458327
G02_R0662,G02,LOGO,holdout_G02,G02,500,6,1e-06,0.85,0.2,0.1,4.0,18.157,18.418910791170653
G02_R0663,G02,LOGO,holdout_G02,G02,500,6,1e-06,0.85,0.3,0.1,4.0,19.896,20.26247681994052
G02_R0664,G02,LOGO,holdout_G02,G02,500,6,1e-06,0.8,0.1,0.1,4.0,17.179,17.422847507440416
G02_R0665,G02,LOGO,holdout_G02,G02,500,6,1e-06,0.8,0.2,0.1,4.0,18.161,18.419696829861127
G02_R0666,G02,LOGO,holdout_G02,G02,500,6,1e-06,0.8,0.3,0.1,4.0,19.901,20.264308160714325
G02_R0667,G02,LOGO,holdout_G02,G02,500,6,1e-06,0.75,0.1,0.1,4.0,17.18,17.423816437003897
G02_R0668,G02,LOGO,holdout_G02,G02,500,6,1e-06,0.75,0.2,0.1,4.0,18.164,18.42203386160714
G02_R0669,G02,LOGO,holdout_G02,G02,500,6,1e-06,0.75,0.3,0.1,4.0,19.906,20.26697898809521
G02_R0670,G02,LOGO,holdout_G02,G02,500,6,1e-06,0.7,0.1,0.1,4.0,17.181,17.4227633105158
G02_R0671,G02,LOGO,holdout_G02,G02,500,6,1e-06,0.7,0.2,0.1,4.0,18.168,18.42282562946428
G02_R0672,G02,LOGO,holdout_G02,G02,500,6,1e-06,0.7,0.3,0.1,4.0,19.911,20.270729681547603
G02_R0673,G02,LOGO,holdout_G02,G02,500,20,0.001,0.85,0.1,0.1,4.0,25.548,26.0569823313492
G02_R0674,G02,LOGO,holdout_G02,G02,500,20,0.001,0.85,0.2,0.1,4.0,27.805,28.209452951884927
G02_R0675,G02,LOGO,holdout_G02,G02,500,20,0.001,0.85,0.3,0.1,4.0,30.376,30.860031715277728
G02_R0676,G02,LOGO,holdout_G02,G02,500,20,0.001,0.8,0.1,0.1,4.0,25.579,26.05570470486111
G02_R0677,G02,LOGO,holdout_G02,G02,500,20,0.001,0.8,0.2,0.1,4.0,27.841,28.21292815128969
G02_R0678,G02,LOGO,holdout_G02,G02,500,20,0.001,0.8,0.3,0.1,4.0,30.429,30.8622431319444
G02_R0679,G02,LOGO,holdout_G02,G02,500,20,0.001,0.75,0.1,0.1,4.0,25.611,26.06455564831352
G02_R0680,G02,LOGO,holdout_G02,G02,500,20,0.001,0.75,0.2,0.1,4.0,27.878,28.22866157886907
G02_R0681,G02,LOGO,holdout_G02,G02,500,20,0.001,0.75,0.3,0.1,4.0,30.483,30.88576231597215
G02_R0682,G02,LOGO,holdout_G02,G02,500,20,0.001,0.7,0.1,0.1,4.0,25.646,26.063458381944475
G02_R0683,G02,LOGO,holdout_G02,G02,500,20,0.001,0.7,0.2,0.1,4.0,27.916,28.22936062053574
G02_R0684,G02,LOGO,holdout_G02,G02,500,20,0.001,0.7,0.3,0.1,4.0,30.543,30.88908084722214
G02_R0685,G02,LOGO,holdout_G02,G02,500,20,0.0001,0.85,0.1,0.1,4.0,25.901,26.278483172123032
G02_R0686,G02,LOGO,holdout_G02,G02,500,20,0.0001,0.85,0.2,0.1,4.0,28.043,28.435134155753985
G02_R0687,G02,LOGO,holdout_G02,G02,500,20,0.0001,0.85,0.3,0.1,4.0,30.925,31.37814482093247
G02_R0688,G02,LOGO,holdout_G02,G02,500,20,0.0001,0.8,0.1,0.1,4.0,25.775,26.25669079216268
G02_R0689,G02,LOGO,holdout_G02,G02,500,20,0.0001,0.8,0.2,0.1,4.0,28.061,28.43889320932541
G02_R0690,G02,LOGO,holdout_G02,G02,500,20,0.0001,0.8,0.3,0.1,4.0,30.948,31.381675300099147
G02_R0691,G02,LOGO,holdout_G02,G02,500,20,0.0001,0.75,0.1,0.1,4.0,25.787,26.2536851393849
G02_R0692,G02,LOGO,holdout_G02,G02,500,20,0.0001,0.75,0.2,0.1,4.0,28.081,28.45214561011906
G02_R0693,G02,LOGO,holdout_G02,G02,500,20,0.0001,0.75,0.3,0.1,4.0,30.97,31.401220546626984
G02_R0694,G02,LOGO,holdout_G02,G02,500,20,0.0001,0.7,0.1,0.1,4.0,25.801,26.25306194146824
G02_R0695,G02,LOGO,holdout_G02,G02,500,20,0.0001,0.7,0.2,0.1,4.0,28.102,28.45284465178573
G02_R0696,G02,LOGO,holdout_G02,G02,500,20,0.0001,0.7,0.3,0.1,4.0,30.994,31.402569077876976
G02_R0697,G02,LOGO,holdout_G02,G02,500,20,1e-05,0.85,0.1,0.1,4.0,25.803,26.289314045634946
G02_R0698,G02,LOGO,holdout_G02,G02,500,20,1e-05,0.85,0.2,0.1,4.0,27.596,27.994110958829364
G02_R0699,G02,LOGO,holdout_G02,G02,500,20,1e-05,0.85,0.3,0.1,4.0,30.322,31.01669843055558
G02_R0700,G02,LOGO,holdout_G02,G02,500,20,1e-05,0.8,0.1,0.1,4.0,25.792,26.273001185515888
G02_R0701,G02,LOGO,holdout_G02,G02,500,20,1e-05,0.8,0.2,0.1,4.0,27.583,27.995112747519844
G02_R0702,G02,LOGO,holdout_G02,G02,500,20,1e-05,0.8,0.3,0.1,4.0,30.337,31.016885445436536
G02_R0703,G02,LOGO,holdout_G02,G02,500,20,1e-05,0.75,0.1,0.1,4.0,25.797,26.27131419642862
G02_R0704,G02,LOGO,holdout_G02,G02,500,20,1e-05,0.75,0.2,0.1,4.0,27.594,27.997690393353206
G02_R0705,G02,LOGO,holdout_G02,G02,500,20,1e-05,0.75,0.3,0.1,4.0,30.352,31.027958010416693
G02_R0706,G02,LOGO,holdout_G02,G02,500,20,1e-05,0.7,0.1,0.1,4.0,25.801,26.271546351190526
G02_R0707,G02,LOGO,holdout_G02,G02,500,20,1e-05,0.7,0.2,0.1,4.0,27.606,27.9974986150794
G02_R0708,G02,LOGO,holdout_G02,G02,500,20,1e-05,0.7,0.3,0.1,4.0,30.368,31.03237408333336
G02_R0709,G02,LOGO,holdout_G02,G02,500,20,1e-06,0.85,0.1,0.1,4.0,25.832,26.31113407142861
G02_R0710,G02,LOGO,holdout_G02,G02,500,20,1e-06,0.85,0.2,0.1,4.0,27.429,27.875160446428605
G02_R0711,G02,LOGO,holdout_G02,G02,500,20,1e-06,0.85,0.3,0.1,4.0,30.119,30.861768726686478
G02_R0712,G02,LOGO,holdout_G02,G02,500,20,1e-06,0.8,0.1,0.1,4.0,25.832,26.306232628472284
G02_R0713,G02,LOGO,holdout_G02,G02,500,20,1e-06,0.8,0.2,0.1,4.0,27.434,27.876391089285747
G02_R0714,G02,LOGO,holdout_G02,G02,500,20,1e-06,0.8,0.3,0.1,4.0,30.126,30.862559637400757
G02_R0715,G02,LOGO,holdout_G02,G02,500,20,1e-06,0.75,0.1,0.1,4.0,25.833,26.30555112152784
G02_R0716,G02,LOGO,holdout_G02,G02,500,20,1e-06,0.75,0.2,0.1,4.0,27.44,27.87906566071435
G02_R0717,G02,LOGO,holdout_G02,G02,500,20,1e-06,0.75,0.3,0.1,4.0,30.135,30.875510381448347
G02_R0718,G02,LOGO,holdout_G02,G02,500,20,1e-06,0.7,0.1,0.1,4.0,25.834,26.30503524603179
G02_R0719,G02,LOGO,holdout_G02,G02,500,20,1e-06,0.7,0.2,0.1,4.0,27.446,27.878873882440544
G02_R0720,G02,LOGO,holdout_G02,G02,500,20,1e-06,0.7,0.3,0.1,4.0,30.143,30.880816683531684
G02_R0721,G02,LOGO,holdout_G02,G02,500,50,0.001,0.85,0.1,0.1,4.0,35.425,36.12484234672608
G02_R0722,G02,LOGO,holdout_G02,G02,500,50,0.001,0.85,0.2,0.1,4.0,38.504,38.22286872718255
G02_R0723,G02,LOGO,holdout_G02,G02,500,50,0.001,0.85,0.3,0.1,4.0,42.017,42.41355109871033
G02_R0724,G02,LOGO,holdout_G02,G02,500,50,0.001,0.8,0.1,0.1,4.0,35.464,36.121672285218125
G02_R0725,G02,LOGO,holdout_G02,G02,500,50,0.001,0.8,0.2,0.1,4.0,38.557,38.22928040575399
G02_R0726,G02,LOGO,holdout_G02,G02,500,50,0.001,0.8,0.3,0.1,4.0,42.089,42.43328585763892
G02_R0727,G02,LOGO,holdout_G02,G02,500,50,0.001,0.75,0.1,0.1,4.0,35.246,36.10857987450392
G02_R0728,G02,LOGO,holdout_G02,G02,500,50,0.001,0.75,0.2,0.1,4.0,38.608,38.27248627480164
G02_R0729,G02,LOGO,holdout_G02,G02,500,50,0.001,0.75,0.3,0.1,4.0,42.161,42.40696425198416
G02_R0730,G02,LOGO,holdout_G02,G02,500,50,0.001,0.7,0.1,0.1,4.0,35.29,36.1059242286706
G02_R0731,G02,LOGO,holdout_G02,G02,500,50,0.001,0.7,0.2,0.1,4.0,38.661,38.258340453373066
G02_R0732,G02,LOGO,holdout_G02,G02,500,50,0.001,0.7,0.3,0.1,4.0,42.236,42.40411630257941
G02_R0733,G02,LOGO,holdout_G02,G02,500,50,0.0001,0.85,0.1,0.1,4.0,35.682,36.42178108275405
G02_R0734,G02,LOGO,holdout_G02,G02,500,50,0.0001,0.85,0.2,0.1,4.0,38.736,40.34354841666662
G02_R0735,G02,LOGO,holdout_G02,G02,500,50,0.0001,0.85,0.3,0.1,4.0,42.417,44.89070245882928
G02_R0736,G02,LOGO,holdout_G02,G02,500,50,0.0001,0.8,0.1,0.1,4.0,35.699,36.397718710317406
G02_R0737,G02,LOGO,holdout_G02,G02,500,50,0.0001,0.8,0.2,0.1,4.0,38.445,40.34747702299779
G02_R0738,G02,LOGO,holdout_G02,G02,500,50,0.0001,0.8,0.3,0.1,4.0,42.447,44.9170869885912
G02_R0739,G02,LOGO,holdout_G02,G02,500,50,0.0001,0.75,0.1,0.1,4.0,35.716,36.39603824007935
G02_R0740,G02,LOGO,holdout_G02,G02,500,50,0.0001,0.75,0.2,0.1,4.0,38.787,40.36239077895016
G02_R0741,G02,LOGO,holdout_G02,G02,500,50,0.0001,0.75,0.3,0.1,4.0,42.477,44.92355488839286
G02_R0742,G02,LOGO,holdout_G02,G02,500,50,0.0001,0.7,0.1,0.1,4.0,35.735,36.396462004960334
G02_R0743,G02,LOGO,holdout_G02,G02,500,50,0.0001,0.7,0.2,0.1,4.0,38.814,40.35788267775969
G02_R0744,G02,LOGO,holdout_G02,G02,500,50,0.0001,0.7,0.3,0.1,4.0,42.507,44.931963034226186
G02_R0745,G02,LOGO,holdout_G02,G02,500,50,1e-05,0.85,0.1,0.1,4.0,35.553,36.432859205273886
G02_R0746,G02,LOGO,holdout_G02,G02,500,50,1e-05,0.85,0.2,0.1,4.0,38.158,40.58404111011911
G02_R0747,G02,LOGO,holdout_G02,G02,500,50,1e-05,0.85,0.3,0.1,4.0,41.65,46.39366689236109
G02_R0748,G02,LOGO,holdout_G02,G02,500,50,1e-05,0.8,0.1,0.1,4.0,35.553,36.41345887450392
G02_R0749,G02,LOGO,holdout_G02,G02,500,50,1e-05,0.8,0.2,0.1,4.0,38.067,40.58720474770028
G02_R0750,G02,LOGO,holdout_G02,G02,500,50,1e-05,0.8,0.3,0.1,4.0,41.67,46.41354650744046
G02_R0751,G02,LOGO,holdout_G02,G02,500,50,1e-05,0.75,0.1,0.1,4.0,35.593,36.4116208045635
G02_R0752,G02,LOGO,holdout_G02,G02,500,50,1e-05,0.75,0.2,0.1,4.0,38.065,40.59337337716444
G02_R0753,G02,LOGO,holdout_G02,G02,500,50,1e-05,0.75,0.3,0.1,4.0,41.69,46.43274221081356
G02_R0754,G02,LOGO,holdout_G02,G02,500,50,1e-05,0.7,0.1,0.1,4.0,35.596,36.41324949206353
G02_R0755,G02,LOGO,holdout_G02,G02,500,50,1e-05,0.7,0.2,0.1,4.0,38.088,40.58858403490254
G02_R0756,G02,LOGO,holdout_G02,G02,500,50,1e-05,0.7,0.3,0.1,4.0,41.711,46.43436473462309
G02_R0757,G02,LOGO,holdout_G02,G02,500,50,1e-06,0.85,0.1,0.1,4.0,35.597,36.462159480654734
G02_R0758,G02,LOGO,holdout_G02,G02,500,50,1e-06,0.85,0.2,0.1,4.0,37.948,40.45921929365072
G02_R0759,G02,LOGO,holdout_G02,G02,500,50,1e-06,0.85,0.3,0.1,4.0,41.371,46.434255043154735
G02_R0760,G02,LOGO,holdout_G02,G02,500,50,1e-06,0.8,0.1,0.1,4.0,35.598,36.45556358883475
G02_R0761,G02,LOGO,holdout_G02,G02,500,50,1e-06,0.8,0.2,0.1,4.0,37.954,40.46300407706522
G02_R0762,G02,LOGO,holdout_G02,G02,500,50,1e-06,0.8,0.3,0.1,4.0,41.38,46.45392929315474
G02_R0763,G02,LOGO,holdout_G02,G02,500,50,1e-06,0.75,0.1,0.1,4.0,35.599,36.45452800351731
G02_R0764,G02,LOGO,holdout_G02,G02,500,50,1e-06,0.75,0.2,0.1,4.0,37.962,40.46663655474389
G02_R0765,G02,LOGO,holdout_G02,G02,500,50,1e-06,0.75,0.3,0.1,4.0,41.39,46.47207957589279
G02_R0766,G02,LOGO,holdout_G02,G02,500,50,1e-06,0.7,0.1,0.1,4.0,35.601,36.4538550392316
G02_R0767,G02,LOGO,holdout_G02,G02,500,50,1e-06,0.7,0.2,0.1,4.0,37.969,40.46167042081533
G02_R0768,G02,LOGO,holdout_G02,G02,500,50,1e-06,0.7,0.3,0.1,4.0,41.401,46.46949407886899
G03_R0001,G03,LOGO,holdout_G03,G03,25,3,0.001,0.85,0.1,0.1,5.0,6.6568,6.650784896378959
G03_R0002,G03,LOGO,holdout_G03,G03,25,3,0.001,0.85,0.2,0.1,5.0,7.1798,7.180245814037717
G03_R0003,G03,LOGO,holdout_G03,G03,25,3,0.001,0.85,0.3,0.1,5.0,7.7918,7.800632614147307
G03_R0004,G03,LOGO,holdout_G03,G03,25,3,0.001,0.8,0.1,0.1,5.0,6.6617,6.652212537450387
G03_R0005,G03,LOGO,holdout_G03,G03,25,3,0.001,0.8,0.2,0.1,5.0,7.1867,7.181976925744064
G03_R0006,G03,LOGO,holdout_G03,G03,25,3,0.001,0.8,0.3,0.1,5.0,7.7997,7.803418556111591
G03_R0007,G03,LOGO,holdout_G03,G03,25,3,0.001,0.75,0.1,0.1,5.0,6.6668,6.655530528174594
G03_R0008,G03,LOGO,holdout_G03,G03,25,3,0.001,0.75,0.2,0.1,5.0,7.1939,7.1863980655753945
G03_R0009,G03,LOGO,holdout_G03,G03,25,3,0.001,0.75,0.3,0.1,5.0,7.808,7.809100256484475
G03_R0010,G03,LOGO,holdout_G03,G03,25,3,0.001,0.7,0.1,0.1,5.0,6.6722,6.656941870486105
G03_R0011,G03,LOGO,holdout_G03,G03,25,3,0.001,0.7,0.2,0.1,5.0,7.2015,7.187961492261903
G03_R0012,G03,LOGO,holdout_G03,G03,25,3,0.001,0.7,0.3,0.1,5.0,7.8169,7.810444070918999
G03_R0013,G03,LOGO,holdout_G03,G03,25,3,0.0001,0.85,0.1,0.1,5.0,6.9677,6.965454205109114
G03_R0014,G03,LOGO,holdout_G03,G03,25,3,0.0001,0.85,0.2,0.1,5.0,7.5865,7.600539463144852
G03_R0015,G03,LOGO,holdout_G03,G03,25,3,0.0001,0.85,0.3,0.1,5.0,8.3925,8.4327544124504
G03_R0016,G03,LOGO,holdout_G03,G03,25,3,0.0001,0.8,0.1,0.1,5.0,6.9706,6.965488655853159
G03_R0017,G03,LOGO,holdout_G03,G03,25,3,0.0001,0.8,0.2,0.1,5.0,7.5901,7.601299215128982
G03_R0018,G03,LOGO,holdout_G03,G03,25,3,0.0001,0.8,0.3,0.1,5.0,8.3971,8.432855924950402
G03_R0019,G03,LOGO,holdout_G03,G03,25,3,0.0001,0.75,0.1,0.1,5.0,6.9736,6.967346638442438
G03_R0020,G03,LOGO,holdout_G03,G03,25,3,0.0001,0.75,0.2,0.1,5.0,7.5939,7.603686912139267
G03_R0021,G03,LOGO,holdout_G03,G03,25,3,0.0001,0.75,0.3,0.1,5.0,8.4018,8.436296735069467
G03_R0022,G03,LOGO,holdout_G03,G03,25,3,0.0001,0.7,0.1,0.1,5.0,6.9767,6.967790125545614
G03_R0023,G03,LOGO,holdout_G03,G03,25,3,0.0001,0.7,0.2,0.1,5.0,7.5978,7.604245223448792
G03_R0024,G03,LOGO,holdout_G03,G03,25,3,0.0001,0.7,0.3,0.1,5.0,8.4067,8.436842655158749
G03_R0025,G03,LOGO,holdout_G03,G03,25,3,1e-05,0.85,0.1,0.1,5.0,7.0524,7.050141351984126
G03_R0026,G03,LOGO,holdout_G03,G03,25,3,1e-05,0.85,0.2,0.1,5.0,7.7017,7.715846943249449
G03_R0027,G03,LOGO,holdout_G03,G03,25,3,1e-05,0.85,0.3,0.1,5.0,8.5592,8.616066570238111
G03_R0028,G03,LOGO,holdout_G03,G03,25,3,1e-05,0.8,0.1,0.1,5.0,7.0535,7.05023523968254
G03_R0029,G03,LOGO,holdout_G03,G03,25,3,1e-05,0.8,0.2,0.1,5.0,7.703,7.716005852376437
G03_R0030,G03,LOGO,holdout_G03,G03,25,3,1e-05,0.8,0.3,0.1,5.0,8.5608,8.61576852440478
G03_R0031,G03,LOGO,holdout_G03,G03,25,3,1e-05,0.75,0.1,0.1,5.0,7.0545,7.050672676686503
G03_R0032,G03,LOGO,holdout_G03,G03,25,3,1e-05,0.75,0.2,0.1,5.0,7.7043,7.716725736453806
G03_R0033,G03,LOGO,holdout_G03,G03,25,3,1e-05,0.75,0.3,0.1,5.0,8.5626,8.616596259325394
G03_R0034,G03,LOGO,holdout_G03,G03,25,3,1e-05,0.7,0.1,0.1,5.0,7.0557,7.050661060019835
G03_R0035,G03,LOGO,holdout_G03,G03,25,3,1e-05,0.7,0.2,0.1,5.0,7.7057,7.716856949003409
G03_R0036,G03,LOGO,holdout_G03,G03,25,3,1e-05,0.7,0.3,0.1,5.0,8.5643,8.616922693253965
G03_R0037,G03,LOGO,holdout_G03,G03,25,3,1e-06,0.85,0.1,0.1,5.0,7.0786,7.075325176140874
G03_R0038,G03,LOGO,holdout_G03,G03,25,3,1e-06,0.85,0.2,0.1,5.0,7.7365,7.749107447416146
G03_R0039,G03,LOGO,holdout_G03,G03,25,3,1e-06,0.85,0.3,0.1,5.0,8.6077,8.662562494990105
G03_R0040,G03,LOGO,holdout_G03,G03,25,3,1e-06,0.8,0.1,0.1,5.0,7.0789,7.075526134771828
G03_R0041,G03,LOGO,holdout_G03,G03,25,3,1e-06,0.8,0.2,0.1,5.0,7.7368,7.7488889245490835
G03_R0042,G03,LOGO,holdout_G03,G03,25,3,1e-06,0.8,0.3,0.1,5.0,8.608,8.662606944990104
G03_R0043,G03,LOGO,holdout_G03,G03,25,3,1e-06,0.75,0.1,0.1,5.0,7.0792,7.075631995337301
G03_R0044,G03,LOGO,holdout_G03,G03,25,3,1e-06,0.75,0.2,0.1,5.0,7.7371,7.749219268001471
G03_R0045,G03,LOGO,holdout_G03,G03,25,3,1e-06,0.75,0.3,0.1,5.0,8.6084,8.662927139632949
G03_R0046,G03,LOGO,holdout_G03,G03,25,3,1e-06,0.7,0.1,0.1,5.0,7.0795,7.075459914831349
G03_R0047,G03,LOGO,holdout_G03,G03,25,3,1e-06,0.7,0.2,0.1,5.0,7.7375,7.74924945222766
G03_R0048,G03,LOGO,holdout_G03,G03,25,3,1e-06,0.7,0.3,0.1,5.0,8.6088,8.663136913740091
G03_R0049,G03,LOGO,holdout_G03,G03,25,6,0.001,0.85,0.1,0.1,5.0,7.3313,7.325393052728165
G03_R0050,G03,LOGO,holdout_G03,G03,25,6,0.001,0.85,0.2,0.1,5.0,7.9064,7.911410959722187
G03_R0051,G03,LOGO,holdout_G03,G03,25,6,0.001,0.85,0.3,0.1,5.0,8.5726,8.589829876925526
G03_R0052,G03,LOGO,holdout_G03,G03,25,6,0.001,0.8,0.1,0.1,5.0,7.3364,7.328581047966258
G03_R0053,G03,LOGO,holdout_G03,G03,25,6,0.001,0.8,0.2,0.1,5.0,7.9137,7.914933640029732
G03_R0054,G03,LOGO,holdout_G03,G03,25,6,0.001,0.8,0.3,0.1,5.0,8.581,8.592598790169575
G03_R0055,G03,LOGO,holdout_G03,G03,25,6,0.001,0.75,0.1,0.1,5.0,7.3417,7.332797449337113
G03_R0056,G03,LOGO,holdout_G03,G03,25,6,0.001,0.75,0.2,0.1,5.0,7.9212,7.922074935763862
G03_R0057,G03,LOGO,holdout_G03,G03,25,6,0.001,0.75,0.3,0.1,5.0,8.5899,8.59911379669013
G03_R0058,G03,LOGO,holdout_G03,G03,25,6,0.001,0.7,0.1,0.1,5.0,7.3472,7.335931592261894
G03_R0059,G03,LOGO,holdout_G03,G03,25,6,0.001,0.7,0.2,0.1,5.0,7.9292,7.925541019570678
G03_R0060,G03,LOGO,holdout_G03,G03,25,6,0.001,0.7,0.3,0.1,5.0,8.5994,8.602882642036452
G03_R0061,G03,LOGO,holdout_G03,G03,25,6,0.0001,0.85,0.1,0.1,5.0,7.6425,7.645365406498019
G03_R0062,G03,LOGO,holdout_G03,G03,25,6,0.0001,0.85,0.2,0.1,5.0,8.3077,8.329618313045644
G03_R0063,G03,LOGO,holdout_G03,G03,25,6,0.0001,0.85,0.3,0.1,5.0,9.1569,9.170723972817472
G03_R0064,G03,LOGO,holdout_G03,G03,25,6,0.0001,0.8,0.1,0.1,5.0,7.6454,7.645783598115081
G03_R0065,G03,LOGO,holdout_G03,G03,25,6,0.0001,0.8,0.2,0.1,5.0,8.3114,8.329618493253982
G03_R0066,G03,LOGO,holdout_G03,G03,25,6,0.0001,0.8,0.3,0.1,5.0,9.1616,9.171075444841286
G03_R0067,G03,LOGO,holdout_G03,G03,25,6,0.0001,0.75,0.1,0.1,5.0,7.6484,7.647534573412684
G03_R0068,G03,LOGO,holdout_G03,G03,25,6,0.0001,0.75,0.2,0.1,5.0,8.3152,8.331632487351214
G03_R0069,G03,LOGO,holdout_G03,G03,25,6,0.0001,0.75,0.3,0.1,5.0,9.1663,9.173548232539682
G03_R0070,G03,LOGO,holdout_G03,G03,25,6,0.0001,0.7,0.1,0.1,5.0,7.6515,7.648201673363076
G03_R0071,G03,LOGO,holdout_G03,G03,25,6,0.0001,0.7,0.2,0.1,5.0,8.3191,8.33259726622026
G03_R0072,G03,LOGO,holdout_G03,G03,25,6,0.0001,0.7,0.3,0.1,5.0,9.1713,9.173970252480157
G03_R0073,G03,LOGO,holdout_G03,G03,25,6,1e-05,0.85,0.1,0.1,5.0,7.7271,7.729384561111101
G03_R0074,G03,LOGO,holdout_G03,G03,25,6,1e-05,0.85,0.2,0.1,5.0,8.4212,8.444909046676582
G03_R0075,G03,LOGO,holdout_G03,G03,25,6,1e-05,0.85,0.3,0.1,5.0,9.3182,9.326210859717726
G03_R0076,G03,LOGO,holdout_G03,G03,25,6,1e-05,0.8,0.1,0.1,5.0,7.7281,7.729362257945517
G03_R0077,G03,LOGO,holdout_G03,G03,25,6,1e-05,0.8,0.2,0.1,5.0,8.4225,8.445009529414675
G03_R0078,G03,LOGO,holdout_G03,G03,25,6,1e-05,0.8,0.3,0.1,5.0,9.3199,9.326225690967725
G03_R0079,G03,LOGO,holdout_G03,G03,25,6,1e-05,0.75,0.1,0.1,5.0,7.7292,7.729732914741164
G03_R0080,G03,LOGO,holdout_G03,G03,25,6,1e-05,0.75,0.2,0.1,5.0,8.4238,8.445468441617063
G03_R0081,G03,LOGO,holdout_G03,G03,25,6,1e-05,0.75,0.3,0.1,5.0,9.3216,9.32685018084868
G03_R0082,G03,LOGO,holdout_G03,G03,25,6,1e-05,0.7,0.1,0.1,5.0,7.7303,7.729894757449503
G03_R0083,G03,LOGO,holdout_G03,G03,25,6,1e-05,0.7,0.2,0.1,5.0,8.4252,8.445692279117061
G03_R0084,G03,LOGO,holdout_G03,G03,25,6,1e-05,0.7,0.3,0.1,5.0,9.3234,9.327126094539151
G03_R0085,G03,LOGO,holdout_G03,G03,25,6,1e-06,0.85,0.1,0.1,5.0,7.7533,7.756362692956345
G03_R0086,G03,LOGO,holdout_G03,G03,25,6,1e-06,0.85,0.2,0.1,5.0,8.4557,8.477031926582793
G03_R0087,G03,LOGO,holdout_G03,G03,25,6,1e-06,0.85,0.3,0.1,5.0,9.3654,9.368600019985584
G03_R0088,G03,LOGO,holdout_G03,G03,25,6,1e-06,0.8,0.1,0.1,5.0,7.7536,7.756234187599202
G03_R0089,G03,LOGO,holdout_G03,G03,25,6,1e-06,0.8,0.2,0.1,5.0,8.456,8.477064988785175
G03_R0090,G03,LOGO,holdout_G03,G03,25,6,1e-06,0.8,0.3,0.1,5.0,9.3658,9.368527107485583
G03_R0091,G03,LOGO,holdout_G03,G03,25,6,1e-06,0.75,0.1,0.1,5.0,7.7538,7.756458490277766
G03_R0092,G03,LOGO,holdout_G03,G03,25,6,1e-06,0.75,0.2,0.1,5.0,8.4563,8.477415680587116
G03_R0093,G03,LOGO,holdout_G03,G03,25,6,1e-06,0.75,0.3,0.1,5.0,9.3661,9.36895917727723
G03_R0094,G03,LOGO,holdout_G03,G03,25,6,1e-06,0.7,0.1,0.1,5.0,7.7541,7.756465884722206
G03_R0095,G03,LOGO,holdout_G03,G03,25,6,1e-06,0.7,0.2,0.1,5.0,8.4566,8.477399486837118
G03_R0096,G03,LOGO,holdout_G03,G03,25,6,1e-06,0.7,0.3,0.1,5.0,9.3665,9.368683297217707
G03_R0097,G03,LOGO,holdout_G03,G03,25,20,0.001,0.85,0.1,0.1,5.0,9.5777,9.573262247393576
G03_R0098,G03,LOGO,holdout_G03,G03,25,20,0.001,0.85,0.2,0.1,5.0,10.262,10.26100423462302
G03_R0099,G03,LOGO,holdout_G03,G03,25,20,0.001,0.85,0.3,0.1,5.0,11.054,11.070520367559508
G03_R0100,G03,LOGO,holdout_G03,G03,25,20,0.001,0.8,0.1,0.1,5.0,9.5837,9.575464926560242
G03_R0101,G03,LOGO,holdout_G03,G03,25,20,0.001,0.8,0.2,0.1,5.0,10.271,10.266310386904763
G03_R0102,G03,LOGO,holdout_G03,G03,25,20,0.001,0.8,0.3,0.1,5.0,11.064,11.073028197916642
G03_R0103,G03,LOGO,holdout_G03,G03,25,20,0.001,0.75,0.1,0.1,5.0,9.5899,9.57919336123286
G03_R0104,G03,LOGO,holdout_G03,G03,25,20,0.001,0.75,0.2,0.1,5.0,10.28,10.2764560763889
G03_R0105,G03,LOGO,holdout_G03,G03,25,20,0.001,0.75,0.3,0.1,5.0,11.074,11.082723912202352
G03_R0106,G03,LOGO,holdout_G03,G03,25,20,0.001,0.7,0.1,0.1,5.0,9.5965,9.582012385389609
G03_R0107,G03,LOGO,holdout_G03,G03,25,20,0.001,0.7,0.2,0.1,5.0,10.289,10.282100147321437
G03_R0108,G03,LOGO,holdout_G03,G03,25,20,0.001,0.7,0.3,0.1,5.0,11.086,11.088077266369044
G03_R0109,G03,LOGO,holdout_G03,G03,25,20,0.0001,0.85,0.1,0.1,5.0,9.9303,9.926422818749993
G03_R0110,G03,LOGO,holdout_G03,G03,25,20,0.0001,0.85,0.2,0.1,5.0,10.704,10.715590793650822
G03_R0111,G03,LOGO,holdout_G03,G03,25,20,0.0001,0.85,0.3,0.1,5.0,11.678,11.695665360119044
G03_R0112,G03,LOGO,holdout_G03,G03,25,20,0.0001,0.8,0.1,0.1,5.0,9.9336,9.926726272470235
G03_R0113,G03,LOGO,holdout_G03,G03,25,20,0.0001,0.8,0.2,0.1,5.0,10.709,10.715198518353205
G03_R0114,G03,LOGO,holdout_G03,G03,25,20,0.0001,0.8,0.3,0.1,5.0,11.684,11.697118072916666
G03_R0115,G03,LOGO,holdout_G03,G03,25,20,0.0001,0.75,0.1,0.1,5.0,9.9371,9.929387745634928
G03_R0116,G03,LOGO,holdout_G03,G03,25,20,0.0001,0.75,0.2,0.1,5.0,10.713,10.717819125496046
G03_R0117,G03,LOGO,holdout_G03,G03,25,20,0.0001,0.75,0.3,0.1,5.0,11.689,11.70168608531744
G03_R0118,G03,LOGO,holdout_G03,G03,25,20,0.0001,0.7,0.1,0.1,5.0,9.9407,9.930863594196436
G03_R0119,G03,LOGO,holdout_G03,G03,25,20,0.0001,0.7,0.2,0.1,5.0,10.717,10.71983077002166
G03_R0120,G03,LOGO,holdout_G03,G03,25,20,0.0001,0.7,0.3,0.1,5.0,11.695,11.705519415178548
G03_R0121,G03,LOGO,holdout_G03,G03,25,20,1e-05,0.85,0.1,0.1,5.0,10.026,10.017893556227497
G03_R0122,G03,LOGO,holdout_G03,G03,25,20,1e-05,0.85,0.2,0.1,5.0,10.829,10.830735642766989
G03_R0123,G03,LOGO,holdout_G03,G03,25,20,1e-05,0.85,0.3,0.1,5.0,11.85,11.86256266026333
G03_R0124,G03,LOGO,holdout_G03,G03,25,20,1e-05,0.8,0.1,0.1,5.0,10.027,10.01820554283464
G03_R0125,G03,LOGO,holdout_G03,G03,25,20,1e-05,0.8,0.2,0.1,5.0,10.831,10.83081178860032
G03_R0126,G03,LOGO,holdout_G03,G03,25,20,1e-05,0.8,0.3,0.1,5.0,11.852,11.86280327633476
G03_R0127,G03,LOGO,holdout_G03,G03,25,20,1e-05,0.75,0.1,0.1,5.0,10.028,10.018796811485402
G03_R0128,G03,LOGO,holdout_G03,G03,25,20,1e-05,0.75,0.2,0.1,5.0,10.832,10.831438392766962
G03_R0129,G03,LOGO,holdout_G03,G03,25,20,1e-05,0.75,0.3,0.1,5.0,11.854,11.863561026334764
G03_R0130,G03,LOGO,holdout_G03,G03,25,20,1e-05,0.7,0.1,0.1,5.0,10.029,10.01882895731873
G03_R0131,G03,LOGO,holdout_G03,G03,25,20,1e-05,0.7,0.2,0.1,5.0,10.834,10.831475913600295
G03_R0132,G03,LOGO,holdout_G03,G03,25,20,1e-05,0.7,0.3,0.1,5.0,11.856,11.863715576930002
G03_R0133,G03,LOGO,holdout_G03,G03,25,20,1e-06,0.85,0.1,0.1,5.0,10.055,10.047212543154684
G03_R0134,G03,LOGO,holdout_G03,G03,25,20,1e-06,0.85,0.2,0.1,5.0,10.867,10.867154490575466
G03_R0135,G03,LOGO,holdout_G03,G03,25,20,1e-06,0.85,0.3,0.1,5.0,11.901,11.909551875541071
G03_R0136,G03,LOGO,holdout_G03,G03,25,20,1e-06,0.8,0.1,0.1,5.0,10.056,10.047275473214206
G03_R0137,G03,LOGO,holdout_G03,G03,25,20,1e-06,0.8,0.2,0.1,5.0,10.867,10.86734020486118
G03_R0138,G03,LOGO,holdout_G03,G03,25,20,1e-06,0.8,0.3,0.1,5.0,11.901,11.91016724458869
G03_R0139,G03,LOGO,holdout_G03,G03,25,20,1e-06,0.75,0.1,0.1,5.0,10.056,10.047534927083268
G03_R0140,G03,LOGO,holdout_G03,G03,25,20,1e-06,0.75,0.2,0.1,5.0,10.868,10.867538858134935
G03_R0141,G03,LOGO,holdout_G03,G03,25,20,1e-06,0.75,0.3,0.1,5.0,11.902,11.910076400342676
G03_R0142,G03,LOGO,holdout_G03,G03,25,20,1e-06,0.7,0.1,0.1,5.0,10.056,10.047623662202316
G03_R0143,G03,LOGO,holdout_G03,G03,25,20,1e-06,0.7,0.2,0.1,5.0,10.868,10.867575160218273
G03_R0144,G03,LOGO,holdout_G03,G03,25,20,1e-06,0.7,0.3,0.1,5.0,11.902,11.909438075937915
G03_R0145,G03,LOGO,holdout_G03,G03,25,50,0.001,0.85,0.1,0.1,5.0,12.435,12.43462384424602
G03_R0146,G03,LOGO,holdout_G03,G03,25,50,0.001,0.85,0.2,0.1,5.0,13.288,13.282908455221868
G03_R0147,G03,LOGO,holdout_G03,G03,25,50,0.001,0.85,0.3,0.1,5.0,14.269,14.288401571428544
G03_R0148,G03,LOGO,holdout_G03,G03,25,50,0.001,0.8,0.1,0.1,5.0,12.442,12.434635423115068
G03_R0149,G03,LOGO,holdout_G03,G03,25,50,0.001,0.8,0.2,0.1,5.0,13.299,13.288764035082975
G03_R0150,G03,LOGO,holdout_G03,G03,25,50,0.001,0.8,0.3,0.1,5.0,14.281,14.292854924107123
G03_R0151,G03,LOGO,holdout_G03,G03,25,50,0.001,0.75,0.1,0.1,5.0,12.45,12.439184752480166
G03_R0152,G03,LOGO,holdout_G03,G03,25,50,0.001,0.75,0.2,0.1,5.0,13.31,13.301520489087306
G03_R0153,G03,LOGO,holdout_G03,G03,25,50,0.001,0.75,0.3,0.1,5.0,14.295,14.30764387400798
G03_R0154,G03,LOGO,holdout_G03,G03,25,50,0.001,0.7,0.1,0.1,5.0,12.459,12.440929700396827
G03_R0155,G03,LOGO,holdout_G03,G03,25,50,0.001,0.7,0.2,0.1,5.0,13.322,13.30787406944444
G03_R0156,G03,LOGO,holdout_G03,G03,25,50,0.001,0.7,0.3,0.1,5.0,14.309,14.316667403273838
G03_R0157,G03,LOGO,holdout_G03,G03,25,50,0.0001,0.85,0.1,0.1,5.0,12.874,12.869708943452396
G03_R0158,G03,LOGO,holdout_G03,G03,25,50,0.0001,0.85,0.2,0.1,5.0,13.833,13.84072541490804
G03_R0159,G03,LOGO,holdout_G03,G03,25,50,0.0001,0.85,0.3,0.1,5.0,15.029,15.051057451503322
G03_R0160,G03,LOGO,holdout_G03,G03,25,50,0.0001,0.8,0.1,0.1,5.0,12.878,12.86966867658731
G03_R0161,G03,LOGO,holdout_G03,G03,25,50,0.0001,0.8,0.2,0.1,5.0,13.838,13.842819742785029
G03_R0162,G03,LOGO,holdout_G03,G03,25,50,0.0001,0.8,0.3,0.1,5.0,15.036,15.050935451503324
G03_R0163,G03,LOGO,holdout_G03,G03,25,50,0.0001,0.75,0.1,0.1,5.0,12.883,12.87184908531746
G03_R0164,G03,LOGO,holdout_G03,G03,25,50,0.0001,0.75,0.2,0.1,5.0,13.843,13.850943033459597
G03_R0165,G03,LOGO,holdout_G03,G03,25,50,0.0001,0.75,0.3,0.1,5.0,15.042,15.05587478731686
G03_R0166,G03,LOGO,holdout_G03,G03,25,50,0.0001,0.7,0.1,0.1,5.0,12.887,12.873276874999998
G03_R0167,G03,LOGO,holdout_G03,G03,25,50,0.0001,0.7,0.2,0.1,5.0,13.849,13.854132301812792
G03_R0168,G03,LOGO,holdout_G03,G03,25,50,0.0001,0.7,0.3,0.1,5.0,15.049,15.057583401785724
G03_R0169,G03,LOGO,holdout_G03,G03,25,50,1e-05,0.85,0.1,0.1,5.0,12.993,12.980622791170669
G03_R0170,G03,LOGO,holdout_G03,G03,25,50,1e-05,0.85,0.2,0.1,5.0,13.986,13.986930730654798
G03_R0171,G03,LOGO,holdout_G03,G03,25,50,1e-05,0.85,0.3,0.1,5.0,15.238,15.25733787166311
G03_R0172,G03,LOGO,holdout_G03,G03,25,50,1e-05,0.8,0.1,0.1,5.0,12.994,12.980950407242103
G03_R0173,G03,LOGO,holdout_G03,G03,25,50,1e-05,0.8,0.2,0.1,5.0,13.988,13.98706405357147
G03_R0174,G03,LOGO,holdout_G03,G03,25,50,1e-05,0.8,0.3,0.1,5.0,15.24,15.257907712436923
G03_R0175,G03,LOGO,holdout_G03,G03,25,50,1e-05,0.75,0.1,0.1,5.0,12.996,12.98162227926593
G03_R0176,G03,LOGO,holdout_G03,G03,25,50,1e-05,0.75,0.2,0.1,5.0,13.99,13.987878401785736
G03_R0177,G03,LOGO,holdout_G03,G03,25,50,1e-05,0.75,0.3,0.1,5.0,15.243,15.25812532751625
G03_R0178,G03,LOGO,holdout_G03,G03,25,50,1e-05,0.7,0.1,0.1,5.0,12.997,12.9817333819445
G03_R0179,G03,LOGO,holdout_G03,G03,25,50,1e-05,0.7,0.2,0.1,5.0,13.992,13.987864943452404
G03_R0180,G03,LOGO,holdout_G03,G03,25,50,1e-05,0.7,0.3,0.1,5.0,15.245,15.258944631087674
G03_R0181,G03,LOGO,holdout_G03,G03,25,50,1e-06,0.85,0.1,0.1,5.0,13.029,13.01641780555568
G03_R0182,G03,LOGO,holdout_G03,G03,25,50,1e-06,0.85,0.2,0.1,5.0,14.033,14.032432892361168
G03_R0183,G03,LOGO,holdout_G03,G03,25,50,1e-06,0.85,0.3,0.1,5.0,15.3,15.318292351686477
G03_R0184,G03,LOGO,holdout_G03,G03,25,50,1e-06,0.8,0.1,0.1,5.0,13.03,13.016664561508057
G03_R0185,G03,LOGO,holdout_G03,G03,25,50,1e-06,0.8,0.2,0.1,5.0,14.033,14.032506788194503
G03_R0186,G03,LOGO,holdout_G03,G03,25,50,1e-06,0.8,0.3,0.1,5.0,15.3,15.31925581723482
G03_R0187,G03,LOGO,holdout_G03,G03,25,50,1e-06,0.75,0.1,0.1,5.0,13.03,13.016797628968389
G03_R0188,G03,LOGO,holdout_G03,G03,25,50,1e-06,0.75,0.2,0.1,5.0,14.034,14.03276395486117
G03_R0189,G03,LOGO,holdout_G03,G03,25,50,1e-06,0.75,0.3,0.1,5.0,15.301,15.32004816247294
G03_R0190,G03,LOGO,holdout_G03,G03,25,50,1e-06,0.7,0.1,0.1,5.0,13.03,13.01671225694458
G03_R0191,G03,LOGO,holdout_G03,G03,25,50,1e-06,0.7,0.2,0.1,5.0,14.034,14.032560428075456
G03_R0192,G03,LOGO,holdout_G03,G03,25,50,1e-06,0.7,0.3,0.1,5.0,15.301,15.319415096726184
G03_R0193,G03,LOGO,holdout_G03,G03,100,3,0.001,0.85,0.1,0.1,5.0,8.5132,8.505455922569466
G03_R0194,G03,LOGO,holdout_G03,G03,100,3,0.001,0.85,0.2,0.1,5.0,9.1522,9.143214500000004
G03_R0195,G03,LOGO,holdout_G03,G03,100,3,0.001,0.85,0.3,0.1,5.0,9.9171,9.9016231860164
G03_R0196,G03,LOGO,holdout_G03,G03,100,3,0.001,0.8,0.1,0.1,5.0,8.5208,8.505762912053594
G03_R0197,G03,LOGO,holdout_G03,G03,100,3,0.001,0.8,0.2,0.1,5.0,9.1624,9.14446002083334
G03_R0198,G03,LOGO,holdout_G03,G03,100,3,0.001,0.8,0.3,0.1,5.0,9.9299,9.910790880406733
G03_R0199,G03,LOGO,holdout_G03,G03,100,3,0.001,0.75,0.1,0.1,5.0,8.5287,8.508528633779777
G03_R0200,G03,LOGO,holdout_G03,G03,100,3,0.001,0.75,0.2,0.1,5.0,9.1733,9.15022912400794
G03_R0201,G03,LOGO,holdout_G03,G03,100,3,0.001,0.75,0.3,0.1,5.0,9.9435,9.924996700049617
G03_R0202,G03,LOGO,holdout_G03,G03,100,3,0.001,0.7,0.1,0.1,5.0,8.5373,8.509755884672632
G03_R0203,G03,LOGO,holdout_G03,G03,100,3,0.001,0.7,0.2,0.1,5.0,9.1849,9.150262564186512
G03_R0204,G03,LOGO,holdout_G03,G03,100,3,0.001,0.7,0.3,0.1,5.0,9.9581,9.92933414449405
G03_R0205,G03,LOGO,holdout_G03,G03,100,3,0.0001,0.85,0.1,0.1,5.0,8.7941,8.777861506101177
G03_R0206,G03,LOGO,holdout_G03,G03,100,3,0.0001,0.85,0.2,0.1,5.0,9.5045,9.490167458531763
G03_R0207,G03,LOGO,holdout_G03,G03,100,3,0.0001,0.85,0.3,0.1,5.0,10.433,10.414818649080113
G03_R0208,G03,LOGO,holdout_G03,G03,100,3,0.0001,0.8,0.1,0.1,5.0,8.7973,8.778223652944606
G03_R0209,G03,LOGO,holdout_G03,G03,100,3,0.0001,0.8,0.2,0.1,5.0,9.5089,9.490941274007954
G03_R0210,G03,LOGO,holdout_G03,G03,100,3,0.0001,0.8,0.3,0.1,5.0,10.439,10.416872924873768
G03_R0211,G03,LOGO,holdout_G03,G03,100,3,0.0001,0.75,0.1,0.1,5.0,8.8007,8.778975914650978
G03_R0212,G03,LOGO,holdout_G03,G03,100,3,0.0001,0.75,0.2,0.1,5.0,9.5136,9.493111017027406
G03_R0213,G03,LOGO,holdout_G03,G03,100,3,0.0001,0.75,0.3,0.1,5.0,10.445,10.421036674377724
G03_R0214,G03,LOGO,holdout_G03,G03,100,3,0.0001,0.7,0.1,0.1,5.0,8.8042,8.778292921942644
G03_R0215,G03,LOGO,holdout_G03,G03,100,3,0.0001,0.7,0.2,0.1,5.0,9.5185,9.49266022893217
G03_R0216,G03,LOGO,holdout_G03,G03,100,3,0.0001,0.7,0.3,0.1,5.0,10.451,10.421234796401531
G03_R0217,G03,LOGO,holdout_G03,G03,100,3,1e-05,0.85,0.1,0.1,5.0,8.8721,8.844937386480897
G03_R0218,G03,LOGO,holdout_G03,G03,100,3,1e-05,0.85,0.2,0.1,5.0,9.5996,9.5729861310922
G03_R0219,G03,LOGO,holdout_G03,G03,100,3,1e-05,0.85,0.3,0.1,5.0,10.568,10.54091717261903
G03_R0220,G03,LOGO,holdout_G03,G03,100,3,1e-05,0.8,0.1,0.1,5.0,8.8732,8.845529833504703
G03_R0221,G03,LOGO,holdout_G03,G03,100,3,1e-05,0.8,0.2,0.1,5.0,9.6011,9.573376640318385
G03_R0222,G03,LOGO,holdout_G03,G03,100,3,1e-05,0.8,0.3,0.1,5.0,10.57,10.5409987142857
G03_R0223,G03,LOGO,holdout_G03,G03,100,3,1e-05,0.75,0.1,0.1,5.0,8.8743,8.84555605017136
G03_R0224,G03,LOGO,holdout_G03,G03,100,3,1e-05,0.75,0.2,0.1,5.0,9.6027,9.573853435421166
G03_R0225,G03,LOGO,holdout_G03,G03,100,3,1e-05,0.75,0.3,0.1,5.0,10.572,10.541926148809514
G03_R0226,G03,LOGO,holdout_G03,G03,100,3,1e-05,0.7,0.1,0.1,5.0,8.8755,8.844907086629695
G03_R0227,G03,LOGO,holdout_G03,G03,100,3,1e-05,0.7,0.2,0.1,5.0,9.6045,9.573605818159262
G03_R0228,G03,LOGO,holdout_G03,G03,100,3,1e-05,0.7,0.3,0.1,5.0,10.574,10.541320428571415
G03_R0229,G03,LOGO,holdout_G03,G03,100,3,1e-06,0.85,0.1,0.1,5.0,8.8968,8.864381568452378
G03_R0230,G03,LOGO,holdout_G03,G03,100,3,1e-06,0.85,0.2,0.1,5.0,9.6278,9.59580784289771
G03_R0231,G03,LOGO,holdout_G03,G03,100,3,1e-06,0.85,0.3,0.1,5.0,10.605,10.571682495175033
G03_R0232,G03,LOGO,holdout_G03,G03,100,3,1e-06,0.8,0.1,0.1,5.0,8.897,8.864689013392852
G03_R0233,G03,LOGO,holdout_G03,G03,100,3,1e-06,0.8,0.2,0.1,5.0,9.6282,9.596194475040564
G03_R0234,G03,LOGO,holdout_G03,G03,100,3,1e-06,0.8,0.3,0.1,5.0,10.605,10.5721404118417
G03_R0235,G03,LOGO,holdout_G03,G03,100,3,1e-06,0.75,0.1,0.1,5.0,8.8973,8.864846807440482
G03_R0236,G03,LOGO,holdout_G03,G03,100,3,1e-06,0.75,0.2,0.1,5.0,9.6286,9.596660236810054
G03_R0237,G03,LOGO,holdout_G03,G03,100,3,1e-06,0.75,0.3,0.1,5.0,10.606,10.57257939696076
G03_R0238,G03,LOGO,holdout_G03,G03,100,3,1e-06,0.7,0.1,0.1,5.0,8.8976,8.864116451190482
G03_R0239,G03,LOGO,holdout_G03,G03,100,3,1e-06,0.7,0.2,0.1,5.0,9.629,9.596657421036246
G03_R0240,G03,LOGO,holdout_G03,G03,100,3,1e-06,0.7,0.3,0.1,5.0,10.606,10.571905801722664
G03_R0241,G03,LOGO,holdout_G03,G03,100,6,0.001,0.85,0.1,0.1,5.0,10.158,10.146344205654708
G03_R0242,G03,LOGO,holdout_G03,G03,100,6,0.001,0.85,0.2,0.1,5.0,10.88,10.864734330853157
G03_R0243,G03,LOGO,holdout_G03,G03,100,6,0.001,0.85,0.3,0.1,5.0,11.74,11.725636158730142
G03_R0244,G03,LOGO,holdout_G03,G03,100,6,0.001,0.8,0.1,0.1,5.0,10.166,10.146958203571373
G03_R0245,G03,LOGO,holdout_G03,G03,100,6,0.001,0.8,0.2,0.1,5.0,10.891,10.865201549603157
G03_R0246,G03,LOGO,holdout_G03,G03,100,6,0.001,0.8,0.3,0.1,5.0,11.754,11.731042822420624
G03_R0247,G03,LOGO,holdout_G03,G03,100,6,0.001,0.75,0.1,0.1,5.0,10.176,10.149190637797563
G03_R0248,G03,LOGO,holdout_G03,G03,100,6,0.001,0.75,0.2,0.1,5.0,10.904,10.871019458829348
G03_R0249,G03,LOGO,holdout_G03,G03,100,6,0.001,0.75,0.3,0.1,5.0,11.77,11.740834983134928
G03_R0250,G03,LOGO,holdout_G03,G03,100,6,0.001,0.7,0.1,0.1,5.0,10.185,10.149139141666607
G03_R0251,G03,LOGO,holdout_G03,G03,100,6,0.001,0.7,0.2,0.1,5.0,10.917,10.87122259374998
G03_R0252,G03,LOGO,holdout_G03,G03,100,6,0.001,0.7,0.3,0.1,5.0,11.786,11.744183134920638
G03_R0253,G03,LOGO,holdout_G03,G03,100,6,0.0001,0.85,0.1,0.1,5.0,10.471,10.451370965864022
G03_R0254,G03,LOGO,holdout_G03,G03,100,6,0.0001,0.85,0.2,0.1,5.0,11.267,11.252322893849213
G03_R0255,G03,LOGO,holdout_G03,G03,100,6,0.0001,0.85,0.3,0.1,5.0,12.298,12.27260388839286
G03_R0256,G03,LOGO,holdout_G03,G03,100,6,0.0001,0.8,0.1,0.1,5.0,10.475,10.452539968840211
G03_R0257,G03,LOGO,holdout_G03,G03,100,6,0.0001,0.8,0.2,0.1,5.0,11.272,11.253429486111116
G03_R0258,G03,LOGO,holdout_G03,G03,100,6,0.0001,0.8,0.3,0.1,5.0,12.305,12.272809346726197
G03_R0259,G03,LOGO,holdout_G03,G03,100,6,0.0001,0.75,0.1,0.1,5.0,10.479,10.45363754622113
G03_R0260,G03,LOGO,holdout_G03,G03,100,6,0.0001,0.75,0.2,0.1,5.0,11.277,11.2552176081349
G03_R0261,G03,LOGO,holdout_G03,G03,100,6,0.0001,0.75,0.3,0.1,5.0,12.312,12.275478656249984
G03_R0262,G03,LOGO,holdout_G03,G03,100,6,0.0001,0.7,0.1,0.1,5.0,10.483,10.453188567054465
G03_R0263,G03,LOGO,holdout_G03,G03,100,6,0.0001,0.7,0.2,0.1,5.0,11.282,11.2547938581349
G03_R0264,G03,LOGO,holdout_G03,G03,100,6,0.0001,0.7,0.3,0.1,5.0,12.319,12.275999736607128
G03_R0265,G03,LOGO,holdout_G03,G03,100,6,1e-05,0.85,0.1,0.1,5.0,10.558,10.524006146915587
G03_R0266,G03,LOGO,holdout_G03,G03,100,6,1e-05,0.85,0.2,0.1,5.0,11.37,11.340402435290422
G03_R0267,G03,LOGO,holdout_G03,G03,100,6,1e-05,0.85,0.3,0.1,5.0,12.442,12.408331510642135
G03_R0268,G03,LOGO,holdout_G03,G03,100,6,1e-05,0.8,0.1,0.1,5.0,10.559,10.52513098223305
G03_R0269,G03,LOGO,holdout_G03,G03,100,6,1e-05,0.8,0.2,0.1,5.0,11.372,11.34152563171899
G03_R0270,G03,LOGO,holdout_G03,G03,100,6,1e-05,0.8,0.3,0.1,5.0,12.444,12.413347291666664
G03_R0271,G03,LOGO,holdout_G03,G03,100,6,1e-05,0.75,0.1,0.1,5.0,10.56,10.525713459911596
G03_R0272,G03,LOGO,holdout_G03,G03,100,6,1e-05,0.75,0.2,0.1,5.0,11.374,11.34212128945708
G03_R0273,G03,LOGO,holdout_G03,G03,100,6,1e-05,0.75,0.3,0.1,5.0,12.447,12.414480822420646
G03_R0274,G03,LOGO,holdout_G03,G03,100,6,1e-05,0.7,0.1,0.1,5.0,10.562,10.525267251578256
G03_R0275,G03,LOGO,holdout_G03,G03,100,6,1e-05,0.7,0.2,0.1,5.0,11.375,11.341632581123744
G03_R0276,G03,LOGO,holdout_G03,G03,100,6,1e-05,0.7,0.3,0.1,5.0,12.45,12.414509313492074
G03_R0277,G03,LOGO,holdout_G03,G03,100,6,1e-06,0.85,0.1,0.1,5.0,10.585,10.546140751488169
G03_R0278,G03,LOGO,holdout_G03,G03,100,6,1e-06,0.85,0.2,0.1,5.0,11.402,11.364524065746757
G03_R0279,G03,LOGO,holdout_G03,G03,100,6,1e-06,0.85,0.3,0.1,5.0,12.481,12.437467155979473
G03_R0280,G03,LOGO,holdout_G03,G03,100,6,1e-06,0.8,0.1,0.1,5.0,10.586,10.546802223710392
G03_R0281,G03,LOGO,holdout_G03,G03,100,6,1e-06,0.8,0.2,0.1,5.0,11.403,11.36539603896104
G03_R0282,G03,LOGO,holdout_G03,G03,100,6,1e-06,0.8,0.3,0.1,5.0,12.482,12.44464877480162
G03_R0283,G03,LOGO,holdout_G03,G03,100,6,1e-06,0.75,0.1,0.1,5.0,10.586,10.547167560019863
G03_R0284,G03,LOGO,holdout_G03,G03,100,6,1e-06,0.75,0.2,0.1,5.0,11.403,11.365641794913426
G03_R0285,G03,LOGO,holdout_G03,G03,100,6,1e-06,0.75,0.3,0.1,5.0,12.483,12.444596266865124
G03_R0286,G03,LOGO,holdout_G03,G03,100,6,1e-06,0.7,0.1,0.1,5.0,10.586,10.547004789186529
G03_R0287,G03,LOGO,holdout_G03,G03,100,6,1e-06,0.7,0.2,0.1,5.0,11.404,11.365365794913425
G03_R0288,G03,LOGO,holdout_G03,G03,100,6,1e-06,0.7,0.3,0.1,5.0,12.483,12.444593257936551
G03_R0289,G03,LOGO,holdout_G03,G03,100,20,0.001,0.85,0.1,0.1,5.0,14.571,14.579352087301604
G03_R0290,G03,LOGO,holdout_G03,G03,100,20,0.001,0.85,0.2,0.1,5.0,15.528,15.5296805231019
G03_R0291,G03,LOGO,holdout_G03,G03,100,20,0.001,0.85,0.3,0.1,5.0,16.712,16.691403716946233
G03_R0292,G03,LOGO,holdout_G03,G03,100,20,0.001,0.8,0.1,0.1,5.0,14.583,14.580972670634935
G03_R0293,G03,LOGO,holdout_G03,G03,100,20,0.001,0.8,0.2,0.1,5.0,15.545,15.530058953657456
G03_R0294,G03,LOGO,holdout_G03,G03,100,20,0.001,0.8,0.3,0.1,5.0,16.732,16.69768913460497
G03_R0295,G03,LOGO,holdout_G03,G03,100,20,0.001,0.75,0.1,0.1,5.0,14.596,14.585192562004003
G03_R0296,G03,LOGO,holdout_G03,G03,100,20,0.001,0.75,0.2,0.1,5.0,15.562,15.53670636883603
G03_R0297,G03,LOGO,holdout_G03,G03,100,20,0.001,0.75,0.3,0.1,5.0,16.753,16.71099689353355
G03_R0298,G03,LOGO,holdout_G03,G03,100,20,0.001,0.7,0.1,0.1,5.0,14.61,14.583564118551626
G03_R0299,G03,LOGO,holdout_G03,G03,100,20,0.001,0.7,0.2,0.1,5.0,15.581,15.536406413478892
G03_R0300,G03,LOGO,holdout_G03,G03,100,20,0.001,0.7,0.3,0.1,5.0,16.776,16.71606690543831
G03_R0301,G03,LOGO,holdout_G03,G03,100,20,0.0001,0.85,0.1,0.1,5.0,15.007,14.98254194295636
G03_R0302,G03,LOGO,holdout_G03,G03,100,20,0.0001,0.85,0.2,0.1,5.0,16.057,16.038820308802325
G03_R0303,G03,LOGO,holdout_G03,G03,100,20,0.0001,0.85,0.3,0.1,5.0,17.464,17.441111181547665
G03_R0304,G03,LOGO,holdout_G03,G03,100,20,0.0001,0.8,0.1,0.1,5.0,15.012,14.98359072569445
G03_R0305,G03,LOGO,holdout_G03,G03,100,20,0.0001,0.8,0.2,0.1,5.0,16.064,16.039105502254706
G03_R0306,G03,LOGO,holdout_G03,G03,100,20,0.0001,0.8,0.3,0.1,5.0,17.473,17.443541958333377
G03_R0307,G03,LOGO,holdout_G03,G03,100,20,0.0001,0.75,0.1,0.1,5.0,15.017,14.985209896825388
G03_R0308,G03,LOGO,holdout_G03,G03,100,20,0.0001,0.75,0.2,0.1,5.0,16.072,16.041488481150765
G03_R0309,G03,LOGO,holdout_G03,G03,100,20,0.0001,0.75,0.3,0.1,5.0,17.483,17.448375345238134
G03_R0310,G03,LOGO,holdout_G03,G03,100,20,0.0001,0.7,0.1,0.1,5.0,15.023,14.98434897123015
G03_R0311,G03,LOGO,holdout_G03,G03,100,20,0.0001,0.7,0.2,0.1,5.0,16.079,16.040748118055532
G03_R0312,G03,LOGO,holdout_G03,G03,100,20,0.0001,0.7,0.3,0.1,5.0,17.493,17.44793533035718
G03_R0313,G03,LOGO,holdout_G03,G03,100,20,1e-05,0.85,0.1,0.1,5.0,15.123,15.087951246031665
G03_R0314,G03,LOGO,holdout_G03,G03,100,20,1e-05,0.85,0.2,0.1,5.0,16.194,16.15769233274711
G03_R0315,G03,LOGO,holdout_G03,G03,100,20,1e-05,0.85,0.3,0.1,5.0,17.653,17.60255844435425
G03_R0316,G03,LOGO,holdout_G03,G03,100,20,1e-05,0.8,0.1,0.1,5.0,15.125,15.089095341269754
G03_R0317,G03,LOGO,holdout_G03,G03,100,20,1e-05,0.8,0.2,0.1,5.0,16.197,16.158417453282826
G03_R0318,G03,LOGO,holdout_G03,G03,100,20,1e-05,0.8,0.3,0.1,5.0,17.656,17.604481200306633
G03_R0319,G03,LOGO,holdout_G03,G03,100,20,1e-05,0.75,0.1,0.1,5.0,15.127,15.089530016865004
G03_R0320,G03,LOGO,holdout_G03,G03,100,20,1e-05,0.75,0.2,0.1,5.0,16.199,16.15875250387804
G03_R0321,G03,LOGO,holdout_G03,G03,100,20,1e-05,0.75,0.3,0.1,5.0,17.659,17.60677342054473
G03_R0322,G03,LOGO,holdout_G03,G03,100,20,1e-05,0.7,0.1,0.1,5.0,15.129,15.088752558531668
G03_R0323,G03,LOGO,holdout_G03,G03,100,20,1e-05,0.7,0.2,0.1,5.0,16.202,16.1578392345328
G03_R0324,G03,LOGO,holdout_G03,G03,100,20,1e-05,0.7,0.3,0.1,5.0,17.663,17.606385146735203
G03_R0325,G03,LOGO,holdout_G03,G03,100,20,1e-06,0.85,0.1,0.1,5.0,15.161,15.11698351835308
G03_R0326,G03,LOGO,holdout_G03,G03,100,20,1e-06,0.85,0.2,0.1,5.0,16.234,16.190299678266197
G03_R0327,G03,LOGO,holdout_G03,G03,100,20,1e-06,0.85,0.3,0.1,5.0,17.704,17.64413912351189
G03_R0328,G03,LOGO,holdout_G03,G03,100,20,1e-06,0.8,0.1,0.1,5.0,15.162,15.117553571924503
G03_R0329,G03,LOGO,holdout_G03,G03,100,20,1e-06,0.8,0.2,0.1,5.0,16.235,16.19052334046858
G03_R0330,G03,LOGO,holdout_G03,G03,100,20,1e-06,0.8,0.3,0.1,5.0,17.705,17.645954171130935
G03_R0331,G03,LOGO,holdout_G03,G03,100,20,1e-06,0.75,0.1,0.1,5.0,15.162,15.117868812995946
G03_R0332,G03,LOGO,holdout_G03,G03,100,20,1e-06,0.75,0.2,0.1,5.0,16.235,16.19046659642097
G03_R0333,G03,LOGO,holdout_G03,G03,100,20,1e-06,0.75,0.3,0.1,5.0,17.706,17.6472627931547
G03_R0334,G03,LOGO,holdout_G03,G03,100,20,1e-06,0.7,0.1,0.1,5.0,15.162,15.117195622519755
G03_R0335,G03,LOGO,holdout_G03,G03,100,20,1e-06,0.7,0.2,0.1,5.0,16.236,16.189485118742397
G03_R0336,G03,LOGO,holdout_G03,G03,100,20,1e-06,0.7,0.3,0.1,5.0,17.707,17.647155415178506
G03_R0337,G03,LOGO,holdout_G03,G03,100,50,0.001,0.85,0.1,0.1,5.0,19.784,19.56795779365077
G03_R0338,G03,LOGO,holdout_G03,G03,100,50,0.001,0.85,0.2,0.1,5.0,21.046,21.102346105654803
G03_R0339,G03,LOGO,holdout_G03,G03,100,50,0.001,0.85,0.3,0.1,5.0,22.629,22.627467090773827
G03_R0340,G03,LOGO,holdout_G03,G03,100,50,0.001,0.8,0.1,0.1,5.0,19.801,19.573623427579346
G03_R0341,G03,LOGO,holdout_G03,G03,100,50,0.001,0.8,0.2,0.1,5.0,21.068,21.105887346726227
G03_R0342,G03,LOGO,holdout_G03,G03,100,50,0.001,0.8,0.3,0.1,5.0,22.656,22.63301013244049
G03_R0343,G03,LOGO,holdout_G03,G03,100,50,0.001,0.75,0.1,0.1,5.0,19.82,19.577515378968247
G03_R0344,G03,LOGO,holdout_G03,G03,100,50,0.001,0.75,0.2,0.1,5.0,21.091,21.11105808184527
G03_R0345,G03,LOGO,holdout_G03,G03,100,50,0.001,0.75,0.3,0.1,5.0,22.686,22.646956510416672
G03_R0346,G03,LOGO,holdout_G03,G03,100,50,0.001,0.7,0.1,0.1,5.0,19.839,19.574555370039675
G03_R0347,G03,LOGO,holdout_G03,G03,100,50,0.001,0.7,0.2,0.1,5.0,21.115,21.10820085267861
G03_R0348,G03,LOGO,holdout_G03,G03,100,50,0.001,0.7,0.3,0.1,5.0,22.718,22.649409437500008
G03_R0349,G03,LOGO,holdout_G03,G03,100,50,0.0001,0.85,0.1,0.1,5.0,20.188,20.099216656250054
G03_R0350,G03,LOGO,holdout_G03,G03,100,50,0.0001,0.85,0.2,0.1,5.0,21.762,21.757289736607163
G03_R0351,G03,LOGO,holdout_G03,G03,100,50,0.0001,0.85,0.3,0.1,5.0,23.676,23.633954049377724
G03_R0352,G03,LOGO,holdout_G03,G03,100,50,0.0001,0.8,0.1,0.1,5.0,20.195,20.10377724851196
G03_R0353,G03,LOGO,holdout_G03,G03,100,50,0.0001,0.8,0.2,0.1,5.0,21.772,21.757763674107164
G03_R0354,G03,LOGO,holdout_G03,G03,100,50,0.0001,0.8,0.3,0.1,5.0,23.688,23.636385805330107
G03_R0355,G03,LOGO,holdout_G03,G03,100,50,0.0001,0.75,0.1,0.1,5.0,20.202,20.10387007490084
G03_R0356,G03,LOGO,holdout_G03,G03,100,50,0.0001,0.75,0.2,0.1,5.0,21.782,21.760537816964256
G03_R0357,G03,LOGO,holdout_G03,G03,100,50,0.0001,0.75,0.3,0.1,5.0,23.702,23.64080457318727
G03_R0358,G03,LOGO,holdout_G03,G03,100,50,0.0001,0.7,0.1,0.1,5.0,20.21,20.09825595684528
G03_R0359,G03,LOGO,holdout_G03,G03,100,50,0.0001,0.7,0.2,0.1,5.0,21.793,21.759336879464254
G03_R0360,G03,LOGO,holdout_G03,G03,100,50,0.0001,0.7,0.3,0.1,5.0,23.717,23.640091439754727
G03_R0361,G03,LOGO,holdout_G03,G03,100,50,1e-05,0.85,0.1,0.1,5.0,20.347,20.260038822240325
G03_R0362,G03,LOGO,holdout_G03,G03,100,50,1e-05,0.85,0.2,0.1,5.0,21.94,21.92484628422621
G03_R0363,G03,LOGO,holdout_G03,G03,100,50,1e-05,0.85,0.3,0.1,5.0,23.925,23.85102437080626
G03_R0364,G03,LOGO,holdout_G03,G03,100,50,1e-05,0.8,0.1,0.1,5.0,20.35,20.263154982954607
G03_R0365,G03,LOGO,holdout_G03,G03,100,50,1e-05,0.8,0.2,0.1,5.0,21.943,21.925708711309557
G03_R0366,G03,LOGO,holdout_G03,G03,100,50,1e-05,0.8,0.3,0.1,5.0,23.93,23.85318979193721
G03_R0367,G03,LOGO,holdout_G03,G03,100,50,1e-05,0.75,0.1,0.1,5.0,20.352,20.26424121509741
G03_R0368,G03,LOGO,holdout_G03,G03,100,50,1e-05,0.75,0.2,0.1,5.0,21.947,21.926820017857157
G03_R0369,G03,LOGO,holdout_G03,G03,100,50,1e-05,0.75,0.3,0.1,5.0,23.936,23.85502227408009
G03_R0370,G03,LOGO,holdout_G03,G03,100,50,1e-05,0.7,0.1,0.1,5.0,20.355,20.26342400180376
G03_R0371,G03,LOGO,holdout_G03,G03,100,50,1e-05,0.7,0.2,0.1,5.0,21.951,21.92518314583334
G03_R0372,G03,LOGO,holdout_G03,G03,100,50,1e-05,0.7,0.3,0.1,5.0,23.941,23.854240917433263
G03_R0373,G03,LOGO,holdout_G03,G03,100,50,1e-06,0.85,0.1,0.1,5.0,20.398,20.299403315791785
G03_R0374,G03,LOGO,holdout_G03,G03,100,50,1e-06,0.85,0.2,0.1,5.0,21.995,21.9675187574406
G03_R0375,G03,LOGO,holdout_G03,G03,100,50,1e-06,0.85,0.3,0.1,5.0,23.992,23.9046383118236
G03_R0376,G03,LOGO,holdout_G03,G03,100,50,1e-06,0.8,0.1,0.1,5.0,20.399,20.30272546162512
G03_R0377,G03,LOGO,holdout_G03,G03,100,50,1e-06,0.8,0.2,0.1,5.0,21.996,21.96842660119061
G03_R0378,G03,LOGO,holdout_G03,G03,100,50,1e-06,0.8,0.3,0.1,5.0,23.993,23.907080741883124
G03_R0379,G03,LOGO,holdout_G03,G03,100,50,1e-06,0.75,0.1,0.1,5.0,20.4,20.3029170315656
G03_R0380,G03,LOGO,holdout_G03,G03,100,50,1e-06,0.75,0.2,0.1,5.0,21.996,21.96957884077396
G03_R0381,G03,LOGO,holdout_G03,G03,100,50,1e-06,0.75,0.3,0.1,5.0,23.995,23.90842625378791
G03_R0382,G03,LOGO,holdout_G03,G03,100,50,1e-06,0.7,0.1,0.1,5.0,20.4,20.302219082160835
G03_R0383,G03,LOGO,holdout_G03,G03,100,50,1e-06,0.7,0.2,0.1,5.0,21.997,21.968180697916804
G03_R0384,G03,LOGO,holdout_G03,G03,100,50,1e-06,0.7,0.3,0.1,5.0,23.996,23.90779863474029
G03_R0385,G03,LOGO,holdout_G03,G03,250,3,0.001,0.85,0.1,0.1,5.0,10.985,10.945710174693344
G03_R0386,G03,LOGO,holdout_G03,G03,250,3,0.001,0.85,0.2,0.1,5.0,11.781,11.750130581845204
G03_R0387,G03,LOGO,holdout_G03,G03,250,3,0.001,0.85,0.3,0.1,5.0,12.758,12.74612757093255
G03_R0388,G03,LOGO,holdout_G03,G03,250,3,0.001,0.8,0.1,0.1,5.0,10.996,10.947515049693347
G03_R0389,G03,LOGO,holdout_G03,G03,250,3,0.001,0.8,0.2,0.1,5.0,11.796,11.752105144345204
G03_R0390,G03,LOGO,holdout_G03,G03,250,3,0.001,0.8,0.3,0.1,5.0,12.777,12.747356178075414
G03_R0391,G03,LOGO,holdout_G03,G03,250,3,0.001,0.75,0.1,0.1,5.0,11.008,10.952421326479078
G03_R0392,G03,LOGO,holdout_G03,G03,250,3,0.001,0.75,0.2,0.1,5.0,11.812,11.757017909226173
G03_R0393,G03,LOGO,holdout_G03,G03,250,3,0.001,0.75,0.3,0.1,5.0,12.796,12.75519672767858
G03_R0394,G03,LOGO,holdout_G03,G03,250,3,0.001,0.7,0.1,0.1,5.0,11.021,10.95088063600289
G03_R0395,G03,LOGO,holdout_G03,G03,250,3,0.001,0.7,0.2,0.1,5.0,11.828,11.75571911458332
G03_R0396,G03,LOGO,holdout_G03,G03,250,3,0.001,0.7,0.3,0.1,5.0,12.816,12.75673796279763
G03_R0397,G03,LOGO,holdout_G03,G03,250,3,0.0001,0.85,0.1,0.1,5.0,11.233,11.150355006944462
G03_R0398,G03,LOGO,holdout_G03,G03,250,3,0.0001,0.85,0.2,0.1,5.0,12.066,11.98585663541665
G03_R0399,G03,LOGO,holdout_G03,G03,250,3,0.0001,0.85,0.3,0.1,5.0,13.194,13.121958354166654
G03_R0400,G03,LOGO,holdout_G03,G03,250,3,0.0001,0.8,0.1,0.1,5.0,11.237,11.152624298611132
G03_R0401,G03,LOGO,holdout_G03,G03,250,3,0.0001,0.8,0.2,0.1,5.0,12.072,11.987628936011893
G03_R0402,G03,LOGO,holdout_G03,G03,250,3,0.0001,0.8,0.3,0.1,5.0,13.203,13.122785861607133
G03_R0403,G03,LOGO,holdout_G03,G03,250,3,0.0001,0.75,0.1,0.1,5.0,11.242,11.15526428075399
G03_R0404,G03,LOGO,holdout_G03,G03,250,3,0.0001,0.75,0.2,0.1,5.0,12.08,11.990525192956326
G03_R0405,G03,LOGO,holdout_G03,G03,250,3,0.0001,0.75,0.3,0.1,5.0,13.212,13.12663881101189
G03_R0406,G03,LOGO,holdout_G03,G03,250,3,0.0001,0.7,0.1,0.1,5.0,11.247,11.153632256944466
G03_R0407,G03,LOGO,holdout_G03,G03,250,3,0.0001,0.7,0.2,0.1,5.0,12.087,11.98935537748014
G03_R0408,G03,LOGO,holdout_G03,G03,250,3,0.0001,0.7,0.3,0.1,5.0,13.221,13.12619589434522
G03_R0409,G03,LOGO,holdout_G03,G03,250,3,1e-05,0.85,0.1,0.1,5.0,11.297,11.215908631944492
G03_R0410,G03,LOGO,holdout_G03,G03,250,3,1e-05,0.85,0.2,0.1,5.0,12.098,12.017335651289716
G03_R0411,G03,LOGO,holdout_G03,G03,250,3,1e-05,0.85,0.3,0.1,5.0,13.258,13.169281229933238
G03_R0412,G03,LOGO,holdout_G03,G03,250,3,1e-05,0.8,0.1,0.1,5.0,11.298,11.216962590277824
G03_R0413,G03,LOGO,holdout_G03,G03,250,3,1e-05,0.8,0.2,0.1,5.0,12.101,12.018731151289726
G03_R0414,G03,LOGO,holdout_G03,G03,250,3,1e-05,0.8,0.3,0.1,5.0,13.262,13.170906108901518
G03_R0415,G03,LOGO,holdout_G03,G03,250,3,1e-05,0.75,0.1,0.1,5.0,11.3,11.217828477182572
G03_R0416,G03,LOGO,holdout_G03,G03,250,3,1e-05,0.75,0.2,0.1,5.0,12.104,12.02135899305554
G03_R0417,G03,LOGO,holdout_G03,G03,250,3,1e-05,0.75,0.3,0.1,5.0,13.266,13.172970865349932
G03_R0418,G03,LOGO,holdout_G03,G03,250,3,1e-05,0.7,0.1,0.1,5.0,11.301,11.217088878968289
G03_R0419,G03,LOGO,holdout_G03,G03,250,3,1e-05,0.7,0.2,0.1,5.0,12.108,12.021467808035696
G03_R0420,G03,LOGO,holdout_G03,G03,250,3,1e-05,0.7,0.3,0.1,5.0,13.271,13.173496057810247
G03_R0421,G03,LOGO,holdout_G03,G03,250,3,1e-06,0.85,0.1,0.1,5.0,11.319,11.233002096906564
G03_R0422,G03,LOGO,holdout_G03,G03,250,3,1e-06,0.85,0.2,0.1,5.0,12.098,12.017611548115122
G03_R0423,G03,LOGO,holdout_G03,G03,250,3,1e-06,0.85,0.3,0.1,5.0,13.252,13.16724316842528
G03_R0424,G03,LOGO,holdout_G03,G03,250,3,1e-06,0.8,0.1,0.1,5.0,11.319,11.233946534406565
G03_R0425,G03,LOGO,holdout_G03,G03,250,3,1e-06,0.8,0.2,0.1,5.0,12.099,12.01896936061513
G03_R0426,G03,LOGO,holdout_G03,G03,250,3,1e-06,0.8,0.3,0.1,5.0,13.254,13.168612346500703
G03_R0427,G03,LOGO,holdout_G03,G03,250,3,1e-06,0.75,0.1,0.1,5.0,11.32,11.23448954928753
G03_R0428,G03,LOGO,holdout_G03,G03,250,3,1e-06,0.75,0.2,0.1,5.0,12.1,12.021341991071422
G03_R0429,G03,LOGO,holdout_G03,G03,250,3,1e-06,0.75,0.3,0.1,5.0,13.255,13.170649144615815
G03_R0430,G03,LOGO,holdout_G03,G03,250,3,1e-06,0.7,0.1,0.1,5.0,11.32,11.233808451073246
G03_R0431,G03,LOGO,holdout_G03,G03,250,3,1e-06,0.7,0.2,0.1,5.0,12.101,12.02140532688491
G03_R0432,G03,LOGO,holdout_G03,G03,250,3,1e-06,0.7,0.3,0.1,5.0,13.257,13.17116390205629
G03_R0433,G03,LOGO,holdout_G03,G03,250,6,0.001,0.85,0.1,0.1,5.0,13.496,13.430758098710315
G03_R0434,G03,LOGO,holdout_G03,G03,250,6,0.001,0.85,0.2,0.1,5.0,14.458,14.415150332341293
G03_R0435,G03,LOGO,holdout_G03,G03,250,6,0.001,0.85,0.3,0.1,5.0,15.63,15.61459488915945
G03_R0436,G03,LOGO,holdout_G03,G03,250,6,0.001,0.8,0.1,0.1,5.0,13.51,13.432230598710314
G03_R0437,G03,LOGO,holdout_G03,G03,250,6,0.001,0.8,0.2,0.1,5.0,14.475,14.418005388888908
G03_R0438,G03,LOGO,holdout_G03,G03,250,6,0.001,0.8,0.3,0.1,5.0,15.652,15.616500545409451
G03_R0439,G03,LOGO,holdout_G03,G03,250,6,0.001,0.75,0.1,0.1,5.0,13.524,13.437908077877005
G03_R0440,G03,LOGO,holdout_G03,G03,250,6,0.001,0.75,0.2,0.1,5.0,14.494,14.423296019841304
G03_R0441,G03,LOGO,holdout_G03,G03,250,6,0.001,0.75,0.3,0.1,5.0,15.675,15.624798646599896
G03_R0442,G03,LOGO,holdout_G03,G03,250,6,0.001,0.7,0.1,0.1,5.0,13.54,13.436255562996053
G03_R0443,G03,LOGO,holdout_G03,G03,250,6,0.001,0.7,0.2,0.1,5.0,14.514,14.42215129662702
G03_R0444,G03,LOGO,holdout_G03,G03,250,6,0.001,0.7,0.3,0.1,5.0,15.7,15.622760748782436
G03_R0445,G03,LOGO,holdout_G03,G03,250,6,0.0001,0.85,0.1,0.1,5.0,13.79,13.6834598015873
G03_R0446,G03,LOGO,holdout_G03,G03,250,6,0.0001,0.85,0.2,0.1,5.0,14.791,14.685321968614716
G03_R0447,G03,LOGO,holdout_G03,G03,250,6,0.0001,0.85,0.3,0.1,5.0,16.137,16.04243170039681
G03_R0448,G03,LOGO,holdout_G03,G03,250,6,0.0001,0.8,0.1,0.1,5.0,13.795,13.685602349206343
G03_R0449,G03,LOGO,holdout_G03,G03,250,6,0.0001,0.8,0.2,0.1,5.0,14.799,14.688528497384556
G03_R0450,G03,LOGO,holdout_G03,G03,250,6,0.0001,0.8,0.3,0.1,5.0,16.148,16.044611197420622
G03_R0451,G03,LOGO,holdout_G03,G03,250,6,0.0001,0.75,0.1,0.1,5.0,13.8,13.688266858134908
G03_R0452,G03,LOGO,holdout_G03,G03,250,6,0.0001,0.75,0.2,0.1,5.0,14.808,14.69079592446789
G03_R0453,G03,LOGO,holdout_G03,G03,250,6,0.0001,0.75,0.3,0.1,5.0,16.159,16.04867749999999
G03_R0454,G03,LOGO,holdout_G03,G03,250,6,0.0001,0.7,0.1,0.1,5.0,13.806,13.686379551587288
G03_R0455,G03,LOGO,holdout_G03,G03,250,6,0.0001,0.7,0.2,0.1,5.0,14.817,14.689756248872651
G03_R0456,G03,LOGO,holdout_G03,G03,250,6,0.0001,0.7,0.3,0.1,5.0,16.17,16.047272510912684
G03_R0457,G03,LOGO,holdout_G03,G03,250,6,1e-05,0.85,0.1,0.1,5.0,13.865,13.755943368055494
G03_R0458,G03,LOGO,holdout_G03,G03,250,6,1e-05,0.85,0.2,0.1,5.0,14.823,14.715884957205994
G03_R0459,G03,LOGO,holdout_G03,G03,250,6,1e-05,0.85,0.3,0.1,5.0,16.208,16.09664015237194
G03_R0460,G03,LOGO,holdout_G03,G03,250,6,1e-05,0.8,0.1,0.1,5.0,13.867,13.756912888888824
G03_R0461,G03,LOGO,holdout_G03,G03,250,6,1e-05,0.8,0.2,0.1,5.0,14.827,14.719207774666309
G03_R0462,G03,LOGO,holdout_G03,G03,250,6,1e-05,0.8,0.3,0.1,5.0,16.213,16.098194000586226
G03_R0463,G03,LOGO,holdout_G03,G03,250,6,1e-05,0.75,0.1,0.1,5.0,13.869,13.75837541418647
G03_R0464,G03,LOGO,holdout_G03,G03,250,6,1e-05,0.75,0.2,0.1,5.0,14.831,14.723089228535368
G03_R0465,G03,LOGO,holdout_G03,G03,250,6,1e-05,0.75,0.3,0.1,5.0,16.218,16.10054695783733
G03_R0466,G03,LOGO,holdout_G03,G03,250,6,1e-05,0.7,0.1,0.1,5.0,13.871,13.757770012400757
G03_R0467,G03,LOGO,holdout_G03,G03,250,6,1e-05,0.7,0.2,0.1,5.0,14.835,14.723015112463946
G03_R0468,G03,LOGO,holdout_G03,G03,250,6,1e-05,0.7,0.3,0.1,5.0,16.224,16.100394263888912
G03_R0469,G03,LOGO,holdout_G03,G03,250,6,1e-06,0.85,0.1,0.1,5.0,13.892,13.776225085317376
G03_R0470,G03,LOGO,holdout_G03,G03,250,6,1e-06,0.85,0.2,0.1,5.0,14.817,14.713416354527414
G03_R0471,G03,LOGO,holdout_G03,G03,250,6,1e-06,0.85,0.3,0.1,5.0,16.199,16.091158423205332
G03_R0472,G03,LOGO,holdout_G03,G03,250,6,1e-06,0.8,0.1,0.1,5.0,13.893,13.776849439484035
G03_R0473,G03,LOGO,holdout_G03,G03,250,6,1e-06,0.8,0.2,0.1,5.0,14.818,14.716510765737723
G03_R0474,G03,LOGO,holdout_G03,G03,250,6,1e-06,0.8,0.3,0.1,5.0,16.201,16.092596973800575
G03_R0475,G03,LOGO,holdout_G03,G03,250,6,1e-06,0.75,0.1,0.1,5.0,13.893,13.77772672371024
G03_R0476,G03,LOGO,holdout_G03,G03,250,6,1e-06,0.75,0.2,0.1,5.0,14.82,14.720458999368692
G03_R0477,G03,LOGO,holdout_G03,G03,250,6,1e-06,0.75,0.3,0.1,5.0,16.203,16.094773728670674
G03_R0478,G03,LOGO,holdout_G03,G03,250,6,1e-06,0.7,0.1,0.1,5.0,13.893,13.777217848710244
G03_R0479,G03,LOGO,holdout_G03,G03,250,6,1e-06,0.7,0.2,0.1,5.0,14.821,14.720556332702026
G03_R0480,G03,LOGO,holdout_G03,G03,250,6,1e-06,0.7,0.3,0.1,5.0,16.206,16.094679382936537
G03_R0481,G03,LOGO,holdout_G03,G03,250,20,0.001,0.85,0.1,0.1,5.0,19.957,19.834494457837295
G03_R0482,G03,LOGO,holdout_G03,G03,250,20,0.001,0.85,0.2,0.1,5.0,21.395,21.339164566964296
G03_R0483,G03,LOGO,holdout_G03,G03,250,20,0.001,0.85,0.3,0.1,5.0,23.1,23.104250612103133
G03_R0484,G03,LOGO,holdout_G03,G03,250,20,0.001,0.8,0.1,0.1,5.0,19.978,19.84018367212301
G03_R0485,G03,LOGO,holdout_G03,G03,250,20,0.001,0.8,0.2,0.1,5.0,21.422,21.344937188988112
G03_R0486,G03,LOGO,holdout_G03,G03,250,20,0.001,0.8,0.3,0.1,5.0,23.133,23.110568382936467
G03_R0487,G03,LOGO,holdout_G03,G03,250,20,0.001,0.75,0.1,0.1,5.0,20.0,19.85031386855159
G03_R0488,G03,LOGO,holdout_G03,G03,250,20,0.001,0.75,0.2,0.1,5.0,21.449,21.357510824404752
G03_R0489,G03,LOGO,holdout_G03,G03,250,20,0.001,0.75,0.3,0.1,5.0,23.168,23.1222530257936
G03_R0490,G03,LOGO,holdout_G03,G03,250,20,0.001,0.7,0.1,0.1,5.0,20.024,19.84792336855159
G03_R0491,G03,LOGO,holdout_G03,G03,250,20,0.001,0.7,0.2,0.1,5.0,21.478,21.352747543154745
G03_R0492,G03,LOGO,holdout_G03,G03,250,20,0.001,0.7,0.3,0.1,5.0,23.205,23.11993478323409
G03_R0493,G03,LOGO,holdout_G03,G03,250,20,0.0001,0.85,0.1,0.1,5.0,20.39,20.206612324134195
G03_R0494,G03,LOGO,holdout_G03,G03,250,20,0.0001,0.85,0.2,0.1,5.0,21.884,21.746790617559576
G03_R0495,G03,LOGO,holdout_G03,G03,250,20,0.0001,0.85,0.3,0.1,5.0,23.92,23.79096350496029
G03_R0496,G03,LOGO,holdout_G03,G03,250,20,0.0001,0.8,0.1,0.1,5.0,20.398,20.21376570211038
G03_R0497,G03,LOGO,holdout_G03,G03,250,20,0.0001,0.8,0.2,0.1,5.0,21.896,21.75377675446434
G03_R0498,G03,LOGO,holdout_G03,G03,250,20,0.0001,0.8,0.3,0.1,5.0,23.936,23.79636269444441
G03_R0499,G03,LOGO,holdout_G03,G03,250,20,0.0001,0.75,0.1,0.1,5.0,20.407,20.21907054586043
G03_R0500,G03,LOGO,holdout_G03,G03,250,20,0.0001,0.75,0.2,0.1,5.0,21.909,21.761379888392888
G03_R0501,G03,LOGO,holdout_G03,G03,250,20,0.0001,0.75,0.3,0.1,5.0,23.952,23.80049487500001
G03_R0502,G03,LOGO,holdout_G03,G03,250,20,0.0001,0.7,0.1,0.1,5.0,20.416,20.216523541396143
G03_R0503,G03,LOGO,holdout_G03,G03,250,20,0.0001,0.7,0.2,0.1,5.0,21.923,21.756991723214306
G03_R0504,G03,LOGO,holdout_G03,G03,250,20,0.0001,0.7,0.3,0.1,5.0,23.969,23.799305163690494
G03_R0505,G03,LOGO,holdout_G03,G03,250,20,1e-05,0.85,0.1,0.1,5.0,20.492,20.31242465476196
G03_R0506,G03,LOGO,holdout_G03,G03,250,20,1e-05,0.85,0.2,0.1,5.0,21.928,21.778895132936537
G03_R0507,G03,LOGO,holdout_G03,G03,250,20,1e-05,0.85,0.3,0.1,5.0,24.02,23.87279364632936
G03_R0508,G03,LOGO,holdout_G03,G03,250,20,1e-05,0.8,0.1,0.1,5.0,20.494,20.31615354464291
G03_R0509,G03,LOGO,holdout_G03,G03,250,20,1e-05,0.8,0.2,0.1,5.0,21.933,21.784809436507963
G03_R0510,G03,LOGO,holdout_G03,G03,250,20,1e-05,0.8,0.3,0.1,5.0,24.028,23.87608768303569
G03_R0511,G03,LOGO,holdout_G03,G03,250,20,1e-05,0.75,0.1,0.1,5.0,20.497,20.31835937797616
G03_R0512,G03,LOGO,holdout_G03,G03,250,20,1e-05,0.75,0.2,0.1,5.0,21.94,21.7908876760913
G03_R0513,G03,LOGO,holdout_G03,G03,250,20,1e-05,0.75,0.3,0.1,5.0,24.037,23.87921303670633
G03_R0514,G03,LOGO,holdout_G03,G03,250,20,1e-05,0.7,0.1,0.1,5.0,20.5,20.31674994196425
G03_R0515,G03,LOGO,holdout_G03,G03,250,20,1e-05,0.7,0.2,0.1,5.0,21.946,21.78695532341271
G03_R0516,G03,LOGO,holdout_G03,G03,250,20,1e-05,0.7,0.3,0.1,5.0,24.046,23.87938547123015
G03_R0517,G03,LOGO,holdout_G03,G03,250,20,1e-06,0.85,0.1,0.1,5.0,20.529,20.33984092113105
G03_R0518,G03,LOGO,holdout_G03,G03,250,20,1e-06,0.85,0.2,0.1,5.0,21.856,21.70719332837306
G03_R0519,G03,LOGO,holdout_G03,G03,250,20,1e-06,0.85,0.3,0.1,5.0,24.001,23.86086807936513
G03_R0520,G03,LOGO,holdout_G03,G03,250,20,1e-06,0.8,0.1,0.1,5.0,20.529,20.343341543154857
G03_R0521,G03,LOGO,holdout_G03,G03,250,20,1e-06,0.8,0.2,0.1,5.0,21.857,21.71087780456353
G03_R0522,G03,LOGO,holdout_G03,G03,250,20,1e-06,0.8,0.3,0.1,5.0,24.004,23.8638450119048
G03_R0523,G03,LOGO,holdout_G03,G03,250,20,1e-06,0.75,0.1,0.1,5.0,20.53,20.344773921131036
G03_R0524,G03,LOGO,holdout_G03,G03,250,20,1e-06,0.75,0.2,0.1,5.0,21.859,21.71408527480156
G03_R0525,G03,LOGO,holdout_G03,G03,250,20,1e-06,0.75,0.3,0.1,5.0,24.008,23.866109669146816
G03_R0526,G03,LOGO,holdout_G03,G03,250,20,1e-06,0.7,0.1,0.1,5.0,20.531,20.343198236607225
G03_R0527,G03,LOGO,holdout_G03,G03,250,20,1e-06,0.7,0.2,0.1,5.0,21.861,21.71097829414678
G03_R0528,G03,LOGO,holdout_G03,G03,250,20,1e-06,0.7,0.3,0.1,5.0,24.012,23.86640704712302
G03_R0529,G03,LOGO,holdout_G03,G03,250,50,0.001,0.85,0.1,0.1,5.0,27.522,27.337730973214303
G03_R0530,G03,LOGO,holdout_G03,G03,250,50,0.001,0.85,0.2,0.1,5.0,29.571,29.520932855578447
G03_R0531,G03,LOGO,holdout_G03,G03,250,50,0.001,0.85,0.3,0.1,5.0,32.071,32.004304566468335
G03_R0532,G03,LOGO,holdout_G03,G03,250,50,0.001,0.8,0.1,0.1,5.0,27.551,27.342703452380974
G03_R0533,G03,LOGO,holdout_G03,G03,250,50,0.001,0.8,0.2,0.1,5.0,29.605,29.528202980578445
G03_R0534,G03,LOGO,holdout_G03,G03,250,50,0.001,0.8,0.3,0.1,5.0,32.117,32.01423856646833
G03_R0535,G03,LOGO,holdout_G03,G03,250,50,0.001,0.75,0.1,0.1,5.0,27.583,27.35624166815481
G03_R0536,G03,LOGO,holdout_G03,G03,250,50,0.001,0.75,0.2,0.1,5.0,29.641,29.544492940895896
G03_R0537,G03,LOGO,holdout_G03,G03,250,50,0.001,0.75,0.3,0.1,5.0,32.162,32.02835473611124
G03_R0538,G03,LOGO,holdout_G03,G03,250,50,0.001,0.7,0.1,0.1,5.0,27.617,27.35198145982148
G03_R0539,G03,LOGO,holdout_G03,G03,250,50,0.001,0.7,0.2,0.1,5.0,29.679,29.54013580547923
G03_R0540,G03,LOGO,holdout_G03,G03,250,50,0.001,0.7,0.3,0.1,5.0,32.209,32.0229269652779
G03_R0541,G03,LOGO,holdout_G03,G03,250,50,0.0001,0.85,0.1,0.1,5.0,28.143,27.88285622867063
G03_R0542,G03,LOGO,holdout_G03,G03,250,50,0.0001,0.85,0.2,0.1,5.0,30.302,30.112219964781808
G03_R0543,G03,LOGO,holdout_G03,G03,250,50,0.0001,0.85,0.3,0.1,5.0,33.26,32.94716719264065
G03_R0544,G03,LOGO,holdout_G03,G03,250,50,0.0001,0.8,0.1,0.1,5.0,28.154,27.88830704712301
G03_R0545,G03,LOGO,holdout_G03,G03,250,50,0.0001,0.8,0.2,0.1,5.0,30.321,30.12156325644847
G03_R0546,G03,LOGO,holdout_G03,G03,250,50,0.0001,0.8,0.3,0.1,5.0,33.282,32.95815577976185
G03_R0547,G03,LOGO,holdout_G03,G03,250,50,0.0001,0.75,0.1,0.1,5.0,28.166,27.89667438789677
G03_R0548,G03,LOGO,holdout_G03,G03,250,50,0.0001,0.75,0.2,0.1,5.0,30.34,30.13213120734128
G03_R0549,G03,LOGO,holdout_G03,G03,250,50,0.0001,0.75,0.3,0.1,5.0,33.305,32.964601907738114
G03_R0550,G03,LOGO,holdout_G03,G03,250,50,0.0001,0.7,0.1,0.1,5.0,28.179,27.89223678373011
G03_R0551,G03,LOGO,holdout_G03,G03,250,50,0.0001,0.7,0.2,0.1,5.0,30.362,30.128530182043665
G03_R0552,G03,LOGO,holdout_G03,G03,250,50,0.0001,0.7,0.3,0.1,5.0,33.329,32.959355532738115
G03_R0553,G03,LOGO,holdout_G03,G03,250,50,1e-05,0.85,0.1,0.1,5.0,28.295,28.02046405952377
G03_R0554,G03,LOGO,holdout_G03,G03,250,50,1e-05,0.85,0.2,0.1,5.0,30.336,30.14972433928573
G03_R0555,G03,LOGO,holdout_G03,G03,250,50,1e-05,0.85,0.3,0.1,5.0,33.384,33.07125127867967
G03_R0556,G03,LOGO,holdout_G03,G03,250,50,1e-05,0.8,0.1,0.1,5.0,28.299,28.02329373214281
G03_R0557,G03,LOGO,holdout_G03,G03,250,50,1e-05,0.8,0.2,0.1,5.0,30.344,30.15735693303573
G03_R0558,G03,LOGO,holdout_G03,G03,250,50,1e-05,0.8,0.3,0.1,5.0,33.395,33.0778042348485
G03_R0559,G03,LOGO,holdout_G03,G03,250,50,1e-05,0.75,0.1,0.1,5.0,28.303,28.02695884821417
G03_R0560,G03,LOGO,holdout_G03,G03,250,50,1e-05,0.75,0.2,0.1,5.0,30.353,30.16336554464286
G03_R0561,G03,LOGO,holdout_G03,G03,250,50,1e-05,0.75,0.3,0.1,5.0,33.408,33.080306276515195
G03_R0562,G03,LOGO,holdout_G03,G03,250,50,1e-05,0.7,0.1,0.1,5.0,28.308,28.023685809523712
G03_R0563,G03,LOGO,holdout_G03,G03,250,50,1e-05,0.7,0.2,0.1,5.0,30.363,30.16033839434526
G03_R0564,G03,LOGO,holdout_G03,G03,250,50,1e-05,0.7,0.3,0.1,5.0,33.422,33.07527324972949
G03_R0565,G03,LOGO,holdout_G03,G03,250,50,1e-06,0.85,0.1,0.1,5.0,28.354,28.05294727033725
G03_R0566,G03,LOGO,holdout_G03,G03,250,50,1e-06,0.85,0.2,0.1,5.0,30.19,30.010165582341315
G03_R0567,G03,LOGO,holdout_G03,G03,250,50,1e-06,0.85,0.3,0.1,5.0,33.347,33.053380519029595
G03_R0568,G03,LOGO,holdout_G03,G03,250,50,1e-06,0.8,0.1,0.1,5.0,28.355,28.05506794295629
G03_R0569,G03,LOGO,holdout_G03,G03,250,50,1e-06,0.8,0.2,0.1,5.0,30.192,30.014943458829418
G03_R0570,G03,LOGO,holdout_G03,G03,250,50,1e-06,0.8,0.3,0.1,5.0,33.351,33.059446079365095
G03_R0571,G03,LOGO,holdout_G03,G03,250,50,1e-06,0.75,0.1,0.1,5.0,28.249,28.05747599553567
G03_R0572,G03,LOGO,holdout_G03,G03,250,50,1e-06,0.75,0.2,0.1,5.0,30.195,30.017786004960332
G03_R0573,G03,LOGO,holdout_G03,G03,250,50,1e-06,0.75,0.3,0.1,5.0,33.357,33.06057584722228
G03_R0574,G03,LOGO,holdout_G03,G03,250,50,1e-06,0.7,0.1,0.1,5.0,28.356,28.054317727678544
G03_R0575,G03,LOGO,holdout_G03,G03,250,50,1e-06,0.7,0.2,0.1,5.0,30.198,30.017383048115107
G03_R0576,G03,LOGO,holdout_G03,G03,250,50,1e-06,0.7,0.3,0.1,5.0,33.362,33.055823466269906
G03_R0577,G03,LOGO,holdout_G03,G03,500,3,0.001,0.85,0.1,0.1,5.0,13.786,13.638148937500018
G03_R0578,G03,LOGO,holdout_G03,G03,500,3,0.001,0.85,0.2,0.1,5.0,14.824,14.673949399305592
G03_R0579,G03,LOGO,holdout_G03,G03,500,3,0.001,0.85,0.3,0.1,5.0,16.122,15.994721017857174
G03_R0580,G03,LOGO,holdout_G03,G03,500,3,0.001,0.8,0.1,0.1,5.0,13.801,13.639645232142875
G03_R0581,G03,LOGO,holdout_G03,G03,500,3,0.001,0.8,0.2,0.1,5.0,14.842,14.676998975198453
G03_R0582,G03,LOGO,holdout_G03,G03,500,3,0.001,0.8,0.3,0.1,5.0,16.147,15.995936922619071
G03_R0583,G03,LOGO,holdout_G03,G03,500,3,0.001,0.75,0.1,0.1,5.0,13.818,13.64583352083334
G03_R0584,G03,LOGO,holdout_G03,G03,500,3,0.001,0.75,0.2,0.1,5.0,14.862,14.686395374007972
G03_R0585,G03,LOGO,holdout_G03,G03,500,3,0.001,0.75,0.3,0.1,5.0,16.173,16.008753660714273
G03_R0586,G03,LOGO,holdout_G03,G03,500,3,0.001,0.7,0.1,0.1,5.0,13.835,13.645469750000007
G03_R0587,G03,LOGO,holdout_G03,G03,500,3,0.001,0.7,0.2,0.1,5.0,14.882,14.688958553075423
G03_R0588,G03,LOGO,holdout_G03,G03,500,3,0.001,0.7,0.3,0.1,5.0,16.199,16.009225828869038
G03_R0589,G03,LOGO,holdout_G03,G03,500,3,0.0001,0.85,0.1,0.1,5.0,13.967,13.78191030158728
G03_R0590,G03,LOGO,holdout_G03,G03,500,3,0.0001,0.85,0.2,0.1,5.0,14.992,14.777529244543665
G03_R0591,G03,LOGO,holdout_G03,G03,500,3,0.0001,0.85,0.3,0.1,5.0,16.428,16.198457985705318
G03_R0592,G03,LOGO,holdout_G03,G03,500,3,0.0001,0.8,0.1,0.1,5.0,13.967,13.78350165873014
G03_R0593,G03,LOGO,holdout_G03,G03,500,3,0.0001,0.8,0.2,0.1,5.0,15.002,14.78181546626985
G03_R0594,G03,LOGO,holdout_G03,G03,500,3,0.0001,0.8,0.3,0.1,5.0,16.44,16.199857816062455
G03_R0595,G03,LOGO,holdout_G03,G03,500,3,0.0001,0.75,0.1,0.1,5.0,13.973,13.785442280753962
G03_R0596,G03,LOGO,holdout_G03,G03,500,3,0.0001,0.75,0.2,0.1,5.0,15.012,14.788370826388878
G03_R0597,G03,LOGO,holdout_G03,G03,500,3,0.0001,0.75,0.3,0.1,5.0,16.452,16.205242259514772
G03_R0598,G03,LOGO,holdout_G03,G03,500,3,0.0001,0.7,0.1,0.1,5.0,13.98,13.785070447420628
G03_R0599,G03,LOGO,holdout_G03,G03,500,3,0.0001,0.7,0.2,0.1,5.0,15.023,14.788846681051565
G03_R0600,G03,LOGO,holdout_G03,G03,500,3,0.0001,0.7,0.3,0.1,5.0,16.464,16.20480807647906
G03_R0601,G03,LOGO,holdout_G03,G03,500,3,1e-05,0.85,0.1,0.1,5.0,13.981,13.799668816603536
G03_R0602,G03,LOGO,holdout_G03,G03,500,3,1e-05,0.85,0.2,0.1,5.0,14.881,14.700082201884916
G03_R0603,G03,LOGO,holdout_G03,G03,500,3,1e-05,0.85,0.3,0.1,5.0,16.342,16.10483624711404
G03_R0604,G03,LOGO,holdout_G03,G03,500,3,1e-05,0.8,0.1,0.1,5.0,13.982,13.80081931957973
G03_R0605,G03,LOGO,holdout_G03,G03,500,3,1e-05,0.8,0.2,0.1,5.0,14.887,14.702243893849188
G03_R0606,G03,LOGO,holdout_G03,G03,500,3,1e-05,0.8,0.3,0.1,5.0,16.349,16.104672577471167
G03_R0607,G03,LOGO,holdout_G03,G03,500,3,1e-05,0.75,0.1,0.1,5.0,13.984,13.801474902913029
G03_R0608,G03,LOGO,holdout_G03,G03,500,3,1e-05,0.75,0.2,0.1,5.0,14.893,14.7057459816468
G03_R0609,G03,LOGO,holdout_G03,G03,500,3,1e-05,0.75,0.3,0.1,5.0,16.357,16.107592977768775
G03_R0610,G03,LOGO,holdout_G03,G03,500,3,1e-05,0.7,0.1,0.1,5.0,13.987,13.801061495174936
G03_R0611,G03,LOGO,holdout_G03,G03,500,3,1e-05,0.7,0.2,0.1,5.0,14.9,14.706946586309488
G03_R0612,G03,LOGO,holdout_G03,G03,500,3,1e-05,0.7,0.3,0.1,5.0,16.366,16.108424363185442
G03_R0613,G03,LOGO,holdout_G03,G03,500,3,1e-06,0.85,0.1,0.1,5.0,13.995,13.809568138888906
G03_R0614,G03,LOGO,holdout_G03,G03,500,3,1e-06,0.85,0.2,0.1,5.0,14.793,14.624980614493143
G03_R0615,G03,LOGO,holdout_G03,G03,500,3,1e-06,0.85,0.3,0.1,5.0,16.242,16.019258847718287
G03_R0616,G03,LOGO,holdout_G03,G03,500,3,1e-06,0.8,0.1,0.1,5.0,13.995,13.810719641865097
G03_R0617,G03,LOGO,holdout_G03,G03,500,3,1e-06,0.8,0.2,0.1,5.0,14.796,14.626098446338371
G03_R0618,G03,LOGO,holdout_G03,G03,500,3,1e-06,0.8,0.3,0.1,5.0,16.246,16.019556853670665
G03_R0619,G03,LOGO,holdout_G03,G03,500,3,1e-06,0.75,0.1,0.1,5.0,13.996,13.810892531746058
G03_R0620,G03,LOGO,holdout_G03,G03,500,3,1e-06,0.75,0.2,0.1,5.0,14.799,14.628195266278844
G03_R0621,G03,LOGO,holdout_G03,G03,500,3,1e-06,0.75,0.3,0.1,5.0,16.251,16.023434758432565
G03_R0622,G03,LOGO,holdout_G03,G03,500,3,1e-06,0.7,0.1,0.1,5.0,13.996,13.810442061507963
G03_R0623,G03,LOGO,holdout_G03,G03,500,3,1e-06,0.7,0.2,0.1,5.0,14.802,14.629104993957414
G03_R0624,G03,LOGO,holdout_G03,G03,500,3,1e-06,0.7,0.3,0.1,5.0,16.255,16.02422523115082
G03_R0625,G03,LOGO,holdout_G03,G03,500,6,0.001,0.85,0.1,0.1,5.0,17.19,16.988291762400763
G03_R0626,G03,LOGO,holdout_G03,G03,500,6,0.001,0.85,0.2,0.1,5.0,18.499,18.304731212797577
G03_R0627,G03,LOGO,holdout_G03,G03,500,6,0.001,0.85,0.3,0.1,5.0,20.177,19.9980372251984
G03_R0628,G03,LOGO,holdout_G03,G03,500,6,0.001,0.8,0.1,0.1,5.0,17.209,16.989536671626944
G03_R0629,G03,LOGO,holdout_G03,G03,500,6,0.001,0.8,0.2,0.1,5.0,18.523,18.30775910168647
G03_R0630,G03,LOGO,holdout_G03,G03,500,6,0.001,0.8,0.3,0.1,5.0,20.21,20.00194726388887
G03_R0631,G03,LOGO,holdout_G03,G03,500,6,0.001,0.75,0.1,0.1,5.0,17.23,16.99507390376979
G03_R0632,G03,LOGO,holdout_G03,G03,500,6,0.001,0.75,0.2,0.1,5.0,18.547,18.31717917113092
G03_R0633,G03,LOGO,holdout_G03,G03,500,6,0.001,0.75,0.3,0.1,5.0,20.245,20.018696467261886
G03_R0634,G03,LOGO,holdout_G03,G03,500,6,0.001,0.7,0.1,0.1,5.0,17.251,16.99322701091265
G03_R0635,G03,LOGO,holdout_G03,G03,500,6,0.001,0.7,0.2,0.1,5.0,18.573,18.31958182886902
G03_R0636,G03,LOGO,holdout_G03,G03,500,6,0.001,0.7,0.3,0.1,5.0,20.281,20.02445873214285
G03_R0637,G03,LOGO,holdout_G03,G03,500,6,0.0001,0.85,0.1,0.1,5.0,17.405,17.15334496491707
G03_R0638,G03,LOGO,holdout_G03,G03,500,6,0.0001,0.85,0.2,0.1,5.0,18.703,18.42479761855158
G03_R0639,G03,LOGO,holdout_G03,G03,500,6,0.0001,0.85,0.3,0.1,5.0,20.538,20.218267381448435
G03_R0640,G03,LOGO,holdout_G03,G03,500,6,0.0001,0.8,0.1,0.1,5.0,17.395,17.151034690611443
G03_R0641,G03,LOGO,holdout_G03,G03,500,6,0.0001,0.8,0.2,0.1,5.0,18.715,18.42950815625
G03_R0642,G03,LOGO,holdout_G03,G03,500,6,0.0001,0.8,0.3,0.1,5.0,20.552,20.224090786210336
G03_R0643,G03,LOGO,holdout_G03,G03,500,6,0.0001,0.75,0.1,0.1,5.0,17.403,17.151687944083637
G03_R0644,G03,LOGO,holdout_G03,G03,500,6,0.0001,0.75,0.2,0.1,5.0,18.727,18.437205687003964
G03_R0645,G03,LOGO,holdout_G03,G03,500,6,0.0001,0.75,0.3,0.1,5.0,20.566,20.236260322916696
G03_R0646,G03,LOGO,holdout_G03,G03,500,6,0.0001,0.7,0.1,0.1,5.0,17.412,17.15138929960316
G03_R0647,G03,LOGO,holdout_G03,G03,500,6,0.0001,0.7,0.2,0.1,5.0,18.74,18.43918732390873
G03_R0648,G03,LOGO,holdout_G03,G03,500,6,0.0001,0.7,0.3,0.1,5.0,20.581,20.24002562946432
G03_R0649,G03,LOGO,holdout_G03,G03,500,6,1e-05,0.85,0.1,0.1,5.0,17.408,17.16009447632578
G03_R0650,G03,LOGO,holdout_G03,G03,500,6,1e-05,0.85,0.2,0.1,5.0,18.519,18.26436794394839
G03_R0651,G03,LOGO,holdout_G03,G03,500,6,1e-05,0.85,0.3,0.1,5.0,20.364,20.03347850644844
G03_R0652,G03,LOGO,holdout_G03,G03,500,6,1e-05,0.8,0.1,0.1,5.0,17.407,17.157481264520158
G03_R0653,G03,LOGO,holdout_G03,G03,500,6,1e-05,0.8,0.2,0.1,5.0,18.527,18.266333151289665
G03_R0654,G03,LOGO,holdout_G03,G03,500,6,1e-05,0.8,0.3,0.1,5.0,20.374,20.03739578769843
G03_R0655,G03,LOGO,holdout_G03,G03,500,6,1e-05,0.75,0.1,0.1,5.0,17.41,17.158635309659033
G03_R0656,G03,LOGO,holdout_G03,G03,500,6,1e-05,0.75,0.2,0.1,5.0,18.529,18.27075702281744
G03_R0657,G03,LOGO,holdout_G03,G03,500,6,1e-05,0.75,0.3,0.1,5.0,20.384,20.04507328571428
G03_R0658,G03,LOGO,holdout_G03,G03,500,6,1e-05,0.7,0.1,0.1,5.0,17.412,17.15885511309522
G03_R0659,G03,LOGO,holdout_G03,G03,500,6,1e-05,0.7,0.2,0.1,5.0,18.537,18.27346155555553
G03_R0660,G03,LOGO,holdout_G03,G03,500,6,1e-05,0.7,0.3,0.1,5.0,20.395,20.049715008928565
G03_R0661,G03,LOGO,holdout_G03,G03,500,6,1e-06,0.85,0.1,0.1,5.0,17.425,17.17576956547627
G03_R0662,G03,LOGO,holdout_G03,G03,500,6,1e-06,0.85,0.2,0.1,5.0,18.402,18.173389522321425
G03_R0663,G03,LOGO,holdout_G03,G03,500,6,1e-06,0.85,0.3,0.1,5.0,20.234,19.92101230803569
G03_R0664,G03,LOGO,holdout_G03,G03,500,6,1e-06,0.8,0.1,0.1,5.0,17.426,17.176148046131022
G03_R0665,G03,LOGO,holdout_G03,G03,500,6,1e-06,0.8,0.2,0.1,5.0,18.405,18.17410738244047
G03_R0666,G03,LOGO,holdout_G03,G03,500,6,1e-06,0.8,0.3,0.1,5.0,20.239,19.923441630952357
G03_R0667,G03,LOGO,holdout_G03,G03,500,6,1e-06,0.75,0.1,0.1,5.0,17.426,17.176905873511995
G03_R0668,G03,LOGO,holdout_G03,G03,500,6,1e-06,0.75,0.2,0.1,5.0,18.409,18.176550347718223
G03_R0669,G03,LOGO,holdout_G03,G03,500,6,1e-06,0.75,0.3,0.1,5.0,20.245,19.927988095238064
G03_R0670,G03,LOGO,holdout_G03,G03,500,6,1e-06,0.7,0.1,0.1,5.0,17.427,17.17580983184532
G03_R0671,G03,LOGO,holdout_G03,G03,500,6,1e-06,0.7,0.2,0.1,5.0,18.413,18.17754913045632
G03_R0672,G03,LOGO,holdout_G03,G03,500,6,1e-06,0.7,0.3,0.1,5.0,20.251,19.932481601190453
G03_R0673,G03,LOGO,holdout_G03,G03,500,20,0.001,0.85,0.1,0.1,5.0,25.986,24.706589685425666
G03_R0674,G03,LOGO,holdout_G03,G03,500,20,0.001,0.85,0.2,0.1,5.0,28.208,26.934512983630945
G03_R0675,G03,LOGO,holdout_G03,G03,500,20,0.001,0.85,0.3,0.1,5.0,30.839,30.320594179338077
G03_R0676,G03,LOGO,holdout_G03,G03,500,20,0.001,0.8,0.1,0.1,5.0,26.019,24.705641140782788
G03_R0677,G03,LOGO,holdout_G03,G03,500,20,0.001,0.8,0.2,0.1,5.0,28.242,26.932319915178567
G03_R0678,G03,LOGO,holdout_G03,G03,500,20,0.001,0.8,0.3,0.1,5.0,30.884,30.32541442338569
G03_R0679,G03,LOGO,holdout_G03,G03,500,20,0.001,0.75,0.1,0.1,5.0,26.053,24.714623322330397
G03_R0680,G03,LOGO,holdout_G03,G03,500,20,0.001,0.75,0.2,0.1,5.0,28.274,26.94555638194444
G03_R0681,G03,LOGO,holdout_G03,G03,500,20,0.001,0.75,0.3,0.1,5.0,30.934,30.350557578147583
G03_R0682,G03,LOGO,holdout_G03,G03,500,20,0.001,0.7,0.1,0.1,5.0,26.089,24.71466769733039
G03_R0683,G03,LOGO,holdout_G03,G03,500,20,0.001,0.7,0.2,0.1,5.0,28.313,26.94823709027778
G03_R0684,G03,LOGO,holdout_G03,G03,500,20,0.001,0.7,0.3,0.1,5.0,30.986,30.36045680582616
G03_R0685,G03,LOGO,holdout_G03,G03,500,20,0.0001,0.85,0.1,0.1,5.0,26.332,24.86182185962301
G03_R0686,G03,LOGO,holdout_G03,G03,500,20,0.0001,0.85,0.2,0.1,5.0,28.453,26.71093599756495
G03_R0687,G03,LOGO,holdout_G03,G03,500,20,0.0001,0.85,0.3,0.1,5.0,31.502,29.887243218253936
G03_R0688,G03,LOGO,holdout_G03,G03,500,20,0.0001,0.8,0.1,0.1,5.0,26.237,24.84678454563489
G03_R0689,G03,LOGO,holdout_G03,G03,500,20,0.0001,0.8,0.2,0.1,5.0,28.472,26.71055929816019
G03_R0690,G03,LOGO,holdout_G03,G03,500,20,0.0001,0.8,0.3,0.1,5.0,31.524,29.89165731646823
G03_R0691,G03,LOGO,holdout_G03,G03,500,20,0.0001,0.75,0.1,0.1,5.0,26.25,24.84758042658728
G03_R0692,G03,LOGO,holdout_G03,G03,500,20,0.0001,0.75,0.2,0.1,5.0,28.493,26.72104808238633
G03_R0693,G03,LOGO,holdout_G03,G03,500,20,0.0001,0.75,0.3,0.1,5.0,31.546,29.90408762896824
G03_R0694,G03,LOGO,holdout_G03,G03,500,20,0.0001,0.7,0.1,0.1,5.0,26.264,24.84903436855154
G03_R0695,G03,LOGO,holdout_G03,G03,500,20,0.0001,0.7,0.2,0.1,5.0,28.514,26.72381776691015
G03_R0696,G03,LOGO,holdout_G03,G03,500,20,0.0001,0.7,0.3,0.1,5.0,31.568,29.907378060515853
G03_R0697,G03,LOGO,holdout_G03,G03,500,20,1e-05,0.85,0.1,0.1,5.0,26.275,24.88126310119049
G03_R0698,G03,LOGO,holdout_G03,G03,500,20,1e-05,0.85,0.2,0.1,5.0,27.986,26.51030426222041
G03_R0699,G03,LOGO,holdout_G03,G03,500,20,1e-05,0.85,0.3,0.1,5.0,30.977,29.799126093749983
G03_R0700,G03,LOGO,holdout_G03,G03,500,20,1e-05,0.8,0.1,0.1,5.0,26.266,24.866610125
G03_R0701,G03,LOGO,holdout_G03,G03,500,20,1e-05,0.8,0.2,0.1,5.0,27.957,26.50954300031565
G03_R0702,G03,LOGO,holdout_G03,G03,500,20,1e-05,0.8,0.3,0.1,5.0,30.993,29.80215385267853
G03_R0703,G03,LOGO,holdout_G03,G03,500,20,1e-05,0.75,0.1,0.1,5.0,26.27,24.866272327380944
G03_R0704,G03,LOGO,holdout_G03,G03,500,20,1e-05,0.75,0.2,0.1,5.0,27.97,26.516105875315624
G03_R0705,G03,LOGO,holdout_G03,G03,500,20,1e-05,0.75,0.3,0.1,5.0,31.009,29.81347271924601
G03_R0706,G03,LOGO,holdout_G03,G03,500,20,1e-05,0.7,0.1,0.1,5.0,26.274,24.867850467261874
G03_R0707,G03,LOGO,holdout_G03,G03,500,20,1e-05,0.7,0.2,0.1,5.0,27.983,26.518043589601348
G03_R0708,G03,LOGO,holdout_G03,G03,500,20,1e-05,0.7,0.3,0.1,5.0,31.026,29.818448307043635
G03_R0709,G03,LOGO,holdout_G03,G03,500,20,1e-06,0.85,0.1,0.1,5.0,26.306,24.90439626091273
G03_R0710,G03,LOGO,holdout_G03,G03,500,20,1e-06,0.85,0.2,0.1,5.0,27.796,26.358272642676774
G03_R0711,G03,LOGO,holdout_G03,G03,500,20,1e-06,0.85,0.3,0.1,5.0,30.767,29.77488756845238
G03_R0712,G03,LOGO,holdout_G03,G03,500,20,1e-06,0.8,0.1,0.1,5.0,26.307,24.8967313561508
G03_R0713,G03,LOGO,holdout_G03,G03,500,20,1e-06,0.8,0.2,0.1,5.0,27.801,26.35689110696248
G03_R0714,G03,LOGO,holdout_G03,G03,500,20,1e-06,0.8,0.3,0.1,5.0,30.775,29.77666547619044
G03_R0715,G03,LOGO,holdout_G03,G03,500,20,1e-06,0.75,0.1,0.1,5.0,26.308,24.8959591031746
G03_R0716,G03,LOGO,holdout_G03,G03,500,20,1e-06,0.75,0.2,0.1,5.0,27.808,26.359290145652967
G03_R0717,G03,LOGO,holdout_G03,G03,500,20,1e-06,0.75,0.3,0.1,5.0,30.784,29.784120664186503
G03_R0718,G03,LOGO,holdout_G03,G03,500,20,1e-06,0.7,0.1,0.1,5.0,26.309,24.896419749007933
G03_R0719,G03,LOGO,holdout_G03,G03,500,20,1e-06,0.7,0.2,0.1,5.0,27.814,26.358759464105347
G03_R0720,G03,LOGO,holdout_G03,G03,500,20,1e-06,0.7,0.3,0.1,5.0,30.793,29.790574790674604
G03_R0721,G03,LOGO,holdout_G03,G03,500,50,0.001,0.85,0.1,0.1,5.0,36.267,32.284624969922426
G03_R0722,G03,LOGO,holdout_G03,G03,500,50,0.001,0.85,0.2,0.1,5.0,39.184,36.30888278323418
G03_R0723,G03,LOGO,holdout_G03,G03,500,50,0.001,0.85,0.3,0.1,5.0,42.795,42.10375839583323
G03_R0724,G03,LOGO,holdout_G03,G03,500,50,0.001,0.8,0.1,0.1,5.0,35.967,32.29129514551767
G03_R0725,G03,LOGO,holdout_G03,G03,500,50,0.001,0.8,0.2,0.1,5.0,39.228,36.31255018204371
G03_R0726,G03,LOGO,holdout_G03,G03,500,50,0.001,0.8,0.3,0.1,5.0,42.861,42.09308459970229
G03_R0727,G03,LOGO,holdout_G03,G03,500,50,0.001,0.75,0.1,0.1,5.0,36.01,32.308394068136714
G03_R0728,G03,LOGO,holdout_G03,G03,500,50,0.001,0.75,0.2,0.1,5.0,39.277,36.32868511656744
G03_R0729,G03,LOGO,holdout_G03,G03,500,50,0.001,0.75,0.3,0.1,5.0,42.929,42.10185747321417
G03_R0730,G03,LOGO,holdout_G03,G03,500,50,0.001,0.7,0.1,0.1,5.0,36.058,32.30459275563672
G03_R0731,G03,LOGO,holdout_G03,G03,500,50,0.001,0.7,0.2,0.1,5.0,39.326,36.32573151240078
G03_R0732,G03,LOGO,holdout_G03,G03,500,50,0.001,0.7,0.3,0.1,5.0,43.006,42.10999148015863
G03_R0733,G03,LOGO,holdout_G03,G03,500,50,0.0001,0.85,0.1,0.1,5.0,36.489,33.00522294128788
G03_R0734,G03,LOGO,holdout_G03,G03,500,50,0.0001,0.85,0.2,0.1,5.0,39.507,36.73662402579368
G03_R0735,G03,LOGO,holdout_G03,G03,500,50,0.0001,0.85,0.3,0.1,5.0,43.473,41.91664950248008
G03_R0736,G03,LOGO,holdout_G03,G03,500,50,0.0001,0.8,0.1,0.1,5.0,36.378,33.01294782521647
G03_R0737,G03,LOGO,holdout_G03,G03,500,50,0.0001,0.8,0.2,0.1,5.0,39.533,36.74484180853178
G03_R0738,G03,LOGO,holdout_G03,G03,500,50,0.0001,0.8,0.3,0.1,5.0,43.501,41.903257200396745
G03_R0739,G03,LOGO,holdout_G03,G03,500,50,0.0001,0.75,0.1,0.1,5.0,36.393,33.02236123890701
G03_R0740,G03,LOGO,holdout_G03,G03,500,50,0.0001,0.75,0.2,0.1,5.0,39.56,36.75217685763882
G03_R0741,G03,LOGO,holdout_G03,G03,500,50,0.0001,0.75,0.3,0.1,5.0,43.524,41.912149780753886
G03_R0742,G03,LOGO,holdout_G03,G03,500,50,0.0001,0.7,0.1,0.1,5.0,36.413,33.017830676407016
G03_R0743,G03,LOGO,holdout_G03,G03,500,50,0.0001,0.7,0.2,0.1,5.0,39.588,36.74863772073408
G03_R0744,G03,LOGO,holdout_G03,G03,500,50,0.0001,0.7,0.3,0.1,5.0,43.549,41.933329001984056
G03_R0745,G03,LOGO,holdout_G03,G03,500,50,1e-05,0.85,0.1,0.1,5.0,36.407,33.217542362554106
G03_R0746,G03,LOGO,holdout_G03,G03,500,50,1e-05,0.85,0.2,0.1,5.0,38.846,37.1002507534722
G03_R0747,G03,LOGO,holdout_G03,G03,500,50,1e-05,0.85,0.3,0.1,5.0,42.687,41.937479879283885
G03_R0748,G03,LOGO,holdout_G03,G03,500,50,1e-05,0.8,0.1,0.1,5.0,36.408,33.218069112554126
G03_R0749,G03,LOGO,holdout_G03,G03,500,50,1e-05,0.8,0.2,0.1,5.0,38.713,37.10410343204362
G03_R0750,G03,LOGO,holdout_G03,G03,500,50,1e-05,0.8,0.3,0.1,5.0,42.708,41.92824080934341
G03_R0751,G03,LOGO,holdout_G03,G03,500,50,1e-05,0.75,0.1,0.1,5.0,36.41,33.22512336553027
G03_R0752,G03,LOGO,holdout_G03,G03,500,50,1e-05,0.75,0.2,0.1,5.0,38.724,37.11030481150797
G03_R0753,G03,LOGO,holdout_G03,G03,500,50,1e-05,0.75,0.3,0.1,5.0,42.728,41.9352290712482
G03_R0754,G03,LOGO,holdout_G03,G03,500,50,1e-05,0.7,0.1,0.1,5.0,36.416,33.22551052624457
G03_R0755,G03,LOGO,holdout_G03,G03,500,50,1e-05,0.7,0.2,0.1,5.0,38.741,37.11079900198418
G03_R0756,G03,LOGO,holdout_G03,G03,500,50,1e-05,0.7,0.3,0.1,5.0,42.75,41.94198067541487
G03_R0757,G03,LOGO,holdout_G03,G03,500,50,1e-06,0.85,0.1,0.1,5.0,36.462,33.383303773268366
G03_R0758,G03,LOGO,holdout_G03,G03,500,50,1e-06,0.85,0.2,0.1,5.0,38.607,37.03153342559524
G03_R0759,G03,LOGO,holdout_G03,G03,500,50,1e-06,0.85,0.3,0.1,5.0,42.4,41.74671435597036
G03_R0760,G03,LOGO,holdout_G03,G03,500,50,1e-06,0.8,0.1,0.1,5.0,36.463,33.38324412743505
G03_R0761,G03,LOGO,holdout_G03,G03,500,50,1e-06,0.8,0.2,0.1,5.0,38.614,37.03481391666666
G03_R0762,G03,LOGO,holdout_G03,G03,500,50,1e-06,0.8,0.3,0.1,5.0,42.41,41.73611773097036
G03_R0763,G03,LOGO,holdout_G03,G03,500,50,1e-06,0.75,0.1,0.1,5.0,36.464,33.385540478625465
G03_R0764,G03,LOGO,holdout_G03,G03,500,50,1e-06,0.75,0.2,0.1,5.0,38.623,37.03933239583335
G03_R0765,G03,LOGO,holdout_G03,G03,500,50,1e-06,0.75,0.3,0.1,5.0,42.421,41.74085712382752
G03_R0766,G03,LOGO,holdout_G03,G03,500,50,1e-06,0.7,0.1,0.1,5.0,36.466,33.38643897267309
G03_R0767,G03,LOGO,holdout_G03,G03,500,50,1e-06,0.7,0.2,0.1,5.0,38.631,37.04070881547621
G03_R0768,G03,LOGO,holdout_G03,G03,500,50,1e-06,0.7,0.3,0.1,5.0,42.433,41.7459691654942
G04_R0001,G04,LOGO,holdout_G04,G04,25,3,0.001,0.85,0.1,0.2,4.0,6.6073,6.646127342460302
G04_R0002,G04,LOGO,holdout_G04,G04,25,3,0.001,0.85,0.2,0.2,4.0,7.1374,7.174288323015892
G04_R0003,G04,LOGO,holdout_G04,G04,25,3,0.001,0.85,0.3,0.2,4.0,7.7562,7.784361589880945
G04_R0004,G04,LOGO,holdout_G04,G04,25,3,0.001,0.8,0.1,0.2,4.0,6.6123,6.648482439335306
G04_R0005,G04,LOGO,holdout_G04,G04,25,3,0.001,0.8,0.2,0.2,4.0,7.1444,7.17719798472225
G04_R0006,G04,LOGO,holdout_G04,G04,25,3,0.001,0.8,0.3,0.2,4.0,7.7641,7.787962694047608
G04_R0007,G04,LOGO,holdout_G04,G04,25,3,0.001,0.75,0.1,0.2,4.0,6.6175,6.653508831894836
G04_R0008,G04,LOGO,holdout_G04,G04,25,3,0.001,0.75,0.2,0.2,4.0,7.1517,7.184480256894847
G04_R0009,G04,LOGO,holdout_G04,G04,25,3,0.001,0.75,0.3,0.2,4.0,7.7725,7.796680431795635
G04_R0010,G04,LOGO,holdout_G04,G04,25,3,0.001,0.7,0.1,0.2,4.0,6.6229,6.656881457638882
G04_R0011,G04,LOGO,holdout_G04,G04,25,3,0.001,0.7,0.2,0.2,4.0,7.1594,7.1880018494949525
G04_R0012,G04,LOGO,holdout_G04,G04,25,3,0.001,0.7,0.3,0.2,4.0,7.7815,7.80132618164682
G04_R0013,G04,LOGO,holdout_G04,G04,25,3,0.0001,0.85,0.1,0.2,4.0,6.9242,6.959498786706355
G04_R0014,G04,LOGO,holdout_G04,G04,25,3,0.0001,0.85,0.2,0.2,4.0,7.5582,7.596318612333138
G04_R0015,G04,LOGO,holdout_G04,G04,25,3,0.0001,0.85,0.3,0.2,4.0,8.3914,8.460265383382945
G04_R0016,G04,LOGO,holdout_G04,G04,25,3,0.0001,0.8,0.1,0.2,4.0,6.9272,6.960063569295644
G04_R0017,G04,LOGO,holdout_G04,G04,25,3,0.0001,0.8,0.2,0.2,4.0,7.5619,7.597509863821228
G04_R0018,G04,LOGO,holdout_G04,G04,25,3,0.0001,0.8,0.3,0.2,4.0,8.3961,8.460166143799611
G04_R0019,G04,LOGO,holdout_G04,G04,25,3,0.0001,0.75,0.1,0.2,4.0,6.9302,6.961835657837299
G04_R0020,G04,LOGO,holdout_G04,G04,25,3,0.0001,0.75,0.2,0.2,4.0,7.5658,7.59982211870038
G04_R0021,G04,LOGO,holdout_G04,G04,25,3,0.0001,0.75,0.3,0.2,4.0,8.401,8.461989908234148
G04_R0022,G04,LOGO,holdout_G04,G04,25,3,0.0001,0.7,0.1,0.2,4.0,6.9334,6.962400954960312
G04_R0023,G04,LOGO,holdout_G04,G04,25,3,0.0001,0.7,0.2,0.2,4.0,7.5698,7.60089528188131
G04_R0024,G04,LOGO,holdout_G04,G04,25,3,0.0001,0.7,0.3,0.2,4.0,8.406,8.462256022817483
G04_R0025,G04,LOGO,holdout_G04,G04,25,3,1e-05,0.85,0.1,0.2,4.0,7.011,7.041743513347757
G04_R0026,G04,LOGO,holdout_G04,G04,25,3,1e-05,0.85,0.2,0.2,4.0,7.6779,7.720798516666658
G04_R0027,G04,LOGO,holdout_G04,G04,25,3,1e-05,0.85,0.3,0.2,4.0,8.5694,8.650418851537717
G04_R0028,G04,LOGO,holdout_G04,G04,25,3,1e-05,0.8,0.1,0.2,4.0,7.012,7.042014172573948
G04_R0029,G04,LOGO,holdout_G04,G04,25,3,1e-05,0.8,0.2,0.2,4.0,7.6793,7.721371400347221
G04_R0030,G04,LOGO,holdout_G04,G04,25,3,1e-05,0.8,0.3,0.2,4.0,8.5712,8.650338405704382
G04_R0031,G04,LOGO,holdout_G04,G04,25,3,1e-05,0.75,0.1,0.2,4.0,7.0131,7.04262465729619
G04_R0032,G04,LOGO,holdout_G04,G04,25,3,1e-05,0.75,0.2,0.2,4.0,7.6806,7.722647621911055
G04_R0033,G04,LOGO,holdout_G04,G04,25,3,1e-05,0.75,0.3,0.2,4.0,8.5729,8.651112478918643
G04_R0034,G04,LOGO,holdout_G04,G04,25,3,1e-05,0.7,0.1,0.2,4.0,7.0142,7.042469334230711
G04_R0035,G04,LOGO,holdout_G04,G04,25,3,1e-05,0.7,0.2,0.2,4.0,7.682,7.722984557873352
G04_R0036,G04,LOGO,holdout_G04,G04,25,3,1e-05,0.7,0.3,0.2,4.0,8.5748,8.651246393501975
G04_R0037,G04,LOGO,holdout_G04,G04,25,3,1e-06,0.85,0.1,0.2,4.0,7.0385,7.065298556994053
G04_R0038,G04,LOGO,holdout_G04,G04,25,3,1e-06,0.85,0.2,0.2,4.0,7.7143,7.758037804861105
G04_R0039,G04,LOGO,holdout_G04,G04,25,3,1e-06,0.85,0.3,0.2,4.0,8.6209,8.689295108134944
G04_R0040,G04,LOGO,holdout_G04,G04,25,3,1e-06,0.8,0.1,0.2,4.0,7.0387,7.065329569494054
G04_R0041,G04,LOGO,holdout_G04,G04,25,3,1e-06,0.8,0.2,0.2,4.0,7.7146,7.758227445734117
G04_R0042,G04,LOGO,holdout_G04,G04,25,3,1e-06,0.8,0.3,0.2,4.0,8.6213,8.689145722718274
G04_R0043,G04,LOGO,holdout_G04,G04,25,3,1e-06,0.75,0.1,0.2,4.0,7.0389,7.0654686834821545
G04_R0044,G04,LOGO,holdout_G04,G04,25,3,1e-06,0.75,0.2,0.2,4.0,7.7149,7.758531824950395
G04_R0045,G04,LOGO,holdout_G04,G04,25,3,1e-06,0.75,0.3,0.2,4.0,8.6216,8.689687537896837
G04_R0046,G04,LOGO,holdout_G04,G04,25,3,1e-06,0.7,0.1,0.2,4.0,7.0392,7.06544162812501
G04_R0047,G04,LOGO,holdout_G04,G04,25,3,1e-06,0.7,0.2,0.2,4.0,7.7152,7.758504196378985
G04_R0048,G04,LOGO,holdout_G04,G04,25,3,1e-06,0.7,0.3,0.2,4.0,8.622,8.68998813373017
G04_R0049,G04,LOGO,holdout_G04,G04,25,6,0.001,0.85,0.1,0.2,4.0,7.299,7.323824744494045
G04_R0050,G04,LOGO,holdout_G04,G04,25,6,0.001,0.85,0.2,0.2,4.0,7.891,7.913015163392856
G04_R0051,G04,LOGO,holdout_G04,G04,25,6,0.001,0.85,0.3,0.2,4.0,8.5768,8.597894711189179
G04_R0052,G04,LOGO,holdout_G04,G04,25,6,0.001,0.8,0.1,0.2,4.0,7.3042,7.326993044791655
G04_R0053,G04,LOGO,holdout_G04,G04,25,6,0.001,0.8,0.2,0.2,4.0,7.8984,7.916497403273806
G04_R0054,G04,LOGO,holdout_G04,G04,25,6,0.001,0.8,0.3,0.2,4.0,8.5854,8.601003250028466
G04_R0055,G04,LOGO,holdout_G04,G04,25,6,0.001,0.75,0.1,0.2,4.0,7.3096,7.333003977610922
G04_R0056,G04,LOGO,holdout_G04,G04,25,6,0.001,0.75,0.2,0.2,4.0,7.9062,7.925408488095228
G04_R0057,G04,LOGO,holdout_G04,G04,25,6,0.001,0.75,0.3,0.2,4.0,8.5947,8.60703364397687
G04_R0058,G04,LOGO,holdout_G04,G04,25,6,0.001,0.7,0.1,0.2,4.0,7.3154,7.3376103298115165
G04_R0059,G04,LOGO,holdout_G04,G04,25,6,0.001,0.7,0.2,0.2,4.0,7.9145,7.929756723214275
G04_R0060,G04,LOGO,holdout_G04,G04,25,6,0.001,0.7,0.3,0.2,4.0,8.6045,8.609969201877304
G04_R0061,G04,LOGO,holdout_G04,G04,25,6,0.0001,0.85,0.1,0.2,4.0,7.6201,7.642177804861127
G04_R0062,G04,LOGO,holdout_G04,G04,25,6,0.0001,0.85,0.2,0.2,4.0,8.3118,8.336041536111118
G04_R0063,G04,LOGO,holdout_G04,G04,25,6,0.0001,0.85,0.3,0.2,4.0,9.205,9.231732394246048
G04_R0064,G04,LOGO,holdout_G04,G04,25,6,0.0001,0.8,0.1,0.2,4.0,7.6232,7.642497658333359
G04_R0065,G04,LOGO,holdout_G04,G04,25,6,0.0001,0.8,0.2,0.2,4.0,8.3156,8.336434336111116
G04_R0066,G04,LOGO,holdout_G04,G04,25,6,0.0001,0.8,0.3,0.2,4.0,9.2099,9.231380298412711
G04_R0067,G04,LOGO,holdout_G04,G04,25,6,0.0001,0.75,0.1,0.2,4.0,7.6263,7.644150571180567
G04_R0068,G04,LOGO,holdout_G04,G04,25,6,0.0001,0.75,0.2,0.2,4.0,8.3196,8.338566569047636
G04_R0069,G04,LOGO,holdout_G04,G04,25,6,0.0001,0.75,0.3,0.2,4.0,9.2149,9.233779089682544
G04_R0070,G04,LOGO,holdout_G04,G04,25,6,0.0001,0.7,0.1,0.2,4.0,7.6296,7.6452846328869075
G04_R0071,G04,LOGO,holdout_G04,G04,25,6,0.0001,0.7,0.2,0.2,4.0,8.3237,8.339655963690495
G04_R0072,G04,LOGO,holdout_G04,G04,25,6,0.0001,0.7,0.3,0.2,4.0,9.2202,9.234315432043656
G04_R0073,G04,LOGO,holdout_G04,G04,25,6,1e-05,0.85,0.1,0.2,4.0,7.708,7.725471230109127
G04_R0074,G04,LOGO,holdout_G04,G04,25,6,1e-05,0.85,0.2,0.2,4.0,8.4314,8.450988980307535
G04_R0075,G04,LOGO,holdout_G04,G04,25,6,1e-05,0.85,0.3,0.2,4.0,9.3798,9.410404081245488
G04_R0076,G04,LOGO,holdout_G04,G04,25,6,1e-05,0.8,0.1,0.2,4.0,7.709,7.725405616418653
G04_R0077,G04,LOGO,holdout_G04,G04,25,6,1e-05,0.8,0.2,0.2,4.0,8.4327,8.450910330307533
G04_R0078,G04,LOGO,holdout_G04,G04,25,6,1e-05,0.8,0.3,0.2,4.0,9.3815,9.410723158874456
G04_R0079,G04,LOGO,holdout_G04,G04,25,6,1e-05,0.75,0.1,0.2,4.0,7.7101,7.725953716418653
G04_R0080,G04,LOGO,holdout_G04,G04,25,6,1e-05,0.75,0.2,0.2,4.0,8.4341,8.451275215426586
G04_R0081,G04,LOGO,holdout_G04,G04,25,6,1e-05,0.75,0.3,0.2,4.0,9.3833,9.411423357386344
G04_R0082,G04,LOGO,holdout_G04,G04,25,6,1e-05,0.7,0.1,0.2,4.0,7.7112,7.726041918700401
G04_R0083,G04,LOGO,holdout_G04,G04,25,6,1e-05,0.7,0.2,0.2,4.0,8.4355,8.451775340426584
G04_R0084,G04,LOGO,holdout_G04,G04,25,6,1e-05,0.7,0.3,0.2,4.0,9.3852,9.411653299648249
G04_R0085,G04,LOGO,holdout_G04,G04,25,6,1e-06,0.85,0.1,0.2,4.0,7.7359,7.750216326934524
G04_R0086,G04,LOGO,holdout_G04,G04,25,6,1e-06,0.85,0.2,0.2,4.0,8.4679,8.483581507616348
G04_R0087,G04,LOGO,holdout_G04,G04,25,6,1e-06,0.85,0.3,0.2,4.0,9.4307,9.447526071324864
G04_R0088,G04,LOGO,holdout_G04,G04,25,6,1e-06,0.8,0.1,0.2,4.0,7.7361,7.750141393601191
G04_R0089,G04,LOGO,holdout_G04,G04,25,6,1e-06,0.8,0.2,0.2,4.0,8.4681,8.483688832616345
G04_R0090,G04,LOGO,holdout_G04,G04,25,6,1e-06,0.8,0.3,0.2,4.0,9.431,9.4478767531205
G04_R0091,G04,LOGO,holdout_G04,G04,25,6,1e-06,0.75,0.1,0.2,4.0,7.7363,7.75026067708333
G04_R0092,G04,LOGO,holdout_G04,G04,25,6,1e-06,0.75,0.2,0.2,4.0,8.4684,8.483710784009746
G04_R0093,G04,LOGO,holdout_G04,G04,25,6,1e-06,0.75,0.3,0.2,4.0,9.4314,9.44810196413237
G04_R0094,G04,LOGO,holdout_G04,G04,25,6,1e-06,0.7,0.1,0.2,4.0,7.7366,7.750526441666664
G04_R0095,G04,LOGO,holdout_G04,G04,25,6,1e-06,0.7,0.2,0.2,4.0,8.4687,8.483806926569272
G04_R0096,G04,LOGO,holdout_G04,G04,25,6,1e-06,0.7,0.3,0.2,4.0,9.4317,9.44814856056094
G04_R0097,G04,LOGO,holdout_G04,G04,25,20,0.001,0.85,0.1,0.2,4.0,9.5331,9.566498318105152
G04_R0098,G04,LOGO,holdout_G04,G04,25,20,0.001,0.85,0.2,0.2,4.0,10.246,10.27421969219324
G04_R0099,G04,LOGO,holdout_G04,G04,25,20,0.001,0.85,0.3,0.2,4.0,11.075,11.080873553571404
G04_R0100,G04,LOGO,holdout_G04,G04,25,20,0.001,0.8,0.1,0.2,4.0,9.5394,9.568974357638888
G04_R0101,G04,LOGO,holdout_G04,G04,25,20,0.001,0.8,0.2,0.2,4.0,10.255,10.279529336538475
G04_R0102,G04,LOGO,holdout_G04,G04,25,20,0.001,0.8,0.3,0.2,4.0,11.085,11.08421839434522
G04_R0103,G04,LOGO,holdout_G04,G04,25,20,0.001,0.75,0.1,0.2,4.0,9.5459,9.574890936129144
G04_R0104,G04,LOGO,holdout_G04,G04,25,20,0.001,0.75,0.2,0.2,4.0,10.264,10.288765575310126
G04_R0105,G04,LOGO,holdout_G04,G04,25,20,0.001,0.75,0.3,0.2,4.0,11.096,11.093531577426042
G04_R0106,G04,LOGO,holdout_G04,G04,25,20,0.001,0.7,0.1,0.2,4.0,9.5527,9.579720725216454
G04_R0107,G04,LOGO,holdout_G04,G04,25,20,0.001,0.7,0.2,0.2,4.0,10.274,10.294130419823238
G04_R0108,G04,LOGO,holdout_G04,G04,25,20,0.001,0.7,0.3,0.2,4.0,11.108,11.098522435560968
G04_R0109,G04,LOGO,holdout_G04,G04,25,20,0.0001,0.85,0.1,0.2,4.0,9.8986,9.925441905298555
G04_R0110,G04,LOGO,holdout_G04,G04,25,20,0.0001,0.85,0.2,0.2,4.0,10.71,10.728603201388896
G04_R0111,G04,LOGO,holdout_G04,G04,25,20,0.0001,0.85,0.3,0.2,4.0,11.745,11.741425314529229
G04_R0112,G04,LOGO,holdout_G04,G04,25,20,0.0001,0.8,0.1,0.2,4.0,9.9021,9.92521279934618
G04_R0113,G04,LOGO,holdout_G04,G04,25,20,0.0001,0.8,0.2,0.2,4.0,10.714,10.728479030257938
G04_R0114,G04,LOGO,holdout_G04,G04,25,20,0.0001,0.8,0.3,0.2,4.0,11.751,11.74224579301949
G04_R0115,G04,LOGO,holdout_G04,G04,25,20,0.0001,0.75,0.1,0.2,4.0,9.9058,9.92763523386999
G04_R0116,G04,LOGO,holdout_G04,G04,25,20,0.0001,0.75,0.2,0.2,4.0,10.719,10.730704594246031
G04_R0117,G04,LOGO,holdout_G04,G04,25,20,0.0001,0.75,0.3,0.2,4.0,11.757,11.746101871888532
G04_R0118,G04,LOGO,holdout_G04,G04,25,20,0.0001,0.7,0.1,0.2,4.0,9.9096,9.929351394931498
G04_R0119,G04,LOGO,holdout_G04,G04,25,20,0.0001,0.7,0.2,0.2,4.0,10.724,10.731565152281746
G04_R0120,G04,LOGO,holdout_G04,G04,25,20,0.0001,0.7,0.3,0.2,4.0,11.763,11.747382297664137
G04_R0121,G04,LOGO,holdout_G04,G04,25,20,1e-05,0.85,0.1,0.2,4.0,9.9981,10.01636997817462
G04_R0122,G04,LOGO,holdout_G04,G04,25,20,1e-05,0.85,0.2,0.2,4.0,10.842,10.848417020833365
G04_R0123,G04,LOGO,holdout_G04,G04,25,20,1e-05,0.85,0.3,0.2,4.0,11.931,11.9308542400343
G04_R0124,G04,LOGO,holdout_G04,G04,25,20,1e-05,0.8,0.1,0.2,4.0,9.9993,10.016442353174622
G04_R0125,G04,LOGO,holdout_G04,G04,25,20,1e-05,0.8,0.2,0.2,4.0,10.843,10.848416604166696
G04_R0126,G04,LOGO,holdout_G04,G04,25,20,1e-05,0.8,0.3,0.2,4.0,11.933,11.930300835272396
G04_R0127,G04,LOGO,holdout_G04,G04,25,20,1e-05,0.75,0.1,0.2,4.0,10.001,10.01689671279761
G04_R0128,G04,LOGO,holdout_G04,G04,25,20,1e-05,0.75,0.2,0.2,4.0,10.845,10.849071845238104
G04_R0129,G04,LOGO,holdout_G04,G04,25,20,1e-05,0.75,0.3,0.2,4.0,11.935,11.931144721185062
G04_R0130,G04,LOGO,holdout_G04,G04,25,20,1e-05,0.7,0.1,0.2,4.0,10.002,10.01700043204364
G04_R0131,G04,LOGO,holdout_G04,G04,25,20,1e-05,0.7,0.2,0.2,4.0,10.847,10.849241845238105
G04_R0132,G04,LOGO,holdout_G04,G04,25,20,1e-05,0.7,0.3,0.2,4.0,11.937,11.931629832296178
G04_R0133,G04,LOGO,holdout_G04,G04,25,20,1e-06,0.85,0.1,0.2,4.0,10.03,10.046029354166704
G04_R0134,G04,LOGO,holdout_G04,G04,25,20,1e-06,0.85,0.2,0.2,4.0,10.883,10.886246711309612
G04_R0135,G04,LOGO,holdout_G04,G04,25,20,1e-06,0.85,0.3,0.2,4.0,11.986,11.976275397817526
G04_R0136,G04,LOGO,holdout_G04,G04,25,20,1e-06,0.8,0.1,0.2,4.0,10.03,10.046020396825432
G04_R0137,G04,LOGO,holdout_G04,G04,25,20,1e-06,0.8,0.2,0.2,4.0,10.883,10.88601025892866
G04_R0138,G04,LOGO,holdout_G04,G04,25,20,1e-06,0.8,0.3,0.2,4.0,11.986,11.975911183531812
G04_R0139,G04,LOGO,holdout_G04,G04,25,20,1e-06,0.75,0.1,0.2,4.0,10.03,10.046283965277825
G04_R0140,G04,LOGO,holdout_G04,G04,25,20,1e-06,0.75,0.2,0.2,4.0,10.883,10.886067133928655
G04_R0141,G04,LOGO,holdout_G04,G04,25,20,1e-06,0.75,0.3,0.2,4.0,11.987,11.976190888888938
G04_R0142,G04,LOGO,holdout_G04,G04,25,20,1e-06,0.7,0.1,0.2,4.0,10.031,10.046451925595283
G04_R0143,G04,LOGO,holdout_G04,G04,25,20,1e-06,0.7,0.2,0.2,4.0,10.883,10.886212811011989
G04_R0144,G04,LOGO,holdout_G04,G04,25,20,1e-06,0.7,0.3,0.2,4.0,11.987,11.976385336805606
G04_R0145,G04,LOGO,holdout_G04,G04,25,50,0.001,0.85,0.1,0.2,4.0,12.367,12.401932199900802
G04_R0146,G04,LOGO,holdout_G04,G04,25,50,0.001,0.85,0.2,0.2,4.0,13.26,13.291308564980152
G04_R0147,G04,LOGO,holdout_G04,G04,25,50,0.001,0.85,0.3,0.2,4.0,14.292,14.298567178075416
G04_R0148,G04,LOGO,holdout_G04,G04,25,50,0.001,0.8,0.1,0.2,4.0,12.375,12.404548386904764
G04_R0149,G04,LOGO,holdout_G04,G04,25,50,0.001,0.8,0.2,0.2,4.0,13.272,13.296887144841266
G04_R0150,G04,LOGO,holdout_G04,G04,25,50,0.001,0.8,0.3,0.2,4.0,14.306,14.303852288194475
G04_R0151,G04,LOGO,holdout_G04,G04,25,50,0.001,0.75,0.1,0.2,4.0,12.383,12.412859961309524
G04_R0152,G04,LOGO,holdout_G04,G04,25,50,0.001,0.75,0.2,0.2,4.0,13.283,13.30934162306098
G04_R0153,G04,LOGO,holdout_G04,G04,25,50,0.001,0.75,0.3,0.2,4.0,14.32,14.31914995634924
G04_R0154,G04,LOGO,holdout_G04,G04,25,50,0.001,0.7,0.1,0.2,4.0,12.392,12.416113762896822
G04_R0155,G04,LOGO,holdout_G04,G04,25,50,0.001,0.7,0.2,0.2,4.0,13.296,13.31548363496573
G04_R0156,G04,LOGO,holdout_G04,G04,25,50,0.001,0.7,0.3,0.2,4.0,14.335,14.325956727182575
G04_R0157,G04,LOGO,holdout_G04,G04,25,50,0.0001,0.85,0.1,0.2,4.0,12.821,12.863016586309518
G04_R0158,G04,LOGO,holdout_G04,G04,25,50,0.0001,0.85,0.2,0.2,4.0,13.832,13.857139329094547
G04_R0159,G04,LOGO,holdout_G04,G04,25,50,0.0001,0.85,0.3,0.2,4.0,15.108,15.104821216765863
G04_R0160,G04,LOGO,holdout_G04,G04,25,50,0.0001,0.8,0.1,0.2,4.0,12.826,12.8629810828373
G04_R0161,G04,LOGO,holdout_G04,G04,25,50,0.0001,0.8,0.2,0.2,4.0,13.838,13.8591213395112
G04_R0162,G04,LOGO,holdout_G04,G04,25,50,0.0001,0.8,0.3,0.2,4.0,15.115,15.104704383432534
G04_R0163,G04,LOGO,holdout_G04,G04,25,50,0.0001,0.75,0.1,0.2,4.0,12.83,12.86509877232142
G04_R0164,G04,LOGO,holdout_G04,G04,25,50,0.0001,0.75,0.2,0.2,4.0,13.843,13.865338980880235
G04_R0165,G04,LOGO,holdout_G04,G04,25,50,0.0001,0.75,0.3,0.2,4.0,15.122,15.10844371329367
G04_R0166,G04,LOGO,holdout_G04,G04,25,50,0.0001,0.7,0.1,0.2,4.0,12.835,12.868385114583326
G04_R0167,G04,LOGO,holdout_G04,G04,25,50,0.0001,0.7,0.2,0.2,4.0,13.849,13.866924831078665
G04_R0168,G04,LOGO,holdout_G04,G04,25,50,0.0001,0.7,0.3,0.2,4.0,15.129,15.10995303621034
G04_R0169,G04,LOGO,holdout_G04,G04,25,50,1e-05,0.85,0.1,0.2,4.0,12.945,12.969855739087317
G04_R0170,G04,LOGO,holdout_G04,G04,25,50,1e-05,0.85,0.2,0.2,4.0,13.994,13.999212649982
G04_R0171,G04,LOGO,holdout_G04,G04,25,50,1e-05,0.85,0.3,0.2,4.0,15.333,15.33522979662699
G04_R0172,G04,LOGO,holdout_G04,G04,25,50,1e-05,0.8,0.1,0.2,4.0,12.946,12.969884878968273
G04_R0173,G04,LOGO,holdout_G04,G04,25,50,1e-05,0.8,0.2,0.2,4.0,13.996,13.999223077065334
G04_R0174,G04,LOGO,holdout_G04,G04,25,50,1e-05,0.8,0.3,0.2,4.0,15.335,15.33542575099207
G04_R0175,G04,LOGO,holdout_G04,G04,25,50,1e-05,0.75,0.1,0.2,4.0,12.948,12.970826127480198
G04_R0176,G04,LOGO,holdout_G04,G04,25,50,1e-05,0.75,0.2,0.2,4.0,13.998,13.999879913374876
G04_R0177,G04,LOGO,holdout_G04,G04,25,50,1e-05,0.75,0.3,0.2,4.0,15.338,15.336571623015898
G04_R0178,G04,LOGO,holdout_G04,G04,25,50,1e-05,0.7,0.1,0.2,4.0,12.95,12.971087486111148
G04_R0179,G04,LOGO,holdout_G04,G04,25,50,1e-05,0.7,0.2,0.2,4.0,14.0,14.000093919327256
G04_R0180,G04,LOGO,holdout_G04,G04,25,50,1e-05,0.7,0.3,0.2,4.0,15.34,15.336550834325418
G04_R0181,G04,LOGO,holdout_G04,G04,25,50,1e-06,0.85,0.1,0.2,4.0,12.984,13.00859135416669
G04_R0182,G04,LOGO,holdout_G04,G04,25,50,1e-06,0.85,0.2,0.2,4.0,14.044,14.04403612847225
G04_R0183,G04,LOGO,holdout_G04,G04,25,50,1e-06,0.85,0.3,0.2,4.0,15.399,15.384643014294785
G04_R0184,G04,LOGO,holdout_G04,G04,25,50,1e-06,0.8,0.1,0.2,4.0,12.985,13.008337491071458
G04_R0185,G04,LOGO,holdout_G04,G04,25,50,1e-06,0.8,0.2,0.2,4.0,14.044,14.04391917013892
G04_R0186,G04,LOGO,holdout_G04,G04,25,50,1e-06,0.8,0.3,0.2,4.0,15.4,15.384620389294785
G04_R0187,G04,LOGO,holdout_G04,G04,25,50,1e-06,0.75,0.1,0.2,4.0,12.985,13.008605488095244
G04_R0188,G04,LOGO,holdout_G04,G04,25,50,1e-06,0.75,0.2,0.2,4.0,14.045,14.044213848710353
G04_R0189,G04,LOGO,holdout_G04,G04,25,50,1e-06,0.75,0.3,0.2,4.0,15.4,15.385025847628135
G04_R0190,G04,LOGO,holdout_G04,G04,25,50,1e-06,0.7,0.1,0.2,4.0,12.985,13.008866537202383
G04_R0191,G04,LOGO,holdout_G04,G04,25,50,1e-06,0.7,0.2,0.2,4.0,14.045,14.044286098710351
G04_R0192,G04,LOGO,holdout_G04,G04,25,50,1e-06,0.7,0.3,0.2,4.0,15.401,15.385212832747184
G04_R0193,G04,LOGO,holdout_G04,G04,100,3,0.001,0.85,0.1,0.2,4.0,8.3007,8.41555179434525
G04_R0194,G04,LOGO,holdout_G04,G04,100,3,0.001,0.85,0.2,0.2,4.0,8.9837,9.087581163063671
G04_R0195,G04,LOGO,holdout_G04,G04,100,3,0.001,0.85,0.3,0.2,4.0,9.8306,9.900746823087992
G04_R0196,G04,LOGO,holdout_G04,G04,100,3,0.001,0.8,0.1,0.2,4.0,8.3088,8.415762478422632
G04_R0197,G04,LOGO,holdout_G04,G04,100,3,0.001,0.8,0.2,0.2,4.0,8.9951,9.089385787766052
G04_R0198,G04,LOGO,holdout_G04,G04,100,3,0.001,0.8,0.3,0.2,4.0,9.8452,9.907821907052648
G04_R0199,G04,LOGO,holdout_G04,G04,100,3,0.001,0.75,0.1,0.2,4.0,8.3173,8.420281229315492
G04_R0200,G04,LOGO,holdout_G04,G04,100,3,0.001,0.75,0.2,0.2,4.0,9.0071,9.094290574770037
G04_R0201,G04,LOGO,holdout_G04,G04,100,3,0.001,0.75,0.3,0.2,4.0,9.8607,9.921765775333698
G04_R0202,G04,LOGO,holdout_G04,G04,100,3,0.001,0.7,0.1,0.2,4.0,8.3263,8.421033906994063
G04_R0203,G04,LOGO,holdout_G04,G04,100,3,0.001,0.7,0.2,0.2,4.0,9.0198,9.09553920453194
G04_R0204,G04,LOGO,holdout_G04,G04,100,3,0.001,0.7,0.3,0.2,4.0,9.8769,9.930102806682909
G04_R0205,G04,LOGO,holdout_G04,G04,100,3,0.0001,0.85,0.1,0.2,4.0,8.5739,8.681272782589302
G04_R0206,G04,LOGO,holdout_G04,G04,100,3,0.0001,0.85,0.2,0.2,4.0,9.3115,9.418362808085314
G04_R0207,G04,LOGO,holdout_G04,G04,100,3,0.0001,0.85,0.3,0.2,4.0,10.288,10.40306079838565
G04_R0208,G04,LOGO,holdout_G04,G04,100,3,0.0001,0.8,0.1,0.2,4.0,8.5773,8.682085760863112
G04_R0209,G04,LOGO,holdout_G04,G04,100,3,0.0001,0.8,0.2,0.2,4.0,9.3161,9.419129560628605
G04_R0210,G04,LOGO,holdout_G04,G04,100,3,0.0001,0.8,0.3,0.2,4.0,10.294,10.403333101957084
G04_R0211,G04,LOGO,holdout_G04,G04,100,3,0.0001,0.75,0.1,0.2,4.0,8.5809,8.683258165922615
G04_R0212,G04,LOGO,holdout_G04,G04,100,3,0.0001,0.75,0.2,0.2,4.0,9.3209,9.42085727610479
G04_R0213,G04,LOGO,holdout_G04,G04,100,3,0.0001,0.75,0.3,0.2,4.0,10.3,10.407544037968972
G04_R0214,G04,LOGO,holdout_G04,G04,100,3,0.0001,0.7,0.1,0.2,4.0,8.5846,8.68283680133928
G04_R0215,G04,LOGO,holdout_G04,G04,100,3,0.0001,0.7,0.2,0.2,4.0,9.326,9.421026626104794
G04_R0216,G04,LOGO,holdout_G04,G04,100,3,0.0001,0.7,0.3,0.2,4.0,10.307,10.410202716540402
G04_R0217,G04,LOGO,holdout_G04,G04,100,3,1e-05,0.85,0.1,0.2,4.0,8.6512,8.748730498683253
G04_R0218,G04,LOGO,holdout_G04,G04,100,3,1e-05,0.85,0.2,0.2,4.0,9.4057,9.505031833576837
G04_R0219,G04,LOGO,holdout_G04,G04,100,3,1e-05,0.85,0.3,0.2,4.0,10.418,10.529634654761892
G04_R0220,G04,LOGO,holdout_G04,G04,100,3,1e-05,0.8,0.1,0.2,4.0,8.6523,8.749559970707066
G04_R0221,G04,LOGO,holdout_G04,G04,100,3,1e-05,0.8,0.2,0.2,4.0,9.4074,9.505264831493502
G04_R0222,G04,LOGO,holdout_G04,G04,100,3,1e-05,0.8,0.3,0.2,4.0,10.42,10.529543571428558
G04_R0223,G04,LOGO,holdout_G04,G04,100,3,1e-05,0.75,0.1,0.2,4.0,8.6535,8.750126550072155
G04_R0224,G04,LOGO,holdout_G04,G04,100,3,1e-05,0.75,0.2,0.2,4.0,9.4091,9.505652822429653
G04_R0225,G04,LOGO,holdout_G04,G04,100,3,1e-05,0.75,0.3,0.2,4.0,10.422,10.530597785714283
G04_R0226,G04,LOGO,holdout_G04,G04,100,3,1e-05,0.7,0.1,0.2,4.0,8.6547,8.749813016738816
G04_R0227,G04,LOGO,holdout_G04,G04,100,3,1e-05,0.7,0.2,0.2,4.0,9.4109,9.505589028679651
G04_R0228,G04,LOGO,holdout_G04,G04,100,3,1e-05,0.7,0.3,0.2,4.0,10.425,10.53098542460317
G04_R0229,G04,LOGO,holdout_G04,G04,100,3,1e-06,0.85,0.1,0.2,4.0,8.6772,8.769073910114521
G04_R0230,G04,LOGO,holdout_G04,G04,100,3,1e-06,0.85,0.2,0.2,4.0,9.4355,9.526781587599205
G04_R0231,G04,LOGO,holdout_G04,G04,100,3,1e-06,0.85,0.3,0.2,4.0,10.457,10.564363219381308
G04_R0232,G04,LOGO,holdout_G04,G04,100,3,1e-06,0.8,0.1,0.2,4.0,8.6774,8.769625907733571
G04_R0233,G04,LOGO,holdout_G04,G04,100,3,1e-06,0.8,0.2,0.2,4.0,9.4357,9.527089552182536
G04_R0234,G04,LOGO,holdout_G04,G04,100,3,1e-06,0.8,0.3,0.2,4.0,10.458,10.564149076524163
G04_R0235,G04,LOGO,holdout_G04,G04,100,3,1e-06,0.75,0.1,0.2,4.0,8.6776,8.76984916844786
G04_R0236,G04,LOGO,holdout_G04,G04,100,3,1e-06,0.75,0.2,0.2,4.0,9.4361,9.527082922285365
G04_R0237,G04,LOGO,holdout_G04,G04,100,3,1e-06,0.75,0.3,0.2,4.0,10.458,10.564353978580472
G04_R0238,G04,LOGO,holdout_G04,G04,100,3,1e-06,0.7,0.1,0.2,4.0,8.6778,8.76970767053119
G04_R0239,G04,LOGO,holdout_G04,G04,100,3,1e-06,0.7,0.2,0.2,4.0,9.4364,9.526986197285366
G04_R0240,G04,LOGO,holdout_G04,G04,100,3,1e-06,0.7,0.3,0.2,4.0,10.459,10.564680284136028
G04_R0241,G04,LOGO,holdout_G04,G04,100,6,0.001,0.85,0.1,0.2,4.0,9.9089,10.03962908527236
G04_R0242,G04,LOGO,holdout_G04,G04,100,6,0.001,0.85,0.2,0.2,4.0,10.687,10.794808439980136
G04_R0243,G04,LOGO,holdout_G04,G04,100,6,0.001,0.85,0.3,0.2,4.0,11.625,11.710365032242048
G04_R0244,G04,LOGO,holdout_G04,G04,100,6,0.001,0.8,0.1,0.2,4.0,9.9182,10.040635841765864
G04_R0245,G04,LOGO,holdout_G04,G04,100,6,0.001,0.8,0.2,0.2,4.0,10.7,10.796253274305538
G04_R0246,G04,LOGO,holdout_G04,G04,100,6,0.001,0.8,0.3,0.2,4.0,11.641,11.715776727182526
G04_R0247,G04,LOGO,holdout_G04,G04,100,6,0.001,0.75,0.1,0.2,4.0,9.9279,10.045415573412694
G04_R0248,G04,LOGO,holdout_G04,G04,100,6,0.001,0.75,0.2,0.2,4.0,10.713,10.801660719246042
G04_R0249,G04,LOGO,holdout_G04,G04,100,6,0.001,0.75,0.3,0.2,4.0,11.659,11.729518016865065
G04_R0250,G04,LOGO,holdout_G04,G04,100,6,0.001,0.7,0.1,0.2,4.0,9.9382,10.045238785218253
G04_R0251,G04,LOGO,holdout_G04,G04,100,6,0.001,0.7,0.2,0.2,4.0,10.727,10.801696445436516
G04_R0252,G04,LOGO,holdout_G04,G04,100,6,0.001,0.7,0.3,0.2,4.0,11.677,11.73866940228172
G04_R0253,G04,LOGO,holdout_G04,G04,100,6,0.0001,0.85,0.1,0.2,4.0,10.22,10.33198606249998
G04_R0254,G04,LOGO,holdout_G04,G04,100,6,0.0001,0.85,0.2,0.2,4.0,11.072,11.16549816815474
G04_R0255,G04,LOGO,holdout_G04,G04,100,6,0.0001,0.85,0.3,0.2,4.0,12.165,12.245254150297631
G04_R0256,G04,LOGO,holdout_G04,G04,100,6,0.0001,0.8,0.1,0.2,4.0,10.224,10.332574092261885
G04_R0257,G04,LOGO,holdout_G04,G04,100,6,0.0001,0.8,0.2,0.2,4.0,11.078,11.166322126488078
G04_R0258,G04,LOGO,holdout_G04,G04,100,6,0.0001,0.8,0.3,0.2,4.0,12.171,12.245288075892864
G04_R0259,G04,LOGO,holdout_G04,G04,100,6,0.0001,0.75,0.1,0.2,4.0,10.228,10.333152209821437
G04_R0260,G04,LOGO,holdout_G04,G04,100,6,0.0001,0.75,0.2,0.2,4.0,11.084,11.168852264384896
G04_R0261,G04,LOGO,holdout_G04,G04,100,6,0.0001,0.75,0.3,0.2,4.0,12.177,12.249227089285707
G04_R0262,G04,LOGO,holdout_G04,G04,100,6,0.0001,0.7,0.1,0.2,4.0,10.232,10.33255505208334
G04_R0263,G04,LOGO,holdout_G04,G04,100,6,0.0001,0.7,0.2,0.2,4.0,11.09,11.168187076884902
G04_R0264,G04,LOGO,holdout_G04,G04,100,6,0.0001,0.7,0.3,0.2,4.0,12.184,12.251299297619042
G04_R0265,G04,LOGO,holdout_G04,G04,100,6,1e-05,0.85,0.1,0.2,4.0,10.307,10.40579211259918
G04_R0266,G04,LOGO,holdout_G04,G04,100,6,1e-05,0.85,0.2,0.2,4.0,11.091,11.259261270208944
G04_R0267,G04,LOGO,holdout_G04,G04,100,6,1e-05,0.85,0.3,0.2,4.0,12.33,12.391203593750028
G04_R0268,G04,LOGO,holdout_G04,G04,100,6,1e-05,0.8,0.1,0.2,4.0,10.309,10.406367954861093
G04_R0269,G04,LOGO,holdout_G04,G04,100,6,1e-05,0.8,0.2,0.2,4.0,11.092,11.259201424970849
G04_R0270,G04,LOGO,holdout_G04,G04,100,6,1e-05,0.8,0.3,0.2,4.0,12.332,12.391242302083358
G04_R0271,G04,LOGO,holdout_G04,G04,100,6,1e-05,0.75,0.1,0.2,4.0,10.31,10.406306170634934
G04_R0272,G04,LOGO,holdout_G04,G04,100,6,1e-05,0.75,0.2,0.2,4.0,11.094,11.26012007576454
G04_R0273,G04,LOGO,holdout_G04,G04,100,6,1e-05,0.75,0.3,0.2,4.0,12.334,12.392290040178562
G04_R0274,G04,LOGO,holdout_G04,G04,100,6,1e-05,0.7,0.1,0.2,4.0,10.311,10.405646283730174
G04_R0275,G04,LOGO,holdout_G04,G04,100,6,1e-05,0.7,0.2,0.2,4.0,11.096,11.25984698796692
G04_R0276,G04,LOGO,holdout_G04,G04,100,6,1e-05,0.7,0.3,0.2,4.0,12.337,12.39270674404761
G04_R0277,G04,LOGO,holdout_G04,G04,100,6,1e-06,0.85,0.1,0.2,4.0,10.337,10.42741518551589
G04_R0278,G04,LOGO,holdout_G04,G04,100,6,1e-06,0.85,0.2,0.2,4.0,11.121,11.284173631042574
G04_R0279,G04,LOGO,holdout_G04,G04,100,6,1e-06,0.85,0.3,0.2,4.0,12.248,12.42583967887669
G04_R0280,G04,LOGO,holdout_G04,G04,100,6,1e-06,0.8,0.1,0.2,4.0,10.337,10.42787141765875
G04_R0281,G04,LOGO,holdout_G04,G04,100,6,1e-06,0.8,0.2,0.2,4.0,11.121,11.284041077471144
G04_R0282,G04,LOGO,holdout_G04,G04,100,6,1e-06,0.8,0.3,0.2,4.0,12.382,12.425686857448111
G04_R0283,G04,LOGO,holdout_G04,G04,100,6,1e-06,0.75,0.1,0.2,4.0,10.337,10.427699728670689
G04_R0284,G04,LOGO,holdout_G04,G04,100,6,1e-06,0.75,0.2,0.2,4.0,11.122,11.284306994137824
G04_R0285,G04,LOGO,holdout_G04,G04,100,6,1e-06,0.75,0.3,0.2,4.0,12.382,12.425863102983795
G04_R0286,G04,LOGO,holdout_G04,G04,100,6,1e-06,0.7,0.1,0.2,4.0,10.337,10.427211091765928
G04_R0287,G04,LOGO,holdout_G04,G04,100,6,1e-06,0.7,0.2,0.2,4.0,11.122,11.284136364673538
G04_R0288,G04,LOGO,holdout_G04,G04,100,6,1e-06,0.7,0.3,0.2,4.0,12.383,12.425864860424271
G04_R0289,G04,LOGO,holdout_G04,G04,100,20,0.001,0.85,0.1,0.2,4.0,14.053,14.357065350198429
G04_R0290,G04,LOGO,holdout_G04,G04,100,20,0.001,0.85,0.2,0.2,4.0,15.144,15.3851590608766
G04_R0291,G04,LOGO,holdout_G04,G04,100,20,0.001,0.85,0.3,0.2,4.0,16.477,16.666967598394667
G04_R0292,G04,LOGO,holdout_G04,G04,100,20,0.001,0.8,0.1,0.2,4.0,14.066,14.360720266865094
G04_R0293,G04,LOGO,holdout_G04,G04,100,20,0.001,0.8,0.2,0.2,4.0,15.162,15.385845879328985
G04_R0294,G04,LOGO,holdout_G04,G04,100,20,0.001,0.8,0.3,0.2,4.0,16.499,16.674339455717885
G04_R0295,G04,LOGO,holdout_G04,G04,100,20,0.001,0.75,0.1,0.2,4.0,14.08,14.366625315972229
G04_R0296,G04,LOGO,holdout_G04,G04,100,20,0.001,0.75,0.2,0.2,4.0,15.181,15.393476282602812
G04_R0297,G04,LOGO,holdout_G04,G04,100,20,0.001,0.75,0.3,0.2,4.0,16.523,16.694352054924238
G04_R0298,G04,LOGO,holdout_G04,G04,100,20,0.001,0.7,0.1,0.2,4.0,14.094,14.368431903769848
G04_R0299,G04,LOGO,holdout_G04,G04,100,20,0.001,0.7,0.2,0.2,4.0,15.201,15.395074011769482
G04_R0300,G04,LOGO,holdout_G04,G04,100,20,0.001,0.7,0.3,0.2,4.0,16.548,16.705870212662333
G04_R0301,G04,LOGO,holdout_G04,G04,100,20,0.0001,0.85,0.1,0.2,4.0,14.464,14.748562227994222
G04_R0302,G04,LOGO,holdout_G04,G04,100,20,0.0001,0.85,0.2,0.2,4.0,15.6,15.86369702610932
G04_R0303,G04,LOGO,holdout_G04,G04,100,20,0.0001,0.85,0.3,0.2,4.0,17.084,17.348364105925356
G04_R0304,G04,LOGO,holdout_G04,G04,100,20,0.0001,0.8,0.1,0.2,4.0,14.469,14.749379680375167
G04_R0305,G04,LOGO,holdout_G04,G04,100,20,0.0001,0.8,0.2,0.2,4.0,15.607,15.864282859442651
G04_R0306,G04,LOGO,holdout_G04,G04,100,20,0.0001,0.8,0.3,0.2,4.0,17.094,17.3494259690206
G04_R0307,G04,LOGO,holdout_G04,G04,100,20,0.0001,0.75,0.1,0.2,4.0,14.475,14.75133382819264
G04_R0308,G04,LOGO,holdout_G04,G04,100,20,0.0001,0.75,0.2,0.2,4.0,15.615,15.866703130276008
G04_R0309,G04,LOGO,holdout_G04,G04,100,20,0.0001,0.75,0.3,0.2,4.0,17.105,17.35318770116346
G04_R0310,G04,LOGO,holdout_G04,G04,100,20,0.0001,0.7,0.1,0.2,4.0,14.481,14.750191234442646
G04_R0311,G04,LOGO,holdout_G04,G04,100,20,0.0001,0.7,0.2,0.2,4.0,15.624,15.86619319277601
G04_R0312,G04,LOGO,holdout_G04,G04,100,20,0.0001,0.7,0.3,0.2,4.0,17.117,17.353199134199173
G04_R0313,G04,LOGO,holdout_G04,G04,100,20,1e-05,0.85,0.1,0.2,4.0,14.578,14.847097548115
G04_R0314,G04,LOGO,holdout_G04,G04,100,20,1e-05,0.85,0.2,0.2,4.0,15.724,15.972733219065605
G04_R0315,G04,LOGO,holdout_G04,G04,100,20,1e-05,0.85,0.3,0.2,4.0,17.244,17.51198274751984
G04_R0316,G04,LOGO,holdout_G04,G04,100,20,1e-05,0.8,0.1,0.2,4.0,14.58,14.84788368501976
G04_R0317,G04,LOGO,holdout_G04,G04,100,20,1e-05,0.8,0.2,0.2,4.0,15.727,15.973209117875133
G04_R0318,G04,LOGO,holdout_G04,G04,100,20,1e-05,0.8,0.3,0.2,4.0,17.248,17.512098920138886
G04_R0319,G04,LOGO,holdout_G04,G04,100,20,1e-05,0.75,0.1,0.2,4.0,14.582,14.848166252480082
G04_R0320,G04,LOGO,holdout_G04,G04,100,20,1e-05,0.75,0.2,0.2,4.0,15.729,15.974019449720425
G04_R0321,G04,LOGO,holdout_G04,G04,100,20,1e-05,0.75,0.3,0.2,4.0,17.252,17.513438530257947
G04_R0322,G04,LOGO,holdout_G04,G04,100,20,1e-05,0.7,0.1,0.2,4.0,14.583,14.847404731646757
G04_R0323,G04,LOGO,holdout_G04,G04,100,20,1e-05,0.7,0.2,0.2,4.0,15.732,15.97365197055376
G04_R0324,G04,LOGO,holdout_G04,G04,100,20,1e-05,0.7,0.3,0.2,4.0,17.256,17.513480134424615
G04_R0325,G04,LOGO,holdout_G04,G04,100,20,1e-06,0.85,0.1,0.2,4.0,14.617,14.877944055059466
G04_R0326,G04,LOGO,holdout_G04,G04,100,20,1e-06,0.85,0.2,0.2,4.0,15.765,16.00430269710501
G04_R0327,G04,LOGO,holdout_G04,G04,100,20,1e-06,0.85,0.3,0.2,4.0,17.29,17.544831658053724
G04_R0328,G04,LOGO,holdout_G04,G04,100,20,1e-06,0.8,0.1,0.2,4.0,14.617,14.878402525297563
G04_R0329,G04,LOGO,holdout_G04,G04,100,20,1e-06,0.8,0.2,0.2,4.0,15.765,16.004129679247875
G04_R0330,G04,LOGO,holdout_G04,G04,100,20,1e-06,0.8,0.3,0.2,4.0,17.291,17.54494783067277
G04_R0331,G04,LOGO,holdout_G04,G04,100,20,1e-06,0.75,0.1,0.2,4.0,14.618,14.877938839781708
G04_R0332,G04,LOGO,holdout_G04,G04,100,20,1e-06,0.75,0.2,0.2,4.0,15.766,16.004092469246086
G04_R0333,G04,LOGO,holdout_G04,G04,100,20,1e-06,0.75,0.3,0.2,4.0,17.292,17.545576230970415
G04_R0334,G04,LOGO,holdout_G04,G04,100,20,1e-06,0.7,0.1,0.2,4.0,14.618,14.87781038144838
G04_R0335,G04,LOGO,holdout_G04,G04,100,20,1e-06,0.7,0.2,0.2,4.0,15.766,16.003878510912752
G04_R0336,G04,LOGO,holdout_G04,G04,100,20,1e-06,0.7,0.3,0.2,4.0,17.293,17.545726272637083
G04_R0337,G04,LOGO,holdout_G04,G04,100,50,0.001,0.85,0.1,0.2,4.0,18.883,19.259925691964217
G04_R0338,G04,LOGO,holdout_G04,G04,100,50,0.001,0.85,0.2,0.2,4.0,20.387,20.77432706268041
G04_R0339,G04,LOGO,holdout_G04,G04,100,50,0.001,0.85,0.3,0.2,4.0,22.184,22.53377024057537
G04_R0340,G04,LOGO,holdout_G04,G04,100,50,0.001,0.8,0.1,0.2,4.0,18.901,19.262339930059458
G04_R0341,G04,LOGO,holdout_G04,G04,100,50,0.001,0.8,0.2,0.2,4.0,20.412,20.777721132124853
G04_R0342,G04,LOGO,holdout_G04,G04,100,50,0.001,0.8,0.3,0.2,4.0,22.216,22.53548335367062
G04_R0343,G04,LOGO,holdout_G04,G04,100,50,0.001,0.75,0.1,0.2,4.0,18.919,19.268410553075345
G04_R0344,G04,LOGO,holdout_G04,G04,100,50,0.001,0.75,0.2,0.2,4.0,20.438,20.788353804743863
G04_R0345,G04,LOGO,holdout_G04,G04,100,50,0.001,0.75,0.3,0.2,4.0,22.249,22.55489428422619
G04_R0346,G04,LOGO,holdout_G04,G04,100,50,0.001,0.7,0.1,0.2,4.0,18.939,19.270199642361064
G04_R0347,G04,LOGO,holdout_G04,G04,100,50,0.001,0.7,0.2,0.2,4.0,20.466,20.79021442379149
G04_R0348,G04,LOGO,holdout_G04,G04,100,50,0.001,0.7,0.3,0.2,4.0,22.284,22.560386604166656
G04_R0349,G04,LOGO,holdout_G04,G04,100,50,0.0001,0.85,0.1,0.2,4.0,19.443,19.78385378968261
G04_R0350,G04,LOGO,holdout_G04,G04,100,50,0.0001,0.85,0.2,0.2,4.0,21.009,21.39938751537699
G04_R0351,G04,LOGO,holdout_G04,G04,100,50,0.0001,0.85,0.3,0.2,4.0,23.016,23.46190299255956
G04_R0352,G04,LOGO,holdout_G04,G04,100,50,0.0001,0.8,0.1,0.2,4.0,19.45,19.78498262301594
G04_R0353,G04,LOGO,holdout_G04,G04,100,50,0.0001,0.8,0.2,0.2,4.0,21.019,21.400607842757932
G04_R0354,G04,LOGO,holdout_G04,G04,100,50,0.0001,0.8,0.3,0.2,4.0,23.03,23.463035543154795
G04_R0355,G04,LOGO,holdout_G04,G04,100,50,0.0001,0.75,0.1,0.2,4.0,19.458,19.78700219146828
G04_R0356,G04,LOGO,holdout_G04,G04,100,50,0.0001,0.75,0.2,0.2,4.0,21.031,21.405171878472185
G04_R0357,G04,LOGO,holdout_G04,G04,100,50,0.0001,0.75,0.3,0.2,4.0,23.045,23.46924065327385
G04_R0358,G04,LOGO,holdout_G04,G04,100,50,0.0001,0.7,0.1,0.2,4.0,19.466,19.785795733134947
G04_R0359,G04,LOGO,holdout_G04,G04,100,50,0.0001,0.7,0.2,0.2,4.0,21.042,21.404497534226152
G04_R0360,G04,LOGO,holdout_G04,G04,100,50,0.0001,0.7,0.3,0.2,4.0,23.061,23.46980042708339
G04_R0361,G04,LOGO,holdout_G04,G04,100,50,1e-05,0.85,0.1,0.2,4.0,19.597,19.922866369182938
G04_R0362,G04,LOGO,holdout_G04,G04,100,50,1e-05,0.85,0.2,0.2,4.0,21.182,21.54481689894481
G04_R0363,G04,LOGO,holdout_G04,G04,100,50,1e-05,0.85,0.3,0.2,4.0,23.235,23.66800670571784
G04_R0364,G04,LOGO,holdout_G04,G04,100,50,1e-05,0.8,0.1,0.2,4.0,19.6,19.92403626501628
G04_R0365,G04,LOGO,holdout_G04,G04,100,50,1e-05,0.8,0.2,0.2,4.0,21.185,21.54596351799241
G04_R0366,G04,LOGO,holdout_G04,G04,100,50,1e-05,0.8,0.3,0.2,4.0,23.24,23.668465257801174
G04_R0367,G04,LOGO,holdout_G04,G04,100,50,1e-05,0.75,0.1,0.2,4.0,19.602,19.923938568587733
G04_R0368,G04,LOGO,holdout_G04,G04,100,50,1e-05,0.75,0.2,0.2,4.0,21.189,21.54835070549239
G04_R0369,G04,LOGO,holdout_G04,G04,100,50,1e-05,0.75,0.3,0.2,4.0,23.245,23.670218757801205
G04_R0370,G04,LOGO,holdout_G04,G04,100,50,1e-05,0.7,0.1,0.2,4.0,19.605,19.92320854775441
G04_R0371,G04,LOGO,holdout_G04,G04,100,50,1e-05,0.7,0.2,0.2,4.0,21.193,21.5479236588654
G04_R0372,G04,LOGO,holdout_G04,G04,100,50,1e-05,0.7,0.3,0.2,4.0,23.251,23.67051063280121
G04_R0373,G04,LOGO,holdout_G04,G04,100,50,1e-06,0.85,0.1,0.2,4.0,19.65,19.965768101800943
G04_R0374,G04,LOGO,holdout_G04,G04,100,50,1e-06,0.85,0.2,0.2,4.0,21.239,21.587276730294025
G04_R0375,G04,LOGO,holdout_G04,G04,100,50,1e-06,0.85,0.3,0.2,4.0,23.298,23.71357116752341
G04_R0376,G04,LOGO,holdout_G04,G04,100,50,1e-06,0.8,0.1,0.2,4.0,19.651,19.966236539300954
G04_R0377,G04,LOGO,holdout_G04,G04,100,50,1e-06,0.8,0.2,0.2,4.0,21.24,21.588324641008292
G04_R0378,G04,LOGO,holdout_G04,G04,100,50,1e-06,0.8,0.3,0.2,4.0,23.299,23.713714823773408
G04_R0379,G04,LOGO,holdout_G04,G04,100,50,1e-06,0.75,0.1,0.2,4.0,19.651,19.96594677888429
G04_R0380,G04,LOGO,holdout_G04,G04,100,50,1e-06,0.75,0.2,0.2,4.0,21.24,21.59014522136532
G04_R0381,G04,LOGO,holdout_G04,G04,100,50,1e-06,0.75,0.3,0.2,4.0,23.301,23.714482946789303
G04_R0382,G04,LOGO,holdout_G04,G04,100,50,1e-06,0.7,0.1,0.2,4.0,19.652,19.965292508050965
G04_R0383,G04,LOGO,holdout_G04,G04,100,50,1e-06,0.7,0.2,0.2,4.0,21.241,21.589707521960563
G04_R0384,G04,LOGO,holdout_G04,G04,100,50,1e-06,0.7,0.3,0.2,4.0,23.302,23.714565655122648
G04_R0385,G04,LOGO,holdout_G04,G04,250,3,0.001,0.85,0.1,0.2,4.0,10.263,10.49407898645384
G04_R0386,G04,LOGO,holdout_G04,G04,250,3,0.001,0.85,0.2,0.2,4.0,11.182,11.348995566468243
G04_R0387,G04,LOGO,holdout_G04,G04,250,3,0.001,0.85,0.3,0.2,4.0,12.434,12.501191992559518
G04_R0388,G04,LOGO,holdout_G04,G04,250,3,0.001,0.8,0.1,0.2,4.0,10.274,10.495333048953842
G04_R0389,G04,LOGO,holdout_G04,G04,250,3,0.001,0.8,0.2,0.2,4.0,11.197,11.351334194444432
G04_R0390,G04,LOGO,holdout_G04,G04,250,3,0.001,0.8,0.3,0.2,4.0,12.455,12.502297540178567
G04_R0391,G04,LOGO,holdout_G04,G04,250,3,0.001,0.75,0.1,0.2,4.0,10.286,10.497986758775252
G04_R0392,G04,LOGO,holdout_G04,G04,250,3,0.001,0.75,0.2,0.2,4.0,11.212,11.358106774801568
G04_R0393,G04,LOGO,holdout_G04,G04,250,3,0.001,0.75,0.3,0.2,4.0,12.475,12.510257647817465
G04_R0394,G04,LOGO,holdout_G04,G04,250,3,0.001,0.7,0.1,0.2,4.0,10.298,10.496112173457794
G04_R0395,G04,LOGO,holdout_G04,G04,250,3,0.001,0.7,0.2,0.2,4.0,11.228,11.357240499007917
G04_R0396,G04,LOGO,holdout_G04,G04,250,3,0.001,0.7,0.3,0.2,4.0,12.495,12.511841525793647
G04_R0397,G04,LOGO,holdout_G04,G04,250,3,0.0001,0.85,0.1,0.2,4.0,10.453,10.660178143452391
G04_R0398,G04,LOGO,holdout_G04,G04,250,3,0.0001,0.85,0.2,0.2,4.0,11.262,11.469682292162688
G04_R0399,G04,LOGO,holdout_G04,G04,250,3,0.0001,0.85,0.3,0.2,4.0,12.402,12.57782490575397
G04_R0400,G04,LOGO,holdout_G04,G04,250,3,0.0001,0.8,0.1,0.2,4.0,10.457,10.661949310119056
G04_R0401,G04,LOGO,holdout_G04,G04,250,3,0.0001,0.8,0.2,0.2,4.0,11.269,11.472611836805545
G04_R0402,G04,LOGO,holdout_G04,G04,250,3,0.0001,0.8,0.3,0.2,4.0,12.411,12.579591328373017
G04_R0403,G04,LOGO,holdout_G04,G04,250,3,0.0001,0.75,0.1,0.2,4.0,10.462,10.662378444047606
G04_R0404,G04,LOGO,holdout_G04,G04,250,3,0.0001,0.75,0.2,0.2,4.0,11.276,11.476383135416665
G04_R0405,G04,LOGO,holdout_G04,G04,250,3,0.0001,0.75,0.3,0.2,4.0,12.421,12.585202598214275
G04_R0406,G04,LOGO,holdout_G04,G04,250,3,0.0001,0.7,0.1,0.2,4.0,10.467,10.660485525396814
G04_R0407,G04,LOGO,holdout_G04,G04,250,3,0.0001,0.7,0.2,0.2,4.0,11.284,11.47606525545634
G04_R0408,G04,LOGO,holdout_G04,G04,250,3,0.0001,0.7,0.3,0.2,4.0,12.431,12.585683904761895
G04_R0409,G04,LOGO,holdout_G04,G04,250,3,1e-05,0.85,0.1,0.2,4.0,10.501,10.714325198908714
G04_R0410,G04,LOGO,holdout_G04,G04,250,3,1e-05,0.85,0.2,0.2,4.0,11.254,11.478993642406204
G04_R0411,G04,LOGO,holdout_G04,G04,250,3,1e-05,0.85,0.3,0.2,4.0,12.349,12.613968442460322
G04_R0412,G04,LOGO,holdout_G04,G04,250,3,1e-05,0.8,0.1,0.2,4.0,10.502,10.715249291170618
G04_R0413,G04,LOGO,holdout_G04,G04,250,3,1e-05,0.8,0.2,0.2,4.0,11.257,11.480599469787151
G04_R0414,G04,LOGO,holdout_G04,G04,250,3,1e-05,0.8,0.3,0.2,4.0,12.353,12.614928754960326
G04_R0415,G04,LOGO,holdout_G04,G04,250,3,1e-05,0.75,0.1,0.2,4.0,10.503,10.71602063640873
G04_R0416,G04,LOGO,holdout_G04,G04,250,3,1e-05,0.75,0.2,0.2,4.0,11.26,11.4827969448052
G04_R0417,G04,LOGO,holdout_G04,G04,250,3,1e-05,0.75,0.3,0.2,4.0,12.357,12.618312173611123
G04_R0418,G04,LOGO,holdout_G04,G04,250,3,1e-05,0.7,0.1,0.2,4.0,10.505,10.715160290674604
G04_R0419,G04,LOGO,holdout_G04,G04,250,3,1e-05,0.7,0.2,0.2,4.0,11.263,11.483330091630592
G04_R0420,G04,LOGO,holdout_G04,G04,250,3,1e-05,0.7,0.3,0.2,4.0,12.362,12.619751666170648
G04_R0421,G04,LOGO,holdout_G04,G04,250,3,1e-06,0.85,0.1,0.2,4.0,10.522,10.731066059523826
G04_R0422,G04,LOGO,holdout_G04,G04,250,3,1e-06,0.85,0.2,0.2,4.0,11.249,11.47484537256494
G04_R0423,G04,LOGO,holdout_G04,G04,250,3,1e-06,0.85,0.3,0.2,4.0,12.331,12.607264710948757
G04_R0424,G04,LOGO,holdout_G04,G04,250,3,1e-06,0.8,0.1,0.2,4.0,10.522,10.731825235119064
G04_R0425,G04,LOGO,holdout_G04,G04,250,3,1e-06,0.8,0.2,0.2,4.0,11.25,11.476085366612558
G04_R0426,G04,LOGO,holdout_G04,G04,250,3,1e-06,0.8,0.3,0.2,4.0,12.333,12.607859204996378
G04_R0427,G04,LOGO,holdout_G04,G04,250,3,1e-06,0.75,0.1,0.2,4.0,10.522,10.73225823214288
G04_R0428,G04,LOGO,holdout_G04,G04,250,3,1e-06,0.75,0.2,0.2,4.0,11.251,11.477252611471886
G04_R0429,G04,LOGO,holdout_G04,G04,250,3,1e-06,0.75,0.3,0.2,4.0,12.334,12.61042841233764
G04_R0430,G04,LOGO,holdout_G04,G04,250,3,1e-06,0.7,0.1,0.2,4.0,10.523,10.731334761408752
G04_R0431,G04,LOGO,holdout_G04,G04,250,3,1e-06,0.7,0.2,0.2,4.0,11.252,11.4778641898449
G04_R0432,G04,LOGO,holdout_G04,G04,250,3,1e-06,0.7,0.3,0.2,4.0,12.336,12.612009337932882
G04_R0433,G04,LOGO,holdout_G04,G04,250,6,0.001,0.85,0.1,0.2,4.0,12.495,12.662843428571442
G04_R0434,G04,LOGO,holdout_G04,G04,250,6,0.001,0.85,0.2,0.2,4.0,13.624,13.734345333874469
G04_R0435,G04,LOGO,holdout_G04,G04,250,6,0.001,0.85,0.3,0.2,4.0,15.172,15.235166303075388
G04_R0436,G04,LOGO,holdout_G04,G04,250,6,0.001,0.8,0.1,0.2,4.0,12.509,12.66435080357144
G04_R0437,G04,LOGO,holdout_G04,G04,250,6,0.001,0.8,0.2,0.2,4.0,13.642,13.736429476731615
G04_R0438,G04,LOGO,holdout_G04,G04,250,6,0.001,0.8,0.3,0.2,4.0,15.195,15.238850597718251
G04_R0439,G04,LOGO,holdout_G04,G04,250,6,0.001,0.75,0.1,0.2,4.0,12.523,12.668769686507964
G04_R0440,G04,LOGO,holdout_G04,G04,250,6,0.001,0.75,0.2,0.2,4.0,13.66,13.744713752029234
G04_R0441,G04,LOGO,holdout_G04,G04,250,6,0.001,0.75,0.3,0.2,4.0,15.219,15.253892742063476
G04_R0442,G04,LOGO,holdout_G04,G04,250,6,0.001,0.7,0.1,0.2,4.0,12.537,12.667293519841298
G04_R0443,G04,LOGO,holdout_G04,G04,250,6,0.001,0.7,0.2,0.2,4.0,13.678,13.743334141910182
G04_R0444,G04,LOGO,holdout_G04,G04,250,6,0.001,0.7,0.3,0.2,4.0,15.243,15.257262852182548
G04_R0445,G04,LOGO,holdout_G04,G04,250,6,0.0001,0.85,0.1,0.2,4.0,12.707,12.877217829861122
G04_R0446,G04,LOGO,holdout_G04,G04,250,6,0.0001,0.85,0.2,0.2,4.0,13.669,13.917096637265496
G04_R0447,G04,LOGO,holdout_G04,G04,250,6,0.0001,0.85,0.3,0.2,4.0,15.016,15.38986731498016
G04_R0448,G04,LOGO,holdout_G04,G04,250,6,0.0001,0.8,0.1,0.2,4.0,12.713,12.879642329861124
G04_R0449,G04,LOGO,holdout_G04,G04,250,6,0.0001,0.8,0.2,0.2,4.0,13.678,13.919277446789316
G04_R0450,G04,LOGO,holdout_G04,G04,250,6,0.0001,0.8,0.3,0.2,4.0,15.027,15.394886091765876
G04_R0451,G04,LOGO,holdout_G04,G04,250,6,0.0001,0.75,0.1,0.2,4.0,12.719,12.88220359176589
G04_R0452,G04,LOGO,holdout_G04,G04,250,6,0.0001,0.75,0.2,0.2,4.0,13.687,13.92379757030124
G04_R0453,G04,LOGO,holdout_G04,G04,250,6,0.0001,0.75,0.3,0.2,4.0,15.039,15.40894590277777
G04_R0454,G04,LOGO,holdout_G04,G04,250,6,0.0001,0.7,0.1,0.2,4.0,12.725,12.880628320932558
G04_R0455,G04,LOGO,holdout_G04,G04,250,6,0.0001,0.7,0.2,0.2,4.0,13.697,13.922554305420284
G04_R0456,G04,LOGO,holdout_G04,G04,250,6,0.0001,0.7,0.3,0.2,4.0,15.052,15.411738429563508
G04_R0457,G04,LOGO,holdout_G04,G04,250,6,1e-05,0.85,0.1,0.2,4.0,12.757,12.947068689980185
G04_R0458,G04,LOGO,holdout_G04,G04,250,6,1e-05,0.85,0.2,0.2,4.0,13.644,13.93303451339285
G04_R0459,G04,LOGO,holdout_G04,G04,250,6,1e-05,0.85,0.3,0.2,4.0,14.921,15.41561521626987
G04_R0460,G04,LOGO,holdout_G04,G04,250,6,1e-05,0.8,0.1,0.2,4.0,12.759,12.948421189980188
G04_R0461,G04,LOGO,holdout_G04,G04,250,6,1e-05,0.8,0.2,0.2,4.0,13.647,13.933768840773812
G04_R0462,G04,LOGO,holdout_G04,G04,250,6,1e-05,0.8,0.3,0.2,4.0,14.926,15.41729228472225
G04_R0463,G04,LOGO,holdout_G04,G04,250,6,1e-05,0.75,0.1,0.2,4.0,12.761,12.949925074900824
G04_R0464,G04,LOGO,holdout_G04,G04,250,6,1e-05,0.75,0.2,0.2,4.0,13.651,13.935775104166671
G04_R0465,G04,LOGO,holdout_G04,G04,250,6,1e-05,0.75,0.3,0.2,4.0,14.931,15.421111114583328
G04_R0466,G04,LOGO,holdout_G04,G04,250,6,1e-05,0.7,0.1,0.2,4.0,12.763,12.94980301240082
G04_R0467,G04,LOGO,holdout_G04,G04,250,6,1e-05,0.7,0.2,0.2,4.0,13.655,13.93492224801588
G04_R0468,G04,LOGO,holdout_G04,G04,250,6,1e-05,0.7,0.3,0.2,4.0,14.937,15.421888994047642
G04_R0469,G04,LOGO,holdout_G04,G04,250,6,1e-06,0.85,0.1,0.2,4.0,12.782,12.968617758928673
G04_R0470,G04,LOGO,holdout_G04,G04,250,6,1e-06,0.85,0.2,0.2,4.0,13.628,13.919137912472952
G04_R0471,G04,LOGO,holdout_G04,G04,250,6,1e-06,0.85,0.3,0.2,4.0,14.893,15.403525850694416
G04_R0472,G04,LOGO,holdout_G04,G04,250,6,1e-06,0.8,0.1,0.2,4.0,12.782,12.969606008928674
G04_R0473,G04,LOGO,holdout_G04,G04,250,6,1e-06,0.8,0.2,0.2,4.0,13.629,13.919687710092008
G04_R0474,G04,LOGO,holdout_G04,G04,250,6,1e-06,0.8,0.3,0.2,4.0,14.895,15.40511771081346
G04_R0475,G04,LOGO,holdout_G04,G04,250,6,1e-06,0.75,0.1,0.2,4.0,12.782,12.970484468254076
G04_R0476,G04,LOGO,holdout_G04,G04,250,6,1e-06,0.75,0.2,0.2,4.0,13.63,13.920628510687248
G04_R0477,G04,LOGO,holdout_G04,G04,250,6,1e-06,0.75,0.3,0.2,4.0,14.897,15.40827447222221
G04_R0478,G04,LOGO,holdout_G04,G04,250,6,1e-06,0.7,0.1,0.2,4.0,12.782,12.970449926587404
G04_R0479,G04,LOGO,holdout_G04,G04,250,6,1e-06,0.7,0.2,0.2,4.0,13.631,13.919908350965027
G04_R0480,G04,LOGO,holdout_G04,G04,250,6,1e-06,0.7,0.3,0.2,4.0,14.9,15.408954540178591
G04_R0481,G04,LOGO,holdout_G04,G04,250,20,0.001,0.85,0.1,0.2,4.0,18.2,18.431639060515888
G04_R0482,G04,LOGO,holdout_G04,G04,250,20,0.001,0.85,0.2,0.2,4.0,20.009,20.15789632142856
G04_R0483,G04,LOGO,holdout_G04,G04,250,20,0.001,0.85,0.3,0.2,4.0,22.394,22.842238487103145
G04_R0484,G04,LOGO,holdout_G04,G04,250,20,0.001,0.8,0.1,0.2,4.0,18.221,18.437300560515887
G04_R0485,G04,LOGO,holdout_G04,G04,250,20,0.001,0.8,0.2,0.2,4.0,20.037,20.16095625892855
G04_R0486,G04,LOGO,holdout_G04,G04,250,20,0.001,0.8,0.3,0.2,4.0,22.431,22.86001410416663
G04_R0487,G04,LOGO,holdout_G04,G04,250,20,0.001,0.75,0.1,0.2,4.0,18.243,18.4442921840278
G04_R0488,G04,LOGO,holdout_G04,G04,250,20,0.001,0.75,0.2,0.2,4.0,20.065,20.164424337797627
G04_R0489,G04,LOGO,holdout_G04,G04,250,20,0.001,0.75,0.3,0.2,4.0,22.467,22.889681787202345
G04_R0490,G04,LOGO,holdout_G04,G04,250,20,0.001,0.7,0.1,0.2,4.0,18.266,18.442309954861138
G04_R0491,G04,LOGO,holdout_G04,G04,250,20,0.001,0.7,0.2,0.2,4.0,20.093,20.166415462797637
G04_R0492,G04,LOGO,holdout_G04,G04,250,20,0.001,0.7,0.3,0.2,4.0,22.503,22.90424845138885
G04_R0493,G04,LOGO,holdout_G04,G04,250,20,0.0001,0.85,0.1,0.2,4.0,18.5,18.869200856376278
G04_R0494,G04,LOGO,holdout_G04,G04,250,20,0.0001,0.85,0.2,0.2,4.0,20.007,20.848773658279207
G04_R0495,G04,LOGO,holdout_G04,G04,250,20,0.0001,0.85,0.3,0.2,4.0,21.877,23.52663372799425
G04_R0496,G04,LOGO,holdout_G04,G04,250,20,0.0001,0.8,0.1,0.2,4.0,18.508,18.87555787720961
G04_R0497,G04,LOGO,holdout_G04,G04,250,20,0.0001,0.8,0.2,0.2,4.0,20.021,20.85206007196968
G04_R0498,G04,LOGO,holdout_G04,G04,250,20,0.0001,0.8,0.3,0.2,4.0,21.895,23.526867436327585
G04_R0499,G04,LOGO,holdout_G04,G04,250,20,0.0001,0.75,0.1,0.2,4.0,18.517,18.879283877209637
G04_R0500,G04,LOGO,holdout_G04,G04,250,20,0.0001,0.75,0.2,0.2,4.0,20.035,20.858974673656192
G04_R0501,G04,LOGO,holdout_G04,G04,250,20,0.0001,0.75,0.3,0.2,4.0,21.913,23.534668707160904
G04_R0502,G04,LOGO,holdout_G04,G04,250,20,0.0001,0.7,0.1,0.2,4.0,18.527,18.876774981376297
G04_R0503,G04,LOGO,holdout_G04,G04,250,20,0.0001,0.7,0.2,0.2,4.0,20.05,20.85848063198952
G04_R0504,G04,LOGO,holdout_G04,G04,250,20,0.0001,0.7,0.3,0.2,4.0,21.932,23.53566049585137
G04_R0505,G04,LOGO,holdout_G04,G04,250,20,1e-05,0.85,0.1,0.2,4.0,18.568,19.015842395833356
G04_R0506,G04,LOGO,holdout_G04,G04,250,20,1e-05,0.85,0.2,0.2,4.0,19.821,20.9024543170094
G04_R0507,G04,LOGO,holdout_G04,G04,250,20,1e-05,0.85,0.3,0.2,4.0,21.713,23.64182528999819
G04_R0508,G04,LOGO,holdout_G04,G04,250,20,1e-05,0.8,0.1,0.2,4.0,18.57,19.01762011458337
G04_R0509,G04,LOGO,holdout_G04,G04,250,20,1e-05,0.8,0.2,0.2,4.0,19.827,20.906086584866543
G04_R0510,G04,LOGO,holdout_G04,G04,250,20,1e-05,0.8,0.3,0.2,4.0,21.721,23.640444912021994
G04_R0511,G04,LOGO,holdout_G04,G04,250,20,1e-05,0.75,0.1,0.2,4.0,18.573,19.01928728125005
G04_R0512,G04,LOGO,holdout_G04,G04,250,20,1e-05,0.75,0.2,0.2,4.0,19.832,20.90963942018401
G04_R0513,G04,LOGO,holdout_G04,G04,250,20,1e-05,0.75,0.3,0.2,4.0,21.729,23.643295033053743
G04_R0514,G04,LOGO,holdout_G04,G04,250,20,1e-05,0.7,0.1,0.2,4.0,18.575,19.018069388392902
G04_R0515,G04,LOGO,holdout_G04,G04,250,20,1e-05,0.7,0.2,0.2,4.0,19.839,20.909228732684007
G04_R0516,G04,LOGO,holdout_G04,G04,250,20,1e-05,0.7,0.3,0.2,4.0,21.738,23.644026425910884
G04_R0517,G04,LOGO,holdout_G04,G04,250,20,1e-06,0.85,0.1,0.2,4.0,18.603,19.059075432043663
G04_R0518,G04,LOGO,holdout_G04,G04,250,20,1e-06,0.85,0.2,0.2,4.0,19.806,20.803877896735163
G04_R0519,G04,LOGO,holdout_G04,G04,250,20,1e-06,0.85,0.3,0.2,4.0,21.673,23.643845308531763
G04_R0520,G04,LOGO,holdout_G04,G04,250,20,1e-06,0.8,0.1,0.2,4.0,18.603,19.06087606746033
G04_R0521,G04,LOGO,holdout_G04,G04,250,20,1e-06,0.8,0.2,0.2,4.0,19.807,20.80645056042564
G04_R0522,G04,LOGO,holdout_G04,G04,250,20,1e-06,0.8,0.3,0.2,4.0,21.675,23.64450655555557
G04_R0523,G04,LOGO,holdout_G04,G04,250,20,1e-06,0.75,0.1,0.2,4.0,18.604,19.06085452331353
G04_R0524,G04,LOGO,holdout_G04,G04,250,20,1e-06,0.75,0.2,0.2,4.0,19.809,20.80845444435426
G04_R0525,G04,LOGO,holdout_G04,G04,250,20,1e-06,0.75,0.3,0.2,4.0,21.678,23.64602956349208
G04_R0526,G04,LOGO,holdout_G04,G04,250,20,1e-06,0.7,0.1,0.2,4.0,18.604,19.06021642212306
G04_R0527,G04,LOGO,holdout_G04,G04,250,20,1e-06,0.7,0.2,0.2,4.0,19.811,20.80860618244949
G04_R0528,G04,LOGO,holdout_G04,G04,250,20,1e-06,0.7,0.3,0.2,4.0,21.682,23.646507355158743
G04_R0529,G04,LOGO,holdout_G04,G04,250,50,0.001,0.85,0.1,0.2,4.0,24.634,26.54992550595246
G04_R0530,G04,LOGO,holdout_G04,G04,250,50,0.001,0.85,0.2,0.2,4.0,27.204,29.246702337211364
G04_R0531,G04,LOGO,holdout_G04,G04,250,50,0.001,0.85,0.3,0.2,4.0,30.745,31.83413559871037
G04_R0532,G04,LOGO,holdout_G04,G04,250,50,0.001,0.8,0.1,0.2,4.0,24.664,26.555257985119123
G04_R0533,G04,LOGO,holdout_G04,G04,250,50,0.001,0.8,0.2,0.2,4.0,27.244,29.24331360903674
G04_R0534,G04,LOGO,holdout_G04,G04,250,50,0.001,0.8,0.3,0.2,4.0,30.795,31.83518378819449
G04_R0535,G04,LOGO,holdout_G04,G04,250,50,0.001,0.75,0.1,0.2,4.0,24.695,26.57128245932544
G04_R0536,G04,LOGO,holdout_G04,G04,250,50,0.001,0.75,0.2,0.2,4.0,27.284,29.269040728084363
G04_R0537,G04,LOGO,holdout_G04,G04,250,50,0.001,0.75,0.3,0.2,4.0,30.843,31.85928616319452
G04_R0538,G04,LOGO,holdout_G04,G04,250,50,0.001,0.7,0.1,0.2,4.0,24.728,26.570682344742103
G04_R0539,G04,LOGO,holdout_G04,G04,250,50,0.001,0.7,0.2,0.2,4.0,27.323,29.27958352421531
G04_R0540,G04,LOGO,holdout_G04,G04,250,50,0.001,0.7,0.3,0.2,4.0,30.89,31.86358107093261
G04_R0541,G04,LOGO,holdout_G04,G04,250,50,0.0001,0.85,0.1,0.2,4.0,24.983,27.478127882440493
G04_R0542,G04,LOGO,holdout_G04,G04,250,50,0.0001,0.85,0.2,0.2,4.0,27.071,29.93812822073417
G04_R0543,G04,LOGO,holdout_G04,G04,250,50,0.0001,0.85,0.3,0.2,4.0,29.74,31.648321613095167
G04_R0544,G04,LOGO,holdout_G04,G04,250,50,0.0001,0.8,0.1,0.2,4.0,24.995,27.48356656696431
G04_R0545,G04,LOGO,holdout_G04,G04,250,50,0.0001,0.8,0.2,0.2,4.0,27.09,29.94265205803576
G04_R0546,G04,LOGO,holdout_G04,G04,250,50,0.0001,0.8,0.3,0.2,4.0,29.765,31.64756075198405
G04_R0547,G04,LOGO,holdout_G04,G04,250,50,0.0001,0.75,0.1,0.2,4.0,25.008,27.486262903273783
G04_R0548,G04,LOGO,holdout_G04,G04,250,50,0.0001,0.75,0.2,0.2,4.0,27.11,29.954650888392862
G04_R0549,G04,LOGO,holdout_G04,G04,250,50,0.0001,0.75,0.3,0.2,4.0,29.79,31.65898318353168
G04_R0550,G04,LOGO,holdout_G04,G04,250,50,0.0001,0.7,0.1,0.2,4.0,25.021,27.48702675744045
G04_R0551,G04,LOGO,holdout_G04,G04,250,50,0.0001,0.7,0.2,0.2,4.0,27.131,29.957272203869053
G04_R0552,G04,LOGO,holdout_G04,G04,250,50,0.0001,0.7,0.3,0.2,4.0,29.817,31.65978207936501
G04_R0553,G04,LOGO,holdout_G04,G04,250,50,1e-05,0.85,0.1,0.2,4.0,25.073,27.62360903769837
G04_R0554,G04,LOGO,holdout_G04,G04,250,50,1e-05,0.85,0.2,0.2,4.0,26.987,29.948694799107155
G04_R0555,G04,LOGO,holdout_G04,G04,250,50,1e-05,0.85,0.3,0.2,4.0,29.657,31.395566676091285
G04_R0556,G04,LOGO,holdout_G04,G04,250,50,1e-05,0.8,0.1,0.2,4.0,25.076,27.62751814484122
G04_R0557,G04,LOGO,holdout_G04,G04,250,50,1e-05,0.8,0.2,0.2,4.0,26.994,29.95197476934525
G04_R0558,G04,LOGO,holdout_G04,G04,250,50,1e-05,0.8,0.3,0.2,4.0,29.667,31.395655509424632
G04_R0559,G04,LOGO,holdout_G04,G04,250,50,1e-05,0.75,0.1,0.2,4.0,25.08,27.629327222222123
G04_R0560,G04,LOGO,holdout_G04,G04,250,50,1e-05,0.75,0.2,0.2,4.0,27.002,29.95907451041666
G04_R0561,G04,LOGO,holdout_G04,G04,250,50,1e-05,0.75,0.3,0.2,4.0,29.678,31.39954651835308
G04_R0562,G04,LOGO,holdout_G04,G04,250,50,1e-05,0.7,0.1,0.2,4.0,25.084,27.62865918055546
G04_R0563,G04,LOGO,holdout_G04,G04,250,50,1e-05,0.7,0.2,0.2,4.0,27.011,29.96053968005952
G04_R0564,G04,LOGO,holdout_G04,G04,250,50,1e-05,0.7,0.3,0.2,4.0,29.69,31.400326132936417
G04_R0565,G04,LOGO,holdout_G04,G04,250,50,1e-06,0.85,0.1,0.2,4.0,25.121,27.67231971726187
G04_R0566,G04,LOGO,holdout_G04,G04,250,50,1e-06,0.85,0.2,0.2,4.0,26.968,29.820136129960364
G04_R0567,G04,LOGO,holdout_G04,G04,250,50,1e-06,0.85,0.3,0.2,4.0,29.629,31.327297753472227
G04_R0568,G04,LOGO,holdout_G04,G04,250,50,1e-06,0.8,0.1,0.2,4.0,25.121,27.67513334821424
G04_R0569,G04,LOGO,holdout_G04,G04,250,50,1e-06,0.8,0.2,0.2,4.0,26.97,29.822618796627037
G04_R0570,G04,LOGO,holdout_G04,G04,250,50,1e-06,0.8,0.3,0.2,4.0,29.633,31.32770808680557
G04_R0571,G04,LOGO,holdout_G04,G04,250,50,1e-06,0.75,0.1,0.2,4.0,25.121,27.676163273809465
G04_R0572,G04,LOGO,holdout_G04,G04,250,50,1e-06,0.75,0.2,0.2,4.0,26.972,29.82637323115081
G04_R0573,G04,LOGO,holdout_G04,G04,250,50,1e-06,0.75,0.3,0.2,4.0,29.637,31.33050887847217
G04_R0574,G04,LOGO,holdout_G04,G04,250,50,1e-06,0.7,0.1,0.2,4.0,25.122,27.675790752976138
G04_R0575,G04,LOGO,holdout_G04,G04,250,50,1e-06,0.7,0.2,0.2,4.0,26.975,29.827260031746054
G04_R0576,G04,LOGO,holdout_G04,G04,250,50,1e-06,0.7,0.3,0.2,4.0,29.642,31.33128539484121
G04_R0577,G04,LOGO,holdout_G04,G04,500,3,0.001,0.85,0.1,0.2,4.0,12.26,12.504031598710316
G04_R0578,G04,LOGO,holdout_G04,G04,500,3,0.001,0.85,0.2,0.2,4.0,13.432,13.789199059027776
G04_R0579,G04,LOGO,holdout_G04,G04,500,3,0.001,0.85,0.3,0.2,4.0,15.128,15.486354522321443
G04_R0580,G04,LOGO,holdout_G04,G04,500,3,0.001,0.8,0.1,0.2,4.0,12.273,12.50592015228174
G04_R0581,G04,LOGO,holdout_G04,G04,500,3,0.001,0.8,0.2,0.2,4.0,13.448,13.793850716765878
G04_R0582,G04,LOGO,holdout_G04,G04,500,3,0.001,0.8,0.3,0.2,4.0,15.151,15.513416633928598
G04_R0583,G04,LOGO,holdout_G04,G04,500,3,0.001,0.75,0.1,0.2,4.0,12.287,12.5123766284722
G04_R0584,G04,LOGO,holdout_G04,G04,500,3,0.001,0.75,0.2,0.2,4.0,13.463,13.807651837301613
G04_R0585,G04,LOGO,holdout_G04,G04,500,3,0.001,0.75,0.3,0.2,4.0,15.173,15.532295702380996
G04_R0586,G04,LOGO,holdout_G04,G04,500,3,0.001,0.7,0.1,0.2,4.0,12.302,12.511794170138868
G04_R0587,G04,LOGO,holdout_G04,G04,500,3,0.001,0.7,0.2,0.2,4.0,13.478,13.813722407242082
G04_R0588,G04,LOGO,holdout_G04,G04,500,3,0.001,0.7,0.3,0.2,4.0,15.193,15.5453241274802
G04_R0589,G04,LOGO,holdout_G04,G04,500,3,0.0001,0.85,0.1,0.2,4.0,12.425,12.646314856286088
G04_R0590,G04,LOGO,holdout_G04,G04,500,3,0.0001,0.85,0.2,0.2,4.0,13.475,13.789508738095249
G04_R0591,G04,LOGO,holdout_G04,G04,500,3,0.0001,0.85,0.3,0.2,4.0,14.967,15.496795109126998
G04_R0592,G04,LOGO,holdout_G04,G04,500,3,0.0001,0.8,0.1,0.2,4.0,12.43,12.648443798746404
G04_R0593,G04,LOGO,holdout_G04,G04,500,3,0.0001,0.8,0.2,0.2,4.0,13.484,13.792599736607162
G04_R0594,G04,LOGO,holdout_G04,G04,500,3,0.0001,0.8,0.3,0.2,4.0,14.979,15.519314526289698
G04_R0595,G04,LOGO,holdout_G04,G04,500,3,0.0001,0.75,0.1,0.2,4.0,12.437,12.65091127033728
G04_R0596,G04,LOGO,holdout_G04,G04,500,3,0.0001,0.75,0.2,0.2,4.0,13.494,13.796568810019846
G04_R0597,G04,LOGO,holdout_G04,G04,500,3,0.0001,0.75,0.3,0.2,4.0,14.99,15.523660341269828
G04_R0598,G04,LOGO,holdout_G04,G04,500,3,0.0001,0.7,0.1,0.2,4.0,12.443,12.650275305059504
G04_R0599,G04,LOGO,holdout_G04,G04,500,3,0.0001,0.7,0.2,0.2,4.0,13.504,13.80184959722222
G04_R0600,G04,LOGO,holdout_G04,G04,500,3,0.0001,0.7,0.3,0.2,4.0,15.002,15.525270302083316
G04_R0601,G04,LOGO,holdout_G04,G04,500,3,1e-05,0.85,0.1,0.2,4.0,12.447,12.669192523313496
G04_R0602,G04,LOGO,holdout_G04,G04,500,3,1e-05,0.85,0.2,0.2,4.0,13.417,13.714876190476218
G04_R0603,G04,LOGO,holdout_G04,G04,500,3,1e-05,0.85,0.3,0.2,4.0,14.964,15.40610278819446
G04_R0604,G04,LOGO,holdout_G04,G04,500,3,1e-05,0.8,0.1,0.2,4.0,12.449,12.669889427083335
G04_R0605,G04,LOGO,holdout_G04,G04,500,3,1e-05,0.8,0.2,0.2,4.0,13.422,13.716558992559554
G04_R0606,G04,LOGO,holdout_G04,G04,500,3,1e-05,0.8,0.3,0.2,4.0,14.97,15.420807220238103
G04_R0607,G04,LOGO,holdout_G04,G04,500,3,1e-05,0.75,0.1,0.2,4.0,12.451,12.671183897321402
G04_R0608,G04,LOGO,holdout_G04,G04,500,3,1e-05,0.75,0.2,0.2,4.0,13.427,13.71876444394844
G04_R0609,G04,LOGO,holdout_G04,G04,500,3,1e-05,0.75,0.3,0.2,4.0,14.977,15.428809875992062
G04_R0610,G04,LOGO,holdout_G04,G04,500,3,1e-05,0.7,0.1,0.2,4.0,12.453,12.670996327876964
G04_R0611,G04,LOGO,holdout_G04,G04,500,3,1e-05,0.7,0.2,0.2,4.0,13.433,13.72079892013891
G04_R0612,G04,LOGO,holdout_G04,G04,500,3,1e-05,0.7,0.3,0.2,4.0,14.983,15.436706033234124
G04_R0613,G04,LOGO,holdout_G04,G04,500,3,1e-06,0.85,0.1,0.2,4.0,12.461,12.68035076636904
G04_R0614,G04,LOGO,holdout_G04,G04,500,3,1e-06,0.85,0.2,0.2,4.0,13.352,13.655430762896838
G04_R0615,G04,LOGO,holdout_G04,G04,500,3,1e-06,0.85,0.3,0.2,4.0,14.918,15.357028356150776
G04_R0616,G04,LOGO,holdout_G04,G04,500,3,1e-06,0.8,0.1,0.2,4.0,12.462,12.681034864583328
G04_R0617,G04,LOGO,holdout_G04,G04,500,3,1e-06,0.8,0.2,0.2,4.0,13.354,13.654326158730168
G04_R0618,G04,LOGO,holdout_G04,G04,500,3,1e-06,0.8,0.3,0.2,4.0,14.921,15.364151805555537
G04_R0619,G04,LOGO,holdout_G04,G04,500,3,1e-06,0.75,0.1,0.2,4.0,12.462,12.681841760416638
G04_R0620,G04,LOGO,holdout_G04,G04,500,3,1e-06,0.75,0.2,0.2,4.0,13.356,13.655367544642877
G04_R0621,G04,LOGO,holdout_G04,G04,500,3,1e-06,0.75,0.3,0.2,4.0,14.924,15.370043939980148
G04_R0622,G04,LOGO,holdout_G04,G04,500,3,1e-06,0.7,0.1,0.2,4.0,12.462,12.681617010416652
G04_R0623,G04,LOGO,holdout_G04,G04,500,3,1e-06,0.7,0.2,0.2,4.0,13.359,13.657957931547635
G04_R0624,G04,LOGO,holdout_G04,G04,500,3,1e-06,0.7,0.3,0.2,4.0,14.927,15.380112332341252
G04_R0625,G04,LOGO,holdout_G04,G04,500,6,0.001,0.85,0.1,0.2,4.0,15.153,15.539622595505184
G04_R0626,G04,LOGO,holdout_G04,G04,500,6,0.001,0.85,0.2,0.2,4.0,16.578,17.193983425099212
G04_R0627,G04,LOGO,holdout_G04,G04,500,6,0.001,0.85,0.3,0.2,4.0,18.73,19.5093107564484
G04_R0628,G04,LOGO,holdout_G04,G04,500,6,0.001,0.8,0.1,0.2,4.0,15.171,15.542618689255182
G04_R0629,G04,LOGO,holdout_G04,G04,500,6,0.001,0.8,0.2,0.2,4.0,16.599,17.206434353670623
G04_R0630,G04,LOGO,holdout_G04,G04,500,6,0.001,0.8,0.3,0.2,4.0,18.759,19.51360024007935
G04_R0631,G04,LOGO,holdout_G04,G04,500,6,0.001,0.75,0.1,0.2,4.0,15.189,15.548672739850428
G04_R0632,G04,LOGO,holdout_G04,G04,500,6,0.001,0.75,0.2,0.2,4.0,16.619,17.227887601800933
G04_R0633,G04,LOGO,holdout_G04,G04,500,6,0.001,0.75,0.3,0.2,4.0,18.785,19.534440862103157
G04_R0634,G04,LOGO,holdout_G04,G04,500,6,0.001,0.7,0.1,0.2,4.0,15.209,15.550403134195664
G04_R0635,G04,LOGO,holdout_G04,G04,500,6,0.001,0.7,0.2,0.2,4.0,16.639,17.24035783989619
G04_R0636,G04,LOGO,holdout_G04,G04,500,6,0.001,0.7,0.3,0.2,4.0,18.81,19.53978119990077
G04_R0637,G04,LOGO,holdout_G04,G04,500,6,0.0001,0.85,0.1,0.2,4.0,15.412,15.753187895108397
G04_R0638,G04,LOGO,holdout_G04,G04,500,6,0.0001,0.85,0.2,0.2,4.0,16.813,17.21193539682539
G04_R0639,G04,LOGO,holdout_G04,G04,500,6,0.0001,0.85,0.3,0.2,4.0,18.726,19.4614215719246
G04_R0640,G04,LOGO,holdout_G04,G04,500,6,0.0001,0.8,0.1,0.2,4.0,15.42,15.756112920406014
G04_R0641,G04,LOGO,holdout_G04,G04,500,6,0.0001,0.8,0.2,0.2,4.0,16.825,17.22715650694444
G04_R0642,G04,LOGO,holdout_G04,G04,500,6,0.0001,0.8,0.3,0.2,4.0,18.741,19.468020652281737
G04_R0643,G04,LOGO,holdout_G04,G04,500,6,0.0001,0.75,0.1,0.2,4.0,15.428,15.759068084096482
G04_R0644,G04,LOGO,holdout_G04,G04,500,6,0.0001,0.75,0.2,0.2,4.0,16.848,17.24105695962024
G04_R0645,G04,LOGO,holdout_G04,G04,500,6,0.0001,0.75,0.3,0.2,4.0,18.756,19.48030113888888
G04_R0646,G04,LOGO,holdout_G04,G04,500,6,0.0001,0.7,0.1,0.2,4.0,15.436,15.75894005433458
G04_R0647,G04,LOGO,holdout_G04,G04,500,6,0.0001,0.7,0.2,0.2,4.0,16.861,17.246954955651997
G04_R0648,G04,LOGO,holdout_G04,G04,500,6,0.0001,0.7,0.3,0.2,4.0,18.772,19.486952881448413
G04_R0649,G04,LOGO,holdout_G04,G04,500,6,1e-05,0.85,0.1,0.2,4.0,15.458,15.783413636544031
G04_R0650,G04,LOGO,holdout_G04,G04,500,6,1e-05,0.85,0.2,0.2,4.0,16.777,17.118294609126952
G04_R0651,G04,LOGO,holdout_G04,G04,500,6,1e-05,0.85,0.3,0.2,4.0,18.806,19.365371098214297
G04_R0652,G04,LOGO,holdout_G04,G04,500,6,1e-05,0.8,0.1,0.2,4.0,15.461,15.785917584460709
G04_R0653,G04,LOGO,holdout_G04,G04,500,6,1e-05,0.8,0.2,0.2,4.0,16.783,17.12730294543648
G04_R0654,G04,LOGO,holdout_G04,G04,500,6,1e-05,0.8,0.3,0.2,4.0,18.814,19.3744568779762
G04_R0655,G04,LOGO,holdout_G04,G04,500,6,1e-05,0.75,0.1,0.2,4.0,15.463,15.786744021960692
G04_R0656,G04,LOGO,holdout_G04,G04,500,6,1e-05,0.75,0.2,0.2,4.0,16.79,17.140295045319263
G04_R0657,G04,LOGO,holdout_G04,G04,500,6,1e-05,0.75,0.3,0.2,4.0,18.822,19.38303539732144
G04_R0658,G04,LOGO,holdout_G04,G04,500,6,1e-05,0.7,0.1,0.2,4.0,15.466,15.786957533865452
G04_R0659,G04,LOGO,holdout_G04,G04,500,6,1e-05,0.7,0.2,0.2,4.0,16.798,17.147088051767682
G04_R0660,G04,LOGO,holdout_G04,G04,500,6,1e-05,0.7,0.3,0.2,4.0,18.831,19.38927436904764
G04_R0661,G04,LOGO,holdout_G04,G04,500,6,1e-06,0.85,0.1,0.2,4.0,15.479,15.800039523944896
G04_R0662,G04,LOGO,holdout_G04,G04,500,6,1e-06,0.85,0.2,0.2,4.0,16.697,17.034083692460317
G04_R0663,G04,LOGO,holdout_G04,G04,500,6,1e-06,0.85,0.3,0.2,4.0,18.751,19.31574655357139
G04_R0664,G04,LOGO,holdout_G04,G04,500,6,1e-06,0.8,0.1,0.2,4.0,15.48,15.802572201028235
G04_R0665,G04,LOGO,holdout_G04,G04,500,6,1e-06,0.8,0.2,0.2,4.0,16.701,17.03404161656746
G04_R0666,G04,LOGO,holdout_G04,G04,500,6,1e-06,0.8,0.3,0.2,4.0,18.755,19.3234481458333
G04_R0667,G04,LOGO,holdout_G04,G04,500,6,1e-06,0.75,0.1,0.2,4.0,15.48,15.80302905817109
G04_R0668,G04,LOGO,holdout_G04,G04,500,6,1e-06,0.75,0.2,0.2,4.0,16.704,17.046087827876967
G04_R0669,G04,LOGO,holdout_G04,G04,500,6,1e-06,0.75,0.3,0.2,4.0,18.758,19.332217133928545
G04_R0670,G04,LOGO,holdout_G04,G04,500,6,1e-06,0.7,0.1,0.2,4.0,15.481,15.803262674242514
G04_R0671,G04,LOGO,holdout_G04,G04,500,6,1e-06,0.7,0.2,0.2,4.0,16.707,17.054853747519825
G04_R0672,G04,LOGO,holdout_G04,G04,500,6,1e-06,0.7,0.3,0.2,4.0,18.763,19.340814629464266
G04_R0673,G04,LOGO,holdout_G04,G04,500,20,0.001,0.85,0.1,0.2,4.0,22.991,25.56350282936509
G04_R0674,G04,LOGO,holdout_G04,G04,500,20,0.001,0.85,0.2,0.2,4.0,25.135,27.770957220734108
G04_R0675,G04,LOGO,holdout_G04,G04,500,20,0.001,0.85,0.3,0.2,4.0,27.987,30.208263441242806
G04_R0676,G04,LOGO,holdout_G04,G04,500,20,0.001,0.8,0.1,0.2,4.0,23.026,25.557811311507955
G04_R0677,G04,LOGO,holdout_G04,G04,500,20,0.001,0.8,0.2,0.2,4.0,25.181,27.772032943948407
G04_R0678,G04,LOGO,holdout_G04,G04,500,20,0.001,0.8,0.3,0.2,4.0,28.026,30.20275188469519
G04_R0679,G04,LOGO,holdout_G04,G04,500,20,0.001,0.75,0.1,0.2,4.0,23.063,25.566424903769835
G04_R0680,G04,LOGO,holdout_G04,G04,500,20,0.001,0.75,0.2,0.2,4.0,25.23,27.78642105357143
G04_R0681,G04,LOGO,holdout_G04,G04,500,20,0.001,0.75,0.3,0.2,4.0,28.059,30.212263661480925
G04_R0682,G04,LOGO,holdout_G04,G04,500,20,0.001,0.7,0.1,0.2,4.0,23.102,25.566430070436496
G04_R0683,G04,LOGO,holdout_G04,G04,500,20,0.001,0.7,0.2,0.2,4.0,25.282,27.78810124107143
G04_R0684,G04,LOGO,holdout_G04,G04,500,20,0.001,0.7,0.3,0.2,4.0,28.088,30.226137670409503
G04_R0685,G04,LOGO,holdout_G04,G04,500,20,0.0001,0.85,0.1,0.2,4.0,23.765,25.76083399305553
G04_R0686,G04,LOGO,holdout_G04,G04,500,20,0.0001,0.85,0.2,0.2,4.0,26.86,27.878736452877
G04_R0687,G04,LOGO,holdout_G04,G04,500,20,0.0001,0.85,0.3,0.2,4.0,29.903,29.33069705158729
G04_R0688,G04,LOGO,holdout_G04,G04,500,20,0.0001,0.8,0.1,0.2,4.0,23.779,25.729491999007937
G04_R0689,G04,LOGO,holdout_G04,G04,500,20,0.0001,0.8,0.2,0.2,4.0,26.884,27.880356426091303
G04_R0690,G04,LOGO,holdout_G04,G04,500,20,0.0001,0.8,0.3,0.2,4.0,29.928,29.32656786706349
G04_R0691,G04,LOGO,holdout_G04,G04,500,20,0.0001,0.75,0.1,0.2,4.0,23.793,25.728935434027772
G04_R0692,G04,LOGO,holdout_G04,G04,500,20,0.0001,0.75,0.2,0.2,4.0,26.909,27.89063098511906
G04_R0693,G04,LOGO,holdout_G04,G04,500,20,0.0001,0.75,0.3,0.2,4.0,29.957,29.33491970783729
G04_R0694,G04,LOGO,holdout_G04,G04,500,20,0.0001,0.7,0.1,0.2,4.0,23.809,25.73168658134916
G04_R0695,G04,LOGO,holdout_G04,G04,500,20,0.0001,0.7,0.2,0.2,4.0,26.936,27.89234700595239
G04_R0696,G04,LOGO,holdout_G04,G04,500,20,0.0001,0.7,0.3,0.2,4.0,29.99,29.34778448462301
G04_R0697,G04,LOGO,holdout_G04,G04,500,20,1e-05,0.85,0.1,0.2,4.0,23.989,25.773792610119063
G04_R0698,G04,LOGO,holdout_G04,G04,500,20,1e-05,0.85,0.2,0.2,4.0,27.028,27.45656390575393
G04_R0699,G04,LOGO,holdout_G04,G04,500,20,1e-05,0.85,0.3,0.2,4.0,31.221,29.67738035218253
G04_R0700,G04,LOGO,holdout_G04,G04,500,20,1e-05,0.8,0.1,0.2,4.0,23.994,25.746285825712494
G04_R0701,G04,LOGO,holdout_G04,G04,500,20,1e-05,0.8,0.2,0.2,4.0,27.04,27.456422968253925
G04_R0702,G04,LOGO,holdout_G04,G04,500,20,1e-05,0.8,0.3,0.2,4.0,31.234,29.68266051736108
G04_R0703,G04,LOGO,holdout_G04,G04,500,20,1e-05,0.75,0.1,0.2,4.0,23.998,25.74797537680376
G04_R0704,G04,LOGO,holdout_G04,G04,500,20,1e-05,0.75,0.2,0.2,4.0,27.051,27.45833423611106
G04_R0705,G04,LOGO,holdout_G04,G04,500,20,1e-05,0.75,0.3,0.2,4.0,31.248,29.694319085813472
G04_R0706,G04,LOGO,holdout_G04,G04,500,20,1e-05,0.7,0.1,0.2,4.0,24.004,25.75068987382753
G04_R0707,G04,LOGO,holdout_G04,G04,500,20,1e-05,0.7,0.2,0.2,4.0,27.065,27.459020746527727
G04_R0708,G04,LOGO,holdout_G04,G04,500,20,1e-05,0.7,0.3,0.2,4.0,31.265,29.701642178075385
G04_R0709,G04,LOGO,holdout_G04,G04,500,20,1e-06,0.85,0.1,0.2,4.0,24.071,25.78911201587302
G04_R0710,G04,LOGO,holdout_G04,G04,500,20,1e-06,0.85,0.2,0.2,4.0,27.131,27.33999612351193
G04_R0711,G04,LOGO,holdout_G04,G04,500,20,1e-06,0.85,0.3,0.2,4.0,31.339,29.68506322271825
G04_R0712,G04,LOGO,holdout_G04,G04,500,20,1e-06,0.8,0.1,0.2,4.0,24.07,25.77531546081349
G04_R0713,G04,LOGO,holdout_G04,G04,500,20,1e-06,0.8,0.2,0.2,4.0,27.137,27.339439436011915
G04_R0714,G04,LOGO,holdout_G04,G04,500,20,1e-06,0.8,0.3,0.2,4.0,31.366,29.68999584623012
G04_R0715,G04,LOGO,holdout_G04,G04,500,20,1e-06,0.75,0.1,0.2,4.0,24.069,25.77691546428573
G04_R0716,G04,LOGO,holdout_G04,G04,500,20,1e-06,0.75,0.2,0.2,4.0,27.142,27.340605031249943
G04_R0717,G04,LOGO,holdout_G04,G04,500,20,1e-06,0.75,0.3,0.2,4.0,31.48,29.698671864087288
G04_R0718,G04,LOGO,holdout_G04,G04,500,20,1e-06,0.7,0.1,0.2,4.0,24.069,25.77773933630954
G04_R0719,G04,LOGO,holdout_G04,G04,500,20,1e-06,0.7,0.2,0.2,4.0,27.148,27.34130070833328
G04_R0720,G04,LOGO,holdout_G04,G04,500,20,1e-06,0.7,0.3,0.2,4.0,31.442,29.70567647420635
G04_R0721,G04,LOGO,holdout_G04,G04,500,50,0.001,0.85,0.1,0.2,4.0,33.424,32.232677438672425
G04_R0722,G04,LOGO,holdout_G04,G04,500,50,0.001,0.85,0.2,0.2,4.0,35.429,36.12991019692463
G04_R0723,G04,LOGO,holdout_G04,G04,500,50,0.001,0.85,0.3,0.2,4.0,38.109,42.08297612797612
G04_R0724,G04,LOGO,holdout_G04,G04,500,50,0.001,0.8,0.1,0.2,4.0,33.485,32.238455917839104
G04_R0725,G04,LOGO,holdout_G04,G04,500,50,0.001,0.8,0.2,0.2,4.0,35.549,36.13687650942463
G04_R0726,G04,LOGO,holdout_G04,G04,500,50,0.001,0.8,0.3,0.2,4.0,38.177,42.088395590773736
G04_R0727,G04,LOGO,holdout_G04,G04,500,50,0.001,0.75,0.1,0.2,4.0,33.555,32.25621388212481
G04_R0728,G04,LOGO,holdout_G04,G04,500,50,0.001,0.75,0.2,0.2,4.0,35.594,36.14934481894837
G04_R0729,G04,LOGO,holdout_G04,G04,500,50,0.001,0.75,0.3,0.2,4.0,38.24,42.11558660119036
G04_R0730,G04,LOGO,holdout_G04,G04,500,50,0.001,0.7,0.1,0.2,4.0,33.635,32.25263538212483
G04_R0731,G04,LOGO,holdout_G04,G04,500,50,0.001,0.7,0.2,0.2,4.0,35.806,36.146573714781695
G04_R0732,G04,LOGO,holdout_G04,G04,500,50,0.001,0.7,0.3,0.2,4.0,38.303,42.12641994940464
G04_R0733,G04,LOGO,holdout_G04,G04,500,50,0.0001,0.85,0.1,0.2,4.0,35.04,32.96196791003789
G04_R0734,G04,LOGO,holdout_G04,G04,500,50,0.0001,0.85,0.2,0.2,4.0,40.298,36.72023978174606
G04_R0735,G04,LOGO,holdout_G04,G04,500,50,0.0001,0.85,0.3,0.2,4.0,45.634,42.22640817361112
G04_R0736,G04,LOGO,holdout_G04,G04,500,50,0.0001,0.8,0.1,0.2,4.0,35.061,32.96873797253791
G04_R0737,G04,LOGO,holdout_G04,G04,500,50,0.0001,0.8,0.2,0.2,4.0,40.334,36.72856235615082
G04_R0738,G04,LOGO,holdout_G04,G04,500,50,0.0001,0.8,0.3,0.2,4.0,45.672,42.23237946974207
G04_R0739,G04,LOGO,holdout_G04,G04,500,50,0.0001,0.75,0.1,0.2,4.0,35.085,32.977785136228434
G04_R0740,G04,LOGO,holdout_G04,G04,500,50,0.0001,0.75,0.2,0.2,4.0,40.38,36.7368894885912
G04_R0741,G04,LOGO,holdout_G04,G04,500,50,0.0001,0.75,0.3,0.2,4.0,45.716,42.25184312152773
G04_R0742,G04,LOGO,holdout_G04,G04,500,50,0.0001,0.7,0.1,0.2,4.0,35.113,32.973477386228446
G04_R0743,G04,LOGO,holdout_G04,G04,500,50,0.0001,0.7,0.2,0.2,4.0,40.428,36.733532851686455
G04_R0744,G04,LOGO,holdout_G04,G04,500,50,0.0001,0.7,0.3,0.2,4.0,45.771,42.263038969742
G04_R0745,G04,LOGO,holdout_G04,G04,500,50,1e-05,0.85,0.1,0.2,4.0,35.563,33.17834983279221
G04_R0746,G04,LOGO,holdout_G04,G04,500,50,1e-05,0.85,0.2,0.2,4.0,41.37,37.09766618799601
G04_R0747,G04,LOGO,holdout_G04,G04,500,50,1e-05,0.85,0.3,0.2,4.0,48.612,41.85135177561326
G04_R0748,G04,LOGO,holdout_G04,G04,500,50,1e-05,0.8,0.1,0.2,4.0,35.572,33.17807241612556
G04_R0749,G04,LOGO,holdout_G04,G04,500,50,1e-05,0.8,0.2,0.2,4.0,41.388,37.101014699900766
G04_R0750,G04,LOGO,holdout_G04,G04,500,50,1e-05,0.8,0.3,0.2,4.0,48.632,41.85046193037516
G04_R0751,G04,LOGO,holdout_G04,G04,500,50,1e-05,0.75,0.1,0.2,4.0,35.581,33.18566560660171
G04_R0752,G04,LOGO,holdout_G04,G04,500,50,1e-05,0.75,0.2,0.2,4.0,41.409,37.10693295436512
G04_R0753,G04,LOGO,holdout_G04,G04,500,50,1e-05,0.75,0.3,0.2,4.0,48.653,41.8629216089466
G04_R0754,G04,LOGO,holdout_G04,G04,500,50,1e-05,0.7,0.1,0.2,4.0,35.592,33.186093079816004
G04_R0755,G04,LOGO,holdout_G04,G04,500,50,1e-05,0.7,0.2,0.2,4.0,41.431,37.10809714484132
G04_R0756,G04,LOGO,holdout_G04,G04,500,50,1e-05,0.7,0.3,0.2,4.0,48.677,41.87946207837299
G04_R0757,G04,LOGO,holdout_G04,G04,500,50,1e-06,0.85,0.1,0.2,4.0,35.704,33.34649399350646
G04_R0758,G04,LOGO,holdout_G04,G04,500,50,1e-06,0.85,0.2,0.2,4.0,41.243,37.02935373511905
G04_R0759,G04,LOGO,holdout_G04,G04,500,50,1e-06,0.85,0.3,0.2,4.0,48.941,41.69324969823228
G04_R0760,G04,LOGO,holdout_G04,G04,500,50,1e-06,0.8,0.1,0.2,4.0,35.707,33.34569330600647
G04_R0761,G04,LOGO,holdout_G04,G04,500,50,1e-06,0.8,0.2,0.2,4.0,41.253,37.03213005952381
G04_R0762,G04,LOGO,holdout_G04,G04,500,50,1e-06,0.8,0.3,0.2,4.0,48.959,41.69137968632752
G04_R0763,G04,LOGO,holdout_G04,G04,500,50,1e-06,0.75,0.1,0.2,4.0,35.71,33.3485635946969
G04_R0764,G04,LOGO,holdout_G04,G04,500,50,1e-06,0.75,0.2,0.2,4.0,41.262,37.036349163690495
G04_R0765,G04,LOGO,holdout_G04,G04,500,50,1e-06,0.75,0.3,0.2,4.0,49.034,41.69811956727992
G04_R0766,G04,LOGO,holdout_G04,G04,500,50,1e-06,0.7,0.1,0.2,4.0,35.714,33.34955927624453
G04_R0767,G04,LOGO,holdout_G04,G04,500,50,1e-06,0.7,0.2,0.2,4.0,41.273,37.03839558333336
G04_R0768,G04,LOGO,holdout_G04,G04,500,50,1e-06,0.7,0.3,0.2,4.0,49.058,41.71562512003966
G05_R0001,G05,LOGO,holdout_G05,G05,25,3,0.001,0.85,0.1,0.2,5.0,6.6428,6.61062063219247
G05_R0002,G05,LOGO,holdout_G05,G05,25,3,0.001,0.85,0.2,0.2,5.0,7.1751,7.145813835664696
G05_R0003,G05,LOGO,holdout_G05,G05,25,3,0.001,0.85,0.3,0.2,5.0,7.7978,7.776501406597237
G05_R0004,G05,LOGO,holdout_G05,G05,25,3,0.001,0.8,0.1,0.2,5.0,6.6477,6.61189285481152
G05_R0005,G05,LOGO,holdout_G05,G05,25,3,0.001,0.8,0.2,0.2,5.0,7.1821,7.148606037044555
G05_R0006,G05,LOGO,holdout_G05,G05,25,3,0.001,0.8,0.3,0.2,5.0,7.8057,7.7790909918651
G05_R0007,G05,LOGO,holdout_G05,G05,25,3,0.001,0.75,0.1,0.2,5.0,6.6529,6.615640986954369
G05_R0008,G05,LOGO,holdout_G05,G05,25,3,0.001,0.75,0.2,0.2,5.0,7.1895,7.156637629008843
G05_R0009,G05,LOGO,holdout_G05,G05,25,3,0.001,0.75,0.3,0.2,5.0,7.8142,7.78696832202382
G05_R0010,G05,LOGO,holdout_G05,G05,25,3,0.001,0.7,0.1,0.2,5.0,6.6584,6.616638320882938
G05_R0011,G05,LOGO,holdout_G05,G05,25,3,0.001,0.7,0.2,0.2,5.0,7.1972,7.158808585556475
G05_R0012,G05,LOGO,holdout_G05,G05,25,3,0.001,0.7,0.3,0.2,5.0,7.8232,7.7902837704545504
G05_R0013,G05,LOGO,holdout_G05,G05,25,3,0.0001,0.85,0.1,0.2,5.0,6.9624,6.927414911949835
G05_R0014,G05,LOGO,holdout_G05,G05,25,3,0.0001,0.85,0.2,0.2,5.0,7.6007,7.576259434771824
G05_R0015,G05,LOGO,holdout_G05,G05,25,3,0.0001,0.85,0.3,0.2,5.0,8.4414,8.396536625595246
G05_R0016,G05,LOGO,holdout_G05,G05,25,3,0.0001,0.8,0.1,0.2,5.0,6.9654,6.9285731012355605
G05_R0017,G05,LOGO,holdout_G05,G05,25,3,0.0001,0.8,0.2,0.2,5.0,7.6044,7.577099630307539
G05_R0018,G05,LOGO,holdout_G05,G05,25,3,0.0001,0.8,0.3,0.2,5.0,8.4461,8.398519279216274
G05_R0019,G05,LOGO,holdout_G05,G05,25,3,0.0001,0.75,0.1,0.2,5.0,6.9684,6.9320185994543655
G05_R0020,G05,LOGO,holdout_G05,G05,25,3,0.0001,0.75,0.2,0.2,5.0,7.6083,7.580292176826282
G05_R0021,G05,LOGO,holdout_G05,G05,25,3,0.0001,0.75,0.3,0.2,5.0,8.4511,8.402877557539668
G05_R0022,G05,LOGO,holdout_G05,G05,25,3,0.0001,0.7,0.1,0.2,5.0,6.9716,6.933070407936492
G05_R0023,G05,LOGO,holdout_G05,G05,25,3,0.0001,0.7,0.2,0.2,5.0,7.6123,7.581255877272711
G05_R0024,G05,LOGO,holdout_G05,G05,25,3,0.0001,0.7,0.3,0.2,5.0,8.4562,8.4055724202877
G05_R0025,G05,LOGO,holdout_G05,G05,25,3,1e-05,0.85,0.1,0.2,5.0,7.0499,7.0167230987599085
G05_R0026,G05,LOGO,holdout_G05,G05,25,3,1e-05,0.85,0.2,0.2,5.0,7.7218,7.698022321329371
G05_R0027,G05,LOGO,holdout_G05,G05,25,3,1e-05,0.85,0.3,0.2,5.0,8.6219,8.569174189317287
G05_R0028,G05,LOGO,holdout_G05,G05,25,3,1e-05,0.8,0.1,0.2,5.0,7.0509,7.01678241959324
G05_R0029,G05,LOGO,holdout_G05,G05,25,3,1e-05,0.8,0.2,0.2,5.0,7.7231,7.698044267013895
G05_R0030,G05,LOGO,holdout_G05,G05,25,3,1e-05,0.8,0.3,0.2,5.0,8.6236,8.569357382769667
G05_R0031,G05,LOGO,holdout_G05,G05,25,3,1e-05,0.75,0.1,0.2,5.0,7.052,7.017301450545635
G05_R0032,G05,LOGO,holdout_G05,G05,25,3,1e-05,0.75,0.2,0.2,5.0,7.7245,7.698615458978187
G05_R0033,G05,LOGO,holdout_G05,G05,25,3,1e-05,0.75,0.3,0.2,5.0,8.6254,8.570354032769654
G05_R0034,G05,LOGO,holdout_G05,G05,25,3,1e-05,0.7,0.1,0.2,5.0,7.0531,7.017323679712302
G05_R0035,G05,LOGO,holdout_G05,G05,25,3,1e-05,0.7,0.2,0.2,5.0,7.7259,7.69883957152779
G05_R0036,G05,LOGO,holdout_G05,G05,25,3,1e-05,0.7,0.3,0.2,5.0,8.6273,8.570523941251794
G05_R0037,G05,LOGO,holdout_G05,G05,25,3,1e-06,0.85,0.1,0.2,5.0,7.0776,7.04265764232053
G05_R0038,G05,LOGO,holdout_G05,G05,25,3,1e-06,0.85,0.2,0.2,5.0,7.7586,7.733145367658729
G05_R0039,G05,LOGO,holdout_G05,G05,25,3,1e-06,0.85,0.3,0.2,5.0,8.6741,8.619427400049608
G05_R0040,G05,LOGO,holdout_G05,G05,25,3,1e-06,0.8,0.1,0.2,5.0,7.0779,7.04267963884831
G05_R0041,G05,LOGO,holdout_G05,G05,25,3,1e-06,0.8,0.2,0.2,5.0,7.7588,7.733028042708331
G05_R0042,G05,LOGO,holdout_G05,G05,25,3,1e-06,0.8,0.3,0.2,5.0,8.6744,8.619572320188494
G05_R0043,G05,LOGO,holdout_G05,G05,25,3,1e-06,0.75,0.1,0.2,5.0,7.0781,7.04278422009831
G05_R0044,G05,LOGO,holdout_G05,G05,25,3,1e-06,0.75,0.2,0.2,5.0,7.7591,7.733278237946405
G05_R0045,G05,LOGO,holdout_G05,G05,25,3,1e-06,0.75,0.3,0.2,5.0,8.6748,8.619758523462284
G05_R0046,G05,LOGO,holdout_G05,G05,25,3,1e-06,0.7,0.1,0.2,5.0,7.0783,7.042772934681645
G05_R0047,G05,LOGO,holdout_G05,G05,25,3,1e-06,0.7,0.2,0.2,5.0,7.7594,7.73320974613093
G05_R0048,G05,LOGO,holdout_G05,G05,25,3,1e-06,0.7,0.3,0.2,5.0,8.6751,8.619874366319427
G05_R0049,G05,LOGO,holdout_G05,G05,25,6,0.001,0.85,0.1,0.2,5.0,7.3211,7.313444558229604
G05_R0050,G05,LOGO,holdout_G05,G05,25,6,0.001,0.85,0.2,0.2,5.0,7.9108,7.903465346374464
G05_R0051,G05,LOGO,holdout_G05,G05,25,6,0.001,0.85,0.3,0.2,5.0,8.5939,8.577802179513885
G05_R0052,G05,LOGO,holdout_G05,G05,25,6,0.001,0.8,0.1,0.2,5.0,7.3263,7.314664995928013
G05_R0053,G05,LOGO,holdout_G05,G05,25,6,0.001,0.8,0.2,0.2,5.0,7.9182,7.906926460461758
G05_R0054,G05,LOGO,holdout_G05,G05,25,6,0.001,0.8,0.3,0.2,5.0,8.6025,8.583560877232136
G05_R0055,G05,LOGO,holdout_G05,G05,25,6,0.001,0.75,0.1,0.2,5.0,7.3317,7.319143499648257
G05_R0056,G05,LOGO,holdout_G05,G05,25,6,0.001,0.75,0.2,0.2,5.0,7.926,7.91556611374008
G05_R0057,G05,LOGO,holdout_G05,G05,25,6,0.001,0.75,0.3,0.2,5.0,8.6117,8.59357022619045
G05_R0058,G05,LOGO,holdout_G05,G05,25,6,0.001,0.7,0.1,0.2,5.0,7.3374,7.3217948135912625
G05_R0059,G05,LOGO,holdout_G05,G05,25,6,0.001,0.7,0.2,0.2,5.0,7.9342,7.920106165426598
G05_R0060,G05,LOGO,holdout_G05,G05,25,6,0.001,0.7,0.3,0.2,5.0,8.6215,8.600146088938475
G05_R0061,G05,LOGO,holdout_G05,G05,25,6,0.0001,0.85,0.1,0.2,5.0,7.6425,7.631625645337306
G05_R0062,G05,LOGO,holdout_G05,G05,25,6,0.0001,0.85,0.2,0.2,5.0,8.3329,8.315370858883481
G05_R0063,G05,LOGO,holdout_G05,G05,25,6,0.0001,0.85,0.3,0.2,5.0,9.2253,9.200847512648796
G05_R0064,G05,LOGO,holdout_G05,G05,25,6,0.0001,0.8,0.1,0.2,5.0,7.6455,7.631842388194442
G05_R0065,G05,LOGO,holdout_G05,G05,25,6,0.0001,0.8,0.2,0.2,5.0,8.3367,8.316746088347765
G05_R0066,G05,LOGO,holdout_G05,G05,25,6,0.0001,0.8,0.3,0.2,5.0,9.2301,9.201098154067443
G05_R0067,G05,LOGO,holdout_G05,G05,25,6,0.0001,0.75,0.1,0.2,5.0,7.6486,7.633042121081355
G05_R0068,G05,LOGO,holdout_G05,G05,25,6,0.0001,0.75,0.2,0.2,5.0,8.3406,8.319831966319448
G05_R0069,G05,LOGO,holdout_G05,G05,25,6,0.0001,0.75,0.3,0.2,5.0,9.2352,9.203441333680548
G05_R0070,G05,LOGO,holdout_G05,G05,25,6,0.0001,0.7,0.1,0.2,5.0,7.6519,7.633798953819451
G05_R0071,G05,LOGO,holdout_G05,G05,25,6,0.0001,0.7,0.2,0.2,5.0,8.3448,8.322327172966265
G05_R0072,G05,LOGO,holdout_G05,G05,25,6,0.0001,0.7,0.3,0.2,5.0,9.2404,9.204418217212291
G05_R0073,G05,LOGO,holdout_G05,G05,25,6,1e-05,0.85,0.1,0.2,5.0,7.7303,7.714962876041682
G05_R0074,G05,LOGO,holdout_G05,G05,25,6,1e-05,0.85,0.2,0.2,5.0,8.4528,8.431368723015881
G05_R0075,G05,LOGO,holdout_G05,G05,25,6,1e-05,0.85,0.3,0.2,5.0,9.4008,9.37831763360838
G05_R0076,G05,LOGO,holdout_G05,G05,25,6,1e-05,0.8,0.1,0.2,5.0,7.7314,7.714998865625014
G05_R0077,G05,LOGO,holdout_G05,G05,25,6,1e-05,0.8,0.2,0.2,5.0,8.4541,8.431428139236125
G05_R0078,G05,LOGO,holdout_G05,G05,25,6,1e-05,0.8,0.3,0.2,5.0,9.4025,9.378443500275043
G05_R0079,G05,LOGO,holdout_G05,G05,25,6,1e-05,0.75,0.1,0.2,5.0,7.7324,7.715662173759939
G05_R0080,G05,LOGO,holdout_G05,G05,25,6,1e-05,0.75,0.2,0.2,5.0,8.4555,8.432119690128971
G05_R0081,G05,LOGO,holdout_G05,G05,25,6,1e-05,0.75,0.3,0.2,5.0,9.4043,9.378672434798869
G05_R0082,G05,LOGO,holdout_G05,G05,25,6,1e-05,0.7,0.1,0.2,5.0,7.7336,7.71565834786708
G05_R0083,G05,LOGO,holdout_G05,G05,25,6,1e-05,0.7,0.2,0.2,5.0,8.457,8.432188404414683
G05_R0084,G05,LOGO,holdout_G05,G05,25,6,1e-05,0.7,0.3,0.2,5.0,9.4062,9.379155031822677
G05_R0085,G05,LOGO,holdout_G05,G05,25,6,1e-06,0.85,0.1,0.2,5.0,7.7583,7.743481767663246
G05_R0086,G05,LOGO,holdout_G05,G05,25,6,1e-06,0.85,0.2,0.2,5.0,8.4894,8.46627426262625
G05_R0087,G05,LOGO,holdout_G05,G05,25,6,1e-06,0.85,0.3,0.2,5.0,9.4518,9.421521913221484
G05_R0088,G05,LOGO,holdout_G05,G05,25,6,1e-06,0.8,0.1,0.2,5.0,7.7585,7.743539946135468
G05_R0089,G05,LOGO,holdout_G05,G05,25,6,1e-06,0.8,0.2,0.2,5.0,8.4896,8.466298323042912
G05_R0090,G05,LOGO,holdout_G05,G05,25,6,1e-06,0.8,0.3,0.2,5.0,9.4522,9.421280724531004
G05_R0091,G05,LOGO,holdout_G05,G05,25,6,1e-06,0.75,0.1,0.2,5.0,7.7587,7.743655023814048
G05_R0092,G05,LOGO,holdout_G05,G05,25,6,1e-06,0.75,0.2,0.2,5.0,8.4899,8.466507214466064
G05_R0093,G05,LOGO,holdout_G05,G05,25,6,1e-06,0.75,0.3,0.2,5.0,9.4525,9.4213147697691
G05_R0094,G05,LOGO,holdout_G05,G05,25,6,1e-06,0.7,0.1,0.2,5.0,7.7589,7.743667630064047
G05_R0095,G05,LOGO,holdout_G05,G05,25,6,1e-06,0.7,0.2,0.2,5.0,8.4902,8.466551699138684
G05_R0096,G05,LOGO,holdout_G05,G05,25,6,1e-06,0.7,0.3,0.2,5.0,9.4529,9.421488224828623
G05_R0097,G05,LOGO,holdout_G05,G05,25,20,0.001,0.85,0.1,0.2,5.0,9.5513,9.550256420734136
G05_R0098,G05,LOGO,holdout_G05,G05,25,20,0.001,0.85,0.2,0.2,5.0,10.256,10.260049566964298
G05_R0099,G05,LOGO,holdout_G05,G05,25,20,0.001,0.85,0.3,0.2,5.0,11.075,11.078585900793648
G05_R0100,G05,LOGO,holdout_G05,G05,25,20,0.001,0.8,0.1,0.2,5.0,9.5575,9.55213662653771
G05_R0101,G05,LOGO,holdout_G05,G05,25,20,0.001,0.8,0.2,0.2,5.0,10.264,10.264840019209972
G05_R0102,G05,LOGO,holdout_G05,G05,25,20,0.001,0.8,0.3,0.2,5.0,11.085,11.08182268948412
G05_R0103,G05,LOGO,holdout_G05,G05,25,20,0.001,0.75,0.1,0.2,5.0,9.5639,9.557546023777949
G05_R0104,G05,LOGO,holdout_G05,G05,25,20,0.001,0.75,0.2,0.2,5.0,10.274,10.274756506809164
G05_R0105,G05,LOGO,holdout_G05,G05,25,20,0.001,0.75,0.3,0.2,5.0,11.096,11.090749812996036
G05_R0106,G05,LOGO,holdout_G05,G05,25,20,0.001,0.7,0.1,0.2,5.0,9.5707,9.561425643668825
G05_R0107,G05,LOGO,holdout_G05,G05,25,20,0.001,0.7,0.2,0.2,5.0,10.284,10.280352630321069
G05_R0108,G05,LOGO,holdout_G05,G05,25,20,0.001,0.7,0.3,0.2,5.0,11.108,11.096524580357142
G05_R0109,G05,LOGO,holdout_G05,G05,25,20,0.0001,0.85,0.1,0.2,5.0,9.9146,9.909345360335498
G05_R0110,G05,LOGO,holdout_G05,G05,25,20,0.0001,0.85,0.2,0.2,5.0,10.718,10.714682153273838
G05_R0111,G05,LOGO,holdout_G05,G05,25,20,0.0001,0.85,0.3,0.2,5.0,11.744,11.728880778273783
G05_R0112,G05,LOGO,holdout_G05,G05,25,20,0.0001,0.8,0.1,0.2,5.0,9.9181,9.909394260511364
G05_R0113,G05,LOGO,holdout_G05,G05,25,20,0.0001,0.8,0.2,0.2,5.0,10.723,10.715449866071458
G05_R0114,G05,LOGO,holdout_G05,G05,25,20,0.0001,0.8,0.3,0.2,5.0,11.75,11.729386438311662
G05_R0115,G05,LOGO,holdout_G05,G05,25,20,0.0001,0.75,0.1,0.2,5.0,9.9217,9.911341045206544
G05_R0116,G05,LOGO,holdout_G05,G05,25,20,0.0001,0.75,0.2,0.2,5.0,10.727,10.718870054067454
G05_R0117,G05,LOGO,holdout_G05,G05,25,20,0.0001,0.75,0.3,0.2,5.0,11.755,11.732967509740265
G05_R0118,G05,LOGO,holdout_G05,G05,25,20,0.0001,0.7,0.1,0.2,5.0,9.9254,9.911894001258124
G05_R0119,G05,LOGO,holdout_G05,G05,25,20,0.0001,0.7,0.2,0.2,5.0,10.732,10.72168808581348
G05_R0120,G05,LOGO,holdout_G05,G05,25,20,0.0001,0.7,0.3,0.2,5.0,11.761,11.734163271825391
G05_R0121,G05,LOGO,holdout_G05,G05,25,20,1e-05,0.85,0.1,0.2,5.0,10.013,10.004123957638908
G05_R0122,G05,LOGO,holdout_G05,G05,25,20,1e-05,0.85,0.2,0.2,5.0,10.849,10.841973156655849
G05_R0123,G05,LOGO,holdout_G05,G05,25,20,1e-05,0.85,0.3,0.2,5.0,11.929,11.91833043005952
G05_R0124,G05,LOGO,holdout_G05,G05,25,20,1e-05,0.8,0.1,0.2,5.0,10.015,10.004179385912716
G05_R0125,G05,LOGO,holdout_G05,G05,25,20,1e-05,0.8,0.2,0.2,5.0,10.851,10.842113064393937
G05_R0126,G05,LOGO,holdout_G05,G05,25,20,1e-05,0.8,0.3,0.2,5.0,11.931,11.917907290178569
G05_R0127,G05,LOGO,holdout_G05,G05,25,20,1e-05,0.75,0.1,0.2,5.0,10.016,10.004705558234171
G05_R0128,G05,LOGO,holdout_G05,G05,25,20,1e-05,0.75,0.2,0.2,5.0,10.852,10.84283921617965
G05_R0129,G05,LOGO,holdout_G05,G05,25,20,1e-05,0.75,0.3,0.2,5.0,11.933,11.91855357291664
G05_R0130,G05,LOGO,holdout_G05,G05,25,20,1e-05,0.7,0.1,0.2,5.0,10.017,10.00465299871036
G05_R0131,G05,LOGO,holdout_G05,G05,25,20,1e-05,0.7,0.2,0.2,5.0,10.854,10.843090091179652
G05_R0132,G05,LOGO,holdout_G05,G05,25,20,1e-05,0.7,0.3,0.2,5.0,11.935,11.918918212797596
G05_R0133,G05,LOGO,holdout_G05,G05,25,20,1e-06,0.85,0.1,0.2,5.0,10.045,10.033922095238026
G05_R0134,G05,LOGO,holdout_G05,G05,25,20,1e-06,0.85,0.2,0.2,5.0,10.89,10.880789043831042
G05_R0135,G05,LOGO,holdout_G05,G05,25,20,1e-06,0.85,0.3,0.2,5.0,11.983,11.955932967757937
G05_R0136,G05,LOGO,holdout_G05,G05,25,20,1e-06,0.8,0.1,0.2,5.0,10.045,10.034024136904693
G05_R0137,G05,LOGO,holdout_G05,G05,25,20,1e-06,0.8,0.2,0.2,5.0,10.89,10.88080461228343
G05_R0138,G05,LOGO,holdout_G05,G05,25,20,1e-06,0.8,0.3,0.2,5.0,11.984,11.955643841269843
G05_R0139,G05,LOGO,holdout_G05,G05,25,20,1e-06,0.75,0.1,0.2,5.0,10.045,10.034142601190394
G05_R0140,G05,LOGO,holdout_G05,G05,25,20,1e-06,0.75,0.2,0.2,5.0,10.89,10.880764628156452
G05_R0141,G05,LOGO,holdout_G05,G05,25,20,1e-06,0.75,0.3,0.2,5.0,11.984,11.955786382936498
G05_R0142,G05,LOGO,holdout_G05,G05,25,20,1e-06,0.7,0.1,0.2,5.0,10.046,10.03423301091262
G05_R0143,G05,LOGO,holdout_G05,G05,25,20,1e-06,0.7,0.2,0.2,5.0,10.89,10.88086996676576
G05_R0144,G05,LOGO,holdout_G05,G05,25,20,1e-06,0.7,0.3,0.2,5.0,11.985,11.956066360615075
G05_R0145,G05,LOGO,holdout_G05,G05,25,50,0.001,0.85,0.1,0.2,5.0,12.39,12.383870087076094
G05_R0146,G05,LOGO,holdout_G05,G05,25,50,0.001,0.85,0.2,0.2,5.0,13.269,13.280068695932512
G05_R0147,G05,LOGO,holdout_G05,G05,25,50,0.001,0.85,0.3,0.2,5.0,14.29,14.296198468750022
G05_R0148,G05,LOGO,holdout_G05,G05,25,50,0.001,0.8,0.1,0.2,5.0,12.398,12.3843636495761
G05_R0149,G05,LOGO,holdout_G05,G05,25,50,0.001,0.8,0.2,0.2,5.0,13.28,13.284516781249982
G05_R0150,G05,LOGO,holdout_G05,G05,25,50,0.001,0.8,0.3,0.2,5.0,14.303,14.300218963789694
G05_R0151,G05,LOGO,holdout_G05,G05,25,50,0.001,0.75,0.1,0.2,5.0,12.406,12.387923265647531
G05_R0152,G05,LOGO,holdout_G05,G05,25,50,0.001,0.75,0.2,0.2,5.0,13.292,13.295745345734142
G05_R0153,G05,LOGO,holdout_G05,G05,25,50,0.001,0.75,0.3,0.2,5.0,14.317,14.31492079315474
G05_R0154,G05,LOGO,holdout_G05,G05,25,50,0.001,0.7,0.1,0.2,5.0,12.414,12.389379154536416
G05_R0155,G05,LOGO,holdout_G05,G05,25,50,0.001,0.7,0.2,0.2,5.0,13.304,13.301422608630965
G05_R0156,G05,LOGO,holdout_G05,G05,25,50,0.001,0.7,0.3,0.2,5.0,14.332,14.321478436688306
G05_R0157,G05,LOGO,holdout_G05,G05,25,50,0.0001,0.85,0.1,0.2,5.0,12.841,12.83894672172624
G05_R0158,G05,LOGO,holdout_G05,G05,25,50,0.0001,0.85,0.2,0.2,5.0,13.837,13.83929633680558
G05_R0159,G05,LOGO,holdout_G05,G05,25,50,0.0001,0.85,0.3,0.2,5.0,15.103,15.100164834821433
G05_R0160,G05,LOGO,holdout_G05,G05,25,50,0.0001,0.8,0.1,0.2,5.0,12.845,12.839553167658783
G05_R0161,G05,LOGO,holdout_G05,G05,25,50,0.0001,0.8,0.2,0.2,5.0,13.843,13.841366477182516
G05_R0162,G05,LOGO,holdout_G05,G05,25,50,0.0001,0.8,0.3,0.2,5.0,15.11,15.100062404265874
G05_R0163,G05,LOGO,holdout_G05,G05,25,50,0.0001,0.75,0.1,0.2,5.0,12.85,12.842784263392907
G05_R0164,G05,LOGO,holdout_G05,G05,25,50,0.0001,0.75,0.2,0.2,5.0,13.848,13.848484062500006
G05_R0165,G05,LOGO,holdout_G05,G05,25,50,0.0001,0.75,0.3,0.2,5.0,15.117,15.103247922123003
G05_R0166,G05,LOGO,holdout_G05,G05,25,50,0.0001,0.7,0.1,0.2,5.0,12.854,12.845153534722265
G05_R0167,G05,LOGO,holdout_G05,G05,25,50,0.0001,0.7,0.2,0.2,5.0,13.854,13.85251726884917
G05_R0168,G05,LOGO,holdout_G05,G05,25,50,0.0001,0.7,0.3,0.2,5.0,15.124,15.104950015873005
G05_R0169,G05,LOGO,holdout_G05,G05,25,50,1e-05,0.85,0.1,0.2,5.0,12.963,12.954234739087312
G05_R0170,G05,LOGO,holdout_G05,G05,25,50,1e-05,0.85,0.2,0.2,5.0,13.998,13.995524609803354
G05_R0171,G05,LOGO,holdout_G05,G05,25,50,1e-05,0.85,0.3,0.2,5.0,15.327,15.31884622420634
G05_R0172,G05,LOGO,holdout_G05,G05,25,50,1e-05,0.8,0.1,0.2,5.0,12.964,12.954162053075413
G05_R0173,G05,LOGO,holdout_G05,G05,25,50,1e-05,0.8,0.2,0.2,5.0,14.0,13.995480664862876
G05_R0174,G05,LOGO,holdout_G05,G05,25,50,1e-05,0.8,0.3,0.2,5.0,15.33,15.318674025793644
G05_R0175,G05,LOGO,holdout_G05,G05,25,50,1e-05,0.75,0.1,0.2,5.0,12.966,12.955352146329403
G05_R0176,G05,LOGO,holdout_G05,G05,25,50,1e-05,0.75,0.2,0.2,5.0,14.002,13.996468206529498
G05_R0177,G05,LOGO,holdout_G05,G05,25,50,1e-05,0.75,0.3,0.2,5.0,15.332,15.320352597222206
G05_R0178,G05,LOGO,holdout_G05,G05,25,50,1e-05,0.7,0.1,0.2,5.0,12.968,12.955668540674642
G05_R0179,G05,LOGO,holdout_G05,G05,25,50,1e-05,0.7,0.2,0.2,5.0,14.004,13.996565456529495
G05_R0180,G05,LOGO,holdout_G05,G05,25,50,1e-05,0.7,0.3,0.2,5.0,15.335,15.320485363591256
G05_R0181,G05,LOGO,holdout_G05,G05,25,50,1e-06,0.85,0.1,0.2,5.0,13.002,12.992846336309512
G05_R0182,G05,LOGO,holdout_G05,G05,25,50,1e-06,0.85,0.2,0.2,5.0,14.047,14.043054655077524
G05_R0183,G05,LOGO,holdout_G05,G05,25,50,1e-06,0.85,0.3,0.2,5.0,15.393,15.360789196428517
G05_R0184,G05,LOGO,holdout_G05,G05,25,50,1e-06,0.8,0.1,0.2,5.0,13.002,12.992775372023802
G05_R0185,G05,LOGO,holdout_G05,G05,25,50,1e-06,0.8,0.2,0.2,5.0,14.048,14.042892509244195
G05_R0186,G05,LOGO,holdout_G05,G05,25,50,1e-06,0.8,0.3,0.2,5.0,15.394,15.360799917658676
G05_R0187,G05,LOGO,holdout_G05,G05,25,50,1e-06,0.75,0.1,0.2,5.0,13.003,12.99262533928571
G05_R0188,G05,LOGO,holdout_G05,G05,25,50,1e-06,0.75,0.2,0.2,5.0,14.048,14.043274552398987
G05_R0189,G05,LOGO,holdout_G05,G05,25,50,1e-06,0.75,0.3,0.2,5.0,15.394,15.361346783730095
G05_R0190,G05,LOGO,holdout_G05,G05,25,50,1e-06,0.7,0.1,0.2,5.0,13.003,12.992899163690472
G05_R0191,G05,LOGO,holdout_G05,G05,25,50,1e-06,0.7,0.2,0.2,5.0,14.048,14.043323719065652
G05_R0192,G05,LOGO,holdout_G05,G05,25,50,1e-06,0.7,0.3,0.2,5.0,15.395,15.361826511408673
G05_R0193,G05,LOGO,holdout_G05,G05,100,3,0.001,0.85,0.1,0.2,5.0,8.3988,8.330303950135281
G05_R0194,G05,LOGO,holdout_G05,G05,100,3,0.001,0.85,0.2,0.2,5.0,9.0732,9.00497017962664
G05_R0195,G05,LOGO,holdout_G05,G05,100,3,0.001,0.85,0.3,0.2,5.0,9.8978,9.858447104937788
G05_R0196,G05,LOGO,holdout_G05,G05,100,3,0.001,0.8,0.1,0.2,5.0,8.4069,8.332632060254328
G05_R0197,G05,LOGO,holdout_G05,G05,100,3,0.001,0.8,0.2,0.2,5.0,9.0845,9.006851430519498
G05_R0198,G05,LOGO,holdout_G05,G05,100,3,0.001,0.8,0.3,0.2,5.0,9.9122,9.863158775572716
G05_R0199,G05,LOGO,holdout_G05,G05,100,3,0.001,0.75,0.1,0.2,5.0,8.4154,8.334659006682909
G05_R0200,G05,LOGO,holdout_G05,G05,100,3,0.001,0.75,0.2,0.2,5.0,9.0964,9.01147411762267
G05_R0201,G05,LOGO,holdout_G05,G05,100,3,0.001,0.75,0.3,0.2,5.0,9.9275,9.87744393864089
G05_R0202,G05,LOGO,holdout_G05,G05,100,3,0.001,0.7,0.1,0.2,5.0,8.4245,8.33417590638529
G05_R0203,G05,LOGO,holdout_G05,G05,100,3,0.001,0.7,0.2,0.2,5.0,9.1091,9.011228179081003
G05_R0204,G05,LOGO,holdout_G05,G05,100,3,0.001,0.7,0.3,0.2,5.0,9.9436,9.88249718328374
G05_R0205,G05,LOGO,holdout_G05,G05,100,3,0.0001,0.85,0.1,0.2,5.0,8.6752,8.572412207291658
G05_R0206,G05,LOGO,holdout_G05,G05,100,3,0.0001,0.85,0.2,0.2,5.0,9.4114,9.319912485863073
G05_R0207,G05,LOGO,holdout_G05,G05,100,3,0.0001,0.85,0.3,0.2,5.0,10.391,10.31214419345237
G05_R0208,G05,LOGO,holdout_G05,G05,100,3,0.0001,0.8,0.1,0.2,5.0,8.6786,8.573224234672612
G05_R0209,G05,LOGO,holdout_G05,G05,100,3,0.0001,0.8,0.2,0.2,5.0,9.4161,9.320866209672594
G05_R0210,G05,LOGO,holdout_G05,G05,100,3,0.0001,0.8,0.3,0.2,5.0,10.397,10.313116183035705
G05_R0211,G05,LOGO,holdout_G05,G05,100,3,0.0001,0.75,0.1,0.2,5.0,8.6822,8.573820500148788
G05_R0212,G05,LOGO,holdout_G05,G05,100,3,0.0001,0.75,0.2,0.2,5.0,9.4211,9.321907827218602
G05_R0213,G05,LOGO,holdout_G05,G05,100,3,0.0001,0.75,0.3,0.2,5.0,10.404,10.31574966815475
G05_R0214,G05,LOGO,holdout_G05,G05,100,3,0.0001,0.7,0.1,0.2,5.0,8.6859,8.573875858779742
G05_R0215,G05,LOGO,holdout_G05,G05,100,3,0.0001,0.7,0.2,0.2,5.0,9.4264,9.321553226325744
G05_R0216,G05,LOGO,holdout_G05,G05,100,3,0.0001,0.7,0.3,0.2,5.0,10.411,10.31564837648808
G05_R0217,G05,LOGO,holdout_G05,G05,100,3,1e-05,0.85,0.1,0.2,5.0,8.7531,8.652871174630251
G05_R0218,G05,LOGO,holdout_G05,G05,100,3,1e-05,0.85,0.2,0.2,5.0,9.5051,9.408189422371033
G05_R0219,G05,LOGO,holdout_G05,G05,100,3,1e-05,0.85,0.3,0.2,5.0,10.524,10.423179228174618
G05_R0220,G05,LOGO,holdout_G05,G05,100,3,1e-05,0.8,0.1,0.2,5.0,8.7542,8.653474552904061
G05_R0221,G05,LOGO,holdout_G05,G05,100,3,1e-05,0.8,0.2,0.2,5.0,9.5067,9.409537304513892
G05_R0222,G05,LOGO,holdout_G05,G05,100,3,1e-05,0.8,0.3,0.2,5.0,10.526,10.423663801091282
G05_R0223,G05,LOGO,holdout_G05,G05,100,3,1e-05,0.75,0.1,0.2,5.0,8.7553,8.653883318429855
G05_R0224,G05,LOGO,holdout_G05,G05,100,3,1e-05,0.75,0.2,0.2,5.0,9.5084,9.409659333220594
G05_R0225,G05,LOGO,holdout_G05,G05,100,3,1e-05,0.75,0.3,0.2,5.0,10.528,10.42437035763889
G05_R0226,G05,LOGO,holdout_G05,G05,100,3,1e-05,0.7,0.1,0.2,5.0,8.7566,8.653877363370336
G05_R0227,G05,LOGO,holdout_G05,G05,100,3,1e-05,0.7,0.2,0.2,5.0,9.5102,9.409146736494405
G05_R0228,G05,LOGO,holdout_G05,G05,100,3,1e-05,0.7,0.3,0.2,5.0,10.531,10.424461649305558
G05_R0229,G05,LOGO,holdout_G05,G05,100,3,1e-06,0.85,0.1,0.2,5.0,8.7791,8.67301361091269
G05_R0230,G05,LOGO,holdout_G05,G05,100,3,1e-06,0.85,0.2,0.2,5.0,9.5355,9.430950948908745
G05_R0231,G05,LOGO,holdout_G05,G05,100,3,1e-06,0.85,0.3,0.2,5.0,10.562,10.45206752913057
G05_R0232,G05,LOGO,holdout_G05,G05,100,3,1e-06,0.8,0.1,0.2,5.0,8.7793,8.6733850704365
G05_R0233,G05,LOGO,holdout_G05,G05,100,3,1e-06,0.8,0.2,0.2,5.0,9.5358,9.431905406051602
G05_R0234,G05,LOGO,holdout_G05,G05,100,3,1e-06,0.8,0.3,0.2,5.0,10.562,10.45246593538057
G05_R0235,G05,LOGO,holdout_G05,G05,100,3,1e-06,0.75,0.1,0.2,5.0,8.7795,8.673485786061502
G05_R0236,G05,LOGO,holdout_G05,G05,100,3,1e-06,0.75,0.2,0.2,5.0,9.5362,9.431453295919022
G05_R0237,G05,LOGO,holdout_G05,G05,100,3,1e-06,0.75,0.3,0.2,5.0,10.563,10.452843338654352
G05_R0238,G05,LOGO,holdout_G05,G05,100,3,1e-06,0.7,0.1,0.2,5.0,8.7797,8.673474665228172
G05_R0239,G05,LOGO,holdout_G05,G05,100,3,1e-06,0.7,0.2,0.2,5.0,9.5365,9.431016120026165
G05_R0240,G05,LOGO,holdout_G05,G05,100,3,1e-06,0.7,0.3,0.2,5.0,10.563,10.452884154130542
G05_R0241,G05,LOGO,holdout_G05,G05,100,6,0.001,0.85,0.1,0.2,5.0,10.009,9.95753644958064
G05_R0242,G05,LOGO,holdout_G05,G05,100,6,0.001,0.85,0.2,0.2,5.0,10.769,10.725487380952366
G05_R0243,G05,LOGO,holdout_G05,G05,100,6,0.001,0.85,0.3,0.2,5.0,11.696,11.633436767361117
G05_R0244,G05,LOGO,holdout_G05,G05,100,6,0.001,0.8,0.1,0.2,5.0,10.018,9.96018132770564
G05_R0245,G05,LOGO,holdout_G05,G05,100,6,0.001,0.8,0.2,0.2,5.0,10.781,10.727391953373006
G05_R0246,G05,LOGO,holdout_G05,G05,100,6,0.001,0.8,0.3,0.2,5.0,11.712,11.639272966765873
G05_R0247,G05,LOGO,holdout_G05,G05,100,6,0.001,0.75,0.1,0.2,5.0,10.028,9.964469777110368
G05_R0248,G05,LOGO,holdout_G05,G05,100,6,0.001,0.75,0.2,0.2,5.0,10.794,10.732904724206342
G05_R0249,G05,LOGO,holdout_G05,G05,100,6,0.001,0.75,0.3,0.2,5.0,11.729,11.66244524607684
G05_R0250,G05,LOGO,holdout_G05,G05,100,6,0.001,0.7,0.1,0.2,5.0,10.038,9.96327785892855
G05_R0251,G05,LOGO,holdout_G05,G05,100,6,0.001,0.7,0.2,0.2,5.0,10.808,10.733508375992056
G05_R0252,G05,LOGO,holdout_G05,G05,100,6,0.001,0.7,0.3,0.2,5.0,11.747,11.667036361156171
G05_R0253,G05,LOGO,holdout_G05,G05,100,6,0.0001,0.85,0.1,0.2,5.0,10.318,10.233959031398808
G05_R0254,G05,LOGO,holdout_G05,G05,100,6,0.0001,0.85,0.2,0.2,5.0,11.149,11.078285444940493
G05_R0255,G05,LOGO,holdout_G05,G05,100,6,0.0001,0.85,0.3,0.2,5.0,12.229,12.191400828869032
G05_R0256,G05,LOGO,holdout_G05,G05,100,6,0.0001,0.8,0.1,0.2,5.0,10.322,10.235271389285714
G05_R0257,G05,LOGO,holdout_G05,G05,100,6,0.0001,0.8,0.2,0.2,5.0,11.154,11.07850426736113
G05_R0258,G05,LOGO,holdout_G05,G05,100,6,0.0001,0.8,0.3,0.2,5.0,12.237,12.192967191964266
G05_R0259,G05,LOGO,holdout_G05,G05,100,6,0.0001,0.75,0.1,0.2,5.0,10.326,10.235501480654763
G05_R0260,G05,LOGO,holdout_G05,G05,100,6,0.0001,0.75,0.2,0.2,5.0,11.16,11.080972184027813
G05_R0261,G05,LOGO,holdout_G05,G05,100,6,0.0001,0.75,0.3,0.2,5.0,12.244,12.195745188988113
G05_R0262,G05,LOGO,holdout_G05,G05,100,6,0.0001,0.7,0.1,0.2,5.0,10.33,10.234918197916665
G05_R0263,G05,LOGO,holdout_G05,G05,100,6,0.0001,0.7,0.2,0.2,5.0,11.166,11.081704273313528
G05_R0264,G05,LOGO,holdout_G05,G05,100,6,0.0001,0.7,0.3,0.2,5.0,12.251,12.195292688988111
G05_R0265,G05,LOGO,holdout_G05,G05,100,6,1e-05,0.85,0.1,0.2,5.0,10.404,10.309856095238151
G05_R0266,G05,LOGO,holdout_G05,G05,100,6,1e-05,0.85,0.2,0.2,5.0,11.256,11.091519947094575
G05_R0267,G05,LOGO,holdout_G05,G05,100,6,1e-05,0.85,0.3,0.2,5.0,12.383,12.31415929464286
G05_R0268,G05,LOGO,holdout_G05,G05,100,6,1e-05,0.8,0.1,0.2,5.0,10.406,10.310642375000056
G05_R0269,G05,LOGO,holdout_G05,G05,100,6,1e-05,0.8,0.2,0.2,5.0,11.258,11.091693299277122
G05_R0270,G05,LOGO,holdout_G05,G05,100,6,1e-05,0.8,0.3,0.2,5.0,12.385,12.335359990981251
G05_R0271,G05,LOGO,holdout_G05,G05,100,6,1e-05,0.75,0.1,0.2,5.0,10.407,10.31010984226195
G05_R0272,G05,LOGO,holdout_G05,G05,100,6,1e-05,0.75,0.2,0.2,5.0,11.26,11.09344183300727
G05_R0273,G05,LOGO,holdout_G05,G05,100,6,1e-05,0.75,0.3,0.2,5.0,12.388,12.34442871965188
G05_R0274,G05,LOGO,holdout_G05,G05,100,6,1e-05,0.7,0.1,0.2,5.0,10.408,10.309712309523846
G05_R0275,G05,LOGO,holdout_G05,G05,100,6,1e-05,0.7,0.2,0.2,5.0,11.262,11.094156794316795
G05_R0276,G05,LOGO,holdout_G05,G05,100,6,1e-05,0.7,0.3,0.2,5.0,12.39,12.345706311913789
G05_R0277,G05,LOGO,holdout_G05,G05,100,6,1e-06,0.85,0.1,0.2,5.0,10.433,10.33172232291684
G05_R0278,G05,LOGO,holdout_G05,G05,100,6,1e-06,0.85,0.2,0.2,5.0,11.29,11.11723834970241
G05_R0279,G05,LOGO,holdout_G05,G05,100,6,1e-06,0.85,0.3,0.2,5.0,12.426,12.32477932043648
G05_R0280,G05,LOGO,holdout_G05,G05,100,6,1e-06,0.8,0.1,0.2,5.0,10.433,10.33229313541684
G05_R0281,G05,LOGO,holdout_G05,G05,100,6,1e-06,0.8,0.2,0.2,5.0,11.291,11.11708440327384
G05_R0282,G05,LOGO,holdout_G05,G05,100,6,1e-06,0.8,0.3,0.2,5.0,12.426,12.355122376893892
G05_R0283,G05,LOGO,holdout_G05,G05,100,6,1e-06,0.75,0.1,0.2,5.0,10.434,10.33164920089303
G05_R0284,G05,LOGO,holdout_G05,G05,100,6,1e-06,0.75,0.2,0.2,5.0,11.291,11.11760311160718
G05_R0285,G05,LOGO,holdout_G05,G05,100,6,1e-06,0.75,0.3,0.2,5.0,12.426,12.365529303481196
G05_R0286,G05,LOGO,holdout_G05,G05,100,6,1e-06,0.7,0.1,0.2,5.0,10.434,10.331425209821594
G05_R0287,G05,LOGO,holdout_G05,G05,100,6,1e-06,0.7,0.2,0.2,5.0,11.291,11.118115879464323
G05_R0288,G05,LOGO,holdout_G05,G05,100,6,1e-06,0.7,0.3,0.2,5.0,12.427,12.36696866657644
G05_R0289,G05,LOGO,holdout_G05,G05,100,20,0.001,0.85,0.1,0.2,5.0,14.307,14.116693977182551
G05_R0290,G05,LOGO,holdout_G05,G05,100,20,0.001,0.85,0.2,0.2,5.0,15.345,15.208716076704542
G05_R0291,G05,LOGO,holdout_G05,G05,100,20,0.001,0.85,0.3,0.2,5.0,16.638,16.52638753769841
G05_R0292,G05,LOGO,holdout_G05,G05,100,20,0.001,0.8,0.1,0.2,5.0,14.32,14.121914852182554
G05_R0293,G05,LOGO,holdout_G05,G05,100,20,0.001,0.8,0.2,0.2,5.0,15.362,15.21159713920454
G05_R0294,G05,LOGO,holdout_G05,G05,100,20,0.001,0.8,0.3,0.2,5.0,16.661,16.53149859424603
G05_R0295,G05,LOGO,holdout_G05,G05,100,20,0.001,0.75,0.1,0.2,5.0,14.333,14.126691515873054
G05_R0296,G05,LOGO,holdout_G05,G05,100,20,0.001,0.75,0.2,0.2,5.0,15.38,15.21959403007757
G05_R0297,G05,LOGO,holdout_G05,G05,100,20,0.001,0.75,0.3,0.2,5.0,16.684,16.545353521329346
G05_R0298,G05,LOGO,holdout_G05,G05,100,20,0.001,0.7,0.1,0.2,5.0,14.348,14.124154507936549
G05_R0299,G05,LOGO,holdout_G05,G05,100,20,0.001,0.7,0.2,0.2,5.0,15.399,15.218184446744235
G05_R0300,G05,LOGO,holdout_G05,G05,100,20,0.001,0.7,0.3,0.2,5.0,16.708,16.548310446924578
G05_R0301,G05,LOGO,holdout_G05,G05,100,20,0.0001,0.85,0.1,0.2,5.0,14.73,14.463913420589831
G05_R0302,G05,LOGO,holdout_G05,G05,100,20,0.0001,0.85,0.2,0.2,5.0,15.839,15.620325117153657
G05_R0303,G05,LOGO,holdout_G05,G05,100,20,0.0001,0.85,0.3,0.2,5.0,17.327,17.101341850829705
G05_R0304,G05,LOGO,holdout_G05,G05,100,20,0.0001,0.8,0.1,0.2,5.0,14.735,14.469566941423166
G05_R0305,G05,LOGO,holdout_G05,G05,100,20,0.0001,0.8,0.2,0.2,5.0,15.847,15.621439325486984
G05_R0306,G05,LOGO,holdout_G05,G05,100,20,0.0001,0.8,0.3,0.2,5.0,17.337,17.102063761543988
G05_R0307,G05,LOGO,holdout_G05,G05,100,20,0.0001,0.75,0.1,0.2,5.0,14.74,14.471889967216782
G05_R0308,G05,LOGO,holdout_G05,G05,100,20,0.0001,0.75,0.2,0.2,5.0,15.854,15.62468753828461
G05_R0309,G05,LOGO,holdout_G05,G05,100,20,0.0001,0.75,0.3,0.2,5.0,17.347,17.10485771690116
G05_R0310,G05,LOGO,holdout_G05,G05,100,20,0.0001,0.7,0.1,0.2,5.0,14.746,14.469306971185038
G05_R0311,G05,LOGO,holdout_G05,G05,100,20,0.0001,0.7,0.2,0.2,5.0,15.863,15.62356455911794
G05_R0312,G05,LOGO,holdout_G05,G05,100,20,0.0001,0.7,0.3,0.2,5.0,17.358,17.1033493002345
G05_R0313,G05,LOGO,holdout_G05,G05,100,20,1e-05,0.85,0.1,0.2,5.0,14.843,14.57878066964286
G05_R0314,G05,LOGO,holdout_G05,G05,100,20,1e-05,0.85,0.2,0.2,5.0,15.968,15.726532516955247
G05_R0315,G05,LOGO,holdout_G05,G05,100,20,1e-05,0.85,0.3,0.2,5.0,17.505,17.248194517361082
G05_R0316,G05,LOGO,holdout_G05,G05,100,20,1e-05,0.8,0.1,0.2,5.0,14.845,14.58193916071429
G05_R0317,G05,LOGO,holdout_G05,G05,100,20,1e-05,0.8,0.2,0.2,5.0,15.971,15.727459888979046
G05_R0318,G05,LOGO,holdout_G05,G05,100,20,1e-05,0.8,0.3,0.2,5.0,17.509,17.24910704712299
G05_R0319,G05,LOGO,holdout_G05,G05,100,20,1e-05,0.75,0.1,0.2,5.0,14.847,14.58275226984131
G05_R0320,G05,LOGO,holdout_G05,G05,100,20,1e-05,0.75,0.2,0.2,5.0,15.974,15.728632734217117
G05_R0321,G05,LOGO,holdout_G05,G05,100,20,1e-05,0.75,0.3,0.2,5.0,17.512,17.24927834623017
G05_R0322,G05,LOGO,holdout_G05,G05,100,20,1e-05,0.7,0.1,0.2,5.0,14.849,14.581049148809562
G05_R0323,G05,LOGO,holdout_G05,G05,100,20,1e-05,0.7,0.2,0.2,5.0,15.976,15.72763913005044
G05_R0324,G05,LOGO,holdout_G05,G05,100,20,1e-05,0.7,0.3,0.2,5.0,17.516,17.248298908730174
G05_R0325,G05,LOGO,holdout_G05,G05,100,20,1e-06,0.85,0.1,0.2,5.0,14.883,14.60895472470245
G05_R0326,G05,LOGO,holdout_G05,G05,100,20,1e-06,0.85,0.2,0.2,5.0,16.009,15.75720401176944
G05_R0327,G05,LOGO,holdout_G05,G05,100,20,1e-06,0.85,0.3,0.2,5.0,17.552,17.283341752795707
G05_R0328,G05,LOGO,holdout_G05,G05,100,20,1e-06,0.8,0.1,0.2,5.0,14.883,14.611873549107212
G05_R0329,G05,LOGO,holdout_G05,G05,100,20,1e-06,0.8,0.2,0.2,5.0,16.01,15.757513967126572
G05_R0330,G05,LOGO,holdout_G05,G05,100,20,1e-06,0.8,0.3,0.2,5.0,17.553,17.284128605474276
G05_R0331,G05,LOGO,holdout_G05,G05,100,20,1e-06,0.75,0.1,0.2,5.0,14.883,14.612404289186594
G05_R0332,G05,LOGO,holdout_G05,G05,100,20,1e-06,0.75,0.2,0.2,5.0,16.01,15.757922726055137
G05_R0333,G05,LOGO,holdout_G05,G05,100,20,1e-06,0.75,0.3,0.2,5.0,17.554,17.283773673926667
G05_R0334,G05,LOGO,holdout_G05,G05,100,20,1e-06,0.7,0.1,0.2,5.0,14.884,14.611082973710404
G05_R0335,G05,LOGO,holdout_G05,G05,100,20,1e-06,0.7,0.2,0.2,5.0,16.011,15.757069788555128
G05_R0336,G05,LOGO,holdout_G05,G05,100,20,1e-06,0.7,0.3,0.2,5.0,17.555,17.283223007260002
G05_R0337,G05,LOGO,holdout_G05,G05,100,50,0.001,0.85,0.1,0.2,5.0,19.184,18.971054792162672
G05_R0338,G05,LOGO,holdout_G05,G05,100,50,0.001,0.85,0.2,0.2,5.0,20.706,20.491435298611144
G05_R0339,G05,LOGO,holdout_G05,G05,100,50,0.001,0.85,0.3,0.2,5.0,22.475,22.276040026289685
G05_R0340,G05,LOGO,holdout_G05,G05,100,50,0.001,0.8,0.1,0.2,5.0,19.202,18.97525779216268
G05_R0341,G05,LOGO,holdout_G05,G05,100,50,0.001,0.8,0.2,0.2,5.0,20.73,20.49620320039685
G05_R0342,G05,LOGO,holdout_G05,G05,100,50,0.001,0.8,0.3,0.2,5.0,22.507,22.278797064980168
G05_R0343,G05,LOGO,holdout_G05,G05,100,50,0.001,0.75,0.1,0.2,5.0,19.22,18.98034407490079
G05_R0344,G05,LOGO,holdout_G05,G05,100,50,0.001,0.75,0.2,0.2,5.0,20.756,20.5037334811508
G05_R0345,G05,LOGO,holdout_G05,G05,100,50,0.001,0.75,0.3,0.2,5.0,22.541,22.29610001339285
G05_R0346,G05,LOGO,holdout_G05,G05,100,50,0.001,0.7,0.1,0.2,5.0,19.24,18.978046866567453
G05_R0347,G05,LOGO,holdout_G05,G05,100,50,0.001,0.7,0.2,0.2,5.0,20.783,20.49926329067461
G05_R0348,G05,LOGO,holdout_G05,G05,100,50,0.001,0.7,0.3,0.2,5.0,22.575,22.29622987351189
G05_R0349,G05,LOGO,holdout_G05,G05,100,50,0.0001,0.85,0.1,0.2,5.0,19.757,19.453207838293675
G05_R0350,G05,LOGO,holdout_G05,G05,100,50,0.0001,0.85,0.2,0.2,5.0,21.373,21.021866910218247
G05_R0351,G05,LOGO,holdout_G05,G05,100,50,0.0001,0.85,0.3,0.2,5.0,23.43,23.043468633432564
G05_R0352,G05,LOGO,holdout_G05,G05,100,50,0.0001,0.8,0.1,0.2,5.0,19.764,19.457490171627004
G05_R0353,G05,LOGO,holdout_G05,G05,100,50,0.0001,0.8,0.2,0.2,5.0,21.383,21.026674472718245
G05_R0354,G05,LOGO,holdout_G05,G05,100,50,0.0001,0.8,0.3,0.2,5.0,23.444,23.0475321230159
G05_R0355,G05,LOGO,holdout_G05,G05,100,50,0.0001,0.75,0.1,0.2,5.0,19.772,19.457967781746035
G05_R0356,G05,LOGO,holdout_G05,G05,100,50,0.0001,0.75,0.2,0.2,5.0,21.395,21.029019457837325
G05_R0357,G05,LOGO,holdout_G05,G05,100,50,0.0001,0.75,0.3,0.2,5.0,23.459,23.05484335218255
G05_R0358,G05,LOGO,holdout_G05,G05,100,50,0.0001,0.7,0.1,0.2,5.0,19.78,19.454863760912698
G05_R0359,G05,LOGO,holdout_G05,G05,100,50,0.0001,0.7,0.2,0.2,5.0,21.406,21.02530897966273
G05_R0360,G05,LOGO,holdout_G05,G05,100,50,0.0001,0.7,0.3,0.2,5.0,23.475,23.053339623015887
G05_R0361,G05,LOGO,holdout_G05,G05,100,50,1e-05,0.85,0.1,0.2,5.0,19.918,19.600488164592413
G05_R0362,G05,LOGO,holdout_G05,G05,100,50,1e-05,0.85,0.2,0.2,5.0,21.544,21.18179356759554
G05_R0363,G05,LOGO,holdout_G05,G05,100,50,1e-05,0.85,0.3,0.2,5.0,23.666,23.238682945797198
G05_R0364,G05,LOGO,holdout_G05,G05,100,50,1e-05,0.8,0.1,0.2,5.0,19.92,19.603854176497176
G05_R0365,G05,LOGO,holdout_G05,G05,100,50,1e-05,0.8,0.2,0.2,5.0,21.548,21.18556427890508
G05_R0366,G05,LOGO,holdout_G05,G05,100,50,1e-05,0.8,0.3,0.2,5.0,23.671,23.24212054996387
G05_R0367,G05,LOGO,holdout_G05,G05,100,50,1e-05,0.75,0.1,0.2,5.0,19.923,19.60466028959237
G05_R0368,G05,LOGO,holdout_G05,G05,100,50,1e-05,0.75,0.2,0.2,5.0,21.552,21.1869611300956
G05_R0369,G05,LOGO,holdout_G05,G05,100,50,1e-05,0.75,0.3,0.2,5.0,23.677,23.244556913059103
G05_R0370,G05,LOGO,holdout_G05,G05,100,50,1e-05,0.7,0.1,0.2,5.0,19.925,19.60399022709237
G05_R0371,G05,LOGO,holdout_G05,G05,100,50,1e-05,0.7,0.2,0.2,5.0,21.556,21.184632601325767
G05_R0372,G05,LOGO,holdout_G05,G05,100,50,1e-05,0.7,0.3,0.2,5.0,23.683,23.24391379847577
G05_R0373,G05,LOGO,holdout_G05,G05,100,50,1e-06,0.85,0.1,0.2,5.0,19.972,19.64194732492506
G05_R0374,G05,LOGO,holdout_G05,G05,100,50,1e-06,0.85,0.2,0.2,5.0,21.602,21.22530906362725
G05_R0375,G05,LOGO,holdout_G05,G05,100,50,1e-06,0.85,0.3,0.2,5.0,23.73,23.285908078237707
G05_R0376,G05,LOGO,holdout_G05,G05,100,50,1e-06,0.8,0.1,0.2,5.0,19.973,19.644737086829824
G05_R0377,G05,LOGO,holdout_G05,G05,100,50,1e-06,0.8,0.2,0.2,5.0,21.603,21.229152462436787
G05_R0378,G05,LOGO,holdout_G05,G05,100,50,1e-06,0.8,0.3,0.2,5.0,23.732,23.288455026154384
G05_R0379,G05,LOGO,holdout_G05,G05,100,50,1e-06,0.75,0.1,0.2,5.0,19.973,19.644762116591732
G05_R0380,G05,LOGO,holdout_G05,G05,100,50,1e-06,0.75,0.2,0.2,5.0,21.603,21.22991562612731
G05_R0381,G05,LOGO,holdout_G05,G05,100,50,1e-06,0.75,0.3,0.2,5.0,23.733,23.290396744408284
G05_R0382,G05,LOGO,holdout_G05,G05,100,50,1e-06,0.7,0.1,0.2,5.0,19.974,19.644218033258404
G05_R0383,G05,LOGO,holdout_G05,G05,100,50,1e-06,0.7,0.2,0.2,5.0,21.604,21.227296548746367
G05_R0384,G05,LOGO,holdout_G05,G05,100,50,1e-06,0.7,0.3,0.2,5.0,23.734,23.28999946315828
G05_R0385,G05,LOGO,holdout_G05,G05,250,3,0.001,0.85,0.1,0.2,5.0,10.565,10.300344534586962
G05_R0386,G05,LOGO,holdout_G05,G05,250,3,0.001,0.85,0.2,0.2,5.0,11.484,11.20006997271826
G05_R0387,G05,LOGO,holdout_G05,G05,250,3,0.001,0.85,0.3,0.2,5.0,12.698,12.416723188311678
G05_R0388,G05,LOGO,holdout_G05,G05,250,3,0.001,0.8,0.1,0.2,5.0,10.577,10.301710263753629
G05_R0389,G05,LOGO,holdout_G05,G05,250,3,0.001,0.8,0.2,0.2,5.0,11.5,11.200393368551593
G05_R0390,G05,LOGO,holdout_G05,G05,250,3,0.001,0.8,0.3,0.2,5.0,12.719,12.426549352498183
G05_R0391,G05,LOGO,holdout_G05,G05,250,3,0.001,0.75,0.1,0.2,5.0,10.589,10.304803144706025
G05_R0392,G05,LOGO,holdout_G05,G05,250,3,0.001,0.75,0.2,0.2,5.0,11.517,11.206364627480148
G05_R0393,G05,LOGO,holdout_G05,G05,250,3,0.001,0.75,0.3,0.2,5.0,12.74,12.440170443272002
G05_R0394,G05,LOGO,holdout_G05,G05,250,3,0.001,0.7,0.1,0.2,5.0,10.603,10.303321973079042
G05_R0395,G05,LOGO,holdout_G05,G05,250,3,0.001,0.7,0.2,0.2,5.0,11.534,11.206890476190464
G05_R0396,G05,LOGO,holdout_G05,G05,250,3,0.001,0.7,0.3,0.2,5.0,12.761,12.443076341585495
G05_R0397,G05,LOGO,holdout_G05,G05,250,3,0.0001,0.85,0.1,0.2,5.0,10.763,10.4568024608135
G05_R0398,G05,LOGO,holdout_G05,G05,250,3,0.0001,0.85,0.2,0.2,5.0,11.6,11.267126873015895
G05_R0399,G05,LOGO,holdout_G05,G05,250,3,0.0001,0.85,0.3,0.2,5.0,12.782,12.402325499503952
G05_R0400,G05,LOGO,holdout_G05,G05,250,3,0.0001,0.8,0.1,0.2,5.0,10.768,10.458472721230164
G05_R0401,G05,LOGO,holdout_G05,G05,250,3,0.0001,0.8,0.2,0.2,5.0,11.608,11.267962060515895
G05_R0402,G05,LOGO,holdout_G05,G05,250,3,0.0001,0.8,0.3,0.2,5.0,12.792,12.409092051587276
G05_R0403,G05,LOGO,holdout_G05,G05,250,3,0.0001,0.75,0.1,0.2,5.0,10.773,10.45860334325399
G05_R0404,G05,LOGO,holdout_G05,G05,250,3,0.0001,0.75,0.2,0.2,5.0,11.616,11.27083959325399
G05_R0405,G05,LOGO,holdout_G05,G05,250,3,0.0001,0.75,0.3,0.2,5.0,12.802,12.417743493551573
G05_R0406,G05,LOGO,holdout_G05,G05,250,3,0.0001,0.7,0.1,0.2,5.0,10.778,10.45706512996034
G05_R0407,G05,LOGO,holdout_G05,G05,250,3,0.0001,0.7,0.2,0.2,5.0,11.624,11.271257007440497
G05_R0408,G05,LOGO,holdout_G05,G05,250,3,0.0001,0.7,0.3,0.2,5.0,12.813,12.422491491567447
G05_R0409,G05,LOGO,holdout_G05,G05,250,3,1e-05,0.85,0.1,0.2,5.0,10.814,10.502563363095224
G05_R0410,G05,LOGO,holdout_G05,G05,250,3,1e-05,0.85,0.2,0.2,5.0,11.595,11.256849033504698
G05_R0411,G05,LOGO,holdout_G05,G05,250,3,1e-05,0.85,0.3,0.2,5.0,12.756,12.35823136607142
G05_R0412,G05,LOGO,holdout_G05,G05,250,3,1e-05,0.8,0.1,0.2,5.0,10.816,10.503299386904748
G05_R0413,G05,LOGO,holdout_G05,G05,250,3,1e-05,0.8,0.2,0.2,5.0,11.598,11.2572535022547
G05_R0414,G05,LOGO,holdout_G05,G05,250,3,1e-05,0.8,0.3,0.2,5.0,12.761,12.35805631001982
G05_R0415,G05,LOGO,holdout_G05,G05,250,3,1e-05,0.75,0.1,0.2,5.0,10.817,10.50378865773806
G05_R0416,G05,LOGO,holdout_G05,G05,250,3,1e-05,0.75,0.2,0.2,5.0,11.601,11.25877493380231
G05_R0417,G05,LOGO,holdout_G05,G05,250,3,1e-05,0.75,0.3,0.2,5.0,12.766,12.363317628472192
G05_R0418,G05,LOGO,holdout_G05,G05,250,3,1e-05,0.7,0.1,0.2,5.0,10.819,10.503245350694415
G05_R0419,G05,LOGO,holdout_G05,G05,250,3,1e-05,0.7,0.2,0.2,5.0,11.605,11.259359839060243
G05_R0420,G05,LOGO,holdout_G05,G05,250,3,1e-05,0.7,0.3,0.2,5.0,12.771,12.370807465773796
G05_R0421,G05,LOGO,holdout_G05,G05,250,3,1e-06,0.85,0.1,0.2,5.0,10.836,10.518114670138866
G05_R0422,G05,LOGO,holdout_G05,G05,250,3,1e-06,0.85,0.2,0.2,5.0,11.588,11.25102524779043
G05_R0423,G05,LOGO,holdout_G05,G05,250,3,1e-06,0.85,0.3,0.2,5.0,12.734,12.34840040972226
G05_R0424,G05,LOGO,holdout_G05,G05,250,3,1e-06,0.8,0.1,0.2,5.0,10.836,10.518790756448391
G05_R0425,G05,LOGO,holdout_G05,G05,250,3,1e-06,0.8,0.2,0.2,5.0,11.589,11.251313685290429
G05_R0426,G05,LOGO,holdout_G05,G05,250,3,1e-06,0.8,0.3,0.2,5.0,12.736,12.348065426091296
G05_R0427,G05,LOGO,holdout_G05,G05,250,3,1e-06,0.75,0.1,0.2,5.0,10.836,10.519023435019816
G05_R0428,G05,LOGO,holdout_G05,G05,250,3,1e-06,0.75,0.2,0.2,5.0,11.59,11.252176822195214
G05_R0429,G05,LOGO,holdout_G05,G05,250,3,1e-06,0.75,0.3,0.2,5.0,12.738,12.352182500496031
G05_R0430,G05,LOGO,holdout_G05,G05,250,3,1e-06,0.7,0.1,0.2,5.0,10.836,10.518477002976171
G05_R0431,G05,LOGO,holdout_G05,G05,250,3,1e-06,0.7,0.2,0.2,5.0,11.591,11.252892117334104
G05_R0432,G05,LOGO,holdout_G05,G05,250,3,1e-06,0.7,0.3,0.2,5.0,12.74,12.360327605654769
G05_R0433,G05,LOGO,holdout_G05,G05,250,6,0.001,0.85,0.1,0.2,5.0,12.918,12.530013505952406
G05_R0434,G05,LOGO,holdout_G05,G05,250,6,0.001,0.85,0.2,0.2,5.0,14.042,13.58429869146824
G05_R0435,G05,LOGO,holdout_G05,G05,250,6,0.001,0.85,0.3,0.2,5.0,15.527,15.163658198908696
G05_R0436,G05,LOGO,holdout_G05,G05,250,6,0.001,0.8,0.1,0.2,5.0,12.933,12.531712005952407
G05_R0437,G05,LOGO,holdout_G05,G05,250,6,0.001,0.8,0.2,0.2,5.0,14.061,13.58359484573411
G05_R0438,G05,LOGO,holdout_G05,G05,250,6,0.001,0.8,0.3,0.2,5.0,15.552,15.168909564980124
G05_R0439,G05,LOGO,holdout_G05,G05,250,6,0.001,0.75,0.1,0.2,5.0,12.948,12.536069750992072
G05_R0440,G05,LOGO,holdout_G05,G05,250,6,0.001,0.75,0.2,0.2,5.0,14.081,13.590645130456323
G05_R0441,G05,LOGO,holdout_G05,G05,250,6,0.001,0.75,0.3,0.2,5.0,15.577,15.180293114087275
G05_R0442,G05,LOGO,holdout_G05,G05,250,6,0.001,0.7,0.1,0.2,5.0,12.964,12.53500916170636
G05_R0443,G05,LOGO,holdout_G05,G05,250,6,0.001,0.7,0.2,0.2,5.0,14.102,13.59935557242061
G05_R0444,G05,LOGO,holdout_G05,G05,250,6,0.001,0.7,0.3,0.2,5.0,15.603,15.180743283730132
G05_R0445,G05,LOGO,holdout_G05,G05,250,6,0.0001,0.85,0.1,0.2,5.0,13.143,12.711584557629822
G05_R0446,G05,LOGO,holdout_G05,G05,250,6,0.0001,0.85,0.2,0.2,5.0,14.146,13.664555397817477
G05_R0447,G05,LOGO,holdout_G05,G05,250,6,0.0001,0.85,0.3,0.2,5.0,15.559,15.025445618055562
G05_R0448,G05,LOGO,holdout_G05,G05,250,6,0.0001,0.8,0.1,0.2,5.0,13.148,12.713654015963154
G05_R0449,G05,LOGO,holdout_G05,G05,250,6,0.0001,0.8,0.2,0.2,5.0,14.155,13.670346511904778
G05_R0450,G05,LOGO,holdout_G05,G05,250,6,0.0001,0.8,0.3,0.2,5.0,15.571,15.027020306547625
G05_R0451,G05,LOGO,holdout_G05,G05,250,6,0.0001,0.75,0.1,0.2,5.0,13.154,12.715639974296488
G05_R0452,G05,LOGO,holdout_G05,G05,250,6,0.0001,0.75,0.2,0.2,5.0,14.165,13.677944756448412
G05_R0453,G05,LOGO,holdout_G05,G05,250,6,0.0001,0.75,0.3,0.2,5.0,15.584,15.034258205357157
G05_R0454,G05,LOGO,holdout_G05,G05,250,6,0.0001,0.7,0.1,0.2,5.0,13.161,12.714490489177445
G05_R0455,G05,LOGO,holdout_G05,G05,250,6,0.0001,0.7,0.2,0.2,5.0,14.175,13.680540673115065
G05_R0456,G05,LOGO,holdout_G05,G05,250,6,0.0001,0.7,0.3,0.2,5.0,15.597,15.041295669642867
G05_R0457,G05,LOGO,holdout_G05,G05,250,6,1e-05,0.85,0.1,0.2,5.0,13.199,12.760115727768794
G05_R0458,G05,LOGO,holdout_G05,G05,250,6,1e-05,0.85,0.2,0.2,5.0,14.127,13.645860116567473
G05_R0459,G05,LOGO,holdout_G05,G05,250,6,1e-05,0.85,0.3,0.2,5.0,15.508,14.9329170729167
G05_R0460,G05,LOGO,holdout_G05,G05,250,6,1e-05,0.8,0.1,0.2,5.0,13.201,12.76087554026879
G05_R0461,G05,LOGO,holdout_G05,G05,250,6,1e-05,0.8,0.2,0.2,5.0,14.13,13.648107815476198
G05_R0462,G05,LOGO,holdout_G05,G05,250,6,1e-05,0.8,0.3,0.2,5.0,15.514,14.933879409226227
G05_R0463,G05,LOGO,holdout_G05,G05,250,6,1e-05,0.75,0.1,0.2,5.0,13.202,12.761784257530714
G05_R0464,G05,LOGO,holdout_G05,G05,250,6,1e-05,0.75,0.2,0.2,5.0,14.134,13.65104591121032
G05_R0465,G05,LOGO,holdout_G05,G05,250,6,1e-05,0.75,0.3,0.2,5.0,15.52,14.93731706547622
G05_R0466,G05,LOGO,holdout_G05,G05,250,6,1e-05,0.7,0.1,0.2,5.0,13.204,12.761510986697385
G05_R0467,G05,LOGO,holdout_G05,G05,250,6,1e-05,0.7,0.2,0.2,5.0,14.139,13.653071738591269
G05_R0468,G05,LOGO,holdout_G05,G05,250,6,1e-05,0.7,0.3,0.2,5.0,15.526,14.945157142857164
G05_R0469,G05,LOGO,holdout_G05,G05,250,6,1e-06,0.85,0.1,0.2,5.0,13.225,12.77759754414678
G05_R0470,G05,LOGO,holdout_G05,G05,250,6,1e-06,0.85,0.2,0.2,5.0,14.107,13.631818011994964
G05_R0471,G05,LOGO,holdout_G05,G05,250,6,1e-06,0.85,0.3,0.2,5.0,15.477,14.916877361111151
G05_R0472,G05,LOGO,holdout_G05,G05,250,6,1e-06,0.8,0.1,0.2,5.0,13.225,12.778194335813444
G05_R0473,G05,LOGO,holdout_G05,G05,250,6,1e-06,0.8,0.2,0.2,5.0,14.108,13.63280357995131
G05_R0474,G05,LOGO,holdout_G05,G05,250,6,1e-06,0.8,0.3,0.2,5.0,15.479,14.916292529265911
G05_R0475,G05,LOGO,holdout_G05,G05,250,6,1e-06,0.75,0.1,0.2,5.0,13.225,12.778495124503925
G05_R0476,G05,LOGO,holdout_G05,G05,250,6,1e-06,0.75,0.2,0.2,5.0,14.109,13.635200764475112
G05_R0477,G05,LOGO,holdout_G05,G05,250,6,1e-06,0.75,0.3,0.2,5.0,15.481,14.91863800992064
G05_R0478,G05,LOGO,holdout_G05,G05,250,6,1e-06,0.7,0.1,0.2,5.0,13.225,12.778314347718212
G05_R0479,G05,LOGO,holdout_G05,G05,250,6,1e-06,0.7,0.2,0.2,5.0,14.111,13.637989219832248
G05_R0480,G05,LOGO,holdout_G05,G05,250,6,1e-06,0.7,0.3,0.2,5.0,15.484,14.92521724206349
G05_R0481,G05,LOGO,holdout_G05,G05,250,20,0.001,0.85,0.1,0.2,5.0,18.969,18.17825029513884
G05_R0482,G05,LOGO,holdout_G05,G05,250,20,0.001,0.85,0.2,0.2,5.0,20.711,20.007567026560245
G05_R0483,G05,LOGO,holdout_G05,G05,250,20,0.001,0.85,0.3,0.2,5.0,22.971,22.38201342843614
G05_R0484,G05,LOGO,holdout_G05,G05,250,20,0.001,0.8,0.1,0.2,5.0,18.991,18.180725565972185
G05_R0485,G05,LOGO,holdout_G05,G05,250,20,0.001,0.8,0.2,0.2,5.0,20.74,20.014998913465035
G05_R0486,G05,LOGO,holdout_G05,G05,250,20,0.001,0.8,0.3,0.2,5.0,23.009,22.380308240936152
G05_R0487,G05,LOGO,holdout_G05,G05,250,20,0.001,0.75,0.1,0.2,5.0,19.014,18.189468682043596
G05_R0488,G05,LOGO,holdout_G05,G05,250,20,0.001,0.75,0.2,0.2,5.0,20.769,20.034324381944465
G05_R0489,G05,LOGO,holdout_G05,G05,250,20,0.001,0.75,0.3,0.2,5.0,23.047,22.39252587270025
G05_R0490,G05,LOGO,holdout_G05,G05,250,20,0.001,0.7,0.1,0.2,5.0,19.038,18.18885422073407
G05_R0491,G05,LOGO,holdout_G05,G05,250,20,0.001,0.7,0.2,0.2,5.0,20.799,20.0407510248016
G05_R0492,G05,LOGO,holdout_G05,G05,250,20,0.001,0.7,0.3,0.2,5.0,23.085,22.399844048295485
G05_R0493,G05,LOGO,holdout_G05,G05,250,20,0.0001,0.85,0.1,0.2,5.0,19.285,18.50473172303389
G05_R0494,G05,LOGO,holdout_G05,G05,250,20,0.0001,0.85,0.2,0.2,5.0,20.826,20.01158208906024
G05_R0495,G05,LOGO,holdout_G05,G05,250,20,0.0001,0.85,0.3,0.2,5.0,23.002,21.89859087594701
G05_R0496,G05,LOGO,holdout_G05,G05,250,20,0.0001,0.8,0.1,0.2,5.0,19.294,18.50787776866884
G05_R0497,G05,LOGO,holdout_G05,G05,250,20,0.0001,0.8,0.2,0.2,5.0,20.841,20.017604271599943
G05_R0498,G05,LOGO,holdout_G05,G05,250,20,0.0001,0.8,0.3,0.2,5.0,23.021,21.897829105113694
G05_R0499,G05,LOGO,holdout_G05,G05,250,20,0.0001,0.75,0.1,0.2,5.0,19.303,18.518554419958505
G05_R0500,G05,LOGO,holdout_G05,G05,250,20,0.0001,0.75,0.2,0.2,5.0,20.856,20.031783567460327
G05_R0501,G05,LOGO,holdout_G05,G05,250,20,0.0001,0.75,0.3,0.2,5.0,23.04,21.904025562770634
G05_R0502,G05,LOGO,holdout_G05,G05,250,20,0.0001,0.7,0.1,0.2,5.0,19.313,18.52073596360932
G05_R0503,G05,LOGO,holdout_G05,G05,250,20,0.0001,0.7,0.2,0.2,5.0,20.872,20.036775171626985
G05_R0504,G05,LOGO,holdout_G05,G05,250,20,0.0001,0.7,0.3,0.2,5.0,23.06,21.91285571753253
G05_R0505,G05,LOGO,holdout_G05,G05,250,20,1e-05,0.85,0.1,0.2,5.0,19.355,18.576677505952347
G05_R0506,G05,LOGO,holdout_G05,G05,250,20,1e-05,0.85,0.2,0.2,5.0,20.779,19.829976218750044
G05_R0507,G05,LOGO,holdout_G05,G05,250,20,1e-05,0.85,0.3,0.2,5.0,22.881,21.725427059614013
G05_R0508,G05,LOGO,holdout_G05,G05,250,20,1e-05,0.8,0.1,0.2,5.0,19.358,18.575990172619026
G05_R0509,G05,LOGO,holdout_G05,G05,250,20,1e-05,0.8,0.2,0.2,5.0,20.785,19.830198028273845
G05_R0510,G05,LOGO,holdout_G05,G05,250,20,1e-05,0.8,0.3,0.2,5.0,22.889,21.727081776875924
G05_R0511,G05,LOGO,holdout_G05,G05,250,20,1e-05,0.75,0.1,0.2,5.0,19.36,18.57699928869052
G05_R0512,G05,LOGO,holdout_G05,G05,250,20,1e-05,0.75,0.2,0.2,5.0,20.791,19.832245886408725
G05_R0513,G05,LOGO,holdout_G05,G05,250,20,1e-05,0.75,0.3,0.2,5.0,22.898,21.730040355744972
G05_R0514,G05,LOGO,holdout_G05,G05,250,20,1e-05,0.7,0.1,0.2,5.0,19.363,18.576996205357187
G05_R0515,G05,LOGO,holdout_G05,G05,250,20,1e-05,0.7,0.2,0.2,5.0,20.798,19.834595309027776
G05_R0516,G05,LOGO,holdout_G05,G05,250,20,1e-05,0.7,0.3,0.2,5.0,22.908,21.733242903364022
G05_R0517,G05,LOGO,holdout_G05,G05,250,20,1e-06,0.85,0.1,0.2,5.0,19.392,18.605003074404628
G05_R0518,G05,LOGO,holdout_G05,G05,250,20,1e-06,0.85,0.2,0.2,5.0,20.658,19.814636337707483
G05_R0519,G05,LOGO,holdout_G05,G05,250,20,1e-06,0.85,0.3,0.2,5.0,22.832,21.70629958581349
G05_R0520,G05,LOGO,holdout_G05,G05,250,20,1e-06,0.8,0.1,0.2,5.0,19.392,18.605344116071297
G05_R0521,G05,LOGO,holdout_G05,G05,250,20,1e-06,0.8,0.2,0.2,5.0,20.659,19.815168348620176
G05_R0522,G05,LOGO,holdout_G05,G05,250,20,1e-06,0.8,0.3,0.2,5.0,22.835,21.708148740575403
G05_R0523,G05,LOGO,holdout_G05,G05,250,20,1e-06,0.75,0.1,0.2,5.0,19.392,18.60560458035704
G05_R0524,G05,LOGO,holdout_G05,G05,250,20,1e-06,0.75,0.2,0.2,5.0,20.661,19.81639400139791
G05_R0525,G05,LOGO,holdout_G05,G05,250,20,1e-06,0.75,0.3,0.2,5.0,22.839,21.708584309027824
G05_R0526,G05,LOGO,holdout_G05,G05,250,20,1e-06,0.7,0.1,0.2,5.0,19.393,18.605439267857044
G05_R0527,G05,LOGO,holdout_G05,G05,250,20,1e-06,0.7,0.2,0.2,5.0,20.663,19.818712090683626
G05_R0528,G05,LOGO,holdout_G05,G05,250,20,1e-06,0.7,0.3,0.2,5.0,22.843,21.7114569399802
G05_R0529,G05,LOGO,holdout_G05,G05,250,50,0.001,0.85,0.1,0.2,5.0,26.011,24.71057634077384
G05_R0530,G05,LOGO,holdout_G05,G05,250,50,0.001,0.85,0.2,0.2,5.0,28.487,27.242782550369707
G05_R0531,G05,LOGO,holdout_G05,G05,250,50,0.001,0.85,0.3,0.2,5.0,31.799,30.68198674107149
G05_R0532,G05,LOGO,holdout_G05,G05,250,50,0.001,0.8,0.1,0.2,5.0,26.041,24.71306611160718
G05_R0533,G05,LOGO,holdout_G05,G05,250,50,0.001,0.8,0.2,0.2,5.0,28.523,27.244976977453025
G05_R0534,G05,LOGO,holdout_G05,G05,250,50,0.001,0.8,0.3,0.2,5.0,31.849,30.67559724652784
G05_R0535,G05,LOGO,holdout_G05,G05,250,50,0.001,0.75,0.1,0.2,5.0,26.072,24.72221260069448
G05_R0536,G05,LOGO,holdout_G05,G05,250,50,0.001,0.75,0.2,0.2,5.0,28.56,27.25791450572688
G05_R0537,G05,LOGO,holdout_G05,G05,250,50,0.001,0.75,0.3,0.2,5.0,31.9,30.69789364087312
G05_R0538,G05,LOGO,holdout_G05,G05,250,50,0.001,0.7,0.1,0.2,5.0,26.105,24.72023366319448
G05_R0539,G05,LOGO,holdout_G05,G05,250,50,0.001,0.7,0.2,0.2,5.0,28.598,27.25938845215546
G05_R0540,G05,LOGO,holdout_G05,G05,250,50,0.001,0.7,0.3,0.2,5.0,31.949,30.709798542658827
G05_R0541,G05,LOGO,holdout_G05,G05,250,50,0.0001,0.85,0.1,0.2,5.0,26.444,24.99818772519845
G05_R0542,G05,LOGO,holdout_G05,G05,250,50,0.0001,0.85,0.2,0.2,5.0,28.526,27.096576083829383
G05_R0543,G05,LOGO,holdout_G05,G05,250,50,0.0001,0.85,0.3,0.2,5.0,31.529,29.807458439980152
G05_R0544,G05,LOGO,holdout_G05,G05,250,50,0.0001,0.8,0.1,0.2,5.0,26.457,25.00154226388892
G05_R0545,G05,LOGO,holdout_G05,G05,250,50,0.0001,0.8,0.2,0.2,5.0,28.546,27.09553146924604
G05_R0546,G05,LOGO,holdout_G05,G05,250,50,0.0001,0.8,0.3,0.2,5.0,31.554,29.801629257936508
G05_R0547,G05,LOGO,holdout_G05,G05,250,50,0.0001,0.75,0.1,0.2,5.0,26.47,25.00368299107145
G05_R0548,G05,LOGO,holdout_G05,G05,250,50,0.0001,0.75,0.2,0.2,5.0,28.567,27.10338597073413
G05_R0549,G05,LOGO,holdout_G05,G05,250,50,0.0001,0.75,0.3,0.2,5.0,31.58,29.807174740079446
G05_R0550,G05,LOGO,holdout_G05,G05,250,50,0.0001,0.7,0.1,0.2,5.0,26.484,25.00136875496034
G05_R0551,G05,LOGO,holdout_G05,G05,250,50,0.0001,0.7,0.2,0.2,5.0,28.589,27.10586008382938
G05_R0552,G05,LOGO,holdout_G05,G05,250,50,0.0001,0.7,0.3,0.2,5.0,31.607,29.819586927579444
G05_R0553,G05,LOGO,holdout_G05,G05,250,50,1e-05,0.85,0.1,0.2,5.0,26.546,25.08295672123016
G05_R0554,G05,LOGO,holdout_G05,G05,250,50,1e-05,0.85,0.2,0.2,5.0,28.427,26.995820494543626
G05_R0555,G05,LOGO,holdout_G05,G05,250,50,1e-05,0.85,0.3,0.2,5.0,31.284,29.687650755952426
G05_R0556,G05,LOGO,holdout_G05,G05,250,50,1e-05,0.8,0.1,0.2,5.0,26.55,25.084792861111097
G05_R0557,G05,LOGO,holdout_G05,G05,250,50,1e-05,0.8,0.2,0.2,5.0,28.435,26.995594768353147
G05_R0558,G05,LOGO,holdout_G05,G05,250,50,1e-05,0.8,0.3,0.2,5.0,31.296,29.68240306845243
G05_R0559,G05,LOGO,holdout_G05,G05,250,50,1e-05,0.75,0.1,0.2,5.0,26.553,25.0853474191468
G05_R0560,G05,LOGO,holdout_G05,G05,250,50,1e-05,0.75,0.2,0.2,5.0,28.444,26.999052881448392
G05_R0561,G05,LOGO,holdout_G05,G05,250,50,1e-05,0.75,0.3,0.2,5.0,31.308,29.67916994047624
G05_R0562,G05,LOGO,holdout_G05,G05,250,50,1e-05,0.7,0.1,0.2,5.0,26.558,25.08531230803568
G05_R0563,G05,LOGO,holdout_G05,G05,250,50,1e-05,0.7,0.2,0.2,5.0,28.454,27.00090887549602
G05_R0564,G05,LOGO,holdout_G05,G05,250,50,1e-05,0.7,0.3,0.2,5.0,31.322,29.685719747023867
G05_R0565,G05,LOGO,holdout_G05,G05,250,50,1e-06,0.85,0.1,0.2,5.0,26.597,25.12127787519056
G05_R0566,G05,LOGO,holdout_G05,G05,250,50,1e-06,0.85,0.2,0.2,5.0,28.322,26.99165305605157
G05_R0567,G05,LOGO,holdout_G05,G05,250,50,1e-06,0.85,0.3,0.2,5.0,31.2,29.65351858432539
G05_R0568,G05,LOGO,holdout_G05,G05,250,50,1e-06,0.8,0.1,0.2,5.0,26.597,25.12274749721436
G05_R0569,G05,LOGO,holdout_G05,G05,250,50,1e-06,0.8,0.2,0.2,5.0,28.324,26.99165876736109
G05_R0570,G05,LOGO,holdout_G05,G05,250,50,1e-06,0.8,0.3,0.2,5.0,31.204,29.648085584325397
G05_R0571,G05,LOGO,holdout_G05,G05,250,50,1e-06,0.75,0.1,0.2,5.0,26.598,25.122391674297727
G05_R0572,G05,LOGO,holdout_G05,G05,250,50,1e-06,0.75,0.2,0.2,5.0,28.326,26.99489554117062
G05_R0573,G05,LOGO,holdout_G05,G05,250,50,1e-06,0.75,0.3,0.2,5.0,31.209,29.651749063492005
G05_R0574,G05,LOGO,holdout_G05,G05,250,50,1e-06,0.7,0.1,0.2,5.0,26.599,25.12254200068661
G05_R0575,G05,LOGO,holdout_G05,G05,250,50,1e-06,0.7,0.2,0.2,5.0,28.329,26.993215264384915
G05_R0576,G05,LOGO,holdout_G05,G05,250,50,1e-06,0.7,0.3,0.2,5.0,31.215,29.658237569444392
G05_R0577,G05,LOGO,holdout_G05,G05,500,3,0.001,0.85,0.1,0.2,5.0,12.763,12.267948563988096
G05_R0578,G05,LOGO,holdout_G05,G05,500,3,0.001,0.85,0.2,0.2,5.0,14.173,13.45291849206346
G05_R0579,G05,LOGO,holdout_G05,G05,500,3,0.001,0.85,0.3,0.2,5.0,15.996,15.140887386408746
G05_R0580,G05,LOGO,holdout_G05,G05,500,3,0.001,0.8,0.1,0.2,5.0,12.778,12.26870623065476
G05_R0581,G05,LOGO,holdout_G05,G05,500,3,0.001,0.8,0.2,0.2,5.0,14.191,13.455004776289655
G05_R0582,G05,LOGO,holdout_G05,G05,500,3,0.001,0.8,0.3,0.2,5.0,16.022,15.140715442956363
G05_R0583,G05,LOGO,holdout_G05,G05,500,3,0.001,0.75,0.1,0.2,5.0,12.793,12.274775050595238
G05_R0584,G05,LOGO,holdout_G05,G05,500,3,0.001,0.75,0.2,0.2,5.0,14.208,13.463521396825382
G05_R0585,G05,LOGO,holdout_G05,G05,500,3,0.001,0.75,0.3,0.2,5.0,16.047,15.148809520337329
G05_R0586,G05,LOGO,holdout_G05,G05,500,3,0.001,0.7,0.1,0.2,5.0,12.808,12.27577882738095
G05_R0587,G05,LOGO,holdout_G05,G05,500,3,0.001,0.7,0.2,0.2,5.0,14.225,13.465948204861098
G05_R0588,G05,LOGO,holdout_G05,G05,500,3,0.001,0.7,0.3,0.2,5.0,16.072,15.150668660218278
G05_R0589,G05,LOGO,holdout_G05,G05,500,3,0.0001,0.85,0.1,0.2,5.0,12.83,12.434433136769467
G05_R0590,G05,LOGO,holdout_G05,G05,500,3,0.0001,0.85,0.2,0.2,5.0,13.845,13.473414435019816
G05_R0591,G05,LOGO,holdout_G05,G05,500,3,0.0001,0.85,0.3,0.2,5.0,15.389,14.977561731150823
G05_R0592,G05,LOGO,holdout_G05,G05,500,3,0.0001,0.8,0.1,0.2,5.0,12.836,12.434831239944067
G05_R0593,G05,LOGO,holdout_G05,G05,500,3,0.0001,0.8,0.2,0.2,5.0,13.855,13.47597365079363
G05_R0594,G05,LOGO,holdout_G05,G05,500,3,0.0001,0.8,0.3,0.2,5.0,15.401,14.981679795634928
G05_R0595,G05,LOGO,holdout_G05,G05,500,3,0.0001,0.75,0.1,0.2,5.0,12.843,12.437321464781752
G05_R0596,G05,LOGO,holdout_G05,G05,500,3,0.0001,0.75,0.2,0.2,5.0,13.866,13.4825354409722
G05_R0597,G05,LOGO,holdout_G05,G05,500,3,0.0001,0.75,0.3,0.2,5.0,15.414,14.991082713383816
G05_R0598,G05,LOGO,holdout_G05,G05,500,3,0.0001,0.7,0.1,0.2,5.0,12.85,12.437280708829372
G05_R0599,G05,LOGO,holdout_G05,G05,500,3,0.0001,0.7,0.2,0.2,5.0,13.876,13.484533201388874
G05_R0600,G05,LOGO,holdout_G05,G05,500,3,0.0001,0.7,0.3,0.2,5.0,15.426,14.994587022411588
G05_R0601,G05,LOGO,holdout_G05,G05,500,3,1e-05,0.85,0.1,0.2,5.0,12.815,12.449852757440503
G05_R0602,G05,LOGO,holdout_G05,G05,500,3,1e-05,0.85,0.2,0.2,5.0,13.674,13.423417064484113
G05_R0603,G05,LOGO,holdout_G05,G05,500,3,1e-05,0.85,0.3,0.2,5.0,15.151,14.969515967757967
G05_R0604,G05,LOGO,holdout_G05,G05,500,3,1e-05,0.8,0.1,0.2,5.0,12.817,12.450100381448443
G05_R0605,G05,LOGO,holdout_G05,G05,500,3,1e-05,0.8,0.2,0.2,5.0,13.68,13.424953670138873
G05_R0606,G05,LOGO,holdout_G05,G05,500,3,1e-05,0.8,0.3,0.2,5.0,15.158,14.97346446378969
G05_R0607,G05,LOGO,holdout_G05,G05,500,3,1e-05,0.75,0.1,0.2,5.0,12.819,12.451016312996035
G05_R0608,G05,LOGO,holdout_G05,G05,500,3,1e-05,0.75,0.2,0.2,5.0,13.685,13.428667644841262
G05_R0609,G05,LOGO,holdout_G05,G05,500,3,1e-05,0.75,0.3,0.2,5.0,15.164,14.980483194038568
G05_R0610,G05,LOGO,holdout_G05,G05,500,3,1e-05,0.7,0.1,0.2,5.0,12.821,12.45100936954366
G05_R0611,G05,LOGO,holdout_G05,G05,500,3,1e-05,0.7,0.2,0.2,5.0,13.692,13.429654312500006
G05_R0612,G05,LOGO,holdout_G05,G05,500,3,1e-05,0.7,0.3,0.2,5.0,15.172,14.983266619137767
G05_R0613,G05,LOGO,holdout_G05,G05,500,3,1e-06,0.85,0.1,0.2,5.0,12.824,12.4604068928572
G05_R0614,G05,LOGO,holdout_G05,G05,500,3,1e-06,0.85,0.2,0.2,5.0,13.577,13.363908627480107
G05_R0615,G05,LOGO,holdout_G05,G05,500,3,1e-06,0.85,0.3,0.2,5.0,15.073,14.92874442857147
G05_R0616,G05,LOGO,holdout_G05,G05,500,3,1e-06,0.8,0.1,0.2,5.0,12.824,12.460645211309584
G05_R0617,G05,LOGO,holdout_G05,G05,500,3,1e-06,0.8,0.2,0.2,5.0,13.58,13.364635585813442
G05_R0618,G05,LOGO,holdout_G05,G05,500,3,1e-06,0.8,0.3,0.2,5.0,15.076,14.929780711309563
G05_R0619,G05,LOGO,holdout_G05,G05,500,3,1e-06,0.75,0.1,0.2,5.0,12.824,12.460942138392925
G05_R0620,G05,LOGO,holdout_G05,G05,500,3,1e-06,0.75,0.2,0.2,5.0,13.583,13.365313079861089
G05_R0621,G05,LOGO,holdout_G05,G05,500,3,1e-06,0.75,0.3,0.2,5.0,15.08,14.931150355654788
G05_R0622,G05,LOGO,holdout_G05,G05,500,3,1e-06,0.7,0.1,0.2,5.0,12.824,12.460948944940547
G05_R0623,G05,LOGO,holdout_G05,G05,500,3,1e-06,0.7,0.2,0.2,5.0,13.586,13.365174449900774
G05_R0624,G05,LOGO,holdout_G05,G05,500,3,1e-06,0.7,0.3,0.2,5.0,15.083,14.932879891369073
G05_R0625,G05,LOGO,holdout_G05,G05,500,6,0.001,0.85,0.1,0.2,5.0,15.742,15.202458483134931
G05_R0626,G05,LOGO,holdout_G05,G05,500,6,0.001,0.85,0.2,0.2,5.0,17.564,16.628356960407615
G05_R0627,G05,LOGO,holdout_G05,G05,500,6,0.001,0.85,0.3,0.2,5.0,19.938,18.74504493154757
G05_R0628,G05,LOGO,holdout_G05,G05,500,6,0.001,0.8,0.1,0.2,5.0,15.761,15.203596441468267
G05_R0629,G05,LOGO,holdout_G05,G05,500,6,0.001,0.8,0.2,0.2,5.0,17.586,16.630299511002853
G05_R0630,G05,LOGO,holdout_G05,G05,500,6,0.001,0.8,0.3,0.2,5.0,19.97,18.75715770535713
G05_R0631,G05,LOGO,holdout_G05,G05,500,6,0.001,0.75,0.1,0.2,5.0,15.779,15.211396625992071
G05_R0632,G05,LOGO,holdout_G05,G05,500,6,0.001,0.75,0.2,0.2,5.0,17.607,16.63967360425686
G05_R0633,G05,LOGO,holdout_G05,G05,500,6,0.001,0.75,0.3,0.2,5.0,20.001,18.776364269841253
G05_R0634,G05,LOGO,holdout_G05,G05,500,6,0.001,0.7,0.1,0.2,5.0,15.798,15.210319362103183
G05_R0635,G05,LOGO,holdout_G05,G05,500,6,0.001,0.7,0.2,0.2,5.0,17.626,16.639775836399714
G05_R0636,G05,LOGO,holdout_G05,G05,500,6,0.001,0.7,0.3,0.2,5.0,20.031,18.786114403273768
G05_R0637,G05,LOGO,holdout_G05,G05,500,6,0.0001,0.85,0.1,0.2,5.0,15.82,15.42404550135282
G05_R0638,G05,LOGO,holdout_G05,G05,500,6,0.0001,0.85,0.2,0.2,5.0,17.101,16.815226543425286
G05_R0639,G05,LOGO,holdout_G05,G05,500,6,0.0001,0.85,0.3,0.2,5.0,19.057,18.742115520833284
G05_R0640,G05,LOGO,holdout_G05,G05,500,6,0.0001,0.8,0.1,0.2,5.0,15.828,15.4247063823052
G05_R0641,G05,LOGO,holdout_G05,G05,500,6,0.0001,0.8,0.2,0.2,5.0,17.113,16.817431787472902
G05_R0642,G05,LOGO,holdout_G05,G05,500,6,0.0001,0.8,0.3,0.2,5.0,19.072,18.75315849107142
G05_R0643,G05,LOGO,holdout_G05,G05,500,6,0.0001,0.75,0.1,0.2,5.0,15.836,15.42762071167028
G05_R0644,G05,LOGO,holdout_G05,G05,500,6,0.0001,0.75,0.2,0.2,5.0,17.134,16.82532411584593
G05_R0645,G05,LOGO,holdout_G05,G05,500,6,0.0001,0.75,0.3,0.2,5.0,19.088,18.77031646924601
G05_R0646,G05,LOGO,holdout_G05,G05,500,6,0.0001,0.7,0.1,0.2,5.0,15.845,15.426583504329017
G05_R0647,G05,LOGO,holdout_G05,G05,500,6,0.0001,0.7,0.2,0.2,5.0,17.147,16.82593778548878
G05_R0648,G05,LOGO,holdout_G05,G05,500,6,0.0001,0.7,0.3,0.2,5.0,19.103,18.78083556597218
G05_R0649,G05,LOGO,holdout_G05,G05,500,6,1e-05,0.85,0.1,0.2,5.0,15.803,15.462413740485207
G05_R0650,G05,LOGO,holdout_G05,G05,500,6,1e-05,0.85,0.2,0.2,5.0,16.906,16.782224374504
G05_R0651,G05,LOGO,holdout_G05,G05,500,6,1e-05,0.85,0.3,0.2,5.0,18.864,18.786291047122997
G05_R0652,G05,LOGO,holdout_G05,G05,500,6,1e-05,0.8,0.1,0.2,5.0,15.806,15.463231663104256
G05_R0653,G05,LOGO,holdout_G05,G05,500,6,1e-05,0.8,0.2,0.2,5.0,16.913,16.78395518998019
G05_R0654,G05,LOGO,holdout_G05,G05,500,6,1e-05,0.8,0.3,0.2,5.0,18.872,18.796789703372998
G05_R0655,G05,LOGO,holdout_G05,G05,500,6,1e-05,0.75,0.1,0.2,5.0,15.803,15.464222370445508
G05_R0656,G05,LOGO,holdout_G05,G05,500,6,1e-05,0.75,0.2,0.2,5.0,16.921,16.789061908234107
G05_R0657,G05,LOGO,holdout_G05,G05,500,6,1e-05,0.75,0.3,0.2,5.0,18.881,18.80621506101188
G05_R0658,G05,LOGO,holdout_G05,G05,500,6,1e-05,0.7,0.1,0.2,5.0,15.805,15.464026922032808
G05_R0659,G05,LOGO,holdout_G05,G05,500,6,1e-05,0.7,0.2,0.2,5.0,16.929,16.789676254960295
G05_R0660,G05,LOGO,holdout_G05,G05,500,6,1e-05,0.7,0.3,0.2,5.0,18.89,18.809844208333303
G05_R0661,G05,LOGO,holdout_G05,G05,500,6,1e-06,0.85,0.1,0.2,5.0,15.816,15.477417914998137
G05_R0662,G05,LOGO,holdout_G05,G05,500,6,1e-06,0.85,0.2,0.2,5.0,16.794,16.712710217757966
G05_R0663,G05,LOGO,holdout_G05,G05,500,6,1e-06,0.85,0.3,0.2,5.0,18.78,18.75997650843254
G05_R0664,G05,LOGO,holdout_G05,G05,500,6,1e-06,0.8,0.1,0.2,5.0,15.816,15.47814396261718
G05_R0665,G05,LOGO,holdout_G05,G05,500,6,1e-06,0.8,0.2,0.2,5.0,16.797,16.7130677385913
G05_R0666,G05,LOGO,holdout_G05,G05,500,6,1e-06,0.8,0.3,0.2,5.0,18.784,18.764799183035716
G05_R0667,G05,LOGO,holdout_G05,G05,500,6,1e-06,0.75,0.1,0.2,5.0,15.816,15.478679223529856
G05_R0668,G05,LOGO,holdout_G05,G05,500,6,1e-06,0.75,0.2,0.2,5.0,16.8,16.71583833085317
G05_R0669,G05,LOGO,holdout_G05,G05,500,6,1e-06,0.75,0.3,0.2,5.0,18.788,18.77059944642857
G05_R0670,G05,LOGO,holdout_G05,G05,500,6,1e-06,0.7,0.1,0.2,5.0,15.816,15.478342650117156
G05_R0671,G05,LOGO,holdout_G05,G05,500,6,1e-06,0.7,0.2,0.2,5.0,16.804,16.716201356150787
G05_R0672,G05,LOGO,holdout_G05,G05,500,6,1e-06,0.7,0.3,0.2,5.0,18.795,18.77696727331349
G05_R0673,G05,LOGO,holdout_G05,G05,500,20,0.001,0.85,0.1,0.2,5.0,23.5,23.130996008612914
G05_R0674,G05,LOGO,holdout_G05,G05,500,20,0.001,0.85,0.2,0.2,5.0,26.331,25.34188851934521
G05_R0675,G05,LOGO,holdout_G05,G05,500,20,0.001,0.85,0.3,0.2,5.0,30.269,28.79502959735747
G05_R0676,G05,LOGO,holdout_G05,G05,500,20,0.001,0.8,0.1,0.2,5.0,23.53,23.138863091946245
G05_R0677,G05,LOGO,holdout_G05,G05,500,20,0.001,0.8,0.2,0.2,5.0,26.366,25.35926612351187
G05_R0678,G05,LOGO,holdout_G05,G05,500,20,0.001,0.8,0.3,0.2,5.0,30.309,28.812757011047943
G05_R0679,G05,LOGO,holdout_G05,G05,500,20,0.001,0.75,0.1,0.2,5.0,23.562,23.149021548295472
G05_R0680,G05,LOGO,holdout_G05,G05,500,20,0.001,0.75,0.2,0.2,5.0,26.399,25.376726852678548
G05_R0681,G05,LOGO,holdout_G05,G05,500,20,0.001,0.75,0.3,0.2,5.0,30.347,28.825941933667004
G05_R0682,G05,LOGO,holdout_G05,G05,500,20,0.001,0.7,0.1,0.2,5.0,23.593,23.14548538162881
G05_R0683,G05,LOGO,holdout_G05,G05,500,20,0.001,0.7,0.2,0.2,5.0,26.43,25.366979144345216
G05_R0684,G05,LOGO,holdout_G05,G05,500,20,0.001,0.7,0.3,0.2,5.0,30.383,28.81944581313128
G05_R0685,G05,LOGO,holdout_G05,G05,500,20,0.0001,0.85,0.1,0.2,5.0,23.631,23.77330850297629
G05_R0686,G05,LOGO,holdout_G05,G05,500,20,0.0001,0.85,0.2,0.2,5.0,25.852,26.85008527755233
G05_R0687,G05,LOGO,holdout_G05,G05,500,20,0.0001,0.85,0.3,0.2,5.0,29.224,31.14358834027772
G05_R0688,G05,LOGO,holdout_G05,G05,500,20,0.0001,0.8,0.1,0.2,5.0,23.643,23.78276023214295
G05_R0689,G05,LOGO,holdout_G05,G05,500,20,0.0001,0.8,0.2,0.2,5.0,25.872,26.869104402552324
G05_R0690,G05,LOGO,holdout_G05,G05,500,20,0.0001,0.8,0.3,0.2,5.0,29.247,31.16450757242058
G05_R0691,G05,LOGO,holdout_G05,G05,500,20,0.0001,0.75,0.1,0.2,5.0,23.656,23.78519987202385
G05_R0692,G05,LOGO,holdout_G05,G05,500,20,0.0001,0.75,0.2,0.2,5.0,25.892,26.876286679338055
G05_R0693,G05,LOGO,holdout_G05,G05,500,20,0.0001,0.75,0.3,0.2,5.0,29.273,31.181147448908728
G05_R0694,G05,LOGO,holdout_G05,G05,500,20,0.0001,0.7,0.1,0.2,5.0,23.671,23.78028866369052
G05_R0695,G05,LOGO,holdout_G05,G05,500,20,0.0001,0.7,0.2,0.2,5.0,25.914,26.86637770017139
G05_R0696,G05,LOGO,holdout_G05,G05,500,20,0.0001,0.7,0.3,0.2,5.0,29.301,31.168333845238084
G05_R0697,G05,LOGO,holdout_G05,G05,500,20,1e-05,0.85,0.1,0.2,5.0,23.687,23.993507508928555
G05_R0698,G05,LOGO,holdout_G05,G05,500,20,1e-05,0.85,0.2,0.2,5.0,25.822,27.03265814578824
G05_R0699,G05,LOGO,holdout_G05,G05,500,20,1e-05,0.85,0.3,0.2,5.0,29.676,31.032310648809563
G05_R0700,G05,LOGO,holdout_G05,G05,500,20,1e-05,0.8,0.1,0.2,5.0,23.682,23.9959234910714
G05_R0701,G05,LOGO,holdout_G05,G05,500,20,1e-05,0.8,0.2,0.2,5.0,25.834,27.04536381543109
G05_R0702,G05,LOGO,holdout_G05,G05,500,20,1e-05,0.8,0.3,0.2,5.0,29.687,31.04654560714289
G05_R0703,G05,LOGO,holdout_G05,G05,500,20,1e-05,0.75,0.1,0.2,5.0,23.686,23.99670349107143
G05_R0704,G05,LOGO,holdout_G05,G05,500,20,1e-05,0.75,0.2,0.2,5.0,25.846,27.055014974657364
G05_R0705,G05,LOGO,holdout_G05,G05,500,20,1e-05,0.75,0.3,0.2,5.0,29.7,31.05758780654763
G05_R0706,G05,LOGO,holdout_G05,G05,500,20,1e-05,0.7,0.1,0.2,5.0,23.691,23.994896074404764
G05_R0707,G05,LOGO,holdout_G05,G05,500,20,1e-05,0.7,0.2,0.2,5.0,25.86,27.051974921085936
G05_R0708,G05,LOGO,holdout_G05,G05,500,20,1e-05,0.7,0.3,0.2,5.0,29.714,31.049920647817466
G05_R0709,G05,LOGO,holdout_G05,G05,500,20,1e-06,0.85,0.1,0.2,5.0,23.722,24.055527069444373
G05_R0710,G05,LOGO,holdout_G05,G05,500,20,1e-06,0.85,0.2,0.2,5.0,25.637,27.107632961264382
G05_R0711,G05,LOGO,holdout_G05,G05,500,20,1e-06,0.85,0.3,0.2,5.0,29.692,30.9469320248016
G05_R0712,G05,LOGO,holdout_G05,G05,500,20,1e-06,0.8,0.1,0.2,5.0,23.724,24.05766653075389
G05_R0713,G05,LOGO,holdout_G05,G05,500,20,1e-06,0.8,0.2,0.2,5.0,25.642,27.120271752931053
G05_R0714,G05,LOGO,holdout_G05,G05,500,20,1e-06,0.8,0.3,0.2,5.0,29.698,30.96147317063493
G05_R0715,G05,LOGO,holdout_G05,G05,500,20,1e-06,0.75,0.1,0.2,5.0,23.724,24.056711161706243
G05_R0716,G05,LOGO,holdout_G05,G05,500,20,1e-06,0.75,0.2,0.2,5.0,25.647,27.12763841810969
G05_R0717,G05,LOGO,holdout_G05,G05,500,20,1e-06,0.75,0.3,0.2,5.0,29.705,30.98023106795631
G05_R0718,G05,LOGO,holdout_G05,G05,500,20,1e-06,0.7,0.1,0.2,5.0,23.725,24.05623043253958
G05_R0719,G05,LOGO,holdout_G05,G05,500,20,1e-06,0.7,0.2,0.2,5.0,25.653,27.1245158853716
G05_R0720,G05,LOGO,holdout_G05,G05,500,20,1e-06,0.7,0.3,0.2,5.0,29.719,30.97380220386901
G05_R0721,G05,LOGO,holdout_G05,G05,500,50,0.001,0.85,0.1,0.2,5.0,32.094,35.49254033089818
G05_R0722,G05,LOGO,holdout_G05,G05,500,50,0.001,0.85,0.2,0.2,5.0,36.022,36.040511182043765
G05_R0723,G05,LOGO,holdout_G05,G05,500,50,0.001,0.85,0.3,0.2,5.0,41.698,38.978872300099255
G05_R0724,G05,LOGO,holdout_G05,G05,500,50,0.001,0.8,0.1,0.2,5.0,32.135,35.49060387107675
G05_R0725,G05,LOGO,holdout_G05,G05,500,50,0.001,0.8,0.2,0.2,5.0,36.062,36.083459857639006
G05_R0726,G05,LOGO,holdout_G05,G05,500,50,0.001,0.8,0.3,0.2,5.0,41.753,39.05293998759926
G05_R0727,G05,LOGO,holdout_G05,G05,500,50,0.001,0.75,0.1,0.2,5.0,32.178,35.494776497564885
G05_R0728,G05,LOGO,holdout_G05,G05,500,50,0.001,0.75,0.2,0.2,5.0,36.1,36.10802066121048
G05_R0729,G05,LOGO,holdout_G05,G05,500,50,0.001,0.75,0.3,0.2,5.0,41.806,39.074278070932536
G05_R0730,G05,LOGO,holdout_G05,G05,500,50,0.001,0.7,0.1,0.2,5.0,32.223,35.49368895441012
G05_R0731,G05,LOGO,holdout_G05,G05,500,50,0.001,0.7,0.2,0.2,5.0,36.134,36.088179268353336
G05_R0732,G05,LOGO,holdout_G05,G05,500,50,0.001,0.7,0.3,0.2,5.0,41.855,39.02899452926587
G05_R0733,G05,LOGO,holdout_G05,G05,500,50,0.0001,0.85,0.1,0.2,5.0,32.955,36.206803103580526
G05_R0734,G05,LOGO,holdout_G05,G05,500,50,0.0001,0.85,0.2,0.2,5.0,36.656,40.3450362018849
G05_R0735,G05,LOGO,holdout_G05,G05,500,50,0.0001,0.85,0.3,0.2,5.0,41.021,45.68817502770136
G05_R0736,G05,LOGO,holdout_G05,G05,500,50,0.0001,0.8,0.1,0.2,5.0,32.971,36.18749160010827
G05_R0737,G05,LOGO,holdout_G05,G05,500,50,0.0001,0.8,0.2,0.2,5.0,36.682,40.38359266319444
G05_R0738,G05,LOGO,holdout_G05,G05,500,50,0.0001,0.8,0.3,0.2,5.0,41.058,45.789993649725176
G05_R0739,G05,LOGO,holdout_G05,G05,500,50,0.0001,0.75,0.1,0.2,5.0,32.989,36.18680798850113
G05_R0740,G05,LOGO,holdout_G05,G05,500,50,0.0001,0.75,0.2,0.2,5.0,36.709,40.39007651289678
G05_R0741,G05,LOGO,holdout_G05,G05,500,50,0.0001,0.75,0.3,0.2,5.0,41.097,45.79824819585621
G05_R0742,G05,LOGO,holdout_G05,G05,500,50,0.0001,0.7,0.1,0.2,5.0,33.008,36.18665964177492
G05_R0743,G05,LOGO,holdout_G05,G05,500,50,0.0001,0.7,0.2,0.2,5.0,36.741,40.37085435664677
G05_R0744,G05,LOGO,holdout_G05,G05,500,50,0.0001,0.7,0.3,0.2,5.0,41.141,45.73438756192763
G05_R0745,G05,LOGO,holdout_G05,G05,500,50,1e-05,0.85,0.1,0.2,5.0,33.132,36.28981046031751
G05_R0746,G05,LOGO,holdout_G05,G05,500,50,1e-05,0.85,0.2,0.2,5.0,37.111,41.30266726091274
G05_R0747,G05,LOGO,holdout_G05,G05,500,50,1e-05,0.85,0.3,0.2,5.0,43.589,48.51421430299914
G05_R0748,G05,LOGO,holdout_G05,G05,500,50,1e-05,0.8,0.1,0.2,5.0,33.18,36.274351126984136
G05_R0749,G05,LOGO,holdout_G05,G05,500,50,1e-05,0.8,0.2,0.2,5.0,37.127,41.3269464930556
G05_R0750,G05,LOGO,holdout_G05,G05,500,50,1e-05,0.8,0.3,0.2,5.0,43.604,48.57703424049918
G05_R0751,G05,LOGO,holdout_G05,G05,500,50,1e-05,0.75,0.1,0.2,5.0,33.186,36.27371521775796
G05_R0752,G05,LOGO,holdout_G05,G05,500,50,1e-05,0.75,0.2,0.2,5.0,37.144,41.33721547073405
G05_R0753,G05,LOGO,holdout_G05,G05,500,50,1e-05,0.75,0.3,0.2,5.0,43.616,48.59157652174923
G05_R0754,G05,LOGO,holdout_G05,G05,500,50,1e-05,0.7,0.1,0.2,5.0,33.193,36.27368078769842
G05_R0755,G05,LOGO,holdout_G05,G05,500,50,1e-05,0.7,0.2,0.2,5.0,37.163,41.33000669543644
G05_R0756,G05,LOGO,holdout_G05,G05,500,50,1e-05,0.7,0.3,0.2,5.0,43.629,48.580217804487326
G05_R0757,G05,LOGO,holdout_G05,G05,500,50,1e-06,0.85,0.1,0.2,5.0,33.377,36.33049913144845
G05_R0758,G05,LOGO,holdout_G05,G05,500,50,1e-06,0.85,0.2,0.2,5.0,37.011,41.22078018749993
G05_R0759,G05,LOGO,holdout_G05,G05,500,50,1e-06,0.85,0.3,0.2,5.0,43.813,48.84242267155072
G05_R0760,G05,LOGO,holdout_G05,G05,500,50,1e-06,0.8,0.1,0.2,5.0,33.375,36.32598180059526
G05_R0761,G05,LOGO,holdout_G05,G05,500,50,1e-06,0.8,0.2,0.2,5.0,37.019,41.24398873214279
G05_R0762,G05,LOGO,holdout_G05,G05,500,50,1e-06,0.8,0.3,0.2,5.0,43.819,48.90108742155075
G05_R0763,G05,LOGO,holdout_G05,G05,500,50,1e-06,0.75,0.1,0.2,5.0,33.376,36.32599347817463
G05_R0764,G05,LOGO,holdout_G05,G05,500,50,1e-06,0.75,0.2,0.2,5.0,37.027,41.25087131845236
G05_R0765,G05,LOGO,holdout_G05,G05,500,50,1e-06,0.75,0.3,0.2,5.0,43.81,48.9266771164912
G05_R0766,G05,LOGO,holdout_G05,G05,500,50,1e-06,0.7,0.1,0.2,5.0,33.377,36.324433515377
G05_R0767,G05,LOGO,holdout_G05,G05,500,50,1e-06,0.7,0.2,0.2,5.0,37.036,41.24522056398808
G05_R0768,G05,LOGO,holdout_G05,G05,500,50,1e-06,0.7,0.3,0.2,5.0,43.838,48.917380048038815
G06_R0001,G06,LOGO,holdout_G06,G06,25,3,0.001,0.85,0.1,0.3,4.0,6.596,6.619568242113096
G06_R0002,G06,LOGO,holdout_G06,G06,25,3,0.001,0.85,0.2,0.3,4.0,7.1411,7.151387678594776
G06_R0003,G06,LOGO,holdout_G06,G06,25,3,0.001,0.85,0.3,0.3,4.0,7.7713,7.7701010608360495
G06_R0004,G06,LOGO,holdout_G06,G06,25,3,0.001,0.8,0.1,0.3,4.0,6.6012,6.619869122321432
G06_R0005,G06,LOGO,holdout_G06,G06,25,3,0.001,0.8,0.2,0.3,4.0,7.1483,7.15250932135271
G06_R0006,G06,LOGO,holdout_G06,G06,25,3,0.001,0.8,0.3,0.3,4.0,7.7793,7.771665561431292
G06_R0007,G06,LOGO,holdout_G06,G06,25,3,0.001,0.75,0.1,0.3,4.0,6.6065,6.623348886607139
G06_R0008,G06,LOGO,holdout_G06,G06,25,3,0.001,0.75,0.2,0.3,4.0,7.1558,7.15762333345588
G06_R0009,G06,LOGO,holdout_G06,G06,25,3,0.001,0.75,0.3,0.3,4.0,7.7879,7.777898978544385
G06_R0010,G06,LOGO,holdout_G06,G06,25,3,0.001,0.7,0.1,0.3,4.0,6.6122,6.624161291666664
G06_R0011,G06,LOGO,holdout_G06,G06,25,3,0.001,0.7,0.2,0.3,4.0,7.1638,7.159878935440007
G06_R0012,G06,LOGO,holdout_G06,G06,25,3,0.001,0.7,0.3,0.3,4.0,7.7971,7.780210991540418
G06_R0013,G06,LOGO,holdout_G06,G06,25,3,0.0001,0.85,0.1,0.3,4.0,6.9257,6.93230925763886
G06_R0014,G06,LOGO,holdout_G06,G06,25,3,0.0001,0.85,0.2,0.3,4.0,7.5904,7.565452848809507
G06_R0015,G06,LOGO,holdout_G06,G06,25,3,0.0001,0.85,0.3,0.3,4.0,8.4748,8.40114005124008
G06_R0016,G06,LOGO,holdout_G06,G06,25,3,0.0001,0.8,0.1,0.3,4.0,6.9287,6.932304926091241
G06_R0017,G06,LOGO,holdout_G06,G06,25,3,0.0001,0.8,0.2,0.3,4.0,7.5943,7.5657300687499855
G06_R0018,G06,LOGO,holdout_G06,G06,25,3,0.0001,0.8,0.3,0.3,4.0,8.4798,8.402821218501987
G06_R0019,G06,LOGO,holdout_G06,G06,25,3,0.0001,0.75,0.1,0.3,4.0,6.9319,6.933736166269825
G06_R0020,G06,LOGO,holdout_G06,G06,25,3,0.0001,0.75,0.2,0.3,4.0,7.5984,7.5677616453868835
G06_R0021,G06,LOGO,holdout_G06,G06,25,3,0.0001,0.75,0.3,0.3,4.0,8.4849,8.406082102083344
G06_R0022,G06,LOGO,holdout_G06,G06,25,3,0.0001,0.7,0.1,0.3,4.0,6.9352,6.934007592013874
G06_R0023,G06,LOGO,holdout_G06,G06,25,3,0.0001,0.7,0.2,0.3,4.0,7.6026,7.568429429166645
G06_R0024,G06,LOGO,holdout_G06,G06,25,3,0.0001,0.7,0.3,0.3,4.0,8.4903,8.407574112946438
G06_R0025,G06,LOGO,holdout_G06,G06,25,3,1e-05,0.85,0.1,0.3,4.0,7.0165,7.016410088442452
G06_R0026,G06,LOGO,holdout_G06,G06,25,3,1e-05,0.85,0.2,0.3,4.0,7.7194,7.682373606547643
G06_R0027,G06,LOGO,holdout_G06,G06,25,3,1e-05,0.85,0.3,0.3,4.0,8.6776,8.577346425599757
G06_R0028,G06,LOGO,holdout_G06,G06,25,3,1e-05,0.8,0.1,0.3,4.0,7.0176,7.0166534624007895
G06_R0029,G06,LOGO,holdout_G06,G06,25,3,1e-05,0.8,0.2,0.3,4.0,7.7208,7.682337781398835
G06_R0030,G06,LOGO,holdout_G06,G06,25,3,1e-05,0.8,0.3,0.3,4.0,8.6795,8.577613512355704
G06_R0031,G06,LOGO,holdout_G06,G06,25,3,1e-05,0.75,0.1,0.3,4.0,7.0187,7.017214906597227
G06_R0032,G06,LOGO,holdout_G06,G06,25,3,1e-05,0.75,0.2,0.3,4.0,7.7223,7.682721781299633
G06_R0033,G06,LOGO,holdout_G06,G06,25,3,1e-05,0.75,0.3,0.3,4.0,8.6814,8.579053268605684
G06_R0034,G06,LOGO,holdout_G06,G06,25,3,1e-05,0.7,0.1,0.3,4.0,7.0199,7.017272067708337
G06_R0035,G06,LOGO,holdout_G06,G06,25,3,1e-05,0.7,0.2,0.3,4.0,7.7238,7.683111223164712
G06_R0036,G06,LOGO,holdout_G06,G06,25,3,1e-05,0.7,0.3,0.3,4.0,8.6834,8.579349468903303
G06_R0037,G06,LOGO,holdout_G06,G06,25,3,1e-06,0.85,0.1,0.3,4.0,7.0454,7.040808369890881
G06_R0038,G06,LOGO,holdout_G06,G06,25,3,1e-06,0.85,0.2,0.3,4.0,7.7584,7.716973247700223
G06_R0039,G06,LOGO,holdout_G06,G06,25,3,1e-06,0.85,0.3,0.3,4.0,8.7357,8.626392549355158
G06_R0040,G06,LOGO,holdout_G06,G06,25,3,1e-06,0.8,0.1,0.3,4.0,7.0456,7.041101741319455
G06_R0041,G06,LOGO,holdout_G06,G06,25,3,1e-06,0.8,0.2,0.3,4.0,7.7587,7.716856669128793
G06_R0042,G06,LOGO,holdout_G06,G06,25,3,1e-06,0.8,0.3,0.3,4.0,8.736,8.62620033298611
G06_R0043,G06,LOGO,holdout_G06,G06,25,3,1e-06,0.75,0.1,0.3,4.0,7.0458,7.041111127628982
G06_R0044,G06,LOGO,holdout_G06,G06,25,3,1e-06,0.75,0.2,0.3,4.0,7.759,7.717038431926404
G06_R0045,G06,LOGO,holdout_G06,G06,25,3,1e-06,0.75,0.3,0.3,4.0,8.7364,8.626357229265858
G06_R0046,G06,LOGO,holdout_G06,G06,25,3,1e-06,0.7,0.1,0.3,4.0,7.0461,7.040889334573426
G06_R0047,G06,LOGO,holdout_G06,G06,25,3,1e-06,0.7,0.2,0.3,4.0,7.7593,7.717137639366878
G06_R0048,G06,LOGO,holdout_G06,G06,25,3,1e-06,0.7,0.3,0.3,4.0,8.7367,8.626258201884903
G06_R0049,G06,LOGO,holdout_G06,G06,25,6,0.001,0.85,0.1,0.3,4.0,7.3202,7.309231322366515
G06_R0050,G06,LOGO,holdout_G06,G06,25,6,0.001,0.85,0.2,0.3,4.0,7.9426,7.899422301835305
G06_R0051,G06,LOGO,holdout_G06,G06,25,6,0.001,0.85,0.3,0.3,4.0,8.6581,8.583656470535729
G06_R0052,G06,LOGO,holdout_G06,G06,25,6,0.001,0.8,0.1,0.3,4.0,7.3257,7.310056768993498
G06_R0053,G06,LOGO,holdout_G06,G06,25,6,0.001,0.8,0.2,0.3,4.0,7.9505,7.902914716540381
G06_R0054,G06,LOGO,holdout_G06,G06,25,6,0.001,0.8,0.3,0.3,4.0,8.6672,8.58905499747025
G06_R0055,G06,LOGO,holdout_G06,G06,25,6,0.001,0.75,0.1,0.3,4.0,7.3315,7.313549743100643
G06_R0056,G06,LOGO,holdout_G06,G06,25,6,0.001,0.75,0.2,0.3,4.0,7.9588,7.912218063762627
G06_R0057,G06,LOGO,holdout_G06,G06,25,6,0.001,0.75,0.3,0.3,4.0,8.6769,8.598164602362901
G06_R0058,G06,LOGO,holdout_G06,G06,25,6,0.001,0.7,0.1,0.3,4.0,7.3376,7.3161182028273775
G06_R0059,G06,LOGO,holdout_G06,G06,25,6,0.001,0.7,0.2,0.3,4.0,7.9676,7.917793539357868
G06_R0060,G06,LOGO,holdout_G06,G06,25,6,0.001,0.7,0.3,0.3,4.0,8.6874,8.603245735597035
G06_R0061,G06,LOGO,holdout_G06,G06,25,6,0.0001,0.85,0.1,0.3,4.0,7.6604,7.626747479811512
G06_R0062,G06,LOGO,holdout_G06,G06,25,6,0.0001,0.85,0.2,0.3,4.0,8.4015,8.318657727331363
G06_R0063,G06,LOGO,holdout_G06,G06,25,6,0.0001,0.85,0.3,0.3,4.0,9.3762,9.212877760565462
G06_R0064,G06,LOGO,holdout_G06,G06,25,6,0.0001,0.8,0.1,0.3,4.0,7.6636,7.626633198263892
G06_R0065,G06,LOGO,holdout_G06,G06,25,6,0.0001,0.8,0.2,0.3,4.0,8.4056,8.319334907986125
G06_R0066,G06,LOGO,holdout_G06,G06,25,6,0.0001,0.8,0.3,0.3,4.0,9.3815,9.213236925148797
G06_R0067,G06,LOGO,holdout_G06,G06,25,6,0.0001,0.75,0.1,0.3,4.0,7.6669,7.628138047519849
G06_R0068,G06,LOGO,holdout_G06,G06,25,6,0.0001,0.75,0.2,0.3,4.0,8.4099,8.32126092886906
G06_R0069,G06,LOGO,holdout_G06,G06,25,6,0.0001,0.75,0.3,0.3,4.0,9.387,9.215470092906738
G06_R0070,G06,LOGO,holdout_G06,G06,25,6,0.0001,0.7,0.1,0.3,4.0,7.6704,7.628651082341275
G06_R0071,G06,LOGO,holdout_G06,G06,25,6,0.0001,0.7,0.2,0.3,4.0,8.4143,8.322141622321443
G06_R0072,G06,LOGO,holdout_G06,G06,25,6,0.0001,0.7,0.3,0.3,4.0,9.3927,9.215666776240074
G06_R0073,G06,LOGO,holdout_G06,G06,25,6,1e-05,0.85,0.1,0.3,4.0,7.7542,7.710995703490262
G06_R0074,G06,LOGO,holdout_G06,G06,25,6,1e-05,0.85,0.2,0.3,4.0,8.533,8.435835807160913
G06_R0075,G06,LOGO,holdout_G06,G06,25,6,1e-05,0.85,0.3,0.3,4.0,9.5805,9.38559443343251
G06_R0076,G06,LOGO,holdout_G06,G06,25,6,1e-05,0.8,0.1,0.3,4.0,7.7553,7.711034068073595
G06_R0077,G06,LOGO,holdout_G06,G06,25,6,1e-05,0.8,0.2,0.3,4.0,8.5345,8.435962435732346
G06_R0078,G06,LOGO,holdout_G06,G06,25,6,1e-05,0.8,0.3,0.3,4.0,9.5824,9.38563062063489
G06_R0079,G06,LOGO,holdout_G06,G06,25,6,1e-05,0.75,0.1,0.3,4.0,7.7565,7.71147388801408
G06_R0080,G06,LOGO,holdout_G06,G06,25,6,1e-05,0.75,0.2,0.3,4.0,8.536,8.436470661922808
G06_R0081,G06,LOGO,holdout_G06,G06,25,6,1e-05,0.75,0.3,0.3,4.0,9.5844,9.386304597271808
G06_R0082,G06,LOGO,holdout_G06,G06,25,6,1e-05,0.7,0.1,0.3,4.0,7.7577,7.711567873281937
G06_R0083,G06,LOGO,holdout_G06,G06,25,6,1e-05,0.7,0.2,0.3,4.0,8.5376,8.436717152101373
G06_R0084,G06,LOGO,holdout_G06,G06,25,6,1e-05,0.7,0.3,0.3,4.0,9.5865,9.38632617718252
G06_R0085,G06,LOGO,holdout_G06,G06,25,6,1e-06,0.85,0.1,0.3,4.0,7.784,7.737427164042214
G06_R0086,G06,LOGO,holdout_G06,G06,25,6,1e-06,0.85,0.2,0.3,4.0,8.573,8.470868652687582
G06_R0087,G06,LOGO,holdout_G06,G06,25,6,1e-06,0.85,0.3,0.3,4.0,9.6395,9.433472966815462
G06_R0088,G06,LOGO,holdout_G06,G06,25,6,1e-06,0.8,0.1,0.3,4.0,7.7843,7.737467820292213
G06_R0089,G06,LOGO,holdout_G06,G06,25,6,1e-06,0.8,0.2,0.3,4.0,8.5733,8.470836146112907
G06_R0090,G06,LOGO,holdout_G06,G06,25,6,1e-06,0.8,0.3,0.3,4.0,9.6398,9.433301219196416
G06_R0091,G06,LOGO,holdout_G06,G06,25,6,1e-06,0.75,0.1,0.3,4.0,7.7845,7.737590319399362
G06_R0092,G06,LOGO,holdout_G06,G06,25,6,1e-06,0.75,0.2,0.3,4.0,8.5736,8.470983315458126
G06_R0093,G06,LOGO,holdout_G06,G06,25,6,1e-06,0.75,0.3,0.3,4.0,9.6401,9.43334447038689
G06_R0094,G06,LOGO,holdout_G06,G06,25,6,1e-06,0.7,0.1,0.3,4.0,7.7847,7.737593201244599
G06_R0095,G06,LOGO,holdout_G06,G06,25,6,1e-06,0.7,0.2,0.3,4.0,8.5739,8.471070756678364
G06_R0096,G06,LOGO,holdout_G06,G06,25,6,1e-06,0.7,0.3,0.3,4.0,9.6405,9.433387577232129
G06_R0097,G06,LOGO,holdout_G06,G06,25,20,0.001,0.85,0.1,0.3,4.0,9.5687,9.543494446505235
G06_R0098,G06,LOGO,holdout_G06,G06,25,20,0.001,0.85,0.2,0.3,4.0,10.331,10.255331998511911
G06_R0099,G06,LOGO,holdout_G06,G06,25,20,0.001,0.85,0.3,0.3,4.0,11.229,11.078091259424587
G06_R0100,G06,LOGO,holdout_G06,G06,25,20,0.001,0.8,0.1,0.3,4.0,9.5753,9.54441540483857
G06_R0101,G06,LOGO,holdout_G06,G06,25,20,0.001,0.8,0.2,0.3,4.0,10.341,10.26015711160715
G06_R0102,G06,LOGO,holdout_G06,G06,25,20,0.001,0.8,0.3,0.3,4.0,11.24,11.083280360615063
G06_R0103,G06,LOGO,holdout_G06,G06,25,20,0.001,0.75,0.1,0.3,4.0,9.5823,9.547796501862369
G06_R0104,G06,LOGO,holdout_G06,G06,25,20,0.001,0.75,0.2,0.3,4.0,10.351,10.271128544507594
G06_R0105,G06,LOGO,holdout_G06,G06,25,20,0.001,0.75,0.3,0.3,4.0,11.252,11.095323854662649
G06_R0106,G06,LOGO,holdout_G06,G06,25,20,0.001,0.7,0.1,0.3,4.0,9.5895,9.549773367636178
G06_R0107,G06,LOGO,holdout_G06,G06,25,20,0.001,0.7,0.2,0.3,4.0,10.361,10.278595817325051
G06_R0108,G06,LOGO,holdout_G06,G06,25,20,0.001,0.7,0.3,0.3,4.0,11.265,11.100729455853193
G06_R0109,G06,LOGO,holdout_G06,G06,25,20,0.0001,0.85,0.1,0.3,4.0,9.9593,9.90586024223034
G06_R0110,G06,LOGO,holdout_G06,G06,25,20,0.0001,0.85,0.2,0.3,4.0,10.839,10.715674004464285
G06_R0111,G06,LOGO,holdout_G06,G06,25,20,0.0001,0.85,0.3,0.3,4.0,11.99,11.746659413690477
G06_R0112,G06,LOGO,holdout_G06,G06,25,20,0.0001,0.8,0.1,0.3,4.0,9.963,9.905328562170816
G06_R0113,G06,LOGO,holdout_G06,G06,25,20,0.0001,0.8,0.2,0.3,4.0,10.844,10.717705396825394
G06_R0114,G06,LOGO,holdout_G06,G06,25,20,0.0001,0.8,0.3,0.3,4.0,11.996,11.74950334821431
G06_R0115,G06,LOGO,holdout_G06,G06,25,20,0.0001,0.75,0.1,0.3,4.0,9.9669,9.907310395801776
G06_R0116,G06,LOGO,holdout_G06,G06,25,20,0.0001,0.75,0.2,0.3,4.0,10.849,10.721603670634895
G06_R0117,G06,LOGO,holdout_G06,G06,25,20,0.0001,0.75,0.3,0.3,4.0,12.003,11.75599494394843
G06_R0118,G06,LOGO,holdout_G06,G06,25,20,0.0001,0.7,0.1,0.3,4.0,9.9709,9.908073964551775
G06_R0119,G06,LOGO,holdout_G06,G06,25,20,0.0001,0.7,0.2,0.3,4.0,10.854,10.72325492361109
G06_R0120,G06,LOGO,holdout_G06,G06,25,20,0.0001,0.7,0.3,0.3,4.0,12.009,11.75765684771826
G06_R0121,G06,LOGO,holdout_G06,G06,25,20,1e-05,0.85,0.1,0.3,4.0,10.067,10.002068568105187
G06_R0122,G06,LOGO,holdout_G06,G06,25,20,1e-05,0.85,0.2,0.3,4.0,10.985,10.844765236607127
G06_R0123,G06,LOGO,holdout_G06,G06,25,20,1e-05,0.85,0.3,0.3,4.0,12.207,11.931621614087346
G06_R0124,G06,LOGO,holdout_G06,G06,25,20,1e-05,0.8,0.1,0.3,4.0,10.068,10.002131512450424
G06_R0125,G06,LOGO,holdout_G06,G06,25,20,1e-05,0.8,0.2,0.3,4.0,10.987,10.84485893898808
G06_R0126,G06,LOGO,holdout_G06,G06,25,20,1e-05,0.8,0.3,0.3,4.0,12.209,11.932380772817464
G06_R0127,G06,LOGO,holdout_G06,G06,25,20,1e-05,0.75,0.1,0.3,4.0,10.07,10.002635403323456
G06_R0128,G06,LOGO,holdout_G06,G06,25,20,1e-05,0.75,0.2,0.3,4.0,10.989,10.845586745535702
G06_R0129,G06,LOGO,holdout_G06,G06,25,20,1e-05,0.75,0.3,0.3,4.0,12.211,11.934459484126956
G06_R0130,G06,LOGO,holdout_G06,G06,25,20,1e-05,0.7,0.1,0.3,4.0,10.071,10.002710199156782
G06_R0131,G06,LOGO,holdout_G06,G06,25,20,1e-05,0.7,0.2,0.3,4.0,10.99,10.845698787202368
G06_R0132,G06,LOGO,holdout_G06,G06,25,20,1e-05,0.7,0.3,0.3,4.0,12.214,11.934893294642809
G06_R0133,G06,LOGO,holdout_G06,G06,25,20,1e-06,0.85,0.1,0.3,4.0,10.101,10.032307320932478
G06_R0134,G06,LOGO,holdout_G06,G06,25,20,1e-06,0.85,0.2,0.3,4.0,11.03,10.88389028819434
G06_R0135,G06,LOGO,holdout_G06,G06,25,20,1e-06,0.85,0.3,0.3,4.0,12.271,11.985078031159826
G06_R0136,G06,LOGO,holdout_G06,G06,25,20,1e-06,0.8,0.1,0.3,4.0,10.102,10.03222448164676
G06_R0137,G06,LOGO,holdout_G06,G06,25,20,1e-06,0.8,0.2,0.3,4.0,11.03,10.883921121527676
G06_R0138,G06,LOGO,holdout_G06,G06,25,20,1e-06,0.8,0.3,0.3,4.0,12.271,11.985217135326494
G06_R0139,G06,LOGO,holdout_G06,G06,25,20,1e-06,0.75,0.1,0.3,4.0,10.102,10.032486020337236
G06_R0140,G06,LOGO,holdout_G06,G06,25,20,1e-06,0.75,0.2,0.3,4.0,11.03,10.883843954861009
G06_R0141,G06,LOGO,holdout_G06,G06,25,20,1e-06,0.75,0.3,0.3,4.0,12.271,11.985505304969326
G06_R0142,G06,LOGO,holdout_G06,G06,25,20,1e-06,0.7,0.1,0.3,4.0,10.102,10.032670594742
G06_R0143,G06,LOGO,holdout_G06,G06,25,20,1e-06,0.7,0.2,0.3,4.0,11.031,10.883866934027678
G06_R0144,G06,LOGO,holdout_G06,G06,25,20,1e-06,0.7,0.3,0.3,4.0,12.272,11.9854239388979
G06_R0145,G06,LOGO,holdout_G06,G06,25,50,0.001,0.85,0.1,0.3,4.0,12.399,12.38049434600468
G06_R0146,G06,LOGO,holdout_G06,G06,25,50,0.001,0.85,0.2,0.3,4.0,13.348,13.271585496527775
G06_R0147,G06,LOGO,holdout_G06,G06,25,50,0.001,0.85,0.3,0.3,4.0,14.484,14.294035326884892
G06_R0148,G06,LOGO,holdout_G06,G06,25,50,0.001,0.8,0.1,0.3,4.0,12.407,12.381713289457064
G06_R0149,G06,LOGO,holdout_G06,G06,25,50,0.001,0.8,0.2,0.3,4.0,13.36,13.27693161954365
G06_R0150,G06,LOGO,holdout_G06,G06,25,50,0.001,0.8,0.3,0.3,4.0,14.499,14.301731891369068
G06_R0151,G06,LOGO,holdout_G06,G06,25,50,0.001,0.75,0.1,0.3,4.0,12.416,12.38619012874278
G06_R0152,G06,LOGO,holdout_G06,G06,25,50,0.001,0.75,0.2,0.3,4.0,13.373,13.291101464285743
G06_R0153,G06,LOGO,holdout_G06,G06,25,50,0.001,0.75,0.3,0.3,4.0,14.514,14.31744344642856
G06_R0154,G06,LOGO,holdout_G06,G06,25,50,0.001,0.7,0.1,0.3,4.0,12.425,12.3879727587031
G06_R0155,G06,LOGO,holdout_G06,G06,25,50,0.001,0.7,0.2,0.3,4.0,13.387,13.298937169642848
G06_R0156,G06,LOGO,holdout_G06,G06,25,50,0.001,0.7,0.3,0.3,4.0,14.531,14.325752120535714
G06_R0157,G06,LOGO,holdout_G06,G06,25,50,0.0001,0.85,0.1,0.3,4.0,12.878,12.829904824585194
G06_R0158,G06,LOGO,holdout_G06,G06,25,50,0.0001,0.85,0.2,0.3,4.0,13.971,13.834666480654793
G06_R0159,G06,LOGO,holdout_G06,G06,25,50,0.0001,0.85,0.3,0.3,4.0,15.399,15.109223363591251
G06_R0160,G06,LOGO,holdout_G06,G06,25,50,0.0001,0.8,0.1,0.3,4.0,12.883,12.83011709541853
G06_R0161,G06,LOGO,holdout_G06,G06,25,50,0.0001,0.8,0.2,0.3,4.0,13.977,13.83856144246034
G06_R0162,G06,LOGO,holdout_G06,G06,25,50,0.0001,0.8,0.3,0.3,4.0,15.407,15.11278545436508
G06_R0163,G06,LOGO,holdout_G06,G06,25,50,0.0001,0.75,0.1,0.3,4.0,12.888,12.831847342938367
G06_R0164,G06,LOGO,holdout_G06,G06,25,50,0.0001,0.75,0.2,0.3,4.0,13.983,13.84490129265874
G06_R0165,G06,LOGO,holdout_G06,G06,25,50,0.0001,0.75,0.3,0.3,4.0,15.415,15.119803119724033
G06_R0166,G06,LOGO,holdout_G06,G06,25,50,0.0001,0.7,0.1,0.3,4.0,12.893,12.83227075365265
G06_R0167,G06,LOGO,holdout_G06,G06,25,50,0.0001,0.7,0.2,0.3,4.0,13.989,13.85018689732144
G06_R0168,G06,LOGO,holdout_G06,G06,25,50,0.0001,0.7,0.3,0.3,4.0,15.423,15.121925496212125
G06_R0169,G06,LOGO,holdout_G06,G06,25,50,1e-05,0.85,0.1,0.3,4.0,13.01,12.949045279265867
G06_R0170,G06,LOGO,holdout_G06,G06,25,50,1e-05,0.85,0.2,0.3,4.0,14.148,13.996863783730108
G06_R0171,G06,LOGO,holdout_G06,G06,25,50,1e-05,0.85,0.3,0.3,4.0,15.658,15.333096776785704
G06_R0172,G06,LOGO,holdout_G06,G06,25,50,1e-05,0.8,0.1,0.3,4.0,13.011,12.94909413343254
G06_R0173,G06,LOGO,holdout_G06,G06,25,50,1e-05,0.8,0.2,0.3,4.0,14.15,13.9973451944444
G06_R0174,G06,LOGO,holdout_G06,G06,25,50,1e-05,0.8,0.3,0.3,4.0,15.66,15.333967461309516
G06_R0175,G06,LOGO,holdout_G06,G06,25,50,1e-05,0.75,0.1,0.3,4.0,13.013,12.950002152777806
G06_R0176,G06,LOGO,holdout_G06,G06,25,50,1e-05,0.75,0.2,0.3,4.0,14.152,13.998925660714262
G06_R0177,G06,LOGO,holdout_G06,G06,25,50,1e-05,0.75,0.3,0.3,4.0,15.663,15.335816558035676
G06_R0178,G06,LOGO,holdout_G06,G06,25,50,1e-05,0.7,0.1,0.3,4.0,13.015,12.950145901289709
G06_R0179,G06,LOGO,holdout_G06,G06,25,50,1e-05,0.7,0.2,0.3,4.0,14.154,13.99933151785714
G06_R0180,G06,LOGO,holdout_G06,G06,25,50,1e-05,0.7,0.3,0.3,4.0,15.666,15.335807257440427
G06_R0181,G06,LOGO,holdout_G06,G06,25,50,1e-06,0.85,0.1,0.3,4.0,13.052,12.987195012400797
G06_R0182,G06,LOGO,holdout_G06,G06,25,50,1e-06,0.85,0.2,0.3,4.0,14.202,14.044775723890693
G06_R0183,G06,LOGO,holdout_G06,G06,25,50,1e-06,0.85,0.3,0.3,4.0,15.734,15.398251047528806
G06_R0184,G06,LOGO,holdout_G06,G06,25,50,1e-06,0.8,0.1,0.3,4.0,13.052,12.987279572916664
G06_R0185,G06,LOGO,holdout_G06,G06,25,50,1e-06,0.8,0.2,0.3,4.0,14.202,14.044843470914495
G06_R0186,G06,LOGO,holdout_G06,G06,25,50,1e-06,0.8,0.3,0.3,4.0,15.734,15.398597020743091
G06_R0187,G06,LOGO,holdout_G06,G06,25,50,1e-06,0.75,0.1,0.3,4.0,13.053,12.987316808035706
G06_R0188,G06,LOGO,holdout_G06,G06,25,50,1e-06,0.75,0.2,0.3,4.0,14.203,14.04506611525976
G06_R0189,G06,LOGO,holdout_G06,G06,25,50,1e-06,0.75,0.3,0.3,4.0,15.735,15.398620804473238
G06_R0190,G06,LOGO,holdout_G06,G06,25,50,1e-06,0.7,0.1,0.3,4.0,13.053,12.987456391369037
G06_R0191,G06,LOGO,holdout_G06,G06,25,50,1e-06,0.7,0.2,0.3,4.0,14.203,14.045099031926432
G06_R0192,G06,LOGO,holdout_G06,G06,25,50,1e-06,0.7,0.3,0.3,4.0,15.735,15.398308085723237
G06_R0193,G06,LOGO,holdout_G06,G06,100,3,0.001,0.85,0.1,0.3,4.0,8.0586,8.324559032535182
G06_R0194,G06,LOGO,holdout_G06,G06,100,3,0.001,0.85,0.2,0.3,4.0,8.8292,9.009820016770398
G06_R0195,G06,LOGO,holdout_G06,G06,100,3,0.001,0.85,0.3,0.3,4.0,9.8577,9.86040096760916
G06_R0196,G06,LOGO,holdout_G06,G06,100,3,0.001,0.8,0.1,0.3,4.0,8.0677,8.32435077628518
G06_R0197,G06,LOGO,holdout_G06,G06,100,3,0.001,0.8,0.2,0.3,4.0,8.8428,9.010543440579925
G06_R0198,G06,LOGO,holdout_G06,G06,100,3,0.001,0.8,0.3,0.3,4.0,9.876,9.86262836438496
G06_R0199,G06,LOGO,holdout_G06,G06,100,3,0.001,0.75,0.1,0.3,4.0,8.0771,8.327815947416134
G06_R0200,G06,LOGO,holdout_G06,G06,100,3,0.001,0.75,0.2,0.3,4.0,8.8569,9.01677382088746
G06_R0201,G06,LOGO,holdout_G06,G06,100,3,0.001,0.75,0.3,0.3,4.0,9.8948,9.873407113591307
G06_R0202,G06,LOGO,holdout_G06,G06,100,3,0.001,0.7,0.1,0.3,4.0,8.087,8.328028952178038
G06_R0203,G06,LOGO,holdout_G06,G06,100,3,0.001,0.7,0.2,0.3,4.0,8.8715,9.017068883685075
G06_R0204,G06,LOGO,holdout_G06,G06,100,3,0.001,0.7,0.3,0.3,4.0,9.9143,9.878096884920677
G06_R0205,G06,LOGO,holdout_G06,G06,100,3,0.0001,0.85,0.1,0.3,4.0,8.3066,8.58666757053571
G06_R0206,G06,LOGO,holdout_G06,G06,100,3,0.0001,0.85,0.2,0.3,4.0,9.0658,9.328215785218232
G06_R0207,G06,LOGO,holdout_G06,G06,100,3,0.0001,0.85,0.3,0.3,4.0,10.126,10.309718438492048
G06_R0208,G06,LOGO,holdout_G06,G06,100,3,0.0001,0.8,0.1,0.3,4.0,8.3103,8.587517003571426
G06_R0209,G06,LOGO,holdout_G06,G06,100,3,0.0001,0.8,0.2,0.3,4.0,9.0712,9.329031233134897
G06_R0210,G06,LOGO,holdout_G06,G06,100,3,0.0001,0.8,0.3,0.3,4.0,10.133,10.30951405307538
G06_R0211,G06,LOGO,holdout_G06,G06,100,3,0.0001,0.75,0.1,0.3,4.0,8.3141,8.5889242627976
G06_R0212,G06,LOGO,holdout_G06,G06,100,3,0.0001,0.75,0.2,0.3,4.0,9.0768,9.330793054996384
G06_R0213,G06,LOGO,holdout_G06,G06,100,3,0.0001,0.75,0.3,0.3,4.0,10.141,10.312787365575376
G06_R0214,G06,LOGO,holdout_G06,G06,100,3,0.0001,0.7,0.1,0.3,4.0,8.3181,8.58878771666665
G06_R0215,G06,LOGO,holdout_G06,G06,100,3,0.0001,0.7,0.2,0.3,4.0,9.0827,9.330772332079716
G06_R0216,G06,LOGO,holdout_G06,G06,100,3,0.0001,0.7,0.3,0.3,4.0,10.15,10.31360574950395
G06_R0217,G06,LOGO,holdout_G06,G06,100,3,1e-05,0.85,0.1,0.3,4.0,8.3783,8.652869112130249
G06_R0218,G06,LOGO,holdout_G06,G06,100,3,1e-05,0.85,0.2,0.3,4.0,9.1422,9.40940684454366
G06_R0219,G06,LOGO,holdout_G06,G06,100,3,1e-05,0.85,0.3,0.3,4.0,10.211,10.42636927728176
G06_R0220,G06,LOGO,holdout_G06,G06,100,3,1e-05,0.8,0.1,0.3,4.0,8.3795,8.653710197249298
G06_R0221,G06,LOGO,holdout_G06,G06,100,3,1e-05,0.8,0.2,0.3,4.0,9.1439,9.410416120734132
G06_R0222,G06,LOGO,holdout_G06,G06,100,3,1e-05,0.8,0.3,0.3,4.0,10.214,10.426349558531758
G06_R0223,G06,LOGO,holdout_G06,G06,100,3,1e-05,0.75,0.1,0.3,4.0,8.3807,8.654171912775093
G06_R0224,G06,LOGO,holdout_G06,G06,100,3,1e-05,0.75,0.2,0.3,4.0,9.1457,9.4106882567325
G06_R0225,G06,LOGO,holdout_G06,G06,100,3,1e-05,0.75,0.3,0.3,4.0,10.216,10.427003832341272
G06_R0226,G06,LOGO,holdout_G06,G06,100,3,1e-05,0.7,0.1,0.3,4.0,8.3819,8.65398030831081
G06_R0227,G06,LOGO,holdout_G06,G06,100,3,1e-05,0.7,0.2,0.3,4.0,9.1476,9.410362882922977
G06_R0228,G06,LOGO,holdout_G06,G06,100,3,1e-05,0.7,0.3,0.3,4.0,10.219,10.427286147817462
G06_R0229,G06,LOGO,holdout_G06,G06,100,3,1e-06,0.85,0.1,0.3,4.0,8.404,8.673390364781739
G06_R0230,G06,LOGO,holdout_G06,G06,100,3,1e-06,0.85,0.2,0.3,4.0,9.1701,9.43304222971232
G06_R0231,G06,LOGO,holdout_G06,G06,100,3,1e-06,0.85,0.3,0.3,4.0,10.244,10.454709319309146
G06_R0232,G06,LOGO,holdout_G06,G06,100,3,1e-06,0.8,0.1,0.3,4.0,8.4042,8.67395651805555
G06_R0233,G06,LOGO,holdout_G06,G06,100,3,1e-06,0.8,0.2,0.3,4.0,9.1704,9.433577960069462
G06_R0234,G06,LOGO,holdout_G06,G06,100,3,1e-06,0.8,0.3,0.3,4.0,10.245,10.45473439222581
G06_R0235,G06,LOGO,holdout_G06,G06,100,3,1e-06,0.75,0.1,0.3,4.0,8.4044,8.674029867013882
G06_R0236,G06,LOGO,holdout_G06,G06,100,3,1e-06,0.75,0.2,0.3,4.0,9.1708,9.433344169728548
G06_R0237,G06,LOGO,holdout_G06,G06,100,3,1e-06,0.75,0.3,0.3,4.0,10.246,10.455141420499594
G06_R0238,G06,LOGO,holdout_G06,G06,100,3,1e-06,0.7,0.1,0.3,4.0,8.4046,8.673961046180553
G06_R0239,G06,LOGO,holdout_G06,G06,100,3,1e-06,0.7,0.2,0.3,4.0,9.1712,9.43312646883569
G06_R0240,G06,LOGO,holdout_G06,G06,100,3,1e-06,0.7,0.3,0.3,4.0,10.246,10.455284107999596
G06_R0241,G06,LOGO,holdout_G06,G06,100,6,0.001,0.85,0.1,0.3,4.0,9.5302,9.93638460183534
G06_R0242,G06,LOGO,holdout_G06,G06,100,6,0.001,0.85,0.2,0.3,4.0,10.418,10.712888342261891
G06_R0243,G06,LOGO,holdout_G06,G06,100,6,0.001,0.85,0.3,0.3,4.0,11.614,11.656306173115048
G06_R0244,G06,LOGO,holdout_G06,G06,100,6,0.001,0.8,0.1,0.3,4.0,9.5407,9.937096307192483
G06_R0245,G06,LOGO,holdout_G06,G06,100,6,0.001,0.8,0.2,0.3,4.0,10.434,10.713967499999988
G06_R0246,G06,LOGO,holdout_G06,G06,100,6,0.001,0.8,0.3,0.3,4.0,11.634,11.657882827876954
G06_R0247,G06,LOGO,holdout_G06,G06,100,6,0.001,0.75,0.1,0.3,4.0,9.5516,9.94156575064483
G06_R0248,G06,LOGO,holdout_G06,G06,100,6,0.001,0.75,0.2,0.3,4.0,10.45,10.719831141369037
G06_R0249,G06,LOGO,holdout_G06,G06,100,6,0.001,0.75,0.3,0.3,4.0,11.655,11.6669809707341
G06_R0250,G06,LOGO,holdout_G06,G06,100,6,0.001,0.7,0.1,0.3,4.0,9.5629,9.941827716567444
G06_R0251,G06,LOGO,holdout_G06,G06,100,6,0.001,0.7,0.2,0.3,4.0,10.467,10.720338339285703
G06_R0252,G06,LOGO,holdout_G06,G06,100,6,0.001,0.7,0.3,0.3,4.0,11.677,11.671611604662676
G06_R0253,G06,LOGO,holdout_G06,G06,100,6,0.0001,0.85,0.1,0.3,4.0,9.7951,10.236829640376978
G06_R0254,G06,LOGO,holdout_G06,G06,100,6,0.0001,0.85,0.2,0.3,4.0,10.641,11.08173602380954
G06_R0255,G06,LOGO,holdout_G06,G06,100,6,0.0001,0.85,0.3,0.3,4.0,11.828,12.182443560019832
G06_R0256,G06,LOGO,holdout_G06,G06,100,6,0.0001,0.8,0.1,0.3,4.0,9.7993,10.237221711805551
G06_R0257,G06,LOGO,holdout_G06,G06,100,6,0.0001,0.8,0.2,0.3,4.0,10.647,11.081850700396842
G06_R0258,G06,LOGO,holdout_G06,G06,100,6,0.0001,0.8,0.3,0.3,4.0,11.837,12.183073601686498
G06_R0259,G06,LOGO,holdout_G06,G06,100,6,0.0001,0.75,0.1,0.3,4.0,9.8037,10.23799586656746
G06_R0260,G06,LOGO,holdout_G06,G06,100,6,0.0001,0.75,0.2,0.3,4.0,10.654,11.084156861111143
G06_R0261,G06,LOGO,holdout_G06,G06,100,6,0.0001,0.75,0.3,0.3,4.0,11.846,12.185399433531758
G06_R0262,G06,LOGO,holdout_G06,G06,100,6,0.0001,0.7,0.1,0.3,4.0,9.8083,10.23739320882936
G06_R0263,G06,LOGO,holdout_G06,G06,100,6,0.0001,0.7,0.2,0.3,4.0,10.661,11.084556762896858
G06_R0264,G06,LOGO,holdout_G06,G06,100,6,0.0001,0.7,0.3,0.3,4.0,11.856,12.185620141865094
G06_R0265,G06,LOGO,holdout_G06,G06,100,6,1e-05,0.85,0.1,0.3,4.0,9.871,10.31149174553577
G06_R0266,G06,LOGO,holdout_G06,G06,100,6,1e-05,0.85,0.2,0.3,4.0,10.715,11.092314592927911
G06_R0267,G06,LOGO,holdout_G06,G06,100,6,1e-05,0.85,0.3,0.3,4.0,11.895,12.313681943452382
G06_R0268,G06,LOGO,holdout_G06,G06,100,6,1e-05,0.8,0.1,0.3,4.0,9.8723,10.31203751488101
G06_R0269,G06,LOGO,holdout_G06,G06,100,6,1e-05,0.8,0.2,0.3,4.0,10.717,11.092383799277124
G06_R0270,G06,LOGO,holdout_G06,G06,100,6,1e-05,0.8,0.3,0.3,4.0,11.898,12.336622894751097
G06_R0271,G06,LOGO,holdout_G06,G06,100,6,1e-05,0.75,0.1,0.3,4.0,9.8736,10.31176314880957
G06_R0272,G06,LOGO,holdout_G06,G06,100,6,1e-05,0.75,0.2,0.3,4.0,10.719,11.094042452054891
G06_R0273,G06,LOGO,holdout_G06,G06,100,6,1e-05,0.75,0.3,0.3,4.0,11.902,12.34443460407649
G06_R0274,G06,LOGO,holdout_G06,G06,100,6,1e-05,0.7,0.1,0.3,4.0,9.875,10.311028366071469
G06_R0275,G06,LOGO,holdout_G06,G06,100,6,1e-05,0.7,0.2,0.3,4.0,10.721,11.094396145507272
G06_R0276,G06,LOGO,holdout_G06,G06,100,6,1e-05,0.7,0.3,0.3,4.0,11.905,12.345916675505066
G06_R0277,G06,LOGO,holdout_G06,G06,100,6,1e-06,0.85,0.1,0.3,4.0,9.899,10.333592970238266
G06_R0278,G06,LOGO,holdout_G06,G06,100,6,1e-06,0.85,0.2,0.3,4.0,10.743,11.118440370535746
G06_R0279,G06,LOGO,holdout_G06,G06,100,6,1e-06,0.85,0.3,0.3,4.0,11.927,12.32467583035711
G06_R0280,G06,LOGO,holdout_G06,G06,100,6,1e-06,0.8,0.1,0.3,4.0,9.8992,10.3338682723216
G06_R0281,G06,LOGO,holdout_G06,G06,100,6,1e-06,0.8,0.2,0.3,4.0,10.744,11.118182278273844
G06_R0282,G06,LOGO,holdout_G06,G06,100,6,1e-06,0.8,0.3,0.3,4.0,11.928,12.357316714691509
G06_R0283,G06,LOGO,holdout_G06,G06,100,6,1e-06,0.75,0.1,0.3,4.0,9.8994,10.333556715773982
G06_R0284,G06,LOGO,holdout_G06,G06,100,6,1e-06,0.75,0.2,0.3,4.0,10.744,11.118639438988131
G06_R0285,G06,LOGO,holdout_G06,G06,100,6,1e-06,0.75,0.3,0.3,4.0,11.928,12.366243412112151
G06_R0286,G06,LOGO,holdout_G06,G06,100,6,1e-06,0.7,0.1,0.3,4.0,9.8996,10.332935787202546
G06_R0287,G06,LOGO,holdout_G06,G06,100,6,1e-06,0.7,0.2,0.3,4.0,10.745,11.118814376488134
G06_R0288,G06,LOGO,holdout_G06,G06,100,6,1e-06,0.7,0.3,0.3,4.0,11.929,12.36769402520739
G06_R0289,G06,LOGO,holdout_G06,G06,100,20,0.001,0.85,0.1,0.3,4.0,13.424,14.109009909226204
G06_R0290,G06,LOGO,holdout_G06,G06,100,20,0.001,0.85,0.2,0.3,4.0,14.69,15.19306631331167
G06_R0291,G06,LOGO,holdout_G06,G06,100,20,0.001,0.85,0.3,0.3,4.0,16.427,16.531076255952392
G06_R0292,G06,LOGO,holdout_G06,G06,100,20,0.001,0.8,0.1,0.3,4.0,13.44,14.109105409226206
G06_R0293,G06,LOGO,holdout_G06,G06,100,20,0.001,0.8,0.2,0.3,4.0,14.713,15.194215991883103
G06_R0294,G06,LOGO,holdout_G06,G06,100,20,0.001,0.8,0.3,0.3,4.0,16.456,16.532224799107144
G06_R0295,G06,LOGO,holdout_G06,G06,100,20,0.001,0.75,0.1,0.3,4.0,13.455,14.11308936011909
G06_R0296,G06,LOGO,holdout_G06,G06,100,20,0.001,0.75,0.2,0.3,4.0,14.736,15.200860679383116
G06_R0297,G06,LOGO,holdout_G06,G06,100,20,0.001,0.75,0.3,0.3,4.0,16.486,16.54499678382033
G06_R0298,G06,LOGO,holdout_G06,G06,100,20,0.001,0.7,0.1,0.3,4.0,13.471,14.114115922619089
G06_R0299,G06,LOGO,holdout_G06,G06,100,20,0.001,0.7,0.2,0.3,4.0,14.76,15.202860819264062
G06_R0300,G06,LOGO,holdout_G06,G06,100,20,0.001,0.7,0.3,0.3,4.0,16.515,16.548567489177472
G06_R0301,G06,LOGO,holdout_G06,G06,100,20,0.0001,0.85,0.1,0.3,4.0,13.763,14.481518802534277
G06_R0302,G06,LOGO,holdout_G06,G06,100,20,0.0001,0.85,0.2,0.3,4.0,14.922,15.623481249594128
G06_R0303,G06,LOGO,holdout_G06,G06,100,20,0.0001,0.85,0.3,0.3,4.0,16.55,17.11437527642494
G06_R0304,G06,LOGO,holdout_G06,G06,100,20,0.0001,0.8,0.1,0.3,4.0,13.769,14.482456168605705
G06_R0305,G06,LOGO,holdout_G06,G06,100,20,0.0001,0.8,0.2,0.3,4.0,14.931,15.624104166260793
G06_R0306,G06,LOGO,holdout_G06,G06,100,20,0.0001,0.8,0.3,0.3,4.0,16.563,17.11573004130589
G06_R0307,G06,LOGO,holdout_G06,G06,100,20,0.0001,0.75,0.1,0.3,4.0,13.775,14.4850778580898
G06_R0308,G06,LOGO,holdout_G06,G06,100,20,0.0001,0.75,0.2,0.3,4.0,14.94,15.626997274891746
G06_R0309,G06,LOGO,holdout_G06,G06,100,20,0.0001,0.75,0.3,0.3,4.0,16.576,17.1194572674964
G06_R0310,G06,LOGO,holdout_G06,G06,100,20,0.0001,0.7,0.1,0.3,4.0,13.782,14.484162608089797
G06_R0311,G06,LOGO,holdout_G06,G06,100,20,0.0001,0.7,0.2,0.3,4.0,14.95,15.626557983225076
G06_R0312,G06,LOGO,holdout_G06,G06,100,20,0.0001,0.7,0.3,0.3,4.0,16.591,17.118660017496403
G06_R0313,G06,LOGO,holdout_G06,G06,100,20,1e-05,0.85,0.1,0.3,4.0,13.86,14.581614715277786
G06_R0314,G06,LOGO,holdout_G06,G06,100,20,1e-05,0.85,0.2,0.3,4.0,15.005,15.727279460407631
G06_R0315,G06,LOGO,holdout_G06,G06,100,20,1e-05,0.85,0.3,0.3,4.0,16.601,17.249575942956316
G06_R0316,G06,LOGO,holdout_G06,G06,100,20,1e-05,0.8,0.1,0.3,4.0,13.861,14.582402081349212
G06_R0317,G06,LOGO,holdout_G06,G06,100,20,1e-05,0.8,0.2,0.3,4.0,15.008,15.727744332431428
G06_R0318,G06,LOGO,holdout_G06,G06,100,20,1e-05,0.8,0.3,0.3,4.0,16.605,17.251141862599177
G06_R0319,G06,LOGO,holdout_G06,G06,100,20,1e-05,0.75,0.1,0.3,4.0,13.863,14.582792645833376
G06_R0320,G06,LOGO,holdout_G06,G06,100,20,1e-05,0.75,0.2,0.3,4.0,15.011,15.729039531836158
G06_R0321,G06,LOGO,holdout_G06,G06,100,20,1e-05,0.75,0.3,0.3,4.0,16.61,17.25214964087303
G06_R0322,G06,LOGO,holdout_G06,G06,100,20,1e-05,0.7,0.1,0.3,4.0,13.865,14.582010663690516
G06_R0323,G06,LOGO,holdout_G06,G06,100,20,1e-05,0.7,0.2,0.3,4.0,15.014,15.728672844336153
G06_R0324,G06,LOGO,holdout_G06,G06,100,20,1e-05,0.7,0.3,0.3,4.0,16.614,17.251267682539698
G06_R0325,G06,LOGO,holdout_G06,G06,100,20,1e-06,0.85,0.1,0.3,4.0,13.897,14.611997790178645
G06_R0326,G06,LOGO,holdout_G06,G06,100,20,1e-06,0.85,0.2,0.3,4.0,15.041,15.75805414272182
G06_R0327,G06,LOGO,holdout_G06,G06,100,20,1e-06,0.85,0.3,0.3,4.0,16.638,17.285018247835385
G06_R0328,G06,LOGO,holdout_G06,G06,100,20,1e-06,0.8,0.1,0.3,4.0,13.897,14.612455364583404
G06_R0329,G06,LOGO,holdout_G06,G06,100,20,1e-06,0.8,0.2,0.3,4.0,15.042,15.757901598078954
G06_R0330,G06,LOGO,holdout_G06,G06,100,20,1e-06,0.8,0.3,0.3,4.0,16.639,17.28620811539491
G06_R0331,G06,LOGO,holdout_G06,G06,100,20,1e-06,0.75,0.1,0.3,4.0,13.897,14.612211789186595
G06_R0332,G06,LOGO,holdout_G06,G06,100,20,1e-06,0.75,0.2,0.3,4.0,15.042,15.758432711174184
G06_R0333,G06,LOGO,holdout_G06,G06,100,20,1e-06,0.75,0.3,0.3,4.0,16.64,17.286846704680634
G06_R0334,G06,LOGO,holdout_G06,G06,100,20,1e-06,0.7,0.1,0.3,4.0,13.898,14.612068765377073
G06_R0335,G06,LOGO,holdout_G06,G06,100,20,1e-06,0.7,0.2,0.3,4.0,15.043,15.758206690340849
G06_R0336,G06,LOGO,holdout_G06,G06,100,20,1e-06,0.7,0.3,0.3,4.0,16.641,17.28650278801397
G06_R0337,G06,LOGO,holdout_G06,G06,100,50,0.001,0.85,0.1,0.3,4.0,17.881,18.948331766369023
G06_R0338,G06,LOGO,holdout_G06,G06,100,50,0.001,0.85,0.2,0.3,4.0,19.632,20.46281516139071
G06_R0339,G06,LOGO,holdout_G06,G06,100,50,0.001,0.85,0.3,0.3,4.0,22.078,22.263620233134912
G06_R0340,G06,LOGO,holdout_G06,G06,100,50,0.001,0.8,0.1,0.3,4.0,17.901,18.948761328869026
G06_R0341,G06,LOGO,holdout_G06,G06,100,50,0.001,0.8,0.2,0.3,4.0,19.663,20.46341482805738
G06_R0342,G06,LOGO,holdout_G06,G06,100,50,0.001,0.8,0.3,0.3,4.0,22.119,22.26564665277777
G06_R0343,G06,LOGO,holdout_G06,G06,100,50,0.001,0.75,0.1,0.3,4.0,17.923,18.9577607703373
G06_R0344,G06,LOGO,holdout_G06,G06,100,50,0.001,0.75,0.2,0.3,4.0,19.696,20.476079772501794
G06_R0345,G06,LOGO,holdout_G06,G06,100,50,0.001,0.75,0.3,0.3,4.0,22.16,22.27962887748013
G06_R0346,G06,LOGO,holdout_G06,G06,100,50,0.001,0.7,0.1,0.3,4.0,17.945,18.95790124950397
G06_R0347,G06,LOGO,holdout_G06,G06,100,50,0.001,0.7,0.2,0.3,4.0,19.729,20.476081730835133
G06_R0348,G06,LOGO,holdout_G06,G06,100,50,0.001,0.7,0.3,0.3,4.0,22.202,22.28364270188489
G06_R0349,G06,LOGO,holdout_G06,G06,100,50,0.0001,0.85,0.1,0.3,4.0,18.321,19.46941665525797
G06_R0350,G06,LOGO,holdout_G06,G06,100,50,0.0001,0.85,0.2,0.3,4.0,19.886,21.03925574603173
G06_R0351,G06,LOGO,holdout_G06,G06,100,50,0.0001,0.85,0.3,0.3,4.0,22.136,23.056492939980185
G06_R0352,G06,LOGO,holdout_G06,G06,100,50,0.0001,0.8,0.1,0.3,4.0,18.329,19.47016828025796
G06_R0353,G06,LOGO,holdout_G06,G06,100,50,0.0001,0.8,0.2,0.3,4.0,19.898,21.04047551388888
G06_R0354,G06,LOGO,holdout_G06,G06,100,50,0.0001,0.8,0.3,0.3,4.0,22.154,23.05937309623019
G06_R0355,G06,LOGO,holdout_G06,G06,100,50,0.0001,0.75,0.1,0.3,4.0,18.338,19.471868134424604
G06_R0356,G06,LOGO,holdout_G06,G06,100,50,0.0001,0.75,0.2,0.3,4.0,19.911,21.04517463888892
G06_R0357,G06,LOGO,holdout_G06,G06,100,50,0.0001,0.75,0.3,0.3,4.0,22.173,23.06495323015875
G06_R0358,G06,LOGO,holdout_G06,G06,100,50,0.0001,0.7,0.1,0.3,4.0,18.347,19.470895780257933
G06_R0359,G06,LOGO,holdout_G06,G06,100,50,0.0001,0.7,0.2,0.3,4.0,19.924,21.044493181547647
G06_R0360,G06,LOGO,holdout_G06,G06,100,50,0.0001,0.7,0.3,0.3,4.0,22.192,23.06374512599208
G06_R0361,G06,LOGO,holdout_G06,G06,100,50,1e-05,0.85,0.1,0.3,4.0,18.449,19.6025577642948
G06_R0362,G06,LOGO,holdout_G06,G06,100,50,1e-05,0.85,0.2,0.3,4.0,19.985,21.18628786521459
G06_R0363,G06,LOGO,holdout_G06,G06,100,50,1e-05,0.85,0.3,0.3,4.0,22.169,23.240535674963866
G06_R0364,G06,LOGO,holdout_G06,G06,100,50,1e-05,0.8,0.1,0.3,4.0,18.451,19.60369999346147
G06_R0365,G06,LOGO,holdout_G06,G06,100,50,1e-05,0.8,0.2,0.3,4.0,19.989,21.18742127890508
G06_R0366,G06,LOGO,holdout_G06,G06,100,50,1e-05,0.8,0.3,0.3,4.0,22.174,23.24333598746388
G06_R0367,G06,LOGO,holdout_G06,G06,100,50,1e-05,0.75,0.1,0.3,4.0,18.454,19.603455314889995
G06_R0368,G06,LOGO,holdout_G06,G06,100,50,1e-05,0.75,0.2,0.3,4.0,19.993,21.18937677592894
G06_R0369,G06,LOGO,holdout_G06,G06,100,50,1e-05,0.75,0.3,0.3,4.0,22.18,23.244964017225776
G06_R0370,G06,LOGO,holdout_G06,G06,100,50,1e-05,0.7,0.1,0.3,4.0,18.457,19.60285762738999
G06_R0371,G06,LOGO,holdout_G06,G06,100,50,1e-05,0.7,0.2,0.3,4.0,19.997,21.18893822632577
G06_R0372,G06,LOGO,holdout_G06,G06,100,50,1e-05,0.7,0.3,0.3,4.0,22.187,23.244169340142445
G06_R0373,G06,LOGO,holdout_G06,G06,100,50,1e-06,0.85,0.1,0.3,4.0,18.499,19.643587216294108
G06_R0374,G06,LOGO,holdout_G06,G06,100,50,1e-06,0.85,0.2,0.3,4.0,20.033,21.22851751600821
G06_R0375,G06,LOGO,holdout_G06,G06,100,50,1e-06,0.85,0.3,0.3,4.0,22.212,23.28825661990438
G06_R0376,G06,LOGO,holdout_G06,G06,100,50,1e-06,0.8,0.1,0.3,4.0,18.5,19.64404986212745
G06_R0377,G06,LOGO,holdout_G06,G06,100,50,1e-06,0.8,0.2,0.3,4.0,20.034,21.22955222136536
G06_R0378,G06,LOGO,holdout_G06,G06,100,50,1e-06,0.8,0.3,0.3,4.0,22.213,23.29023481782105
G06_R0379,G06,LOGO,holdout_G06,G06,100,50,1e-06,0.75,0.1,0.3,4.0,18.5,19.64369753772269
G06_R0380,G06,LOGO,holdout_G06,G06,100,50,1e-06,0.75,0.2,0.3,4.0,20.035,21.231022030889218
G06_R0381,G06,LOGO,holdout_G06,G06,100,50,1e-06,0.75,0.3,0.3,4.0,22.214,23.291368202741623
G06_R0382,G06,LOGO,holdout_G06,G06,100,50,1e-06,0.7,0.1,0.3,4.0,18.5,19.643164246056028
G06_R0383,G06,LOGO,holdout_G06,G06,100,50,1e-06,0.7,0.2,0.3,4.0,20.035,21.230574599341608
G06_R0384,G06,LOGO,holdout_G06,G06,100,50,1e-06,0.7,0.3,0.3,4.0,22.216,23.29081935899162
G06_R0385,G06,LOGO,holdout_G06,G06,250,3,0.001,0.85,0.1,0.3,4.0,9.7418,10.300344534586962
G06_R0386,G06,LOGO,holdout_G06,G06,250,3,0.001,0.85,0.2,0.3,4.0,10.665,11.20954065426588
G06_R0387,G06,LOGO,holdout_G06,G06,250,3,0.001,0.85,0.3,0.3,4.0,12.244,12.453383197916644
G06_R0388,G06,LOGO,holdout_G06,G06,250,3,0.001,0.8,0.1,0.3,4.0,9.7538,10.301710263753629
G06_R0389,G06,LOGO,holdout_G06,G06,250,3,0.001,0.8,0.2,0.3,4.0,10.681,11.210383362599211
G06_R0390,G06,LOGO,holdout_G06,G06,250,3,0.001,0.8,0.3,0.3,4.0,12.264,12.453855260416647
G06_R0391,G06,LOGO,holdout_G06,G06,250,3,0.001,0.75,0.1,0.3,4.0,9.7665,10.304803144706025
G06_R0392,G06,LOGO,holdout_G06,G06,250,3,0.001,0.75,0.2,0.3,4.0,10.698,11.216078621527766
G06_R0393,G06,LOGO,holdout_G06,G06,250,3,0.001,0.75,0.3,0.3,4.0,12.282,12.462239662202386
G06_R0394,G06,LOGO,holdout_G06,G06,250,3,0.001,0.7,0.1,0.3,4.0,9.78,10.303321973079042
G06_R0395,G06,LOGO,holdout_G06,G06,250,3,0.001,0.7,0.2,0.3,4.0,10.714,11.216185642857129
G06_R0396,G06,LOGO,holdout_G06,G06,250,3,0.001,0.7,0.3,0.3,4.0,12.298,12.463283474702385
G06_R0397,G06,LOGO,holdout_G06,G06,250,3,0.0001,0.85,0.1,0.3,4.0,10.015,10.456738919146831
G06_R0398,G06,LOGO,holdout_G06,G06,250,3,0.0001,0.85,0.2,0.3,4.0,10.976,11.266943733134944
G06_R0399,G06,LOGO,holdout_G06,G06,250,3,0.0001,0.85,0.3,0.3,4.0,12.372,12.416233016369016
G06_R0400,G06,LOGO,holdout_G06,G06,250,3,0.0001,0.8,0.1,0.3,4.0,10.019,10.458409179563496
G06_R0401,G06,LOGO,holdout_G06,G06,250,3,0.0001,0.8,0.2,0.3,4.0,10.984,11.267860108134949
G06_R0402,G06,LOGO,holdout_G06,G06,250,3,0.0001,0.8,0.3,0.3,4.0,12.383,12.41657966220235
G06_R0403,G06,LOGO,holdout_G06,G06,250,3,0.0001,0.75,0.1,0.3,4.0,10.024,10.458535426587323
G06_R0404,G06,LOGO,holdout_G06,G06,250,3,0.0001,0.75,0.2,0.3,4.0,10.992,11.270800724206367
G06_R0405,G06,LOGO,holdout_G06,G06,250,3,0.0001,0.75,0.3,0.3,4.0,12.394,12.42212075744047
G06_R0406,G06,LOGO,holdout_G06,G06,250,3,0.0001,0.7,0.1,0.3,4.0,10.029,10.456997213293675
G06_R0407,G06,LOGO,holdout_G06,G06,250,3,0.0001,0.7,0.2,0.3,4.0,11.0,11.271215013392878
G06_R0408,G06,LOGO,holdout_G06,G06,250,3,0.0001,0.7,0.3,0.3,4.0,12.406,12.423226028273804
G06_R0409,G06,LOGO,holdout_G06,G06,250,3,1e-05,0.85,0.1,0.3,4.0,10.095,10.502653779761893
G06_R0410,G06,LOGO,holdout_G06,G06,250,3,1e-05,0.85,0.2,0.3,4.0,11.043,11.25675867933803
G06_R0411,G06,LOGO,holdout_G06,G06,250,3,1e-05,0.85,0.3,0.3,4.0,12.473,12.352032984126978
G06_R0412,G06,LOGO,holdout_G06,G06,250,3,1e-05,0.8,0.1,0.3,4.0,10.097,10.503389803571416
G06_R0413,G06,LOGO,holdout_G06,G06,250,3,1e-05,0.8,0.2,0.3,4.0,11.047,11.257244335588034
G06_R0414,G06,LOGO,holdout_G06,G06,250,3,1e-05,0.8,0.3,0.3,4.0,12.477,12.352136234126975
G06_R0415,G06,LOGO,holdout_G06,G06,250,3,1e-05,0.75,0.1,0.3,4.0,10.098,10.50387832440473
G06_R0416,G06,LOGO,holdout_G06,G06,250,3,1e-05,0.75,0.2,0.3,4.0,11.05,11.25883405880231
G06_R0417,G06,LOGO,holdout_G06,G06,250,3,1e-05,0.75,0.3,0.3,4.0,12.482,12.353594436507915
G06_R0418,G06,LOGO,holdout_G06,G06,250,3,1e-05,0.7,0.1,0.3,4.0,10.1,10.503335017361085
G06_R0419,G06,LOGO,holdout_G06,G06,250,3,1e-05,0.7,0.2,0.3,4.0,11.054,11.259418964060249
G06_R0420,G06,LOGO,holdout_G06,G06,250,3,1e-05,0.7,0.3,0.3,4.0,12.488,12.353787609126964
G06_R0421,G06,LOGO,holdout_G06,G06,250,3,1e-06,0.85,0.1,0.3,4.0,10.124,10.518156461805535
G06_R0422,G06,LOGO,holdout_G06,G06,250,3,1e-06,0.85,0.2,0.3,4.0,11.055,11.25095364362376
G06_R0423,G06,LOGO,holdout_G06,G06,250,3,1e-06,0.85,0.3,0.3,4.0,12.484,12.33675644742067
G06_R0424,G06,LOGO,holdout_G06,G06,250,3,1e-06,0.8,0.1,0.3,4.0,10.124,10.51883254811506
G06_R0425,G06,LOGO,holdout_G06,G06,250,3,1e-06,0.8,0.2,0.3,4.0,11.056,11.251304310290427
G06_R0426,G06,LOGO,holdout_G06,G06,250,3,1e-06,0.8,0.3,0.3,4.0,12.485,12.33692732242067
G06_R0427,G06,LOGO,holdout_G06,G06,250,3,1e-06,0.75,0.1,0.3,4.0,10.125,10.519064476686486
G06_R0428,G06,LOGO,holdout_G06,G06,250,3,1e-06,0.75,0.2,0.3,4.0,11.057,11.25223573886188
G06_R0429,G06,LOGO,holdout_G06,G06,250,3,1e-06,0.75,0.3,0.3,4.0,12.487,12.337718325396832
G06_R0430,G06,LOGO,holdout_G06,G06,250,3,1e-06,0.7,0.1,0.3,4.0,10.125,10.51851804464284
G06_R0431,G06,LOGO,holdout_G06,G06,250,3,1e-06,0.7,0.2,0.3,4.0,11.058,11.252951034000771
G06_R0432,G06,LOGO,holdout_G06,G06,250,3,1e-06,0.7,0.3,0.3,4.0,12.489,12.337911498015876
G06_R0433,G06,LOGO,holdout_G06,G06,250,6,0.001,0.85,0.1,0.3,4.0,11.93,12.531943648809548
G06_R0434,G06,LOGO,holdout_G06,G06,250,6,0.001,0.85,0.2,0.3,4.0,13.012,13.648338346726176
G06_R0435,G06,LOGO,holdout_G06,G06,250,6,0.001,0.85,0.3,0.3,4.0,14.819,15.18452410168647
G06_R0436,G06,LOGO,holdout_G06,G06,250,6,0.001,0.8,0.1,0.3,4.0,11.945,12.53364214880955
G06_R0437,G06,LOGO,holdout_G06,G06,250,6,0.001,0.8,0.2,0.3,4.0,13.032,13.654404209325378
G06_R0438,G06,LOGO,holdout_G06,G06,250,6,0.001,0.8,0.3,0.3,4.0,14.843,15.18436911359123
G06_R0439,G06,LOGO,holdout_G06,G06,250,6,0.001,0.75,0.1,0.3,4.0,11.961,12.537957393849211
G06_R0440,G06,LOGO,holdout_G06,G06,250,6,0.001,0.75,0.2,0.3,4.0,13.054,13.664774613095211
G06_R0441,G06,LOGO,holdout_G06,G06,250,6,0.001,0.75,0.3,0.3,4.0,14.865,15.193890277281712
G06_R0442,G06,LOGO,holdout_G06,G06,250,6,0.001,0.7,0.1,0.3,4.0,11.977,12.5368968045635
G06_R0443,G06,LOGO,holdout_G06,G06,250,6,0.001,0.7,0.2,0.3,4.0,13.076,13.669735680059498
G06_R0444,G06,LOGO,holdout_G06,G06,250,6,0.001,0.7,0.3,0.3,4.0,14.885,15.194706152281713
G06_R0445,G06,LOGO,holdout_G06,G06,250,6,0.0001,0.85,0.1,0.3,4.0,12.281,12.711584557629822
G06_R0446,G06,LOGO,holdout_G06,G06,250,6,0.0001,0.85,0.2,0.3,4.0,13.482,13.6610202559524
G06_R0447,G06,LOGO,holdout_G06,G06,250,6,0.0001,0.85,0.3,0.3,4.0,15.187,15.027574364087313
G06_R0448,G06,LOGO,holdout_G06,G06,250,6,0.0001,0.8,0.1,0.3,4.0,12.287,12.713654015963153
G06_R0449,G06,LOGO,holdout_G06,G06,250,6,0.0001,0.8,0.2,0.3,4.0,13.492,13.66845587599208
G06_R0450,G06,LOGO,holdout_G06,G06,250,6,0.0001,0.8,0.3,0.3,4.0,15.2,15.02716610515874
G06_R0451,G06,LOGO,holdout_G06,G06,250,6,0.0001,0.75,0.1,0.3,4.0,12.293,12.715639974296485
G06_R0452,G06,LOGO,holdout_G06,G06,250,6,0.0001,0.75,0.2,0.3,4.0,13.502,13.67720194940476
G06_R0453,G06,LOGO,holdout_G06,G06,250,6,0.0001,0.75,0.3,0.3,4.0,15.215,15.03165458878969
G06_R0454,G06,LOGO,holdout_G06,G06,250,6,0.0001,0.7,0.1,0.3,4.0,12.299,12.71455873917744
G06_R0455,G06,LOGO,holdout_G06,G06,250,6,0.0001,0.7,0.2,0.3,4.0,13.513,13.680304422619038
G06_R0456,G06,LOGO,holdout_G06,G06,250,6,0.0001,0.7,0.3,0.3,4.0,15.229,15.033398797123024
G06_R0457,G06,LOGO,holdout_G06,G06,250,6,1e-05,0.85,0.1,0.3,4.0,12.382,12.76004664443546
G06_R0458,G06,LOGO,holdout_G06,G06,250,6,1e-05,0.85,0.2,0.3,4.0,13.564,13.645487115575408
G06_R0459,G06,LOGO,holdout_G06,G06,250,6,1e-05,0.85,0.3,0.3,4.0,15.305,14.926735407738128
G06_R0460,G06,LOGO,holdout_G06,G06,250,6,1e-05,0.8,0.1,0.3,4.0,12.384,12.760806456935454
G06_R0461,G06,LOGO,holdout_G06,G06,250,6,1e-05,0.8,0.2,0.3,4.0,13.568,13.64826854960318
G06_R0462,G06,LOGO,holdout_G06,G06,250,6,1e-05,0.8,0.3,0.3,4.0,15.311,14.926930431547651
G06_R0463,G06,LOGO,holdout_G06,G06,250,6,1e-05,0.75,0.1,0.3,4.0,12.386,12.761746007530714
G06_R0464,G06,LOGO,holdout_G06,G06,250,6,1e-05,0.75,0.2,0.3,4.0,13.572,13.651916225694446
G06_R0465,G06,LOGO,holdout_G06,G06,250,6,1e-05,0.75,0.3,0.3,4.0,15.317,14.928652022321454
G06_R0466,G06,LOGO,holdout_G06,G06,250,6,1e-05,0.7,0.1,0.3,4.0,12.388,12.761540986697382
G06_R0467,G06,LOGO,holdout_G06,G06,250,6,1e-05,0.7,0.2,0.3,4.0,13.576,13.654260547123013
G06_R0468,G06,LOGO,holdout_G06,G06,250,6,1e-05,0.7,0.3,0.3,4.0,15.324,14.92998875148812
G06_R0469,G06,LOGO,holdout_G06,G06,250,6,1e-06,0.85,0.1,0.3,4.0,12.419,12.777499294146782
G06_R0470,G06,LOGO,holdout_G06,G06,250,6,1e-06,0.85,0.2,0.3,4.0,13.56,13.631878907828298
G06_R0471,G06,LOGO,holdout_G06,G06,250,6,1e-06,0.85,0.3,0.3,4.0,15.318,14.90112385218258
G06_R0472,G06,LOGO,holdout_G06,G06,250,6,1e-06,0.8,0.1,0.3,4.0,12.419,12.778096085813443
G06_R0473,G06,LOGO,holdout_G06,G06,250,6,1e-06,0.8,0.2,0.3,4.0,13.561,13.632967829951308
G06_R0474,G06,LOGO,holdout_G06,G06,250,6,1e-06,0.8,0.3,0.3,4.0,15.32,14.901550730158776
G06_R0475,G06,LOGO,holdout_G06,G06,250,6,1e-06,0.75,0.1,0.3,4.0,12.419,12.77842770783726
G06_R0476,G06,LOGO,holdout_G06,G06,250,6,1e-06,0.75,0.2,0.3,4.0,13.562,13.63583196090368
G06_R0477,G06,LOGO,holdout_G06,G06,250,6,1e-06,0.75,0.3,0.3,4.0,15.322,14.902843739087311
G06_R0478,G06,LOGO,holdout_G06,G06,250,6,1e-06,0.7,0.1,0.3,4.0,12.42,12.778315181051546
G06_R0479,G06,LOGO,holdout_G06,G06,250,6,1e-06,0.7,0.2,0.3,4.0,13.563,13.639117389475102
G06_R0480,G06,LOGO,holdout_G06,G06,250,6,1e-06,0.7,0.3,0.3,4.0,15.325,14.903777468253974
G06_R0481,G06,LOGO,holdout_G06,G06,250,20,0.001,0.85,0.1,0.3,4.0,17.792,18.2556607802579
G06_R0482,G06,LOGO,holdout_G06,G06,250,20,0.001,0.85,0.2,0.3,4.0,19.462,20.023638011138143
G06_R0483,G06,LOGO,holdout_G06,G06,250,20,0.001,0.85,0.3,0.3,4.0,21.68,22.384550038555197
G06_R0484,G06,LOGO,holdout_G06,G06,250,20,0.001,0.8,0.1,0.3,4.0,17.818,18.259309134424573
G06_R0485,G06,LOGO,holdout_G06,G06,250,20,0.001,0.8,0.2,0.3,4.0,19.498,20.03313914560788
G06_R0486,G06,LOGO,holdout_G06,G06,250,20,0.001,0.8,0.3,0.3,4.0,21.723,22.381487392721866
G06_R0487,G06,LOGO,holdout_G06,G06,250,20,0.001,0.75,0.1,0.3,4.0,17.846,18.26770561507931
G06_R0488,G06,LOGO,holdout_G06,G06,250,20,0.001,0.75,0.2,0.3,4.0,19.536,20.054152706349203
G06_R0489,G06,LOGO,holdout_G06,G06,250,20,0.001,0.75,0.3,0.3,4.0,21.765,22.3931567953193
G06_R0490,G06,LOGO,holdout_G06,G06,250,20,0.001,0.7,0.1,0.3,4.0,17.877,18.267139365079316
G06_R0491,G06,LOGO,holdout_G06,G06,250,20,0.001,0.7,0.2,0.3,4.0,19.578,20.059654574404743
G06_R0492,G06,LOGO,holdout_G06,G06,250,20,0.001,0.7,0.3,0.3,4.0,21.805,22.39917654829549
G06_R0493,G06,LOGO,holdout_G06,G06,250,20,0.0001,0.85,0.1,0.3,4.0,18.494,18.505065482864367
G06_R0494,G06,LOGO,holdout_G06,G06,250,20,0.0001,0.85,0.2,0.3,4.0,20.817,20.016090271554805
G06_R0495,G06,LOGO,holdout_G06,G06,250,20,0.0001,0.85,0.3,0.3,4.0,23.651,21.900330881899404
G06_R0496,G06,LOGO,holdout_G06,G06,250,20,0.0001,0.8,0.1,0.3,4.0,18.504,18.50922605578104
G06_R0497,G06,LOGO,holdout_G06,G06,250,20,0.0001,0.8,0.2,0.3,4.0,20.836,20.02484957269121
G06_R0498,G06,LOGO,holdout_G06,G06,250,20,0.0001,0.8,0.3,0.3,4.0,23.676,21.896417277732745
G06_R0499,G06,LOGO,holdout_G06,G06,250,20,0.0001,0.75,0.1,0.3,4.0,18.515,18.51298167929295
G06_R0500,G06,LOGO,holdout_G06,G06,250,20,0.0001,0.75,0.2,0.3,4.0,20.856,20.04341932093253
G06_R0501,G06,LOGO,holdout_G06,G06,250,20,0.0001,0.75,0.3,0.3,4.0,23.707,21.90273638122302
G06_R0502,G06,LOGO,holdout_G06,G06,250,20,0.0001,0.7,0.1,0.3,4.0,18.526,18.512166991792945
G06_R0503,G06,LOGO,holdout_G06,G06,250,20,0.0001,0.7,0.2,0.3,4.0,20.878,20.049014230654738
G06_R0504,G06,LOGO,holdout_G06,G06,250,20,0.0001,0.7,0.3,0.3,4.0,23.738,21.9109526966992
G06_R0505,G06,LOGO,holdout_G06,G06,250,20,1e-05,0.85,0.1,0.3,4.0,18.711,18.571860716269807
G06_R0506,G06,LOGO,holdout_G06,G06,250,20,1e-05,0.85,0.2,0.3,4.0,21.043,19.82677011755956
G06_R0507,G06,LOGO,holdout_G06,G06,250,20,1e-05,0.85,0.3,0.3,4.0,24.085,21.72603743461401
G06_R0508,G06,LOGO,holdout_G06,G06,250,20,1e-05,0.8,0.1,0.3,4.0,18.715,18.57290447668648
G06_R0509,G06,LOGO,holdout_G06,G06,250,20,1e-05,0.8,0.2,0.3,4.0,21.051,19.82712873561511
G06_R0510,G06,LOGO,holdout_G06,G06,250,20,1e-05,0.8,0.3,0.3,4.0,24.095,21.724829901875925
G06_R0511,G06,LOGO,holdout_G06,G06,250,20,1e-05,0.75,0.1,0.3,4.0,18.718,18.573569750496063
G06_R0512,G06,LOGO,holdout_G06,G06,250,20,1e-05,0.75,0.2,0.3,4.0,21.059,19.82935620089284
G06_R0513,G06,LOGO,holdout_G06,G06,250,20,1e-05,0.75,0.3,0.3,4.0,24.106,21.72766118907831
G06_R0514,G06,LOGO,holdout_G06,G06,250,20,1e-05,0.7,0.1,0.3,4.0,18.722,18.5733654588294
G06_R0515,G06,LOGO,holdout_G06,G06,250,20,1e-05,0.7,0.2,0.3,4.0,21.068,19.829592683035692
G06_R0516,G06,LOGO,holdout_G06,G06,250,20,1e-05,0.7,0.3,0.3,4.0,24.118,21.73086373669735
G06_R0517,G06,LOGO,holdout_G06,G06,250,20,1e-06,0.85,0.1,0.3,4.0,18.786,18.59754056696415
G06_R0518,G06,LOGO,holdout_G06,G06,250,20,1e-06,0.85,0.2,0.3,4.0,20.934,19.81125543889796
G06_R0519,G06,LOGO,holdout_G06,G06,250,20,1e-06,0.85,0.3,0.3,4.0,24.19,21.685140294146823
G06_R0520,G06,LOGO,holdout_G06,G06,250,20,1e-06,0.8,0.1,0.3,4.0,18.787,18.59843426488081
G06_R0521,G06,LOGO,holdout_G06,G06,250,20,1e-06,0.8,0.2,0.3,4.0,20.936,19.81161405695351
G06_R0522,G06,LOGO,holdout_G06,G06,250,20,1e-06,0.8,0.3,0.3,4.0,24.193,21.68422057390874
G06_R0523,G06,LOGO,holdout_G06,G06,250,20,1e-06,0.75,0.1,0.3,4.0,18.787,18.59869543749989
G06_R0524,G06,LOGO,holdout_G06,G06,250,20,1e-06,0.75,0.2,0.3,4.0,20.938,19.812809793064574
G06_R0525,G06,LOGO,holdout_G06,G06,250,20,1e-06,0.75,0.3,0.3,4.0,24.197,21.68503443402782
G06_R0526,G06,LOGO,holdout_G06,G06,250,20,1e-06,0.7,0.1,0.3,4.0,18.788,18.59874197916656
G06_R0527,G06,LOGO,holdout_G06,G06,250,20,1e-06,0.7,0.2,0.3,4.0,20.941,19.81304627520743
G06_R0528,G06,LOGO,holdout_G06,G06,250,20,1e-06,0.7,0.3,0.3,4.0,24.201,21.6879070649802
G06_R0529,G06,LOGO,holdout_G06,G06,250,50,0.001,0.85,0.1,0.3,4.0,26.38,24.709605194940515
G06_R0530,G06,LOGO,holdout_G06,G06,250,50,0.001,0.85,0.2,0.3,4.0,28.29,27.23647678995303
G06_R0531,G06,LOGO,holdout_G06,G06,250,50,0.001,0.85,0.3,0.3,4.0,29.962,30.681824180059586
G06_R0532,G06,LOGO,holdout_G06,G06,250,50,0.001,0.8,0.1,0.3,4.0,26.429,24.712094965773844
G06_R0533,G06,LOGO,holdout_G06,G06,250,50,0.001,0.8,0.2,0.3,4.0,28.35,27.23577173786969
G06_R0534,G06,LOGO,holdout_G06,G06,250,50,0.001,0.8,0.3,0.3,4.0,30.037,30.675163185515935
G06_R0535,G06,LOGO,holdout_G06,G06,250,50,0.001,0.75,0.1,0.3,4.0,26.488,24.722164163194478
G06_R0536,G06,LOGO,holdout_G06,G06,250,50,0.001,0.75,0.2,0.3,4.0,28.428,27.249124995310208
G06_R0537,G06,LOGO,holdout_G06,G06,250,50,0.001,0.75,0.3,0.3,4.0,30.115,30.696813435515978
G06_R0538,G06,LOGO,holdout_G06,G06,250,50,0.001,0.7,0.1,0.3,4.0,26.546,24.720185225694475
G06_R0539,G06,LOGO,holdout_G06,G06,250,50,0.001,0.7,0.2,0.3,4.0,28.523,27.251056191738783
G06_R0540,G06,LOGO,holdout_G06,G06,250,50,0.001,0.7,0.3,0.3,4.0,30.202,30.70477639384931
G06_R0541,G06,LOGO,holdout_G06,G06,250,50,0.0001,0.85,0.1,0.3,4.0,28.244,24.997945808531785
G06_R0542,G06,LOGO,holdout_G06,G06,250,50,0.0001,0.85,0.2,0.3,4.0,31.423,27.09841653174604
G06_R0543,G06,LOGO,holdout_G06,G06,250,50,0.0001,0.85,0.3,0.3,4.0,37.063,29.803319146825388
G06_R0544,G06,LOGO,holdout_G06,G06,250,50,0.0001,0.8,0.1,0.3,4.0,28.262,25.00130034722226
G06_R0545,G06,LOGO,holdout_G06,G06,250,50,0.0001,0.8,0.2,0.3,4.0,31.448,27.097284104662695
G06_R0546,G06,LOGO,holdout_G06,G06,250,50,0.0001,0.8,0.3,0.3,4.0,37.16,29.796739964781747
G06_R0547,G06,LOGO,holdout_G06,G06,250,50,0.0001,0.75,0.1,0.3,4.0,28.282,25.003852116071453
G06_R0548,G06,LOGO,holdout_G06,G06,250,50,0.0001,0.75,0.2,0.3,4.0,31.476,27.104867043650803
G06_R0549,G06,LOGO,holdout_G06,G06,250,50,0.0001,0.75,0.3,0.3,4.0,36.879,29.810894155258016
G06_R0550,G06,LOGO,holdout_G06,G06,250,50,0.0001,0.7,0.1,0.3,4.0,28.305,25.001537879960345
G06_R0551,G06,LOGO,holdout_G06,G06,250,50,0.0001,0.7,0.2,0.3,4.0,31.505,27.106983240079376
G06_R0552,G06,LOGO,holdout_G06,G06,250,50,0.0001,0.7,0.3,0.3,4.0,36.925,29.81998719692469
G06_R0553,G06,LOGO,holdout_G06,G06,250,50,1e-05,0.85,0.1,0.3,4.0,28.515,25.07871230456349
G06_R0554,G06,LOGO,holdout_G06,G06,250,50,1e-05,0.85,0.2,0.3,4.0,32.005,26.99618045287696
G06_R0555,G06,LOGO,holdout_G06,G06,250,50,1e-05,0.85,0.3,0.3,4.0,38.811,29.676020598214325
G06_R0556,G06,LOGO,holdout_G06,G06,250,50,1e-05,0.8,0.1,0.3,4.0,28.521,25.080548444444425
G06_R0557,G06,LOGO,holdout_G06,G06,250,50,1e-05,0.8,0.2,0.3,4.0,32.015,26.995866914186475
G06_R0558,G06,LOGO,holdout_G06,G06,250,50,1e-05,0.8,0.3,0.3,4.0,38.821,29.669867181547662
G06_R0559,G06,LOGO,holdout_G06,G06,250,50,1e-05,0.75,0.1,0.3,4.0,28.528,25.0815727941468
G06_R0560,G06,LOGO,holdout_G06,G06,250,50,1e-05,0.75,0.2,0.3,4.0,32.027,26.99915690228173
G06_R0561,G06,LOGO,holdout_G06,G06,250,50,1e-05,0.75,0.3,0.3,4.0,38.836,29.674604074404805
G06_R0562,G06,LOGO,holdout_G06,G06,250,50,1e-05,0.7,0.1,0.3,4.0,28.535,25.08153768303568
G06_R0563,G06,LOGO,holdout_G06,G06,250,50,1e-05,0.7,0.2,0.3,4.0,32.039,27.00078997966269
G06_R0564,G06,LOGO,holdout_G06,G06,250,50,1e-05,0.7,0.3,0.3,4.0,38.854,29.682809630952423
G06_R0565,G06,LOGO,holdout_G06,G06,250,50,1e-06,0.85,0.1,0.3,4.0,28.657,25.11288670852389
G06_R0566,G06,LOGO,holdout_G06,G06,250,50,1e-06,0.85,0.2,0.3,4.0,32.798,26.97472178521824
G06_R0567,G06,LOGO,holdout_G06,G06,250,50,1e-06,0.85,0.3,0.3,4.0,39.116,29.647049739087294
G06_R0568,G06,LOGO,holdout_G06,G06,250,50,1e-06,0.8,0.1,0.3,4.0,28.659,25.114356330547693
G06_R0569,G06,LOGO,holdout_G06,G06,250,50,1e-06,0.8,0.2,0.3,4.0,32.801,26.97463968402776
G06_R0570,G06,LOGO,holdout_G06,G06,250,50,1e-06,0.8,0.3,0.3,4.0,39.121,29.640711009920636
G06_R0571,G06,LOGO,holdout_G06,G06,250,50,1e-06,0.75,0.1,0.3,4.0,28.66,25.11447029929773
G06_R0572,G06,LOGO,holdout_G06,G06,250,50,1e-06,0.75,0.2,0.3,4.0,32.804,26.976574895337286
G06_R0573,G06,LOGO,holdout_G06,G06,250,50,1e-06,0.75,0.3,0.3,4.0,39.127,29.64449000992057
G06_R0574,G06,LOGO,holdout_G06,G06,250,50,1e-06,0.7,0.1,0.3,4.0,28.661,25.11462062568661
G06_R0575,G06,LOGO,holdout_G06,G06,250,50,1e-06,0.7,0.2,0.3,4.0,32.809,26.97830888938492
G06_R0576,G06,LOGO,holdout_G06,G06,250,50,1e-06,0.7,0.3,0.3,4.0,39.133,29.652768432539624
G06_R0577,G06,LOGO,holdout_G06,G06,500,3,0.001,0.85,0.1,0.3,4.0,12.188,12.29463392708334
G06_R0578,G06,LOGO,holdout_G06,G06,500,3,0.001,0.85,0.2,0.3,4.0,13.353,13.46933324950394
G06_R0579,G06,LOGO,holdout_G06,G06,500,3,0.001,0.85,0.3,0.3,4.0,14.991,15.22702290873017
G06_R0580,G06,LOGO,holdout_G06,G06,500,3,0.001,0.8,0.1,0.3,4.0,12.204,12.296443537202386
G06_R0581,G06,LOGO,holdout_G06,G06,500,3,0.001,0.8,0.2,0.3,4.0,13.376,13.472602408730138
G06_R0582,G06,LOGO,holdout_G06,G06,500,3,0.001,0.8,0.3,0.3,4.0,15.023,15.228324262896836
G06_R0583,G06,LOGO,holdout_G06,G06,500,3,0.001,0.75,0.1,0.3,4.0,12.222,12.30204431845239
G06_R0584,G06,LOGO,holdout_G06,G06,500,3,0.001,0.75,0.2,0.3,4.0,13.399,13.481288707837288
G06_R0585,G06,LOGO,holdout_G06,G06,500,3,0.001,0.75,0.3,0.3,4.0,15.057,15.236067691468293
G06_R0586,G06,LOGO,holdout_G06,G06,500,3,0.001,0.7,0.1,0.3,4.0,12.241,12.30160415178572
G06_R0587,G06,LOGO,holdout_G06,G06,500,3,0.001,0.7,0.2,0.3,4.0,13.423,13.48255189682539
G06_R0588,G06,LOGO,holdout_G06,G06,500,3,0.001,0.7,0.3,0.3,4.0,15.09,15.233469306051624
G06_R0589,G06,LOGO,holdout_G06,G06,500,3,0.0001,0.85,0.1,0.3,4.0,12.463,12.428149181412325
G06_R0590,G06,LOGO,holdout_G06,G06,500,3,0.0001,0.85,0.2,0.3,4.0,13.74,13.47420693353172
G06_R0591,G06,LOGO,holdout_G06,G06,500,3,0.0001,0.85,0.3,0.3,4.0,15.601,14.98162370882939
G06_R0592,G06,LOGO,holdout_G06,G06,500,3,0.0001,0.8,0.1,0.3,4.0,12.469,12.430113972086922
G06_R0593,G06,LOGO,holdout_G06,G06,500,3,0.0001,0.8,0.2,0.3,4.0,13.75,13.476836774305534
G06_R0594,G06,LOGO,holdout_G06,G06,500,3,0.0001,0.8,0.3,0.3,4.0,15.615,14.98656781200397
G06_R0595,G06,LOGO,holdout_G06,G06,500,3,0.0001,0.75,0.1,0.3,4.0,12.476,12.43294874156746
G06_R0596,G06,LOGO,holdout_G06,G06,500,3,0.0001,0.75,0.2,0.3,4.0,13.76,13.483929055555532
G06_R0597,G06,LOGO,holdout_G06,G06,500,3,0.0001,0.75,0.3,0.3,4.0,15.628,14.995629499098111
G06_R0598,G06,LOGO,holdout_G06,G06,500,3,0.0001,0.7,0.1,0.3,4.0,12.484,12.43248206894842
G06_R0599,G06,LOGO,holdout_G06,G06,500,3,0.0001,0.7,0.2,0.3,4.0,13.772,13.486026994543636
G06_R0600,G06,LOGO,holdout_G06,G06,500,3,0.0001,0.7,0.3,0.3,4.0,15.642,14.997334073006831
G06_R0601,G06,LOGO,holdout_G06,G06,500,3,1e-05,0.85,0.1,0.3,4.0,12.526,12.447961563988123
G06_R0602,G06,LOGO,holdout_G06,G06,500,3,1e-05,0.85,0.2,0.3,4.0,13.749,13.422728638888875
G06_R0603,G06,LOGO,holdout_G06,G06,500,3,1e-05,0.85,0.3,0.3,4.0,15.649,14.96798576289686
G06_R0604,G06,LOGO,holdout_G06,G06,500,3,1e-05,0.8,0.1,0.3,4.0,12.528,12.449740854662728
G06_R0605,G06,LOGO,holdout_G06,G06,500,3,1e-05,0.8,0.2,0.3,4.0,13.755,13.424366182043636
G06_R0606,G06,LOGO,holdout_G06,G06,500,3,1e-05,0.8,0.3,0.3,4.0,15.655,14.972156032738104
G06_R0607,G06,LOGO,holdout_G06,G06,500,3,1e-05,0.75,0.1,0.3,4.0,12.53,12.450879173115082
G06_R0608,G06,LOGO,holdout_G06,G06,500,3,1e-05,0.75,0.2,0.3,4.0,13.76,13.428311519841264
G06_R0609,G06,LOGO,holdout_G06,G06,500,3,1e-05,0.75,0.3,0.3,4.0,15.662,14.97959861566556
G06_R0610,G06,LOGO,holdout_G06,G06,500,3,1e-05,0.7,0.1,0.3,4.0,12.533,12.450935604662709
G06_R0611,G06,LOGO,holdout_G06,G06,500,3,1e-05,0.7,0.2,0.3,4.0,13.766,13.429324407738102
G06_R0612,G06,LOGO,holdout_G06,G06,500,3,1e-05,0.7,0.3,0.3,4.0,15.668,14.981678755050478
G06_R0613,G06,LOGO,holdout_G06,G06,500,3,1e-06,0.85,0.1,0.3,4.0,12.551,12.457747636904816
G06_R0614,G06,LOGO,holdout_G06,G06,500,3,1e-06,0.85,0.2,0.3,4.0,13.702,13.362653431051536
G06_R0615,G06,LOGO,holdout_G06,G06,500,3,1e-06,0.85,0.3,0.3,4.0,15.627,14.927096497023854
G06_R0616,G06,LOGO,holdout_G06,G06,500,3,1e-06,0.8,0.1,0.3,4.0,12.551,12.459537997023869
G06_R0617,G06,LOGO,holdout_G06,G06,500,3,1e-06,0.8,0.2,0.3,4.0,13.704,13.363277451884873
G06_R0618,G06,LOGO,holdout_G06,G06,500,3,1e-06,0.8,0.3,0.3,4.0,15.629,14.927959345238136
G06_R0619,G06,LOGO,holdout_G06,G06,500,3,1e-06,0.75,0.1,0.3,4.0,12.551,12.460107549107208
G06_R0620,G06,LOGO,holdout_G06,G06,500,3,1e-06,0.75,0.2,0.3,4.0,13.707,13.36401835069442
G06_R0621,G06,LOGO,holdout_G06,G06,500,3,1e-06,0.75,0.3,0.3,4.0,15.632,14.929800968750026
G06_R0622,G06,LOGO,holdout_G06,G06,500,3,1e-06,0.7,0.1,0.3,4.0,12.552,12.460179397321498
G06_R0623,G06,LOGO,holdout_G06,G06,500,3,1e-06,0.7,0.2,0.3,4.0,13.709,13.363831774305533
G06_R0624,G06,LOGO,holdout_G06,G06,500,3,1e-06,0.7,0.3,0.3,4.0,15.635,14.930246635416692
G06_R0625,G06,LOGO,holdout_G06,G06,500,6,0.001,0.85,0.1,0.3,4.0,15.29,15.206611271329384
G06_R0626,G06,LOGO,holdout_G06,G06,500,6,0.001,0.85,0.2,0.3,4.0,16.818,16.67523254870127
G06_R0627,G06,LOGO,holdout_G06,G06,500,6,0.001,0.85,0.3,0.3,4.0,19.001,18.878237258432517
G06_R0628,G06,LOGO,holdout_G06,G06,500,6,0.001,0.8,0.1,0.3,4.0,15.313,15.209265667162718
G06_R0629,G06,LOGO,holdout_G06,G06,500,6,0.001,0.8,0.2,0.3,4.0,16.849,16.680272837391744
G06_R0630,G06,LOGO,holdout_G06,G06,500,6,0.001,0.8,0.3,0.3,4.0,19.053,18.88827059474206
G06_R0631,G06,LOGO,holdout_G06,G06,500,6,0.001,0.75,0.1,0.3,4.0,15.337,15.215499997519844
G06_R0632,G06,LOGO,holdout_G06,G06,500,6,0.001,0.75,0.2,0.3,4.0,16.881,16.688611868145752
G06_R0633,G06,LOGO,holdout_G06,G06,500,6,0.001,0.75,0.3,0.3,4.0,19.106,18.903056921130943
G06_R0634,G06,LOGO,holdout_G06,G06,500,6,0.001,0.7,0.1,0.3,4.0,15.363,15.213419985615085
G06_R0635,G06,LOGO,holdout_G06,G06,500,6,0.001,0.7,0.2,0.3,4.0,16.914,16.685198073502892
G06_R0636,G06,LOGO,holdout_G06,G06,500,6,0.001,0.7,0.3,0.3,4.0,19.161,18.90484566468251
G06_R0637,G06,LOGO,holdout_G06,G06,500,6,0.0001,0.85,0.1,0.3,4.0,15.67,15.415944580717897
G06_R0638,G06,LOGO,holdout_G06,G06,500,6,0.0001,0.85,0.2,0.3,4.0,17.321,16.821996006222914
G06_R0639,G06,LOGO,holdout_G06,G06,500,6,0.0001,0.85,0.3,0.3,4.0,19.821,18.763504157738065
G06_R0640,G06,LOGO,holdout_G06,G06,500,6,0.0001,0.8,0.1,0.3,4.0,15.679,15.419039190836942
G06_R0641,G06,LOGO,holdout_G06,G06,500,6,0.0001,0.8,0.2,0.3,4.0,17.335,16.823864163961
G06_R0642,G06,LOGO,holdout_G06,G06,500,6,0.0001,0.8,0.3,0.3,4.0,19.84,18.767943148809515
G06_R0643,G06,LOGO,holdout_G06,G06,500,6,0.0001,0.75,0.1,0.3,4.0,15.689,15.421773125360756
G06_R0644,G06,LOGO,holdout_G06,G06,500,6,0.0001,0.75,0.2,0.3,4.0,17.35,16.830409367334028
G06_R0645,G06,LOGO,holdout_G06,G06,500,6,0.0001,0.75,0.3,0.3,4.0,19.86,18.77867141319441
G06_R0646,G06,LOGO,holdout_G06,G06,500,6,0.0001,0.7,0.1,0.3,4.0,15.699,15.419636738455992
G06_R0647,G06,LOGO,holdout_G06,G06,500,6,0.0001,0.7,0.2,0.3,4.0,17.365,16.83037230781021
G06_R0648,G06,LOGO,holdout_G06,G06,500,6,0.0001,0.7,0.3,0.3,4.0,19.881,18.787820447420582
G06_R0649,G06,LOGO,holdout_G06,G06,500,6,1e-05,0.85,0.1,0.3,4.0,15.76,15.461612299016956
G06_R0650,G06,LOGO,holdout_G06,G06,500,6,1e-05,0.85,0.2,0.3,4.0,17.333,16.783430774801626
G06_R0651,G06,LOGO,holdout_G06,G06,500,6,1e-05,0.85,0.3,0.3,4.0,19.86,18.79583423363092
G06_R0652,G06,LOGO,holdout_G06,G06,500,6,1e-05,0.8,0.1,0.3,4.0,15.763,15.462921929969337
G06_R0653,G06,LOGO,holdout_G06,G06,500,6,1e-05,0.8,0.2,0.3,4.0,17.34,16.785143807539715
G06_R0654,G06,LOGO,holdout_G06,G06,500,6,1e-05,0.8,0.3,0.3,4.0,19.869,18.80172640327378
G06_R0655,G06,LOGO,holdout_G06,G06,500,6,1e-05,0.75,0.1,0.3,4.0,15.766,15.463733804969316
G06_R0656,G06,LOGO,holdout_G06,G06,500,6,1e-05,0.75,0.2,0.3,4.0,17.348,16.78994917162697
G06_R0657,G06,LOGO,holdout_G06,G06,500,6,1e-05,0.75,0.3,0.3,4.0,19.878,18.808728082837277
G06_R0658,G06,LOGO,holdout_G06,G06,500,6,1e-05,0.7,0.1,0.3,4.0,15.77,15.463350162112176
G06_R0659,G06,LOGO,holdout_G06,G06,500,6,1e-05,0.7,0.2,0.3,4.0,17.356,16.789942810019816
G06_R0660,G06,LOGO,holdout_G06,G06,500,6,1e-05,0.7,0.3,0.3,4.0,19.887,18.81433482837299
G06_R0661,G06,LOGO,holdout_G06,G06,500,6,1e-06,0.85,0.1,0.3,4.0,15.795,15.47536944773623
G06_R0662,G06,LOGO,holdout_G06,G06,500,6,1e-06,0.85,0.2,0.3,4.0,17.274,16.71189914781749
G06_R0663,G06,LOGO,holdout_G06,G06,500,6,1e-06,0.85,0.3,0.3,4.0,19.843,18.76114470436507
G06_R0664,G06,LOGO,holdout_G06,G06,500,6,1e-06,0.8,0.1,0.3,4.0,15.796,15.47659032868861
G06_R0665,G06,LOGO,holdout_G06,G06,500,6,1e-06,0.8,0.2,0.3,4.0,17.277,16.71242853174606
G06_R0666,G06,LOGO,holdout_G06,G06,500,6,1e-06,0.8,0.3,0.3,4.0,19.847,18.76318566319443
G06_R0667,G06,LOGO,holdout_G06,G06,500,6,1e-06,0.75,0.1,0.3,4.0,15.796,15.476876903093348
G06_R0668,G06,LOGO,holdout_G06,G06,500,6,1e-06,0.75,0.2,0.3,4.0,17.28,16.714729790674593
G06_R0669,G06,LOGO,holdout_G06,G06,500,6,1e-06,0.75,0.3,0.3,4.0,19.851,18.76766231795633
G06_R0670,G06,LOGO,holdout_G06,G06,500,6,1e-06,0.7,0.1,0.3,4.0,15.797,15.476531718569536
G06_R0671,G06,LOGO,holdout_G06,G06,500,6,1e-06,0.7,0.2,0.3,4.0,17.284,16.715033336805543
G06_R0672,G06,LOGO,holdout_G06,G06,500,6,1e-06,0.7,0.3,0.3,4.0,19.855,18.77517283531744
G06_R0673,G06,LOGO,holdout_G06,G06,500,20,0.001,0.85,0.1,0.3,4.0,26.309,23.11741189055735
G06_R0674,G06,LOGO,holdout_G06,G06,500,20,0.001,0.85,0.2,0.3,4.0,29.279,25.374583224431813
G06_R0675,G06,LOGO,holdout_G06,G06,500,20,0.001,0.85,0.3,0.3,4.0,32.477,28.435988131087605
G06_R0676,G06,LOGO,holdout_G06,G06,500,20,0.001,0.8,0.1,0.3,4.0,26.372,23.12080881912877
G06_R0677,G06,LOGO,holdout_G06,G06,500,20,0.001,0.8,0.2,0.3,4.0,29.318,25.3780837854437
G06_R0678,G06,LOGO,holdout_G06,G06,500,20,0.001,0.8,0.3,0.3,4.0,32.597,28.430866092397125
G06_R0679,G06,LOGO,holdout_G06,G06,500,20,0.001,0.75,0.1,0.3,4.0,26.431,23.13475837369228
G06_R0680,G06,LOGO,holdout_G06,G06,500,20,0.001,0.75,0.2,0.3,4.0,29.353,25.39554282711036
G06_R0681,G06,LOGO,holdout_G06,G06,500,20,0.001,0.75,0.3,0.3,4.0,32.729,28.47955041382571
G06_R0682,G06,LOGO,holdout_G06,G06,500,20,0.001,0.7,0.1,0.3,4.0,26.486,23.136384790358942
G06_R0683,G06,LOGO,holdout_G06,G06,500,20,0.001,0.7,0.2,0.3,4.0,29.387,25.405889791396078
G06_R0684,G06,LOGO,holdout_G06,G06,500,20,0.001,0.7,0.3,0.3,4.0,32.865,28.51283967573048
G06_R0685,G06,LOGO,holdout_G06,G06,500,20,0.0001,0.85,0.1,0.3,4.0,26.876,23.80322546230169
G06_R0686,G06,LOGO,holdout_G06,G06,500,20,0.0001,0.85,0.2,0.3,4.0,29.893,26.790713246798365
G06_R0687,G06,LOGO,holdout_G06,G06,500,20,0.0001,0.85,0.3,0.3,4.0,35.044,29.75945735515869
G06_R0688,G06,LOGO,holdout_G06,G06,500,20,0.0001,0.8,0.1,0.3,4.0,26.893,23.80527760813501
G06_R0689,G06,LOGO,holdout_G06,G06,500,20,0.0001,0.8,0.2,0.3,4.0,29.922,26.80526638072692
G06_R0690,G06,LOGO,holdout_G06,G06,500,20,0.0001,0.8,0.3,0.3,4.0,35.093,29.77986221478172
G06_R0691,G06,LOGO,holdout_G06,G06,500,20,0.0001,0.75,0.1,0.3,4.0,26.913,23.81045027777781
G06_R0692,G06,LOGO,holdout_G06,G06,500,20,0.0001,0.75,0.2,0.3,4.0,29.957,26.81136499084598
G06_R0693,G06,LOGO,holdout_G06,G06,500,20,0.0001,0.75,0.3,0.3,4.0,35.128,29.811670298115065
G06_R0694,G06,LOGO,holdout_G06,G06,500,20,0.0001,0.7,0.1,0.3,4.0,26.936,23.809368048611145
G06_R0695,G06,LOGO,holdout_G06,G06,500,20,0.0001,0.7,0.2,0.3,4.0,29.988,26.810526809298363
G06_R0696,G06,LOGO,holdout_G06,G06,500,20,0.0001,0.7,0.3,0.3,4.0,35.153,29.80912409027776
G06_R0697,G06,LOGO,holdout_G06,G06,500,20,1e-05,0.85,0.1,0.3,4.0,27.409,23.99320536805553
G06_R0698,G06,LOGO,holdout_G06,G06,500,20,1e-05,0.85,0.2,0.3,4.0,29.756,27.023737353625545
G06_R0699,G06,LOGO,holdout_G06,G06,500,20,1e-05,0.85,0.3,0.3,4.0,35.597,31.148947958964687
G06_R0700,G06,LOGO,holdout_G06,G06,500,20,1e-05,0.8,0.1,0.3,4.0,27.416,23.994793537698385
G06_R0701,G06,LOGO,holdout_G06,G06,500,20,1e-05,0.8,0.2,0.3,4.0,29.77,27.032932407196963
G06_R0702,G06,LOGO,holdout_G06,G06,500,20,1e-05,0.8,0.3,0.3,4.0,35.614,31.16289369259565
G06_R0703,G06,LOGO,holdout_G06,G06,500,20,1e-05,0.75,0.1,0.3,4.0,27.423,23.99675717162698
G06_R0704,G06,LOGO,holdout_G06,G06,500,20,1e-05,0.75,0.2,0.3,4.0,29.786,27.041125044101804
G06_R0705,G06,LOGO,holdout_G06,G06,500,20,1e-05,0.75,0.3,0.3,4.0,35.631,31.18126268267496
G06_R0706,G06,LOGO,holdout_G06,G06,500,20,1e-05,0.7,0.1,0.3,4.0,27.431,23.99561152579365
G06_R0707,G06,LOGO,holdout_G06,G06,500,20,1e-05,0.7,0.2,0.3,4.0,29.804,27.04215734767324
G06_R0708,G06,LOGO,holdout_G06,G06,500,20,1e-05,0.7,0.3,0.3,4.0,35.648,31.17311967424241
G06_R0709,G06,LOGO,holdout_G06,G06,500,20,1e-06,0.85,0.1,0.3,4.0,27.487,24.05706610218247
G06_R0710,G06,LOGO,holdout_G06,G06,500,20,1e-06,0.85,0.2,0.3,4.0,29.677,27.098639970688996
G06_R0711,G06,LOGO,holdout_G06,G06,500,20,1e-06,0.85,0.3,0.3,4.0,36.138,31.332866832837404
G06_R0712,G06,LOGO,holdout_G06,G06,500,20,1e-06,0.8,0.1,0.3,4.0,27.488,24.058292750991985
G06_R0713,G06,LOGO,holdout_G06,G06,500,20,1e-06,0.8,0.2,0.3,4.0,29.682,27.10855897961756
G06_R0714,G06,LOGO,holdout_G06,G06,500,20,1e-06,0.8,0.3,0.3,4.0,36.145,31.3502206825398
G06_R0715,G06,LOGO,holdout_G06,G06,500,20,1e-06,0.75,0.1,0.3,4.0,27.489,24.059362995039574
G06_R0716,G06,LOGO,holdout_G06,G06,500,20,1e-06,0.75,0.2,0.3,4.0,29.688,27.114094330808097
G06_R0717,G06,LOGO,holdout_G06,G06,500,20,1e-06,0.75,0.3,0.3,4.0,36.153,31.367962961309544
G06_R0718,G06,LOGO,holdout_G06,G06,500,20,1e-06,0.7,0.1,0.3,4.0,27.49,24.05911007837291
G06_R0719,G06,LOGO,holdout_G06,G06,500,20,1e-06,0.7,0.2,0.3,4.0,29.694,27.11353991414143
G06_R0720,G06,LOGO,holdout_G06,G06,500,20,1e-06,0.7,0.3,0.3,4.0,36.162,31.348910805059536
G06_R0721,G06,LOGO,holdout_G06,G06,500,50,0.001,0.85,0.1,0.3,4.0,41.612,33.67050432868865
G06_R0722,G06,LOGO,holdout_G06,G06,500,50,0.001,0.85,0.2,0.3,4.0,46.059,36.00906460984861
G06_R0723,G06,LOGO,holdout_G06,G06,500,50,0.001,0.85,0.3,0.3,4.0,51.104,39.0246360114088
G06_R0724,G06,LOGO,holdout_G06,G06,500,50,0.001,0.8,0.1,0.3,4.0,41.708,33.68164587035532
G06_R0725,G06,LOGO,holdout_G06,G06,500,50,0.001,0.8,0.2,0.3,4.0,46.164,36.05131488068195
G06_R0726,G06,LOGO,holdout_G06,G06,500,50,0.001,0.8,0.3,0.3,4.0,51.378,39.02337609474213
G06_R0727,G06,LOGO,holdout_G06,G06,500,50,0.001,0.75,0.1,0.3,4.0,41.819,33.70950379595059
G06_R0728,G06,LOGO,holdout_G06,G06,500,50,0.001,0.75,0.2,0.3,4.0,46.326,36.11527261133674
G06_R0729,G06,LOGO,holdout_G06,G06,500,50,0.001,0.75,0.3,0.3,4.0,51.705,39.06269249355159
G06_R0730,G06,LOGO,holdout_G06,G06,500,50,0.001,0.7,0.1,0.3,4.0,41.947,33.70254452809344
G06_R0731,G06,LOGO,holdout_G06,G06,500,50,0.001,0.7,0.2,0.3,4.0,46.456,36.11244369467006
G06_R0732,G06,LOGO,holdout_G06,G06,500,50,0.001,0.7,0.3,0.3,4.0,51.986,39.03724045486112
G06_R0733,G06,LOGO,holdout_G06,G06,500,50,0.0001,0.85,0.1,0.3,4.0,43.308,35.0473604539142
G06_R0734,G06,LOGO,holdout_G06,G06,500,50,0.0001,0.85,0.2,0.3,4.0,47.543,40.29941150248014
G06_R0735,G06,LOGO,holdout_G06,G06,500,50,0.0001,0.85,0.3,0.3,4.0,55.013,45.35823282440466
G06_R0736,G06,LOGO,holdout_G06,G06,500,50,0.0001,0.8,0.1,0.3,4.0,43.34,35.06077587058086
G06_R0737,G06,LOGO,holdout_G06,G06,500,50,0.0001,0.8,0.2,0.3,4.0,47.585,40.33491134771825
G06_R0738,G06,LOGO,holdout_G06,G06,500,50,0.0001,0.8,0.3,0.3,4.0,55.096,45.40603384226182
G06_R0739,G06,LOGO,holdout_G06,G06,500,50,0.0001,0.75,0.1,0.3,4.0,43.377,35.074160892902256
G06_R0740,G06,LOGO,holdout_G06,G06,500,50,0.0001,0.75,0.2,0.3,4.0,47.635,40.363293099206295
G06_R0741,G06,LOGO,holdout_G06,G06,500,50,0.0001,0.75,0.3,0.3,4.0,55.17,45.43764713541668
G06_R0742,G06,LOGO,holdout_G06,G06,500,50,0.0001,0.7,0.1,0.3,4.0,43.417,35.06379769647369
G06_R0743,G06,LOGO,holdout_G06,G06,500,50,0.0001,0.7,0.2,0.3,4.0,47.69,40.35588638938486
G06_R0744,G06,LOGO,holdout_G06,G06,500,50,0.0001,0.7,0.3,0.3,4.0,55.26,45.39072409871032
G06_R0745,G06,LOGO,holdout_G06,G06,500,50,1e-05,0.85,0.1,0.3,4.0,43.652,35.56863642140151
G06_R0746,G06,LOGO,holdout_G06,G06,500,50,1e-05,0.85,0.2,0.3,4.0,47.149,41.264594945436535
G06_R0747,G06,LOGO,holdout_G06,G06,500,50,1e-05,0.85,0.3,0.3,4.0,56.238,48.53617511847531
G06_R0748,G06,LOGO,holdout_G06,G06,500,50,1e-05,0.8,0.1,0.3,4.0,43.663,35.57160482120309
G06_R0749,G06,LOGO,holdout_G06,G06,500,50,1e-05,0.8,0.2,0.3,4.0,47.161,41.2985317698413
G06_R0750,G06,LOGO,holdout_G06,G06,500,50,1e-05,0.8,0.3,0.3,4.0,56.258,48.556943279189625
G06_R0751,G06,LOGO,holdout_G06,G06,500,50,1e-05,0.75,0.1,0.3,4.0,43.674,35.57583953697692
G06_R0752,G06,LOGO,holdout_G06,G06,500,50,1e-05,0.75,0.2,0.3,4.0,47.187,41.32081456597215
G06_R0753,G06,LOGO,holdout_G06,G06,500,50,1e-05,0.75,0.3,0.3,4.0,56.28,48.57068849793969
G06_R0754,G06,LOGO,holdout_G06,G06,500,50,1e-05,0.7,0.1,0.3,4.0,43.685,35.57359451614359
G06_R0755,G06,LOGO,holdout_G06,G06,500,50,1e-05,0.7,0.2,0.3,4.0,47.209,41.31423919543645
G06_R0756,G06,LOGO,holdout_G06,G06,500,50,1e-05,0.7,0.3,0.3,4.0,56.306,48.57064351480477
G06_R0757,G06,LOGO,holdout_G06,G06,500,50,1e-06,0.85,0.1,0.3,4.0,43.668,35.68083009253243
G06_R0758,G06,LOGO,holdout_G06,G06,500,50,1e-06,0.85,0.2,0.3,4.0,47.033,41.17618998511896
G06_R0759,G06,LOGO,holdout_G06,G06,500,50,1e-06,0.85,0.3,0.3,4.0,57.32,48.88030661202691
G06_R0760,G06,LOGO,holdout_G06,G06,500,50,1e-06,0.8,0.1,0.3,4.0,43.675,35.68328538816735
G06_R0761,G06,LOGO,holdout_G06,G06,500,50,1e-06,0.8,0.2,0.3,4.0,47.04,41.206297747023726
G06_R0762,G06,LOGO,holdout_G06,G06,500,50,1e-06,0.8,0.3,0.3,4.0,57.329,48.89921279357454
G06_R0763,G06,LOGO,holdout_G06,G06,500,50,1e-06,0.75,0.1,0.3,4.0,43.679,35.68577432715538
G06_R0764,G06,LOGO,holdout_G06,G06,500,50,1e-06,0.75,0.2,0.3,4.0,47.049,41.22386488095237
G06_R0765,G06,LOGO,holdout_G06,G06,500,50,1e-06,0.75,0.3,0.3,4.0,57.338,48.913780884348334
G06_R0766,G06,LOGO,holdout_G06,G06,500,50,1e-06,0.7,0.1,0.3,4.0,43.684,35.683335758703
G06_R0767,G06,LOGO,holdout_G06,G06,500,50,1e-06,0.7,0.2,0.3,4.0,47.061,41.21081007291666
G06_R0768,G06,LOGO,holdout_G06,G06,500,50,1e-06,0.7,0.3,0.3,4.0,57.349,48.9115407791896
