case_uid,geometry_id,protocol,fold_name,heldout_geometry,Re,Pr,Da,epsi,Hp_mm,a_mm,Lw_mm,true_value,pred_value,residual,abs_error
G01_R0001,G01,LOGO,holdout_G01,G01,25,3,0.001,0.85,0.1,0.0,0.0,3.5391007,3.646156754628773,0.1070560546287731,0.1070560546287731
G01_R0002,G01,LOGO,holdout_G01,G01,25,3,0.001,0.85,0.2,0.0,0.0,4.931962,5.133821677082742,0.2018596770827416,0.2018596770827416
G01_R0003,G01,LOGO,holdout_G01,G01,25,3,0.001,0.85,0.3,0.0,0.0,6.9917847,7.355082789022253,0.363298089022253,0.363298089022253
G01_R0004,G01,LOGO,holdout_G01,G01,25,3,0.001,0.8,0.1,0.0,0.0,3.5506918,3.658236591421842,0.1075447914218425,0.1075447914218425
G01_R0005,G01,LOGO,holdout_G01,G01,25,3,0.001,0.8,0.2,0.0,0.0,4.9540439,5.157385101075218,0.2033412010752178,0.2033412010752178
G01_R0006,G01,LOGO,holdout_G01,G01,25,3,0.001,0.8,0.3,0.0,0.0,7.0272847,7.393340319545588,0.3660556195455875,0.3660556195455875
G01_R0007,G01,LOGO,holdout_G01,G01,25,3,0.001,0.75,0.1,0.0,0.0,3.5627573,3.670964713016041,0.108207413016041,0.108207413016041
G01_R0008,G01,LOGO,holdout_G01,G01,25,3,0.001,0.75,0.2,0.0,0.0,4.9773848,5.182053242094553,0.2046684420945528,0.2046684420945528
G01_R0009,G01,LOGO,holdout_G01,G01,25,3,0.001,0.75,0.3,0.0,0.0,7.0650341,7.434990531673276,0.3699564316732759,0.3699564316732759
G01_R0010,G01,LOGO,holdout_G01,G01,25,3,0.001,0.7,0.1,0.0,0.0,3.575394,3.684595611433304,0.1092016114333032,0.1092016114333032
G01_R0011,G01,LOGO,holdout_G01,G01,25,3,0.001,0.7,0.2,0.0,0.0,5.0019789,5.208370167582222,0.2063912675822221,0.2063912675822221
G01_R0012,G01,LOGO,holdout_G01,G01,25,3,0.001,0.7,0.3,0.0,0.0,7.105325400000001,7.477676644808244,0.3723512448082431,0.3723512448082431
G01_R0013,G01,LOGO,holdout_G01,G01,25,3,0.0001,0.85,0.1,0.0,0.0,4.437649,4.592466959943243,0.1548179599432426,0.1548179599432426
G01_R0014,G01,LOGO,holdout_G01,G01,25,3,0.0001,0.85,0.2,0.0,0.0,6.7143536,7.005995069736974,0.291641469736974,0.291641469736974
G01_R0015,G01,LOGO,holdout_G01,G01,25,3,0.0001,0.85,0.3,0.0,0.0,10.326261,10.881411688339185,0.5551506883391841,0.5551506883391841
G01_R0016,G01,LOGO,holdout_G01,G01,25,3,0.0001,0.8,0.1,0.0,0.0,4.4470186,4.600576700810687,0.1535581008106872,0.1535581008106872
G01_R0017,G01,LOGO,holdout_G01,G01,25,3,0.0001,0.8,0.2,0.0,0.0,6.731568299999999,7.020880483273054,0.2893121832730543,0.2893121832730543
G01_R0018,G01,LOGO,holdout_G01,G01,25,3,0.0001,0.8,0.3,0.0,0.0,10.355907,10.907266851488048,0.5513598514880478,0.5513598514880478
G01_R0019,G01,LOGO,holdout_G01,G01,25,3,0.0001,0.75,0.1,0.0,0.0,4.4569642,4.61186753058733,0.1549033305873299,0.1549033305873299
G01_R0020,G01,LOGO,holdout_G01,G01,25,3,0.0001,0.75,0.2,0.0,0.0,6.7501525,7.04084357668375,0.2906910766837498,0.2906910766837498
G01_R0021,G01,LOGO,holdout_G01,G01,25,3,0.0001,0.75,0.3,0.0,0.0,10.387515,10.94143775730668,0.5539227573066796,0.5539227573066796
G01_R0022,G01,LOGO,holdout_G01,G01,25,3,0.0001,0.7,0.1,0.0,0.0,4.4674817,4.621630980403333,0.1541492804033337,0.1541492804033337
G01_R0023,G01,LOGO,holdout_G01,G01,25,3,0.0001,0.7,0.2,0.0,0.0,6.770200999999999,7.061241303150898,0.2910403031508988,0.2910403031508988
G01_R0024,G01,LOGO,holdout_G01,G01,25,3,0.0001,0.7,0.3,0.0,0.0,10.422079,10.97741967284086,0.5553406728408596,0.5553406728408596
G01_R0025,G01,LOGO,holdout_G01,G01,25,3,1e-05,0.85,0.1,0.0,0.0,6.6742439000000005,6.869852308739565,0.1956084087395648,0.1956084087395648
G01_R0026,G01,LOGO,holdout_G01,G01,25,3,1e-05,0.85,0.2,0.0,0.0,14.034764,14.384572468651664,0.3498084686516662,0.3498084686516662
G01_R0027,G01,LOGO,holdout_G01,G01,25,3,1e-05,0.85,0.3,0.0,0.0,25.849678,26.507761578674103,0.6580835786741019,0.6580835786741019
G01_R0028,G01,LOGO,holdout_G01,G01,25,3,1e-05,0.8,0.1,0.0,0.0,6.6853538,6.879137905643861,0.1937841056438616,0.1937841056438616
G01_R0029,G01,LOGO,holdout_G01,G01,25,3,1e-05,0.8,0.2,0.0,0.0,14.060641,14.409099777030637,0.3484587770306344,0.3484587770306344
G01_R0030,G01,LOGO,holdout_G01,G01,25,3,1e-05,0.8,0.3,0.0,0.0,25.895523,26.54578344133412,0.6502604413341189,0.6502604413341189
G01_R0031,G01,LOGO,holdout_G01,G01,25,3,1e-05,0.75,0.1,0.0,0.0,6.6977547,6.892451395373887,0.1946966953738869,0.1946966953738869
G01_R0032,G01,LOGO,holdout_G01,G01,25,3,1e-05,0.75,0.2,0.0,0.0,14.089505,14.44018078919188,0.3506757891918788,0.3506757891918788
G01_R0033,G01,LOGO,holdout_G01,G01,25,3,1e-05,0.75,0.3,0.0,0.0,25.947354,26.59837204572191,0.6510180457219086,0.6510180457219086
G01_R0034,G01,LOGO,holdout_G01,G01,25,3,1e-05,0.7,0.1,0.0,0.0,6.711645,6.905767896006218,0.1941228960062178,0.1941228960062178
G01_R0035,G01,LOGO,holdout_G01,G01,25,3,1e-05,0.7,0.2,0.0,0.0,14.122356,14.472457859830438,0.3501018598304384,0.3501018598304384
G01_R0036,G01,LOGO,holdout_G01,G01,25,3,1e-05,0.7,0.3,0.0,0.0,26.007168,26.65701951643621,0.6498515164362111,0.6498515164362111
G01_R0037,G01,LOGO,holdout_G01,G01,25,3,1e-06,0.85,0.1,0.0,0.0,24.410804,24.714444758440877,0.3036407584408742,0.3036407584408742
G01_R0038,G01,LOGO,holdout_G01,G01,25,3,1e-06,0.85,0.2,0.0,0.0,78.946158,79.43510881710469,0.4889508171046941,0.4889508171046941
G01_R0039,G01,LOGO,holdout_G01,G01,25,3,1e-06,0.85,0.3,0.0,0.0,168.59137800000002,169.3408220919635,0.7494440919634826,0.7494440919634826
G01_R0040,G01,LOGO,holdout_G01,G01,25,3,1e-06,0.8,0.1,0.0,0.0,24.455769,24.76375168936588,0.3079826893658755,0.3079826893658755
G01_R0041,G01,LOGO,holdout_G01,G01,25,3,1e-06,0.8,0.2,0.0,0.0,79.044114,79.53430233815176,0.4901883381517677,0.4901883381517677
G01_R0042,G01,LOGO,holdout_G01,G01,25,3,1e-06,0.8,0.3,0.0,0.0,168.75132200000002,169.50738582781642,0.7560638278164049,0.7560638278164049
G01_R0043,G01,LOGO,holdout_G01,G01,25,3,1e-06,0.75,0.1,0.0,0.0,24.504731,24.81924779790216,0.3145167979021579,0.3145167979021579
G01_R0044,G01,LOGO,holdout_G01,G01,25,3,1e-06,0.75,0.2,0.0,0.0,79.15306600000001,79.64797405654784,0.4949080565478283,0.4949080565478283
G01_R0045,G01,LOGO,holdout_G01,G01,25,3,1e-06,0.75,0.3,0.0,0.0,168.93126099999998,169.70245977231735,0.7711987723173763,0.7711987723173763
G01_R0046,G01,LOGO,holdout_G01,G01,25,3,1e-06,0.7,0.1,0.0,0.0,24.55769,24.879078918258823,0.3213889182588225,0.3213889182588225
G01_R0047,G01,LOGO,holdout_G01,G01,25,3,1e-06,0.7,0.2,0.0,0.0,79.27501500000001,79.77372807052032,0.49871307052031,0.49871307052031
G01_R0048,G01,LOGO,holdout_G01,G01,25,3,1e-06,0.7,0.3,0.0,0.0,169.13119600000002,169.90981548499062,0.7786194849905996,0.7786194849905996
G01_R0049,G01,LOGO,holdout_G01,G01,25,6,0.001,0.85,0.1,0.0,0.0,3.5391007,3.64612257868294,0.1070218786829397,0.1070218786829397
G01_R0050,G01,LOGO,holdout_G01,G01,25,6,0.001,0.85,0.2,0.0,0.0,4.931962,5.133906098830364,0.2019440988303635,0.2019440988303635
G01_R0051,G01,LOGO,holdout_G01,G01,25,6,0.001,0.85,0.3,0.0,0.0,6.9917847,7.355153602280589,0.3633689022805884,0.3633689022805884
G01_R0052,G01,LOGO,holdout_G01,G01,25,6,0.001,0.8,0.1,0.0,0.0,3.5506918,3.658254745667675,0.1075629456676749,0.1075629456676749
G01_R0053,G01,LOGO,holdout_G01,G01,25,6,0.001,0.8,0.2,0.0,0.0,4.9540439,5.1573724888377175,0.2033285888377172,0.2033285888377172
G01_R0054,G01,LOGO,holdout_G01,G01,25,6,0.001,0.8,0.3,0.0,0.0,7.0272847,7.393402830128922,0.366118130128922,0.366118130128922
G01_R0055,G01,LOGO,holdout_G01,G01,25,6,0.001,0.75,0.1,0.0,0.0,3.5627573,3.670993731043125,0.1082364310431254,0.1082364310431254
G01_R0056,G01,LOGO,holdout_G01,G01,25,6,0.001,0.75,0.2,0.0,0.0,4.9773848,5.182075617751099,0.2046908177510991,0.2046908177510991
G01_R0057,G01,LOGO,holdout_G01,G01,25,6,0.001,0.75,0.3,0.0,0.0,7.0650341,7.434962285197083,0.3699281851970832,0.3699281851970832
G01_R0058,G01,LOGO,holdout_G01,G01,25,6,0.001,0.7,0.1,0.0,0.0,3.575394,3.684552029433304,0.1091580294333032,0.1091580294333032
G01_R0059,G01,LOGO,holdout_G01,G01,25,6,0.001,0.7,0.2,0.0,0.0,5.0019789,5.208437093842937,0.2064581938429368,0.2064581938429368
G01_R0060,G01,LOGO,holdout_G01,G01,25,6,0.001,0.7,0.3,0.0,0.0,7.105325400000001,7.477624420695744,0.3722990206957428,0.3722990206957428
G01_R0061,G01,LOGO,holdout_G01,G01,25,6,0.0001,0.85,0.1,0.0,0.0,4.437649,4.592482581901576,0.1548335819015758,0.1548335819015758
G01_R0062,G01,LOGO,holdout_G01,G01,25,6,0.0001,0.85,0.2,0.0,0.0,6.7143536,7.006071783187869,0.2917181831878688,0.2917181831878688
G01_R0063,G01,LOGO,holdout_G01,G01,25,6,0.0001,0.85,0.3,0.0,0.0,10.326261,10.88166188075585,0.5554008807558493,0.5554008807558493
G01_R0064,G01,LOGO,holdout_G01,G01,25,6,0.0001,0.8,0.1,0.0,0.0,4.4470186,4.600545719527351,0.1535271195273511,0.1535271195273511
G01_R0065,G01,LOGO,holdout_G01,G01,25,6,0.0001,0.8,0.2,0.0,0.0,6.731568299999999,7.02095028187127,0.289381981871271,0.289381981871271
G01_R0066,G01,LOGO,holdout_G01,G01,25,6,0.0001,0.8,0.3,0.0,0.0,10.355907,10.907479560529714,0.5515725605297135,0.5515725605297135
G01_R0067,G01,LOGO,holdout_G01,G01,25,6,0.0001,0.75,0.1,0.0,0.0,4.4569642,4.611795197720663,0.154830997720663,0.154830997720663
G01_R0068,G01,LOGO,holdout_G01,G01,25,6,0.0001,0.75,0.2,0.0,0.0,6.7501525,7.040851156459047,0.2906986564590461,0.2906986564590461
G01_R0069,G01,LOGO,holdout_G01,G01,25,6,0.0001,0.75,0.3,0.0,0.0,10.387515,10.941543896556682,0.554028896556682,0.554028896556682
G01_R0070,G01,LOGO,holdout_G01,G01,25,6,0.0001,0.7,0.1,0.0,0.0,4.4674817,4.621617255559583,0.1541355555595833,0.1541355555595833
G01_R0071,G01,LOGO,holdout_G01,G01,25,6,0.0001,0.7,0.2,0.0,0.0,6.770200999999999,7.061254823645689,0.2910538236456901,0.2910538236456901
G01_R0072,G01,LOGO,holdout_G01,G01,25,6,0.0001,0.7,0.3,0.0,0.0,10.422079,10.977191304406336,0.555112304406336,0.555112304406336
G01_R0073,G01,LOGO,holdout_G01,G01,25,6,1e-05,0.85,0.1,0.0,0.0,6.6742439000000005,6.869825026802066,0.1955811268020655,0.1955811268020655
G01_R0074,G01,LOGO,holdout_G01,G01,25,6,1e-05,0.85,0.2,0.0,0.0,14.034764,14.384641810505832,0.3498778105058342,0.3498778105058342
G01_R0075,G01,LOGO,holdout_G01,G01,25,6,1e-05,0.85,0.3,0.0,0.0,25.849678,26.507751008403257,0.6580730084032567,0.6580730084032567
G01_R0076,G01,LOGO,holdout_G01,G01,25,6,1e-05,0.8,0.1,0.0,0.0,6.6853538,6.8791121624563605,0.1937583624563608,0.1937583624563608
G01_R0077,G01,LOGO,holdout_G01,G01,25,6,1e-05,0.8,0.2,0.0,0.0,14.060641,14.409149563578254,0.3485085635782532,0.3485085635782532
G01_R0078,G01,LOGO,holdout_G01,G01,25,6,1e-05,0.8,0.3,0.0,0.0,25.895523,26.545934917628752,0.6504119176287517,0.6504119176287517
G01_R0079,G01,LOGO,holdout_G01,G01,25,6,1e-05,0.75,0.1,0.0,0.0,6.6977547,6.892406231320316,0.1946515313203161,0.1946515313203161
G01_R0080,G01,LOGO,holdout_G01,G01,25,6,1e-05,0.75,0.2,0.0,0.0,14.089505,14.440092220191882,0.3505872201918816,0.3505872201918816
G01_R0081,G01,LOGO,holdout_G01,G01,25,6,1e-05,0.75,0.3,0.0,0.0,25.947354,26.59802240837071,0.6506684083707093,0.6506684083707093
G01_R0082,G01,LOGO,holdout_G01,G01,25,6,1e-05,0.7,0.1,0.0,0.0,6.711645,6.90572576581872,0.19408076581872,0.19408076581872
G01_R0083,G01,LOGO,holdout_G01,G01,25,6,1e-05,0.7,0.2,0.0,0.0,14.122356,14.472495138580442,0.3501391385804417,0.3501391385804417
G01_R0084,G01,LOGO,holdout_G01,G01,25,6,1e-05,0.7,0.3,0.0,0.0,26.007168,26.65696024893621,0.6497922489362118,0.6497922489362118
G01_R0085,G01,LOGO,holdout_G01,G01,25,6,1e-06,0.85,0.1,0.0,0.0,24.410804,24.71441357421169,0.3036095742116913,0.3036095742116913
G01_R0086,G01,LOGO,holdout_G01,G01,25,6,1e-06,0.85,0.2,0.0,0.0,78.946158,79.43530483681894,0.4891468368189464,0.4891468368189464
G01_R0087,G01,LOGO,holdout_G01,G01,25,6,1e-06,0.85,0.3,0.0,0.0,168.59137800000002,169.34094997894266,0.7495719789426403,0.7495719789426403
G01_R0088,G01,LOGO,holdout_G01,G01,25,6,1e-06,0.8,0.1,0.0,0.0,24.455769,24.763695619365876,0.3079266193658725,0.3079266193658725
G01_R0089,G01,LOGO,holdout_G01,G01,25,6,1e-06,0.8,0.2,0.0,0.0,79.044114,79.5344316269851,0.490317626985103,0.490317626985103
G01_R0090,G01,LOGO,holdout_G01,G01,25,6,1e-06,0.8,0.3,0.0,0.0,168.75132200000002,169.5071736550248,0.7558516550247987,0.7558516550247987
G01_R0091,G01,LOGO,holdout_G01,G01,25,6,1e-06,0.75,0.1,0.0,0.0,24.504731,24.81927762031288,0.3145466203128819,0.3145466203128819
G01_R0092,G01,LOGO,holdout_G01,G01,25,6,1e-06,0.75,0.2,0.0,0.0,79.15306600000001,79.64812701886036,0.4950610188603548,0.4950610188603548
G01_R0093,G01,LOGO,holdout_G01,G01,25,6,1e-06,0.75,0.3,0.0,0.0,168.93126099999998,169.702336104984,0.7710751049840212,0.7710751049840212
G01_R0094,G01,LOGO,holdout_G01,G01,25,6,1e-06,0.7,0.1,0.0,0.0,24.55769,24.87891621459811,0.3212262145981093,0.3212262145981093
G01_R0095,G01,LOGO,holdout_G01,G01,25,6,1e-06,0.7,0.2,0.0,0.0,79.27501500000001,79.77397140479117,0.4989564047911585,0.4989564047911585
G01_R0096,G01,LOGO,holdout_G01,G01,25,6,1e-06,0.7,0.3,0.0,0.0,169.13119600000002,169.90975349265725,0.7785574926572281,0.7785574926572281
G01_R0097,G01,LOGO,holdout_G01,G01,25,20,0.001,0.85,0.1,0.0,0.0,3.5391007,3.646197455971828,0.1070967559718281,0.1070967559718281
G01_R0098,G01,LOGO,holdout_G01,G01,25,20,0.001,0.85,0.2,0.0,0.0,4.931962,5.133931446796789,0.2019694467967889,0.2019694467967889
G01_R0099,G01,LOGO,holdout_G01,G01,25,20,0.001,0.85,0.3,0.0,0.0,6.9917847,7.3553055330668995,0.3635208330668993,0.3635208330668993
G01_R0100,G01,LOGO,holdout_G01,G01,25,20,0.001,0.8,0.1,0.0,0.0,3.5506918,3.6582025193447594,0.1075107193447584,0.1075107193447584
G01_R0101,G01,LOGO,holdout_G01,G01,25,20,0.001,0.8,0.2,0.0,0.0,4.9540439,5.157422280159938,0.203378380159938,0.203378380159938
G01_R0102,G01,LOGO,holdout_G01,G01,25,20,0.001,0.8,0.3,0.0,0.0,7.0272847,7.393324922765827,0.366040222765827,0.366040222765827
G01_R0103,G01,LOGO,holdout_G01,G01,25,20,0.001,0.75,0.1,0.0,0.0,3.5627573,3.670900182531122,0.1081428825311219,0.1081428825311219
G01_R0104,G01,LOGO,holdout_G01,G01,25,20,0.001,0.75,0.2,0.0,0.0,4.9773848,5.1820863467908325,0.2047015467908322,0.2047015467908322
G01_R0105,G01,LOGO,holdout_G01,G01,25,20,0.001,0.75,0.3,0.0,0.0,7.0650341,7.43474888419113,0.3697147841911299,0.3697147841911299
G01_R0106,G01,LOGO,holdout_G01,G01,25,20,0.001,0.7,0.1,0.0,0.0,3.575394,3.684564208466636,0.1091702084666357,0.1091702084666357
G01_R0107,G01,LOGO,holdout_G01,G01,25,20,0.001,0.7,0.2,0.0,0.0,5.0019789,5.208505524769725,0.206526624769725,0.206526624769725
G01_R0108,G01,LOGO,holdout_G01,G01,25,20,0.001,0.7,0.3,0.0,0.0,7.105325400000001,7.47755923492908,0.3722338349290792,0.3722338349290792
G01_R0109,G01,LOGO,holdout_G01,G01,25,20,0.0001,0.85,0.1,0.0,0.0,4.437649,4.592448146339078,0.1547991463390774,0.1547991463390774
G01_R0110,G01,LOGO,holdout_G01,G01,25,20,0.0001,0.85,0.2,0.0,0.0,6.7143536,7.0061748632539365,0.2918212632539365,0.2918212632539365
G01_R0111,G01,LOGO,holdout_G01,G01,25,20,0.0001,0.85,0.3,0.0,0.0,10.326261,10.881514700955254,0.5552537009552534,0.5552537009552534
G01_R0112,G01,LOGO,holdout_G01,G01,25,20,0.0001,0.8,0.1,0.0,0.0,4.4470186,4.600531696485686,0.1535130964856863,0.1535130964856863
G01_R0113,G01,LOGO,holdout_G01,G01,25,20,0.0001,0.8,0.2,0.0,0.0,6.731568299999999,7.021009710371264,0.289441410371265,0.289441410371265
G01_R0114,G01,LOGO,holdout_G01,G01,25,20,0.0001,0.8,0.3,0.0,0.0,10.355907,10.907357030270786,0.5514500302707859,0.5514500302707859
G01_R0115,G01,LOGO,holdout_G01,G01,25,20,0.0001,0.75,0.1,0.0,0.0,4.4569642,4.611876257671853,0.1549120576718534,0.1549120576718534
G01_R0116,G01,LOGO,holdout_G01,G01,25,20,0.0001,0.75,0.2,0.0,0.0,6.7501525,7.040905031674225,0.290752531674225,0.290752531674225
G01_R0117,G01,LOGO,holdout_G01,G01,25,20,0.0001,0.75,0.3,0.0,0.0,10.387515,10.941067953675727,0.5535529536757284,0.5535529536757284
G01_R0118,G01,LOGO,holdout_G01,G01,25,20,0.0001,0.7,0.1,0.0,0.0,4.4674817,4.62171279752744,0.1542310975274405,0.1542310975274405
G01_R0119,G01,LOGO,holdout_G01,G01,25,20,0.0001,0.7,0.2,0.0,0.0,6.770200999999999,7.061106085165631,0.2909050851656314,0.2909050851656314
G01_R0120,G01,LOGO,holdout_G01,G01,25,20,0.0001,0.7,0.3,0.0,0.0,10.422079,10.977109642635504,0.5550306426355043,0.5550306426355043
G01_R0121,G01,LOGO,holdout_G01,G01,25,20,1e-05,0.85,0.1,0.0,0.0,6.6742439000000005,6.869917756697901,0.1956738566979003,0.1956738566979003
G01_R0122,G01,LOGO,holdout_G01,G01,25,20,1e-05,0.85,0.2,0.0,0.0,14.034764,14.384770769443332,0.3500067694433326,0.3500067694433326
G01_R0123,G01,LOGO,holdout_G01,G01,25,20,1e-05,0.85,0.3,0.0,0.0,25.849678,26.50750867996872,0.6578306799687184,0.6578306799687184
G01_R0124,G01,LOGO,holdout_G01,G01,25,20,1e-05,0.8,0.1,0.0,0.0,6.6853538,6.879251746935528,0.1938979469355279,0.1938979469355279
G01_R0125,G01,LOGO,holdout_G01,G01,25,20,1e-05,0.8,0.2,0.0,0.0,14.060641,14.40936423910206,0.3487232391020605,0.3487232391020605
G01_R0126,G01,LOGO,holdout_G01,G01,25,20,1e-05,0.8,0.3,0.0,0.0,25.895523,26.5456746734978,0.6501516734977955,0.6501516734977955
G01_R0127,G01,LOGO,holdout_G01,G01,25,20,1e-05,0.75,0.1,0.0,0.0,6.6977547,6.892391773638768,0.1946370736387681,0.1946370736387681
G01_R0128,G01,LOGO,holdout_G01,G01,25,20,1e-05,0.75,0.2,0.0,0.0,14.089505,14.440210780471638,0.3507057804716371,0.3507057804716371
G01_R0129,G01,LOGO,holdout_G01,G01,25,20,1e-05,0.75,0.3,0.0,0.0,25.947354,26.598239281176262,0.6508852811762615,0.6508852811762615
G01_R0130,G01,LOGO,holdout_G01,G01,25,20,1e-05,0.7,0.1,0.0,0.0,6.711645,6.9057809584675285,0.1941359584675286,0.1941359584675286
G01_R0131,G01,LOGO,holdout_G01,G01,25,20,1e-05,0.7,0.2,0.0,0.0,14.122356,14.472563880580434,0.3502078805804345,0.3502078805804345
G01_R0132,G01,LOGO,holdout_G01,G01,25,20,1e-05,0.7,0.3,0.0,0.0,26.007168,26.65710103585288,0.6499330358528788,0.6499330358528788
G01_R0133,G01,LOGO,holdout_G01,G01,25,20,1e-06,0.85,0.1,0.0,0.0,24.410804,24.714477768572788,0.3036737685727892,0.3036737685727892
G01_R0134,G01,LOGO,holdout_G01,G01,25,20,1e-06,0.85,0.2,0.0,0.0,78.946158,79.43511572009275,0.4889577200927562,0.4889577200927562
G01_R0135,G01,LOGO,holdout_G01,G01,25,20,1e-06,0.85,0.3,0.0,0.0,168.59137800000002,169.34117081748437,0.749792817484348,0.749792817484348
G01_R0136,G01,LOGO,holdout_G01,G01,25,20,1e-06,0.8,0.1,0.0,0.0,24.455769,24.76377873468729,0.308009734687289,0.308009734687289
G01_R0137,G01,LOGO,holdout_G01,G01,25,20,1e-06,0.8,0.2,0.0,0.0,79.044114,79.5344908120074,0.4903768120074119,0.4903768120074119
G01_R0138,G01,LOGO,holdout_G01,G01,25,20,1e-06,0.8,0.3,0.0,0.0,168.75132200000002,169.5073020966558,0.7559800966557759,0.7559800966557759
G01_R0139,G01,LOGO,holdout_G01,G01,25,20,1e-06,0.75,0.1,0.0,0.0,24.504731,24.819412312455725,0.3146813124557255,0.3146813124557255
G01_R0140,G01,LOGO,holdout_G01,G01,25,20,1e-06,0.75,0.2,0.0,0.0,79.15306600000001,79.64801245008952,0.4949464500895146,0.4949464500895146
G01_R0141,G01,LOGO,holdout_G01,G01,25,20,1e-06,0.75,0.3,0.0,0.0,168.93126099999998,169.7019340123799,0.7706730123798877,0.7706730123798877
G01_R0142,G01,LOGO,holdout_G01,G01,25,20,1e-06,0.7,0.1,0.0,0.0,24.55769,24.879041227990943,0.3213512279909452,0.3213512279909452
G01_R0143,G01,LOGO,holdout_G01,G01,25,20,1e-06,0.7,0.2,0.0,0.0,79.27501500000001,79.77386401716612,0.4988490171661084,0.4988490171661084
G01_R0144,G01,LOGO,holdout_G01,G01,25,20,1e-06,0.7,0.3,0.0,0.0,169.13119600000002,169.90931175877034,0.7781157587703262,0.7781157587703262
G01_R0145,G01,LOGO,holdout_G01,G01,25,50,0.001,0.85,0.1,0.0,0.0,3.5391007,3.6462030089405775,0.1071023089405782,0.1071023089405782
G01_R0146,G01,LOGO,holdout_G01,G01,25,50,0.001,0.85,0.2,0.0,0.0,4.931962,5.133931272838455,0.201969272838455,0.201969272838455
G01_R0147,G01,LOGO,holdout_G01,G01,25,50,0.001,0.85,0.3,0.0,0.0,6.9917847,7.355334071000231,0.3635493710002313,0.3635493710002313
G01_R0148,G01,LOGO,holdout_G01,G01,25,50,0.001,0.8,0.1,0.0,0.0,3.5506918,3.6581873330614254,0.1074955330614253,0.1074955330614253
G01_R0149,G01,LOGO,holdout_G01,G01,25,50,0.001,0.8,0.2,0.0,0.0,4.9540439,5.15743046828494,0.2033865682849391,0.2033865682849391
G01_R0150,G01,LOGO,holdout_G01,G01,25,50,0.001,0.8,0.3,0.0,0.0,7.0272847,7.393405687642613,0.3661209876426134,0.3661209876426134
G01_R0151,G01,LOGO,holdout_G01,G01,25,50,0.001,0.75,0.1,0.0,0.0,3.5627573,3.6709578621061216,0.1082005621061217,0.1082005621061217
G01_R0152,G01,LOGO,holdout_G01,G01,25,50,0.001,0.75,0.2,0.0,0.0,4.9773848,5.182059673553335,0.2046748735533343,0.2046748735533343
G01_R0153,G01,LOGO,holdout_G01,G01,25,50,0.001,0.75,0.3,0.0,0.0,7.0650341,7.434818007711964,0.3697839077119642,0.3697839077119642
G01_R0154,G01,LOGO,holdout_G01,G01,25,50,0.001,0.7,0.1,0.0,0.0,3.575394,3.6845746953999714,0.1091806953999712,0.1091806953999712
G01_R0155,G01,LOGO,holdout_G01,G01,25,50,0.001,0.7,0.2,0.0,0.0,5.0019789,5.208452670357223,0.2064737703572232,0.2064737703572232
G01_R0156,G01,LOGO,holdout_G01,G01,25,50,0.001,0.7,0.3,0.0,0.0,7.105325400000001,7.477600999554079,0.3722755995540785,0.3722755995540785
G01_R0157,G01,LOGO,holdout_G01,G01,25,50,0.0001,0.85,0.1,0.0,0.0,4.437649,4.59257709417241,0.1549280941724093,0.1549280941724093
G01_R0158,G01,LOGO,holdout_G01,G01,25,50,0.0001,0.85,0.2,0.0,0.0,6.7143536,7.006144680041433,0.2917910800414329,0.2917910800414329
G01_R0159,G01,LOGO,holdout_G01,G01,25,50,0.0001,0.85,0.3,0.0,0.0,10.326261,10.881491522996926,0.5552305229969257,0.5552305229969257
G01_R0160,G01,LOGO,holdout_G01,G01,25,50,0.0001,0.8,0.1,0.0,0.0,4.4470186,4.600674041691937,0.1536554416919369,0.1536554416919369
G01_R0161,G01,LOGO,holdout_G01,G01,25,50,0.0001,0.8,0.2,0.0,0.0,6.731568299999999,7.021004168258765,0.2894358682587654,0.2894358682587654
G01_R0162,G01,LOGO,holdout_G01,G01,25,50,0.0001,0.8,0.3,0.0,0.0,10.355907,10.907235244895793,0.5513282448957924,0.5513282448957924
G01_R0163,G01,LOGO,holdout_G01,G01,25,50,0.0001,0.75,0.1,0.0,0.0,4.4569642,4.611929652117687,0.154965452117687,0.154965452117687
G01_R0164,G01,LOGO,holdout_G01,G01,25,50,0.0001,0.75,0.2,0.0,0.0,6.7501525,7.04090193153464,0.290749431534639,0.290749431534639
G01_R0165,G01,LOGO,holdout_G01,G01,25,50,0.0001,0.75,0.3,0.0,0.0,10.387515,10.941108046779892,0.5535930467798913,0.5535930467798913
G01_R0166,G01,LOGO,holdout_G01,G01,25,50,0.0001,0.7,0.1,0.0,0.0,4.4674817,4.621701196755119,0.1542194967551191,0.1542194967551191
G01_R0167,G01,LOGO,holdout_G01,G01,25,50,0.0001,0.7,0.2,0.0,0.0,6.770200999999999,7.061059205646876,0.2908582056468765,0.2908582056468765
G01_R0168,G01,LOGO,holdout_G01,G01,25,50,0.0001,0.7,0.3,0.0,0.0,10.422079,10.97721058746884,0.5551315874688392,0.5551315874688392
G01_R0169,G01,LOGO,holdout_G01,G01,25,50,1e-05,0.85,0.1,0.0,0.0,6.6742439000000005,6.869853245843737,0.1956093458437369,0.1956093458437369
G01_R0170,G01,LOGO,holdout_G01,G01,25,50,1e-05,0.85,0.2,0.0,0.0,14.034764,14.384916592193331,0.3501525921933339,0.3501525921933339
G01_R0171,G01,LOGO,holdout_G01,G01,25,50,1e-05,0.85,0.3,0.0,0.0,25.849678,26.50754747867409,0.6578694786740904,0.6578694786740904
G01_R0172,G01,LOGO,holdout_G01,G01,25,50,1e-05,0.8,0.1,0.0,0.0,6.6853538,6.87923212649803,0.1938783264980301,0.1938783264980301
G01_R0173,G01,LOGO,holdout_G01,G01,25,50,1e-05,0.8,0.2,0.0,0.0,14.060641,14.40945705516457,0.3488160551645691,0.3488160551645691
G01_R0174,G01,LOGO,holdout_G01,G01,25,50,1e-05,0.8,0.3,0.0,0.0,25.895523,26.545591732036492,0.6500687320364946,0.6500687320364946
G01_R0175,G01,LOGO,holdout_G01,G01,25,50,1e-05,0.75,0.1,0.0,0.0,6.6977547,6.892384019763767,0.1946293197637674,0.1946293197637674
G01_R0176,G01,LOGO,holdout_G01,G01,25,50,1e-05,0.75,0.2,0.0,0.0,14.089505,14.44013999320378,0.35063499320378,0.35063499320378
G01_R0177,G01,LOGO,holdout_G01,G01,25,50,1e-05,0.75,0.3,0.0,0.0,25.947354,26.5981320298846,0.6507780298845987,0.6507780298845987
G01_R0178,G01,LOGO,holdout_G01,G01,25,50,1e-05,0.7,0.1,0.0,0.0,6.711645,6.90579725432169,0.1941522543216898,0.1941522543216898
G01_R0179,G01,LOGO,holdout_G01,G01,25,50,1e-05,0.7,0.2,0.0,0.0,14.122356,14.472490069955434,0.350134069955434,0.350134069955434
G01_R0180,G01,LOGO,holdout_G01,G01,25,50,1e-05,0.7,0.3,0.0,0.0,26.007168,26.657036749290377,0.649868749290377,0.649868749290377
G01_R0181,G01,LOGO,holdout_G01,G01,25,50,1e-06,0.85,0.1,0.0,0.0,24.410804,24.714331680287067,0.3035276802870683,0.3035276802870683
G01_R0182,G01,LOGO,holdout_G01,G01,25,50,1e-06,0.85,0.2,0.0,0.0,78.946158,79.4348393925779,0.4886813925779023,0.4886813925779023
G01_R0183,G01,LOGO,holdout_G01,G01,25,50,1e-06,0.85,0.3,0.0,0.0,168.59137800000002,169.34099054559448,0.7496125455944593,0.7496125455944593
G01_R0184,G01,LOGO,holdout_G01,G01,25,50,1e-06,0.8,0.1,0.0,0.0,24.455769,24.76382071331825,0.3080517133182461,0.3080517133182461
G01_R0185,G01,LOGO,holdout_G01,G01,25,50,1e-06,0.8,0.2,0.0,0.0,79.044114,79.53419648119488,0.4900824811948894,0.4900824811948894
G01_R0186,G01,LOGO,holdout_G01,G01,25,50,1e-06,0.8,0.3,0.0,0.0,168.75132200000002,169.50789720078075,0.7565752007807305,0.7565752007807305
G01_R0187,G01,LOGO,holdout_G01,G01,25,50,1e-06,0.75,0.1,0.0,0.0,24.504731,24.81945136120572,0.314720361205719,0.314720361205719
G01_R0188,G01,LOGO,holdout_G01,G01,25,50,1e-06,0.75,0.2,0.0,0.0,79.15306600000001,79.648227394652,0.495161394651987,0.495161394651987
G01_R0189,G01,LOGO,holdout_G01,G01,25,50,1e-06,0.75,0.3,0.0,0.0,168.93126099999998,169.7020907064632,0.7708297064632177,0.7708297064632177
G01_R0190,G01,LOGO,holdout_G01,G01,25,50,1e-06,0.7,0.1,0.0,0.0,24.55769,24.87901769861595,0.3213276986159492,0.3213276986159492
G01_R0191,G01,LOGO,holdout_G01,G01,25,50,1e-06,0.7,0.2,0.0,0.0,79.27501500000001,79.77398615922863,0.498971159228617,0.498971159228617
G01_R0192,G01,LOGO,holdout_G01,G01,25,50,1e-06,0.7,0.3,0.0,0.0,169.13119600000002,169.90893170052033,0.77773570052031,0.77773570052031
G01_R0193,G01,LOGO,holdout_G01,G01,100,3,0.001,0.85,0.1,0.0,0.0,15.135925,15.830144022667849,0.6942190226678484,0.6942190226678484
G01_R0194,G01,LOGO,holdout_G01,G01,100,3,0.001,0.85,0.2,0.0,0.0,21.309251,22.501618517768357,1.1923675177683537,1.1923675177683537
G01_R0195,G01,LOGO,holdout_G01,G01,100,3,0.001,0.85,0.3,0.0,0.0,30.508539,32.57521435880999,2.066675358809988,2.066675358809988
G01_R0196,G01,LOGO,holdout_G01,G01,100,3,0.001,0.8,0.1,0.0,0.0,15.200943,15.887953189474077,0.6870101894740763,0.6870101894740763
G01_R0197,G01,LOGO,holdout_G01,G01,100,3,0.001,0.8,0.2,0.0,0.0,21.431028,22.629307391188814,1.1982793911888123,1.1982793911888123
G01_R0198,G01,LOGO,holdout_G01,G01,100,3,0.001,0.8,0.3,0.0,0.0,30.71707,32.8062815362819,2.0892115362819013,2.0892115362819013
G01_R0199,G01,LOGO,holdout_G01,G01,100,3,0.001,0.75,0.1,0.0,0.0,15.27188,15.968808088338887,0.696928088338888,0.696928088338888
G01_R0200,G01,LOGO,holdout_G01,G01,100,3,0.001,0.75,0.2,0.0,0.0,21.561695,22.77223152603436,1.2105365260343568,1.2105365260343568
G01_R0201,G01,LOGO,holdout_G01,G01,100,3,0.001,0.75,0.3,0.0,0.0,30.942466,33.05855274657992,2.1160867465799207,2.1160867465799207
G01_R0202,G01,LOGO,holdout_G01,G01,100,3,0.001,0.7,0.1,0.0,0.0,15.346728,16.039557088421855,0.6928290884218544,0.6928290884218544
G01_R0203,G01,LOGO,holdout_G01,G01,100,3,0.001,0.7,0.2,0.0,0.0,21.702236,22.922085197869105,1.219849197869106,1.219849197869106
G01_R0204,G01,LOGO,holdout_G01,G01,100,3,0.001,0.7,0.3,0.0,0.0,31.187713,33.32224089550388,2.134527895503883,2.134527895503883
G01_R0205,G01,LOGO,holdout_G01,G01,100,3,0.0001,0.85,0.1,0.0,0.0,18.847063,19.75746623707764,0.9104032370776416,0.9104032370776416
G01_R0206,G01,LOGO,holdout_G01,G01,100,3,0.0001,0.85,0.2,0.0,0.0,28.761825,30.36034075462977,1.5985157546297728,1.5985157546297728
G01_R0207,G01,LOGO,holdout_G01,G01,100,3,0.0001,0.85,0.3,0.0,0.0,44.408754,47.29404809052992,2.885294090529918,2.885294090529918
G01_R0208,G01,LOGO,holdout_G01,G01,100,3,0.0001,0.8,0.1,0.0,0.0,18.895318000000003,19.79926800720512,0.9039500072051148,0.9039500072051148
G01_R0209,G01,LOGO,holdout_G01,G01,100,3,0.0001,0.8,0.2,0.0,0.0,28.871917,30.454645336630133,1.582728336630133,1.582728336630133
G01_R0210,G01,LOGO,holdout_G01,G01,100,3,0.0001,0.8,0.3,0.0,0.0,44.615621,47.470611758779015,2.8549907587790173,2.8549907587790173
G01_R0211,G01,LOGO,holdout_G01,G01,100,3,0.0001,0.75,0.1,0.0,0.0,18.946497,19.85787829089184,0.9113812908918392,0.9113812908918392
G01_R0212,G01,LOGO,holdout_G01,G01,100,3,0.0001,0.75,0.2,0.0,0.0,28.991915,30.589500330736133,1.597585330736134,1.597585330736134
G01_R0213,G01,LOGO,holdout_G01,G01,100,3,0.0001,0.75,0.3,0.0,0.0,44.844372,47.72186018786511,2.8774881878651115,2.8774881878651115
G01_R0214,G01,LOGO,holdout_G01,G01,100,3,0.0001,0.7,0.1,0.0,0.0,19.002587,19.90727033843888,0.9046833384388826,0.9046833384388826
G01_R0215,G01,LOGO,holdout_G01,G01,100,3,0.0001,0.7,0.2,0.0,0.0,29.124803,30.71354927483244,1.588746274832438,1.588746274832438
G01_R0216,G01,LOGO,holdout_G01,G01,100,3,0.0001,0.7,0.3,0.0,0.0,45.101987,47.96363058819039,2.8616435881903897,2.8616435881903897
G01_R0217,G01,LOGO,holdout_G01,G01,100,3,1e-05,0.85,0.1,0.0,0.0,28.1661,29.26372541692852,1.0976254169285156,1.0976254169285156
G01_R0218,G01,LOGO,holdout_G01,G01,100,3,1e-05,0.85,0.2,0.0,0.0,59.088896,60.96310235766695,1.8742063576669492,1.8742063576669492
G01_R0219,G01,LOGO,holdout_G01,G01,100,3,1e-05,0.85,0.3,0.0,0.0,108.595423,111.91633887194403,3.3209158719440524,3.3209158719440524
G01_R0220,G01,LOGO,holdout_G01,G01,100,3,1e-05,0.8,0.1,0.0,0.0,28.247794000000003,29.334480642547614,1.0866866425476154,1.0866866425476154
G01_R0221,G01,LOGO,holdout_G01,G01,100,3,1e-05,0.8,0.2,0.0,0.0,59.323476,61.20106001983075,1.8775840198307487,1.8775840198307487
G01_R0222,G01,LOGO,holdout_G01,G01,100,3,1e-05,0.8,0.3,0.0,0.0,109.064893,112.3790793587307,3.3141863587307085,3.3141863587307085
G01_R0223,G01,LOGO,holdout_G01,G01,100,3,1e-05,0.75,0.1,0.0,0.0,28.340457,29.43996827090634,1.0995112709063406,1.0995112709063406
G01_R0224,G01,LOGO,holdout_G01,G01,100,3,1e-05,0.75,0.2,0.0,0.0,59.592016,61.47602787213971,1.884011872139709,1.884011872139709
G01_R0225,G01,LOGO,holdout_G01,G01,100,3,1e-05,0.75,0.3,0.0,0.0,109.594314,112.92639665735248,3.3320826573524727,3.3320826573524727
G01_R0226,G01,LOGO,holdout_G01,G01,100,3,1e-05,0.7,0.1,0.0,0.0,28.446084,29.53512304816887,1.0890390481688712,1.0890390481688712
G01_R0227,G01,LOGO,holdout_G01,G01,100,3,1e-05,0.7,0.2,0.0,0.0,59.90051,61.79849862477826,1.8979886247782645,1.8979886247782645
G01_R0228,G01,LOGO,holdout_G01,G01,100,3,1e-05,0.7,0.3,0.0,0.0,110.213675,113.56095964905462,3.347284649054629,3.347284649054629
G01_R0229,G01,LOGO,holdout_G01,G01,100,3,1e-06,0.85,0.1,0.0,0.0,99.825659,101.3364957987072,1.5108367987072029,1.5108367987072029
G01_R0230,G01,LOGO,holdout_G01,G01,100,3,1e-06,0.85,0.2,0.0,0.0,321.337835,323.75986529633315,2.422030296333162,2.422030296333162
G01_R0231,G01,LOGO,holdout_G01,G01,100,3,1e-06,0.85,0.3,0.0,0.0,685.2637070000001,688.9506975188726,3.6869905188725625,3.6869905188725625
G01_R0232,G01,LOGO,holdout_G01,G01,100,3,1e-06,0.8,0.1,0.0,0.0,100.096539,101.62503338084082,1.5284943808408116,1.5284943808408116
G01_R0233,G01,LOGO,holdout_G01,G01,100,3,1e-06,0.8,0.2,0.0,0.0,322.107681,324.5293443815004,2.421663381500366,2.421663381500366
G01_R0234,G01,LOGO,holdout_G01,G01,100,3,1e-06,0.8,0.3,0.0,0.0,686.7135089999999,690.4225212048998,3.709012204899864,3.709012204899864
G01_R0235,G01,LOGO,holdout_G01,G01,100,3,1e-06,0.75,0.1,0.0,0.0,100.40641,101.95811111595964,1.551701115959645,1.551701115959645
G01_R0236,G01,LOGO,holdout_G01,G01,100,3,1e-06,0.75,0.2,0.0,0.0,322.987516,325.4282621209527,2.4407461209526677,2.4407461209526677
G01_R0237,G01,LOGO,holdout_G01,G01,100,3,1e-06,0.75,0.3,0.0,0.0,688.3832960000001,692.1538504178441,3.7705544178439823,3.7705544178439823
G01_R0238,G01,LOGO,holdout_G01,G01,100,3,1e-06,0.7,0.1,0.0,0.0,100.766271,102.32259211863276,1.5563211186327663,1.5563211186327663
G01_R0239,G01,LOGO,holdout_G01,G01,100,3,1e-06,0.7,0.2,0.0,0.0,323.997337,326.4341200265864,2.4367830265863404,2.4367830265863404
G01_R0240,G01,LOGO,holdout_G01,G01,100,3,1e-06,0.7,0.3,0.0,0.0,690.323067,694.1230804282561,3.80001342825608,3.80001342825608
G01_R0241,G01,LOGO,holdout_G01,G01,100,6,0.001,0.85,0.1,0.0,0.0,15.135925,15.830191077042857,0.6942660770428546,0.6942660770428546
G01_R0242,G01,LOGO,holdout_G01,G01,100,6,0.001,0.85,0.2,0.0,0.0,21.309251,22.5015267070124,1.1922757070123993,1.1922757070123993
G01_R0243,G01,LOGO,holdout_G01,G01,100,6,0.001,0.85,0.3,0.0,0.0,30.508539,32.57555986130998,2.0670208613099845,2.0670208613099845
G01_R0244,G01,LOGO,holdout_G01,G01,100,6,0.001,0.8,0.1,0.0,0.0,15.200943,15.88774472872408,0.6868017287240793,0.6868017287240793
G01_R0245,G01,LOGO,holdout_G01,G01,100,6,0.001,0.8,0.2,0.0,0.0,21.431028,22.630305291355484,1.1992772913554823,1.1992772913554823
G01_R0246,G01,LOGO,holdout_G01,G01,100,6,0.001,0.8,0.3,0.0,0.0,30.71707,32.805784805031905,2.088714805031905,2.088714805031905
G01_R0247,G01,LOGO,holdout_G01,G01,100,6,0.001,0.75,0.1,0.0,0.0,15.27188,15.96832381421389,0.6964438142138913,0.6964438142138913
G01_R0248,G01,LOGO,holdout_G01,G01,100,6,0.001,0.75,0.2,0.0,0.0,21.561695,22.77165955430519,1.2099645543051911,1.2099645543051911
G01_R0249,G01,LOGO,holdout_G01,G01,100,6,0.001,0.75,0.3,0.0,0.0,30.942466,33.058605030579905,2.1161390305799053,2.1161390305799053
G01_R0250,G01,LOGO,holdout_G01,G01,100,6,0.001,0.7,0.1,0.0,0.0,15.346728,16.039545215421864,0.6928172154218633,0.6928172154218633
G01_R0251,G01,LOGO,holdout_G01,G01,100,6,0.001,0.7,0.2,0.0,0.0,21.702236,22.922022234327443,1.2197862343274437,1.2197862343274437
G01_R0252,G01,LOGO,holdout_G01,G01,100,6,0.001,0.7,0.3,0.0,0.0,31.187713,33.322449805545546,2.134736805545547,2.134736805545547
G01_R0253,G01,LOGO,holdout_G01,G01,100,6,0.0001,0.85,0.1,0.0,0.0,18.847063,19.75748339074429,0.9104203907442958,0.9104203907442958
G01_R0254,G01,LOGO,holdout_G01,G01,100,6,0.0001,0.85,0.2,0.0,0.0,28.761825,30.36043200862977,1.59860700862977,1.59860700862977
G01_R0255,G01,LOGO,holdout_G01,G01,100,6,0.0001,0.85,0.3,0.0,0.0,44.408754,47.29441156057159,2.8856575605715875,2.8856575605715875
G01_R0256,G01,LOGO,holdout_G01,G01,100,6,0.0001,0.8,0.1,0.0,0.0,18.895318000000003,19.79920400824677,0.9038860082467686,0.9038860082467686
G01_R0257,G01,LOGO,holdout_G01,G01,100,6,0.0001,0.8,0.2,0.0,0.0,28.871917,30.4542878298593,1.5823708298593004,1.5823708298593004
G01_R0258,G01,LOGO,holdout_G01,G01,100,6,0.0001,0.8,0.3,0.0,0.0,44.615621,47.470470002362354,2.854849002362357,2.854849002362357
G01_R0259,G01,LOGO,holdout_G01,G01,100,6,0.0001,0.75,0.1,0.0,0.0,18.946497,19.85750757326684,0.911010573266836,0.911010573266836
G01_R0260,G01,LOGO,holdout_G01,G01,100,6,0.0001,0.75,0.2,0.0,0.0,28.991915,30.588437605444465,1.5965226054444663,1.5965226054444663
G01_R0261,G01,LOGO,holdout_G01,G01,100,6,0.0001,0.75,0.3,0.0,0.0,44.844372,47.72040594011512,2.8760339401151143,2.8760339401151143
G01_R0262,G01,LOGO,holdout_G01,G01,100,6,0.0001,0.7,0.1,0.0,0.0,19.002587,19.907110935744434,0.904523935744436,0.904523935744436
G01_R0263,G01,LOGO,holdout_G01,G01,100,6,0.0001,0.7,0.2,0.0,0.0,29.124803,30.713036766936607,1.5882337669366071,1.5882337669366071
G01_R0264,G01,LOGO,holdout_G01,G01,100,6,0.0001,0.7,0.3,0.0,0.0,45.101987,47.964438608065386,2.862451608065385,2.862451608065385
G01_R0265,G01,LOGO,holdout_G01,G01,100,6,1e-05,0.85,0.1,0.0,0.0,28.1661,29.263692597345177,1.0975925973451766,1.0975925973451766
G01_R0266,G01,LOGO,holdout_G01,G01,100,6,1e-05,0.85,0.2,0.0,0.0,59.088896,60.96363690690803,1.8747409069080303,1.8747409069080303
G01_R0267,G01,LOGO,holdout_G01,G01,100,6,1e-05,0.85,0.3,0.0,0.0,108.595423,111.9178415182774,3.322418518277402,3.322418518277402
G01_R0268,G01,LOGO,holdout_G01,G01,100,6,1e-05,0.8,0.1,0.0,0.0,28.247794000000003,29.334602741089284,1.086808741089282,1.086808741089282
G01_R0269,G01,LOGO,holdout_G01,G01,100,6,1e-05,0.8,0.2,0.0,0.0,59.323476,61.20139259814326,1.8779165981432584,1.8779165981432584
G01_R0270,G01,LOGO,holdout_G01,G01,100,6,1e-05,0.8,0.3,0.0,0.0,109.064893,112.3790597837099,3.314166783709908,3.314166783709908
G01_R0271,G01,LOGO,holdout_G01,G01,100,6,1e-05,0.75,0.1,0.0,0.0,28.340457,29.43971524344801,1.0992582434480092,1.0992582434480092
G01_R0272,G01,LOGO,holdout_G01,G01,100,6,1e-05,0.75,0.2,0.0,0.0,59.592016,61.47473218613971,1.88271618613971,1.88271618613971
G01_R0273,G01,LOGO,holdout_G01,G01,100,6,1e-05,0.75,0.3,0.0,0.0,109.594314,112.92579613401912,3.331482134019126,3.331482134019126
G01_R0274,G01,LOGO,holdout_G01,G01,100,6,1e-05,0.7,0.1,0.0,0.0,28.446084,29.535023617127205,1.088939617127206,1.088939617127206
G01_R0275,G01,LOGO,holdout_G01,G01,100,6,1e-05,0.7,0.2,0.0,0.0,59.90051,61.79843834344493,1.8979283434449317,1.8979283434449317
G01_R0276,G01,LOGO,holdout_G01,G01,100,6,1e-05,0.7,0.3,0.0,0.0,110.213675,113.56027657272126,3.346601572721269,3.346601572721269
G01_R0277,G01,LOGO,holdout_G01,G01,100,6,1e-06,0.85,0.1,0.0,0.0,99.825659,101.3362632605822,1.5106042605822123,1.5106042605822123
G01_R0278,G01,LOGO,holdout_G01,G01,100,6,1e-06,0.85,0.2,0.0,0.0,321.337835,323.76138146695814,2.423546466958157,2.423546466958157
G01_R0279,G01,LOGO,holdout_G01,G01,100,6,1e-06,0.85,0.3,0.0,0.0,685.2637070000001,688.9483555518308,3.684648551830719,3.684648551830719
G01_R0280,G01,LOGO,holdout_G01,G01,100,6,1e-06,0.8,0.1,0.0,0.0,100.096539,101.62532771279916,1.528788712799141,1.528788712799141
G01_R0281,G01,LOGO,holdout_G01,G01,100,6,1e-06,0.8,0.2,0.0,0.0,322.107681,324.5298266280004,2.422145628000351,2.422145628000351
G01_R0282,G01,LOGO,holdout_G01,G01,100,6,1e-06,0.8,0.3,0.0,0.0,686.7135089999999,690.4202444591084,3.706735459108472,3.706735459108472
G01_R0283,G01,LOGO,holdout_G01,G01,100,6,1e-06,0.75,0.1,0.0,0.0,100.40641,101.95763126220965,1.551221262209637,1.551221262209637
G01_R0284,G01,LOGO,holdout_G01,G01,100,6,1e-06,0.75,0.2,0.0,0.0,322.987516,325.4282675394112,2.440751539411167,2.440751539411167
G01_R0285,G01,LOGO,holdout_G01,G01,100,6,1e-06,0.75,0.3,0.0,0.0,688.3832960000001,692.1553067263438,3.7720107263437512,3.7720107263437512
G01_R0286,G01,LOGO,holdout_G01,G01,100,6,1e-06,0.7,0.1,0.0,0.0,100.766271,102.32320587104942,1.556934871049421,1.556934871049421
G01_R0287,G01,LOGO,holdout_G01,G01,100,6,1e-06,0.7,0.2,0.0,0.0,323.997337,326.43492862996135,2.4375916299613323,2.4375916299613323
G01_R0288,G01,LOGO,holdout_G01,G01,100,6,1e-06,0.7,0.3,0.0,0.0,690.323067,694.1263303800056,3.8032633800055455,3.8032633800055455
G01_R0289,G01,LOGO,holdout_G01,G01,100,20,0.001,0.85,0.1,0.0,0.0,15.135925,15.82973284416389,0.6938078441638904,0.6938078441638904
G01_R0290,G01,LOGO,holdout_G01,G01,100,20,0.001,0.85,0.2,0.0,0.0,21.309251,22.50164212517759,1.1923911251775898,1.1923911251775898
G01_R0291,G01,LOGO,holdout_G01,G01,100,20,0.001,0.85,0.3,0.0,0.0,30.508539,32.57561203923856,2.067073039238558,2.067073039238558
G01_R0292,G01,LOGO,holdout_G01,G01,100,20,0.001,0.8,0.1,0.0,0.0,15.200943,15.887196985553452,0.6862539855534511,0.6862539855534511
G01_R0293,G01,LOGO,holdout_G01,G01,100,20,0.001,0.8,0.2,0.0,0.0,21.431028,22.630059381124838,1.1990313811248328,1.1990313811248328
G01_R0294,G01,LOGO,holdout_G01,G01,100,20,0.001,0.8,0.3,0.0,0.0,30.71707,32.805079709052734,2.0880097090527343,2.0880097090527343
G01_R0295,G01,LOGO,holdout_G01,G01,100,20,0.001,0.75,0.1,0.0,0.0,15.27188,15.96823380834484,0.696353808344842,0.696353808344842
G01_R0296,G01,LOGO,holdout_G01,G01,100,20,0.001,0.75,0.2,0.0,0.0,21.561695,22.771422741352808,1.2097277413528076,1.2097277413528076
G01_R0297,G01,LOGO,holdout_G01,G01,100,20,0.001,0.75,0.3,0.0,0.0,30.942466,33.058953336901325,2.1164873369013257,2.1164873369013257
G01_R0298,G01,LOGO,holdout_G01,G01,100,20,0.001,0.7,0.1,0.0,0.0,15.346728,16.039623093177816,0.6928950931778157,0.6928950931778157
G01_R0299,G01,LOGO,holdout_G01,G01,100,20,0.001,0.7,0.2,0.0,0.0,21.702236,22.921813317741133,1.219577317741134,1.219577317741134
G01_R0300,G01,LOGO,holdout_G01,G01,100,20,0.001,0.7,0.3,0.0,0.0,31.187713,33.32141387643989,2.1337008764398924,2.1337008764398924
G01_R0301,G01,LOGO,holdout_G01,G01,100,20,0.0001,0.85,0.1,0.0,0.0,18.847063,19.757446753021085,0.9103837530210868,0.9103837530210868
G01_R0302,G01,LOGO,holdout_G01,G01,100,20,0.0001,0.85,0.2,0.0,0.0,28.761825,30.359567309995835,1.5977423099958337,1.5977423099958337
G01_R0303,G01,LOGO,holdout_G01,G01,100,20,0.0001,0.85,0.3,0.0,0.0,44.408754,47.29544903613111,2.8866950361311083,2.8866950361311083
G01_R0304,G01,LOGO,holdout_G01,G01,100,20,0.0001,0.8,0.1,0.0,0.0,18.895318000000003,19.799077907157493,0.9037599071574896,0.9037599071574896
G01_R0305,G01,LOGO,holdout_G01,G01,100,20,0.0001,0.8,0.2,0.0,0.0,28.871917,30.45481294978787,1.5828959497878683,1.5828959497878683
G01_R0306,G01,LOGO,holdout_G01,G01,100,20,0.0001,0.8,0.3,0.0,0.0,44.615621,47.472612791448654,2.8569917914486567,2.8569917914486567
G01_R0307,G01,LOGO,holdout_G01,G01,100,20,0.0001,0.75,0.1,0.0,0.0,18.946497,19.85757520729065,0.9110782072906504,0.9110782072906504
G01_R0308,G01,LOGO,holdout_G01,G01,100,20,0.0001,0.75,0.2,0.0,0.0,28.991915,30.588665631844087,1.5967506318440885,1.5967506318440885
G01_R0309,G01,LOGO,holdout_G01,G01,100,20,0.0001,0.75,0.3,0.0,0.0,44.844372,47.72034977346928,2.8759777734692804,2.8759777734692804
G01_R0310,G01,LOGO,holdout_G01,G01,100,20,0.0001,0.7,0.1,0.0,0.0,19.002587,19.90696377386795,0.904376773867952,0.904376773867952
G01_R0311,G01,LOGO,holdout_G01,G01,100,20,0.0001,0.7,0.2,0.0,0.0,29.124803,30.712597497440388,1.587794497440388,1.587794497440388
G01_R0312,G01,LOGO,holdout_G01,G01,100,20,0.0001,0.7,0.3,0.0,0.0,45.101987,47.964943287863015,2.862956287863014,2.862956287863014
G01_R0313,G01,LOGO,holdout_G01,G01,100,20,1e-05,0.85,0.1,0.0,0.0,28.1661,29.26411916511898,1.0980191651189806,1.0980191651189806
G01_R0314,G01,LOGO,holdout_G01,G01,100,20,1e-05,0.85,0.2,0.0,0.0,59.088896,60.96432938424232,1.8754333842423208,1.8754333842423208
G01_R0315,G01,LOGO,holdout_G01,G01,100,20,1e-05,0.85,0.3,0.0,0.0,108.595423,111.91691701729825,3.3214940172982352,3.3214940172982352
G01_R0316,G01,LOGO,holdout_G01,G01,100,20,1e-05,0.8,0.1,0.0,0.0,28.247794000000003,29.334342764529747,1.086548764529745,1.086548764529745
G01_R0317,G01,LOGO,holdout_G01,G01,100,20,1e-05,0.8,0.2,0.0,0.0,59.323476,61.20303004356587,1.879554043565868,1.879554043565868
G01_R0318,G01,LOGO,holdout_G01,G01,100,20,1e-05,0.8,0.3,0.0,0.0,109.064893,112.37934586220996,3.314452862209947,3.314452862209947
G01_R0319,G01,LOGO,holdout_G01,G01,100,20,1e-05,0.75,0.1,0.0,0.0,28.340457,29.43973040016377,1.0992734001637707,1.0992734001637707
G01_R0320,G01,LOGO,holdout_G01,G01,100,20,1e-05,0.75,0.2,0.0,0.0,59.592016,61.47254939401469,1.8805333940146909,1.8805333940146909
G01_R0321,G01,LOGO,holdout_G01,G01,100,20,1e-05,0.75,0.3,0.0,0.0,109.594314,112.92397030469768,3.329656304697693,3.329656304697693
G01_R0322,G01,LOGO,holdout_G01,G01,100,20,1e-05,0.7,0.1,0.0,0.0,28.446084,29.535588823356367,1.0895048233563678,1.0895048233563678
G01_R0323,G01,LOGO,holdout_G01,G01,100,20,1e-05,0.7,0.2,0.0,0.0,59.90051,61.79854880531992,1.8980388053199209,1.8980388053199209
G01_R0324,G01,LOGO,holdout_G01,G01,100,20,1e-05,0.7,0.3,0.0,0.0,110.213675,113.56028032588794,3.34660532588795,3.34660532588795
G01_R0325,G01,LOGO,holdout_G01,G01,100,20,1e-06,0.85,0.1,0.0,0.0,99.825659,101.33561052442155,1.5099515244215524,1.5099515244215524
G01_R0326,G01,LOGO,holdout_G01,G01,100,20,1e-06,0.85,0.2,0.0,0.0,321.337835,323.75962658886885,2.421791588868871,2.421791588868871
G01_R0327,G01,LOGO,holdout_G01,G01,100,20,1e-06,0.85,0.3,0.0,0.0,685.2637070000001,688.9514224384019,3.687715438401824,3.687715438401824
G01_R0328,G01,LOGO,holdout_G01,G01,100,20,1e-06,0.8,0.1,0.0,0.0,100.096539,101.6257294692783,1.5291904692782907,1.5291904692782907
G01_R0329,G01,LOGO,holdout_G01,G01,100,20,1e-06,0.8,0.2,0.0,0.0,322.107681,324.52956579924137,2.4218847992413544,2.4218847992413544
G01_R0330,G01,LOGO,holdout_G01,G01,100,20,1e-06,0.8,0.3,0.0,0.0,686.7135089999999,690.4201859445367,3.7066769445367527,3.7066769445367527
G01_R0331,G01,LOGO,holdout_G01,G01,100,20,1e-06,0.75,0.1,0.0,0.0,100.40641,101.95734555637628,1.550935556376288,1.550935556376288
G01_R0332,G01,LOGO,holdout_G01,G01,100,20,1e-06,0.75,0.2,0.0,0.0,322.987516,325.4286644837861,2.441148483786094,2.441148483786094
G01_R0333,G01,LOGO,holdout_G01,G01,100,20,1e-06,0.75,0.3,0.0,0.0,688.3832960000001,692.1489300963319,3.765634096331837,3.765634096331837
G01_R0334,G01,LOGO,holdout_G01,G01,100,20,1e-06,0.7,0.1,0.0,0.0,100.766271,102.32377251793784,1.5575015179378229,1.5575015179378229
G01_R0335,G01,LOGO,holdout_G01,G01,100,20,1e-06,0.7,0.2,0.0,0.0,323.997337,326.43401254342564,2.436675543425622,2.436675543425622
G01_R0336,G01,LOGO,holdout_G01,G01,100,20,1e-06,0.7,0.3,0.0,0.0,690.323067,694.1221039418058,3.799036941805753,3.799036941805753
G01_R0337,G01,LOGO,holdout_G01,G01,100,50,0.001,0.85,0.1,0.0,0.0,15.135925,15.830148619497216,0.6942236194972171,0.6942236194972171
G01_R0338,G01,LOGO,holdout_G01,G01,100,50,0.001,0.85,0.2,0.0,0.0,21.309251,22.502232625031755,1.1929816250317558,1.1929816250317558
G01_R0339,G01,LOGO,holdout_G01,G01,100,50,0.001,0.85,0.3,0.0,0.0,30.508539,32.576289882238555,2.067750882238556,2.067750882238556
G01_R0340,G01,LOGO,holdout_G01,G01,100,50,0.001,0.8,0.1,0.0,0.0,15.200943,15.88771274805345,0.6867697480534503,0.6867697480534503
G01_R0341,G01,LOGO,holdout_G01,G01,100,50,0.001,0.8,0.2,0.0,0.0,21.431028,22.630101207687336,1.1990732076873345,1.1990732076873345
G01_R0342,G01,LOGO,holdout_G01,G01,100,50,0.001,0.8,0.3,0.0,0.0,30.71707,32.805180711073575,2.0881107110735755,2.0881107110735755
G01_R0343,G01,LOGO,holdout_G01,G01,100,50,0.001,0.75,0.1,0.0,0.0,15.27188,15.968972301719838,0.697092301719838,0.697092301719838
G01_R0344,G01,LOGO,holdout_G01,G01,100,50,0.001,0.75,0.2,0.0,0.0,21.561695,22.771410523894478,1.2097155238944737,1.2097155238944737
G01_R0345,G01,LOGO,holdout_G01,G01,100,50,0.001,0.75,0.3,0.0,0.0,30.942466,33.058738524109664,2.1162725241096645,2.1162725241096645
G01_R0346,G01,LOGO,holdout_G01,G01,100,50,0.001,0.7,0.1,0.0,0.0,15.346728,16.039579518844473,0.6928515188444724,0.6928515188444724
G01_R0347,G01,LOGO,holdout_G01,G01,100,50,0.001,0.7,0.2,0.0,0.0,21.702236,22.92208183280362,1.219845832803621,1.219845832803621
G01_R0348,G01,LOGO,holdout_G01,G01,100,50,0.001,0.7,0.3,0.0,0.0,31.187713,33.32193019087738,2.134217190877383,2.134217190877383
G01_R0349,G01,LOGO,holdout_G01,G01,100,50,0.0001,0.85,0.1,0.0,0.0,18.847063,19.757565935458597,0.9105029354585952,0.9105029354585952
G01_R0350,G01,LOGO,holdout_G01,G01,100,50,0.0001,0.85,0.2,0.0,0.0,28.761825,30.36006793062084,1.5982429306208346,1.5982429306208346
G01_R0351,G01,LOGO,holdout_G01,G01,100,50,0.0001,0.85,0.3,0.0,0.0,44.408754,47.29747744279778,2.888723442797776,2.888723442797776
G01_R0352,G01,LOGO,holdout_G01,G01,100,50,0.0001,0.8,0.1,0.0,0.0,18.895318000000003,19.799359644595,0.9040416445949973,0.9040416445949973
G01_R0353,G01,LOGO,holdout_G01,G01,100,50,0.0001,0.8,0.2,0.0,0.0,28.871917,30.455145674787858,1.5832286747878577,1.5832286747878577
G01_R0354,G01,LOGO,holdout_G01,G01,100,50,0.0001,0.8,0.3,0.0,0.0,44.615621,47.47479130644865,2.8591703064486538,2.8591703064486538
G01_R0355,G01,LOGO,holdout_G01,G01,100,50,0.0001,0.75,0.1,0.0,0.0,18.946497,19.857850949717744,0.9113539497177428,0.9113539497177428
G01_R0356,G01,LOGO,holdout_G01,G01,100,50,0.0001,0.75,0.2,0.0,0.0,28.991915,30.588926162156586,1.5970111621565837,1.5970111621565837
G01_R0357,G01,LOGO,holdout_G01,G01,100,50,0.0001,0.75,0.3,0.0,0.0,44.844372,47.72078182786511,2.8764098278651105,2.8764098278651105
G01_R0358,G01,LOGO,holdout_G01,G01,100,50,0.0001,0.7,0.1,0.0,0.0,19.002587,19.90696846129504,0.904381461295042,0.904381461295042
G01_R0359,G01,LOGO,holdout_G01,G01,100,50,0.0001,0.7,0.2,0.0,0.0,29.124803,30.713082446815392,1.5882794468153918,1.5882794468153918
G01_R0360,G01,LOGO,holdout_G01,G01,100,50,0.0001,0.7,0.3,0.0,0.0,45.101987,47.9654935365773,2.8635065365772974,2.8635065365772974
G01_R0361,G01,LOGO,holdout_G01,G01,100,50,1e-05,0.85,0.1,0.0,0.0,28.1661,29.264271718452328,1.0981717184523276,1.0981717184523276
G01_R0362,G01,LOGO,holdout_G01,G01,100,50,1e-05,0.85,0.2,0.0,0.0,59.088896,60.9641225490548,1.8752265490548008,1.8752265490548008
G01_R0363,G01,LOGO,holdout_G01,G01,100,50,1e-05,0.85,0.3,0.0,0.0,108.595423,111.9176456360691,3.3222226360691,3.3222226360691
G01_R0364,G01,LOGO,holdout_G01,G01,100,50,1e-05,0.8,0.1,0.0,0.0,28.247794000000003,29.33479046127975,1.086996461279746,1.086996461279746
G01_R0365,G01,LOGO,holdout_G01,G01,100,50,1e-05,0.8,0.2,0.0,0.0,59.323476,61.20324464306584,1.8797686430658445,1.8797686430658445
G01_R0366,G01,LOGO,holdout_G01,G01,100,50,1e-05,0.8,0.3,0.0,0.0,109.064893,112.37876786362658,3.31387486362658,3.31387486362658
G01_R0367,G01,LOGO,holdout_G01,G01,100,50,1e-05,0.75,0.1,0.0,0.0,28.340457,29.440419349523896,1.0999623495238957,1.0999623495238957
G01_R0368,G01,LOGO,holdout_G01,G01,100,50,1e-05,0.75,0.2,0.0,0.0,59.592016,61.47218752859801,1.8801715285980125,1.8801715285980125
G01_R0369,G01,LOGO,holdout_G01,G01,100,50,1e-05,0.75,0.3,0.0,0.0,109.594314,112.9235199121977,3.329205912197708,3.329205912197708
G01_R0370,G01,LOGO,holdout_G01,G01,100,50,1e-05,0.7,0.1,0.0,0.0,28.446084,29.535817038981374,1.0897330389813789,1.0897330389813789
G01_R0371,G01,LOGO,holdout_G01,G01,100,50,1e-05,0.7,0.2,0.0,0.0,59.90051,61.79770844790323,1.897198447903236,1.897198447903236
G01_R0372,G01,LOGO,holdout_G01,G01,100,50,1e-05,0.7,0.3,0.0,0.0,110.213675,113.56030284488796,3.3466278448879763,3.3466278448879763
G01_R0373,G01,LOGO,holdout_G01,G01,100,50,1e-06,0.85,0.1,0.0,0.0,99.825659,101.33491395742152,1.5092549574215184,1.5092549574215184
G01_R0374,G01,LOGO,holdout_G01,G01,100,50,1e-06,0.85,0.2,0.0,0.0,321.337835,323.75907491511884,2.4212399151188606,2.4212399151188606
G01_R0375,G01,LOGO,holdout_G01,G01,100,50,1e-06,0.85,0.3,0.0,0.0,685.2637070000001,688.9533946663605,3.6896876663604417,3.6896876663604417
G01_R0376,G01,LOGO,holdout_G01,G01,100,50,1e-06,0.8,0.1,0.0,0.0,100.096539,101.62562291540924,1.5290839154092453,1.5290839154092453
G01_R0377,G01,LOGO,holdout_G01,G01,100,50,1e-06,0.8,0.2,0.0,0.0,322.107681,324.52930163539014,2.421620635390127,2.421620635390127
G01_R0378,G01,LOGO,holdout_G01,G01,100,50,1e-06,0.8,0.3,0.0,0.0,686.7135089999999,690.4218483442448,3.708339344244905,3.708339344244905
G01_R0379,G01,LOGO,holdout_G01,G01,100,50,1e-06,0.75,0.1,0.0,0.0,100.40641,101.95740112078104,1.5509911207810347,1.5509911207810347
G01_R0380,G01,LOGO,holdout_G01,G01,100,50,1e-06,0.75,0.2,0.0,0.0,322.987516,325.42810058545274,2.4405845854527115,2.4405845854527115
G01_R0381,G01,LOGO,holdout_G01,G01,100,50,1e-06,0.75,0.3,0.0,0.0,688.3832960000001,692.14667857357,3.763382573569857,3.763382573569857
G01_R0382,G01,LOGO,holdout_G01,G01,100,50,1e-06,0.7,0.1,0.0,0.0,100.766271,102.32356621164617,1.5572952116461494,1.5572952116461494
G01_R0383,G01,LOGO,holdout_G01,G01,100,50,1e-06,0.7,0.2,0.0,0.0,323.997337,326.4349024603423,2.4375654603422845,2.4375654603422845
G01_R0384,G01,LOGO,holdout_G01,G01,100,50,1e-06,0.7,0.3,0.0,0.0,690.323067,694.124088130169,3.80102113016892,3.80102113016892
G01_R0385,G01,LOGO,holdout_G01,G01,250,3,0.001,0.85,0.1,0.0,0.0,42.780836,45.727943064466125,2.947107064466124,2.947107064466124
G01_R0386,G01,LOGO,holdout_G01,G01,250,3,0.001,0.85,0.2,0.0,0.0,61.354972,66.21320258866757,4.858230588667574,4.858230588667574
G01_R0387,G01,LOGO,holdout_G01,G01,250,3,0.001,0.85,0.3,0.0,0.0,89.164385,97.30112752912592,8.136742529125925,8.136742529125925
G01_R0388,G01,LOGO,holdout_G01,G01,250,3,0.001,0.8,0.1,0.0,0.0,43.02359,45.94597885437156,2.9223888543715617,2.9223888543715617
G01_R0389,G01,LOGO,holdout_G01,G01,250,3,0.001,0.8,0.2,0.0,0.0,61.807295,66.71196857873537,4.904673578735363,4.904673578735363
G01_R0390,G01,LOGO,holdout_G01,G01,250,3,0.001,0.8,0.3,0.0,0.0,89.969033,98.1956735323324,8.22664053233241,8.22664053233241
G01_R0391,G01,LOGO,holdout_G01,G01,250,3,0.001,0.75,0.1,0.0,0.0,43.283161,46.25319826604064,2.9700372660406344,2.9700372660406344
G01_R0392,G01,LOGO,holdout_G01,G01,250,3,0.001,0.75,0.2,0.0,0.0,62.297383,67.25029803459067,4.952915034590667,4.952915034590667
G01_R0393,G01,LOGO,holdout_G01,G01,250,3,0.001,0.75,0.3,0.0,0.0,90.847385,99.18997870540372,8.34259370540373,8.34259370540373
G01_R0394,G01,LOGO,holdout_G01,G01,250,3,0.001,0.7,0.1,0.0,0.0,43.562529000000005,46.52267655153281,2.960147551532806,2.960147551532806
G01_R0395,G01,LOGO,holdout_G01,G01,250,3,0.001,0.7,0.2,0.0,0.0,62.83021,67.83664082246956,5.006430822469561,5.006430822469561
G01_R0396,G01,LOGO,holdout_G01,G01,250,3,0.001,0.7,0.3,0.0,0.0,91.810409,100.26467695263696,8.45426795263694,8.45426795263694
G01_R0397,G01,LOGO,holdout_G01,G01,250,3,0.0001,0.85,0.1,0.0,0.0,52.855422,56.496908917006,3.641486917005999,3.641486917005999
G01_R0398,G01,LOGO,holdout_G01,G01,250,3,0.0001,0.85,0.2,0.0,0.0,81.968112,88.09995404168859,6.131842041688586,6.131842041688586
G01_R0399,G01,LOGO,holdout_G01,G01,250,3,0.0001,0.85,0.3,0.0,0.0,127.518488,138.13808739709123,10.61959939709125,10.61959939709125
G01_R0400,G01,LOGO,holdout_G01,G01,250,3,0.0001,0.8,0.1,0.0,0.0,53.035829,56.656069385071326,3.620240385071327,3.620240385071327
G01_R0401,G01,LOGO,holdout_G01,G01,250,3,0.0001,0.8,0.2,0.0,0.0,82.447225,88.51849012434914,6.071265124349139,6.071265124349139
G01_R0402,G01,LOGO,holdout_G01,G01,250,3,0.0001,0.8,0.3,0.0,0.0,128.466116,139.05806969975413,10.591953699754129,10.591953699754129
G01_R0403,G01,LOGO,holdout_G01,G01,250,3,0.0001,0.75,0.1,0.0,0.0,53.233077,56.88014916536335,3.647072165363348,3.647072165363348
G01_R0404,G01,LOGO,holdout_G01,G01,250,3,0.0001,0.75,0.2,0.0,0.0,82.984148,89.09411251546173,6.109964515461726,6.109964515461726
G01_R0405,G01,LOGO,holdout_G01,G01,250,3,0.0001,0.75,0.3,0.0,0.0,129.55350399999998,140.20945552334214,10.655951523342168,10.655951523342168
G01_R0406,G01,LOGO,holdout_G01,G01,250,3,0.0001,0.7,0.1,0.0,0.0,53.45014,57.07567771490116,3.625537714901164,3.625537714901164
G01_R0407,G01,LOGO,holdout_G01,G01,250,3,0.0001,0.7,0.2,0.0,0.0,83.593851,89.68837239432688,6.094521394326876,6.094521394326876
G01_R0408,G01,LOGO,holdout_G01,G01,250,3,0.0001,0.7,0.3,0.0,0.0,130.790618,141.45869189776002,10.668073897760024,10.668073897760024
G01_R0409,G01,LOGO,holdout_G01,G01,250,3,1e-05,0.85,0.1,0.0,0.0,78.210807,82.49820911256306,4.287402112563058,4.287402112563058
G01_R0410,G01,LOGO,holdout_G01,G01,250,3,1e-05,0.85,0.2,0.0,0.0,163.221307,170.41094257840592,7.189635578405927,7.189635578405927
G01_R0411,G01,LOGO,holdout_G01,G01,250,3,1e-05,0.85,0.3,0.0,0.0,298.47407000000004,310.6993487839023,12.22527878390224,12.22527878390224
G01_R0412,G01,LOGO,holdout_G01,G01,250,3,1e-05,0.8,0.1,0.0,0.0,78.59012,82.82547594093955,4.235355940939556,4.235355940939556
G01_R0413,G01,LOGO,holdout_G01,G01,250,3,1e-05,0.8,0.2,0.0,0.0,164.430372,171.630157373808,7.199785373807998,7.199785373807998
G01_R0414,G01,LOGO,holdout_G01,G01,250,3,1e-05,0.8,0.3,0.0,0.0,300.96289,313.19379898221,12.230908982209996,12.230908982209996
G01_R0415,G01,LOGO,holdout_G01,G01,250,3,1e-05,0.75,0.1,0.0,0.0,79.02236500000001,83.27085482382373,4.248489823823718,4.248489823823718
G01_R0416,G01,LOGO,holdout_G01,G01,250,3,1e-05,0.75,0.2,0.0,0.0,165.82935,173.06138792702453,7.232037927024521,7.232037927024521
G01_R0417,G01,LOGO,holdout_G01,G01,250,3,1e-05,0.75,0.3,0.0,0.0,303.8516,316.1713677160234,12.319767716023364,12.319767716023364
G01_R0418,G01,LOGO,holdout_G01,G01,250,3,1e-05,0.7,0.1,0.0,0.0,79.52053,83.79240332837954,4.271873328379542,4.271873328379542
G01_R0419,G01,LOGO,holdout_G01,G01,250,3,1e-05,0.7,0.2,0.0,0.0,167.45822,174.75273579621933,7.294515796219315,7.294515796219315
G01_R0420,G01,LOGO,holdout_G01,G01,250,3,1e-05,0.7,0.3,0.0,0.0,307.23018,319.5516989819527,12.321518981952693,12.321518981952693
G01_R0421,G01,LOGO,holdout_G01,G01,250,3,1e-06,0.85,0.1,0.0,0.0,261.61889,266.8117125946308,5.1928225946307975,5.1928225946307975
G01_R0422,G01,LOGO,holdout_G01,G01,250,3,1e-06,0.85,0.2,0.0,0.0,833.21969,841.8479985883328,8.628308588332743,8.628308588332743
G01_R0423,G01,LOGO,holdout_G01,G01,250,3,1e-06,0.85,0.3,0.0,0.0,1770.34543,1783.400198704993,13.054768704992966,13.054768704992966
G01_R0424,G01,LOGO,holdout_G01,G01,250,3,1e-06,0.8,0.1,0.0,0.0,262.89861,268.1211684231112,5.222558423111138,5.222558423111138
G01_R0425,G01,LOGO,holdout_G01,G01,250,3,1e-06,0.8,0.2,0.0,0.0,837.24933,845.8561347230468,8.606804723046821,8.606804723046821
G01_R0426,G01,LOGO,holdout_G01,G01,250,3,1e-06,0.8,0.3,0.0,0.0,1778.34497,1791.2993973690538,12.954427369053748,12.954427369053748
G01_R0427,G01,LOGO,holdout_G01,G01,250,3,1e-06,0.75,0.1,0.0,0.0,264.44832,269.74385401391925,5.295534013919223,5.295534013919223
G01_R0428,G01,LOGO,holdout_G01,G01,250,3,1e-06,0.75,0.2,0.0,0.0,841.9489500000001,850.6849950759762,8.736045075976108,8.736045075976108
G01_R0429,G01,LOGO,holdout_G01,G01,250,3,1e-06,0.75,0.3,0.0,0.0,1787.64447,1800.8115799675936,13.16710996759366,13.16710996759366
G01_R0430,G01,LOGO,holdout_G01,G01,250,3,1e-06,0.7,0.1,0.0,0.0,266.26800000000003,271.6506575239155,5.382657523915498,5.382657523915498
G01_R0431,G01,LOGO,holdout_G01,G01,250,3,1e-06,0.7,0.2,0.0,0.0,847.4685400000001,856.209392874147,8.74085287414698,8.74085287414698
G01_R0432,G01,LOGO,holdout_G01,G01,250,3,1e-06,0.7,0.3,0.0,0.0,1798.64394,1811.773102687068,13.129162687068174,13.129162687068174
G01_R0433,G01,LOGO,holdout_G01,G01,250,6,0.001,0.85,0.1,0.0,0.0,42.780836,45.72834870879945,2.947512708799451,2.947512708799451
G01_R0434,G01,LOGO,holdout_G01,G01,250,6,0.001,0.85,0.2,0.0,0.0,61.354972,66.21331801491756,4.858346014917565,4.858346014917565
G01_R0435,G01,LOGO,holdout_G01,G01,250,6,0.001,0.85,0.3,0.0,0.0,89.164385,97.30303223210804,8.138647232108056,8.138647232108056
G01_R0436,G01,LOGO,holdout_G01,G01,250,6,0.001,0.8,0.1,0.0,0.0,43.02359,45.944582324079896,2.920992324079897,2.920992324079897
G01_R0437,G01,LOGO,holdout_G01,G01,250,6,0.001,0.8,0.2,0.0,0.0,61.807295,66.71096612528,4.903671125279992,4.903671125279992
G01_R0438,G01,LOGO,holdout_G01,G01,250,6,0.001,0.8,0.3,0.0,0.0,89.969033,98.19764167041576,8.228608670415753,8.228608670415753
G01_R0439,G01,LOGO,holdout_G01,G01,250,6,0.001,0.75,0.1,0.0,0.0,43.283161,46.25171299311354,2.968551993113543,2.968551993113543
G01_R0440,G01,LOGO,holdout_G01,G01,250,6,0.001,0.75,0.2,0.0,0.0,62.297383,67.24900763324244,4.951624633242439,4.951624633242439
G01_R0441,G01,LOGO,holdout_G01,G01,250,6,0.001,0.75,0.3,0.0,0.0,90.847385,99.19036935561208,8.342984355612089,8.342984355612089
G01_R0442,G01,LOGO,holdout_G01,G01,250,6,0.001,0.7,0.1,0.0,0.0,43.562529000000005,46.52482824506404,2.962299245064038,2.962299245064038
G01_R0443,G01,LOGO,holdout_G01,G01,250,6,0.001,0.7,0.2,0.0,0.0,62.83021,67.83630981184454,5.006099811844543,5.006099811844543
G01_R0444,G01,LOGO,holdout_G01,G01,250,6,0.001,0.7,0.3,0.0,0.0,91.810409,100.26496093826194,8.454551938261929,8.454551938261929
G01_R0445,G01,LOGO,holdout_G01,G01,250,6,0.0001,0.85,0.1,0.0,0.0,52.855422,56.496196312006006,3.640774312006009,3.640774312006009
G01_R0446,G01,LOGO,holdout_G01,G01,250,6,0.0001,0.85,0.2,0.0,0.0,81.968112,88.09975637364693,6.131644373646921,6.131644373646921
G01_R0447,G01,LOGO,holdout_G01,G01,250,6,0.0001,0.85,0.3,0.0,0.0,127.518488,138.1403990815705,10.621911081570502,10.621911081570502
G01_R0448,G01,LOGO,holdout_G01,G01,250,6,0.0001,0.8,0.1,0.0,0.0,53.035829,56.655114870071344,3.619285870071344,3.619285870071344
G01_R0449,G01,LOGO,holdout_G01,G01,250,6,0.0001,0.8,0.2,0.0,0.0,82.447225,88.51658524616163,6.069360246161622,6.069360246161622
G01_R0450,G01,LOGO,holdout_G01,G01,250,6,0.0001,0.8,0.3,0.0,0.0,128.466116,139.05823839223336,10.592122392233364,10.592122392233364
G01_R0451,G01,LOGO,holdout_G01,G01,250,6,0.0001,0.75,0.1,0.0,0.0,53.233077,56.87904619840503,3.645969198405026,3.645969198405026
G01_R0452,G01,LOGO,holdout_G01,G01,250,6,0.0001,0.75,0.2,0.0,0.0,82.984148,89.09182382619089,6.107675826190885,6.107675826190885
G01_R0453,G01,LOGO,holdout_G01,G01,250,6,0.0001,0.75,0.3,0.0,0.0,129.55350399999998,140.20954138655046,10.65603738655048,10.65603738655048
G01_R0454,G01,LOGO,holdout_G01,G01,250,6,0.0001,0.7,0.1,0.0,0.0,53.45014,57.07490789544281,3.6247678954428153,3.6247678954428153
G01_R0455,G01,LOGO,holdout_G01,G01,250,6,0.0001,0.7,0.2,0.0,0.0,83.593851,89.68662365474351,6.092772654743513,6.092772654743513
G01_R0456,G01,LOGO,holdout_G01,G01,250,6,0.0001,0.7,0.3,0.0,0.0,130.790618,141.46099043713505,10.670372437135056,10.670372437135056
G01_R0457,G01,LOGO,holdout_G01,G01,250,6,1e-05,0.85,0.1,0.0,0.0,78.210807,82.4967298660214,4.285922866021394,4.285922866021394
G01_R0458,G01,LOGO,holdout_G01,G01,250,6,1e-05,0.85,0.2,0.0,0.0,163.221307,170.41061483007252,7.189307830072522,7.189307830072522
G01_R0459,G01,LOGO,holdout_G01,G01,250,6,1e-05,0.85,0.3,0.0,0.0,298.47407000000004,310.6977564122357,12.22368641223568,12.22368641223568
G01_R0460,G01,LOGO,holdout_G01,G01,250,6,1e-05,0.8,0.1,0.0,0.0,78.59012,82.82300610906454,4.2328861090645375,4.2328861090645375
G01_R0461,G01,LOGO,holdout_G01,G01,250,6,1e-05,0.8,0.2,0.0,0.0,164.430372,171.63098803005795,7.200616030057944,7.200616030057944
G01_R0462,G01,LOGO,holdout_G01,G01,250,6,1e-05,0.8,0.3,0.0,0.0,300.96289,313.19600698762684,12.233116987626827,12.233116987626827
G01_R0463,G01,LOGO,holdout_G01,G01,250,6,1e-05,0.75,0.1,0.0,0.0,79.02236500000001,83.26974414294871,4.247379142948702,4.247379142948702
G01_R0464,G01,LOGO,holdout_G01,G01,250,6,1e-05,0.75,0.2,0.0,0.0,165.82935,173.06066197285784,7.2313119728578386,7.2313119728578386
G01_R0465,G01,LOGO,holdout_G01,G01,250,6,1e-05,0.75,0.3,0.0,0.0,303.8516,316.1719223314401,12.320322331440082,12.320322331440082
G01_R0466,G01,LOGO,holdout_G01,G01,250,6,1e-05,0.7,0.1,0.0,0.0,79.52053,83.7926618377129,4.272131837712905,4.272131837712905
G01_R0467,G01,LOGO,holdout_G01,G01,250,6,1e-05,0.7,0.2,0.0,0.0,167.45822,174.75472836246934,7.296508362469325,7.296508362469325
G01_R0468,G01,LOGO,holdout_G01,G01,250,6,1e-05,0.7,0.3,0.0,0.0,307.23018,319.55557404653604,12.32539404653602,12.32539404653602
G01_R0469,G01,LOGO,holdout_G01,G01,250,6,1e-06,0.85,0.1,0.0,0.0,261.61889,266.8140531232975,5.195163123297505,5.195163123297505
G01_R0470,G01,LOGO,holdout_G01,G01,250,6,1e-06,0.85,0.2,0.0,0.0,833.21969,841.8447766135411,8.625086613541043,8.625086613541043
G01_R0471,G01,LOGO,holdout_G01,G01,250,6,1e-06,0.85,0.3,0.0,0.0,1770.34543,1783.3996660366602,13.054236036660086,13.054236036660086
G01_R0472,G01,LOGO,holdout_G01,G01,250,6,1e-06,0.8,0.1,0.0,0.0,262.89861,268.12050084054874,5.221890840548724,5.221890840548724
G01_R0473,G01,LOGO,holdout_G01,G01,250,6,1e-06,0.8,0.2,0.0,0.0,837.24933,845.8535267230471,8.604196723047153,8.604196723047153
G01_R0474,G01,LOGO,holdout_G01,G01,250,6,1e-06,0.8,0.3,0.0,0.0,1778.34497,1791.2970141242631,12.95204412426324,12.95204412426324
G01_R0475,G01,LOGO,holdout_G01,G01,250,6,1e-06,0.75,0.1,0.0,0.0,264.44832,269.7462241311068,5.2979041311068045,5.2979041311068045
G01_R0476,G01,LOGO,holdout_G01,G01,250,6,1e-06,0.75,0.2,0.0,0.0,841.9489500000001,850.6871273884759,8.738177388475833,8.738177388475833
G01_R0477,G01,LOGO,holdout_G01,G01,250,6,1e-06,0.75,0.3,0.0,0.0,1787.64447,1800.812371096761,13.167901096760716,13.167901096760716
G01_R0478,G01,LOGO,holdout_G01,G01,250,6,1e-06,0.7,0.1,0.0,0.0,266.26800000000003,271.6516401477696,5.383640147769597,5.383640147769597
G01_R0479,G01,LOGO,holdout_G01,G01,250,6,1e-06,0.7,0.2,0.0,0.0,847.4685400000001,856.2069317841472,8.738391784147097,8.738391784147097
G01_R0480,G01,LOGO,holdout_G01,G01,250,6,1e-06,0.7,0.3,0.0,0.0,1798.64394,1811.7680367718888,13.1240967718893,13.1240967718893
G01_R0481,G01,LOGO,holdout_G01,G01,250,20,0.001,0.85,0.1,0.0,0.0,42.780836,45.73021929990061,2.94938329990061,2.94938329990061
G01_R0482,G01,LOGO,holdout_G01,G01,250,20,0.001,0.85,0.2,0.0,0.0,61.354972,66.21418425529255,4.8592122552925545,4.8592122552925545
G01_R0483,G01,LOGO,holdout_G01,G01,250,20,0.001,0.85,0.3,0.0,0.0,89.164385,97.30331782783227,8.138932827832278,8.138932827832278
G01_R0484,G01,LOGO,holdout_G01,G01,250,20,0.001,0.8,0.1,0.0,0.0,43.02359,45.946436986181055,2.9228469861810566,2.9228469861810566
G01_R0485,G01,LOGO,holdout_G01,G01,250,20,0.001,0.8,0.2,0.0,0.0,61.807295,66.71114134533956,4.903846345339552,4.903846345339552
G01_R0486,G01,LOGO,holdout_G01,G01,250,20,0.001,0.8,0.3,0.0,0.0,89.969033,98.19818569180266,8.229152691802668,8.229152691802668
G01_R0487,G01,LOGO,holdout_G01,G01,250,20,0.001,0.75,0.1,0.0,0.0,43.283161,46.25127023518796,2.96810923518796,2.96810923518796
G01_R0488,G01,LOGO,holdout_G01,G01,250,20,0.001,0.75,0.2,0.0,0.0,62.297383,67.24812545574542,4.95074245574542,4.95074245574542
G01_R0489,G01,LOGO,holdout_G01,G01,250,20,0.001,0.75,0.3,0.0,0.0,90.847385,99.19130430465378,8.343919304653781,8.343919304653781
G01_R0490,G01,LOGO,holdout_G01,G01,250,20,0.001,0.7,0.1,0.0,0.0,43.562529000000005,46.52536791429319,2.9628389142931866,2.9628389142931866
G01_R0491,G01,LOGO,holdout_G01,G01,250,20,0.001,0.7,0.2,0.0,0.0,62.83021,67.83582396554694,5.005613965546935,5.005613965546935
G01_R0492,G01,LOGO,holdout_G01,G01,250,20,0.001,0.7,0.3,0.0,0.0,91.810409,100.26562020393456,8.455211203934539,8.455211203934539
G01_R0493,G01,LOGO,holdout_G01,G01,250,20,0.0001,0.85,0.1,0.0,0.0,52.855422,56.49582240797622,3.640400407976223,3.640400407976223
G01_R0494,G01,LOGO,holdout_G01,G01,250,20,0.0001,0.85,0.2,0.0,0.0,81.968112,88.10222667578233,6.134114675782328,6.134114675782328
G01_R0495,G01,LOGO,holdout_G01,G01,250,20,0.0001,0.85,0.3,0.0,0.0,127.518488,138.1378512121151,10.61936321211509,10.61936321211509
G01_R0496,G01,LOGO,holdout_G01,G01,250,20,0.0001,0.8,0.1,0.0,0.0,53.035829,56.65603627145823,3.620207271458227,3.620207271458227
G01_R0497,G01,LOGO,holdout_G01,G01,250,20,0.0001,0.8,0.2,0.0,0.0,82.447225,88.52028587500541,6.07306087500541,6.07306087500541
G01_R0498,G01,LOGO,holdout_G01,G01,250,20,0.0001,0.8,0.3,0.0,0.0,128.466116,139.04991101466194,10.583795014661945,10.583795014661945
G01_R0499,G01,LOGO,holdout_G01,G01,250,20,0.0001,0.75,0.1,0.0,0.0,53.233077,56.87980317853001,3.6467261785300096,3.6467261785300096
G01_R0500,G01,LOGO,holdout_G01,G01,250,20,0.0001,0.75,0.2,0.0,0.0,82.984148,89.09312469689925,6.108976696899248,6.108976696899248
G01_R0501,G01,LOGO,holdout_G01,G01,250,20,0.0001,0.75,0.3,0.0,0.0,129.55350399999998,140.20402782292538,10.650523822925408,10.650523822925408
G01_R0502,G01,LOGO,holdout_G01,G01,250,20,0.0001,0.7,0.1,0.0,0.0,53.45014,57.075376154880296,3.625236154880298,3.625236154880298
G01_R0503,G01,LOGO,holdout_G01,G01,250,20,0.0001,0.7,0.2,0.0,0.0,83.593851,89.68718991868693,6.093338918686925,6.093338918686925
G01_R0504,G01,LOGO,holdout_G01,G01,250,20,0.0001,0.7,0.3,0.0,0.0,130.790618,141.46461008839697,10.673992088396972,10.673992088396972
G01_R0505,G01,LOGO,holdout_G01,G01,250,20,1e-05,0.85,0.1,0.0,0.0,78.210807,82.4953601890214,4.284553189021395,4.284553189021395
G01_R0506,G01,LOGO,holdout_G01,G01,250,20,1e-05,0.85,0.2,0.0,0.0,163.221307,170.41311460977488,7.191807609774884,7.191807609774884
G01_R0507,G01,LOGO,holdout_G01,G01,250,20,1e-05,0.85,0.3,0.0,0.0,298.47407000000004,310.6955212535751,12.221451253575085,12.221451253575085
G01_R0508,G01,LOGO,holdout_G01,G01,250,20,1e-05,0.8,0.1,0.0,0.0,78.59012,82.81998671639786,4.229866716397865,4.229866716397865
G01_R0509,G01,LOGO,holdout_G01,G01,250,20,1e-05,0.8,0.2,0.0,0.0,164.430372,171.63467531185862,7.2043033118586095,7.2043033118586095
G01_R0510,G01,LOGO,holdout_G01,G01,250,20,1e-05,0.8,0.3,0.0,0.0,300.96289,313.19665565846026,12.233765658460245,12.233765658460245
G01_R0511,G01,LOGO,holdout_G01,G01,250,20,1e-05,0.75,0.1,0.0,0.0,79.02236500000001,83.2682374538073,4.245872453807294,4.245872453807294
G01_R0512,G01,LOGO,holdout_G01,G01,250,20,1e-05,0.75,0.2,0.0,0.0,165.82935,173.06437894785785,7.235028947857842,7.235028947857842
G01_R0513,G01,LOGO,holdout_G01,G01,250,20,1e-05,0.75,0.3,0.0,0.0,303.8516,316.1777324551901,12.326132455190134,12.326132455190134
G01_R0514,G01,LOGO,holdout_G01,G01,250,20,1e-05,0.7,0.1,0.0,0.0,79.52053,83.7929197464748,4.272389746474801,4.272389746474801
G01_R0515,G01,LOGO,holdout_G01,G01,250,20,1e-05,0.7,0.2,0.0,0.0,167.45822,174.7503869115169,7.292166911516887,7.292166911516887
G01_R0516,G01,LOGO,holdout_G01,G01,250,20,1e-05,0.7,0.3,0.0,0.0,307.23018,319.5674462040955,12.3372662040955,12.3372662040955
G01_R0517,G01,LOGO,holdout_G01,G01,250,20,1e-06,0.85,0.1,0.0,0.0,261.61889,266.81469135181544,5.195801351815419,5.195801351815419
G01_R0518,G01,LOGO,holdout_G01,G01,250,20,1e-06,0.85,0.2,0.0,0.0,833.21969,841.8561550189131,8.6364650189131,8.6364650189131
G01_R0519,G01,LOGO,holdout_G01,G01,250,20,1e-06,0.85,0.3,0.0,0.0,1770.34543,1783.4046171153063,13.059187115306258,13.059187115306258
G01_R0520,G01,LOGO,holdout_G01,G01,250,20,1e-06,0.8,0.1,0.0,0.0,262.89861,268.12720045133347,5.228590451333446,5.228590451333446
G01_R0521,G01,LOGO,holdout_G01,G01,250,20,1e-06,0.8,0.2,0.0,0.0,837.24933,845.8692795836423,8.619949583642324,8.619949583642324
G01_R0522,G01,LOGO,holdout_G01,G01,250,20,1e-06,0.8,0.3,0.0,0.0,1778.34497,1791.302895379472,12.957925379471815,12.957925379471815
G01_R0523,G01,LOGO,holdout_G01,G01,250,20,1e-06,0.75,0.1,0.0,0.0,264.44832,269.74262267116933,5.294302671169305,5.294302671169305
G01_R0524,G01,LOGO,holdout_G01,G01,250,20,1e-06,0.75,0.2,0.0,0.0,841.9489500000001,850.6763973093091,8.727447309309014,8.727447309309014
G01_R0525,G01,LOGO,holdout_G01,G01,250,20,1e-06,0.75,0.3,0.0,0.0,1787.64447,1800.8295569970278,13.185086997027838,13.185086997027838
G01_R0526,G01,LOGO,holdout_G01,G01,250,20,1e-06,0.7,0.1,0.0,0.0,266.26800000000003,271.65221889334265,5.38421889334262,5.38421889334262
G01_R0527,G01,LOGO,holdout_G01,G01,250,20,1e-06,0.7,0.2,0.0,0.0,847.4685400000001,856.2041149737008,8.73557497370075,8.73557497370075
G01_R0528,G01,LOGO,holdout_G01,G01,250,20,1e-06,0.7,0.3,0.0,0.0,1798.64394,1811.780447503957,13.136507503957093,13.136507503957093
G01_R0529,G01,LOGO,holdout_G01,G01,250,50,0.001,0.85,0.1,0.0,0.0,42.780836,45.73198426123397,2.951148261233968,2.951148261233968
G01_R0530,G01,LOGO,holdout_G01,G01,250,50,0.001,0.85,0.2,0.0,0.0,61.354972,66.21514971342648,4.860177713426488,4.860177713426488
G01_R0531,G01,LOGO,holdout_G01,G01,250,50,0.001,0.85,0.3,0.0,0.0,89.164385,97.30328918179062,8.138904181790622,8.138904181790622
G01_R0532,G01,LOGO,holdout_G01,G01,250,50,0.001,0.8,0.1,0.0,0.0,43.02359,45.948582727660224,2.924992727660225,2.924992727660225
G01_R0533,G01,LOGO,holdout_G01,G01,250,50,0.001,0.8,0.2,0.0,0.0,61.807295,66.71204193947025,4.90474693947025,4.90474693947025
G01_R0534,G01,LOGO,holdout_G01,G01,250,50,0.001,0.8,0.3,0.0,0.0,89.969033,98.19826996305268,8.229236963052685,8.229236963052685
G01_R0535,G01,LOGO,holdout_G01,G01,250,50,0.001,0.75,0.1,0.0,0.0,43.283161,46.25404439683378,2.970883396833777,2.970883396833777
G01_R0536,G01,LOGO,holdout_G01,G01,250,50,0.001,0.75,0.2,0.0,0.0,62.297383,67.24948216008913,4.952099160089126,4.952099160089126
G01_R0537,G01,LOGO,holdout_G01,G01,250,50,0.001,0.75,0.3,0.0,0.0,90.847385,99.1909890010913,8.343604001091293,8.343604001091293
G01_R0538,G01,LOGO,holdout_G01,G01,250,50,0.001,0.7,0.1,0.0,0.0,43.562529000000005,46.52683756545987,2.9643085654598664,2.9643085654598664
G01_R0539,G01,LOGO,holdout_G01,G01,250,50,0.001,0.7,0.2,0.0,0.0,62.83021,67.83679357779701,5.006583577797009,5.006583577797009
G01_R0540,G01,LOGO,holdout_G01,G01,250,50,0.001,0.7,0.3,0.0,0.0,91.810409,100.26509463237204,8.454685632372048,8.454685632372048
G01_R0541,G01,LOGO,holdout_G01,G01,250,50,0.0001,0.85,0.1,0.0,0.0,52.855422,56.496062043517874,3.6406400435178767,3.6406400435178767
G01_R0542,G01,LOGO,holdout_G01,G01,250,50,0.0001,0.85,0.2,0.0,0.0,81.968112,88.1023707021633,6.134258702163294,6.134258702163294
G01_R0543,G01,LOGO,holdout_G01,G01,250,50,0.0001,0.85,0.3,0.0,0.0,127.518488,138.14161186292762,10.623123862927612,10.623123862927612
G01_R0544,G01,LOGO,holdout_G01,G01,250,50,0.0001,0.8,0.1,0.0,0.0,53.035829,56.65660378741654,3.620774787416544,3.620774787416544
G01_R0545,G01,LOGO,holdout_G01,G01,250,50,0.0001,0.8,0.2,0.0,0.0,82.447225,88.52459341824648,6.077368418246479,6.077368418246479
G01_R0546,G01,LOGO,holdout_G01,G01,250,50,0.0001,0.8,0.3,0.0,0.0,128.466116,139.0473063044119,10.581190304411903,10.581190304411903
G01_R0547,G01,LOGO,holdout_G01,G01,250,50,0.0001,0.75,0.1,0.0,0.0,53.233077,56.88103564721752,3.6479586472175134,3.6479586472175134
G01_R0548,G01,LOGO,holdout_G01,G01,250,50,0.0001,0.75,0.2,0.0,0.0,82.984148,89.0981574465659,6.114009446565902,6.114009446565902
G01_R0549,G01,LOGO,holdout_G01,G01,250,50,0.0001,0.75,0.3,0.0,0.0,129.55350399999998,140.2004572070296,10.646953207029611,10.646953207029611
G01_R0550,G01,LOGO,holdout_G01,G01,250,50,0.0001,0.7,0.1,0.0,0.0,53.45014,57.07554181419281,3.625401814192813,3.625401814192813
G01_R0551,G01,LOGO,holdout_G01,G01,250,50,0.0001,0.7,0.2,0.0,0.0,83.593851,89.68380873306192,6.089957733061922,6.089957733061922
G01_R0552,G01,LOGO,holdout_G01,G01,250,50,0.0001,0.7,0.3,0.0,0.0,130.790618,141.46817228595944,10.677554285959443,10.677554285959443
G01_R0553,G01,LOGO,holdout_G01,G01,250,50,1e-05,0.85,0.1,0.0,0.0,78.21180700000001,82.49697205631306,4.285165056313048,4.285165056313048
G01_R0554,G01,LOGO,holdout_G01,G01,250,50,1e-05,0.85,0.2,0.0,0.0,163.221307,170.41492404281064,7.193617042810644,7.193617042810644
G01_R0555,G01,LOGO,holdout_G01,G01,250,50,1e-05,0.85,0.3,0.0,0.0,298.47407000000004,310.69750260982505,12.22343260982501,12.22343260982501
G01_R0556,G01,LOGO,holdout_G01,G01,250,50,1e-05,0.8,0.1,0.0,0.0,78.59112,82.82131922171038,4.230199221710379,4.230199221710379
G01_R0557,G01,LOGO,holdout_G01,G01,250,50,1e-05,0.8,0.2,0.0,0.0,164.440372,171.63434937019198,7.193977370191988,7.193977370191988
G01_R0558,G01,LOGO,holdout_G01,G01,250,50,1e-05,0.8,0.3,0.0,0.0,300.96289,313.2016373147101,12.23874731471011,12.23874731471011
G01_R0559,G01,LOGO,holdout_G01,G01,250,50,1e-05,0.75,0.1,0.0,0.0,79.023365,83.26834264828648,4.244977648286479,4.244977648286479
G01_R0560,G01,LOGO,holdout_G01,G01,250,50,1e-05,0.75,0.2,0.0,0.0,165.82935,173.06809446452448,7.238744464524473,7.238744464524473
G01_R0561,G01,LOGO,holdout_G01,G01,250,50,1e-05,0.75,0.3,0.0,0.0,303.8516,316.1775356926901,12.32593569269011,12.32593569269011
G01_R0562,G01,LOGO,holdout_G01,G01,250,50,1e-05,0.7,0.1,0.0,0.0,79.52353,83.78953899264147,4.266008992641474,4.266008992641474
G01_R0563,G01,LOGO,holdout_G01,G01,250,50,1e-05,0.7,0.2,0.0,0.0,167.46822,174.7493520127669,7.281132012766903,7.281132012766903
G01_R0564,G01,LOGO,holdout_G01,G01,250,50,1e-05,0.7,0.3,0.0,0.0,307.23018,319.57175692951216,12.341576929512144,12.341576929512144
G01_R0565,G01,LOGO,holdout_G01,G01,250,50,1e-06,0.85,0.1,0.0,0.0,261.61889,266.815595646982,5.196705646981968,5.196705646981968
G01_R0566,G01,LOGO,holdout_G01,G01,250,50,1e-06,0.85,0.2,0.0,0.0,833.21969,841.8481624027227,8.62847240272265,8.62847240272265
G01_R0567,G01,LOGO,holdout_G01,G01,250,50,1e-06,0.85,0.3,0.0,0.0,1770.34543,1783.4030734722996,13.05764347229956,13.05764347229956
G01_R0568,G01,LOGO,holdout_G01,G01,250,50,1e-06,0.8,0.1,0.0,0.0,262.89861,268.1272004513334,5.228590451333389,5.228590451333389
G01_R0569,G01,LOGO,holdout_G01,G01,250,50,1e-06,0.8,0.2,0.0,0.0,837.24933,845.86133072766,8.61200072765996,8.61200072765996
G01_R0570,G01,LOGO,holdout_G01,G01,250,50,1e-06,0.8,0.3,0.0,0.0,1778.34497,1791.3055111118813,12.960541111881184,12.960541111881184
G01_R0571,G01,LOGO,holdout_G01,G01,250,50,1e-06,0.75,0.1,0.0,0.0,264.44832,269.74268252979414,5.294362529794114,5.294362529794114
G01_R0572,G01,LOGO,holdout_G01,G01,250,50,1e-06,0.75,0.2,0.0,0.0,841.9489500000001,850.6721699382081,8.72321993820799,8.72321993820799
G01_R0573,G01,LOGO,holdout_G01,G01,250,50,1e-06,0.75,0.3,0.0,0.0,1787.64447,1800.8203755547363,13.175905554736346,13.175905554736346
G01_R0574,G01,LOGO,holdout_G01,G01,250,50,1e-06,0.7,0.1,0.0,0.0,266.26800000000003,271.652749947926,5.384749947925968,5.384749947925968
G01_R0575,G01,LOGO,holdout_G01,G01,250,50,1e-06,0.7,0.2,0.0,0.0,847.4685400000001,856.1980212838494,8.729481283849282,8.729481283849282
G01_R0576,G01,LOGO,holdout_G01,G01,250,50,1e-06,0.7,0.3,0.0,0.0,1798.64394,1811.757532757499,13.113592757498964,13.113592757498964
G01_R0577,G01,LOGO,holdout_G01,G01,500,3,0.001,0.85,0.1,0.0,0.0,101.954271,111.56569537131016,9.611424371310164,9.611424371310164
G01_R0578,G01,LOGO,holdout_G01,G01,500,3,0.001,0.85,0.2,0.0,0.0,149.806504,164.65499065484994,14.84848665484995,14.84848665484995
G01_R0579,G01,LOGO,holdout_G01,G01,500,3,0.001,0.85,0.3,0.0,0.0,221.47407,244.5463577968246,23.072287796824583,23.072287796824583
G01_R0580,G01,LOGO,holdout_G01,G01,500,3,0.001,0.8,0.1,0.0,0.0,102.649913,112.18155537476156,9.53164237476156,9.53164237476156
G01_R0581,G01,LOGO,holdout_G01,G01,500,3,0.001,0.8,0.2,0.0,0.0,151.151389,166.13840530532048,14.98701630532048,14.98701630532048
G01_R0582,G01,LOGO,holdout_G01,G01,500,3,0.001,0.8,0.3,0.0,0.0,223.91763,247.24262743852697,23.324997438526964,23.324997438526964
G01_R0583,G01,LOGO,holdout_G01,G01,500,3,0.001,0.75,0.1,0.0,0.0,103.405226,113.08199053722404,9.676764537224033,9.676764537224033
G01_R0584,G01,LOGO,holdout_G01,G01,500,3,0.001,0.75,0.2,0.0,0.0,152.61586599999998,167.77831037988926,15.16244437988928,15.16244437988928
G01_R0585,G01,LOGO,holdout_G01,G01,500,3,0.001,0.75,0.3,0.0,0.0,226.59066,250.23718415388245,23.64652415388244,23.64652415388244
G01_R0586,G01,LOGO,holdout_G01,G01,500,3,0.001,0.7,0.1,0.0,0.0,104.200144,113.81939058032668,9.619246580326674,9.619246580326674
G01_R0587,G01,LOGO,holdout_G01,G01,500,3,0.001,0.7,0.2,0.0,0.0,154.209856,169.51348250463369,15.303626504633684,15.303626504633684
G01_R0588,G01,LOGO,holdout_G01,G01,500,3,0.001,0.7,0.3,0.0,0.0,229.54306,253.5450876187898,24.00202761878981,24.00202761878981
G01_R0589,G01,LOGO,holdout_G01,G01,500,3,0.0001,0.85,0.1,0.0,0.0,125.07088,136.47372341206258,11.40284341206258,11.40284341206258
G01_R0590,G01,LOGO,holdout_G01,G01,500,3,0.0001,0.85,0.2,0.0,0.0,198.28871,216.847557224398,18.558847224397965,18.558847224397965
G01_R0591,G01,LOGO,holdout_G01,G01,500,3,0.0001,0.85,0.3,0.0,0.0,311.60931,342.8846071715967,31.27529717159672,31.27529717159672
G01_R0592,G01,LOGO,holdout_G01,G01,500,3,0.0001,0.8,0.1,0.0,0.0,125.65806,136.99929570250708,11.341235702507078,11.341235702507078
G01_R0593,G01,LOGO,holdout_G01,G01,500,3,0.0001,0.8,0.2,0.0,0.0,199.95546,218.34843534471327,18.39297534471328,18.39297534471328
G01_R0594,G01,LOGO,holdout_G01,G01,500,3,0.0001,0.8,0.3,0.0,0.0,314.99512,346.3966383921078,31.40151839210779,31.40151839210779
G01_R0595,G01,LOGO,holdout_G01,G01,500,3,0.0001,0.75,0.1,0.0,0.0,126.31497,137.7461565055846,11.431186505584591,11.431186505584591
G01_R0596,G01,LOGO,holdout_G01,G01,500,3,0.0001,0.75,0.2,0.0,0.0,201.85189,220.28378718302105,18.43189718302102,18.43189718302102
G01_R0597,G01,LOGO,holdout_G01,G01,500,3,0.0001,0.75,0.3,0.0,0.0,318.8505,350.3764298771886,31.525929877188617,31.525929877188617
G01_R0598,G01,LOGO,holdout_G01,G01,500,3,0.0001,0.7,0.1,0.0,0.0,127.04155,138.3839860402139,11.342436040213896,11.342436040213896
G01_R0599,G01,LOGO,holdout_G01,G01,500,3,0.0001,0.7,0.2,0.0,0.0,204.01795,222.40034793978344,18.3823979397834,18.3823979397834
G01_R0600,G01,LOGO,holdout_G01,G01,500,3,0.0001,0.7,0.3,0.0,0.0,323.3054,354.8955647140958,31.59016471409581,31.59016471409581
G01_R0601,G01,LOGO,holdout_G01,G01,500,3,1e-05,0.85,0.1,0.0,0.0,183.17389,196.33732790596648,13.163437905966475,13.163437905966475
G01_R0602,G01,LOGO,holdout_G01,G01,500,3,1e-05,0.85,0.2,0.0,0.0,379.74146,401.76249291580416,22.021032915804145,22.021032915804145
G01_R0603,G01,LOGO,holdout_G01,G01,500,3,1e-05,0.85,0.3,0.0,0.0,688.84847,724.8779184389205,36.02944843892044,36.02944843892044
G01_R0604,G01,LOGO,holdout_G01,G01,500,3,1e-05,0.8,0.1,0.0,0.0,184.58263,197.86100548328844,13.278375483288444,13.278375483288444
G01_R0605,G01,LOGO,holdout_G01,G01,500,3,1e-05,0.8,0.2,0.0,0.0,384.28978,406.43594224516414,22.14616224516413,22.14616224516413
G01_R0606,G01,LOGO,holdout_G01,G01,500,3,1e-05,0.8,0.3,0.0,0.0,698.26634,734.3207847944815,36.05444479448147,36.05444479448147
G01_R0607,G01,LOGO,holdout_G01,G01,500,3,1e-05,0.75,0.1,0.0,0.0,186.23125,199.54869882980637,13.317448829806352,13.317448829806352
G01_R0608,G01,LOGO,holdout_G01,G01,500,3,1e-05,0.75,0.2,0.0,0.0,389.56795,411.6780299242775,22.1100799242775,22.1100799242775
G01_R0609,G01,LOGO,holdout_G01,G01,500,3,1e-05,0.75,0.3,0.0,0.0,709.17401,745.0307134738337,35.856703473833704,35.856703473833704
G01_R0610,G01,LOGO,holdout_G01,G01,500,3,1e-05,0.7,0.1,0.0,0.0,188.18972,201.2660583091425,13.076338309142528,13.076338309142528
G01_R0611,G01,LOGO,holdout_G01,G01,500,3,1e-05,0.7,0.2,0.0,0.0,395.59593,417.3424403850952,21.746510385095178,21.746510385095178
G01_R0612,G01,LOGO,holdout_G01,G01,500,3,1e-05,0.7,0.3,0.0,0.0,721.7014300000001,757.046693106214,35.345263106213906,35.345263106213906
G01_R0613,G01,LOGO,holdout_G01,G01,500,3,1e-06,0.85,0.1,0.0,0.0,568.96424,584.288120386828,15.323880386828025,15.323880386828025
G01_R0614,G01,LOGO,holdout_G01,G01,500,3,1e-06,0.85,0.2,0.0,0.0,1775.56795,1801.4774131498723,25.90946314987241,25.90946314987241
G01_R0615,G01,LOGO,holdout_G01,G01,500,3,1e-06,0.85,0.3,0.0,0.0,3742.59955,3780.149740483686,37.55019048368604,37.55019048368604
G01_R0616,G01,LOGO,holdout_G01,G01,500,3,1e-06,0.8,0.1,0.0,0.0,573.63372,589.1982535512885,15.564533551288491,15.564533551288491
G01_R0617,G01,LOGO,holdout_G01,G01,500,3,1e-06,0.8,0.2,0.0,0.0,1790.26728,1816.180874682017,25.913594682016992,25.913594682016992
G01_R0618,G01,LOGO,holdout_G01,G01,500,3,1e-06,0.8,0.3,0.0,0.0,3772.29867,3809.473159119714,37.17448911971405,37.17448911971405
G01_R0619,G01,LOGO,holdout_G01,G01,500,3,1e-06,0.75,0.1,0.0,0.0,579.11316,595.0847013484157,15.971541348415712,15.971541348415712
G01_R0620,G01,LOGO,holdout_G01,G01,500,3,1e-06,0.75,0.2,0.0,0.0,1807.36656,1833.5061665051755,26.13960650517538,26.13960650517538
G01_R0621,G01,LOGO,holdout_G01,G01,500,3,1e-06,0.75,0.3,0.0,0.0,3807.09773,3844.014696707256,36.91696670725605,36.91696670725605
G01_R0622,G01,LOGO,holdout_G01,G01,500,3,1e-06,0.7,0.1,0.0,0.0,585.63257,601.2214054533252,15.58883545332526,15.58883545332526
G01_R0623,G01,LOGO,holdout_G01,G01,500,3,1e-06,0.7,0.2,0.0,0.0,1827.56578,1852.0141188891805,24.448338889180377,24.448338889180377
G01_R0624,G01,LOGO,holdout_G01,G01,500,3,1e-06,0.7,0.3,0.0,0.0,3847.79671,3882.435839567229,34.63912956722925,34.63912956722925
G01_R0625,G01,LOGO,holdout_G01,G01,500,6,0.001,0.85,0.1,0.0,0.0,101.954271,111.56298014391432,9.608709143914323,9.608709143914323
G01_R0626,G01,LOGO,holdout_G01,G01,500,6,0.001,0.85,0.2,0.0,0.0,149.806504,164.65474420605827,14.84824020605828,14.84824020605828
G01_R0627,G01,LOGO,holdout_G01,G01,500,6,0.001,0.85,0.3,0.0,0.0,221.47407,244.54870918682457,23.074639186824555,23.074639186824555
G01_R0628,G01,LOGO,holdout_G01,G01,500,6,0.001,0.8,0.1,0.0,0.0,102.649913,112.17801821655324,9.528105216553245,9.528105216553245
G01_R0629,G01,LOGO,holdout_G01,G01,500,6,0.001,0.8,0.2,0.0,0.0,151.151389,166.13833751944549,14.986948519445493,14.986948519445493
G01_R0630,G01,LOGO,holdout_G01,G01,500,6,0.001,0.8,0.3,0.0,0.0,223.91763,247.23811519477695,23.32048519477698,23.32048519477698
G01_R0631,G01,LOGO,holdout_G01,G01,500,6,0.001,0.75,0.1,0.0,0.0,103.405226,113.072825088731,9.66759908873101,9.66759908873101
G01_R0632,G01,LOGO,holdout_G01,G01,500,6,0.001,0.75,0.2,0.0,0.0,152.61586599999998,167.77630312447266,15.16043712447268,15.16043712447268
G01_R0633,G01,LOGO,holdout_G01,G01,500,6,0.001,0.75,0.3,0.0,0.0,226.59066,250.23104460691815,23.64038460691816,23.64038460691816
G01_R0634,G01,LOGO,holdout_G01,G01,500,6,0.001,0.7,0.1,0.0,0.0,104.200144,113.81489782709752,9.61475382709753,9.61475382709753
G01_R0635,G01,LOGO,holdout_G01,G01,500,6,0.001,0.7,0.2,0.0,0.0,154.209856,169.51115046313365,15.301294463133644,15.301294463133644
G01_R0636,G01,LOGO,holdout_G01,G01,500,6,0.001,0.7,0.3,0.0,0.0,229.54306,253.54979879727208,24.00673879727208,24.00673879727208
G01_R0637,G01,LOGO,holdout_G01,G01,500,6,0.0001,0.85,0.1,0.0,0.0,125.07088,136.47669230606266,11.405812306062655,11.405812306062655
G01_R0638,G01,LOGO,holdout_G01,G01,500,6,0.0001,0.85,0.2,0.0,0.0,198.28871,216.8320876529694,18.543377652969383,18.543377652969383
G01_R0639,G01,LOGO,holdout_G01,G01,500,6,0.0001,0.85,0.3,0.0,0.0,311.60931,342.8728334092159,31.263523409215907,31.263523409215907
G01_R0640,G01,LOGO,holdout_G01,G01,500,6,0.0001,0.8,0.1,0.0,0.0,125.65806,136.99983008917383,11.34177008917382,11.34177008917382
G01_R0641,G01,LOGO,holdout_G01,G01,500,6,0.0001,0.8,0.2,0.0,0.0,199.95546,218.34616350245133,18.390703502451345,18.390703502451345
G01_R0642,G01,LOGO,holdout_G01,G01,500,6,0.0001,0.8,0.3,0.0,0.0,314.99512,346.3975412129411,31.40242121294113,31.40242121294113
G01_R0643,G01,LOGO,holdout_G01,G01,500,6,0.0001,0.75,0.1,0.0,0.0,126.31497,137.7426875108525,11.427717510852505,11.427717510852505
G01_R0644,G01,LOGO,holdout_G01,G01,500,6,0.0001,0.75,0.2,0.0,0.0,201.85189,220.28573924010428,18.43384924010428,18.43384924010428
G01_R0645,G01,LOGO,holdout_G01,G01,500,6,0.0001,0.75,0.3,0.0,0.0,318.8505,350.36970391843874,31.51920391843873,31.51920391843873
G01_R0646,G01,LOGO,holdout_G01,G01,500,6,0.0001,0.7,0.1,0.0,0.0,127.04155,138.3826862975651,11.3411362975651,11.3411362975651
G01_R0647,G01,LOGO,holdout_G01,G01,500,6,0.0001,0.7,0.2,0.0,0.0,204.01795,222.3975117995751,18.3795617995751,18.3795617995751
G01_R0648,G01,LOGO,holdout_G01,G01,500,6,0.0001,0.7,0.3,0.0,0.0,323.3054,354.8913684982624,31.58596849826239,31.58596849826239
G01_R0649,G01,LOGO,holdout_G01,G01,500,6,1e-05,0.85,0.1,0.0,0.0,183.17389,196.3370217878713,13.163131787871263,13.163131787871263
G01_R0650,G01,LOGO,holdout_G01,G01,500,6,1e-05,0.85,0.2,0.0,0.0,379.74146,401.7470770060124,22.00561700601241,22.00561700601241
G01_R0651,G01,LOGO,holdout_G01,G01,500,6,1e-05,0.85,0.3,0.0,0.0,688.84847,724.8787363364203,36.030266336420254,36.030266336420254
G01_R0652,G01,LOGO,holdout_G01,G01,500,6,1e-05,0.8,0.1,0.0,0.0,184.58263,197.8698996459967,13.287269645996702,13.287269645996702
G01_R0653,G01,LOGO,holdout_G01,G01,500,6,1e-05,0.8,0.2,0.0,0.0,384.28978,406.4382018516819,22.14842185168192,22.14842185168192
G01_R0654,G01,LOGO,holdout_G01,G01,500,6,1e-05,0.8,0.3,0.0,0.0,698.26634,734.3446534146306,36.07831341463054,36.07831341463054
G01_R0655,G01,LOGO,holdout_G01,G01,500,6,1e-05,0.75,0.1,0.0,0.0,186.23125,199.55107993501468,13.319829935014695,13.319829935014695
G01_R0656,G01,LOGO,holdout_G01,G01,500,6,1e-05,0.75,0.2,0.0,0.0,389.56795,411.6752220724026,22.107272072402623,22.107272072402623
G01_R0657,G01,LOGO,holdout_G01,G01,500,6,1e-05,0.75,0.3,0.0,0.0,709.17401,745.0483667928515,35.874356792851586,35.874356792851586
G01_R0658,G01,LOGO,holdout_G01,G01,500,6,1e-05,0.7,0.1,0.0,0.0,188.18972,201.266841347208,13.077121347207992,13.077121347207992
G01_R0659,G01,LOGO,holdout_G01,G01,500,6,1e-05,0.7,0.2,0.0,0.0,395.59593,417.3361542028037,21.74022420280363,21.74022420280363
G01_R0660,G01,LOGO,holdout_G01,G01,500,6,1e-05,0.7,0.3,0.0,0.0,721.7014300000001,757.0606769810653,35.35924698106521,35.35924698106521
G01_R0661,G01,LOGO,holdout_G01,G01,500,6,1e-06,0.85,0.1,0.0,0.0,568.96424,584.2913239394322,15.327083939432214,15.327083939432214
G01_R0662,G01,LOGO,holdout_G01,G01,500,6,1e-06,0.85,0.2,0.0,0.0,1775.56795,1801.4868446807056,25.91889468070576,25.91889468070576
G01_R0663,G01,LOGO,holdout_G01,G01,500,6,1e-06,0.85,0.3,0.0,0.0,3742.59955,3780.149720907734,37.5501709077339,37.5501709077339
G01_R0664,G01,LOGO,holdout_G01,G01,500,6,1e-06,0.8,0.1,0.0,0.0,573.63372,589.19675291236,15.563032912359972,15.563032912359972
G01_R0665,G01,LOGO,holdout_G01,G01,500,6,1e-06,0.8,0.2,0.0,0.0,1790.26728,1816.1770807905584,25.90980079055862,25.90980079055862
G01_R0666,G01,LOGO,holdout_G01,G01,500,6,1e-06,0.8,0.3,0.0,0.0,3772.29867,3809.452165501379,37.15349550137898,37.15349550137898
G01_R0667,G01,LOGO,holdout_G01,G01,500,6,1e-06,0.75,0.1,0.0,0.0,579.11316,595.0944145771955,15.9812545771955,15.9812545771955
G01_R0668,G01,LOGO,holdout_G01,G01,500,6,1e-06,0.75,0.2,0.0,0.0,1807.36656,1833.5168918614256,26.15033186142591,26.15033186142591
G01_R0669,G01,LOGO,holdout_G01,G01,500,6,1e-06,0.75,0.3,0.0,0.0,3807.09773,3844.027906932255,36.93017693225465,36.93017693225465
G01_R0670,G01,LOGO,holdout_G01,G01,500,6,1e-06,0.7,0.1,0.0,0.0,585.63257,601.2282501690992,15.595680169099182,15.595680169099182
G01_R0671,G01,LOGO,holdout_G01,G01,500,6,1e-06,0.7,0.2,0.0,0.0,1827.56578,1852.031232237929,24.46545223792941,24.46545223792941
G01_R0672,G01,LOGO,holdout_G01,G01,500,6,1e-06,0.7,0.3,0.0,0.0,3847.79671,3882.4809649911863,34.68425499118666,34.68425499118666
G01_R0673,G01,LOGO,holdout_G01,G01,500,20,0.001,0.85,0.1,0.0,0.0,101.954271,111.55673870217176,9.602467702171763,9.602467702171763
G01_R0674,G01,LOGO,holdout_G01,G01,500,20,0.001,0.85,0.2,0.0,0.0,149.806504,164.65471825477695,14.848214254776964,14.848214254776964
G01_R0675,G01,LOGO,holdout_G01,G01,500,20,0.001,0.85,0.3,0.0,0.0,221.47407,244.54023709977093,23.06616709977092,23.06616709977092
G01_R0676,G01,LOGO,holdout_G01,G01,500,20,0.001,0.8,0.1,0.0,0.0,102.649913,112.171371731269,9.521458731269009,9.521458731269009
G01_R0677,G01,LOGO,holdout_G01,G01,500,20,0.001,0.8,0.2,0.0,0.0,151.151389,166.13803968967758,14.986650689677589,14.986650689677589
G01_R0678,G01,LOGO,holdout_G01,G01,500,20,0.001,0.8,0.3,0.0,0.0,223.91763,247.2539884831401,23.33635848314006,23.33635848314006
G01_R0679,G01,LOGO,holdout_G01,G01,500,20,0.001,0.75,0.1,0.0,0.0,103.405226,113.07173906751076,9.66651306751075,9.66651306751075
G01_R0680,G01,LOGO,holdout_G01,G01,500,20,0.001,0.75,0.2,0.0,0.0,152.61586599999998,167.77623808349654,15.160372083496554,15.160372083496554
G01_R0681,G01,LOGO,holdout_G01,G01,500,20,0.001,0.75,0.3,0.0,0.0,226.59066,250.228764447305,23.638104447304983,23.638104447304983
G01_R0682,G01,LOGO,holdout_G01,G01,500,20,0.001,0.7,0.1,0.0,0.0,104.200144,113.81060435652898,9.61046035652899,9.61046035652899
G01_R0683,G01,LOGO,holdout_G01,G01,500,20,0.001,0.7,0.2,0.0,0.0,154.209856,169.51257212515296,15.302716125152957,15.302716125152957
G01_R0684,G01,LOGO,holdout_G01,G01,500,20,0.001,0.7,0.3,0.0,0.0,229.54306,253.5436497713941,24.00058977139409,24.00058977139409
G01_R0685,G01,LOGO,holdout_G01,G01,500,20,0.0001,0.85,0.1,0.0,0.0,125.07088,136.47909859420858,11.408218594208575,11.408218594208575
G01_R0686,G01,LOGO,holdout_G01,G01,500,20,0.0001,0.85,0.2,0.0,0.0,198.28871,216.82919500201692,18.540485002016936,18.540485002016936
G01_R0687,G01,LOGO,holdout_G01,G01,500,20,0.0001,0.85,0.3,0.0,0.0,311.60931,342.8731935215075,31.263883521507523,31.263883521507523
G01_R0688,G01,LOGO,holdout_G01,G01,500,20,0.0001,0.8,0.1,0.0,0.0,125.65806,137.00454134586133,11.34648134586132,11.34648134586132
G01_R0689,G01,LOGO,holdout_G01,G01,500,20,0.0001,0.8,0.2,0.0,0.0,199.95546,218.34437606565032,18.38891606565033,18.38891606565033
G01_R0690,G01,LOGO,holdout_G01,G01,500,20,0.0001,0.8,0.3,0.0,0.0,314.99512,346.41304481853643,31.41792481853645,31.41792481853645
G01_R0691,G01,LOGO,holdout_G01,G01,500,20,0.0001,0.75,0.1,0.0,0.0,126.31497,137.74364741881377,11.428677418813765,11.428677418813765
G01_R0692,G01,LOGO,holdout_G01,G01,500,20,0.0001,0.75,0.2,0.0,0.0,201.85189,220.27908295206845,18.42719295206845,18.42719295206845
G01_R0693,G01,LOGO,holdout_G01,G01,500,20,0.0001,0.75,0.3,0.0,0.0,318.8505,350.3779334177245,31.527433417724467,31.527433417724467
G01_R0694,G01,LOGO,holdout_G01,G01,500,20,0.0001,0.7,0.1,0.0,0.0,127.04155,138.38285246031802,11.34130246031802,11.34130246031802
G01_R0695,G01,LOGO,holdout_G01,G01,500,20,0.0001,0.7,0.2,0.0,0.0,204.01795,222.38459238844408,18.366642388444063,18.366642388444063
G01_R0696,G01,LOGO,holdout_G01,G01,500,20,0.0001,0.7,0.3,0.0,0.0,323.3054,354.88699451909565,31.58159451909563,31.58159451909563
G01_R0697,G01,LOGO,holdout_G01,G01,500,20,1e-05,0.85,0.1,0.0,0.0,183.17389,196.33628434853705,13.162394348537047,13.162394348537047
G01_R0698,G01,LOGO,holdout_G01,G01,500,20,1e-05,0.85,0.2,0.0,0.0,379.74146,401.74477259108687,22.003312591086853,22.003312591086853
G01_R0699,G01,LOGO,holdout_G01,G01,500,20,1e-05,0.85,0.3,0.0,0.0,688.84847,724.8884524064202,36.03998240642022,36.03998240642022
G01_R0700,G01,LOGO,holdout_G01,G01,500,20,1e-05,0.8,0.1,0.0,0.0,184.58263,197.86799959468684,13.28536959468684,13.28536959468684
G01_R0701,G01,LOGO,holdout_G01,G01,500,20,1e-05,0.8,0.2,0.0,0.0,384.28978,406.4358816094792,22.14610160947916,22.14610160947916
G01_R0702,G01,LOGO,holdout_G01,G01,500,20,1e-05,0.8,0.3,0.0,0.0,698.26634,734.3418916794227,36.07555167942269,36.07555167942269
G01_R0703,G01,LOGO,holdout_G01,G01,500,20,1e-05,0.75,0.1,0.0,0.0,186.23125,199.5591004015625,13.3278504015625,13.3278504015625
G01_R0704,G01,LOGO,holdout_G01,G01,500,20,1e-05,0.75,0.2,0.0,0.0,389.56795,411.6735300076997,22.105580007699643,22.105580007699643
G01_R0705,G01,LOGO,holdout_G01,G01,500,20,1e-05,0.75,0.3,0.0,0.0,709.17401,745.0619202070184,35.88791020701842,35.88791020701842
G01_R0706,G01,LOGO,holdout_G01,G01,500,20,1e-05,0.7,0.1,0.0,0.0,188.18972,201.27938070116636,13.089660701166338,13.089660701166338
G01_R0707,G01,LOGO,holdout_G01,G01,500,20,1e-05,0.7,0.2,0.0,0.0,395.59593,417.31296407713376,21.717034077133743,21.717034077133743
G01_R0708,G01,LOGO,holdout_G01,G01,500,20,1e-05,0.7,0.3,0.0,0.0,721.7014300000001,757.080626034369,35.379196034368874,35.379196034368874
G01_R0709,G01,LOGO,holdout_G01,G01,500,20,1e-06,0.85,0.1,0.0,0.0,568.96424,584.2880757541203,15.323835754120296,15.323835754120296
G01_R0710,G01,LOGO,holdout_G01,G01,500,20,1e-06,0.85,0.2,0.0,0.0,1775.56795,1801.4652368799916,25.89728687999127,25.89728687999127
G01_R0711,G01,LOGO,holdout_G01,G01,500,20,1e-06,0.85,0.3,0.0,0.0,3742.59954,3780.1187846013954,37.51924460139526,37.51924460139526
G01_R0712,G01,LOGO,holdout_G01,G01,500,20,1e-06,0.8,0.1,0.0,0.0,573.63372,589.2027029031345,15.568982903134495,15.568982903134495
G01_R0713,G01,LOGO,holdout_G01,G01,500,20,1e-06,0.8,0.2,0.0,0.0,1790.26728,1816.158923741153,25.891643741153302,25.891643741153302
G01_R0714,G01,LOGO,holdout_G01,G01,500,20,1e-06,0.8,0.3,0.0,0.0,3772.39867,3809.4079008241474,37.00923082414738,37.00923082414738
G01_R0715,G01,LOGO,holdout_G01,G01,500,20,1e-06,0.75,0.1,0.0,0.0,579.11316,595.0885781457957,15.975418145795745,15.975418145795745
G01_R0716,G01,LOGO,holdout_G01,G01,500,20,1e-06,0.75,0.2,0.0,0.0,1807.36656,1833.505510577795,26.13895057779473,26.13895057779473
G01_R0717,G01,LOGO,holdout_G01,G01,500,20,1e-06,0.75,0.3,0.0,0.0,3807.09773,3844.0475376559457,36.94980765594573,36.94980765594573
G01_R0718,G01,LOGO,holdout_G01,G01,500,20,1e-06,0.7,0.1,0.0,0.0,585.63257,601.2059382955874,15.573368295587445,15.573368295587445
G01_R0719,G01,LOGO,holdout_G01,G01,500,20,1e-06,0.7,0.2,0.0,0.0,1827.56578,1852.0139192341796,24.448139234179507,24.448139234179507
G01_R0720,G01,LOGO,holdout_G01,G01,500,20,1e-06,0.7,0.3,0.0,0.0,3847.79671,3882.485512353552,34.68880235355209,34.68880235355209
G01_R0721,G01,LOGO,holdout_G01,G01,500,50,0.001,0.85,0.1,0.0,0.0,101.954271,111.55538750765092,9.601116507650914,9.601116507650914
G01_R0722,G01,LOGO,holdout_G01,G01,500,50,0.001,0.85,0.2,0.0,0.0,149.806503,164.6554349416193,14.848931941619298,14.848931941619298
G01_R0723,G01,LOGO,holdout_G01,G01,500,50,0.001,0.85,0.3,0.0,0.0,221.47407,244.53634379747928,23.062273797479264,23.062273797479264
G01_R0724,G01,LOGO,holdout_G01,G01,500,50,0.001,0.8,0.1,0.0,0.0,102.659913,112.17041708848927,9.51050408848927,9.51050408848927
G01_R0725,G01,LOGO,holdout_G01,G01,500,50,0.001,0.8,0.2,0.0,0.0,151.151388,166.13874664470433,14.98735864470433,14.98735864470433
G01_R0726,G01,LOGO,holdout_G01,G01,500,50,0.001,0.8,0.3,0.0,0.0,223.91763,247.2554703083484,23.337840308348376,23.337840308348376
G01_R0727,G01,LOGO,holdout_G01,G01,500,50,0.001,0.75,0.1,0.0,0.0,103.405226,113.07904253558512,9.673816535585118,9.673816535585118
G01_R0728,G01,LOGO,holdout_G01,G01,500,50,0.001,0.75,0.2,0.0,0.0,152.615865,167.77479912269789,15.158934122697872,15.158934122697872
G01_R0729,G01,LOGO,holdout_G01,G01,500,50,0.001,0.75,0.3,0.0,0.0,226.59066,250.2308377245966,23.640177724596583,23.640177724596583
G01_R0730,G01,LOGO,holdout_G01,G01,500,50,0.001,0.7,0.1,0.0,0.0,104.200144,113.81586985957064,9.61572585957066,9.61572585957066
G01_R0731,G01,LOGO,holdout_G01,G01,500,50,0.001,0.7,0.2,0.0,0.0,154.209855,169.5111561830696,15.301301183069596,15.301301183069596
G01_R0732,G01,LOGO,holdout_G01,G01,500,50,0.001,0.7,0.3,0.0,0.0,229.54306,253.5405488474355,23.997488847435505,23.997488847435505
G01_R0733,G01,LOGO,holdout_G01,G01,500,50,0.0001,0.85,0.1,0.0,0.0,125.080879,136.4784953979586,11.3976163979586,11.3976163979586
G01_R0734,G01,LOGO,holdout_G01,G01,500,50,0.0001,0.85,0.2,0.0,0.0,198.29871,216.8333026786837,18.53459267868371,18.53459267868371
G01_R0735,G01,LOGO,holdout_G01,G01,500,50,0.0001,0.85,0.3,0.0,0.0,311.62931,342.8682917590073,31.238981759007345,31.238981759007345
G01_R0736,G01,LOGO,holdout_G01,G01,500,50,0.0001,0.8,0.1,0.0,0.0,125.66806,137.003247860653,11.335187860653008,11.335187860653008
G01_R0737,G01,LOGO,holdout_G01,G01,500,50,0.0001,0.8,0.2,0.0,0.0,199.97546,218.34091611606712,18.36545611606712,18.36545611606712
G01_R0738,G01,LOGO,holdout_G01,G01,500,50,0.0001,0.8,0.3,0.0,0.0,315.00512000000003,346.41541904243525,31.410299042435213,31.410299042435213
G01_R0739,G01,LOGO,holdout_G01,G01,500,50,0.0001,0.75,0.1,0.0,0.0,126.32497,137.7486708586054,11.423700858605416,11.423700858605416
G01_R0740,G01,LOGO,holdout_G01,G01,500,50,0.0001,0.75,0.2,0.0,0.0,201.87189,220.27414634290184,18.40225634290184,18.40225634290184
G01_R0741,G01,LOGO,holdout_G01,G01,500,50,0.0001,0.75,0.3,0.0,0.0,318.8705,350.37077244334944,31.500272443349445,31.500272443349445
G01_R0742,G01,LOGO,holdout_G01,G01,500,50,0.0001,0.7,0.1,0.0,0.0,127.06155,138.38660866135967,11.325058661359677,11.325058661359677
G01_R0743,G01,LOGO,holdout_G01,G01,500,50,0.0001,0.7,0.2,0.0,0.0,204.03795,222.3802905699023,18.34234056990229,18.34234056990229
G01_R0744,G01,LOGO,holdout_G01,G01,500,50,0.0001,0.7,0.3,0.0,0.0,323.31539000000004,354.88631808409576,31.570928084095726,31.570928084095726
G01_R0745,G01,LOGO,holdout_G01,G01,500,50,1e-05,0.85,0.1,0.0,0.0,183.19389,196.3467363456205,13.152846345620503,13.152846345620503
G01_R0746,G01,LOGO,holdout_G01,G01,500,50,1e-05,0.85,0.2,0.0,0.0,379.78146,401.73686315358697,21.955403153586985,21.955403153586985
G01_R0747,G01,LOGO,holdout_G01,G01,500,50,1e-05,0.85,0.3,0.0,0.0,688.90847,724.8955342003791,35.98706420037911,35.98706420037911
G01_R0748,G01,LOGO,holdout_G01,G01,500,50,1e-05,0.8,0.1,0.0,0.0,184.61263,197.8667564148952,13.254126414895213,13.254126414895213
G01_R0749,G01,LOGO,holdout_G01,G01,500,50,1e-05,0.8,0.2,0.0,0.0,384.34978,406.4484189369791,22.098638936979118,22.098638936979118
G01_R0750,G01,LOGO,holdout_G01,G01,500,50,1e-05,0.8,0.3,0.0,0.0,698.34634,734.3360001448393,35.98966014483926,35.98966014483926
G01_R0751,G01,LOGO,holdout_G01,G01,500,50,1e-05,0.75,0.1,0.0,0.0,186.27125,199.56572172885416,13.294471728854148,13.294471728854148
G01_R0752,G01,LOGO,holdout_G01,G01,500,50,1e-05,0.75,0.2,0.0,0.0,389.65795,411.6702602747831,22.012310274783037,22.012310274783037
G01_R0753,G01,LOGO,holdout_G01,G01,500,50,1e-05,0.75,0.3,0.0,0.0,709.29401,745.0606926278517,35.766682627851765,35.766682627851765
G01_R0754,G01,LOGO,holdout_G01,G01,500,50,1e-05,0.7,0.1,0.0,0.0,188.19972,201.28198828324963,13.082268283249618,13.082268283249618
G01_R0755,G01,LOGO,holdout_G01,G01,500,50,1e-05,0.7,0.2,0.0,0.0,395.70593,417.3088357771339,21.602905777133856,21.602905777133856
G01_R0756,G01,LOGO,holdout_G01,G01,500,50,1e-05,0.7,0.3,0.0,0.0,721.8414300000001,757.0823884352019,35.24095843520183,35.24095843520183
G01_R0757,G01,LOGO,holdout_G01,G01,500,50,1e-06,0.85,0.1,0.0,0.0,568.96424,584.2819095809957,15.317669580995698,15.317669580995698
G01_R0758,G01,LOGO,holdout_G01,G01,500,50,1e-06,0.85,0.2,0.0,0.0,1775.56795,1801.4597469862415,25.891796986241616,25.891796986241616
G01_R0759,G01,LOGO,holdout_G01,G01,500,50,1e-06,0.85,0.3,0.0,0.0,3742.59954,3780.105258800145,37.50571880014468,37.50571880014468
G01_R0760,G01,LOGO,holdout_G01,G01,500,50,1e-06,0.8,0.1,0.0,0.0,573.63372,589.1914758685512,15.557755868551112,15.557755868551112
G01_R0761,G01,LOGO,holdout_G01,G01,500,50,1e-06,0.8,0.2,0.0,0.0,1790.26728,1816.175942127612,25.908662127611933,25.908662127611933
G01_R0762,G01,LOGO,holdout_G01,G01,500,50,1e-06,0.8,0.3,0.0,0.0,3772.39867,3809.4105075374814,37.01183753748228,37.01183753748228
G01_R0763,G01,LOGO,holdout_G01,G01,500,50,1e-06,0.75,0.1,0.0,0.0,579.1231600000001,595.0866811004981,15.963521100498042,15.963521100498042
G01_R0764,G01,LOGO,holdout_G01,G01,500,50,1e-06,0.75,0.2,0.0,0.0,1807.36656,1833.4686128215444,26.10205282154448,26.10205282154448
G01_R0765,G01,LOGO,holdout_G01,G01,500,50,1e-06,0.75,0.3,0.0,0.0,3807.09773,3844.028213461988,36.93048346198839,36.93048346198839
G01_R0766,G01,LOGO,holdout_G01,G01,500,50,1e-06,0.7,0.1,0.0,0.0,585.63257,601.2218601716291,15.58929017162916,15.58929017162916
G01_R0767,G01,LOGO,holdout_G01,G01,500,50,1e-06,0.7,0.2,0.0,0.0,1827.56578,1851.9796165595965,24.413836559596348,24.413836559596348
G01_R0768,G01,LOGO,holdout_G01,G01,500,50,1e-06,0.7,0.3,0.0,0.0,3847.89671,3882.502650226055,34.60594022605483,34.60594022605483
G02_R0001,G02,LOGO,holdout_G02,G02,25,3,0.001,0.85,0.1,0.1,4.0,3.6471533,3.63938988789474,-0.0077634121052603,0.0077634121052603
G02_R0002,G02,LOGO,holdout_G02,G02,25,3,0.001,0.85,0.2,0.1,4.0,5.1354064,5.124631180717509,-0.0107752192824905,0.0107752192824905
G02_R0003,G02,LOGO,holdout_G02,G02,25,3,0.001,0.85,0.3,0.1,4.0,7.3574994,7.340319425691202,-0.0171799743087976,0.0171799743087976
G02_R0004,G02,LOGO,holdout_G02,G02,25,3,0.001,0.8,0.1,0.1,4.0,3.6594416,3.64898310015302,-0.0104584998469801,0.0104584998469801
G02_R0005,G02,LOGO,holdout_G02,G02,25,3,0.001,0.8,0.2,0.1,4.0,5.159096,5.142955253725836,-0.0161407462741642,0.0161407462741642
G02_R0006,G02,LOGO,holdout_G02,G02,25,3,0.001,0.8,0.3,0.1,4.0,7.3960272,7.37061435156621,-0.0254128484337901,0.0254128484337901
G02_R0007,G02,LOGO,holdout_G02,G02,25,3,0.001,0.75,0.1,0.1,4.0,3.6723049,3.664430829512242,-0.007874070487758,0.007874070487758
G02_R0008,G02,LOGO,holdout_G02,G02,25,3,0.001,0.75,0.2,0.1,4.0,5.184046,5.173019191336198,-0.0110268086638027,0.0110268086638027
G02_R0009,G02,LOGO,holdout_G02,G02,25,3,0.001,0.75,0.3,0.1,4.0,7.437107800000001,7.4197800925558735,-0.0173277074441271,0.0173277074441271
G02_R0010,G02,LOGO,holdout_G02,G02,25,3,0.001,0.7,0.1,0.1,4.0,3.6858401,3.674622285399715,-0.0112178146002852,0.0112178146002852
G02_R0011,G02,LOGO,holdout_G02,G02,25,3,0.001,0.7,0.2,0.1,4.0,5.210450799999999,5.192205191679947,-0.0182456083200523,0.0182456083200523
G02_R0012,G02,LOGO,holdout_G02,G02,25,3,0.001,0.7,0.3,0.1,4.0,7.4809344,7.452711302710822,-0.0282230972891781,0.0282230972891781
G02_R0013,G02,LOGO,holdout_G02,G02,25,3,0.0001,0.85,0.1,0.1,4.0,4.5919345,4.580830385295592,-0.0111041147044081,0.0111041147044081
G02_R0014,G02,LOGO,holdout_G02,G02,25,3,0.0001,0.85,0.2,0.1,4.0,7.0055531,6.989025162238836,-0.0165279377611646,0.0165279377611646
G02_R0015,G02,LOGO,holdout_G02,G02,25,3,0.0001,0.85,0.3,0.1,4.0,10.880335,10.85125153031814,-0.0290834696818613,0.0290834696818613
G02_R0016,G02,LOGO,holdout_G02,G02,25,3,0.0001,0.8,0.1,0.1,4.0,4.601800999999999,4.58834386602055,-0.0134571339794486,0.0134571339794486
G02_R0017,G02,LOGO,holdout_G02,G02,25,3,0.0001,0.8,0.2,0.1,4.0,7.0236656,7.002935933524438,-0.020729666475562,0.020729666475562
G02_R0018,G02,LOGO,holdout_G02,G02,25,3,0.0001,0.8,0.3,0.1,4.0,10.910991,10.874626982818052,-0.0363640171819472,0.0363640171819472
G02_R0019,G02,LOGO,holdout_G02,G02,25,3,0.0001,0.75,0.1,0.1,4.0,4.6122436,4.600833996048263,-0.011409603951737,0.011409603951737
G02_R0020,G02,LOGO,holdout_G02,G02,25,3,0.0001,0.75,0.2,0.1,4.0,7.0430479,7.026840352757529,-0.0162075472424714,0.0162075472424714
G02_R0021,G02,LOGO,holdout_G02,G02,25,3,0.0001,0.75,0.3,0.1,4.0,10.945609,10.91592207892018,-0.0296869210798185,0.0296869210798185
G02_R0022,G02,LOGO,holdout_G02,G02,25,3,0.0001,0.7,0.1,0.1,4.0,4.6232581,4.608912644917294,-0.0143454550827062,0.0143454550827062
G02_R0023,G02,LOGO,holdout_G02,G02,25,3,0.0001,0.7,0.2,0.1,4.0,7.0640948,7.042181399568208,-0.0219134004317922,0.0219134004317922
G02_R0024,G02,LOGO,holdout_G02,G02,25,3,0.0001,0.7,0.3,0.1,4.0,10.982185,10.943804504975525,-0.0383804950244748,0.0383804950244748
G02_R0025,G02,LOGO,holdout_G02,G02,25,3,1e-05,0.85,0.1,0.1,4.0,6.869017,6.8569172346072005,-0.0120997653927998,0.0120997653927998
G02_R0026,G02,LOGO,holdout_G02,G02,25,3,1e-05,0.85,0.2,0.1,4.0,14.387474,14.368005245739134,-0.0194687542608651,0.0194687542608651
G02_R0027,G02,LOGO,holdout_G02,G02,25,3,1e-05,0.85,0.3,0.1,4.0,26.5055,26.46188285000388,-0.0436171499961197,0.0436171499961197
G02_R0028,G02,LOGO,holdout_G02,G02,25,3,1e-05,0.8,0.1,0.1,4.0,6.88063,6.86544729460709,-0.0151827053929096,0.0151827053929096
G02_R0029,G02,LOGO,holdout_G02,G02,25,3,1e-05,0.8,0.2,0.1,4.0,14.413358,14.387493019843197,-0.025864980156804,0.025864980156804
G02_R0030,G02,LOGO,holdout_G02,G02,25,3,1e-05,0.8,0.3,0.1,4.0,26.552348,26.497257388998428,-0.0550906110015709,0.0550906110015709
G02_R0031,G02,LOGO,holdout_G02,G02,25,3,1e-05,0.75,0.1,0.1,4.0,6.893534,6.881450919809555,-0.012083080190445,0.012083080190445
G02_R0032,G02,LOGO,holdout_G02,G02,25,3,1e-05,0.75,0.2,0.1,4.0,14.443231,14.42286135236326,-0.0203696476367394,0.0203696476367394
G02_R0033,G02,LOGO,holdout_G02,G02,25,3,1e-05,0.75,0.3,0.1,4.0,26.605182,26.56183592650778,-0.0433460734922199,0.0433460734922199
G02_R0034,G02,LOGO,holdout_G02,G02,25,3,1e-05,0.7,0.1,0.1,4.0,6.907927,6.891989361996996,-0.0159376380030042,0.0159376380030042
G02_R0035,G02,LOGO,holdout_G02,G02,25,3,1e-05,0.7,0.2,0.1,4.0,14.47609,14.446942356009044,-0.0291476439909548,0.0291476439909548
G02_R0036,G02,LOGO,holdout_G02,G02,25,3,1e-05,0.7,0.3,0.1,4.0,26.664999,26.605578570258125,-0.059420429741877,0.059420429741877
G02_R0037,G02,LOGO,holdout_G02,G02,25,3,1e-06,0.85,0.1,0.1,4.0,24.717545,24.699792507552026,-0.0177524924479755,0.0177524924479755
G02_R0038,G02,LOGO,holdout_G02,G02,25,3,1e-06,0.85,0.2,0.1,4.0,79.438593,79.41508421121945,-0.0235087887805462,0.0235087887805462
G02_R0039,G02,LOGO,holdout_G02,G02,25,3,1e-06,0.85,0.3,0.1,4.0,169.35117300000002,169.2956328018436,-0.0555401981564216,0.0555401981564216
G02_R0040,G02,LOGO,holdout_G02,G02,25,3,1e-06,0.8,0.1,0.1,4.0,24.767511,24.73793062223966,-0.0295803777603396,0.0295803777603396
G02_R0041,G02,LOGO,holdout_G02,G02,25,3,1e-06,0.8,0.2,0.1,4.0,79.53954900000001,79.49281936931534,-0.0467296306846662,0.0467296306846662
G02_R0042,G02,LOGO,holdout_G02,G02,25,3,1e-06,0.8,0.3,0.1,4.0,169.521119,169.42560479142742,-0.095514208572581,0.095514208572581
G02_R0043,G02,LOGO,holdout_G02,G02,25,3,1e-06,0.75,0.1,0.1,4.0,24.822475,24.80634246850017,-0.0161325314998315,0.0161325314998315
G02_R0044,G02,LOGO,holdout_G02,G02,25,3,1e-06,0.75,0.2,0.1,4.0,79.65250300000001,79.6322140379179,-0.0202889620821054,0.0202889620821054
G02_R0045,G02,LOGO,holdout_G02,G02,25,3,1e-06,0.75,0.3,0.1,4.0,169.711061,169.6550209793809,-0.0560400206190934,0.0560400206190934
G02_R0046,G02,LOGO,holdout_G02,G02,25,3,1e-06,0.7,0.1,0.1,4.0,24.882436,24.84946920922892,-0.0329667907710806,0.0329667907710806
G02_R0047,G02,LOGO,holdout_G02,G02,25,3,1e-06,0.7,0.2,0.1,4.0,79.778453,79.72328348797565,-0.0551695120243493,0.0551695120243493
G02_R0048,G02,LOGO,holdout_G02,G02,25,3,1e-06,0.7,0.3,0.1,4.0,169.920998,169.8115073805033,-0.1094906194967109,0.1094906194967109
G02_R0049,G02,LOGO,holdout_G02,G02,25,6,0.001,0.85,0.1,0.1,4.0,3.6471533,3.639376427992656,-0.0077768720073434,0.0077768720073434
G02_R0050,G02,LOGO,holdout_G02,G02,25,6,0.001,0.85,0.2,0.1,4.0,5.1354064,5.124586903342508,-0.0108194966574917,0.0108194966574917
G02_R0051,G02,LOGO,holdout_G02,G02,25,6,0.001,0.85,0.3,0.1,4.0,7.3574994,7.340427505847453,-0.0170718941525471,0.0170718941525471
G02_R0052,G02,LOGO,holdout_G02,G02,25,6,0.001,0.8,0.1,0.1,4.0,3.6594416,3.648969640250936,-0.0104719597490641,0.0104719597490641
G02_R0053,G02,LOGO,holdout_G02,G02,25,6,0.001,0.8,0.2,0.1,4.0,5.159096,5.142951426642502,-0.016144573357498,0.016144573357498
G02_R0054,G02,LOGO,holdout_G02,G02,25,6,0.001,0.8,0.3,0.1,4.0,7.3960272,7.370722431722459,-0.0253047682775404,0.0253047682775404
G02_R0055,G02,LOGO,holdout_G02,G02,25,6,0.001,0.75,0.1,0.1,4.0,3.6723049,3.6644543447872415,-0.0078505552127583,0.0078505552127583
G02_R0056,G02,LOGO,holdout_G02,G02,25,6,0.001,0.75,0.2,0.1,4.0,5.184046,5.173033120611197,-0.0110128793888035,0.0110128793888035
G02_R0057,G02,LOGO,holdout_G02,G02,25,6,0.001,0.75,0.3,0.1,4.0,7.437107800000001,7.420005499755876,-0.0171023002441241,0.0171023002441241
G02_R0058,G02,LOGO,holdout_G02,G02,25,6,0.001,0.7,0.1,0.1,4.0,3.6858401,3.6746458006747145,-0.0111942993252855,0.0111942993252855
G02_R0059,G02,LOGO,holdout_G02,G02,25,6,0.001,0.7,0.2,0.1,4.0,5.210450799999999,5.192219120954945,-0.018231679045054,0.018231679045054
G02_R0060,G02,LOGO,holdout_G02,G02,25,6,0.001,0.7,0.3,0.1,4.0,7.4809344,7.452936709910825,-0.0279976900891751,0.0279976900891751
G02_R0061,G02,LOGO,holdout_G02,G02,25,6,0.0001,0.85,0.1,0.1,4.0,4.5919345,4.580791441266426,-0.0111430587335741,0.0111430587335741
G02_R0062,G02,LOGO,holdout_G02,G02,25,6,0.0001,0.85,0.2,0.1,4.0,7.0055531,6.989076604882585,-0.0164764951174154,0.0164764951174154
G02_R0063,G02,LOGO,holdout_G02,G02,25,6,0.0001,0.85,0.3,0.1,4.0,10.880335,10.851244504526472,-0.0290904954735271,0.0290904954735271
G02_R0064,G02,LOGO,holdout_G02,G02,25,6,0.0001,0.8,0.1,0.1,4.0,4.601800999999999,4.588286840158052,-0.0135141598419474,0.0135141598419474
G02_R0065,G02,LOGO,holdout_G02,G02,25,6,0.0001,0.8,0.2,0.1,4.0,7.0236656,7.002987376168188,-0.0206782238318119,0.0206782238318119
G02_R0066,G02,LOGO,holdout_G02,G02,25,6,0.0001,0.8,0.3,0.1,4.0,10.910991,10.874619957026384,-0.0363710429736148,0.0363710429736148
G02_R0067,G02,LOGO,holdout_G02,G02,25,6,0.0001,0.75,0.1,0.1,4.0,4.6122436,4.600790079173264,-0.0114535208267358,0.0114535208267358
G02_R0068,G02,LOGO,holdout_G02,G02,25,6,0.0001,0.75,0.2,0.1,4.0,7.0430479,7.026817856955258,-0.0162300430447421,0.0162300430447421
G02_R0069,G02,LOGO,holdout_G02,G02,25,6,0.0001,0.75,0.3,0.1,4.0,10.945609,10.915898591420184,-0.0297104085798149,0.0297104085798149
G02_R0070,G02,LOGO,holdout_G02,G02,25,6,0.0001,0.7,0.1,0.1,4.0,4.6232581,4.608877348708962,-0.0143807512910383,0.0143807512910383
G02_R0071,G02,LOGO,holdout_G02,G02,25,6,0.0001,0.7,0.2,0.1,4.0,7.0640948,7.0421589037659365,-0.0219358962340638,0.0219358962340638
G02_R0072,G02,LOGO,holdout_G02,G02,25,6,0.0001,0.7,0.3,0.1,4.0,10.982185,10.943781017475528,-0.0384039825244713,0.0384039825244713
G02_R0073,G02,LOGO,holdout_G02,G02,25,6,1e-05,0.85,0.1,0.1,4.0,6.869017,6.856929227315534,-0.0120877726844668,0.0120877726844668
G02_R0074,G02,LOGO,holdout_G02,G02,25,6,1e-05,0.85,0.2,0.1,4.0,14.387474,14.36804568323913,-0.0194283167608695,0.0194283167608695
G02_R0075,G02,LOGO,holdout_G02,G02,25,6,1e-05,0.85,0.3,0.1,4.0,26.5055,26.46221069458721,-0.0432893054127916,0.0432893054127916
G02_R0076,G02,LOGO,holdout_G02,G02,25,6,1e-05,0.8,0.1,0.1,4.0,6.88063,6.865459287315424,-0.0151707126845757,0.0151707126845757
G02_R0077,G02,LOGO,holdout_G02,G02,25,6,1e-05,0.8,0.2,0.1,4.0,14.413358,14.38753345734319,-0.0258245426568102,0.0258245426568102
G02_R0078,G02,LOGO,holdout_G02,G02,25,6,1e-05,0.8,0.3,0.1,4.0,26.552348,26.49756321858176,-0.0547847814182382,0.0547847814182382
G02_R0079,G02,LOGO,holdout_G02,G02,25,6,1e-05,0.75,0.1,0.1,4.0,6.893534,6.88149290522622,-0.0120410947737799,0.0120410947737799
G02_R0080,G02,LOGO,holdout_G02,G02,25,6,1e-05,0.75,0.2,0.1,4.0,14.443231,14.422722056613267,-0.0205089433867335,0.0205089433867335
G02_R0081,G02,LOGO,holdout_G02,G02,25,6,1e-05,0.75,0.3,0.1,4.0,26.605182,26.56153849486193,-0.0436435051380641,0.0436435051380641
G02_R0082,G02,LOGO,holdout_G02,G02,25,6,1e-05,0.7,0.1,0.1,4.0,6.907927,6.892031347413661,-0.0158956525863391,0.0158956525863391
G02_R0083,G02,LOGO,holdout_G02,G02,25,6,1e-05,0.7,0.2,0.1,4.0,14.47609,14.446803060259048,-0.0292869397409507,0.0292869397409507
G02_R0084,G02,LOGO,holdout_G02,G02,25,6,1e-05,0.7,0.3,0.1,4.0,26.664999,26.60528113861228,-0.0597178613877211,0.0597178613877211
G02_R0085,G02,LOGO,holdout_G02,G02,25,6,1e-06,0.85,0.1,0.1,4.0,24.717545,24.699784013052025,-0.0177609869479766,0.0177609869479766
G02_R0086,G02,LOGO,holdout_G02,G02,25,6,1e-06,0.85,0.2,0.1,4.0,79.438593,79.41525695278192,-0.0233360472180805,0.0233360472180805
G02_R0087,G02,LOGO,holdout_G02,G02,25,6,1e-06,0.85,0.3,0.1,4.0,169.35117300000002,169.29568415177818,-0.0554888482218416,0.0554888482218416
G02_R0088,G02,LOGO,holdout_G02,G02,25,6,1e-06,0.8,0.1,0.1,4.0,24.767511,24.73792212773966,-0.0295888722603372,0.0295888722603372
G02_R0089,G02,LOGO,holdout_G02,G02,25,6,1e-06,0.8,0.2,0.1,4.0,79.53954900000001,79.49299211087784,-0.0465568891221721,0.0465568891221721
G02_R0090,G02,LOGO,holdout_G02,G02,25,6,1e-06,0.8,0.3,0.1,4.0,169.521119,169.425868575112,-0.0952504248880075,0.0952504248880075
G02_R0091,G02,LOGO,holdout_G02,G02,25,6,1e-06,0.75,0.1,0.1,4.0,24.822475,24.806654765375164,-0.0158202346248366,0.0158202346248366
G02_R0092,G02,LOGO,holdout_G02,G02,25,6,1e-06,0.75,0.2,0.1,4.0,79.65250300000001,79.63286444250124,-0.0196385574987658,0.0196385574987658
G02_R0093,G02,LOGO,holdout_G02,G02,25,6,1e-06,0.75,0.3,0.1,4.0,169.711061,169.65455986617258,-0.0565011338274246,0.0565011338274246
G02_R0094,G02,LOGO,holdout_G02,G02,25,6,1e-06,0.7,0.1,0.1,4.0,24.882436,24.84978150610392,-0.0326544938960786,0.0326544938960786
G02_R0095,G02,LOGO,holdout_G02,G02,25,6,1e-06,0.7,0.2,0.1,4.0,79.778453,79.72409133005898,-0.0543616699410165,0.0543616699410165
G02_R0096,G02,LOGO,holdout_G02,G02,25,6,1e-06,0.7,0.3,0.1,4.0,169.920998,169.81099878179492,-0.1099992182050755,0.1099992182050755
G02_R0097,G02,LOGO,holdout_G02,G02,25,20,0.001,0.85,0.1,0.1,4.0,3.6471533,3.63929552345992,-0.0078577765400802,0.0078577765400802
G02_R0098,G02,LOGO,holdout_G02,G02,25,20,0.001,0.85,0.2,0.1,4.0,5.1354064,5.124557029392508,-0.0108493706074916,0.0108493706074916
G02_R0099,G02,LOGO,holdout_G02,G02,25,20,0.001,0.85,0.3,0.1,4.0,7.3574994,7.340598500863078,-0.0169008991369219,0.0169008991369219
G02_R0100,G02,LOGO,holdout_G02,G02,25,20,0.001,0.8,0.1,0.1,4.0,3.6594416,3.6489080934473663,-0.0105335065526337,0.0105335065526337
G02_R0101,G02,LOGO,holdout_G02,G02,25,20,0.001,0.8,0.2,0.1,4.0,5.159096,5.142915339767501,-0.0161806602324992,0.0161806602324992
G02_R0102,G02,LOGO,holdout_G02,G02,25,20,0.001,0.8,0.3,0.1,4.0,7.3960272,7.370839750863086,-0.0251874491369141,0.0251874491369141
G02_R0103,G02,LOGO,holdout_G02,G02,25,20,0.001,0.75,0.1,0.1,4.0,3.6723049,3.6644521468476574,-0.0078527531523424,0.0078527531523424
G02_R0104,G02,LOGO,holdout_G02,G02,25,20,0.001,0.75,0.2,0.1,4.0,5.184046,5.173026887507624,-0.0110191124923764,0.0110191124923764
G02_R0105,G02,LOGO,holdout_G02,G02,25,20,0.001,0.75,0.3,0.1,4.0,7.437107800000001,7.420317038325525,-0.0167907616744757,0.0167907616744757
G02_R0106,G02,LOGO,holdout_G02,G02,25,20,0.001,0.7,0.1,0.1,4.0,3.6858401,3.6746436027351295,-0.0111964972648697,0.0111964972648697
G02_R0107,G02,LOGO,holdout_G02,G02,25,20,0.001,0.7,0.2,0.1,4.0,5.210450799999999,5.192223242726372,-0.0182275572736276,0.0182275572736276
G02_R0108,G02,LOGO,holdout_G02,G02,25,20,0.001,0.7,0.3,0.1,4.0,7.4809344,7.453248248480472,-0.0276861515195276,0.0276861515195276
G02_R0109,G02,LOGO,holdout_G02,G02,25,20,0.0001,0.85,0.1,0.1,4.0,4.5919345,4.5807755300396416,-0.0111589699603582,0.0111589699603582
G02_R0110,G02,LOGO,holdout_G02,G02,25,20,0.0001,0.85,0.2,0.1,4.0,7.0055531,6.989075389272468,-0.016477710727532,0.016477710727532
G02_R0111,G02,LOGO,holdout_G02,G02,25,20,0.0001,0.85,0.3,0.1,4.0,10.880335,10.851408470080042,-0.0289265299199588,0.0289265299199588
G02_R0112,G02,LOGO,holdout_G02,G02,25,20,0.0001,0.8,0.1,0.1,4.0,4.601800999999999,4.588277814681267,-0.013523185318732,0.013523185318732
G02_R0113,G02,LOGO,holdout_G02,G02,25,20,0.0001,0.8,0.2,0.1,4.0,7.0236656,7.002986160558071,-0.0206794394419294,0.0206794394419294
G02_R0114,G02,LOGO,holdout_G02,G02,25,20,0.0001,0.8,0.3,0.1,4.0,10.910991,10.874843257579952,-0.0361477424200469,0.0361477424200469
G02_R0115,G02,LOGO,holdout_G02,G02,25,20,0.0001,0.75,0.1,0.1,4.0,4.6122436,4.600713142930407,-0.0115304570695933,0.0115304570695933
G02_R0116,G02,LOGO,holdout_G02,G02,25,20,0.0001,0.75,0.2,0.1,4.0,7.0430479,7.026675367472126,-0.0163725325278747,0.0163725325278747
G02_R0117,G02,LOGO,holdout_G02,G02,25,20,0.0001,0.75,0.3,0.1,4.0,10.945609,10.91597638088448,-0.0296326191155191,0.0296326191155191
G02_R0118,G02,LOGO,holdout_G02,G02,25,20,0.0001,0.7,0.1,0.1,4.0,4.6232581,4.608800412466104,-0.0144576875338957,0.0144576875338957
G02_R0119,G02,LOGO,holdout_G02,G02,25,20,0.0001,0.7,0.2,0.1,4.0,7.0640948,7.042012373803637,-0.0220824261963636,0.0220824261963636
G02_R0120,G02,LOGO,holdout_G02,G02,25,20,0.0001,0.7,0.3,0.1,4.0,10.982185,10.943858806939824,-0.0383261930601754,0.0383261930601754
G02_R0121,G02,LOGO,holdout_G02,G02,25,20,1e-05,0.85,0.1,0.1,4.0,6.869017,6.856879697430117,-0.0121373025698829,0.0121373025698829
G02_R0122,G02,LOGO,holdout_G02,G02,25,20,1e-05,0.85,0.2,0.1,4.0,14.387474,14.367963456631983,-0.0195105433680158,0.0195105433680158
G02_R0123,G02,LOGO,holdout_G02,G02,25,20,1e-05,0.85,0.3,0.1,4.0,26.5055,26.461864083843157,-0.0436359161568482,0.0436359161568482
G02_R0124,G02,LOGO,holdout_G02,G02,25,20,1e-05,0.8,0.1,0.1,4.0,6.88063,6.865409757430008,-0.0152202425699918,0.0152202425699918
G02_R0125,G02,LOGO,holdout_G02,G02,25,20,1e-05,0.8,0.2,0.1,4.0,14.413358,14.387430695736043,-0.0259273042639573,0.0259273042639573
G02_R0126,G02,LOGO,holdout_G02,G02,25,20,1e-05,0.8,0.3,0.1,4.0,26.552348,26.49707418164722,-0.0552738183527772,0.0552738183527772
G02_R0127,G02,LOGO,holdout_G02,G02,25,20,1e-05,0.75,0.1,0.1,4.0,6.893534,6.881502587577408,-0.0120314124225915,0.0120314124225915
G02_R0128,G02,LOGO,holdout_G02,G02,25,20,1e-05,0.75,0.2,0.1,4.0,14.443231,14.422833283053748,-0.0203977169462525,0.0203977169462525
G02_R0129,G02,LOGO,holdout_G02,G02,25,20,1e-05,0.75,0.3,0.1,4.0,26.605182,26.561612375885737,-0.0435696241142622,0.0435696241142622
G02_R0130,G02,LOGO,holdout_G02,G02,25,20,1e-05,0.7,0.1,0.1,4.0,6.907927,6.892041029764851,-0.015885970235149,0.015885970235149
G02_R0131,G02,LOGO,holdout_G02,G02,25,20,1e-05,0.7,0.2,0.1,4.0,14.47609,14.446845227741196,-0.0292447722588029,0.0292447722588029
G02_R0132,G02,LOGO,holdout_G02,G02,25,20,1e-05,0.7,0.3,0.1,4.0,26.664999,26.605388042136084,-0.0596109578639172,0.0596109578639172
G02_R0133,G02,LOGO,holdout_G02,G02,25,20,1e-06,0.85,0.1,0.1,4.0,24.717545,24.70014167361452,-0.0174033263854838,0.0174033263854838
G02_R0134,G02,LOGO,holdout_G02,G02,25,20,1e-06,0.85,0.2,0.1,4.0,79.438593,79.41516410839796,-0.0234288916020375,0.0234288916020375
G02_R0135,G02,LOGO,holdout_G02,G02,25,20,1e-06,0.85,0.3,0.1,4.0,169.35117300000002,169.2940218576845,-0.0571511423155186,0.0571511423155186
G02_R0136,G02,LOGO,holdout_G02,G02,25,20,1e-06,0.8,0.1,0.1,4.0,24.767511,24.73818172705215,-0.029329272947848,0.029329272947848
G02_R0137,G02,LOGO,holdout_G02,G02,25,20,1e-06,0.8,0.2,0.1,4.0,79.53954900000001,79.49289926649388,-0.0466497335061291,0.0466497335061291
G02_R0138,G02,LOGO,holdout_G02,G02,25,20,1e-06,0.8,0.3,0.1,4.0,169.521119,169.42398759455995,-0.0971314054400238,0.0971314054400238
G02_R0139,G02,LOGO,holdout_G02,G02,25,20,1e-06,0.75,0.1,0.1,4.0,24.822475,24.80690585187516,-0.0155691481248396,0.0155691481248396
G02_R0140,G02,LOGO,holdout_G02,G02,25,20,1e-06,0.75,0.2,0.1,4.0,79.65250300000001,79.63225443648933,-0.0202485635106768,0.0202485635106768
G02_R0141,G02,LOGO,holdout_G02,G02,25,20,1e-06,0.75,0.3,0.1,4.0,169.711061,169.65560518744337,-0.0554558125566302,0.0554558125566302
G02_R0142,G02,LOGO,holdout_G02,G02,25,20,1e-06,0.7,0.1,0.1,4.0,24.882436,24.849999489166414,-0.0324365108335804,0.0324365108335804
G02_R0143,G02,LOGO,holdout_G02,G02,25,20,1e-06,0.7,0.2,0.1,4.0,79.778453,79.72348132404709,-0.0549716759529133,0.0549716759529133
G02_R0144,G02,LOGO,holdout_G02,G02,25,20,1e-06,0.7,0.3,0.1,4.0,169.920998,169.81204410306574,-0.1089538969342527,0.1089538969342527
G02_R0145,G02,LOGO,holdout_G02,G02,25,50,0.001,0.85,0.1,0.1,4.0,3.6471533,3.639331077918253,-0.0078222220817467,0.0078222220817467
G02_R0146,G02,LOGO,holdout_G02,G02,25,50,0.001,0.85,0.2,0.1,4.0,5.1354064,5.124471313635367,-0.0109350863646326,0.0109350863646326
G02_R0147,G02,LOGO,holdout_G02,G02,25,50,0.001,0.85,0.3,0.1,4.0,7.3574994,7.340716317463078,-0.0167830825369224,0.0167830825369224
G02_R0148,G02,LOGO,holdout_G02,G02,25,50,0.001,0.8,0.1,0.1,4.0,3.6594416,3.6489436479057,-0.0104979520943002,0.0104979520943002
G02_R0149,G02,LOGO,holdout_G02,G02,25,50,0.001,0.8,0.2,0.1,4.0,5.159096,5.14282962401036,-0.0162663759896402,0.0162663759896402
G02_R0150,G02,LOGO,holdout_G02,G02,25,50,0.001,0.8,0.3,0.1,4.0,7.3960272,7.371003012463084,-0.0250241875369159,0.0250241875369159
G02_R0151,G02,LOGO,holdout_G02,G02,25,50,0.001,0.75,0.1,0.1,4.0,3.6723049,3.664462224822658,-0.0078426751773417,0.0078426751773417
G02_R0152,G02,LOGO,holdout_G02,G02,25,50,0.001,0.75,0.2,0.1,4.0,5.184046,5.173134325015065,-0.0109116749849356,0.0109116749849356
G02_R0153,G02,LOGO,holdout_G02,G02,25,50,0.001,0.75,0.3,0.1,4.0,7.437107800000001,7.420361153488022,-0.0167466465119785,0.0167466465119785
G02_R0154,G02,LOGO,holdout_G02,G02,25,50,0.001,0.7,0.1,0.1,4.0,3.6858401,3.67465368071013,-0.0111864192898694,0.0111864192898694
G02_R0155,G02,LOGO,holdout_G02,G02,25,50,0.001,0.7,0.2,0.1,4.0,5.210450799999999,5.1923306802338125,-0.0181201197661868,0.0181201197661868
G02_R0156,G02,LOGO,holdout_G02,G02,25,50,0.001,0.7,0.3,0.1,4.0,7.4809344,7.45329236364297,-0.0276420363570295,0.0276420363570295
G02_R0157,G02,LOGO,holdout_G02,G02,25,50,0.0001,0.85,0.1,0.1,4.0,4.5919345,4.580757010402139,-0.0111774895978609,0.0111774895978609
G02_R0158,G02,LOGO,holdout_G02,G02,25,50,0.0001,0.85,0.2,0.1,4.0,7.0055531,6.988997142268897,-0.0165559577311036,0.0165559577311036
G02_R0159,G02,LOGO,holdout_G02,G02,25,50,0.0001,0.85,0.3,0.1,4.0,10.880335,10.851539835663372,-0.0287951643366284,0.0287951643366284
G02_R0160,G02,LOGO,holdout_G02,G02,25,50,0.0001,0.8,0.1,0.1,4.0,4.601800999999999,4.588259295043766,-0.0135417049562329,0.0135417049562329
G02_R0161,G02,LOGO,holdout_G02,G02,25,50,0.0001,0.8,0.2,0.1,4.0,7.0236656,7.002948992354499,-0.0207166076455012,0.0207166076455012
G02_R0162,G02,LOGO,holdout_G02,G02,25,50,0.0001,0.8,0.3,0.1,4.0,10.910991,10.874974623163284,-0.0360163768367147,0.0360163768367147
G02_R0163,G02,LOGO,holdout_G02,G02,25,50,0.0001,0.75,0.1,0.1,4.0,4.6122436,4.600742522130405,-0.0115010778695952,0.0115010778695952
G02_R0164,G02,LOGO,holdout_G02,G02,25,50,0.0001,0.75,0.2,0.1,4.0,7.0430479,7.026646206182536,-0.016401693817464,0.016401693817464
G02_R0165,G02,LOGO,holdout_G02,G02,25,50,0.0001,0.75,0.3,0.1,4.0,10.945609,10.916031060051148,-0.0295779399488509,0.0295779399488509
G02_R0166,G02,LOGO,holdout_G02,G02,25,50,0.0001,0.7,0.1,0.1,4.0,4.6232581,4.608829791666102,-0.0144283083338985,0.0144283083338985
G02_R0167,G02,LOGO,holdout_G02,G02,25,50,0.0001,0.7,0.2,0.1,4.0,7.0640948,7.041983212514047,-0.0221115874859529,0.0221115874859529
G02_R0168,G02,LOGO,holdout_G02,G02,25,50,0.0001,0.7,0.3,0.1,4.0,10.982185,10.943913486106492,-0.0382715138935072,0.0382715138935072
G02_R0169,G02,LOGO,holdout_G02,G02,25,50,1e-05,0.85,0.1,0.1,4.0,6.869017,6.856943997117615,-0.0120730028823849,0.0120730028823849
G02_R0170,G02,LOGO,holdout_G02,G02,25,50,1e-05,0.85,0.2,0.1,4.0,14.387474,14.367939194131983,-0.0195348058680142,0.0195348058680142
G02_R0171,G02,LOGO,holdout_G02,G02,25,50,1e-05,0.85,0.3,0.1,4.0,26.5055,26.461365968218143,-0.0441340317818585,0.0441340317818585
G02_R0172,G02,LOGO,holdout_G02,G02,25,50,1e-05,0.8,0.1,0.1,4.0,6.88063,6.865459665867506,-0.0151703341324935,0.0151703341324935
G02_R0173,G02,LOGO,holdout_G02,G02,25,50,1e-05,0.8,0.2,0.1,4.0,14.413358,14.387416700736049,-0.0259412992639536,0.0259412992639536
G02_R0174,G02,LOGO,holdout_G02,G02,25,50,1e-05,0.8,0.3,0.1,4.0,26.552348,26.49653867914721,-0.0558093208527878,0.0558093208527878
G02_R0175,G02,LOGO,holdout_G02,G02,25,50,1e-05,0.75,0.1,0.1,4.0,6.893534,6.8814799315357424,-0.0120540684642573,0.0120540684642573
G02_R0176,G02,LOGO,holdout_G02,G02,25,50,1e-05,0.75,0.2,0.1,4.0,14.443231,14.423022889553742,-0.0202081104462585,0.0202081104462585
G02_R0177,G02,LOGO,holdout_G02,G02,25,50,1e-05,0.75,0.3,0.1,4.0,26.605182,26.561779796281577,-0.043402203718422,0.043402203718422
G02_R0178,G02,LOGO,holdout_G02,G02,25,50,1e-05,0.7,0.1,0.1,4.0,6.907927,6.892033634973185,-0.0158933650268151,0.0158933650268151
G02_R0179,G02,LOGO,holdout_G02,G02,25,50,1e-05,0.7,0.2,0.1,4.0,14.47609,14.44703483424119,-0.0290551657588089,0.0290551657588089
G02_R0180,G02,LOGO,holdout_G02,G02,25,50,1e-05,0.7,0.3,0.1,4.0,26.664999,26.605638534198587,-0.059360465801415,0.059360465801415
G02_R0181,G02,LOGO,holdout_G02,G02,25,50,1e-06,0.85,0.1,0.1,4.0,24.717545,24.700245731239505,-0.017299268760496,0.017299268760496
G02_R0182,G02,LOGO,holdout_G02,G02,25,50,1e-06,0.85,0.2,0.1,4.0,79.438593,79.41541017385633,-0.0231828261436675,0.0231828261436675
G02_R0183,G02,LOGO,holdout_G02,G02,25,50,1e-06,0.85,0.3,0.1,4.0,169.35117300000002,169.2937484051219,-0.057424594878114,0.057424594878114
G02_R0184,G02,LOGO,holdout_G02,G02,25,50,1e-06,0.8,0.1,0.1,4.0,24.767511,24.738285784677142,-0.0292252153228567,0.0292252153228567
G02_R0185,G02,LOGO,holdout_G02,G02,25,50,1e-06,0.8,0.2,0.1,4.0,79.53954900000001,79.49329464695225,-0.0462543530477574,0.0462543530477574
G02_R0186,G02,LOGO,holdout_G02,G02,25,50,1e-06,0.8,0.3,0.1,4.0,169.521119,169.42371414199738,-0.0974048580026192,0.0974048580026192
G02_R0187,G02,LOGO,holdout_G02,G02,25,50,1e-06,0.75,0.1,0.1,4.0,24.822475,24.80679592337517,-0.0156790766248349,0.0156790766248349
G02_R0188,G02,LOGO,holdout_G02,G02,25,50,1e-06,0.75,0.2,0.1,4.0,79.65250300000001,79.63248496669763,-0.020018033302378,0.020018033302378
G02_R0189,G02,LOGO,holdout_G02,G02,25,50,1e-06,0.75,0.3,0.1,4.0,169.711061,169.65596549556835,-0.0550955044316481,0.0550955044316481
G02_R0190,G02,LOGO,holdout_G02,G02,25,50,1e-06,0.7,0.1,0.1,4.0,24.882436,24.84988956066642,-0.0325464393335792,0.0325464393335792
G02_R0191,G02,LOGO,holdout_G02,G02,25,50,1e-06,0.7,0.2,0.1,4.0,79.778453,79.72371185425538,-0.0547411457446145,0.0547411457446145
G02_R0192,G02,LOGO,holdout_G02,G02,25,50,1e-06,0.7,0.3,0.1,4.0,169.920998,169.81232526869073,-0.1086727313092694,0.1086727313092694
G02_R0193,G02,LOGO,holdout_G02,G02,100,3,0.001,0.85,0.1,0.1,4.0,15.825312,15.746632197366257,-0.0786798026337454,0.0786798026337454
G02_R0194,G02,LOGO,holdout_G02,G02,100,3,0.001,0.85,0.2,0.1,4.0,22.513158,22.412877367016435,-0.1002806329835657,0.1002806329835657
G02_R0195,G02,LOGO,holdout_G02,G02,100,3,0.001,0.85,0.3,0.1,4.0,32.596764,32.473440769499035,-0.123323230500965,0.123323230500965
G02_R0196,G02,LOGO,holdout_G02,G02,100,3,0.001,0.8,0.1,0.1,4.0,15.896324,15.800066796830436,-0.0962572031695625,0.0962572031695625
G02_R0197,G02,LOGO,holdout_G02,G02,100,3,0.001,0.8,0.2,0.1,4.0,22.644985,22.514084036599503,-0.1309009634004923,0.1309009634004923
G02_R0198,G02,LOGO,holdout_G02,G02,100,3,0.001,0.8,0.3,0.1,4.0,32.82747,32.64608049699964,-0.1813895030003607,0.1813895030003607
G02_R0199,G02,LOGO,holdout_G02,G02,100,3,0.001,0.75,0.1,0.1,4.0,15.97126,15.891340266071245,-0.0799197339287562,0.0799197339287562
G02_R0200,G02,LOGO,holdout_G02,G02,100,3,0.001,0.75,0.2,0.1,4.0,22.786711,22.684479003747143,-0.1022319962528541,0.1022319962528541
G02_R0201,G02,LOGO,holdout_G02,G02,100,3,0.001,0.75,0.3,0.1,4.0,33.077067,32.94927381632757,-0.1277931836724306,0.1277931836724306
G02_R0202,G02,LOGO,holdout_G02,G02,100,3,0.001,0.7,0.1,0.1,4.0,16.052111,15.95134075494649,-0.1007702450535106,0.1007702450535106
G02_R0203,G02,LOGO,holdout_G02,G02,100,3,0.001,0.7,0.2,0.1,4.0,22.939321,22.79894778299727,-0.1403732170027289,0.1403732170027289
G02_R0204,G02,LOGO,holdout_G02,G02,100,3,0.001,0.7,0.3,0.1,4.0,33.347539999999995,33.14344927229235,-0.2040907277076442,0.2040907277076442
G02_R0205,G02,LOGO,holdout_G02,G02,100,3,0.0001,0.85,0.1,0.1,4.0,19.751915,19.643861985006268,-0.1080530149937324,0.1080530149937324
G02_R0206,G02,LOGO,holdout_G02,G02,100,3,0.0001,0.85,0.2,0.1,4.0,30.355149,30.199207226019407,-0.1559417739805937,0.1559417739805937
G02_R0207,G02,LOGO,holdout_G02,G02,100,3,0.0001,0.85,0.3,0.1,4.0,47.280382,47.03427975151691,-0.2461022484830906,0.2461022484830906
G02_R0208,G02,LOGO,holdout_G02,G02,100,3,0.0001,0.8,0.1,0.1,4.0,19.803175000000003,19.683231091985864,-0.1199439080141395,0.1199439080141395
G02_R0209,G02,LOGO,holdout_G02,G02,100,3,0.0001,0.8,0.2,0.1,4.0,30.468258,30.286424669852455,-0.1818333301475405,0.1818333301475405
G02_R0210,G02,LOGO,holdout_G02,G02,100,3,0.0001,0.8,0.3,0.1,4.0,47.49634,47.19648687860017,-0.2998531213998276,0.2998531213998276
G02_R0211,G02,LOGO,holdout_G02,G02,100,3,0.0001,0.75,0.1,0.1,4.0,19.85736,19.748095735419717,-0.1092642645802861,0.1092642645802861
G02_R0212,G02,LOGO,holdout_G02,G02,100,3,0.0001,0.75,0.2,0.1,4.0,30.593278,30.439692666668684,-0.1535853333313177,0.1535853333313177
G02_R0213,G02,LOGO,holdout_G02,G02,100,3,0.0001,0.75,0.3,0.1,4.0,47.735192000000005,47.48724235717914,-0.2479496428208634,0.2479496428208634
G02_R0214,G02,LOGO,holdout_G02,G02,100,3,0.0001,0.7,0.1,0.1,4.0,19.915459,19.79102685523202,-0.1244321447679794,0.1244321447679794
G02_R0215,G02,LOGO,holdout_G02,G02,100,3,0.0001,0.7,0.2,0.1,4.0,30.732192,30.54120977406432,-0.1909822259356843,0.1909822259356843
G02_R0216,G02,LOGO,holdout_G02,G02,100,3,0.0001,0.7,0.3,0.1,4.0,48.001921,47.68961150217952,-0.312309497820479,0.312309497820479
G02_R0217,G02,LOGO,holdout_G02,G02,100,3,1e-05,0.85,0.1,0.1,4.0,29.258465,29.148361965443183,-0.1101030345568183,0.1101030345568183
G02_R0218,G02,LOGO,holdout_G02,G02,100,3,1e-05,0.85,0.2,0.1,4.0,60.988038,60.825421657368544,-0.162616342631459,0.162616342631459
G02_R0219,G02,LOGO,holdout_G02,G02,100,3,1e-05,0.85,0.3,0.1,4.0,111.957308,111.65908607505858,-0.2982219249414157,0.2982219249414157
G02_R0220,G02,LOGO,holdout_G02,G02,100,3,1e-05,0.8,0.1,0.1,4.0,29.344177,29.2127251243694,-0.1314518756305993,0.1314518756305993
G02_R0221,G02,LOGO,holdout_G02,G02,100,3,1e-05,0.8,0.2,0.1,4.0,61.229662000000005,61.00751420311963,-0.2221477968803782,0.2221477968803782
G02_R0222,G02,LOGO,holdout_G02,G02,100,3,1e-05,0.8,0.3,0.1,4.0,112.426818,112.03124205101722,-0.3955759489827812,0.3955759489827812
G02_R0223,G02,LOGO,holdout_G02,G02,100,3,1e-05,0.75,0.1,0.1,4.0,29.440861,29.33037662796576,-0.1104843720342394,0.1104843720342394
G02_R0224,G02,LOGO,holdout_G02,G02,100,3,1e-05,0.75,0.2,0.1,4.0,61.505249,61.34588646659081,-0.1593625334091868,0.1593625334091868
G02_R0225,G02,LOGO,holdout_G02,G02,100,3,1e-05,0.75,0.3,0.1,4.0,112.976283,112.69753261767325,-0.2787503823267485,0.2787503823267485
G02_R0226,G02,LOGO,holdout_G02,G02,100,3,1e-05,0.7,0.1,0.1,4.0,29.551511,29.41075881688269,-0.140752183117307,0.140752183117307
G02_R0227,G02,LOGO,holdout_G02,G02,100,3,1e-05,0.7,0.2,0.1,4.0,61.823792000000005,61.5767892940909,-0.2470027059091037,0.2470027059091037
G02_R0228,G02,LOGO,holdout_G02,G02,100,3,1e-05,0.7,0.3,0.1,4.0,113.605694,113.1559133265043,-0.4497806734956953,0.4497806734956953
G02_R0229,G02,LOGO,holdout_G02,G02,100,3,1e-06,0.85,0.1,0.1,4.0,101.357149,101.23079680528964,-0.126352194710364,0.126352194710364
G02_R0230,G02,LOGO,holdout_G02,G02,100,3,1e-06,0.85,0.2,0.1,4.0,323.78736999999995,323.65096161298965,-0.1364083870103059,0.1364083870103059
G02_R0231,G02,LOGO,holdout_G02,G02,100,3,1e-06,0.85,0.3,0.1,4.0,689.0162190000001,688.6652501956589,-0.3509688043411643,0.3509688043411643
G02_R0232,G02,LOGO,holdout_G02,G02,100,3,1e-06,0.8,0.1,0.1,4.0,101.647038,101.44782582652468,-0.1992121734753027,0.1992121734753027
G02_R0233,G02,LOGO,holdout_G02,G02,100,3,1e-06,0.8,0.2,0.1,4.0,324.567227,324.2316473093948,-0.3355796906051864,0.3355796906051864
G02_R0234,G02,LOGO,holdout_G02,G02,100,3,1e-06,0.8,0.3,0.1,4.0,690.5060410000001,689.883070515893,-0.6229704841070998,0.6229704841070998
G02_R0235,G02,LOGO,holdout_G02,G02,100,3,1e-06,0.75,0.1,0.1,4.0,101.976919,101.85179609048431,-0.1251229095156816,0.1251229095156816
G02_R0236,G02,LOGO,holdout_G02,G02,100,3,1e-06,0.75,0.2,0.1,4.0,325.457074,325.29409271284624,-0.162981287153741,0.162981287153741
G02_R0237,G02,LOGO,holdout_G02,G02,100,3,1e-06,0.75,0.3,0.1,4.0,692.2158499999999,691.7017056433757,-0.5141443566242287,0.5141443566242287
G02_R0238,G02,LOGO,holdout_G02,G02,100,3,1e-06,0.7,0.1,0.1,4.0,102.346791,102.13793316840024,-0.208857831599758,0.208857831599758
G02_R0239,G02,LOGO,holdout_G02,G02,100,3,1e-06,0.7,0.2,0.1,4.0,326.476909,326.0906533971976,-0.3862556028023505,0.3862556028023505
G02_R0240,G02,LOGO,holdout_G02,G02,100,3,1e-06,0.7,0.3,0.1,4.0,694.205644,693.4262084026938,-0.7794355973062466,0.7794355973062466
G02_R0241,G02,LOGO,holdout_G02,G02,100,6,0.001,0.85,0.1,0.1,4.0,15.825312,15.74680142928292,-0.0785105707170803,0.0785105707170803
G02_R0242,G02,LOGO,holdout_G02,G02,100,6,0.001,0.85,0.2,0.1,4.0,22.513158,22.41304241399857,-0.1001155860014257,0.1001155860014257
G02_R0243,G02,LOGO,holdout_G02,G02,100,6,0.001,0.85,0.3,0.1,4.0,32.596764,32.47516907949904,-0.1215949205009607,0.1215949205009607
G02_R0244,G02,LOGO,holdout_G02,G02,100,6,0.001,0.8,0.1,0.1,4.0,15.896324,15.800236028747104,-0.0960879712528957,0.0960879712528957
G02_R0245,G02,LOGO,holdout_G02,G02,100,6,0.001,0.8,0.2,0.1,4.0,22.644985,22.514161131081643,-0.1308238689183554,0.1308238689183554
G02_R0246,G02,LOGO,holdout_G02,G02,100,6,0.001,0.8,0.3,0.1,4.0,32.82747,32.647808806999635,-0.1796611930003635,0.1796611930003635
G02_R0247,G02,LOGO,holdout_G02,G02,100,6,0.001,0.75,0.1,0.1,4.0,15.97126,15.891456513821243,-0.0798034861787559,0.0798034861787559
G02_R0248,G02,LOGO,holdout_G02,G02,100,6,0.001,0.75,0.2,0.1,4.0,22.786711,22.684298968059647,-0.1024120319403536,0.1024120319403536
G02_R0249,G02,LOGO,holdout_G02,G02,100,6,0.001,0.75,0.3,0.1,4.0,33.077067,32.94971046499424,-0.1273565350057595,0.1273565350057595
G02_R0250,G02,LOGO,holdout_G02,G02,100,6,0.001,0.7,0.1,0.1,4.0,16.052111,15.951457002696488,-0.1006539973035121,0.1006539973035121
G02_R0251,G02,LOGO,holdout_G02,G02,100,6,0.001,0.7,0.2,0.1,4.0,22.939321,22.798679794809768,-0.1406412051902315,0.1406412051902315
G02_R0252,G02,LOGO,holdout_G02,G02,100,6,0.001,0.7,0.3,0.1,4.0,33.347539999999995,33.14380855095902,-0.2037314490409727,0.2037314490409727
G02_R0253,G02,LOGO,holdout_G02,G02,100,6,0.0001,0.85,0.1,0.1,4.0,19.751915,19.644146876672934,-0.1077681233270624,0.1077681233270624
G02_R0254,G02,LOGO,holdout_G02,G02,100,6,0.0001,0.85,0.2,0.1,4.0,30.355149,30.199158982787264,-0.1559900172127371,0.1559900172127371
G02_R0255,G02,LOGO,holdout_G02,G02,100,6,0.0001,0.85,0.3,0.1,4.0,47.280382,47.034169708885976,-0.2462122911140269,0.2462122911140269
G02_R0256,G02,LOGO,holdout_G02,G02,100,6,0.0001,0.8,0.1,0.1,4.0,19.803175000000003,19.683515983652534,-0.1196590163474695,0.1196590163474695
G02_R0257,G02,LOGO,holdout_G02,G02,100,6,0.0001,0.8,0.2,0.1,4.0,30.468258,30.286376426620315,-0.1818815733796839,0.1818815733796839
G02_R0258,G02,LOGO,holdout_G02,G02,100,6,0.0001,0.8,0.3,0.1,4.0,47.49634,47.19637683596923,-0.299963164030764,0.299963164030764
G02_R0259,G02,LOGO,holdout_G02,G02,100,6,0.0001,0.75,0.1,0.1,4.0,19.85736,19.74818331752388,-0.109176682476118,0.109176682476118
G02_R0260,G02,LOGO,holdout_G02,G02,100,6,0.0001,0.75,0.2,0.1,4.0,30.593278,30.44018483791867,-0.1530931620813298,0.1530931620813298
G02_R0261,G02,LOGO,holdout_G02,G02,100,6,0.0001,0.75,0.3,0.1,4.0,47.735192000000005,47.48734276042914,-0.2478492395708684,0.2478492395708684
G02_R0262,G02,LOGO,holdout_G02,G02,100,6,0.0001,0.7,0.1,0.1,4.0,19.915459,19.79111443733619,-0.1243445626638077,0.1243445626638077
G02_R0263,G02,LOGO,holdout_G02,G02,100,6,0.0001,0.7,0.2,0.1,4.0,30.732192,30.54170194531431,-0.1904900546856929,0.1904900546856929
G02_R0264,G02,LOGO,holdout_G02,G02,100,6,0.0001,0.7,0.3,0.1,4.0,48.001921,47.68971190542951,-0.3122090945704912,0.3122090945704912
G02_R0265,G02,LOGO,holdout_G02,G02,100,6,1e-05,0.85,0.1,0.1,4.0,29.258465,29.14824400494318,-0.1102209950568209,0.1102209950568209
G02_R0266,G02,LOGO,holdout_G02,G02,100,6,1e-05,0.85,0.2,0.1,4.0,60.988038,60.82585333670188,-0.1621846632981274,0.1621846632981274
G02_R0267,G02,LOGO,holdout_G02,G02,100,6,1e-05,0.85,0.3,0.1,4.0,111.957308,111.66003262264188,-0.2972753773581189,0.2972753773581189
G02_R0268,G02,LOGO,holdout_G02,G02,100,6,1e-05,0.8,0.1,0.1,4.0,29.344177,29.2126152682444,-0.1315617317555997,0.1315617317555997
G02_R0269,G02,LOGO,holdout_G02,G02,100,6,1e-05,0.8,0.2,0.1,4.0,61.229662000000005,61.00814434182796,-0.221517658172047,0.221517658172047
G02_R0270,G02,LOGO,holdout_G02,G02,100,6,1e-05,0.8,0.3,0.1,4.0,112.426818,112.03179521047552,-0.3950227895244893,0.3950227895244893
G02_R0271,G02,LOGO,holdout_G02,G02,100,6,1e-05,0.75,0.1,0.1,4.0,29.440861,29.33044184640326,-0.1104191535967409,0.1104191535967409
G02_R0272,G02,LOGO,holdout_G02,G02,100,6,1e-05,0.75,0.2,0.1,4.0,61.505249,61.3460465862783,-0.1592024137217009,0.1592024137217009
G02_R0273,G02,LOGO,holdout_G02,G02,100,6,1e-05,0.75,0.3,0.1,4.0,112.976283,112.6970280466732,-0.2792549533267845,0.2792549533267845
G02_R0274,G02,LOGO,holdout_G02,G02,100,6,1e-05,0.7,0.1,0.1,4.0,29.551511,29.410824035320196,-0.1406869646798085,0.1406869646798085
G02_R0275,G02,LOGO,holdout_G02,G02,100,6,1e-05,0.7,0.2,0.1,4.0,61.823792000000005,61.57711751752839,-0.2466744824716116,0.2466744824716116
G02_R0276,G02,LOGO,holdout_G02,G02,100,6,1e-05,0.7,0.3,0.1,4.0,113.605694,113.15502164675428,-0.4506723532457215,0.4506723532457215
G02_R0277,G02,LOGO,holdout_G02,G02,100,6,1e-06,0.85,0.1,0.1,4.0,101.357149,101.23108524237296,-0.1260637576270369,0.1260637576270369
G02_R0278,G02,LOGO,holdout_G02,G02,100,6,1e-06,0.85,0.2,0.1,4.0,323.78736999999995,323.646514978698,-0.1408550213019452,0.1408550213019452
G02_R0279,G02,LOGO,holdout_G02,G02,100,6,1e-06,0.85,0.3,0.1,4.0,689.0162190000001,688.6600347084502,-0.35618429154988,0.35618429154988
G02_R0280,G02,LOGO,holdout_G02,G02,100,6,1e-06,0.8,0.1,0.1,4.0,101.647038,101.44797681194136,-0.1990611880586215,0.1990611880586215
G02_R0281,G02,LOGO,holdout_G02,G02,100,6,1e-06,0.8,0.2,0.1,4.0,324.567227,324.22953765197826,-0.3376893480217404,0.3376893480217404
G02_R0282,G02,LOGO,holdout_G02,G02,100,6,1e-06,0.8,0.3,0.1,4.0,690.5060410000001,689.8721846618723,-0.6338563381277709,0.6338563381277709
G02_R0283,G02,LOGO,holdout_G02,G02,100,6,1e-06,0.75,0.1,0.1,4.0,101.976919,101.85244504360934,-0.1244739563906591,0.1244739563906591
G02_R0284,G02,LOGO,holdout_G02,G02,100,6,1e-06,0.75,0.2,0.1,4.0,325.457074,325.2905474636796,-0.1665265363203616,0.1665265363203616
G02_R0285,G02,LOGO,holdout_G02,G02,100,6,1e-06,0.75,0.3,0.1,4.0,692.2158499999999,691.6808431891527,-0.5350068108472215,0.5350068108472215
G02_R0286,G02,LOGO,holdout_G02,G02,100,6,1e-06,0.7,0.1,0.1,4.0,102.346791,102.1384446698586,-0.2083463301413957,0.2083463301413957
G02_R0287,G02,LOGO,holdout_G02,G02,100,6,1e-06,0.7,0.2,0.1,4.0,326.476909,326.0878246909477,-0.3890843090522935,0.3890843090522935
G02_R0288,G02,LOGO,holdout_G02,G02,100,6,1e-06,0.7,0.3,0.1,4.0,694.205644,693.4186183567415,-0.7870256432585165,0.7870256432585165
G02_R0289,G02,LOGO,holdout_G02,G02,100,20,0.001,0.85,0.1,0.1,4.0,15.825312,15.7466770781728,-0.0786349218272004,0.0786349218272004
G02_R0290,G02,LOGO,holdout_G02,G02,100,20,0.001,0.85,0.2,0.1,4.0,22.513158,22.412679160248576,-0.1004788397514246,0.1004788397514246
G02_R0291,G02,LOGO,holdout_G02,G02,100,20,0.001,0.85,0.3,0.1,4.0,32.596764,32.474959006223074,-0.1218049937769265,0.1218049937769265
G02_R0292,G02,LOGO,holdout_G02,G02,100,20,0.001,0.8,0.1,0.1,4.0,15.896324,15.80006483263698,-0.0962591673630193,0.0962591673630193
G02_R0293,G02,LOGO,holdout_G02,G02,100,20,0.001,0.8,0.2,0.1,4.0,22.644985,22.51368417058164,-0.1313008294183575,0.1313008294183575
G02_R0294,G02,LOGO,holdout_G02,G02,100,20,0.001,0.8,0.3,0.1,4.0,32.82747,32.64790871103617,-0.1795612889638249,0.1795612889638249
G02_R0295,G02,LOGO,holdout_G02,G02,100,20,0.001,0.75,0.1,0.1,4.0,15.97126,15.891445716898629,-0.0798142831013724,0.0798142831013724
G02_R0296,G02,LOGO,holdout_G02,G02,100,20,0.001,0.75,0.2,0.1,4.0,22.786711,22.68489588665787,-0.1018151133421305,0.1018151133421305
G02_R0297,G02,LOGO,holdout_G02,G02,100,20,0.001,0.75,0.3,0.1,4.0,33.077067,32.95269132827997,-0.1243756717200312,0.1243756717200312
G02_R0298,G02,LOGO,holdout_G02,G02,100,20,0.001,0.7,0.1,0.1,4.0,16.052111,15.951536817648869,-0.1005741823511314,0.1005741823511314
G02_R0299,G02,LOGO,holdout_G02,G02,100,20,0.001,0.7,0.2,0.1,4.0,22.939321,22.799171170407984,-0.1401498295920156,0.1401498295920156
G02_R0300,G02,LOGO,holdout_G02,G02,100,20,0.001,0.7,0.3,0.1,4.0,33.347539999999995,33.14708771424475,-0.2004522857552473,0.2004522857552473
G02_R0301,G02,LOGO,holdout_G02,G02,100,20,0.0001,0.85,0.1,0.1,4.0,19.751915,19.64405051625627,-0.1078644837437288,0.1078644837437288
G02_R0302,G02,LOGO,holdout_G02,G02,100,20,0.0001,0.85,0.2,0.1,4.0,30.355149,30.199401449193523,-0.1557475508064776,0.1557475508064776
G02_R0303,G02,LOGO,holdout_G02,G02,100,20,0.0001,0.85,0.3,0.1,4.0,47.280382,47.03529156791724,-0.2450904320827618,0.2450904320827618
G02_R0304,G02,LOGO,holdout_G02,G02,100,20,0.0001,0.8,0.1,0.1,4.0,19.803175000000003,19.68340425177753,-0.1197707482224714,0.1197707482224714
G02_R0305,G02,LOGO,holdout_G02,G02,100,20,0.0001,0.8,0.2,0.1,4.0,30.468258,30.286532039276576,-0.1817259607234227,0.1817259607234227
G02_R0306,G02,LOGO,holdout_G02,G02,100,20,0.0001,0.8,0.3,0.1,4.0,47.49634,47.19717304187549,-0.299166958124502,0.299166958124502
G02_R0307,G02,LOGO,holdout_G02,G02,100,20,0.0001,0.75,0.1,0.1,4.0,19.85736,19.748263254306615,-0.1090967456933817,0.1090967456933817
G02_R0308,G02,LOGO,holdout_G02,G02,100,20,0.0001,0.75,0.2,0.1,4.0,30.593278,30.43923135540082,-0.1540466445991803,0.1540466445991803
G02_R0309,G02,LOGO,holdout_G02,G02,100,20,0.0001,0.75,0.3,0.1,4.0,47.735192000000005,47.48402109917911,-0.2511709008208953,0.2511709008208953
G02_R0310,G02,LOGO,holdout_G02,G02,100,20,0.0001,0.7,0.1,0.1,4.0,19.915459,19.791194374118923,-0.1242646258810751,0.1242646258810751
G02_R0311,G02,LOGO,holdout_G02,G02,100,20,0.0001,0.7,0.2,0.1,4.0,30.732192,30.54069030592146,-0.1915016940785427,0.1915016940785427
G02_R0312,G02,LOGO,holdout_G02,G02,100,20,0.0001,0.7,0.3,0.1,4.0,48.001921,47.68648977084616,-0.3154312291538446,0.3154312291538446
G02_R0313,G02,LOGO,holdout_G02,G02,100,20,1e-05,0.85,0.1,0.1,4.0,29.258465,29.14806166900568,-0.1104033309943233,0.1104033309943233
G02_R0314,G02,LOGO,holdout_G02,G02,100,20,1e-05,0.85,0.2,0.1,4.0,60.988038,60.82378908118997,-0.1642489188100313,0.1642489188100313
G02_R0315,G02,LOGO,holdout_G02,G02,100,20,1e-05,0.85,0.3,0.1,4.0,111.957308,111.6620506102044,-0.2952573897956085,0.2952573897956085
G02_R0316,G02,LOGO,holdout_G02,G02,100,20,1e-05,0.8,0.1,0.1,4.0,29.344177,29.21229192314023,-0.131885076859767,0.131885076859767
G02_R0317,G02,LOGO,holdout_G02,G02,100,20,1e-05,0.8,0.2,0.1,4.0,61.229662000000005,61.00608008631605,-0.2235819136839509,0.2235819136839509
G02_R0318,G02,LOGO,holdout_G02,G02,100,20,1e-05,0.8,0.3,0.1,4.0,112.426818,112.03336735816302,-0.3934506418369778,0.3934506418369778
G02_R0319,G02,LOGO,holdout_G02,G02,100,20,1e-05,0.75,0.1,0.1,4.0,29.440861,29.33040999251338,-0.1104510074866205,0.1104510074866205
G02_R0320,G02,LOGO,holdout_G02,G02,100,20,1e-05,0.75,0.2,0.1,4.0,61.505249,61.34682584986163,-0.1584231501383683,0.1584231501383683
G02_R0321,G02,LOGO,holdout_G02,G02,100,20,1e-05,0.75,0.3,0.1,4.0,112.976283,112.70273589544396,-0.2735471045560302,0.2735471045560302
G02_R0322,G02,LOGO,holdout_G02,G02,100,20,1e-05,0.7,0.1,0.1,4.0,29.551511,29.41058899697198,-0.1409220030280202,0.1409220030280202
G02_R0323,G02,LOGO,holdout_G02,G02,100,20,1e-05,0.7,0.2,0.1,4.0,61.823792000000005,61.57781097548672,-0.2459810245132843,0.2459810245132843
G02_R0324,G02,LOGO,holdout_G02,G02,100,20,1e-05,0.7,0.3,0.1,4.0,113.605694,113.1602799346917,-0.4454140653082987,0.4454140653082987
G02_R0325,G02,LOGO,holdout_G02,G02,100,20,1e-06,0.85,0.1,0.1,4.0,101.357149,101.23300449543248,-0.1241445045675249,0.1241445045675249
G02_R0326,G02,LOGO,holdout_G02,G02,100,20,1e-06,0.85,0.2,0.1,4.0,323.78736999999995,323.63891569748665,-0.1484543025133007,0.1484543025133007
G02_R0327,G02,LOGO,holdout_G02,G02,100,20,1e-06,0.85,0.3,0.1,4.0,689.0162190000001,688.6605433417183,-0.3556756582818252,0.3556756582818252
G02_R0328,G02,LOGO,holdout_G02,G02,100,20,1e-06,0.8,0.1,0.1,4.0,101.647038,101.44989606500089,-0.1971419349991094,0.1971419349991094
G02_R0329,G02,LOGO,holdout_G02,G02,100,20,1e-06,0.8,0.2,0.1,4.0,324.567227,324.2212402013502,-0.3459867986497897,0.3459867986497897
G02_R0330,G02,LOGO,holdout_G02,G02,100,20,1e-06,0.8,0.3,0.1,4.0,690.5060410000001,689.8810437346715,-0.6249972653286022,0.6249972653286022
G02_R0331,G02,LOGO,holdout_G02,G02,100,20,1e-06,0.75,0.1,0.1,4.0,101.976919,101.85098865017186,-0.1259303498281383,0.1259303498281383
G02_R0332,G02,LOGO,holdout_G02,G02,100,20,1e-06,0.75,0.2,0.1,4.0,325.457074,325.2927527726454,-0.1643212273546055,0.1643212273546055
G02_R0333,G02,LOGO,holdout_G02,G02,100,20,1e-06,0.75,0.3,0.1,4.0,692.2158499999999,691.6767282049045,-0.5391217950954115,0.5391217950954115
G02_R0334,G02,LOGO,holdout_G02,G02,100,20,1e-06,0.7,0.1,0.1,4.0,102.346791,102.1370913651711,-0.2096996348288939,0.2096996348288939
G02_R0335,G02,LOGO,holdout_G02,G02,100,20,1e-06,0.7,0.2,0.1,4.0,326.476909,326.09151930949685,-0.385389690503132,0.385389690503132
G02_R0336,G02,LOGO,holdout_G02,G02,100,20,1e-06,0.7,0.3,0.1,4.0,694.205644,693.4009321063875,-0.8047118936125344,0.8047118936125344
G02_R0337,G02,LOGO,holdout_G02,G02,100,50,0.001,0.85,0.1,0.1,4.0,15.825312,15.746509126175772,-0.0788028738242285,0.0788028738242285
G02_R0338,G02,LOGO,holdout_G02,G02,100,50,0.001,0.85,0.2,0.1,4.0,22.513158,22.412420231811083,-0.1007377681889174,0.1007377681889174
G02_R0339,G02,LOGO,holdout_G02,G02,100,50,0.001,0.85,0.3,0.1,4.0,32.596764,32.475627343556404,-0.1211366564435962,0.1211366564435962
G02_R0340,G02,LOGO,holdout_G02,G02,100,50,0.001,0.8,0.1,0.1,4.0,15.896324,15.799896880639956,-0.0964271193600438,0.0964271193600438
G02_R0341,G02,LOGO,holdout_G02,G02,100,50,0.001,0.8,0.2,0.1,4.0,22.644985,22.513497402039985,-0.1314875979600138,0.1314875979600138
G02_R0342,G02,LOGO,holdout_G02,G02,100,50,0.001,0.8,0.3,0.1,4.0,32.82747,32.64857704836951,-0.1788929516304875,0.1788929516304875
G02_R0343,G02,LOGO,holdout_G02,G02,100,50,0.001,0.75,0.1,0.1,4.0,15.97126,15.891170327208153,-0.080089672791848,0.080089672791848
G02_R0344,G02,LOGO,holdout_G02,G02,100,50,0.001,0.75,0.2,0.1,4.0,22.786711,22.6851728991906,-0.1015381008093996,0.1015381008093996
G02_R0345,G02,LOGO,holdout_G02,G02,100,50,0.001,0.75,0.3,0.1,4.0,33.077067,32.95214041046747,-0.124926589532528,0.124926589532528
G02_R0346,G02,LOGO,holdout_G02,G02,100,50,0.001,0.7,0.1,0.1,4.0,16.052111,15.951198967958394,-0.1009120320416059,0.1009120320416059
G02_R0347,G02,LOGO,holdout_G02,G02,100,50,0.001,0.7,0.2,0.1,4.0,22.939321,22.79944818294072,-0.1398728170592775,0.1398728170592775
G02_R0348,G02,LOGO,holdout_G02,G02,100,50,0.001,0.7,0.3,0.1,4.0,33.347539999999995,33.146835096432255,-0.2007049035677397,0.2007049035677397
G02_R0349,G02,LOGO,holdout_G02,G02,100,50,0.0001,0.85,0.1,0.1,4.0,19.751915,19.6440439695896,-0.1078710304104042,0.1078710304104042
G02_R0350,G02,LOGO,holdout_G02,G02,100,50,0.0001,0.85,0.2,0.1,4.0,30.355149,30.199540321756025,-0.1556086782439756,0.1556086782439756
G02_R0351,G02,LOGO,holdout_G02,G02,100,50,0.0001,0.85,0.3,0.1,4.0,47.280382,47.035779504679134,-0.2446024953208692,0.2446024953208692
G02_R0352,G02,LOGO,holdout_G02,G02,100,50,0.0001,0.8,0.1,0.1,4.0,19.803175000000003,19.683397705110863,-0.1197772948891398,0.1197772948891398
G02_R0353,G02,LOGO,holdout_G02,G02,100,50,0.0001,0.8,0.2,0.1,4.0,30.468258,30.28667091183908,-0.1815870881609207,0.1815870881609207
G02_R0354,G02,LOGO,holdout_G02,G02,100,50,0.0001,0.8,0.3,0.1,4.0,47.49634,47.19851735447072,-0.2978226455292727,0.2978226455292727
G02_R0355,G02,LOGO,holdout_G02,G02,100,50,0.0001,0.75,0.1,0.1,4.0,19.85736,19.748309856285783,-0.1090501437142172,0.1090501437142172
G02_R0356,G02,LOGO,holdout_G02,G02,100,50,0.0001,0.75,0.2,0.1,4.0,30.593278,30.43874270515083,-0.1545352948491718,0.1545352948491718
G02_R0357,G02,LOGO,holdout_G02,G02,100,50,0.0001,0.75,0.3,0.1,4.0,47.735192000000005,47.48375418281603,-0.2514378171839766,0.2514378171839766
G02_R0358,G02,LOGO,holdout_G02,G02,100,50,0.0001,0.7,0.1,0.1,4.0,19.915459,19.791371573598088,-0.1240874264019105,0.1240874264019105
G02_R0359,G02,LOGO,holdout_G02,G02,100,50,0.0001,0.7,0.2,0.1,4.0,30.732192,30.540279198171465,-0.1919128018285363,0.1919128018285363
G02_R0360,G02,LOGO,holdout_G02,G02,100,50,0.0001,0.7,0.3,0.1,4.0,48.001921,47.68622285448307,-0.315698145516933,0.315698145516933
G02_R0361,G02,LOGO,holdout_G02,G02,100,50,1e-05,0.85,0.1,0.1,4.0,29.258465,29.148070382964,-0.1103946170360004,0.1103946170360004
G02_R0362,G02,LOGO,holdout_G02,G02,100,50,1e-05,0.85,0.2,0.1,4.0,60.988038,60.82376637881495,-0.1642716211850583,0.1642716211850583
G02_R0363,G02,LOGO,holdout_G02,G02,100,50,1e-05,0.85,0.3,0.1,4.0,111.957308,111.66239026949609,-0.2949177305039114,0.2949177305039114
G02_R0364,G02,LOGO,holdout_G02,G02,100,50,1e-05,0.8,0.1,0.1,4.0,29.344177,29.21242420355689,-0.1317527964431128,0.1317527964431128
G02_R0365,G02,LOGO,holdout_G02,G02,100,50,1e-05,0.8,0.2,0.1,4.0,61.229662000000005,61.00605738394103,-0.2236046160589779,0.2236046160589779
G02_R0366,G02,LOGO,holdout_G02,G02,100,50,1e-05,0.8,0.3,0.1,4.0,112.426818,112.0337070174547,-0.393110982545295,0.393110982545295
G02_R0367,G02,LOGO,holdout_G02,G02,100,50,1e-05,0.75,0.1,0.1,4.0,29.440861,29.32989036886755,-0.1109706311324529,0.1109706311324529
G02_R0368,G02,LOGO,holdout_G02,G02,100,50,1e-05,0.75,0.2,0.1,4.0,61.505249,61.34748909140927,-0.1577599085907266,0.1577599085907266
G02_R0369,G02,LOGO,holdout_G02,G02,100,50,1e-05,0.75,0.3,0.1,4.0,112.976283,112.703680026944,-0.27260297305601,0.27260297305601
G02_R0370,G02,LOGO,holdout_G02,G02,100,50,1e-05,0.7,0.1,0.1,4.0,29.551511,29.410221382492814,-0.1412896175071836,0.1412896175071836
G02_R0371,G02,LOGO,holdout_G02,G02,100,50,1e-05,0.7,0.2,0.1,4.0,61.823792000000005,61.57821706828436,-0.2455749317156446,0.2455749317156446
G02_R0372,G02,LOGO,holdout_G02,G02,100,50,1e-05,0.7,0.3,0.1,4.0,113.605694,113.16122406619174,-0.4444699338082643,0.4444699338082643
G02_R0373,G02,LOGO,holdout_G02,G02,100,50,1e-06,0.85,0.1,0.1,4.0,101.357149,101.23127421527774,-0.1258747847222707,0.1258747847222707
G02_R0374,G02,LOGO,holdout_G02,G02,100,50,1e-06,0.85,0.2,0.1,4.0,323.78736999999995,323.6395795417216,-0.1477904582783367,0.1477904582783367
G02_R0375,G02,LOGO,holdout_G02,G02,100,50,1e-06,0.85,0.3,0.1,4.0,689.0162190000001,688.664869071031,-0.3513499289690571,0.3513499289690571
G02_R0376,G02,LOGO,holdout_G02,G02,100,50,1e-06,0.8,0.1,0.1,4.0,101.647038,101.4484823473461,-0.1985556526538943,0.1985556526538943
G02_R0377,G02,LOGO,holdout_G02,G02,100,50,1e-06,0.8,0.2,0.1,4.0,324.567227,324.2219040455852,-0.3453229544148257,0.3453229544148257
G02_R0378,G02,LOGO,holdout_G02,G02,100,50,1e-06,0.8,0.3,0.1,4.0,690.5060410000001,689.8899940948177,-0.6160469051824293,0.6160469051824293
G02_R0379,G02,LOGO,holdout_G02,G02,100,50,1e-06,0.75,0.1,0.1,4.0,101.976919,101.85199353017184,-0.1249254698281561,0.1249254698281561
G02_R0380,G02,LOGO,holdout_G02,G02,100,50,1e-06,0.75,0.2,0.1,4.0,325.457074,325.29647195733264,-0.1606020426673353,0.1606020426673353
G02_R0381,G02,LOGO,holdout_G02,G02,100,50,1e-06,0.75,0.3,0.1,4.0,692.2158499999999,691.6834339033833,-0.5324160966166573,0.5324160966166573
G02_R0382,G02,LOGO,holdout_G02,G02,100,50,1e-06,0.7,0.1,0.1,4.0,102.346791,102.1381993339211,-0.2085916660789024,0.2085916660789024
G02_R0383,G02,LOGO,holdout_G02,G02,100,50,1e-06,0.7,0.2,0.1,4.0,326.476909,326.09420117668407,-0.3827078233159113,0.3827078233159113
G02_R0384,G02,LOGO,holdout_G02,G02,100,50,1e-06,0.7,0.3,0.1,4.0,694.205644,693.3979878646791,-0.8076561353209399,0.8076561353209399
G02_R0385,G02,LOGO,holdout_G02,G02,250,3,0.001,0.85,0.1,0.1,4.0,45.716209,45.42521234944817,-0.2909966505518326,0.2909966505518326
G02_R0386,G02,LOGO,holdout_G02,G02,250,3,0.001,0.85,0.2,0.1,4.0,66.252958,66.03937767828364,-0.2135803217163641,0.2135803217163641
G02_R0387,G02,LOGO,holdout_G02,G02,250,3,0.001,0.85,0.3,0.1,4.0,97.300865,97.39308016805862,0.0922151680586154,0.0922151680586154
G02_R0388,G02,LOGO,holdout_G02,G02,250,3,0.001,0.8,0.1,0.1,4.0,45.979940000000006,45.62772401605906,-0.352215983940944,0.352215983940944
G02_R0389,G02,LOGO,holdout_G02,G02,250,3,0.001,0.8,0.2,0.1,4.0,66.75246899999999,66.42767665750887,-0.3247923424911221,0.3247923424911221
G02_R0390,G02,LOGO,holdout_G02,G02,250,3,0.001,0.8,0.3,0.1,4.0,98.208165,98.0637520672245,-0.144412932775495,0.144412932775495
G02_R0391,G02,LOGO,holdout_G02,G02,250,3,0.001,0.75,0.1,0.1,4.0,46.263498,45.97135150163026,-0.292146498369739,0.292146498369739
G02_R0392,G02,LOGO,holdout_G02,G02,250,3,0.001,0.75,0.2,0.1,4.0,67.29077299999999,67.08034654929651,-0.2104264507034798,0.2104264507034798
G02_R0393,G02,LOGO,holdout_G02,G02,250,3,0.001,0.75,0.3,0.1,4.0,99.194275,99.27094127597374,0.0766662759737357,0.0766662759737357
G02_R0394,G02,LOGO,holdout_G02,G02,250,3,0.001,0.7,0.1,0.1,4.0,46.566862,46.195015619415045,-0.3718463805849552,0.3718463805849552
G02_R0395,G02,LOGO,holdout_G02,G02,250,3,0.001,0.7,0.2,0.1,4.0,67.875852,67.50759351304579,-0.368258486954204,0.368258486954204
G02_R0396,G02,LOGO,holdout_G02,G02,250,3,0.001,0.7,0.3,0.1,4.0,100.27625,100.077471596123,-0.1987784038770144,0.1987784038770144
G02_R0397,G02,LOGO,holdout_G02,G02,250,3,0.0001,0.85,0.1,0.1,4.0,56.479241,56.062934958926114,-0.4163060410738879,0.4163060410738879
G02_R0398,G02,LOGO,holdout_G02,G02,250,3,0.0001,0.85,0.2,0.1,4.0,88.083718,87.51551990588224,-0.5681980941177613,0.5681980941177613
G02_R0399,G02,LOGO,holdout_G02,G02,250,3,0.0001,0.85,0.3,0.1,4.0,138.21117999999998,137.4130313349957,-0.7981486650042768,0.7981486650042768
G02_R0400,G02,LOGO,holdout_G02,G02,250,3,0.0001,0.8,0.1,0.1,4.0,56.670659,56.2085918261768,-0.4620671738232005,0.4620671738232005
G02_R0401,G02,LOGO,holdout_G02,G02,250,3,0.0001,0.8,0.2,0.1,4.0,88.580876,87.90390478363223,-0.6769712163677752,0.6769712163677752
G02_R0402,G02,LOGO,holdout_G02,G02,250,3,0.0001,0.8,0.3,0.1,4.0,139.199103,138.17997195003682,-1.0191310499631925,1.0191310499631925
G02_R0403,G02,LOGO,holdout_G02,G02,250,3,0.0001,0.75,0.1,0.1,4.0,56.877924,56.46508761719717,-0.4128363828028298,0.4128363828028298
G02_R0404,G02,LOGO,holdout_G02,G02,250,3,0.0001,0.75,0.2,0.1,4.0,89.137857,88.57444532843068,-0.5634116715693125,0.5634116715693125
G02_R0405,G02,LOGO,holdout_G02,G02,250,3,0.0001,0.75,0.3,0.1,4.0,140.32682599999998,139.55391523860666,-0.7729107613933195,0.7729107613933195
G02_R0406,G02,LOGO,holdout_G02,G02,250,3,0.0001,0.7,0.1,0.1,4.0,57.108011000000005,56.63375370500886,-0.4742572949911476,0.4742572949911476
G02_R0407,G02,LOGO,holdout_G02,G02,250,3,0.0001,0.7,0.2,0.1,4.0,89.766632,89.03969173926433,-0.7269402607356739,0.7269402607356739
G02_R0408,G02,LOGO,holdout_G02,G02,250,3,0.0001,0.7,0.3,0.1,4.0,141.604319,140.46856295360888,-1.1357560463911227,1.1357560463911227
G02_R0409,G02,LOGO,holdout_G02,G02,250,3,1e-05,0.85,0.1,0.1,4.0,82.47537200000001,82.06452382547164,-0.4108481745283683,0.4108481745283683
G02_R0410,G02,LOGO,holdout_G02,G02,250,3,1e-05,0.85,0.2,0.1,4.0,170.49156,169.9135678388999,-0.5779921611000987,0.5779921611000987
G02_R0411,G02,LOGO,holdout_G02,G02,250,3,1e-05,0.85,0.3,0.1,4.0,310.83976,309.99830462482254,-0.8414553751774747,0.8414553751774747
G02_R0412,G02,LOGO,holdout_G02,G02,250,3,1e-05,0.8,0.1,0.1,4.0,82.87273400000001,82.35448532922233,-0.5182486707776803,0.5182486707776803
G02_R0413,G02,LOGO,holdout_G02,G02,250,3,1e-05,0.8,0.2,0.1,4.0,171.74074000000002,170.87642968820683,-0.8643103117931616,0.8643103117931616
G02_R0414,G02,LOGO,holdout_G02,G02,250,3,1e-05,0.8,0.3,0.1,4.0,313.37872,311.883991424823,-1.494728575176964,1.494728575176964
G02_R0415,G02,LOGO,holdout_G02,G02,250,3,1e-05,0.75,0.1,0.1,4.0,83.32803200000001,82.91656669988384,-0.4114653001161628,0.4114653001161628
G02_R0416,G02,LOGO,holdout_G02,G02,250,3,1e-05,0.75,0.2,0.1,4.0,173.16984000000002,172.6371316865964,-0.5327083134036172,0.5327083134036172
G02_R0417,G02,LOGO,holdout_G02,G02,250,3,1e-05,0.75,0.3,0.1,4.0,316.31758,315.573743810883,-0.7438361891170189,0.7438361891170189
G02_R0418,G02,LOGO,holdout_G02,G02,250,3,1e-05,0.7,0.1,0.1,4.0,83.853257,83.31055533590543,-0.5427016640945652,0.5427016640945652
G02_R0419,G02,LOGO,holdout_G02,G02,250,3,1e-05,0.7,0.2,0.1,4.0,174.84886,173.85026902409714,-0.9985909759028572,0.9985909759028572
G02_R0420,G02,LOGO,holdout_G02,G02,250,3,1e-05,0.7,0.3,0.1,4.0,319.74633,318.0425276702595,-1.7038023297404834,1.7038023297404834
G02_R0421,G02,LOGO,holdout_G02,G02,250,3,1e-06,0.85,0.1,0.1,4.0,266.88079,266.43012707079026,-0.4506629292097273,0.4506629292097273
G02_R0422,G02,LOGO,holdout_G02,G02,250,3,1e-06,0.85,0.2,0.1,4.0,841.9586,841.4062395927712,-0.552360407228889,0.552360407228889
G02_R0423,G02,LOGO,holdout_G02,G02,250,3,1e-06,0.85,0.3,0.1,4.0,1783.55388,1782.5563366215488,-0.9975433784511551,0.9975433784511551
G02_R0424,G02,LOGO,holdout_G02,G02,250,3,1e-06,0.8,0.1,0.1,4.0,268.210538,267.44685881909606,-0.763679180903921,0.763679180903921
G02_R0425,G02,LOGO,holdout_G02,G02,250,3,1e-06,0.8,0.2,0.1,4.0,845.99828,844.7468561049376,-1.2514238950624303,1.2514238950624303
G02_R0426,G02,LOGO,holdout_G02,G02,250,3,1e-06,0.8,0.3,0.1,4.0,1791.55349,1788.9391644997993,-2.614325500200721,2.614325500200721
G02_R0427,G02,LOGO,holdout_G02,G02,250,3,1e-06,0.75,0.1,0.1,4.0,269.820268,269.4188261333066,-0.4014418666934034,0.4014418666934034
G02_R0428,G02,LOGO,holdout_G02,G02,250,3,1e-06,0.75,0.2,0.1,4.0,850.76793,849.7416783881138,-1.0262516118862095,1.0262516118862095
G02_R0429,G02,LOGO,holdout_G02,G02,250,3,1e-06,0.75,0.3,0.1,4.0,1800.9530599999998,1798.8977416472592,-2.055318352740642,2.055318352740642
G02_R0430,G02,LOGO,holdout_G02,G02,250,3,1e-06,0.7,0.1,0.1,4.0,271.74998000000005,270.85930040416844,-0.8906795958316138,0.8906795958316138
G02_R0431,G02,LOGO,holdout_G02,G02,250,3,1e-06,0.7,0.2,0.1,4.0,856.36756,854.5444625526211,-1.8230974473789276,1.8230974473789276
G02_R0432,G02,LOGO,holdout_G02,G02,250,3,1e-06,0.7,0.3,0.1,4.0,1812.05261,1808.8770942816843,-3.1755157183154097,3.1755157183154097
G02_R0433,G02,LOGO,holdout_G02,G02,250,6,0.001,0.85,0.1,0.1,4.0,45.716209,45.42486194411484,-0.2913470558851614,0.2913470558851614
G02_R0434,G02,LOGO,holdout_G02,G02,250,6,0.001,0.85,0.2,0.1,4.0,66.252958,66.03688459855448,-0.2160734014455272,0.2160734014455272
G02_R0435,G02,LOGO,holdout_G02,G02,250,6,0.001,0.85,0.3,0.1,4.0,97.300865,97.39089215189196,0.0900271518919595,0.0900271518919595
G02_R0436,G02,LOGO,holdout_G02,G02,250,6,0.001,0.8,0.1,0.1,4.0,45.979940000000006,45.62737361072573,-0.3525663892742727,0.3525663892742727
G02_R0437,G02,LOGO,holdout_G02,G02,250,6,0.001,0.8,0.2,0.1,4.0,66.75246899999999,66.42470013111303,-0.3277688688869631,0.3277688688869631
G02_R0438,G02,LOGO,holdout_G02,G02,250,6,0.001,0.8,0.3,0.1,4.0,98.208165,98.06201320980784,-0.1461517901921638,0.1461517901921638
G02_R0439,G02,LOGO,holdout_G02,G02,250,6,0.001,0.75,0.1,0.1,4.0,46.263498,45.9730974227136,-0.2904005772863982,0.2904005772863982
G02_R0440,G02,LOGO,holdout_G02,G02,250,6,0.001,0.75,0.2,0.1,4.0,67.29077299999999,67.07881160612982,-0.211961393870169,0.211961393870169
G02_R0441,G02,LOGO,holdout_G02,G02,250,6,0.001,0.75,0.3,0.1,4.0,99.194275,99.2681629082773,0.0738879082772996,0.0738879082772996
G02_R0442,G02,LOGO,holdout_G02,G02,250,6,0.001,0.7,0.1,0.1,4.0,46.566862,46.19676154049837,-0.3701004595016286,0.3701004595016286
G02_R0443,G02,LOGO,holdout_G02,G02,250,6,0.001,0.7,0.2,0.1,4.0,67.875852,67.5060585698791,-0.3697934301208931,0.3697934301208931
G02_R0444,G02,LOGO,holdout_G02,G02,250,6,0.001,0.7,0.3,0.1,4.0,100.27625,100.07469322842655,-0.2015567715734505,0.2015567715734505
G02_R0445,G02,LOGO,holdout_G02,G02,250,6,0.0001,0.85,0.1,0.1,4.0,56.479241,56.06159895955111,-0.4176420404488965,0.4176420404488965
G02_R0446,G02,LOGO,holdout_G02,G02,250,6,0.0001,0.85,0.2,0.1,4.0,88.083718,87.51776944546559,-0.5659485545344154,0.5659485545344154
G02_R0447,G02,LOGO,holdout_G02,G02,250,6,0.0001,0.85,0.3,0.1,4.0,138.21117999999998,137.41473086486485,-0.7964491351351342,0.7964491351351342
G02_R0448,G02,LOGO,holdout_G02,G02,250,6,0.0001,0.8,0.1,0.1,4.0,56.670659,56.20725582680179,-0.4634031731982091,0.4634031731982091
G02_R0449,G02,LOGO,holdout_G02,G02,250,6,0.0001,0.8,0.2,0.1,4.0,88.580876,87.90615432321556,-0.6747216767844435,0.6747216767844435
G02_R0450,G02,LOGO,holdout_G02,G02,250,6,0.0001,0.8,0.3,0.1,4.0,139.199103,138.18167147990596,-1.0174315200940498,1.0174315200940498
G02_R0451,G02,LOGO,holdout_G02,G02,250,6,0.0001,0.75,0.1,0.1,4.0,56.877924,56.46630340157216,-0.411620598427838,0.411620598427838
G02_R0452,G02,LOGO,holdout_G02,G02,250,6,0.0001,0.75,0.2,0.1,4.0,89.137857,88.57629225240987,-0.5615647475901255,0.5615647475901255
G02_R0453,G02,LOGO,holdout_G02,G02,250,6,0.0001,0.75,0.3,0.1,4.0,140.32682599999998,139.5549979350025,-0.7718280649974929,0.7718280649974929
G02_R0454,G02,LOGO,holdout_G02,G02,250,6,0.0001,0.7,0.1,0.1,4.0,57.108011000000005,56.63496948938385,-0.4730415106161558,0.4730415106161558
G02_R0455,G02,LOGO,holdout_G02,G02,250,6,0.0001,0.7,0.2,0.1,4.0,89.766632,89.04153866324354,-0.7250933367564585,0.7250933367564585
G02_R0456,G02,LOGO,holdout_G02,G02,250,6,0.0001,0.7,0.3,0.1,4.0,141.604319,140.4696456500047,-1.134673349995296,1.134673349995296
G02_R0457,G02,LOGO,holdout_G02,G02,250,6,1e-05,0.85,0.1,0.1,4.0,82.47537200000001,82.06611215713832,-0.4092598428616867,0.4092598428616867
G02_R0458,G02,LOGO,holdout_G02,G02,250,6,1e-05,0.85,0.2,0.1,4.0,170.49156,169.92025931598323,-0.5713006840167623,0.5713006840167623
G02_R0459,G02,LOGO,holdout_G02,G02,250,6,1e-05,0.85,0.3,0.1,4.0,310.83976,310.00073026705485,-0.8390297329451641,0.8390297329451641
G02_R0460,G02,LOGO,holdout_G02,G02,250,6,1e-05,0.8,0.1,0.1,4.0,82.87273400000001,82.35607366088904,-0.5166603391109703,0.5166603391109703
G02_R0461,G02,LOGO,holdout_G02,G02,250,6,1e-05,0.8,0.2,0.1,4.0,171.74074000000002,170.88312116529022,-0.8576188347097968,0.8576188347097968
G02_R0462,G02,LOGO,holdout_G02,G02,250,6,1e-05,0.8,0.3,0.1,4.0,313.37872,311.8864170670553,-1.4923029329447104,1.4923029329447104
G02_R0463,G02,LOGO,holdout_G02,G02,250,6,1e-05,0.75,0.1,0.1,4.0,83.32803200000001,82.91638066959214,-0.4116513304078637,0.4116513304078637
G02_R0464,G02,LOGO,holdout_G02,G02,250,6,1e-05,0.75,0.2,0.1,4.0,173.16984000000002,172.64034092097145,-0.5294990790285965,0.5294990790285965
G02_R0465,G02,LOGO,holdout_G02,G02,250,6,1e-05,0.75,0.3,0.1,4.0,316.31758,315.580191560883,-0.7373884391170122,0.7373884391170122
G02_R0466,G02,LOGO,holdout_G02,G02,250,6,1e-05,0.7,0.1,0.1,4.0,83.853257,83.31036930561373,-0.5428876943862662,0.5428876943862662
G02_R0467,G02,LOGO,holdout_G02,G02,250,6,1e-05,0.7,0.2,0.1,4.0,174.84886,173.85557700847218,-0.9932829915278204,0.9932829915278204
G02_R0468,G02,LOGO,holdout_G02,G02,250,6,1e-05,0.7,0.3,0.1,4.0,319.74633,318.0489754202595,-1.6973545797404768,1.6973545797404768
G02_R0469,G02,LOGO,holdout_G02,G02,250,6,1e-06,0.85,0.1,0.1,4.0,266.88079,266.4294292786028,-0.4513607213971795,0.4513607213971795
G02_R0470,G02,LOGO,holdout_G02,G02,250,6,1e-06,0.85,0.2,0.1,4.0,841.9586,841.3954761738427,-0.5631238261573799,0.5631238261573799
G02_R0471,G02,LOGO,holdout_G02,G02,250,6,1e-06,0.85,0.3,0.1,4.0,1783.55388,1782.494142411549,-1.0597375884508438,1.0597375884508438
G02_R0472,G02,LOGO,holdout_G02,G02,250,6,1e-06,0.8,0.1,0.1,4.0,268.210538,267.44736710565866,-0.7631708943413287,0.7631708943413287
G02_R0473,G02,LOGO,holdout_G02,G02,250,6,1e-06,0.8,0.2,0.1,4.0,845.99828,844.7181145676757,-1.2801654323243383,1.2801654323243383
G02_R0474,G02,LOGO,holdout_G02,G02,250,6,1e-06,0.8,0.3,0.1,4.0,1791.55349,1788.89388250855,-2.6596074914500605,2.6596074914500605
G02_R0475,G02,LOGO,holdout_G02,G02,250,6,1e-06,0.75,0.1,0.1,4.0,269.820268,269.41987140155675,-0.4003965984432511,0.4003965984432511
G02_R0476,G02,LOGO,holdout_G02,G02,250,6,1e-06,0.75,0.2,0.1,4.0,850.76793,849.7025026516555,-1.0654273483444283,1.0654273483444283
G02_R0477,G02,LOGO,holdout_G02,G02,250,6,1e-06,0.75,0.3,0.1,4.0,1800.9530599999998,1798.91674575528,-2.0363142447199607,2.0363142447199607
G02_R0478,G02,LOGO,holdout_G02,G02,250,6,1e-06,0.7,0.1,0.1,4.0,271.74998000000005,270.8603456724186,-0.8896343275814615,0.8896343275814615
G02_R0479,G02,LOGO,holdout_G02,G02,250,6,1e-06,0.7,0.2,0.1,4.0,856.36756,854.5621176022046,-1.8054423977954457,1.8054423977954457
G02_R0480,G02,LOGO,holdout_G02,G02,250,6,1e-06,0.7,0.3,0.1,4.0,1812.05261,1808.938143002741,-3.114466997258887,3.114466997258887
G02_R0481,G02,LOGO,holdout_G02,G02,250,20,0.001,0.85,0.1,0.1,4.0,45.716209,45.42698500521901,-0.2892239947809898,0.2892239947809898
G02_R0482,G02,LOGO,holdout_G02,G02,250,20,0.001,0.85,0.2,0.1,4.0,66.252958,66.03582796684614,-0.2171300331538646,0.2171300331538646
G02_R0483,G02,LOGO,holdout_G02,G02,250,20,0.001,0.85,0.3,0.1,4.0,97.300865,97.39351669179672,0.0926516917967177,0.0926516917967177
G02_R0484,G02,LOGO,holdout_G02,G02,250,20,0.001,0.8,0.1,0.1,4.0,45.979940000000006,45.62994817776741,-0.3499918222325959,0.3499918222325959
G02_R0485,G02,LOGO,holdout_G02,G02,250,20,0.001,0.8,0.2,0.1,4.0,66.75246899999999,66.42279746773802,-0.329671532261969,0.329671532261969
G02_R0486,G02,LOGO,holdout_G02,G02,250,20,0.001,0.8,0.3,0.1,4.0,98.208165,98.0646377497126,-0.1435272502873914,0.1435272502873914
G02_R0487,G02,LOGO,holdout_G02,G02,250,20,0.001,0.75,0.1,0.1,4.0,46.263498,45.97321787899933,-0.29028012100067,0.29028012100067
G02_R0488,G02,LOGO,holdout_G02,G02,250,20,0.001,0.75,0.2,0.1,4.0,67.29077299999999,67.08064769423996,-0.2101253057600303,0.2101253057600303
G02_R0489,G02,LOGO,holdout_G02,G02,250,20,0.001,0.75,0.3,0.1,4.0,99.194275,99.26434075687548,0.070065756875465,0.070065756875465
G02_R0490,G02,LOGO,holdout_G02,G02,250,20,0.001,0.7,0.1,0.1,4.0,46.566862,46.19661889959661,-0.3702431004033926,0.3702431004033926
G02_R0491,G02,LOGO,holdout_G02,G02,250,20,0.001,0.7,0.2,0.1,4.0,67.875852,67.50821681392675,-0.3676351860732438,0.3676351860732438
G02_R0492,G02,LOGO,holdout_G02,G02,250,20,0.001,0.7,0.3,0.1,4.0,100.27625,100.07135341229257,-0.2048965877074522,0.2048965877074522
G02_R0493,G02,LOGO,holdout_G02,G02,250,20,0.0001,0.85,0.1,0.1,4.0,56.479241,56.060292306042136,-0.4189486939578657,0.4189486939578657
G02_R0494,G02,LOGO,holdout_G02,G02,250,20,0.0001,0.85,0.2,0.1,4.0,88.083718,87.51788563800528,-0.5658323619947225,0.5658323619947225
G02_R0495,G02,LOGO,holdout_G02,G02,250,20,0.0001,0.85,0.3,0.1,4.0,138.21117999999998,137.41136581090657,-0.7998141890934392,0.7998141890934392
G02_R0496,G02,LOGO,holdout_G02,G02,250,20,0.0001,0.8,0.1,0.1,4.0,56.670659,56.20594917329282,-0.4647098267071783,0.4647098267071783
G02_R0497,G02,LOGO,holdout_G02,G02,250,20,0.0001,0.8,0.2,0.1,4.0,88.580876,87.90730397894278,-0.6735720210572254,0.6735720210572254
G02_R0498,G02,LOGO,holdout_G02,G02,250,20,0.0001,0.8,0.3,0.1,4.0,139.199103,138.17672199219763,-1.0223810078023805,1.0223810078023805
G02_R0499,G02,LOGO,holdout_G02,G02,250,20,0.0001,0.75,0.1,0.1,4.0,56.877924,56.464625488343,-0.413298511657004,0.413298511657004
G02_R0500,G02,LOGO,holdout_G02,G02,250,20,0.0001,0.75,0.2,0.1,4.0,89.137857,88.57728927340543,-0.5605677265945701,0.5605677265945701
G02_R0501,G02,LOGO,holdout_G02,G02,250,20,0.0001,0.75,0.3,0.1,4.0,140.32682599999998,139.55354981906345,-0.7732761809365343,0.7732761809365343
G02_R0502,G02,LOGO,holdout_G02,G02,250,20,0.0001,0.7,0.1,0.1,4.0,57.108011000000005,56.6329403295922,-0.4750706704078098,0.4750706704078098
G02_R0503,G02,LOGO,holdout_G02,G02,250,20,0.0001,0.7,0.2,0.1,4.0,89.766632,89.04253568423907,-0.7240963157609315,0.7240963157609315
G02_R0504,G02,LOGO,holdout_G02,G02,250,20,0.0001,0.7,0.3,0.1,4.0,141.604319,140.4702247228157,-1.1340942771843174,1.1340942771843174
G02_R0505,G02,LOGO,holdout_G02,G02,250,20,1e-05,0.85,0.1,0.1,4.0,82.47537200000001,82.06511259881987,-0.4102594011801415,0.4102594011801415
G02_R0506,G02,LOGO,holdout_G02,G02,250,20,1e-05,0.85,0.2,0.1,4.0,170.49156,169.9147614998374,-0.5767985001625959,0.5767985001625959
G02_R0507,G02,LOGO,holdout_G02,G02,250,20,1e-05,0.85,0.3,0.1,4.0,310.83976,310.01009715026913,-0.8296628497308802,0.8296628497308802
G02_R0508,G02,LOGO,holdout_G02,G02,250,20,1e-05,0.8,0.1,0.1,4.0,82.87273400000001,82.35507410257058,-0.5176598974294251,0.5176598974294251
G02_R0509,G02,LOGO,holdout_G02,G02,250,20,1e-05,0.8,0.2,0.1,4.0,171.74074000000002,170.87867272414434,-0.8620672758556793,0.8620672758556793
G02_R0510,G02,LOGO,holdout_G02,G02,250,20,1e-05,0.8,0.3,0.1,4.0,313.37872,311.9015943252696,-1.4771256747303596,1.4771256747303596
G02_R0511,G02,LOGO,holdout_G02,G02,250,20,1e-05,0.75,0.1,0.1,4.0,83.32803200000001,82.91007940316352,-0.4179525968364856,0.4179525968364856
G02_R0512,G02,LOGO,holdout_G02,G02,250,20,1e-05,0.75,0.2,0.1,4.0,173.16984000000002,172.6277361813881,-0.5421038186119347,0.5421038186119347
G02_R0513,G02,LOGO,holdout_G02,G02,250,20,1e-05,0.75,0.3,0.1,4.0,316.31758,315.5427767868652,-0.7748032131348168,0.7748032131348168
G02_R0514,G02,LOGO,holdout_G02,G02,250,20,1e-05,0.7,0.1,0.1,4.0,83.853257,83.30367212003927,-0.549584879960733,0.549584879960733
G02_R0515,G02,LOGO,holdout_G02,G02,250,20,1e-05,0.7,0.2,0.1,4.0,174.84886,173.84559144597216,-1.0032685540278408,1.0032685540278408
G02_R0516,G02,LOGO,holdout_G02,G02,250,20,1e-05,0.7,0.3,0.1,4.0,319.74633,318.0073497806167,-1.7389802193832793,1.7389802193832793
G02_R0517,G02,LOGO,holdout_G02,G02,250,20,1e-06,0.85,0.1,0.1,4.0,266.88079,266.4232315291295,-0.4575584708704809,0.4575584708704809
G02_R0518,G02,LOGO,holdout_G02,G02,250,20,1e-06,0.85,0.2,0.1,4.0,841.9586,841.3608052574882,-0.5977947425118373,0.5977947425118373
G02_R0519,G02,LOGO,holdout_G02,G02,250,20,1e-06,0.85,0.3,0.1,4.0,1783.55388,1782.5032005098817,-1.0506794901182277,1.0506794901182277
G02_R0520,G02,LOGO,holdout_G02,G02,250,20,1e-06,0.8,0.1,0.1,4.0,268.210538,267.443448187852,-0.7670898121479581,0.7670898121479581
G02_R0521,G02,LOGO,holdout_G02,G02,250,20,1e-06,0.8,0.2,0.1,4.0,845.99828,844.6761240666485,-1.322155933351496,1.322155933351496
G02_R0522,G02,LOGO,holdout_G02,G02,250,20,1e-06,0.8,0.3,0.1,4.0,1791.55349,1788.9047798736683,-2.64871012633148,2.64871012633148
G02_R0523,G02,LOGO,holdout_G02,G02,250,20,1e-06,0.75,0.1,0.1,4.0,269.820268,269.42310696983054,-0.3971610301694568,0.3971610301694568
G02_R0524,G02,LOGO,holdout_G02,G02,250,20,1e-06,0.75,0.2,0.1,4.0,850.76793,849.681497405703,-1.08643259429698,1.08643259429698
G02_R0525,G02,LOGO,holdout_G02,G02,250,20,1e-06,0.75,0.3,0.1,4.0,1800.9530599999998,1798.9404717151906,-2.012588284809226,2.012588284809226
G02_R0526,G02,LOGO,holdout_G02,G02,250,20,1e-06,0.7,0.1,0.1,4.0,271.74998000000005,270.8635812406924,-0.8863987593076672,0.8863987593076672
G02_R0527,G02,LOGO,holdout_G02,G02,250,20,1e-06,0.7,0.2,0.1,4.0,856.36756,854.5657730629189,-1.8017869370811468,1.8017869370811468
G02_R0528,G02,LOGO,holdout_G02,G02,250,20,1e-06,0.7,0.3,0.1,4.0,1812.05261,1808.957501177651,-3.095108822348948,3.095108822348948
G02_R0529,G02,LOGO,holdout_G02,G02,250,50,0.001,0.85,0.1,0.1,4.0,45.716209,45.42664535459402,-0.2895636454059769,0.2895636454059769
G02_R0530,G02,LOGO,holdout_G02,G02,250,50,0.001,0.85,0.2,0.1,4.0,66.252958,66.0371900228531,-0.2157679771469105,0.2157679771469105
G02_R0531,G02,LOGO,holdout_G02,G02,250,50,0.001,0.85,0.3,0.1,4.0,97.300865,97.3941235527134,0.093258552713408,0.093258552713408
G02_R0532,G02,LOGO,holdout_G02,G02,250,50,0.001,0.8,0.1,0.1,4.0,45.979940000000006,45.62960852714241,-0.3503314728575972,0.3503314728575972
G02_R0533,G02,LOGO,holdout_G02,G02,250,50,0.001,0.8,0.2,0.1,4.0,66.75246899999999,66.42415952374498,-0.3283094762550149,0.3283094762550149
G02_R0534,G02,LOGO,holdout_G02,G02,250,50,0.001,0.8,0.3,0.1,4.0,98.208165,98.06524461062928,-0.1429203893707011,0.1429203893707011
G02_R0535,G02,LOGO,holdout_G02,G02,250,50,0.001,0.75,0.1,0.1,4.0,46.263498,45.97204294958266,-0.2914550504173405,0.2914550504173405
G02_R0536,G02,LOGO,holdout_G02,G02,250,50,0.001,0.75,0.2,0.1,4.0,67.29077299999999,67.08161458757333,-0.2091584124266603,0.2091584124266603
G02_R0537,G02,LOGO,holdout_G02,G02,250,50,0.001,0.75,0.3,0.1,4.0,99.194275,99.26416253502131,0.0698875350213228,0.0698875350213228
G02_R0538,G02,LOGO,holdout_G02,G02,250,50,0.001,0.7,0.1,0.1,4.0,46.566862,46.19578362080493,-0.371078379195076,0.371078379195076
G02_R0539,G02,LOGO,holdout_G02,G02,250,50,0.001,0.7,0.2,0.1,4.0,67.875852,67.5091837072601,-0.3666682927398881,0.3666682927398881
G02_R0540,G02,LOGO,holdout_G02,G02,250,50,0.001,0.7,0.3,0.1,4.0,100.27625,100.06982771418843,-0.2064222858115698,0.2064222858115698
G02_R0541,G02,LOGO,holdout_G02,G02,250,50,0.0001,0.85,0.1,0.1,4.0,56.479241,56.060177223167145,-0.4190637768328571,0.4190637768328571
G02_R0542,G02,LOGO,holdout_G02,G02,250,50,0.0001,0.85,0.2,0.1,4.0,88.083718,87.51786385567199,-0.5658541443280143,0.5658541443280143
G02_R0543,G02,LOGO,holdout_G02,G02,250,50,0.0001,0.85,0.3,0.1,4.0,138.21117999999998,137.40967046773983,-0.8015095322601553,0.8015095322601553
G02_R0544,G02,LOGO,holdout_G02,G02,250,50,0.0001,0.8,0.1,0.1,4.0,56.670659,56.20583409041784,-0.4648249095821626,0.4648249095821626
G02_R0545,G02,LOGO,holdout_G02,G02,250,50,0.0001,0.8,0.2,0.1,4.0,88.580876,87.90728219660947,-0.6735938033905313,0.6735938033905313
G02_R0546,G02,LOGO,holdout_G02,G02,250,50,0.0001,0.8,0.3,0.1,4.0,139.199103,138.17502664903094,-1.024076350969068,1.024076350969068
G02_R0547,G02,LOGO,holdout_G02,G02,250,50,0.0001,0.75,0.1,0.1,4.0,56.877924,56.465136333092985,-0.4127876669070147,0.4127876669070147
G02_R0548,G02,LOGO,holdout_G02,G02,250,50,0.0001,0.75,0.2,0.1,4.0,89.137857,88.57932963393216,-0.5585273660678354,0.5585273660678354
G02_R0549,G02,LOGO,holdout_G02,G02,250,50,0.0001,0.75,0.3,0.1,4.0,140.32682599999998,139.55634799014672,-0.7704780098532638,0.7704780098532638
G02_R0550,G02,LOGO,holdout_G02,G02,250,50,0.0001,0.7,0.1,0.1,4.0,57.108011000000005,56.63345117434218,-0.4745598256578205,0.4745598256578205
G02_R0551,G02,LOGO,holdout_G02,G02,250,50,0.0001,0.7,0.2,0.1,4.0,89.766632,89.04429799126581,-0.7223340087341938,0.7223340087341938
G02_R0552,G02,LOGO,holdout_G02,G02,250,50,0.0001,0.7,0.3,0.1,4.0,141.604319,140.47408017827397,-1.1302388217260386,1.1302388217260386
G02_R0553,G02,LOGO,holdout_G02,G02,250,50,1e-05,0.85,0.1,0.1,4.0,82.47537200000001,82.06371646427817,-0.4116555357218345,0.4116555357218345
G02_R0554,G02,LOGO,holdout_G02,G02,250,50,1e-05,0.85,0.2,0.1,4.0,170.49156,169.92123017587906,-0.5703298241209325,0.5703298241209325
G02_R0555,G02,LOGO,holdout_G02,G02,250,50,1e-05,0.85,0.3,0.1,4.0,310.83976,310.01008203723336,-0.8296779627666524,0.8296779627666524
G02_R0556,G02,LOGO,holdout_G02,G02,250,50,1e-05,0.8,0.1,0.1,4.0,82.87273400000001,82.35381994646636,-0.5189140535336492,0.5189140535336492
G02_R0557,G02,LOGO,holdout_G02,G02,250,50,1e-05,0.8,0.2,0.1,4.0,171.74074000000002,170.885141400186,-0.8555985998140159,0.8555985998140159
G02_R0558,G02,LOGO,holdout_G02,G02,250,50,1e-05,0.8,0.3,0.1,4.0,313.37872,311.9015792122338,-1.4771407877661886,1.4771407877661886
G02_R0559,G02,LOGO,holdout_G02,G02,250,50,1e-05,0.75,0.1,0.1,4.0,83.32803200000001,82.91215059535104,-0.4158814046489709,0.4158814046489709
G02_R0560,G02,LOGO,holdout_G02,G02,250,50,1e-05,0.75,0.2,0.1,4.0,173.16984000000002,172.6268754678464,-0.5429645321536327,0.5429645321536327
G02_R0561,G02,LOGO,holdout_G02,G02,250,50,1e-05,0.75,0.3,0.1,4.0,316.31758,315.55230512853194,-0.7652748714680797,0.7652748714680797
G02_R0562,G02,LOGO,holdout_G02,G02,250,50,1e-05,0.7,0.1,0.1,4.0,83.853257,83.30627626410178,-0.5469807358982166,0.5469807358982166
G02_R0563,G02,LOGO,holdout_G02,G02,250,50,1e-05,0.7,0.2,0.1,4.0,174.84886,173.84473073243046,-1.0041292675695388,1.0041292675695388
G02_R0564,G02,LOGO,holdout_G02,G02,250,50,1e-05,0.7,0.3,0.1,4.0,319.74633,318.0168781222834,-1.729451877716599,1.729451877716599
G02_R0565,G02,LOGO,holdout_G02,G02,250,50,1e-06,0.85,0.1,0.1,4.0,266.88079,266.418618125924,-0.4621718740760343,0.4621718740760343
G02_R0566,G02,LOGO,holdout_G02,G02,250,50,1e-06,0.85,0.2,0.1,4.0,841.9586,841.3584337051966,-0.6001662948034436,0.6001662948034436
G02_R0567,G02,LOGO,holdout_G02,G02,250,50,1e-06,0.85,0.3,0.1,4.0,1783.55388,1782.5122855907146,-1.0415944092853806,1.0415944092853806
G02_R0568,G02,LOGO,holdout_G02,G02,250,50,1e-06,0.8,0.1,0.1,4.0,268.210538,267.4399408690214,-0.7705971309785582,0.7705971309785582
G02_R0569,G02,LOGO,holdout_G02,G02,250,50,1e-06,0.8,0.2,0.1,4.0,845.99828,844.7034672562322,-1.2948127437678068,1.2948127437678068
G02_R0570,G02,LOGO,holdout_G02,G02,250,50,1e-06,0.8,0.3,0.1,4.0,1791.55349,1788.9287424003344,-2.624747599665625,2.624747599665625
G02_R0571,G02,LOGO,holdout_G02,G02,250,50,1e-06,0.75,0.1,0.1,4.0,269.820268,269.42674581958045,-0.3935221804195521,0.3935221804195521
G02_R0572,G02,LOGO,holdout_G02,G02,250,50,1e-06,0.75,0.2,0.1,4.0,850.76793,849.7161216119533,-1.051808388046652,1.051808388046652
G02_R0573,G02,LOGO,holdout_G02,G02,250,50,1e-06,0.75,0.3,0.1,4.0,1800.9530599999998,1799.038624359982,-1.914435640017928,1.914435640017928
G02_R0574,G02,LOGO,holdout_G02,G02,250,50,1e-06,0.7,0.1,0.1,4.0,271.74998000000005,270.8672200904423,-0.8827599095577625,0.8827599095577625
G02_R0575,G02,LOGO,holdout_G02,G02,250,50,1e-06,0.7,0.2,0.1,4.0,856.36756,854.5656912306275,-1.801868769372504,1.801868769372504
G02_R0576,G02,LOGO,holdout_G02,G02,250,50,1e-06,0.7,0.3,0.1,4.0,1812.05261,1809.0249923566091,-3.027617643390613,3.027617643390613
G02_R0577,G02,LOGO,holdout_G02,G02,500,3,0.001,0.85,0.1,0.1,4.0,111.502121,110.68140203592458,-0.8207189640754251,0.8207189640754251
G02_R0578,G02,LOGO,holdout_G02,G02,500,3,0.001,0.85,0.2,0.1,4.0,164.665982,164.75302737295394,0.0870453729539235,0.0870453729539235
G02_R0579,G02,LOGO,holdout_G02,G02,500,3,0.001,0.85,0.3,0.1,4.0,244.34431,246.04304190724244,1.6987319072424327,1.6987319072424327
G02_R0580,G02,LOGO,holdout_G02,G02,500,3,0.001,0.8,0.1,0.1,4.0,112.267632,111.25114138982548,-1.0164906101745146,1.0164906101745146
G02_R0581,G02,LOGO,holdout_G02,G02,500,3,0.001,0.8,0.2,0.1,4.0,166.161144,165.92365954300078,-0.2374844569992262,0.2374844569992262
G02_R0582,G02,LOGO,holdout_G02,G02,500,3,0.001,0.8,0.3,0.1,4.0,247.06893,248.0954462801009,1.026516280100907,1.026516280100907
G02_R0583,G02,LOGO,holdout_G02,G02,500,3,0.001,0.75,0.1,0.1,4.0,113.082806,112.2354673102166,-0.8473386897834132,0.8473386897834132
G02_R0584,G02,LOGO,holdout_G02,G02,500,3,0.001,0.75,0.2,0.1,4.0,167.775959,167.88442576616194,0.1084667661619391,0.1084667661619391
G02_R0585,G02,LOGO,holdout_G02,G02,500,3,0.001,0.75,0.3,0.1,4.0,250.05325,251.83028643142052,1.7770364314205551,1.7770364314205551
G02_R0586,G02,LOGO,holdout_G02,G02,500,3,0.001,0.7,0.1,0.1,4.0,113.957727,112.87422459218288,-1.0835024078171358,1.0835024078171358
G02_R0587,G02,LOGO,holdout_G02,G02,500,3,0.001,0.7,0.2,0.1,4.0,169.54039,169.15322583065873,-0.3871641693412755,0.3871641693412755
G02_R0588,G02,LOGO,holdout_G02,G02,500,3,0.001,0.7,0.3,0.1,4.0,253.33725,254.28442913766932,0.9471791376693376,0.9471791376693376
G02_R0589,G02,LOGO,holdout_G02,G02,500,3,0.0001,0.85,0.1,0.1,4.0,136.42487300000002,135.17383765702715,-1.2510353429728696,1.2510353429728696
G02_R0590,G02,LOGO,holdout_G02,G02,500,3,0.0001,0.85,0.2,0.1,4.0,216.8412,215.30164817450245,-1.53955182549754,1.53955182549754
G02_R0591,G02,LOGO,holdout_G02,G02,500,3,0.0001,0.85,0.3,0.1,4.0,343.16717,341.47540442018123,-1.691765579818764,1.691765579818764
G02_R0592,G02,LOGO,holdout_G02,G02,500,3,0.0001,0.8,0.1,0.1,4.0,137.062055,135.66813922693393,-1.3939157730660554,1.3939157730660554
G02_R0593,G02,LOGO,holdout_G02,G02,500,3,0.0001,0.8,0.2,0.1,4.0,218.5781,216.62471747283507,-1.9533825271649332,1.9533825271649332
G02_R0594,G02,LOGO,holdout_G02,G02,500,3,0.0001,0.8,0.3,0.1,4.0,346.68384,344.2156073097636,-2.468232690236391,2.468232690236391
G02_R0595,G02,LOGO,holdout_G02,G02,500,3,0.0001,0.75,0.1,0.1,4.0,137.74897,136.4836818007733,-1.2652881992267169,1.2652881992267169
G02_R0596,G02,LOGO,holdout_G02,G02,500,3,0.0001,0.75,0.2,0.1,4.0,220.50471,218.9580686882832,-1.5466413117168258,1.5466413117168258
G02_R0597,G02,LOGO,holdout_G02,G02,500,3,0.0001,0.75,0.3,0.1,4.0,350.65023,349.0568546303462,-1.593375369653813,1.593375369653813
G02_R0598,G02,LOGO,holdout_G02,G02,500,3,0.0001,0.7,0.1,0.1,4.0,138.50558,137.04640240390742,-1.4591775960925872,1.4591775960925872
G02_R0599,G02,LOGO,holdout_G02,G02,500,3,0.0001,0.7,0.2,0.1,4.0,222.69099,220.549006956736,-2.1419830432639912,2.1419830432639912
G02_R0600,G02,LOGO,holdout_G02,G02,500,3,0.0001,0.7,0.3,0.1,4.0,355.18631000000005,352.35595568659375,-2.8303543134063034,2.8303543134063034
G02_R0601,G02,LOGO,holdout_G02,G02,500,3,1e-05,0.85,0.1,0.1,4.0,196.46441,195.19806875603703,-1.266341243962927,1.266341243962927
G02_R0602,G02,LOGO,holdout_G02,G02,500,3,1e-05,0.85,0.2,0.1,4.0,402.03798,400.5238470475844,-1.5141329524156504,1.5141329524156504
G02_R0603,G02,LOGO,holdout_G02,G02,500,3,1e-05,0.85,0.3,0.1,4.0,725.2446,723.3220817015675,-1.9225182984324647,1.9225182984324647
G02_R0604,G02,LOGO,holdout_G02,G02,500,3,1e-05,0.8,0.1,0.1,4.0,198.04323,196.42492104041705,-1.6183089595829756,1.6183089595829756
G02_R0605,G02,LOGO,holdout_G02,G02,500,3,1e-05,0.8,0.2,0.1,4.0,406.70653,404.2521066821618,-2.4544233178381774,2.4544233178381774
G02_R0606,G02,LOGO,holdout_G02,G02,500,3,1e-05,0.8,0.3,0.1,4.0,734.77295,730.4736521581704,-4.299297841829684,4.299297841829684
G02_R0607,G02,LOGO,holdout_G02,G02,500,3,1e-05,0.75,0.1,0.1,4.0,199.74195,198.472011867044,-1.269938132956014,1.269938132956014
G02_R0608,G02,LOGO,holdout_G02,G02,500,3,1e-05,0.75,0.2,0.1,4.0,411.89493,410.4654363336091,-1.429493666390897,1.429493666390897
G02_R0609,G02,LOGO,holdout_G02,G02,500,3,1e-05,0.75,0.3,0.1,4.0,745.40116,743.4259823713074,-1.9751776286925635,1.9751776286925635
G02_R0610,G02,LOGO,holdout_G02,G02,500,3,1e-05,0.7,0.1,0.1,4.0,201.46053,199.7479626020647,-1.7125673979353166,1.7125673979353166
G02_R0611,G02,LOGO,holdout_G02,G02,500,3,1e-05,0.7,0.2,0.1,4.0,417.67317,414.6891529722593,-2.98401702774072,2.98401702774072
G02_R0612,G02,LOGO,holdout_G02,G02,500,3,1e-05,0.7,0.3,0.1,4.0,757.56923,752.5697086567303,-4.999521343269635,4.999521343269635
G02_R0613,G02,LOGO,holdout_G02,G02,500,3,1e-06,0.85,0.1,0.1,4.0,584.51482,583.4119862840116,-1.1028337159883677,1.1028337159883677
G02_R0614,G02,LOGO,holdout_G02,G02,500,3,1e-06,0.85,0.2,0.1,4.0,1801.76112,1800.456646581818,-1.3044734181819422,1.3044734181819422
G02_R0615,G02,LOGO,holdout_G02,G02,500,3,1e-06,0.85,0.3,0.1,4.0,3780.4106,3778.0061268324057,-2.4044731675944604,2.4044731675944604
G02_R0616,G02,LOGO,holdout_G02,G02,500,3,1e-06,0.8,0.1,0.1,4.0,589.45434,587.0969953546019,-2.3573446453981437,2.3573446453981437
G02_R0617,G02,LOGO,holdout_G02,G02,500,3,1e-06,0.8,0.2,0.1,4.0,1816.56051,1812.6878316456705,-3.872678354329537,3.872678354329537
G02_R0618,G02,LOGO,holdout_G02,G02,500,3,1e-06,0.8,0.3,0.1,4.0,3810.10988,3801.900609454248,-8.209270545752133,8.209270545752133
G02_R0619,G02,LOGO,holdout_G02,G02,500,3,1e-06,0.75,0.1,0.1,4.0,595.28382,594.0221135810647,-1.2617064189353189,1.2617064189353189
G02_R0620,G02,LOGO,holdout_G02,G02,500,3,1e-06,0.75,0.2,0.1,4.0,1833.65986,1830.77955432,-2.880305679999765,2.880305679999765
G02_R0621,G02,LOGO,holdout_G02,G02,500,3,1e-06,0.75,0.3,0.1,4.0,3844.50911,3835.89611163921,-8.612998360789334,8.612998360789334
G02_R0622,G02,LOGO,holdout_G02,G02,500,3,1e-06,0.7,0.1,0.1,4.0,601.52327,598.7522848816208,-2.770985118379258,2.770985118379258
G02_R0623,G02,LOGO,holdout_G02,G02,500,3,1e-06,0.7,0.2,0.1,4.0,1852.45917,1847.424151889194,-5.03501811080605,5.03501811080605
G02_R0624,G02,LOGO,holdout_G02,G02,500,3,1e-06,0.7,0.3,0.1,4.0,3883.10828,3874.646999405944,-8.461280594055552,8.461280594055552
G02_R0625,G02,LOGO,holdout_G02,G02,500,6,0.001,0.85,0.1,0.1,4.0,111.502121,110.68159633611212,-0.8205246638878947,0.8205246638878947
G02_R0626,G02,LOGO,holdout_G02,G02,500,6,0.001,0.85,0.2,0.1,4.0,164.665982,164.753189405829,0.0872074058289911,0.0872074058289911
G02_R0627,G02,LOGO,holdout_G02,G02,500,6,0.001,0.85,0.3,0.1,4.0,244.34431,246.05576157390925,1.711451573909244,1.711451573909244
G02_R0628,G02,LOGO,holdout_G02,G02,500,6,0.001,0.8,0.1,0.1,4.0,112.267632,111.250530270013,-1.0171017299870044,1.0171017299870044
G02_R0629,G02,LOGO,holdout_G02,G02,500,6,0.001,0.8,0.2,0.1,4.0,166.161144,165.92382157587585,-0.2373224241241587,0.2373224241241587
G02_R0630,G02,LOGO,holdout_G02,G02,500,6,0.001,0.8,0.3,0.1,4.0,247.06893,248.1106519417677,1.0417219417677472,1.0417219417677472
G02_R0631,G02,LOGO,holdout_G02,G02,500,6,0.001,0.75,0.1,0.1,4.0,113.082806,112.2322495589041,-0.8505564410959039,0.8505564410959039
G02_R0632,G02,LOGO,holdout_G02,G02,500,6,0.001,0.75,0.2,0.1,4.0,167.775959,167.88673027491194,0.11077127491194,0.11077127491194
G02_R0633,G02,LOGO,holdout_G02,G02,500,6,0.001,0.75,0.3,0.1,4.0,250.05325,251.8400232451707,1.786773245170707,1.786773245170707
G02_R0634,G02,LOGO,holdout_G02,G02,500,6,0.001,0.7,0.1,0.1,4.0,113.957727,112.87117463837038,-1.0865523616296286,1.0865523616296286
G02_R0635,G02,LOGO,holdout_G02,G02,500,6,0.001,0.7,0.2,0.1,4.0,169.54039,169.15452703940875,-0.385862960591254,0.385862960591254
G02_R0636,G02,LOGO,holdout_G02,G02,500,6,0.001,0.7,0.3,0.1,4.0,253.33725,254.2941659514195,0.9569159514194894,0.9569159514194894
G02_R0637,G02,LOGO,holdout_G02,G02,500,6,0.0001,0.85,0.1,0.1,4.0,136.42487300000002,135.17356684423544,-1.2513061557645813,1.2513061557645813
G02_R0638,G02,LOGO,holdout_G02,G02,500,6,0.0001,0.85,0.2,0.1,4.0,216.8412,215.30082031825236,-1.5403796817476518,1.5403796817476518
G02_R0639,G02,LOGO,holdout_G02,G02,500,6,0.0001,0.85,0.3,0.1,4.0,343.16717,341.4756349089312,-1.691535091068772,1.691535091068772
G02_R0640,G02,LOGO,holdout_G02,G02,500,6,0.0001,0.8,0.1,0.1,4.0,137.062055,135.66786841414222,-1.3941865858577671,1.3941865858577671
G02_R0641,G02,LOGO,holdout_G02,G02,500,6,0.0001,0.8,0.2,0.1,4.0,218.5781,216.62388961658496,-1.9542103834150453,1.9542103834150453
G02_R0642,G02,LOGO,holdout_G02,G02,500,6,0.0001,0.8,0.3,0.1,4.0,346.68384,344.2158377985136,-2.4680022014864,2.4680022014864
G02_R0643,G02,LOGO,holdout_G02,G02,500,6,0.0001,0.75,0.1,0.1,4.0,137.74897,136.48257204868992,-1.266397951310097,1.266397951310097
G02_R0644,G02,LOGO,holdout_G02,G02,500,6,0.0001,0.75,0.2,0.1,4.0,220.50471,218.9511880586998,-1.5535219413001755,1.5535219413001755
G02_R0645,G02,LOGO,holdout_G02,G02,500,6,0.0001,0.75,0.3,0.1,4.0,350.65023,349.0606079878464,-1.5896220121536544,1.5896220121536544
G02_R0646,G02,LOGO,holdout_G02,G02,500,6,0.0001,0.7,0.1,0.1,4.0,138.50558,137.04572207057404,-1.459857929425965,1.459857929425965
G02_R0647,G02,LOGO,holdout_G02,G02,500,6,0.0001,0.7,0.2,0.1,4.0,222.69099,220.54212632715263,-2.148863672847341,2.148863672847341
G02_R0648,G02,LOGO,holdout_G02,G02,500,6,0.0001,0.7,0.3,0.1,4.0,355.18631000000005,352.362183625344,-2.824126374656089,2.824126374656089
G02_R0649,G02,LOGO,holdout_G02,G02,500,6,1e-05,0.85,0.1,0.1,4.0,196.46441,195.1926551164537,-1.271754883546265,1.271754883546265
G02_R0650,G02,LOGO,holdout_G02,G02,500,6,1e-05,0.85,0.2,0.1,4.0,402.03798,400.535976354013,-1.5020036459870312,1.5020036459870312
G02_R0651,G02,LOGO,holdout_G02,G02,500,6,1e-05,0.85,0.3,0.1,4.0,725.2446,723.2840130063591,-1.960586993640845,1.960586993640845
G02_R0652,G02,LOGO,holdout_G02,G02,500,6,1e-05,0.8,0.1,0.1,4.0,198.04323,196.41807516750035,-1.6251548324996463,1.6251548324996463
G02_R0653,G02,LOGO,holdout_G02,G02,500,6,1e-05,0.8,0.2,0.1,4.0,406.70653,404.2544965618543,-2.4520334381456905,2.4520334381456905
G02_R0654,G02,LOGO,holdout_G02,G02,500,6,1e-05,0.8,0.3,0.1,4.0,734.77295,730.4355834629616,-4.337366537038406,4.337366537038406
G02_R0655,G02,LOGO,holdout_G02,G02,500,6,1e-05,0.75,0.1,0.1,4.0,199.74195,198.4629392962107,-1.2790107037893108,1.2790107037893108
G02_R0656,G02,LOGO,holdout_G02,G02,500,6,1e-05,0.75,0.2,0.1,4.0,411.89493,410.46187714050393,-1.4330528594960583,1.4330528594960583
G02_R0657,G02,LOGO,holdout_G02,G02,500,6,1e-05,0.75,0.3,0.1,4.0,745.40116,743.4228529288074,-1.978307071192603,1.978307071192603
G02_R0658,G02,LOGO,holdout_G02,G02,500,6,1e-05,0.7,0.1,0.1,4.0,201.46053,199.7388900312314,-1.7216399687686137,1.7216399687686137
G02_R0659,G02,LOGO,holdout_G02,G02,500,6,1e-05,0.7,0.2,0.1,4.0,417.67317,414.68559377915415,-2.987576220845881,2.987576220845881
G02_R0660,G02,LOGO,holdout_G02,G02,500,6,1e-05,0.7,0.3,0.1,4.0,757.56923,752.5778208500634,-4.991409149936544,4.991409149936544
G02_R0661,G02,LOGO,holdout_G02,G02,500,6,1e-06,0.85,0.1,0.1,4.0,584.51482,583.4046090423449,-1.110210957655113,1.110210957655113
G02_R0662,G02,LOGO,holdout_G02,G02,500,6,1e-06,0.85,0.2,0.1,4.0,1801.76112,1800.3986174630686,-1.362502536931288,1.362502536931288
G02_R0663,G02,LOGO,holdout_G02,G02,500,6,1e-06,0.85,0.3,0.1,4.0,3780.4106,3778.033929774457,-2.3766702255429664,2.3766702255429664
G02_R0664,G02,LOGO,holdout_G02,G02,500,6,1e-06,0.8,0.1,0.1,4.0,589.45434,587.0922293629351,-2.362110637064916,2.362110637064916
G02_R0665,G02,LOGO,holdout_G02,G02,500,6,1e-06,0.8,0.2,0.1,4.0,1816.56051,1812.5799292769204,-3.980580723079584,3.980580723079584
G02_R0666,G02,LOGO,holdout_G02,G02,500,6,1e-06,0.8,0.3,0.1,4.0,3810.10988,3802.105758754633,-8.00412124536706,8.00412124536706
G02_R0667,G02,LOGO,holdout_G02,G02,500,6,1e-06,0.75,0.1,0.1,4.0,595.28382,594.0318409696064,-1.2519790303936134,1.2519790303936134
G02_R0668,G02,LOGO,holdout_G02,G02,500,6,1e-06,0.75,0.2,0.1,4.0,1833.65986,1830.563888901249,-3.0959710987508515,3.0959710987508515
G02_R0669,G02,LOGO,holdout_G02,G02,500,6,1e-06,0.75,0.3,0.1,4.0,3844.50911,3836.031988048583,-8.477121951416848,8.477121951416848
G02_R0670,G02,LOGO,holdout_G02,G02,500,6,1e-06,0.7,0.1,0.1,4.0,601.52327,598.7730834493292,-2.7501865506708327,2.7501865506708327
G02_R0671,G02,LOGO,holdout_G02,G02,500,6,1e-06,0.7,0.2,0.1,4.0,1852.45917,1847.3003575798189,-5.158812420181221,5.158812420181221
G02_R0672,G02,LOGO,holdout_G02,G02,500,6,1e-06,0.7,0.3,0.1,4.0,3883.10828,3874.52694727886,-8.58133272114037,8.58133272114037
G02_R0673,G02,LOGO,holdout_G02,G02,500,20,0.001,0.85,0.1,0.1,4.0,111.502121,110.68632269154068,-0.8157983084593212,0.8157983084593212
G02_R0674,G02,LOGO,holdout_G02,G02,500,20,0.001,0.85,0.2,0.1,4.0,164.66598100000002,164.75767099607302,0.0916899960730006,0.0916899960730006
G02_R0675,G02,LOGO,holdout_G02,G02,500,20,0.001,0.85,0.3,0.1,4.0,244.34431,246.07496044557575,1.730650445575776,1.730650445575776
G02_R0676,G02,LOGO,holdout_G02,G02,500,20,0.001,0.8,0.1,0.1,4.0,112.267632,111.25618748015,-1.0114445198500164,1.0114445198500164
G02_R0677,G02,LOGO,holdout_G02,G02,500,20,0.001,0.8,0.2,0.1,4.0,166.161144,165.92513118486983,-0.2360128151301523,0.2360128151301523
G02_R0678,G02,LOGO,holdout_G02,G02,500,20,0.001,0.8,0.3,0.1,4.0,247.06893,248.13249231343423,1.0635623134342609,1.0635623134342609
G02_R0679,G02,LOGO,holdout_G02,G02,500,20,0.001,0.75,0.1,0.1,4.0,113.082806,112.23760193286532,-0.8452040671346737,0.8452040671346737
G02_R0680,G02,LOGO,holdout_G02,G02,500,20,0.001,0.75,0.2,0.1,4.0,167.775959,167.88458210705474,0.1086231070547398,0.1086231070547398
G02_R0681,G02,LOGO,holdout_G02,G02,500,20,0.001,0.75,0.3,0.1,4.0,250.05325,251.8476262047756,1.7943762047756024,1.7943762047756024
G02_R0682,G02,LOGO,holdout_G02,G02,500,20,0.001,0.7,0.1,0.1,4.0,113.957727,112.8758498554807,-1.0818771445193107,1.0818771445193107
G02_R0683,G02,LOGO,holdout_G02,G02,500,20,0.001,0.7,0.2,0.1,4.0,169.54039,169.15278019155153,-0.3876098084484738,0.3876098084484738
G02_R0684,G02,LOGO,holdout_G02,G02,500,20,0.001,0.7,0.3,0.1,4.0,253.33725,254.3017689110244,0.9645189110243848,0.9645189110243848
G02_R0685,G02,LOGO,holdout_G02,G02,500,20,0.0001,0.85,0.1,0.1,4.0,136.42487300000002,135.17971484703168,-1.2451581529683438,1.2451581529683438
G02_R0686,G02,LOGO,holdout_G02,G02,500,20,0.0001,0.85,0.2,0.1,4.0,216.8412,215.29981634077228,-1.541383659227705,1.541383659227705
G02_R0687,G02,LOGO,holdout_G02,G02,500,20,0.0001,0.85,0.3,0.1,4.0,343.16717,341.4965951614312,-1.6705748385688253,1.6705748385688253
G02_R0688,G02,LOGO,holdout_G02,G02,500,20,0.0001,0.8,0.1,0.1,4.0,137.062055,135.67385956362585,-1.388195436374133,1.388195436374133
G02_R0689,G02,LOGO,holdout_G02,G02,500,20,0.0001,0.8,0.2,0.1,4.0,218.5781,216.6288101641049,-1.949289835895144,1.949289835895144
G02_R0690,G02,LOGO,holdout_G02,G02,500,20,0.0001,0.8,0.3,0.1,4.0,346.68384,344.23237357913854,-2.4514664208614363,2.4514664208614363
G02_R0691,G02,LOGO,holdout_G02,G02,500,20,0.0001,0.75,0.1,0.1,4.0,137.74897,136.48657790443397,-1.2623920955660424,1.2623920955660424
G02_R0692,G02,LOGO,holdout_G02,G02,500,20,0.0001,0.75,0.2,0.1,4.0,220.50471,218.96529881675545,-1.5394111832445674,1.5394111832445674
G02_R0693,G02,LOGO,holdout_G02,G02,500,20,0.0001,0.75,0.3,0.1,4.0,350.65023,349.0575091915221,-1.5927208084779068,1.5927208084779068
G02_R0694,G02,LOGO,holdout_G02,G02,500,20,0.0001,0.7,0.1,0.1,4.0,138.50558,137.05071063840174,-1.45486936159827,1.45486936159827
G02_R0695,G02,LOGO,holdout_G02,G02,500,20,0.0001,0.7,0.2,0.1,4.0,222.69099,220.55744176020823,-2.133548239791736,2.133548239791736
G02_R0696,G02,LOGO,holdout_G02,G02,500,20,0.0001,0.7,0.3,0.1,4.0,355.18631000000005,352.35194236651955,-2.834367633480497,2.834367633480497
G02_R0697,G02,LOGO,holdout_G02,G02,500,20,1e-05,0.85,0.1,0.1,4.0,196.46441,195.193870047148,-1.2705399528519763,1.2705399528519763
G02_R0698,G02,LOGO,holdout_G02,G02,500,20,1e-05,0.85,0.2,0.1,4.0,402.03798,400.52691525859626,-1.511064741403743,1.511064741403743
G02_R0699,G02,LOGO,holdout_G02,G02,500,20,1e-05,0.85,0.3,0.1,4.0,725.2446,723.2503474326688,-1.9942525673311595,1.9942525673311595
G02_R0700,G02,LOGO,holdout_G02,G02,500,20,1e-05,0.8,0.1,0.1,4.0,198.04323,196.418015481528,-1.6252145184720064,1.6252145184720064
G02_R0701,G02,LOGO,holdout_G02,G02,500,20,1e-05,0.8,0.2,0.1,4.0,406.78652,404.26279190518784,-2.5237280948121565,2.5237280948121565
G02_R0702,G02,LOGO,holdout_G02,G02,500,20,1e-05,0.8,0.3,0.1,4.0,734.77295,730.3952751330216,-4.377674866978396,4.377674866978396
G02_R0703,G02,LOGO,holdout_G02,G02,500,20,1e-05,0.75,0.1,0.1,4.0,199.74195,198.47978342640872,-1.262166573591287,1.262166573591287
G02_R0704,G02,LOGO,holdout_G02,G02,500,20,1e-05,0.75,0.2,0.1,4.0,411.89493,410.45422789428426,-1.4407021057157294,1.4407021057157294
G02_R0705,G02,LOGO,holdout_G02,G02,500,20,1e-05,0.75,0.3,0.1,4.0,745.40116,743.4443474055633,-1.956812594436656,1.956812594436656
G02_R0706,G02,LOGO,holdout_G02,G02,500,20,1e-05,0.7,0.1,0.1,4.0,201.46053,199.75289098553668,-1.7076390144633251,1.7076390144633251
G02_R0707,G02,LOGO,holdout_G02,G02,500,20,1e-05,0.7,0.2,0.1,4.0,417.67317,414.68449273591176,-2.988677264088267,2.988677264088267
G02_R0708,G02,LOGO,holdout_G02,G02,500,20,1e-05,0.7,0.3,0.1,4.0,757.56923,752.5993153268194,-4.969914673180597,4.969914673180597
G02_R0709,G02,LOGO,holdout_G02,G02,500,20,1e-06,0.85,0.1,0.1,4.0,584.51482,583.3689586847898,-1.145861315210141,1.145861315210141
G02_R0710,G02,LOGO,holdout_G02,G02,500,20,1e-06,0.85,0.2,0.1,4.0,1801.76112,1800.3316817845418,-1.429438215458049,1.429438215458049
G02_R0711,G02,LOGO,holdout_G02,G02,500,20,1e-06,0.85,0.3,0.1,4.0,3780.4106,3778.045983816075,-2.3646161839251363,2.3646161839251363
G02_R0712,G02,LOGO,holdout_G02,G02,500,20,1e-06,0.8,0.1,0.1,4.0,589.45434,587.0583553573139,-2.3959846426861304,2.3959846426861304
G02_R0713,G02,LOGO,holdout_G02,G02,500,20,1e-06,0.8,0.2,0.1,4.0,1816.56051,1812.4105004338096,-4.150009566190192,4.150009566190192
G02_R0714,G02,LOGO,holdout_G02,G02,500,20,1e-06,0.8,0.3,0.1,4.0,3810.10988,3802.2164829158337,-7.893397084166281,7.893397084166281
G02_R0715,G02,LOGO,holdout_G02,G02,500,20,1e-06,0.75,0.1,0.1,4.0,595.28382,594.0059200099317,-1.2778999900682493,1.2778999900682493
G02_R0716,G02,LOGO,holdout_G02,G02,500,20,1e-06,0.75,0.2,0.1,4.0,1833.65986,1830.437621849092,-3.2222381509084244,3.2222381509084244
G02_R0717,G02,LOGO,holdout_G02,G02,500,20,1e-06,0.75,0.3,0.1,4.0,3844.50911,3836.022440300461,-8.486669699539561,8.486669699539561
G02_R0718,G02,LOGO,holdout_G02,G02,500,20,1e-06,0.7,0.1,0.1,4.0,601.52327,598.7543773188232,-2.768892681176794,2.768892681176794
G02_R0719,G02,LOGO,holdout_G02,G02,500,20,1e-06,0.7,0.2,0.1,4.0,1852.45917,1847.345866770832,-5.113303229168423,5.113303229168423
G02_R0720,G02,LOGO,holdout_G02,G02,500,20,1e-06,0.7,0.3,0.1,4.0,3883.10828,3874.417459438414,-8.690820561585952,8.690820561585952
G02_R0721,G02,LOGO,holdout_G02,G02,500,50,0.001,0.85,0.1,0.1,4.0,111.502121,110.68525950487404,-0.8168614951259485,0.8168614951259485
G02_R0722,G02,LOGO,holdout_G02,G02,500,50,0.001,0.85,0.2,0.1,4.0,164.66598100000002,164.75710184619803,0.0911208461980379,0.0911208461980379
G02_R0723,G02,LOGO,holdout_G02,G02,500,50,0.001,0.85,0.3,0.1,4.0,244.34431,246.0706820122424,1.7263720122423931,1.7263720122423931
G02_R0724,G02,LOGO,holdout_G02,G02,500,50,0.001,0.8,0.1,0.1,4.0,112.267632,111.25512429348332,-1.012507706516672,1.012507706516672
G02_R0725,G02,LOGO,holdout_G02,G02,500,50,0.001,0.8,0.2,0.1,4.0,166.161144,165.9245620349949,-0.236581965005115,0.236581965005115
G02_R0726,G02,LOGO,holdout_G02,G02,500,50,0.001,0.8,0.3,0.1,4.0,247.06893,248.1261422176009,1.0572122176008634,1.0572122176008634
G02_R0727,G02,LOGO,holdout_G02,G02,500,50,0.001,0.75,0.1,0.1,4.0,113.082805,112.23399296257364,-0.8488120374263417,0.8488120374263417
G02_R0728,G02,LOGO,holdout_G02,G02,500,50,0.001,0.75,0.2,0.1,4.0,167.775959,167.88595603517976,0.1099970351797594,0.1099970351797594
G02_R0729,G02,LOGO,holdout_G02,G02,500,50,0.001,0.75,0.3,0.1,4.0,250.05325,251.84520926519207,1.7919592651921334,1.7919592651921334
G02_R0730,G02,LOGO,holdout_G02,G02,500,50,0.001,0.7,0.1,0.1,4.0,113.957726,112.8721569962307,-1.0855690037692938,1.0855690037692938
G02_R0731,G02,LOGO,holdout_G02,G02,500,50,0.001,0.7,0.2,0.1,4.0,169.54039,169.15444284717654,-0.3859471528234621,0.3859471528234621
G02_R0732,G02,LOGO,holdout_G02,G02,500,50,0.001,0.7,0.3,0.1,4.0,253.33725,254.29935197144096,0.9621019714409442,0.9621019714409442
G02_R0733,G02,LOGO,holdout_G02,G02,500,50,0.0001,0.85,0.1,0.1,4.0,136.434869,135.1758186653234,-1.259050334676601,1.259050334676601
G02_R0734,G02,LOGO,holdout_G02,G02,500,50,0.0001,0.85,0.2,0.1,4.0,216.8412,215.30024715014733,-1.5409528498526583,1.5409528498526583
G02_R0735,G02,LOGO,holdout_G02,G02,500,50,0.0001,0.85,0.3,0.1,4.0,343.16717,341.4755394814312,-1.691630518568786,1.691630518568786
G02_R0736,G02,LOGO,holdout_G02,G02,500,50,0.0001,0.8,0.1,0.1,4.0,137.062055,135.6699633819176,-1.3920916180823897,1.3920916180823897
G02_R0737,G02,LOGO,holdout_G02,G02,500,50,0.0001,0.8,0.2,0.1,4.0,218.58809,216.6285574672299,-1.9595325327700837,1.9595325327700837
G02_R0738,G02,LOGO,holdout_G02,G02,500,50,0.0001,0.8,0.3,0.1,4.0,346.68384,344.2113178991385,-2.472522100861454,2.472522100861454
G02_R0739,G02,LOGO,holdout_G02,G02,500,50,0.0001,0.75,0.1,0.1,4.0,137.74897,136.48922241901738,-1.2597475809826335,1.2597475809826335
G02_R0740,G02,LOGO,holdout_G02,G02,500,50,0.0001,0.75,0.2,0.1,4.0,220.50471,218.9778952625888,-1.5268147374112004,1.5268147374112004
G02_R0741,G02,LOGO,holdout_G02,G02,500,50,0.0001,0.75,0.3,0.1,4.0,350.65023,349.0638314929802,-1.586398507019794,1.586398507019794
G02_R0742,G02,LOGO,holdout_G02,G02,500,50,0.0001,0.7,0.1,0.1,4.0,138.50558,137.05378457173515,-1.4517954282648589,1.4517954282648589
G02_R0743,G02,LOGO,holdout_G02,G02,500,50,0.0001,0.7,0.2,0.1,4.0,222.69099,220.56883353104163,-2.122156468958366,2.122156468958366
G02_R0744,G02,LOGO,holdout_G02,G02,500,50,0.0001,0.7,0.3,0.1,4.0,355.18631000000005,352.35826466797783,-2.8280453320222136,2.8280453320222136
G02_R0745,G02,LOGO,holdout_G02,G02,500,50,1e-05,0.85,0.1,0.1,4.0,196.51441,195.1879797056302,-1.3264302943698,1.3264302943698
G02_R0746,G02,LOGO,holdout_G02,G02,500,50,1e-05,0.85,0.2,0.1,4.0,402.03798,400.51720279442975,-1.5207772055702549,1.5207772055702549
G02_R0747,G02,LOGO,holdout_G02,G02,500,50,1e-05,0.85,0.3,0.1,4.0,725.2446,723.2565753195438,-1.988024680456192,1.988024680456192
G02_R0748,G02,LOGO,holdout_G02,G02,500,50,1e-05,0.8,0.1,0.1,4.0,198.06323,196.4126716400102,-1.650558359989816,1.650558359989816
G02_R0749,G02,LOGO,holdout_G02,G02,500,50,1e-05,0.8,0.2,0.1,4.0,406.82652,404.25307944102127,-2.5734405589787457,2.5734405589787457
G02_R0750,G02,LOGO,holdout_G02,G02,500,50,1e-05,0.8,0.3,0.1,4.0,734.77295,730.3807626823971,-4.392187317602975,4.392187317602975
G02_R0751,G02,LOGO,holdout_G02,G02,500,50,1e-05,0.75,0.1,0.1,4.0,199.77195,198.4635979909324,-1.3083520090676188,1.3083520090676188
G02_R0752,G02,LOGO,holdout_G02,G02,500,50,1e-05,0.75,0.2,0.1,4.0,411.94493,410.4550646676177,-1.489865332382294,1.489865332382294
G02_R0753,G02,LOGO,holdout_G02,G02,500,50,1e-05,0.75,0.3,0.1,4.0,745.40116,743.5090430453549,-1.892116954645076,1.892116954645076
G02_R0754,G02,LOGO,holdout_G02,G02,500,50,1e-05,0.7,0.1,0.1,4.0,201.50053,199.74227897803652,-1.7582510219634455,1.7582510219634455
G02_R0755,G02,LOGO,holdout_G02,G02,500,50,1e-05,0.7,0.2,0.1,4.0,417.7131700000001,414.6853295092452,-3.027840490754897,3.027840490754897
G02_R0756,G02,LOGO,holdout_G02,G02,500,50,1e-05,0.7,0.3,0.1,4.0,757.56923,752.6766152916111,-4.892614708388805,4.892614708388805
G02_R0757,G02,LOGO,holdout_G02,G02,500,50,1e-06,0.85,0.1,0.1,4.0,584.52482,583.3627236322901,-1.1620963677098644,1.1620963677098644
G02_R0758,G02,LOGO,holdout_G02,G02,500,50,1e-06,0.85,0.2,0.1,4.0,1801.76112,1800.3596616695418,-1.4014583304581263,1.4014583304581263
G02_R0759,G02,LOGO,holdout_G02,G02,500,50,1e-06,0.85,0.3,0.1,4.0,3780.4106,3778.136062344304,-2.274537655696804,2.274537655696804
G02_R0760,G02,LOGO,holdout_G02,G02,500,50,1e-06,0.8,0.1,0.1,4.0,589.46434,587.037386523564,-2.4269534764359832,2.4269534764359832
G02_R0761,G02,LOGO,holdout_G02,G02,500,50,1e-06,0.8,0.2,0.1,4.0,1816.56051,1812.394307927143,-4.166202072857004,4.166202072857004
G02_R0762,G02,LOGO,holdout_G02,G02,500,50,1e-06,0.8,0.3,0.1,4.0,3810.10988,3802.25774719692,-7.852132803080622,7.852132803080622
G02_R0763,G02,LOGO,holdout_G02,G02,500,50,1e-06,0.75,0.1,0.1,4.0,595.30382,594.005365348503,-1.298454651496968,1.298454651496968
G02_R0764,G02,LOGO,holdout_G02,G02,500,50,1e-06,0.75,0.2,0.1,4.0,1833.65986,1830.607919547901,-3.051940452098961,3.051940452098961
G02_R0765,G02,LOGO,holdout_G02,G02,500,50,1e-06,0.75,0.3,0.1,4.0,3844.50911,3836.163220415462,-8.345889584537872,8.345889584537872
G02_R0766,G02,LOGO,holdout_G02,G02,500,50,1e-06,0.7,0.1,0.1,4.0,601.54327,598.7741916073944,-2.769078392605593,2.769078392605593
G02_R0767,G02,LOGO,holdout_G02,G02,500,50,1e-06,0.7,0.2,0.1,4.0,1852.45917,1847.4474168311,-5.0117531689002135,5.0117531689002135
G02_R0768,G02,LOGO,holdout_G02,G02,500,50,1e-06,0.7,0.3,0.1,4.0,3883.10828,3874.292191733415,-8.816088266584757,8.816088266584757
G03_R0001,G03,LOGO,holdout_G03,G03,25,3,0.001,0.85,0.1,0.1,5.0,3.6378386,3.6486707365788185,0.0108321365788186,0.0108321365788186
G03_R0002,G03,LOGO,holdout_G03,G03,25,3,0.001,0.85,0.2,0.1,5.0,5.1213678,5.138712947207603,0.0173451472076031,0.0173451472076031
G03_R0003,G03,LOGO,holdout_G03,G03,25,3,0.001,0.85,0.3,0.1,5.0,7.335414099999999,7.362417931352132,0.0270038313521334,0.0270038313521334
G03_R0004,G03,LOGO,holdout_G03,G03,25,3,0.001,0.8,0.1,0.1,5.0,3.6500287,3.658400446445503,0.008371746445503,0.008371746445503
G03_R0005,G03,LOGO,holdout_G03,G03,25,3,0.001,0.8,0.2,0.1,5.0,5.1449592,5.157083620707506,0.0121244207075061,0.0121244207075061
G03_R0006,G03,LOGO,holdout_G03,G03,25,3,0.001,0.8,0.3,0.1,5.0,7.3738426,7.392841325548593,0.0189987255485934,0.0189987255485934
G03_R0007,G03,LOGO,holdout_G03,G03,25,3,0.001,0.75,0.1,0.1,5.0,3.662894,3.673887269215903,0.0109932692159029,0.0109932692159029
G03_R0008,G03,LOGO,holdout_G03,G03,25,3,0.001,0.75,0.2,0.1,5.0,5.1698109,5.187266237813053,0.017455337813053,0.017455337813053
G03_R0009,G03,LOGO,holdout_G03,G03,25,3,0.001,0.75,0.3,0.1,5.0,7.4147238,7.442132434306314,0.0274086343063144,0.0274086343063144
G03_R0010,G03,LOGO,holdout_G03,G03,25,3,0.001,0.7,0.1,0.1,5.0,3.6763313,3.6841189132694137,0.0077876132694134,0.0077876132694134
G03_R0011,G03,LOGO,holdout_G03,G03,25,3,0.001,0.7,0.2,0.1,5.0,5.1961174,5.20652393568817,0.0104065356881699,0.0104065356881699
G03_R0012,G03,LOGO,holdout_G03,G03,25,3,0.001,0.7,0.3,0.1,5.0,7.458351,7.475323686508542,0.0169726865085415,0.0169726865085415
G03_R0013,G03,LOGO,holdout_G03,G03,25,3,0.0001,0.85,0.1,0.1,5.0,4.579352,4.593415240317768,0.0140632403177676,0.0140632403177676
G03_R0014,G03,LOGO,holdout_G03,G03,25,3,0.0001,0.85,0.2,0.1,5.0,6.9865268,7.008052230744807,0.0215254307448073,0.0215254307448073
G03_R0015,G03,LOGO,holdout_G03,G03,25,3,0.0001,0.85,0.3,0.1,5.0,10.846987,10.884582588834505,0.0375955888345043,0.0375955888345043
G03_R0016,G03,LOGO,holdout_G03,G03,25,3,0.0001,0.8,0.1,0.1,5.0,4.589120599999999,4.6010160136114,0.0118954136114011,0.0118954136114011
G03_R0017,G03,LOGO,holdout_G03,G03,25,3,0.0001,0.8,0.2,0.1,5.0,7.0045505,7.021984827286542,0.0174343272865424,0.0174343272865424
G03_R0018,G03,LOGO,holdout_G03,G03,25,3,0.0001,0.8,0.3,0.1,5.0,10.877645,10.908007313834569,0.0303623138345692,0.0303623138345692
G03_R0019,G03,LOGO,holdout_G03,G03,25,3,0.0001,0.75,0.1,0.1,5.0,4.5994654,4.613611353606284,0.0141459536062846,0.0141459536062846
G03_R0020,G03,LOGO,holdout_G03,G03,25,3,0.0001,0.75,0.2,0.1,5.0,7.0239448,7.045941623967277,0.0219968239672772,0.0219968239672772
G03_R0021,G03,LOGO,holdout_G03,G03,25,3,0.0001,0.75,0.3,0.1,5.0,10.911267,10.95025262871277,0.0389856287127692,0.0389856287127692
G03_R0022,G03,LOGO,holdout_G03,G03,25,3,0.0001,0.7,0.1,0.1,5.0,4.6104826,4.621674471002049,0.0111918710020493,0.0111918710020493
G03_R0023,G03,LOGO,holdout_G03,G03,25,3,0.0001,0.7,0.2,0.1,5.0,7.0450047,7.06127324249232,0.0162685424923205,0.0162685424923205
G03_R0024,G03,LOGO,holdout_G03,G03,25,3,0.0001,0.7,0.3,0.1,5.0,10.948847,10.977333446337612,0.0284864463376113,0.0284864463376113
G03_R0025,G03,LOGO,holdout_G03,G03,25,3,1e-05,0.85,0.1,0.1,5.0,6.855265,6.870654376437485,0.0153893764374846,0.0153893764374846
G03_R0026,G03,LOGO,holdout_G03,G03,25,3,1e-05,0.85,0.2,0.1,5.0,14.364125,14.391357448431432,0.0272324484314321,0.0272324484314321
G03_R0027,G03,LOGO,holdout_G03,G03,25,3,1e-05,0.85,0.3,0.1,5.0,26.454431,26.51291960004032,0.0584886000403201,0.0584886000403201
G03_R0028,G03,LOGO,holdout_G03,G03,25,3,1e-05,0.8,0.1,0.1,5.0,6.866778,6.879286711437469,0.0125087114374693,0.0125087114374693
G03_R0029,G03,LOGO,holdout_G03,G03,25,3,1e-05,0.8,0.2,0.1,5.0,14.390005,14.41087040443143,0.0208654044314293,0.0208654044314293
G03_R0030,G03,LOGO,holdout_G03,G03,25,3,1e-05,0.8,0.3,0.1,5.0,26.501281,26.548292637975106,0.0470116379751033,0.0470116379751033
G03_R0031,G03,LOGO,holdout_G03,G03,25,3,1e-05,0.75,0.1,0.1,5.0,6.879683,6.895301672445044,0.0156186724450435,0.0156186724450435
G03_R0032,G03,LOGO,holdout_G03,G03,25,3,1e-05,0.75,0.2,0.1,5.0,14.418874,14.447130099578796,0.0282560995787957,0.0282560995787957
G03_R0033,G03,LOGO,holdout_G03,G03,25,3,1e-05,0.75,0.3,0.1,5.0,26.554117,26.612715936205067,0.0585989362050654,0.0585989362050654
G03_R0034,G03,LOGO,holdout_G03,G03,25,3,1e-05,0.7,0.1,0.1,5.0,6.894078,6.905874633695202,0.0117966336952015,0.0117966336952015
G03_R0035,G03,LOGO,holdout_G03,G03,25,3,1e-05,0.7,0.2,0.1,5.0,14.45173,14.47133892405811,0.0196089240581098,0.0196089240581098
G03_R0036,G03,LOGO,holdout_G03,G03,25,3,1e-05,0.7,0.3,0.1,5.0,26.613936,26.656457117455545,0.0425211174555428,0.0425211174555428
G03_R0037,G03,LOGO,holdout_G03,G03,25,3,1e-06,0.85,0.1,0.1,5.0,24.692514,24.724684492187347,0.0321704921873475,0.0321704921873475
G03_R0038,G03,LOGO,holdout_G03,G03,25,3,1e-06,0.85,0.2,0.1,5.0,79.401471,79.45220607979121,0.0507350797912096,0.0507350797912096
G03_R0039,G03,LOGO,holdout_G03,G03,25,3,1e-06,0.85,0.3,0.1,5.0,169.271158,169.37417312494566,0.1030151249456423,0.1030151249456423
G03_R0040,G03,LOGO,holdout_G03,G03,25,3,1e-06,0.8,0.1,0.1,5.0,24.743481,24.76214807812478,0.0186670781247819,0.0186670781247819
G03_R0041,G03,LOGO,holdout_G03,G03,25,3,1e-06,0.8,0.2,0.1,5.0,79.502428,79.52994048663743,0.0275124866374341,0.0275124866374341
G03_R0042,G03,LOGO,holdout_G03,G03,25,3,1e-06,0.8,0.3,0.1,5.0,169.44110500000002,169.50499409244324,0.0638890924432189,0.0638890924432189
G03_R0043,G03,LOGO,holdout_G03,G03,25,3,1e-06,0.75,0.1,0.1,5.0,24.798445,24.83037465818787,0.0319296581878703,0.0319296581878703
G03_R0044,G03,LOGO,holdout_G03,G03,25,3,1e-06,0.75,0.2,0.1,5.0,79.615382,79.6693350403862,0.0539530403862045,0.0539530403862045
G03_R0045,G03,LOGO,holdout_G03,G03,25,3,1e-06,0.75,0.3,0.1,5.0,169.631047,169.7347723254465,0.1037253254465042,0.1037253254465042
G03_R0046,G03,LOGO,holdout_G03,G03,25,3,1e-06,0.7,0.1,0.1,5.0,24.858406,24.873499209229127,0.0150932092291284,0.0150932092291284
G03_R0047,G03,LOGO,holdout_G03,G03,25,3,1e-06,0.7,0.2,0.1,5.0,79.741332,79.760404488809,0.0190724888090016,0.0190724888090016
G03_R0048,G03,LOGO,holdout_G03,G03,25,3,1e-06,0.7,0.3,0.1,5.0,169.84098600000002,169.89125723907316,0.0502712390731403,0.0502712390731403
G03_R0049,G03,LOGO,holdout_G03,G03,25,6,0.001,0.85,0.1,0.1,5.0,3.6378386,3.648657168247568,0.0108185682475676,0.0108185682475676
G03_R0050,G03,LOGO,holdout_G03,G03,25,6,0.001,0.85,0.2,0.1,5.0,5.1213678,5.138668501874269,0.0173007018742694,0.0173007018742694
G03_R0051,G03,LOGO,holdout_G03,G03,25,6,0.001,0.85,0.3,0.1,5.0,7.335414099999999,7.3625262907896305,0.0271121907896318,0.0271121907896318
G03_R0052,G03,LOGO,holdout_G03,G03,25,6,0.001,0.8,0.1,0.1,5.0,3.6500287,3.658386878114252,0.0083581781142516,0.0083581781142516
G03_R0053,G03,LOGO,holdout_G03,G03,25,6,0.001,0.8,0.2,0.1,5.0,5.1449592,5.157079789374173,0.0121205893741729,0.0121205893741729
G03_R0054,G03,LOGO,holdout_G03,G03,25,6,0.001,0.8,0.3,0.1,5.0,7.3738426,7.392949684986092,0.0191070849860919,0.0191070849860919
G03_R0055,G03,LOGO,holdout_G03,G03,25,6,0.001,0.75,0.1,0.1,5.0,3.662894,3.673910955815903,0.011016955815903,0.011016955815903
G03_R0056,G03,LOGO,holdout_G03,G03,25,6,0.001,0.75,0.2,0.1,5.0,5.1698109,5.187280216213057,0.0174693162130568,0.0174693162130568
G03_R0057,G03,LOGO,holdout_G03,G03,25,6,0.001,0.75,0.3,0.1,5.0,7.4147238,7.442358871739645,0.0276350717396454,0.0276350717396454
G03_R0058,G03,LOGO,holdout_G03,G03,25,6,0.001,0.7,0.1,0.1,5.0,3.6763313,3.684142599869414,0.0078112998694139,0.0078112998694139
G03_R0059,G03,LOGO,holdout_G03,G03,25,6,0.001,0.7,0.2,0.1,5.0,5.1961174,5.206537914088174,0.0104205140881736,0.0104205140881736
G03_R0060,G03,LOGO,holdout_G03,G03,25,6,0.001,0.7,0.3,0.1,5.0,7.458351,7.475550123941873,0.0171991239418725,0.0171991239418725
G03_R0061,G03,LOGO,holdout_G03,G03,25,6,0.0001,0.85,0.1,0.1,5.0,4.579352,4.593375910890684,0.0140239108906836,0.0140239108906836
G03_R0062,G03,LOGO,holdout_G03,G03,25,6,0.0001,0.85,0.2,0.1,5.0,6.9865268,7.008103926838557,0.0215771268385571,0.0215771268385571
G03_R0063,G03,LOGO,holdout_G03,G03,25,6,0.0001,0.85,0.3,0.1,5.0,10.846987,10.88457556350117,0.0375885635011687,0.0375885635011687
G03_R0064,G03,LOGO,holdout_G03,G03,25,6,0.0001,0.8,0.1,0.1,5.0,4.589120599999999,4.600958564975984,0.0118379649759843,0.0118379649759843
G03_R0065,G03,LOGO,holdout_G03,G03,25,6,0.0001,0.8,0.2,0.1,5.0,7.0045505,7.022036523380291,0.0174860233802913,0.0174860233802913
G03_R0066,G03,LOGO,holdout_G03,G03,25,6,0.0001,0.8,0.3,0.1,5.0,10.877645,10.908000288501231,0.0303552885012337,0.0303552885012337
G03_R0067,G03,LOGO,holdout_G03,G03,25,6,0.0001,0.75,0.1,0.1,5.0,4.5994654,4.613567322075035,0.0141019220750351,0.0141019220750351
G03_R0068,G03,LOGO,holdout_G03,G03,25,6,0.0001,0.75,0.2,0.1,5.0,7.0239448,7.045919142051365,0.0219743420513651,0.0219743420513651
G03_R0069,G03,LOGO,holdout_G03,G03,25,6,0.0001,0.75,0.3,0.1,5.0,10.911267,10.950229768712772,0.0389627687127713,0.0389627687127713
G03_R0070,G03,LOGO,holdout_G03,G03,25,6,0.0001,0.7,0.1,0.1,5.0,4.6104826,4.621639141637466,0.0111565416374661,0.0111565416374661
G03_R0071,G03,LOGO,holdout_G03,G03,25,6,0.0001,0.7,0.2,0.1,5.0,7.0450047,7.061250760576408,0.0162460605764085,0.0162460605764085
G03_R0072,G03,LOGO,holdout_G03,G03,25,6,0.0001,0.7,0.3,0.1,5.0,10.948847,10.977310586337614,0.0284635863376134,0.0284635863376134
G03_R0073,G03,LOGO,holdout_G03,G03,25,6,1e-05,0.85,0.1,0.1,5.0,6.855265,6.870666473312486,0.0154014733124858,0.0154014733124858
G03_R0074,G03,LOGO,holdout_G03,G03,25,6,1e-05,0.85,0.2,0.1,5.0,14.364125,14.39139789218142,0.0272728921814202,0.0272728921814202
G03_R0075,G03,LOGO,holdout_G03,G03,25,6,1e-05,0.85,0.3,0.1,5.0,26.454431,26.513389326165324,0.0589583261653245,0.0589583261653245
G03_R0076,G03,LOGO,holdout_G03,G03,25,6,1e-05,0.8,0.1,0.1,5.0,6.866778,6.879298808312471,0.0125208083124706,0.0125208083124706
G03_R0077,G03,LOGO,holdout_G03,G03,25,6,1e-05,0.8,0.2,0.1,5.0,14.390005,14.410910848181418,0.0209058481814174,0.0209058481814174
G03_R0078,G03,LOGO,holdout_G03,G03,25,6,1e-05,0.8,0.3,0.1,5.0,26.501281,26.54874034993344,0.0474593499334368,0.0474593499334368
G03_R0079,G03,LOGO,holdout_G03,G03,25,6,1e-05,0.75,0.1,0.1,5.0,6.879683,6.8953436520283775,0.0156606520283775,0.0156606520283775
G03_R0080,G03,LOGO,holdout_G03,G03,25,6,1e-05,0.75,0.2,0.1,5.0,14.418874,14.446990791110045,0.0281167911100439,0.0281167911100439
G03_R0081,G03,LOGO,holdout_G03,G03,25,6,1e-05,0.75,0.3,0.1,5.0,26.554117,26.6125284771009,0.058411477100897,0.058411477100897
G03_R0082,G03,LOGO,holdout_G03,G03,25,6,1e-05,0.7,0.1,0.1,5.0,6.894078,6.905916613278536,0.0118386132785355,0.0118386132785355
G03_R0083,G03,LOGO,holdout_G03,G03,25,6,1e-05,0.7,0.2,0.1,5.0,14.45173,14.471199615589358,0.0194696155893581,0.0194696155893581
G03_R0084,G03,LOGO,holdout_G03,G03,25,6,1e-05,0.7,0.3,0.1,5.0,26.613936,26.656344429601376,0.0424084296013766,0.0424084296013766
G03_R0085,G03,LOGO,holdout_G03,G03,25,6,1e-06,0.85,0.1,0.1,5.0,24.692514,24.72467616452068,0.0321621645206811,0.0321621645206811
G03_R0086,G03,LOGO,holdout_G03,G03,25,6,1e-06,0.85,0.2,0.1,5.0,79.401471,79.45237882104122,0.0509078210412212,0.0509078210412212
G03_R0087,G03,LOGO,holdout_G03,G03,25,6,1e-06,0.85,0.3,0.1,5.0,169.271158,169.374849281279,0.1036912812789978,0.1036912812789978
G03_R0088,G03,LOGO,holdout_G03,G03,25,6,1e-06,0.8,0.1,0.1,5.0,24.743481,24.762139750458115,0.0186587504581154,0.0186587504581154
G03_R0089,G03,LOGO,holdout_G03,G03,25,6,1e-06,0.8,0.2,0.1,5.0,79.502428,79.53011322788744,0.0276852278874457,0.0276852278874457
G03_R0090,G03,LOGO,holdout_G03,G03,25,6,1e-06,0.8,0.3,0.1,5.0,169.44110500000002,169.50567024877662,0.0645652487766028,0.0645652487766028
G03_R0091,G03,LOGO,holdout_G03,G03,25,6,1e-06,0.75,0.1,0.1,5.0,24.798445,24.830686955062863,0.0322419550628652,0.0322419550628652
G03_R0092,G03,LOGO,holdout_G03,G03,25,6,1e-06,0.75,0.2,0.1,5.0,79.615382,79.66998544413617,0.0546034441361769,0.0546034441361769
G03_R0093,G03,LOGO,holdout_G03,G03,25,6,1e-06,0.75,0.3,0.1,5.0,169.631047,169.73472358982153,0.1036765898215321,0.1036765898215321
G03_R0094,G03,LOGO,holdout_G03,G03,25,6,1e-06,0.7,0.1,0.1,5.0,24.858406,24.87381150610412,0.0154055061041233,0.0154055061041233
G03_R0095,G03,LOGO,holdout_G03,G03,25,6,1e-06,0.7,0.2,0.1,5.0,79.741332,79.76121233005897,0.0198803300589673,0.0198803300589673
G03_R0096,G03,LOGO,holdout_G03,G03,25,6,1e-06,0.7,0.3,0.1,5.0,169.84098600000002,169.8911610179482,0.0501750179481916,0.0501750179481916
G03_R0097,G03,LOGO,holdout_G03,G03,25,20,0.001,0.85,0.1,0.1,5.0,3.6378386,3.6486063327207807,0.0107677327207809,0.0107677327207809
G03_R0098,G03,LOGO,holdout_G03,G03,25,20,0.001,0.85,0.2,0.1,5.0,5.1213678,5.138608893717126,0.0172410937171259,0.0172410937171259
G03_R0099,G03,LOGO,holdout_G03,G03,25,20,0.001,0.85,0.3,0.1,5.0,7.335414099999999,7.36264950930838,0.027235409308381,0.027235409308381
G03_R0100,G03,LOGO,holdout_G03,G03,25,20,0.001,0.8,0.1,0.1,5.0,3.6500287,3.658355501462465,0.0083268014624651,0.0083268014624651
G03_R0101,G03,LOGO,holdout_G03,G03,25,20,0.001,0.8,0.2,0.1,5.0,5.1449592,5.157013943717029,0.0120547437170293,0.0120547437170293
G03_R0102,G03,LOGO,holdout_G03,G03,25,20,0.001,0.8,0.3,0.1,5.0,7.3738426,7.39301897837984,0.0191763783798402,0.0191763783798402
G03_R0103,G03,LOGO,holdout_G03,G03,25,20,0.001,0.75,0.1,0.1,5.0,3.662894,3.673874863974236,0.0109808639742361,0.0109808639742361
G03_R0104,G03,LOGO,holdout_G03,G03,25,20,0.001,0.75,0.2,0.1,5.0,5.1698109,5.187273956194007,0.017463056194007,0.017463056194007
G03_R0105,G03,LOGO,holdout_G03,G03,25,20,0.001,0.75,0.3,0.1,5.0,7.4147238,7.442671870155419,0.0279480701554186,0.0279480701554186
G03_R0106,G03,LOGO,holdout_G03,G03,25,20,0.001,0.7,0.1,0.1,5.0,3.6763313,3.6841065080277473,0.0077752080277471,0.0077752080277471
G03_R0107,G03,LOGO,holdout_G03,G03,25,20,0.001,0.7,0.2,0.1,5.0,5.1961174,5.206542049902457,0.0104246499024567,0.0104246499024567
G03_R0108,G03,LOGO,holdout_G03,G03,25,20,0.001,0.7,0.3,0.1,5.0,7.458351,7.475863122357644,0.0175121223576439,0.0175121223576439
G03_R0109,G03,LOGO,holdout_G03,G03,25,20,0.0001,0.85,0.1,0.1,5.0,4.579352,4.593372224130266,0.0140202241302658,0.0140202241302658
G03_R0110,G03,LOGO,holdout_G03,G03,25,20,0.0001,0.85,0.2,0.1,5.0,6.9865268,7.008057435192726,0.0215306351927262,0.0215306351927262
G03_R0111,G03,LOGO,holdout_G03,G03,25,20,0.0001,0.85,0.3,0.1,5.0,10.846987,10.884701198358307,0.0377141983583086,0.0377141983583086
G03_R0112,G03,LOGO,holdout_G03,G03,25,20,0.0001,0.8,0.1,0.1,5.0,4.589120599999999,4.600961762278065,0.011841162278066,0.011841162278066
G03_R0113,G03,LOGO,holdout_G03,G03,25,20,0.0001,0.8,0.2,0.1,5.0,7.0045505,7.021990031734458,0.0174395317344586,0.0174395317344586
G03_R0114,G03,LOGO,holdout_G03,G03,25,20,0.0001,0.8,0.3,0.1,5.0,10.877645,10.908185251691709,0.0305402516917077,0.0305402516917077
G03_R0115,G03,LOGO,holdout_G03,G03,25,20,0.0001,0.75,0.1,0.1,5.0,4.5994654,4.613504047418786,0.0140386474187863,0.0140386474187863
G03_R0116,G03,LOGO,holdout_G03,G03,25,20,0.0001,0.75,0.2,0.1,5.0,7.0239448,7.045776615620806,0.0218318156208061,0.0218318156208061
G03_R0117,G03,LOGO,holdout_G03,G03,25,20,0.0001,0.75,0.3,0.1,5.0,10.911267,10.950215618474676,0.0389486184746754,0.0389486184746754
G03_R0118,G03,LOGO,holdout_G03,G03,25,20,0.0001,0.7,0.1,0.1,5.0,4.6104826,4.6215758669812175,0.0110932669812173,0.0110932669812173
G03_R0119,G03,LOGO,holdout_G03,G03,25,20,0.0001,0.7,0.2,0.1,5.0,7.0450047,7.061104196166684,0.0160994961666842,0.0160994961666842
G03_R0120,G03,LOGO,holdout_G03,G03,25,20,0.0001,0.7,0.3,0.1,5.0,10.948847,10.977296436099518,0.0284494360995175,0.0284494360995175
G03_R0121,G03,LOGO,holdout_G03,G03,25,20,1e-05,0.85,0.1,0.1,5.0,6.855265,6.870645545718738,0.0153805457187381,0.0153805457187381
G03_R0122,G03,LOGO,holdout_G03,G03,25,20,1e-05,0.85,0.2,0.1,5.0,14.364125,14.391317733937363,0.0271927339373636,0.0271927339373636
G03_R0123,G03,LOGO,holdout_G03,G03,25,20,1e-05,0.85,0.3,0.1,5.0,26.454431,26.51304273005817,0.0586117300581747,0.0586117300581747
G03_R0124,G03,LOGO,holdout_G03,G03,25,20,1e-05,0.8,0.1,0.1,5.0,6.866778,6.879277880718722,0.0124998807187219,0.0124998807187219
G03_R0125,G03,LOGO,holdout_G03,G03,25,20,1e-05,0.8,0.2,0.1,5.0,14.390005,14.410810153062362,0.020805153062362,0.020805153062362
G03_R0126,G03,LOGO,holdout_G03,G03,25,20,1e-05,0.8,0.3,0.1,5.0,26.501281,26.54825133239771,0.0469703323977128,0.0469703323977128
G03_R0127,G03,LOGO,holdout_G03,G03,25,20,1e-05,0.75,0.1,0.1,5.0,6.879683,6.89531735053433,0.0156343505343299,0.0156343505343299
G03_R0128,G03,LOGO,holdout_G03,G03,25,20,1e-05,0.75,0.2,0.1,5.0,14.418874,14.447145189848136,0.0282711898481355,0.0282711898481355
G03_R0129,G03,LOGO,holdout_G03,G03,25,20,1e-05,0.75,0.3,0.1,5.0,26.554117,26.612677126779467,0.058560126779465,0.058560126779465
G03_R0130,G03,LOGO,holdout_G03,G03,25,20,1e-05,0.7,0.1,0.1,5.0,6.894078,6.905890311784488,0.0118123117844879,0.0118123117844879
G03_R0131,G03,LOGO,holdout_G03,G03,25,20,1e-05,0.7,0.2,0.1,5.0,14.45173,14.471283487035782,0.0195534870357825,0.0195534870357825
G03_R0132,G03,LOGO,holdout_G03,G03,25,20,1e-05,0.7,0.3,0.1,5.0,26.613936,26.656526100529945,0.0425901005299458,0.0425901005299458
G03_R0133,G03,LOGO,holdout_G03,G03,25,20,1e-06,0.85,0.1,0.1,5.0,24.692514,24.724966520479008,0.0324525204790084,0.0324525204790084
G03_R0134,G03,LOGO,holdout_G03,G03,25,20,1e-06,0.85,0.2,0.1,5.0,79.401471,79.45228597757693,0.0508149775769339,0.0508149775769339
G03_R0135,G03,LOGO,holdout_G03,G03,25,20,1e-06,0.85,0.3,0.1,5.0,169.271158,169.37424915946656,0.103091159466544,0.103091159466544
G03_R0136,G03,LOGO,holdout_G03,G03,25,20,1e-06,0.8,0.1,0.1,5.0,24.743481,24.76233329641644,0.018852296416437,0.018852296416437
G03_R0137,G03,LOGO,holdout_G03,G03,25,20,1e-06,0.8,0.2,0.1,5.0,79.502428,79.53002038442315,0.0275923844231584,0.0275923844231584
G03_R0138,G03,LOGO,holdout_G03,G03,25,20,1e-06,0.8,0.3,0.1,5.0,169.44110500000002,169.50485144258909,0.0637464425890641,0.0637464425890641
G03_R0139,G03,LOGO,holdout_G03,G03,25,20,1e-06,0.75,0.1,0.1,5.0,24.798445,24.830937728750364,0.0324927287503626,0.0324927287503626
G03_R0140,G03,LOGO,holdout_G03,G03,25,20,1e-06,0.75,0.2,0.1,5.0,79.615382,79.66937543874927,0.0539934387492735,0.0539934387492735
G03_R0141,G03,LOGO,holdout_G03,G03,25,20,1e-06,0.75,0.3,0.1,5.0,169.631047,169.7362937436341,0.1052467436340975,0.1052467436340975
G03_R0142,G03,LOGO,holdout_G03,G03,25,20,1e-06,0.7,0.1,0.1,5.0,24.858406,24.87402948916662,0.0156234891666215,0.0156234891666215
G03_R0143,G03,LOGO,holdout_G03,G03,25,20,1e-06,0.7,0.2,0.1,5.0,79.741332,79.76060232467208,0.0192703246720782,0.0192703246720782
G03_R0144,G03,LOGO,holdout_G03,G03,25,20,1e-06,0.7,0.3,0.1,5.0,169.84098600000002,169.8927311717608,0.0517451717607855,0.0517451717607855
G03_R0145,G03,LOGO,holdout_G03,G03,25,50,0.001,0.85,0.1,0.1,5.0,3.6378386,3.6486421735957824,0.0108035735957825,0.0108035735957825
G03_R0146,G03,LOGO,holdout_G03,G03,25,50,0.001,0.85,0.2,0.1,5.0,5.1213678,5.138522809569508,0.0171550095695076,0.0171550095695076
G03_R0147,G03,LOGO,holdout_G03,G03,25,50,0.001,0.85,0.3,0.1,5.0,7.335414099999999,7.36276773228338,0.0273536322833818,0.0273536322833818
G03_R0148,G03,LOGO,holdout_G03,G03,25,50,0.001,0.8,0.1,0.1,5.0,3.6500287,3.6583913423374654,0.0083626423374654,0.0083626423374654
G03_R0149,G03,LOGO,holdout_G03,G03,25,50,0.001,0.8,0.2,0.1,5.0,5.1449592,5.156927859569411,0.011968659569411,0.011968659569411
G03_R0150,G03,LOGO,holdout_G03,G03,25,50,0.001,0.8,0.3,0.1,5.0,7.3738426,7.393182854063175,0.0193402540631755,0.0193402540631755
G03_R0151,G03,LOGO,holdout_G03,G03,25,50,0.001,0.75,0.1,0.1,5.0,3.662894,3.673885015374237,0.0109910153742367,0.0109910153742367
G03_R0152,G03,LOGO,holdout_G03,G03,25,50,0.001,0.75,0.2,0.1,5.0,5.1698109,5.18738179687972,0.0175708968797199,0.0175708968797199
G03_R0153,G03,LOGO,holdout_G03,G03,25,50,0.001,0.75,0.3,0.1,5.0,7.4147238,7.442716147080421,0.0279923470804206,0.0279923470804206
G03_R0154,G03,LOGO,holdout_G03,G03,25,50,0.001,0.7,0.1,0.1,5.0,3.6763313,3.684116659427748,0.0077853594277472,0.0077853594277472
G03_R0155,G03,LOGO,holdout_G03,G03,25,50,0.001,0.7,0.2,0.1,5.0,5.1961174,5.20664989058817,0.0105324905881696,0.0105324905881696
G03_R0156,G03,LOGO,holdout_G03,G03,25,50,0.001,0.7,0.3,0.1,5.0,7.458351,7.475907399282648,0.0175563992826477,0.0175563992826477
G03_R0157,G03,LOGO,holdout_G03,G03,25,50,0.0001,0.85,0.1,0.1,5.0,4.579352,4.593353518890683,0.0140015188906827,0.0140015188906827
G03_R0158,G03,LOGO,holdout_G03,G03,25,50,0.0001,0.85,0.2,0.1,5.0,6.9865268,7.008035279723979,0.0215084797239786,0.0215084797239786
G03_R0159,G03,LOGO,holdout_G03,G03,25,50,0.0001,0.85,0.3,0.1,5.0,10.846987,10.88483255327498,0.0378455532749804,0.0378455532749804
G03_R0160,G03,LOGO,holdout_G03,G03,25,50,0.0001,0.8,0.1,0.1,5.0,4.589120599999999,4.600943057038482,0.011822457038483,0.011822457038483
G03_R0161,G03,LOGO,holdout_G03,G03,25,50,0.0001,0.8,0.2,0.1,5.0,7.0045505,7.02200892969071,0.01745842969071,0.01745842969071
G03_R0162,G03,LOGO,holdout_G03,G03,25,50,0.0001,0.8,0.3,0.1,5.0,10.877645,10.908316606608375,0.0306716066083776,0.0306716066083776
G03_R0163,G03,LOGO,holdout_G03,G03,25,50,0.0001,0.75,0.1,0.1,5.0,4.5994654,4.613533419418786,0.0140680194187865,0.0140680194187865
G03_R0164,G03,LOGO,holdout_G03,G03,25,50,0.0001,0.75,0.2,0.1,5.0,7.0239448,7.045803637779139,0.0218588377791393,0.0218588377791393
G03_R0165,G03,LOGO,holdout_G03,G03,25,50,0.0001,0.75,0.3,0.1,5.0,10.911267,10.950270020724671,0.0390030207246709,0.0390030207246709
G03_R0166,G03,LOGO,holdout_G03,G03,25,50,0.0001,0.7,0.1,0.1,5.0,4.6104826,4.621605238981218,0.0111226389812175,0.0111226389812175
G03_R0167,G03,LOGO,holdout_G03,G03,25,50,0.0001,0.7,0.2,0.1,5.0,7.0450047,7.061131218325017,0.0161265183250174,0.0161265183250174
G03_R0168,G03,LOGO,holdout_G03,G03,25,50,0.0001,0.7,0.3,0.1,5.0,10.948847,10.977350838349514,0.028503838349513,0.028503838349513
G03_R0169,G03,LOGO,holdout_G03,G03,25,50,1e-05,0.85,0.1,0.1,5.0,6.855265,6.870710249468738,0.0154452494687378,0.0154452494687378
G03_R0170,G03,LOGO,holdout_G03,G03,25,50,1e-05,0.85,0.2,0.1,5.0,14.364125,14.391293467687367,0.0271684676873675,0.0271684676873675
G03_R0171,G03,LOGO,holdout_G03,G03,25,50,1e-05,0.85,0.3,0.1,5.0,26.454431,26.51254463559984,0.0581136355998381,0.0581136355998381
G03_R0172,G03,LOGO,holdout_G03,G03,25,50,1e-05,0.8,0.1,0.1,5.0,6.866778,6.879328068218722,0.0125500682187222,0.0125500682187222
G03_R0173,G03,LOGO,holdout_G03,G03,25,50,1e-05,0.8,0.2,0.1,5.0,14.390005,14.410796155249866,0.0207911552498654,0.0207911552498654
G03_R0174,G03,LOGO,holdout_G03,G03,25,50,1e-05,0.8,0.3,0.1,5.0,26.501281,26.547715852314376,0.0464348523143769,0.0464348523143769
G03_R0175,G03,LOGO,holdout_G03,G03,25,50,1e-05,0.75,0.1,0.1,5.0,6.879683,6.8952946343884935,0.0156116343884935,0.0156116343884935
G03_R0176,G03,LOGO,holdout_G03,G03,25,50,1e-05,0.75,0.2,0.1,5.0,14.418874,14.44733481366064,0.0284608136606383,0.0284608136606383
G03_R0177,G03,LOGO,holdout_G03,G03,25,50,1e-05,0.75,0.3,0.1,5.0,26.554117,26.612844542133637,0.0587275421336315,0.0587275421336315
G03_R0178,G03,LOGO,holdout_G03,G03,25,50,1e-05,0.7,0.1,0.1,5.0,6.894078,6.905882918763651,0.0118049187636506,0.0118049187636506
G03_R0179,G03,LOGO,holdout_G03,G03,25,50,1e-05,0.7,0.2,0.1,5.0,14.45173,14.471473110848285,0.0197431108482852,0.0197431108482852
G03_R0180,G03,LOGO,holdout_G03,G03,25,50,1e-05,0.7,0.3,0.1,5.0,26.613936,26.656776584217447,0.0428405842174477,0.0428405842174477
G03_R0181,G03,LOGO,holdout_G03,G03,25,50,1e-06,0.85,0.1,0.1,5.0,24.692514,24.72506853439568,0.0325545343956825,0.0325545343956825
G03_R0182,G03,LOGO,holdout_G03,G03,25,50,1e-06,0.85,0.2,0.1,5.0,79.401471,79.45253204207697,0.0510610420769666,0.0510610420769666
G03_R0183,G03,LOGO,holdout_G03,G03,25,50,1e-06,0.85,0.3,0.1,5.0,169.271158,169.3739757089666,0.1028177089665973,0.1028177089665973
G03_R0184,G03,LOGO,holdout_G03,G03,25,50,1e-06,0.8,0.1,0.1,5.0,24.743481,24.76243531033312,0.0189543103331182,0.0189543103331182
G03_R0185,G03,LOGO,holdout_G03,G03,25,50,1e-06,0.8,0.2,0.1,5.0,79.502428,79.5304157639232,0.0279877639232069,0.0279877639232069
G03_R0186,G03,LOGO,holdout_G03,G03,25,50,1e-06,0.8,0.3,0.1,5.0,169.44110500000002,169.5045779920891,0.063472992089089,0.063472992089089
G03_R0187,G03,LOGO,holdout_G03,G03,25,50,1e-06,0.75,0.1,0.1,5.0,24.798445,24.83082780025036,0.0323828002503603,0.0323828002503603
G03_R0188,G03,LOGO,holdout_G03,G03,25,50,1e-06,0.75,0.2,0.1,5.0,79.615382,79.66960596833263,0.0542239683326357,0.0542239683326357
G03_R0189,G03,LOGO,holdout_G03,G03,25,50,1e-06,0.75,0.3,0.1,5.0,169.631047,169.73665405009243,0.1056070500924306,0.1056070500924306
G03_R0190,G03,LOGO,holdout_G03,G03,25,50,1e-06,0.7,0.1,0.1,5.0,24.858406,24.87391956066661,0.0155135606666156,0.0155135606666156
G03_R0191,G03,LOGO,holdout_G03,G03,25,50,1e-06,0.7,0.2,0.1,5.0,79.741332,79.76083285425543,0.0195008542554262,0.0195008542554262
G03_R0192,G03,LOGO,holdout_G03,G03,25,50,1e-06,0.7,0.3,0.1,5.0,169.84098600000002,169.8930123357191,0.0520263357190913,0.0520263357190913
G03_R0193,G03,LOGO,holdout_G03,G03,100,3,0.001,0.85,0.1,0.1,5.0,15.736747,15.835329464619225,0.0985824646192252,0.0985824646192252
G03_R0194,G03,LOGO,holdout_G03,G03,100,3,0.001,0.85,0.2,0.1,5.0,22.394672,22.53133765644892,0.136665656448919,0.136665656448919
G03_R0195,G03,LOGO,holdout_G03,G03,100,3,0.001,0.85,0.3,0.1,5.0,32.43882,32.63154188933806,0.1927218893380597,0.1927218893380597
G03_R0196,G03,LOGO,holdout_G03,G03,100,3,0.001,0.8,0.1,0.1,5.0,15.806774,15.889501369172487,0.0827273691724865,0.0827273691724865
G03_R0197,G03,LOGO,holdout_G03,G03,100,3,0.001,0.8,0.2,0.1,5.0,22.525499,22.633644983949093,0.1081459839490932,0.1081459839490932
G03_R0198,G03,LOGO,holdout_G03,G03,100,3,0.001,0.8,0.3,0.1,5.0,32.668516,32.80524255433773,0.1367265543377342,0.1367265543377342
G03_R0199,G03,LOGO,holdout_G03,G03,100,3,0.001,0.75,0.1,0.1,5.0,15.881726,15.980770558007556,0.0990445580075558,0.0990445580075558
G03_R0200,G03,LOGO,holdout_G03,G03,100,3,0.001,0.75,0.2,0.1,5.0,22.666223,22.805278034518118,0.1390550345181154,0.1390550345181154
G03_R0201,G03,LOGO,holdout_G03,G03,100,3,0.001,0.75,0.3,0.1,5.0,32.9161,33.11069736378581,0.1945973637858102,0.1945973637858102
G03_R0202,G03,LOGO,holdout_G03,G03,100,3,0.001,0.7,0.1,0.1,5.0,15.962594,16.04086012150767,0.0782661215076707,0.0782661215076707
G03_R0203,G03,LOGO,holdout_G03,G03,100,3,0.001,0.7,0.2,0.1,5.0,22.817832,22.92012117026791,0.1022891702679125,0.1022891702679125
G03_R0204,G03,LOGO,holdout_G03,G03,100,3,0.001,0.7,0.3,0.1,5.0,33.185559,33.30526762091993,0.1197086209199298,0.1197086209199298
G03_R0205,G03,LOGO,holdout_G03,G03,100,3,0.0001,0.85,0.1,0.1,5.0,19.636647,19.759135363045903,0.1224883630459032,0.1224883630459032
G03_R0206,G03,LOGO,holdout_G03,G03,100,3,0.0001,0.85,0.2,0.1,5.0,30.18231,30.37189947922373,0.1895894792237271,0.1895894792237271
G03_R0207,G03,LOGO,holdout_G03,G03,100,3,0.0001,0.85,0.3,0.1,5.0,47.003912,47.3106162713156,0.3067042713156027,0.3067042713156027
G03_R0208,G03,LOGO,holdout_G03,G03,100,3,0.0001,0.8,0.1,0.1,5.0,19.686922,19.79943739377454,0.1125153937745402,0.1125153937745402
G03_R0209,G03,LOGO,holdout_G03,G03,100,3,0.0001,0.8,0.2,0.1,5.0,30.296463,30.45837255800187,0.1619095580018701,0.1619095580018701
G03_R0210,G03,LOGO,holdout_G03,G03,100,3,0.0001,0.8,0.3,0.1,5.0,47.218879,47.47409919444069,0.2552201944406889,0.2552201944406889
G03_R0211,G03,LOGO,holdout_G03,G03,100,3,0.0001,0.75,0.1,0.1,5.0,19.741125,19.86447239102577,0.1233473910257707,0.1233473910257707
G03_R0212,G03,LOGO,holdout_G03,G03,100,3,0.0001,0.75,0.2,0.1,5.0,30.420531,30.61227389801045,0.1917428980104496,0.1917428980104496
G03_R0213,G03,LOGO,holdout_G03,G03,100,3,0.0001,0.75,0.3,0.1,5.0,47.457743,47.76523806303162,0.3074950630316166,0.3074950630316166
G03_R0214,G03,LOGO,holdout_G03,G03,100,3,0.0001,0.7,0.1,0.1,5.0,19.799244,19.907244681025684,0.1080006810256826,0.1080006810256826
G03_R0215,G03,LOGO,holdout_G03,G03,100,3,0.0001,0.7,0.2,0.1,5.0,30.559497,30.713580950683685,0.1540839506836846,0.1540839506836846
G03_R0216,G03,LOGO,holdout_G03,G03,100,3,0.0001,0.7,0.3,0.1,5.0,47.725485,47.96550873678144,0.2400237367814384,0.2400237367814384
G03_R0217,G03,LOGO,holdout_G03,G03,100,3,1e-05,0.85,0.1,0.1,5.0,29.134527,29.27219244493649,0.1376654449364913,0.1376654449364913
G03_R0218,G03,LOGO,holdout_G03,G03,100,3,1e-05,0.85,0.2,0.1,5.0,60.790081,61.022922105643474,0.2328411056434731,0.2328411056434731
G03_R0219,G03,LOGO,holdout_G03,G03,100,3,1e-05,0.85,0.3,0.1,5.0,111.596977,112.01758890830972,0.4206119083097235,0.4206119083097235
G03_R0220,G03,LOGO,holdout_G03,G03,100,3,1e-05,0.8,0.1,0.1,5.0,29.220246,29.336554301204387,0.1163083012043877,0.1163083012043877
G03_R0221,G03,LOGO,holdout_G03,G03,100,3,1e-05,0.8,0.2,0.1,5.0,61.030695,61.20638086801775,0.1756858680177515,0.1756858680177515
G03_R0222,G03,LOGO,holdout_G03,G03,100,3,1e-05,0.8,0.3,0.1,5.0,112.076496,112.38422194602052,0.3077259460205255,0.3077259460205255
G03_R0223,G03,LOGO,holdout_G03,G03,100,3,1e-05,0.75,0.1,0.1,5.0,29.316938,29.45443225236174,0.1374942523617406,0.1374942523617406
G03_R0224,G03,LOGO,holdout_G03,G03,100,3,1e-05,0.75,0.2,0.1,5.0,61.305273,61.54638817546664,0.2411151754666392,0.2411151754666392
G03_R0225,G03,LOGO,holdout_G03,G03,100,3,1e-05,0.75,0.3,0.1,5.0,112.615969,113.05859489704582,0.442625897045815,0.442625897045815
G03_R0226,G03,LOGO,holdout_G03,G03,100,3,1e-05,0.7,0.1,0.1,5.0,29.426597,29.535535343862357,0.1089383438623521,0.1089383438623521
G03_R0227,G03,LOGO,holdout_G03,G03,100,3,1e-05,0.7,0.2,0.1,5.0,61.622808,61.778820894424655,0.1560128944246557,0.1560128944246557
G03_R0228,G03,LOGO,holdout_G03,G03,100,3,1e-05,0.7,0.3,0.1,5.0,113.24539,113.51777342058658,0.2723834205865785,0.2723834205865785
G03_R0229,G03,LOGO,holdout_G03,G03,100,3,1e-06,0.85,0.1,0.1,5.0,101.187419,101.40088871927613,0.2134697192761052,0.2134697192761052
G03_R0230,G03,LOGO,holdout_G03,G03,100,3,1e-06,0.85,0.2,0.1,5.0,323.53727999999995,323.9077473259441,0.370467325944162,0.370467325944162
G03_R0231,G03,LOGO,holdout_G03,G03,100,3,1e-06,0.85,0.3,0.1,5.0,688.5361770000001,689.1896735835425,0.6534965835423918,0.6534965835423918
G03_R0232,G03,LOGO,holdout_G03,G03,100,3,1e-06,0.8,0.1,0.1,5.0,101.477311,101.61717265556356,0.1398616555635499,0.1398616555635499
G03_R0233,G03,LOGO,holdout_G03,G03,100,3,1e-06,0.8,0.2,0.1,5.0,324.307139,324.49335242802323,0.1862134280232226,0.1862134280232226
G03_R0234,G03,LOGO,holdout_G03,G03,100,3,1e-06,0.8,0.3,0.1,5.0,690.0160030000001,690.3722155653963,0.3562125653962766,0.3562125653962766
G03_R0235,G03,LOGO,holdout_G03,G03,100,3,1e-06,0.75,0.1,0.1,5.0,101.807195,102.01974006942498,0.2125450694249906,0.2125450694249906
G03_R0236,G03,LOGO,holdout_G03,G03,100,3,1e-06,0.75,0.2,0.1,5.0,325.196988,325.5876855394756,0.3906975394756387,0.3906975394756387
G03_R0237,G03,LOGO,holdout_G03,G03,100,3,1e-06,0.75,0.3,0.1,5.0,691.715816,692.3150246860293,0.5992086860293284,0.5992086860293284
G03_R0238,G03,LOGO,holdout_G03,G03,100,3,1e-06,0.7,0.1,0.1,5.0,102.18707,102.29836238671888,0.1112923867188726,0.1112923867188726
G03_R0239,G03,LOGO,holdout_G03,G03,100,3,1e-06,0.7,0.2,0.1,5.0,326.226825,326.3407053457616,0.1138803457615722,0.1138803457615722
G03_R0240,G03,LOGO,holdout_G03,G03,100,3,1e-06,0.7,0.3,0.1,5.0,693.695614,693.9358755773469,0.2402615773469278,0.2402615773469278
G03_R0241,G03,LOGO,holdout_G03,G03,100,6,0.001,0.85,0.1,0.1,5.0,15.736747,15.835501076952555,0.0987540769525576,0.0987540769525576
G03_R0242,G03,LOGO,holdout_G03,G03,100,6,0.001,0.85,0.2,0.1,5.0,22.394672,22.531503918966777,0.1368319189667772,0.1368319189667772
G03_R0243,G03,LOGO,holdout_G03,G03,100,6,0.001,0.85,0.3,0.1,5.0,32.43882,32.63327808777559,0.1944580877755868,0.1944580877755868
G03_R0244,G03,LOGO,holdout_G03,G03,100,6,0.001,0.8,0.1,0.1,5.0,15.806774,15.889672981505822,0.0828989815058207,0.0828989815058207
G03_R0245,G03,LOGO,holdout_G03,G03,100,6,0.001,0.8,0.2,0.1,5.0,22.525499,22.633722667716956,0.1082236677169525,0.1082236677169525
G03_R0246,G03,LOGO,holdout_G03,G03,100,6,0.001,0.8,0.3,0.1,5.0,32.668516,32.80697875277525,0.1384627527752542,0.1384627527752542
G03_R0247,G03,LOGO,holdout_G03,G03,100,6,0.001,0.75,0.1,0.1,5.0,15.881726,15.98088678132006,0.0991607813200605,0.0991607813200605
G03_R0248,G03,LOGO,holdout_G03,G03,100,6,0.001,0.75,0.2,0.1,5.0,22.666223,22.805096810143112,0.1388738101431137,0.1388738101431137
G03_R0249,G03,LOGO,holdout_G03,G03,100,6,0.001,0.75,0.3,0.1,5.0,32.9161,33.11113599351497,0.1950359935149705,0.1950359935149705
G03_R0250,G03,LOGO,holdout_G03,G03,100,6,0.001,0.7,0.1,0.1,5.0,15.962594,16.040976344820177,0.0783823448201772,0.0783823448201772
G03_R0251,G03,LOGO,holdout_G03,G03,100,6,0.001,0.7,0.2,0.1,5.0,22.817832,22.91985136714291,0.1020193671429119,0.1020193671429119
G03_R0252,G03,LOGO,holdout_G03,G03,100,6,0.001,0.7,0.3,0.1,5.0,33.185559,33.30562825158658,0.1200692515865853,0.1200692515865853
G03_R0253,G03,LOGO,holdout_G03,G03,100,6,0.0001,0.85,0.1,0.1,5.0,19.636647,19.759425836379226,0.1227788363792221,0.1227788363792221
G03_R0254,G03,LOGO,holdout_G03,G03,100,6,0.0001,0.85,0.2,0.1,5.0,30.18231,30.37185167720588,0.1895416772058773,0.1895416772058773
G03_R0255,G03,LOGO,holdout_G03,G03,100,6,0.0001,0.85,0.3,0.1,5.0,47.003912,47.31050572138704,0.3065937213870384,0.3065937213870384
G03_R0256,G03,LOGO,holdout_G03,G03,100,6,0.0001,0.8,0.1,0.1,5.0,19.686922,19.79972786710785,0.1128058671078555,0.1128058671078555
G03_R0257,G03,LOGO,holdout_G03,G03,100,6,0.0001,0.8,0.2,0.1,5.0,30.296463,30.45832475598401,0.1618617559840132,0.1618617559840132
G03_R0258,G03,LOGO,holdout_G03,G03,100,6,0.0001,0.8,0.3,0.1,5.0,47.218879,47.47398864451211,0.2551096445121104,0.2551096445121104
G03_R0259,G03,LOGO,holdout_G03,G03,100,6,0.0001,0.75,0.1,0.1,5.0,19.741125,19.86455994299104,0.1234349429910395,0.1234349429910395
G03_R0260,G03,LOGO,holdout_G03,G03,100,6,0.0001,0.75,0.2,0.1,5.0,30.420531,30.612765885093783,0.1922348850937822,0.1922348850937822
G03_R0261,G03,LOGO,holdout_G03,G03,100,6,0.0001,0.75,0.3,0.1,5.0,47.457743,47.765338086406615,0.3075950864066143,0.3075950864066143
G03_R0262,G03,LOGO,holdout_G03,G03,100,6,0.0001,0.7,0.1,0.1,5.0,19.799244,19.907332232990957,0.1080882329909513,0.1080882329909513
G03_R0263,G03,LOGO,holdout_G03,G03,100,6,0.0001,0.7,0.2,0.1,5.0,30.559497,30.71407293776701,0.1545759377670137,0.1545759377670137
G03_R0264,G03,LOGO,holdout_G03,G03,100,6,0.0001,0.7,0.3,0.1,5.0,47.725485,47.96560876015644,0.2401237601564361,0.2401237601564361
G03_R0265,G03,LOGO,holdout_G03,G03,100,6,1e-05,0.85,0.1,0.1,5.0,29.134527,29.272073744103157,0.1375467441031546,0.1375467441031546
G03_R0266,G03,LOGO,holdout_G03,G03,100,6,1e-05,0.85,0.2,0.1,5.0,60.790081,61.023355297893474,0.2332742978934732,0.2332742978934732
G03_R0267,G03,LOGO,holdout_G03,G03,100,6,1e-05,0.85,0.3,0.1,5.0,111.596977,112.01851127101808,0.4215342710180891,0.4215342710180891
G03_R0268,G03,LOGO,holdout_G03,G03,100,6,1e-05,0.8,0.1,0.1,5.0,29.220246,29.33644432912105,0.1161983291210511,0.1161983291210511
G03_R0269,G03,LOGO,holdout_G03,G03,100,6,1e-05,0.8,0.2,0.1,5.0,61.030695,61.20701314964276,0.1763181496427535,0.1763181496427535
G03_R0270,G03,LOGO,holdout_G03,G03,100,6,1e-05,0.8,0.3,0.1,5.0,112.076496,112.38475092685393,0.3082549268539196,0.3082549268539196
G03_R0271,G03,LOGO,holdout_G03,G03,100,6,1e-05,0.75,0.1,0.1,5.0,29.316938,29.45449861132007,0.1375606113200689,0.1375606113200689
G03_R0272,G03,LOGO,holdout_G03,G03,100,6,1e-05,0.75,0.2,0.1,5.0,61.305273,61.54654924348749,0.2412762434874906,0.2412762434874906
G03_R0273,G03,LOGO,holdout_G03,G03,100,6,1e-05,0.75,0.3,0.1,5.0,112.615969,113.05807783250415,0.4421088325041609,0.4421088325041609
G03_R0274,G03,LOGO,holdout_G03,G03,100,6,1e-05,0.7,0.1,0.1,5.0,29.426597,29.53560170282068,0.1090047028206804,0.1090047028206804
G03_R0275,G03,LOGO,holdout_G03,G03,100,6,1e-05,0.7,0.2,0.1,5.0,61.622808,61.77915048536216,0.1563424853621597,0.1563424853621597
G03_R0276,G03,LOGO,holdout_G03,G03,100,6,1e-05,0.7,0.3,0.1,5.0,113.24539,113.51688175500324,0.2714917550032538,0.2714917550032538
G03_R0277,G03,LOGO,holdout_G03,G03,100,6,1e-06,0.85,0.1,0.1,5.0,101.187419,101.40117715354694,0.2137581535469337,0.2137581535469337
G03_R0278,G03,LOGO,holdout_G03,G03,100,6,1e-06,0.85,0.2,0.1,5.0,323.53727999999995,323.9053264824441,0.3680464824441287,0.3680464824441287
G03_R0279,G03,LOGO,holdout_G03,G03,100,6,1e-06,0.85,0.3,0.1,5.0,688.5361770000001,689.1851420416257,0.6489650416256154,0.6489650416256154
G03_R0280,G03,LOGO,holdout_G03,G03,100,6,1e-06,0.8,0.1,0.1,5.0,101.477311,101.6173236394177,0.140012639417705,0.140012639417705
G03_R0281,G03,LOGO,holdout_G03,G03,100,6,1e-06,0.8,0.2,0.1,5.0,324.307139,324.49190640577325,0.1847674057732433,0.1847674057732433
G03_R0282,G03,LOGO,holdout_G03,G03,100,6,1e-06,0.8,0.3,0.1,5.0,690.0160030000001,690.3659029724378,0.3498999724376972,0.3498999724376972
G03_R0283,G03,LOGO,holdout_G03,G03,100,6,1e-06,0.75,0.1,0.1,5.0,101.807195,102.02037193409168,0.2131769340916918,0.2131769340916918
G03_R0284,G03,LOGO,holdout_G03,G03,100,6,1e-06,0.75,0.2,0.1,5.0,325.196988,325.5860670717672,0.3890790717672416,0.3890790717672416
G03_R0285,G03,LOGO,holdout_G03,G03,100,6,1e-06,0.75,0.3,0.1,5.0,691.715816,692.3035253468029,0.5877093468028534,0.5877093468028534
G03_R0286,G03,LOGO,holdout_G03,G03,100,6,1e-06,0.7,0.1,0.1,5.0,102.18707,102.29885680096892,0.1117868009689146,0.1117868009689146
G03_R0287,G03,LOGO,holdout_G03,G03,100,6,1e-06,0.7,0.2,0.1,5.0,326.226825,326.3398055026365,0.1129805026365033,0.1129805026365033
G03_R0288,G03,LOGO,holdout_G03,G03,100,6,1e-06,0.7,0.3,0.1,5.0,693.695614,693.9292652908288,0.2336512908287886,0.2336512908287886
G03_R0289,G03,LOGO,holdout_G03,G03,100,20,0.001,0.85,0.1,0.1,5.0,15.736747,15.8353779455597,0.0986309455596998,0.0986309455596998
G03_R0290,G03,LOGO,holdout_G03,G03,100,20,0.001,0.85,0.2,0.1,5.0,22.394672,22.53113783338344,0.1364658333834398,0.1364658333834398
G03_R0291,G03,LOGO,holdout_G03,G03,100,20,0.001,0.85,0.3,0.1,5.0,32.43882,32.63277982100286,0.1939598210028634,0.1939598210028634
G03_R0292,G03,LOGO,holdout_G03,G03,100,20,0.001,0.8,0.1,0.1,5.0,15.806774,15.88950301511296,0.0827290151129602,0.0827290151129602
G03_R0293,G03,LOGO,holdout_G03,G03,100,20,0.001,0.8,0.2,0.1,5.0,22.525499,22.63324212463361,0.1077431246336146,0.1077431246336146
G03_R0294,G03,LOGO,holdout_G03,G03,100,20,0.001,0.8,0.3,0.1,5.0,32.668516,32.80679129187754,0.1382752918775409,0.1382752918775409
G03_R0295,G03,LOGO,holdout_G03,G03,100,20,0.001,0.75,0.1,0.1,5.0,15.881726,15.980975593099831,0.0992495930998309,0.0992495930998309
G03_R0296,G03,LOGO,holdout_G03,G03,100,20,0.001,0.75,0.2,0.1,5.0,22.666223,22.805697724553838,0.1394747245538354,0.1394747245538354
G03_R0297,G03,LOGO,holdout_G03,G03,100,20,0.001,0.75,0.3,0.1,5.0,32.9161,33.1137910390358,0.1976910390358028,0.1976910390358028
G03_R0298,G03,LOGO,holdout_G03,G03,100,20,0.001,0.7,0.1,0.1,5.0,15.962594,16.041156374099945,0.0785623740999454,0.0785623740999454
G03_R0299,G03,LOGO,holdout_G03,G03,100,20,0.001,0.7,0.2,0.1,5.0,22.817832,22.92034598705363,0.10251398705363,0.10251398705363
G03_R0300,G03,LOGO,holdout_G03,G03,100,20,0.001,0.7,0.3,0.1,5.0,33.185559,33.30858348648241,0.1230244864824143,0.1230244864824143
G03_R0301,G03,LOGO,holdout_G03,G03,100,20,0.0001,0.85,0.1,0.1,5.0,19.636647,19.75939166304589,0.1227446630458892,0.1227446630458892
G03_R0302,G03,LOGO,holdout_G03,G03,100,20,0.0001,0.85,0.2,0.1,5.0,30.18231,30.372390565487127,0.1900805654871256,0.1900805654871256
G03_R0303,G03,LOGO,holdout_G03,G03,100,20,0.0001,0.85,0.3,0.1,5.0,47.003912,47.311632752199536,0.3077207521995362,0.3077207521995362
G03_R0304,G03,LOGO,holdout_G03,G03,100,20,0.0001,0.8,0.1,0.1,5.0,19.686922,19.79967832814952,0.1127563281495227,0.1127563281495227
G03_R0305,G03,LOGO,holdout_G03,G03,100,20,0.0001,0.8,0.2,0.1,5.0,30.296463,30.458635436765263,0.1621724367652639,0.1621724367652639
G03_R0306,G03,LOGO,holdout_G03,G03,100,20,0.0001,0.8,0.3,0.1,5.0,47.218879,47.47479097563713,0.255911975637126,0.255911975637126
G03_R0307,G03,LOGO,holdout_G03,G03,100,20,0.0001,0.75,0.1,0.1,5.0,19.741125,19.864494605309496,0.1233696053094952,0.1233696053094952
G03_R0308,G03,LOGO,holdout_G03,G03,100,20,0.0001,0.75,0.2,0.1,5.0,30.420531,30.61196950237355,0.1914385023735505,0.1914385023735505
G03_R0309,G03,LOGO,holdout_G03,G03,100,20,0.0001,0.75,0.3,0.1,5.0,47.457743,47.76202721036495,0.3042842103649477,0.3042842103649477
G03_R0310,G03,LOGO,holdout_G03,G03,100,20,0.0001,0.7,0.1,0.1,5.0,19.799244,19.90726689530941,0.1080228953094071,0.1080228953094071
G03_R0311,G03,LOGO,holdout_G03,G03,100,20,0.0001,0.7,0.2,0.1,5.0,30.559497,30.71339159442178,0.1538945944217786,0.1538945944217786
G03_R0312,G03,LOGO,holdout_G03,G03,100,20,0.0001,0.7,0.3,0.1,5.0,47.725485,47.96239740578144,0.2369124057814389,0.2369124057814389
G03_R0313,G03,LOGO,holdout_G03,G03,100,20,1e-05,0.85,0.1,0.1,5.0,29.134527,29.272105702769814,0.1375787027698152,0.1375787027698152
G03_R0314,G03,LOGO,holdout_G03,G03,100,20,1e-05,0.85,0.2,0.1,5.0,60.790081,61.02188654215837,0.2318055421583693,0.2318055421583693
G03_R0315,G03,LOGO,holdout_G03,G03,100,20,1e-05,0.85,0.3,0.1,5.0,111.596977,112.0199179599764,0.4229409599764011,0.4229409599764011
G03_R0316,G03,LOGO,holdout_G03,G03,100,20,1e-05,0.8,0.1,0.1,5.0,29.220246,29.336335290287707,0.1160892902877073,0.1160892902877073
G03_R0317,G03,LOGO,holdout_G03,G03,100,20,1e-05,0.8,0.2,0.1,5.0,61.030695,61.20554439390764,0.1748493939076354,0.1748493939076354
G03_R0318,G03,LOGO,holdout_G03,G03,100,20,1e-05,0.8,0.3,0.1,5.0,112.076496,112.38571178302058,0.3092157830205764,0.3092157830205764
G03_R0319,G03,LOGO,holdout_G03,G03,100,20,1e-05,0.75,0.1,0.1,5.0,29.316938,29.454465167706964,0.1375271677069633,0.1375271677069633
G03_R0320,G03,LOGO,holdout_G03,G03,100,20,1e-05,0.75,0.2,0.1,5.0,61.305273,61.545738206675,0.2404652066749975,0.2404652066749975
G03_R0321,G03,LOGO,holdout_G03,G03,100,20,1e-05,0.75,0.3,0.1,5.0,112.615969,113.06143363314996,0.4454646331499674,0.4454646331499674
G03_R0322,G03,LOGO,holdout_G03,G03,100,20,1e-05,0.7,0.1,0.1,5.0,29.426597,29.53536509154091,0.1087680915409095,0.1087680915409095
G03_R0323,G03,LOGO,holdout_G03,G03,100,20,1e-05,0.7,0.2,0.1,5.0,61.622808,61.77825332761216,0.1554453276121634,0.1554453276121634
G03_R0324,G03,LOGO,holdout_G03,G03,100,20,1e-05,0.7,0.3,0.1,5.0,113.24539,113.51977966814906,0.2743896681490554,0.2743896681490554
G03_R0325,G03,LOGO,holdout_G03,G03,100,20,1e-06,0.85,0.1,0.1,5.0,101.187419,101.40400319625827,0.2165841962582817,0.2165841962582817
G03_R0326,G03,LOGO,holdout_G03,G03,100,20,1e-06,0.85,0.2,0.1,5.0,323.53727999999995,323.8978064328014,0.3605264328014641,0.3605264328014641
G03_R0327,G03,LOGO,holdout_G03,G03,100,20,1e-06,0.85,0.3,0.1,5.0,688.5361770000001,689.1762033842091,0.6400263842090226,0.6400263842090226
G03_R0328,G03,LOGO,holdout_G03,G03,100,20,1e-06,0.8,0.1,0.1,5.0,101.477311,101.61978732087906,0.1424763208790551,0.1424763208790551
G03_R0329,G03,LOGO,holdout_G03,G03,100,20,1e-06,0.8,0.2,0.1,5.0,324.307139,324.48438635613047,0.177247356130465,0.177247356130465
G03_R0330,G03,LOGO,holdout_G03,G03,100,20,1e-06,0.8,0.3,0.1,5.0,690.0160030000001,690.3614766711772,0.3454736711771602,0.3454736711771602
G03_R0331,G03,LOGO,holdout_G03,G03,100,20,1e-06,0.75,0.1,0.1,5.0,101.807195,102.01949562567204,0.2123006256720572,0.2123006256720572
G03_R0332,G03,LOGO,holdout_G03,G03,100,20,1e-06,0.75,0.2,0.1,5.0,325.196988,325.58799292089674,0.3910049208967621,0.3910049208967621
G03_R0333,G03,LOGO,holdout_G03,G03,100,20,1e-06,0.75,0.3,0.1,5.0,691.715816,692.2843124716677,0.5684964716676859,0.5684964716676859
G03_R0334,G03,LOGO,holdout_G03,G03,100,20,1e-06,0.7,0.1,0.1,5.0,102.18707,102.29808358036176,0.1110135803617566,0.1110135803617566
G03_R0335,G03,LOGO,holdout_G03,G03,100,20,1e-06,0.7,0.2,0.1,5.0,326.226825,326.34250621801607,0.11568121801605,0.11568121801605
G03_R0336,G03,LOGO,holdout_G03,G03,100,20,1e-06,0.7,0.3,0.1,5.0,693.695614,693.9105671479853,0.2149531479852839,0.2149531479852839
G03_R0337,G03,LOGO,holdout_G03,G03,100,50,0.001,0.85,0.1,0.1,5.0,15.736747,15.835208942964462,0.0984619429644624,0.0984619429644624
G03_R0338,G03,LOGO,holdout_G03,G03,100,50,0.001,0.85,0.2,0.1,5.0,22.394672,22.530876925779275,0.1362049257792748,0.1362049257792748
G03_R0339,G03,LOGO,holdout_G03,G03,100,50,0.001,0.85,0.3,0.1,5.0,32.43882,32.63345051937783,0.1946305193778315,0.1946305193778315
G03_R0340,G03,LOGO,holdout_G03,G03,100,50,0.001,0.8,0.1,0.1,5.0,15.806774,15.889334012517724,0.0825600125177246,0.0825600125177246
G03_R0341,G03,LOGO,holdout_G03,G03,100,50,0.001,0.8,0.2,0.1,5.0,22.525499,22.633053898904453,0.1075548989044534,0.1075548989044534
G03_R0342,G03,LOGO,holdout_G03,G03,100,50,0.001,0.8,0.3,0.1,5.0,32.668516,32.807461990252506,0.1389459902525089,0.1389459902525089
G03_R0343,G03,LOGO,holdout_G03,G03,100,50,0.001,0.75,0.1,0.1,5.0,15.881726,15.980699428302206,0.0989734283022052,0.0989734283022052
G03_R0344,G03,LOGO,holdout_G03,G03,100,50,0.001,0.75,0.2,0.1,5.0,22.666223,22.80597661160739,0.1397536116073929,0.1397536116073929
G03_R0345,G03,LOGO,holdout_G03,G03,100,50,0.001,0.75,0.3,0.1,5.0,32.9161,33.113237281223306,0.1971372812233056,0.1971372812233056
G03_R0346,G03,LOGO,holdout_G03,G03,100,50,0.001,0.7,0.1,0.1,5.0,15.962594,16.04081776263565,0.0782237626356519,0.0782237626356519
G03_R0347,G03,LOGO,holdout_G03,G03,100,50,0.001,0.7,0.2,0.1,5.0,22.817832,22.920624874107197,0.1027928741071946,0.1027928741071946
G03_R0348,G03,LOGO,holdout_G03,G03,100,50,0.001,0.7,0.3,0.1,5.0,33.185559,33.308329918044926,0.1227709180449281,0.1227709180449281
G03_R0349,G03,LOGO,holdout_G03,G03,100,50,0.0001,0.85,0.1,0.1,5.0,19.636647,19.759386788045894,0.122739788045898,0.122739788045898
G03_R0350,G03,LOGO,holdout_G03,G03,100,50,0.0001,0.85,0.2,0.1,5.0,30.18231,30.37252686379963,0.1902168637996304,0.1902168637996304
G03_R0351,G03,LOGO,holdout_G03,G03,100,50,0.0001,0.85,0.3,0.1,5.0,47.003912,47.31212333591383,0.3082113359138319,0.3082113359138319
G03_R0352,G03,LOGO,holdout_G03,G03,100,50,0.0001,0.8,0.1,0.1,5.0,19.686922,19.79967345314953,0.112751453149535,0.112751453149535
G03_R0353,G03,LOGO,holdout_G03,G03,100,50,0.0001,0.8,0.2,0.1,5.0,30.296463,30.45877173507777,0.1623087350777723,0.1623087350777723
G03_R0354,G03,LOGO,holdout_G03,G03,100,50,0.0001,0.8,0.3,0.1,5.0,47.218879,47.47613580976808,0.2572568097680729,0.2572568097680729
G03_R0355,G03,LOGO,holdout_G03,G03,100,50,0.0001,0.75,0.1,0.1,5.0,19.741125,19.86453993728866,0.1234149372886612,0.1234149372886612
G03_R0356,G03,LOGO,holdout_G03,G03,100,50,0.0001,0.75,0.2,0.1,5.0,30.420531,30.611480410956887,0.1909494109568861,0.1909494109568861
G03_R0357,G03,LOGO,holdout_G03,G03,100,50,0.0001,0.75,0.3,0.1,5.0,47.457743,47.76176097237092,0.3040179723709144,0.3040179723709144
G03_R0358,G03,LOGO,holdout_G03,G03,100,50,0.0001,0.7,0.1,0.1,5.0,19.799244,19.907444033538575,0.1082000335385764,0.1082000335385764
G03_R0359,G03,LOGO,holdout_G03,G03,100,50,0.0001,0.7,0.2,0.1,5.0,30.559497,30.71298064050512,0.1534836405051187,0.1534836405051187
G03_R0360,G03,LOGO,holdout_G03,G03,100,50,0.0001,0.7,0.3,0.1,5.0,47.725485,47.96213116778739,0.2366461677873914,0.2366461677873914
G03_R0361,G03,LOGO,holdout_G03,G03,100,50,1e-05,0.85,0.1,0.1,5.0,29.134527,29.27211441610315,0.1375874161031518,0.1375874161031518
G03_R0362,G03,LOGO,holdout_G03,G03,100,50,1e-05,0.85,0.2,0.1,5.0,60.790081,61.0218638192625,0.2317828192624986,0.2317828192624986
G03_R0363,G03,LOGO,holdout_G03,G03,100,50,1e-05,0.85,0.3,0.1,5.0,111.596977,112.02025052955976,0.4232735295597649,0.4232735295597649
G03_R0364,G03,LOGO,holdout_G03,G03,100,50,1e-05,0.8,0.1,0.1,5.0,29.220246,29.33646776820437,0.1162217682043724,0.1162217682043724
G03_R0365,G03,LOGO,holdout_G03,G03,100,50,1e-05,0.8,0.2,0.1,5.0,61.030695,61.20552167101177,0.1748266710117718,0.1748266710117718
G03_R0366,G03,LOGO,holdout_G03,G03,100,50,1e-05,0.8,0.3,0.1,5.0,112.076496,112.38604435260396,0.3095483526039402,0.3095483526039402
G03_R0367,G03,LOGO,holdout_G03,G03,100,50,1e-05,0.75,0.1,0.1,5.0,29.316938,29.453941315831965,0.137003315831965,0.137003315831965
G03_R0368,G03,LOGO,holdout_G03,G03,100,50,1e-05,0.75,0.2,0.1,5.0,61.305273,61.546403046160094,0.2411300461600944,0.2411300461600944
G03_R0369,G03,LOGO,holdout_G03,G03,100,50,1e-05,0.75,0.3,0.1,5.0,112.615969,113.06237774964995,0.4464087496499616,0.4464087496499616
G03_R0370,G03,LOGO,holdout_G03,G03,100,50,1e-05,0.7,0.1,0.1,5.0,29.426597,29.53499323633258,0.1083962363325774,0.1083962363325774
G03_R0371,G03,LOGO,holdout_G03,G03,100,50,1e-05,0.7,0.2,0.1,5.0,61.622808,61.778660389909774,0.155852389909775,0.155852389909775
G03_R0372,G03,LOGO,holdout_G03,G03,100,50,1e-05,0.7,0.3,0.1,5.0,113.24539,113.52072378464904,0.2753337846490353,0.2753337846490353
G03_R0373,G03,LOGO,holdout_G03,G03,100,50,1e-06,0.85,0.1,0.1,5.0,101.187419,101.40227293388033,0.2148539338803203,0.2148539338803203
G03_R0374,G03,LOGO,holdout_G03,G03,100,50,1e-06,0.85,0.2,0.1,5.0,323.53727999999995,323.89775304973296,0.3604730497330024,0.3604730497330024
G03_R0375,G03,LOGO,holdout_G03,G03,100,50,1e-06,0.85,0.3,0.1,5.0,688.5361770000001,689.1832800387092,0.6471030387091332,0.6471030387091332
G03_R0376,G03,LOGO,holdout_G03,G03,100,50,1e-06,0.8,0.1,0.1,5.0,101.477311,101.61836528516776,0.1410542851677689,0.1410542851677689
G03_R0377,G03,LOGO,holdout_G03,G03,100,50,1e-06,0.8,0.2,0.1,5.0,324.307139,324.483695576187,0.1765565761870107,0.1765565761870107
G03_R0378,G03,LOGO,holdout_G03,G03,100,50,1e-06,0.8,0.3,0.1,5.0,690.0160030000001,690.3684242831774,0.3524212831773639,0.3524212831773639
G03_R0379,G03,LOGO,holdout_G03,G03,100,50,1e-06,0.75,0.1,0.1,5.0,101.807195,102.02047133119284,0.2132763311928585,0.2132763311928585
G03_R0380,G03,LOGO,holdout_G03,G03,100,50,1e-06,0.75,0.2,0.1,5.0,325.196988,325.5900113443342,0.3930233443342104,0.3930233443342104
G03_R0381,G03,LOGO,holdout_G03,G03,100,50,1e-06,0.75,0.3,0.1,5.0,691.715816,692.2823594513345,0.5665434513344962,0.5665434513344962
G03_R0382,G03,LOGO,holdout_G03,G03,100,50,1e-06,0.7,0.1,0.1,5.0,102.18707,102.29916237369508,0.1120923736950771,0.1120923736950771
G03_R0383,G03,LOGO,holdout_G03,G03,100,50,1e-06,0.7,0.2,0.1,5.0,326.226825,326.3445246414535,0.1176996414534983,0.1176996414534983
G03_R0384,G03,LOGO,holdout_G03,G03,100,50,1e-06,0.7,0.3,0.1,5.0,693.695614,693.9071254297353,0.2115114297353102,0.2115114297353102
G03_R0385,G03,LOGO,holdout_G03,G03,250,3,0.001,0.85,0.1,0.1,5.0,45.389368000000005,45.75218893450435,0.3628209345043487,0.3628209345043487
G03_R0386,G03,LOGO,holdout_G03,G03,250,3,0.001,0.85,0.2,0.1,5.0,65.975935,66.31553418955623,0.3395991895562247,0.3395991895562247
G03_R0387,G03,LOGO,holdout_G03,G03,250,3,0.001,0.85,0.3,0.1,5.0,97.245975,97.44829743273702,0.2023224327370201,0.2023224327370201
G03_R0388,G03,LOGO,holdout_G03,G03,250,3,0.001,0.8,0.1,0.1,5.0,45.652172,45.95577959414396,0.303607594143962,0.303607594143962
G03_R0389,G03,LOGO,holdout_G03,G03,250,3,0.001,0.8,0.2,0.1,5.0,66.472482,66.70742028211588,0.2349382821158769,0.2349382821158769
G03_R0390,G03,LOGO,holdout_G03,G03,250,3,0.001,0.8,0.3,0.1,5.0,98.151361,98.12041744166592,-0.0309435583340871,0.0309435583340871
G03_R0391,G03,LOGO,holdout_G03,G03,250,3,0.001,0.75,0.1,0.1,5.0,45.932809000000006,46.302274962069625,0.3694659620696185,0.3694659620696185
G03_R0392,G03,LOGO,holdout_G03,G03,250,3,0.001,0.75,0.2,0.1,5.0,67.00683400000001,67.36491438192402,0.3580803819240117,0.3580803819240117
G03_R0393,G03,LOGO,holdout_G03,G03,250,3,0.001,0.75,0.3,0.1,5.0,99.133571,99.3321543694826,0.1985833694825913,0.1985833694825913
G03_R0394,G03,LOGO,holdout_G03,G03,250,3,0.001,0.7,0.1,0.1,5.0,46.234263,46.52735827874783,0.2930952787478347,0.2930952787478347
G03_R0395,G03,LOGO,holdout_G03,G03,250,3,0.001,0.7,0.2,0.1,5.0,67.58697000000001,67.79580041983971,0.2088304198396997,0.2088304198396997
G03_R0396,G03,LOGO,holdout_G03,G03,250,3,0.001,0.7,0.3,0.1,5.0,100.211552,100.14032052007704,-0.0712314799229574,0.0712314799229574
G03_R0397,G03,LOGO,holdout_G03,G03,250,3,0.0001,0.85,0.1,0.1,5.0,56.037237,56.5055394218937,0.4683024218937035,0.4683024218937035
G03_R0398,G03,LOGO,holdout_G03,G03,250,3,0.0001,0.85,0.2,0.1,5.0,87.449253,88.14948044358796,0.7002274435879627,0.7002274435879627
G03_R0399,G03,LOGO,holdout_G03,G03,250,3,0.0001,0.85,0.3,0.1,5.0,137.26742199999998,138.3547564672338,1.0873344672338303,1.0873344672338303
G03_R0400,G03,LOGO,holdout_G03,G03,250,3,0.0001,0.8,0.1,0.1,5.0,56.227719,56.651180968893584,0.4234619688935837,0.4234619688935837
G03_R0401,G03,LOGO,holdout_G03,G03,250,3,0.0001,0.8,0.2,0.1,5.0,87.945533,88.53917102483774,0.5936380248377446,0.5936380248377446
G03_R0402,G03,LOGO,holdout_G03,G03,250,3,0.0001,0.8,0.3,0.1,5.0,138.255384,139.12205703979885,0.8666730397988545,0.8666730397988545
G03_R0403,G03,LOGO,holdout_G03,G03,250,3,0.0001,0.75,0.1,0.1,5.0,56.435052,56.908084199390615,0.4730321993906159,0.4730321993906159
G03_R0404,G03,LOGO,holdout_G03,G03,250,3,0.0001,0.75,0.2,0.1,5.0,88.50164,89.21226325888611,0.7106232588861161,0.7106232588861161
G03_R0405,G03,LOGO,holdout_G03,G03,250,3,0.0001,0.75,0.3,0.1,5.0,139.383154,140.50056491556484,1.1174109155648466,1.1174109155648466
G03_R0406,G03,LOGO,holdout_G03,G03,250,3,0.0001,0.7,0.1,0.1,5.0,56.664216,57.07771664136894,0.4135006413689339,0.4135006413689339
G03_R0407,G03,LOGO,holdout_G03,G03,250,3,0.0001,0.7,0.2,0.1,5.0,89.12956700000001,89.67892428513517,0.5493572851351587,0.5493572851351587
G03_R0408,G03,LOGO,holdout_G03,G03,250,3,0.0001,0.7,0.3,0.1,5.0,140.650701,141.4223736666367,0.7716726666367038,0.7716726666367038
G03_R0409,G03,LOGO,holdout_G03,G03,250,3,1e-05,0.85,0.1,0.1,5.0,81.998024,82.54073150083381,0.5427075008338136,0.5427075008338136
G03_R0410,G03,LOGO,holdout_G03,G03,250,3,1e-05,0.85,0.2,0.1,5.0,169.740165,170.65891296463113,0.9187479646311374,0.9187479646311374
G03_R0411,G03,LOGO,holdout_G03,G03,250,3,1e-05,0.85,0.3,0.1,5.0,309.63962,311.21030030613247,1.5706803061324877,1.5706803061324877
G03_R0412,G03,LOGO,holdout_G03,G03,250,3,1e-05,0.8,0.1,0.1,5.0,82.396416,82.83096083833236,0.4345448383323571,0.4345448383323571
G03_R0413,G03,LOGO,holdout_G03,G03,250,3,1e-05,0.8,0.2,0.1,5.0,170.98934,171.62471590490892,0.6353759049089263,0.6353759049089263
G03_R0414,G03,LOGO,holdout_G03,G03,250,3,1e-05,0.8,0.3,0.1,5.0,312.17861,313.09923222113247,0.9206222211324756,0.9206222211324756
G03_R0415,G03,LOGO,holdout_G03,G03,250,3,1e-05,0.75,0.1,0.1,5.0,82.850747,83.39252884477472,0.541781844774718,0.541781844774718
G03_R0416,G03,LOGO,holdout_G03,G03,250,3,1e-05,0.75,0.2,0.1,5.0,172.42844,173.38957747513922,0.9611374751392248,0.9611374751392248
G03_R0417,G03,LOGO,holdout_G03,G03,250,3,1e-05,0.75,0.3,0.1,5.0,315.10751,316.7780001832354,1.670490183235415,1.670490183235415
G03_R0418,G03,LOGO,holdout_G03,G03,250,3,1e-05,0.7,0.1,0.1,5.0,83.376009,83.78846322902601,0.4124542290260109,0.4124542290260109
G03_R0419,G03,LOGO,holdout_G03,G03,250,3,1e-05,0.7,0.2,0.1,5.0,174.10744,174.59640330430426,0.4889633043042636,0.4889633043042636
G03_R0420,G03,LOGO,holdout_G03,G03,250,3,1e-05,0.7,0.3,0.1,5.0,318.54631,319.2396460832313,0.6933360832313156,0.6933360832313156
G03_R0421,G03,LOGO,holdout_G03,G03,250,3,1e-06,0.85,0.1,0.1,5.0,266.242464,267.0670944998238,0.8246304998237974,0.8246304998237974
G03_R0422,G03,LOGO,holdout_G03,G03,250,3,1e-06,0.85,0.2,0.1,5.0,841.0599299999999,842.352908809948,1.2929788099480677,1.2929788099480677
G03_R0423,G03,LOGO,holdout_G03,G03,250,3,1e-06,0.85,0.3,0.1,5.0,1782.05507,1784.0742868916184,2.0192168916184983,2.0192168916184983
G03_R0424,G03,LOGO,holdout_G03,G03,250,3,1e-06,0.8,0.1,0.1,5.0,267.582225,268.073142055139,0.4909170551389934,0.4909170551389934
G03_R0425,G03,LOGO,holdout_G03,G03,250,3,1e-06,0.8,0.2,0.1,5.0,845.1096200000001,845.6591649929112,0.5495449929111373,0.5495449929111373
G03_R0426,G03,LOGO,holdout_G03,G03,250,3,1e-06,0.8,0.3,0.1,5.0,1789.9546899999998,1790.5903052781623,0.6356152781625042,0.6356152781625042
G03_R0427,G03,LOGO,holdout_G03,G03,250,3,1e-06,0.75,0.1,0.1,5.0,269.19196900000003,270.0471284999672,0.8551594999671011,0.8551594999671011
G03_R0428,G03,LOGO,holdout_G03,G03,250,3,1e-06,0.75,0.2,0.1,5.0,849.88929,850.6014200906028,0.7121300906028409,0.7121300906028409
G03_R0429,G03,LOGO,holdout_G03,G03,250,3,1e-06,0.75,0.3,0.1,5.0,1799.35429,1800.384250114387,1.029960114386995,1.029960114386995
G03_R0430,G03,LOGO,holdout_G03,G03,250,3,1e-06,0.7,0.1,0.1,5.0,271.12169500000005,271.487587315552,0.365892315551946,0.365892315551946
G03_R0431,G03,LOGO,holdout_G03,G03,250,3,1e-06,0.7,0.2,0.1,5.0,855.49894,855.4551319814674,-0.0438080185325588,0.0438080185325588
G03_R0432,G03,LOGO,holdout_G03,G03,250,3,1e-06,0.7,0.3,0.1,5.0,1810.35386,1810.6018722240292,0.2480122240294804,0.2480122240294804
G03_R0433,G03,LOGO,holdout_G03,G03,250,6,0.001,0.85,0.1,0.1,5.0,45.389368000000005,45.751837293171,0.3624692931709958,0.3624692931709958
G03_R0434,G03,LOGO,holdout_G03,G03,250,6,0.001,0.85,0.2,0.1,5.0,65.975935,66.31302622807705,0.3370912280770426,0.3370912280770426
G03_R0435,G03,LOGO,holdout_G03,G03,250,6,0.001,0.85,0.3,0.1,5.0,97.245975,97.4461047910703,0.2001297910702959,0.2001297910702959
G03_R0436,G03,LOGO,holdout_G03,G03,250,6,0.001,0.8,0.1,0.1,5.0,45.652172,45.9554279528106,0.303255952810602,0.303255952810602
G03_R0437,G03,LOGO,holdout_G03,G03,250,6,0.001,0.8,0.2,0.1,5.0,66.472482,66.70442475480337,0.2319427548033701,0.2319427548033701
G03_R0438,G03,LOGO,holdout_G03,G03,250,6,0.001,0.8,0.3,0.1,5.0,98.151361,98.11867562291587,-0.0326853770841211,0.0326853770841211
G03_R0439,G03,LOGO,holdout_G03,G03,250,6,0.001,0.75,0.1,0.1,5.0,45.932809000000006,46.30403194523628,0.3712229452362763,0.3712229452362763
G03_R0440,G03,LOGO,holdout_G03,G03,250,6,0.001,0.75,0.2,0.1,5.0,67.00683400000001,67.36336636040319,0.3565323604031789,0.3565323604031789
G03_R0441,G03,LOGO,holdout_G03,G03,250,6,0.001,0.75,0.3,0.1,5.0,99.133571,99.32936570772664,0.1957947077266482,0.1957947077266482
G03_R0442,G03,LOGO,holdout_G03,G03,250,6,0.001,0.7,0.1,0.1,5.0,46.234263,46.52911526191449,0.2948522619144924,0.2948522619144924
G03_R0443,G03,LOGO,holdout_G03,G03,250,6,0.001,0.7,0.2,0.1,5.0,67.58697000000001,67.79425239831889,0.2072823983188811,0.2072823983188811
G03_R0444,G03,LOGO,holdout_G03,G03,250,6,0.001,0.7,0.3,0.1,5.0,100.211552,100.1375318583211,-0.0740201416789005,0.0740201416789005
G03_R0445,G03,LOGO,holdout_G03,G03,250,6,0.0001,0.85,0.1,0.1,5.0,56.037237,56.50419793251872,0.4669609325187238,0.4669609325187238
G03_R0446,G03,LOGO,holdout_G03,G03,250,6,0.0001,0.85,0.2,0.1,5.0,87.449253,88.15023022104631,0.7009772210463154,0.7009772210463154
G03_R0447,G03,LOGO,holdout_G03,G03,250,6,0.0001,0.85,0.3,0.1,5.0,137.26742199999998,138.35645593001354,1.0890339300135563,1.0890339300135563
G03_R0448,G03,LOGO,holdout_G03,G03,250,6,0.0001,0.8,0.1,0.1,5.0,56.227719,56.64983947951861,0.422120479518604,0.422120479518604
G03_R0449,G03,LOGO,holdout_G03,G03,250,6,0.0001,0.8,0.2,0.1,5.0,87.945533,88.53992080229608,0.5943878022960831,0.5943878022960831
G03_R0450,G03,LOGO,holdout_G03,G03,250,6,0.0001,0.8,0.3,0.1,5.0,138.255384,139.1237565025786,0.8683725025786089,0.8683725025786089
G03_R0451,G03,LOGO,holdout_G03,G03,250,6,0.0001,0.75,0.1,0.1,5.0,56.435052,56.909305615536425,0.4742536155364263,0.4742536155364263
G03_R0452,G03,LOGO,holdout_G03,G03,250,6,0.0001,0.75,0.2,0.1,5.0,88.50164,89.21260941815693,0.7109694181569353,0.7109694181569353
G03_R0453,G03,LOGO,holdout_G03,G03,250,6,0.0001,0.75,0.3,0.1,5.0,139.383154,140.50165610750236,1.1185021075023656,1.1185021075023656
G03_R0454,G03,LOGO,holdout_G03,G03,250,6,0.0001,0.7,0.1,0.1,5.0,56.664216,57.07893805751474,0.4147220575147372,0.4147220575147372
G03_R0455,G03,LOGO,holdout_G03,G03,250,6,0.0001,0.7,0.2,0.1,5.0,89.12956700000001,89.67927044440599,0.5497034444059778,0.5497034444059778
G03_R0456,G03,LOGO,holdout_G03,G03,250,6,0.0001,0.7,0.3,0.1,5.0,140.650701,141.42346485857422,0.7727638585742227,0.7727638585742227
G03_R0457,G03,LOGO,holdout_G03,G03,250,6,1e-05,0.85,0.1,0.1,5.0,81.998024,82.5423162764588,0.5442922764588047,0.5442922764588047
G03_R0458,G03,LOGO,holdout_G03,G03,250,6,1e-05,0.85,0.2,0.1,5.0,169.740165,170.6630248487978,0.922859848797799,0.922859848797799
G03_R0459,G03,LOGO,holdout_G03,G03,250,6,1e-05,0.85,0.3,0.1,5.0,309.63962,311.21272591970404,1.5731059197040622,1.5731059197040622
G03_R0460,G03,LOGO,holdout_G03,G03,250,6,1e-05,0.8,0.1,0.1,5.0,82.396416,82.83254561395735,0.4361296139573483,0.4361296139573483
G03_R0461,G03,LOGO,holdout_G03,G03,250,6,1e-05,0.8,0.2,0.1,5.0,170.98934,171.6288277890756,0.6394877890756163,0.6394877890756163
G03_R0462,G03,LOGO,holdout_G03,G03,250,6,1e-05,0.8,0.3,0.1,5.0,312.17861,313.10165783470404,0.9230478347040504,0.9230478347040504
G03_R0463,G03,LOGO,holdout_G03,G03,250,6,1e-05,0.75,0.1,0.1,5.0,82.850747,83.3923428275872,0.5415958275872015,0.5415958275872015
G03_R0464,G03,LOGO,holdout_G03,G03,250,6,1e-05,0.75,0.2,0.1,5.0,172.42844,173.39020710763924,0.9617671076392468,0.9617671076392468
G03_R0465,G03,LOGO,holdout_G03,G03,250,6,1e-05,0.75,0.3,0.1,5.0,315.10751,316.7844290894854,1.6769190894854091,1.6769190894854091
G03_R0466,G03,LOGO,holdout_G03,G03,250,6,1e-05,0.7,0.1,0.1,5.0,83.376009,83.78827721183849,0.4122682118384944,0.4122682118384944
G03_R0467,G03,LOGO,holdout_G03,G03,250,6,1e-05,0.7,0.2,0.1,5.0,174.10744,174.59703293680428,0.4895929368042857,0.4895929368042857
G03_R0468,G03,LOGO,holdout_G03,G03,250,6,1e-05,0.7,0.3,0.1,5.0,318.54631,319.24607498948126,0.6997649894812525,0.6997649894812525
G03_R0469,G03,LOGO,holdout_G03,G03,250,6,1e-06,0.85,0.1,0.1,5.0,266.242464,267.0664019227405,0.8239379227405266,0.8239379227405266
G03_R0470,G03,LOGO,holdout_G03,G03,250,6,1e-06,0.85,0.2,0.1,5.0,841.0599299999999,842.3460248524482,1.2860948524482865,1.2860948524482865
G03_R0471,G03,LOGO,holdout_G03,G03,250,6,1e-06,0.85,0.3,0.1,5.0,1782.05507,1784.009968597869,1.9548985978690323,1.9548985978690323
G03_R0472,G03,LOGO,holdout_G03,G03,250,6,1e-06,0.8,0.1,0.1,5.0,267.582225,268.0736555480557,0.4914305480556891,0.4914305480556891
G03_R0473,G03,LOGO,holdout_G03,G03,250,6,1e-06,0.8,0.2,0.1,5.0,845.1096200000001,845.6301118541613,0.5204918541612642,0.5204918541612642
G03_R0474,G03,LOGO,holdout_G03,G03,250,6,1e-06,0.8,0.3,0.1,5.0,1789.9546899999998,1790.553833786288,0.5991437862880957,0.5991437862880957
G03_R0475,G03,LOGO,holdout_G03,G03,250,6,1e-06,0.75,0.1,0.1,5.0,269.19196900000003,270.04817376063374,0.856204760633716,0.856204760633716
G03_R0476,G03,LOGO,holdout_G03,G03,250,6,1e-06,0.75,0.2,0.1,5.0,849.88929,850.5737625156029,0.6844725156029199,0.6844725156029199
G03_R0477,G03,LOGO,holdout_G03,G03,250,6,1e-06,0.75,0.3,0.1,5.0,1799.35429,1800.4062331964703,1.0519431964703472,1.0519431964703472
G03_R0478,G03,LOGO,holdout_G03,G03,250,6,1e-06,0.7,0.1,0.1,5.0,271.12169500000005,271.48863257621866,0.3669375762186178,0.3669375762186178
G03_R0479,G03,LOGO,holdout_G03,G03,250,6,1e-06,0.7,0.2,0.1,5.0,855.49894,855.4702752343842,-0.0286647656157583,0.0286647656157583
G03_R0480,G03,LOGO,holdout_G03,G03,250,6,1e-06,0.7,0.3,0.1,5.0,1810.35386,1810.6391371764105,0.2852771764105455,0.2852771764105455
G03_R0481,G03,LOGO,holdout_G03,G03,250,20,0.001,0.85,0.1,0.1,5.0,45.389368000000005,45.75364159894181,0.3642735989418071,0.3642735989418071
G03_R0482,G03,LOGO,holdout_G03,G03,250,20,0.001,0.85,0.2,0.1,5.0,65.975935,66.31321182836872,0.3372768283687151,0.3372768283687151
G03_R0483,G03,LOGO,holdout_G03,G03,250,20,0.001,0.85,0.3,0.1,5.0,97.245975,97.44873398377864,0.2027589837786507,0.2027589837786507
G03_R0484,G03,LOGO,holdout_G03,G03,250,20,0.001,0.8,0.1,0.1,5.0,45.652172,45.957687696706415,0.305515696706415,0.305515696706415
G03_R0485,G03,LOGO,holdout_G03,G03,250,20,0.001,0.8,0.2,0.1,5.0,66.472482,66.7037571148867,0.2312751148866993,0.2312751148866993
G03_R0486,G03,LOGO,holdout_G03,G03,250,20,0.001,0.8,0.3,0.1,5.0,98.151361,98.1213048156242,-0.0300561843757805,0.0300561843757805
G03_R0487,G03,LOGO,holdout_G03,G03,250,20,0.001,0.75,0.1,0.1,5.0,45.932809000000006,46.30415564497438,0.3713466449743734,0.3713466449743734
G03_R0488,G03,LOGO,holdout_G03,G03,250,20,0.001,0.75,0.2,0.1,5.0,67.00683400000001,67.36521867640023,0.3583846764002203,0.3583846764002203
G03_R0489,G03,LOGO,holdout_G03,G03,250,20,0.001,0.75,0.3,0.1,5.0,99.133571,99.32688173562842,0.1933107356284154,0.1933107356284154
G03_R0490,G03,LOGO,holdout_G03,G03,250,20,0.001,0.7,0.1,0.1,5.0,46.234263,46.52897312602759,0.2947101260275886,0.2947101260275886
G03_R0491,G03,LOGO,holdout_G03,G03,250,20,0.001,0.7,0.2,0.1,5.0,67.58697000000001,67.79642903150341,0.2094590315033997,0.2094590315033997
G03_R0492,G03,LOGO,holdout_G03,G03,250,20,0.001,0.7,0.3,0.1,5.0,100.211552,100.1355321366693,-0.0760198633306998,0.0760198633306998
G03_R0493,G03,LOGO,holdout_G03,G03,250,20,0.0001,0.85,0.1,0.1,5.0,56.037237,56.50264660468835,0.4654096046883538,0.4654096046883538
G03_R0494,G03,LOGO,holdout_G03,G03,250,20,0.0001,0.85,0.2,0.1,5.0,87.449253,88.1509680666495,0.7017150666494985,0.7017150666494985
G03_R0495,G03,LOGO,holdout_G03,G03,250,20,0.0001,0.85,0.3,0.1,5.0,137.26742199999998,138.35635302136774,1.088931021367756,1.088931021367756
G03_R0496,G03,LOGO,holdout_G03,G03,250,20,0.0001,0.8,0.1,0.1,5.0,56.227719,56.64828815168824,0.420569151688241,0.420569151688241
G03_R0497,G03,LOGO,holdout_G03,G03,250,20,0.0001,0.8,0.2,0.1,5.0,87.945533,88.54169350675343,0.596160506753435,0.596160506753435
G03_R0498,G03,LOGO,holdout_G03,G03,250,20,0.0001,0.8,0.3,0.1,5.0,138.255384,139.12045986143278,0.8650758614327856,0.8650758614327856
G03_R0499,G03,LOGO,holdout_G03,G03,250,20,0.0001,0.75,0.1,0.1,5.0,56.435052,56.907334023835055,0.4722820238350564,0.4722820238350564
G03_R0500,G03,LOGO,holdout_G03,G03,250,20,0.0001,0.75,0.2,0.1,5.0,88.50164,89.21282181685487,0.7111818168548751,0.7111818168548751
G03_R0501,G03,LOGO,holdout_G03,G03,250,20,0.0001,0.75,0.3,0.1,5.0,139.383154,140.4990459915961,1.1158919915961008,1.1158919915961008
G03_R0502,G03,LOGO,holdout_G03,G03,250,20,0.0001,0.7,0.1,0.1,5.0,56.664216,57.07661408675087,0.4123980867508692,0.4123980867508692
G03_R0503,G03,LOGO,holdout_G03,G03,250,20,0.0001,0.7,0.2,0.1,5.0,89.12956700000001,89.67948284310391,0.5499158431039035,0.5499158431039035
G03_R0504,G03,LOGO,holdout_G03,G03,250,20,0.0001,0.7,0.3,0.1,5.0,140.650701,141.42085474266796,0.7701537426679579,0.7701537426679579
G03_R0505,G03,LOGO,holdout_G03,G03,250,20,1e-05,0.85,0.1,0.1,5.0,81.998024,82.54230887739632,0.544284877396322,0.544284877396322
G03_R0506,G03,LOGO,holdout_G03,G03,250,20,1e-05,0.85,0.2,0.1,5.0,169.740165,170.6619680617144,0.9218030617143996,0.9218030617143996
G03_R0507,G03,LOGO,holdout_G03,G03,250,20,1e-05,0.85,0.3,0.1,5.0,309.63962,311.20393118143033,1.5643111814303552,1.5643111814303552
G03_R0508,G03,LOGO,holdout_G03,G03,250,20,1e-05,0.8,0.1,0.1,5.0,82.396416,82.83253821489487,0.4361222148948656,0.4361222148948656
G03_R0509,G03,LOGO,holdout_G03,G03,250,20,1e-05,0.8,0.2,0.1,5.0,170.98934,171.6288203894922,0.6394803894922063,0.6394803894922063
G03_R0510,G03,LOGO,holdout_G03,G03,250,20,1e-05,0.8,0.3,0.1,5.0,312.17861,313.10296557768027,0.9243555776802737,0.9243555776802737
G03_R0511,G03,LOGO,holdout_G03,G03,250,20,1e-05,0.75,0.1,0.1,5.0,82.850747,83.38669714110054,0.5359501411005425,0.5359501411005425
G03_R0512,G03,LOGO,holdout_G03,G03,250,20,1e-05,0.75,0.2,0.1,5.0,172.42844,173.37364824930594,0.9452082493059492,0.9452082493059492
G03_R0513,G03,LOGO,holdout_G03,G03,250,20,1e-05,0.75,0.3,0.1,5.0,315.10751,316.74707525264034,1.6395652526403524,1.6395652526403524
G03_R0514,G03,LOGO,holdout_G03,G03,250,20,1e-05,0.7,0.1,0.1,5.0,83.376009,83.78223640672682,0.4062274067268276,0.4062274067268276
G03_R0515,G03,LOGO,holdout_G03,G03,250,20,1e-05,0.7,0.2,0.1,5.0,174.10744,174.58307867430426,0.475638674304264,0.475638674304264
G03_R0516,G03,LOGO,holdout_G03,G03,250,20,1e-05,0.7,0.3,0.1,5.0,318.54631,319.20450409013614,0.658194090136135,0.658194090136135
G03_R0517,G03,LOGO,holdout_G03,G03,250,20,1e-06,0.85,0.1,0.1,5.0,266.242464,267.06357571760964,0.8211117176096536,0.8211117176096536
G03_R0518,G03,LOGO,holdout_G03,G03,250,20,1e-06,0.85,0.2,0.1,5.0,841.0599299999999,842.3293618864064,1.2694318864065508,1.2694318864065508
G03_R0519,G03,LOGO,holdout_G03,G03,250,20,1e-06,0.85,0.3,0.1,5.0,1782.05507,1784.0091840272437,1.9541140272435769,1.9541140272435769
G03_R0520,G03,LOGO,holdout_G03,G03,250,20,1e-06,0.8,0.1,0.1,5.0,267.582225,268.0731081570915,0.4908831570915026,0.4908831570915026
G03_R0521,G03,LOGO,holdout_G03,G03,250,20,1e-06,0.8,0.2,0.1,5.0,845.1096200000001,845.6059632281195,0.4963432281194855,0.4963432281194855
G03_R0522,G03,LOGO,holdout_G03,G03,250,20,1e-06,0.8,0.3,0.1,5.0,1789.9546899999998,1790.5203891854542,0.5656991854543776,0.5656991854543776
G03_R0523,G03,LOGO,holdout_G03,G03,250,20,1e-06,0.75,0.1,0.1,5.0,269.19196900000003,270.0514128778956,0.8594438778955578,0.8594438778955578
G03_R0524,G03,LOGO,holdout_G03,G03,250,20,1e-06,0.75,0.2,0.1,5.0,849.88929,850.5848925829836,0.6956025829836108,0.6956025829836108
G03_R0525,G03,LOGO,holdout_G03,G03,250,20,1e-06,0.75,0.3,0.1,5.0,1799.35429,1800.4259584273043,1.071668427304303,1.071668427304303
G03_R0526,G03,LOGO,holdout_G03,G03,250,20,1e-06,0.7,0.1,0.1,5.0,271.12169500000005,271.4918716934805,0.3701766934804595,0.3701766934804595
G03_R0527,G03,LOGO,holdout_G03,G03,250,20,1e-06,0.7,0.2,0.1,5.0,855.49894,855.4824452228065,-0.0164947771934294,0.0164947771934294
G03_R0528,G03,LOGO,holdout_G03,G03,250,20,1e-06,0.7,0.3,0.1,5.0,1810.35386,1810.678321956307,0.3244619563070046,0.3244619563070046
G03_R0529,G03,LOGO,holdout_G03,G03,250,50,0.001,0.85,0.1,0.1,5.0,45.389368000000005,45.75329954331683,0.3639315433168235,0.3639315433168235
G03_R0530,G03,LOGO,holdout_G03,G03,250,50,0.001,0.85,0.2,0.1,5.0,65.975935,66.31458201479234,0.338647014792329,0.338647014792329
G03_R0531,G03,LOGO,holdout_G03,G03,250,50,0.001,0.85,0.3,0.1,5.0,97.245975,97.4493420598203,0.2033670598202945,0.2033670598202945
G03_R0532,G03,LOGO,holdout_G03,G03,250,50,0.001,0.8,0.1,0.1,5.0,45.652172,45.95734564108144,0.3051736410814385,0.3051736410814385
G03_R0533,G03,LOGO,holdout_G03,G03,250,50,0.001,0.8,0.2,0.1,5.0,66.472482,66.70512730131033,0.2326453013103275,0.2326453013103275
G03_R0534,G03,LOGO,holdout_G03,G03,250,50,0.001,0.8,0.3,0.1,5.0,98.151361,98.12191289166589,-0.0294481083341224,0.0294481083341224
G03_R0535,G03,LOGO,holdout_G03,G03,250,50,0.001,0.75,0.1,0.1,5.0,45.932809000000006,46.30297301826606,0.3701640182660526,0.3701640182660526
G03_R0536,G03,LOGO,holdout_G03,G03,250,50,0.001,0.75,0.2,0.1,5.0,67.00683400000001,67.3661938080669,0.359359808066884,0.359359808066884
G03_R0537,G03,LOGO,holdout_G03,G03,250,50,0.001,0.75,0.3,0.1,5.0,99.133571,99.32670239031587,0.1931313903158695,0.1931313903158695
G03_R0538,G03,LOGO,holdout_G03,G03,250,50,0.001,0.7,0.1,0.1,5.0,46.234263,46.52813255494426,0.2938695549442585,0.2938695549442585
G03_R0539,G03,LOGO,holdout_G03,G03,250,50,0.001,0.7,0.2,0.1,5.0,67.58697000000001,67.79740416317007,0.2104341631700634,0.2104341631700634
G03_R0540,G03,LOGO,holdout_G03,G03,250,50,0.001,0.7,0.3,0.1,5.0,100.211552,100.13400032260677,-0.0775516773932452,0.0775516773932452
G03_R0541,G03,LOGO,holdout_G03,G03,250,50,0.0001,0.85,0.1,0.1,5.0,56.037237,56.50253095631333,0.4652939563133316,0.4652939563133316
G03_R0542,G03,LOGO,holdout_G03,G03,250,50,0.0001,0.85,0.2,0.1,5.0,87.449253,88.15094619085785,0.7016931908578528,0.7016931908578528
G03_R0543,G03,LOGO,holdout_G03,G03,250,50,0.0001,0.85,0.3,0.1,5.0,137.26742199999998,138.35465774745106,1.087235747451075,1.087235747451075
G03_R0544,G03,LOGO,holdout_G03,G03,250,50,0.0001,0.8,0.1,0.1,5.0,56.227719,56.648172503313226,0.4204535033132259,0.4204535033132259
G03_R0545,G03,LOGO,holdout_G03,G03,250,50,0.0001,0.8,0.2,0.1,5.0,87.945533,88.54167163096177,0.5961386309617751,0.5961386309617751
G03_R0546,G03,LOGO,holdout_G03,G03,250,50,0.0001,0.8,0.3,0.1,5.0,138.255384,139.1187645875161,0.8633805875161045,0.8633805875161045
G03_R0547,G03,LOGO,holdout_G03,G03,250,50,0.0001,0.75,0.1,0.1,5.0,56.435052,56.90784692610588,0.4727949261058768,0.4727949261058768
G03_R0548,G03,LOGO,holdout_G03,G03,250,50,0.0001,0.75,0.2,0.1,5.0,88.50164,89.21486499433404,0.7132249943340412,0.7132249943340412
G03_R0549,G03,LOGO,holdout_G03,G03,250,50,0.0001,0.75,0.3,0.1,5.0,139.383154,140.50187445915856,1.1187204591585669,1.1187204591585669
G03_R0550,G03,LOGO,holdout_G03,G03,250,50,0.0001,0.7,0.1,0.1,5.0,56.664216,57.0771269890217,0.4129109890216966,0.4129109890216966
G03_R0551,G03,LOGO,holdout_G03,G03,250,50,0.0001,0.7,0.2,0.1,5.0,89.12956700000001,89.6812475300831,0.5516805300830896,0.5516805300830896
G03_R0552,G03,LOGO,holdout_G03,G03,250,50,0.0001,0.7,0.3,0.1,5.0,140.650701,141.42474045054294,0.7740394505429435,0.7740394505429435
G03_R0553,G03,LOGO,holdout_G03,G03,250,50,1e-05,0.85,0.1,0.1,5.0,81.998024,82.54091501389632,0.5428910138963232,0.5428910138963232
G03_R0554,G03,LOGO,holdout_G03,G03,250,50,1e-05,0.85,0.2,0.1,5.0,169.740165,170.6684305100478,0.9282655100478224,0.9282655100478224
G03_R0555,G03,LOGO,holdout_G03,G03,250,50,1e-05,0.85,0.3,0.1,5.0,309.63962,311.2039160685732,1.564296068573185,1.564296068573185
G03_R0556,G03,LOGO,holdout_G03,G03,250,50,1e-05,0.8,0.1,0.1,5.0,82.396416,82.83128663201987,0.4348706320198658,0.4348706320198658
G03_R0557,G03,LOGO,holdout_G03,G03,250,50,1e-05,0.8,0.2,0.1,5.0,170.98934,171.63528283782563,0.6459428378256291,0.6459428378256291
G03_R0558,G03,LOGO,holdout_G03,G03,250,50,1e-05,0.8,0.3,0.1,5.0,312.17861,313.1029504648231,0.9243404648231036,0.9243404648231036
G03_R0559,G03,LOGO,holdout_G03,G03,250,50,1e-05,0.75,0.1,0.1,5.0,82.850747,83.38876850141304,0.5380215014130414,0.5380215014130414
G03_R0560,G03,LOGO,holdout_G03,G03,250,50,1e-05,0.75,0.2,0.1,5.0,172.42844,173.37278127097264,0.9443412709726432,0.9443412709726432
G03_R0561,G03,LOGO,holdout_G03,G03,250,50,1e-05,0.75,0.3,0.1,5.0,315.10751,316.7565757474321,1.6490657474321324,1.6490657474321324
G03_R0562,G03,LOGO,holdout_G03,G03,250,50,1e-05,0.7,0.1,0.1,5.0,83.376009,83.7848406795393,0.4088316795393041,0.4088316795393041
G03_R0563,G03,LOGO,holdout_G03,G03,250,50,1e-05,0.7,0.2,0.1,5.0,174.10744,174.58221169597095,0.4747716959709578,0.4747716959709578
G03_R0564,G03,LOGO,holdout_G03,G03,250,50,1e-05,0.7,0.3,0.1,5.0,318.54631,319.214004584928,0.6676945849279718,0.6676945849279718
G03_R0565,G03,LOGO,holdout_G03,G03,250,50,1e-06,0.85,0.1,0.1,5.0,266.242464,267.0589967936929,0.816532793692943,0.816532793692943
G03_R0566,G03,LOGO,holdout_G03,G03,250,50,1e-06,0.85,0.2,0.1,5.0,841.0599299999999,842.3245170728643,1.2645870728644013,1.2645870728644013
G03_R0567,G03,LOGO,holdout_G03,G03,250,50,1e-06,0.85,0.3,0.1,5.0,1782.05507,1784.0386711282845,1.9836011282845905,1.9836011282845905
G03_R0568,G03,LOGO,holdout_G03,G03,250,50,1e-06,0.8,0.1,0.1,5.0,267.582225,268.0696353087998,0.487410308799781,0.487410308799781
G03_R0569,G03,LOGO,holdout_G03,G03,250,50,1e-06,0.8,0.2,0.1,5.0,845.1096200000001,845.6373960885356,0.5277760885355747,0.5277760885355747
G03_R0570,G03,LOGO,holdout_G03,G03,250,50,1e-06,0.8,0.3,0.1,5.0,1789.9546899999998,1790.553871077953,0.5991810779535172,0.5991810779535172
G03_R0571,G03,LOGO,holdout_G03,G03,250,50,1e-06,0.75,0.1,0.1,5.0,269.19196900000003,270.0550517005205,0.8630827005205219,0.8630827005205219
G03_R0572,G03,LOGO,holdout_G03,G03,250,50,1e-06,0.75,0.2,0.1,5.0,849.88929,850.6389268061088,0.7496368061088106,0.7496368061088106
G03_R0573,G03,LOGO,holdout_G03,G03,250,50,1e-06,0.75,0.3,0.1,5.0,1799.35429,1800.5370761098047,1.182786109804738,1.182786109804738
G03_R0574,G03,LOGO,holdout_G03,G03,250,50,1e-06,0.7,0.1,0.1,5.0,271.12169500000005,271.4955105161054,0.3738155161053669,0.3738155161053669
G03_R0575,G03,LOGO,holdout_G03,G03,250,50,1e-06,0.7,0.2,0.1,5.0,855.49894,855.4994619994736,0.0005219994736762,0.0005219994736762
G03_R0576,G03,LOGO,holdout_G03,G03,250,50,1e-06,0.7,0.3,0.1,5.0,1810.35386,1810.7209696202651,0.3671096202654098,0.3671096202654098
G03_R0577,G03,LOGO,holdout_G03,G03,500,3,0.001,0.85,0.1,0.1,5.0,110.567527,111.61843139791576,1.0509043979157724,1.0509043979157724
G03_R0578,G03,LOGO,holdout_G03,G03,500,3,0.001,0.85,0.2,0.1,5.0,164.566576,164.85055571165577,0.2839797116557747,0.2839797116557747
G03_R0579,G03,LOGO,holdout_G03,G03,500,3,0.001,0.85,0.3,0.1,5.0,245.6293,244.7508766049176,-0.8784233950824216,0.8784233950824216
G03_R0580,G03,LOGO,holdout_G03,G03,500,3,0.001,0.8,0.1,0.1,5.0,111.323228,112.19460555019904,0.8713775501990426,0.8713775501990426
G03_R0581,G03,LOGO,holdout_G03,G03,500,3,0.001,0.8,0.2,0.1,5.0,166.062162,166.02859933740336,-0.0335626625966369,0.0335626625966369
G03_R0582,G03,LOGO,holdout_G03,G03,500,3,0.001,0.8,0.3,0.1,5.0,248.4045,246.76953840420728,-1.6349615957927313,1.6349615957927313
G03_R0583,G03,LOGO,holdout_G03,G03,500,3,0.001,0.75,0.1,0.1,5.0,112.128647,113.1909387239622,1.0622917239621898,1.0622917239621898
G03_R0584,G03,LOGO,holdout_G03,G03,500,3,0.001,0.75,0.2,0.1,5.0,167.667442,168.00116055016278,0.3337185501627857,0.3337185501627857
G03_R0585,G03,LOGO,holdout_G03,G03,500,3,0.001,0.75,0.3,0.1,5.0,251.42944,250.4505176530897,-0.9789223469103092,0.9789223469103092
G03_R0586,G03,LOGO,holdout_G03,G03,500,3,0.001,0.7,0.1,0.1,5.0,112.983706,113.84195665731802,0.858250657318024,0.858250657318024
G03_R0587,G03,LOGO,holdout_G03,G03,500,3,0.001,0.7,0.2,0.1,5.0,169.402387,169.28482357103476,-0.1175634289652407,0.1175634289652407
G03_R0588,G03,LOGO,holdout_G03,G03,500,3,0.001,0.7,0.3,0.1,5.0,254.7441,252.8778197843432,-1.8662802156568432,1.8662802156568432
G03_R0589,G03,LOGO,holdout_G03,G03,500,3,0.0001,0.85,0.1,0.1,5.0,135.08116900000002,136.5175283353175,1.4363593353174906,1.4363593353174906
G03_R0590,G03,LOGO,holdout_G03,G03,500,3,0.0001,0.85,0.2,0.1,5.0,215.06,217.0829473063476,2.022947306347561,2.022947306347561
G03_R0591,G03,LOGO,holdout_G03,G03,500,3,0.0001,0.85,0.3,0.1,5.0,341.00779,343.63576635032155,2.6279763503215463,2.6279763503215463
G03_R0592,G03,LOGO,holdout_G03,G03,500,3,0.0001,0.8,0.1,0.1,5.0,135.71849,137.01172707827692,1.293237078276917,1.293237078276917
G03_R0593,G03,LOGO,holdout_G03,G03,500,3,0.0001,0.8,0.2,0.1,5.0,216.7877,218.4078194247728,1.6201194247727813,1.6201194247727813
G03_R0594,G03,LOGO,holdout_G03,G03,500,3,0.0001,0.8,0.3,0.1,5.0,344.51707,346.3861126440767,1.8690426440767285,1.8690426440767285
G03_R0595,G03,LOGO,holdout_G03,G03,500,3,0.0001,0.75,0.1,0.1,5.0,136.40555999999998,137.8271165882147,1.4215565882147132,1.4215565882147132
G03_R0596,G03,LOGO,holdout_G03,G03,500,3,0.0001,0.75,0.2,0.1,5.0,218.71518,220.74748766315503,2.032307663155052,2.032307663155052
G03_R0597,G03,LOGO,holdout_G03,G03,500,3,0.0001,0.75,0.3,0.1,5.0,348.4764,351.23868798142934,2.762287981429324,2.762287981429324
G03_R0598,G03,LOGO,holdout_G03,G03,500,3,0.0001,0.7,0.1,0.1,5.0,137.15236,138.39649357880825,1.2441335788082597,1.2441335788082597
G03_R0599,G03,LOGO,holdout_G03,G03,500,3,0.0001,0.7,0.2,0.1,5.0,220.9024,222.34047991762068,1.4380799176206835,1.4380799176206835
G03_R0600,G03,LOGO,holdout_G03,G03,500,3,0.0001,0.7,0.3,0.1,5.0,353.00581,354.5354950751766,1.5296850751765874,1.5296850751765874
G03_R0601,G03,LOGO,holdout_G03,G03,500,3,1e-05,0.85,0.1,0.1,5.0,194.98557,196.67868649629068,1.6931164962906848,1.6931164962906848
G03_R0602,G03,LOGO,holdout_G03,G03,500,3,1e-05,0.85,0.2,0.1,5.0,399.85627,402.6925258549262,2.836255854926208,2.836255854926208
G03_R0603,G03,LOGO,holdout_G03,G03,500,3,1e-05,0.85,0.3,0.1,5.0,721.97301,726.6426387066384,4.6696287066383775,4.6696287066383775
G03_R0604,G03,LOGO,holdout_G03,G03,500,3,1e-05,0.8,0.1,0.1,5.0,196.56448,197.9054799145633,1.340999914563298,1.340999914563298
G03_R0605,G03,LOGO,holdout_G03,G03,500,3,1e-05,0.8,0.2,0.1,5.0,404.53485,406.4248617397383,1.89001173973827,1.89001173973827
G03_R0606,G03,LOGO,holdout_G03,G03,500,3,1e-05,0.8,0.3,0.1,5.0,731.51152,733.8350211125471,2.323501112547092,2.323501112547092
G03_R0607,G03,LOGO,holdout_G03,G03,500,3,1e-05,0.75,0.1,0.1,5.0,198.26328,199.95273349571428,1.6894534957142753,1.6894534957142753
G03_R0608,G03,LOGO,holdout_G03,G03,500,3,1e-05,0.75,0.2,0.1,5.0,409.72331,412.63987875011145,2.9165687501114235,2.9165687501114235
G03_R0609,G03,LOGO,holdout_G03,G03,500,3,1e-05,0.75,0.3,0.1,5.0,742.13993,746.71007361191,4.570143611909998,4.570143611909998
G03_R0610,G03,LOGO,holdout_G03,G03,500,3,1e-05,0.7,0.1,0.1,5.0,199.98196,201.23011005920657,1.24815005920658,1.24815005920658
G03_R0611,G03,LOGO,holdout_G03,G03,500,3,1e-05,0.7,0.2,0.1,5.0,415.49162,416.86064020050713,1.3690202005071228,1.3690202005071228
G03_R0612,G03,LOGO,holdout_G03,G03,500,3,1e-05,0.7,0.3,0.1,5.0,754.30822,755.815546288997,1.5073262889969783,1.5073262889969783
G03_R0613,G03,LOGO,holdout_G03,G03,500,3,1e-06,0.85,0.1,0.1,5.0,582.6091899999999,585.3413440328226,2.732154032822677,2.732154032822677
G03_R0614,G03,LOGO,holdout_G03,G03,500,3,1e-06,0.85,0.2,0.1,5.0,1799.3655299999998,1803.0343366681752,3.668806668175421,3.668806668175421
G03_R0615,G03,LOGO,holdout_G03,G03,500,3,1e-06,0.85,0.3,0.1,5.0,3776.31334,3782.473584512479,6.160244512479039,6.160244512479039
G03_R0616,G03,LOGO,holdout_G03,G03,500,3,1e-06,0.8,0.1,0.1,5.0,587.5687399999999,588.9658800862969,1.3971400862969858,1.3971400862969858
G03_R0617,G03,LOGO,holdout_G03,G03,500,3,1e-06,0.8,0.2,0.1,5.0,1814.16496,1815.206357344125,1.0413973441250164,1.0413973441250164
G03_R0618,G03,LOGO,holdout_G03,G03,500,3,1e-06,0.8,0.3,0.1,5.0,3806.0127,3806.521927910512,0.5092279105119815,0.5092279105119815
G03_R0619,G03,LOGO,holdout_G03,G03,500,3,1e-06,0.75,0.1,0.1,5.0,593.40827,595.9841690885644,2.5758990885643698,2.5758990885643698
G03_R0620,G03,LOGO,holdout_G03,G03,500,3,1e-06,0.75,0.2,0.1,5.0,1831.26436,1833.2556888870795,1.9913288870793624,1.9913288870793624
G03_R0621,G03,LOGO,holdout_G03,G03,500,3,1e-06,0.75,0.3,0.1,5.0,3840.312,3840.679208597472,0.3672085974721994,0.3672085974721994
G03_R0622,G03,LOGO,holdout_G03,G03,500,3,1e-06,0.7,0.1,0.1,5.0,599.66777,600.6293329486098,0.9615629486097532,0.9615629486097532
G03_R0623,G03,LOGO,holdout_G03,G03,500,3,1e-06,0.7,0.2,0.1,5.0,1850.06371,1849.841178308204,-0.2225316917961208,0.2225316917961208
G03_R0624,G03,LOGO,holdout_G03,G03,500,3,1e-06,0.7,0.3,0.1,5.0,3878.91125,3878.0182533475136,-0.8929966524865449,0.8929966524865449
G03_R0625,G03,LOGO,holdout_G03,G03,500,6,0.001,0.85,0.1,0.1,5.0,110.567527,111.61862837672828,1.051101376728269,1.051101376728269
G03_R0626,G03,LOGO,holdout_G03,G03,500,6,0.001,0.85,0.2,0.1,5.0,164.566576,164.8507239346171,0.2841479346170956,0.2841479346170956
G03_R0627,G03,LOGO,holdout_G03,G03,500,6,0.001,0.85,0.3,0.1,5.0,245.6293,244.76336444658415,-0.8659355534158237,0.8659355534158237
G03_R0628,G03,LOGO,holdout_G03,G03,500,6,0.001,0.8,0.1,0.1,5.0,111.323228,112.19398735501156,0.8707593550115575,0.8707593550115575
G03_R0629,G03,LOGO,holdout_G03,G03,500,6,0.001,0.8,0.2,0.1,5.0,166.062162,166.02876756036466,-0.0333944396353445,0.0333944396353445
G03_R0630,G03,LOGO,holdout_G03,G03,500,6,0.001,0.8,0.3,0.1,5.0,248.4045,246.78448924587389,-1.6200107541261275,1.6200107541261275
G03_R0631,G03,LOGO,holdout_G03,G03,500,6,0.001,0.75,0.1,0.1,5.0,112.128647,113.18765705248306,1.0590100524830603,1.0590100524830603
G03_R0632,G03,LOGO,holdout_G03,G03,500,6,0.001,0.75,0.2,0.1,5.0,167.667442,168.00349313278772,0.3360511327877304,0.3360511327877304
G03_R0633,G03,LOGO,holdout_G03,G03,500,6,0.001,0.75,0.3,0.1,5.0,251.42944,250.4601644030898,-0.9692755969101938,0.9692755969101938
G03_R0634,G03,LOGO,holdout_G03,G03,500,6,0.001,0.7,0.1,0.1,5.0,112.983706,113.83884481438058,0.8551388143805809,0.8551388143805809
G03_R0635,G03,LOGO,holdout_G03,G03,500,6,0.001,0.7,0.2,0.1,5.0,169.402387,169.28614689428477,-0.1162401057152351,0.1162401057152351
G03_R0636,G03,LOGO,holdout_G03,G03,500,6,0.001,0.7,0.3,0.1,5.0,254.7441,252.8874665343432,-1.8566334656567849,1.8566334656567849
G03_R0637,G03,LOGO,holdout_G03,G03,500,6,0.0001,0.85,0.1,0.1,5.0,135.08116900000002,136.5172575826925,1.4360885826924914,1.4360885826924914
G03_R0638,G03,LOGO,holdout_G03,G03,500,6,0.0001,0.85,0.2,0.1,5.0,215.06,217.0821644119873,2.022164411987319,2.022164411987319
G03_R0639,G03,LOGO,holdout_G03,G03,500,6,0.0001,0.85,0.3,0.1,5.0,341.00779,343.63599812303,2.6282081230299923,2.6282081230299923
G03_R0640,G03,LOGO,holdout_G03,G03,500,6,0.0001,0.8,0.1,0.1,5.0,135.71849,137.0114563256519,1.2929663256518893,1.2929663256518893
G03_R0641,G03,LOGO,holdout_G03,G03,500,6,0.0001,0.8,0.2,0.1,5.0,216.7877,218.4070365304126,1.6193365304125962,1.6193365304125962
G03_R0642,G03,LOGO,holdout_G03,G03,500,6,0.0001,0.8,0.3,0.1,5.0,344.51707,346.38634441678505,1.8692744167850608,1.8692744167850608
G03_R0643,G03,LOGO,holdout_G03,G03,500,6,0.0001,0.75,0.1,0.1,5.0,136.40555999999998,137.82597794446465,1.420417944464674,1.420417944464674
G03_R0644,G03,LOGO,holdout_G03,G03,500,6,0.0001,0.75,0.2,0.1,5.0,218.71518,220.740609990655,2.025429990654999,2.025429990654999
G03_R0645,G03,LOGO,holdout_G03,G03,500,6,0.0001,0.75,0.3,0.1,5.0,348.4764,351.24244609767936,2.76604609767935,2.76604609767935
G03_R0646,G03,LOGO,holdout_G03,G03,500,6,0.0001,0.7,0.1,0.1,5.0,137.15236,138.3957842569332,1.243424256933224,1.243424256933224
G03_R0647,G03,LOGO,holdout_G03,G03,500,6,0.0001,0.7,0.2,0.1,5.0,220.9024,222.3336022451207,1.4312022451206872,1.4312022451206872
G03_R0648,G03,LOGO,holdout_G03,G03,500,6,0.0001,0.7,0.3,0.1,5.0,353.00581,354.5417321851766,1.5359221851766165,1.5359221851766165
G03_R0649,G03,LOGO,holdout_G03,G03,500,6,1e-05,0.85,0.1,0.1,5.0,194.98557,196.6733440087907,1.6877740087907114,1.6877740087907114
G03_R0650,G03,LOGO,holdout_G03,G03,500,6,1e-05,0.85,0.2,0.1,5.0,399.85627,402.7046308392121,2.848360839212092,2.848360839212092
G03_R0651,G03,LOGO,holdout_G03,G03,500,6,1e-05,0.85,0.3,0.1,5.0,721.97301,726.6238417743466,4.650831774346557,4.650831774346557
G03_R0652,G03,LOGO,holdout_G03,G03,500,6,1e-05,0.8,0.1,0.1,5.0,196.56448,197.89870527706327,1.3342252770632683,1.3342252770632683
G03_R0653,G03,LOGO,holdout_G03,G03,500,6,1e-05,0.8,0.2,0.1,5.0,404.53485,406.4272180212464,1.892368021246341,1.892368021246341
G03_R0654,G03,LOGO,holdout_G03,G03,500,6,1e-05,0.8,0.3,0.1,5.0,731.51152,733.8162241802555,2.3047041802554986,2.3047041802554986
G03_R0655,G03,LOGO,holdout_G03,G03,500,6,1e-05,0.75,0.1,0.1,5.0,198.26328,199.9437029144643,1.6804229144642877,1.6804229144642877
G03_R0656,G03,LOGO,holdout_G03,G03,500,6,1e-05,0.75,0.2,0.1,5.0,409.72331,412.63631711280976,2.913007112809737,2.913007112809737
G03_R0657,G03,LOGO,holdout_G03,G03,500,6,1e-05,0.75,0.3,0.1,5.0,742.13993,746.72618721066,4.586257210659937,4.586257210659937
G03_R0658,G03,LOGO,holdout_G03,G03,500,6,1e-05,0.7,0.1,0.1,5.0,199.98196,201.22107947795655,1.2391194779565922,1.2391194779565922
G03_R0659,G03,LOGO,holdout_G03,G03,500,6,1e-05,0.7,0.2,0.1,5.0,415.49162,416.8570785632055,1.3654585632054932,1.3654585632054932
G03_R0660,G03,LOGO,holdout_G03,G03,500,6,1e-05,0.7,0.3,0.1,5.0,754.30822,755.8236583356635,1.5154383356634753,1.5154383356634753
G03_R0661,G03,LOGO,holdout_G03,G03,500,6,1e-06,0.85,0.1,0.1,5.0,582.6091899999999,585.3179420653227,2.708752065322756,2.708752065322756
G03_R0662,G03,LOGO,holdout_G03,G03,500,6,1e-06,0.85,0.2,0.1,5.0,1799.3655299999998,1803.0019280629667,3.636398062966919,3.636398062966919
G03_R0663,G03,LOGO,holdout_G03,G03,500,6,1e-06,0.85,0.3,0.1,5.0,3776.31334,3782.4126572323,6.099317232299654,6.099317232299654
G03_R0664,G03,LOGO,holdout_G03,G03,500,6,1e-06,0.8,0.1,0.1,5.0,587.5687399999999,588.9512564562971,1.3825164562971397,1.3825164562971397
G03_R0665,G03,LOGO,holdout_G03,G03,500,6,1e-06,0.8,0.2,0.1,5.0,1814.16496,1815.1077049034996,0.9427449034992604,0.9427449034992604
G03_R0666,G03,LOGO,holdout_G03,G03,500,6,1e-06,0.8,0.3,0.1,5.0,3806.0127,3806.556263004082,0.5435630040824435,0.5435630040824435
G03_R0667,G03,LOGO,holdout_G03,G03,500,6,1e-06,0.75,0.1,0.1,5.0,593.40827,595.9922998515851,2.5840298515851146,2.5840298515851146
G03_R0668,G03,LOGO,holdout_G03,G03,500,6,1e-06,0.75,0.2,0.1,5.0,1831.26436,1833.0400239910373,1.775663991037618,1.775663991037618
G03_R0669,G03,LOGO,holdout_G03,G03,500,6,1e-06,0.75,0.3,0.1,5.0,3840.312,3840.910107152472,0.5981071524715844,0.5981071524715844
G03_R0670,G03,LOGO,holdout_G03,G03,500,6,1e-06,0.7,0.1,0.1,5.0,599.66777,600.645608807464,0.977838807463968,0.977838807463968
G03_R0671,G03,LOGO,holdout_G03,G03,500,6,1e-06,0.7,0.2,0.1,5.0,1850.06371,1849.7030735538287,-0.3606364461707017,0.3606364461707017
G03_R0672,G03,LOGO,holdout_G03,G03,500,6,1e-06,0.7,0.3,0.1,5.0,3878.91125,3877.972263699387,-0.9389863006131236,0.9389863006131236
G03_R0673,G03,LOGO,holdout_G03,G03,500,20,0.001,0.85,0.1,0.1,5.0,110.567527,111.62245791675804,1.0549309167580532,1.0549309167580532
G03_R0674,G03,LOGO,holdout_G03,G03,500,20,0.001,0.85,0.2,0.1,5.0,164.566576,164.85146376189954,0.2848877618995402,0.2848877618995402
G03_R0675,G03,LOGO,holdout_G03,G03,500,20,0.001,0.85,0.3,0.1,5.0,245.6293,244.7819217957509,-0.8473782042491109,0.8473782042491109
G03_R0676,G03,LOGO,holdout_G03,G03,500,20,0.001,0.8,0.1,0.1,5.0,111.323228,112.1987638390413,0.875535839041305,0.875535839041305
G03_R0677,G03,LOGO,holdout_G03,G03,500,20,0.001,0.8,0.2,0.1,5.0,166.062162,166.02629264952233,-0.0358693504776681,0.0358693504776681
G03_R0678,G03,LOGO,holdout_G03,G03,500,20,0.001,0.8,0.3,0.1,5.0,248.4045,246.80565839504052,-1.5988416049594605,1.5988416049594605
G03_R0679,G03,LOGO,holdout_G03,G03,500,20,0.001,0.75,0.1,0.1,5.0,112.128647,113.19623339564072,1.0675863956407312,1.0675863956407312
G03_R0680,G03,LOGO,holdout_G03,G03,500,20,0.001,0.75,0.2,0.1,5.0,167.667442,167.9991184461984,0.3316764461984007,0.3316764461984007
G03_R0681,G03,LOGO,holdout_G03,G03,500,20,0.001,0.75,0.3,0.1,5.0,251.42944,250.46802721724023,-0.9614127827597656,0.9614127827597656
G03_R0682,G03,LOGO,holdout_G03,G03,500,20,0.001,0.7,0.1,0.1,5.0,112.983706,113.8458927059251,0.8621867059250974,0.8621867059250974
G03_R0683,G03,LOGO,holdout_G03,G03,500,20,0.001,0.7,0.2,0.1,5.0,169.402387,169.28217591144542,-0.1202110885545835,0.1202110885545835
G03_R0684,G03,LOGO,holdout_G03,G03,500,20,0.001,0.7,0.3,0.1,5.0,254.7441,252.89905974849367,-1.845040251506333,1.845040251506333
G03_R0685,G03,LOGO,holdout_G03,G03,500,20,0.0001,0.85,0.1,0.1,5.0,135.08116900000002,136.52339710167183,1.442228101671816,1.442228101671816
G03_R0686,G03,LOGO,holdout_G03,G03,500,20,0.0001,0.85,0.2,0.1,5.0,215.06,217.08693137362425,2.026931373624251,2.026931373624251
G03_R0687,G03,LOGO,holdout_G03,G03,500,20,0.0001,0.85,0.3,0.1,5.0,341.00779,343.6454491736551,2.637659173655095,2.637659173655095
G03_R0688,G03,LOGO,holdout_G03,G03,500,20,0.0001,0.8,0.1,0.1,5.0,135.71849,137.0174390751311,1.2989490751311052,1.2989490751311052
G03_R0689,G03,LOGO,holdout_G03,G03,500,20,0.0001,0.8,0.2,0.1,5.0,216.7877,218.41837039820987,1.6306703982098725,1.6306703982098725
G03_R0690,G03,LOGO,holdout_G03,G03,500,20,0.0001,0.8,0.3,0.1,5.0,344.51707,346.39136486428515,1.8742948642851616,1.8742948642851616
G03_R0691,G03,LOGO,holdout_G03,G03,500,20,0.0001,0.75,0.1,0.1,5.0,136.40555999999998,137.8307772867563,1.4252172867563218,1.4252172867563218
G03_R0692,G03,LOGO,holdout_G03,G03,500,20,0.0001,0.75,0.2,0.1,5.0,218.71518,220.7554828805657,2.040302880565718,2.040302880565718
G03_R0693,G03,LOGO,holdout_G03,G03,500,20,0.0001,0.75,0.3,0.1,5.0,348.4764,351.2321901418163,2.755790141816305,2.755790141816305
G03_R0694,G03,LOGO,holdout_G03,G03,500,20,0.0001,0.7,0.1,0.1,5.0,137.15236,138.4009776546415,1.2486176546415209,1.2486176546415209
G03_R0695,G03,LOGO,holdout_G03,G03,500,20,0.0001,0.7,0.2,0.1,5.0,220.9024,222.34618544128136,1.4437854412813635,1.4437854412813635
G03_R0696,G03,LOGO,holdout_G03,G03,500,20,0.0001,0.7,0.3,0.1,5.0,353.00581,354.5314762293136,1.525666229313572,1.525666229313572
G03_R0697,G03,LOGO,holdout_G03,G03,500,20,1e-05,0.85,0.1,0.1,5.0,194.98557,196.6755346590685,1.6899646590685222,1.6899646590685222
G03_R0698,G03,LOGO,holdout_G03,G03,500,20,1e-05,0.85,0.2,0.1,5.0,399.85627,402.7072619078726,2.850991907872583,2.850991907872583
G03_R0699,G03,LOGO,holdout_G03,G03,500,20,1e-05,0.85,0.3,0.1,5.0,721.97301,726.6021052666088,4.629095266608715,4.629095266608715
G03_R0700,G03,LOGO,holdout_G03,G03,500,20,1e-05,0.8,0.1,0.1,5.0,196.56448,197.899791035079,1.3353110350790018,1.3353110350790018
G03_R0701,G03,LOGO,holdout_G03,G03,500,20,1e-05,0.8,0.2,0.1,5.0,404.61485,406.4472093244898,1.8323593244898009,1.8323593244898009
G03_R0702,G03,LOGO,holdout_G03,G03,500,20,1e-05,0.8,0.3,0.1,5.0,731.51152,733.7878450412676,2.276325041267569,2.276325041267569
G03_R0703,G03,LOGO,holdout_G03,G03,500,20,1e-05,0.75,0.1,0.1,5.0,198.26328,199.9616065517563,1.698326551756281,1.698326551756281
G03_R0704,G03,LOGO,holdout_G03,G03,500,20,1e-05,0.75,0.2,0.1,5.0,409.72331,412.63657746941607,2.9132674694160414,2.9132674694160414
G03_R0705,G03,LOGO,holdout_G03,G03,500,20,1e-05,0.75,0.3,0.1,5.0,742.13993,746.7628997206898,4.622969720689753,4.622969720689753
G03_R0706,G03,LOGO,holdout_G03,G03,500,20,1e-05,0.7,0.1,0.1,5.0,199.98196,201.23698262536752,1.2550226253675305,1.2550226253675305
G03_R0707,G03,LOGO,holdout_G03,G03,500,20,1e-05,0.7,0.2,0.1,5.0,415.49162,416.86249530909816,1.3708753090981531,1.3708753090981531
G03_R0708,G03,LOGO,holdout_G03,G03,500,20,1e-05,0.7,0.3,0.1,5.0,754.30822,755.8603708456934,1.5521508456934043,1.5521508456934043
G03_R0709,G03,LOGO,holdout_G03,G03,500,20,1e-06,0.85,0.1,0.1,5.0,582.6091899999999,585.2947789449962,2.6855889449963115,2.6855889449963115
G03_R0710,G03,LOGO,holdout_G03,G03,500,20,1e-06,0.85,0.2,0.1,5.0,1799.3655299999998,1802.9106896398268,3.545159639827034,3.545159639827034
G03_R0711,G03,LOGO,holdout_G03,G03,500,20,1e-06,0.85,0.3,0.1,5.0,3776.31334,3782.399573914709,6.086233914708373,6.086233914708373
G03_R0712,G03,LOGO,holdout_G03,G03,500,20,1e-06,0.8,0.1,0.1,5.0,587.5687399999999,588.9353367487678,1.3665967487678472,1.3665967487678472
G03_R0713,G03,LOGO,holdout_G03,G03,500,20,1e-06,0.8,0.2,0.1,5.0,1814.16496,1814.942202515151,0.7772425151508742,0.7772425151508742
G03_R0714,G03,LOGO,holdout_G03,G03,500,20,1e-06,0.8,0.3,0.1,5.0,3806.0127,3806.698631511909,0.6859315119081657,0.6859315119081657
G03_R0715,G03,LOGO,holdout_G03,G03,500,20,1e-06,0.75,0.1,0.1,5.0,593.40827,595.990566424575,2.58229642457502,2.58229642457502
G03_R0716,G03,LOGO,holdout_G03,G03,500,20,1e-06,0.75,0.2,0.1,5.0,1831.26436,1832.936104199772,1.6717441997720923,1.6717441997720923
G03_R0717,G03,LOGO,holdout_G03,G03,500,20,1e-06,0.75,0.3,0.1,5.0,3840.312,3840.7196891139006,0.4076891139006875,0.4076891139006875
G03_R0718,G03,LOGO,holdout_G03,G03,500,20,1e-06,0.7,0.1,0.1,5.0,599.66777,600.6455216762878,0.9777516762877668,0.9777516762877668
G03_R0719,G03,LOGO,holdout_G03,G03,500,20,1e-06,0.7,0.2,0.1,5.0,1850.06371,1849.730114710169,-0.3335952898312371,0.3335952898312371
G03_R0720,G03,LOGO,holdout_G03,G03,500,20,1e-06,0.7,0.3,0.1,5.0,3878.91125,3877.824934150298,-1.0863158497022596,1.0863158497022596
G03_R0721,G03,LOGO,holdout_G03,G03,500,50,0.001,0.85,0.1,0.1,5.0,110.567527,111.62138089302294,1.0538538930229464,1.0538538930229464
G03_R0722,G03,LOGO,holdout_G03,G03,500,50,0.001,0.85,0.2,0.1,5.0,164.566576,164.8508968461704,0.2843208461704023,0.2843208461704023
G03_R0723,G03,LOGO,holdout_G03,G03,500,50,0.001,0.85,0.3,0.1,5.0,245.6293,244.77772133991755,-0.8515786600824526,0.8515786600824526
G03_R0724,G03,LOGO,holdout_G03,G03,500,50,0.001,0.8,0.1,0.1,5.0,111.323226,112.1976868153062,0.8744608153062075,0.8744608153062075
G03_R0725,G03,LOGO,holdout_G03,G03,500,50,0.001,0.8,0.2,0.1,5.0,166.062162,166.0257257337932,-0.036436266206806,0.036436266206806
G03_R0726,G03,LOGO,holdout_G03,G03,500,50,0.001,0.8,0.3,0.1,5.0,248.4045,246.7994054392072,-1.605094560792793,1.605094560792793
G03_R0727,G03,LOGO,holdout_G03,G03,500,50,0.001,0.75,0.1,0.1,5.0,112.128644,113.19238113249492,1.0637371324949214,1.0637371324949214
G03_R0728,G03,LOGO,holdout_G03,G03,500,50,0.001,0.75,0.2,0.1,5.0,167.667442,168.00052279444844,0.333080794448449,0.333080794448449
G03_R0729,G03,LOGO,holdout_G03,G03,500,50,0.001,0.75,0.3,0.1,5.0,251.42944,250.4656326339069,-0.9638073660931354,0.9638073660931354
G03_R0730,G03,LOGO,holdout_G03,G03,500,50,0.001,0.7,0.1,0.1,5.0,112.993703,113.84195553017508,0.8482525301750883,0.8482525301750883
G03_R0731,G03,LOGO,holdout_G03,G03,500,50,0.001,0.7,0.2,0.1,5.0,169.402387,169.2838668244871,-0.1185201755129128,0.1185201755129128
G03_R0732,G03,LOGO,holdout_G03,G03,500,50,0.001,0.7,0.3,0.1,5.0,254.7441,252.8966651651603,-1.847434834839703,1.847434834839703
G03_R0733,G03,LOGO,holdout_G03,G03,500,50,0.0001,0.85,0.1,0.1,5.0,135.091168,136.51950176217184,1.4283337621718315,1.4283337621718315
G03_R0734,G03,LOGO,holdout_G03,G03,500,50,0.0001,0.85,0.2,0.1,5.0,215.06,217.08757157497843,2.0275715749784524,2.0275715749784524
G03_R0735,G03,LOGO,holdout_G03,G03,500,50,0.0001,0.85,0.3,0.1,5.0,341.00779,343.6243491536549,2.616559153654918,2.616559153654918
G03_R0736,G03,LOGO,holdout_G03,G03,500,50,0.0001,0.8,0.1,0.1,5.0,135.71849,137.01354373563112,1.2950537356311145,1.2950537356311145
G03_R0737,G03,LOGO,holdout_G03,G03,500,50,0.0001,0.8,0.2,0.1,5.0,216.7877,218.4183273870641,1.630627387064095,1.630627387064095
G03_R0738,G03,LOGO,holdout_G03,G03,500,50,0.0001,0.8,0.3,0.1,5.0,344.51707,346.370264844285,1.8531948442849853,1.8531948442849853
G03_R0739,G03,LOGO,holdout_G03,G03,500,50,0.0001,0.75,0.1,0.1,5.0,136.40555999999998,137.83335864217298,1.427798642173002,1.427798642173002
G03_R0740,G03,LOGO,holdout_G03,G03,500,50,0.0001,0.75,0.2,0.1,5.0,218.71518,220.76808013056572,2.052900130565746,2.052900130565746
G03_R0741,G03,LOGO,holdout_G03,G03,500,50,0.0001,0.75,0.3,0.1,5.0,348.4764,351.2385217534829,2.762121753482916,2.762121753482916
G03_R0742,G03,LOGO,holdout_G03,G03,500,50,0.0001,0.7,0.1,0.1,5.0,137.16236,138.4039883319332,1.2416283319331851,1.2416283319331851
G03_R0743,G03,LOGO,holdout_G03,G03,500,50,0.0001,0.7,0.2,0.1,5.0,220.9024,222.35757231628145,1.4551723162814485,1.4551723162814485
G03_R0744,G03,LOGO,holdout_G03,G03,500,50,0.0001,0.7,0.3,0.1,5.0,353.00581,354.53780784098024,1.5319978409802388,1.5319978409802388
G03_R0745,G03,LOGO,holdout_G03,G03,500,50,1e-05,0.85,0.1,0.1,5.0,195.02557,196.669994676628,1.6444246766280344,1.6444246766280344
G03_R0746,G03,LOGO,holdout_G03,G03,500,50,1e-05,0.85,0.2,0.1,5.0,399.85627,402.69757775224775,2.841307752247758,2.841307752247758
G03_R0747,G03,LOGO,holdout_G03,G03,500,50,1e-05,0.85,0.3,0.1,5.0,721.97301,726.6033331791086,4.630323179108586,4.630323179108586
G03_R0748,G03,LOGO,holdout_G03,G03,500,50,1e-05,0.8,0.1,0.1,5.0,196.57448,197.8948100276385,1.320330027638505,1.320330027638505
G03_R0749,G03,LOGO,holdout_G03,G03,500,50,1e-05,0.8,0.2,0.1,5.0,404.65485,406.43752516886497,1.7826751688649551,1.7826751688649551
G03_R0750,G03,LOGO,holdout_G03,G03,500,50,1e-05,0.8,0.3,0.1,5.0,731.51152,733.7890729537671,2.277552953767099,2.277552953767099
G03_R0751,G03,LOGO,holdout_G03,G03,500,50,1e-05,0.75,0.1,0.1,5.0,198.28328,199.94586644098257,1.6625864409825797,1.6625864409825797
G03_R0752,G03,LOGO,holdout_G03,G03,500,50,1e-05,0.75,0.2,0.1,5.0,409.76331,412.637432566916,2.8741225669160144,2.8741225669160144
G03_R0753,G03,LOGO,holdout_G03,G03,500,50,1e-05,0.75,0.3,0.1,5.0,742.13993,746.843296214023,4.703366214022935,4.703366214022935
G03_R0754,G03,LOGO,holdout_G03,G03,500,50,1e-05,0.7,0.1,0.1,5.0,200.00196,201.2267906491176,1.224830649117564,1.224830649117564
G03_R0755,G03,LOGO,holdout_G03,G03,500,50,1e-05,0.7,0.2,0.1,5.0,415.54162,416.86335040659816,1.3217304065981352,1.3217304065981352
G03_R0756,G03,LOGO,holdout_G03,G03,500,50,1e-05,0.7,0.3,0.1,5.0,754.30822,755.9376631609016,1.6294431609015874,1.6294431609015874
G03_R0757,G03,LOGO,holdout_G03,G03,500,50,1e-06,0.85,0.1,0.1,5.0,582.6191899999999,585.283820101663,2.6646301016630787,2.6646301016630787
G03_R0758,G03,LOGO,holdout_G03,G03,500,50,1e-06,0.85,0.2,0.1,5.0,1799.3655299999998,1802.9278826344105,3.562352634410445,3.562352634410445
G03_R0759,G03,LOGO,holdout_G03,G03,500,50,1e-06,0.85,0.3,0.1,5.0,3776.31334,3782.4805681876246,6.16722818762446,6.16722818762446
G03_R0760,G03,LOGO,holdout_G03,G03,500,50,1e-06,0.8,0.1,0.1,5.0,587.5787399999999,588.9182035054346,1.3394635054346509,1.3394635054346509
G03_R0761,G03,LOGO,holdout_G03,G03,500,50,1e-06,0.8,0.2,0.1,5.0,1814.16496,1814.9435562066096,0.7785962066095635,0.7785962066095635
G03_R0762,G03,LOGO,holdout_G03,G03,500,50,1e-06,0.8,0.3,0.1,5.0,3806.0127,3806.8528505837858,0.8401505837855439,0.8401505837855439
G03_R0763,G03,LOGO,holdout_G03,G03,500,50,1e-06,0.75,0.1,0.1,5.0,593.41827,595.9902818824919,2.5720118824918927,2.5720118824918927
G03_R0764,G03,LOGO,holdout_G03,G03,500,50,1e-06,0.75,0.2,0.1,5.0,1831.26436,1833.0846151481348,1.8202551481349476,1.8202551481349476
G03_R0765,G03,LOGO,holdout_G03,G03,500,50,1e-06,0.75,0.3,0.1,5.0,3840.312,3840.9382904064014,0.6262904064014947,0.6262904064014947
G03_R0766,G03,LOGO,holdout_G03,G03,500,50,1e-06,0.7,0.1,0.1,5.0,599.67777,600.656790242538,0.979020242538013,0.979020242538013
G03_R0767,G03,LOGO,holdout_G03,G03,500,50,1e-06,0.7,0.2,0.1,5.0,1850.06371,1849.8290714929065,-0.2346385070934502,0.2346385070934502
G03_R0768,G03,LOGO,holdout_G03,G03,500,50,1e-06,0.7,0.3,0.1,5.0,3878.91125,3877.720950236551,-1.190299763449275,1.190299763449275
G04_R0001,G04,LOGO,holdout_G04,G04,25,3,0.001,0.85,0.1,0.2,4.0,4.0947113,4.056826635826158,-0.0378846641738421,0.0378846641738421
G04_R0002,G04,LOGO,holdout_G04,G04,25,3,0.001,0.85,0.2,0.2,4.0,5.8794465,5.815553613141925,-0.063892886858075,0.063892886858075
G04_R0003,G04,LOGO,holdout_G04,G04,25,3,0.001,0.85,0.3,0.2,4.0,8.6489802,8.555209192184316,-0.0937710078156843,0.0937710078156843
G04_R0004,G04,LOGO,holdout_G04,G04,25,3,0.001,0.8,0.1,0.2,4.0,4.1094925,4.068161356871996,-0.0413311431280041,0.0413311431280041
G04_R0005,G04,LOGO,holdout_G04,G04,25,3,0.001,0.8,0.2,0.2,4.0,5.9083518,5.837537616775275,-0.0708141832247255,0.0708141832247255
G04_R0006,G04,LOGO,holdout_G04,G04,25,3,0.001,0.8,0.3,0.2,4.0,8.6981418,8.591810314874731,-0.1063314851252688,0.1063314851252688
G04_R0007,G04,LOGO,holdout_G04,G04,25,3,0.001,0.75,0.1,0.2,4.0,4.1249485,4.086910269587674,-0.0380382304123259,0.0380382304123259
G04_R0008,G04,LOGO,holdout_G04,G04,25,3,0.001,0.75,0.2,0.2,4.0,5.9389199,5.87423259463988,-0.0646873053601204,0.0646873053601204
G04_R0009,G04,LOGO,holdout_G04,G04,25,3,0.001,0.75,0.3,0.2,4.0,8.750560799999999,8.655482146111227,-0.0950786538887715,0.0950786538887715
G04_R0010,G04,LOGO,holdout_G04,G04,25,3,0.001,0.7,0.1,0.2,4.0,4.141176,4.098657734050123,-0.0425182659498766,0.0425182659498766
G04_R0011,G04,LOGO,holdout_G04,G04,25,3,0.001,0.7,0.2,0.2,4.0,5.9713457,5.89830464728565,-0.0730410527143492,0.0730410527143492
G04_R0012,G04,LOGO,holdout_G04,G04,25,3,0.001,0.7,0.3,0.2,4.0,8.8068313,8.696685760823586,-0.1101455391764147,0.1101455391764147
G04_R0013,G04,LOGO,holdout_G04,G04,25,3,0.0001,0.85,0.1,0.2,4.0,5.1825259,5.133622733203125,-0.0489031667968751,0.0489031667968751
G04_R0014,G04,LOGO,holdout_G04,G04,25,3,0.0001,0.85,0.2,0.2,4.0,8.0369898,7.961493121784035,-0.0754966782159654,0.0754966782159654
G04_R0015,G04,LOGO,holdout_G04,G04,25,3,0.0001,0.85,0.3,0.2,4.0,12.857629,12.723087558071349,-0.1345414419286523,0.1345414419286523
G04_R0016,G04,LOGO,holdout_G04,G04,25,3,0.0001,0.8,0.1,0.2,4.0,5.193996299999999,5.1422371929388415,-0.0517591070611578,0.0517591070611578
G04_R0017,G04,LOGO,holdout_G04,G04,25,3,0.0001,0.8,0.2,0.2,4.0,8.0580114,7.977880510421655,-0.0801308895783448,0.0801308895783448
G04_R0018,G04,LOGO,holdout_G04,G04,25,3,0.0001,0.8,0.3,0.2,4.0,12.895281,12.752809327238204,-0.1424716727617951,0.1424716727617951
G04_R0019,G04,LOGO,holdout_G04,G04,25,3,0.0001,0.75,0.1,0.2,4.0,5.206143,5.156718301310201,-0.0494246986897985,0.0494246986897985
G04_R0020,G04,LOGO,holdout_G04,G04,25,3,0.0001,0.75,0.2,0.2,4.0,8.080504000000001,8.005031731274826,-0.0754722687251749,0.0754722687251749
G04_R0021,G04,LOGO,holdout_G04,G04,25,3,0.0001,0.75,0.3,0.2,4.0,12.935897,12.801359370380856,-0.1345376296191442,0.1345376296191442
G04_R0022,G04,LOGO,holdout_G04,G04,25,3,0.0001,0.7,0.1,0.2,4.0,5.219061900000001,5.166185433060145,-0.052876466939856,0.052876466939856
G04_R0023,G04,LOGO,holdout_G04,G04,25,3,0.0001,0.7,0.2,0.2,4.0,8.104763,8.022966014414067,-0.0817969855859335,0.0817969855859335
G04_R0024,G04,LOGO,holdout_G04,G04,25,3,0.0001,0.7,0.3,0.2,4.0,12.979471,12.834026959666664,-0.1454440403333361,0.1454440403333361
G04_R0025,G04,LOGO,holdout_G04,G04,25,3,1e-05,0.85,0.1,0.2,4.0,7.534962999999999,7.480695847208409,-0.0542671527915903,0.0542671527915903
G04_R0026,G04,LOGO,holdout_G04,G04,25,3,1e-05,0.85,0.2,0.2,4.0,15.557938,15.461170888043036,-0.0967671119569644,0.0967671119569644
G04_R0027,G04,LOGO,holdout_G04,G04,25,3,1e-05,0.85,0.3,0.2,4.0,28.793528,28.65030755609504,-0.143220443904962,0.143220443904962
G04_R0028,G04,LOGO,holdout_G04,G04,25,3,1e-05,0.8,0.1,0.2,4.0,7.546976,7.489595652791624,-0.057380347208376,0.057380347208376
G04_R0029,G04,LOGO,holdout_G04,G04,25,3,1e-05,0.8,0.2,0.2,4.0,15.585818,15.482362542418269,-0.103455457581731,0.103455457581731
G04_R0030,G04,LOGO,holdout_G04,G04,25,3,1e-05,0.8,0.3,0.2,4.0,28.843375,28.68795501826229,-0.1554199817377117,0.1554199817377117
G04_R0031,G04,LOGO,holdout_G04,G04,25,3,1e-05,0.75,0.1,0.2,4.0,7.56038,7.505573741244306,-0.0548062587556943,0.0548062587556943
G04_R0032,G04,LOGO,holdout_G04,G04,25,3,1e-05,0.75,0.2,0.2,4.0,15.616687,15.519621988363522,-0.097065011636479,0.097065011636479
G04_R0033,G04,LOGO,holdout_G04,G04,25,3,1e-05,0.75,0.3,0.2,4.0,28.899207,28.754602899166667,-0.1446041008333338,0.1446041008333338
G04_R0034,G04,LOGO,holdout_G04,G04,25,3,1e-05,0.7,0.1,0.2,4.0,7.575175000000001,7.516362318994296,-0.0588126810057048,0.0588126810057048
G04_R0035,G04,LOGO,holdout_G04,G04,25,3,1e-05,0.7,0.2,0.2,4.0,15.651542999999998,15.545014789821623,-0.1065282101783733,0.1065282101783733
G04_R0036,G04,LOGO,holdout_G04,G04,25,3,1e-05,0.7,0.3,0.2,4.0,28.963023,28.8026485999998,-0.1603744000002009,0.1603744000002009
G04_R0037,G04,LOGO,holdout_G04,G04,25,3,1e-06,0.85,0.1,0.2,4.0,25.442321,25.616431601380395,0.174110601380395,0.174110601380395
G04_R0038,G04,LOGO,holdout_G04,G04,25,3,1e-06,0.85,0.2,0.2,4.0,80.868153,80.79164076253996,-0.0765122374600508,0.0765122374600508
G04_R0039,G04,LOGO,holdout_G04,G04,25,3,1e-06,0.85,0.3,0.2,4.0,171.860148,171.72243376188027,-0.1377142381197416,0.1377142381197416
G04_R0040,G04,LOGO,holdout_G04,G04,25,3,1e-06,0.8,0.1,0.2,4.0,25.498289,25.659964642213613,0.1616756422136127,0.1616756422136127
G04_R0041,G04,LOGO,holdout_G04,G04,25,3,1e-06,0.8,0.2,0.2,4.0,80.979111,80.87535671577,-0.1037542842300069,0.1037542842300069
G04_R0042,G04,LOGO,holdout_G04,G04,25,3,1e-06,0.8,0.3,0.2,4.0,172.030096,171.8659485331276,-0.1641474668723788,0.1641474668723788
G04_R0043,G04,LOGO,holdout_G04,G04,25,3,1e-06,0.75,0.1,0.2,4.0,25.560255,25.736032275187604,0.1757772751876025,0.1757772751876025
G04_R0044,G04,LOGO,holdout_G04,G04,25,3,1e-06,0.75,0.2,0.2,4.0,81.102066,81.02795677455745,-0.074109225442541,0.074109225442541
G04_R0045,G04,LOGO,holdout_G04,G04,25,3,1e-06,0.75,0.3,0.2,4.0,172.22004,172.09599305926588,-0.1240469407341322,0.1240469407341322
G04_R0046,G04,LOGO,holdout_G04,G04,25,3,1e-06,0.7,0.1,0.2,4.0,25.627219,25.78506491180083,0.1578459118008304,0.1578459118008304
G04_R0047,G04,LOGO,holdout_G04,G04,25,3,1e-06,0.7,0.2,0.2,4.0,81.238017,81.12841078327665,-0.1096062167233498,0.1096062167233498
G04_R0048,G04,LOGO,holdout_G04,G04,25,3,1e-06,0.7,0.3,0.2,4.0,172.439979,172.26184662722343,-0.1781323727765595,0.1781323727765595
G04_R0049,G04,LOGO,holdout_G04,G04,25,6,0.001,0.85,0.1,0.2,4.0,4.0947113,4.05683366003449,-0.0378776399655098,0.0378776399655098
G04_R0050,G04,LOGO,holdout_G04,G04,25,6,0.001,0.85,0.2,0.2,4.0,5.8794465,5.815580339673176,-0.0638661603268246,0.0638661603268246
G04_R0051,G04,LOGO,holdout_G04,G04,25,6,0.001,0.85,0.3,0.2,4.0,8.6489802,8.555316958107229,-0.0936632418927718,0.0936632418927718
G04_R0052,G04,LOGO,holdout_G04,G04,25,6,0.001,0.8,0.1,0.2,4.0,4.1094925,4.068158842267827,-0.0413336577321725,0.0413336577321725
G04_R0053,G04,LOGO,holdout_G04,G04,25,6,0.001,0.8,0.2,0.2,4.0,5.9083518,5.837564343306525,-0.0707874566934751,0.0707874566934751
G04_R0054,G04,LOGO,holdout_G04,G04,25,6,0.001,0.8,0.3,0.2,4.0,8.6981418,8.591918080797647,-0.1062237192023527,0.1062237192023527
G04_R0055,G04,LOGO,holdout_G04,G04,25,6,0.001,0.75,0.1,0.2,4.0,4.1249485,4.086887739225175,-0.0380607607748251,0.0380607607748251
G04_R0056,G04,LOGO,holdout_G04,G04,25,6,0.001,0.75,0.2,0.2,4.0,5.9389199,5.874229258306546,-0.0646906416934545,0.0646906416934545
G04_R0057,G04,LOGO,holdout_G04,G04,25,6,0.001,0.75,0.3,0.2,4.0,8.750560799999999,8.655421583628934,-0.0951392163710647,0.0951392163710647
G04_R0058,G04,LOGO,holdout_G04,G04,25,6,0.001,0.7,0.1,0.2,4.0,4.141176,4.098635203687624,-0.0425407963123758,0.0425407963123758
G04_R0059,G04,LOGO,holdout_G04,G04,25,6,0.001,0.7,0.2,0.2,4.0,5.9713457,5.898301310952317,-0.0730443890476824,0.0730443890476824
G04_R0060,G04,LOGO,holdout_G04,G04,25,6,0.001,0.7,0.3,0.2,4.0,8.8068313,8.696657453778792,-0.1101738462212083,0.1101738462212083
G04_R0061,G04,LOGO,holdout_G04,G04,25,6,0.0001,0.85,0.1,0.2,4.0,5.1825259,5.133603773869791,-0.0489221261302086,0.0489221261302086
G04_R0062,G04,LOGO,holdout_G04,G04,25,6,0.0001,0.85,0.2,0.2,4.0,8.0369898,7.961449961084035,-0.075539838915966,0.075539838915966
G04_R0063,G04,LOGO,holdout_G04,G04,25,6,0.0001,0.85,0.3,0.2,4.0,12.857629,12.723114231071348,-0.1345147689286516,0.1345147689286516
G04_R0064,G04,LOGO,holdout_G04,G04,25,6,0.0001,0.8,0.1,0.2,4.0,5.193996299999999,5.142218233605508,-0.0517780663944913,0.0517780663944913
G04_R0065,G04,LOGO,holdout_G04,G04,25,6,0.0001,0.8,0.2,0.2,4.0,8.0580114,7.977837349721654,-0.0801740502783454,0.0801740502783454
G04_R0066,G04,LOGO,holdout_G04,G04,25,6,0.0001,0.8,0.3,0.2,4.0,12.895281,12.752869016904873,-0.142411983095128,0.142411983095128
G04_R0067,G04,LOGO,holdout_G04,G04,25,6,0.0001,0.75,0.1,0.2,4.0,5.206143,5.156707697060202,-0.0494353029397975,0.0494353029397975
G04_R0068,G04,LOGO,holdout_G04,G04,25,6,0.0001,0.75,0.2,0.2,4.0,8.080504000000001,8.004966557399827,-0.075537442600174,0.075537442600174
G04_R0069,G04,LOGO,holdout_G04,G04,25,6,0.0001,0.75,0.3,0.2,4.0,12.935897,12.801306787404664,-0.134590212595338,0.134590212595338
G04_R0070,G04,LOGO,holdout_G04,G04,25,6,0.0001,0.7,0.1,0.2,4.0,5.219061900000001,5.166174828810145,-0.0528870711898559,0.0528870711898559
G04_R0071,G04,LOGO,holdout_G04,G04,25,6,0.0001,0.7,0.2,0.2,4.0,8.104763,8.022900840539068,-0.0818621594609325,0.0818621594609325
G04_R0072,G04,LOGO,holdout_G04,G04,25,6,0.0001,0.7,0.3,0.2,4.0,12.979471,12.83397437669047,-0.1454966233095298,0.1454966233095298
G04_R0073,G04,LOGO,holdout_G04,G04,25,6,1e-05,0.85,0.1,0.2,4.0,7.534962999999999,7.480687128470908,-0.0542758715290911,0.0542758715290911
G04_R0074,G04,LOGO,holdout_G04,G04,25,6,1e-05,0.85,0.2,0.2,4.0,15.557938,15.461112712418036,-0.0968252875819644,0.0968252875819644
G04_R0075,G04,LOGO,holdout_G04,G04,25,6,1e-05,0.85,0.3,0.2,4.0,28.793528,28.65023945834504,-0.1432885416549609,0.1432885416549609
G04_R0076,G04,LOGO,holdout_G04,G04,25,6,1e-05,0.8,0.1,0.2,4.0,7.546976,7.489586934054124,-0.057389065945876,0.057389065945876
G04_R0077,G04,LOGO,holdout_G04,G04,25,6,1e-05,0.8,0.2,0.2,4.0,15.585818,15.482282578043266,-0.1035354219567334,0.1035354219567334
G04_R0078,G04,LOGO,holdout_G04,G04,25,6,1e-05,0.8,0.3,0.2,4.0,28.843375,28.68794923051229,-0.1554257694877101,0.1554257694877101
G04_R0079,G04,LOGO,holdout_G04,G04,25,6,1e-05,0.75,0.1,0.2,4.0,7.56038,7.505601599160973,-0.0547784008390275,0.0547784008390275
G04_R0080,G04,LOGO,holdout_G04,G04,25,6,1e-05,0.75,0.2,0.2,4.0,15.616687,15.519439383521272,-0.0972476164787288,0.0972476164787288
G04_R0081,G04,LOGO,holdout_G04,G04,25,6,1e-05,0.75,0.3,0.2,4.0,28.899207,28.75430277275,-0.1449042272499987,0.1449042272499987
G04_R0082,G04,LOGO,holdout_G04,G04,25,6,1e-05,0.7,0.1,0.2,4.0,7.575175000000001,7.516396680410963,-0.0587783195890372,0.0587783195890372
G04_R0083,G04,LOGO,holdout_G04,G04,25,6,1e-05,0.7,0.2,0.2,4.0,15.651542999999998,15.544859570916872,-0.1066834290831266,0.1066834290831266
G04_R0084,G04,LOGO,holdout_G04,G04,25,6,1e-05,0.7,0.3,0.2,4.0,28.963023,28.80234847358313,-0.1606745264168658,0.1606745264168658
G04_R0085,G04,LOGO,holdout_G04,G04,25,6,1e-06,0.85,0.1,0.2,4.0,25.442321,25.61638112294289,0.1740601229428904,0.1740601229428904
G04_R0086,G04,LOGO,holdout_G04,G04,25,6,1e-06,0.85,0.2,0.2,4.0,80.868153,80.79226520053402,-0.0758877994659883,0.0758877994659883
G04_R0087,G04,LOGO,holdout_G04,G04,25,6,1e-06,0.85,0.3,0.2,4.0,171.860148,171.72241501729695,-0.1377329827030564,0.1377329827030564
G04_R0088,G04,LOGO,holdout_G04,G04,25,6,1e-06,0.8,0.1,0.2,4.0,25.498289,25.659991622526107,0.1617026225261071,0.1617026225261071
G04_R0089,G04,LOGO,holdout_G04,G04,25,6,1e-06,0.8,0.2,0.2,4.0,80.979111,80.87606674876405,-0.103044251235957,0.103044251235957
G04_R0090,G04,LOGO,holdout_G04,G04,25,6,1e-06,0.8,0.3,0.2,4.0,172.030096,171.86592978854426,-0.164166211455722,0.164166211455722
G04_R0091,G04,LOGO,holdout_G04,G04,25,6,1e-06,0.75,0.1,0.2,4.0,25.560255,25.73589478409236,0.175639784092354,0.175639784092354
G04_R0092,G04,LOGO,holdout_G04,G04,25,6,1e-06,0.75,0.2,0.2,4.0,81.102066,81.02852740789079,-0.0735385921092017,0.0735385921092017
G04_R0093,G04,LOGO,holdout_G04,G04,25,6,1e-06,0.75,0.3,0.2,4.0,172.22004,172.09466883718258,-0.1253711628174301,0.1253711628174301
G04_R0094,G04,LOGO,holdout_G04,G04,25,6,1e-06,0.7,0.1,0.2,4.0,25.627219,25.784927420705586,0.1577084207055819,0.1577084207055819
G04_R0095,G04,LOGO,holdout_G04,G04,25,6,1e-06,0.7,0.2,0.2,4.0,81.238017,81.12898141660999,-0.1090355833900105,0.1090355833900105
G04_R0096,G04,LOGO,holdout_G04,G04,25,6,1e-06,0.7,0.3,0.2,4.0,172.439979,172.2605224051401,-0.1794565948598858,0.1794565948598858
G04_R0097,G04,LOGO,holdout_G04,G04,25,20,0.001,0.85,0.1,0.2,4.0,4.0947113,4.056798434204134,-0.0379128657958665,0.0379128657958665
G04_R0098,G04,LOGO,holdout_G04,G04,25,20,0.001,0.85,0.2,0.2,4.0,5.8794465,5.81560196137228,-0.0638445386277206,0.0638445386277206
G04_R0099,G04,LOGO,holdout_G04,G04,25,20,0.001,0.85,0.3,0.2,4.0,8.6489802,8.555144498553263,-0.0938357014467374,0.0938357014467374
G04_R0100,G04,LOGO,holdout_G04,G04,25,20,0.001,0.8,0.1,0.2,4.0,4.1094925,4.068133155249971,-0.0413593447500293,0.0413593447500293
G04_R0101,G04,LOGO,holdout_G04,G04,25,20,0.001,0.8,0.2,0.2,4.0,5.9083518,5.837585965005629,-0.0707658349943711,0.0707658349943711
G04_R0102,G04,LOGO,holdout_G04,G04,25,20,0.001,0.8,0.3,0.2,4.0,8.6981418,8.591792638910347,-0.1063491610896534,0.1063491610896534
G04_R0103,G04,LOGO,holdout_G04,G04,25,20,0.001,0.75,0.1,0.2,4.0,4.1249485,4.086787528261881,-0.0381609717381197,0.0381609717381197
G04_R0104,G04,LOGO,holdout_G04,G04,25,20,0.001,0.75,0.2,0.2,4.0,5.9389199,5.874131592005951,-0.064788307994049,0.064788307994049
G04_R0105,G04,LOGO,holdout_G04,G04,25,20,0.001,0.75,0.3,0.2,4.0,8.750560799999999,8.655675336703336,-0.0948854632966629,0.0948854632966629
G04_R0106,G04,LOGO,holdout_G04,G04,25,20,0.001,0.7,0.1,0.2,4.0,4.141176,4.098534992724329,-0.0426410072756704,0.0426410072756704
G04_R0107,G04,LOGO,holdout_G04,G04,25,20,0.001,0.7,0.2,0.2,4.0,5.9713457,5.898191419776725,-0.0731542802232745,0.0731542802232745
G04_R0108,G04,LOGO,holdout_G04,G04,25,20,0.001,0.7,0.3,0.2,4.0,8.8068313,8.696832884744861,-0.1099984152551396,0.1099984152551396
G04_R0109,G04,LOGO,holdout_G04,G04,25,20,0.0001,0.85,0.1,0.2,4.0,5.1825259,5.133613045167411,-0.0489128548325892,0.0489128548325892
G04_R0110,G04,LOGO,holdout_G04,G04,25,20,0.0001,0.85,0.2,0.2,4.0,8.0369898,7.96137934977332,-0.0756104502266801,0.0756104502266801
G04_R0111,G04,LOGO,holdout_G04,G04,25,20,0.0001,0.85,0.3,0.2,4.0,12.857629,12.723063462714205,-0.1345655372857965,0.1345655372857965
G04_R0112,G04,LOGO,holdout_G04,G04,25,20,0.0001,0.8,0.1,0.2,4.0,5.193996299999999,5.142225914265627,-0.0517703857343727,0.0517703857343727
G04_R0113,G04,LOGO,holdout_G04,G04,25,20,0.0001,0.8,0.2,0.2,4.0,8.0580114,7.977756711660941,-0.0802546883390586,0.0802546883390586
G04_R0114,G04,LOGO,holdout_G04,G04,25,20,0.0001,0.8,0.3,0.2,4.0,12.895281,12.752729934797731,-0.1425510652022694,0.1425510652022694
G04_R0115,G04,LOGO,holdout_G04,G04,25,20,0.0001,0.75,0.1,0.2,4.0,5.206143,5.156759710246807,-0.0493832897531927,0.0493832897531927
G04_R0116,G04,LOGO,holdout_G04,G04,25,20,0.0001,0.75,0.2,0.2,4.0,8.080504000000001,8.004908959037326,-0.0755950409626748,0.0755950409626748
G04_R0117,G04,LOGO,holdout_G04,G04,25,20,0.0001,0.75,0.3,0.2,4.0,12.935897,12.801341101627878,-0.1345558983721222,0.1345558983721222
G04_R0118,G04,LOGO,holdout_G04,G04,25,20,0.0001,0.7,0.1,0.2,4.0,5.219061900000001,5.16621937180925,-0.0528425281907507,0.0528425281907507
G04_R0119,G04,LOGO,holdout_G04,G04,25,20,0.0001,0.7,0.2,0.2,4.0,8.104763,8.022843242176567,-0.0819197578234334,0.0819197578234334
G04_R0120,G04,LOGO,holdout_G04,G04,25,20,0.0001,0.7,0.3,0.2,4.0,12.979471,12.834008690913686,-0.145462309086314,0.145462309086314
G04_R0121,G04,LOGO,holdout_G04,G04,25,20,1e-05,0.85,0.1,0.2,4.0,7.534962999999999,7.480639912720909,-0.0543230872790907,0.0543230872790907
G04_R0122,G04,LOGO,holdout_G04,G04,25,20,1e-05,0.85,0.2,0.2,4.0,15.557938,15.461148777574294,-0.0967892224257056,0.0967892224257056
G04_R0123,G04,LOGO,holdout_G04,G04,25,20,1e-05,0.85,0.3,0.2,4.0,28.793528,28.65027439645217,-0.14325360354783,0.14325360354783
G04_R0124,G04,LOGO,holdout_G04,G04,25,20,1e-05,0.8,0.1,0.2,4.0,7.546976,7.489559679970791,-0.0574163200292083,0.0574163200292083
G04_R0125,G04,LOGO,holdout_G04,G04,25,20,1e-05,0.8,0.2,0.2,4.0,15.585818,15.482394379449524,-0.1034236205504761,0.1034236205504761
G04_R0126,G04,LOGO,holdout_G04,G04,25,20,1e-05,0.8,0.3,0.2,4.0,28.843375,28.68788296586942,-0.1554920341305816,0.1554920341305816
G04_R0127,G04,LOGO,holdout_G04,G04,25,20,1e-05,0.75,0.1,0.2,4.0,7.56038,7.505513583506214,-0.0548664164937866,0.0548664164937866
G04_R0128,G04,LOGO,holdout_G04,G04,25,20,1e-05,0.75,0.2,0.2,4.0,15.616687,15.519491520006389,-0.0971954799936138,0.0971954799936138
G04_R0129,G04,LOGO,holdout_G04,G04,25,20,1e-05,0.75,0.3,0.2,4.0,28.899207,28.754498272875004,-0.1447087271249962,0.1447087271249962
G04_R0130,G04,LOGO,holdout_G04,G04,25,20,1e-05,0.7,0.1,0.2,4.0,7.575175000000001,7.516335017422871,-0.0588399825771297,0.0588399825771297
G04_R0131,G04,LOGO,holdout_G04,G04,25,20,1e-05,0.7,0.2,0.2,4.0,15.651542999999998,15.544911707401988,-0.1066312925980117,0.1066312925980117
G04_R0132,G04,LOGO,holdout_G04,G04,25,20,1e-05,0.7,0.3,0.2,4.0,28.963023,28.802543973708133,-0.1604790262918669,0.1604790262918669
G04_R0133,G04,LOGO,holdout_G04,G04,25,20,1e-06,0.85,0.1,0.2,4.0,25.442321,25.61617431668991,0.173853316689911,0.173853316689911
G04_R0134,G04,LOGO,holdout_G04,G04,25,20,1e-06,0.85,0.2,0.2,4.0,80.868153,80.79184252200128,-0.0763104779987315,0.0763104779987315
G04_R0135,G04,LOGO,holdout_G04,G04,25,20,1e-06,0.85,0.3,0.2,4.0,171.860148,171.72285035147553,-0.1372976485244805,0.1372976485244805
G04_R0136,G04,LOGO,holdout_G04,G04,25,20,1e-06,0.8,0.1,0.2,4.0,25.498289,25.659801807273134,0.1615128072731337,0.1615128072731337
G04_R0137,G04,LOGO,holdout_G04,G04,25,20,1e-06,0.8,0.2,0.2,4.0,80.979111,80.8756440702313,-0.1034669297687003,0.1034669297687003
G04_R0138,G04,LOGO,holdout_G04,G04,25,20,1e-06,0.8,0.3,0.2,4.0,172.030096,171.86635262438952,-0.1637433756104656,0.1637433756104656
G04_R0139,G04,LOGO,holdout_G04,G04,25,20,1e-06,0.75,0.1,0.2,4.0,25.560255,25.73613099267569,0.1758759926756887,0.1758759926756887
G04_R0140,G04,LOGO,holdout_G04,G04,25,20,1e-06,0.75,0.2,0.2,4.0,81.102066,81.02802837709316,-0.0740376229068289,0.0740376229068289
G04_R0141,G04,LOGO,holdout_G04,G04,25,20,1e-06,0.75,0.3,0.2,4.0,172.22004,172.09402785751593,-0.1260121424840861,0.1260121424840861
G04_R0142,G04,LOGO,holdout_G04,G04,25,20,1e-06,0.7,0.1,0.2,4.0,25.627219,25.78520235866392,0.1579833586639196,0.1579833586639196
G04_R0143,G04,LOGO,holdout_G04,G04,25,20,1e-06,0.7,0.2,0.2,4.0,81.238017,81.12836492881237,-0.1096520711876252,0.1096520711876252
G04_R0144,G04,LOGO,holdout_G04,G04,25,20,1e-06,0.7,0.3,0.2,4.0,172.439979,172.2594214555568,-0.1805575444431895,0.1805575444431895
G04_R0145,G04,LOGO,holdout_G04,G04,25,50,0.001,0.85,0.1,0.2,4.0,4.0947113,4.056775798266635,-0.0379355017333651,0.0379355017333651
G04_R0146,G04,LOGO,holdout_G04,G04,25,50,0.001,0.85,0.2,0.2,4.0,5.8794465,5.815513785145793,-0.0639327148542072,0.0639327148542072
G04_R0147,G04,LOGO,holdout_G04,G04,25,50,0.001,0.85,0.3,0.2,4.0,8.6489802,8.5550800282866,-0.0939001717134004,0.0939001717134004
G04_R0148,G04,LOGO,holdout_G04,G04,25,50,0.001,0.8,0.1,0.2,4.0,4.1094925,4.068110519312472,-0.0413819806875279,0.0413819806875279
G04_R0149,G04,LOGO,holdout_G04,G04,25,50,0.001,0.8,0.2,0.2,4.0,5.9083518,5.837497788779142,-0.0708540112208577,0.0708540112208577
G04_R0150,G04,LOGO,holdout_G04,G04,25,50,0.001,0.8,0.3,0.2,4.0,8.6981418,8.59172321697404,-0.1064185830259596,0.1064185830259596
G04_R0151,G04,LOGO,holdout_G04,G04,25,50,0.001,0.75,0.1,0.2,4.0,4.1249485,4.086762141253547,-0.0381863587464534,0.0381863587464534
G04_R0152,G04,LOGO,holdout_G04,G04,25,50,0.001,0.75,0.2,0.2,4.0,5.9389199,5.874174989380952,-0.0647449106190478,0.0647449106190478
G04_R0153,G04,LOGO,holdout_G04,G04,25,50,0.001,0.75,0.3,0.2,4.0,8.750560799999999,8.6554624149087,-0.0950983850912994,0.0950983850912994
G04_R0154,G04,LOGO,holdout_G04,G04,25,50,0.001,0.7,0.1,0.2,4.0,4.141176,4.098509605715996,-0.0426663942840042,0.0426663942840042
G04_R0155,G04,LOGO,holdout_G04,G04,25,50,0.001,0.7,0.2,0.2,4.0,5.9713457,5.898271491776727,-0.0730742082232724,0.0730742082232724
G04_R0156,G04,LOGO,holdout_G04,G04,25,50,0.001,0.7,0.3,0.2,4.0,8.8068313,8.696619962950225,-0.1102113370497761,0.1102113370497761
G04_R0157,G04,LOGO,holdout_G04,G04,25,50,0.0001,0.85,0.1,0.2,4.0,5.1825259,5.133559442484078,-0.0489664575159221,0.0489664575159221
G04_R0158,G04,LOGO,holdout_G04,G04,25,50,0.0001,0.85,0.2,0.2,4.0,8.0369898,7.96138981297332,-0.0755999870266803,0.0755999870266803
G04_R0159,G04,LOGO,holdout_G04,G04,25,50,0.0001,0.85,0.3,0.2,4.0,12.857629,12.723203776142777,-0.1344252238572245,0.1344252238572245
G04_R0160,G04,LOGO,holdout_G04,G04,25,50,0.0001,0.8,0.1,0.2,4.0,5.193996299999999,5.142187734957295,-0.0518085650427044,0.0518085650427044
G04_R0161,G04,LOGO,holdout_G04,G04,25,50,0.0001,0.8,0.2,0.2,4.0,8.0580114,7.977767174860941,-0.0802442251390589,0.0802442251390589
G04_R0162,G04,LOGO,holdout_G04,G04,25,50,0.0001,0.8,0.3,0.2,4.0,12.895281,12.7528702482263,-0.1424107517736992,0.1424107517736992
G04_R0163,G04,LOGO,holdout_G04,G04,25,50,0.0001,0.75,0.1,0.2,4.0,5.206143,5.156801909353055,-0.0493410906469451,0.0493410906469451
G04_R0164,G04,LOGO,holdout_G04,G04,25,50,0.0001,0.75,0.2,0.2,4.0,8.080504000000001,8.004875870762323,-0.0756281292376783,0.0756281292376783
G04_R0165,G04,LOGO,holdout_G04,G04,25,50,0.0001,0.75,0.3,0.2,4.0,12.935897,12.80117223687788,-0.1347247631221204,0.1347247631221204
G04_R0166,G04,LOGO,holdout_G04,G04,25,50,0.0001,0.7,0.1,0.2,4.0,5.219061900000001,5.1662615709154975,-0.0528003290845031,0.0528003290845031
G04_R0167,G04,LOGO,holdout_G04,G04,25,50,0.0001,0.7,0.2,0.2,4.0,8.104763,8.022810153901565,-0.0819528460984351,0.0819528460984351
G04_R0168,G04,LOGO,holdout_G04,G04,25,50,0.0001,0.7,0.3,0.2,4.0,12.979471,12.833888123663687,-0.1455828763363111,0.1455828763363111
G04_R0169,G04,LOGO,holdout_G04,G04,25,50,1e-05,0.85,0.1,0.2,4.0,7.534962999999999,7.480576092783412,-0.0543869072165872,0.0543869072165872
G04_R0170,G04,LOGO,holdout_G04,G04,25,50,1e-05,0.85,0.2,0.2,4.0,15.557938,15.46131273497013,-0.0966252650298695,0.0966252650298695
G04_R0171,G04,LOGO,holdout_G04,G04,25,50,1e-05,0.85,0.3,0.2,4.0,28.793528,28.65031449703549,-0.1432135029645032,0.1432135029645032
G04_R0172,G04,LOGO,holdout_G04,G04,25,50,1e-05,0.8,0.1,0.2,4.0,7.546976,7.489495860033294,-0.0574801399667057,0.0574801399667057
G04_R0173,G04,LOGO,holdout_G04,G04,25,50,1e-05,0.8,0.2,0.2,4.0,15.585818,15.48252348059536,-0.1032945194046384,0.1032945194046384
G04_R0174,G04,LOGO,holdout_G04,G04,25,50,1e-05,0.8,0.3,0.2,4.0,28.843375,28.68786075645275,-0.1555142435472518,0.1555142435472518
G04_R0175,G04,LOGO,holdout_G04,G04,25,50,1e-05,0.75,0.1,0.2,4.0,7.56038,7.505411411506214,-0.0549685884937867,0.0549685884937867
G04_R0176,G04,LOGO,holdout_G04,G04,25,50,1e-05,0.75,0.2,0.2,4.0,15.616687,15.519508640298042,-0.0971783597019584,0.0971783597019584
G04_R0177,G04,LOGO,holdout_G04,G04,25,50,1e-05,0.75,0.3,0.2,4.0,28.899207,28.754710715833347,-0.144496284166653,0.144496284166653
G04_R0178,G04,LOGO,holdout_G04,G04,25,50,1e-05,0.7,0.1,0.2,4.0,7.575175000000001,7.51623284542287,-0.0589421545771307,0.0589421545771307
G04_R0179,G04,LOGO,holdout_G04,G04,25,50,1e-05,0.7,0.2,0.2,4.0,15.651542999999998,15.544943765193644,-0.1065992348063531,0.1065992348063531
G04_R0180,G04,LOGO,holdout_G04,G04,25,50,1e-05,0.7,0.3,0.2,4.0,28.963023,28.80275641666648,-0.1602665833335201,0.1602665833335201
G04_R0181,G04,LOGO,holdout_G04,G04,25,50,1e-06,0.85,0.1,0.2,4.0,25.442321,25.616015234794087,0.1736942347940875,0.1736942347940875
G04_R0182,G04,LOGO,holdout_G04,G04,25,50,1e-06,0.85,0.2,0.2,4.0,80.868153,80.79219239387628,-0.0759606061237292,0.0759606061237292
G04_R0183,G04,LOGO,holdout_G04,G04,25,50,1e-06,0.85,0.3,0.2,4.0,171.860148,171.72239673255888,-0.137751267441132,0.137751267441132
G04_R0184,G04,LOGO,holdout_G04,G04,25,50,1e-06,0.8,0.1,0.2,4.0,25.498289,25.6596427253773,0.1613537253772996,0.1613537253772996
G04_R0185,G04,LOGO,holdout_G04,G04,25,50,1e-06,0.8,0.2,0.2,4.0,80.979111,80.8759939421063,-0.1031170578936979,0.1031170578936979
G04_R0186,G04,LOGO,holdout_G04,G04,25,50,1e-06,0.8,0.3,0.2,4.0,172.030096,171.86589900547287,-0.1641969945271171,0.1641969945271171
G04_R0187,G04,LOGO,holdout_G04,G04,25,50,1e-06,0.75,0.1,0.2,4.0,25.560255,25.73616235375903,0.1759073537590296,0.1759073537590296
G04_R0188,G04,LOGO,holdout_G04,G04,25,50,1e-06,0.75,0.2,0.2,4.0,81.102066,81.02775161992649,-0.0743143800735026,0.0743143800735026
G04_R0189,G04,LOGO,holdout_G04,G04,25,50,1e-06,0.75,0.3,0.2,4.0,172.22004,172.09437151376588,-0.125668486234133,0.125668486234133
G04_R0190,G04,LOGO,holdout_G04,G04,25,50,1e-06,0.7,0.1,0.2,4.0,25.627219,25.785272449122257,0.1580534491222565,0.1580534491222565
G04_R0191,G04,LOGO,holdout_G04,G04,25,50,1e-06,0.7,0.2,0.2,4.0,81.238017,81.1280881716457,-0.1099288283542989,0.1099288283542989
G04_R0192,G04,LOGO,holdout_G04,G04,25,50,1e-06,0.7,0.3,0.2,4.0,172.439979,172.25976511180673,-0.1802138881932649,0.1802138881932649
G04_R0193,G04,LOGO,holdout_G04,G04,100,3,0.001,0.85,0.1,0.2,4.0,18.30901,17.914227158174423,-0.3947828418255774,0.3947828418255774
G04_R0194,G04,LOGO,holdout_G04,G04,100,3,0.001,0.85,0.2,0.2,4.0,26.547066,26.07474612360288,-0.4723198763971226,0.4723198763971226
G04_R0195,G04,LOGO,holdout_G04,G04,100,3,0.001,0.85,0.3,0.2,4.0,39.525698,39.05183474565269,-0.4738632543473144,0.4738632543473144
G04_R0196,G04,LOGO,holdout_G04,G04,100,3,0.001,0.8,0.1,0.2,4.0,18.395998,17.97974542679944,-0.4162525732005591,0.4162525732005591
G04_R0197,G04,LOGO,holdout_G04,G04,100,3,0.001,0.8,0.2,0.2,4.0,26.713999,26.20728693843609,-0.5067120615639098,0.5067120615639098
G04_R0198,G04,LOGO,holdout_G04,G04,100,3,0.001,0.8,0.3,0.2,4.0,39.835638,39.29258946977715,-0.5430485302228547,0.5430485302228547
G04_R0199,G04,LOGO,holdout_G04,G04,100,3,0.001,0.75,0.1,0.2,4.0,18.48991,18.091717748344948,-0.3981922516550504,0.3981922516550504
G04_R0200,G04,LOGO,holdout_G04,G04,100,3,0.001,0.75,0.2,0.2,4.0,26.893847,26.417197288653888,-0.4766497113461128,0.4766497113461128
G04_R0201,G04,LOGO,holdout_G04,G04,100,3,0.001,0.75,0.3,0.2,4.0,40.170498,39.69093692357677,-0.4795610764232378,0.4795610764232378
G04_R0202,G04,LOGO,holdout_G04,G04,100,3,0.001,0.7,0.1,0.2,4.0,18.589737,18.16674307803262,-0.4229939219673788,0.4229939219673788
G04_R0203,G04,LOGO,holdout_G04,G04,100,3,0.001,0.7,0.2,0.2,4.0,27.086602000000003,26.560421811716356,-0.5261801882836501,0.5261801882836501
G04_R0204,G04,LOGO,holdout_G04,G04,100,3,0.001,0.7,0.3,0.2,4.0,40.532271,39.95974056232685,-0.5725304376731515,0.5725304376731515
G04_R0205,G04,LOGO,holdout_G04,G04,100,3,0.0001,0.85,0.1,0.2,4.0,22.873401,22.36752161344465,-0.5058793865553461,0.5058793865553461
G04_R0206,G04,LOGO,holdout_G04,G04,100,3,0.0001,0.85,0.2,0.2,4.0,35.616176,34.91149208270805,-0.7046839172919519,0.7046839172919519
G04_R0207,G04,LOGO,holdout_G04,G04,100,3,0.0001,0.85,0.3,0.2,4.0,57.014529,56.06167618194403,-0.9528528180559732,0.9528528180559732
G04_R0208,G04,LOGO,holdout_G04,G04,100,3,0.0001,0.8,0.1,0.2,4.0,22.931695,22.41252522640553,-0.51916977359447,0.51916977359447
G04_R0209,G04,LOGO,holdout_G04,G04,100,3,0.0001,0.8,0.2,0.2,4.0,35.745357,35.00968554695806,-0.7356714530419382,0.7356714530419382
G04_R0210,G04,LOGO,holdout_G04,G04,100,3,0.0001,0.8,0.3,0.2,4.0,57.262553,56.2499829680896,-1.0125700319103927,1.0125700319103927
G04_R0211,G04,LOGO,holdout_G04,G04,100,3,0.0001,0.75,0.1,0.2,4.0,22.993918,22.48732326739275,-0.5065947326072511,0.5065947326072511
G04_R0212,G04,LOGO,holdout_G04,G04,100,3,0.0001,0.75,0.2,0.2,4.0,35.885458,35.18070440292444,-0.704753597075559,0.704753597075559
G04_R0213,G04,LOGO,holdout_G04,G04,100,3,0.0001,0.75,0.3,0.2,4.0,57.536482,56.58069920798293,-0.955782792017068,0.955782792017068
G04_R0214,G04,LOGO,holdout_G04,G04,100,3,0.0001,0.7,0.1,0.2,4.0,23.062059,22.536058438476275,-0.5260005615237269,0.5260005615237269
G04_R0215,G04,LOGO,holdout_G04,G04,100,3,0.0001,0.7,0.2,0.2,4.0,36.040467,35.29302219379924,-0.747444806200761,0.747444806200761
G04_R0216,G04,LOGO,holdout_G04,G04,100,3,0.0001,0.7,0.3,0.2,4.0,57.8403,56.80101391251481,-1.0392860874851877,1.0392860874851877
G04_R0217,G04,LOGO,holdout_G04,G04,100,3,1e-05,0.85,0.1,0.2,4.0,32.728905999999995,32.22556414389293,-0.5033418561070633,0.5033418561070633
G04_R0218,G04,LOGO,holdout_G04,G04,100,3,1e-05,0.85,0.2,0.2,4.0,66.901586,66.08274158804215,-0.8188444119578406,0.8188444119578406
G04_R0219,G04,LOGO,holdout_G04,G04,100,3,1e-05,0.85,0.3,0.2,4.0,123.045745,121.79678627816936,-1.2489587218306468,1.2489587218306468
G04_R0220,G04,LOGO,holdout_G04,G04,100,3,1e-05,0.8,0.1,0.2,4.0,32.816631,32.29232821205836,-0.5243027879416431,0.5243027879416431
G04_R0221,G04,LOGO,holdout_G04,G04,100,3,1e-05,0.8,0.2,0.2,4.0,67.15021800000001,66.27903770473854,-0.8711802952614676,0.8711802952614676
G04_R0222,G04,LOGO,holdout_G04,G04,100,3,1e-05,0.8,0.3,0.2,4.0,123.535292,122.1785035634758,-1.356788436524198,1.356788436524198
G04_R0223,G04,LOGO,holdout_G04,G04,100,3,1e-05,0.75,0.1,0.2,4.0,32.915329,32.415187854239235,-0.5001411457607645,0.5001411457607645
G04_R0224,G04,LOGO,holdout_G04,G04,100,3,1e-05,0.75,0.2,0.2,4.0,67.435815,66.61518863522394,-0.8206263647760608,0.8206263647760608
G04_R0225,G04,LOGO,holdout_G04,G04,100,3,1e-05,0.75,0.3,0.2,4.0,124.094799,122.8631584920311,-1.2316405079688906,1.2316405079688906
G04_R0226,G04,LOGO,holdout_G04,G04,100,3,1e-05,0.7,0.1,0.2,4.0,33.027996,32.49315421590896,-0.5348417840910429,0.5348417840910429
G04_R0227,G04,LOGO,holdout_G04,G04,100,3,1e-05,0.7,0.2,0.2,4.0,67.76437299999999,66.85912421950523,-0.9052487804947588,0.9052487804947588
G04_R0228,G04,LOGO,holdout_G04,G04,100,3,1e-05,0.7,0.3,0.2,4.0,124.744257,123.32976491136507,-1.4144920886349155,1.4144920886349155
G04_R0229,G04,LOGO,holdout_G04,G04,100,3,1e-06,0.85,0.1,0.2,4.0,105.067714,105.24418207899492,0.1764680789949153,0.1764680789949153
G04_R0230,G04,LOGO,holdout_G04,G04,100,3,1e-06,0.85,0.2,0.2,4.0,330.747791,330.0309738923284,-0.7168171076716021,0.7168171076716021
G04_R0231,G04,LOGO,holdout_G04,G04,100,3,1e-06,0.85,0.3,0.2,4.0,700.9853019999999,699.853209195357,-1.13209280464298,1.13209280464298
G04_R0232,G04,LOGO,holdout_G04,G04,100,3,1e-06,0.8,0.1,0.2,4.0,105.377614,105.48817918393313,0.1105651839331187,0.1105651839331187
G04_R0233,G04,LOGO,holdout_G04,G04,100,3,1e-06,0.8,0.2,0.2,4.0,331.557661,330.6654705812565,-0.8921904187434961,0.8921904187434961
G04_R0234,G04,LOGO,holdout_G04,G04,100,3,1e-06,0.8,0.3,0.2,4.0,702.485145,700.9844729029642,-1.5006720970358174,1.5006720970358174
G04_R0235,G04,LOGO,holdout_G04,G04,100,3,1e-06,0.75,0.1,0.2,4.0,105.737506,105.91081207655574,0.1733060765557468,0.1733060765557468
G04_R0236,G04,LOGO,holdout_G04,G04,100,3,1e-06,0.75,0.2,0.2,4.0,332.477521,331.7879659990424,-0.6895550009576255,0.6895550009576255
G04_R0237,G04,LOGO,holdout_G04,G04,100,3,1e-06,0.75,0.3,0.2,4.0,704.214977,703.098041132241,-1.116935867759025,1.116935867759025
G04_R0238,G04,LOGO,holdout_G04,G04,100,3,1e-06,0.7,0.1,0.2,4.0,106.127391,106.20566867493092,0.0782776749309306,0.0782776749309306
G04_R0239,G04,LOGO,holdout_G04,G04,100,3,1e-06,0.7,0.2,0.2,4.0,333.537369,332.5498671727931,-0.9875018272069268,0.9875018272069268
G04_R0240,G04,LOGO,holdout_G04,G04,100,3,1e-06,0.7,0.3,0.2,4.0,706.214794,704.5852639444222,-1.6295300555777883,1.6295300555777883
G04_R0241,G04,LOGO,holdout_G04,G04,100,6,0.001,0.85,0.1,0.2,4.0,18.30901,17.914079948486926,-0.3949300515130751,0.3949300515130751
G04_R0242,G04,LOGO,holdout_G04,G04,100,6,0.001,0.85,0.2,0.2,4.0,26.547066,26.074725505727887,-0.4723404942721139,0.4723404942721139
G04_R0243,G04,LOGO,holdout_G04,G04,100,6,0.001,0.85,0.3,0.2,4.0,39.525698,39.05117418098602,-0.4745238190139744,0.4745238190139744
G04_R0244,G04,LOGO,holdout_G04,G04,100,6,0.001,0.8,0.1,0.2,4.0,18.395998,17.97954136898694,-0.4164566310130588,0.4164566310130588
G04_R0245,G04,LOGO,holdout_G04,G04,100,6,0.001,0.8,0.2,0.2,4.0,26.713999,26.207266320561104,-0.5067326794388975,0.5067326794388975
G04_R0246,G04,LOGO,holdout_G04,G04,100,6,0.001,0.8,0.3,0.2,4.0,39.835638,39.29192890511049,-0.5437090948895147,0.5437090948895147
G04_R0247,G04,LOGO,holdout_G04,G04,100,6,0.001,0.75,0.1,0.2,4.0,18.48991,18.09236374815745,-0.3975462518425523,0.3975462518425523
G04_R0248,G04,LOGO,holdout_G04,G04,100,6,0.001,0.75,0.2,0.2,4.0,26.893847,26.417984018570536,-0.475862981429465,0.475862981429465
G04_R0249,G04,LOGO,holdout_G04,G04,100,6,0.001,0.75,0.3,0.2,4.0,40.170498,39.68957238280595,-0.4809256171940532,0.4809256171940532
G04_R0250,G04,LOGO,holdout_G04,G04,100,6,0.001,0.7,0.1,0.2,4.0,18.589737,18.16727846159512,-0.4224585384048787,0.4224585384048787
G04_R0251,G04,LOGO,holdout_G04,G04,100,6,0.001,0.7,0.2,0.2,4.0,27.086602000000003,26.561208541633,-0.5253934583670024,0.5253934583670024
G04_R0252,G04,LOGO,holdout_G04,G04,100,6,0.001,0.7,0.3,0.2,4.0,40.532271,39.95837602155603,-0.573894978443974,0.573894978443974
G04_R0253,G04,LOGO,holdout_G04,G04,100,6,0.0001,0.85,0.1,0.2,4.0,22.873401,22.36730014623633,-0.5061008537636695,0.5061008537636695
G04_R0254,G04,LOGO,holdout_G04,G04,100,6,0.0001,0.85,0.2,0.2,4.0,35.616176,34.91141787570805,-0.7047581242919563,0.7047581242919563
G04_R0255,G04,LOGO,holdout_G04,G04,100,6,0.0001,0.85,0.3,0.2,4.0,57.014529,56.06197151714193,-0.9525574828580758,0.9525574828580758
G04_R0256,G04,LOGO,holdout_G04,G04,100,6,0.0001,0.8,0.1,0.2,4.0,22.931695,22.412291940090064,-0.5194030599099371,0.5194030599099371
G04_R0257,G04,LOGO,holdout_G04,G04,100,6,0.0001,0.8,0.2,0.2,4.0,35.745357,35.00961133995806,-0.7357456600419354,0.7357456600419354
G04_R0258,G04,LOGO,holdout_G04,G04,100,6,0.0001,0.8,0.3,0.2,4.0,57.262553,56.2502783032875,-1.0122746967124954,1.0122746967124954
G04_R0259,G04,LOGO,holdout_G04,G04,100,6,0.0001,0.75,0.1,0.2,4.0,22.993918,22.487434476556444,-0.5064835234435563,0.5064835234435563
G04_R0260,G04,LOGO,holdout_G04,G04,100,6,0.0001,0.75,0.2,0.2,4.0,35.885458,35.180787301757775,-0.7046706982422251,0.7046706982422251
G04_R0261,G04,LOGO,holdout_G04,G04,100,6,0.0001,0.75,0.3,0.2,4.0,57.536482,56.57950058698293,-0.9569814130170756,0.9569814130170756
G04_R0262,G04,LOGO,holdout_G04,G04,100,6,0.0001,0.7,0.1,0.2,4.0,23.062059,22.53613073201497,-0.5259282679850301,0.5259282679850301
G04_R0263,G04,LOGO,holdout_G04,G04,100,6,0.0001,0.7,0.2,0.2,4.0,36.040467,35.293105092632565,-0.7473619073674342,0.7473619073674342
G04_R0264,G04,LOGO,holdout_G04,G04,100,6,0.0001,0.7,0.3,0.2,4.0,57.8403,56.7998152915148,-1.0404847084852022,1.0404847084852022
G04_R0265,G04,LOGO,holdout_G04,G04,100,6,1e-05,0.85,0.1,0.2,4.0,32.728905999999995,32.22507183930066,-0.5038341606993342,0.5038341606993342
G04_R0266,G04,LOGO,holdout_G04,G04,100,6,1e-05,0.85,0.2,0.2,4.0,66.901586,66.08330552941716,-0.8182804705828346,0.8182804705828346
G04_R0267,G04,LOGO,holdout_G04,G04,100,6,1e-05,0.85,0.3,0.2,4.0,123.045745,121.79709730754432,-1.2486476924556769,1.2486476924556769
G04_R0268,G04,LOGO,holdout_G04,G04,100,6,1e-05,0.8,0.1,0.2,4.0,32.816631,32.29183590746609,-0.524795092533914,0.524795092533914
G04_R0269,G04,LOGO,holdout_G04,G04,100,6,1e-05,0.8,0.2,0.2,4.0,67.15021800000001,66.27942438048855,-0.8707936195114598,0.8707936195114598
G04_R0270,G04,LOGO,holdout_G04,G04,100,6,1e-05,0.8,0.3,0.2,4.0,123.535292,122.17854397951744,-1.35674802048257,1.35674802048257
G04_R0271,G04,LOGO,holdout_G04,G04,100,6,1e-05,0.75,0.1,0.2,4.0,32.915329,32.414363048239245,-0.5009659517607545,0.5009659517607545
G04_R0272,G04,LOGO,holdout_G04,G04,100,6,1e-05,0.75,0.2,0.2,4.0,67.435816,66.61651974780727,-0.8192962521927285,0.8192962521927285
G04_R0273,G04,LOGO,holdout_G04,G04,100,6,1e-05,0.75,0.3,0.2,4.0,124.094799,122.8631947000311,-1.2316042999688932,1.2316042999688932
G04_R0274,G04,LOGO,holdout_G04,G04,100,6,1e-05,0.7,0.1,0.2,4.0,33.027996,32.49232940990896,-0.53566659009104,0.53566659009104
G04_R0275,G04,LOGO,holdout_G04,G04,100,6,1e-05,0.7,0.2,0.2,4.0,67.764374,66.86009797513023,-0.9042760248697732,0.9042760248697732
G04_R0276,G04,LOGO,holdout_G04,G04,100,6,1e-05,0.7,0.3,0.2,4.0,124.744257,123.32980111936509,-1.414455880634918,1.414455880634918
G04_R0277,G04,LOGO,holdout_G04,G04,100,6,1e-06,0.85,0.1,0.2,4.0,105.067714,105.24336898457824,0.1756549845782302,0.1756549845782302
G04_R0278,G04,LOGO,holdout_G04,G04,100,6,1e-06,0.85,0.2,0.2,4.0,330.747791,330.0334553869532,-0.7143356130467851,0.7143356130467851
G04_R0279,G04,LOGO,holdout_G04,G04,100,6,1e-06,0.85,0.3,0.2,4.0,700.9853019999999,699.8409770725235,-1.1443249274764185,1.1443249274764185
G04_R0280,G04,LOGO,holdout_G04,G04,100,6,1e-06,0.8,0.1,0.2,4.0,105.377614,105.48753271118312,0.109918711183127,0.109918711183127
G04_R0281,G04,LOGO,holdout_G04,G04,100,6,1e-06,0.8,0.2,0.2,4.0,331.557661,330.66928939338135,-0.888371606618648,0.888371606618648
G04_R0282,G04,LOGO,holdout_G04,G04,100,6,1e-06,0.8,0.3,0.2,4.0,702.485145,700.9728657013808,-1.5122792986192053,1.5122792986192053
G04_R0283,G04,LOGO,holdout_G04,G04,100,6,1e-06,0.75,0.1,0.2,4.0,105.737506,105.90886260305577,0.1713566030557558,0.1713566030557558
G04_R0284,G04,LOGO,holdout_G04,G04,100,6,1e-06,0.75,0.2,0.2,4.0,332.477521,331.7895213839175,-0.6879996160825499,0.6879996160825499
G04_R0285,G04,LOGO,holdout_G04,G04,100,6,1e-06,0.75,0.3,0.2,4.0,704.214977,703.084350693324,-1.1306263066759357,1.1306263066759357
G04_R0286,G04,LOGO,holdout_G04,G04,100,6,1e-06,0.7,0.1,0.2,4.0,106.127391,106.20371920143096,0.0763282014309538,0.0763282014309538
G04_R0287,G04,LOGO,holdout_G04,G04,100,6,1e-06,0.7,0.2,0.2,4.0,333.53736999999995,332.55034147016806,-0.987028529831889,0.987028529831889
G04_R0288,G04,LOGO,holdout_G04,G04,100,6,1e-06,0.7,0.3,0.2,4.0,706.214794,704.5715735055052,-1.6432204944948126,1.6432204944948126
G04_R0289,G04,LOGO,holdout_G04,G04,100,20,0.001,0.85,0.1,0.2,4.0,18.309011,17.914298965671446,-0.3947120343285561,0.3947120343285561
G04_R0290,G04,LOGO,holdout_G04,G04,100,20,0.001,0.85,0.2,0.2,4.0,26.547066,26.075345578552287,-0.4717204214477135,0.4717204214477135
G04_R0291,G04,LOGO,holdout_G04,G04,100,20,0.001,0.85,0.3,0.2,4.0,39.525698,39.04973509367652,-0.4759629063234811,0.4759629063234811
G04_R0292,G04,LOGO,holdout_G04,G04,100,20,0.001,0.8,0.1,0.2,4.0,18.395998,17.97976038617146,-0.4162376138285388,0.4162376138285388
G04_R0293,G04,LOGO,holdout_G04,G04,100,20,0.001,0.8,0.2,0.2,4.0,26.713999,26.20761756105217,-0.5063814389478303,0.5063814389478303
G04_R0294,G04,LOGO,holdout_G04,G04,100,20,0.001,0.8,0.3,0.2,4.0,39.835637,39.29078622696764,-0.5448507730323584,0.5448507730323584
G04_R0295,G04,LOGO,holdout_G04,G04,100,20,0.001,0.75,0.1,0.2,4.0,18.48991,18.092148584094943,-0.3977614159050553,0.3977614159050553
G04_R0296,G04,LOGO,holdout_G04,G04,100,20,0.001,0.75,0.2,0.2,4.0,26.893847,26.419338936778864,-0.4745080632211369,0.4745080632211369
G04_R0297,G04,LOGO,holdout_G04,G04,100,20,0.001,0.75,0.3,0.2,4.0,40.170498,39.69183567851427,-0.4786623214857286,0.4786623214857286
G04_R0298,G04,LOGO,holdout_G04,G04,100,20,0.001,0.7,0.1,0.2,4.0,18.589737,18.167034873470115,-0.4227021265298845,0.4227021265298845
G04_R0299,G04,LOGO,holdout_G04,G04,100,20,0.001,0.7,0.2,0.2,4.0,27.086602000000003,26.56252682275799,-0.5240751772420111,0.5240751772420111
G04_R0300,G04,LOGO,holdout_G04,G04,100,20,0.001,0.7,0.3,0.2,4.0,40.532271,39.96063931726435,-0.5716316827356493,0.5716316827356493
G04_R0301,G04,LOGO,holdout_G04,G04,100,20,0.0001,0.85,0.1,0.2,4.0,22.873401,22.367424053580564,-0.5059769464194375,0.5059769464194375
G04_R0302,G04,LOGO,holdout_G04,G04,100,20,0.0001,0.85,0.2,0.2,4.0,35.617176,34.911505794100904,-0.7056702058990965,0.7056702058990965
G04_R0303,G04,LOGO,holdout_G04,G04,100,20,0.0001,0.85,0.3,0.2,4.0,57.014529,56.0628067427461,-0.9517222572539056,0.9517222572539056
G04_R0304,G04,LOGO,holdout_G04,G04,100,20,0.0001,0.8,0.1,0.2,4.0,22.931695,22.41245721430929,-0.5192377856907093,0.5192377856907093
G04_R0305,G04,LOGO,holdout_G04,G04,100,20,0.0001,0.8,0.2,0.2,4.0,35.745357,35.00977230285091,-0.7355846971490863,0.7355846971490863
G04_R0306,G04,LOGO,holdout_G04,G04,100,20,0.0001,0.8,0.3,0.2,4.0,57.262553,56.25098817889168,-1.0115648211083226,1.0115648211083226
G04_R0307,G04,LOGO,holdout_G04,G04,100,20,0.0001,0.75,0.1,0.2,4.0,22.993918,22.48787865312489,-0.5060393468751059,0.5060393468751059
G04_R0308,G04,LOGO,holdout_G04,G04,100,20,0.0001,0.75,0.2,0.2,4.0,35.885459,35.18020655308516,-0.7052524469148409,0.7052524469148409
G04_R0309,G04,LOGO,holdout_G04,G04,100,20,0.0001,0.75,0.3,0.2,4.0,57.536482,56.580657300420434,-0.9558246995795656,0.9558246995795656
G04_R0310,G04,LOGO,holdout_G04,G04,100,20,0.0001,0.7,0.1,0.2,4.0,23.062059,22.53657490858342,-0.5254840914165797,0.5254840914165797
G04_R0311,G04,LOGO,holdout_G04,G04,100,20,0.0001,0.7,0.2,0.2,4.0,36.040467,35.292524343959954,-0.7479426560400455,0.7479426560400455
G04_R0312,G04,LOGO,holdout_G04,G04,100,20,0.0001,0.7,0.3,0.2,4.0,57.840301,56.80105667651481,-1.0392443234851854,1.0392443234851854
G04_R0313,G04,LOGO,holdout_G04,G04,100,20,1e-05,0.85,0.1,0.2,4.0,32.728905999999995,32.22550039460715,-0.5034056053928424,0.5034056053928424
G04_R0314,G04,LOGO,holdout_G04,G04,100,20,1e-05,0.85,0.2,0.2,4.0,66.901586,66.08460220922667,-0.8169837907733211,0.8169837907733211
G04_R0315,G04,LOGO,holdout_G04,G04,100,20,1e-05,0.85,0.3,0.2,4.0,123.045746,121.79733827479424,-1.2484077252057515,1.2484077252057515
G04_R0316,G04,LOGO,holdout_G04,G04,100,20,1e-05,0.8,0.1,0.2,4.0,32.816631,32.29238949746607,-0.5242415025339326,0.5242415025339326
G04_R0317,G04,LOGO,holdout_G04,G04,100,20,1e-05,0.8,0.2,0.2,4.0,67.15021800000001,66.2809074848814,-0.8693105151186131,0.8693105151186131
G04_R0318,G04,LOGO,holdout_G04,G04,100,20,1e-05,0.8,0.3,0.2,4.0,123.535293,122.17919086676736,-1.3561021332326249,1.3561021332326249
G04_R0319,G04,LOGO,holdout_G04,G04,100,20,1e-05,0.75,0.1,0.2,4.0,32.915330000000004,32.414420163141024,-0.5009098368589804,0.5009098368589804
G04_R0320,G04,LOGO,holdout_G04,G04,100,20,1e-05,0.75,0.2,0.2,4.0,67.435816,66.61572628490549,-0.820089715094511,0.820089715094511
G04_R0321,G04,LOGO,holdout_G04,G04,100,20,1e-05,0.75,0.3,0.2,4.0,124.0948,122.86612288375127,-1.2286771162487184,1.2286771162487184
G04_R0322,G04,LOGO,holdout_G04,G04,100,20,1e-05,0.7,0.1,0.2,4.0,33.027996,32.492609134019034,-0.5353868659809677,0.5353868659809677
G04_R0323,G04,LOGO,holdout_G04,G04,100,20,1e-05,0.7,0.2,0.2,4.0,67.764374,66.85920852662429,-0.9051654733757176,0.9051654733757176
G04_R0324,G04,LOGO,holdout_G04,G04,100,20,1e-05,0.7,0.3,0.2,4.0,124.744258,123.33272930308527,-1.411528696914715,1.411528696914715
G04_R0325,G04,LOGO,holdout_G04,G04,100,20,1e-06,0.85,0.1,0.2,4.0,105.067714,105.24277796513772,0.1750639651377383,0.1750639651377383
G04_R0326,G04,LOGO,holdout_G04,G04,100,20,1e-06,0.85,0.2,0.2,4.0,330.747791,330.0301377584533,-0.7176532415467136,0.7176532415467136
G04_R0327,G04,LOGO,holdout_G04,G04,100,20,1e-06,0.85,0.3,0.2,4.0,700.9853019999999,699.8514402978567,-1.1338617021432356,1.1338617021432356
G04_R0328,G04,LOGO,holdout_G04,G04,100,20,1e-06,0.8,0.1,0.2,4.0,105.377614,105.48600445299262,0.1083904529926229,0.1083904529926229
G04_R0329,G04,LOGO,holdout_G04,G04,100,20,1e-06,0.8,0.2,0.2,4.0,331.557661,330.6656374355064,-0.8920235644935701,0.8920235644935701
G04_R0330,G04,LOGO,holdout_G04,G04,100,20,1e-06,0.8,0.3,0.2,4.0,702.485146,700.982703982339,-1.5024420176609965,1.5024420176609965
G04_R0331,G04,LOGO,holdout_G04,G04,100,20,1e-06,0.75,0.1,0.2,4.0,105.737506,105.90464798697832,0.1671419869783221,0.1671419869783221
G04_R0332,G04,LOGO,holdout_G04,G04,100,20,1e-06,0.75,0.2,0.2,4.0,332.477521,331.7895008618639,-0.6880201381360962,0.6880201381360962
G04_R0333,G04,LOGO,holdout_G04,G04,100,20,1e-06,0.75,0.3,0.2,4.0,704.214978,703.0640965437229,-1.150881456277034,1.150881456277034
G04_R0334,G04,LOGO,holdout_G04,G04,100,20,1e-06,0.7,0.1,0.2,4.0,106.127391,106.1997024449071,0.0723114449071005,0.0723114449071005
G04_R0335,G04,LOGO,holdout_G04,G04,100,20,1e-06,0.7,0.2,0.2,4.0,333.53736999999995,332.54960022311457,-0.9877697768853864,0.9877697768853864
G04_R0336,G04,LOGO,holdout_G04,G04,100,20,1e-06,0.7,0.3,0.2,4.0,706.214795,704.5513193559041,-1.6634756440959109,1.6634756440959109
G04_R0337,G04,LOGO,holdout_G04,G04,100,50,0.001,0.85,0.1,0.2,4.0,18.309011,17.914508661358937,-0.3945023386410646,0.3945023386410646
G04_R0338,G04,LOGO,holdout_G04,G04,100,50,0.001,0.85,0.2,0.2,4.0,26.547066,26.074744223864776,-0.4723217761352245,0.4723217761352245
G04_R0339,G04,LOGO,holdout_G04,G04,100,50,0.001,0.85,0.3,0.2,4.0,39.525698,39.048253519343184,-0.4774444806568141,0.4774444806568141
G04_R0340,G04,LOGO,holdout_G04,G04,100,50,0.001,0.8,0.1,0.2,4.0,18.395998,17.979970081858955,-0.4160279181410438,0.4160279181410438
G04_R0341,G04,LOGO,holdout_G04,G04,100,50,0.001,0.8,0.2,0.2,4.0,26.713999,26.207016206364656,-0.5069827936353448,0.5069827936353448
G04_R0342,G04,LOGO,holdout_G04,G04,100,50,0.001,0.8,0.3,0.2,4.0,39.835637,39.28930465263431,-0.5463323473656914,0.5463323473656914
G04_R0343,G04,LOGO,holdout_G04,G04,100,50,0.001,0.75,0.1,0.2,4.0,18.48991,18.092108173074102,-0.3978018269258925,0.3978018269258925
G04_R0344,G04,LOGO,holdout_G04,G04,100,50,0.001,0.75,0.2,0.2,4.0,26.893847,26.419293754874108,-0.4745532451258931,0.4745532451258931
G04_R0345,G04,LOGO,holdout_G04,G04,100,50,0.001,0.75,0.3,0.2,4.0,40.170498,39.69296779253507,-0.4775302074649303,0.4775302074649303
G04_R0346,G04,LOGO,holdout_G04,G04,100,50,0.001,0.7,0.1,0.2,4.0,18.589737,18.16699446244928,-0.4227425375507216,0.4227425375507216
G04_R0347,G04,LOGO,holdout_G04,G04,100,50,0.001,0.7,0.2,0.2,4.0,27.086602000000003,26.56248164085323,-0.5241203591467745,0.5241203591467745
G04_R0348,G04,LOGO,holdout_G04,G04,100,50,0.001,0.7,0.3,0.2,4.0,40.532271,39.96244000295182,-0.5698309970481787,0.5698309970481787
G04_R0349,G04,LOGO,holdout_G04,G04,100,50,0.0001,0.85,0.1,0.2,4.0,22.873401,22.36733838899724,-0.5060626110027648,0.5060626110027648
G04_R0350,G04,LOGO,holdout_G04,G04,100,50,0.0001,0.85,0.2,0.2,4.0,35.617176,34.912379808389595,-0.7047961916104057,0.7047961916104057
G04_R0351,G04,LOGO,holdout_G04,G04,100,50,0.0001,0.85,0.3,0.2,4.0,57.014529,56.06205933685029,-0.9524696631497136,0.9524696631497136
G04_R0352,G04,LOGO,holdout_G04,G04,100,50,0.0001,0.8,0.1,0.2,4.0,22.931695,22.412371549725968,-0.5193234502740331,0.5193234502740331
G04_R0353,G04,LOGO,holdout_G04,G04,100,50,0.0001,0.8,0.2,0.2,4.0,35.745357,35.0106463171396,-0.7347106828603955,0.7347106828603955
G04_R0354,G04,LOGO,holdout_G04,G04,100,50,0.0001,0.8,0.3,0.2,4.0,57.262553,56.25024077299587,-1.0123122270041236,1.0123122270041236
G04_R0355,G04,LOGO,holdout_G04,G04,100,50,0.0001,0.75,0.1,0.2,4.0,22.993918,22.48789225024989,-0.5060257497501084,0.5060257497501084
G04_R0356,G04,LOGO,holdout_G04,G04,100,50,0.0001,0.75,0.2,0.2,4.0,35.885459,35.17986600958516,-0.7055929904148357,0.7055929904148357
G04_R0357,G04,LOGO,holdout_G04,G04,100,50,0.0001,0.75,0.3,0.2,4.0,57.536482,56.579476114253794,-0.9570058857462058,0.9570058857462058
G04_R0358,G04,LOGO,holdout_G04,G04,100,50,0.0001,0.7,0.1,0.2,4.0,23.062059,22.53663833779176,-0.5254206622082442,0.5254206622082442
G04_R0359,G04,LOGO,holdout_G04,G04,100,50,0.0001,0.7,0.2,0.2,4.0,36.040467,35.29218380045996,-0.7482831995400403,0.7482831995400403
G04_R0360,G04,LOGO,holdout_G04,G04,100,50,0.0001,0.7,0.3,0.2,4.0,57.840301,56.79927364951484,-1.0410273504851588,1.0410273504851588
G04_R0361,G04,LOGO,holdout_G04,G04,100,50,1e-05,0.85,0.1,0.2,4.0,32.728905999999995,32.22549585859674,-0.5034101414032577,0.5034101414032577
G04_R0362,G04,LOGO,holdout_G04,G04,100,50,1e-05,0.85,0.2,0.2,4.0,66.901586,66.08458623876834,-0.8169997612316564,0.8169997612316564
G04_R0363,G04,LOGO,holdout_G04,G04,100,50,1e-05,0.85,0.3,0.2,4.0,123.045746,121.7981648726484,-1.2475811273515944,1.2475811273515944
G04_R0364,G04,LOGO,holdout_G04,G04,100,50,1e-05,0.8,0.1,0.2,4.0,32.816631,32.292273526455645,-0.5243574735443559,0.5243574735443559
G04_R0365,G04,LOGO,holdout_G04,G04,100,50,1e-05,0.8,0.2,0.2,4.0,67.15021800000001,66.28140085858973,-0.8688171414102754,0.8688171414102754
G04_R0366,G04,LOGO,holdout_G04,G04,100,50,1e-05,0.8,0.3,0.2,4.0,123.535293,122.17940551587154,-1.3558874841284592,1.3558874841284592
G04_R0367,G04,LOGO,holdout_G04,G04,100,50,1e-05,0.75,0.1,0.2,4.0,32.915330000000004,32.41458323397435,-0.5007467660256566,0.5007467660256566
G04_R0368,G04,LOGO,holdout_G04,G04,100,50,1e-05,0.75,0.2,0.2,4.0,67.435816,66.6173433949055,-0.8184726050944988,0.8184726050944988
G04_R0369,G04,LOGO,holdout_G04,G04,100,50,1e-05,0.75,0.3,0.2,4.0,124.0948,122.86556520375126,-1.2292347962487469,1.2292347962487469
G04_R0370,G04,LOGO,holdout_G04,G04,100,50,1e-05,0.7,0.1,0.2,4.0,33.027996,32.49283390110236,-0.5351620988976435,0.5351620988976435
G04_R0371,G04,LOGO,holdout_G04,G04,100,50,1e-05,0.7,0.2,0.2,4.0,67.764374,66.86070745954096,-0.9036665404590424,0.9036665404590424
G04_R0372,G04,LOGO,holdout_G04,G04,100,50,1e-05,0.7,0.3,0.2,4.0,124.744258,123.33240475641858,-1.4118532435814188,1.4118532435814188
G04_R0373,G04,LOGO,holdout_G04,G04,100,50,1e-06,0.85,0.1,0.2,4.0,105.067714,105.24234475909608,0.1746307590960896,0.1746307590960896
G04_R0374,G04,LOGO,holdout_G04,G04,100,50,1e-06,0.85,0.2,0.2,4.0,330.747791,330.03121884595333,-0.7165721540466734,0.7165721540466734
G04_R0375,G04,LOGO,holdout_G04,G04,100,50,1e-06,0.85,0.3,0.2,4.0,700.9853019999999,699.8486655597316,-1.1366364402683755,1.1366364402683755
G04_R0376,G04,LOGO,holdout_G04,G04,100,50,1e-06,0.8,0.1,0.2,4.0,105.377614,105.48603986632595,0.1084258663259589,0.1084258663259589
G04_R0377,G04,LOGO,holdout_G04,G04,100,50,1e-06,0.8,0.2,0.2,4.0,331.557661,330.6660498642565,-0.891611135743517,0.891611135743517
G04_R0378,G04,LOGO,holdout_G04,G04,100,50,1e-06,0.8,0.3,0.2,4.0,702.485146,700.9799292442138,-1.505216755786137,1.505216755786137
G04_R0379,G04,LOGO,holdout_G04,G04,100,50,1e-06,0.75,0.1,0.2,4.0,105.737506,105.90549150510331,0.1679855051033314,0.1679855051033314
G04_R0380,G04,LOGO,holdout_G04,G04,100,50,1e-06,0.75,0.2,0.2,4.0,332.477521,331.793062453864,-0.6844585461360566,0.6844585461360566
G04_R0381,G04,LOGO,holdout_G04,G04,100,50,1e-06,0.75,0.3,0.2,4.0,704.214978,703.0632636182469,-1.151714381753095,1.151714381753095
G04_R0382,G04,LOGO,holdout_G04,G04,100,50,1e-06,0.7,0.1,0.2,4.0,106.127391,106.20054596303213,0.0731549630321097,0.0731549630321097
G04_R0383,G04,LOGO,holdout_G04,G04,100,50,1e-06,0.7,0.2,0.2,4.0,333.53736999999995,332.5525868988646,-0.9847831011353492,0.9847831011353492
G04_R0384,G04,LOGO,holdout_G04,G04,100,50,1e-06,0.7,0.3,0.2,4.0,706.214795,704.549067799803,-1.6657272001970114,1.6657272001970114
G04_R0385,G04,LOGO,holdout_G04,G04,250,3,0.001,0.85,0.1,0.2,4.0,55.44657,53.86906479791524,-1.5775052020847582,1.5775052020847582
G04_R0386,G04,LOGO,holdout_G04,G04,250,3,0.001,0.85,0.2,0.2,4.0,81.625957,80.2071493439347,-1.4188076560652974,1.4188076560652974
G04_R0387,G04,LOGO,holdout_G04,G04,250,3,0.001,0.85,0.3,0.2,4.0,123.026142,122.4886102049567,-0.537531795043293,0.537531795043293
G04_R0388,G04,LOGO,holdout_G04,G04,250,3,0.001,0.8,0.1,0.2,4.0,55.781194,54.11570249091473,-1.665491509085271,1.665491509085271
G04_R0389,G04,LOGO,holdout_G04,G04,250,3,0.001,0.8,0.2,0.2,4.0,82.277829,80.71261828624873,-1.56521071375127,1.56521071375127
G04_R0390,G04,LOGO,holdout_G04,G04,250,3,0.001,0.8,0.3,0.2,4.0,124.264264,123.41132039749829,-0.8529436025017105,0.8529436025017105
G04_R0391,G04,LOGO,holdout_G04,G04,250,3,0.001,0.75,0.1,0.2,4.0,56.139635,54.53930344232143,-1.6003315576785724,1.6003315576785724
G04_R0392,G04,LOGO,holdout_G04,G04,250,3,0.001,0.75,0.2,0.2,4.0,82.977583,81.53877344587436,-1.4388095541256405,1.4388095541256405
G04_R0393,G04,LOGO,holdout_G04,G04,250,3,0.001,0.75,0.3,0.2,4.0,125.592298,125.0100893136657,-0.5822086863342975,0.5822086863342975
G04_R0394,G04,LOGO,holdout_G04,G04,250,3,0.001,0.7,0.1,0.2,4.0,56.524884,54.829460866250265,-1.6954231337497347,1.6954231337497347
G04_R0395,G04,LOGO,holdout_G04,G04,250,3,0.001,0.7,0.2,0.2,4.0,83.734167,82.08141944420935,-1.652747555790654,1.652747555790654
G04_R0396,G04,LOGO,holdout_G04,G04,250,3,0.001,0.7,0.3,0.2,4.0,127.040237,126.10583217484611,-0.9344048251538908,0.9344048251538908
G04_R0397,G04,LOGO,holdout_G04,G04,250,3,0.0001,0.85,0.1,0.2,4.0,68.24374399999999,66.14849041800943,-2.095253581990562,2.095253581990562
G04_R0398,G04,LOGO,holdout_G04,G04,250,3,0.0001,0.85,0.2,0.2,4.0,107.570681,104.48969234871356,-3.0809886512864466,3.0809886512864466
G04_R0399,G04,LOGO,holdout_G04,G04,250,3,0.0001,0.85,0.3,0.2,4.0,173.60053499999998,169.25466282807704,-4.345872171922935,4.345872171922935
G04_R0400,G04,LOGO,holdout_G04,G04,250,3,0.0001,0.8,0.1,0.2,4.0,68.463213,66.31888194263134,-2.1443310573686603,2.1443310573686603
G04_R0401,G04,LOGO,holdout_G04,G04,250,3,0.0001,0.8,0.2,0.2,4.0,108.119634,104.92778951033712,-3.191844489662884,3.191844489662884
G04_R0402,G04,LOGO,holdout_G04,G04,250,3,0.0001,0.8,0.3,0.2,4.0,174.73209300000002,170.0679428274363,-4.664150172563723,4.664150172563723
G04_R0403,G04,LOGO,holdout_G04,G04,250,3,0.0001,0.75,0.1,0.2,4.0,68.70152999999999,66.60417710710966,-2.097352892890328,2.097352892890328
G04_R0404,G04,LOGO,holdout_G04,G04,250,3,0.0001,0.75,0.2,0.2,4.0,108.738563,105.6462994910206,-3.092263508979414,3.092263508979414
G04_R0405,G04,LOGO,holdout_G04,G04,250,3,0.0001,0.75,0.3,0.2,4.0,175.993844,171.62942097129243,-4.364423028707563,4.364423028707563
G04_R0406,G04,LOGO,holdout_G04,G04,250,3,0.0001,0.7,0.1,0.2,4.0,68.962672,66.79605934821132,-2.1666126517886823,2.1666126517886823
G04_R0407,G04,LOGO,holdout_G04,G04,250,3,0.0001,0.7,0.2,0.2,4.0,109.427351,106.1663949381064,-3.2609560618936086,3.2609560618936086
G04_R0408,G04,LOGO,holdout_G04,G04,250,3,0.0001,0.7,0.3,0.2,4.0,177.42581,172.66656539796134,-4.759244602038677,4.759244602038677
G04_R0409,G04,LOGO,holdout_G04,G04,250,3,1e-05,0.85,0.1,0.2,4.0,95.451029,93.23027692834756,-2.2207520716524414,2.2207520716524414
G04_R0410,G04,LOGO,holdout_G04,G04,250,3,1e-05,0.85,0.2,0.2,4.0,192.29868,188.8319700542341,-3.4667099457658708,3.4667099457658708
G04_R0411,G04,LOGO,holdout_G04,G04,250,3,1e-05,0.85,0.3,0.2,4.0,350.77374,345.2709324647301,-5.502807535269881,5.502807535269881
G04_R0412,G04,LOGO,holdout_G04,G04,250,3,1e-05,0.8,0.1,0.2,4.0,95.856438,93.53451890751302,-2.3219190924869797,2.3219190924869797
G04_R0413,G04,LOGO,holdout_G04,G04,250,3,1e-05,0.8,0.2,0.2,4.0,193.57792,189.7666487999848,-3.811271200015199,3.811271200015199
G04_R0414,G04,LOGO,holdout_G04,G04,250,3,1e-05,0.8,0.3,0.2,4.0,353.39302,347.2168056522337,-6.17621434776629,6.17621434776629
G04_R0415,G04,LOGO,holdout_G04,G04,250,3,1e-05,0.75,0.1,0.2,4.0,96.318771,94.10672604224744,-2.212044957752568,2.212044957752568
G04_R0416,G04,LOGO,holdout_G04,G04,250,3,1e-05,0.75,0.2,0.2,4.0,195.05709,191.5597231352288,-3.4973668647711804,3.4973668647711804
G04_R0417,G04,LOGO,holdout_G04,G04,250,3,1e-05,0.75,0.3,0.2,4.0,356.42226,350.9652825772334,-5.456977422766613,5.456977422766613
G04_R0418,G04,LOGO,holdout_G04,G04,250,3,1e-05,0.7,0.1,0.2,4.0,96.853032,94.4993154208205,-2.3537165791795047,2.3537165791795047
G04_R0419,G04,LOGO,holdout_G04,G04,250,3,1e-05,0.7,0.2,0.2,4.0,196.78619,192.8576858094806,-3.928504190519391,3.928504190519391
G04_R0420,G04,LOGO,holdout_G04,G04,250,3,1e-05,0.7,0.3,0.2,4.0,359.95146,353.58219611910994,-6.36926388089006,6.36926388089006
G04_R0421,G04,LOGO,holdout_G04,G04,250,3,1e-06,0.85,0.1,0.2,4.0,280.450627,279.9352530824772,-0.5153739175228225,0.5153739175228225
G04_R0422,G04,LOGO,holdout_G04,G04,250,3,1e-06,0.85,0.2,0.2,4.0,866.40768,863.3042003328972,-3.1034796671028744,3.1034796671028744
G04_R0423,G04,LOGO,holdout_G04,G04,250,3,1e-06,0.85,0.3,0.2,4.0,1826.2476,1821.3416392790875,-4.905960720912617,4.905960720912617
G04_R0424,G04,LOGO,holdout_G04,G04,250,3,1e-06,0.8,0.1,0.2,4.0,281.6604,280.8558046457915,-0.804595354208459,0.804595354208459
G04_R0425,G04,LOGO,holdout_G04,G04,250,3,1e-06,0.8,0.2,0.2,4.0,870.40739,866.4104248150243,-3.996965184975693,3.996965184975693
G04_R0426,G04,LOGO,holdout_G04,G04,250,3,1e-06,0.8,0.3,0.2,4.0,1834.24727,1827.265874844113,-6.981395155886958,6.981395155886958
G04_R0427,G04,LOGO,holdout_G04,G04,250,3,1e-06,0.75,0.1,0.2,4.0,283.070156,282.641567012862,-0.4285889871379709,0.4285889871379709
G04_R0428,G04,LOGO,holdout_G04,G04,250,3,1e-06,0.75,0.2,0.2,4.0,875.21708,872.3056546589718,-2.9114253410282345,2.9114253410282345
G04_R0429,G04,LOGO,holdout_G04,G04,250,3,1e-06,0.75,0.3,0.2,4.0,1843.74692,1838.9211929634128,-4.825727036586841,4.825727036586841
G04_R0430,G04,LOGO,holdout_G04,G04,250,3,1e-06,0.7,0.1,0.2,4.0,284.77989,283.9797920931488,-0.8000979068512493,0.8000979068512493
G04_R0431,G04,LOGO,holdout_G04,G04,250,3,1e-06,0.7,0.2,0.2,4.0,880.91675,876.4173759054008,-4.499374094599148,4.499374094599148
G04_R0432,G04,LOGO,holdout_G04,G04,250,3,1e-06,0.7,0.3,0.2,4.0,1854.84654,1847.1154648446336,-7.731075155366398,7.731075155366398
G04_R0433,G04,LOGO,holdout_G04,G04,250,6,0.001,0.85,0.1,0.2,4.0,55.44657,53.86836565322774,-1.5782043467722602,1.5782043467722602
G04_R0434,G04,LOGO,holdout_G04,G04,250,6,0.001,0.85,0.2,0.2,4.0,81.625957,80.20702765867773,-1.4189293413222686,1.4189293413222686
G04_R0435,G04,LOGO,holdout_G04,G04,250,6,0.001,0.85,0.3,0.2,4.0,123.026142,122.48858461776916,-0.5375573822308297,0.5375573822308297
G04_R0436,G04,LOGO,holdout_G04,G04,250,6,0.001,0.8,0.1,0.2,4.0,55.781194,54.11500334622723,-1.666190653772766,1.666190653772766
G04_R0437,G04,LOGO,holdout_G04,G04,250,6,0.001,0.8,0.2,0.2,4.0,82.277829,80.71138946099174,-1.5664395390082575,1.5664395390082575
G04_R0438,G04,LOGO,holdout_G04,G04,250,6,0.001,0.8,0.3,0.2,4.0,124.264264,123.41129481031076,-0.8529691896892473,0.8529691896892473
G04_R0439,G04,LOGO,holdout_G04,G04,250,6,0.001,0.75,0.1,0.2,4.0,56.139635,54.53864381752975,-1.6009911824702456,1.6009911824702456
G04_R0440,G04,LOGO,holdout_G04,G04,250,6,0.001,0.75,0.2,0.2,4.0,82.977583,81.5390856858674,-1.43849731413259,1.43849731413259
G04_R0441,G04,LOGO,holdout_G04,G04,250,6,0.001,0.75,0.3,0.2,4.0,125.592298,125.00722462345732,-0.5850733765426668,0.5850733765426668
G04_R0442,G04,LOGO,holdout_G04,G04,250,6,0.001,0.7,0.1,0.2,4.0,56.524884,54.82880124145859,-1.696082758541408,1.696082758541408
G04_R0443,G04,LOGO,holdout_G04,G04,250,6,0.001,0.7,0.2,0.2,4.0,83.734167,82.08087194670242,-1.6532950532975832,1.6532950532975832
G04_R0444,G04,LOGO,holdout_G04,G04,250,6,0.001,0.7,0.3,0.2,4.0,127.040237,126.10296748463774,-0.93726951536226,0.93726951536226
G04_R0445,G04,LOGO,holdout_G04,G04,250,6,0.0001,0.85,0.1,0.2,4.0,68.24374399999999,66.14871153043802,-2.0950324695619718,2.0950324695619718
G04_R0446,G04,LOGO,holdout_G04,G04,250,6,0.0001,0.85,0.2,0.2,4.0,107.570681,104.48832905252604,-3.082351947473967,3.082351947473967
G04_R0447,G04,LOGO,holdout_G04,G04,250,6,0.0001,0.85,0.3,0.2,4.0,173.60053499999998,169.25357645205327,-4.346958547946713,4.346958547946713
G04_R0448,G04,LOGO,holdout_G04,G04,250,6,0.0001,0.8,0.1,0.2,4.0,68.463213,66.31910305505993,-2.1441099449400696,2.1441099449400696
G04_R0449,G04,LOGO,holdout_G04,G04,250,6,0.0001,0.8,0.2,0.2,4.0,108.119634,104.92642621414956,-3.193207785850433,3.193207785850433
G04_R0450,G04,LOGO,holdout_G04,G04,250,6,0.0001,0.8,0.3,0.2,4.0,174.73209300000002,170.0668564514125,-4.665236548587529,4.665236548587529
G04_R0451,G04,LOGO,holdout_G04,G04,250,6,0.0001,0.75,0.1,0.2,4.0,68.70152999999999,66.60470210309924,-2.096827896900749,2.096827896900749
G04_R0452,G04,LOGO,holdout_G04,G04,250,6,0.0001,0.75,0.2,0.2,4.0,108.738563,105.64697426120809,-3.091588738791927,3.091588738791927
G04_R0453,G04,LOGO,holdout_G04,G04,250,6,0.0001,0.75,0.3,0.2,4.0,175.993844,171.6318908941704,-4.361953105829599,4.361953105829599
G04_R0454,G04,LOGO,holdout_G04,G04,250,6,0.0001,0.7,0.1,0.2,4.0,68.962672,66.7965843442009,-2.166087655799103,2.166087655799103
G04_R0455,G04,LOGO,holdout_G04,G04,250,6,0.0001,0.7,0.2,0.2,4.0,109.427351,106.16706970829388,-3.260281291706121,3.260281291706121
G04_R0456,G04,LOGO,holdout_G04,G04,250,6,0.0001,0.7,0.3,0.2,4.0,177.42581,172.66903532083933,-4.756774679160685,4.756774679160685
G04_R0457,G04,LOGO,holdout_G04,G04,250,6,1e-05,0.85,0.1,0.2,4.0,95.451029,93.23053549781189,-2.22049350218812,2.22049350218812
G04_R0458,G04,LOGO,holdout_G04,G04,250,6,1e-05,0.85,0.2,0.2,4.0,192.29868,188.8304808026092,-3.468199197390817,3.468199197390817
G04_R0459,G04,LOGO,holdout_G04,G04,250,6,1e-05,0.85,0.3,0.2,4.0,350.77374,345.26458599181336,-5.509154008186613,5.509154008186613
G04_R0460,G04,LOGO,holdout_G04,G04,250,6,1e-05,0.8,0.1,0.2,4.0,95.856438,93.53477747697734,-2.3216605230226577,2.3216605230226577
G04_R0461,G04,LOGO,holdout_G04,G04,250,6,1e-05,0.8,0.2,0.2,4.0,193.57792,189.76623406835984,-3.81168593164017,3.81168593164017
G04_R0462,G04,LOGO,holdout_G04,G04,250,6,1e-05,0.8,0.3,0.2,4.0,353.39302,347.210459179317,-6.182560820682966,6.182560820682966
G04_R0463,G04,LOGO,holdout_G04,G04,250,6,1e-05,0.75,0.1,0.2,4.0,96.318771,94.10761817918792,-2.2111528208120887,2.2111528208120887
G04_R0464,G04,LOGO,holdout_G04,G04,250,6,1e-05,0.75,0.2,0.2,4.0,195.05709,191.55842038206217,-3.4986696179378214,3.4986696179378214
G04_R0465,G04,LOGO,holdout_G04,G04,250,6,1e-05,0.75,0.3,0.2,4.0,356.42226,350.9483053066083,-5.473954693391704,5.473954693391704
G04_R0466,G04,LOGO,holdout_G04,G04,250,6,1e-05,0.7,0.1,0.2,4.0,96.853032,94.50025582942764,-2.352776170572369,2.352776170572369
G04_R0467,G04,LOGO,holdout_G04,G04,250,6,1e-05,0.7,0.2,0.2,4.0,196.78619,192.856383056314,-3.929806943686032,3.929806943686032
G04_R0468,G04,LOGO,holdout_G04,G04,250,6,1e-05,0.7,0.3,0.2,4.0,359.95146,353.5652592472348,-6.386200752765205,6.386200752765205
G04_R0469,G04,LOGO,holdout_G04,G04,250,6,1e-06,0.85,0.1,0.2,4.0,280.450627,279.933349987123,-0.5172770128770026,0.5172770128770026
G04_R0470,G04,LOGO,holdout_G04,G04,250,6,1e-06,0.85,0.2,0.2,4.0,866.40768,863.2838682703975,-3.123811729602494,3.123811729602494
G04_R0471,G04,LOGO,holdout_G04,G04,250,6,1e-06,0.85,0.3,0.2,4.0,1826.2476,1821.345252297569,-4.902347702430916,4.902347702430916
G04_R0472,G04,LOGO,holdout_G04,G04,250,6,1e-06,0.8,0.1,0.2,4.0,281.6604,280.85545130418734,-0.8049486958126408,0.8049486958126408
G04_R0473,G04,LOGO,holdout_G04,G04,250,6,1e-06,0.8,0.2,0.2,4.0,870.40739,866.388084535858,-4.019305464142008,4.019305464142008
G04_R0474,G04,LOGO,holdout_G04,G04,250,6,1e-06,0.8,0.3,0.2,4.0,1834.24727,1827.2694878625948,-6.977782137405256,6.977782137405256
G04_R0475,G04,LOGO,holdout_G04,G04,250,6,1e-06,0.75,0.1,0.2,4.0,283.070156,282.641830755862,-0.4283252441380227,0.4283252441380227
G04_R0476,G04,LOGO,holdout_G04,G04,250,6,1e-06,0.75,0.2,0.2,4.0,875.21708,872.2971040777219,-2.9199759222781267,2.9199759222781267
G04_R0477,G04,LOGO,holdout_G04,G04,250,6,1e-06,0.75,0.3,0.2,4.0,1843.74692,1838.9777995271631,-4.769120472836903,4.769120472836903
G04_R0478,G04,LOGO,holdout_G04,G04,250,6,1e-06,0.7,0.1,0.2,4.0,284.77989,283.9800558361487,-0.7998341638513011,0.7998341638513011
G04_R0479,G04,LOGO,holdout_G04,G04,250,6,1e-06,0.7,0.2,0.2,4.0,880.91675,876.4088253241509,-4.50792467584904,4.50792467584904
G04_R0480,G04,LOGO,holdout_G04,G04,250,6,1e-06,0.7,0.3,0.2,4.0,1854.84654,1847.1720714083835,-7.67446859161646,7.67446859161646
G04_R0481,G04,LOGO,holdout_G04,G04,250,20,0.001,0.85,0.1,0.2,4.0,55.44657,53.87029140400897,-1.5762785959910346,1.5762785959910346
G04_R0482,G04,LOGO,holdout_G04,G04,250,20,0.001,0.85,0.2,0.2,4.0,81.625957,80.21039706276109,-1.4155599372389105,1.4155599372389105
G04_R0483,G04,LOGO,holdout_G04,G04,250,20,0.001,0.85,0.3,0.2,4.0,123.026142,122.49035649143582,-0.5357855085641745,0.5357855085641745
G04_R0484,G04,LOGO,holdout_G04,G04,250,20,0.001,0.8,0.1,0.2,4.0,55.781194,54.11669628825846,-1.6644977117415394,1.6644977117415394
G04_R0485,G04,LOGO,holdout_G04,G04,250,20,0.001,0.8,0.2,0.2,4.0,82.277829,80.71475886507511,-1.5630701349248852,1.5630701349248852
G04_R0486,G04,LOGO,holdout_G04,G04,250,20,0.001,0.8,0.3,0.2,4.0,124.264264,123.41348171303991,-0.8507822869600687,0.8507822869600687
G04_R0487,G04,LOGO,holdout_G04,G04,250,20,0.001,0.75,0.1,0.2,4.0,56.139635,54.53715818444642,-1.6024768155535796,1.6024768155535796
G04_R0488,G04,LOGO,holdout_G04,G04,250,20,0.001,0.75,0.2,0.2,4.0,82.977583,81.53761673174243,-1.4399662682575638,1.4399662682575638
G04_R0489,G04,LOGO,holdout_G04,G04,250,20,0.001,0.75,0.3,0.2,4.0,125.592298,124.99622160092062,-0.5960763990793794,0.5960763990793794
G04_R0490,G04,LOGO,holdout_G04,G04,250,20,0.001,0.7,0.1,0.2,4.0,56.524884,54.827388868375245,-1.6974951316247555,1.6974951316247555
G04_R0491,G04,LOGO,holdout_G04,G04,250,20,0.001,0.7,0.2,0.2,4.0,83.734167,82.0796895717441,-1.6544774282559018,1.6544774282559018
G04_R0492,G04,LOGO,holdout_G04,G04,250,20,0.001,0.7,0.3,0.2,4.0,127.040237,126.09132539260104,-0.9489116073989692,0.9489116073989692
G04_R0493,G04,LOGO,holdout_G04,G04,250,20,0.0001,0.85,0.1,0.2,4.0,68.24374399999999,66.14845834945397,-2.0952856505460176,2.0952856505460176
G04_R0494,G04,LOGO,holdout_G04,G04,250,20,0.0001,0.85,0.2,0.2,4.0,107.570681,104.48773893357956,-3.082942066420429,3.082942066420429
G04_R0495,G04,LOGO,holdout_G04,G04,250,20,0.0001,0.85,0.3,0.2,4.0,173.60053499999998,169.24494738743576,-4.355587612564221,4.355587612564221
G04_R0496,G04,LOGO,holdout_G04,G04,250,20,0.0001,0.8,0.1,0.2,4.0,68.463213,66.31940289022171,-2.1438101097782862,2.1438101097782862
G04_R0497,G04,LOGO,holdout_G04,G04,250,20,0.0001,0.8,0.2,0.2,4.0,108.119634,104.92643450203646,-3.193199497963548,3.193199497963548
G04_R0498,G04,LOGO,holdout_G04,G04,250,20,0.0001,0.8,0.3,0.2,4.0,174.73209300000002,170.05822738679498,-4.673865613205038,4.673865613205038
G04_R0499,G04,LOGO,holdout_G04,G04,250,20,0.0001,0.75,0.1,0.2,4.0,68.70152999999999,66.60371277660965,-2.0978172233903365,2.0978172233903365
G04_R0500,G04,LOGO,holdout_G04,G04,250,20,0.0001,0.75,0.2,0.2,4.0,108.738563,105.65068982082416,-3.087873179175844,3.087873179175844
G04_R0501,G04,LOGO,holdout_G04,G04,250,20,0.0001,0.75,0.3,0.2,4.0,175.993844,171.63374536242335,-4.360098637576641,4.360098637576641
G04_R0502,G04,LOGO,holdout_G04,G04,250,20,0.0001,0.7,0.1,0.2,4.0,68.962672,66.79547188123219,-2.167200118767809,2.167200118767809
G04_R0503,G04,LOGO,holdout_G04,G04,250,20,0.0001,0.7,0.2,0.2,4.0,109.427351,106.17039575957664,-3.256955240423366,3.256955240423366
G04_R0504,G04,LOGO,holdout_G04,G04,250,20,0.0001,0.7,0.3,0.2,4.0,177.42581,172.67194870982144,-4.753861290178577,4.753861290178577
G04_R0505,G04,LOGO,holdout_G04,G04,250,20,1e-05,0.85,0.1,0.2,4.0,95.451029,93.2315407032077,-2.2194882967923064,2.2194882967923064
G04_R0506,G04,LOGO,holdout_G04,G04,250,20,1e-05,0.85,0.2,0.2,4.0,192.29868,188.82890807510023,-3.469771924899732,3.469771924899732
G04_R0507,G04,LOGO,holdout_G04,G04,250,20,1e-05,0.85,0.3,0.2,4.0,350.77374,345.2447757047003,-5.528964295299659,5.528964295299659
G04_R0508,G04,LOGO,holdout_G04,G04,250,20,1e-05,0.8,0.1,0.2,4.0,95.856438,93.53611602362317,-2.320321976376846,2.320321976376846
G04_R0509,G04,LOGO,holdout_G04,G04,250,20,1e-05,0.8,0.2,0.2,4.0,193.58792,189.7646613408509,-3.823258659149076,3.823258659149076
G04_R0510,G04,LOGO,holdout_G04,G04,250,20,1e-05,0.8,0.3,0.2,4.0,353.39302,347.1925359984539,-6.200484001546101,6.200484001546101
G04_R0511,G04,LOGO,holdout_G04,G04,250,20,1e-05,0.75,0.1,0.2,4.0,96.318771,94.10821237319384,-2.2105586268061472,2.2105586268061472
G04_R0512,G04,LOGO,holdout_G04,G04,250,20,1e-05,0.75,0.2,0.2,4.0,195.06709,191.5571805699388,-3.5099094300611853,3.5099094300611853
G04_R0513,G04,LOGO,holdout_G04,G04,250,20,1e-05,0.75,0.3,0.2,4.0,356.42226,350.9707551939596,-5.451504806040418,5.451504806040418
G04_R0514,G04,LOGO,holdout_G04,G04,250,20,1e-05,0.7,0.1,0.2,4.0,96.853032,94.50085002343356,-2.352181976566428,2.352181976566428
G04_R0515,G04,LOGO,holdout_G04,G04,250,20,1e-05,0.7,0.2,0.2,4.0,196.79619,192.85384886369064,-3.942341136309381,3.942341136309381
G04_R0516,G04,LOGO,holdout_G04,G04,250,20,1e-05,0.7,0.3,0.2,4.0,359.95146,353.58770913458613,-6.363750865413863,6.363750865413863
G04_R0517,G04,LOGO,holdout_G04,G04,250,20,1e-06,0.85,0.1,0.2,4.0,280.450627,279.9388456663245,-0.5117813336755148,0.5117813336755148
G04_R0518,G04,LOGO,holdout_G04,G04,250,20,1e-06,0.85,0.2,0.2,4.0,866.40768,863.2674812171239,-3.140198782876155,3.140198782876155
G04_R0519,G04,LOGO,holdout_G04,G04,250,20,1e-06,0.85,0.3,0.2,4.0,1826.2476,1821.345490366884,-4.90210963311597,4.90210963311597
G04_R0520,G04,LOGO,holdout_G04,G04,250,20,1e-06,0.8,0.1,0.2,4.0,281.6604,280.8609469833888,-0.7994530166111531,0.7994530166111531
G04_R0521,G04,LOGO,holdout_G04,G04,250,20,1e-06,0.8,0.2,0.2,4.0,870.40739,866.3676810492511,-4.039708950748832,4.039708950748832
G04_R0522,G04,LOGO,holdout_G04,G04,250,20,1e-06,0.8,0.3,0.2,4.0,1834.24727,1827.26457609691,-6.982693903089967,6.982693903089967
G04_R0523,G04,LOGO,holdout_G04,G04,250,20,1e-06,0.75,0.1,0.2,4.0,283.070156,282.6498862330563,-0.4202697669437043,0.4202697669437043
G04_R0524,G04,LOGO,holdout_G04,G04,250,20,1e-06,0.75,0.2,0.2,4.0,875.21708,872.2975865326323,-2.9194934673677158,2.9194934673677158
G04_R0525,G04,LOGO,holdout_G04,G04,250,20,1e-06,0.75,0.3,0.2,4.0,1843.74692,1838.9581334950483,-4.788786504951759,4.788786504951759
G04_R0526,G04,LOGO,holdout_G04,G04,250,20,1e-06,0.7,0.1,0.2,4.0,284.77989,283.9881113133431,-0.7917786866569259,0.7917786866569259
G04_R0527,G04,LOGO,holdout_G04,G04,250,20,1e-06,0.7,0.2,0.2,4.0,880.91675,876.4097994061448,-4.506950593855208,4.506950593855208
G04_R0528,G04,LOGO,holdout_G04,G04,250,20,1e-06,0.7,0.3,0.2,4.0,1854.84654,1847.1602384429357,-7.686301557064553,7.686301557064553
G04_R0529,G04,LOGO,holdout_G04,G04,250,50,0.001,0.85,0.1,0.2,4.0,55.44657,53.87168290557148,-1.5748870944285258,1.5748870944285258
G04_R0530,G04,LOGO,holdout_G04,G04,250,50,0.001,0.85,0.2,0.2,4.0,81.625957,80.20684728007362,-1.4191097199263822,1.4191097199263822
G04_R0531,G04,LOGO,holdout_G04,G04,250,50,0.001,0.85,0.3,0.2,4.0,123.026142,122.48545329747756,-0.5406887025224307,0.5406887025224307
G04_R0532,G04,LOGO,holdout_G04,G04,250,50,0.001,0.8,0.1,0.2,4.0,55.781194,54.11808778982097,-1.6631062101790306,1.6631062101790306
G04_R0533,G04,LOGO,holdout_G04,G04,250,50,0.001,0.8,0.2,0.2,4.0,82.277829,80.7124203353043,-1.5654086646956955,1.5654086646956955
G04_R0534,G04,LOGO,holdout_G04,G04,250,50,0.001,0.8,0.3,0.2,4.0,124.264264,123.40940857720666,-0.8548554227933352,0.8548554227933352
G04_R0535,G04,LOGO,holdout_G04,G04,250,50,0.001,0.75,0.1,0.2,4.0,56.139635,54.5369020948214,-1.6027329051785983,1.6027329051785983
G04_R0536,G04,LOGO,holdout_G04,G04,250,50,0.001,0.75,0.2,0.2,4.0,82.977583,81.53792962247161,-1.439653377528387,1.439653377528387
G04_R0537,G04,LOGO,holdout_G04,G04,250,50,0.001,0.75,0.3,0.2,4.0,125.592298,124.99281097312894,-0.5994870268710599,0.5994870268710599
G04_R0538,G04,LOGO,holdout_G04,G04,250,50,0.001,0.7,0.1,0.2,4.0,56.524884,54.82713277875024,-1.69775122124976,1.69775122124976
G04_R0539,G04,LOGO,holdout_G04,G04,250,50,0.001,0.7,0.2,0.2,4.0,83.734167,82.08000246247327,-1.654164537526725,1.654164537526725
G04_R0540,G04,LOGO,holdout_G04,G04,250,50,0.001,0.7,0.3,0.2,4.0,127.040237,126.0889798806427,-0.951257119357308,0.951257119357308
G04_R0541,G04,LOGO,holdout_G04,G04,250,50,0.0001,0.85,0.1,0.2,4.0,68.24374399999999,66.14798229039145,-2.0957617096085386,2.0957617096085386
G04_R0542,G04,LOGO,holdout_G04,G04,250,50,0.0001,0.85,0.2,0.2,4.0,107.570681,104.49039933307958,-3.0802816669204134,3.0802816669204134
G04_R0543,G04,LOGO,holdout_G04,G04,250,50,0.0001,0.85,0.3,0.2,4.0,173.60053499999998,169.24201906431074,-4.3585159356892405,4.3585159356892405
G04_R0544,G04,LOGO,holdout_G04,G04,250,50,0.0001,0.8,0.1,0.2,4.0,68.463212,66.31892683115917,-2.144285168840824,2.144285168840824
G04_R0545,G04,LOGO,holdout_G04,G04,250,50,0.0001,0.8,0.2,0.2,4.0,108.119634,104.9302871359115,-3.189346864088506,3.189346864088506
G04_R0546,G04,LOGO,holdout_G04,G04,250,50,0.0001,0.8,0.3,0.2,4.0,174.73209300000002,170.05675574283666,-4.675337257163363,4.675337257163363
G04_R0547,G04,LOGO,holdout_G04,G04,250,50,0.0001,0.75,0.1,0.2,4.0,68.70152999999999,66.60380463781797,-2.097725362182018,2.097725362182018
G04_R0548,G04,LOGO,holdout_G04,G04,250,50,0.0001,0.75,0.2,0.2,4.0,108.738564,105.65575401388668,-3.082809986113304,3.082809986113304
G04_R0549,G04,LOGO,holdout_G04,G04,250,50,0.0001,0.75,0.3,0.2,4.0,175.993844,171.6323589049859,-4.361485095014103,4.361485095014103
G04_R0550,G04,LOGO,holdout_G04,G04,250,50,0.0001,0.7,0.1,0.2,4.0,68.962672,66.7955637424405,-2.167108257559491,2.167108257559491
G04_R0551,G04,LOGO,holdout_G04,G04,250,50,0.0001,0.7,0.2,0.2,4.0,109.427351,106.17507918763916,-3.2522718123608314,3.2522718123608314
G04_R0552,G04,LOGO,holdout_G04,G04,250,50,0.0001,0.7,0.3,0.2,4.0,177.42581,172.6718676357173,-4.753942364282722,4.753942364282722
G04_R0553,G04,LOGO,holdout_G04,G04,250,50,1e-05,0.85,0.1,0.2,4.0,95.452035,93.23309074682226,-2.218944253177739,2.218944253177739
G04_R0554,G04,LOGO,holdout_G04,G04,250,50,1e-05,0.85,0.2,0.2,4.0,192.29868,188.82802012653775,-3.4706598734622105,3.4706598734622105
G04_R0555,G04,LOGO,holdout_G04,G04,250,50,1e-05,0.85,0.3,0.2,4.0,350.77374,345.240228755742,-5.533511244257966,5.533511244257966
G04_R0556,G04,LOGO,holdout_G04,G04,250,50,1e-05,0.8,0.1,0.2,4.0,95.857438,93.5373327259877,-2.320105274012306,2.320105274012306
G04_R0557,G04,LOGO,holdout_G04,G04,250,50,1e-05,0.8,0.2,0.2,4.0,193.58792,189.7661806306218,-3.821739369378207,3.821739369378207
G04_R0558,G04,LOGO,holdout_G04,G04,250,50,1e-05,0.8,0.3,0.2,4.0,353.39302,347.1901886432456,-6.202831356754359,6.202831356754359
G04_R0559,G04,LOGO,holdout_G04,G04,250,50,1e-05,0.75,0.1,0.2,4.0,96.320771,94.10865682819386,-2.2121141718061352,2.2121141718061352
G04_R0560,G04,LOGO,holdout_G04,G04,250,50,1e-05,0.75,0.2,0.2,4.0,195.06709,191.5623674304805,-3.504722569519487,3.504722569519487
G04_R0561,G04,LOGO,holdout_G04,G04,250,50,1e-05,0.75,0.3,0.2,4.0,356.42226,350.9496809033345,-5.47257909666547,5.47257909666547
G04_R0562,G04,LOGO,holdout_G04,G04,250,50,1e-05,0.7,0.1,0.2,4.0,96.856032,94.50129447843358,-2.3547375215664204,2.3547375215664204
G04_R0563,G04,LOGO,holdout_G04,G04,250,50,1e-05,0.7,0.2,0.2,4.0,196.79619,192.8577913299823,-3.9383986700177047,3.9383986700177047
G04_R0564,G04,LOGO,holdout_G04,G04,250,50,1e-05,0.7,0.3,0.2,4.0,359.95146,353.5717254200027,-6.379734579997319,6.379734579997319
G04_R0565,G04,LOGO,holdout_G04,G04,250,50,1e-06,0.85,0.1,0.2,4.0,280.450627,279.93518788424115,-0.515439115758852,0.515439115758852
G04_R0566,G04,LOGO,holdout_G04,G04,250,50,1e-06,0.85,0.2,0.2,4.0,866.40768,863.2619713794155,-3.1457086205845144,3.1457086205845144
G04_R0567,G04,LOGO,holdout_G04,G04,250,50,1e-06,0.85,0.3,0.2,4.0,1826.2476,1821.3844205226876,-4.863179477312542,4.863179477312542
G04_R0568,G04,LOGO,holdout_G04,G04,250,50,1e-06,0.8,0.1,0.2,4.0,281.6604,280.8574100013055,-0.8029899986944997,0.8029899986944997
G04_R0569,G04,LOGO,holdout_G04,G04,250,50,1e-06,0.8,0.2,0.2,4.0,870.40739,866.3621712115425,-4.045218788457419,4.045218788457419
G04_R0570,G04,LOGO,holdout_G04,G04,250,50,1e-06,0.8,0.3,0.2,4.0,1834.24727,1827.3035062527133,-6.943763747286539,6.943763747286539
G04_R0571,G04,LOGO,holdout_G04,G04,250,50,1e-06,0.75,0.1,0.2,4.0,283.070156,282.6455123343778,-0.4246436656221704,0.4246436656221704
G04_R0572,G04,LOGO,holdout_G04,G04,250,50,1e-06,0.75,0.2,0.2,4.0,875.21708,872.3094384022155,-2.9076415977845045,2.9076415977845045
G04_R0573,G04,LOGO,holdout_G04,G04,250,50,1e-06,0.75,0.3,0.2,4.0,1843.74692,1839.007211134424,-4.739708865576404,4.739708865576404
G04_R0574,G04,LOGO,holdout_G04,G04,250,50,1e-06,0.7,0.1,0.2,4.0,284.77989,283.98321244466456,-0.7966775553354637,0.7966775553354637
G04_R0575,G04,LOGO,holdout_G04,G04,250,50,1e-06,0.7,0.2,0.2,4.0,880.91675,876.4279175684361,-4.488832431563878,4.488832431563878
G04_R0576,G04,LOGO,holdout_G04,G04,250,50,1e-06,0.7,0.3,0.2,4.0,1854.84654,1847.1996705791855,-7.646869420814255,7.646869420814255
G04_R0577,G04,LOGO,holdout_G04,G04,500,3,0.001,0.85,0.1,0.2,4.0,142.093539,137.07088857865108,-5.022650421348914,5.022650421348914
G04_R0578,G04,LOGO,holdout_G04,G04,500,3,0.001,0.85,0.2,0.2,4.0,210.148251,207.37249516345548,-2.775755836544505,2.775755836544505
G04_R0579,G04,LOGO,holdout_G04,G04,500,3,0.001,0.85,0.3,0.2,4.0,316.99584,318.68648239874807,1.690642398748082,1.690642398748082
G04_R0580,G04,LOGO,holdout_G04,G04,500,3,0.001,0.8,0.1,0.2,4.0,143.07872999999998,137.78083350641143,-5.297896493588553,5.297896493588553
G04_R0581,G04,LOGO,holdout_G04,G04,500,3,0.001,0.8,0.2,0.2,4.0,212.074008,208.89142347075156,-3.1825845292484587,3.1825845292484587
G04_R0582,G04,LOGO,holdout_G04,G04,500,3,0.001,0.8,0.3,0.2,4.0,320.55223,321.51033968410906,0.9581096841090472,0.9581096841090472
G04_R0583,G04,LOGO,holdout_G04,G04,500,3,0.001,0.75,0.1,0.2,4.0,144.123571,138.99558091134216,-5.127990088657839,5.127990088657839
G04_R0584,G04,LOGO,holdout_G04,G04,500,3,0.001,0.75,0.2,0.2,4.0,214.15956,211.3471188944172,-2.8124411055828205,2.8124411055828205
G04_R0585,G04,LOGO,holdout_G04,G04,500,3,0.001,0.75,0.3,0.2,4.0,324.39831000000004,326.4047246666628,2.0064146666627494,2.0064146666627494
G04_R0586,G04,LOGO,holdout_G04,G04,500,3,0.001,0.7,0.1,0.2,4.0,145.24804,139.77196021612838,-5.476079783871626,5.476079783871626
G04_R0587,G04,LOGO,holdout_G04,G04,500,3,0.001,0.7,0.2,0.2,4.0,216.42489,213.05151654441383,-3.3733734555861474,3.3733734555861474
G04_R0588,G04,LOGO,holdout_G04,G04,500,3,0.001,0.7,0.3,0.2,4.0,328.60433,329.5457861916673,0.941456191667271,0.941456191667271
G04_R0589,G04,LOGO,holdout_G04,G04,500,3,0.0001,0.85,0.1,0.2,4.0,172.435759,165.73093637862092,-6.704822621379066,6.704822621379066
G04_R0590,G04,LOGO,holdout_G04,G04,500,3,0.0001,0.85,0.2,0.2,4.0,275.054616,266.0911622057062,-8.963453794293798,8.963453794293798
G04_R0591,G04,LOGO,holdout_G04,G04,500,3,0.0001,0.85,0.3,0.2,4.0,445.443973,435.36843393238166,-10.075539067618363,10.075539067618363
G04_R0592,G04,LOGO,holdout_G04,G04,500,3,0.0001,0.8,0.1,0.2,4.0,173.132981,166.2703269204957,-6.862654079504296,6.862654079504296
G04_R0593,G04,LOGO,holdout_G04,G04,500,3,0.0001,0.8,0.2,0.2,4.0,276.925877,267.49235513697687,-9.433521863023143,9.433521863023143
G04_R0594,G04,LOGO,holdout_G04,G04,500,3,0.0001,0.8,0.3,0.2,4.0,449.325591,438.251274450689,-11.074316549310936,11.074316549310936
G04_R0595,G04,LOGO,holdout_G04,G04,500,3,0.0001,0.75,0.1,0.2,4.0,173.88992000000002,167.1914579008945,-6.698462099105512,6.698462099105512
G04_R0596,G04,LOGO,holdout_G04,G04,500,3,0.0001,0.75,0.2,0.2,4.0,278.997201,270.0494942834898,-8.947706716510197,8.947706716510197
G04_R0597,G04,LOGO,holdout_G04,G04,500,3,0.0001,0.75,0.3,0.2,4.0,453.718543,443.59922545462376,-10.119317545376248,10.119317545376248
G04_R0598,G04,LOGO,holdout_G04,G04,500,3,0.0001,0.7,0.1,0.2,4.0,174.72653000000005,167.8051897358906,-6.92134026410946,6.92134026410946
G04_R0599,G04,LOGO,holdout_G04,G04,500,3,0.0001,0.7,0.2,0.2,4.0,281.378667,271.73891779815773,-9.639749201842278,9.639749201842278
G04_R0600,G04,LOGO,holdout_G04,G04,500,3,0.0001,0.7,0.3,0.2,4.0,458.73303,447.257202388754,-11.47582761124596,11.47582761124596
G04_R0601,G04,LOGO,holdout_G04,G04,500,3,1e-05,0.85,0.1,0.2,4.0,235.95608,228.6840402606344,-7.272039739365624,7.272039739365624
G04_R0602,G04,LOGO,holdout_G04,G04,500,3,1e-05,0.85,0.2,0.2,4.0,467.88168,456.8700006147442,-11.011679385255832,11.011679385255832
G04_R0603,G04,LOGO,holdout_G04,G04,500,3,1e-05,0.85,0.3,0.2,4.0,843.14757,825.6062832119788,-17.541286788021125,17.541286788021125
G04_R0604,G04,LOGO,holdout_G04,G04,500,3,1e-05,0.8,0.1,0.2,4.0,237.36491,229.8072968046364,-7.557613195363615,7.557613195363615
G04_R0605,G04,LOGO,holdout_G04,G04,500,3,1e-05,0.8,0.2,0.2,4.0,472.30065,460.2875531647411,-12.01309683525892,12.01309683525892
G04_R0606,G04,LOGO,holdout_G04,G04,500,3,1e-05,0.8,0.3,0.2,4.0,852.3584,832.6384853572927,-19.71991464270729,19.71991464270729
G04_R0607,G04,LOGO,holdout_G04,G04,500,3,1e-05,0.75,0.1,0.2,4.0,238.85364,231.6706295723799,-7.183010427620104,7.183010427620104
G04_R0608,G04,LOGO,holdout_G04,G04,500,3,1e-05,0.75,0.2,0.2,4.0,477.34957,466.4150716409481,-10.93449835905193,10.93449835905193
G04_R0609,G04,LOGO,holdout_G04,G04,500,3,1e-05,0.75,0.3,0.2,4.0,862.93957,845.5751683003601,-17.36440169963987,17.36440169963987
G04_R0610,G04,LOGO,holdout_G04,G04,500,3,1e-05,0.7,0.1,0.2,4.0,240.56224,232.9479700304157,-7.614269969584342,7.614269969584342
G04_R0611,G04,LOGO,holdout_G04,G04,500,3,1e-05,0.7,0.2,0.2,4.0,483.16846,470.65670820533074,-12.511751794669236,12.511751794669236
G04_R0612,G04,LOGO,holdout_G04,G04,500,3,1e-05,0.7,0.3,0.2,4.0,875.22118,854.6240650798057,-20.597114920194254,20.597114920194254
G04_R0613,G04,LOGO,holdout_G04,G04,500,3,1e-06,0.85,0.1,0.2,4.0,624.00442,620.8814536139557,-3.1229663860442543,3.1229663860442543
G04_R0614,G04,LOGO,holdout_G04,G04,500,3,1e-06,0.85,0.2,0.2,4.0,1873.1415,1863.2733115052524,-9.868188494747528,9.868188494747528
G04_R0615,G04,LOGO,holdout_G04,G04,500,3,1e-06,0.85,0.3,0.2,4.0,3906.07116,3889.781292173064,-16.289867826935733,16.289867826935733
G04_R0616,G04,LOGO,holdout_G04,G04,500,3,1e-06,0.8,0.1,0.2,4.0,628.50396,624.3471518472737,-4.156808152726285,4.156808152726285
G04_R0617,G04,LOGO,holdout_G04,G04,500,3,1e-06,0.8,0.2,0.2,4.0,1887.64093,1874.432321405216,-13.208608594783982,13.208608594783982
G04_R0618,G04,LOGO,holdout_G04,G04,500,3,1e-06,0.8,0.3,0.2,4.0,3935.17053,3912.443541469266,-22.726988530733703,22.726988530733703
G04_R0619,G04,LOGO,holdout_G04,G04,500,3,1e-06,0.75,0.1,0.2,4.0,633.4534699999999,630.6498449779106,-2.8036250220893635,2.8036250220893635
G04_R0620,G04,LOGO,holdout_G04,G04,500,3,1e-06,0.75,0.2,0.2,4.0,1903.64032,1893.6017595396893,-10.038560460310691,10.038560460310691
G04_R0621,G04,LOGO,holdout_G04,G04,500,3,1e-06,0.75,0.3,0.2,4.0,3967.96985,3951.7968208591074,-16.173029140892595,16.173029140892595
G04_R0622,G04,LOGO,holdout_G04,G04,500,3,1e-06,0.7,0.1,0.2,4.0,638.90295,634.8899603098612,-4.012989690138852,4.012989690138852
G04_R0623,G04,LOGO,holdout_G04,G04,500,3,1e-06,0.7,0.2,0.2,4.0,1922.13965,1907.7763790015647,-14.363270998434928,14.363270998434928
G04_R0624,G04,LOGO,holdout_G04,G04,500,3,1e-06,0.7,0.3,0.2,4.0,4006.36913,3981.417354174833,-24.95177582516726,24.95177582516726
G04_R0625,G04,LOGO,holdout_G04,G04,500,6,0.001,0.85,0.1,0.2,4.0,142.093539,137.07287324711834,-5.020665752881655,5.020665752881655
G04_R0626,G04,LOGO,holdout_G04,G04,500,6,0.001,0.85,0.2,0.2,4.0,210.148251,207.37920385845555,-2.769047141544433,2.769047141544433
G04_R0627,G04,LOGO,holdout_G04,G04,500,6,0.001,0.85,0.3,0.2,4.0,316.99584,318.6818698331232,1.6860298331232002,1.6860298331232002
G04_R0628,G04,LOGO,holdout_G04,G04,500,6,0.001,0.8,0.1,0.2,4.0,143.07872999999998,137.78281817487866,-5.295911825121323,5.295911825121323
G04_R0629,G04,LOGO,holdout_G04,G04,500,6,0.001,0.8,0.2,0.2,4.0,212.074008,208.90203922616828,-3.171968773831708,3.171968773831708
G04_R0630,G04,LOGO,holdout_G04,G04,500,6,0.001,0.8,0.3,0.2,4.0,320.55223,321.50572711848406,0.9534971184840516,0.9534971184840516
G04_R0631,G04,LOGO,holdout_G04,G04,500,6,0.001,0.75,0.1,0.2,4.0,144.123571,138.99406838730053,-5.1295026126994685,5.1295026126994685
G04_R0632,G04,LOGO,holdout_G04,G04,500,6,0.001,0.75,0.2,0.2,4.0,214.15956,211.3603109690005,-2.799249030999505,2.799249030999505
G04_R0633,G04,LOGO,holdout_G04,G04,500,6,0.001,0.75,0.3,0.2,4.0,324.39831000000004,326.4211134191628,2.022803419162756,2.022803419162756
G04_R0634,G04,LOGO,holdout_G04,G04,500,6,0.001,0.7,0.1,0.2,4.0,145.24804,139.7704476920867,-5.477592307913312,5.477592307913312
G04_R0635,G04,LOGO,holdout_G04,G04,500,6,0.001,0.7,0.2,0.2,4.0,216.42489,213.0647086189972,-3.360181381002832,3.360181381002832
G04_R0636,G04,LOGO,holdout_G04,G04,500,6,0.001,0.7,0.3,0.2,4.0,328.60433,329.5596890941673,0.9553590941673064,0.9553590941673064
G04_R0637,G04,LOGO,holdout_G04,G04,500,6,0.0001,0.85,0.1,0.2,4.0,172.435759,165.7292503041209,-6.70650869587908,6.70650869587908
G04_R0638,G04,LOGO,holdout_G04,G04,500,6,0.0001,0.85,0.2,0.2,4.0,275.054616,266.0876210731883,-8.966994926811708,8.966994926811708
G04_R0639,G04,LOGO,holdout_G04,G04,500,6,0.0001,0.85,0.3,0.2,4.0,445.443973,435.3779929952983,-10.065980004701771,10.065980004701771
G04_R0640,G04,LOGO,holdout_G04,G04,500,6,0.0001,0.8,0.1,0.2,4.0,173.132981,166.26864084599566,-6.8643401540043385,6.8643401540043385
G04_R0641,G04,LOGO,holdout_G04,G04,500,6,0.0001,0.8,0.2,0.2,4.0,276.925877,267.4873648933965,-9.438512106603524,9.438512106603524
G04_R0642,G04,LOGO,holdout_G04,G04,500,6,0.0001,0.8,0.3,0.2,4.0,449.325591,438.2608335136057,-11.064757486394283,11.064757486394283
G04_R0643,G04,LOGO,holdout_G04,G04,500,6,0.0001,0.75,0.1,0.2,4.0,173.88992000000002,167.1914579008945,-6.698462099105512,6.698462099105512
G04_R0644,G04,LOGO,holdout_G04,G04,500,6,0.0001,0.75,0.2,0.2,4.0,278.997201,270.04910366426697,-8.948097335733053,8.948097335733053
G04_R0645,G04,LOGO,holdout_G04,G04,500,6,0.0001,0.75,0.3,0.2,4.0,453.718543,443.610699339326,-10.107843660674064,10.107843660674064
G04_R0646,G04,LOGO,holdout_G04,G04,500,6,0.0001,0.7,0.1,0.2,4.0,174.72653000000005,167.80518973589056,-6.921340264109489,6.921340264109489
G04_R0647,G04,LOGO,holdout_G04,G04,500,6,0.0001,0.7,0.2,0.2,4.0,281.378667,271.7385271789349,-9.640139821065134,9.640139821065134
G04_R0648,G04,LOGO,holdout_G04,G04,500,6,0.0001,0.7,0.3,0.2,4.0,458.73303,447.2686762734563,-11.464353726543663,11.464353726543663
G04_R0649,G04,LOGO,holdout_G04,G04,500,6,1e-05,0.85,0.1,0.2,4.0,235.95608,228.6860900181344,-7.269989981865592,7.269989981865592
G04_R0650,G04,LOGO,holdout_G04,G04,500,6,1e-05,0.85,0.2,0.2,4.0,467.88168,456.8802506626905,-11.001429337309505,11.001429337309505
G04_R0651,G04,LOGO,holdout_G04,G04,500,6,1e-05,0.85,0.3,0.2,4.0,843.14757,825.6707850248958,-17.476784975104124,17.476784975104124
G04_R0652,G04,LOGO,holdout_G04,G04,500,6,1e-05,0.8,0.1,0.2,4.0,237.36491,229.80934656213643,-7.555563437863583,7.555563437863583
G04_R0653,G04,LOGO,holdout_G04,G04,500,6,1e-05,0.8,0.2,0.2,4.0,472.30065,460.30332748768734,-11.997322512312678,11.997322512312678
G04_R0654,G04,LOGO,holdout_G04,G04,500,6,1e-05,0.8,0.3,0.2,4.0,852.3584,832.70298717021,-19.655412829789952,19.655412829789952
G04_R0655,G04,LOGO,holdout_G04,G04,500,6,1e-05,0.75,0.1,0.2,4.0,238.85364,231.67116162237997,-7.182478377620072,7.182478377620072
G04_R0656,G04,LOGO,holdout_G04,G04,500,6,1e-05,0.75,0.2,0.2,4.0,477.34957,466.4172420513944,-10.932327948605632,10.932327948605632
G04_R0657,G04,LOGO,holdout_G04,G04,500,6,1e-05,0.75,0.3,0.2,4.0,862.93957,845.6197134805983,-17.319856519401696,17.319856519401696
G04_R0658,G04,LOGO,holdout_G04,G04,500,6,1e-05,0.7,0.1,0.2,4.0,240.56224,232.9485020804157,-7.613737919584338,7.613737919584338
G04_R0659,G04,LOGO,holdout_G04,G04,500,6,1e-05,0.7,0.2,0.2,4.0,483.16846,470.6613377251521,-12.50712227484786,12.50712227484786
G04_R0660,G04,LOGO,holdout_G04,G04,500,6,1e-05,0.7,0.3,0.2,4.0,875.22118,854.6669918356689,-20.55418816433109,20.55418816433109
G04_R0661,G04,LOGO,holdout_G04,G04,500,6,1e-06,0.85,0.1,0.2,4.0,624.00442,620.8591740889558,-3.145245911044185,3.145245911044185
G04_R0662,G04,LOGO,holdout_G04,G04,500,6,1e-06,0.85,0.2,0.2,4.0,1873.1415,1863.26319724046,-9.87830275954002,9.87830275954002
G04_R0663,G04,LOGO,holdout_G04,G04,500,6,1e-06,0.85,0.3,0.2,4.0,3906.07116,3889.784175487469,-16.28698451253058,16.28698451253058
G04_R0664,G04,LOGO,holdout_G04,G04,500,6,1e-06,0.8,0.1,0.2,4.0,628.50396,624.3248723222738,-4.179087677726216,4.179087677726216
G04_R0665,G04,LOGO,holdout_G04,G04,500,6,1e-06,0.8,0.2,0.2,4.0,1887.64093,1874.4222071404236,-13.2187228595767,13.2187228595767
G04_R0666,G04,LOGO,holdout_G04,G04,500,6,1e-06,0.8,0.3,0.2,4.0,3935.17053,3912.446424783671,-22.724105216329008,22.724105216329008
G04_R0667,G04,LOGO,holdout_G04,G04,500,6,1e-06,0.75,0.1,0.2,4.0,633.4534699999999,630.623480335827,-2.829989664172899,2.829989664172899
G04_R0668,G04,LOGO,holdout_G04,G04,500,6,1e-06,0.75,0.2,0.2,4.0,1903.64032,1893.5749103246897,-10.06540967531032,10.06540967531032
G04_R0669,G04,LOGO,holdout_G04,G04,500,6,1e-06,0.75,0.3,0.2,4.0,3967.96985,3951.7062346609823,-16.263615339017633,16.263615339017633
G04_R0670,G04,LOGO,holdout_G04,G04,500,6,1e-06,0.7,0.1,0.2,4.0,638.90295,634.8635956677776,-4.039354332222388,4.039354332222388
G04_R0671,G04,LOGO,holdout_G04,G04,500,6,1e-06,0.7,0.2,0.2,4.0,1922.13965,1907.7539046540664,-14.385745345933628,14.385745345933628
G04_R0672,G04,LOGO,holdout_G04,G04,500,6,1e-06,0.7,0.3,0.2,4.0,4006.36913,3981.335967844208,-25.03316215579207,25.03316215579207
G04_R0673,G04,LOGO,holdout_G04,G04,500,20,0.001,0.85,0.1,0.2,4.0,142.09354100000002,137.07183280907967,-5.02170819092035,5.02170819092035
G04_R0674,G04,LOGO,holdout_G04,G04,500,20,0.001,0.85,0.2,0.2,4.0,210.148251,207.37522234510732,-2.773028654892641,2.773028654892641
G04_R0675,G04,LOGO,holdout_G04,G04,500,20,0.001,0.85,0.3,0.2,4.0,316.99584,318.6819082434356,1.6860682434356136,1.6860682434356136
G04_R0676,G04,LOGO,holdout_G04,G04,500,20,0.001,0.8,0.1,0.2,4.0,143.07873199999997,137.7820315116466,-5.296700488353366,5.296700488353366
G04_R0677,G04,LOGO,holdout_G04,G04,500,20,0.001,0.8,0.2,0.2,4.0,212.074008,208.89539961282009,-3.1786083871799065,3.1786083871799065
G04_R0678,G04,LOGO,holdout_G04,G04,500,20,0.001,0.8,0.3,0.2,4.0,320.55223,321.50576552879653,0.9535355287965216,0.9535355287965216
G04_R0679,G04,LOGO,holdout_G04,G04,500,20,0.001,0.75,0.1,0.2,4.0,144.123574,138.9888572111827,-5.134716788817286,5.134716788817286
G04_R0680,G04,LOGO,holdout_G04,G04,500,20,0.001,0.75,0.2,0.2,4.0,214.15956,211.36034739500244,-2.799212604997564,2.799212604997564
G04_R0681,G04,LOGO,holdout_G04,G04,500,20,0.001,0.75,0.3,0.2,4.0,324.39831000000004,326.41644078951987,2.01813078951983,2.01813078951983
G04_R0682,G04,LOGO,holdout_G04,G04,500,20,0.001,0.7,0.1,0.2,4.0,145.248043,139.76460190703105,-5.483441092968945,5.483441092968945
G04_R0683,G04,LOGO,holdout_G04,G04,500,20,0.001,0.7,0.2,0.2,4.0,216.42489,213.06474504499909,-3.3601449550009197,3.3601449550009197
G04_R0684,G04,LOGO,holdout_G04,G04,500,20,0.001,0.7,0.3,0.2,4.0,328.60433,329.5550164645244,0.9506864645243808,0.9506864645243808
G04_R0685,G04,LOGO,holdout_G04,G04,500,20,0.0001,0.85,0.1,0.2,4.0,172.435759,165.72597990099592,-6.709779099004066,6.709779099004066
G04_R0686,G04,LOGO,holdout_G04,G04,500,20,0.0001,0.85,0.2,0.2,4.0,275.054616,266.08140982495325,-8.973206175046755,8.973206175046755
G04_R0687,G04,LOGO,holdout_G04,G04,500,20,0.0001,0.85,0.3,0.2,4.0,445.443973,435.4053685716962,-10.038604428303811,10.038604428303811
G04_R0688,G04,LOGO,holdout_G04,G04,500,20,0.0001,0.8,0.1,0.2,4.0,173.132981,166.26589368037068,-6.86708731962932,6.86708731962932
G04_R0689,G04,LOGO,holdout_G04,G04,500,20,0.0001,0.8,0.2,0.2,4.0,276.925877,267.48362027691144,-9.442256723088576,9.442256723088576
G04_R0690,G04,LOGO,holdout_G04,G04,500,20,0.0001,0.8,0.3,0.2,4.0,449.325591,438.28192075021207,-11.043670249787908,11.043670249787908
G04_R0691,G04,LOGO,holdout_G04,G04,500,20,0.0001,0.75,0.1,0.2,4.0,173.88992000000002,167.18545312768023,-6.704466872319784,6.704466872319784
G04_R0692,G04,LOGO,holdout_G04,G04,500,20,0.0001,0.75,0.2,0.2,4.0,279.027203,270.06656214740553,-8.960640852594452,8.960640852594452
G04_R0693,G04,LOGO,holdout_G04,G04,500,20,0.0001,0.75,0.3,0.2,4.0,453.718543,443.6041494888799,-10.114393511120111,10.114393511120111
G04_R0694,G04,LOGO,holdout_G04,G04,500,20,0.0001,0.7,0.1,0.2,4.0,174.72653000000005,167.79918496267635,-6.927345037323704,6.927345037323704
G04_R0695,G04,LOGO,holdout_G04,G04,500,20,0.0001,0.7,0.2,0.2,4.0,281.408662,271.75518364813666,-9.653478351863328,9.653478351863328
G04_R0696,G04,LOGO,holdout_G04,G04,500,20,0.0001,0.7,0.3,0.2,4.0,458.73303,447.2575095289934,-11.475520471006575,11.475520471006575
G04_R0697,G04,LOGO,holdout_G04,G04,500,20,1e-05,0.85,0.1,0.2,4.0,235.95608,228.6806547090875,-7.275425290912494,7.275425290912494
G04_R0698,G04,LOGO,holdout_G04,G04,500,20,1e-05,0.85,0.2,0.2,4.0,467.97168,456.8859880216192,-11.08569197838085,11.08569197838085
G04_R0699,G04,LOGO,holdout_G04,G04,500,20,1e-05,0.85,0.3,0.2,4.0,843.24757,825.6828184566532,-17.5647515433468,17.5647515433468
G04_R0700,G04,LOGO,holdout_G04,G04,500,20,1e-05,0.8,0.1,0.2,4.0,237.36491,229.810790327494,-7.554119672506005,7.554119672506005
G04_R0701,G04,LOGO,holdout_G04,G04,500,20,1e-05,0.8,0.2,0.2,4.0,472.3906500000001,460.306965084116,-12.083684915884078,12.083684915884078
G04_R0702,G04,LOGO,holdout_G04,G04,500,20,1e-05,0.8,0.3,0.2,4.0,852.4584100000001,832.7130708097945,-19.745339190205527,19.745339190205527
G04_R0703,G04,LOGO,holdout_G04,G04,500,20,1e-05,0.75,0.1,0.2,4.0,238.85364,231.6797437808336,-7.173896219166409,7.173896219166409
G04_R0704,G04,LOGO,holdout_G04,G04,500,20,1e-05,0.75,0.2,0.2,4.0,477.43957,466.4190803382696,-11.020489661730435,11.020489661730435
G04_R0705,G04,LOGO,holdout_G04,G04,500,20,1e-05,0.75,0.3,0.2,4.0,863.03958,845.5733805484525,-17.46619945154748,17.46619945154748
G04_R0706,G04,LOGO,holdout_G04,G04,500,20,1e-05,0.7,0.1,0.2,4.0,240.56224,232.95633257220197,-7.605907427798058,7.605907427798058
G04_R0707,G04,LOGO,holdout_G04,G04,500,20,1e-05,0.7,0.2,0.2,4.0,483.26846,470.6676421401522,-12.60081785984778,12.60081785984778
G04_R0708,G04,LOGO,holdout_G04,G04,500,20,1e-05,0.7,0.3,0.2,4.0,875.33119,854.5988895107856,-20.732300489214367,20.732300489214367
G04_R0709,G04,LOGO,holdout_G04,G04,500,20,1e-06,0.85,0.1,0.2,4.0,624.00442,620.8643023306224,-3.14011766937756,3.14011766937756
G04_R0710,G04,LOGO,holdout_G04,G04,500,20,1e-06,0.85,0.2,0.2,4.0,1873.1415,1863.338610007513,-9.802889992486826,9.802889992486826
G04_R0711,G04,LOGO,holdout_G04,G04,500,20,1e-06,0.85,0.3,0.2,4.0,3906.07116,3889.773225418086,-16.297934581913978,16.297934581913978
G04_R0712,G04,LOGO,holdout_G04,G04,500,20,1e-06,0.8,0.1,0.2,4.0,628.50396,624.3204575639404,-4.183502436059598,4.183502436059598
G04_R0713,G04,LOGO,holdout_G04,G04,500,20,1e-06,0.8,0.2,0.2,4.0,1887.64093,1874.472120669977,-13.16880933002335,13.16880933002335
G04_R0714,G04,LOGO,holdout_G04,G04,500,20,1e-06,0.8,0.3,0.2,4.0,3935.17053,3912.408058358458,-22.76247164154165,22.76247164154165
G04_R0715,G04,LOGO,holdout_G04,G04,500,20,1e-06,0.75,0.1,0.2,4.0,633.4534699999999,630.5854251064717,-2.868044893528236,2.868044893528236
G04_R0716,G04,LOGO,holdout_G04,G04,500,20,1e-06,0.75,0.2,0.2,4.0,1903.64032,1893.6228505792733,-10.017469420726684,10.017469420726684
G04_R0717,G04,LOGO,holdout_G04,G04,500,20,1e-06,0.75,0.3,0.2,4.0,3967.96985,3951.875743760388,-16.094106239611847,16.094106239611847
G04_R0718,G04,LOGO,holdout_G04,G04,500,20,1e-06,0.7,0.1,0.2,4.0,638.90295,634.8170577717557,-4.085892228244347,4.085892228244347
G04_R0719,G04,LOGO,holdout_G04,G04,500,20,1e-06,0.7,0.2,0.2,4.0,1922.13965,1907.7795539315664,-14.360096068433675,14.360096068433675
G04_R0720,G04,LOGO,holdout_G04,G04,500,20,1e-06,0.7,0.3,0.2,4.0,4006.36914,3981.508142228826,-24.86099777117397,24.86099777117397
G04_R0721,G04,LOGO,holdout_G04,G04,500,50,0.001,0.85,0.1,0.2,4.0,142.093542,137.06542483737132,-5.028117162628689,5.028117162628689
G04_R0722,G04,LOGO,holdout_G04,G04,500,50,0.001,0.85,0.2,0.2,4.0,210.148256,207.3680344576073,-2.7802215423926957,2.7802215423926957
G04_R0723,G04,LOGO,holdout_G04,G04,500,50,0.001,0.85,0.3,0.2,4.0,316.99584,318.67092289406054,1.6750828940605516,1.6750828940605516
G04_R0724,G04,LOGO,holdout_G04,G04,500,50,0.001,0.8,0.1,0.2,4.0,143.078733,137.77562353993827,-5.303109460061734,5.303109460061734
G04_R0725,G04,LOGO,holdout_G04,G04,500,50,0.001,0.8,0.2,0.2,4.0,212.084017,208.88959068782003,-3.1944263121799565,3.1944263121799565
G04_R0726,G04,LOGO,holdout_G04,G04,500,50,0.001,0.8,0.3,0.2,4.0,320.55223,321.49478017942164,0.9425501794216302,0.9425501794216302
G04_R0727,G04,LOGO,holdout_G04,G04,500,50,0.001,0.75,0.1,0.2,4.0,144.13357499999998,138.98571827743265,-5.147856722567326,5.147856722567326
G04_R0728,G04,LOGO,holdout_G04,G04,500,50,0.001,0.75,0.2,0.2,4.0,214.16957,211.36514749780005,-2.804422502199941,2.804422502199941
G04_R0729,G04,LOGO,holdout_G04,G04,500,50,0.001,0.75,0.3,0.2,4.0,324.39831000000004,326.44202618202,2.043716182019921,2.043716182019921
G04_R0730,G04,LOGO,holdout_G04,G04,500,50,0.001,0.7,0.1,0.2,4.0,145.248044,139.76134476578105,-5.486699234218946,5.486699234218946
G04_R0731,G04,LOGO,holdout_G04,G04,500,50,0.001,0.7,0.2,0.2,4.0,216.42489,213.0695451477967,-3.3553448522033023,3.3553448522033023
G04_R0732,G04,LOGO,holdout_G04,G04,500,50,0.001,0.7,0.3,0.2,4.0,328.60433,329.5806018570245,0.9762718570244716,0.9762718570244716
G04_R0733,G04,LOGO,holdout_G04,G04,500,50,0.0001,0.85,0.1,0.2,4.0,172.435759,165.72560198774593,-6.710157012254058,6.710157012254058
G04_R0734,G04,LOGO,holdout_G04,G04,500,50,0.0001,0.85,0.2,0.2,4.0,275.064617,266.0844116938283,-8.980205306171683,8.980205306171683
G04_R0735,G04,LOGO,holdout_G04,G04,500,50,0.0001,0.85,0.3,0.2,4.0,445.443973,435.3885356144047,-10.055437385595326,10.055437385595326
G04_R0736,G04,LOGO,holdout_G04,G04,500,50,0.0001,0.8,0.1,0.2,4.0,173.132981,166.26551576712072,-6.867465232879283,6.867465232879283
G04_R0737,G04,LOGO,holdout_G04,G04,500,50,0.0001,0.8,0.2,0.2,4.0,276.935878,267.48662214578644,-9.44925585421356,9.44925585421356
G04_R0738,G04,LOGO,holdout_G04,G04,500,50,0.0001,0.8,0.3,0.2,4.0,449.325591,438.26508779292055,-11.06050320707942,11.06050320707942
G04_R0739,G04,LOGO,holdout_G04,G04,500,50,0.0001,0.75,0.1,0.2,4.0,173.88992000000002,167.18402294518026,-6.705897054819758,6.705897054819758
G04_R0740,G04,LOGO,holdout_G04,G04,500,50,0.0001,0.75,0.2,0.2,4.0,279.027203,270.0754729433999,-8.95173005660007,8.95173005660007
G04_R0741,G04,LOGO,holdout_G04,G04,500,50,0.0001,0.75,0.3,0.2,4.0,453.718543,443.61791181138,-10.10063118862007,10.10063118862007
G04_R0742,G04,LOGO,holdout_G04,G04,500,50,0.0001,0.7,0.1,0.2,4.0,174.73653000000002,167.79775478017638,-6.93877521982364,6.93877521982364
G04_R0743,G04,LOGO,holdout_G04,G04,500,50,0.0001,0.7,0.2,0.2,4.0,281.408662,271.764094444131,-9.644567555869004,9.644567555869004
G04_R0744,G04,LOGO,holdout_G04,G04,500,50,0.0001,0.7,0.3,0.2,4.0,458.73303,447.28137703066005,-11.451652969339932,11.451652969339932
G04_R0745,G04,LOGO,holdout_G04,G04,500,50,1e-05,0.85,0.1,0.2,4.0,235.99608,228.6856136090876,-7.31046639091241,7.31046639091241
G04_R0746,G04,LOGO,holdout_G04,G04,500,50,1e-05,0.85,0.2,0.2,4.0,467.98168,456.8574455459944,-11.124234454005546,11.124234454005546
G04_R0747,G04,LOGO,holdout_G04,G04,500,50,1e-05,0.85,0.3,0.2,4.0,843.14757,825.7534701178139,-17.394099882186083,17.394099882186083
G04_R0748,G04,LOGO,holdout_G04,G04,500,50,1e-05,0.8,0.1,0.2,4.0,237.40491,229.8148436337441,-7.59006636625594,7.59006636625594
G04_R0749,G04,LOGO,holdout_G04,G04,500,50,1e-05,0.8,0.2,0.2,4.0,472.40065,460.2784226084912,-12.122227391508773,12.122227391508773
G04_R0750,G04,LOGO,holdout_G04,G04,500,50,1e-05,0.8,0.3,0.2,4.0,852.3584,832.7866235084552,-19.57177649154471,19.57177649154471
G04_R0751,G04,LOGO,holdout_G04,G04,500,50,1e-05,0.75,0.1,0.2,4.0,238.89364,231.67726294625027,-7.216377053749738,7.216377053749738
G04_R0752,G04,LOGO,holdout_G04,G04,500,50,1e-05,0.75,0.2,0.2,4.0,477.4495700000001,466.4050320501447,-11.044537949855451,11.044537949855451
G04_R0753,G04,LOGO,holdout_G04,G04,500,50,1e-05,0.75,0.3,0.2,4.0,862.93957,845.6240201491663,-17.31554985083369,17.31554985083369
G04_R0754,G04,LOGO,holdout_G04,G04,500,50,1e-05,0.7,0.1,0.2,4.0,240.60224,232.9538517376186,-7.648388262381388,7.648388262381388
G04_R0755,G04,LOGO,holdout_G04,G04,500,50,1e-05,0.7,0.2,0.2,4.0,483.28846,470.65816827452727,-12.630291725472716,12.630291725472716
G04_R0756,G04,LOGO,holdout_G04,G04,500,50,1e-05,0.7,0.3,0.2,4.0,875.22118,854.6495291114994,-20.571650888500585,20.571650888500585
G04_R0757,G04,LOGO,holdout_G04,G04,500,50,1e-06,0.85,0.1,0.2,4.0,624.00442,620.8695331756225,-3.1348868243775314,3.1348868243775314
G04_R0758,G04,LOGO,holdout_G04,G04,500,50,1e-06,0.85,0.2,0.2,4.0,1873.1415,1863.389931248972,-9.751568751028117,9.751568751028117
G04_R0759,G04,LOGO,holdout_G04,G04,500,50,1e-06,0.85,0.3,0.2,4.0,3906.07116,3889.81566871496,-16.25549128504008,16.25549128504008
G04_R0760,G04,LOGO,holdout_G04,G04,500,50,1e-06,0.8,0.1,0.2,4.0,628.50396,624.3256884089404,-4.17827159105957,4.17827159105957
G04_R0761,G04,LOGO,holdout_G04,G04,500,50,1e-06,0.8,0.2,0.2,4.0,1887.64093,1874.523441911436,-13.117488088564414,13.117488088564414
G04_R0762,G04,LOGO,holdout_G04,G04,500,50,1e-06,0.8,0.3,0.2,4.0,3935.17053,3912.368122392832,-22.802407607167424,22.802407607167424
G04_R0763,G04,LOGO,holdout_G04,G04,500,50,1e-06,0.75,0.1,0.2,4.0,633.4534699999999,630.5776090400136,-2.875860959986312,2.875860959986312
G04_R0764,G04,LOGO,holdout_G04,G04,500,50,1e-06,0.75,0.2,0.2,4.0,1903.64032,1893.6859363005224,-9.954383699477376,9.954383699477376
G04_R0765,G04,LOGO,holdout_G04,G04,500,50,1e-06,0.75,0.3,0.2,4.0,3967.96985,3951.970146182532,-15.999703817468344,15.999703817468344
G04_R0766,G04,LOGO,holdout_G04,G04,500,50,1e-06,0.7,0.1,0.2,4.0,638.90295,634.8092417052975,-4.093708294702537,4.093708294702537
G04_R0767,G04,LOGO,holdout_G04,G04,500,50,1e-06,0.7,0.2,0.2,4.0,1922.23965,1907.8617015465657,-14.377948453434328,14.377948453434328
G04_R0768,G04,LOGO,holdout_G04,G04,500,50,1e-06,0.7,0.3,0.2,4.0,4006.36913,3981.6103882478433,-24.75874175215677,24.75874175215677
G05_R0001,G05,LOGO,holdout_G05,G05,25,3,0.001,0.85,0.1,0.2,5.0,4.0443446000000005,4.096751547380607,0.0524069473806063,0.0524069473806063
G05_R0002,G05,LOGO,holdout_G05,G05,25,3,0.001,0.85,0.2,0.2,5.0,5.8074904,5.883603865969392,0.0761134659693922,0.0761134659693922
G05_R0003,G05,LOGO,holdout_G05,G05,25,3,0.001,0.85,0.3,0.2,5.0,8.5446186,8.656238735174897,0.1116201351748973,0.1116201351748973
G05_R0004,G05,LOGO,holdout_G05,G05,25,3,0.001,0.8,0.1,0.2,5.0,4.0588316,4.108161596797284,0.0493299967972831,0.0493299967972831
G05_R0005,G05,LOGO,holdout_G05,G05,25,3,0.001,0.8,0.2,0.2,5.0,5.8359987,5.905863708727724,0.0698650087277235,0.0698650087277235
G05_R0006,G05,LOGO,holdout_G05,G05,25,3,0.001,0.8,0.3,0.2,5.0,8.5929713,8.693357494909975,0.1003861949099746,0.1003861949099746
G05_R0007,G05,LOGO,holdout_G05,G05,25,3,0.001,0.75,0.1,0.2,5.0,4.074093700000001,4.127086323240889,0.0529926232408888,0.0529926232408888
G05_R0008,G05,LOGO,holdout_G05,G05,25,3,0.001,0.75,0.2,0.2,5.0,5.8661698,5.943047683714306,0.0768778837143058,0.0768778837143058
G05_R0009,G05,LOGO,holdout_G05,G05,25,3,0.001,0.75,0.3,0.2,5.0,8.644580000000001,8.758016287235918,0.1134362872359169,0.1134362872359169
G05_R0010,G05,LOGO,holdout_G05,G05,25,3,0.001,0.7,0.1,0.2,5.0,4.090127600000001,4.138868480040961,0.0487408800409605,0.0487408800409605
G05_R0011,G05,LOGO,holdout_G05,G05,25,3,0.001,0.7,0.2,0.2,5.0,5.898198600000001,5.967261873485032,0.0690632734850309,0.0690632734850309
G05_R0012,G05,LOGO,holdout_G05,G05,25,3,0.001,0.7,0.3,0.2,5.0,8.7000387,8.79978517098595,0.0997464709859503,0.0997464709859503
G05_R0013,G05,LOGO,holdout_G05,G05,25,3,0.0001,0.85,0.1,0.2,5.0,5.1193003,5.184257980046692,0.0649576800466924,0.0649576800466924
G05_R0014,G05,LOGO,holdout_G05,G05,25,3,0.0001,0.85,0.2,0.2,5.0,7.9445768,8.039730250415413,0.0951534504154132,0.0951534504154132
G05_R0015,G05,LOGO,holdout_G05,G05,25,3,0.0001,0.85,0.3,0.2,5.0,12.718583,12.862198779952427,0.1436157799524267,0.1436157799524267
G05_R0016,G05,LOGO,holdout_G05,G05,25,3,0.0001,0.8,0.1,0.2,5.0,5.1306759,5.192991739221618,0.0623158392216183,0.0623158392216183
G05_R0017,G05,LOGO,holdout_G05,G05,25,3,0.0001,0.8,0.2,0.2,5.0,7.9655032,8.05621759887806,0.0907143988780605,0.0907143988780605
G05_R0018,G05,LOGO,holdout_G05,G05,25,3,0.0001,0.8,0.3,0.2,5.0,12.756239,12.891866741896717,0.135627741896716,0.135627741896716
G05_R0019,G05,LOGO,holdout_G05,G05,25,3,0.0001,0.75,0.1,0.2,5.0,5.1426282,5.207680165130331,0.0650519651303307,0.0650519651303307
G05_R0020,G05,LOGO,holdout_G05,G05,25,3,0.0001,0.75,0.2,0.2,5.0,7.987801,8.08347183914305,0.0956708391430494,0.0956708391430494
G05_R0021,G05,LOGO,holdout_G05,G05,25,3,0.0001,0.75,0.3,0.2,5.0,12.795859,12.94137127701584,0.1455122770158396,0.1455122770158396
G05_R0022,G05,LOGO,holdout_G05,G05,25,3,0.0001,0.7,0.1,0.2,5.0,5.1553533,5.217236514421964,0.0618832144219636,0.0618832144219636
G05_R0023,G05,LOGO,holdout_G05,G05,25,3,0.0001,0.7,0.2,0.2,5.0,8.0118652,8.101552739603905,0.0896875396039043,0.0896875396039043
G05_R0024,G05,LOGO,holdout_G05,G05,25,3,0.0001,0.7,0.3,0.2,5.0,12.839437,12.97414560594446,0.1347086059444606,0.1347086059444606
G05_R0025,G05,LOGO,holdout_G05,G05,25,3,1e-05,0.85,0.1,0.2,5.0,7.4788084,7.53686810861709,0.0580597086170904,0.0580597086170904
G05_R0026,G05,LOGO,holdout_G05,G05,25,3,1e-05,0.85,0.2,0.2,5.0,15.457142,15.562059498365011,0.1049174983650136,0.1049174983650136
G05_R0027,G05,LOGO,holdout_G05,G05,25,3,1e-05,0.85,0.3,0.2,5.0,28.642579,28.801194834541374,0.1586158345413721,0.1586158345413721
G05_R0028,G05,LOGO,holdout_G05,G05,25,3,1e-05,0.8,0.1,0.2,5.0,7.490623,7.545919114033665,0.0552961140336645,0.0552961140336645
G05_R0029,G05,LOGO,holdout_G05,G05,25,3,1e-05,0.8,0.2,0.2,5.0,15.485027,15.583197304927351,0.0981703049273523,0.0981703049273523
G05_R0030,G05,LOGO,holdout_G05,G05,25,3,1e-05,0.8,0.3,0.2,5.0,28.692427,28.838710412208528,0.146283412208529,0.146283412208529
G05_R0031,G05,LOGO,holdout_G05,G05,25,3,1e-05,0.75,0.1,0.2,5.0,7.50363,7.562330485144774,0.0587004851447741,0.0587004851447741
G05_R0032,G05,LOGO,holdout_G05,G05,25,3,1e-05,0.75,0.2,0.2,5.0,15.514902,15.621451447225803,0.1065494472258041,0.1065494472258041
G05_R0033,G05,LOGO,holdout_G05,G05,25,3,1e-05,0.75,0.3,0.2,5.0,28.748262,28.90570689546411,0.1574448954641099,0.1574448954641099
G05_R0034,G05,LOGO,holdout_G05,G05,25,3,1e-05,0.7,0.1,0.2,5.0,7.518226,7.5732853606448,0.0550593606448002,0.0550593606448002
G05_R0035,G05,LOGO,holdout_G05,G05,25,3,1e-05,0.7,0.2,0.2,5.0,15.549764,15.646735151975877,0.0969711519758753,0.0969711519758753
G05_R0036,G05,LOGO,holdout_G05,G05,25,3,1e-05,0.7,0.3,0.2,5.0,28.81108,28.954512312381087,0.143432312381087,0.143432312381087
G05_R0037,G05,LOGO,holdout_G05,G05,25,3,1e-06,0.85,0.1,0.2,5.0,25.540552,25.449659769726185,-0.0908922302738162,0.0908922302738162
G05_R0038,G05,LOGO,holdout_G05,G05,25,3,1e-06,0.85,0.2,0.2,5.0,80.775357,80.88429319997563,0.1089361999756306,0.1089361999756306
G05_R0039,G05,LOGO,holdout_G05,G05,25,3,1e-06,0.85,0.3,0.2,5.0,171.700236,171.881531627398,0.1812956273980148,0.1812956273980148
G05_R0040,G05,LOGO,holdout_G05,G05,25,3,1e-06,0.8,0.1,0.2,5.0,25.596521000000003,25.49353699639253,-0.1029840036074745,0.1029840036074745
G05_R0041,G05,LOGO,holdout_G05,G05,25,3,1e-06,0.8,0.2,0.2,5.0,80.88731600000001,80.96714201966249,0.0798260196624767,0.0798260196624767
G05_R0042,G05,LOGO,holdout_G05,G05,25,3,1e-06,0.8,0.3,0.2,5.0,171.880184,172.01699646208397,0.1368124620839523,0.1368124620839523
G05_R0043,G05,LOGO,holdout_G05,G05,25,3,1e-06,0.75,0.1,0.2,5.0,25.658488,25.568730707550326,-0.0897572924496721,0.0897572924496721
G05_R0044,G05,LOGO,holdout_G05,G05,25,3,1e-06,0.75,0.2,0.2,5.0,81.010271,81.1196188069016,0.1093478069015958,0.1093478069015958
G05_R0045,G05,LOGO,holdout_G05,G05,25,3,1e-06,0.75,0.3,0.2,5.0,172.070128,172.24544121288062,0.17531321288061,0.17531321288061
G05_R0046,G05,LOGO,holdout_G05,G05,25,3,1e-06,0.7,0.1,0.2,5.0,25.726452,25.617984287848014,-0.1084677121519845,0.1084677121519845
G05_R0047,G05,LOGO,holdout_G05,G05,25,3,1e-06,0.7,0.2,0.2,5.0,81.147223,81.21916914387171,0.0719461438717132,0.0719461438717132
G05_R0048,G05,LOGO,holdout_G05,G05,25,3,1e-06,0.7,0.3,0.2,5.0,172.290068,172.41162029042349,0.1215522904234944,0.1215522904234944
G05_R0049,G05,LOGO,holdout_G05,G05,25,6,0.001,0.85,0.1,0.2,5.0,4.0443446000000005,4.096758583376442,0.0524139833764412,0.0524139833764412
G05_R0050,G05,LOGO,holdout_G05,G05,25,6,0.001,0.85,0.2,0.2,5.0,5.8074904,5.883630964688145,0.0761405646881447,0.0761405646881447
G05_R0051,G05,LOGO,holdout_G05,G05,25,6,0.001,0.85,0.3,0.2,5.0,8.5446186,8.656348337099898,0.1117297370998979,0.1117297370998979
G05_R0052,G05,LOGO,holdout_G05,G05,25,6,0.001,0.8,0.1,0.2,5.0,4.0588316,4.108158972793119,0.0493273727931189,0.0493273727931189
G05_R0053,G05,LOGO,holdout_G05,G05,25,6,0.001,0.8,0.2,0.2,5.0,5.8359987,5.905890807446475,0.0698921074464751,0.0698921074464751
G05_R0054,G05,LOGO,holdout_G05,G05,25,6,0.001,0.8,0.3,0.2,5.0,8.5929713,8.693467096834976,0.1004957968349753,0.1004957968349753
G05_R0055,G05,LOGO,holdout_G05,G05,25,6,0.001,0.75,0.1,0.2,5.0,4.074093700000001,4.127073710720056,0.0529800107200548,0.0529800107200548
G05_R0056,G05,LOGO,holdout_G05,G05,25,6,0.001,0.75,0.2,0.2,5.0,5.8661698,5.943064572151805,0.0768947721518049,0.0768947721518049
G05_R0057,G05,LOGO,holdout_G05,G05,25,6,0.001,0.75,0.3,0.2,5.0,8.644580000000001,8.75795480395988,0.1133748039598785,0.1133748039598785
G05_R0058,G05,LOGO,holdout_G05,G05,25,6,0.001,0.7,0.1,0.2,5.0,4.090127600000001,4.138855867520127,0.0487282675201266,0.0487282675201266
G05_R0059,G05,LOGO,holdout_G05,G05,25,6,0.001,0.7,0.2,0.2,5.0,5.898198600000001,5.96727876192253,0.0690801619225291,0.0690801619225291
G05_R0060,G05,LOGO,holdout_G05,G05,25,6,0.001,0.7,0.3,0.2,5.0,8.7000387,8.799756449584912,0.0997177495849115,0.0997177495849115
G05_R0061,G05,LOGO,holdout_G05,G05,25,6,0.0001,0.85,0.1,0.2,5.0,5.1193003,5.184238862713358,0.0649385627133583,0.0649385627133583
G05_R0062,G05,LOGO,holdout_G05,G05,25,6,0.0001,0.85,0.2,0.2,5.0,7.9445768,8.039686893365413,0.0951100933654132,0.0951100933654132
G05_R0063,G05,LOGO,holdout_G05,G05,25,6,0.0001,0.85,0.3,0.2,5.0,12.718583,12.862225450119094,0.1436424501190938,0.1436424501190938
G05_R0064,G05,LOGO,holdout_G05,G05,25,6,0.0001,0.8,0.1,0.2,5.0,5.1306759,5.192972621888285,0.062296721888285,0.062296721888285
G05_R0065,G05,LOGO,holdout_G05,G05,25,6,0.0001,0.8,0.2,0.2,5.0,7.9655032,8.05617424182806,0.0906710418280605,0.0906710418280605
G05_R0066,G05,LOGO,holdout_G05,G05,25,6,0.0001,0.8,0.3,0.2,5.0,12.756239,12.891893412063382,0.1356544120633813,0.1356544120633813
G05_R0067,G05,LOGO,holdout_G05,G05,25,6,0.0001,0.75,0.1,0.2,5.0,5.1426282,5.207669399380332,0.0650411993803317,0.0650411993803317
G05_R0068,G05,LOGO,holdout_G05,G05,25,6,0.0001,0.75,0.2,0.2,5.0,7.987801,8.083406137684712,0.0956051376847115,0.0956051376847115
G05_R0069,G05,LOGO,holdout_G05,G05,25,6,0.0001,0.75,0.3,0.2,5.0,12.795859,12.941285685230126,0.1454266852301255,0.1454266852301255
G05_R0070,G05,LOGO,holdout_G05,G05,25,6,0.0001,0.7,0.1,0.2,5.0,5.1553533,5.217225748671963,0.0618724486719628,0.0618724486719628
G05_R0071,G05,LOGO,holdout_G05,G05,25,6,0.0001,0.7,0.2,0.2,5.0,8.0118652,8.101487038145569,0.0896218381455682,0.0896218381455682
G05_R0072,G05,LOGO,holdout_G05,G05,25,6,0.0001,0.7,0.3,0.2,5.0,12.839437,12.974060014158749,0.1346230141587465,0.1346230141587465
G05_R0073,G05,LOGO,holdout_G05,G05,25,6,1e-05,0.85,0.1,0.2,5.0,7.4788084,7.536859154179591,0.0580507541795913,0.0580507541795913
G05_R0074,G05,LOGO,holdout_G05,G05,25,6,1e-05,0.85,0.2,0.2,5.0,15.457142,15.561968342948344,0.1048263429483444,0.1048263429483444
G05_R0075,G05,LOGO,holdout_G05,G05,25,6,1e-05,0.85,0.3,0.2,5.0,28.642579,28.80112599106221,0.158546991062213,0.158546991062213
G05_R0076,G05,LOGO,holdout_G05,G05,25,6,1e-05,0.8,0.1,0.2,5.0,7.490623,7.545910159596165,0.0552871595961645,0.0552871595961645
G05_R0077,G05,LOGO,holdout_G05,G05,25,6,1e-05,0.8,0.2,0.2,5.0,15.485027,15.583084364510682,0.0980573645106819,0.0980573645106819
G05_R0078,G05,LOGO,holdout_G05,G05,25,6,1e-05,0.8,0.3,0.2,5.0,28.692427,28.83870387747937,0.146276877479373,0.146276877479373
G05_R0079,G05,LOGO,holdout_G05,G05,25,6,1e-05,0.75,0.1,0.2,5.0,7.50363,7.562358613040605,0.0587286130406052,0.0587286130406052
G05_R0080,G05,LOGO,holdout_G05,G05,25,6,1e-05,0.75,0.2,0.2,5.0,15.514902,15.62125766878532,0.1063556687853211,0.1063556687853211
G05_R0081,G05,LOGO,holdout_G05,G05,25,6,1e-05,0.75,0.3,0.2,5.0,28.748262,28.905403113464104,0.1571411134641032,0.1571411134641032
G05_R0082,G05,LOGO,holdout_G05,G05,25,6,1e-05,0.7,0.1,0.2,5.0,7.518226,7.573320190540633,0.0550941905406325,0.0550941905406325
G05_R0083,G05,LOGO,holdout_G05,G05,25,6,1e-05,0.7,0.2,0.2,5.0,15.549764,15.646541373535392,0.0967773735353922,0.0967773735353922
G05_R0084,G05,LOGO,holdout_G05,G05,25,6,1e-05,0.7,0.3,0.2,5.0,28.81108,28.954208530381088,0.1431285303810874,0.1431285303810874
G05_R0085,G05,LOGO,holdout_G05,G05,25,6,1e-06,0.85,0.1,0.2,5.0,25.540552,25.44978919572618,-0.0907628042738224,0.0907628042738224
G05_R0086,G05,LOGO,holdout_G05,G05,25,6,1e-06,0.85,0.2,0.2,5.0,80.775357,80.88491205501134,0.1095550550113415,0.1095550550113415
G05_R0087,G05,LOGO,holdout_G05,G05,25,6,1e-06,0.85,0.3,0.2,5.0,171.700236,171.88130252906467,0.1810665290646795,0.1810665290646795
G05_R0088,G05,LOGO,holdout_G05,G05,25,6,1e-06,0.8,0.1,0.2,5.0,25.596521000000003,25.49366642239252,-0.1028545776074807,0.1028545776074807
G05_R0089,G05,LOGO,holdout_G05,G05,25,6,1e-06,0.8,0.2,0.2,5.0,80.88731600000001,80.96784584407322,0.0805298440732116,0.0805298440732116
G05_R0090,G05,LOGO,holdout_G05,G05,25,6,1e-06,0.8,0.3,0.2,5.0,171.880184,172.01676736375063,0.136583363750617,0.136583363750617
G05_R0091,G05,LOGO,holdout_G05,G05,25,6,1e-06,0.75,0.1,0.2,5.0,25.658488,25.568788503859864,-0.0896994961401347,0.0896994961401347
G05_R0092,G05,LOGO,holdout_G05,G05,25,6,1e-06,0.75,0.2,0.2,5.0,81.010271,81.1201852694016,0.1099142694015995,0.1099142694015995
G05_R0093,G05,LOGO,holdout_G05,G05,25,6,1e-06,0.75,0.3,0.2,5.0,172.070128,172.24376813952648,0.1736401395264692,0.1736401395264692
G05_R0094,G05,LOGO,holdout_G05,G05,25,6,1e-06,0.7,0.1,0.2,5.0,25.726452,25.61804208415755,-0.1084099158424471,0.1084099158424471
G05_R0095,G05,LOGO,holdout_G05,G05,25,6,1e-06,0.7,0.2,0.2,5.0,81.147223,81.21973560637173,0.0725126063717311,0.0725126063717311
G05_R0096,G05,LOGO,holdout_G05,G05,25,6,1e-06,0.7,0.3,0.2,5.0,172.290068,172.410158612486,0.1200906124859955,0.1200906124859955
G05_R0097,G05,LOGO,holdout_G05,G05,25,20,0.001,0.85,0.1,0.2,5.0,4.0443446000000005,4.096731880434776,0.0523872804347753,0.0523872804347753
G05_R0098,G05,LOGO,holdout_G05,G05,25,20,0.001,0.85,0.2,0.2,5.0,5.8074904,5.883690068009279,0.0761996680092789,0.0761996680092789
G05_R0099,G05,LOGO,holdout_G05,G05,25,20,0.001,0.85,0.3,0.2,5.0,8.5446186,8.656172963696326,0.1115543636963263,0.1115543636963263
G05_R0100,G05,LOGO,holdout_G05,G05,25,20,0.001,0.8,0.1,0.2,5.0,4.0588316,4.1081419298514525,0.0493103298514521,0.0493103298514521
G05_R0101,G05,LOGO,holdout_G05,G05,25,20,0.001,0.8,0.2,0.2,5.0,5.8359987,5.9059499107676094,0.0699512107676092,0.0699512107676092
G05_R0102,G05,LOGO,holdout_G05,G05,25,20,0.001,0.8,0.3,0.2,5.0,8.5929713,8.69333941791057,0.1003681179105697,0.1003681179105697
G05_R0103,G05,LOGO,holdout_G05,G05,25,20,0.001,0.75,0.1,0.2,5.0,4.074093700000001,4.127040065189303,0.0529463651893022,0.0529463651893022
G05_R0104,G05,LOGO,holdout_G05,G05,25,20,0.001,0.75,0.2,0.2,5.0,5.8661698,5.942881268889902,0.0767114688899024,0.0767114688899024
G05_R0105,G05,LOGO,holdout_G05,G05,25,20,0.001,0.75,0.3,0.2,5.0,8.644580000000001,8.758142056942026,0.1135620569420243,0.1135620569420243
G05_R0106,G05,LOGO,holdout_G05,G05,25,20,0.001,0.7,0.1,0.2,5.0,4.090127600000001,4.138822221989375,0.048694621989374,0.048694621989374
G05_R0107,G05,LOGO,holdout_G05,G05,25,20,0.001,0.7,0.2,0.2,5.0,5.898198600000001,5.96708306836896,0.0688844683689593,0.0688844683689593
G05_R0108,G05,LOGO,holdout_G05,G05,25,20,0.001,0.7,0.3,0.2,5.0,8.7000387,8.79986409894206,0.099825398942059,0.099825398942059
G05_R0109,G05,LOGO,holdout_G05,G05,25,20,0.0001,0.85,0.1,0.2,5.0,5.1193003,5.18426265943955,0.0649623594395496,0.0649623594395496
G05_R0110,G05,LOGO,holdout_G05,G05,25,20,0.0001,0.85,0.2,0.2,5.0,7.9445768,8.039667406179698,0.0950906061796974,0.0950906061796974
G05_R0111,G05,LOGO,holdout_G05,G05,25,20,0.0001,0.85,0.3,0.2,5.0,12.718583,12.862080557154805,0.143497557154804,0.143497557154804
G05_R0112,G05,LOGO,holdout_G05,G05,25,20,0.0001,0.8,0.1,0.2,5.0,5.1306759,5.192994803751976,0.0623189037519757,0.0623189037519757
G05_R0113,G05,LOGO,holdout_G05,G05,25,20,0.0001,0.8,0.2,0.2,5.0,7.9655032,8.056144646725677,0.0906414467256775,0.0906414467256775
G05_R0114,G05,LOGO,holdout_G05,G05,25,20,0.0001,0.8,0.3,0.2,5.0,12.756239,12.891659588682428,0.1354205886824271,0.1354205886824271
G05_R0115,G05,LOGO,holdout_G05,G05,25,20,0.0001,0.75,0.1,0.2,5.0,5.1426282,5.207728340229438,0.065100140229438,0.065100140229438
G05_R0116,G05,LOGO,holdout_G05,G05,25,20,0.0001,0.75,0.2,0.2,5.0,7.987801,8.083418075797214,0.0956170757972136,0.0956170757972136
G05_R0117,G05,LOGO,holdout_G05,G05,25,20,0.0001,0.75,0.3,0.2,5.0,12.795859,12.941319371530726,0.1454603715307261,0.1454603715307261
G05_R0118,G05,LOGO,holdout_G05,G05,25,20,0.0001,0.7,0.1,0.2,5.0,5.1553533,5.217277097833571,0.0619237978335709,0.0619237978335709
G05_R0119,G05,LOGO,holdout_G05,G05,25,20,0.0001,0.7,0.2,0.2,5.0,8.0118652,8.10149897625807,0.0896337762580685,0.0896337762580685
G05_R0120,G05,LOGO,holdout_G05,G05,25,20,0.0001,0.7,0.3,0.2,5.0,12.839437,12.974093700459347,0.134656700459347,0.134656700459347
G05_R0121,G05,LOGO,holdout_G05,G05,25,20,1e-05,0.85,0.1,0.2,5.0,7.4788084,7.536840917622048,0.0580325176220481,0.0580325176220481
G05_R0122,G05,LOGO,holdout_G05,G05,25,20,1e-05,0.85,0.2,0.2,5.0,15.457142,15.561905243781675,0.1047632437816759,0.1047632437816759
G05_R0123,G05,LOGO,holdout_G05,G05,25,20,1e-05,0.85,0.3,0.2,5.0,28.642579,28.80134785471847,0.1587688547184669,0.1587688547184669
G05_R0124,G05,LOGO,holdout_G05,G05,25,20,1e-05,0.8,0.1,0.2,5.0,7.490623,7.545912339913623,0.0552893399136227,0.0552893399136227
G05_R0125,G05,LOGO,holdout_G05,G05,25,20,1e-05,0.8,0.2,0.2,5.0,15.485027,15.583097821177343,0.0980708211773446,0.0980708211773446
G05_R0126,G05,LOGO,holdout_G05,G05,25,20,1e-05,0.8,0.3,0.2,5.0,28.692427,28.838963623135623,0.1465366231356277,0.1465366231356277
G05_R0127,G05,LOGO,holdout_G05,G05,25,20,1e-05,0.75,0.1,0.2,5.0,7.50363,7.562287730525722,0.0586577305257218,0.0586577305257218
G05_R0128,G05,LOGO,holdout_G05,G05,25,20,1e-05,0.75,0.2,0.2,5.0,15.514902,15.621353782690086,0.1064517826900868,0.1064517826900868
G05_R0129,G05,LOGO,holdout_G05,G05,25,20,1e-05,0.75,0.3,0.2,5.0,28.748262,28.90574241210696,0.1574804121069561,0.1574804121069561
G05_R0130,G05,LOGO,holdout_G05,G05,25,20,1e-05,0.7,0.1,0.2,5.0,7.518226,7.573276363650749,0.0550503636507491,0.0550503636507491
G05_R0131,G05,LOGO,holdout_G05,G05,25,20,1e-05,0.7,0.2,0.2,5.0,15.549764,15.64663748744016,0.0968734874401597,0.0968734874401597
G05_R0132,G05,LOGO,holdout_G05,G05,25,20,1e-05,0.7,0.3,0.2,5.0,28.81108,28.95454782902394,0.1434678290239404,0.1434678290239404
G05_R0133,G05,LOGO,holdout_G05,G05,25,20,1e-06,0.85,0.1,0.2,5.0,25.540552,25.44959738783333,-0.0909546121666728,0.0909546121666728
G05_R0134,G05,LOGO,holdout_G05,G05,25,20,1e-06,0.85,0.2,0.2,5.0,80.775357,80.88463240270781,0.1092754027078086,0.1092754027078086
G05_R0135,G05,LOGO,holdout_G05,G05,25,20,1e-06,0.85,0.3,0.2,5.0,171.700236,171.8815846922909,0.1813486922908964,0.1813486922908964
G05_R0136,G05,LOGO,holdout_G05,G05,25,20,1e-06,0.8,0.1,0.2,5.0,25.596521000000003,25.493491355499668,-0.1030296445003351,0.1030296445003351
G05_R0137,G05,LOGO,holdout_G05,G05,25,20,1e-06,0.8,0.2,0.2,5.0,80.88731600000001,80.96756619176968,0.0802501917696645,0.0802501917696645
G05_R0138,G05,LOGO,holdout_G05,G05,25,20,1e-06,0.8,0.3,0.2,5.0,171.880184,172.01703702906016,0.1368530290601484,0.1368530290601484
G05_R0139,G05,LOGO,holdout_G05,G05,25,20,1e-06,0.75,0.1,0.2,5.0,25.658488,25.56900926060985,-0.0894787393901488,0.0894787393901488
G05_R0140,G05,LOGO,holdout_G05,G05,25,20,1e-06,0.75,0.2,0.2,5.0,81.010271,81.11986018284358,0.1095891828435782,0.1095891828435782
G05_R0141,G05,LOGO,holdout_G05,G05,25,20,1e-06,0.75,0.3,0.2,5.0,172.070128,172.24367034554726,0.1735423455472471,0.1735423455472471
G05_R0142,G05,LOGO,holdout_G05,G05,25,20,1e-06,0.7,0.1,0.2,5.0,25.726452,25.618301569657536,-0.1081504303424623,0.1081504303424623
G05_R0143,G05,LOGO,holdout_G05,G05,25,20,1e-06,0.7,0.2,0.2,5.0,81.147223,81.2192935633137,0.0720705633137015,0.0720705633137015
G05_R0144,G05,LOGO,holdout_G05,G05,25,20,1e-06,0.7,0.3,0.2,5.0,172.290068,172.4096137652568,0.1195457652568166,0.1195457652568166
G05_R0145,G05,LOGO,holdout_G05,G05,25,50,0.001,0.85,0.1,0.2,5.0,4.0443446000000005,4.096708784809774,0.0523641848097735,0.0523641848097735
G05_R0146,G05,LOGO,holdout_G05,G05,25,50,0.001,0.85,0.2,0.2,5.0,5.8074904,5.8836006783333845,0.0761102783333846,0.0761102783333846
G05_R0147,G05,LOGO,holdout_G05,G05,25,50,0.001,0.85,0.3,0.2,5.0,8.5446186,8.656107414896328,0.1114888148963277,0.1114888148963277
G05_R0148,G05,LOGO,holdout_G05,G05,25,50,0.001,0.8,0.1,0.2,5.0,4.0588316,4.108118834226451,0.0492872342264503,0.0492872342264503
G05_R0149,G05,LOGO,holdout_G05,G05,25,50,0.001,0.8,0.2,0.2,5.0,5.8359987,5.905860521091715,0.069861821091715,0.069861821091715
G05_R0150,G05,LOGO,holdout_G05,G05,25,50,0.001,0.8,0.3,0.2,5.0,8.5929713,8.693268844958787,0.1002975449587868,0.1002975449587868
G05_R0151,G05,LOGO,holdout_G05,G05,25,50,0.001,0.75,0.1,0.2,5.0,4.074093700000001,4.127014371647634,0.0529206716476338,0.0529206716476338
G05_R0152,G05,LOGO,holdout_G05,G05,25,50,0.001,0.75,0.2,0.2,5.0,5.8661698,5.942925162514899,0.0767553625148993,0.0767553625148993
G05_R0153,G05,LOGO,holdout_G05,G05,25,50,0.001,0.75,0.3,0.2,5.0,8.644580000000001,8.757926018415231,0.1133460184152301,0.1133460184152301
G05_R0154,G05,LOGO,holdout_G05,G05,25,50,0.001,0.7,0.1,0.2,5.0,4.090127600000001,4.138796528447706,0.0486689284477055,0.0486689284477055
G05_R0155,G05,LOGO,holdout_G05,G05,25,50,0.001,0.7,0.2,0.2,5.0,5.898198600000001,5.967164132868959,0.0689655328689582,0.0689655328689582
G05_R0156,G05,LOGO,holdout_G05,G05,25,50,0.001,0.7,0.3,0.2,5.0,8.7000387,8.799648060415265,0.0996093604152648,0.0996093604152648
G05_R0157,G05,LOGO,holdout_G05,G05,25,50,0.0001,0.85,0.1,0.2,5.0,5.1193003,5.184217733706217,0.064917433706217,0.064917433706217
G05_R0158,G05,LOGO,holdout_G05,G05,25,50,0.0001,0.85,0.2,0.2,5.0,7.9445768,8.039677916979695,0.0951011169796949,0.0951011169796949
G05_R0159,G05,LOGO,holdout_G05,G05,25,50,0.0001,0.85,0.3,0.2,5.0,12.718583,12.862220855678617,0.1436378556786142,0.1436378556786142
G05_R0160,G05,LOGO,holdout_G05,G05,25,50,0.0001,0.8,0.1,0.2,5.0,5.1306759,5.192965544018644,0.0622896440186435,0.0622896440186435
G05_R0161,G05,LOGO,holdout_G05,G05,25,50,0.0001,0.8,0.2,0.2,5.0,7.9655032,8.056155157525676,0.0906519575256767,0.0906519575256767
G05_R0162,G05,LOGO,holdout_G05,G05,25,50,0.0001,0.8,0.3,0.2,5.0,12.756239,12.891799887206236,0.1355608872062355,0.1355608872062355
G05_R0163,G05,LOGO,holdout_G05,G05,25,50,0.0001,0.75,0.1,0.2,5.0,5.1426282,5.207771189748189,0.065142989748189,0.065142989748189
G05_R0164,G05,LOGO,holdout_G05,G05,25,50,0.0001,0.75,0.2,0.2,5.0,7.987801,8.083384719672217,0.0955837196722173,0.0955837196722173
G05_R0165,G05,LOGO,holdout_G05,G05,25,50,0.0001,0.75,0.3,0.2,5.0,12.795859,12.941150522280727,0.1452915222807274,0.1452915222807274
G05_R0166,G05,LOGO,holdout_G05,G05,25,50,0.0001,0.7,0.1,0.2,5.0,5.1553533,5.217319947352321,0.061966647352321,0.061966647352321
G05_R0167,G05,LOGO,holdout_G05,G05,25,50,0.0001,0.7,0.2,0.2,5.0,8.0118652,8.101465620133075,0.089600420133074,0.089600420133074
G05_R0168,G05,LOGO,holdout_G05,G05,25,50,0.0001,0.7,0.3,0.2,5.0,12.839437,12.973973768709348,0.1345367687093475,0.1345367687093475
G05_R0169,G05,LOGO,holdout_G05,G05,25,50,1e-05,0.85,0.1,0.2,5.0,7.4788084,7.536776025970264,0.0579676259702637,0.0579676259702637
G05_R0170,G05,LOGO,holdout_G05,G05,25,50,1e-05,0.85,0.2,0.2,5.0,15.457142,15.56206908886502,0.1049270888650202,0.1049270888650202
G05_R0171,G05,LOGO,holdout_G05,G05,25,50,1e-05,0.85,0.3,0.2,5.0,28.642579,28.80120350611429,0.1586245061142932,0.1586245061142932
G05_R0172,G05,LOGO,holdout_G05,G05,25,50,1e-05,0.8,0.1,0.2,5.0,7.490623,7.545847448261838,0.0552244482618373,0.0552244482618373
G05_R0173,G05,LOGO,holdout_G05,G05,25,50,1e-05,0.8,0.2,0.2,5.0,15.485027,15.583226816260687,0.0981998162606867,0.0981998162606867
G05_R0174,G05,LOGO,holdout_G05,G05,25,50,1e-05,0.8,0.3,0.2,5.0,28.692427,28.83881927453145,0.146392274531447,0.146392274531447
G05_R0175,G05,LOGO,holdout_G05,G05,25,50,1e-05,0.75,0.1,0.2,5.0,7.50363,7.562184165525723,0.0585541655257229,0.0585541655257229
G05_R0176,G05,LOGO,holdout_G05,G05,25,50,1e-05,0.75,0.2,0.2,5.0,15.514902,15.621370816773426,0.1064688167734271,0.1064688167734271
G05_R0177,G05,LOGO,holdout_G05,G05,25,50,1e-05,0.75,0.3,0.2,5.0,28.748262,28.905834147606942,0.1575721476069453,0.1575721476069453
G05_R0178,G05,LOGO,holdout_G05,G05,25,50,1e-05,0.7,0.1,0.2,5.0,7.518226,7.573172798650749,0.0549467986507492,0.0549467986507492
G05_R0179,G05,LOGO,holdout_G05,G05,25,50,1e-05,0.7,0.2,0.2,5.0,15.549764,15.646669956023498,0.0969059560234981,0.0969059560234981
G05_R0180,G05,LOGO,holdout_G05,G05,25,50,1e-05,0.7,0.3,0.2,5.0,28.81108,28.95463956452393,0.1435595645239296,0.1435595645239296
G05_R0181,G05,LOGO,holdout_G05,G05,25,50,1e-06,0.85,0.1,0.2,5.0,25.540552,25.44943893283333,-0.0911130671666704,0.0911130671666704
G05_R0182,G05,LOGO,holdout_G05,G05,25,50,1e-06,0.85,0.2,0.2,5.0,80.775357,80.88497914645778,0.1096221464577809,0.1096221464577809
G05_R0183,G05,LOGO,holdout_G05,G05,25,50,1e-06,0.85,0.3,0.2,5.0,171.700236,171.88115628170752,0.1809202817075288,0.1809202817075288
G05_R0184,G05,LOGO,holdout_G05,G05,25,50,1e-06,0.8,0.1,0.2,5.0,25.596521000000003,25.493332900499677,-0.1031880995003291,0.1031880995003291
G05_R0185,G05,LOGO,holdout_G05,G05,25,50,1e-06,0.8,0.2,0.2,5.0,80.88731600000001,80.96791293551966,0.0805969355196509,0.0805969355196509
G05_R0186,G05,LOGO,holdout_G05,G05,25,50,1e-06,0.8,0.3,0.2,5.0,171.880184,172.0166086184768,0.1364246184767807,0.1364246184767807
G05_R0187,G05,LOGO,holdout_G05,G05,25,50,1e-06,0.75,0.1,0.2,5.0,25.658488,25.569133552026518,-0.0893544479734842,0.0893544479734842
G05_R0188,G05,LOGO,holdout_G05,G05,25,50,1e-06,0.75,0.2,0.2,5.0,81.010271,81.11958544853108,0.1093144485310801,0.1093144485310801
G05_R0189,G05,LOGO,holdout_G05,G05,25,50,1e-06,0.75,0.3,0.2,5.0,172.070128,172.2440140002348,0.1738860002348019,0.1738860002348019
G05_R0190,G05,LOGO,holdout_G05,G05,25,50,1e-06,0.7,0.1,0.2,5.0,25.726452,25.618464589824203,-0.1079874101757951,0.1079874101757951
G05_R0191,G05,LOGO,holdout_G05,G05,25,50,1e-06,0.7,0.2,0.2,5.0,81.147223,81.2190188290012,0.0717958290012035,0.0717958290012035
G05_R0192,G05,LOGO,holdout_G05,G05,25,50,1e-06,0.7,0.3,0.2,5.0,172.290068,172.40995741994433,0.1198894199443429,0.1198894199443429
G05_R0193,G05,LOGO,holdout_G05,G05,100,3,0.001,0.85,0.1,0.2,5.0,17.889364,18.320687281167626,0.4313232811676251,0.4313232811676251
G05_R0194,G05,LOGO,holdout_G05,G05,100,3,0.001,0.85,0.2,0.2,5.0,25.999876,26.568191008701444,0.5683150087014432,0.5683150087014432
G05_R0195,G05,LOGO,holdout_G05,G05,100,3,0.001,0.85,0.3,0.2,5.0,38.819399,39.57000107219838,0.750602072198383,0.750602072198383
G05_R0196,G05,LOGO,holdout_G05,G05,100,3,0.001,0.8,0.1,0.2,5.0,17.975393,18.3869229490859,0.4115299490858994,0.4115299490858994
G05_R0197,G05,LOGO,holdout_G05,G05,100,3,0.001,0.8,0.2,0.2,5.0,26.164819,26.701693879743235,0.5368748797432339,0.5368748797432339
G05_R0198,G05,LOGO,holdout_G05,G05,100,3,0.001,0.8,0.3,0.2,5.0,39.124275,39.8115531110319,0.6872781110319011,0.6872781110319011
G05_R0199,G05,LOGO,holdout_G05,G05,100,3,0.001,0.75,0.1,0.2,5.0,18.06635,18.501970355111222,0.4356203551112223,0.4356203551112223
G05_R0200,G05,LOGO,holdout_G05,G05,100,3,0.001,0.75,0.2,0.2,5.0,26.340677,26.91557855909246,0.57490155909246,0.57490155909246
G05_R0201,G05,LOGO,holdout_G05,G05,100,3,0.001,0.75,0.3,0.2,5.0,39.452063,40.21461508039857,0.7625520803985708,0.7625520803985708
G05_R0202,G05,LOGO,holdout_G05,G05,100,3,0.001,0.7,0.1,0.2,5.0,18.165227,18.577416061361227,0.4121890613612251,0.4121890613612251
G05_R0203,G05,LOGO,holdout_G05,G05,100,3,0.001,0.7,0.2,0.2,5.0,26.530441,27.05990128340498,0.5294602834049797,0.5294602834049797
G05_R0204,G05,LOGO,holdout_G05,G05,100,3,0.001,0.7,0.3,0.2,5.0,39.807754,40.48373382394051,0.6759798239405086,0.6759798239405086
G05_R0205,G05,LOGO,holdout_G05,G05,100,3,0.0001,0.85,0.1,0.2,5.0,22.342602,22.88142184172248,0.5388198417224785,0.5388198417224785
G05_R0206,G05,LOGO,holdout_G05,G05,100,3,0.0001,0.85,0.2,0.2,5.0,34.836484,35.63272251969643,0.7962385196964306,0.7962385196964306
G05_R0207,G05,LOGO,holdout_G05,G05,100,3,0.0001,0.85,0.3,0.2,5.0,55.823051,57.05201090836961,1.2289599083696103,1.2289599083696103
G05_R0208,G05,LOGO,holdout_G05,G05,100,3,0.0001,0.8,0.1,0.2,5.0,22.399934,22.92715991840353,0.5272259184035342,0.5272259184035342
G05_R0209,G05,LOGO,holdout_G05,G05,100,3,0.0001,0.8,0.2,0.2,5.0,34.963696,35.73196796281235,0.7682719628123493,0.7682719628123493
G05_R0210,G05,LOGO,holdout_G05,G05,100,3,0.0001,0.8,0.3,0.2,5.0,56.069094,57.24186902201568,1.1727750220156778,1.1727750220156778
G05_R0211,G05,LOGO,holdout_G05,G05,100,3,0.0001,0.75,0.1,0.2,5.0,22.462199,23.002249316631023,0.540050316631028,0.540050316631028
G05_R0212,G05,LOGO,holdout_G05,G05,100,3,0.0001,0.75,0.2,0.2,5.0,35.10283,35.90380136296428,0.8009713629642832,0.8009713629642832
G05_R0213,G05,LOGO,holdout_G05,G05,100,3,0.0001,0.75,0.3,0.2,5.0,56.340043,57.57548317582599,1.2354401758259854,1.2354401758259854
G05_R0214,G05,LOGO,holdout_G05,G05,100,3,0.0001,0.7,0.1,0.2,5.0,22.528386,23.05250259104753,0.5241165910475303,0.5241165910475303
G05_R0215,G05,LOGO,holdout_G05,G05,100,3,0.0001,0.7,0.2,0.2,5.0,35.255874,36.017355369592536,0.7614813695925378,0.7614813695925378
G05_R0216,G05,LOGO,holdout_G05,G05,100,3,0.0001,0.7,0.3,0.2,5.0,56.640883,57.79785844951296,1.1569754495129558,1.1569754495129558
G05_R0217,G05,LOGO,holdout_G05,G05,100,3,1e-05,0.85,0.1,0.2,5.0,32.212896,32.7417125554938,0.5288165554937976,0.5288165554937976
G05_R0218,G05,LOGO,holdout_G05,G05,100,3,1e-05,0.85,0.2,0.2,5.0,66.049246,66.93693461973221,0.8876886197322165,0.8876886197322165
G05_R0219,G05,LOGO,holdout_G05,G05,100,3,1e-05,0.85,0.3,0.2,5.0,121.726,123.11652997592267,1.390529975922675,1.390529975922675
G05_R0220,G05,LOGO,holdout_G05,G05,100,3,1e-05,0.8,0.1,0.2,5.0,32.299638,32.809213128243925,0.5095751282439238,0.5095751282439238
G05_R0221,G05,LOGO,holdout_G05,G05,100,3,1e-05,0.8,0.2,0.2,5.0,66.296903,67.13371126068812,0.836808260688116,0.836808260688116
G05_R0222,G05,LOGO,holdout_G05,G05,100,3,1e-05,0.8,0.3,0.2,5.0,122.215559,123.49823792296682,1.2826789229668236,1.2826789229668236
G05_R0223,G05,LOGO,holdout_G05,G05,100,3,1e-05,0.75,0.1,0.2,5.0,32.398353,32.93229706897263,0.5339440689726302,0.5339440689726302
G05_R0224,G05,LOGO,holdout_G05,G05,100,3,1e-05,0.75,0.2,0.2,5.0,66.580528,67.4713277532691,0.8907997532690928,0.8907997532690928
G05_R0225,G05,LOGO,holdout_G05,G05,100,3,1e-05,0.75,0.3,0.2,5.0,122.775079,124.182877018361,1.4077980183610066,1.4077980183610066
G05_R0226,G05,LOGO,holdout_G05,G05,100,3,1e-05,0.7,0.1,0.2,5.0,32.510039,33.01094367482523,0.5009046748252288,0.5009046748252288
G05_R0227,G05,LOGO,holdout_G05,G05,100,3,1e-05,0.7,0.2,0.2,5.0,66.90811599999999,67.71563730595989,0.8075213059598951,0.8075213059598951
G05_R0228,G05,LOGO,holdout_G05,G05,100,3,1e-05,0.7,0.3,0.2,5.0,123.424551,124.6494733905162,1.2249223905161983,1.2249223905161983
G05_R0229,G05,LOGO,holdout_G05,G05,100,3,1e-06,0.85,0.1,0.2,5.0,105.159322,105.11700626672624,-0.0423157332737673,0.0423157332737673
G05_R0230,G05,LOGO,holdout_G05,G05,100,3,1e-06,0.85,0.2,0.2,5.0,329.91875500000003,330.86170760285825,0.9429526028582133,0.9429526028582133
G05_R0231,G05,LOGO,holdout_G05,G05,100,3,1e-06,0.85,0.3,0.2,5.0,699.635938,701.1991603701848,1.5632223701848034,1.5632223701848034
G05_R0232,G05,LOGO,holdout_G05,G05,100,3,1e-06,0.8,0.1,0.2,5.0,105.479228,105.35215553214196,-0.1270724678580563,0.1270724678580563
G05_R0233,G05,LOGO,holdout_G05,G05,100,3,1e-06,0.8,0.2,0.2,5.0,330.728629,331.4941293093028,0.7655003093028085,0.7655003093028085
G05_R0234,G05,LOGO,holdout_G05,G05,100,3,1e-06,0.8,0.3,0.2,5.0,701.135786,702.3322954996388,1.1965094996387506,1.1965094996387506
G05_R0235,G05,LOGO,holdout_G05,G05,100,3,1e-06,0.75,0.1,0.2,5.0,105.829127,105.78172062774098,-0.0474063722590187,0.0474063722590187
G05_R0236,G05,LOGO,holdout_G05,G05,100,3,1e-06,0.75,0.2,0.2,5.0,331.648495,332.6170928808707,0.968597880870675,0.968597880870675
G05_R0237,G05,LOGO,holdout_G05,G05,100,3,1e-06,0.75,0.3,0.2,5.0,702.8656209999999,704.4473969755193,1.5817759755193492,1.5817759755193492
G05_R0238,G05,LOGO,holdout_G05,G05,100,3,1e-06,0.7,0.1,0.2,5.0,106.229019,106.07166884399176,-0.1573501560082348,0.1573501560082348
G05_R0239,G05,LOGO,holdout_G05,G05,100,3,1e-06,0.7,0.2,0.2,5.0,332.718349,333.3717528425418,0.6534038425418203,0.6534038425418203
G05_R0240,G05,LOGO,holdout_G05,G05,100,3,1e-06,0.7,0.3,0.2,5.0,704.8654429999999,705.9346160872141,1.0691730872141534,1.0691730872141534
G05_R0241,G05,LOGO,holdout_G05,G05,100,6,0.001,0.85,0.1,0.2,5.0,17.889364,18.32054046054262,0.4311764605426198,0.4311764605426198
G05_R0242,G05,LOGO,holdout_G05,G05,100,6,0.001,0.85,0.2,0.2,5.0,25.999876,26.568170142076443,0.5682941420764429,0.5682941420764429
G05_R0243,G05,LOGO,holdout_G05,G05,100,6,0.001,0.85,0.3,0.2,5.0,38.819399,39.569329531344216,0.7499305313442193,0.7499305313442193
G05_R0244,G05,LOGO,holdout_G05,G05,100,6,0.001,0.8,0.1,0.2,5.0,17.975393,18.38671743346089,0.4113244334608907,0.4113244334608907
G05_R0245,G05,LOGO,holdout_G05,G05,100,6,0.001,0.8,0.2,0.2,5.0,26.164819,26.701673013118235,0.5368540131182336,0.5368540131182336
G05_R0246,G05,LOGO,holdout_G05,G05,100,6,0.001,0.8,0.3,0.2,5.0,39.124275,39.81088157017773,0.6866065701777302,0.6866065701777302
G05_R0247,G05,LOGO,holdout_G05,G05,100,6,0.001,0.75,0.1,0.2,5.0,18.06635,18.50262359429873,0.4362735942987257,0.4362735942987257
G05_R0248,G05,LOGO,holdout_G05,G05,100,6,0.001,0.75,0.2,0.2,5.0,26.340677,26.91637768919661,0.5757006891966157,0.5757006891966157
G05_R0249,G05,LOGO,holdout_G05,G05,100,6,0.001,0.75,0.3,0.2,5.0,39.452063,40.213227207193206,0.7611642071932039,0.7611642071932039
G05_R0250,G05,LOGO,holdout_G05,G05,100,6,0.001,0.7,0.1,0.2,5.0,18.165227,18.57795623804873,0.4127292380487297,0.4127292380487297
G05_R0251,G05,LOGO,holdout_G05,G05,100,6,0.001,0.7,0.2,0.2,5.0,26.530441,27.06070041350914,0.530259413509139,0.530259413509139
G05_R0252,G05,LOGO,holdout_G05,G05,100,6,0.001,0.7,0.3,0.2,5.0,39.807754,40.48234595073514,0.6745919507351346,0.6745919507351346
G05_R0253,G05,LOGO,holdout_G05,G05,100,6,0.0001,0.85,0.1,0.2,5.0,22.342602,22.881195979180823,0.5385939791808241,0.5385939791808241
G05_R0254,G05,LOGO,holdout_G05,G05,100,6,0.0001,0.85,0.2,0.2,5.0,34.836484,35.63265468494642,0.7961706849464179,0.7961706849464179
G05_R0255,G05,LOGO,holdout_G05,G05,100,6,0.0001,0.85,0.3,0.2,5.0,55.823051,57.05158967511962,1.2285386751196228,1.2285386751196228
G05_R0256,G05,LOGO,holdout_G05,G05,100,6,0.0001,0.8,0.1,0.2,5.0,22.399934,22.926921887826165,0.5269878878261665,0.5269878878261665
G05_R0257,G05,LOGO,holdout_G05,G05,100,6,0.0001,0.8,0.2,0.2,5.0,34.963696,35.73190012806234,0.7682041280623437,0.7682041280623437
G05_R0258,G05,LOGO,holdout_G05,G05,100,6,0.0001,0.8,0.3,0.2,5.0,56.069094,57.24144778876569,1.1723537887656903,1.1723537887656903
G05_R0259,G05,LOGO,holdout_G05,G05,100,6,0.0001,0.75,0.1,0.2,5.0,22.462199,23.00236263382448,0.5401636338244806,0.5401636338244806
G05_R0260,G05,LOGO,holdout_G05,G05,100,6,0.0001,0.75,0.2,0.2,5.0,35.10283,35.90388533258929,0.8010553325892928,0.8010553325892928
G05_R0261,G05,LOGO,holdout_G05,G05,100,6,0.0001,0.75,0.3,0.2,5.0,56.340043,57.57336456945099,1.233321569450986,1.233321569450986
G05_R0262,G05,LOGO,holdout_G05,G05,100,6,0.0001,0.7,0.1,0.2,5.0,22.528386,23.052577018865986,0.5241910188659809,0.5241910188659809
G05_R0263,G05,LOGO,holdout_G05,G05,100,6,0.0001,0.7,0.2,0.2,5.0,35.255874,36.01743933921753,0.7615653392175332,0.7615653392175332
G05_R0264,G05,LOGO,holdout_G05,G05,100,6,0.0001,0.7,0.3,0.2,5.0,56.640883,57.795739843137966,1.1548568431379636,1.1548568431379636
G05_R0265,G05,LOGO,holdout_G05,G05,100,6,1e-05,0.85,0.1,0.2,5.0,32.212896,32.74121537727952,0.5283193772795158,0.5283193772795158
G05_R0266,G05,LOGO,holdout_G05,G05,100,6,1e-05,0.85,0.2,0.2,5.0,66.049246,66.93656042548223,0.8873144254822307,0.8873144254822307
G05_R0267,G05,LOGO,holdout_G05,G05,100,6,1e-05,0.85,0.3,0.2,5.0,121.726,123.11684101222026,1.390841012220264,1.390841012220264
G05_R0268,G05,LOGO,holdout_G05,G05,100,6,1e-05,0.8,0.1,0.2,5.0,32.299638,32.80871595002964,0.509077950029635,0.509077950029635
G05_R0269,G05,LOGO,holdout_G05,G05,100,6,1e-05,0.8,0.2,0.2,5.0,66.296903,67.13346936081311,0.8365663608131086,0.8365663608131086
G05_R0270,G05,LOGO,holdout_G05,G05,100,6,1e-05,0.8,0.3,0.2,5.0,122.215559,123.49827835238942,1.282719352389421,1.282719352389421
G05_R0271,G05,LOGO,holdout_G05,G05,100,6,1e-05,0.75,0.1,0.2,5.0,32.398353,32.931463889493465,0.5331108894934644,0.5331108894934644
G05_R0272,G05,LOGO,holdout_G05,G05,100,6,1e-05,0.75,0.2,0.2,5.0,66.580528,67.4720334202274,0.8915054202274035,0.8915054202274035
G05_R0273,G05,LOGO,holdout_G05,G05,100,6,1e-05,0.75,0.3,0.2,5.0,122.775079,124.18291324234022,1.4078342423402148,1.4078342423402148
G05_R0274,G05,LOGO,holdout_G05,G05,100,6,1e-05,0.7,0.1,0.2,5.0,32.510039,33.010110495346055,0.5000714953460559,0.5000714953460559
G05_R0275,G05,LOGO,holdout_G05,G05,100,6,1e-05,0.7,0.2,0.2,5.0,66.90811599999999,67.71598331637654,0.8078673163765444,0.8078673163765444
G05_R0276,G05,LOGO,holdout_G05,G05,100,6,1e-05,0.7,0.3,0.2,5.0,123.424551,124.6495096144954,1.2249586144953923,1.2249586144953923
G05_R0277,G05,LOGO,holdout_G05,G05,100,6,1e-06,0.85,0.1,0.2,5.0,105.159322,105.11621860422623,-0.0431033957737554,0.0431033957737554
G05_R0278,G05,LOGO,holdout_G05,G05,100,6,1e-06,0.85,0.2,0.2,5.0,329.91875500000003,330.86418908431654,0.9454340843165028,0.9454340843165028
G05_R0279,G05,LOGO,holdout_G05,G05,100,6,1e-06,0.85,0.3,0.2,5.0,699.635938,701.1869282889198,1.5509902889198202,1.5509902889198202
G05_R0280,G05,LOGO,holdout_G05,G05,100,6,1e-06,0.8,0.1,0.2,5.0,105.479228,105.35153032172528,-0.1276976782747141,0.1276976782747141
G05_R0281,G05,LOGO,holdout_G05,G05,100,6,1e-06,0.8,0.2,0.2,5.0,330.728629,331.49793560326106,0.7693066032610432,0.7693066032610432
G05_R0282,G05,LOGO,holdout_G05,G05,100,6,1e-06,0.8,0.3,0.2,5.0,701.135786,702.3206883380615,1.18490233806142,1.18490233806142
G05_R0283,G05,LOGO,holdout_G05,G05,100,6,1e-06,0.75,0.1,0.2,5.0,105.829127,105.77981993836602,-0.0493070616339821,0.0493070616339821
G05_R0284,G05,LOGO,holdout_G05,G05,100,6,1e-06,0.75,0.2,0.2,5.0,331.648495,332.6186501460374,0.9701551460373709,0.9701551460373709
G05_R0285,G05,LOGO,holdout_G05,G05,100,6,1e-06,0.75,0.3,0.2,5.0,702.8656209999999,704.4337065844151,1.5680855844151438,1.5680855844151438
G05_R0286,G05,LOGO,holdout_G05,G05,100,6,1e-06,0.7,0.1,0.2,5.0,106.229019,106.0697681546168,-0.1592508453831982,0.1592508453831982
G05_R0287,G05,LOGO,holdout_G05,G05,100,6,1e-06,0.7,0.2,0.2,5.0,332.718349,333.37222902645857,0.6538800264585802,0.6538800264585802
G05_R0288,G05,LOGO,holdout_G05,G05,100,6,1e-06,0.7,0.3,0.2,5.0,704.8654429999999,705.9209256961099,1.055482696109948,1.055482696109948
G05_R0289,G05,LOGO,holdout_G05,G05,100,20,0.001,0.85,0.1,0.2,5.0,17.889364,18.32076382165263,0.4313998216526293,0.4313998216526293
G05_R0290,G05,LOGO,holdout_G05,G05,100,20,0.001,0.85,0.2,0.2,5.0,25.999876,26.56814948195442,0.5682734819544208,0.5682734819544208
G05_R0291,G05,LOGO,holdout_G05,G05,100,20,0.001,0.85,0.3,0.2,5.0,38.819399,39.56825393765969,0.7488549376596936,0.7488549376596936
G05_R0292,G05,LOGO,holdout_G05,G05,100,20,0.001,0.8,0.1,0.2,5.0,17.975393,18.387065437071,0.4116724370709974,0.4116724370709974
G05_R0293,G05,LOGO,holdout_G05,G05,100,20,0.001,0.8,0.2,0.2,5.0,26.164819,26.70137928341288,0.5365602834128786,0.5365602834128786
G05_R0294,G05,LOGO,holdout_G05,G05,100,20,0.001,0.8,0.3,0.2,5.0,39.124275,39.81003812582654,0.68576312582654,0.68576312582654
G05_R0295,G05,LOGO,holdout_G05,G05,100,20,0.001,0.75,0.1,0.2,5.0,18.06635,18.5027827894029,0.4364327894029003,0.4364327894029003
G05_R0296,G05,LOGO,holdout_G05,G05,100,20,0.001,0.75,0.2,0.2,5.0,26.340677,26.91745035514156,0.5767733551415581,0.5767733551415581
G05_R0297,G05,LOGO,holdout_G05,G05,100,20,0.001,0.75,0.3,0.2,5.0,39.452063,40.21591215133012,0.7638491513301133,0.7638491513301133
G05_R0298,G05,LOGO,holdout_G05,G05,100,20,0.001,0.7,0.1,0.2,5.0,18.165227,18.578086085652902,0.4128590856529008,0.4128590856529008
G05_R0299,G05,LOGO,holdout_G05,G05,100,20,0.001,0.7,0.2,0.2,5.0,26.530441,27.061735611120746,0.5312946111207424,0.5312946111207424
G05_R0300,G05,LOGO,holdout_G05,G05,100,20,0.001,0.7,0.3,0.2,5.0,39.807754,40.48503089487205,0.6772768948720511,0.6772768948720511
G05_R0301,G05,LOGO,holdout_G05,G05,100,20,0.0001,0.85,0.1,0.2,5.0,22.342602,22.88136818316991,0.538766183169912,0.538766183169912
G05_R0302,G05,LOGO,holdout_G05,G05,100,20,0.0001,0.85,0.2,0.2,5.0,34.836484,35.632919636531234,0.7964356365312355,0.7964356365312355
G05_R0303,G05,LOGO,holdout_G05,G05,100,20,0.0001,0.85,0.3,0.2,5.0,55.823051,57.05111788276547,1.228066882765468,1.228066882765468
G05_R0304,G05,LOGO,holdout_G05,G05,100,20,0.0001,0.8,0.1,0.2,5.0,22.399934,22.92713667994025,0.527202679940256,0.527202679940256
G05_R0305,G05,LOGO,holdout_G05,G05,100,20,0.0001,0.8,0.2,0.2,5.0,34.963696,35.73209510714716,0.768399107147161,0.768399107147161
G05_R0306,G05,LOGO,holdout_G05,G05,100,20,0.0001,0.8,0.3,0.2,5.0,56.069094,57.2408494055782,1.1717554055782031,1.1717554055782031
G05_R0307,G05,LOGO,holdout_G05,G05,100,20,0.0001,0.75,0.1,0.2,5.0,22.462199,23.002732375791744,0.5405333757917461,0.5405333757917461
G05_R0308,G05,LOGO,holdout_G05,G05,100,20,0.0001,0.75,0.2,0.2,5.0,35.10283,35.903428373434494,0.8005983734344966,0.8005983734344966
G05_R0309,G05,LOGO,holdout_G05,G05,100,20,0.0001,0.75,0.3,0.2,5.0,56.340043,57.57345914015932,1.2334161401593209,1.2334161401593209
G05_R0310,G05,LOGO,holdout_G05,G05,100,20,0.0001,0.7,0.1,0.2,5.0,22.528386,23.052946760833247,0.5245607608332463,0.5245607608332463
G05_R0311,G05,LOGO,holdout_G05,G05,100,20,0.0001,0.7,0.2,0.2,5.0,35.255874,36.01698229006277,0.7611082900627721,0.7611082900627721
G05_R0312,G05,LOGO,holdout_G05,G05,100,20,0.0001,0.7,0.3,0.2,5.0,56.640883,57.79592008290865,1.155037082908649,1.155037082908649
G05_R0313,G05,LOGO,holdout_G05,G05,100,20,1e-05,0.85,0.1,0.2,5.0,32.212896,32.74164897587324,0.528752975873239,0.528752975873239
G05_R0314,G05,LOGO,holdout_G05,G05,100,20,1e-05,0.85,0.2,0.2,5.0,66.049246,66.93690030825901,0.887654308259016,0.887654308259016
G05_R0315,G05,LOGO,holdout_G05,G05,100,20,1e-05,0.85,0.3,0.2,5.0,121.726,123.11708208897048,1.391082088970478,1.391082088970478
G05_R0316,G05,LOGO,holdout_G05,G05,100,20,1e-05,0.8,0.1,0.2,5.0,32.299638,32.809275642790034,0.5096376427900324,0.5096376427900324
G05_R0317,G05,LOGO,holdout_G05,G05,100,20,1e-05,0.8,0.2,0.2,5.0,66.296903,67.13399669379824,0.8370936937982378,0.8370936937982378
G05_R0318,G05,LOGO,holdout_G05,G05,100,20,1e-05,0.8,0.3,0.2,5.0,122.215559,123.49892534538932,1.2833663453893251,1.2833663453893251
G05_R0319,G05,LOGO,holdout_G05,G05,100,20,1e-05,0.75,0.1,0.2,5.0,32.398353,32.93135845977025,0.5330054597702514,0.5330054597702514
G05_R0320,G05,LOGO,holdout_G05,G05,100,20,1e-05,0.75,0.2,0.2,5.0,66.580528,67.46973798892076,0.8892099889207543,0.8892099889207543
G05_R0321,G05,LOGO,holdout_G05,G05,100,20,1e-05,0.75,0.3,0.2,5.0,122.775079,124.18584149251906,1.410762492519055,1.410762492519055
G05_R0322,G05,LOGO,holdout_G05,G05,100,20,1e-05,0.7,0.1,0.2,5.0,32.510039,33.010160327706174,0.5001213277061751,0.5001213277061751
G05_R0323,G05,LOGO,holdout_G05,G05,100,20,1e-05,0.7,0.2,0.2,5.0,66.90811599999999,67.71447572194494,0.8063597219449434,0.8063597219449434
G05_R0324,G05,LOGO,holdout_G05,G05,100,20,1e-05,0.7,0.3,0.2,5.0,123.424551,124.65243783967418,1.2278868396741842,1.2278868396741842
G05_R0325,G05,LOGO,holdout_G05,G05,100,20,1e-06,0.85,0.1,0.2,5.0,105.159322,105.11387195107147,-0.0454500489285294,0.0454500489285294
G05_R0326,G05,LOGO,holdout_G05,G05,100,20,1e-06,0.85,0.2,0.2,5.0,329.91875500000003,330.85858745900407,0.9398324590040374,0.9398324590040374
G05_R0327,G05,LOGO,holdout_G05,G05,100,20,1e-06,0.85,0.3,0.2,5.0,699.635938,701.1955167090778,1.5595787090777549,1.5595787090777549
G05_R0328,G05,LOGO,holdout_G05,G05,100,20,1e-06,0.8,0.1,0.2,5.0,105.479228,105.3482464473205,-0.1309815526795006,0.1309815526795006
G05_R0329,G05,LOGO,holdout_G05,G05,100,20,1e-06,0.8,0.2,0.2,5.0,330.728629,331.49301511326115,0.7643861132611391,0.7643861132611391
G05_R0330,G05,LOGO,holdout_G05,G05,100,20,1e-06,0.8,0.3,0.2,5.0,701.135786,702.3286518829068,1.1928658829067444,1.1928658829067444
G05_R0331,G05,LOGO,holdout_G05,G05,100,20,1e-06,0.75,0.1,0.2,5.0,105.829127,105.77523770425888,-0.053889295741115,0.053889295741115
G05_R0332,G05,LOGO,holdout_G05,G05,100,20,1e-06,0.75,0.2,0.2,5.0,331.648495,332.6180906086,0.9695956086000024,0.9695956086000024
G05_R0333,G05,LOGO,holdout_G05,G05,100,20,1e-06,0.75,0.3,0.2,5.0,702.8656209999999,704.4134525967021,1.5478315967021672,1.5478315967021672
G05_R0334,G05,LOGO,holdout_G05,G05,100,20,1e-06,0.7,0.1,0.2,5.0,106.229019,106.0653894308668,-0.1636295691331923,0.1636295691331923
G05_R0335,G05,LOGO,holdout_G05,G05,100,20,1e-06,0.7,0.2,0.2,5.0,332.718349,333.37166949945873,0.6533204994587436,0.6533204994587436
G05_R0336,G05,LOGO,holdout_G05,G05,100,20,1e-06,0.7,0.3,0.2,5.0,704.8654429999999,705.9006716833973,1.0352286833973494,1.0352286833973494
G05_R0337,G05,LOGO,holdout_G05,G05,100,50,0.001,0.85,0.1,0.2,5.0,17.889364,18.32097586281335,0.431611862813348,0.431611862813348
G05_R0338,G05,LOGO,holdout_G05,G05,100,50,0.001,0.85,0.2,0.2,5.0,25.999876,26.567540872058583,0.567664872058586,0.567664872058586
G05_R0339,G05,LOGO,holdout_G05,G05,100,50,0.001,0.85,0.3,0.2,5.0,38.819399,39.56693908688291,0.7475400868829141,0.7475400868829141
G05_R0340,G05,LOGO,holdout_G05,G05,100,50,0.001,0.8,0.1,0.2,5.0,17.975393,18.38727747823171,0.411884478231709,0.411884478231709
G05_R0341,G05,LOGO,holdout_G05,G05,100,50,0.001,0.8,0.2,0.2,5.0,26.164819,26.70077067351705,0.5359516735170473,0.5359516735170473
G05_R0342,G05,LOGO,holdout_G05,G05,100,50,0.001,0.8,0.3,0.2,5.0,39.124275,39.80872327504975,0.6844482750497534,0.6844482750497534
G05_R0343,G05,LOGO,holdout_G05,G05,100,50,0.001,0.75,0.1,0.2,5.0,18.06635,18.502622650257067,0.4362726502570666,0.4362726502570666
G05_R0344,G05,LOGO,holdout_G05,G05,100,50,0.001,0.75,0.2,0.2,5.0,26.340677,26.91740446109395,0.5767274610939488,0.5767274610939488
G05_R0345,G05,LOGO,holdout_G05,G05,100,50,0.001,0.75,0.3,0.2,5.0,39.452063,40.217061576309305,0.7649985763093028,0.7649985763093028
G05_R0346,G05,LOGO,holdout_G05,G05,100,50,0.001,0.7,0.1,0.2,5.0,18.165227,18.57792594650707,0.4126989465070672,0.4126989465070672
G05_R0347,G05,LOGO,holdout_G05,G05,100,50,0.001,0.7,0.2,0.2,5.0,26.530441,27.061689717073133,0.531248717073133,0.531248717073133
G05_R0348,G05,LOGO,holdout_G05,G05,100,50,0.001,0.7,0.3,0.2,5.0,39.807754,40.48686237068457,0.6791083706845669,0.6791083706845669
G05_R0349,G05,LOGO,holdout_G05,G05,100,50,0.0001,0.85,0.1,0.2,5.0,22.342602,22.881281534003243,0.5386795340032435,0.5386795340032435
G05_R0350,G05,LOGO,holdout_G05,G05,100,50,0.0001,0.85,0.2,0.2,5.0,34.836484,35.63423530086457,0.7977513008645687,0.7977513008645687
G05_R0351,G05,LOGO,holdout_G05,G05,100,50,0.0001,0.85,0.3,0.2,5.0,55.823051,57.05036432609879,1.2273133260987876,1.2273133260987876
G05_R0352,G05,LOGO,holdout_G05,G05,100,50,0.0001,0.8,0.1,0.2,5.0,22.399934,22.927050030773582,0.5271160307735876,0.5271160307735876
G05_R0353,G05,LOGO,holdout_G05,G05,100,50,0.0001,0.8,0.2,0.2,5.0,34.963696,35.73341077148049,0.7697147714804942,0.7697147714804942
G05_R0354,G05,LOGO,holdout_G05,G05,100,50,0.0001,0.8,0.3,0.2,5.0,56.069094,57.24009584891152,1.1710018489115228,1.1710018489115228
G05_R0355,G05,LOGO,holdout_G05,G05,100,50,0.0001,0.75,0.1,0.2,5.0,22.462199,23.002747462166734,0.5405484621667398,0.5405484621667398
G05_R0356,G05,LOGO,holdout_G05,G05,100,50,0.0001,0.75,0.2,0.2,5.0,35.10283,35.9034529744345,0.8006229744345035,0.8006229744345035
G05_R0357,G05,LOGO,holdout_G05,G05,100,50,0.0001,0.75,0.3,0.2,5.0,56.340043,57.57226667726348,1.2322236772634767,1.2322236772634767
G05_R0358,G05,LOGO,holdout_G05,G05,100,50,0.0001,0.7,0.1,0.2,5.0,22.528386,23.053012062624912,0.5246260626249111,0.5246260626249111
G05_R0359,G05,LOGO,holdout_G05,G05,100,50,0.0001,0.7,0.2,0.2,5.0,35.255874,36.01700689106278,0.761132891062779,0.761132891062779
G05_R0360,G05,LOGO,holdout_G05,G05,100,50,0.0001,0.7,0.3,0.2,5.0,56.640883,57.79411957292948,1.1532365729294725,1.1532365729294725
G05_R0361,G05,LOGO,holdout_G05,G05,100,50,1e-05,0.85,0.1,0.2,5.0,32.212897000000005,32.74164383477948,0.5287468347794757,0.5287468347794757
G05_R0362,G05,LOGO,holdout_G05,G05,100,50,1e-05,0.85,0.2,0.2,5.0,66.049246,66.93688463175903,0.8876386317590317,0.8876386317590317
G05_R0363,G05,LOGO,holdout_G05,G05,100,50,1e-05,0.85,0.3,0.2,5.0,121.726,123.11790868583503,1.391908685835034,1.391908685835034
G05_R0364,G05,LOGO,holdout_G05,G05,100,50,1e-05,0.8,0.1,0.2,5.0,32.299638,32.80915783569627,0.5095198356962669,0.5095198356962669
G05_R0365,G05,LOGO,holdout_G05,G05,100,50,1e-05,0.8,0.2,0.2,5.0,66.296903,67.13449281396491,0.837589813964911,0.837589813964911
G05_R0366,G05,LOGO,holdout_G05,G05,100,50,1e-05,0.8,0.3,0.2,5.0,122.215559,123.49914000850389,1.2835810085038872,1.2835810085038872
G05_R0367,G05,LOGO,holdout_G05,G05,100,50,1e-05,0.75,0.1,0.2,5.0,32.398354000000005,32.93150400113483,0.5331500011348282,0.5331500011348282
G05_R0368,G05,LOGO,holdout_G05,G05,100,50,1e-05,0.75,0.2,0.2,5.0,66.580528,67.47136131183744,0.8908333118374401,0.8908333118374401
G05_R0369,G05,LOGO,holdout_G05,G05,100,50,1e-05,0.75,0.3,0.2,5.0,122.775079,124.18528384202254,1.4102048420225373,1.4102048420225373
G05_R0370,G05,LOGO,holdout_G05,G05,100,50,1e-05,0.7,0.1,0.2,5.0,32.511039000000004,33.010367555112424,0.4993285551124202,0.4993285551124202
G05_R0371,G05,LOGO,holdout_G05,G05,100,50,1e-05,0.7,0.2,0.2,5.0,66.90811599999999,67.71598004569496,0.80786404569497,0.80786404569497
G05_R0372,G05,LOGO,holdout_G05,G05,100,50,1e-05,0.7,0.3,0.2,5.0,123.424551,124.65211331646933,1.2275623164693314,1.2275623164693314
G05_R0373,G05,LOGO,holdout_G05,G05,100,50,1e-06,0.85,0.1,0.2,5.0,105.159322,105.11368471982148,-0.0456372801785107,0.0456372801785107
G05_R0374,G05,LOGO,holdout_G05,G05,100,50,1e-06,0.85,0.2,0.2,5.0,329.91875500000003,330.85966854025406,0.94091354025403,0.94091354025403
G05_R0375,G05,LOGO,holdout_G05,G05,100,50,1e-06,0.85,0.3,0.2,5.0,699.635938,701.1961541464111,1.5602161464111075,1.5602161464111075
G05_R0376,G05,LOGO,holdout_G05,G05,100,50,1e-06,0.8,0.1,0.2,5.0,105.479228,105.34852782669552,-0.1307001733044757,0.1307001733044757
G05_R0377,G05,LOGO,holdout_G05,G05,100,50,1e-06,0.8,0.2,0.2,5.0,330.728629,331.4934337888862,0.7648047888861811,0.7648047888861811
G05_R0378,G05,LOGO,holdout_G05,G05,100,50,1e-06,0.8,0.3,0.2,5.0,701.135786,702.3292893202404,1.193503320240325,1.193503320240325
G05_R0379,G05,LOGO,holdout_G05,G05,100,50,1e-06,0.75,0.1,0.2,5.0,105.829127,105.77607183207137,-0.0530551679286475,0.0530551679286475
G05_R0380,G05,LOGO,holdout_G05,G05,100,50,1e-06,0.75,0.2,0.2,5.0,331.648495,332.6216242692459,0.9731292692458736,0.9731292692458736
G05_R0381,G05,LOGO,holdout_G05,G05,100,50,1e-06,0.75,0.3,0.2,5.0,702.8656209999999,704.416031854949,1.5504108549490638,1.5504108549490638
G05_R0382,G05,LOGO,holdout_G05,G05,100,50,1e-06,0.7,0.1,0.2,5.0,106.229019,106.06622355867928,-0.1627954413207106,0.1627954413207106
G05_R0383,G05,LOGO,holdout_G05,G05,100,50,1e-06,0.7,0.2,0.2,5.0,332.718349,333.3746282476046,0.6562792476046297,0.6562792476046297
G05_R0384,G05,LOGO,holdout_G05,G05,100,50,1e-06,0.7,0.3,0.2,5.0,704.8654429999999,705.9043320860189,1.038889086019026,1.038889086019026
G05_R0385,G05,LOGO,holdout_G05,G05,250,3,0.001,0.85,0.1,0.2,5.0,53.743645,55.49348590652386,1.7498409065238576,1.7498409065238576
G05_R0386,G05,LOGO,holdout_G05,G05,250,3,0.001,0.85,0.2,0.2,5.0,80.073689,81.71727803121688,1.6435890312168766,1.6435890312168766
G05_R0387,G05,LOGO,holdout_G05,G05,250,3,0.001,0.85,0.3,0.2,5.0,122.152989,123.22818092750528,1.0751919275052728,1.0751919275052728
G05_R0388,G05,LOGO,holdout_G05,G05,250,3,0.001,0.8,0.1,0.2,5.0,54.06946,55.748244231024046,1.6787842310240464,1.6787842310240464
G05_R0389,G05,LOGO,holdout_G05,G05,250,3,0.001,0.8,0.2,0.2,5.0,80.716712,82.23141308071745,1.514701080717444,1.514701080717444
G05_R0390,G05,LOGO,holdout_G05,G05,250,3,0.001,0.8,0.3,0.2,5.0,123.381174,124.15475601075325,0.7735820107532447,0.7735820107532447
G05_R0391,G05,LOGO,holdout_G05,G05,250,3,0.001,0.75,0.1,0.2,5.0,54.417125000000006,56.18213792039244,1.7650129203924294,1.7650129203924294
G05_R0392,G05,LOGO,holdout_G05,G05,250,3,0.001,0.75,0.2,0.2,5.0,81.404502,83.07108255783871,1.6665805578387136,1.6665805578387136
G05_R0393,G05,LOGO,holdout_G05,G05,250,3,0.001,0.75,0.3,0.2,5.0,124.709267,125.75119022736013,1.0419232273601295,1.0419232273601295
G05_R0394,G05,LOGO,holdout_G05,G05,250,3,0.001,0.7,0.1,0.2,5.0,54.789619,56.481473983249245,1.691854983249243,1.691854983249243
G05_R0395,G05,LOGO,holdout_G05,G05,250,3,0.001,0.7,0.2,0.2,5.0,82.144241,83.62796272817282,1.4837217281728243,1.4837217281728243
G05_R0396,G05,LOGO,holdout_G05,G05,250,3,0.001,0.7,0.3,0.2,5.0,126.147261,126.85329695442871,0.706035954428728,0.706035954428728
G05_R0397,G05,LOGO,holdout_G05,G05,250,3,0.0001,0.85,0.1,0.2,5.0,66.01930899999999,68.27549061975672,2.256181619756731,2.256181619756731
G05_R0398,G05,LOGO,holdout_G05,G05,250,3,0.0001,0.85,0.2,0.2,5.0,104.35358,107.649267818149,3.2956878181489917,3.2956878181489917
G05_R0399,G05,LOGO,holdout_G05,G05,250,3,0.0001,0.85,0.3,0.2,5.0,168.857607,173.7861899413827,4.9285829413827,4.9285829413827
G05_R0400,G05,LOGO,holdout_G05,G05,250,3,0.0001,0.8,0.1,0.2,5.0,66.236936,68.44654324359855,2.2096072435985548,2.2096072435985548
G05_R0401,G05,LOGO,holdout_G05,G05,250,3,0.0001,0.8,0.2,0.2,5.0,104.912881,108.0797005264323,3.166819526432306,3.166819526432306
G05_R0402,G05,LOGO,holdout_G05,G05,250,3,0.0001,0.8,0.3,0.2,5.0,169.97048,174.61204936911238,4.641569369112375,4.641569369112375
G05_R0403,G05,LOGO,holdout_G05,G05,250,3,0.0001,0.75,0.1,0.2,5.0,66.473428,68.73398639436463,2.260558394364637,2.260558394364637
G05_R0404,G05,LOGO,holdout_G05,G05,250,3,0.0001,0.75,0.2,0.2,5.0,105.522105,108.80720197634682,3.2850969763468214,3.2850969763468214
G05_R0405,G05,LOGO,holdout_G05,G05,250,3,0.0001,0.75,0.3,0.2,5.0,171.223648,176.18239008648135,4.958742086481351,4.958742086481351
G05_R0406,G05,LOGO,holdout_G05,G05,250,3,0.0001,0.7,0.1,0.2,5.0,66.732761,68.92629813509525,2.193537135095255,2.193537135095255
G05_R0407,G05,LOGO,holdout_G05,G05,250,3,0.0001,0.7,0.2,0.2,5.0,106.211232,109.32514282513986,3.113910825139868,3.113910825139868
G05_R0408,G05,LOGO,holdout_G05,G05,250,3,0.0001,0.7,0.3,0.2,5.0,172.647137,177.22929830419028,4.5821613041902935,4.5821613041902935
G05_R0409,G05,LOGO,holdout_G05,G05,250,3,1e-05,0.85,0.1,0.2,5.0,93.168401,95.51307530325823,2.3446743032582305,2.3446743032582305
G05_R0410,G05,LOGO,holdout_G05,G05,250,3,1e-05,0.85,0.2,0.2,5.0,188.621369,192.50539312986365,3.884024129863661,3.884024129863661
G05_R0411,G05,LOGO,holdout_G05,G05,250,3,1e-05,0.85,0.3,0.2,5.0,344.86763,351.17201110441204,6.304381104412016,6.304381104412016
G05_R0412,G05,LOGO,holdout_G05,G05,250,3,1e-05,0.8,0.1,0.2,5.0,93.573862,95.81728301712396,2.243421017123964,2.243421017123964
G05_R0413,G05,LOGO,holdout_G05,G05,250,3,1e-05,0.8,0.2,0.2,5.0,189.900716,193.4428756597092,3.5421596597092275,3.5421596597092275
G05_R0414,G05,LOGO,holdout_G05,G05,250,3,1e-05,0.8,0.3,0.2,5.0,347.47704000000004,353.14273300440954,5.665693004409491,5.665693004409491
G05_R0415,G05,LOGO,holdout_G05,G05,250,3,1e-05,0.75,0.1,0.2,5.0,94.03727,96.38695925048889,2.349689250488879,2.349689250488879
G05_R0416,G05,LOGO,holdout_G05,G05,250,3,1e-05,0.75,0.2,0.2,5.0,191.380008,195.24616476973537,3.866156769735369,3.866156769735369
G05_R0417,G05,LOGO,holdout_G05,G05,250,3,1e-05,0.75,0.3,0.2,5.0,350.49641,356.89638376183984,6.399973761839817,6.399973761839817
G05_R0418,G05,LOGO,holdout_G05,G05,250,3,1e-05,0.7,0.1,0.2,5.0,94.570616,96.78226792584104,2.211651925841039,2.211651925841039
G05_R0419,G05,LOGO,holdout_G05,G05,250,3,1e-05,0.7,0.2,0.2,5.0,193.09924,196.5494302086794,3.450190208679402,3.450190208679402
G05_R0420,G05,LOGO,holdout_G05,G05,250,3,1e-05,0.7,0.3,0.2,5.0,354.01576,359.5210923810101,5.505332381010078,5.505332381010078
G05_R0421,G05,LOGO,holdout_G05,G05,250,3,1e-06,0.85,0.1,0.2,5.0,279.716671,280.66020074443423,0.9435297444342154,0.9435297444342154
G05_R0422,G05,LOGO,holdout_G05,G05,250,3,1e-06,0.85,0.2,0.2,5.0,862.75248,866.9593686725212,4.206888672521245,4.206888672521245
G05_R0423,G05,LOGO,holdout_G05,G05,250,3,1e-06,0.85,0.3,0.2,5.0,1820.15434,1827.465173402688,7.310833402687649,7.310833402687649
G05_R0424,G05,LOGO,holdout_G05,G05,250,3,1e-06,0.8,0.1,0.2,5.0,280.956474,281.5580431951776,0.6015691951775466,0.6015691951775466
G05_R0425,G05,LOGO,holdout_G05,G05,250,3,1e-06,0.8,0.2,0.2,5.0,866.75223,870.0730041585049,3.3207741585048325,3.3207741585048325
G05_R0426,G05,LOGO,holdout_G05,G05,250,3,1e-06,0.8,0.3,0.2,5.0,1828.15405,1833.3804299777084,5.226379977708348,5.226379977708348
G05_R0427,G05,LOGO,holdout_G05,G05,250,3,1e-06,0.75,0.1,0.2,5.0,282.436263,283.2594339225327,0.8231709225327108,0.8231709225327108
G05_R0428,G05,LOGO,holdout_G05,G05,250,3,1e-06,0.75,0.2,0.2,5.0,871.57195,875.9571305175107,4.385180517510662,4.385180517510662
G05_R0429,G05,LOGO,holdout_G05,G05,250,3,1e-06,0.75,0.3,0.2,5.0,1837.55373,1845.058133208543,7.5044032085429535,7.5044032085429535
G05_R0430,G05,LOGO,holdout_G05,G05,250,3,1e-06,0.7,0.1,0.2,5.0,284.216035,284.55137412843027,0.3353391284302915,0.3353391284302915
G05_R0431,G05,LOGO,holdout_G05,G05,250,3,1e-06,0.7,0.2,0.2,5.0,877.28165,880.033124621083,2.7514746210829344,2.7514746210829344
G05_R0432,G05,LOGO,holdout_G05,G05,250,3,1e-06,0.7,0.3,0.2,5.0,1848.75339,1853.193906601276,4.440516601276158,4.440516601276158
G05_R0433,G05,LOGO,holdout_G05,G05,250,6,0.001,0.85,0.1,0.2,5.0,53.743645,55.49276785919053,1.7491228591905283,1.7491228591905283
G05_R0434,G05,LOGO,holdout_G05,G05,250,6,0.001,0.85,0.2,0.2,5.0,80.073689,81.71716346477243,1.6434744647724244,1.6434744647724244
G05_R0435,G05,LOGO,holdout_G05,G05,250,6,0.001,0.85,0.3,0.2,5.0,122.152989,123.22815513329697,1.0751661332969604,1.0751661332969604
G05_R0436,G05,LOGO,holdout_G05,G05,250,6,0.001,0.8,0.1,0.2,5.0,54.06946,55.74752618369072,1.6780661836907242,1.6780661836907242
G05_R0437,G05,LOGO,holdout_G05,G05,250,6,0.001,0.8,0.2,0.2,5.0,80.716712,82.23016962989799,1.5134576298979852,1.5134576298979852
G05_R0438,G05,LOGO,holdout_G05,G05,250,6,0.001,0.8,0.3,0.2,5.0,123.381174,124.15473021654492,0.7735562165449181,0.7735562165449181
G05_R0439,G05,LOGO,holdout_G05,G05,250,6,0.001,0.75,0.1,0.2,5.0,54.417125000000006,56.1814557086216,1.7643307086215927,1.7643307086215927
G05_R0440,G05,LOGO,holdout_G05,G05,250,6,0.001,0.75,0.2,0.2,5.0,81.404502,83.07139679751927,1.6668947975192765,1.6668947975192765
G05_R0441,G05,LOGO,holdout_G05,G05,250,6,0.001,0.75,0.3,0.2,5.0,124.709267,125.7483048234018,1.039037823401813,1.039037823401813
G05_R0442,G05,LOGO,holdout_G05,G05,250,6,0.001,0.7,0.1,0.2,5.0,54.789619,56.480791771478415,1.6911727714784135,1.6911727714784135
G05_R0443,G05,LOGO,holdout_G05,G05,250,6,0.001,0.7,0.2,0.2,5.0,82.144241,83.62740227535336,1.4831612753533676,1.4831612753533676
G05_R0444,G05,LOGO,holdout_G05,G05,250,6,0.001,0.7,0.3,0.2,5.0,126.147261,126.8504115504704,0.7031505504703972,0.7031505504703972
G05_R0445,G05,LOGO,holdout_G05,G05,250,6,0.0001,0.85,0.1,0.2,5.0,66.01930899999999,68.27571311095909,2.256404110959096,2.256404110959096
G05_R0446,G05,LOGO,holdout_G05,G05,250,6,0.0001,0.85,0.2,0.2,5.0,104.35358,107.64792974521146,3.2943497452114627,3.2943497452114627
G05_R0447,G05,LOGO,holdout_G05,G05,250,6,0.0001,0.85,0.3,0.2,5.0,168.857607,173.7850853252398,4.927478325239804,4.927478325239804
G05_R0448,G05,LOGO,holdout_G05,G05,250,6,0.0001,0.8,0.1,0.2,5.0,66.236936,68.44676573480092,2.20982973480092,2.20982973480092
G05_R0449,G05,LOGO,holdout_G05,G05,250,6,0.0001,0.8,0.2,0.2,5.0,104.912881,108.0783624534948,3.165481453494792,3.165481453494792
G05_R0450,G05,LOGO,holdout_G05,G05,250,6,0.0001,0.8,0.3,0.2,5.0,169.97048,174.61094475296954,4.640464752969535,4.640464752969535
G05_R0451,G05,LOGO,holdout_G05,G05,250,6,0.0001,0.75,0.1,0.2,5.0,66.473428,68.73462431207295,2.261196312072954,2.261196312072954
G05_R0452,G05,LOGO,holdout_G05,G05,250,6,0.0001,0.75,0.2,0.2,5.0,105.522105,108.80787641803434,3.285771418034344,3.285771418034344
G05_R0453,G05,LOGO,holdout_G05,G05,250,6,0.0001,0.75,0.3,0.2,5.0,171.223648,176.1848747179635,4.9612267179635126,4.9612267179635126
G05_R0454,G05,LOGO,holdout_G05,G05,250,6,0.0001,0.7,0.1,0.2,5.0,66.732761,68.92693605280357,2.1941750528035726,2.1941750528035726
G05_R0455,G05,LOGO,holdout_G05,G05,250,6,0.0001,0.7,0.2,0.2,5.0,106.211232,109.3258172668274,3.1145852668273903,3.1145852668273903
G05_R0456,G05,LOGO,holdout_G05,G05,250,6,0.0001,0.7,0.3,0.2,5.0,172.647137,177.2317829356724,4.584645935672427,4.584645935672427
G05_R0457,G05,LOGO,holdout_G05,G05,250,6,1e-05,0.85,0.1,0.2,5.0,93.168401,95.51334415965404,2.3449431596540222,2.3449431596540222
G05_R0458,G05,LOGO,holdout_G05,G05,250,6,1e-05,0.85,0.2,0.2,5.0,188.621369,192.50832074819704,3.886951748197049,3.886951748197049
G05_R0459,G05,LOGO,holdout_G05,G05,250,6,1e-05,0.85,0.3,0.2,5.0,344.86763,351.170518284412,6.302888284411949,6.302888284411949
G05_R0460,G05,LOGO,holdout_G05,G05,250,6,1e-05,0.8,0.1,0.2,5.0,93.573862,95.81755187351978,2.24368987351977,2.24368987351977
G05_R0461,G05,LOGO,holdout_G05,G05,250,6,1e-05,0.8,0.2,0.2,5.0,189.900716,193.4468933405426,3.546177340542613,3.546177340542613
G05_R0462,G05,LOGO,holdout_G05,G05,250,6,1e-05,0.8,0.3,0.2,5.0,347.47704000000004,353.1412401844095,5.664200184409481,5.664200184409481
G05_R0463,G05,LOGO,holdout_G05,G05,250,6,1e-05,0.75,0.1,0.2,5.0,94.03727,96.38786435393231,2.350594353932322,2.350594353932322
G05_R0464,G05,LOGO,holdout_G05,G05,250,6,1e-05,0.75,0.2,0.2,5.0,191.380008,195.24934615473543,3.869338154735431,3.869338154735431
G05_R0465,G05,LOGO,holdout_G05,G05,250,6,1e-05,0.75,0.3,0.2,5.0,350.49641,356.8842365935065,6.387826593506475,6.387826593506475
G05_R0466,G05,LOGO,holdout_G05,G05,250,6,1e-05,0.7,0.1,0.2,5.0,94.570616,96.78322037647196,2.2126043764719583,2.2126043764719583
G05_R0467,G05,LOGO,holdout_G05,G05,250,6,1e-05,0.7,0.2,0.2,5.0,193.09924,196.55261159367947,3.453371593679464,3.453371593679464
G05_R0468,G05,LOGO,holdout_G05,G05,250,6,1e-05,0.7,0.3,0.2,5.0,354.01576,359.5041081060101,5.488348106010108,5.488348106010108
G05_R0469,G05,LOGO,holdout_G05,G05,250,6,1e-06,0.85,0.1,0.2,5.0,279.716671,280.66274630845504,0.946075308455022,0.946075308455022
G05_R0470,G05,LOGO,holdout_G05,G05,250,6,1e-06,0.85,0.2,0.2,5.0,862.75248,866.9390368133543,4.186556813354287,4.186556813354287
G05_R0471,G05,LOGO,holdout_G05,G05,250,6,1e-06,0.85,0.3,0.2,5.0,1820.15434,1827.4687864237285,7.314446423728441,7.314446423728441
G05_R0472,G05,LOGO,holdout_G05,G05,250,6,1e-06,0.8,0.1,0.2,5.0,280.956474,281.5605887591984,0.6041147591983531,0.6041147591983531
G05_R0473,G05,LOGO,holdout_G05,G05,250,6,1e-06,0.8,0.2,0.2,5.0,866.75223,870.050668261838,3.298438261837987,3.298438261837987
G05_R0474,G05,LOGO,holdout_G05,G05,250,6,1e-06,0.8,0.3,0.2,5.0,1828.15405,1833.3840429987492,5.229992998749367,5.229992998749367
G05_R0475,G05,LOGO,holdout_G05,G05,250,6,1e-06,0.75,0.1,0.2,5.0,282.436263,283.2625328154079,0.8262698154078976,0.8262698154078976
G05_R0476,G05,LOGO,holdout_G05,G05,250,6,1e-06,0.75,0.2,0.2,5.0,871.57195,875.9485956081355,4.3766456081355045,4.3766456081355045
G05_R0477,G05,LOGO,holdout_G05,G05,250,6,1e-06,0.75,0.3,0.2,5.0,1837.55373,1845.1143937318773,7.560663731877184,7.560663731877184
G05_R0478,G05,LOGO,holdout_G05,G05,250,6,1e-06,0.7,0.1,0.2,5.0,284.216035,284.55447302130534,0.3384380213053646,0.3384380213053646
G05_R0479,G05,LOGO,holdout_G05,G05,250,6,1e-06,0.7,0.2,0.2,5.0,877.28165,880.0245897117078,2.742939711707777,2.742939711707777
G05_R0480,G05,LOGO,holdout_G05,G05,250,6,1e-06,0.7,0.3,0.2,5.0,1848.75339,1853.2501671246105,4.496777124610389,4.496777124610389
G05_R0481,G05,LOGO,holdout_G05,G05,250,20,0.001,0.85,0.1,0.2,5.0,53.743645,55.49432791223221,1.7506829122322074,1.7506829122322074
G05_R0482,G05,LOGO,holdout_G05,G05,250,20,0.001,0.85,0.2,0.2,5.0,80.073689,81.72139043207797,1.647701432077966,1.647701432077966
G05_R0483,G05,LOGO,holdout_G05,G05,250,20,0.001,0.85,0.3,0.2,5.0,122.152989,123.22995538453104,1.0769663845310475,1.0769663845310475
G05_R0484,G05,LOGO,holdout_G05,G05,250,20,0.001,0.8,0.1,0.2,5.0,54.06946,55.74884545610741,1.6793854561074113,1.6793854561074113
G05_R0485,G05,LOGO,holdout_G05,G05,250,20,0.001,0.8,0.2,0.2,5.0,80.716712,82.23439659720354,1.5176845972035409,1.5176845972035409
G05_R0486,G05,LOGO,holdout_G05,G05,250,20,0.001,0.8,0.3,0.2,5.0,123.381174,124.15694547840404,0.7757714784040246,0.7757714784040246
G05_R0487,G05,LOGO,holdout_G05,G05,250,20,0.001,0.75,0.1,0.2,5.0,54.417125000000006,56.18040180945494,1.7632768094549365,1.7632768094549365
G05_R0488,G05,LOGO,holdout_G05,G05,250,20,0.001,0.75,0.2,0.2,5.0,81.404502,83.06894547860256,1.664443478602564,1.664443478602564
G05_R0489,G05,LOGO,holdout_G05,G05,250,20,0.001,0.75,0.3,0.2,5.0,124.709267,125.74008885840826,1.0308218584082596,1.0308218584082596
G05_R0490,G05,LOGO,holdout_G05,G05,250,20,0.001,0.7,0.1,0.2,5.0,54.789619,56.47981259693676,1.6901935969367583,1.6901935969367583
G05_R0491,G05,LOGO,holdout_G05,G05,250,20,0.001,0.7,0.2,0.2,5.0,82.144241,83.62524252060335,1.4810015206033569,1.4810015206033569
G05_R0492,G05,LOGO,holdout_G05,G05,250,20,0.001,0.7,0.3,0.2,5.0,126.147261,126.84155404647684,0.6942930464768438,0.6942930464768438
G05_R0493,G05,LOGO,holdout_G05,G05,250,20,0.0001,0.85,0.1,0.2,5.0,66.01930899999999,68.27573257647283,2.256423576472841,2.256423576472841
G05_R0494,G05,LOGO,holdout_G05,G05,250,20,0.0001,0.85,0.2,0.2,5.0,104.35358,107.64706755853284,3.29348755853286,3.29348755853286
G05_R0495,G05,LOGO,holdout_G05,G05,250,20,0.0001,0.85,0.3,0.2,5.0,168.857607,173.7763404840971,4.918733484097089,4.918733484097089
G05_R0496,G05,LOGO,holdout_G05,G05,250,20,0.0001,0.8,0.1,0.2,5.0,66.236936,68.44734215683543,2.2104061568354325,2.2104061568354325
G05_R0497,G05,LOGO,holdout_G05,G05,250,20,0.0001,0.8,0.2,0.2,5.0,104.912881,108.0781025478995,3.165221547899506,3.165221547899506
G05_R0498,G05,LOGO,holdout_G05,G05,250,20,0.0001,0.8,0.3,0.2,5.0,169.97048,174.6021999118268,4.631719911826792,4.631719911826792
G05_R0499,G05,LOGO,holdout_G05,G05,250,20,0.0001,0.75,0.1,0.2,5.0,66.473428,68.73362809853128,2.2602000985312856,2.2602000985312856
G05_R0500,G05,LOGO,holdout_G05,G05,250,20,0.0001,0.75,0.2,0.2,5.0,105.522105,108.81232221710272,3.290217217102736,3.290217217102736
G05_R0501,G05,LOGO,holdout_G05,G05,250,20,0.0001,0.75,0.3,0.2,5.0,171.223648,176.1916570943831,4.968009094383092,4.968009094383092
G05_R0502,G05,LOGO,holdout_G05,G05,250,20,0.0001,0.7,0.1,0.2,5.0,66.732761,68.9258157158244,2.1930547158244025,2.1930547158244025
G05_R0503,G05,LOGO,holdout_G05,G05,250,20,0.0001,0.7,0.2,0.2,5.0,106.211232,109.32987375030656,3.1186417503065518,3.1186417503065518
G05_R0504,G05,LOGO,holdout_G05,G05,250,20,0.0001,0.7,0.3,0.2,5.0,172.647137,177.23963033302954,4.592493333029552,4.592493333029552
G05_R0505,G05,LOGO,holdout_G05,G05,250,20,1e-05,0.85,0.1,0.2,5.0,93.168401,95.51461682498696,2.3462158249869702,2.3462158249869702
G05_R0506,G05,LOGO,holdout_G05,G05,250,20,1e-05,0.85,0.2,0.2,5.0,188.621369,192.5071406239709,3.885771623970953,3.885771623970953
G05_R0507,G05,LOGO,holdout_G05,G05,250,20,1e-05,0.85,0.3,0.2,5.0,344.86763,351.1506369541739,6.283006954173857,6.283006954173857
G05_R0508,G05,LOGO,holdout_G05,G05,250,20,1e-05,0.8,0.1,0.2,5.0,93.573862,95.81915640487964,2.2452944048796297,2.2452944048796297
G05_R0509,G05,LOGO,holdout_G05,G05,250,20,1e-05,0.8,0.2,0.2,5.0,189.900716,193.4470507163165,3.546334716316551,3.546334716316551
G05_R0510,G05,LOGO,holdout_G05,G05,250,20,1e-05,0.8,0.3,0.2,5.0,347.47704000000004,353.1188406291715,5.641800629171428,5.641800629171428
G05_R0511,G05,LOGO,holdout_G05,G05,250,20,1e-05,0.75,0.1,0.2,5.0,94.03727,96.38936822399468,2.3520982239946733,2.3520982239946733
G05_R0512,G05,LOGO,holdout_G05,G05,250,20,1e-05,0.75,0.2,0.2,5.0,191.380008,195.24370756517357,3.863699565173533,3.863699565173533
G05_R0513,G05,LOGO,holdout_G05,G05,250,20,1e-05,0.75,0.3,0.2,5.0,350.49641,356.89351237922085,6.397102379220826,6.397102379220826
G05_R0514,G05,LOGO,holdout_G05,G05,250,20,1e-05,0.7,0.1,0.2,5.0,94.570616,96.78475510064162,2.214139100641617,2.214139100641617
G05_R0515,G05,LOGO,holdout_G05,G05,250,20,1e-05,0.7,0.2,0.2,5.0,193.09924,196.5455787303668,3.4463387303667616,3.4463387303667616
G05_R0516,G05,LOGO,holdout_G05,G05,250,20,1e-05,0.7,0.3,0.2,5.0,354.01576,359.51338389172446,5.497623891724459,5.497623891724459
G05_R0517,G05,LOGO,holdout_G05,G05,250,20,1e-06,0.85,0.1,0.2,5.0,279.716671,280.66414052338564,0.947469523385621,0.947469523385621
G05_R0518,G05,LOGO,holdout_G05,G05,250,20,1e-06,0.85,0.2,0.2,5.0,862.75248,866.9226416057945,4.170161605794533,4.170161605794533
G05_R0519,G05,LOGO,holdout_G05,G05,250,20,1e-06,0.85,0.3,0.2,5.0,1820.15434,1827.418943206852,7.264603206852144,7.264603206852144
G05_R0520,G05,LOGO,holdout_G05,G05,250,20,1e-06,0.8,0.1,0.2,5.0,280.956474,281.5619829741289,0.6055089741288953,0.6055089741288953
G05_R0521,G05,LOGO,holdout_G05,G05,250,20,1e-06,0.8,0.2,0.2,5.0,866.75223,870.0302649792783,3.278034979278232,3.278034979278232
G05_R0522,G05,LOGO,holdout_G05,G05,250,20,1e-06,0.8,0.3,0.2,5.0,1828.15405,1833.3290499643729,5.174999964372773,5.174999964372773
G05_R0523,G05,LOGO,holdout_G05,G05,250,20,1e-06,0.75,0.1,0.2,5.0,282.436263,283.2748227239982,0.8385597239982303,0.8385597239982303
G05_R0524,G05,LOGO,holdout_G05,G05,250,20,1e-06,0.75,0.2,0.2,5.0,871.57195,875.9775711991626,4.405621199162624,4.405621199162624
G05_R0525,G05,LOGO,holdout_G05,G05,250,20,1e-06,0.75,0.3,0.2,5.0,1837.55373,1845.1135784241696,7.559848424169786,7.559848424169786
G05_R0526,G05,LOGO,holdout_G05,G05,250,20,1e-06,0.7,0.1,0.2,5.0,284.216035,284.5654194234374,0.3493844234374137,0.3493844234374137
G05_R0527,G05,LOGO,holdout_G05,G05,250,20,1e-06,0.7,0.2,0.2,5.0,877.28165,880.0540610839847,2.772411083984707,2.772411083984707
G05_R0528,G05,LOGO,holdout_G05,G05,250,20,1e-06,0.7,0.3,0.2,5.0,1848.75339,1853.257268191904,4.503878191903596,4.503878191903596
G05_R0529,G05,LOGO,holdout_G05,G05,250,50,0.001,0.85,0.1,0.2,5.0,53.743645,55.49575703556554,1.7521120355655384,1.7521120355655384
G05_R0530,G05,LOGO,holdout_G05,G05,250,50,0.001,0.85,0.2,0.2,5.0,80.073689,81.71925826741132,1.645569267411318,1.645569267411318
G05_R0531,G05,LOGO,holdout_G05,G05,250,50,0.001,0.85,0.3,0.2,5.0,122.152989,123.22584704286432,1.0728580428643255,1.0728580428643255
G05_R0532,G05,LOGO,holdout_G05,G05,250,50,0.001,0.8,0.1,0.2,5.0,54.06946,55.75027457944074,1.6808145794407423,1.6808145794407423
G05_R0533,G05,LOGO,holdout_G05,G05,250,50,0.001,0.8,0.2,0.2,5.0,80.716712,82.23350172670357,1.5167897267035642,1.5167897267035642
G05_R0534,G05,LOGO,holdout_G05,G05,250,50,0.001,0.8,0.3,0.2,5.0,123.381174,124.15366715798731,0.7724931579873129,0.7724931579873129
G05_R0535,G05,LOGO,holdout_G05,G05,250,50,0.001,0.75,0.1,0.2,5.0,54.417125000000006,56.180136950767455,1.763011950767449,1.763011950767449
G05_R0536,G05,LOGO,holdout_G05,G05,250,50,0.001,0.75,0.2,0.2,5.0,81.404502,83.07074345555495,1.6662414555549532,1.6662414555549532
G05_R0537,G05,LOGO,holdout_G05,G05,250,50,0.001,0.75,0.3,0.2,5.0,124.709267,125.73748213728328,1.0282151372832686,1.0282151372832686
G05_R0538,G05,LOGO,holdout_G05,G05,250,50,0.001,0.7,0.1,0.2,5.0,54.789619,56.47954773824927,1.6899287382492645,1.6899287382492645
G05_R0539,G05,LOGO,holdout_G05,G05,250,50,0.001,0.7,0.2,0.2,5.0,82.144241,83.62704049755571,1.4827994975557175,1.4827994975557175
G05_R0540,G05,LOGO,holdout_G05,G05,250,50,0.001,0.7,0.3,0.2,5.0,126.147261,126.83918653576852,0.691925535768533,0.691925535768533
G05_R0541,G05,LOGO,holdout_G05,G05,250,50,0.0001,0.85,0.1,0.2,5.0,66.01930899999999,68.27525248022282,2.2559434802228253,2.2559434802228253
G05_R0542,G05,LOGO,holdout_G05,G05,250,50,0.0001,0.85,0.2,0.2,5.0,104.35358,107.64971271453288,3.296132714532888,3.296132714532888
G05_R0543,G05,LOGO,holdout_G05,G05,250,50,0.0001,0.85,0.3,0.2,5.0,168.857607,173.7733759713888,4.915768971388786,4.915768971388786
G05_R0544,G05,LOGO,holdout_G05,G05,250,50,0.0001,0.8,0.1,0.2,5.0,66.236936,68.44686206058543,2.209926060585431,2.209926060585431
G05_R0545,G05,LOGO,holdout_G05,G05,250,50,0.0001,0.8,0.2,0.2,5.0,104.912881,108.08195185827454,3.1690708582745373,3.1690708582745373
G05_R0546,G05,LOGO,holdout_G05,G05,250,50,0.0001,0.8,0.3,0.2,5.0,169.97048,174.59923539911847,4.628755399118461,4.628755399118461
G05_R0547,G05,LOGO,holdout_G05,G05,250,50,0.0001,0.75,0.1,0.2,5.0,66.473428,68.73372058632295,2.2602925863229477,2.2602925863229477
G05_R0548,G05,LOGO,holdout_G05,G05,250,50,0.0001,0.75,0.2,0.2,5.0,105.522105,108.81741523808188,3.295310238081882,3.295310238081882
G05_R0549,G05,LOGO,holdout_G05,G05,250,50,0.0001,0.75,0.3,0.2,5.0,171.223648,176.1899549462998,4.966306946299795,4.966306946299795
G05_R0550,G05,LOGO,holdout_G05,G05,250,50,0.0001,0.7,0.1,0.2,5.0,66.732762,68.92590820361606,2.1931462036160667,2.1931462036160667
G05_R0551,G05,LOGO,holdout_G05,G05,250,50,0.0001,0.7,0.2,0.2,5.0,106.211232,109.3345799400357,3.1233479400357,3.1233479400357
G05_R0552,G05,LOGO,holdout_G05,G05,250,50,0.0001,0.7,0.3,0.2,5.0,172.647137,177.23924250890454,4.592105508904552,4.592105508904552
G05_R0553,G05,LOGO,holdout_G05,G05,250,50,1e-05,0.85,0.1,0.2,5.0,93.168401,95.51619801687234,2.3477970168723346,2.3477970168723346
G05_R0554,G05,LOGO,holdout_G05,G05,250,50,1e-05,0.85,0.2,0.2,5.0,188.621369,192.5063560756375,3.884987075637525,3.884987075637525
G05_R0555,G05,LOGO,holdout_G05,G05,250,50,1e-05,0.85,0.3,0.2,5.0,344.86763,351.1460745833406,6.278444583340558,6.278444583340558
G05_R0556,G05,LOGO,holdout_G05,G05,250,50,1e-05,0.8,0.1,0.2,5.0,93.573862,95.82040680864002,2.24654480864001,2.24654480864001
G05_R0557,G05,LOGO,holdout_G05,G05,250,50,1e-05,0.8,0.2,0.2,5.0,189.900716,193.4486936346498,3.5479776346498118,3.5479776346498118
G05_R0558,G05,LOGO,holdout_G05,G05,250,50,1e-05,0.8,0.3,0.2,5.0,347.47704000000004,353.11648400833815,5.639444008338103,5.639444008338103
G05_R0559,G05,LOGO,holdout_G05,G05,250,50,1e-05,0.75,0.1,0.2,5.0,94.03727,96.38986677482804,2.352596774828029,2.352596774828029
G05_R0560,G05,LOGO,holdout_G05,G05,250,50,1e-05,0.75,0.2,0.2,5.0,191.380008,195.24916472170125,3.869156721701245,3.869156721701245
G05_R0561,G05,LOGO,holdout_G05,G05,250,50,1e-05,0.75,0.3,0.2,5.0,350.49641,356.8723758750541,6.375965875054078,6.375965875054078
G05_R0562,G05,LOGO,holdout_G05,G05,250,50,1e-05,0.7,0.1,0.2,5.0,94.570616,96.78525365147496,2.214637651474959,2.214637651474959
G05_R0563,G05,LOGO,holdout_G05,G05,250,50,1e-05,0.7,0.2,0.2,5.0,193.09924,196.54978409564447,3.45054409564446,3.45054409564446
G05_R0564,G05,LOGO,holdout_G05,G05,250,50,1e-05,0.7,0.3,0.2,5.0,354.01576,359.4973554417244,5.48159544172438,5.48159544172438
G05_R0565,G05,LOGO,holdout_G05,G05,250,50,1e-06,0.85,0.1,0.2,5.0,279.716671,280.6627751581772,0.9461041581772064,0.9461041581772064
G05_R0566,G05,LOGO,holdout_G05,G05,250,50,1e-06,0.85,0.2,0.2,5.0,862.75248,866.9095019393365,4.15702193933646,4.15702193933646
G05_R0567,G05,LOGO,holdout_G05,G05,250,50,1e-06,0.85,0.3,0.2,5.0,1820.15434,1827.4817785526864,7.327438552686317,7.327438552686317
G05_R0568,G05,LOGO,holdout_G05,G05,250,50,1e-06,0.8,0.1,0.2,5.0,280.956474,281.56072382183726,0.604249821837243,0.604249821837243
G05_R0569,G05,LOGO,holdout_G05,G05,250,50,1e-06,0.8,0.2,0.2,5.0,866.75223,870.0171253128203,3.264895312820272,3.264895312820272
G05_R0570,G05,LOGO,holdout_G05,G05,250,50,1e-06,0.8,0.3,0.2,5.0,1828.15405,1833.3918853102075,5.237835310207402,5.237835310207402
G05_R0571,G05,LOGO,holdout_G05,G05,250,50,1e-06,0.75,0.1,0.2,5.0,282.436263,283.2727595896469,0.836496589646913,0.836496589646913
G05_R0572,G05,LOGO,holdout_G05,G05,250,50,1e-06,0.75,0.2,0.2,5.0,871.57195,875.9817783147877,4.40982831478766,4.40982831478766
G05_R0573,G05,LOGO,holdout_G05,G05,250,50,1e-06,0.75,0.3,0.2,5.0,1837.55373,1845.186209175836,7.63247917583567,7.63247917583567
G05_R0574,G05,LOGO,holdout_G05,G05,250,50,1e-06,0.7,0.1,0.2,5.0,284.216035,284.5649934947111,0.3489584947110984,0.3489584947110984
G05_R0575,G05,LOGO,holdout_G05,G05,250,50,1e-06,0.7,0.2,0.2,5.0,877.28165,880.0645261114847,2.782876111484711,2.782876111484711
G05_R0576,G05,LOGO,holdout_G05,G05,250,50,1e-06,0.7,0.3,0.2,5.0,1848.75339,1853.320159722736,4.5667697227358985,4.5667697227358985
G05_R0577,G05,LOGO,holdout_G05,G05,500,3,0.001,0.85,0.1,0.2,5.0,136.67735100000002,142.2501201445834,5.57276914458339,5.57276914458339
G05_R0578,G05,LOGO,holdout_G05,G05,500,3,0.001,0.85,0.2,0.2,5.0,206.8988,210.38397786241745,3.4851778624174585,3.4851778624174585
G05_R0579,G05,LOGO,holdout_G05,G05,500,3,0.001,0.85,0.3,0.2,5.0,317.58106000000004,317.5258402704532,-0.0552197295468204,0.0552197295468204
G05_R0580,G05,LOGO,holdout_G05,G05,500,3,0.001,0.8,0.1,0.2,5.0,137.61308200000002,142.99593706115124,5.3828550611512185,5.3828550611512185
G05_R0581,G05,LOGO,holdout_G05,G05,500,3,0.001,0.8,0.2,0.2,5.0,208.81557,211.90980840070483,3.0942384007048247,3.0942384007048247
G05_R0582,G05,LOGO,holdout_G05,G05,500,3,0.001,0.8,0.3,0.2,5.0,321.26845000000003,320.23647447295707,-1.0319755270429596,1.0319755270429596
G05_R0583,G05,LOGO,holdout_G05,G05,500,3,0.001,0.75,0.1,0.2,5.0,138.618542,144.26426729112166,5.645725291121664,5.645725291121664
G05_R0584,G05,LOGO,holdout_G05,G05,500,3,0.001,0.75,0.2,0.2,5.0,210.86219,214.4049168025296,3.5427268025296144,3.5427268025296144
G05_R0585,G05,LOGO,holdout_G05,G05,500,3,0.001,0.75,0.3,0.2,5.0,325.24581,324.94652795180195,-0.2992820481980516,0.2992820481980516
G05_R0586,G05,LOGO,holdout_G05,G05,500,3,0.001,0.7,0.1,0.2,5.0,139.683705,145.0779383678715,5.394233367871493,5.394233367871493
G05_R0587,G05,LOGO,holdout_G05,G05,500,3,0.001,0.7,0.2,0.2,5.0,213.06853,216.1589692645065,3.0904392645065,3.0904392645065
G05_R0588,G05,LOGO,holdout_G05,G05,500,3,0.001,0.7,0.3,0.2,5.0,329.55309,328.02183841618137,-1.53125158381863,1.53125158381863
G05_R0589,G05,LOGO,holdout_G05,G05,500,3,0.0001,0.85,0.1,0.2,5.0,165.344539,172.53122732337334,7.186688323373346,7.186688323373346
G05_R0590,G05,LOGO,holdout_G05,G05,500,3,0.0001,0.85,0.2,0.2,5.0,265.485887,275.3374764707879,9.851589470787928,9.851589470787928
G05_R0591,G05,LOGO,holdout_G05,G05,500,3,0.0001,0.85,0.3,0.2,5.0,433.90025,446.0094002717841,12.109150271784015,12.109150271784015
G05_R0592,G05,LOGO,holdout_G05,G05,500,3,0.0001,0.8,0.1,0.2,5.0,166.04222499999997,173.0691165952491,7.02689159524914,7.02689159524914
G05_R0593,G05,LOGO,holdout_G05,G05,500,3,0.0001,0.8,0.2,0.2,5.0,267.33919000000003,276.754459428861,9.415269428860997,9.415269428860997
G05_R0594,G05,LOGO,holdout_G05,G05,500,3,0.0001,0.8,0.3,0.2,5.0,437.77159,448.919908746014,11.148318746014011,11.148318746014011
G05_R0595,G05,LOGO,holdout_G05,G05,500,3,0.0001,0.75,0.1,0.2,5.0,166.78968999999998,173.99917771772354,7.209487717723562,7.209487717723562
G05_R0596,G05,LOGO,holdout_G05,G05,500,3,0.0001,0.75,0.2,0.2,5.0,269.39263459999995,279.3341348908747,9.941500290874728,9.941500290874728
G05_R0597,G05,LOGO,holdout_G05,G05,500,3,0.0001,0.75,0.3,0.2,5.0,442.12473,454.29735170325216,12.172621703252162,12.172621703252162
G05_R0598,G05,LOGO,holdout_G05,G05,500,3,0.0001,0.7,0.1,0.2,5.0,167.62687,174.6124032197076,6.985533219707605,6.985533219707605
G05_R0599,G05,LOGO,holdout_G05,G05,500,3,0.0001,0.7,0.2,0.2,5.0,271.7562132,281.03870215309985,9.282488953099858,9.282488953099858
G05_R0600,G05,LOGO,holdout_G05,G05,500,3,0.0001,0.7,0.3,0.2,5.0,447.08985,458.0087844651318,10.91893446513177,10.91893446513177
G05_R0601,G05,LOGO,holdout_G05,G05,500,3,1e-05,0.85,0.1,0.2,5.0,228.49253,236.14148388183705,7.648953881837059,7.648953881837059
G05_R0602,G05,LOGO,holdout_G05,G05,500,3,1e-05,0.85,0.2,0.2,5.0,456.21956,468.5635631716989,12.344003171698889,12.344003171698889
G05_R0603,G05,LOGO,holdout_G05,G05,500,3,1e-05,0.85,0.3,0.2,5.0,824.3443000000001,844.4084882062667,20.064188206266635,20.064188206266635
G05_R0604,G05,LOGO,holdout_G05,G05,500,3,1e-05,0.8,0.1,0.2,5.0,229.91157,237.2502351476104,7.338665147610357,7.338665147610357
G05_R0605,G05,LOGO,holdout_G05,G05,500,3,1e-05,0.8,0.2,0.2,5.0,460.63898,471.98851425829713,11.349534258297126,11.349534258297126
G05_R0606,G05,LOGO,holdout_G05,G05,500,3,1e-05,0.8,0.3,0.2,5.0,833.5462,851.4455424756123,17.899342475612343,17.899342475612343
G05_R0607,G05,LOGO,holdout_G05,G05,500,3,1e-05,0.75,0.1,0.2,5.0,231.46052,239.06014317078225,7.599623170782223,7.599623170782223
G05_R0608,G05,LOGO,holdout_G05,G05,500,3,1e-05,0.75,0.2,0.2,5.0,465.67841,478.1129652714,12.434555271399972,12.434555271399972
G05_R0609,G05,LOGO,holdout_G05,G05,500,3,1e-05,0.75,0.3,0.2,5.0,844.0986,864.4640836339108,20.3654836339108,20.3654836339108
G05_R0610,G05,LOGO,holdout_G05,G05,500,3,1e-05,0.7,0.1,0.2,5.0,233.18936,240.3275268101187,7.138166810118719,7.138166810118719
G05_R0611,G05,LOGO,holdout_G05,G05,500,3,1e-05,0.7,0.2,0.2,5.0,471.49787,482.37445519722746,10.876585197227485,10.876585197227485
G05_R0612,G05,LOGO,holdout_G05,G05,500,3,1e-05,0.7,0.3,0.2,5.0,856.3616400000001,873.5150999096784,17.153459909678304,17.153459909678304
G05_R0613,G05,LOGO,holdout_G05,G05,500,3,1e-06,0.85,0.1,0.2,5.0,620.2189199999999,624.6456055923529,4.42668559235301,4.42668559235301
G05_R0614,G05,LOGO,holdout_G05,G05,500,3,1e-06,0.85,0.2,0.2,5.0,1861.25612,1875.251170119128,13.995050119127882,13.995050119127882
G05_R0615,G05,LOGO,holdout_G05,G05,500,3,1e-06,0.85,0.3,0.2,5.0,3886.39378,3909.728142802315,23.3343628023149,23.3343628023149
G05_R0616,G05,LOGO,holdout_G05,G05,500,3,1e-06,0.8,0.1,0.2,5.0,624.86856,627.9886600048482,3.120100004848154,3.120100004848154
G05_R0617,G05,LOGO,holdout_G05,G05,500,3,1e-06,0.8,0.2,0.2,5.0,1875.75565,1886.2994029149677,10.5437529149674,10.5437529149674
G05_R0618,G05,LOGO,holdout_G05,G05,500,3,1e-06,0.8,0.3,0.2,5.0,3915.39331,3932.429009966452,17.03569996645183,17.03569996645183
G05_R0619,G05,LOGO,holdout_G05,G05,500,3,1e-06,0.75,0.1,0.2,5.0,629.95816,634.1225571629544,4.164397162954401,4.164397162954401
G05_R0620,G05,LOGO,holdout_G05,G05,500,3,1e-06,0.75,0.2,0.2,5.0,1891.75515,1905.500439488816,13.745289488815615,13.745289488815615
G05_R0621,G05,LOGO,holdout_G05,G05,500,3,1e-06,0.75,0.3,0.2,5.0,3948.29281,3972.007453526989,23.71464352698922,23.71464352698922
G05_R0622,G05,LOGO,holdout_G05,G05,500,3,1e-06,0.7,0.1,0.2,5.0,635.55773,638.2428202039281,2.685090203928098,2.685090203928098
G05_R0623,G05,LOGO,holdout_G05,G05,500,3,1e-06,0.7,0.2,0.2,5.0,1910.35461,1919.614854979356,9.260244979355548,9.260244979355548
G05_R0624,G05,LOGO,holdout_G05,G05,500,3,1e-06,0.7,0.3,0.2,5.0,3986.59227,4001.132944471885,14.540674471885268,14.540674471885268
G05_R0625,G05,LOGO,holdout_G05,G05,500,6,0.001,0.85,0.1,0.2,5.0,136.67735100000002,142.2522131158751,5.5748621158750495,5.5748621158750495
G05_R0626,G05,LOGO,holdout_G05,G05,500,6,0.001,0.85,0.2,0.2,5.0,206.8988,210.39076973341744,3.4919697334174487,3.4919697334174487
G05_R0627,G05,LOGO,holdout_G05,G05,500,6,0.001,0.85,0.3,0.2,5.0,317.58106000000004,317.5272781933698,-0.0537818066302406,0.0537818066302406
G05_R0628,G05,LOGO,holdout_G05,G05,500,6,0.001,0.8,0.1,0.2,5.0,137.61308200000002,142.9980300324429,5.384948032442878,5.384948032442878
G05_R0629,G05,LOGO,holdout_G05,G05,500,6,0.001,0.8,0.2,0.2,5.0,208.81557,211.9206117935798,3.105041793579801,3.105041793579801
G05_R0630,G05,LOGO,holdout_G05,G05,500,6,0.001,0.8,0.3,0.2,5.0,321.26845000000003,320.2379123958737,-1.030537604126323,1.030537604126323
G05_R0631,G05,LOGO,holdout_G05,G05,500,6,0.001,0.75,0.1,0.2,5.0,138.618542,144.2620159112675,5.643473911267506,5.643473911267506
G05_R0632,G05,LOGO,holdout_G05,G05,500,6,0.001,0.75,0.2,0.2,5.0,210.86219,214.4185019558629,3.5563119558628955,3.5563119558628955
G05_R0633,G05,LOGO,holdout_G05,G05,500,6,0.001,0.75,0.3,0.2,5.0,325.24581,324.96850578367696,-0.2773042163230457,0.2773042163230457
G05_R0634,G05,LOGO,holdout_G05,G05,500,6,0.001,0.7,0.1,0.2,5.0,139.683705,145.07568698801734,5.391981988017335,5.391981988017335
G05_R0635,G05,LOGO,holdout_G05,G05,500,6,0.001,0.7,0.2,0.2,5.0,213.06853,216.1725544178398,3.1040244178397813,3.1040244178397813
G05_R0636,G05,LOGO,holdout_G05,G05,500,6,0.001,0.7,0.3,0.2,5.0,329.55309,328.0354934761813,-1.5175965238187246,1.5175965238187246
G05_R0637,G05,LOGO,holdout_G05,G05,500,6,0.0001,0.85,0.1,0.2,5.0,165.344539,172.52954237020674,7.185003370206744,7.185003370206744
G05_R0638,G05,LOGO,holdout_G05,G05,500,6,0.0001,0.85,0.2,0.2,5.0,265.485887,275.33395873976707,9.84807173976708,9.84807173976708
G05_R0639,G05,LOGO,holdout_G05,G05,500,6,0.0001,0.85,0.3,0.2,5.0,433.90025,446.01878084861727,12.11853084861724,12.11853084861724
G05_R0640,G05,LOGO,holdout_G05,G05,500,6,0.0001,0.8,0.1,0.2,5.0,166.04222499999997,173.06743164208248,7.025206642082509,7.025206642082509
G05_R0641,G05,LOGO,holdout_G05,G05,500,6,0.0001,0.8,0.2,0.2,5.0,267.33919000000003,276.7494814084652,9.410291408465184,9.410291408465184
G05_R0642,G05,LOGO,holdout_G05,G05,500,6,0.0001,0.8,0.3,0.2,5.0,437.77159,448.9292893228472,11.157699322847236,11.157699322847236
G05_R0643,G05,LOGO,holdout_G05,G05,500,6,0.0001,0.75,0.1,0.2,5.0,166.78968999999998,173.99920230105684,7.209512301056861,7.209512301056861
G05_R0644,G05,LOGO,holdout_G05,G05,500,6,0.0001,0.75,0.2,0.2,5.0,269.39263459999995,279.33380215156217,9.941167551562216,9.941167551562216
G05_R0645,G05,LOGO,holdout_G05,G05,500,6,0.0001,0.75,0.3,0.2,5.0,442.12473,454.3088432359603,12.184113235960297,12.184113235960297
G05_R0646,G05,LOGO,holdout_G05,G05,500,6,0.0001,0.7,0.1,0.2,5.0,167.62687,174.61242780304087,6.9855578030408765,6.9855578030408765
G05_R0647,G05,LOGO,holdout_G05,G05,500,6,0.0001,0.7,0.2,0.2,5.0,271.7562132,281.0383694137874,9.282156213787404,9.282156213787404
G05_R0648,G05,LOGO,holdout_G05,G05,500,6,0.0001,0.7,0.3,0.2,5.0,447.08985,458.02027599784,10.93042599783996,10.93042599783996
G05_R0649,G05,LOGO,holdout_G05,G05,500,6,1e-05,0.85,0.1,0.2,5.0,228.49253,236.14260391767047,7.650073917670483,7.650073917670483
G05_R0650,G05,LOGO,holdout_G05,G05,500,6,1e-05,0.85,0.2,0.2,5.0,456.21956,468.57078552705207,12.351225527052064,12.351225527052064
G05_R0651,G05,LOGO,holdout_G05,G05,500,6,1e-05,0.85,0.3,0.2,5.0,824.3443000000001,844.4492124654332,20.10491246543313,20.10491246543313
G05_R0652,G05,LOGO,holdout_G05,G05,500,6,1e-05,0.8,0.1,0.2,5.0,229.91157,237.25135518344376,7.339785183443752,7.339785183443752
G05_R0653,G05,LOGO,holdout_G05,G05,500,6,1e-05,0.8,0.2,0.2,5.0,460.63898,472.00124157615033,11.362261576150331,11.362261576150331
G05_R0654,G05,LOGO,holdout_G05,G05,500,6,1e-05,0.8,0.3,0.2,5.0,833.5462,851.4862667347787,17.940066734778725,17.940066734778725
G05_R0655,G05,LOGO,holdout_G05,G05,500,6,1e-05,0.75,0.1,0.2,5.0,231.46052,239.06004456140727,7.599524561407264,7.599524561407264
G05_R0656,G05,LOGO,holdout_G05,G05,500,6,1e-05,0.75,0.2,0.2,5.0,465.67841,478.1066548272887,12.428244827288664,12.428244827288664
G05_R0657,G05,LOGO,holdout_G05,G05,500,6,1e-05,0.75,0.3,0.2,5.0,844.0986,864.4791476940296,20.380547694029588,20.380547694029588
G05_R0658,G05,LOGO,holdout_G05,G05,500,6,1e-05,0.7,0.1,0.2,5.0,233.18936,240.3281619351188,7.138801935118778,7.138801935118778
G05_R0659,G05,LOGO,holdout_G05,G05,500,6,1e-05,0.7,0.2,0.2,5.0,471.49787,482.3746042201142,10.8767342201142,10.8767342201142
G05_R0660,G05,LOGO,holdout_G05,G05,500,6,1e-05,0.7,0.3,0.2,5.0,856.3616400000001,873.5285769785473,17.166936978547255,17.166936978547255
G05_R0661,G05,LOGO,holdout_G05,G05,500,6,1e-06,0.85,0.1,0.2,5.0,620.2189199999999,624.6240452965196,4.405125296519714,4.405125296519714
G05_R0662,G05,LOGO,holdout_G05,G05,500,6,1e-06,0.85,0.2,0.2,5.0,1861.25612,1875.2410559239183,13.984935923918556,13.984935923918556
G05_R0663,G05,LOGO,holdout_G05,G05,500,6,1e-06,0.85,0.3,0.2,5.0,3886.39378,3909.731142722315,23.337362722314992,23.337362722314992
G05_R0664,G05,LOGO,holdout_G05,G05,500,6,1e-06,0.8,0.1,0.2,5.0,624.86856,627.9670997090147,3.0985397090147444,3.0985397090147444
G05_R0665,G05,LOGO,holdout_G05,G05,500,6,1e-06,0.8,0.2,0.2,5.0,1875.75565,1886.2892887197584,10.5336387197583,10.5336387197583
G05_R0666,G05,LOGO,holdout_G05,G05,500,6,1e-06,0.8,0.3,0.2,5.0,3915.39331,3932.4320098864514,17.038699886451468,17.038699886451468
G05_R0667,G05,LOGO,holdout_G05,G05,500,6,1e-06,0.75,0.1,0.2,5.0,629.95816,634.0968991946214,4.138739194621394,4.138739194621394
G05_R0668,G05,LOGO,holdout_G05,G05,500,6,1e-06,0.75,0.2,0.2,5.0,1891.75515,1905.473938377566,13.718788377565945,13.718788377565945
G05_R0669,G05,LOGO,holdout_G05,G05,500,6,1e-06,0.75,0.3,0.2,5.0,3948.29281,3971.916730262406,23.623920262406045,23.623920262406045
G05_R0670,G05,LOGO,holdout_G05,G05,500,6,1e-06,0.7,0.1,0.2,5.0,635.55773,638.2171622355951,2.659432235595091,2.659432235595091
G05_R0671,G05,LOGO,holdout_G05,G05,500,6,1e-06,0.7,0.2,0.2,5.0,1910.35461,1919.5927287056056,9.238118705605755,9.238118705605755
G05_R0672,G05,LOGO,holdout_G05,G05,500,6,1e-06,0.7,0.3,0.2,5.0,3986.59227,4001.0513460248026,14.45907602480247,14.45907602480247
G05_R0673,G05,LOGO,holdout_G05,G05,500,20,0.001,0.85,0.1,0.2,5.0,136.67735100000002,142.24938039338002,5.572029393380007,5.572029393380007
G05_R0674,G05,LOGO,holdout_G05,G05,500,20,0.001,0.85,0.2,0.2,5.0,206.8988,210.39505387865972,3.4962538786597577,3.4962538786597577
G05_R0675,G05,LOGO,holdout_G05,G05,500,20,0.001,0.85,0.3,0.2,5.0,317.58106000000004,317.5317607265991,-0.0492992734009476,0.0492992734009476
G05_R0676,G05,LOGO,holdout_G05,G05,500,20,0.001,0.8,0.1,0.2,5.0,137.61308200000002,142.99549775282586,5.382415752825835,5.382415752825835
G05_R0677,G05,LOGO,holdout_G05,G05,500,20,0.001,0.8,0.2,0.2,5.0,208.81557,211.9203816719672,3.1048116719671555,3.1048116719671555
G05_R0678,G05,LOGO,holdout_G05,G05,500,20,0.001,0.8,0.3,0.2,5.0,321.26845000000003,320.242394929103,-1.02605507089703,1.02605507089703
G05_R0679,G05,LOGO,holdout_G05,G05,500,20,0.001,0.75,0.1,0.2,5.0,138.618542,144.25605515466827,5.637513154668284,5.637513154668284
G05_R0680,G05,LOGO,holdout_G05,G05,500,20,0.001,0.75,0.2,0.2,5.0,210.86219,214.4304713233852,3.5682813233852078,3.5682813233852078
G05_R0681,G05,LOGO,holdout_G05,G05,500,20,0.001,0.75,0.3,0.2,5.0,325.24581,324.96920052805206,-0.2766094719479497,0.2766094719479497
G05_R0682,G05,LOGO,holdout_G05,G05,500,20,0.001,0.7,0.1,0.2,5.0,139.683705,145.06833418401334,5.384629184013335,5.384629184013335
G05_R0683,G05,LOGO,holdout_G05,G05,500,20,0.001,0.7,0.2,0.2,5.0,213.06853,216.183813790362,3.115283790361985,3.115283790361985
G05_R0684,G05,LOGO,holdout_G05,G05,500,20,0.001,0.7,0.3,0.2,5.0,329.55309,328.0361882205564,-1.5169017794435715,1.5169017794435715
G05_R0685,G05,LOGO,holdout_G05,G05,500,20,0.0001,0.85,0.1,0.2,5.0,165.344539,172.52453108708167,7.179992087081672,7.179992087081672
G05_R0686,G05,LOGO,holdout_G05,G05,500,20,0.0001,0.85,0.2,0.2,5.0,265.485887,275.3329980666238,9.847111066623825,9.847111066623825
G05_R0687,G05,LOGO,holdout_G05,G05,500,20,0.0001,0.85,0.3,0.2,5.0,433.90025,446.0490116275576,12.14876162755752,12.14876162755752
G05_R0688,G05,LOGO,holdout_G05,G05,500,20,0.0001,0.8,0.1,0.2,5.0,166.04222499999997,173.06294949020742,7.020724490207442,7.020724490207442
G05_R0689,G05,LOGO,holdout_G05,G05,500,20,0.0001,0.8,0.2,0.2,5.0,267.33919000000003,276.75106003492675,9.41187003492672,9.41187003492672
G05_R0690,G05,LOGO,holdout_G05,G05,500,20,0.0001,0.8,0.3,0.2,5.0,437.77159,448.9529895028708,11.181399502870818,11.181399502870818
G05_R0691,G05,LOGO,holdout_G05,G05,500,20,0.0001,0.75,0.1,0.2,5.0,166.78968999999998,173.99331920552115,7.203629205521168,7.203629205521168
G05_R0692,G05,LOGO,holdout_G05,G05,500,20,0.0001,0.75,0.2,0.2,5.0,269.4226352,279.3490399774813,9.92640477748131,9.92640477748131
G05_R0693,G05,LOGO,holdout_G05,G05,500,20,0.0001,0.75,0.3,0.2,5.0,442.12473,454.2909875711528,12.166257571152812,12.166257571152812
G05_R0694,G05,LOGO,holdout_G05,G05,500,20,0.0001,0.7,0.1,0.2,5.0,167.62687,174.60729976702882,6.980429767028824,6.980429767028824
G05_R0695,G05,LOGO,holdout_G05,G05,500,20,0.0001,0.7,0.2,0.2,5.0,271.7762139,281.05416604142425,9.277952141424237,9.277952141424237
G05_R0696,G05,LOGO,holdout_G05,G05,500,20,0.0001,0.7,0.3,0.2,5.0,447.08985,457.9974085186575,10.90755851865748,10.90755851865748
G05_R0697,G05,LOGO,holdout_G05,G05,500,20,1e-05,0.85,0.1,0.2,5.0,228.49253,236.1394901913009,7.646960191300877,7.646960191300877
G05_R0698,G05,LOGO,holdout_G05,G05,500,20,1e-05,0.85,0.2,0.2,5.0,456.21956,468.6065963893896,12.38703638938955,12.38703638938955
G05_R0699,G05,LOGO,holdout_G05,G05,500,20,1e-05,0.85,0.3,0.2,5.0,824.3443000000001,844.4490448995109,20.10474489951082,20.10474489951082
G05_R0700,G05,LOGO,holdout_G05,G05,500,20,1e-05,0.8,0.1,0.2,5.0,229.95157,237.25044034576464,7.298870345764641,7.298870345764641
G05_R0701,G05,LOGO,holdout_G05,G05,500,20,1e-05,0.8,0.2,0.2,5.0,460.63898,472.0374884986073,11.398508498607328,11.398508498607328
G05_R0702,G05,LOGO,holdout_G05,G05,500,20,1e-05,0.8,0.3,0.2,5.0,833.5462,851.4848906504897,17.93869065048966,17.93869065048966
G05_R0703,G05,LOGO,holdout_G05,G05,500,20,1e-05,0.75,0.1,0.2,5.0,231.46052,239.0687826334319,7.608262633431906,7.608262633431906
G05_R0704,G05,LOGO,holdout_G05,G05,500,20,1e-05,0.75,0.2,0.2,5.0,465.67841,478.135195877764,12.456785877763991,12.456785877763991
G05_R0705,G05,LOGO,holdout_G05,G05,500,20,1e-05,0.75,0.3,0.2,5.0,844.0986,864.4000353653095,20.30143536530943,20.30143536530943
G05_R0706,G05,LOGO,holdout_G05,G05,500,20,1e-05,0.7,0.1,0.2,5.0,233.18936,240.33682834047627,7.14746834047628,7.14746834047628
G05_R0707,G05,LOGO,holdout_G05,G05,500,20,1e-05,0.7,0.2,0.2,5.0,471.49787,482.4102338027328,10.91236380273284,10.91236380273284
G05_R0708,G05,LOGO,holdout_G05,G05,500,20,1e-05,0.7,0.3,0.2,5.0,856.3616400000001,873.4401993352742,17.07855933527412,17.07855933527412
G05_R0709,G05,LOGO,holdout_G05,G05,500,20,1e-06,0.85,0.1,0.2,5.0,620.2189199999999,624.6340989553738,4.415178955373904,4.415178955373904
G05_R0710,G05,LOGO,holdout_G05,G05,500,20,1e-06,0.85,0.2,0.2,5.0,1861.25612,1875.3345924589785,14.07847245897824,14.07847245897824
G05_R0711,G05,LOGO,holdout_G05,G05,500,20,1e-06,0.85,0.3,0.2,5.0,3886.39378,3909.6365059764207,23.242725976420843,23.242725976420843
G05_R0712,G05,LOGO,holdout_G05,G05,500,20,1e-06,0.8,0.1,0.2,5.0,624.86856,627.967873036619,3.099313036619037,3.099313036619037
G05_R0713,G05,LOGO,holdout_G05,G05,500,20,1e-06,0.8,0.2,0.2,5.0,1875.75565,1886.3574095277345,10.601759527734202,10.601759527734202
G05_R0714,G05,LOGO,holdout_G05,G05,500,20,1e-06,0.8,0.3,0.2,5.0,3915.39331,3932.310040373891,16.916730373890914,16.916730373890914
G05_R0715,G05,LOGO,holdout_G05,G05,500,20,1e-06,0.75,0.1,0.2,5.0,629.95816,634.0536955083767,4.095535508376656,4.095535508376656
G05_R0716,G05,LOGO,holdout_G05,G05,500,20,1e-06,0.75,0.2,0.2,5.0,1891.75515,1905.476447235512,13.721297235512113,13.721297235512113
G05_R0717,G05,LOGO,holdout_G05,G05,500,20,1e-06,0.75,0.3,0.2,5.0,3948.29281,3972.051184638121,23.75837463812104,23.75837463812104
G05_R0718,G05,LOGO,holdout_G05,G05,500,20,1e-06,0.7,0.1,0.2,5.0,635.55773,638.1718962535169,2.6141662535169417,2.6141662535169417
G05_R0719,G05,LOGO,holdout_G05,G05,500,20,1e-06,0.7,0.2,0.2,5.0,1910.35461,1919.5796092395915,9.22499923959117,9.22499923959117
G05_R0720,G05,LOGO,holdout_G05,G05,500,20,1e-06,0.7,0.3,0.2,5.0,3986.59227,4001.188541693016,14.596271693016206,14.596271693016206
G05_R0721,G05,LOGO,holdout_G05,G05,500,50,0.001,0.85,0.1,0.2,5.0,136.67735000000002,142.24479292036216,5.56744292036214,5.56744292036214
G05_R0722,G05,LOGO,holdout_G05,G05,500,50,0.001,0.85,0.2,0.2,5.0,206.8988,210.38791991865972,3.489119918659753,3.489119918659753
G05_R0723,G05,LOGO,holdout_G05,G05,500,50,0.001,0.85,0.3,0.2,5.0,317.58106000000004,317.5211656480576,-0.0598943519424324,0.0598943519424324
G05_R0724,G05,LOGO,holdout_G05,G05,500,50,0.001,0.8,0.1,0.2,5.0,137.613081,142.99091027980802,5.377829279808026,5.377829279808026
G05_R0725,G05,LOGO,holdout_G05,G05,500,50,0.001,0.8,0.2,0.2,5.0,208.81557,211.9146697994672,3.0990997994671545,3.0990997994671545
G05_R0726,G05,LOGO,holdout_G05,G05,500,50,0.001,0.8,0.3,0.2,5.0,321.26845000000003,320.23179985056146,-1.0366501494385716,1.0366501494385716
G05_R0727,G05,LOGO,holdout_G05,G05,500,50,0.001,0.75,0.1,0.2,5.0,138.61854,144.25504631189742,5.636506311897421,5.636506311897421
G05_R0728,G05,LOGO,holdout_G05,G05,500,50,0.001,0.75,0.2,0.2,5.0,210.86219,214.4354780868376,3.573288086837607,3.573288086837607
G05_R0729,G05,LOGO,holdout_G05,G05,500,50,0.001,0.75,0.3,0.2,5.0,325.24581,324.9941659688856,-0.251644031114381,0.251644031114381
G05_R0730,G05,LOGO,holdout_G05,G05,500,50,0.001,0.7,0.1,0.2,5.0,139.68370399999998,145.06858785811747,5.38488385811749,5.38488385811749
G05_R0731,G05,LOGO,holdout_G05,G05,500,50,0.001,0.7,0.2,0.2,5.0,213.06853,216.1888205538144,3.120290553814385,3.120290553814385
G05_R0732,G05,LOGO,holdout_G05,G05,500,50,0.001,0.7,0.3,0.2,5.0,329.55309,328.06115366139,-1.491936338610003,1.491936338610003
G05_R0733,G05,LOGO,holdout_G05,G05,500,50,0.0001,0.85,0.1,0.2,5.0,165.344539,172.5241534251649,7.179614425164914,7.179614425164914
G05_R0734,G05,LOGO,holdout_G05,G05,500,50,0.0001,0.85,0.2,0.2,5.0,265.485887,275.3372120199988,9.851325019998797,9.851325019998797
G05_R0735,G05,LOGO,holdout_G05,G05,500,50,0.0001,0.85,0.3,0.2,5.0,433.92026,446.031577776266,12.111317776266048,12.111317776266048
G05_R0736,G05,LOGO,holdout_G05,G05,500,50,0.0001,0.8,0.1,0.2,5.0,166.04222499999997,173.06257182829063,7.020346828290656,7.020346828290656
G05_R0737,G05,LOGO,holdout_G05,G05,500,50,0.0001,0.8,0.2,0.2,5.0,267.33919000000003,276.7552739883017,9.416083988301692,9.416083988301692
G05_R0738,G05,LOGO,holdout_G05,G05,500,50,0.0001,0.8,0.3,0.2,5.0,437.79161,448.93555565157936,11.143945651579372,11.143945651579372
G05_R0739,G05,LOGO,holdout_G05,G05,500,50,0.0001,0.75,0.1,0.2,5.0,166.78968999999998,173.9920604134378,7.202370413437819,7.202370413437819
G05_R0740,G05,LOGO,holdout_G05,G05,500,50,0.0001,0.75,0.2,0.2,5.0,269.4226352,279.35812777554384,9.935492575543831,9.935492575543831
G05_R0741,G05,LOGO,holdout_G05,G05,500,50,0.0001,0.75,0.3,0.2,5.0,442.14474,454.304151825903,12.159411825902964,12.159411825902964
G05_R0742,G05,LOGO,holdout_G05,G05,500,50,0.0001,0.7,0.1,0.2,5.0,167.62687,174.60604097494547,6.979170974945475,6.979170974945475
G05_R0743,G05,LOGO,holdout_G05,G05,500,50,0.0001,0.7,0.2,0.2,5.0,271.7762139,281.0632538394868,9.28703993948676,9.28703993948676
G05_R0744,G05,LOGO,holdout_G05,G05,500,50,0.0001,0.7,0.3,0.2,5.0,447.11986,458.0208094579909,10.90094945799092,10.90094945799092
G05_R0745,G05,LOGO,holdout_G05,G05,500,50,1e-05,0.85,0.1,0.2,5.0,228.54253,236.14410094889013,7.601570948890128,7.601570948890128
G05_R0746,G05,LOGO,holdout_G05,G05,500,50,1e-05,0.85,0.2,0.2,5.0,456.21956,468.5783262891816,12.358766289181574,12.358766289181574
G05_R0747,G05,LOGO,holdout_G05,G05,500,50,1e-05,0.85,0.3,0.2,5.0,824.4543100000001,844.5210736753295,20.06676367532941,20.06676367532941
G05_R0748,G05,LOGO,holdout_G05,G05,500,50,1e-05,0.8,0.1,0.2,5.0,229.98157,237.2541706471039,7.2726006471039,7.2726006471039
G05_R0749,G05,LOGO,holdout_G05,G05,500,50,1e-05,0.8,0.2,0.2,5.0,460.63898,472.0092183983994,11.370238398399408,11.370238398399408
G05_R0750,G05,LOGO,holdout_G05,G05,500,50,1e-05,0.8,0.3,0.2,5.0,833.65621,851.5597055356834,17.90349553568342,17.90349553568342
G05_R0751,G05,LOGO,holdout_G05,G05,500,50,1e-05,0.75,0.1,0.2,5.0,231.49052,239.06670202301532,7.576182023015349,7.576182023015349
G05_R0752,G05,LOGO,holdout_G05,G05,500,50,1e-05,0.75,0.2,0.2,5.0,465.67841,478.1198427262164,12.441432726216362,12.441432726216362
G05_R0753,G05,LOGO,holdout_G05,G05,500,50,1e-05,0.75,0.3,0.2,5.0,844.21861,864.4509346653243,20.232324665324317,20.232324665324317
G05_R0754,G05,LOGO,holdout_G05,G05,500,50,1e-05,0.7,0.1,0.2,5.0,233.20936,240.3347477300597,7.125387730059714,7.125387730059714
G05_R0755,G05,LOGO,holdout_G05,G05,500,50,1e-05,0.7,0.2,0.2,5.0,471.49787,482.3995083461852,10.901638346185225,10.901638346185225
G05_R0756,G05,LOGO,holdout_G05,G05,500,50,1e-05,0.7,0.3,0.2,5.0,856.4816500000001,873.4866385948726,17.004988594872543,17.004988594872543
G05_R0757,G05,LOGO,holdout_G05,G05,500,50,1e-06,0.85,0.1,0.2,5.0,620.2189199999999,624.6550593603737,4.436139360373772,4.436139360373772
G05_R0758,G05,LOGO,holdout_G05,G05,500,50,1e-06,0.85,0.2,0.2,5.0,1861.25612,1875.3859133462704,14.12979334627039,14.12979334627039
G05_R0759,G05,LOGO,holdout_G05,G05,500,50,1e-06,0.85,0.3,0.2,5.0,3886.39379,3909.613845762135,23.22005576213496,23.22005576213496
G05_R0760,G05,LOGO,holdout_G05,G05,500,50,1e-06,0.8,0.1,0.2,5.0,624.86856,627.983209016619,3.114649016618955,3.114649016618955
G05_R0761,G05,LOGO,holdout_G05,G05,500,50,1e-06,0.8,0.2,0.2,5.0,1875.75565,1886.4087304150264,10.653080415026352,10.653080415026352
G05_R0762,G05,LOGO,holdout_G05,G05,500,50,1e-06,0.8,0.3,0.2,5.0,3915.39332,3932.287380159605,16.894060159605033,16.894060159605033
G05_R0763,G05,LOGO,holdout_G05,G05,500,50,1e-06,0.75,0.1,0.2,5.0,629.95816,634.0563629400428,4.098202940042825,4.098202940042825
G05_R0764,G05,LOGO,holdout_G05,G05,500,50,1e-06,0.75,0.2,0.2,5.0,1891.75515,1905.540407513845,13.78525751384518,13.78525751384518
G05_R0765,G05,LOGO,holdout_G05,G05,500,50,1e-06,0.75,0.3,0.2,5.0,3948.29281,3972.145759638152,23.852949638151586,23.852949638151586
G05_R0766,G05,LOGO,holdout_G05,G05,500,50,1e-06,0.7,0.1,0.2,5.0,635.55773,638.1745636851832,2.616833685183224,2.616833685183224
G05_R0767,G05,LOGO,holdout_G05,G05,500,50,1e-06,0.7,0.2,0.2,5.0,1910.35461,1919.662631280424,9.3080212804241,9.3080212804241
G05_R0768,G05,LOGO,holdout_G05,G05,500,50,1e-06,0.7,0.3,0.2,5.0,3986.59228,4001.291054011796,14.698774011796104,14.698774011796104
G06_R0001,G06,LOGO,holdout_G06,G06,25,3,0.001,0.85,0.1,0.3,4.0,4.9808637,4.096765619359773,-0.8840980806402268,0.8840980806402268
G06_R0002,G06,LOGO,holdout_G06,G06,25,3,0.001,0.85,0.2,0.3,4.0,7.39498,5.883251758815224,-1.511728241184776,1.511728241184776
G06_R0003,G06,LOGO,holdout_G06,G06,25,3,0.001,0.85,0.3,0.3,4.0,11.3540105,8.653755554848114,-2.700254945151885,2.700254945151885
G06_R0004,G06,LOGO,holdout_G06,G06,25,3,0.001,0.8,0.1,0.3,4.0,5.000652199999999,4.108138715776451,-0.8925134842235485,0.8925134842235485
G06_R0005,G06,LOGO,holdout_G06,G06,25,3,0.001,0.8,0.2,0.3,4.0,7.4352897,5.905477370157932,-1.529812329842068,1.529812329842068
G06_R0006,G06,LOGO,holdout_G06,G06,25,3,0.001,0.8,0.3,0.3,4.0,11.427614,8.693413531005817,-2.7342004689941835,2.7342004689941835
G06_R0007,G06,LOGO,holdout_G06,G06,25,3,0.001,0.75,0.1,0.3,4.0,5.0215171,4.127102203095057,-0.8944148969049426,0.8944148969049426
G06_R0008,G06,LOGO,holdout_G06,G06,25,3,0.001,0.75,0.2,0.3,4.0,7.4781642,5.9410815544945175,-1.537082645505483,1.537082645505483
G06_R0009,G06,LOGO,holdout_G06,G06,25,3,0.001,0.75,0.3,0.3,4.0,11.5061818,8.750799746367909,-2.755382053632092,2.755382053632092
G06_R0010,G06,LOGO,holdout_G06,G06,25,3,0.001,0.7,0.1,0.3,4.0,5.0436555,4.138843791145128,-0.9048117088548722,0.9048117088548722
G06_R0011,G06,LOGO,holdout_G06,G06,25,3,0.001,0.7,0.2,0.3,4.0,7.5238987,5.967137622602393,-1.5567610773976073,1.5567610773976073
G06_R0012,G06,LOGO,holdout_G06,G06,25,3,0.001,0.7,0.3,0.3,4.0,11.5917096,8.799922521998308,-2.791787078001692,2.791787078001692
G06_R0013,G06,LOGO,holdout_G06,G06,25,3,0.0001,0.85,0.1,0.3,4.0,6.371586099999999,5.184257980046693,-1.187328119953306,1.187328119953306
G06_R0014,G06,LOGO,holdout_G06,G06,25,3,0.0001,0.85,0.2,0.3,4.0,10.2037,8.039730250415413,-2.163969749584586,2.163969749584586
G06_R0015,G06,LOGO,holdout_G06,G06,25,3,0.0001,0.85,0.3,0.3,4.0,17.292662,12.862245844952426,-4.430416155047574,4.430416155047574
G06_R0016,G06,LOGO,holdout_G06,G06,25,3,0.0001,0.8,0.1,0.3,4.0,6.3860633,5.193020415221619,-1.1930428847783814,1.1930428847783814
G06_R0017,G06,LOGO,holdout_G06,G06,25,3,0.0001,0.8,0.2,0.3,4.0,10.232414,8.05621759887806,-2.17619640112194,2.17619640112194
G06_R0018,G06,LOGO,holdout_G06,G06,25,3,0.0001,0.8,0.3,0.3,4.0,17.346317000000003,12.891866741896717,-4.454450258103286,4.454450258103286
G06_R0019,G06,LOGO,holdout_G06,G06,25,3,0.0001,0.75,0.1,0.3,4.0,6.4013175,5.207680165130331,-1.1936373348696696,1.1936373348696696
G06_R0020,G06,LOGO,holdout_G06,G06,25,3,0.0001,0.75,0.2,0.3,4.0,10.262098,8.083471839143051,-2.1786261608569486,2.1786261608569486
G06_R0021,G06,LOGO,holdout_G06,G06,25,3,0.0001,0.75,0.3,0.3,4.0,17.404936,12.941425744515843,-4.463510255484156,4.463510255484156
G06_R0022,G06,LOGO,holdout_G06,G06,25,3,0.0001,0.7,0.1,0.3,4.0,6.4174447,5.217204217171964,-1.2002404828280362,1.2002404828280362
G06_R0023,G06,LOGO,holdout_G06,G06,25,3,0.0001,0.7,0.2,0.3,4.0,10.293749,8.101522415853905,-2.192226584146095,2.192226584146095
G06_R0024,G06,LOGO,holdout_G06,G06,25,3,0.0001,0.7,0.3,0.3,4.0,17.466514,12.97420007344446,-4.492313926555539,4.492313926555539
G06_R0025,G06,LOGO,holdout_G06,G06,25,3,1e-05,0.85,0.1,0.3,4.0,8.853062,7.53688312486709,-1.316178875132909,1.316178875132909
G06_R0026,G06,LOGO,holdout_G06,G06,25,3,1e-05,0.85,0.2,0.3,4.0,17.990347,15.561964277115017,-2.428382722884985,2.428382722884985
G06_R0027,G06,LOGO,holdout_G06,G06,25,3,1e-05,0.85,0.3,0.3,4.0,33.894278,28.801014873791377,-5.093263126208623,5.093263126208623
G06_R0028,G06,LOGO,holdout_G06,G06,25,3,1e-05,0.8,0.1,0.3,4.0,8.866083999999999,7.545934130283664,-1.3201498697163352,1.3201498697163352
G06_R0029,G06,LOGO,holdout_G06,G06,25,3,1e-05,0.8,0.2,0.3,4.0,18.020228,15.583102083677352,-2.437125916322646,2.437125916322646
G06_R0030,G06,LOGO,holdout_G06,G06,25,3,1e-05,0.8,0.3,0.3,4.0,33.950127,28.83826474670853,-5.11186225329147,5.11186225329147
G06_R0031,G06,LOGO,holdout_G06,G06,25,3,1e-05,0.75,0.1,0.3,4.0,8.8804,7.562330485144774,-1.3180695148552255,1.3180695148552255
G06_R0032,G06,LOGO,holdout_G06,G06,25,3,1e-05,0.75,0.2,0.3,4.0,18.053098,15.6214078772258,-2.4316901227741976,2.4316901227741976
G06_R0033,G06,LOGO,holdout_G06,G06,25,3,1e-05,0.75,0.3,0.3,4.0,34.013960999999995,28.905746780464117,-5.108214219535881,5.108214219535881
G06_R0034,G06,LOGO,holdout_G06,G06,25,3,1e-05,0.7,0.1,0.3,4.0,8.896307,7.5732853606448,-1.3230216393551997,1.3230216393551997
G06_R0035,G06,LOGO,holdout_G06,G06,25,3,1e-05,0.7,0.2,0.3,4.0,18.090955,15.646735151975877,-2.444219848024126,2.444219848024126
G06_R0036,G06,LOGO,holdout_G06,G06,25,3,1e-05,0.7,0.3,0.3,4.0,34.08478,28.95455219738109,-5.130227802618911,5.130227802618911
G06_R0037,G06,LOGO,holdout_G06,G06,25,3,1e-06,0.85,0.1,0.3,4.0,26.831896,25.449349059961296,-1.3825469400387045,1.3825469400387045
G06_R0038,G06,LOGO,holdout_G06,G06,25,3,1e-06,0.85,0.2,0.3,4.0,83.631374,80.85600846358425,-2.775365536415748,2.775365536415748
G06_R0039,G06,LOGO,holdout_G06,G06,25,3,1e-06,0.85,0.3,0.3,4.0,177.18879900000002,171.84168448807452,-5.347114511925497,5.347114511925497
G06_R0040,G06,LOGO,holdout_G06,G06,25,3,1e-06,0.8,0.1,0.3,4.0,26.893863,25.499433882770504,-1.394429117229496,1.394429117229496
G06_R0041,G06,LOGO,holdout_G06,G06,25,3,1e-06,0.8,0.2,0.3,4.0,83.754333,80.96495581882428,-2.7893771811757238,2.7893771811757238
G06_R0042,G06,LOGO,holdout_G06,G06,25,3,1e-06,0.8,0.3,0.3,4.0,177.37875,172.0132440245447,-5.3655059754553065,5.3655059754553065
G06_R0043,G06,LOGO,holdout_G06,G06,25,3,1e-06,0.75,0.1,0.3,4.0,26.960829,25.567757485146785,-1.3930715148532151,1.3930715148532151
G06_R0044,G06,LOGO,holdout_G06,G06,25,3,1e-06,0.75,0.2,0.3,4.0,83.890288,81.08950059717228,-2.800787402827723,2.800787402827723
G06_R0045,G06,LOGO,holdout_G06,G06,25,3,1e-06,0.75,0.3,0.3,4.0,177.59869600000002,172.1997225068561,-5.398973493143927,5.398973493143927
G06_R0046,G06,LOGO,holdout_G06,G06,25,3,1e-06,0.7,0.1,0.3,4.0,27.035791,25.624280155023843,-1.4115108449761564,1.4115108449761564
G06_R0047,G06,LOGO,holdout_G06,G06,25,3,1e-06,0.7,0.2,0.3,4.0,84.04223900000001,81.22525214719363,-2.81698685280638,2.81698685280638
G06_R0048,G06,LOGO,holdout_G06,G06,25,3,1e-06,0.7,0.3,0.3,4.0,177.838637,172.41955482321617,-5.419082176783832,5.419082176783832
G06_R0049,G06,LOGO,holdout_G06,G06,25,6,0.001,0.85,0.1,0.3,4.0,4.9808637,4.096721645339984,-0.8841420546600158,0.8841420546600158
G06_R0050,G06,LOGO,holdout_G06,G06,25,6,0.001,0.85,0.2,0.3,4.0,7.39498,5.883278857533977,-1.5117011424660234,1.5117011424660234
G06_R0051,G06,LOGO,holdout_G06,G06,25,6,0.001,0.85,0.3,0.3,4.0,11.3540105,8.653456805935612,-2.7005536940643875,2.7005536940643875
G06_R0052,G06,LOGO,holdout_G06,G06,25,6,0.001,0.8,0.1,0.3,4.0,5.000652199999999,4.108085081756661,-0.8925671182433383,0.8925671182433383
G06_R0053,G06,LOGO,holdout_G06,G06,25,6,0.001,0.8,0.2,0.3,4.0,7.4352897,5.905504468876684,-1.5297852311233164,1.5297852311233164
G06_R0054,G06,LOGO,holdout_G06,G06,25,6,0.001,0.8,0.3,0.3,4.0,11.427614,8.693239654968316,-2.734374345031684,2.734374345031684
G06_R0055,G06,LOGO,holdout_G06,G06,25,6,0.001,0.75,0.1,0.3,4.0,5.0215171,4.127038580558597,-0.8944785194414022,0.8944785194414022
G06_R0056,G06,LOGO,holdout_G06,G06,25,6,0.001,0.75,0.2,0.3,4.0,7.4781642,5.941044305407018,-1.5371198945929825,1.5371198945929825
G06_R0057,G06,LOGO,holdout_G06,G06,25,6,0.001,0.75,0.3,0.3,4.0,11.5061818,8.750373034003326,-2.755808765996674,2.755808765996674
G06_R0058,G06,LOGO,holdout_G06,G06,25,6,0.001,0.7,0.1,0.3,4.0,5.0436555,4.138780168608669,-0.9048753313913308,0.9048753313913308
G06_R0059,G06,LOGO,holdout_G06,G06,25,6,0.001,0.7,0.2,0.3,4.0,7.5238987,5.967100373514892,-1.556798326485108,1.556798326485108
G06_R0060,G06,LOGO,holdout_G06,G06,25,6,0.001,0.7,0.3,0.3,4.0,11.5917096,8.799781171112896,-2.791928428887104,2.791928428887104
G06_R0061,G06,LOGO,holdout_G06,G06,25,6,0.0001,0.85,0.1,0.3,4.0,6.371586099999999,5.18423886271336,-1.1873472372866392,1.1873472372866392
G06_R0062,G06,LOGO,holdout_G06,G06,25,6,0.0001,0.85,0.2,0.3,4.0,10.2037,8.039686893365413,-2.1640131066345862,2.1640131066345862
G06_R0063,G06,LOGO,holdout_G06,G06,25,6,0.0001,0.85,0.3,0.3,4.0,17.292662,12.862272515119091,-4.430389484880907,4.430389484880907
G06_R0064,G06,LOGO,holdout_G06,G06,25,6,0.0001,0.8,0.1,0.3,4.0,6.3860633,5.193001297888286,-1.1930620021117138,1.1930620021117138
G06_R0065,G06,LOGO,holdout_G06,G06,25,6,0.0001,0.8,0.2,0.3,4.0,10.232414,8.05617424182806,-2.17623975817194,2.17623975817194
G06_R0066,G06,LOGO,holdout_G06,G06,25,6,0.0001,0.8,0.3,0.3,4.0,17.346317000000003,12.891893412063382,-4.4544235879366205,4.4544235879366205
G06_R0067,G06,LOGO,holdout_G06,G06,25,6,0.0001,0.75,0.1,0.3,4.0,6.4013175,5.207669399380331,-1.1936481006196695,1.1936481006196695
G06_R0068,G06,LOGO,holdout_G06,G06,25,6,0.0001,0.75,0.2,0.3,4.0,10.262098,8.083406137684715,-2.1786918623152847,2.1786918623152847
G06_R0069,G06,LOGO,holdout_G06,G06,25,6,0.0001,0.75,0.3,0.3,4.0,17.404936,12.941340152730127,-4.463595847269872,4.463595847269872
G06_R0070,G06,LOGO,holdout_G06,G06,25,6,0.0001,0.7,0.1,0.3,4.0,6.4174447,5.217193451421963,-1.200251248578037,1.200251248578037
G06_R0071,G06,LOGO,holdout_G06,G06,25,6,0.0001,0.7,0.2,0.3,4.0,10.293749,8.10145671439557,-2.192292285604431,2.192292285604431
G06_R0072,G06,LOGO,holdout_G06,G06,25,6,0.0001,0.7,0.3,0.3,4.0,17.466514,12.974114481658743,-4.492399518341257,4.492399518341257
G06_R0073,G06,LOGO,holdout_G06,G06,25,6,1e-05,0.85,0.1,0.3,4.0,8.853062,7.5368741704295905,-1.316187829570409,1.316187829570409
G06_R0074,G06,LOGO,holdout_G06,G06,25,6,1e-05,0.85,0.2,0.3,4.0,17.990347,15.561933492948343,-2.428413507051655,2.428413507051655
G06_R0075,G06,LOGO,holdout_G06,G06,25,6,1e-05,0.85,0.3,0.3,4.0,33.894278,28.801125991062214,-5.093152008937782,5.093152008937782
G06_R0076,G06,LOGO,holdout_G06,G06,25,6,1e-05,0.8,0.1,0.3,4.0,8.866083999999999,7.545925175846164,-1.3201588241538351,1.3201588241538351
G06_R0077,G06,LOGO,holdout_G06,G06,25,6,1e-05,0.8,0.2,0.3,4.0,18.020228,15.583049514510684,-2.437178485489316,2.437178485489316
G06_R0078,G06,LOGO,holdout_G06,G06,25,6,1e-05,0.8,0.3,0.3,4.0,33.950127,28.838375863979373,-5.111751136020629,5.111751136020629
G06_R0079,G06,LOGO,holdout_G06,G06,25,6,1e-05,0.75,0.1,0.3,4.0,8.8804,7.562358613040605,-1.3180413869593943,1.3180413869593943
G06_R0080,G06,LOGO,holdout_G06,G06,25,6,1e-05,0.75,0.2,0.3,4.0,18.053098,15.62127447003532,-2.431823529964678,2.431823529964678
G06_R0081,G06,LOGO,holdout_G06,G06,25,6,1e-05,0.75,0.3,0.3,4.0,34.013960999999995,28.905560650464107,-5.108400349535888,5.108400349535888
G06_R0082,G06,LOGO,holdout_G06,G06,25,6,1e-05,0.7,0.1,0.3,4.0,8.896307,7.573320190540633,-1.3229868094593673,1.3229868094593673
G06_R0083,G06,LOGO,holdout_G06,G06,25,6,1e-05,0.7,0.2,0.3,4.0,18.090955,15.646601744785391,-2.44435325521461,2.44435325521461
G06_R0084,G06,LOGO,holdout_G06,G06,25,6,1e-05,0.7,0.3,0.3,4.0,34.08478,28.954366067381084,-5.130413932618918,5.130413932618918
G06_R0085,G06,LOGO,holdout_G06,G06,25,6,1e-06,0.85,0.1,0.3,4.0,26.831896,25.44953393075296,-1.3823620692470442,1.3823620692470442
G06_R0086,G06,LOGO,holdout_G06,G06,25,6,1e-06,0.85,0.2,0.3,4.0,83.631374,80.85623103758428,-2.775142962415714,2.775142962415714
G06_R0087,G06,LOGO,holdout_G06,G06,25,6,1e-06,0.85,0.3,0.3,4.0,177.18879900000002,171.84241336093172,-5.346385639068302,5.346385639068302
G06_R0088,G06,LOGO,holdout_G06,G06,25,6,1e-06,0.8,0.1,0.3,4.0,26.893863,25.499848150645494,-1.3940148493545017,1.3940148493545017
G06_R0089,G06,LOGO,holdout_G06,G06,25,6,1e-06,0.8,0.2,0.3,4.0,83.754333,80.96528423974095,-2.7890487602590497,2.7890487602590497
G06_R0090,G06,LOGO,holdout_G06,G06,25,6,1e-06,0.8,0.3,0.3,4.0,177.37875,172.01354639921138,-5.365203600788618,5.365203600788618
G06_R0091,G06,LOGO,holdout_G06,G06,25,6,1e-06,0.75,0.1,0.3,4.0,26.960829,25.56789378020632,-1.3929352197936815,1.3929352197936815
G06_R0092,G06,LOGO,holdout_G06,G06,25,6,1e-06,0.75,0.2,0.3,4.0,83.890288,81.08993935977644,-2.800348640223561,2.800348640223561
G06_R0093,G06,LOGO,holdout_G06,G06,25,6,1e-06,0.75,0.3,0.3,4.0,177.59869600000002,172.199984110856,-5.3987118891440105,5.3987118891440105
G06_R0094,G06,LOGO,holdout_G06,G06,25,6,1e-06,0.7,0.1,0.3,4.0,27.035791,25.624418057500044,-1.4113729424999557,1.4113729424999557
G06_R0095,G06,LOGO,holdout_G06,G06,25,6,1e-06,0.7,0.2,0.3,4.0,84.04223900000001,81.22536738123529,-2.816871618764722,2.816871618764722
G06_R0096,G06,LOGO,holdout_G06,G06,25,6,1e-06,0.7,0.3,0.3,4.0,177.838637,172.42039420740377,-5.418242792596232,5.418242792596232
G06_R0097,G06,LOGO,holdout_G06,G06,25,20,0.001,0.85,0.1,0.3,4.0,4.9808637,4.096720340882692,-0.8841433591173073,0.8841433591173073
G06_R0098,G06,LOGO,holdout_G06,G06,25,20,0.001,0.85,0.2,0.3,4.0,7.39498,5.883407634050945,-1.5115723659490552,1.5115723659490552
G06_R0099,G06,LOGO,holdout_G06,G06,25,20,0.001,0.85,0.3,0.3,4.0,11.3540105,8.653732418623111,-2.7002780813768883,2.7002780813768883
G06_R0100,G06,LOGO,holdout_G06,G06,25,20,0.001,0.8,0.1,0.3,4.0,5.000652199999999,4.1080934372993685,-0.8925587627006308,0.8925587627006308
G06_R0101,G06,LOGO,holdout_G06,G06,25,20,0.001,0.8,0.2,0.3,4.0,7.4352897,5.905633245393654,-1.5296564546063465,1.5296564546063465
G06_R0102,G06,LOGO,holdout_G06,G06,25,20,0.001,0.8,0.3,0.3,4.0,11.427614,8.692995686623076,-2.734618313376924,2.734618313376924
G06_R0103,G06,LOGO,holdout_G06,G06,25,20,0.001,0.75,0.1,0.3,4.0,5.0215171,4.127030333512218,-0.8944867664877814,0.8944867664877814
G06_R0104,G06,LOGO,holdout_G06,G06,25,20,0.001,0.75,0.2,0.3,4.0,7.4781642,5.940866498759698,-1.537297701240302,1.537297701240302
G06_R0105,G06,LOGO,holdout_G06,G06,25,20,0.001,0.75,0.3,0.3,4.0,11.5061818,8.75037239630065,-2.7558094036993506,2.7558094036993506
G06_R0106,G06,LOGO,holdout_G06,G06,25,20,0.001,0.7,0.1,0.3,4.0,5.0436555,4.13877192156229,-0.90488357843771,0.90488357843771
G06_R0107,G06,LOGO,holdout_G06,G06,25,20,0.001,0.7,0.2,0.3,4.0,7.5238987,5.966826588461322,-1.5570721115386783,1.5570721115386783
G06_R0108,G06,LOGO,holdout_G06,G06,25,20,0.001,0.7,0.3,0.3,4.0,11.5917096,8.799980662584625,-2.791728937415374,2.791728937415374
G06_R0109,G06,LOGO,holdout_G06,G06,25,20,0.0001,0.85,0.1,0.3,4.0,6.371586099999999,5.18423398343955,-1.187352116560449,1.187352116560449
G06_R0110,G06,LOGO,holdout_G06,G06,25,20,0.0001,0.85,0.2,0.3,4.0,10.2037,8.039667406179698,-2.164032593820302,2.164032593820302
G06_R0111,G06,LOGO,holdout_G06,G06,25,20,0.0001,0.85,0.3,0.3,4.0,17.292662,12.862080557154805,-4.430581442845195,4.430581442845195
G06_R0112,G06,LOGO,holdout_G06,G06,25,20,0.0001,0.8,0.1,0.3,4.0,6.3860633,5.192994803751975,-1.1930684962480251,1.1930684962480251
G06_R0113,G06,LOGO,holdout_G06,G06,25,20,0.0001,0.8,0.2,0.3,4.0,10.232414,8.056144646725677,-2.176269353274323,2.176269353274323
G06_R0114,G06,LOGO,holdout_G06,G06,25,20,0.0001,0.8,0.3,0.3,4.0,17.346317000000003,12.89161252368243,-4.454704476317573,4.454704476317573
G06_R0115,G06,LOGO,holdout_G06,G06,25,20,0.0001,0.75,0.1,0.3,4.0,6.4013175,5.207760637479438,-1.1935568625205626,1.1935568625205626
G06_R0116,G06,LOGO,holdout_G06,G06,25,20,0.0001,0.75,0.2,0.3,4.0,10.262098,8.083448399547216,-2.1786496004527844,2.1786496004527844
G06_R0117,G06,LOGO,holdout_G06,G06,25,20,0.0001,0.75,0.3,0.3,4.0,17.404936,12.941264904030726,-4.463671095969273,4.463671095969273
G06_R0118,G06,LOGO,holdout_G06,G06,25,20,0.0001,0.7,0.1,0.3,4.0,6.4174447,5.21727709783357,-1.20016760216643,1.20016760216643
G06_R0119,G06,LOGO,holdout_G06,G06,25,20,0.0001,0.7,0.2,0.3,4.0,10.293749,8.101498976258071,-2.192250023741929,2.192250023741929
G06_R0120,G06,LOGO,holdout_G06,G06,25,20,0.0001,0.7,0.3,0.3,4.0,17.466514,12.974039232959344,-4.492474767040656,4.492474767040656
G06_R0121,G06,LOGO,holdout_G06,G06,25,20,1e-05,0.85,0.1,0.3,4.0,8.853062,7.536825901372049,-1.3162360986279502,1.3162360986279502
G06_R0122,G06,LOGO,holdout_G06,G06,25,20,1e-05,0.85,0.2,0.3,4.0,17.990347,15.561940093781676,-2.428406906218324,2.428406906218324
G06_R0123,G06,LOGO,holdout_G06,G06,25,20,1e-05,0.85,0.3,0.3,4.0,33.894278,28.801347854718475,-5.0929301452815245,5.0929301452815245
G06_R0124,G06,LOGO,holdout_G06,G06,25,20,1e-05,0.8,0.1,0.3,4.0,8.866083999999999,7.545897323663622,-1.3201866763363768,1.3201866763363768
G06_R0125,G06,LOGO,holdout_G06,G06,25,20,1e-05,0.8,0.2,0.3,4.0,18.020228,15.583132671177347,-2.437095328822652,2.437095328822652
G06_R0126,G06,LOGO,holdout_G06,G06,25,20,1e-05,0.8,0.3,0.3,4.0,33.950127,28.838667517635628,-5.111459482364374,5.111459482364374
G06_R0127,G06,LOGO,holdout_G06,G06,25,20,1e-05,0.75,0.1,0.3,4.0,8.8804,7.562287730525722,-1.3181122694742775,1.3181122694742775
G06_R0128,G06,LOGO,holdout_G06,G06,25,20,1e-05,0.75,0.2,0.3,4.0,18.053098,15.621414153940089,-2.4316838460599115,2.4316838460599115
G06_R0129,G06,LOGO,holdout_G06,G06,25,20,1e-05,0.75,0.3,0.3,4.0,34.013960999999995,28.905820179106964,-5.108140820893031,5.108140820893031
G06_R0130,G06,LOGO,holdout_G06,G06,25,20,1e-05,0.7,0.1,0.3,4.0,8.896307,7.573276363650749,-1.3230306363492508,1.3230306363492508
G06_R0131,G06,LOGO,holdout_G06,G06,25,20,1e-05,0.7,0.2,0.3,4.0,18.090955,15.64674142869016,-2.4442135713098416,2.4442135713098416
G06_R0132,G06,LOGO,holdout_G06,G06,25,20,1e-05,0.7,0.3,0.3,4.0,34.08478,28.954625596023934,-5.130154403976064,5.130154403976064
G06_R0133,G06,LOGO,holdout_G06,G06,25,20,1e-06,0.85,0.1,0.3,4.0,26.831896,25.449438638199386,-1.3824573618006148,1.3824573618006148
G06_R0134,G06,LOGO,holdout_G06,G06,25,20,1e-06,0.85,0.2,0.3,4.0,83.631374,80.85664600870332,-2.774727991296672,2.774727991296672
G06_R0135,G06,LOGO,holdout_G06,G06,25,20,1e-06,0.85,0.3,0.3,4.0,177.18879900000002,171.84414144486033,-5.34465755513969,5.34465755513969
G06_R0136,G06,LOGO,holdout_G06,G06,25,20,1e-06,0.8,0.1,0.3,4.0,26.893863,25.49985026384192,-1.3940127361580783,1.3940127361580783
G06_R0137,G06,LOGO,holdout_G06,G06,25,20,1e-06,0.8,0.2,0.3,4.0,83.754333,80.9650306149493,-2.7893023850507035,2.7893023850507035
G06_R0138,G06,LOGO,holdout_G06,G06,25,20,1e-06,0.8,0.3,0.3,4.0,177.37875,172.01302747154466,-5.365722528455336,5.365722528455336
G06_R0139,G06,LOGO,holdout_G06,G06,25,20,1e-06,0.75,0.1,0.3,4.0,26.960829,25.56803007424797,-1.3927989257520288,1.3927989257520288
G06_R0140,G06,LOGO,holdout_G06,G06,25,20,1e-06,0.75,0.2,0.3,4.0,83.890288,81.08985880001455,-2.8004291999854445,2.8004291999854445
G06_R0141,G06,LOGO,holdout_G06,G06,25,20,1e-06,0.75,0.3,0.3,4.0,177.59869600000002,172.19979113304353,-5.398904866956485,5.398904866956485
G06_R0142,G06,LOGO,holdout_G06,G06,25,20,1e-06,0.7,0.1,0.3,4.0,27.035791,25.624425153473243,-1.4113658465267562,1.4113658465267562
G06_R0143,G06,LOGO,holdout_G06,G06,25,20,1e-06,0.7,0.2,0.3,4.0,84.04223900000001,81.22489054296445,-2.817348457035564,2.817348457035564
G06_R0144,G06,LOGO,holdout_G06,G06,25,20,1e-06,0.7,0.3,0.3,4.0,177.838637,172.42010818782637,-5.4185288121736335,5.4185288121736335
G06_R0145,G06,LOGO,holdout_G06,G06,25,50,0.001,0.85,0.1,0.3,4.0,4.9808637,4.09669724525769,-0.8841664547423091,0.8841664547423091
G06_R0146,G06,LOGO,holdout_G06,G06,25,50,0.001,0.85,0.2,0.3,4.0,7.39498,5.883409296656302,-1.5115707033436987,1.5115707033436987
G06_R0147,G06,LOGO,holdout_G06,G06,25,50,0.001,0.85,0.3,0.3,4.0,11.3540105,8.653690231135613,-2.7003202688643864,2.7003202688643864
G06_R0148,G06,LOGO,holdout_G06,G06,25,50,0.001,0.8,0.1,0.3,4.0,5.000652199999999,4.108070341674368,-0.8925818583256317,0.8925818583256317
G06_R0149,G06,LOGO,holdout_G06,G06,25,50,0.001,0.8,0.2,0.3,4.0,7.4352897,5.905637482749009,-1.529652217250991,1.529652217250991
G06_R0150,G06,LOGO,holdout_G06,G06,25,50,0.001,0.8,0.3,0.3,4.0,11.427614,8.69304916779629,-2.7345648322037093,2.7345648322037093
G06_R0151,G06,LOGO,holdout_G06,G06,25,50,0.001,0.75,0.1,0.3,4.0,5.0215171,4.127004639970551,-0.894512460029449,0.894512460029449
G06_R0152,G06,LOGO,holdout_G06,G06,25,50,0.001,0.75,0.2,0.3,4.0,7.4781642,5.941036533222197,-1.5371276667778035,1.5371276667778035
G06_R0153,G06,LOGO,holdout_G06,G06,25,50,0.001,0.75,0.3,0.3,4.0,11.5061818,8.750700436919692,-2.755481363080309,2.755481363080309
G06_R0154,G06,LOGO,holdout_G06,G06,25,50,0.001,0.7,0.1,0.3,4.0,5.0436555,4.138746228020621,-0.9049092719793784,0.9049092719793784
G06_R0155,G06,LOGO,holdout_G06,G06,25,50,0.001,0.7,0.2,0.3,4.0,7.5238987,5.966988890757153,-1.556909809242847,1.556909809242847
G06_R0156,G06,LOGO,holdout_G06,G06,25,50,0.001,0.7,0.3,0.3,4.0,11.5917096,8.800041337912,-2.791668262087999,2.791668262087999
G06_R0157,G06,LOGO,holdout_G06,G06,25,50,0.0001,0.85,0.1,0.3,4.0,6.371586099999999,5.184189057706217,-1.1873970422937823,1.1873970422937823
G06_R0158,G06,LOGO,holdout_G06,G06,25,50,0.0001,0.85,0.2,0.3,4.0,10.2037,8.039677916979695,-2.1640220830203045,2.1640220830203045
G06_R0159,G06,LOGO,holdout_G06,G06,25,50,0.0001,0.85,0.3,0.3,4.0,17.292662,12.862220855678617,-4.430441144321385,4.430441144321385
G06_R0160,G06,LOGO,holdout_G06,G06,25,50,0.0001,0.8,0.1,0.3,4.0,6.3860633,5.192965544018643,-1.1930977559813574,1.1930977559813574
G06_R0161,G06,LOGO,holdout_G06,G06,25,50,0.0001,0.8,0.2,0.3,4.0,10.232414,8.056155157525676,-2.176258842474324,2.176258842474324
G06_R0162,G06,LOGO,holdout_G06,G06,25,50,0.0001,0.8,0.3,0.3,4.0,17.346317000000003,12.891752822206238,-4.454564177793765,4.454564177793765
G06_R0163,G06,LOGO,holdout_G06,G06,25,50,0.0001,0.75,0.1,0.3,4.0,6.4013175,5.207803486998189,-1.1935140130018116,1.1935140130018116
G06_R0164,G06,LOGO,holdout_G06,G06,25,50,0.0001,0.75,0.2,0.3,4.0,10.262098,8.083415043422221,-2.178682956577779,2.178682956577779
G06_R0165,G06,LOGO,holdout_G06,G06,25,50,0.0001,0.75,0.3,0.3,4.0,17.404936,12.941096054780727,-4.463839945219272,4.463839945219272
G06_R0166,G06,LOGO,holdout_G06,G06,25,50,0.0001,0.7,0.1,0.3,4.0,6.4174447,5.217319947352321,-1.200124752647679,1.200124752647679
G06_R0167,G06,LOGO,holdout_G06,G06,25,50,0.0001,0.7,0.2,0.3,4.0,10.293749,8.101465620133075,-2.192283379866925,2.192283379866925
G06_R0168,G06,LOGO,holdout_G06,G06,25,50,0.0001,0.7,0.3,0.3,4.0,17.466514,12.973919301209344,-4.492594698790656,4.492594698790656
G06_R0169,G06,LOGO,holdout_G06,G06,25,50,1e-05,0.85,0.1,0.3,4.0,8.853062,7.536761009720265,-1.316300990279735,1.316300990279735
G06_R0170,G06,LOGO,holdout_G06,G06,25,50,1e-05,0.85,0.2,0.3,4.0,17.990347,15.562103938865018,-2.4282430611349817,2.4282430611349817
G06_R0171,G06,LOGO,holdout_G06,G06,25,50,1e-05,0.85,0.3,0.3,4.0,33.894278,28.80120350611429,-5.093074493885705,5.093074493885705
G06_R0172,G06,LOGO,holdout_G06,G06,25,50,1e-05,0.8,0.1,0.3,4.0,8.866083999999999,7.545832432011838,-1.3202515679881612,1.3202515679881612
G06_R0173,G06,LOGO,holdout_G06,G06,25,50,1e-05,0.8,0.2,0.3,4.0,18.020228,15.58326166626069,-2.43696633373931,2.43696633373931
G06_R0174,G06,LOGO,holdout_G06,G06,25,50,1e-05,0.8,0.3,0.3,4.0,33.950127,28.838523169031447,-5.111603830968555,5.111603830968555
G06_R0175,G06,LOGO,holdout_G06,G06,25,50,1e-05,0.75,0.1,0.3,4.0,8.8804,7.562184165525723,-1.3182158344742767,1.3182158344742767
G06_R0176,G06,LOGO,holdout_G06,G06,25,50,1e-05,0.75,0.2,0.3,4.0,18.053098,15.621431188023426,-2.431666811976573,2.431666811976573
G06_R0177,G06,LOGO,holdout_G06,G06,25,50,1e-05,0.75,0.3,0.3,4.0,34.013960999999995,28.905865951856956,-5.108095048143042,5.108095048143042
G06_R0178,G06,LOGO,holdout_G06,G06,25,50,1e-05,0.7,0.1,0.3,4.0,8.896307,7.573172798650749,-1.3231342013492506,1.3231342013492506
G06_R0179,G06,LOGO,holdout_G06,G06,25,50,1e-05,0.7,0.2,0.3,4.0,18.090955,15.6467738972735,-2.444181102726501,2.444181102726501
G06_R0180,G06,LOGO,holdout_G06,G06,25,50,1e-05,0.7,0.3,0.3,4.0,34.08478,28.95467136877393,-5.130108631226072,5.130108631226072
G06_R0181,G06,LOGO,holdout_G06,G06,25,50,1e-06,0.85,0.1,0.3,4.0,26.831896,25.449456368199392,-1.382439631800608,1.382439631800608
G06_R0182,G06,LOGO,holdout_G06,G06,25,50,1e-06,0.85,0.2,0.3,4.0,83.631374,80.85614466499499,-2.775229335005008,2.775229335005008
G06_R0183,G06,LOGO,holdout_G06,G06,25,50,1e-06,0.85,0.3,0.3,4.0,177.18879900000002,171.84449850775317,-5.344300492246845,5.344300492246845
G06_R0184,G06,LOGO,holdout_G06,G06,25,50,1e-06,0.8,0.1,0.3,4.0,26.893863,25.499612173466925,-1.3942508265330744,1.3942508265330744
G06_R0185,G06,LOGO,holdout_G06,G06,25,50,1e-06,0.8,0.2,0.3,4.0,83.754333,80.96436002949096,-2.789972970509041,2.789972970509041
G06_R0186,G06,LOGO,holdout_G06,G06,25,50,1e-06,0.8,0.3,0.3,4.0,177.37875,172.01299212779463,-5.365757872205364,5.365757872205364
G06_R0187,G06,LOGO,holdout_G06,G06,25,50,1e-06,0.75,0.1,0.3,4.0,26.960829,25.568152538622968,-1.3926764613770324,1.3926764613770324
G06_R0188,G06,LOGO,holdout_G06,G06,25,50,1e-06,0.75,0.2,0.3,4.0,83.890288,81.09021259324372,-2.800075406756278,2.800075406756278
G06_R0189,G06,LOGO,holdout_G06,G06,25,50,1e-06,0.75,0.3,0.3,4.0,177.59869600000002,172.19966124654354,-5.399034753456476,5.399034753456476
G06_R0190,G06,LOGO,holdout_G06,G06,25,50,1e-06,0.7,0.1,0.3,4.0,27.035791,25.624633966389908,-1.4111570336100918,1.4111570336100918
G06_R0191,G06,LOGO,holdout_G06,G06,25,50,1e-06,0.7,0.2,0.3,4.0,84.04223900000001,81.22496998771443,-2.8172690122855784,2.8172690122855784
G06_R0192,G06,LOGO,holdout_G06,G06,25,50,1e-06,0.7,0.3,0.3,4.0,177.838637,172.420376778368,-5.418260221632011,5.418260221632011
G06_R0193,G06,LOGO,holdout_G06,G06,100,3,0.001,0.85,0.1,0.3,4.0,23.200536,18.320687281792623,-4.8798487182073735,4.8798487182073735
G06_R0194,G06,LOGO,holdout_G06,G06,100,3,0.001,0.85,0.2,0.3,4.0,34.714384,26.56849613328477,-8.145887866715228,8.145887866715228
G06_R0195,G06,LOGO,holdout_G06,G06,100,3,0.001,0.85,0.3,0.3,4.0,54.018773,39.5588709245198,-14.4599020754802,14.4599020754802
G06_R0196,G06,LOGO,holdout_G06,G06,100,3,0.001,0.8,0.1,0.3,4.0,23.323524000000003,18.3870316840859,-4.936492315914101,4.936492315914101
G06_R0197,G06,LOGO,holdout_G06,G06,100,3,0.001,0.8,0.2,0.3,4.0,34.962416,26.70156552807657,-8.260850471923426,8.260850471923426
G06_R0198,G06,LOGO,holdout_G06,G06,100,3,0.001,0.8,0.3,0.3,4.0,54.516073,39.810929939846616,-14.705143060153382,14.705143060153382
G06_R0199,G06,LOGO,holdout_G06,G06,100,3,0.001,0.75,0.1,0.3,4.0,23.454444,18.501845571361223,-4.952598428638776,4.952598428638776
G06_R0200,G06,LOGO,holdout_G06,G06,100,3,0.001,0.75,0.2,0.3,4.0,35.227382000000006,26.91557855909246,-8.311803440907546,8.311803440907546
G06_R0201,G06,LOGO,holdout_G06,G06,100,3,0.001,0.75,0.3,0.3,4.0,55.051341,40.1734118225878,-14.877929177412206,14.877929177412206
G06_R0202,G06,LOGO,holdout_G06,G06,100,3,0.001,0.7,0.1,0.3,4.0,23.596289,18.577540845111223,-5.0187481548887725,5.0187481548887725
G06_R0203,G06,LOGO,holdout_G06,G06,100,3,0.001,0.7,0.2,0.3,4.0,35.513276000000005,27.06038317090498,-8.452892829095024,8.452892829095024
G06_R0204,G06,LOGO,holdout_G06,G06,100,3,0.001,0.7,0.3,0.3,4.0,55.630577,40.4838529842783,-15.146724015721702,15.146724015721702
G06_R0205,G06,LOGO,holdout_G06,G06,100,3,0.0001,0.85,0.1,0.3,4.0,29.115299,22.88142184172248,-6.233877158277522,6.233877158277522
G06_R0206,G06,LOGO,holdout_G06,G06,100,3,0.0001,0.85,0.2,0.3,4.0,46.618676,35.632882745946425,-10.985793254053576,10.985793254053576
G06_R0207,G06,LOGO,holdout_G06,G06,100,3,0.0001,0.85,0.3,0.3,4.0,78.787896,57.0516026228696,-21.7362933771304,21.7362933771304
G06_R0208,G06,LOGO,holdout_G06,G06,100,3,0.0001,0.8,0.1,0.3,4.0,29.18963,22.92723278590353,-6.26239721409647,6.26239721409647
G06_R0209,G06,LOGO,holdout_G06,G06,100,3,0.0001,0.8,0.2,0.3,4.0,46.782003,35.73196796206235,-11.050035037937654,11.050035037937654
G06_R0210,G06,LOGO,holdout_G06,G06,100,3,0.0001,0.8,0.3,0.3,4.0,79.12296400000001,57.24115070651568,-21.881813293484328,21.881813293484328
G06_R0211,G06,LOGO,holdout_G06,G06,100,3,0.0001,0.75,0.1,0.3,4.0,29.267895000000003,23.00215696438103,-6.265738035618973,6.265738035618973
G06_R0212,G06,LOGO,holdout_G06,G06,100,3,0.0001,0.75,0.2,0.3,4.0,46.958266,35.9045577721535,-11.0537082278465,11.0537082278465
G06_R0213,G06,LOGO,holdout_G06,G06,100,3,0.0001,0.75,0.3,0.3,4.0,79.487059,57.5751034026117,-21.9119555973883,21.9119555973883
G06_R0214,G06,LOGO,holdout_G06,G06,100,3,0.0001,0.7,0.1,0.3,4.0,29.352083,23.05241023879753,-6.299672761202466,6.299672761202466
G06_R0215,G06,LOGO,holdout_G06,G06,100,3,0.0001,0.7,0.2,0.3,4.0,47.151452,36.01791802217587,-11.13353397782413,11.13353397782413
G06_R0216,G06,LOGO,holdout_G06,G06,100,3,0.0001,0.7,0.3,0.3,4.0,79.887184,57.79785845151446,-22.089325548485547,22.089325548485547
G06_R0217,G06,LOGO,holdout_G06,G06,100,3,1e-05,0.85,0.1,0.3,4.0,39.589822,32.7417125554938,-6.8481094445062,6.8481094445062
G06_R0218,G06,LOGO,holdout_G06,G06,100,3,1e-05,0.85,0.2,0.3,4.0,79.15656700000001,66.93506700629472,-12.221499993705294,12.221499993705294
G06_R0219,G06,LOGO,holdout_G06,G06,100,3,1e-05,0.85,0.3,0.3,4.0,147.671662,123.11176872303528,-24.55989327696473,24.55989327696473
G06_R0220,G06,LOGO,holdout_G06,G06,100,3,1e-05,0.8,0.1,0.3,4.0,39.684588,32.80921312774392,-6.8753748722560815,6.8753748722560815
G06_R0221,G06,LOGO,holdout_G06,G06,100,3,1e-05,0.8,0.2,0.3,4.0,79.421225,67.13215321897681,-12.289071781023196,12.289071781023196
G06_R0222,G06,LOGO,holdout_G06,G06,100,3,1e-05,0.8,0.3,0.3,4.0,148.201294,123.49116446773314,-24.710129532266848,24.710129532266848
G06_R0223,G06,LOGO,holdout_G06,G06,100,3,1e-05,0.75,0.1,0.3,4.0,39.789331,32.932118864205265,-6.857212135794732,6.857212135794732
G06_R0224,G06,LOGO,holdout_G06,G06,100,3,1e-05,0.75,0.2,0.3,4.0,79.72185300000001,67.47037195818882,-12.25148104181119,12.25148104181119
G06_R0225,G06,LOGO,holdout_G06,G06,100,3,1e-05,0.75,0.3,0.3,4.0,148.80089700000002,124.13085806619888,-24.670038933801152,24.670038933801152
G06_R0226,G06,LOGO,holdout_G06,G06,100,3,1e-05,0.7,0.1,0.3,4.0,39.909048,33.01066200670022,-6.898385993299776,6.898385993299776
G06_R0227,G06,LOGO,holdout_G06,G06,100,3,1e-05,0.7,0.2,0.3,4.0,80.068444,67.71501254537505,-12.353431454624952,12.353431454624952
G06_R0228,G06,LOGO,holdout_G06,G06,100,3,1e-05,0.7,0.3,0.3,4.0,149.490466,124.64864802696468,-24.84181797303532,24.84181797303532
G06_R0229,G06,LOGO,holdout_G06,G06,100,3,1e-06,0.85,0.1,0.3,4.0,112.242402,105.0824794088394,-7.159922591160594,7.159922591160594
G06_R0230,G06,LOGO,holdout_G06,G06,100,3,1e-06,0.85,0.2,0.3,4.0,344.341398,330.73585741437006,-13.605540585629967,13.605540585629967
G06_R0231,G06,LOGO,holdout_G06,G06,100,3,1e-06,0.85,0.3,0.3,4.0,726.591266,700.8507351564482,-25.740530843551824,25.740530843551824
G06_R0232,G06,LOGO,holdout_G06,G06,100,3,1e-06,0.8,0.1,0.3,4.0,112.572304,105.38941124997191,-7.182892750028074,7.182892750028074
G06_R0233,G06,LOGO,holdout_G06,G06,100,3,1e-06,0.8,0.2,0.3,4.0,345.191277,331.4421313462135,-13.749145653786512,13.749145653786512
G06_R0234,G06,LOGO,holdout_G06,G06,100,3,1e-06,0.8,0.3,0.3,4.0,728.1611320000001,702.2749830961206,-25.886148903879416,25.886148903879416
G06_R0235,G06,LOGO,holdout_G06,G06,100,3,1e-06,0.75,0.1,0.3,4.0,112.942198,105.75098893156526,-7.191209068434745,7.191209068434745
G06_R0236,G06,LOGO,holdout_G06,G06,100,3,1e-06,0.75,0.2,0.3,4.0,346.16114600000003,332.377791113303,-13.783354886697056,13.783354886697056
G06_R0237,G06,LOGO,holdout_G06,G06,100,3,1e-06,0.75,0.3,0.3,4.0,729.9609879999999,704.0574776357685,-25.903510364231465,25.903510364231465
G06_R0238,G06,LOGO,holdout_G06,G06,100,3,1e-06,0.7,0.1,0.3,4.0,113.362083,106.13868455239404,-7.223398447605959,7.223398447605959
G06_R0239,G06,LOGO,holdout_G06,G06,100,3,1e-06,0.7,0.2,0.3,4.0,347.271005,333.408457514408,-13.862547485592016,13.862547485592016
G06_R0240,G06,LOGO,holdout_G06,G06,100,3,1e-06,0.7,0.3,0.3,4.0,732.05083,706.0142635986979,-26.03656640130214,26.03656640130214
G06_R0241,G06,LOGO,holdout_G06,G06,100,6,0.001,0.85,0.1,0.3,4.0,23.200536,18.320540461167617,-4.879995538832382,4.879995538832382
G06_R0242,G06,LOGO,holdout_G06,G06,100,6,0.001,0.85,0.2,0.3,4.0,34.714384,26.56796147582644,-8.146422524173563,8.146422524173563
G06_R0243,G06,LOGO,holdout_G06,G06,100,6,0.001,0.85,0.3,0.3,4.0,54.018773,39.55753722972813,-14.46123577027187,14.46123577027187
G06_R0244,G06,LOGO,holdout_G06,G06,100,6,0.001,0.8,0.1,0.3,4.0,23.323524000000003,18.38682616846089,-4.93669783153911,4.93669783153911
G06_R0245,G06,LOGO,holdout_G06,G06,100,6,0.001,0.8,0.2,0.3,4.0,34.962416,26.70123953686824,-8.261176463131758,8.261176463131758
G06_R0246,G06,LOGO,holdout_G06,G06,100,6,0.001,0.8,0.3,0.3,4.0,54.516073,39.80924684065911,-14.706826159340892,14.706826159340892
G06_R0247,G06,LOGO,holdout_G06,G06,100,6,0.001,0.75,0.1,0.3,4.0,23.454444,18.50249881054873,-4.951945189451273,4.951945189451273
G06_R0248,G06,LOGO,holdout_G06,G06,100,6,0.001,0.75,0.2,0.3,4.0,35.227382000000006,26.916072564613284,-8.311309435386722,8.311309435386722
G06_R0249,G06,LOGO,holdout_G06,G06,100,6,0.001,0.75,0.3,0.3,4.0,55.051341,40.170522488736594,-14.880818511263406,14.880818511263406
G06_R0250,G06,LOGO,holdout_G06,G06,100,6,0.001,0.7,0.1,0.3,4.0,23.596289,18.57808102179873,-5.018207978201268,5.018207978201268
G06_R0251,G06,LOGO,holdout_G06,G06,100,6,0.001,0.7,0.2,0.3,4.0,35.513276000000005,27.060877176425805,-8.4523988235742,8.4523988235742
G06_R0252,G06,LOGO,holdout_G06,G06,100,6,0.001,0.7,0.3,0.3,4.0,55.630577,40.4815572411771,-15.149019758822902,15.149019758822902
G06_R0253,G06,LOGO,holdout_G06,G06,100,6,0.0001,0.85,0.1,0.3,4.0,29.115299,22.881195979180823,-6.234103020819177,6.234103020819177
G06_R0254,G06,LOGO,holdout_G06,G06,100,6,0.0001,0.85,0.2,0.3,4.0,46.618676,35.63281491119641,-10.985861088803588,10.985861088803588
G06_R0255,G06,LOGO,holdout_G06,G06,100,6,0.0001,0.85,0.3,0.3,4.0,78.787896,57.05189970511961,-21.735996294880398,21.735996294880398
G06_R0256,G06,LOGO,holdout_G06,G06,100,6,0.0001,0.8,0.1,0.3,4.0,29.18963,22.926994755326163,-6.262635244673838,6.262635244673838
G06_R0257,G06,LOGO,holdout_G06,G06,100,6,0.0001,0.8,0.2,0.3,4.0,46.782003,35.73190012731234,-11.05010287268766,11.05010287268766
G06_R0258,G06,LOGO,holdout_G06,G06,100,6,0.0001,0.8,0.3,0.3,4.0,79.12296400000001,57.24144778876568,-21.881516211234327,21.881516211234327
G06_R0259,G06,LOGO,holdout_G06,G06,100,6,0.0001,0.75,0.1,0.3,4.0,29.267895000000003,23.00227028157448,-6.265624718425524,6.265624718425524
G06_R0260,G06,LOGO,holdout_G06,G06,100,6,0.0001,0.75,0.2,0.3,4.0,46.958266,35.90464174177851,-11.05362425822149,11.05362425822149
G06_R0261,G06,LOGO,holdout_G06,G06,100,6,0.0001,0.75,0.3,0.3,4.0,79.487059,57.5737031117367,-21.913355888263304,21.913355888263304
G06_R0262,G06,LOGO,holdout_G06,G06,100,6,0.0001,0.7,0.1,0.3,4.0,29.352083,23.05248466661598,-6.299598333384019,6.299598333384019
G06_R0263,G06,LOGO,holdout_G06,G06,100,6,0.0001,0.7,0.2,0.3,4.0,47.151452,36.01800199180087,-11.133450008199128,11.133450008199128
G06_R0264,G06,LOGO,holdout_G06,G06,100,6,0.0001,0.7,0.3,0.3,4.0,79.887184,57.79645816063944,-22.09072583936057,22.09072583936057
G06_R0265,G06,LOGO,holdout_G06,G06,100,6,1e-05,0.85,0.1,0.3,4.0,39.589822,32.74121537727951,-6.848606622720489,6.848606622720489
G06_R0266,G06,LOGO,holdout_G06,G06,100,6,1e-05,0.85,0.2,0.3,4.0,79.15656700000001,66.93469281204472,-12.221874187955294,12.221874187955294
G06_R0267,G06,LOGO,holdout_G06,G06,100,6,1e-05,0.85,0.3,0.3,4.0,147.671662,123.11207975933289,-24.559582240667112,24.559582240667112
G06_R0268,G06,LOGO,holdout_G06,G06,100,6,1e-05,0.8,0.1,0.3,4.0,39.684588,32.808715949529635,-6.875872050470363,6.875872050470363
G06_R0269,G06,LOGO,holdout_G06,G06,100,6,1e-05,0.8,0.2,0.3,4.0,79.421225,67.1319113191018,-12.289313680898204,12.289313680898204
G06_R0270,G06,LOGO,holdout_G06,G06,100,6,1e-05,0.8,0.3,0.3,4.0,148.201294,123.49050551482242,-24.710788485177574,24.710788485177574
G06_R0271,G06,LOGO,holdout_G06,G06,100,6,1e-05,0.75,0.1,0.3,4.0,39.789331,32.93128568472609,-6.858045315273905,6.858045315273905
G06_R0272,G06,LOGO,holdout_G06,G06,100,6,1e-05,0.75,0.2,0.3,4.0,79.72185300000001,67.47107762514713,-12.250775374852878,12.250775374852878
G06_R0273,G06,LOGO,holdout_G06,G06,100,6,1e-05,0.75,0.3,0.3,4.0,148.80089700000002,124.12978899596972,-24.671108004030287,24.671108004030287
G06_R0274,G06,LOGO,holdout_G06,G06,100,6,1e-05,0.7,0.1,0.3,4.0,39.909048,33.00982882722106,-6.899219172778942,6.899219172778942
G06_R0275,G06,LOGO,holdout_G06,G06,100,6,1e-05,0.7,0.2,0.3,4.0,80.068444,67.71535855579168,-12.353085444208318,12.353085444208318
G06_R0276,G06,LOGO,holdout_G06,G06,100,6,1e-05,0.7,0.3,0.3,4.0,149.490466,124.64882821719388,-24.84163778280612,24.84163778280612
G06_R0277,G06,LOGO,holdout_G06,G06,100,6,1e-06,0.85,0.1,0.3,4.0,112.242402,105.08224657183942,-7.160155428160579,7.160155428160579
G06_R0278,G06,LOGO,holdout_G06,G06,100,6,1e-06,0.85,0.2,0.3,4.0,344.341398,330.7354882162451,-13.605909783754951,13.605909783754951
G06_R0279,G06,LOGO,holdout_G06,G06,100,6,1e-06,0.85,0.3,0.3,4.0,726.591266,700.84988157285,-25.741384427150024,25.741384427150024
G06_R0280,G06,LOGO,holdout_G06,G06,100,6,1e-06,0.8,0.1,0.3,4.0,112.572304,105.38918896934692,-7.183115030653084,7.183115030653084
G06_R0281,G06,LOGO,holdout_G06,G06,100,6,1e-06,0.8,0.2,0.3,4.0,345.191277,331.4417214516718,-13.749555548328203,13.749555548328203
G06_R0282,G06,LOGO,holdout_G06,G06,100,6,1e-06,0.8,0.3,0.3,4.0,728.1611320000001,702.2751921310523,-25.88593986894773,25.88593986894773
G06_R0283,G06,LOGO,holdout_G06,G06,100,6,1e-06,0.75,0.1,0.3,4.0,112.942198,105.75117538980484,-7.191022610195162,7.191022610195162
G06_R0284,G06,LOGO,holdout_G06,G06,100,6,1e-06,0.75,0.2,0.3,4.0,346.16114600000003,332.3753614387196,-13.785784561280424,13.785784561280424
G06_R0285,G06,LOGO,holdout_G06,G06,100,6,1e-06,0.75,0.3,0.3,4.0,729.9609879999999,704.0620391079888,-25.898948892011163,25.898948892011163
G06_R0286,G06,LOGO,holdout_G06,G06,100,6,1e-06,0.7,0.1,0.3,4.0,113.362083,106.13934599397145,-7.2227370060285665,7.2227370060285665
G06_R0287,G06,LOGO,holdout_G06,G06,100,6,1e-06,0.7,0.2,0.3,4.0,347.271005,333.40615403340803,-13.864850966591971,13.864850966591971
G06_R0288,G06,LOGO,holdout_G06,G06,100,6,1e-06,0.7,0.3,0.3,4.0,732.05083,706.0069221678642,-26.0439078321358,26.0439078321358
G06_R0289,G06,LOGO,holdout_G06,G06,100,20,0.001,0.85,0.1,0.3,4.0,23.200536,18.320655086027635,-4.8798809139723645,4.8798809139723645
G06_R0290,G06,LOGO,holdout_G06,G06,100,20,0.001,0.85,0.2,0.3,4.0,34.714384,26.56814948195442,-8.146234518045581,8.146234518045581
G06_R0291,G06,LOGO,holdout_G06,G06,100,20,0.001,0.85,0.3,0.3,4.0,54.018773,39.555539675403736,-14.463233324596269,14.463233324596269
G06_R0292,G06,LOGO,holdout_G06,G06,100,20,0.001,0.8,0.1,0.3,4.0,23.323524000000003,18.386940653320995,-4.936583346679008,4.936583346679008
G06_R0293,G06,LOGO,holdout_G06,G06,100,20,0.001,0.8,0.2,0.3,4.0,34.962416,26.70115447341288,-8.261261526587116,8.261261526587116
G06_R0294,G06,LOGO,holdout_G06,G06,100,20,0.001,0.8,0.3,0.3,4.0,54.516073,39.8080195217722,-14.708053478227804,14.708053478227804
G06_R0295,G06,LOGO,holdout_G06,G06,100,20,0.001,0.75,0.1,0.3,4.0,23.454444,18.5026580056529,-4.951785994347098,4.951785994347098
G06_R0296,G06,LOGO,holdout_G06,G06,100,20,0.001,0.75,0.2,0.3,4.0,35.227382000000006,26.916663343058225,-8.31071865694178,8.31071865694178
G06_R0297,G06,LOGO,holdout_G06,G06,100,20,0.001,0.75,0.3,0.3,4.0,55.051341,40.1734145975729,-14.8779264024271,14.8779264024271
G06_R0298,G06,LOGO,holdout_G06,G06,100,20,0.001,0.7,0.1,0.3,4.0,23.596289,18.578210869402906,-5.018078130597097,5.018078130597097
G06_R0299,G06,LOGO,holdout_G06,G06,100,20,0.001,0.7,0.2,0.3,4.0,35.513276000000005,27.06143048653741,-8.451845513462594,8.451845513462594
G06_R0300,G06,LOGO,holdout_G06,G06,100,20,0.001,0.7,0.3,0.3,4.0,55.630577,40.48483817534675,-15.14573882465325,15.14573882465325
G06_R0301,G06,LOGO,holdout_G06,G06,100,20,0.0001,0.85,0.1,0.3,4.0,29.115299,22.881387667919917,-6.233911332080087,6.233911332080087
G06_R0302,G06,LOGO,holdout_G06,G06,100,20,0.0001,0.85,0.2,0.3,4.0,46.618676,35.632919636531234,-10.985756363468766,10.985756363468766
G06_R0303,G06,LOGO,holdout_G06,G06,100,20,0.0001,0.85,0.3,0.3,4.0,78.787896,57.05111788276545,-21.73677811723455,21.73677811723455
G06_R0304,G06,LOGO,holdout_G06,G06,100,20,0.0001,0.8,0.1,0.3,4.0,29.18963,22.92722903219025,-6.2624009678097465,6.2624009678097465
G06_R0305,G06,LOGO,holdout_G06,G06,100,20,0.0001,0.8,0.2,0.3,4.0,46.782003,35.731934881397166,-11.050068118602836,11.050068118602836
G06_R0306,G06,LOGO,holdout_G06,G06,100,20,0.0001,0.8,0.3,0.3,4.0,79.12296400000001,57.240539375578194,-21.882424624421816,21.882424624421816
G06_R0307,G06,LOGO,holdout_G06,G06,100,20,0.0001,0.75,0.1,0.3,4.0,29.267895000000003,23.002647199541745,-6.265247800458258,6.265247800458258
G06_R0308,G06,LOGO,holdout_G06,G06,100,20,0.0001,0.75,0.2,0.3,4.0,46.958266,35.90360350512371,-11.05466249487629,11.05466249487629
G06_R0309,G06,LOGO,holdout_G06,G06,100,20,0.0001,0.75,0.3,0.3,4.0,79.487059,57.57417745619503,-21.91288154380497,21.91288154380497
G06_R0310,G06,LOGO,holdout_G06,G06,100,20,0.0001,0.7,0.1,0.3,4.0,29.352083,23.052946760833247,-6.299136239166753,6.299136239166753
G06_R0311,G06,LOGO,holdout_G06,G06,100,20,0.0001,0.7,0.2,0.3,4.0,47.151452,36.016963661396105,-11.134488338603894,11.134488338603894
G06_R0312,G06,LOGO,holdout_G06,G06,100,20,0.0001,0.7,0.3,0.3,4.0,79.887184,57.79701817041013,-22.09016582958988,22.09016582958988
G06_R0313,G06,LOGO,holdout_G06,G06,100,20,1e-05,0.85,0.1,0.3,4.0,39.589822,32.741827177748235,-6.847994822251764,6.847994822251764
G06_R0314,G06,LOGO,holdout_G06,G06,100,20,1e-05,0.85,0.2,0.3,4.0,79.15656700000001,66.93581083388402,-12.22075616611599,12.22075616611599
G06_R0315,G06,LOGO,holdout_G06,G06,100,20,1e-05,0.85,0.3,0.3,4.0,147.671662,123.11363011899977,-24.558031881000232,24.558031881000232
G06_R0316,G06,LOGO,holdout_G06,G06,100,20,1e-05,0.8,0.1,0.3,4.0,39.684588,32.809453845415035,-6.875134154584963,6.875134154584963
G06_R0317,G06,LOGO,holdout_G06,G06,100,20,1e-05,0.8,0.2,0.3,4.0,79.421225,67.1329072190661,-12.288317780933909,12.288317780933909
G06_R0318,G06,LOGO,holdout_G06,G06,100,20,1e-05,0.8,0.3,0.3,4.0,148.201294,123.4933380667807,-24.707955933219296,24.707955933219296
G06_R0319,G06,LOGO,holdout_G06,G06,100,20,1e-05,0.75,0.1,0.3,4.0,39.789331,32.93164013062789,-6.857690869372107,6.857690869372107
G06_R0320,G06,LOGO,holdout_G06,G06,100,20,1e-05,0.75,0.2,0.3,4.0,79.72185300000001,67.4699605845905,-12.251892415409516,12.251892415409516
G06_R0321,G06,LOGO,holdout_G06,G06,100,20,1e-05,0.75,0.3,0.3,4.0,148.80089700000002,124.13321878706522,-24.667678212934803,24.667678212934803
G06_R0322,G06,LOGO,holdout_G06,G06,100,20,1e-05,0.7,0.1,0.3,4.0,39.909048,33.010160328331175,-6.898887671668824,6.898887671668824
G06_R0323,G06,LOGO,holdout_G06,G06,100,20,1e-05,0.7,0.2,0.3,4.0,80.068444,67.7148864166726,-12.3535575833274,12.3535575833274
G06_R0324,G06,LOGO,holdout_G06,G06,100,20,1e-05,0.7,0.3,0.3,4.0,149.490466,124.65136569167946,-24.83910030832054,24.83910030832054
G06_R0325,G06,LOGO,holdout_G06,G06,100,20,1e-06,0.85,0.1,0.3,4.0,112.242402,105.08287083385729,-7.159531166142713,7.159531166142713
G06_R0326,G06,LOGO,holdout_G06,G06,100,20,1e-06,0.85,0.2,0.3,4.0,344.341398,330.7270164434861,-13.614381556513877,13.614381556513877
G06_R0327,G06,LOGO,holdout_G06,G06,100,20,1e-06,0.85,0.3,0.3,4.0,726.591266,700.8525976608587,-25.738668339141327,25.738668339141327
G06_R0328,G06,LOGO,holdout_G06,G06,100,20,1e-06,0.8,0.1,0.3,4.0,112.572304,105.38986019876158,-7.182443801238421,7.182443801238421
G06_R0329,G06,LOGO,holdout_G06,G06,100,20,1e-06,0.8,0.2,0.3,4.0,345.191277,331.4401343796033,-13.751142620396706,13.751142620396706
G06_R0330,G06,LOGO,holdout_G06,G06,100,20,1e-06,0.8,0.3,0.3,4.0,728.1611320000001,702.2872199850733,-25.87391201492676,25.87391201492676
G06_R0331,G06,LOGO,holdout_G06,G06,100,20,1e-06,0.75,0.1,0.3,4.0,112.942198,105.75126593534952,-7.190932064650497,7.190932064650497
G06_R0332,G06,LOGO,holdout_G06,G06,100,20,1e-06,0.75,0.2,0.3,4.0,346.16114600000003,332.37063362288035,-13.790512377119684,13.790512377119684
G06_R0333,G06,LOGO,holdout_G06,G06,100,20,1e-06,0.75,0.3,0.3,4.0,729.9609879999999,704.0601737430499,-25.90081425695007,25.90081425695007
G06_R0334,G06,LOGO,holdout_G06,G06,100,20,1e-06,0.7,0.1,0.3,4.0,113.362083,106.13934841700716,-7.222734582992842,7.222734582992842
G06_R0335,G06,LOGO,holdout_G06,G06,100,20,1e-06,0.7,0.2,0.3,4.0,347.271005,333.4027018335644,-13.868303166435624,13.868303166435624
G06_R0336,G06,LOGO,holdout_G06,G06,100,20,1e-06,0.7,0.3,0.3,4.0,732.05083,705.9976248901131,-26.053205109886903,26.053205109886903
G06_R0337,G06,LOGO,holdout_G06,G06,100,50,0.001,0.85,0.1,0.3,4.0,23.200536,18.320867127188347,-4.879668872811653,4.879668872811653
G06_R0338,G06,LOGO,holdout_G06,G06,100,50,0.001,0.85,0.2,0.3,4.0,34.714384,26.567540872058583,-8.146843127941416,8.146843127941416
G06_R0339,G06,LOGO,holdout_G06,G06,100,50,0.001,0.85,0.3,0.3,4.0,54.018773,39.55455967871029,-14.46421332128972,14.46421332128972
G06_R0340,G06,LOGO,holdout_G06,G06,100,50,0.001,0.8,0.1,0.3,4.0,23.323524000000003,18.38715269448171,-4.936371305518293,4.936371305518293
G06_R0341,G06,LOGO,holdout_G06,G06,100,50,0.001,0.8,0.2,0.3,4.0,34.962416,26.70054586351705,-8.261870136482948,8.261870136482948
G06_R0342,G06,LOGO,holdout_G06,G06,100,50,0.001,0.8,0.3,0.3,4.0,54.516073,39.80693042934959,-14.709142570650414,14.709142570650414
G06_R0343,G06,LOGO,holdout_G06,G06,100,50,0.001,0.75,0.1,0.3,4.0,23.454444,18.502497866507063,-4.951946133492935,4.951946133492935
G06_R0344,G06,LOGO,holdout_G06,G06,100,50,0.001,0.75,0.2,0.3,4.0,35.227382000000006,26.916617449010616,-8.31076455098939,8.31076455098939
G06_R0345,G06,LOGO,holdout_G06,G06,100,50,0.001,0.75,0.3,0.3,4.0,55.051341,40.17498987944793,-14.876351120552073,14.876351120552073
G06_R0346,G06,LOGO,holdout_G06,G06,100,50,0.001,0.7,0.1,0.3,4.0,23.596289,18.578050730257065,-5.018238269742934,5.018238269742934
G06_R0347,G06,LOGO,holdout_G06,G06,100,50,0.001,0.7,0.2,0.3,4.0,35.513276000000005,27.0613845924898,-8.451891407510207,8.451891407510207
G06_R0348,G06,LOGO,holdout_G06,G06,100,50,0.001,0.7,0.3,0.3,4.0,55.630577,40.48487168572176,-15.14570531427824,15.14570531427824
G06_R0349,G06,LOGO,holdout_G06,G06,100,50,0.0001,0.85,0.1,0.3,4.0,29.115299,22.88130101875324,-6.233997981246759,6.233997981246759
G06_R0350,G06,LOGO,holdout_G06,G06,100,50,0.0001,0.85,0.2,0.3,4.0,46.618676,35.63386640953124,-10.984809590468764,10.984809590468764
G06_R0351,G06,LOGO,holdout_G06,G06,100,50,0.0001,0.85,0.3,0.3,4.0,78.787896,57.05036432609878,-21.737531673901223,21.737531673901223
G06_R0352,G06,LOGO,holdout_G06,G06,100,50,0.0001,0.8,0.1,0.3,4.0,29.18963,22.927142383023583,-6.2624876169764185,6.2624876169764185
G06_R0353,G06,LOGO,holdout_G06,G06,100,50,0.0001,0.8,0.2,0.3,4.0,46.782003,35.732881654397154,-11.049121345602847,11.049121345602847
G06_R0354,G06,LOGO,holdout_G06,G06,100,50,0.0001,0.8,0.3,0.3,4.0,79.12296400000001,57.23978581891152,-21.88317818108849,21.88317818108849
G06_R0355,G06,LOGO,holdout_G06,G06,100,50,0.0001,0.75,0.1,0.3,4.0,29.267895000000003,23.002662285916745,-6.265232714083261,6.265232714083261
G06_R0356,G06,LOGO,holdout_G06,G06,100,50,0.0001,0.75,0.2,0.3,4.0,46.958266,35.90325921479038,-11.05500678520962,11.05500678520962
G06_R0357,G06,LOGO,holdout_G06,G06,100,50,0.0001,0.75,0.3,0.3,4.0,79.487059,57.57298499329919,-21.91407400670081,21.91407400670081
G06_R0358,G06,LOGO,holdout_G06,G06,100,50,0.0001,0.7,0.1,0.3,4.0,29.352083,23.053012062624912,-6.299070937375088,6.299070937375088
G06_R0359,G06,LOGO,holdout_G06,G06,100,50,0.0001,0.7,0.2,0.3,4.0,47.151452,36.016619371062774,-11.134832628937223,11.134832628937223
G06_R0360,G06,LOGO,holdout_G06,G06,100,50,0.0001,0.7,0.3,0.3,4.0,79.887184,57.79521766043095,-22.09196633956905,22.09196633956905
G06_R0361,G06,LOGO,holdout_G06,G06,100,50,1e-05,0.85,0.1,0.3,4.0,39.589822,32.74182203665448,-6.847999963345522,6.847999963345522
G06_R0362,G06,LOGO,holdout_G06,G06,100,50,1e-05,0.85,0.2,0.3,4.0,79.15656700000001,66.9354772059257,-12.221089794074317,12.221089794074317
G06_R0363,G06,LOGO,holdout_G06,G06,100,50,1e-05,0.85,0.3,0.3,4.0,147.671662,123.11445671586432,-24.55720528413568,24.55720528413568
G06_R0364,G06,LOGO,holdout_G06,G06,100,50,1e-05,0.8,0.1,0.3,4.0,39.684588,32.80933603832127,-6.875251961678728,6.875251961678728
G06_R0365,G06,LOGO,holdout_G06,G06,100,50,1e-05,0.8,0.2,0.3,4.0,79.421225,67.13308538777443,-12.288139612225578,12.288139612225578
G06_R0366,G06,LOGO,holdout_G06,G06,100,50,1e-05,0.8,0.3,0.3,4.0,148.201294,123.49570916864526,-24.705584831354727,24.705584831354727
G06_R0367,G06,LOGO,holdout_G06,G06,100,50,1e-05,0.75,0.1,0.3,4.0,39.789331,32.93178567199247,-6.857545328007525,6.857545328007525
G06_R0368,G06,LOGO,holdout_G06,G06,100,50,1e-05,0.75,0.2,0.3,4.0,79.72185300000001,67.47158390750715,-12.250269092492855,12.250269092492855
G06_R0369,G06,LOGO,holdout_G06,G06,100,50,1e-05,0.75,0.3,0.3,4.0,148.80089700000002,124.1377265988673,-24.66317040113272,24.66317040113272
G06_R0370,G06,LOGO,holdout_G06,G06,100,50,1e-05,0.7,0.1,0.3,4.0,39.909048,33.01036755573742,-6.898680444262581,6.898680444262581
G06_R0371,G06,LOGO,holdout_G06,G06,100,50,1e-05,0.7,0.2,0.3,4.0,80.068444,67.71639074042263,-12.352053259577374,12.352053259577374
G06_R0372,G06,LOGO,holdout_G06,G06,100,50,1e-05,0.7,0.3,0.3,4.0,149.490466,124.6523005605232,-24.8381654394768,24.8381654394768
G06_R0373,G06,LOGO,holdout_G06,G06,100,50,1e-06,0.85,0.1,0.3,4.0,112.242402,105.08247170585724,-7.159930294142754,7.159930294142754
G06_R0374,G06,LOGO,holdout_G06,G06,100,50,1e-06,0.85,0.2,0.3,4.0,344.341398,330.72751723623617,-13.61388076376386,13.61388076376386
G06_R0375,G06,LOGO,holdout_G06,G06,100,50,1e-06,0.85,0.3,0.3,4.0,726.591266,700.854766544359,-25.736499455641024,25.736499455641024
G06_R0376,G06,LOGO,holdout_G06,G06,100,50,1e-06,0.8,0.1,0.3,4.0,112.572304,105.38973954592828,-7.182564454071724,7.182564454071724
G06_R0377,G06,LOGO,holdout_G06,G06,100,50,1e-06,0.8,0.2,0.3,4.0,345.191277,331.4389169435617,-13.752360056438306,13.752360056438306
G06_R0378,G06,LOGO,holdout_G06,G06,100,50,1e-06,0.8,0.3,0.3,4.0,728.1611320000001,702.2858732213352,-25.87525877866483,25.87525877866483
G06_R0379,G06,LOGO,holdout_G06,G06,100,50,1e-06,0.75,0.1,0.3,4.0,112.942198,105.75224936545366,-7.18994863454634,7.18994863454634
G06_R0380,G06,LOGO,holdout_G06,G06,100,50,1e-06,0.75,0.2,0.3,4.0,346.16114600000003,332.37262599625524,-13.788520003744791,13.788520003744791
G06_R0381,G06,LOGO,holdout_G06,G06,100,50,1e-06,0.75,0.3,0.3,4.0,729.9609879999999,704.0520129459633,-25.90897505403666,25.90897505403666
G06_R0382,G06,LOGO,holdout_G06,G06,100,50,1e-06,0.7,0.1,0.3,4.0,113.362083,106.1401369989238,-7.221946001076205,7.221946001076205
G06_R0383,G06,LOGO,holdout_G06,G06,100,50,1e-06,0.7,0.2,0.3,4.0,347.271005,333.4041480201208,-13.86685697987923,13.86685697987923
G06_R0384,G06,LOGO,holdout_G06,G06,100,50,1e-06,0.7,0.3,0.3,4.0,732.05083,705.9951631896132,-26.05566681038681,26.05566681038681
G06_R0385,G06,LOGO,holdout_G06,G06,250,3,0.001,0.85,0.1,0.3,4.0,74.877079,55.49359933377386,-19.383479666226137,19.383479666226137
G06_R0386,G06,LOGO,holdout_G06,G06,250,3,0.001,0.85,0.2,0.3,4.0,112.536237,81.7150581571395,-30.821178842860505,30.821178842860505
G06_R0387,G06,LOGO,holdout_G06,G06,250,3,0.001,0.85,0.3,0.3,4.0,176.502599,122.91887287653093,-53.58372612346909,53.58372612346909
G06_R0388,G06,LOGO,holdout_G06,G06,250,3,0.001,0.8,0.1,0.3,4.0,75.36948600000001,55.74919421827404,-19.620291781725967,19.620291781725967
G06_R0389,G06,LOGO,holdout_G06,G06,250,3,0.001,0.8,0.2,0.3,4.0,113.534491,82.21134383409544,-31.32314716590456,31.32314716590456
G06_R0390,G06,LOGO,holdout_G06,G06,250,3,0.001,0.8,0.3,0.3,4.0,178.461943,124.13961475867056,-54.32232824132944,54.32232824132944
G06_R0391,G06,LOGO,holdout_G06,G06,250,3,0.001,0.75,0.1,0.3,4.0,75.897724,56.182104410392434,-19.715619589607563,19.715619589607563
G06_R0392,G06,LOGO,holdout_G06,G06,250,3,0.001,0.75,0.2,0.3,4.0,114.592663,83.0236771041849,-31.568985895815104,31.568985895815104
G06_R0393,G06,LOGO,holdout_G06,G06,250,3,0.001,0.75,0.3,0.3,4.0,180.571313,125.48384973908048,-55.087463260919534,55.087463260919534
G06_R0394,G06,LOGO,holdout_G06,G06,250,3,0.001,0.7,0.1,0.3,4.0,76.46477200000001,56.48147398324925,-19.98329801675076,19.98329801675076
G06_R0395,G06,LOGO,holdout_G06,G06,250,3,0.001,0.7,0.2,0.3,4.0,115.730741,83.6258118765161,-32.1049291234839,32.1049291234839
G06_R0396,G06,LOGO,holdout_G06,G06,250,3,0.001,0.7,0.3,0.3,4.0,182.840719,126.90812225444112,-55.9325967455589,55.9325967455589
G06_R0397,G06,LOGO,holdout_G06,G06,250,3,0.0001,0.85,0.1,0.3,4.0,92.225991,68.27549061960048,-23.95050038039952,23.95050038039952
G06_R0398,G06,LOGO,holdout_G06,G06,250,3,0.0001,0.85,0.2,0.3,4.0,149.227238,107.64995400939895,-41.57728399060103,41.57728399060103
G06_R0399,G06,LOGO,holdout_G06,G06,250,3,0.0001,0.85,0.3,0.3,4.0,254.60572,173.78760438888273,-80.81811561111726,80.81811561111726
G06_R0400,G06,LOGO,holdout_G06,G06,250,3,0.0001,0.8,0.1,0.3,4.0,92.50351,68.44764058598695,-24.05586941401306,24.05586941401306
G06_R0401,G06,LOGO,holdout_G06,G06,250,3,0.0001,0.8,0.2,0.3,4.0,149.908373,108.0797005261198,-41.82867247388021,41.82867247388021
G06_R0402,G06,LOGO,holdout_G06,G06,250,3,0.0001,0.8,0.3,0.3,4.0,256.0972,174.61204936911244,-81.48515063088755,81.48515063088755
G06_R0403,G06,LOGO,holdout_G06,G06,250,3,0.0001,0.75,0.1,0.3,4.0,92.803878,68.73398639436463,-24.06989160563536,24.06989160563536
G06_R0404,G06,LOGO,holdout_G06,G06,250,3,0.0001,0.75,0.2,0.3,4.0,150.66955199999998,108.80619958505912,-41.86335241494086,41.86335241494086
G06_R0405,G06,LOGO,holdout_G06,G06,250,3,0.0001,0.75,0.3,0.3,4.0,257.74966,176.1841800439814,-81.5654799560186,81.5654799560186
G06_R0406,G06,LOGO,holdout_G06,G06,250,3,0.0001,0.7,0.1,0.3,4.0,93.13107,68.92597170759524,-24.20509829240476,24.20509829240476
G06_R0407,G06,LOGO,holdout_G06,G06,250,3,0.0001,0.7,0.2,0.3,4.0,151.52076100000002,109.32500141805652,-42.19575958194349,42.19575958194349
G06_R0408,G06,LOGO,holdout_G06,G06,250,3,0.0001,0.7,0.3,0.3,4.0,259.59323,177.22929830419028,-82.36393169580973,82.36393169580973
G06_R0409,G06,LOGO,holdout_G06,G06,250,3,1e-05,0.85,0.1,0.3,4.0,121.77874,95.51358143575824,-26.26515856424176,26.26515856424176
G06_R0410,G06,LOGO,holdout_G06,G06,250,3,1e-05,0.85,0.2,0.3,4.0,239.14262,192.47631344794408,-46.66630655205592,46.66630655205592
G06_R0411,G06,LOGO,holdout_G06,G06,250,3,1e-05,0.85,0.3,0.3,4.0,444.00754,351.0183625782216,-92.98917742177844,92.98917742177844
G06_R0412,G06,LOGO,holdout_G06,G06,250,3,1e-05,0.8,0.1,0.3,4.0,122.21817,95.81728301712396,-26.40088698287603,26.40088698287603
G06_R0413,G06,LOGO,holdout_G06,G06,250,3,1e-05,0.8,0.2,0.3,4.0,240.492,193.43898795841463,-47.05301204158536,47.05301204158536
G06_R0414,G06,LOGO,holdout_G06,G06,250,3,1e-05,0.8,0.3,0.3,4.0,446.75786,353.15707163054066,-93.60078836945934,93.60078836945934
G06_R0415,G06,LOGO,holdout_G06,G06,250,3,1e-05,0.75,0.1,0.3,4.0,122.71755,96.38695925048889,-26.33059074951112,26.33059074951112
G06_R0416,G06,LOGO,holdout_G06,G06,250,3,1e-05,0.75,0.2,0.3,4.0,242.06134,195.16805380723537,-46.89328619276464,46.89328619276464
G06_R0417,G06,LOGO,holdout_G06,G06,250,3,1e-05,0.75,0.3,0.3,4.0,449.92835,356.33698645130346,-93.59136354869656,93.59136354869656
G06_R0418,G06,LOGO,holdout_G06,G06,250,3,1e-05,0.7,0.1,0.3,4.0,123.29688,96.78226792584104,-26.51461207415896,26.51461207415896
G06_R0419,G06,LOGO,holdout_G06,G06,250,3,1e-05,0.7,0.2,0.3,4.0,243.88065,196.54622852921517,-47.33442147078486,47.33442147078486
G06_R0420,G06,LOGO,holdout_G06,G06,250,3,1e-05,0.7,0.3,0.3,4.0,453.61904,359.5166930828951,-94.10234691710492,94.10234691710492
G06_R0421,G06,LOGO,holdout_G06,G06,250,3,1e-06,0.85,0.1,0.3,4.0,307.83613,280.3488948462536,-27.487235153746497,27.487235153746497
G06_R0422,G06,LOGO,holdout_G06,G06,250,3,1e-06,0.85,0.2,0.3,4.0,916.98522,866.0773788203095,-50.907841179690536,50.907841179690536
G06_R0423,G06,LOGO,holdout_G06,G06,250,3,1e-06,0.85,0.3,0.3,4.0,1922.9213,1825.5118612336048,-97.40943876639516,97.40943876639516
G06_R0424,G06,LOGO,holdout_G06,G06,250,3,1e-06,0.8,0.1,0.3,4.0,309.07588,281.56402919922954,-27.511850800770446,27.511850800770446
G06_R0425,G06,LOGO,holdout_G06,G06,250,3,1e-06,0.8,0.2,0.3,4.0,920.97492,869.8591494171815,-51.11577058281853,51.11577058281853
G06_R0426,G06,LOGO,holdout_G06,G06,250,3,1e-06,0.8,0.3,0.3,4.0,1930.721,1833.376403260606,-97.34459673939386,97.34459673939386
G06_R0427,G06,LOGO,holdout_G06,G06,250,3,1e-06,0.75,0.1,0.3,4.0,310.53561,282.9899343952994,-27.545675604700648,27.545675604700648
G06_R0428,G06,LOGO,holdout_G06,G06,250,3,1e-06,0.75,0.2,0.3,4.0,925.7746,874.6659192470966,-51.10868075290341,51.10868075290341
G06_R0429,G06,LOGO,holdout_G06,G06,250,3,1e-06,0.75,0.3,0.3,4.0,1940.02067,1842.9103960095736,-97.11027399042656,97.11027399042656
G06_R0430,G06,LOGO,holdout_G06,G06,250,3,1e-06,0.7,0.1,0.3,4.0,312.29532,284.69969400086035,-27.595625999139656,27.595625999139656
G06_R0431,G06,LOGO,holdout_G06,G06,250,3,1e-06,0.7,0.2,0.3,4.0,931.59425,880.4177183958226,-51.1765316041774,51.1765316041774
G06_R0432,G06,LOGO,holdout_G06,G06,250,3,1e-06,0.7,0.3,0.3,4.0,1951.12032,1853.9292445890892,-97.19107541091056,97.19107541091056
G06_R0433,G06,LOGO,holdout_G06,G06,250,6,0.001,0.85,0.1,0.3,4.0,74.877079,55.49288128644052,-19.384197713559477,19.384197713559477
G06_R0434,G06,LOGO,holdout_G06,G06,250,6,0.001,0.85,0.2,0.3,4.0,112.536237,81.7133527281117,-30.8228842718883,30.8228842718883
G06_R0435,G06,LOGO,holdout_G06,G06,250,6,0.001,0.85,0.3,0.3,4.0,176.502599,122.91889198401896,-53.58370701598104,53.58370701598104
G06_R0436,G06,LOGO,holdout_G06,G06,250,6,0.001,0.8,0.1,0.3,4.0,75.36948600000001,55.74847617094072,-19.62100982905929,19.62100982905929
G06_R0437,G06,LOGO,holdout_G06,G06,250,6,0.001,0.8,0.2,0.3,4.0,113.534491,82.20914120631764,-31.325349793682363,31.325349793682363
G06_R0438,G06,LOGO,holdout_G06,G06,250,6,0.001,0.8,0.3,0.3,4.0,178.461943,124.14415697890858,-54.31778602109141,54.31778602109141
G06_R0439,G06,LOGO,holdout_G06,G06,250,6,0.001,0.75,0.1,0.3,4.0,75.897724,56.1814221986216,-19.716301801378396,19.716301801378396
G06_R0440,G06,LOGO,holdout_G06,G06,250,6,0.001,0.75,0.2,0.3,4.0,114.592663,83.02159218657378,-31.571070813426218,31.571070813426218
G06_R0441,G06,LOGO,holdout_G06,G06,250,6,0.001,0.75,0.3,0.3,4.0,180.571313,125.48493513135132,-55.08637786864868,55.08637786864868
G06_R0442,G06,LOGO,holdout_G06,G06,250,6,0.001,0.7,0.1,0.3,4.0,76.46477200000001,56.48079177147842,-19.983980228521588,19.983980228521588
G06_R0443,G06,LOGO,holdout_G06,G06,250,6,0.001,0.7,0.2,0.3,4.0,115.730741,83.62546615569661,-32.10527484430338,32.10527484430338
G06_R0444,G06,LOGO,holdout_G06,G06,250,6,0.001,0.7,0.3,0.3,4.0,182.840719,126.9109314081078,-55.92978759189222,55.92978759189222
G06_R0445,G06,LOGO,holdout_G06,G06,250,6,0.0001,0.85,0.1,0.3,4.0,92.225991,68.27571311080284,-23.950277889197157,23.950277889197157
G06_R0446,G06,LOGO,holdout_G06,G06,250,6,0.0001,0.85,0.2,0.3,4.0,149.227238,107.64861593646144,-41.57862206353855,41.57862206353855
G06_R0447,G06,LOGO,holdout_G06,G06,250,6,0.0001,0.85,0.3,0.3,4.0,254.60572,173.7864997727398,-80.81922022726019,80.81922022726019
G06_R0448,G06,LOGO,holdout_G06,G06,250,6,0.0001,0.8,0.1,0.3,4.0,92.50351,68.44786307718931,-24.05564692281069,24.05564692281069
G06_R0449,G06,LOGO,holdout_G06,G06,250,6,0.0001,0.8,0.2,0.3,4.0,149.908373,108.0783624531823,-41.83001054681772,41.83001054681772
G06_R0450,G06,LOGO,holdout_G06,G06,250,6,0.0001,0.8,0.3,0.3,4.0,256.0972,174.61094475296952,-81.48625524703047,81.48625524703047
G06_R0451,G06,LOGO,holdout_G06,G06,250,6,0.0001,0.75,0.1,0.3,4.0,92.803878,68.73462431207297,-24.06925368792703,24.06925368792703
G06_R0452,G06,LOGO,holdout_G06,G06,250,6,0.0001,0.75,0.2,0.3,4.0,150.66955199999998,108.80687402674664,-41.86267797325336,41.86267797325336
G06_R0453,G06,LOGO,holdout_G06,G06,250,6,0.0001,0.75,0.3,0.3,4.0,257.74966,176.18666467546353,-81.56299532453647,81.56299532453647
G06_R0454,G06,LOGO,holdout_G06,G06,250,6,0.0001,0.7,0.1,0.3,4.0,93.13107,68.92660962530357,-24.204460374696424,24.204460374696424
G06_R0455,G06,LOGO,holdout_G06,G06,250,6,0.0001,0.7,0.2,0.3,4.0,151.52076100000002,109.32567585974408,-42.19508514025596,42.19508514025596
G06_R0456,G06,LOGO,holdout_G06,G06,250,6,0.0001,0.7,0.3,0.3,4.0,259.59323,177.2317829356724,-82.36144706432759,82.36144706432759
G06_R0457,G06,LOGO,holdout_G06,G06,250,6,1e-05,0.85,0.1,0.3,4.0,121.77874,95.51385029215405,-26.264889707845967,26.264889707845967
G06_R0458,G06,LOGO,holdout_G06,G06,250,6,1e-05,0.85,0.2,0.3,4.0,239.14262,192.47753676627747,-46.66508323372253,46.66508323372253
G06_R0459,G06,LOGO,holdout_G06,G06,250,6,1e-05,0.85,0.3,0.3,4.0,444.00754,351.0069045707216,-93.00063542927847,93.00063542927847
G06_R0460,G06,LOGO,holdout_G06,G06,250,6,1e-05,0.8,0.1,0.3,4.0,122.21817,95.81755187351978,-26.400618126480225,26.400618126480225
G06_R0461,G06,LOGO,holdout_G06,G06,250,6,1e-05,0.8,0.2,0.3,4.0,240.492,193.440211276748,-47.05178872325197,47.05178872325197
G06_R0462,G06,LOGO,holdout_G06,G06,250,6,1e-05,0.8,0.3,0.3,4.0,446.75786,353.1386081272074,-93.61925187279256,93.61925187279256
G06_R0463,G06,LOGO,holdout_G06,G06,250,6,1e-05,0.75,0.1,0.3,4.0,122.71755,96.38786435393231,-26.329685646067688,26.329685646067688
G06_R0464,G06,LOGO,holdout_G06,G06,250,6,1e-05,0.75,0.2,0.3,4.0,242.06134,195.1681312630688,-46.8932087369312,46.8932087369312
G06_R0465,G06,LOGO,holdout_G06,G06,250,6,1e-05,0.75,0.3,0.3,4.0,449.92835,356.3037299413035,-93.62462005869652,93.62462005869652
G06_R0466,G06,LOGO,holdout_G06,G06,250,6,1e-05,0.7,0.1,0.3,4.0,123.29688,96.78322037647196,-26.51365962352804,26.51365962352804
G06_R0467,G06,LOGO,holdout_G06,G06,250,6,1e-05,0.7,0.2,0.3,4.0,243.88065,196.5458167892152,-47.33483321078481,47.33483321078481
G06_R0468,G06,LOGO,holdout_G06,G06,250,6,1e-05,0.7,0.3,0.3,4.0,453.61904,359.5027169328951,-94.11632306710489,94.11632306710489
G06_R0469,G06,LOGO,holdout_G06,G06,250,6,1e-06,0.85,0.1,0.3,4.0,307.83613,280.34718825284284,-27.488941747157185,27.488941747157185
G06_R0470,G06,LOGO,holdout_G06,G06,250,6,1e-06,0.85,0.2,0.3,4.0,916.98522,866.0686488717679,-50.916571128232135,50.916571128232135
G06_R0471,G06,LOGO,holdout_G06,G06,250,6,1e-06,0.85,0.3,0.3,4.0,1922.9213,1825.5297749628307,-97.39152503716925,97.39152503716925
G06_R0472,G06,LOGO,holdout_G06,G06,250,6,1e-06,0.8,0.1,0.3,4.0,309.07588,281.56430342444384,-27.51157657555615,27.51157657555615
G06_R0473,G06,LOGO,holdout_G06,G06,250,6,1e-06,0.8,0.2,0.3,4.0,920.97492,869.8396898169729,-51.13523018302715,51.13523018302715
G06_R0474,G06,LOGO,holdout_G06,G06,250,6,1e-06,0.8,0.3,0.3,4.0,1930.721,1833.3819310831063,-97.33906891689368,97.33906891689368
G06_R0475,G06,LOGO,holdout_G06,G06,250,6,1e-06,0.75,0.1,0.3,4.0,310.53561,282.99259185495123,-27.54301814504879,27.54301814504879
G06_R0476,G06,LOGO,holdout_G06,G06,250,6,1e-06,0.75,0.2,0.3,4.0,925.7746,874.670121241888,-51.10447875811201,51.10447875811201
G06_R0477,G06,LOGO,holdout_G06,G06,250,6,1e-06,0.75,0.3,0.3,4.0,1940.02067,1842.9120745181156,-97.10859548188478,97.10859548188478
G06_R0478,G06,LOGO,holdout_G06,G06,250,6,1e-06,0.7,0.1,0.3,4.0,312.29532,284.701669541034,-27.59365045896601,27.59365045896601
G06_R0479,G06,LOGO,holdout_G06,G06,250,6,1e-06,0.7,0.2,0.3,4.0,931.59425,880.4037838458227,-51.19046615417733,51.19046615417733
G06_R0480,G06,LOGO,holdout_G06,G06,250,6,1e-06,0.7,0.3,0.3,4.0,1951.12032,1853.9134232109643,-97.20689678903544,97.20689678903544
G06_R0481,G06,LOGO,holdout_G06,G06,250,20,0.001,0.85,0.1,0.3,4.0,74.877079,55.49399328823221,-19.383085711767784,19.383085711767784
G06_R0482,G06,LOGO,holdout_G06,G06,250,20,0.001,0.85,0.2,0.3,4.0,112.536237,81.71704622916725,-30.819190770832748,30.819190770832748
G06_R0483,G06,LOGO,holdout_G06,G06,250,20,0.001,0.85,0.3,0.3,4.0,176.502599,122.9124343641023,-53.59016463589771,53.59016463589771
G06_R0484,G06,LOGO,holdout_G06,G06,250,20,0.001,0.8,0.1,0.3,4.0,75.36948600000001,55.7493473921074,-19.620138607892606,19.620138607892606
G06_R0485,G06,LOGO,holdout_G06,G06,250,20,0.001,0.8,0.2,0.3,4.0,113.534491,82.21468213695653,-31.31980886304348,31.31980886304348
G06_R0486,G06,LOGO,holdout_G06,G06,250,20,0.001,0.8,0.3,0.3,4.0,178.461943,124.1396073460008,-54.3223356539992,54.3223356539992
G06_R0487,G06,LOGO,holdout_G06,G06,250,20,0.001,0.75,0.1,0.3,4.0,75.897724,56.18040180945494,-19.71732219054505,19.71732219054505
G06_R0488,G06,LOGO,holdout_G06,G06,250,20,0.001,0.75,0.2,0.3,4.0,114.592663,83.0248937711571,-31.567769228842906,31.567769228842906
G06_R0489,G06,LOGO,holdout_G06,G06,250,20,0.001,0.75,0.3,0.3,4.0,180.571313,125.47815601446436,-55.09315698553564,55.09315698553564
G06_R0490,G06,LOGO,holdout_G06,G06,250,20,0.001,0.7,0.1,0.3,4.0,76.46477200000001,56.48029415818677,-19.98447784181324,19.98447784181324
G06_R0491,G06,LOGO,holdout_G06,G06,250,20,0.001,0.7,0.2,0.3,4.0,115.730741,83.6243535496133,-32.10638745038669,32.10638745038669
G06_R0492,G06,LOGO,holdout_G06,G06,250,20,0.001,0.7,0.3,0.3,4.0,182.840719,126.91788057669108,-55.92283842330893,55.92283842330893
G06_R0493,G06,LOGO,holdout_G06,G06,250,20,0.0001,0.85,0.1,0.3,4.0,92.225991,68.27463523392075,-23.95135576607925,23.95135576607925
G06_R0494,G06,LOGO,holdout_G06,G06,250,20,0.0001,0.85,0.2,0.3,4.0,149.227238,107.64806995061618,-41.579168049383824,41.579168049383824
G06_R0495,G06,LOGO,holdout_G06,G06,250,20,0.0001,0.85,0.3,0.3,4.0,254.60572,173.7763404840971,-80.8293795159029,80.8293795159029
G06_R0496,G06,LOGO,holdout_G06,G06,250,20,0.0001,0.8,0.1,0.3,4.0,92.50451,68.44734215630717,-24.057167843692824,24.057167843692824
G06_R0497,G06,LOGO,holdout_G06,G06,250,20,0.0001,0.8,0.2,0.3,4.0,149.908373,108.07841874892034,-41.82995425107967,41.82995425107967
G06_R0498,G06,LOGO,holdout_G06,G06,250,20,0.0001,0.8,0.3,0.3,4.0,256.0972,174.6007854643268,-81.49641453567318,81.49641453567318
G06_R0499,G06,LOGO,holdout_G06,G06,250,20,0.0001,0.75,0.1,0.3,4.0,92.803879,68.73395452603128,-24.06992447396871,24.06992447396871
G06_R0500,G06,LOGO,holdout_G06,G06,250,20,0.0001,0.75,0.2,0.3,4.0,150.66955199999998,108.81146123168404,-41.85809076831593,41.85809076831593
G06_R0501,G06,LOGO,holdout_G06,G06,250,20,0.0001,0.75,0.3,0.3,4.0,257.74966,176.19165709438312,-81.55800290561689,81.55800290561689
G06_R0502,G06,LOGO,holdout_G06,G06,250,20,0.0001,0.7,0.1,0.3,4.0,93.131071,68.9258157158244,-24.205255284175607,24.205255284175607
G06_R0503,G06,LOGO,holdout_G06,G06,250,20,0.0001,0.7,0.2,0.3,4.0,151.52076100000002,109.32987375030656,-42.19088724969348,42.19088724969348
G06_R0504,G06,LOGO,holdout_G06,G06,250,20,0.0001,0.7,0.3,0.3,4.0,259.59322,177.2378403755295,-82.35537962447049,82.35537962447049
G06_R0505,G06,LOGO,holdout_G06,G06,250,20,1e-05,0.85,0.1,0.3,4.0,121.77874,95.51461682498694,-26.26412317501305,26.26412317501305
G06_R0506,G06,LOGO,holdout_G06,G06,250,20,1e-05,0.85,0.2,0.3,4.0,239.14262,192.47922220011384,-46.66339779988616,46.66339779988616
G06_R0507,G06,LOGO,holdout_G06,G06,250,20,1e-05,0.85,0.3,0.3,4.0,444.00754,351.01501126965013,-92.99252873034987,92.99252873034987
G06_R0508,G06,LOGO,holdout_G06,G06,250,20,1e-05,0.8,0.1,0.3,4.0,122.21817,95.81865027237964,-26.39951972762036,26.39951972762036
G06_R0509,G06,LOGO,holdout_G06,G06,250,20,1e-05,0.8,0.2,0.3,4.0,240.492,193.44464593245945,-47.04735406754057,47.04735406754057
G06_R0510,G06,LOGO,holdout_G06,G06,250,20,1e-05,0.8,0.3,0.3,4.0,446.75786,353.1411438683979,-93.61671613160212,93.61671613160212
G06_R0511,G06,LOGO,holdout_G06,G06,250,20,1e-05,0.75,0.1,0.3,4.0,122.71755,96.3893682239947,-26.32818177600531,26.32818177600531
G06_R0512,G06,LOGO,holdout_G06,G06,250,20,1e-05,0.75,0.2,0.3,4.0,242.06134,195.1665182176735,-46.89482178232649,46.89482178232649
G06_R0513,G06,LOGO,holdout_G06,G06,250,20,1e-05,0.75,0.3,0.3,4.0,449.92835,356.3187174389225,-93.60963256107756,93.60963256107756
G06_R0514,G06,LOGO,holdout_G06,G06,250,20,1e-05,0.7,0.1,0.3,4.0,123.29688,96.78475510064162,-26.512124899358383,26.512124899358383
G06_R0515,G06,LOGO,holdout_G06,G06,250,20,1e-05,0.7,0.2,0.3,4.0,243.88065,196.53990183006903,-47.34074816993095,47.34074816993095
G06_R0516,G06,LOGO,holdout_G06,G06,250,20,1e-05,0.7,0.3,0.3,4.0,453.61904,359.5178822788772,-94.10115772112276,94.10115772112276
G06_R0517,G06,LOGO,holdout_G06,G06,250,20,1e-06,0.85,0.1,0.3,4.0,307.83613,280.34479681622673,-27.491333183773293,27.491333183773293
G06_R0518,G06,LOGO,holdout_G06,G06,250,20,1e-06,0.85,0.2,0.3,4.0,916.98522,866.1077146951206,-50.87750530487938,50.87750530487938
G06_R0519,G06,LOGO,holdout_G06,G06,250,20,1e-06,0.85,0.3,0.3,4.0,1922.9213,1825.5374539930976,-97.38384600690232,97.38384600690232
G06_R0520,G06,LOGO,holdout_G06,G06,250,20,1e-06,0.8,0.1,0.3,4.0,309.08588,281.5691978639527,-27.51668213604728,27.51668213604728
G06_R0521,G06,LOGO,holdout_G06,G06,250,20,1e-06,0.8,0.2,0.3,4.0,920.97492,869.8758192070522,-51.09910079294775,51.09910079294775
G06_R0522,G06,LOGO,holdout_G06,G06,250,20,1e-06,0.8,0.3,0.3,4.0,1930.721,1833.3573395476888,-97.3636604523108,97.3636604523108
G06_R0523,G06,LOGO,holdout_G06,G06,250,20,1e-06,0.75,0.1,0.3,4.0,310.53561,282.9891109840348,-27.546499015965253,27.546499015965253
G06_R0524,G06,LOGO,holdout_G06,G06,250,20,1e-06,0.75,0.2,0.3,4.0,925.7746,874.6724351171554,-51.10216488284459,51.10216488284459
G06_R0525,G06,LOGO,holdout_G06,G06,250,20,1e-06,0.75,0.3,0.3,4.0,1940.02067,1842.9098912382935,-97.11077876170634,97.11077876170634
G06_R0526,G06,LOGO,holdout_G06,G06,250,20,1e-06,0.7,0.1,0.3,4.0,312.29532,284.7009036551263,-27.594416344873707,27.594416344873707
G06_R0527,G06,LOGO,holdout_G06,G06,250,20,1e-06,0.7,0.2,0.3,4.0,931.59425,880.3972994676974,-51.196950532302594,51.196950532302594
G06_R0528,G06,LOGO,holdout_G06,G06,250,20,1e-06,0.7,0.3,0.3,4.0,1951.12032,1853.9006741692976,-97.21964583070212,97.21964583070212
G06_R0529,G06,LOGO,holdout_G06,G06,250,50,0.001,0.85,0.1,0.3,4.0,74.877079,55.49489070431555,-19.382188295684443,19.382188295684443
G06_R0530,G06,LOGO,holdout_G06,G06,250,50,0.001,0.85,0.2,0.3,4.0,112.536238,81.7147103545006,-30.8215276454994,30.8215276454994
G06_R0531,G06,LOGO,holdout_G06,G06,250,50,0.001,0.85,0.3,0.3,4.0,176.502599,122.91525835293564,-53.587340647064366,53.587340647064366
G06_R0532,G06,LOGO,holdout_G06,G06,250,50,0.001,0.8,0.1,0.3,4.0,75.36948600000001,55.750244808190736,-19.619241191809277,19.619241191809277
G06_R0533,G06,LOGO,holdout_G06,G06,250,50,0.001,0.8,0.2,0.3,4.0,113.534491,82.21295306978988,-31.321537930210127,31.321537930210127
G06_R0534,G06,LOGO,holdout_G06,G06,250,50,0.001,0.8,0.3,0.3,4.0,178.461943,124.13552627204253,-54.32641672795748,54.32641672795748
G06_R0535,G06,LOGO,holdout_G06,G06,250,50,0.001,0.75,0.1,0.3,4.0,75.897724,56.17960524351745,-19.718118756482543,19.718118756482543
G06_R0536,G06,LOGO,holdout_G06,G06,250,50,0.001,0.75,0.2,0.3,4.0,114.592663,83.02712098310947,-31.56554201689053,31.56554201689053
G06_R0537,G06,LOGO,holdout_G06,G06,250,50,0.001,0.75,0.3,0.3,4.0,180.571313,125.47955894887062,-55.091754051129385,55.091754051129385
G06_R0538,G06,LOGO,holdout_G06,G06,250,50,0.001,0.7,0.1,0.3,4.0,76.46477200000001,56.47901603099928,-19.98575596900073,19.98575596900073
G06_R0539,G06,LOGO,holdout_G06,G06,250,50,0.001,0.7,0.2,0.3,4.0,115.730741,83.62581229635731,-32.104928703642685,32.104928703642685
G06_R0540,G06,LOGO,holdout_G06,G06,250,50,0.001,0.7,0.3,0.3,4.0,182.840719,126.91655971635778,-55.92415928364223,55.92415928364223
G06_R0541,G06,LOGO,holdout_G06,G06,250,50,0.0001,0.85,0.1,0.3,4.0,92.225991,68.27415513767073,-23.95183586232926,23.95183586232926
G06_R0542,G06,LOGO,holdout_G06,G06,250,50,0.0001,0.85,0.2,0.3,4.0,149.227237,107.65071510661625,-41.57652189338377,41.57652189338377
G06_R0543,G06,LOGO,holdout_G06,G06,250,50,0.0001,0.85,0.3,0.3,4.0,254.60571,173.7733759713888,-80.8323340286112,80.8323340286112
G06_R0544,G06,LOGO,holdout_G06,G06,250,50,0.0001,0.8,0.1,0.3,4.0,92.50451,68.44686206005717,-24.057647939942825,24.057647939942825
G06_R0545,G06,LOGO,holdout_G06,G06,250,50,0.0001,0.8,0.2,0.3,4.0,149.918373,108.0822680592954,-41.836104940704615,41.836104940704615
G06_R0546,G06,LOGO,holdout_G06,G06,250,50,0.0001,0.8,0.3,0.3,4.0,256.0972,174.59782095161847,-81.49937904838151,81.49937904838151
G06_R0547,G06,LOGO,holdout_G06,G06,250,50,0.0001,0.75,0.1,0.3,4.0,92.803879,68.73404701382294,-24.06983198617705,24.06983198617705
G06_R0548,G06,LOGO,holdout_G06,G06,250,50,0.0001,0.75,0.2,0.3,4.0,150.679551,108.8165542526632,-41.86299674733681,41.86299674733681
G06_R0549,G06,LOGO,holdout_G06,G06,250,50,0.0001,0.75,0.3,0.3,4.0,257.74966,176.1899549462998,-81.55970505370021,81.55970505370021
G06_R0550,G06,LOGO,holdout_G06,G06,250,50,0.0001,0.7,0.1,0.3,4.0,93.131071,68.92590820361606,-24.205162796383945,24.205162796383945
G06_R0551,G06,LOGO,holdout_G06,G06,250,50,0.0001,0.7,0.2,0.3,4.0,151.52076000000002,109.33457994003568,-42.18618005996436,42.18618005996436
G06_R0552,G06,LOGO,holdout_G06,G06,250,50,0.0001,0.7,0.3,0.3,4.0,259.59323,177.23745255140457,-82.35577744859543,82.35577744859543
G06_R0553,G06,LOGO,holdout_G06,G06,250,50,1e-05,0.85,0.1,0.3,4.0,121.77874,95.51619801687234,-26.26254198312766,26.26254198312766
G06_R0554,G06,LOGO,holdout_G06,G06,250,50,1e-05,0.85,0.2,0.3,4.0,239.14262,192.48406326490544,-46.65855673509455,46.65855673509455
G06_R0555,G06,LOGO,holdout_G06,G06,250,50,1e-05,0.85,0.3,0.3,4.0,444.00753,351.02571720715014,-92.98181279284984,92.98181279284984
G06_R0556,G06,LOGO,holdout_G06,G06,250,50,1e-05,0.8,0.1,0.3,4.0,122.21817,95.81990067614,-26.398269323859992,26.398269323859992
G06_R0557,G06,LOGO,holdout_G06,G06,250,50,1e-05,0.8,0.2,0.3,4.0,240.502,193.4485304570427,-47.05346954295732,47.05346954295732
G06_R0558,G06,LOGO,holdout_G06,G06,250,50,1e-05,0.8,0.3,0.3,4.0,446.75786,353.15159963923105,-93.60626036076894,93.60626036076894
G06_R0559,G06,LOGO,holdout_G06,G06,250,50,1e-05,0.75,0.1,0.3,4.0,122.71755,96.38986677482806,-26.32768322517194,26.32768322517194
G06_R0560,G06,LOGO,holdout_G06,G06,250,50,1e-05,0.75,0.2,0.3,4.0,242.06134,195.1765635054512,-46.884776494548845,46.884776494548845
G06_R0561,G06,LOGO,holdout_G06,G06,250,50,1e-05,0.75,0.3,0.3,4.0,449.92834,356.3433579264223,-93.58498207357768,93.58498207357768
G06_R0562,G06,LOGO,holdout_G06,G06,250,50,1e-05,0.7,0.1,0.3,4.0,123.29688,96.78525365147496,-26.51162634852504,26.51162634852504
G06_R0563,G06,LOGO,holdout_G06,G06,250,50,1e-05,0.7,0.2,0.3,4.0,243.88065,196.5517761182634,-47.3288738817366,47.3288738817366
G06_R0564,G06,LOGO,holdout_G06,G06,250,50,1e-05,0.7,0.3,0.3,4.0,453.62904,359.5272700892937,-94.10176991070624,94.10176991070624
G06_R0565,G06,LOGO,holdout_G06,G06,250,50,1e-06,0.85,0.1,0.3,4.0,307.83613,280.34799258297664,-27.48813741702338,27.48813741702338
G06_R0566,G06,LOGO,holdout_G06,G06,250,50,1e-06,0.85,0.2,0.3,4.0,916.98522,866.0959358137517,-50.88928418624835,50.88928418624835
G06_R0567,G06,LOGO,holdout_G06,G06,250,50,1e-06,0.85,0.3,0.3,4.0,1922.9213,1825.542183561015,-97.37911643898497,97.37911643898497
G06_R0568,G06,LOGO,holdout_G06,G06,250,50,1e-06,0.8,0.1,0.3,4.0,309.08588,281.5665970339527,-27.519282966047285,27.519282966047285
G06_R0569,G06,LOGO,holdout_G06,G06,250,50,1e-06,0.8,0.2,0.3,4.0,920.97492,869.8686745456839,-51.10624545431608,51.10624545431608
G06_R0570,G06,LOGO,holdout_G06,G06,250,50,1e-06,0.8,0.3,0.3,4.0,1930.72099,1833.369079720606,-97.35191027939412,97.35191027939412
G06_R0571,G06,LOGO,holdout_G06,G06,250,50,1e-06,0.75,0.1,0.3,4.0,310.53561,282.9917789500763,-27.54383104992371,27.54383104992371
G06_R0572,G06,LOGO,holdout_G06,G06,250,50,1e-06,0.75,0.2,0.3,4.0,925.7746,874.6684861429891,-51.10611385701088,51.10611385701088
G06_R0573,G06,LOGO,holdout_G06,G06,250,50,1e-06,0.75,0.3,0.3,4.0,1940.02067,1842.9264828997816,-97.0941871002185,97.0941871002185
G06_R0574,G06,LOGO,holdout_G06,G06,250,50,1e-06,0.7,0.1,0.3,4.0,312.29532,284.7018450919595,-27.59347490804049,27.59347490804049
G06_R0575,G06,LOGO,holdout_G06,G06,250,50,1e-06,0.7,0.2,0.3,4.0,931.59425,880.3969965426976,-51.1972534573024,51.1972534573024
G06_R0576,G06,LOGO,holdout_G06,G06,250,50,1e-06,0.7,0.3,0.3,4.0,1951.22031,1853.93724357659,-97.28306642341,97.28306642341
G06_R0577,G06,LOGO,holdout_G06,G06,500,3,0.001,0.85,0.1,0.3,4.0,201.475135,142.2513516413499,-59.22378335865008,59.22378335865008
G06_R0578,G06,LOGO,holdout_G06,G06,500,3,0.001,0.85,0.2,0.3,4.0,300.34013000000004,210.2573653227249,-90.08276467727518,90.08276467727518
G06_R0579,G06,LOGO,holdout_G06,G06,500,3,0.001,0.85,0.3,0.3,4.0,468.33554,317.0825707944305,-151.25296920556946,151.25296920556946
G06_R0580,G06,LOGO,holdout_G06,G06,500,3,0.001,0.8,0.1,0.3,4.0,202.95989,142.99470557047837,-59.96518442952163,59.96518442952163
G06_R0581,G06,LOGO,holdout_G06,G06,500,3,0.001,0.8,0.2,0.3,4.0,303.21632,211.9206404572862,-91.2956795427138,91.2956795427138
G06_R0582,G06,LOGO,holdout_G06,G06,500,3,0.001,0.8,0.3,0.3,4.0,473.7943800000001,320.64102785375087,-153.15335214624923,153.15335214624923
G06_R0583,G06,LOGO,holdout_G06,G06,500,3,0.001,0.75,0.1,0.3,4.0,204.524398,144.26426729112166,-60.260130708878336,60.260130708878336
G06_R0584,G06,LOGO,holdout_G06,G06,500,3,0.001,0.75,0.2,0.3,4.0,306.31202,214.09553724448705,-92.21648275551296,92.21648275551296
G06_R0585,G06,LOGO,holdout_G06,G06,500,3,0.001,0.75,0.3,0.3,4.0,479.65333,324.5193608828833,-155.1339691171167,155.1339691171167
G06_R0586,G06,LOGO,holdout_G06,G06,500,3,0.001,0.7,0.1,0.3,4.0,206.208635,145.07793836797765,-61.130696632022335,61.130696632022335
G06_R0587,G06,LOGO,holdout_G06,G06,500,3,0.001,0.7,0.2,0.3,4.0,309.65751,216.14793329302108,-93.50957670697892,93.50957670697892
G06_R0588,G06,LOGO,holdout_G06,G06,500,3,0.001,0.7,0.3,0.3,4.0,485.9724,328.7113681948821,-157.2610318051179,157.2610318051179
G06_R0589,G06,LOGO,holdout_G06,G06,500,3,0.0001,0.85,0.1,0.3,4.0,243.081525,172.53035579587336,-70.55116920412664,70.55116920412664
G06_R0590,G06,LOGO,holdout_G06,G06,500,3,0.0001,0.85,0.2,0.3,4.0,394.36314,275.3421358714129,-119.0210041285871,119.0210041285871
G06_R0591,G06,LOGO,holdout_G06,G06,500,3,0.0001,0.85,0.3,0.3,4.0,669.83808,445.9994183053257,-223.83866169467427,223.83866169467427
G06_R0592,G06,LOGO,holdout_G06,G06,500,3,0.0001,0.8,0.1,0.3,4.0,243.958356,173.0691165952491,-70.8892394047509,70.8892394047509
G06_R0593,G06,LOGO,holdout_G06,G06,500,3,0.0001,0.8,0.2,0.3,4.0,396.64047,276.75680788104853,-119.88366211895146,119.88366211895146
G06_R0594,G06,LOGO,holdout_G06,G06,500,3,0.0001,0.8,0.3,0.3,4.0,674.85419,448.930813995389,-225.923376004611,225.923376004611
G06_R0595,G06,LOGO,holdout_G06,G06,500,3,0.0001,0.75,0.1,0.3,4.0,244.904882,173.99917771772354,-70.90570428227645,70.90570428227645
G06_R0596,G06,LOGO,holdout_G06,G06,500,3,0.0001,0.75,0.2,0.3,4.0,399.17841,279.3341348908747,-119.8442751091253,119.8442751091253
G06_R0597,G06,LOGO,holdout_G06,G06,500,3,0.0001,0.75,0.3,0.3,4.0,680.44429,454.263018419877,-226.181271580123,226.181271580123
G06_R0598,G06,LOGO,holdout_G06,G06,500,3,0.0001,0.7,0.1,0.3,4.0,245.941056,174.61240321970757,-71.32865278029246,71.32865278029246
G06_R0599,G06,LOGO,holdout_G06,G06,500,3,0.0001,0.7,0.2,0.3,4.0,402.03711,281.0356878268499,-121.0014221731501,121.0014221731501
G06_R0600,G06,LOGO,holdout_G06,G06,500,3,0.0001,0.7,0.3,0.3,4.0,686.7296,458.0069836217568,-228.7226163782432,228.7226163782432
G06_R0601,G06,LOGO,holdout_G06,G06,500,3,1e-05,0.85,0.1,0.3,4.0,313.3953,236.146696994337,-77.24860300566303,77.24860300566303
G06_R0602,G06,LOGO,holdout_G06,G06,500,3,1e-05,0.85,0.2,0.3,4.0,603.35526,468.4760948317193,-134.87916516828074,134.87916516828074
G06_R0603,G06,LOGO,holdout_G06,G06,500,3,1e-05,0.85,0.3,0.3,4.0,1108.7035199999998,843.9297240487663,-264.7737959512335,264.7737959512335
G06_R0604,G06,LOGO,holdout_G06,G06,500,3,1e-05,0.8,0.1,0.3,4.0,314.75423,237.25201285177704,-77.50221714822297,77.50221714822297
G06_R0605,G06,LOGO,holdout_G06,G06,500,3,1e-05,0.8,0.2,0.3,4.0,607.89531,471.98822301358575,-135.90708698641424,135.90708698641424
G06_R0606,G06,LOGO,holdout_G06,G06,500,3,1e-05,0.8,0.3,0.3,4.0,1118.31249,851.5186973627642,-266.7937926372358,266.7937926372358
G06_R0607,G06,LOGO,holdout_G06,G06,500,3,1e-05,0.75,0.1,0.3,4.0,316.30308,239.06436467078217,-77.23871532921785,77.23871532921785
G06_R0608,G06,LOGO,holdout_G06,G06,500,3,1e-05,0.75,0.2,0.3,4.0,613.0855200000001,477.7260957744952,-135.35942422550488,135.35942422550488
G06_R0609,G06,LOGO,holdout_G06,G06,500,3,1e-05,0.75,0.3,0.3,4.0,1129.22326,862.678631048499,-266.5446289515009,266.5446289515009
G06_R0610,G06,LOGO,holdout_G06,G06,500,3,1e-05,0.7,0.1,0.3,4.0,318.09183,240.32967506011877,-77.76215493988127,77.76215493988127
G06_R0611,G06,LOGO,holdout_G06,G06,500,3,1e-05,0.7,0.2,0.3,4.0,619.04597,482.38113982684047,-136.66483017315954,136.66483017315954
G06_R0612,G06,LOGO,holdout_G06,G06,500,3,1e-05,0.7,0.3,0.3,4.0,1141.83627,873.5024431481606,-268.3338268518394,268.3338268518394
G06_R0613,G06,LOGO,holdout_G06,G06,500,3,1e-06,0.85,0.1,0.3,4.0,704.06335,623.609360777662,-80.45398922233801,80.45398922233801
G06_R0614,G06,LOGO,holdout_G06,G06,500,3,1e-06,0.85,0.2,0.3,4.0,2016.1317,1871.774502000603,-144.35719799939693,144.35719799939693
G06_R0615,G06,LOGO,holdout_G06,G06,500,3,1e-06,0.85,0.3,0.3,4.0,4178.01409,3903.556510140172,-274.45757985982755,274.45757985982755
G06_R0616,G06,LOGO,holdout_G06,G06,500,3,1e-06,0.8,0.1,0.3,4.0,708.42279,627.9440115546763,-80.47877844532366,80.47877844532366
G06_R0617,G06,LOGO,holdout_G06,G06,500,3,1e-06,0.8,0.2,0.3,4.0,2030.03106,1885.9710730709469,-144.05998692905337,144.05998692905337
G06_R0618,G06,LOGO,holdout_G06,G06,500,3,1e-06,0.8,0.3,0.3,4.0,4206.213565999999,3932.612019645073,-273.60154635492654,273.60154635492654
G06_R0619,G06,LOGO,holdout_G06,G06,500,3,1e-06,0.75,0.1,0.3,4.0,713.28219,633.0091484386099,-80.27304156139007,80.27304156139007
G06_R0620,G06,LOGO,holdout_G06,G06,500,3,1e-06,0.75,0.2,0.3,4.0,2045.93037,1902.300895485552,-143.62947451444802,143.62947451444802
G06_R0621,G06,LOGO,holdout_G06,G06,500,3,1e-06,0.75,0.3,0.3,4.0,4239.013017,3965.642803396304,-273.3702136036964,273.3702136036964
G06_R0622,G06,LOGO,holdout_G06,G06,500,3,1e-06,0.7,0.1,0.3,4.0,718.74155,638.4999787729057,-80.24157122709425,80.24157122709425
G06_R0623,G06,LOGO,holdout_G06,G06,500,3,1e-06,0.7,0.2,0.3,4.0,2064.6296300000004,1920.437857669197,-144.19177233080336,144.19177233080336
G06_R0624,G06,LOGO,holdout_G06,G06,500,3,1e-06,0.7,0.3,0.3,4.0,4277.312447,4003.536221540529,-273.77622545947133,273.77622545947133
G06_R0625,G06,LOGO,holdout_G06,G06,500,6,0.001,0.85,0.1,0.3,4.0,201.475135,142.25344461264157,-59.22169038735842,59.22169038735842
G06_R0626,G06,LOGO,holdout_G06,G06,500,6,0.001,0.85,0.2,0.3,4.0,300.34013000000004,210.26477478488465,-90.07535521511542,90.07535521511542
G06_R0627,G06,LOGO,holdout_G06,G06,500,6,0.001,0.85,0.3,0.3,4.0,468.33554,317.08347300859725,-151.25206699140273,151.25206699140273
G06_R0628,G06,LOGO,holdout_G06,G06,500,6,0.001,0.8,0.1,0.3,4.0,202.95989,142.99679854177003,-59.96309145822997,59.96309145822997
G06_R0629,G06,LOGO,holdout_G06,G06,500,6,0.001,0.8,0.2,0.3,4.0,303.21632,211.9172716355392,-91.29904836446082,91.29904836446082
G06_R0630,G06,LOGO,holdout_G06,G06,500,6,0.001,0.8,0.3,0.3,4.0,473.7943800000001,320.6402817912509,-153.1540982087492,153.1540982087492
G06_R0631,G06,LOGO,holdout_G06,G06,500,6,0.001,0.75,0.1,0.3,4.0,204.524398,144.2620159112675,-60.262382088732494,60.262382088732494
G06_R0632,G06,LOGO,holdout_G06,G06,500,6,0.001,0.75,0.2,0.3,4.0,306.31202,214.09399855899295,-92.21802144100704,92.21802144100704
G06_R0633,G06,LOGO,holdout_G06,G06,500,6,0.001,0.75,0.3,0.3,4.0,479.65333,324.5163037391332,-155.13702626086678,155.13702626086678
G06_R0634,G06,LOGO,holdout_G06,G06,500,6,0.001,0.7,0.1,0.3,4.0,206.208635,145.0756869881235,-61.13294801187649,61.13294801187649
G06_R0635,G06,LOGO,holdout_G06,G06,500,6,0.001,0.7,0.2,0.3,4.0,309.65751,216.159430924152,-93.49807907584804,93.49807907584804
G06_R0636,G06,LOGO,holdout_G06,G06,500,6,0.001,0.7,0.3,0.3,4.0,485.9724,328.70279789779886,-157.26960210220113,157.26960210220113
G06_R0637,G06,LOGO,holdout_G06,G06,500,6,0.0001,0.85,0.1,0.3,4.0,243.081525,172.52867084270673,-70.55285415729327,70.55285415729327
G06_R0638,G06,LOGO,holdout_G06,G06,500,6,0.0001,0.85,0.2,0.3,4.0,394.36314,275.33861814039204,-119.02452185960794,119.02452185960794
G06_R0639,G06,LOGO,holdout_G06,G06,500,6,0.0001,0.85,0.3,0.3,4.0,669.83808,446.0087988821589,-223.82928111784105,223.82928111784105
G06_R0640,G06,LOGO,holdout_G06,G06,500,6,0.0001,0.8,0.1,0.3,4.0,243.958356,173.06743164208248,-70.89092435791753,70.89092435791753
G06_R0641,G06,LOGO,holdout_G06,G06,500,6,0.0001,0.8,0.2,0.3,4.0,396.64047,276.7518298606527,-119.88864013934727,119.88864013934727
G06_R0642,G06,LOGO,holdout_G06,G06,500,6,0.0001,0.8,0.3,0.3,4.0,674.85419,448.9401945722223,-225.9139954277777,225.9139954277777
G06_R0643,G06,LOGO,holdout_G06,G06,500,6,0.0001,0.75,0.1,0.3,4.0,244.904882,173.99920230105684,-70.90567969894315,70.90567969894315
G06_R0644,G06,LOGO,holdout_G06,G06,500,6,0.0001,0.75,0.2,0.3,4.0,399.17841,279.33380215156217,-119.84460784843782,119.84460784843782
G06_R0645,G06,LOGO,holdout_G06,G06,500,6,0.0001,0.75,0.3,0.3,4.0,680.44429,454.2729429253977,-226.1713470746023,226.1713470746023
G06_R0646,G06,LOGO,holdout_G06,G06,500,6,0.0001,0.7,0.1,0.3,4.0,245.941056,174.61242780304084,-71.32862819695916,71.32862819695916
G06_R0647,G06,LOGO,holdout_G06,G06,500,6,0.0001,0.7,0.2,0.3,4.0,402.03711,281.03535508753737,-121.00175491246262,121.00175491246262
G06_R0648,G06,LOGO,holdout_G06,G06,500,6,0.0001,0.7,0.3,0.3,4.0,686.7296,458.0169081272775,-228.71269187272253,228.71269187272253
G06_R0649,G06,LOGO,holdout_G06,G06,500,6,1e-05,0.85,0.1,0.3,4.0,313.3953,236.1478170301704,-77.2474829698296,77.2474829698296
G06_R0650,G06,LOGO,holdout_G06,G06,500,6,1e-05,0.85,0.2,0.3,4.0,603.35526,468.47582793082256,-134.87943206917748,134.87943206917748
G06_R0651,G06,LOGO,holdout_G06,G06,500,6,1e-05,0.85,0.3,0.3,4.0,1108.7035199999998,843.9350602335577,-264.7684597664421,264.7684597664421
G06_R0652,G06,LOGO,holdout_G06,G06,500,6,1e-05,0.8,0.1,0.3,4.0,314.75423,237.25313288761043,-77.50109711238957,77.50109711238957
G06_R0653,G06,LOGO,holdout_G06,G06,500,6,1e-05,0.8,0.2,0.3,4.0,607.89531,471.9980552168556,-135.89725478314438,135.89725478314438
G06_R0654,G06,LOGO,holdout_G06,G06,500,6,1e-05,0.8,0.3,0.3,4.0,1118.31249,851.5215083083891,-266.7909816916109,266.7909816916109
G06_R0655,G06,LOGO,holdout_G06,G06,500,6,1e-05,0.75,0.1,0.3,4.0,316.30308,239.0642660614072,-77.23881393859281,77.23881393859281
G06_R0656,G06,LOGO,holdout_G06,G06,500,6,1e-05,0.75,0.2,0.3,4.0,613.0855200000001,477.701255663122,-135.38426433687812,135.38426433687812
G06_R0657,G06,LOGO,holdout_G06,G06,500,6,1e-05,0.75,0.3,0.3,4.0,1129.22326,862.6461501343325,-266.57710986566747,266.57710986566747
G06_R0658,G06,LOGO,holdout_G06,G06,500,6,1e-05,0.7,0.1,0.3,4.0,318.09183,240.33031018511875,-77.76151981488127,77.76151981488127
G06_R0659,G06,LOGO,holdout_G06,G06,500,6,1e-05,0.7,0.2,0.3,4.0,619.04597,482.3724240699653,-136.67354593003472,136.67354593003472
G06_R0660,G06,LOGO,holdout_G06,G06,500,6,1e-05,0.7,0.3,0.3,4.0,1141.83627,873.5066665314048,-268.3296034685952,268.3296034685952
G06_R0661,G06,LOGO,holdout_G06,G06,500,6,1e-06,0.85,0.1,0.3,4.0,704.06335,623.6088537910549,-80.4544962089451,80.4544962089451
G06_R0662,G06,LOGO,holdout_G06,G06,500,6,1e-06,0.85,0.2,0.3,4.0,2016.1317,1871.790141299026,-144.34155870097402,144.34155870097402
G06_R0663,G06,LOGO,holdout_G06,G06,500,6,1e-06,0.85,0.3,0.3,4.0,4178.01409,3903.556363751928,-274.4577262480716,274.4577262480716
G06_R0664,G06,LOGO,holdout_G06,G06,500,6,1e-06,0.8,0.1,0.3,4.0,708.42279,627.942612069557,-80.480177930443,80.480177930443
G06_R0665,G06,LOGO,holdout_G06,G06,500,6,1e-06,0.8,0.2,0.3,4.0,2030.03106,1885.9471786604408,-144.0838813395594,144.0838813395594
G06_R0666,G06,LOGO,holdout_G06,G06,500,6,1e-06,0.8,0.3,0.3,4.0,4206.213565999999,3932.624086130578,-273.5894798694212,273.5894798694212
G06_R0667,G06,LOGO,holdout_G06,G06,500,6,1e-06,0.75,0.1,0.3,4.0,713.28219,633.0168065740268,-80.26538342597325,80.26538342597325
G06_R0668,G06,LOGO,holdout_G06,G06,500,6,1e-06,0.75,0.2,0.3,4.0,2045.93037,1902.3615593740944,-143.5688106259056,143.5688106259056
G06_R0669,G06,LOGO,holdout_G06,G06,500,6,1e-06,0.75,0.3,0.3,4.0,4239.013017,3965.7466293579705,-273.2663876420297,273.2663876420297
G06_R0670,G06,LOGO,holdout_G06,G06,500,6,1e-06,0.7,0.1,0.3,4.0,718.74155,638.4964281416559,-80.24512185834408,80.24512185834408
G06_R0671,G06,LOGO,holdout_G06,G06,500,6,1e-06,0.7,0.2,0.3,4.0,2064.6296300000004,1920.353396444197,-144.2762335558034,144.2762335558034
G06_R0672,G06,LOGO,holdout_G06,G06,500,6,1e-06,0.7,0.3,0.3,4.0,4277.312447,4003.581594813654,-273.73085218634606,273.73085218634606
G06_R0673,G06,LOGO,holdout_G06,G06,500,20,0.001,0.85,0.1,0.3,4.0,201.475135,142.25061187556628,-59.22452312443372,59.22452312443372
G06_R0674,G06,LOGO,holdout_G06,G06,500,20,0.001,0.85,0.2,0.3,4.0,300.34013000000004,210.2619750443159,-90.07815495568414,90.07815495568414
G06_R0675,G06,LOGO,holdout_G06,G06,500,20,0.001,0.85,0.3,0.3,4.0,468.33554,317.0894167165736,-151.2461232834264,151.2461232834264
G06_R0676,G06,LOGO,holdout_G06,G06,500,20,0.001,0.8,0.1,0.3,4.0,202.95989,142.9942662687155,-59.96562373128447,59.96562373128447
G06_R0677,G06,LOGO,holdout_G06,G06,500,20,0.001,0.8,0.2,0.3,4.0,303.21632,211.9101948990053,-91.30612510099468,91.30612510099468
G06_R0678,G06,LOGO,holdout_G06,G06,500,20,0.001,0.8,0.3,0.3,4.0,473.7943800000001,320.64332045440574,-153.15105954559436,153.15105954559436
G06_R0679,G06,LOGO,holdout_G06,G06,500,20,0.001,0.75,0.1,0.3,4.0,204.524398,144.25605515466827,-60.26834284533172,60.26834284533172
G06_R0680,G06,LOGO,holdout_G06,G06,500,20,0.001,0.75,0.2,0.3,4.0,306.31202,214.08408930272225,-92.22793069727776,92.22793069727776
G06_R0681,G06,LOGO,holdout_G06,G06,500,20,0.001,0.75,0.3,0.3,4.0,479.65333,324.52165862752605,-155.13167137247393,155.13167137247393
G06_R0682,G06,LOGO,holdout_G06,G06,500,20,0.001,0.7,0.1,0.3,4.0,206.208635,145.06833416724447,-61.14030083275552,61.14030083275552
G06_R0683,G06,LOGO,holdout_G06,G06,500,20,0.001,0.7,0.2,0.3,4.0,309.65751,216.17924623552096,-93.47826376447904,93.47826376447904
G06_R0684,G06,LOGO,holdout_G06,G06,500,20,0.001,0.7,0.3,0.3,4.0,485.9724,328.6972380512512,-157.2751619487488,157.2751619487488
G06_R0685,G06,LOGO,holdout_G06,G06,500,20,0.0001,0.85,0.1,0.3,4.0,243.081525,172.52453108708167,-70.55699391291833,70.55699391291833
G06_R0686,G06,LOGO,holdout_G06,G06,500,20,0.0001,0.85,0.2,0.3,4.0,394.36314,275.3306496144363,-119.03249038556368,119.03249038556368
G06_R0687,G06,LOGO,holdout_G06,G06,500,20,0.0001,0.85,0.3,0.3,4.0,669.83808,446.0202026641825,-223.81787733581743,223.81787733581743
G06_R0688,G06,LOGO,holdout_G06,G06,500,20,0.0001,0.8,0.1,0.3,4.0,243.958356,173.06382101770745,-70.89453498229256,70.89453498229256
G06_R0689,G06,LOGO,holdout_G06,G06,500,20,0.0001,0.8,0.2,0.3,4.0,396.64047,276.7464006343017,-119.89406936569829,119.89406936569829
G06_R0690,G06,LOGO,holdout_G06,G06,500,20,0.0001,0.8,0.3,0.3,4.0,674.85418,448.9405786972459,-225.91360130275416,225.91360130275416
G06_R0691,G06,LOGO,holdout_G06,G06,500,20,0.0001,0.75,0.1,0.3,4.0,244.904882,173.99331920552112,-70.91156279447887,70.91156279447887
G06_R0692,G06,LOGO,holdout_G06,G06,500,20,0.0001,0.75,0.2,0.3,4.0,399.17841,279.35205430373134,-119.82635569626864,119.82635569626864
G06_R0693,G06,LOGO,holdout_G06,G06,500,20,0.0001,0.75,0.3,0.3,4.0,680.44429,454.2613553693402,-226.18293463065984,226.18293463065984
G06_R0694,G06,LOGO,holdout_G06,G06,500,20,0.0001,0.7,0.1,0.3,4.0,245.941056,174.6072997670288,-71.33375623297121,71.33375623297121
G06_R0695,G06,LOGO,holdout_G06,G06,500,20,0.0001,0.7,0.2,0.3,4.0,402.03711,281.05416604142425,-120.98294395857572,120.98294395857572
G06_R0696,G06,LOGO,holdout_G06,G06,500,20,0.0001,0.7,0.3,0.3,4.0,686.7296,458.00105146059497,-228.72854853940504,228.72854853940504
G06_R0697,G06,LOGO,holdout_G06,G06,500,20,1e-05,0.85,0.1,0.3,4.0,313.4253,236.1377124871342,-77.2875875128658,77.2875875128658
G06_R0698,G06,LOGO,holdout_G06,G06,500,20,1e-05,0.85,0.2,0.3,4.0,603.35526,468.4847051484877,-134.8705548515124,134.8705548515124
G06_R0699,G06,LOGO,holdout_G06,G06,500,20,1e-05,0.85,0.3,0.3,4.0,1108.80373,843.9125825391835,-264.89114746081657,264.89114746081657
G06_R0700,G06,LOGO,holdout_G06,G06,500,20,1e-05,0.8,0.1,0.3,4.0,314.79423,237.24522723326467,-77.54900276673536,77.54900276673536
G06_R0701,G06,LOGO,holdout_G06,G06,500,20,1e-05,0.8,0.2,0.3,4.0,607.89531,472.0009497601165,-135.89436023988355,135.89436023988355
G06_R0702,G06,LOGO,holdout_G06,G06,500,20,1e-05,0.8,0.3,0.3,4.0,1118.3127100000002,851.477904314011,-266.8348056859892,266.8348056859892
G06_R0703,G06,LOGO,holdout_G06,G06,500,20,1e-05,0.75,0.1,0.3,4.0,316.34308000000004,239.06663438343188,-77.27644561656817,77.27644561656817
G06_R0704,G06,LOGO,holdout_G06,G06,500,20,1e-05,0.75,0.2,0.3,4.0,613.0855200000001,477.7190568390736,-135.36646316092651,135.36646316092651
G06_R0705,G06,LOGO,holdout_G06,G06,500,20,1e-05,0.75,0.3,0.3,4.0,1129.22349,862.5701560057905,-266.6533339942096,266.6533339942096
G06_R0706,G06,LOGO,holdout_G06,G06,500,20,1e-05,0.7,0.1,0.3,4.0,318.13183,240.3326068404763,-77.79922315952368,77.79922315952368
G06_R0707,G06,LOGO,holdout_G06,G06,500,20,1e-05,0.7,0.2,0.3,4.0,619.04597,482.4118434311853,-136.63412656881474,136.63412656881474
G06_R0708,G06,LOGO,holdout_G06,G06,500,20,1e-05,0.7,0.3,0.3,4.0,1141.93651,873.4202015651255,-268.51630843487453,268.51630843487453
G06_R0709,G06,LOGO,holdout_G06,G06,500,20,1e-06,0.85,0.1,0.3,4.0,704.08335,623.6145250124835,-80.46882498751654,80.46882498751654
G06_R0710,G06,LOGO,holdout_G06,G06,500,20,1e-06,0.85,0.2,0.3,4.0,2016.1317,1871.681200049364,-144.4504999506362,144.4504999506362
G06_R0711,G06,LOGO,holdout_G06,G06,500,20,1e-06,0.85,0.3,0.3,4.0,4178.114287,3903.6908101256768,-274.4234768743236,274.4234768743236
G06_R0712,G06,LOGO,holdout_G06,G06,500,20,1e-06,0.8,0.1,0.3,4.0,708.43279,627.9458791543785,-80.48691084562142,80.48691084562142
G06_R0713,G06,LOGO,holdout_G06,G06,500,20,1e-06,0.8,0.2,0.3,4.0,2030.03106,1885.952458229052,-144.07860177094813,144.07860177094813
G06_R0714,G06,LOGO,holdout_G06,G06,500,20,1e-06,0.8,0.3,0.3,4.0,4206.313764,3932.615626883644,-273.6981371163565,273.6981371163565
G06_R0715,G06,LOGO,holdout_G06,G06,500,20,1e-06,0.75,0.1,0.3,4.0,713.30219,633.0088199048599,-80.29337009514006,80.29337009514006
G06_R0716,G06,LOGO,holdout_G06,G06,500,20,1e-06,0.75,0.2,0.3,4.0,2045.93037,1902.3446689911332,-143.58570100886664,143.58570100886664
G06_R0717,G06,LOGO,holdout_G06,G06,500,20,1e-06,0.75,0.3,0.3,4.0,4239.013215,3965.7068245383866,-273.3063904616133,273.3063904616133
G06_R0718,G06,LOGO,holdout_G06,G06,500,20,1e-06,0.7,0.1,0.3,4.0,718.76155,638.4823702058228,-80.27917979417725,80.27917979417725
G06_R0719,G06,LOGO,holdout_G06,G06,500,20,1e-06,0.7,0.2,0.3,4.0,2064.6296300000004,1920.4698762950277,-144.1597537049729,144.1597537049729
G06_R0720,G06,LOGO,holdout_G06,G06,500,20,1e-06,0.7,0.3,0.3,4.0,4277.312647,4003.581715807523,-273.7309311924769,273.7309311924769
G06_R0721,G06,LOGO,holdout_G06,G06,500,50,0.001,0.85,0.1,0.3,4.0,201.485143,142.2460244025484,-59.23911859745158,59.23911859745158
G06_R0722,G06,LOGO,holdout_G06,G06,500,50,0.001,0.85,0.2,0.3,4.0,300.34013000000004,210.25960958431597,-90.0805204156841,90.0805204156841
G06_R0723,G06,LOGO,holdout_G06,G06,500,50,0.001,0.85,0.3,0.3,4.0,468.33554,317.0884901182402,-151.24704988175978,151.24704988175978
G06_R0724,G06,LOGO,holdout_G06,G06,500,50,0.001,0.8,0.1,0.3,4.0,202.959901,142.9896787956977,-59.9702222043023,59.9702222043023
G06_R0725,G06,LOGO,holdout_G06,G06,500,50,0.001,0.8,0.2,0.3,4.0,303.21631,211.8958402694697,-91.32046973053036,91.32046973053036
G06_R0726,G06,LOGO,holdout_G06,G06,500,50,0.001,0.8,0.3,0.3,4.0,473.7943800000001,320.64346753529856,-153.15091246470155,153.15091246470155
G06_R0727,G06,LOGO,holdout_G06,G06,500,50,0.001,0.75,0.1,0.3,4.0,204.534408,144.25504631189742,-60.2793616881026,60.2793616881026
G06_R0728,G06,LOGO,holdout_G06,G06,500,50,0.001,0.75,0.2,0.3,4.0,306.32201000000003,214.09277740643057,-92.22923259356946,92.22923259356946
G06_R0729,G06,LOGO,holdout_G06,G06,500,50,0.001,0.75,0.3,0.3,4.0,479.65333,324.5233183150262,-155.1300116849738,155.1300116849738
G06_R0730,G06,LOGO,holdout_G06,G06,500,50,0.001,0.7,0.1,0.3,4.0,206.208645,145.0685878413486,-61.14005715865139,61.14005715865139
G06_R0731,G06,LOGO,holdout_G06,G06,500,50,0.001,0.7,0.2,0.3,4.0,309.6675,216.18225306218764,-93.48524693781238,93.48524693781238
G06_R0732,G06,LOGO,holdout_G06,G06,500,50,0.001,0.7,0.3,0.3,4.0,485.9724,328.70071683791787,-157.27168316208213,157.27168316208213
G06_R0733,G06,LOGO,holdout_G06,G06,500,50,0.0001,0.85,0.1,0.3,4.0,243.081525,172.5241534251649,-70.55737157483509,70.55737157483509
G06_R0734,G06,LOGO,holdout_G06,G06,500,50,0.0001,0.85,0.2,0.3,4.0,394.37313,275.3348635678113,-119.03826643218872,119.03826643218872
G06_R0735,G06,LOGO,holdout_G06,G06,500,50,0.0001,0.85,0.3,0.3,4.0,669.83808,446.0027688128911,-223.8353111871089,223.8353111871089
G06_R0736,G06,LOGO,holdout_G06,G06,500,50,0.0001,0.8,0.1,0.3,4.0,243.958356,173.06344335579067,-70.89491264420934,70.89491264420934
G06_R0737,G06,LOGO,holdout_G06,G06,500,50,0.0001,0.8,0.2,0.3,4.0,396.65046,276.7506145876767,-119.89984541232332,119.89984541232332
G06_R0738,G06,LOGO,holdout_G06,G06,500,50,0.0001,0.8,0.3,0.3,4.0,674.85418,448.9231448459544,-225.93103515404567,225.93103515404567
G06_R0739,G06,LOGO,holdout_G06,G06,500,50,0.0001,0.75,0.1,0.3,4.0,244.904882,173.99206041343777,-70.91282158656222,70.91282158656222
G06_R0740,G06,LOGO,holdout_G06,G06,500,50,0.0001,0.75,0.2,0.3,4.0,399.1884,279.36114210179386,-119.82725789820614,119.82725789820614
G06_R0741,G06,LOGO,holdout_G06,G06,500,50,0.0001,0.75,0.3,0.3,4.0,680.44429,454.2745196240904,-226.16977037590965,226.16977037590965
G06_R0742,G06,LOGO,holdout_G06,G06,500,50,0.0001,0.7,0.1,0.3,4.0,245.941056,174.60604097494542,-71.33501502505459,71.33501502505459
G06_R0743,G06,LOGO,holdout_G06,G06,500,50,0.0001,0.7,0.2,0.3,4.0,402.0471,281.0632538394868,-120.98384616051322,120.98384616051322
G06_R0744,G06,LOGO,holdout_G06,G06,500,50,0.0001,0.7,0.3,0.3,4.0,686.7296,458.02445239992846,-228.70514760007157,228.70514760007157
G06_R0745,G06,LOGO,holdout_G06,G06,500,50,1e-05,0.85,0.1,0.3,4.0,313.4253,236.1423232447234,-77.2829767552766,77.2829767552766
G06_R0746,G06,LOGO,holdout_G06,G06,500,50,1e-05,0.85,0.2,0.3,4.0,603.35526,468.4439398726546,-134.91132012734545,134.91132012734545
G06_R0747,G06,LOGO,holdout_G06,G06,500,50,1e-05,0.85,0.3,0.3,4.0,1108.7035199999998,843.9858360545855,-264.71768394541425,264.71768394541425
G06_R0748,G06,LOGO,holdout_G06,G06,500,50,1e-05,0.8,0.1,0.3,4.0,314.79423,237.24895753460396,-77.5452724653961,77.5452724653961
G06_R0749,G06,LOGO,holdout_G06,G06,500,50,1e-05,0.8,0.2,0.3,4.0,607.89531,471.96386587595015,-135.93144412404985,135.93144412404985
G06_R0750,G06,LOGO,holdout_G06,G06,500,50,1e-05,0.8,0.3,0.3,4.0,1118.31249,851.5783611014069,-266.7341288985931,266.7341288985931
G06_R0751,G06,LOGO,holdout_G06,G06,500,50,1e-05,0.75,0.1,0.3,4.0,316.34308000000004,239.0645537730153,-77.27852622698478,77.27852622698478
G06_R0752,G06,LOGO,holdout_G06,G06,500,50,1e-05,0.75,0.2,0.3,4.0,613.0855200000001,477.6886923919904,-135.39682760800974,135.39682760800974
G06_R0753,G06,LOGO,holdout_G06,G06,500,50,1e-05,0.75,0.3,0.3,4.0,1129.22326,862.6616270090344,-266.5616329909656,266.5616329909656
G06_R0754,G06,LOGO,holdout_G06,G06,500,50,1e-05,0.7,0.1,0.3,4.0,318.13183,240.3305262300597,-77.80130376994026,77.80130376994026
G06_R0755,G06,LOGO,holdout_G06,G06,500,50,1e-05,0.7,0.2,0.3,4.0,619.04597,482.37681988118527,-136.66915011881474,136.66915011881474
G06_R0756,G06,LOGO,holdout_G06,G06,500,50,1e-05,0.7,0.3,0.3,4.0,1141.83627,873.4465560984587,-268.3897139015413,268.3897139015413
G06_R0757,G06,LOGO,holdout_G06,G06,500,50,1e-06,0.85,0.1,0.3,4.0,704.06335,623.6002089062331,-80.46314109376692,80.46314109376692
G06_R0758,G06,LOGO,holdout_G06,G06,500,50,1e-06,0.85,0.2,0.3,4.0,2016.13166,1871.68778607228,-144.44387392771978,144.44387392771978
G06_R0759,G06,LOGO,holdout_G06,G06,500,50,1e-06,0.85,0.3,0.3,4.0,4178.114287,3903.698364955229,-274.4159220447709,274.4159220447709
G06_R0760,G06,LOGO,holdout_G06,G06,500,50,1e-06,0.8,0.1,0.3,4.0,708.42279,627.9263670335451,-80.49642296645482,80.49642296645482
G06_R0761,G06,LOGO,holdout_G06,G06,500,50,1e-06,0.8,0.2,0.3,4.0,2030.03102,1885.908461087088,-144.12255891291193,144.12255891291193
G06_R0762,G06,LOGO,holdout_G06,G06,500,50,1e-06,0.8,0.3,0.3,4.0,4206.313764,3932.583076992185,-273.730687007816,273.730687007816
G06_R0763,G06,LOGO,holdout_G06,G06,500,50,1e-06,0.75,0.1,0.3,4.0,713.28219,632.9949865904849,-80.28720340951509,80.28720340951509
G06_R0764,G06,LOGO,holdout_G06,G06,500,50,1e-06,0.75,0.2,0.3,4.0,2045.93033,1902.3488783221744,-143.58145167782573,143.58145167782573
G06_R0765,G06,LOGO,holdout_G06,G06,500,50,1e-06,0.75,0.3,0.3,4.0,4239.013215,3965.588321056928,-273.4248939430722,273.4248939430722
G06_R0766,G06,LOGO,holdout_G06,G06,500,50,1e-06,0.7,0.1,0.3,4.0,718.74155,638.4766734291561,-80.26487657084385,80.26487657084385
G06_R0767,G06,LOGO,holdout_G06,G06,500,50,1e-06,0.7,0.2,0.3,4.0,2064.6295800000003,1920.501334105027,-144.1282458949736,144.1282458949736
G06_R0768,G06,LOGO,holdout_G06,G06,500,50,1e-06,0.7,0.3,0.3,4.0,4277.312646,4003.511260845232,-273.801385154768,273.801385154768
