case_uid,geometry_id,logo_fold,split
G01_R0001,G01,holdout_G01,test
G01_R0002,G01,holdout_G01,test
G01_R0003,G01,holdout_G01,test
G01_R0004,G01,holdout_G01,test
G01_R0005,G01,holdout_G01,test
G01_R0006,G01,holdout_G01,test
G01_R0007,G01,holdout_G01,test
G01_R0008,G01,holdout_G01,test
G01_R0009,G01,holdout_G01,test
G01_R0010,G01,holdout_G01,test
G01_R0011,G01,holdout_G01,test
G01_R0012,G01,holdout_G01,test
G01_R0013,G01,holdout_G01,test
G01_R0014,G01,holdout_G01,test
G01_R0015,G01,holdout_G01,test
G01_R0016,G01,holdout_G01,test
G01_R0017,G01,holdout_G01,test
G01_R0018,G01,holdout_G01,test
G01_R0019,G01,holdout_G01,test
G01_R0020,G01,holdout_G01,test
G01_R0021,G01,holdout_G01,test
G01_R0022,G01,holdout_G01,test
G01_R0023,G01,holdout_G01,test
G01_R0024,G01,holdout_G01,test
G01_R0025,G01,holdout_G01,test
G01_R0026,G01,holdout_G01,test
G01_R0027,G01,holdout_G01,test
G01_R0028,G01,holdout_G01,test
G01_R0029,G01,holdout_G01,test
G01_R0030,G01,holdout_G01,test
G01_R0031,G01,holdout_G01,test
G01_R0032,G01,holdout_G01,test
G01_R0033,G01,holdout_G01,test
G01_R0034,G01,holdout_G01,test
G01_R0035,G01,holdout_G01,test
G01_R0036,G01,holdout_G01,test
G01_R0037,G01,holdout_G01,test
G01_R0038,G01,holdout_G01,test
G01_R0039,G01,holdout_G01,test
G01_R0040,G01,holdout_G01,test
G01_R0041,G01,holdout_G01,test
G01_R0042,G01,holdout_G01,test
G01_R0043,G01,holdout_G01,test
G01_R0044,G01,holdout_G01,test
G01_R0045,G01,holdout_G01,test
G01_R0046,G01,holdout_G01,test
G01_R0047,G01,holdout_G01,test
G01_R0048,G01,holdout_G01,test
G01_R0049,G01,holdout_G01,test
G01_R0050,G01,holdout_G01,test
G01_R0051,G01,holdout_G01,test
G01_R0052,G01,holdout_G01,test
G01_R0053,G01,holdout_G01,test
G01_R0054,G01,holdout_G01,test
G01_R0055,G01,holdout_G01,test
G01_R0056,G01,holdout_G01,test
G01_R0057,G01,holdout_G01,test
G01_R0058,G01,holdout_G01,test
G01_R0059,G01,holdout_G01,test
G01_R0060,G01,holdout_G01,test
G01_R0061,G01,holdout_G01,test
G01_R0062,G01,holdout_G01,test
G01_R0063,G01,holdout_G01,test
G01_R0064,G01,holdout_G01,test
G01_R0065,G01,holdout_G01,test
G01_R0066,G01,holdout_G01,test
G01_R0067,G01,holdout_G01,test
G01_R0068,G01,holdout_G01,test
G01_R0069,G01,holdout_G01,test
G01_R0070,G01,holdout_G01,test
G01_R0071,G01,holdout_G01,test
G01_R0072,G01,holdout_G01,test
G01_R0073,G01,holdout_G01,test
G01_R0074,G01,holdout_G01,test
G01_R0075,G01,holdout_G01,test
G01_R0076,G01,holdout_G01,test
G01_R0077,G01,holdout_G01,test
G01_R0078,G01,holdout_G01,test
G01_R0079,G01,holdout_G01,test
G01_R0080,G01,holdout_G01,test
G01_R0081,G01,holdout_G01,test
G01_R0082,G01,holdout_G01,test
G01_R0083,G01,holdout_G01,test
G01_R0084,G01,holdout_G01,test
G01_R0085,G01,holdout_G01,test
G01_R0086,G01,holdout_G01,test
G01_R0087,G01,holdout_G01,test
G01_R0088,G01,holdout_G01,test
G01_R0089,G01,holdout_G01,test
G01_R0090,G01,holdout_G01,test
G01_R0091,G01,holdout_G01,test
G01_R0092,G01,holdout_G01,test
G01_R0093,G01,holdout_G01,test
G01_R0094,G01,holdout_G01,test
G01_R0095,G01,holdout_G01,test
G01_R0096,G01,holdout_G01,test
G01_R0097,G01,holdout_G01,test
G01_R0098,G01,holdout_G01,test
G01_R0099,G01,holdout_G01,test
G01_R0100,G01,holdout_G01,test
G01_R0101,G01,holdout_G01,test
G01_R0102,G01,holdout_G01,test
G01_R0103,G01,holdout_G01,test
G01_R0104,G01,holdout_G01,test
G01_R0105,G01,holdout_G01,test
G01_R0106,G01,holdout_G01,test
G01_R0107,G01,holdout_G01,test
G01_R0108,G01,holdout_G01,test
G01_R0109,G01,holdout_G01,test
G01_R0110,G01,holdout_G01,test
G01_R0111,G01,holdout_G01,test
G01_R0112,G01,holdout_G01,test
G01_R0113,G01,holdout_G01,test
G01_R0114,G01,holdout_G01,test
G01_R0115,G01,holdout_G01,test
G01_R0116,G01,holdout_G01,test
G01_R0117,G01,holdout_G01,test
G01_R0118,G01,holdout_G01,test
G01_R0119,G01,holdout_G01,test
G01_R0120,G01,holdout_G01,test
G01_R0121,G01,holdout_G01,test
G01_R0122,G01,holdout_G01,test
G01_R0123,G01,holdout_G01,test
G01_R0124,G01,holdout_G01,test
G01_R0125,G01,holdout_G01,test
G01_R0126,G01,holdout_G01,test
G01_R0127,G01,holdout_G01,test
G01_R0128,G01,holdout_G01,test
G01_R0129,G01,holdout_G01,test
G01_R0130,G01,holdout_G01,test
G01_R0131,G01,holdout_G01,test
G01_R0132,G01,holdout_G01,test
G01_R0133,G01,holdout_G01,test
G01_R0134,G01,holdout_G01,test
G01_R0135,G01,holdout_G01,test
G01_R0136,G01,holdout_G01,test
G01_R0137,G01,holdout_G01,test
G01_R0138,G01,holdout_G01,test
G01_R0139,G01,holdout_G01,test
G01_R0140,G01,holdout_G01,test
G01_R0141,G01,holdout_G01,test
G01_R0142,G01,holdout_G01,test
G01_R0143,G01,holdout_G01,test
G01_R0144,G01,holdout_G01,test
G01_R0145,G01,holdout_G01,test
G01_R0146,G01,holdout_G01,test
G01_R0147,G01,holdout_G01,test
G01_R0148,G01,holdout_G01,test
G01_R0149,G01,holdout_G01,test
G01_R0150,G01,holdout_G01,test
G01_R0151,G01,holdout_G01,test
G01_R0152,G01,holdout_G01,test
G01_R0153,G01,holdout_G01,test
G01_R0154,G01,holdout_G01,test
G01_R0155,G01,holdout_G01,test
G01_R0156,G01,holdout_G01,test
G01_R0157,G01,holdout_G01,test
G01_R0158,G01,holdout_G01,test
G01_R0159,G01,holdout_G01,test
G01_R0160,G01,holdout_G01,test
G01_R0161,G01,holdout_G01,test
G01_R0162,G01,holdout_G01,test
G01_R0163,G01,holdout_G01,test
G01_R0164,G01,holdout_G01,test
G01_R0165,G01,holdout_G01,test
G01_R0166,G01,holdout_G01,test
G01_R0167,G01,holdout_G01,test
G01_R0168,G01,holdout_G01,test
G01_R0169,G01,holdout_G01,test
G01_R0170,G01,holdout_G01,test
G01_R0171,G01,holdout_G01,test
G01_R0172,G01,holdout_G01,test
G01_R0173,G01,holdout_G01,test
G01_R0174,G01,holdout_G01,test
G01_R0175,G01,holdout_G01,test
G01_R0176,G01,holdout_G01,test
G01_R0177,G01,holdout_G01,test
G01_R0178,G01,holdout_G01,test
G01_R0179,G01,holdout_G01,test
G01_R0180,G01,holdout_G01,test
G01_R0181,G01,holdout_G01,test
G01_R0182,G01,holdout_G01,test
G01_R0183,G01,holdout_G01,test
G01_R0184,G01,holdout_G01,test
G01_R0185,G01,holdout_G01,test
G01_R0186,G01,holdout_G01,test
G01_R0187,G01,holdout_G01,test
G01_R0188,G01,holdout_G01,test
G01_R0189,G01,holdout_G01,test
G01_R0190,G01,holdout_G01,test
G01_R0191,G01,holdout_G01,test
G01_R0192,G01,holdout_G01,test
G01_R0193,G01,holdout_G01,test
G01_R0194,G01,holdout_G01,test
G01_R0195,G01,holdout_G01,test
G01_R0196,G01,holdout_G01,test
G01_R0197,G01,holdout_G01,test
G01_R0198,G01,holdout_G01,test
G01_R0199,G01,holdout_G01,test
G01_R0200,G01,holdout_G01,test
G01_R0201,G01,holdout_G01,test
G01_R0202,G01,holdout_G01,test
G01_R0203,G01,holdout_G01,test
G01_R0204,G01,holdout_G01,test
G01_R0205,G01,holdout_G01,test
G01_R0206,G01,holdout_G01,test
G01_R0207,G01,holdout_G01,test
G01_R0208,G01,holdout_G01,test
G01_R0209,G01,holdout_G01,test
G01_R0210,G01,holdout_G01,test
G01_R0211,G01,holdout_G01,test
G01_R0212,G01,holdout_G01,test
G01_R0213,G01,holdout_G01,test
G01_R0214,G01,holdout_G01,test
G01_R0215,G01,holdout_G01,test
G01_R0216,G01,holdout_G01,test
G01_R0217,G01,holdout_G01,test
G01_R0218,G01,holdout_G01,test
G01_R0219,G01,holdout_G01,test
G01_R0220,G01,holdout_G01,test
G01_R0221,G01,holdout_G01,test
G01_R0222,G01,holdout_G01,test
G01_R0223,G01,holdout_G01,test
G01_R0224,G01,holdout_G01,test
G01_R0225,G01,holdout_G01,test
G01_R0226,G01,holdout_G01,test
G01_R0227,G01,holdout_G01,test
G01_R0228,G01,holdout_G01,test
G01_R0229,G01,holdout_G01,test
G01_R0230,G01,holdout_G01,test
G01_R0231,G01,holdout_G01,test
G01_R0232,G01,holdout_G01,test
G01_R0233,G01,holdout_G01,test
G01_R0234,G01,holdout_G01,test
G01_R0235,G01,holdout_G01,test
G01_R0236,G01,holdout_G01,test
G01_R0237,G01,holdout_G01,test
G01_R0238,G01,holdout_G01,test
G01_R0239,G01,holdout_G01,test
G01_R0240,G01,holdout_G01,test
G01_R0241,G01,holdout_G01,test
G01_R0242,G01,holdout_G01,test
G01_R0243,G01,holdout_G01,test
G01_R0244,G01,holdout_G01,test
G01_R0245,G01,holdout_G01,test
G01_R0246,G01,holdout_G01,test
G01_R0247,G01,holdout_G01,test
G01_R0248,G01,holdout_G01,test
G01_R0249,G01,holdout_G01,test
G01_R0250,G01,holdout_G01,test
G01_R0251,G01,holdout_G01,test
G01_R0252,G01,holdout_G01,test
G01_R0253,G01,holdout_G01,test
G01_R0254,G01,holdout_G01,test
G01_R0255,G01,holdout_G01,test
G01_R0256,G01,holdout_G01,test
G01_R0257,G01,holdout_G01,test
G01_R0258,G01,holdout_G01,test
G01_R0259,G01,holdout_G01,test
G01_R0260,G01,holdout_G01,test
G01_R0261,G01,holdout_G01,test
G01_R0262,G01,holdout_G01,test
G01_R0263,G01,holdout_G01,test
G01_R0264,G01,holdout_G01,test
G01_R0265,G01,holdout_G01,test
G01_R0266,G01,holdout_G01,test
G01_R0267,G01,holdout_G01,test
G01_R0268,G01,holdout_G01,test
G01_R0269,G01,holdout_G01,test
G01_R0270,G01,holdout_G01,test
G01_R0271,G01,holdout_G01,test
G01_R0272,G01,holdout_G01,test
G01_R0273,G01,holdout_G01,test
G01_R0274,G01,holdout_G01,test
G01_R0275,G01,holdout_G01,test
G01_R0276,G01,holdout_G01,test
G01_R0277,G01,holdout_G01,test
G01_R0278,G01,holdout_G01,test
G01_R0279,G01,holdout_G01,test
G01_R0280,G01,holdout_G01,test
G01_R0281,G01,holdout_G01,test
G01_R0282,G01,holdout_G01,test
G01_R0283,G01,holdout_G01,test
G01_R0284,G01,holdout_G01,test
G01_R0285,G01,holdout_G01,test
G01_R0286,G01,holdout_G01,test
G01_R0287,G01,holdout_G01,test
G01_R0288,G01,holdout_G01,test
G01_R0289,G01,holdout_G01,test
G01_R0290,G01,holdout_G01,test
G01_R0291,G01,holdout_G01,test
G01_R0292,G01,holdout_G01,test
G01_R0293,G01,holdout_G01,test
G01_R0294,G01,holdout_G01,test
G01_R0295,G01,holdout_G01,test
G01_R0296,G01,holdout_G01,test
G01_R0297,G01,holdout_G01,test
G01_R0298,G01,holdout_G01,test
G01_R0299,G01,holdout_G01,test
G01_R0300,G01,holdout_G01,test
G01_R0301,G01,holdout_G01,test
G01_R0302,G01,holdout_G01,test
G01_R0303,G01,holdout_G01,test
G01_R0304,G01,holdout_G01,test
G01_R0305,G01,holdout_G01,test
G01_R0306,G01,holdout_G01,test
G01_R0307,G01,holdout_G01,test
G01_R0308,G01,holdout_G01,test
G01_R0309,G01,holdout_G01,test
G01_R0310,G01,holdout_G01,test
G01_R0311,G01,holdout_G01,test
G01_R0312,G01,holdout_G01,test
G01_R0313,G01,holdout_G01,test
G01_R0314,G01,holdout_G01,test
G01_R0315,G01,holdout_G01,test
G01_R0316,G01,holdout_G01,test
G01_R0317,G01,holdout_G01,test
G01_R0318,G01,holdout_G01,test
G01_R0319,G01,holdout_G01,test
G01_R0320,G01,holdout_G01,test
G01_R0321,G01,holdout_G01,test
G01_R0322,G01,holdout_G01,test
G01_R0323,G01,holdout_G01,test
G01_R0324,G01,holdout_G01,test
G01_R0325,G01,holdout_G01,test
G01_R0326,G01,holdout_G01,test
G01_R0327,G01,holdout_G01,test
G01_R0328,G01,holdout_G01,test
G01_R0329,G01,holdout_G01,test
G01_R0330,G01,holdout_G01,test
G01_R0331,G01,holdout_G01,test
G01_R0332,G01,holdout_G01,test
G01_R0333,G01,holdout_G01,test
G01_R0334,G01,holdout_G01,test
G01_R0335,G01,holdout_G01,test
G01_R0336,G01,holdout_G01,test
G01_R0337,G01,holdout_G01,test
G01_R0338,G01,holdout_G01,test
G01_R0339,G01,holdout_G01,test
G01_R0340,G01,holdout_G01,test
G01_R0341,G01,holdout_G01,test
G01_R0342,G01,holdout_G01,test
G01_R0343,G01,holdout_G01,test
G01_R0344,G01,holdout_G01,test
G01_R0345,G01,holdout_G01,test
G01_R0346,G01,holdout_G01,test
G01_R0347,G01,holdout_G01,test
G01_R0348,G01,holdout_G01,test
G01_R0349,G01,holdout_G01,test
G01_R0350,G01,holdout_G01,test
G01_R0351,G01,holdout_G01,test
G01_R0352,G01,holdout_G01,test
G01_R0353,G01,holdout_G01,test
G01_R0354,G01,holdout_G01,test
G01_R0355,G01,holdout_G01,test
G01_R0356,G01,holdout_G01,test
G01_R0357,G01,holdout_G01,test
G01_R0358,G01,holdout_G01,test
G01_R0359,G01,holdout_G01,test
G01_R0360,G01,holdout_G01,test
G01_R0361,G01,holdout_G01,test
G01_R0362,G01,holdout_G01,test
G01_R0363,G01,holdout_G01,test
G01_R0364,G01,holdout_G01,test
G01_R0365,G01,holdout_G01,test
G01_R0366,G01,holdout_G01,test
G01_R0367,G01,holdout_G01,test
G01_R0368,G01,holdout_G01,test
G01_R0369,G01,holdout_G01,test
G01_R0370,G01,holdout_G01,test
G01_R0371,G01,holdout_G01,test
G01_R0372,G01,holdout_G01,test
G01_R0373,G01,holdout_G01,test
G01_R0374,G01,holdout_G01,test
G01_R0375,G01,holdout_G01,test
G01_R0376,G01,holdout_G01,test
G01_R0377,G01,holdout_G01,test
G01_R0378,G01,holdout_G01,test
G01_R0379,G01,holdout_G01,test
G01_R0380,G01,holdout_G01,test
G01_R0381,G01,holdout_G01,test
G01_R0382,G01,holdout_G01,test
G01_R0383,G01,holdout_G01,test
G01_R0384,G01,holdout_G01,test
G01_R0385,G01,holdout_G01,test
G01_R0386,G01,holdout_G01,test
G01_R0387,G01,holdout_G01,test
G01_R0388,G01,holdout_G01,test
G01_R0389,G01,holdout_G01,test
G01_R0390,G01,holdout_G01,test
G01_R0391,G01,holdout_G01,test
G01_R0392,G01,holdout_G01,test
G01_R0393,G01,holdout_G01,test
G01_R0394,G01,holdout_G01,test
G01_R0395,G01,holdout_G01,test
G01_R0396,G01,holdout_G01,test
G01_R0397,G01,holdout_G01,test
G01_R0398,G01,holdout_G01,test
G01_R0399,G01,holdout_G01,test
G01_R0400,G01,holdout_G01,test
G01_R0401,G01,holdout_G01,test
G01_R0402,G01,holdout_G01,test
G01_R0403,G01,holdout_G01,test
G01_R0404,G01,holdout_G01,test
G01_R0405,G01,holdout_G01,test
G01_R0406,G01,holdout_G01,test
G01_R0407,G01,holdout_G01,test
G01_R0408,G01,holdout_G01,test
G01_R0409,G01,holdout_G01,test
G01_R0410,G01,holdout_G01,test
G01_R0411,G01,holdout_G01,test
G01_R0412,G01,holdout_G01,test
G01_R0413,G01,holdout_G01,test
G01_R0414,G01,holdout_G01,test
G01_R0415,G01,holdout_G01,test
G01_R0416,G01,holdout_G01,test
G01_R0417,G01,holdout_G01,test
G01_R0418,G01,holdout_G01,test
G01_R0419,G01,holdout_G01,test
G01_R0420,G01,holdout_G01,test
G01_R0421,G01,holdout_G01,test
G01_R0422,G01,holdout_G01,test
G01_R0423,G01,holdout_G01,test
G01_R0424,G01,holdout_G01,test
G01_R0425,G01,holdout_G01,test
G01_R0426,G01,holdout_G01,test
G01_R0427,G01,holdout_G01,test
G01_R0428,G01,holdout_G01,test
G01_R0429,G01,holdout_G01,test
G01_R0430,G01,holdout_G01,test
G01_R0431,G01,holdout_G01,test
G01_R0432,G01,holdout_G01,test
G01_R0433,G01,holdout_G01,test
G01_R0434,G01,holdout_G01,test
G01_R0435,G01,holdout_G01,test
G01_R0436,G01,holdout_G01,test
G01_R0437,G01,holdout_G01,test
G01_R0438,G01,holdout_G01,test
G01_R0439,G01,holdout_G01,test
G01_R0440,G01,holdout_G01,test
G01_R0441,G01,holdout_G01,test
G01_R0442,G01,holdout_G01,test
G01_R0443,G01,holdout_G01,test
G01_R0444,G01,holdout_G01,test
G01_R0445,G01,holdout_G01,test
G01_R0446,G01,holdout_G01,test
G01_R0447,G01,holdout_G01,test
G01_R0448,G01,holdout_G01,test
G01_R0449,G01,holdout_G01,test
G01_R0450,G01,holdout_G01,test
G01_R0451,G01,holdout_G01,test
G01_R0452,G01,holdout_G01,test
G01_R0453,G01,holdout_G01,test
G01_R0454,G01,holdout_G01,test
G01_R0455,G01,holdout_G01,test
G01_R0456,G01,holdout_G01,test
G01_R0457,G01,holdout_G01,test
G01_R0458,G01,holdout_G01,test
G01_R0459,G01,holdout_G01,test
G01_R0460,G01,holdout_G01,test
G01_R0461,G01,holdout_G01,test
G01_R0462,G01,holdout_G01,test
G01_R0463,G01,holdout_G01,test
G01_R0464,G01,holdout_G01,test
G01_R0465,G01,holdout_G01,test
G01_R0466,G01,holdout_G01,test
G01_R0467,G01,holdout_G01,test
G01_R0468,G01,holdout_G01,test
G01_R0469,G01,holdout_G01,test
G01_R0470,G01,holdout_G01,test
G01_R0471,G01,holdout_G01,test
G01_R0472,G01,holdout_G01,test
G01_R0473,G01,holdout_G01,test
G01_R0474,G01,holdout_G01,test
G01_R0475,G01,holdout_G01,test
G01_R0476,G01,holdout_G01,test
G01_R0477,G01,holdout_G01,test
G01_R0478,G01,holdout_G01,test
G01_R0479,G01,holdout_G01,test
G01_R0480,G01,holdout_G01,test
G01_R0481,G01,holdout_G01,test
G01_R0482,G01,holdout_G01,test
G01_R0483,G01,holdout_G01,test
G01_R0484,G01,holdout_G01,test
G01_R0485,G01,holdout_G01,test
G01_R0486,G01,holdout_G01,test
G01_R0487,G01,holdout_G01,test
G01_R0488,G01,holdout_G01,test
G01_R0489,G01,holdout_G01,test
G01_R0490,G01,holdout_G01,test
G01_R0491,G01,holdout_G01,test
G01_R0492,G01,holdout_G01,test
G01_R0493,G01,holdout_G01,test
G01_R0494,G01,holdout_G01,test
G01_R0495,G01,holdout_G01,test
G01_R0496,G01,holdout_G01,test
G01_R0497,G01,holdout_G01,test
G01_R0498,G01,holdout_G01,test
G01_R0499,G01,holdout_G01,test
G01_R0500,G01,holdout_G01,test
G01_R0501,G01,holdout_G01,test
G01_R0502,G01,holdout_G01,test
G01_R0503,G01,holdout_G01,test
G01_R0504,G01,holdout_G01,test
G01_R0505,G01,holdout_G01,test
G01_R0506,G01,holdout_G01,test
G01_R0507,G01,holdout_G01,test
G01_R0508,G01,holdout_G01,test
G01_R0509,G01,holdout_G01,test
G01_R0510,G01,holdout_G01,test
G01_R0511,G01,holdout_G01,test
G01_R0512,G01,holdout_G01,test
G01_R0513,G01,holdout_G01,test
G01_R0514,G01,holdout_G01,test
G01_R0515,G01,holdout_G01,test
G01_R0516,G01,holdout_G01,test
G01_R0517,G01,holdout_G01,test
G01_R0518,G01,holdout_G01,test
G01_R0519,G01,holdout_G01,test
G01_R0520,G01,holdout_G01,test
G01_R0521,G01,holdout_G01,test
G01_R0522,G01,holdout_G01,test
G01_R0523,G01,holdout_G01,test
G01_R0524,G01,holdout_G01,test
G01_R0525,G01,holdout_G01,test
G01_R0526,G01,holdout_G01,test
G01_R0527,G01,holdout_G01,test
G01_R0528,G01,holdout_G01,test
G01_R0529,G01,holdout_G01,test
G01_R0530,G01,holdout_G01,test
G01_R0531,G01,holdout_G01,test
G01_R0532,G01,holdout_G01,test
G01_R0533,G01,holdout_G01,test
G01_R0534,G01,holdout_G01,test
G01_R0535,G01,holdout_G01,test
G01_R0536,G01,holdout_G01,test
G01_R0537,G01,holdout_G01,test
G01_R0538,G01,holdout_G01,test
G01_R0539,G01,holdout_G01,test
G01_R0540,G01,holdout_G01,test
G01_R0541,G01,holdout_G01,test
G01_R0542,G01,holdout_G01,test
G01_R0543,G01,holdout_G01,test
G01_R0544,G01,holdout_G01,test
G01_R0545,G01,holdout_G01,test
G01_R0546,G01,holdout_G01,test
G01_R0547,G01,holdout_G01,test
G01_R0548,G01,holdout_G01,test
G01_R0549,G01,holdout_G01,test
G01_R0550,G01,holdout_G01,test
G01_R0551,G01,holdout_G01,test
G01_R0552,G01,holdout_G01,test
G01_R0553,G01,holdout_G01,test
G01_R0554,G01,holdout_G01,test
G01_R0555,G01,holdout_G01,test
G01_R0556,G01,holdout_G01,test
G01_R0557,G01,holdout_G01,test
G01_R0558,G01,holdout_G01,test
G01_R0559,G01,holdout_G01,test
G01_R0560,G01,holdout_G01,test
G01_R0561,G01,holdout_G01,test
G01_R0562,G01,holdout_G01,test
G01_R0563,G01,holdout_G01,test
G01_R0564,G01,holdout_G01,test
G01_R0565,G01,holdout_G01,test
G01_R0566,G01,holdout_G01,test
G01_R0567,G01,holdout_G01,test
G01_R0568,G01,holdout_G01,test
G01_R0569,G01,holdout_G01,test
G01_R0570,G01,holdout_G01,test
G01_R0571,G01,holdout_G01,test
G01_R0572,G01,holdout_G01,test
G01_R0573,G01,holdout_G01,test
G01_R0574,G01,holdout_G01,test
G01_R0575,G01,holdout_G01,test
G01_R0576,G01,holdout_G01,test
G01_R0577,G01,holdout_G01,test
G01_R0578,G01,holdout_G01,test
G01_R0579,G01,holdout_G01,test
G01_R0580,G01,holdout_G01,test
G01_R0581,G01,holdout_G01,test
G01_R0582,G01,holdout_G01,test
G01_R0583,G01,holdout_G01,test
G01_R0584,G01,holdout_G01,test
G01_R0585,G01,holdout_G01,test
G01_R0586,G01,holdout_G01,test
G01_R0587,G01,holdout_G01,test
G01_R0588,G01,holdout_G01,test
G01_R0589,G01,holdout_G01,test
G01_R0590,G01,holdout_G01,test
G01_R0591,G01,holdout_G01,test
G01_R0592,G01,holdout_G01,test
G01_R0593,G01,holdout_G01,test
G01_R0594,G01,holdout_G01,test
G01_R0595,G01,holdout_G01,test
G01_R0596,G01,holdout_G01,test
G01_R0597,G01,holdout_G01,test
G01_R0598,G01,holdout_G01,test
G01_R0599,G01,holdout_G01,test
G01_R0600,G01,holdout_G01,test
G01_R0601,G01,holdout_G01,test
G01_R0602,G01,holdout_G01,test
G01_R0603,G01,holdout_G01,test
G01_R0604,G01,holdout_G01,test
G01_R0605,G01,holdout_G01,test
G01_R0606,G01,holdout_G01,test
G01_R0607,G01,holdout_G01,test
G01_R0608,G01,holdout_G01,test
G01_R0609,G01,holdout_G01,test
G01_R0610,G01,holdout_G01,test
G01_R0611,G01,holdout_G01,test
G01_R0612,G01,holdout_G01,test
G01_R0613,G01,holdout_G01,test
G01_R0614,G01,holdout_G01,test
G01_R0615,G01,holdout_G01,test
G01_R0616,G01,holdout_G01,test
G01_R0617,G01,holdout_G01,test
G01_R0618,G01,holdout_G01,test
G01_R0619,G01,holdout_G01,test
G01_R0620,G01,holdout_G01,test
G01_R0621,G01,holdout_G01,test
G01_R0622,G01,holdout_G01,test
G01_R0623,G01,holdout_G01,test
G01_R0624,G01,holdout_G01,test
G01_R0625,G01,holdout_G01,test
G01_R0626,G01,holdout_G01,test
G01_R0627,G01,holdout_G01,test
G01_R0628,G01,holdout_G01,test
G01_R0629,G01,holdout_G01,test
G01_R0630,G01,holdout_G01,test
G01_R0631,G01,holdout_G01,test
G01_R0632,G01,holdout_G01,test
G01_R0633,G01,holdout_G01,test
G01_R0634,G01,holdout_G01,test
G01_R0635,G01,holdout_G01,test
G01_R0636,G01,holdout_G01,test
G01_R0637,G01,holdout_G01,test
G01_R0638,G01,holdout_G01,test
G01_R0639,G01,holdout_G01,test
G01_R0640,G01,holdout_G01,test
G01_R0641,G01,holdout_G01,test
G01_R0642,G01,holdout_G01,test
G01_R0643,G01,holdout_G01,test
G01_R0644,G01,holdout_G01,test
G01_R0645,G01,holdout_G01,test
G01_R0646,G01,holdout_G01,test
G01_R0647,G01,holdout_G01,test
G01_R0648,G01,holdout_G01,test
G01_R0649,G01,holdout_G01,test
G01_R0650,G01,holdout_G01,test
G01_R0651,G01,holdout_G01,test
G01_R0652,G01,holdout_G01,test
G01_R0653,G01,holdout_G01,test
G01_R0654,G01,holdout_G01,test
G01_R0655,G01,holdout_G01,test
G01_R0656,G01,holdout_G01,test
G01_R0657,G01,holdout_G01,test
G01_R0658,G01,holdout_G01,test
G01_R0659,G01,holdout_G01,test
G01_R0660,G01,holdout_G01,test
G01_R0661,G01,holdout_G01,test
G01_R0662,G01,holdout_G01,test
G01_R0663,G01,holdout_G01,test
G01_R0664,G01,holdout_G01,test
G01_R0665,G01,holdout_G01,test
G01_R0666,G01,holdout_G01,test
G01_R0667,G01,holdout_G01,test
G01_R0668,G01,holdout_G01,test
G01_R0669,G01,holdout_G01,test
G01_R0670,G01,holdout_G01,test
G01_R0671,G01,holdout_G01,test
G01_R0672,G01,holdout_G01,test
G01_R0673,G01,holdout_G01,test
G01_R0674,G01,holdout_G01,test
G01_R0675,G01,holdout_G01,test
G01_R0676,G01,holdout_G01,test
G01_R0677,G01,holdout_G01,test
G01_R0678,G01,holdout_G01,test
G01_R0679,G01,holdout_G01,test
G01_R0680,G01,holdout_G01,test
G01_R0681,G01,holdout_G01,test
G01_R0682,G01,holdout_G01,test
G01_R0683,G01,holdout_G01,test
G01_R0684,G01,holdout_G01,test
G01_R0685,G01,holdout_G01,test
G01_R0686,G01,holdout_G01,test
G01_R0687,G01,holdout_G01,test
G01_R0688,G01,holdout_G01,test
G01_R0689,G01,holdout_G01,test
G01_R0690,G01,holdout_G01,test
G01_R0691,G01,holdout_G01,test
G01_R0692,G01,holdout_G01,test
G01_R0693,G01,holdout_G01,test
G01_R0694,G01,holdout_G01,test
G01_R0695,G01,holdout_G01,test
G01_R0696,G01,holdout_G01,test
G01_R0697,G01,holdout_G01,test
G01_R0698,G01,holdout_G01,test
G01_R0699,G01,holdout_G01,test
G01_R0700,G01,holdout_G01,test
G01_R0701,G01,holdout_G01,test
G01_R0702,G01,holdout_G01,test
G01_R0703,G01,holdout_G01,test
G01_R0704,G01,holdout_G01,test
G01_R0705,G01,holdout_G01,test
G01_R0706,G01,holdout_G01,test
G01_R0707,G01,holdout_G01,test
G01_R0708,G01,holdout_G01,test
G01_R0709,G01,holdout_G01,test
G01_R0710,G01,holdout_G01,test
G01_R0711,G01,holdout_G01,test
G01_R0712,G01,holdout_G01,test
G01_R0713,G01,holdout_G01,test
G01_R0714,G01,holdout_G01,test
G01_R0715,G01,holdout_G01,test
G01_R0716,G01,holdout_G01,test
G01_R0717,G01,holdout_G01,test
G01_R0718,G01,holdout_G01,test
G01_R0719,G01,holdout_G01,test
G01_R0720,G01,holdout_G01,test
G01_R0721,G01,holdout_G01,test
G01_R0722,G01,holdout_G01,test
G01_R0723,G01,holdout_G01,test
G01_R0724,G01,holdout_G01,test
G01_R0725,G01,holdout_G01,test
G01_R0726,G01,holdout_G01,test
G01_R0727,G01,holdout_G01,test
G01_R0728,G01,holdout_G01,test
G01_R0729,G01,holdout_G01,test
G01_R0730,G01,holdout_G01,test
G01_R0731,G01,holdout_G01,test
G01_R0732,G01,holdout_G01,test
G01_R0733,G01,holdout_G01,test
G01_R0734,G01,holdout_G01,test
G01_R0735,G01,holdout_G01,test
G01_R0736,G01,holdout_G01,test
G01_R0737,G01,holdout_G01,test
G01_R0738,G01,holdout_G01,test
G01_R0739,G01,holdout_G01,test
G01_R0740,G01,holdout_G01,test
G01_R0741,G01,holdout_G01,test
G01_R0742,G01,holdout_G01,test
G01_R0743,G01,holdout_G01,test
G01_R0744,G01,holdout_G01,test
G01_R0745,G01,holdout_G01,test
G01_R0746,G01,holdout_G01,test
G01_R0747,G01,holdout_G01,test
G01_R0748,G01,holdout_G01,test
G01_R0749,G01,holdout_G01,test
G01_R0750,G01,holdout_G01,test
G01_R0751,G01,holdout_G01,test
G01_R0752,G01,holdout_G01,test
G01_R0753,G01,holdout_G01,test
G01_R0754,G01,holdout_G01,test
G01_R0755,G01,holdout_G01,test
G01_R0756,G01,holdout_G01,test
G01_R0757,G01,holdout_G01,test
G01_R0758,G01,holdout_G01,test
G01_R0759,G01,holdout_G01,test
G01_R0760,G01,holdout_G01,test
G01_R0761,G01,holdout_G01,test
G01_R0762,G01,holdout_G01,test
G01_R0763,G01,holdout_G01,test
G01_R0764,G01,holdout_G01,test
G01_R0765,G01,holdout_G01,test
G01_R0766,G01,holdout_G01,test
G01_R0767,G01,holdout_G01,test
G01_R0768,G01,holdout_G01,test
G02_R0001,G02,holdout_G01,train
G02_R0002,G02,holdout_G01,train
G02_R0003,G02,holdout_G01,train
G02_R0004,G02,holdout_G01,train
G02_R0005,G02,holdout_G01,train
G02_R0006,G02,holdout_G01,train
G02_R0007,G02,holdout_G01,train
G02_R0008,G02,holdout_G01,train
G02_R0009,G02,holdout_G01,train
G02_R0010,G02,holdout_G01,train
G02_R0011,G02,holdout_G01,train
G02_R0012,G02,holdout_G01,train
G02_R0013,G02,holdout_G01,train
G02_R0014,G02,holdout_G01,train
G02_R0015,G02,holdout_G01,train
G02_R0016,G02,holdout_G01,train
G02_R0017,G02,holdout_G01,train
G02_R0018,G02,holdout_G01,train
G02_R0019,G02,holdout_G01,train
G02_R0020,G02,holdout_G01,train
G02_R0021,G02,holdout_G01,train
G02_R0022,G02,holdout_G01,train
G02_R0023,G02,holdout_G01,train
G02_R0024,G02,holdout_G01,train
G02_R0025,G02,holdout_G01,train
G02_R0026,G02,holdout_G01,train
G02_R0027,G02,holdout_G01,train
G02_R0028,G02,holdout_G01,train
G02_R0029,G02,holdout_G01,train
G02_R0030,G02,holdout_G01,train
G02_R0031,G02,holdout_G01,train
G02_R0032,G02,holdout_G01,train
G02_R0033,G02,holdout_G01,train
G02_R0034,G02,holdout_G01,train
G02_R0035,G02,holdout_G01,train
G02_R0036,G02,holdout_G01,train
G02_R0037,G02,holdout_G01,train
G02_R0038,G02,holdout_G01,train
G02_R0039,G02,holdout_G01,train
G02_R0040,G02,holdout_G01,train
G02_R0041,G02,holdout_G01,train
G02_R0042,G02,holdout_G01,train
G02_R0043,G02,holdout_G01,train
G02_R0044,G02,holdout_G01,train
G02_R0045,G02,holdout_G01,train
G02_R0046,G02,holdout_G01,train
G02_R0047,G02,holdout_G01,train
G02_R0048,G02,holdout_G01,train
G02_R0049,G02,holdout_G01,train
G02_R0050,G02,holdout_G01,train
G02_R0051,G02,holdout_G01,train
G02_R0052,G02,holdout_G01,train
G02_R0053,G02,holdout_G01,train
G02_R0054,G02,holdout_G01,train
G02_R0055,G02,holdout_G01,train
G02_R0056,G02,holdout_G01,train
G02_R0057,G02,holdout_G01,train
G02_R0058,G02,holdout_G01,train
G02_R0059,G02,holdout_G01,train
G02_R0060,G02,holdout_G01,train
G02_R0061,G02,holdout_G01,train
G02_R0062,G02,holdout_G01,train
G02_R0063,G02,holdout_G01,train
G02_R0064,G02,holdout_G01,train
G02_R0065,G02,holdout_G01,train
G02_R0066,G02,holdout_G01,train
G02_R0067,G02,holdout_G01,train
G02_R0068,G02,holdout_G01,train
G02_R0069,G02,holdout_G01,train
G02_R0070,G02,holdout_G01,train
G02_R0071,G02,holdout_G01,train
G02_R0072,G02,holdout_G01,train
G02_R0073,G02,holdout_G01,train
G02_R0074,G02,holdout_G01,train
G02_R0075,G02,holdout_G01,train
G02_R0076,G02,holdout_G01,train
G02_R0077,G02,holdout_G01,train
G02_R0078,G02,holdout_G01,train
G02_R0079,G02,holdout_G01,train
G02_R0080,G02,holdout_G01,train
G02_R0081,G02,holdout_G01,train
G02_R0082,G02,holdout_G01,train
G02_R0083,G02,holdout_G01,train
G02_R0084,G02,holdout_G01,train
G02_R0085,G02,holdout_G01,train
G02_R0086,G02,holdout_G01,train
G02_R0087,G02,holdout_G01,train
G02_R0088,G02,holdout_G01,train
G02_R0089,G02,holdout_G01,train
G02_R0090,G02,holdout_G01,train
G02_R0091,G02,holdout_G01,train
G02_R0092,G02,holdout_G01,train
G02_R0093,G02,holdout_G01,train
G02_R0094,G02,holdout_G01,train
G02_R0095,G02,holdout_G01,train
G02_R0096,G02,holdout_G01,train
G02_R0097,G02,holdout_G01,train
G02_R0098,G02,holdout_G01,train
G02_R0099,G02,holdout_G01,train
G02_R0100,G02,holdout_G01,train
G02_R0101,G02,holdout_G01,train
G02_R0102,G02,holdout_G01,train
G02_R0103,G02,holdout_G01,train
G02_R0104,G02,holdout_G01,train
G02_R0105,G02,holdout_G01,train
G02_R0106,G02,holdout_G01,train
G02_R0107,G02,holdout_G01,train
G02_R0108,G02,holdout_G01,train
G02_R0109,G02,holdout_G01,train
G02_R0110,G02,holdout_G01,train
G02_R0111,G02,holdout_G01,train
G02_R0112,G02,holdout_G01,train
G02_R0113,G02,holdout_G01,train
G02_R0114,G02,holdout_G01,train
G02_R0115,G02,holdout_G01,train
G02_R0116,G02,holdout_G01,train
G02_R0117,G02,holdout_G01,train
G02_R0118,G02,holdout_G01,train
G02_R0119,G02,holdout_G01,train
G02_R0120,G02,holdout_G01,train
G02_R0121,G02,holdout_G01,train
G02_R0122,G02,holdout_G01,train
G02_R0123,G02,holdout_G01,train
G02_R0124,G02,holdout_G01,train
G02_R0125,G02,holdout_G01,train
G02_R0126,G02,holdout_G01,train
G02_R0127,G02,holdout_G01,train
G02_R0128,G02,holdout_G01,train
G02_R0129,G02,holdout_G01,train
G02_R0130,G02,holdout_G01,train
G02_R0131,G02,holdout_G01,train
G02_R0132,G02,holdout_G01,train
G02_R0133,G02,holdout_G01,train
G02_R0134,G02,holdout_G01,train
G02_R0135,G02,holdout_G01,train
G02_R0136,G02,holdout_G01,train
G02_R0137,G02,holdout_G01,train
G02_R0138,G02,holdout_G01,train
G02_R0139,G02,holdout_G01,train
G02_R0140,G02,holdout_G01,train
G02_R0141,G02,holdout_G01,train
G02_R0142,G02,holdout_G01,train
G02_R0143,G02,holdout_G01,train
G02_R0144,G02,holdout_G01,train
G02_R0145,G02,holdout_G01,train
G02_R0146,G02,holdout_G01,train
G02_R0147,G02,holdout_G01,train
G02_R0148,G02,holdout_G01,train
G02_R0149,G02,holdout_G01,train
G02_R0150,G02,holdout_G01,train
G02_R0151,G02,holdout_G01,train
G02_R0152,G02,holdout_G01,train
G02_R0153,G02,holdout_G01,train
G02_R0154,G02,holdout_G01,train
G02_R0155,G02,holdout_G01,train
G02_R0156,G02,holdout_G01,train
G02_R0157,G02,holdout_G01,train
G02_R0158,G02,holdout_G01,train
G02_R0159,G02,holdout_G01,train
G02_R0160,G02,holdout_G01,train
G02_R0161,G02,holdout_G01,train
G02_R0162,G02,holdout_G01,train
G02_R0163,G02,holdout_G01,train
G02_R0164,G02,holdout_G01,train
G02_R0165,G02,holdout_G01,train
G02_R0166,G02,holdout_G01,train
G02_R0167,G02,holdout_G01,train
G02_R0168,G02,holdout_G01,train
G02_R0169,G02,holdout_G01,train
G02_R0170,G02,holdout_G01,train
G02_R0171,G02,holdout_G01,train
G02_R0172,G02,holdout_G01,train
G02_R0173,G02,holdout_G01,train
G02_R0174,G02,holdout_G01,train
G02_R0175,G02,holdout_G01,train
G02_R0176,G02,holdout_G01,train
G02_R0177,G02,holdout_G01,train
G02_R0178,G02,holdout_G01,train
G02_R0179,G02,holdout_G01,train
G02_R0180,G02,holdout_G01,train
G02_R0181,G02,holdout_G01,train
G02_R0182,G02,holdout_G01,train
G02_R0183,G02,holdout_G01,train
G02_R0184,G02,holdout_G01,train
G02_R0185,G02,holdout_G01,train
G02_R0186,G02,holdout_G01,train
G02_R0187,G02,holdout_G01,train
G02_R0188,G02,holdout_G01,train
G02_R0189,G02,holdout_G01,train
G02_R0190,G02,holdout_G01,train
G02_R0191,G02,holdout_G01,train
G02_R0192,G02,holdout_G01,train
G02_R0193,G02,holdout_G01,train
G02_R0194,G02,holdout_G01,train
G02_R0195,G02,holdout_G01,train
G02_R0196,G02,holdout_G01,train
G02_R0197,G02,holdout_G01,train
G02_R0198,G02,holdout_G01,train
G02_R0199,G02,holdout_G01,train
G02_R0200,G02,holdout_G01,train
G02_R0201,G02,holdout_G01,train
G02_R0202,G02,holdout_G01,train
G02_R0203,G02,holdout_G01,train
G02_R0204,G02,holdout_G01,train
G02_R0205,G02,holdout_G01,train
G02_R0206,G02,holdout_G01,train
G02_R0207,G02,holdout_G01,train
G02_R0208,G02,holdout_G01,train
G02_R0209,G02,holdout_G01,train
G02_R0210,G02,holdout_G01,train
G02_R0211,G02,holdout_G01,train
G02_R0212,G02,holdout_G01,train
G02_R0213,G02,holdout_G01,train
G02_R0214,G02,holdout_G01,train
G02_R0215,G02,holdout_G01,train
G02_R0216,G02,holdout_G01,train
G02_R0217,G02,holdout_G01,train
G02_R0218,G02,holdout_G01,train
G02_R0219,G02,holdout_G01,train
G02_R0220,G02,holdout_G01,train
G02_R0221,G02,holdout_G01,train
G02_R0222,G02,holdout_G01,train
G02_R0223,G02,holdout_G01,train
G02_R0224,G02,holdout_G01,train
G02_R0225,G02,holdout_G01,train
G02_R0226,G02,holdout_G01,train
G02_R0227,G02,holdout_G01,train
G02_R0228,G02,holdout_G01,train
G02_R0229,G02,holdout_G01,train
G02_R0230,G02,holdout_G01,train
G02_R0231,G02,holdout_G01,train
G02_R0232,G02,holdout_G01,train
G02_R0233,G02,holdout_G01,train
G02_R0234,G02,holdout_G01,train
G02_R0235,G02,holdout_G01,train
G02_R0236,G02,holdout_G01,train
G02_R0237,G02,holdout_G01,train
G02_R0238,G02,holdout_G01,train
G02_R0239,G02,holdout_G01,train
G02_R0240,G02,holdout_G01,train
G02_R0241,G02,holdout_G01,train
G02_R0242,G02,holdout_G01,train
G02_R0243,G02,holdout_G01,train
G02_R0244,G02,holdout_G01,train
G02_R0245,G02,holdout_G01,train
G02_R0246,G02,holdout_G01,train
G02_R0247,G02,holdout_G01,train
G02_R0248,G02,holdout_G01,train
G02_R0249,G02,holdout_G01,train
G02_R0250,G02,holdout_G01,train
G02_R0251,G02,holdout_G01,train
G02_R0252,G02,holdout_G01,train
G02_R0253,G02,holdout_G01,train
G02_R0254,G02,holdout_G01,train
G02_R0255,G02,holdout_G01,train
G02_R0256,G02,holdout_G01,train
G02_R0257,G02,holdout_G01,train
G02_R0258,G02,holdout_G01,train
G02_R0259,G02,holdout_G01,train
G02_R0260,G02,holdout_G01,train
G02_R0261,G02,holdout_G01,train
G02_R0262,G02,holdout_G01,train
G02_R0263,G02,holdout_G01,train
G02_R0264,G02,holdout_G01,train
G02_R0265,G02,holdout_G01,train
G02_R0266,G02,holdout_G01,train
G02_R0267,G02,holdout_G01,train
G02_R0268,G02,holdout_G01,train
G02_R0269,G02,holdout_G01,train
G02_R0270,G02,holdout_G01,train
G02_R0271,G02,holdout_G01,train
G02_R0272,G02,holdout_G01,train
G02_R0273,G02,holdout_G01,train
G02_R0274,G02,holdout_G01,train
G02_R0275,G02,holdout_G01,train
G02_R0276,G02,holdout_G01,train
G02_R0277,G02,holdout_G01,train
G02_R0278,G02,holdout_G01,train
G02_R0279,G02,holdout_G01,train
G02_R0280,G02,holdout_G01,train
G02_R0281,G02,holdout_G01,train
G02_R0282,G02,holdout_G01,train
G02_R0283,G02,holdout_G01,train
G02_R0284,G02,holdout_G01,train
G02_R0285,G02,holdout_G01,train
G02_R0286,G02,holdout_G01,train
G02_R0287,G02,holdout_G01,train
G02_R0288,G02,holdout_G01,train
G02_R0289,G02,holdout_G01,train
G02_R0290,G02,holdout_G01,train
G02_R0291,G02,holdout_G01,train
G02_R0292,G02,holdout_G01,train
G02_R0293,G02,holdout_G01,train
G02_R0294,G02,holdout_G01,train
G02_R0295,G02,holdout_G01,train
G02_R0296,G02,holdout_G01,train
G02_R0297,G02,holdout_G01,train
G02_R0298,G02,holdout_G01,train
G02_R0299,G02,holdout_G01,train
G02_R0300,G02,holdout_G01,train
G02_R0301,G02,holdout_G01,train
G02_R0302,G02,holdout_G01,train
G02_R0303,G02,holdout_G01,train
G02_R0304,G02,holdout_G01,train
G02_R0305,G02,holdout_G01,train
G02_R0306,G02,holdout_G01,train
G02_R0307,G02,holdout_G01,train
G02_R0308,G02,holdout_G01,train
G02_R0309,G02,holdout_G01,train
G02_R0310,G02,holdout_G01,train
G02_R0311,G02,holdout_G01,train
G02_R0312,G02,holdout_G01,train
G02_R0313,G02,holdout_G01,train
G02_R0314,G02,holdout_G01,train
G02_R0315,G02,holdout_G01,train
G02_R0316,G02,holdout_G01,train
G02_R0317,G02,holdout_G01,train
G02_R0318,G02,holdout_G01,train
G02_R0319,G02,holdout_G01,train
G02_R0320,G02,holdout_G01,train
G02_R0321,G02,holdout_G01,train
G02_R0322,G02,holdout_G01,train
G02_R0323,G02,holdout_G01,train
G02_R0324,G02,holdout_G01,train
G02_R0325,G02,holdout_G01,train
G02_R0326,G02,holdout_G01,train
G02_R0327,G02,holdout_G01,train
G02_R0328,G02,holdout_G01,train
G02_R0329,G02,holdout_G01,train
G02_R0330,G02,holdout_G01,train
G02_R0331,G02,holdout_G01,train
G02_R0332,G02,holdout_G01,train
G02_R0333,G02,holdout_G01,train
G02_R0334,G02,holdout_G01,train
G02_R0335,G02,holdout_G01,train
G02_R0336,G02,holdout_G01,train
G02_R0337,G02,holdout_G01,train
G02_R0338,G02,holdout_G01,train
G02_R0339,G02,holdout_G01,train
G02_R0340,G02,holdout_G01,train
G02_R0341,G02,holdout_G01,train
G02_R0342,G02,holdout_G01,train
G02_R0343,G02,holdout_G01,train
G02_R0344,G02,holdout_G01,train
G02_R0345,G02,holdout_G01,train
G02_R0346,G02,holdout_G01,train
G02_R0347,G02,holdout_G01,train
G02_R0348,G02,holdout_G01,train
G02_R0349,G02,holdout_G01,train
G02_R0350,G02,holdout_G01,train
G02_R0351,G02,holdout_G01,train
G02_R0352,G02,holdout_G01,train
G02_R0353,G02,holdout_G01,train
G02_R0354,G02,holdout_G01,train
G02_R0355,G02,holdout_G01,train
G02_R0356,G02,holdout_G01,train
G02_R0357,G02,holdout_G01,train
G02_R0358,G02,holdout_G01,train
G02_R0359,G02,holdout_G01,train
G02_R0360,G02,holdout_G01,train
G02_R0361,G02,holdout_G01,train
G02_R0362,G02,holdout_G01,train
G02_R0363,G02,holdout_G01,train
G02_R0364,G02,holdout_G01,train
G02_R0365,G02,holdout_G01,train
G02_R0366,G02,holdout_G01,train
G02_R0367,G02,holdout_G01,train
G02_R0368,G02,holdout_G01,train
G02_R0369,G02,holdout_G01,train
G02_R0370,G02,holdout_G01,train
G02_R0371,G02,holdout_G01,train
G02_R0372,G02,holdout_G01,train
G02_R0373,G02,holdout_G01,train
G02_R0374,G02,holdout_G01,train
G02_R0375,G02,holdout_G01,train
G02_R0376,G02,holdout_G01,train
G02_R0377,G02,holdout_G01,train
G02_R0378,G02,holdout_G01,train
G02_R0379,G02,holdout_G01,train
G02_R0380,G02,holdout_G01,train
G02_R0381,G02,holdout_G01,train
G02_R0382,G02,holdout_G01,train
G02_R0383,G02,holdout_G01,train
G02_R0384,G02,holdout_G01,train
G02_R0385,G02,holdout_G01,train
G02_R0386,G02,holdout_G01,train
G02_R0387,G02,holdout_G01,train
G02_R0388,G02,holdout_G01,train
G02_R0389,G02,holdout_G01,train
G02_R0390,G02,holdout_G01,train
G02_R0391,G02,holdout_G01,train
G02_R0392,G02,holdout_G01,train
G02_R0393,G02,holdout_G01,train
G02_R0394,G02,holdout_G01,train
G02_R0395,G02,holdout_G01,train
G02_R0396,G02,holdout_G01,train
G02_R0397,G02,holdout_G01,train
G02_R0398,G02,holdout_G01,train
G02_R0399,G02,holdout_G01,train
G02_R0400,G02,holdout_G01,train
G02_R0401,G02,holdout_G01,train
G02_R0402,G02,holdout_G01,train
G02_R0403,G02,holdout_G01,train
G02_R0404,G02,holdout_G01,train
G02_R0405,G02,holdout_G01,train
G02_R0406,G02,holdout_G01,train
G02_R0407,G02,holdout_G01,train
G02_R0408,G02,holdout_G01,train
G02_R0409,G02,holdout_G01,train
G02_R0410,G02,holdout_G01,train
G02_R0411,G02,holdout_G01,train
G02_R0412,G02,holdout_G01,train
G02_R0413,G02,holdout_G01,train
G02_R0414,G02,holdout_G01,train
G02_R0415,G02,holdout_G01,train
G02_R0416,G02,holdout_G01,train
G02_R0417,G02,holdout_G01,train
G02_R0418,G02,holdout_G01,train
G02_R0419,G02,holdout_G01,train
G02_R0420,G02,holdout_G01,train
G02_R0421,G02,holdout_G01,train
G02_R0422,G02,holdout_G01,train
G02_R0423,G02,holdout_G01,train
G02_R0424,G02,holdout_G01,train
G02_R0425,G02,holdout_G01,train
G02_R0426,G02,holdout_G01,train
G02_R0427,G02,holdout_G01,train
G02_R0428,G02,holdout_G01,train
G02_R0429,G02,holdout_G01,train
G02_R0430,G02,holdout_G01,train
G02_R0431,G02,holdout_G01,train
G02_R0432,G02,holdout_G01,train
G02_R0433,G02,holdout_G01,train
G02_R0434,G02,holdout_G01,train
G02_R0435,G02,holdout_G01,train
G02_R0436,G02,holdout_G01,train
G02_R0437,G02,holdout_G01,train
G02_R0438,G02,holdout_G01,train
G02_R0439,G02,holdout_G01,train
G02_R0440,G02,holdout_G01,train
G02_R0441,G02,holdout_G01,train
G02_R0442,G02,holdout_G01,train
G02_R0443,G02,holdout_G01,train
G02_R0444,G02,holdout_G01,train
G02_R0445,G02,holdout_G01,train
G02_R0446,G02,holdout_G01,train
G02_R0447,G02,holdout_G01,train
G02_R0448,G02,holdout_G01,train
G02_R0449,G02,holdout_G01,train
G02_R0450,G02,holdout_G01,train
G02_R0451,G02,holdout_G01,train
G02_R0452,G02,holdout_G01,train
G02_R0453,G02,holdout_G01,train
G02_R0454,G02,holdout_G01,train
G02_R0455,G02,holdout_G01,train
G02_R0456,G02,holdout_G01,train
G02_R0457,G02,holdout_G01,train
G02_R0458,G02,holdout_G01,train
G02_R0459,G02,holdout_G01,train
G02_R0460,G02,holdout_G01,train
G02_R0461,G02,holdout_G01,train
G02_R0462,G02,holdout_G01,train
G02_R0463,G02,holdout_G01,train
G02_R0464,G02,holdout_G01,train
G02_R0465,G02,holdout_G01,train
G02_R0466,G02,holdout_G01,train
G02_R0467,G02,holdout_G01,train
G02_R0468,G02,holdout_G01,train
G02_R0469,G02,holdout_G01,train
G02_R0470,G02,holdout_G01,train
G02_R0471,G02,holdout_G01,train
G02_R0472,G02,holdout_G01,train
G02_R0473,G02,holdout_G01,train
G02_R0474,G02,holdout_G01,train
G02_R0475,G02,holdout_G01,train
G02_R0476,G02,holdout_G01,train
G02_R0477,G02,holdout_G01,train
G02_R0478,G02,holdout_G01,train
G02_R0479,G02,holdout_G01,train
G02_R0480,G02,holdout_G01,train
G02_R0481,G02,holdout_G01,train
G02_R0482,G02,holdout_G01,train
G02_R0483,G02,holdout_G01,train
G02_R0484,G02,holdout_G01,train
G02_R0485,G02,holdout_G01,train
G02_R0486,G02,holdout_G01,train
G02_R0487,G02,holdout_G01,train
G02_R0488,G02,holdout_G01,train
G02_R0489,G02,holdout_G01,train
G02_R0490,G02,holdout_G01,train
G02_R0491,G02,holdout_G01,train
G02_R0492,G02,holdout_G01,train
G02_R0493,G02,holdout_G01,train
G02_R0494,G02,holdout_G01,train
G02_R0495,G02,holdout_G01,train
G02_R0496,G02,holdout_G01,train
G02_R0497,G02,holdout_G01,train
G02_R0498,G02,holdout_G01,train
G02_R0499,G02,holdout_G01,train
G02_R0500,G02,holdout_G01,train
G02_R0501,G02,holdout_G01,train
G02_R0502,G02,holdout_G01,train
G02_R0503,G02,holdout_G01,train
G02_R0504,G02,holdout_G01,train
G02_R0505,G02,holdout_G01,train
G02_R0506,G02,holdout_G01,train
G02_R0507,G02,holdout_G01,train
G02_R0508,G02,holdout_G01,train
G02_R0509,G02,holdout_G01,train
G02_R0510,G02,holdout_G01,train
G02_R0511,G02,holdout_G01,train
G02_R0512,G02,holdout_G01,train
G02_R0513,G02,holdout_G01,train
G02_R0514,G02,holdout_G01,train
G02_R0515,G02,holdout_G01,train
G02_R0516,G02,holdout_G01,train
G02_R0517,G02,holdout_G01,train
G02_R0518,G02,holdout_G01,train
G02_R0519,G02,holdout_G01,train
G02_R0520,G02,holdout_G01,train
G02_R0521,G02,holdout_G01,train
G02_R0522,G02,holdout_G01,train
G02_R0523,G02,holdout_G01,train
G02_R0524,G02,holdout_G01,train
G02_R0525,G02,holdout_G01,train
G02_R0526,G02,holdout_G01,train
G02_R0527,G02,holdout_G01,train
G02_R0528,G02,holdout_G01,train
G02_R0529,G02,holdout_G01,train
G02_R0530,G02,holdout_G01,train
G02_R0531,G02,holdout_G01,train
G02_R0532,G02,holdout_G01,train
G02_R0533,G02,holdout_G01,train
G02_R0534,G02,holdout_G01,train
G02_R0535,G02,holdout_G01,train
G02_R0536,G02,holdout_G01,train
G02_R0537,G02,holdout_G01,train
G02_R0538,G02,holdout_G01,train
G02_R0539,G02,holdout_G01,train
G02_R0540,G02,holdout_G01,train
G02_R0541,G02,holdout_G01,train
G02_R0542,G02,holdout_G01,train
G02_R0543,G02,holdout_G01,train
G02_R0544,G02,holdout_G01,train
G02_R0545,G02,holdout_G01,train
G02_R0546,G02,holdout_G01,train
G02_R0547,G02,holdout_G01,train
G02_R0548,G02,holdout_G01,train
G02_R0549,G02,holdout_G01,train
G02_R0550,G02,holdout_G01,train
G02_R0551,G02,holdout_G01,train
G02_R0552,G02,holdout_G01,train
G02_R0553,G02,holdout_G01,train
G02_R0554,G02,holdout_G01,train
G02_R0555,G02,holdout_G01,train
G02_R0556,G02,holdout_G01,train
G02_R0557,G02,holdout_G01,train
G02_R0558,G02,holdout_G01,train
G02_R0559,G02,holdout_G01,train
G02_R0560,G02,holdout_G01,train
G02_R0561,G02,holdout_G01,train
G02_R0562,G02,holdout_G01,train
G02_R0563,G02,holdout_G01,train
G02_R0564,G02,holdout_G01,train
G02_R0565,G02,holdout_G01,train
G02_R0566,G02,holdout_G01,train
G02_R0567,G02,holdout_G01,train
G02_R0568,G02,holdout_G01,train
G02_R0569,G02,holdout_G01,train
G02_R0570,G02,holdout_G01,train
G02_R0571,G02,holdout_G01,train
G02_R0572,G02,holdout_G01,train
G02_R0573,G02,holdout_G01,train
G02_R0574,G02,holdout_G01,train
G02_R0575,G02,holdout_G01,train
G02_R0576,G02,holdout_G01,train
G02_R0577,G02,holdout_G01,train
G02_R0578,G02,holdout_G01,train
G02_R0579,G02,holdout_G01,train
G02_R0580,G02,holdout_G01,train
G02_R0581,G02,holdout_G01,train
G02_R0582,G02,holdout_G01,train
G02_R0583,G02,holdout_G01,train
G02_R0584,G02,holdout_G01,train
G02_R0585,G02,holdout_G01,train
G02_R0586,G02,holdout_G01,train
G02_R0587,G02,holdout_G01,train
G02_R0588,G02,holdout_G01,train
G02_R0589,G02,holdout_G01,train
G02_R0590,G02,holdout_G01,train
G02_R0591,G02,holdout_G01,train
G02_R0592,G02,holdout_G01,train
G02_R0593,G02,holdout_G01,train
G02_R0594,G02,holdout_G01,train
G02_R0595,G02,holdout_G01,train
G02_R0596,G02,holdout_G01,train
G02_R0597,G02,holdout_G01,train
G02_R0598,G02,holdout_G01,train
G02_R0599,G02,holdout_G01,train
G02_R0600,G02,holdout_G01,train
G02_R0601,G02,holdout_G01,train
G02_R0602,G02,holdout_G01,train
G02_R0603,G02,holdout_G01,train
G02_R0604,G02,holdout_G01,train
G02_R0605,G02,holdout_G01,train
G02_R0606,G02,holdout_G01,train
G02_R0607,G02,holdout_G01,train
G02_R0608,G02,holdout_G01,train
G02_R0609,G02,holdout_G01,train
G02_R0610,G02,holdout_G01,train
G02_R0611,G02,holdout_G01,train
G02_R0612,G02,holdout_G01,train
G02_R0613,G02,holdout_G01,train
G02_R0614,G02,holdout_G01,train
G02_R0615,G02,holdout_G01,train
G02_R0616,G02,holdout_G01,train
G02_R0617,G02,holdout_G01,train
G02_R0618,G02,holdout_G01,train
G02_R0619,G02,holdout_G01,train
G02_R0620,G02,holdout_G01,train
G02_R0621,G02,holdout_G01,train
G02_R0622,G02,holdout_G01,train
G02_R0623,G02,holdout_G01,train
G02_R0624,G02,holdout_G01,train
G02_R0625,G02,holdout_G01,train
G02_R0626,G02,holdout_G01,train
G02_R0627,G02,holdout_G01,train
G02_R0628,G02,holdout_G01,train
G02_R0629,G02,holdout_G01,train
G02_R0630,G02,holdout_G01,train
G02_R0631,G02,holdout_G01,train
G02_R0632,G02,holdout_G01,train
G02_R0633,G02,holdout_G01,train
G02_R0634,G02,holdout_G01,train
G02_R0635,G02,holdout_G01,train
G02_R0636,G02,holdout_G01,train
G02_R0637,G02,holdout_G01,train
G02_R0638,G02,holdout_G01,train
G02_R0639,G02,holdout_G01,train
G02_R0640,G02,holdout_G01,train
G02_R0641,G02,holdout_G01,train
G02_R0642,G02,holdout_G01,train
G02_R0643,G02,holdout_G01,train
G02_R0644,G02,holdout_G01,train
G02_R0645,G02,holdout_G01,train
G02_R0646,G02,holdout_G01,train
G02_R0647,G02,holdout_G01,train
G02_R0648,G02,holdout_G01,train
G02_R0649,G02,holdout_G01,train
G02_R0650,G02,holdout_G01,train
G02_R0651,G02,holdout_G01,train
G02_R0652,G02,holdout_G01,train
G02_R0653,G02,holdout_G01,train
G02_R0654,G02,holdout_G01,train
G02_R0655,G02,holdout_G01,train
G02_R0656,G02,holdout_G01,train
G02_R0657,G02,holdout_G01,train
G02_R0658,G02,holdout_G01,train
G02_R0659,G02,holdout_G01,train
G02_R0660,G02,holdout_G01,train
G02_R0661,G02,holdout_G01,train
G02_R0662,G02,holdout_G01,train
G02_R0663,G02,holdout_G01,train
G02_R0664,G02,holdout_G01,train
G02_R0665,G02,holdout_G01,train
G02_R0666,G02,holdout_G01,train
G02_R0667,G02,holdout_G01,train
G02_R0668,G02,holdout_G01,train
G02_R0669,G02,holdout_G01,train
G02_R0670,G02,holdout_G01,train
G02_R0671,G02,holdout_G01,train
G02_R0672,G02,holdout_G01,train
G02_R0673,G02,holdout_G01,train
G02_R0674,G02,holdout_G01,train
G02_R0675,G02,holdout_G01,train
G02_R0676,G02,holdout_G01,train
G02_R0677,G02,holdout_G01,train
G02_R0678,G02,holdout_G01,train
G02_R0679,G02,holdout_G01,train
G02_R0680,G02,holdout_G01,train
G02_R0681,G02,holdout_G01,train
G02_R0682,G02,holdout_G01,train
G02_R0683,G02,holdout_G01,train
G02_R0684,G02,holdout_G01,train
G02_R0685,G02,holdout_G01,train
G02_R0686,G02,holdout_G01,train
G02_R0687,G02,holdout_G01,train
G02_R0688,G02,holdout_G01,train
G02_R0689,G02,holdout_G01,train
G02_R0690,G02,holdout_G01,train
G02_R0691,G02,holdout_G01,train
G02_R0692,G02,holdout_G01,train
G02_R0693,G02,holdout_G01,train
G02_R0694,G02,holdout_G01,train
G02_R0695,G02,holdout_G01,train
G02_R0696,G02,holdout_G01,train
G02_R0697,G02,holdout_G01,train
G02_R0698,G02,holdout_G01,train
G02_R0699,G02,holdout_G01,train
G02_R0700,G02,holdout_G01,train
G02_R0701,G02,holdout_G01,train
G02_R0702,G02,holdout_G01,train
G02_R0703,G02,holdout_G01,train
G02_R0704,G02,holdout_G01,train
G02_R0705,G02,holdout_G01,train
G02_R0706,G02,holdout_G01,train
G02_R0707,G02,holdout_G01,train
G02_R0708,G02,holdout_G01,train
G02_R0709,G02,holdout_G01,train
G02_R0710,G02,holdout_G01,train
G02_R0711,G02,holdout_G01,train
G02_R0712,G02,holdout_G01,train
G02_R0713,G02,holdout_G01,train
G02_R0714,G02,holdout_G01,train
G02_R0715,G02,holdout_G01,train
G02_R0716,G02,holdout_G01,train
G02_R0717,G02,holdout_G01,train
G02_R0718,G02,holdout_G01,train
G02_R0719,G02,holdout_G01,train
G02_R0720,G02,holdout_G01,train
G02_R0721,G02,holdout_G01,train
G02_R0722,G02,holdout_G01,train
G02_R0723,G02,holdout_G01,train
G02_R0724,G02,holdout_G01,train
G02_R0725,G02,holdout_G01,train
G02_R0726,G02,holdout_G01,train
G02_R0727,G02,holdout_G01,train
G02_R0728,G02,holdout_G01,train
G02_R0729,G02,holdout_G01,train
G02_R0730,G02,holdout_G01,train
G02_R0731,G02,holdout_G01,train
G02_R0732,G02,holdout_G01,train
G02_R0733,G02,holdout_G01,train
G02_R0734,G02,holdout_G01,train
G02_R0735,G02,holdout_G01,train
G02_R0736,G02,holdout_G01,train
G02_R0737,G02,holdout_G01,train
G02_R0738,G02,holdout_G01,train
G02_R0739,G02,holdout_G01,train
G02_R0740,G02,holdout_G01,train
G02_R0741,G02,holdout_G01,train
G02_R0742,G02,holdout_G01,train
G02_R0743,G02,holdout_G01,train
G02_R0744,G02,holdout_G01,train
G02_R0745,G02,holdout_G01,train
G02_R0746,G02,holdout_G01,train
G02_R0747,G02,holdout_G01,train
G02_R0748,G02,holdout_G01,train
G02_R0749,G02,holdout_G01,train
G02_R0750,G02,holdout_G01,train
G02_R0751,G02,holdout_G01,train
G02_R0752,G02,holdout_G01,train
G02_R0753,G02,holdout_G01,train
G02_R0754,G02,holdout_G01,train
G02_R0755,G02,holdout_G01,train
G02_R0756,G02,holdout_G01,train
G02_R0757,G02,holdout_G01,train
G02_R0758,G02,holdout_G01,train
G02_R0759,G02,holdout_G01,train
G02_R0760,G02,holdout_G01,train
G02_R0761,G02,holdout_G01,train
G02_R0762,G02,holdout_G01,train
G02_R0763,G02,holdout_G01,train
G02_R0764,G02,holdout_G01,train
G02_R0765,G02,holdout_G01,train
G02_R0766,G02,holdout_G01,train
G02_R0767,G02,holdout_G01,train
G02_R0768,G02,holdout_G01,train
G03_R0001,G03,holdout_G01,train
G03_R0002,G03,holdout_G01,train
G03_R0003,G03,holdout_G01,train
G03_R0004,G03,holdout_G01,train
G03_R0005,G03,holdout_G01,train
G03_R0006,G03,holdout_G01,train
G03_R0007,G03,holdout_G01,train
G03_R0008,G03,holdout_G01,train
G03_R0009,G03,holdout_G01,train
G03_R0010,G03,holdout_G01,train
G03_R0011,G03,holdout_G01,train
G03_R0012,G03,holdout_G01,train
G03_R0013,G03,holdout_G01,train
G03_R0014,G03,holdout_G01,train
G03_R0015,G03,holdout_G01,train
G03_R0016,G03,holdout_G01,train
G03_R0017,G03,holdout_G01,train
G03_R0018,G03,holdout_G01,train
G03_R0019,G03,holdout_G01,train
G03_R0020,G03,holdout_G01,train
G03_R0021,G03,holdout_G01,train
G03_R0022,G03,holdout_G01,train
G03_R0023,G03,holdout_G01,train
G03_R0024,G03,holdout_G01,train
G03_R0025,G03,holdout_G01,train
G03_R0026,G03,holdout_G01,train
G03_R0027,G03,holdout_G01,train
G03_R0028,G03,holdout_G01,train
G03_R0029,G03,holdout_G01,train
G03_R0030,G03,holdout_G01,train
G03_R0031,G03,holdout_G01,train
G03_R0032,G03,holdout_G01,train
G03_R0033,G03,holdout_G01,train
G03_R0034,G03,holdout_G01,train
G03_R0035,G03,holdout_G01,train
G03_R0036,G03,holdout_G01,train
G03_R0037,G03,holdout_G01,train
G03_R0038,G03,holdout_G01,train
G03_R0039,G03,holdout_G01,train
G03_R0040,G03,holdout_G01,train
G03_R0041,G03,holdout_G01,train
G03_R0042,G03,holdout_G01,train
G03_R0043,G03,holdout_G01,train
G03_R0044,G03,holdout_G01,train
G03_R0045,G03,holdout_G01,train
G03_R0046,G03,holdout_G01,train
G03_R0047,G03,holdout_G01,train
G03_R0048,G03,holdout_G01,train
G03_R0049,G03,holdout_G01,train
G03_R0050,G03,holdout_G01,train
G03_R0051,G03,holdout_G01,train
G03_R0052,G03,holdout_G01,train
G03_R0053,G03,holdout_G01,train
G03_R0054,G03,holdout_G01,train
G03_R0055,G03,holdout_G01,train
G03_R0056,G03,holdout_G01,train
G03_R0057,G03,holdout_G01,train
G03_R0058,G03,holdout_G01,train
G03_R0059,G03,holdout_G01,train
G03_R0060,G03,holdout_G01,train
G03_R0061,G03,holdout_G01,train
G03_R0062,G03,holdout_G01,train
G03_R0063,G03,holdout_G01,train
G03_R0064,G03,holdout_G01,train
G03_R0065,G03,holdout_G01,train
G03_R0066,G03,holdout_G01,train
G03_R0067,G03,holdout_G01,train
G03_R0068,G03,holdout_G01,train
G03_R0069,G03,holdout_G01,train
G03_R0070,G03,holdout_G01,train
G03_R0071,G03,holdout_G01,train
G03_R0072,G03,holdout_G01,train
G03_R0073,G03,holdout_G01,train
G03_R0074,G03,holdout_G01,train
G03_R0075,G03,holdout_G01,train
G03_R0076,G03,holdout_G01,train
G03_R0077,G03,holdout_G01,train
G03_R0078,G03,holdout_G01,train
G03_R0079,G03,holdout_G01,train
G03_R0080,G03,holdout_G01,train
G03_R0081,G03,holdout_G01,train
G03_R0082,G03,holdout_G01,train
G03_R0083,G03,holdout_G01,train
G03_R0084,G03,holdout_G01,train
G03_R0085,G03,holdout_G01,train
G03_R0086,G03,holdout_G01,train
G03_R0087,G03,holdout_G01,train
G03_R0088,G03,holdout_G01,train
G03_R0089,G03,holdout_G01,train
G03_R0090,G03,holdout_G01,train
G03_R0091,G03,holdout_G01,train
G03_R0092,G03,holdout_G01,train
G03_R0093,G03,holdout_G01,train
G03_R0094,G03,holdout_G01,train
G03_R0095,G03,holdout_G01,train
G03_R0096,G03,holdout_G01,train
G03_R0097,G03,holdout_G01,train
G03_R0098,G03,holdout_G01,train
G03_R0099,G03,holdout_G01,train
G03_R0100,G03,holdout_G01,train
G03_R0101,G03,holdout_G01,train
G03_R0102,G03,holdout_G01,train
G03_R0103,G03,holdout_G01,train
G03_R0104,G03,holdout_G01,train
G03_R0105,G03,holdout_G01,train
G03_R0106,G03,holdout_G01,train
G03_R0107,G03,holdout_G01,train
G03_R0108,G03,holdout_G01,train
G03_R0109,G03,holdout_G01,train
G03_R0110,G03,holdout_G01,train
G03_R0111,G03,holdout_G01,train
G03_R0112,G03,holdout_G01,train
G03_R0113,G03,holdout_G01,train
G03_R0114,G03,holdout_G01,train
G03_R0115,G03,holdout_G01,train
G03_R0116,G03,holdout_G01,train
G03_R0117,G03,holdout_G01,train
G03_R0118,G03,holdout_G01,train
G03_R0119,G03,holdout_G01,train
G03_R0120,G03,holdout_G01,train
G03_R0121,G03,holdout_G01,train
G03_R0122,G03,holdout_G01,train
G03_R0123,G03,holdout_G01,train
G03_R0124,G03,holdout_G01,train
G03_R0125,G03,holdout_G01,train
G03_R0126,G03,holdout_G01,train
G03_R0127,G03,holdout_G01,train
G03_R0128,G03,holdout_G01,train
G03_R0129,G03,holdout_G01,train
G03_R0130,G03,holdout_G01,train
G03_R0131,G03,holdout_G01,train
G03_R0132,G03,holdout_G01,train
G03_R0133,G03,holdout_G01,train
G03_R0134,G03,holdout_G01,train
G03_R0135,G03,holdout_G01,train
G03_R0136,G03,holdout_G01,train
G03_R0137,G03,holdout_G01,train
G03_R0138,G03,holdout_G01,train
G03_R0139,G03,holdout_G01,train
G03_R0140,G03,holdout_G01,train
G03_R0141,G03,holdout_G01,train
G03_R0142,G03,holdout_G01,train
G03_R0143,G03,holdout_G01,train
G03_R0144,G03,holdout_G01,train
G03_R0145,G03,holdout_G01,train
G03_R0146,G03,holdout_G01,train
G03_R0147,G03,holdout_G01,train
G03_R0148,G03,holdout_G01,train
G03_R0149,G03,holdout_G01,train
G03_R0150,G03,holdout_G01,train
G03_R0151,G03,holdout_G01,train
G03_R0152,G03,holdout_G01,train
G03_R0153,G03,holdout_G01,train
G03_R0154,G03,holdout_G01,train
G03_R0155,G03,holdout_G01,train
G03_R0156,G03,holdout_G01,train
G03_R0157,G03,holdout_G01,train
G03_R0158,G03,holdout_G01,train
G03_R0159,G03,holdout_G01,train
G03_R0160,G03,holdout_G01,train
G03_R0161,G03,holdout_G01,train
G03_R0162,G03,holdout_G01,train
G03_R0163,G03,holdout_G01,train
G03_R0164,G03,holdout_G01,train
G03_R0165,G03,holdout_G01,train
G03_R0166,G03,holdout_G01,train
G03_R0167,G03,holdout_G01,train
G03_R0168,G03,holdout_G01,train
G03_R0169,G03,holdout_G01,train
G03_R0170,G03,holdout_G01,train
G03_R0171,G03,holdout_G01,train
G03_R0172,G03,holdout_G01,train
G03_R0173,G03,holdout_G01,train
G03_R0174,G03,holdout_G01,train
G03_R0175,G03,holdout_G01,train
G03_R0176,G03,holdout_G01,train
G03_R0177,G03,holdout_G01,train
G03_R0178,G03,holdout_G01,train
G03_R0179,G03,holdout_G01,train
G03_R0180,G03,holdout_G01,train
G03_R0181,G03,holdout_G01,train
G03_R0182,G03,holdout_G01,train
G03_R0183,G03,holdout_G01,train
G03_R0184,G03,holdout_G01,train
G03_R0185,G03,holdout_G01,train
G03_R0186,G03,holdout_G01,train
G03_R0187,G03,holdout_G01,train
G03_R0188,G03,holdout_G01,train
G03_R0189,G03,holdout_G01,train
G03_R0190,G03,holdout_G01,train
G03_R0191,G03,holdout_G01,train
G03_R0192,G03,holdout_G01,train
G03_R0193,G03,holdout_G01,train
G03_R0194,G03,holdout_G01,train
G03_R0195,G03,holdout_G01,train
G03_R0196,G03,holdout_G01,train
G03_R0197,G03,holdout_G01,train
G03_R0198,G03,holdout_G01,train
G03_R0199,G03,holdout_G01,train
G03_R0200,G03,holdout_G01,train
G03_R0201,G03,holdout_G01,train
G03_R0202,G03,holdout_G01,train
G03_R0203,G03,holdout_G01,train
G03_R0204,G03,holdout_G01,train
G03_R0205,G03,holdout_G01,train
G03_R0206,G03,holdout_G01,train
G03_R0207,G03,holdout_G01,train
G03_R0208,G03,holdout_G01,train
G03_R0209,G03,holdout_G01,train
G03_R0210,G03,holdout_G01,train
G03_R0211,G03,holdout_G01,train
G03_R0212,G03,holdout_G01,train
G03_R0213,G03,holdout_G01,train
G03_R0214,G03,holdout_G01,train
G03_R0215,G03,holdout_G01,train
G03_R0216,G03,holdout_G01,train
G03_R0217,G03,holdout_G01,train
G03_R0218,G03,holdout_G01,train
G03_R0219,G03,holdout_G01,train
G03_R0220,G03,holdout_G01,train
G03_R0221,G03,holdout_G01,train
G03_R0222,G03,holdout_G01,train
G03_R0223,G03,holdout_G01,train
G03_R0224,G03,holdout_G01,train
G03_R0225,G03,holdout_G01,train
G03_R0226,G03,holdout_G01,train
G03_R0227,G03,holdout_G01,train
G03_R0228,G03,holdout_G01,train
G03_R0229,G03,holdout_G01,train
G03_R0230,G03,holdout_G01,train
G03_R0231,G03,holdout_G01,train
G03_R0232,G03,holdout_G01,train
G03_R0233,G03,holdout_G01,train
G03_R0234,G03,holdout_G01,train
G03_R0235,G03,holdout_G01,train
G03_R0236,G03,holdout_G01,train
G03_R0237,G03,holdout_G01,train
G03_R0238,G03,holdout_G01,train
G03_R0239,G03,holdout_G01,train
G03_R0240,G03,holdout_G01,train
G03_R0241,G03,holdout_G01,train
G03_R0242,G03,holdout_G01,train
G03_R0243,G03,holdout_G01,train
G03_R0244,G03,holdout_G01,train
G03_R0245,G03,holdout_G01,train
G03_R0246,G03,holdout_G01,train
G03_R0247,G03,holdout_G01,train
G03_R0248,G03,holdout_G01,train
G03_R0249,G03,holdout_G01,train
G03_R0250,G03,holdout_G01,train
G03_R0251,G03,holdout_G01,train
G03_R0252,G03,holdout_G01,train
G03_R0253,G03,holdout_G01,train
G03_R0254,G03,holdout_G01,train
G03_R0255,G03,holdout_G01,train
G03_R0256,G03,holdout_G01,train
G03_R0257,G03,holdout_G01,train
G03_R0258,G03,holdout_G01,train
G03_R0259,G03,holdout_G01,train
G03_R0260,G03,holdout_G01,train
G03_R0261,G03,holdout_G01,train
G03_R0262,G03,holdout_G01,train
G03_R0263,G03,holdout_G01,train
G03_R0264,G03,holdout_G01,train
G03_R0265,G03,holdout_G01,train
G03_R0266,G03,holdout_G01,train
G03_R0267,G03,holdout_G01,train
G03_R0268,G03,holdout_G01,train
G03_R0269,G03,holdout_G01,train
G03_R0270,G03,holdout_G01,train
G03_R0271,G03,holdout_G01,train
G03_R0272,G03,holdout_G01,train
G03_R0273,G03,holdout_G01,train
G03_R0274,G03,holdout_G01,train
G03_R0275,G03,holdout_G01,train
G03_R0276,G03,holdout_G01,train
G03_R0277,G03,holdout_G01,train
G03_R0278,G03,holdout_G01,train
G03_R0279,G03,holdout_G01,train
G03_R0280,G03,holdout_G01,train
G03_R0281,G03,holdout_G01,train
G03_R0282,G03,holdout_G01,train
G03_R0283,G03,holdout_G01,train
G03_R0284,G03,holdout_G01,train
G03_R0285,G03,holdout_G01,train
G03_R0286,G03,holdout_G01,train
G03_R0287,G03,holdout_G01,train
G03_R0288,G03,holdout_G01,train
G03_R0289,G03,holdout_G01,train
G03_R0290,G03,holdout_G01,train
G03_R0291,G03,holdout_G01,train
G03_R0292,G03,holdout_G01,train
G03_R0293,G03,holdout_G01,train
G03_R0294,G03,holdout_G01,train
G03_R0295,G03,holdout_G01,train
G03_R0296,G03,holdout_G01,train
G03_R0297,G03,holdout_G01,train
G03_R0298,G03,holdout_G01,train
G03_R0299,G03,holdout_G01,train
G03_R0300,G03,holdout_G01,train
G03_R0301,G03,holdout_G01,train
G03_R0302,G03,holdout_G01,train
G03_R0303,G03,holdout_G01,train
G03_R0304,G03,holdout_G01,train
G03_R0305,G03,holdout_G01,train
G03_R0306,G03,holdout_G01,train
G03_R0307,G03,holdout_G01,train
G03_R0308,G03,holdout_G01,train
G03_R0309,G03,holdout_G01,train
G03_R0310,G03,holdout_G01,train
G03_R0311,G03,holdout_G01,train
G03_R0312,G03,holdout_G01,train
G03_R0313,G03,holdout_G01,train
G03_R0314,G03,holdout_G01,train
G03_R0315,G03,holdout_G01,train
G03_R0316,G03,holdout_G01,train
G03_R0317,G03,holdout_G01,train
G03_R0318,G03,holdout_G01,train
G03_R0319,G03,holdout_G01,train
G03_R0320,G03,holdout_G01,train
G03_R0321,G03,holdout_G01,train
G03_R0322,G03,holdout_G01,train
G03_R0323,G03,holdout_G01,train
G03_R0324,G03,holdout_G01,train
G03_R0325,G03,holdout_G01,train
G03_R0326,G03,holdout_G01,train
G03_R0327,G03,holdout_G01,train
G03_R0328,G03,holdout_G01,train
G03_R0329,G03,holdout_G01,train
G03_R0330,G03,holdout_G01,train
G03_R0331,G03,holdout_G01,train
G03_R0332,G03,holdout_G01,train
G03_R0333,G03,holdout_G01,train
G03_R0334,G03,holdout_G01,train
G03_R0335,G03,holdout_G01,train
G03_R0336,G03,holdout_G01,train
G03_R0337,G03,holdout_G01,train
G03_R0338,G03,holdout_G01,train
G03_R0339,G03,holdout_G01,train
G03_R0340,G03,holdout_G01,train
G03_R0341,G03,holdout_G01,train
G03_R0342,G03,holdout_G01,train
G03_R0343,G03,holdout_G01,train
G03_R0344,G03,holdout_G01,train
G03_R0345,G03,holdout_G01,train
G03_R0346,G03,holdout_G01,train
G03_R0347,G03,holdout_G01,train
G03_R0348,G03,holdout_G01,train
G03_R0349,G03,holdout_G01,train
G03_R0350,G03,holdout_G01,train
G03_R0351,G03,holdout_G01,train
G03_R0352,G03,holdout_G01,train
G03_R0353,G03,holdout_G01,train
G03_R0354,G03,holdout_G01,train
G03_R0355,G03,holdout_G01,train
G03_R0356,G03,holdout_G01,train
G03_R0357,G03,holdout_G01,train
G03_R0358,G03,holdout_G01,train
G03_R0359,G03,holdout_G01,train
G03_R0360,G03,holdout_G01,train
G03_R0361,G03,holdout_G01,train
G03_R0362,G03,holdout_G01,train
G03_R0363,G03,holdout_G01,train
G03_R0364,G03,holdout_G01,train
G03_R0365,G03,holdout_G01,train
G03_R0366,G03,holdout_G01,train
G03_R0367,G03,holdout_G01,train
G03_R0368,G03,holdout_G01,train
G03_R0369,G03,holdout_G01,train
G03_R0370,G03,holdout_G01,train
G03_R0371,G03,holdout_G01,train
G03_R0372,G03,holdout_G01,train
G03_R0373,G03,holdout_G01,train
G03_R0374,G03,holdout_G01,train
G03_R0375,G03,holdout_G01,train
G03_R0376,G03,holdout_G01,train
G03_R0377,G03,holdout_G01,train
G03_R0378,G03,holdout_G01,train
G03_R0379,G03,holdout_G01,train
G03_R0380,G03,holdout_G01,train
G03_R0381,G03,holdout_G01,train
G03_R0382,G03,holdout_G01,train
G03_R0383,G03,holdout_G01,train
G03_R0384,G03,holdout_G01,train
G03_R0385,G03,holdout_G01,train
G03_R0386,G03,holdout_G01,train
G03_R0387,G03,holdout_G01,train
G03_R0388,G03,holdout_G01,train
G03_R0389,G03,holdout_G01,train
G03_R0390,G03,holdout_G01,train
G03_R0391,G03,holdout_G01,train
G03_R0392,G03,holdout_G01,train
G03_R0393,G03,holdout_G01,train
G03_R0394,G03,holdout_G01,train
G03_R0395,G03,holdout_G01,train
G03_R0396,G03,holdout_G01,train
G03_R0397,G03,holdout_G01,train
G03_R0398,G03,holdout_G01,train
G03_R0399,G03,holdout_G01,train
G03_R0400,G03,holdout_G01,train
G03_R0401,G03,holdout_G01,train
G03_R0402,G03,holdout_G01,train
G03_R0403,G03,holdout_G01,train
G03_R0404,G03,holdout_G01,train
G03_R0405,G03,holdout_G01,train
G03_R0406,G03,holdout_G01,train
G03_R0407,G03,holdout_G01,train
G03_R0408,G03,holdout_G01,train
G03_R0409,G03,holdout_G01,train
G03_R0410,G03,holdout_G01,train
G03_R0411,G03,holdout_G01,train
G03_R0412,G03,holdout_G01,train
G03_R0413,G03,holdout_G01,train
G03_R0414,G03,holdout_G01,train
G03_R0415,G03,holdout_G01,train
G03_R0416,G03,holdout_G01,train
G03_R0417,G03,holdout_G01,train
G03_R0418,G03,holdout_G01,train
G03_R0419,G03,holdout_G01,train
G03_R0420,G03,holdout_G01,train
G03_R0421,G03,holdout_G01,train
G03_R0422,G03,holdout_G01,train
G03_R0423,G03,holdout_G01,train
G03_R0424,G03,holdout_G01,train
G03_R0425,G03,holdout_G01,train
G03_R0426,G03,holdout_G01,train
G03_R0427,G03,holdout_G01,train
G03_R0428,G03,holdout_G01,train
G03_R0429,G03,holdout_G01,train
G03_R0430,G03,holdout_G01,train
G03_R0431,G03,holdout_G01,train
G03_R0432,G03,holdout_G01,train
G03_R0433,G03,holdout_G01,train
G03_R0434,G03,holdout_G01,train
G03_R0435,G03,holdout_G01,train
G03_R0436,G03,holdout_G01,train
G03_R0437,G03,holdout_G01,train
G03_R0438,G03,holdout_G01,train
G03_R0439,G03,holdout_G01,train
G03_R0440,G03,holdout_G01,train
G03_R0441,G03,holdout_G01,train
G03_R0442,G03,holdout_G01,train
G03_R0443,G03,holdout_G01,train
G03_R0444,G03,holdout_G01,train
G03_R0445,G03,holdout_G01,train
G03_R0446,G03,holdout_G01,train
G03_R0447,G03,holdout_G01,train
G03_R0448,G03,holdout_G01,train
G03_R0449,G03,holdout_G01,train
G03_R0450,G03,holdout_G01,train
G03_R0451,G03,holdout_G01,train
G03_R0452,G03,holdout_G01,train
G03_R0453,G03,holdout_G01,train
G03_R0454,G03,holdout_G01,train
G03_R0455,G03,holdout_G01,train
G03_R0456,G03,holdout_G01,train
G03_R0457,G03,holdout_G01,train
G03_R0458,G03,holdout_G01,train
G03_R0459,G03,holdout_G01,train
G03_R0460,G03,holdout_G01,train
G03_R0461,G03,holdout_G01,train
G03_R0462,G03,holdout_G01,train
G03_R0463,G03,holdout_G01,train
G03_R0464,G03,holdout_G01,train
G03_R0465,G03,holdout_G01,train
G03_R0466,G03,holdout_G01,train
G03_R0467,G03,holdout_G01,train
G03_R0468,G03,holdout_G01,train
G03_R0469,G03,holdout_G01,train
G03_R0470,G03,holdout_G01,train
G03_R0471,G03,holdout_G01,train
G03_R0472,G03,holdout_G01,train
G03_R0473,G03,holdout_G01,train
G03_R0474,G03,holdout_G01,train
G03_R0475,G03,holdout_G01,train
G03_R0476,G03,holdout_G01,train
G03_R0477,G03,holdout_G01,train
G03_R0478,G03,holdout_G01,train
G03_R0479,G03,holdout_G01,train
G03_R0480,G03,holdout_G01,train
G03_R0481,G03,holdout_G01,train
G03_R0482,G03,holdout_G01,train
G03_R0483,G03,holdout_G01,train
G03_R0484,G03,holdout_G01,train
G03_R0485,G03,holdout_G01,train
G03_R0486,G03,holdout_G01,train
G03_R0487,G03,holdout_G01,train
G03_R0488,G03,holdout_G01,train
G03_R0489,G03,holdout_G01,train
G03_R0490,G03,holdout_G01,train
G03_R0491,G03,holdout_G01,train
G03_R0492,G03,holdout_G01,train
G03_R0493,G03,holdout_G01,train
G03_R0494,G03,holdout_G01,train
G03_R0495,G03,holdout_G01,train
G03_R0496,G03,holdout_G01,train
G03_R0497,G03,holdout_G01,train
G03_R0498,G03,holdout_G01,train
G03_R0499,G03,holdout_G01,train
G03_R0500,G03,holdout_G01,train
G03_R0501,G03,holdout_G01,train
G03_R0502,G03,holdout_G01,train
G03_R0503,G03,holdout_G01,train
G03_R0504,G03,holdout_G01,train
G03_R0505,G03,holdout_G01,train
G03_R0506,G03,holdout_G01,train
G03_R0507,G03,holdout_G01,train
G03_R0508,G03,holdout_G01,train
G03_R0509,G03,holdout_G01,train
G03_R0510,G03,holdout_G01,train
G03_R0511,G03,holdout_G01,train
G03_R0512,G03,holdout_G01,train
G03_R0513,G03,holdout_G01,train
G03_R0514,G03,holdout_G01,train
G03_R0515,G03,holdout_G01,train
G03_R0516,G03,holdout_G01,train
G03_R0517,G03,holdout_G01,train
G03_R0518,G03,holdout_G01,train
G03_R0519,G03,holdout_G01,train
G03_R0520,G03,holdout_G01,train
G03_R0521,G03,holdout_G01,train
G03_R0522,G03,holdout_G01,train
G03_R0523,G03,holdout_G01,train
G03_R0524,G03,holdout_G01,train
G03_R0525,G03,holdout_G01,train
G03_R0526,G03,holdout_G01,train
G03_R0527,G03,holdout_G01,train
G03_R0528,G03,holdout_G01,train
G03_R0529,G03,holdout_G01,train
G03_R0530,G03,holdout_G01,train
G03_R0531,G03,holdout_G01,train
G03_R0532,G03,holdout_G01,train
G03_R0533,G03,holdout_G01,train
G03_R0534,G03,holdout_G01,train
G03_R0535,G03,holdout_G01,train
G03_R0536,G03,holdout_G01,train
G03_R0537,G03,holdout_G01,train
G03_R0538,G03,holdout_G01,train
G03_R0539,G03,holdout_G01,train
G03_R0540,G03,holdout_G01,train
G03_R0541,G03,holdout_G01,train
G03_R0542,G03,holdout_G01,train
G03_R0543,G03,holdout_G01,train
G03_R0544,G03,holdout_G01,train
G03_R0545,G03,holdout_G01,train
G03_R0546,G03,holdout_G01,train
G03_R0547,G03,holdout_G01,train
G03_R0548,G03,holdout_G01,train
G03_R0549,G03,holdout_G01,train
G03_R0550,G03,holdout_G01,train
G03_R0551,G03,holdout_G01,train
G03_R0552,G03,holdout_G01,train
G03_R0553,G03,holdout_G01,train
G03_R0554,G03,holdout_G01,train
G03_R0555,G03,holdout_G01,train
G03_R0556,G03,holdout_G01,train
G03_R0557,G03,holdout_G01,train
G03_R0558,G03,holdout_G01,train
G03_R0559,G03,holdout_G01,train
G03_R0560,G03,holdout_G01,train
G03_R0561,G03,holdout_G01,train
G03_R0562,G03,holdout_G01,train
G03_R0563,G03,holdout_G01,train
G03_R0564,G03,holdout_G01,train
G03_R0565,G03,holdout_G01,train
G03_R0566,G03,holdout_G01,train
G03_R0567,G03,holdout_G01,train
G03_R0568,G03,holdout_G01,train
G03_R0569,G03,holdout_G01,train
G03_R0570,G03,holdout_G01,train
G03_R0571,G03,holdout_G01,train
G03_R0572,G03,holdout_G01,train
G03_R0573,G03,holdout_G01,train
G03_R0574,G03,holdout_G01,train
G03_R0575,G03,holdout_G01,train
G03_R0576,G03,holdout_G01,train
G03_R0577,G03,holdout_G01,train
G03_R0578,G03,holdout_G01,train
G03_R0579,G03,holdout_G01,train
G03_R0580,G03,holdout_G01,train
G03_R0581,G03,holdout_G01,train
G03_R0582,G03,holdout_G01,train
G03_R0583,G03,holdout_G01,train
G03_R0584,G03,holdout_G01,train
G03_R0585,G03,holdout_G01,train
G03_R0586,G03,holdout_G01,train
G03_R0587,G03,holdout_G01,train
G03_R0588,G03,holdout_G01,train
G03_R0589,G03,holdout_G01,train
G03_R0590,G03,holdout_G01,train
G03_R0591,G03,holdout_G01,train
G03_R0592,G03,holdout_G01,train
G03_R0593,G03,holdout_G01,train
G03_R0594,G03,holdout_G01,train
G03_R0595,G03,holdout_G01,train
G03_R0596,G03,holdout_G01,train
G03_R0597,G03,holdout_G01,train
G03_R0598,G03,holdout_G01,train
G03_R0599,G03,holdout_G01,train
G03_R0600,G03,holdout_G01,train
G03_R0601,G03,holdout_G01,train
G03_R0602,G03,holdout_G01,train
G03_R0603,G03,holdout_G01,train
G03_R0604,G03,holdout_G01,train
G03_R0605,G03,holdout_G01,train
G03_R0606,G03,holdout_G01,train
G03_R0607,G03,holdout_G01,train
G03_R0608,G03,holdout_G01,train
G03_R0609,G03,holdout_G01,train
G03_R0610,G03,holdout_G01,train
G03_R0611,G03,holdout_G01,train
G03_R0612,G03,holdout_G01,train
G03_R0613,G03,holdout_G01,train
G03_R0614,G03,holdout_G01,train
G03_R0615,G03,holdout_G01,train
G03_R0616,G03,holdout_G01,train
G03_R0617,G03,holdout_G01,train
G03_R0618,G03,holdout_G01,train
G03_R0619,G03,holdout_G01,train
G03_R0620,G03,holdout_G01,train
G03_R0621,G03,holdout_G01,train
G03_R0622,G03,holdout_G01,train
G03_R0623,G03,holdout_G01,train
G03_R0624,G03,holdout_G01,train
G03_R0625,G03,holdout_G01,train
G03_R0626,G03,holdout_G01,train
G03_R0627,G03,holdout_G01,train
G03_R0628,G03,holdout_G01,train
G03_R0629,G03,holdout_G01,train
G03_R0630,G03,holdout_G01,train
G03_R0631,G03,holdout_G01,train
G03_R0632,G03,holdout_G01,train
G03_R0633,G03,holdout_G01,train
G03_R0634,G03,holdout_G01,train
G03_R0635,G03,holdout_G01,train
G03_R0636,G03,holdout_G01,train
G03_R0637,G03,holdout_G01,train
G03_R0638,G03,holdout_G01,train
G03_R0639,G03,holdout_G01,train
G03_R0640,G03,holdout_G01,train
G03_R0641,G03,holdout_G01,train
G03_R0642,G03,holdout_G01,train
G03_R0643,G03,holdout_G01,train
G03_R0644,G03,holdout_G01,train
G03_R0645,G03,holdout_G01,train
G03_R0646,G03,holdout_G01,train
G03_R0647,G03,holdout_G01,train
G03_R0648,G03,holdout_G01,train
G03_R0649,G03,holdout_G01,train
G03_R0650,G03,holdout_G01,train
G03_R0651,G03,holdout_G01,train
G03_R0652,G03,holdout_G01,train
G03_R0653,G03,holdout_G01,train
G03_R0654,G03,holdout_G01,train
G03_R0655,G03,holdout_G01,train
G03_R0656,G03,holdout_G01,train
G03_R0657,G03,holdout_G01,train
G03_R0658,G03,holdout_G01,train
G03_R0659,G03,holdout_G01,train
G03_R0660,G03,holdout_G01,train
G03_R0661,G03,holdout_G01,train
G03_R0662,G03,holdout_G01,train
G03_R0663,G03,holdout_G01,train
G03_R0664,G03,holdout_G01,train
G03_R0665,G03,holdout_G01,train
G03_R0666,G03,holdout_G01,train
G03_R0667,G03,holdout_G01,train
G03_R0668,G03,holdout_G01,train
G03_R0669,G03,holdout_G01,train
G03_R0670,G03,holdout_G01,train
G03_R0671,G03,holdout_G01,train
G03_R0672,G03,holdout_G01,train
G03_R0673,G03,holdout_G01,train
G03_R0674,G03,holdout_G01,train
G03_R0675,G03,holdout_G01,train
G03_R0676,G03,holdout_G01,train
G03_R0677,G03,holdout_G01,train
G03_R0678,G03,holdout_G01,train
G03_R0679,G03,holdout_G01,train
G03_R0680,G03,holdout_G01,train
G03_R0681,G03,holdout_G01,train
G03_R0682,G03,holdout_G01,train
G03_R0683,G03,holdout_G01,train
G03_R0684,G03,holdout_G01,train
G03_R0685,G03,holdout_G01,train
G03_R0686,G03,holdout_G01,train
G03_R0687,G03,holdout_G01,train
G03_R0688,G03,holdout_G01,train
G03_R0689,G03,holdout_G01,train
G03_R0690,G03,holdout_G01,train
G03_R0691,G03,holdout_G01,train
G03_R0692,G03,holdout_G01,train
G03_R0693,G03,holdout_G01,train
G03_R0694,G03,holdout_G01,train
G03_R0695,G03,holdout_G01,train
G03_R0696,G03,holdout_G01,train
G03_R0697,G03,holdout_G01,train
G03_R0698,G03,holdout_G01,train
G03_R0699,G03,holdout_G01,train
G03_R0700,G03,holdout_G01,train
G03_R0701,G03,holdout_G01,train
G03_R0702,G03,holdout_G01,train
G03_R0703,G03,holdout_G01,train
G03_R0704,G03,holdout_G01,train
G03_R0705,G03,holdout_G01,train
G03_R0706,G03,holdout_G01,train
G03_R0707,G03,holdout_G01,train
G03_R0708,G03,holdout_G01,train
G03_R0709,G03,holdout_G01,train
G03_R0710,G03,holdout_G01,train
G03_R0711,G03,holdout_G01,train
G03_R0712,G03,holdout_G01,train
G03_R0713,G03,holdout_G01,train
G03_R0714,G03,holdout_G01,train
G03_R0715,G03,holdout_G01,train
G03_R0716,G03,holdout_G01,train
G03_R0717,G03,holdout_G01,train
G03_R0718,G03,holdout_G01,train
G03_R0719,G03,holdout_G01,train
G03_R0720,G03,holdout_G01,train
G03_R0721,G03,holdout_G01,train
G03_R0722,G03,holdout_G01,train
G03_R0723,G03,holdout_G01,train
G03_R0724,G03,holdout_G01,train
G03_R0725,G03,holdout_G01,train
G03_R0726,G03,holdout_G01,train
G03_R0727,G03,holdout_G01,train
G03_R0728,G03,holdout_G01,train
G03_R0729,G03,holdout_G01,train
G03_R0730,G03,holdout_G01,train
G03_R0731,G03,holdout_G01,train
G03_R0732,G03,holdout_G01,train
G03_R0733,G03,holdout_G01,train
G03_R0734,G03,holdout_G01,train
G03_R0735,G03,holdout_G01,train
G03_R0736,G03,holdout_G01,train
G03_R0737,G03,holdout_G01,train
G03_R0738,G03,holdout_G01,train
G03_R0739,G03,holdout_G01,train
G03_R0740,G03,holdout_G01,train
G03_R0741,G03,holdout_G01,train
G03_R0742,G03,holdout_G01,train
G03_R0743,G03,holdout_G01,train
G03_R0744,G03,holdout_G01,train
G03_R0745,G03,holdout_G01,train
G03_R0746,G03,holdout_G01,train
G03_R0747,G03,holdout_G01,train
G03_R0748,G03,holdout_G01,train
G03_R0749,G03,holdout_G01,train
G03_R0750,G03,holdout_G01,train
G03_R0751,G03,holdout_G01,train
G03_R0752,G03,holdout_G01,train
G03_R0753,G03,holdout_G01,train
G03_R0754,G03,holdout_G01,train
G03_R0755,G03,holdout_G01,train
G03_R0756,G03,holdout_G01,train
G03_R0757,G03,holdout_G01,train
G03_R0758,G03,holdout_G01,train
G03_R0759,G03,holdout_G01,train
G03_R0760,G03,holdout_G01,train
G03_R0761,G03,holdout_G01,train
G03_R0762,G03,holdout_G01,train
G03_R0763,G03,holdout_G01,train
G03_R0764,G03,holdout_G01,train
G03_R0765,G03,holdout_G01,train
G03_R0766,G03,holdout_G01,train
G03_R0767,G03,holdout_G01,train
G03_R0768,G03,holdout_G01,train
G04_R0001,G04,holdout_G01,train
G04_R0002,G04,holdout_G01,train
G04_R0003,G04,holdout_G01,train
G04_R0004,G04,holdout_G01,train
G04_R0005,G04,holdout_G01,train
G04_R0006,G04,holdout_G01,train
G04_R0007,G04,holdout_G01,train
G04_R0008,G04,holdout_G01,train
G04_R0009,G04,holdout_G01,train
G04_R0010,G04,holdout_G01,train
G04_R0011,G04,holdout_G01,train
G04_R0012,G04,holdout_G01,train
G04_R0013,G04,holdout_G01,train
G04_R0014,G04,holdout_G01,train
G04_R0015,G04,holdout_G01,train
G04_R0016,G04,holdout_G01,train
G04_R0017,G04,holdout_G01,train
G04_R0018,G04,holdout_G01,train
G04_R0019,G04,holdout_G01,train
G04_R0020,G04,holdout_G01,train
G04_R0021,G04,holdout_G01,train
G04_R0022,G04,holdout_G01,train
G04_R0023,G04,holdout_G01,train
G04_R0024,G04,holdout_G01,train
G04_R0025,G04,holdout_G01,train
G04_R0026,G04,holdout_G01,train
G04_R0027,G04,holdout_G01,train
G04_R0028,G04,holdout_G01,train
G04_R0029,G04,holdout_G01,train
G04_R0030,G04,holdout_G01,train
G04_R0031,G04,holdout_G01,train
G04_R0032,G04,holdout_G01,train
G04_R0033,G04,holdout_G01,train
G04_R0034,G04,holdout_G01,train
G04_R0035,G04,holdout_G01,train
G04_R0036,G04,holdout_G01,train
G04_R0037,G04,holdout_G01,train
G04_R0038,G04,holdout_G01,train
G04_R0039,G04,holdout_G01,train
G04_R0040,G04,holdout_G01,train
G04_R0041,G04,holdout_G01,train
G04_R0042,G04,holdout_G01,train
G04_R0043,G04,holdout_G01,train
G04_R0044,G04,holdout_G01,train
G04_R0045,G04,holdout_G01,train
G04_R0046,G04,holdout_G01,train
G04_R0047,G04,holdout_G01,train
G04_R0048,G04,holdout_G01,train
G04_R0049,G04,holdout_G01,train
G04_R0050,G04,holdout_G01,train
G04_R0051,G04,holdout_G01,train
G04_R0052,G04,holdout_G01,train
G04_R0053,G04,holdout_G01,train
G04_R0054,G04,holdout_G01,train
G04_R0055,G04,holdout_G01,train
G04_R0056,G04,holdout_G01,train
G04_R0057,G04,holdout_G01,train
G04_R0058,G04,holdout_G01,train
G04_R0059,G04,holdout_G01,train
G04_R0060,G04,holdout_G01,train
G04_R0061,G04,holdout_G01,train
G04_R0062,G04,holdout_G01,train
G04_R0063,G04,holdout_G01,train
G04_R0064,G04,holdout_G01,train
G04_R0065,G04,holdout_G01,train
G04_R0066,G04,holdout_G01,train
G04_R0067,G04,holdout_G01,train
G04_R0068,G04,holdout_G01,train
G04_R0069,G04,holdout_G01,train
G04_R0070,G04,holdout_G01,train
G04_R0071,G04,holdout_G01,train
G04_R0072,G04,holdout_G01,train
G04_R0073,G04,holdout_G01,train
G04_R0074,G04,holdout_G01,train
G04_R0075,G04,holdout_G01,train
G04_R0076,G04,holdout_G01,train
G04_R0077,G04,holdout_G01,train
G04_R0078,G04,holdout_G01,train
G04_R0079,G04,holdout_G01,train
G04_R0080,G04,holdout_G01,train
G04_R0081,G04,holdout_G01,train
G04_R0082,G04,holdout_G01,train
G04_R0083,G04,holdout_G01,train
G04_R0084,G04,holdout_G01,train
G04_R0085,G04,holdout_G01,train
G04_R0086,G04,holdout_G01,train
G04_R0087,G04,holdout_G01,train
G04_R0088,G04,holdout_G01,train
G04_R0089,G04,holdout_G01,train
G04_R0090,G04,holdout_G01,train
G04_R0091,G04,holdout_G01,train
G04_R0092,G04,holdout_G01,train
G04_R0093,G04,holdout_G01,train
G04_R0094,G04,holdout_G01,train
G04_R0095,G04,holdout_G01,train
G04_R0096,G04,holdout_G01,train
G04_R0097,G04,holdout_G01,train
G04_R0098,G04,holdout_G01,train
G04_R0099,G04,holdout_G01,train
G04_R0100,G04,holdout_G01,train
G04_R0101,G04,holdout_G01,train
G04_R0102,G04,holdout_G01,train
G04_R0103,G04,holdout_G01,train
G04_R0104,G04,holdout_G01,train
G04_R0105,G04,holdout_G01,train
G04_R0106,G04,holdout_G01,train
G04_R0107,G04,holdout_G01,train
G04_R0108,G04,holdout_G01,train
G04_R0109,G04,holdout_G01,train
G04_R0110,G04,holdout_G01,train
G04_R0111,G04,holdout_G01,train
G04_R0112,G04,holdout_G01,train
G04_R0113,G04,holdout_G01,train
G04_R0114,G04,holdout_G01,train
G04_R0115,G04,holdout_G01,train
G04_R0116,G04,holdout_G01,train
G04_R0117,G04,holdout_G01,train
G04_R0118,G04,holdout_G01,train
G04_R0119,G04,holdout_G01,train
G04_R0120,G04,holdout_G01,train
G04_R0121,G04,holdout_G01,train
G04_R0122,G04,holdout_G01,train
G04_R0123,G04,holdout_G01,train
G04_R0124,G04,holdout_G01,train
G04_R0125,G04,holdout_G01,train
G04_R0126,G04,holdout_G01,train
G04_R0127,G04,holdout_G01,train
G04_R0128,G04,holdout_G01,train
G04_R0129,G04,holdout_G01,train
G04_R0130,G04,holdout_G01,train
G04_R0131,G04,holdout_G01,train
G04_R0132,G04,holdout_G01,train
G04_R0133,G04,holdout_G01,train
G04_R0134,G04,holdout_G01,train
G04_R0135,G04,holdout_G01,train
G04_R0136,G04,holdout_G01,train
G04_R0137,G04,holdout_G01,train
G04_R0138,G04,holdout_G01,train
G04_R0139,G04,holdout_G01,train
G04_R0140,G04,holdout_G01,train
G04_R0141,G04,holdout_G01,train
G04_R0142,G04,holdout_G01,train
G04_R0143,G04,holdout_G01,train
G04_R0144,G04,holdout_G01,train
G04_R0145,G04,holdout_G01,train
G04_R0146,G04,holdout_G01,train
G04_R0147,G04,holdout_G01,train
G04_R0148,G04,holdout_G01,train
G04_R0149,G04,holdout_G01,train
G04_R0150,G04,holdout_G01,train
G04_R0151,G04,holdout_G01,train
G04_R0152,G04,holdout_G01,train
G04_R0153,G04,holdout_G01,train
G04_R0154,G04,holdout_G01,train
G04_R0155,G04,holdout_G01,train
G04_R0156,G04,holdout_G01,train
G04_R0157,G04,holdout_G01,train
G04_R0158,G04,holdout_G01,train
G04_R0159,G04,holdout_G01,train
G04_R0160,G04,holdout_G01,train
G04_R0161,G04,holdout_G01,train
G04_R0162,G04,holdout_G01,train
G04_R0163,G04,holdout_G01,train
G04_R0164,G04,holdout_G01,train
G04_R0165,G04,holdout_G01,train
G04_R0166,G04,holdout_G01,train
G04_R0167,G04,holdout_G01,train
G04_R0168,G04,holdout_G01,train
G04_R0169,G04,holdout_G01,train
G04_R0170,G04,holdout_G01,train
G04_R0171,G04,holdout_G01,train
G04_R0172,G04,holdout_G01,train
G04_R0173,G04,holdout_G01,train
G04_R0174,G04,holdout_G01,train
G04_R0175,G04,holdout_G01,train
G04_R0176,G04,holdout_G01,train
G04_R0177,G04,holdout_G01,train
G04_R0178,G04,holdout_G01,train
G04_R0179,G04,holdout_G01,train
G04_R0180,G04,holdout_G01,train
G04_R0181,G04,holdout_G01,train
G04_R0182,G04,holdout_G01,train
G04_R0183,G04,holdout_G01,train
G04_R0184,G04,holdout_G01,train
G04_R0185,G04,holdout_G01,train
G04_R0186,G04,holdout_G01,train
G04_R0187,G04,holdout_G01,train
G04_R0188,G04,holdout_G01,train
G04_R0189,G04,holdout_G01,train
G04_R0190,G04,holdout_G01,train
G04_R0191,G04,holdout_G01,train
G04_R0192,G04,holdout_G01,train
G04_R0193,G04,holdout_G01,train
G04_R0194,G04,holdout_G01,train
G04_R0195,G04,holdout_G01,train
G04_R0196,G04,holdout_G01,train
G04_R0197,G04,holdout_G01,train
G04_R0198,G04,holdout_G01,train
G04_R0199,G04,holdout_G01,train
G04_R0200,G04,holdout_G01,train
G04_R0201,G04,holdout_G01,train
G04_R0202,G04,holdout_G01,train
G04_R0203,G04,holdout_G01,train
G04_R0204,G04,holdout_G01,train
G04_R0205,G04,holdout_G01,train
G04_R0206,G04,holdout_G01,train
G04_R0207,G04,holdout_G01,train
G04_R0208,G04,holdout_G01,train
G04_R0209,G04,holdout_G01,train
G04_R0210,G04,holdout_G01,train
G04_R0211,G04,holdout_G01,train
G04_R0212,G04,holdout_G01,train
G04_R0213,G04,holdout_G01,train
G04_R0214,G04,holdout_G01,train
G04_R0215,G04,holdout_G01,train
G04_R0216,G04,holdout_G01,train
G04_R0217,G04,holdout_G01,train
G04_R0218,G04,holdout_G01,train
G04_R0219,G04,holdout_G01,train
G04_R0220,G04,holdout_G01,train
G04_R0221,G04,holdout_G01,train
G04_R0222,G04,holdout_G01,train
G04_R0223,G04,holdout_G01,train
G04_R0224,G04,holdout_G01,train
G04_R0225,G04,holdout_G01,train
G04_R0226,G04,holdout_G01,train
G04_R0227,G04,holdout_G01,train
G04_R0228,G04,holdout_G01,train
G04_R0229,G04,holdout_G01,train
G04_R0230,G04,holdout_G01,train
G04_R0231,G04,holdout_G01,train
G04_R0232,G04,holdout_G01,train
G04_R0233,G04,holdout_G01,train
G04_R0234,G04,holdout_G01,train
G04_R0235,G04,holdout_G01,train
G04_R0236,G04,holdout_G01,train
G04_R0237,G04,holdout_G01,train
G04_R0238,G04,holdout_G01,train
G04_R0239,G04,holdout_G01,train
G04_R0240,G04,holdout_G01,train
G04_R0241,G04,holdout_G01,train
G04_R0242,G04,holdout_G01,train
G04_R0243,G04,holdout_G01,train
G04_R0244,G04,holdout_G01,train
G04_R0245,G04,holdout_G01,train
G04_R0246,G04,holdout_G01,train
G04_R0247,G04,holdout_G01,train
G04_R0248,G04,holdout_G01,train
G04_R0249,G04,holdout_G01,train
G04_R0250,G04,holdout_G01,train
G04_R0251,G04,holdout_G01,train
G04_R0252,G04,holdout_G01,train
G04_R0253,G04,holdout_G01,train
G04_R0254,G04,holdout_G01,train
G04_R0255,G04,holdout_G01,train
G04_R0256,G04,holdout_G01,train
G04_R0257,G04,holdout_G01,train
G04_R0258,G04,holdout_G01,train
G04_R0259,G04,holdout_G01,train
G04_R0260,G04,holdout_G01,train
G04_R0261,G04,holdout_G01,train
G04_R0262,G04,holdout_G01,train
G04_R0263,G04,holdout_G01,train
G04_R0264,G04,holdout_G01,train
G04_R0265,G04,holdout_G01,train
G04_R0266,G04,holdout_G01,train
G04_R0267,G04,holdout_G01,train
G04_R0268,G04,holdout_G01,train
G04_R0269,G04,holdout_G01,train
G04_R0270,G04,holdout_G01,train
G04_R0271,G04,holdout_G01,train
G04_R0272,G04,holdout_G01,train
G04_R0273,G04,holdout_G01,train
G04_R0274,G04,holdout_G01,train
G04_R0275,G04,holdout_G01,train
G04_R0276,G04,holdout_G01,train
G04_R0277,G04,holdout_G01,train
G04_R0278,G04,holdout_G01,train
G04_R0279,G04,holdout_G01,train
G04_R0280,G04,holdout_G01,train
G04_R0281,G04,holdout_G01,train
G04_R0282,G04,holdout_G01,train
G04_R0283,G04,holdout_G01,train
G04_R0284,G04,holdout_G01,train
G04_R0285,G04,holdout_G01,train
G04_R0286,G04,holdout_G01,train
G04_R0287,G04,holdout_G01,train
G04_R0288,G04,holdout_G01,train
G04_R0289,G04,holdout_G01,train
G04_R0290,G04,holdout_G01,train
G04_R0291,G04,holdout_G01,train
G04_R0292,G04,holdout_G01,train
G04_R0293,G04,holdout_G01,train
G04_R0294,G04,holdout_G01,train
G04_R0295,G04,holdout_G01,train
G04_R0296,G04,holdout_G01,train
G04_R0297,G04,holdout_G01,train
G04_R0298,G04,holdout_G01,train
G04_R0299,G04,holdout_G01,train
G04_R0300,G04,holdout_G01,train
G04_R0301,G04,holdout_G01,train
G04_R0302,G04,holdout_G01,train
G04_R0303,G04,holdout_G01,train
G04_R0304,G04,holdout_G01,train
G04_R0305,G04,holdout_G01,train
G04_R0306,G04,holdout_G01,train
G04_R0307,G04,holdout_G01,train
G04_R0308,G04,holdout_G01,train
G04_R0309,G04,holdout_G01,train
G04_R0310,G04,holdout_G01,train
G04_R0311,G04,holdout_G01,train
G04_R0312,G04,holdout_G01,train
G04_R0313,G04,holdout_G01,train
G04_R0314,G04,holdout_G01,train
G04_R0315,G04,holdout_G01,train
G04_R0316,G04,holdout_G01,train
G04_R0317,G04,holdout_G01,train
G04_R0318,G04,holdout_G01,train
G04_R0319,G04,holdout_G01,train
G04_R0320,G04,holdout_G01,train
G04_R0321,G04,holdout_G01,train
G04_R0322,G04,holdout_G01,train
G04_R0323,G04,holdout_G01,train
G04_R0324,G04,holdout_G01,train
G04_R0325,G04,holdout_G01,train
G04_R0326,G04,holdout_G01,train
G04_R0327,G04,holdout_G01,train
G04_R0328,G04,holdout_G01,train
G04_R0329,G04,holdout_G01,train
G04_R0330,G04,holdout_G01,train
G04_R0331,G04,holdout_G01,train
G04_R0332,G04,holdout_G01,train
G04_R0333,G04,holdout_G01,train
G04_R0334,G04,holdout_G01,train
G04_R0335,G04,holdout_G01,train
G04_R0336,G04,holdout_G01,train
G04_R0337,G04,holdout_G01,train
G04_R0338,G04,holdout_G01,train
G04_R0339,G04,holdout_G01,train
G04_R0340,G04,holdout_G01,train
G04_R0341,G04,holdout_G01,train
G04_R0342,G04,holdout_G01,train
G04_R0343,G04,holdout_G01,train
G04_R0344,G04,holdout_G01,train
G04_R0345,G04,holdout_G01,train
G04_R0346,G04,holdout_G01,train
G04_R0347,G04,holdout_G01,train
G04_R0348,G04,holdout_G01,train
G04_R0349,G04,holdout_G01,train
G04_R0350,G04,holdout_G01,train
G04_R0351,G04,holdout_G01,train
G04_R0352,G04,holdout_G01,train
G04_R0353,G04,holdout_G01,train
G04_R0354,G04,holdout_G01,train
G04_R0355,G04,holdout_G01,train
G04_R0356,G04,holdout_G01,train
G04_R0357,G04,holdout_G01,train
G04_R0358,G04,holdout_G01,train
G04_R0359,G04,holdout_G01,train
G04_R0360,G04,holdout_G01,train
G04_R0361,G04,holdout_G01,train
G04_R0362,G04,holdout_G01,train
G04_R0363,G04,holdout_G01,train
G04_R0364,G04,holdout_G01,train
G04_R0365,G04,holdout_G01,train
G04_R0366,G04,holdout_G01,train
G04_R0367,G04,holdout_G01,train
G04_R0368,G04,holdout_G01,train
G04_R0369,G04,holdout_G01,train
G04_R0370,G04,holdout_G01,train
G04_R0371,G04,holdout_G01,train
G04_R0372,G04,holdout_G01,train
G04_R0373,G04,holdout_G01,train
G04_R0374,G04,holdout_G01,train
G04_R0375,G04,holdout_G01,train
G04_R0376,G04,holdout_G01,train
G04_R0377,G04,holdout_G01,train
G04_R0378,G04,holdout_G01,train
G04_R0379,G04,holdout_G01,train
G04_R0380,G04,holdout_G01,train
G04_R0381,G04,holdout_G01,train
G04_R0382,G04,holdout_G01,train
G04_R0383,G04,holdout_G01,train
G04_R0384,G04,holdout_G01,train
G04_R0385,G04,holdout_G01,train
G04_R0386,G04,holdout_G01,train
G04_R0387,G04,holdout_G01,train
G04_R0388,G04,holdout_G01,train
G04_R0389,G04,holdout_G01,train
G04_R0390,G04,holdout_G01,train
G04_R0391,G04,holdout_G01,train
G04_R0392,G04,holdout_G01,train
G04_R0393,G04,holdout_G01,train
G04_R0394,G04,holdout_G01,train
G04_R0395,G04,holdout_G01,train
G04_R0396,G04,holdout_G01,train
G04_R0397,G04,holdout_G01,train
G04_R0398,G04,holdout_G01,train
G04_R0399,G04,holdout_G01,train
G04_R0400,G04,holdout_G01,train
G04_R0401,G04,holdout_G01,train
G04_R0402,G04,holdout_G01,train
G04_R0403,G04,holdout_G01,train
G04_R0404,G04,holdout_G01,train
G04_R0405,G04,holdout_G01,train
G04_R0406,G04,holdout_G01,train
G04_R0407,G04,holdout_G01,train
G04_R0408,G04,holdout_G01,train
G04_R0409,G04,holdout_G01,train
G04_R0410,G04,holdout_G01,train
G04_R0411,G04,holdout_G01,train
G04_R0412,G04,holdout_G01,train
G04_R0413,G04,holdout_G01,train
G04_R0414,G04,holdout_G01,train
G04_R0415,G04,holdout_G01,train
G04_R0416,G04,holdout_G01,train
G04_R0417,G04,holdout_G01,train
G04_R0418,G04,holdout_G01,train
G04_R0419,G04,holdout_G01,train
G04_R0420,G04,holdout_G01,train
G04_R0421,G04,holdout_G01,train
G04_R0422,G04,holdout_G01,train
G04_R0423,G04,holdout_G01,train
G04_R0424,G04,holdout_G01,train
G04_R0425,G04,holdout_G01,train
G04_R0426,G04,holdout_G01,train
G04_R0427,G04,holdout_G01,train
G04_R0428,G04,holdout_G01,train
G04_R0429,G04,holdout_G01,train
G04_R0430,G04,holdout_G01,train
G04_R0431,G04,holdout_G01,train
G04_R0432,G04,holdout_G01,train
G04_R0433,G04,holdout_G01,train
G04_R0434,G04,holdout_G01,train
G04_R0435,G04,holdout_G01,train
G04_R0436,G04,holdout_G01,train
G04_R0437,G04,holdout_G01,train
G04_R0438,G04,holdout_G01,train
G04_R0439,G04,holdout_G01,train
G04_R0440,G04,holdout_G01,train
G04_R0441,G04,holdout_G01,train
G04_R0442,G04,holdout_G01,train
G04_R0443,G04,holdout_G01,train
G04_R0444,G04,holdout_G01,train
G04_R0445,G04,holdout_G01,train
G04_R0446,G04,holdout_G01,train
G04_R0447,G04,holdout_G01,train
G04_R0448,G04,holdout_G01,train
G04_R0449,G04,holdout_G01,train
G04_R0450,G04,holdout_G01,train
G04_R0451,G04,holdout_G01,train
G04_R0452,G04,holdout_G01,train
G04_R0453,G04,holdout_G01,train
G04_R0454,G04,holdout_G01,train
G04_R0455,G04,holdout_G01,train
G04_R0456,G04,holdout_G01,train
G04_R0457,G04,holdout_G01,train
G04_R0458,G04,holdout_G01,train
G04_R0459,G04,holdout_G01,train
G04_R0460,G04,holdout_G01,train
G04_R0461,G04,holdout_G01,train
G04_R0462,G04,holdout_G01,train
G04_R0463,G04,holdout_G01,train
G04_R0464,G04,holdout_G01,train
G04_R0465,G04,holdout_G01,train
G04_R0466,G04,holdout_G01,train
G04_R0467,G04,holdout_G01,train
G04_R0468,G04,holdout_G01,train
G04_R0469,G04,holdout_G01,train
G04_R0470,G04,holdout_G01,train
G04_R0471,G04,holdout_G01,train
G04_R0472,G04,holdout_G01,train
G04_R0473,G04,holdout_G01,train
G04_R0474,G04,holdout_G01,train
G04_R0475,G04,holdout_G01,train
G04_R0476,G04,holdout_G01,train
G04_R0477,G04,holdout_G01,train
G04_R0478,G04,holdout_G01,train
G04_R0479,G04,holdout_G01,train
G04_R0480,G04,holdout_G01,train
G04_R0481,G04,holdout_G01,train
G04_R0482,G04,holdout_G01,train
G04_R0483,G04,holdout_G01,train
G04_R0484,G04,holdout_G01,train
G04_R0485,G04,holdout_G01,train
G04_R0486,G04,holdout_G01,train
G04_R0487,G04,holdout_G01,train
G04_R0488,G04,holdout_G01,train
G04_R0489,G04,holdout_G01,train
G04_R0490,G04,holdout_G01,train
G04_R0491,G04,holdout_G01,train
G04_R0492,G04,holdout_G01,train
G04_R0493,G04,holdout_G01,train
G04_R0494,G04,holdout_G01,train
G04_R0495,G04,holdout_G01,train
G04_R0496,G04,holdout_G01,train
G04_R0497,G04,holdout_G01,train
G04_R0498,G04,holdout_G01,train
G04_R0499,G04,holdout_G01,train
G04_R0500,G04,holdout_G01,train
G04_R0501,G04,holdout_G01,train
G04_R0502,G04,holdout_G01,train
G04_R0503,G04,holdout_G01,train
G04_R0504,G04,holdout_G01,train
G04_R0505,G04,holdout_G01,train
G04_R0506,G04,holdout_G01,train
G04_R0507,G04,holdout_G01,train
G04_R0508,G04,holdout_G01,train
G04_R0509,G04,holdout_G01,train
G04_R0510,G04,holdout_G01,train
G04_R0511,G04,holdout_G01,train
G04_R0512,G04,holdout_G01,train
G04_R0513,G04,holdout_G01,train
G04_R0514,G04,holdout_G01,train
G04_R0515,G04,holdout_G01,train
G04_R0516,G04,holdout_G01,train
G04_R0517,G04,holdout_G01,train
G04_R0518,G04,holdout_G01,train
G04_R0519,G04,holdout_G01,train
G04_R0520,G04,holdout_G01,train
G04_R0521,G04,holdout_G01,train
G04_R0522,G04,holdout_G01,train
G04_R0523,G04,holdout_G01,train
G04_R0524,G04,holdout_G01,train
G04_R0525,G04,holdout_G01,train
G04_R0526,G04,holdout_G01,train
G04_R0527,G04,holdout_G01,train
G04_R0528,G04,holdout_G01,train
G04_R0529,G04,holdout_G01,train
G04_R0530,G04,holdout_G01,train
G04_R0531,G04,holdout_G01,train
G04_R0532,G04,holdout_G01,train
G04_R0533,G04,holdout_G01,train
G04_R0534,G04,holdout_G01,train
G04_R0535,G04,holdout_G01,train
G04_R0536,G04,holdout_G01,train
G04_R0537,G04,holdout_G01,train
G04_R0538,G04,holdout_G01,train
G04_R0539,G04,holdout_G01,train
G04_R0540,G04,holdout_G01,train
G04_R0541,G04,holdout_G01,train
G04_R0542,G04,holdout_G01,train
G04_R0543,G04,holdout_G01,train
G04_R0544,G04,holdout_G01,train
G04_R0545,G04,holdout_G01,train
G04_R0546,G04,holdout_G01,train
G04_R0547,G04,holdout_G01,train
G04_R0548,G04,holdout_G01,train
G04_R0549,G04,holdout_G01,train
G04_R0550,G04,holdout_G01,train
G04_R0551,G04,holdout_G01,train
G04_R0552,G04,holdout_G01,train
G04_R0553,G04,holdout_G01,train
G04_R0554,G04,holdout_G01,train
G04_R0555,G04,holdout_G01,train
G04_R0556,G04,holdout_G01,train
G04_R0557,G04,holdout_G01,train
G04_R0558,G04,holdout_G01,train
G04_R0559,G04,holdout_G01,train
G04_R0560,G04,holdout_G01,train
G04_R0561,G04,holdout_G01,train
G04_R0562,G04,holdout_G01,train
G04_R0563,G04,holdout_G01,train
G04_R0564,G04,holdout_G01,train
G04_R0565,G04,holdout_G01,train
G04_R0566,G04,holdout_G01,train
G04_R0567,G04,holdout_G01,train
G04_R0568,G04,holdout_G01,train
G04_R0569,G04,holdout_G01,train
G04_R0570,G04,holdout_G01,train
G04_R0571,G04,holdout_G01,train
G04_R0572,G04,holdout_G01,train
G04_R0573,G04,holdout_G01,train
G04_R0574,G04,holdout_G01,train
G04_R0575,G04,holdout_G01,train
G04_R0576,G04,holdout_G01,train
G04_R0577,G04,holdout_G01,train
G04_R0578,G04,holdout_G01,train
G04_R0579,G04,holdout_G01,train
G04_R0580,G04,holdout_G01,train
G04_R0581,G04,holdout_G01,train
G04_R0582,G04,holdout_G01,train
G04_R0583,G04,holdout_G01,train
G04_R0584,G04,holdout_G01,train
G04_R0585,G04,holdout_G01,train
G04_R0586,G04,holdout_G01,train
G04_R0587,G04,holdout_G01,train
G04_R0588,G04,holdout_G01,train
G04_R0589,G04,holdout_G01,train
G04_R0590,G04,holdout_G01,train
G04_R0591,G04,holdout_G01,train
G04_R0592,G04,holdout_G01,train
G04_R0593,G04,holdout_G01,train
G04_R0594,G04,holdout_G01,train
G04_R0595,G04,holdout_G01,train
G04_R0596,G04,holdout_G01,train
G04_R0597,G04,holdout_G01,train
G04_R0598,G04,holdout_G01,train
G04_R0599,G04,holdout_G01,train
G04_R0600,G04,holdout_G01,train
G04_R0601,G04,holdout_G01,train
G04_R0602,G04,holdout_G01,train
G04_R0603,G04,holdout_G01,train
G04_R0604,G04,holdout_G01,train
G04_R0605,G04,holdout_G01,train
G04_R0606,G04,holdout_G01,train
G04_R0607,G04,holdout_G01,train
G04_R0608,G04,holdout_G01,train
G04_R0609,G04,holdout_G01,train
G04_R0610,G04,holdout_G01,train
G04_R0611,G04,holdout_G01,train
G04_R0612,G04,holdout_G01,train
G04_R0613,G04,holdout_G01,train
G04_R0614,G04,holdout_G01,train
G04_R0615,G04,holdout_G01,train
G04_R0616,G04,holdout_G01,train
G04_R0617,G04,holdout_G01,train
G04_R0618,G04,holdout_G01,train
G04_R0619,G04,holdout_G01,train
G04_R0620,G04,holdout_G01,train
G04_R0621,G04,holdout_G01,train
G04_R0622,G04,holdout_G01,train
G04_R0623,G04,holdout_G01,train
G04_R0624,G04,holdout_G01,train
G04_R0625,G04,holdout_G01,train
G04_R0626,G04,holdout_G01,train
G04_R0627,G04,holdout_G01,train
G04_R0628,G04,holdout_G01,train
G04_R0629,G04,holdout_G01,train
G04_R0630,G04,holdout_G01,train
G04_R0631,G04,holdout_G01,train
G04_R0632,G04,holdout_G01,train
G04_R0633,G04,holdout_G01,train
G04_R0634,G04,holdout_G01,train
G04_R0635,G04,holdout_G01,train
G04_R0636,G04,holdout_G01,train
G04_R0637,G04,holdout_G01,train
G04_R0638,G04,holdout_G01,train
G04_R0639,G04,holdout_G01,train
G04_R0640,G04,holdout_G01,train
G04_R0641,G04,holdout_G01,train
G04_R0642,G04,holdout_G01,train
G04_R0643,G04,holdout_G01,train
G04_R0644,G04,holdout_G01,train
G04_R0645,G04,holdout_G01,train
G04_R0646,G04,holdout_G01,train
G04_R0647,G04,holdout_G01,train
G04_R0648,G04,holdout_G01,train
G04_R0649,G04,holdout_G01,train
G04_R0650,G04,holdout_G01,train
G04_R0651,G04,holdout_G01,train
G04_R0652,G04,holdout_G01,train
G04_R0653,G04,holdout_G01,train
G04_R0654,G04,holdout_G01,train
G04_R0655,G04,holdout_G01,train
G04_R0656,G04,holdout_G01,train
G04_R0657,G04,holdout_G01,train
G04_R0658,G04,holdout_G01,train
G04_R0659,G04,holdout_G01,train
G04_R0660,G04,holdout_G01,train
G04_R0661,G04,holdout_G01,train
G04_R0662,G04,holdout_G01,train
G04_R0663,G04,holdout_G01,train
G04_R0664,G04,holdout_G01,train
G04_R0665,G04,holdout_G01,train
G04_R0666,G04,holdout_G01,train
G04_R0667,G04,holdout_G01,train
G04_R0668,G04,holdout_G01,train
G04_R0669,G04,holdout_G01,train
G04_R0670,G04,holdout_G01,train
G04_R0671,G04,holdout_G01,train
G04_R0672,G04,holdout_G01,train
G04_R0673,G04,holdout_G01,train
G04_R0674,G04,holdout_G01,train
G04_R0675,G04,holdout_G01,train
G04_R0676,G04,holdout_G01,train
G04_R0677,G04,holdout_G01,train
G04_R0678,G04,holdout_G01,train
G04_R0679,G04,holdout_G01,train
G04_R0680,G04,holdout_G01,train
G04_R0681,G04,holdout_G01,train
G04_R0682,G04,holdout_G01,train
G04_R0683,G04,holdout_G01,train
G04_R0684,G04,holdout_G01,train
G04_R0685,G04,holdout_G01,train
G04_R0686,G04,holdout_G01,train
G04_R0687,G04,holdout_G01,train
G04_R0688,G04,holdout_G01,train
G04_R0689,G04,holdout_G01,train
G04_R0690,G04,holdout_G01,train
G04_R0691,G04,holdout_G01,train
G04_R0692,G04,holdout_G01,train
G04_R0693,G04,holdout_G01,train
G04_R0694,G04,holdout_G01,train
G04_R0695,G04,holdout_G01,train
G04_R0696,G04,holdout_G01,train
G04_R0697,G04,holdout_G01,train
G04_R0698,G04,holdout_G01,train
G04_R0699,G04,holdout_G01,train
G04_R0700,G04,holdout_G01,train
G04_R0701,G04,holdout_G01,train
G04_R0702,G04,holdout_G01,train
G04_R0703,G04,holdout_G01,train
G04_R0704,G04,holdout_G01,train
G04_R0705,G04,holdout_G01,train
G04_R0706,G04,holdout_G01,train
G04_R0707,G04,holdout_G01,train
G04_R0708,G04,holdout_G01,train
G04_R0709,G04,holdout_G01,train
G04_R0710,G04,holdout_G01,train
G04_R0711,G04,holdout_G01,train
G04_R0712,G04,holdout_G01,train
G04_R0713,G04,holdout_G01,train
G04_R0714,G04,holdout_G01,train
G04_R0715,G04,holdout_G01,train
G04_R0716,G04,holdout_G01,train
G04_R0717,G04,holdout_G01,train
G04_R0718,G04,holdout_G01,train
G04_R0719,G04,holdout_G01,train
G04_R0720,G04,holdout_G01,train
G04_R0721,G04,holdout_G01,train
G04_R0722,G04,holdout_G01,train
G04_R0723,G04,holdout_G01,train
G04_R0724,G04,holdout_G01,train
G04_R0725,G04,holdout_G01,train
G04_R0726,G04,holdout_G01,train
G04_R0727,G04,holdout_G01,train
G04_R0728,G04,holdout_G01,train
G04_R0729,G04,holdout_G01,train
G04_R0730,G04,holdout_G01,train
G04_R0731,G04,holdout_G01,train
G04_R0732,G04,holdout_G01,train
G04_R0733,G04,holdout_G01,train
G04_R0734,G04,holdout_G01,train
G04_R0735,G04,holdout_G01,train
G04_R0736,G04,holdout_G01,train
G04_R0737,G04,holdout_G01,train
G04_R0738,G04,holdout_G01,train
G04_R0739,G04,holdout_G01,train
G04_R0740,G04,holdout_G01,train
G04_R0741,G04,holdout_G01,train
G04_R0742,G04,holdout_G01,train
G04_R0743,G04,holdout_G01,train
G04_R0744,G04,holdout_G01,train
G04_R0745,G04,holdout_G01,train
G04_R0746,G04,holdout_G01,train
G04_R0747,G04,holdout_G01,train
G04_R0748,G04,holdout_G01,train
G04_R0749,G04,holdout_G01,train
G04_R0750,G04,holdout_G01,train
G04_R0751,G04,holdout_G01,train
G04_R0752,G04,holdout_G01,train
G04_R0753,G04,holdout_G01,train
G04_R0754,G04,holdout_G01,train
G04_R0755,G04,holdout_G01,train
G04_R0756,G04,holdout_G01,train
G04_R0757,G04,holdout_G01,train
G04_R0758,G04,holdout_G01,train
G04_R0759,G04,holdout_G01,train
G04_R0760,G04,holdout_G01,train
G04_R0761,G04,holdout_G01,train
G04_R0762,G04,holdout_G01,train
G04_R0763,G04,holdout_G01,train
G04_R0764,G04,holdout_G01,train
G04_R0765,G04,holdout_G01,train
G04_R0766,G04,holdout_G01,train
G04_R0767,G04,holdout_G01,train
G04_R0768,G04,holdout_G01,train
G05_R0001,G05,holdout_G01,train
G05_R0002,G05,holdout_G01,train
G05_R0003,G05,holdout_G01,train
G05_R0004,G05,holdout_G01,train
G05_R0005,G05,holdout_G01,train
G05_R0006,G05,holdout_G01,train
G05_R0007,G05,holdout_G01,train
G05_R0008,G05,holdout_G01,train
G05_R0009,G05,holdout_G01,train
G05_R0010,G05,holdout_G01,train
G05_R0011,G05,holdout_G01,train
G05_R0012,G05,holdout_G01,train
G05_R0013,G05,holdout_G01,train
G05_R0014,G05,holdout_G01,train
G05_R0015,G05,holdout_G01,train
G05_R0016,G05,holdout_G01,train
G05_R0017,G05,holdout_G01,train
G05_R0018,G05,holdout_G01,train
G05_R0019,G05,holdout_G01,train
G05_R0020,G05,holdout_G01,train
G05_R0021,G05,holdout_G01,train
G05_R0022,G05,holdout_G01,train
G05_R0023,G05,holdout_G01,train
G05_R0024,G05,holdout_G01,train
G05_R0025,G05,holdout_G01,train
G05_R0026,G05,holdout_G01,train
G05_R0027,G05,holdout_G01,train
G05_R0028,G05,holdout_G01,train
G05_R0029,G05,holdout_G01,train
G05_R0030,G05,holdout_G01,train
G05_R0031,G05,holdout_G01,train
G05_R0032,G05,holdout_G01,train
G05_R0033,G05,holdout_G01,train
G05_R0034,G05,holdout_G01,train
G05_R0035,G05,holdout_G01,train
G05_R0036,G05,holdout_G01,train
G05_R0037,G05,holdout_G01,train
G05_R0038,G05,holdout_G01,train
G05_R0039,G05,holdout_G01,train
G05_R0040,G05,holdout_G01,train
G05_R0041,G05,holdout_G01,train
G05_R0042,G05,holdout_G01,train
G05_R0043,G05,holdout_G01,train
G05_R0044,G05,holdout_G01,train
G05_R0045,G05,holdout_G01,train
G05_R0046,G05,holdout_G01,train
G05_R0047,G05,holdout_G01,train
G05_R0048,G05,holdout_G01,train
G05_R0049,G05,holdout_G01,train
G05_R0050,G05,holdout_G01,train
G05_R0051,G05,holdout_G01,train
G05_R0052,G05,holdout_G01,train
G05_R0053,G05,holdout_G01,train
G05_R0054,G05,holdout_G01,train
G05_R0055,G05,holdout_G01,train
G05_R0056,G05,holdout_G01,train
G05_R0057,G05,holdout_G01,train
G05_R0058,G05,holdout_G01,train
G05_R0059,G05,holdout_G01,train
G05_R0060,G05,holdout_G01,train
G05_R0061,G05,holdout_G01,train
G05_R0062,G05,holdout_G01,train
G05_R0063,G05,holdout_G01,train
G05_R0064,G05,holdout_G01,train
G05_R0065,G05,holdout_G01,train
G05_R0066,G05,holdout_G01,train
G05_R0067,G05,holdout_G01,train
G05_R0068,G05,holdout_G01,train
G05_R0069,G05,holdout_G01,train
G05_R0070,G05,holdout_G01,train
G05_R0071,G05,holdout_G01,train
G05_R0072,G05,holdout_G01,train
G05_R0073,G05,holdout_G01,train
G05_R0074,G05,holdout_G01,train
G05_R0075,G05,holdout_G01,train
G05_R0076,G05,holdout_G01,train
G05_R0077,G05,holdout_G01,train
G05_R0078,G05,holdout_G01,train
G05_R0079,G05,holdout_G01,train
G05_R0080,G05,holdout_G01,train
G05_R0081,G05,holdout_G01,train
G05_R0082,G05,holdout_G01,train
G05_R0083,G05,holdout_G01,train
G05_R0084,G05,holdout_G01,train
G05_R0085,G05,holdout_G01,train
G05_R0086,G05,holdout_G01,train
G05_R0087,G05,holdout_G01,train
G05_R0088,G05,holdout_G01,train
G05_R0089,G05,holdout_G01,train
G05_R0090,G05,holdout_G01,train
G05_R0091,G05,holdout_G01,train
G05_R0092,G05,holdout_G01,train
G05_R0093,G05,holdout_G01,train
G05_R0094,G05,holdout_G01,train
G05_R0095,G05,holdout_G01,train
G05_R0096,G05,holdout_G01,train
G05_R0097,G05,holdout_G01,train
G05_R0098,G05,holdout_G01,train
G05_R0099,G05,holdout_G01,train
G05_R0100,G05,holdout_G01,train
G05_R0101,G05,holdout_G01,train
G05_R0102,G05,holdout_G01,train
G05_R0103,G05,holdout_G01,train
G05_R0104,G05,holdout_G01,train
G05_R0105,G05,holdout_G01,train
G05_R0106,G05,holdout_G01,train
G05_R0107,G05,holdout_G01,train
G05_R0108,G05,holdout_G01,train
G05_R0109,G05,holdout_G01,train
G05_R0110,G05,holdout_G01,train
G05_R0111,G05,holdout_G01,train
G05_R0112,G05,holdout_G01,train
G05_R0113,G05,holdout_G01,train
G05_R0114,G05,holdout_G01,train
G05_R0115,G05,holdout_G01,train
G05_R0116,G05,holdout_G01,train
G05_R0117,G05,holdout_G01,train
G05_R0118,G05,holdout_G01,train
G05_R0119,G05,holdout_G01,train
G05_R0120,G05,holdout_G01,train
G05_R0121,G05,holdout_G01,train
G05_R0122,G05,holdout_G01,train
G05_R0123,G05,holdout_G01,train
G05_R0124,G05,holdout_G01,train
G05_R0125,G05,holdout_G01,train
G05_R0126,G05,holdout_G01,train
G05_R0127,G05,holdout_G01,train
G05_R0128,G05,holdout_G01,train
G05_R0129,G05,holdout_G01,train
G05_R0130,G05,holdout_G01,train
G05_R0131,G05,holdout_G01,train
G05_R0132,G05,holdout_G01,train
G05_R0133,G05,holdout_G01,train
G05_R0134,G05,holdout_G01,train
G05_R0135,G05,holdout_G01,train
G05_R0136,G05,holdout_G01,train
G05_R0137,G05,holdout_G01,train
G05_R0138,G05,holdout_G01,train
G05_R0139,G05,holdout_G01,train
G05_R0140,G05,holdout_G01,train
G05_R0141,G05,holdout_G01,train
G05_R0142,G05,holdout_G01,train
G05_R0143,G05,holdout_G01,train
G05_R0144,G05,holdout_G01,train
G05_R0145,G05,holdout_G01,train
G05_R0146,G05,holdout_G01,train
G05_R0147,G05,holdout_G01,train
G05_R0148,G05,holdout_G01,train
G05_R0149,G05,holdout_G01,train
G05_R0150,G05,holdout_G01,train
G05_R0151,G05,holdout_G01,train
G05_R0152,G05,holdout_G01,train
G05_R0153,G05,holdout_G01,train
G05_R0154,G05,holdout_G01,train
G05_R0155,G05,holdout_G01,train
G05_R0156,G05,holdout_G01,train
G05_R0157,G05,holdout_G01,train
G05_R0158,G05,holdout_G01,train
G05_R0159,G05,holdout_G01,train
G05_R0160,G05,holdout_G01,train
G05_R0161,G05,holdout_G01,train
G05_R0162,G05,holdout_G01,train
G05_R0163,G05,holdout_G01,train
G05_R0164,G05,holdout_G01,train
G05_R0165,G05,holdout_G01,train
G05_R0166,G05,holdout_G01,train
G05_R0167,G05,holdout_G01,train
G05_R0168,G05,holdout_G01,train
G05_R0169,G05,holdout_G01,train
G05_R0170,G05,holdout_G01,train
G05_R0171,G05,holdout_G01,train
G05_R0172,G05,holdout_G01,train
G05_R0173,G05,holdout_G01,train
G05_R0174,G05,holdout_G01,train
G05_R0175,G05,holdout_G01,train
G05_R0176,G05,holdout_G01,train
G05_R0177,G05,holdout_G01,train
G05_R0178,G05,holdout_G01,train
G05_R0179,G05,holdout_G01,train
G05_R0180,G05,holdout_G01,train
G05_R0181,G05,holdout_G01,train
G05_R0182,G05,holdout_G01,train
G05_R0183,G05,holdout_G01,train
G05_R0184,G05,holdout_G01,train
G05_R0185,G05,holdout_G01,train
G05_R0186,G05,holdout_G01,train
G05_R0187,G05,holdout_G01,train
G05_R0188,G05,holdout_G01,train
G05_R0189,G05,holdout_G01,train
G05_R0190,G05,holdout_G01,train
G05_R0191,G05,holdout_G01,train
G05_R0192,G05,holdout_G01,train
G05_R0193,G05,holdout_G01,train
G05_R0194,G05,holdout_G01,train
G05_R0195,G05,holdout_G01,train
G05_R0196,G05,holdout_G01,train
G05_R0197,G05,holdout_G01,train
G05_R0198,G05,holdout_G01,train
G05_R0199,G05,holdout_G01,train
G05_R0200,G05,holdout_G01,train
G05_R0201,G05,holdout_G01,train
G05_R0202,G05,holdout_G01,train
G05_R0203,G05,holdout_G01,train
G05_R0204,G05,holdout_G01,train
G05_R0205,G05,holdout_G01,train
G05_R0206,G05,holdout_G01,train
G05_R0207,G05,holdout_G01,train
G05_R0208,G05,holdout_G01,train
G05_R0209,G05,holdout_G01,train
G05_R0210,G05,holdout_G01,train
G05_R0211,G05,holdout_G01,train
G05_R0212,G05,holdout_G01,train
G05_R0213,G05,holdout_G01,train
G05_R0214,G05,holdout_G01,train
G05_R0215,G05,holdout_G01,train
G05_R0216,G05,holdout_G01,train
G05_R0217,G05,holdout_G01,train
G05_R0218,G05,holdout_G01,train
G05_R0219,G05,holdout_G01,train
G05_R0220,G05,holdout_G01,train
G05_R0221,G05,holdout_G01,train
G05_R0222,G05,holdout_G01,train
G05_R0223,G05,holdout_G01,train
G05_R0224,G05,holdout_G01,train
G05_R0225,G05,holdout_G01,train
G05_R0226,G05,holdout_G01,train
G05_R0227,G05,holdout_G01,train
G05_R0228,G05,holdout_G01,train
G05_R0229,G05,holdout_G01,train
G05_R0230,G05,holdout_G01,train
G05_R0231,G05,holdout_G01,train
G05_R0232,G05,holdout_G01,train
G05_R0233,G05,holdout_G01,train
G05_R0234,G05,holdout_G01,train
G05_R0235,G05,holdout_G01,train
G05_R0236,G05,holdout_G01,train
G05_R0237,G05,holdout_G01,train
G05_R0238,G05,holdout_G01,train
G05_R0239,G05,holdout_G01,train
G05_R0240,G05,holdout_G01,train
G05_R0241,G05,holdout_G01,train
G05_R0242,G05,holdout_G01,train
G05_R0243,G05,holdout_G01,train
G05_R0244,G05,holdout_G01,train
G05_R0245,G05,holdout_G01,train
G05_R0246,G05,holdout_G01,train
G05_R0247,G05,holdout_G01,train
G05_R0248,G05,holdout_G01,train
G05_R0249,G05,holdout_G01,train
G05_R0250,G05,holdout_G01,train
G05_R0251,G05,holdout_G01,train
G05_R0252,G05,holdout_G01,train
G05_R0253,G05,holdout_G01,train
G05_R0254,G05,holdout_G01,train
G05_R0255,G05,holdout_G01,train
G05_R0256,G05,holdout_G01,train
G05_R0257,G05,holdout_G01,train
G05_R0258,G05,holdout_G01,train
G05_R0259,G05,holdout_G01,train
G05_R0260,G05,holdout_G01,train
G05_R0261,G05,holdout_G01,train
G05_R0262,G05,holdout_G01,train
G05_R0263,G05,holdout_G01,train
G05_R0264,G05,holdout_G01,train
G05_R0265,G05,holdout_G01,train
G05_R0266,G05,holdout_G01,train
G05_R0267,G05,holdout_G01,train
G05_R0268,G05,holdout_G01,train
G05_R0269,G05,holdout_G01,train
G05_R0270,G05,holdout_G01,train
G05_R0271,G05,holdout_G01,train
G05_R0272,G05,holdout_G01,train
G05_R0273,G05,holdout_G01,train
G05_R0274,G05,holdout_G01,train
G05_R0275,G05,holdout_G01,train
G05_R0276,G05,holdout_G01,train
G05_R0277,G05,holdout_G01,train
G05_R0278,G05,holdout_G01,train
G05_R0279,G05,holdout_G01,train
G05_R0280,G05,holdout_G01,train
G05_R0281,G05,holdout_G01,train
G05_R0282,G05,holdout_G01,train
G05_R0283,G05,holdout_G01,train
G05_R0284,G05,holdout_G01,train
G05_R0285,G05,holdout_G01,train
G05_R0286,G05,holdout_G01,train
G05_R0287,G05,holdout_G01,train
G05_R0288,G05,holdout_G01,train
G05_R0289,G05,holdout_G01,train
G05_R0290,G05,holdout_G01,train
G05_R0291,G05,holdout_G01,train
G05_R0292,G05,holdout_G01,train
G05_R0293,G05,holdout_G01,train
G05_R0294,G05,holdout_G01,train
G05_R0295,G05,holdout_G01,train
G05_R0296,G05,holdout_G01,train
G05_R0297,G05,holdout_G01,train
G05_R0298,G05,holdout_G01,train
G05_R0299,G05,holdout_G01,train
G05_R0300,G05,holdout_G01,train
G05_R0301,G05,holdout_G01,train
G05_R0302,G05,holdout_G01,train
G05_R0303,G05,holdout_G01,train
G05_R0304,G05,holdout_G01,train
G05_R0305,G05,holdout_G01,train
G05_R0306,G05,holdout_G01,train
G05_R0307,G05,holdout_G01,train
G05_R0308,G05,holdout_G01,train
G05_R0309,G05,holdout_G01,train
G05_R0310,G05,holdout_G01,train
G05_R0311,G05,holdout_G01,train
G05_R0312,G05,holdout_G01,train
G05_R0313,G05,holdout_G01,train
G05_R0314,G05,holdout_G01,train
G05_R0315,G05,holdout_G01,train
G05_R0316,G05,holdout_G01,train
G05_R0317,G05,holdout_G01,train
G05_R0318,G05,holdout_G01,train
G05_R0319,G05,holdout_G01,train
G05_R0320,G05,holdout_G01,train
G05_R0321,G05,holdout_G01,train
G05_R0322,G05,holdout_G01,train
G05_R0323,G05,holdout_G01,train
G05_R0324,G05,holdout_G01,train
G05_R0325,G05,holdout_G01,train
G05_R0326,G05,holdout_G01,train
G05_R0327,G05,holdout_G01,train
G05_R0328,G05,holdout_G01,train
G05_R0329,G05,holdout_G01,train
G05_R0330,G05,holdout_G01,train
G05_R0331,G05,holdout_G01,train
G05_R0332,G05,holdout_G01,train
G05_R0333,G05,holdout_G01,train
G05_R0334,G05,holdout_G01,train
G05_R0335,G05,holdout_G01,train
G05_R0336,G05,holdout_G01,train
G05_R0337,G05,holdout_G01,train
G05_R0338,G05,holdout_G01,train
G05_R0339,G05,holdout_G01,train
G05_R0340,G05,holdout_G01,train
G05_R0341,G05,holdout_G01,train
G05_R0342,G05,holdout_G01,train
G05_R0343,G05,holdout_G01,train
G05_R0344,G05,holdout_G01,train
G05_R0345,G05,holdout_G01,train
G05_R0346,G05,holdout_G01,train
G05_R0347,G05,holdout_G01,train
G05_R0348,G05,holdout_G01,train
G05_R0349,G05,holdout_G01,train
G05_R0350,G05,holdout_G01,train
G05_R0351,G05,holdout_G01,train
G05_R0352,G05,holdout_G01,train
G05_R0353,G05,holdout_G01,train
G05_R0354,G05,holdout_G01,train
G05_R0355,G05,holdout_G01,train
G05_R0356,G05,holdout_G01,train
G05_R0357,G05,holdout_G01,train
G05_R0358,G05,holdout_G01,train
G05_R0359,G05,holdout_G01,train
G05_R0360,G05,holdout_G01,train
G05_R0361,G05,holdout_G01,train
G05_R0362,G05,holdout_G01,train
G05_R0363,G05,holdout_G01,train
G05_R0364,G05,holdout_G01,train
G05_R0365,G05,holdout_G01,train
G05_R0366,G05,holdout_G01,train
G05_R0367,G05,holdout_G01,train
G05_R0368,G05,holdout_G01,train
G05_R0369,G05,holdout_G01,train
G05_R0370,G05,holdout_G01,train
G05_R0371,G05,holdout_G01,train
G05_R0372,G05,holdout_G01,train
G05_R0373,G05,holdout_G01,train
G05_R0374,G05,holdout_G01,train
G05_R0375,G05,holdout_G01,train
G05_R0376,G05,holdout_G01,train
G05_R0377,G05,holdout_G01,train
G05_R0378,G05,holdout_G01,train
G05_R0379,G05,holdout_G01,train
G05_R0380,G05,holdout_G01,train
G05_R0381,G05,holdout_G01,train
G05_R0382,G05,holdout_G01,train
G05_R0383,G05,holdout_G01,train
G05_R0384,G05,holdout_G01,train
G05_R0385,G05,holdout_G01,train
G05_R0386,G05,holdout_G01,train
G05_R0387,G05,holdout_G01,train
G05_R0388,G05,holdout_G01,train
G05_R0389,G05,holdout_G01,train
G05_R0390,G05,holdout_G01,train
G05_R0391,G05,holdout_G01,train
G05_R0392,G05,holdout_G01,train
G05_R0393,G05,holdout_G01,train
G05_R0394,G05,holdout_G01,train
G05_R0395,G05,holdout_G01,train
G05_R0396,G05,holdout_G01,train
G05_R0397,G05,holdout_G01,train
G05_R0398,G05,holdout_G01,train
G05_R0399,G05,holdout_G01,train
G05_R0400,G05,holdout_G01,train
G05_R0401,G05,holdout_G01,train
G05_R0402,G05,holdout_G01,train
G05_R0403,G05,holdout_G01,train
G05_R0404,G05,holdout_G01,train
G05_R0405,G05,holdout_G01,train
G05_R0406,G05,holdout_G01,train
G05_R0407,G05,holdout_G01,train
G05_R0408,G05,holdout_G01,train
G05_R0409,G05,holdout_G01,train
G05_R0410,G05,holdout_G01,train
G05_R0411,G05,holdout_G01,train
G05_R0412,G05,holdout_G01,train
G05_R0413,G05,holdout_G01,train
G05_R0414,G05,holdout_G01,train
G05_R0415,G05,holdout_G01,train
G05_R0416,G05,holdout_G01,train
G05_R0417,G05,holdout_G01,train
G05_R0418,G05,holdout_G01,train
G05_R0419,G05,holdout_G01,train
G05_R0420,G05,holdout_G01,train
G05_R0421,G05,holdout_G01,train
G05_R0422,G05,holdout_G01,train
G05_R0423,G05,holdout_G01,train
G05_R0424,G05,holdout_G01,train
G05_R0425,G05,holdout_G01,train
G05_R0426,G05,holdout_G01,train
G05_R0427,G05,holdout_G01,train
G05_R0428,G05,holdout_G01,train
G05_R0429,G05,holdout_G01,train
G05_R0430,G05,holdout_G01,train
G05_R0431,G05,holdout_G01,train
G05_R0432,G05,holdout_G01,train
G05_R0433,G05,holdout_G01,train
G05_R0434,G05,holdout_G01,train
G05_R0435,G05,holdout_G01,train
G05_R0436,G05,holdout_G01,train
G05_R0437,G05,holdout_G01,train
G05_R0438,G05,holdout_G01,train
G05_R0439,G05,holdout_G01,train
G05_R0440,G05,holdout_G01,train
G05_R0441,G05,holdout_G01,train
G05_R0442,G05,holdout_G01,train
G05_R0443,G05,holdout_G01,train
G05_R0444,G05,holdout_G01,train
G05_R0445,G05,holdout_G01,train
G05_R0446,G05,holdout_G01,train
G05_R0447,G05,holdout_G01,train
G05_R0448,G05,holdout_G01,train
G05_R0449,G05,holdout_G01,train
G05_R0450,G05,holdout_G01,train
G05_R0451,G05,holdout_G01,train
G05_R0452,G05,holdout_G01,train
G05_R0453,G05,holdout_G01,train
G05_R0454,G05,holdout_G01,train
G05_R0455,G05,holdout_G01,train
G05_R0456,G05,holdout_G01,train
G05_R0457,G05,holdout_G01,train
G05_R0458,G05,holdout_G01,train
G05_R0459,G05,holdout_G01,train
G05_R0460,G05,holdout_G01,train
G05_R0461,G05,holdout_G01,train
G05_R0462,G05,holdout_G01,train
G05_R0463,G05,holdout_G01,train
G05_R0464,G05,holdout_G01,train
G05_R0465,G05,holdout_G01,train
G05_R0466,G05,holdout_G01,train
G05_R0467,G05,holdout_G01,train
G05_R0468,G05,holdout_G01,train
G05_R0469,G05,holdout_G01,train
G05_R0470,G05,holdout_G01,train
G05_R0471,G05,holdout_G01,train
G05_R0472,G05,holdout_G01,train
G05_R0473,G05,holdout_G01,train
G05_R0474,G05,holdout_G01,train
G05_R0475,G05,holdout_G01,train
G05_R0476,G05,holdout_G01,train
G05_R0477,G05,holdout_G01,train
G05_R0478,G05,holdout_G01,train
G05_R0479,G05,holdout_G01,train
G05_R0480,G05,holdout_G01,train
G05_R0481,G05,holdout_G01,train
G05_R0482,G05,holdout_G01,train
G05_R0483,G05,holdout_G01,train
G05_R0484,G05,holdout_G01,train
G05_R0485,G05,holdout_G01,train
G05_R0486,G05,holdout_G01,train
G05_R0487,G05,holdout_G01,train
G05_R0488,G05,holdout_G01,train
G05_R0489,G05,holdout_G01,train
G05_R0490,G05,holdout_G01,train
G05_R0491,G05,holdout_G01,train
G05_R0492,G05,holdout_G01,train
G05_R0493,G05,holdout_G01,train
G05_R0494,G05,holdout_G01,train
G05_R0495,G05,holdout_G01,train
G05_R0496,G05,holdout_G01,train
G05_R0497,G05,holdout_G01,train
G05_R0498,G05,holdout_G01,train
G05_R0499,G05,holdout_G01,train
G05_R0500,G05,holdout_G01,train
G05_R0501,G05,holdout_G01,train
G05_R0502,G05,holdout_G01,train
G05_R0503,G05,holdout_G01,train
G05_R0504,G05,holdout_G01,train
G05_R0505,G05,holdout_G01,train
G05_R0506,G05,holdout_G01,train
G05_R0507,G05,holdout_G01,train
G05_R0508,G05,holdout_G01,train
G05_R0509,G05,holdout_G01,train
G05_R0510,G05,holdout_G01,train
G05_R0511,G05,holdout_G01,train
G05_R0512,G05,holdout_G01,train
G05_R0513,G05,holdout_G01,train
G05_R0514,G05,holdout_G01,train
G05_R0515,G05,holdout_G01,train
G05_R0516,G05,holdout_G01,train
G05_R0517,G05,holdout_G01,train
G05_R0518,G05,holdout_G01,train
G05_R0519,G05,holdout_G01,train
G05_R0520,G05,holdout_G01,train
G05_R0521,G05,holdout_G01,train
G05_R0522,G05,holdout_G01,train
G05_R0523,G05,holdout_G01,train
G05_R0524,G05,holdout_G01,train
G05_R0525,G05,holdout_G01,train
G05_R0526,G05,holdout_G01,train
G05_R0527,G05,holdout_G01,train
G05_R0528,G05,holdout_G01,train
G05_R0529,G05,holdout_G01,train
G05_R0530,G05,holdout_G01,train
G05_R0531,G05,holdout_G01,train
G05_R0532,G05,holdout_G01,train
G05_R0533,G05,holdout_G01,train
G05_R0534,G05,holdout_G01,train
G05_R0535,G05,holdout_G01,train
G05_R0536,G05,holdout_G01,train
G05_R0537,G05,holdout_G01,train
G05_R0538,G05,holdout_G01,train
G05_R0539,G05,holdout_G01,train
G05_R0540,G05,holdout_G01,train
G05_R0541,G05,holdout_G01,train
G05_R0542,G05,holdout_G01,train
G05_R0543,G05,holdout_G01,train
G05_R0544,G05,holdout_G01,train
G05_R0545,G05,holdout_G01,train
G05_R0546,G05,holdout_G01,train
G05_R0547,G05,holdout_G01,train
G05_R0548,G05,holdout_G01,train
G05_R0549,G05,holdout_G01,train
G05_R0550,G05,holdout_G01,train
G05_R0551,G05,holdout_G01,train
G05_R0552,G05,holdout_G01,train
G05_R0553,G05,holdout_G01,train
G05_R0554,G05,holdout_G01,train
G05_R0555,G05,holdout_G01,train
G05_R0556,G05,holdout_G01,train
G05_R0557,G05,holdout_G01,train
G05_R0558,G05,holdout_G01,train
G05_R0559,G05,holdout_G01,train
G05_R0560,G05,holdout_G01,train
G05_R0561,G05,holdout_G01,train
G05_R0562,G05,holdout_G01,train
G05_R0563,G05,holdout_G01,train
G05_R0564,G05,holdout_G01,train
G05_R0565,G05,holdout_G01,train
G05_R0566,G05,holdout_G01,train
G05_R0567,G05,holdout_G01,train
G05_R0568,G05,holdout_G01,train
G05_R0569,G05,holdout_G01,train
G05_R0570,G05,holdout_G01,train
G05_R0571,G05,holdout_G01,train
G05_R0572,G05,holdout_G01,train
G05_R0573,G05,holdout_G01,train
G05_R0574,G05,holdout_G01,train
G05_R0575,G05,holdout_G01,train
G05_R0576,G05,holdout_G01,train
G05_R0577,G05,holdout_G01,train
G05_R0578,G05,holdout_G01,train
G05_R0579,G05,holdout_G01,train
G05_R0580,G05,holdout_G01,train
G05_R0581,G05,holdout_G01,train
G05_R0582,G05,holdout_G01,train
G05_R0583,G05,holdout_G01,train
G05_R0584,G05,holdout_G01,train
G05_R0585,G05,holdout_G01,train
G05_R0586,G05,holdout_G01,train
G05_R0587,G05,holdout_G01,train
G05_R0588,G05,holdout_G01,train
G05_R0589,G05,holdout_G01,train
G05_R0590,G05,holdout_G01,train
G05_R0591,G05,holdout_G01,train
G05_R0592,G05,holdout_G01,train
G05_R0593,G05,holdout_G01,train
G05_R0594,G05,holdout_G01,train
G05_R0595,G05,holdout_G01,train
G05_R0596,G05,holdout_G01,train
G05_R0597,G05,holdout_G01,train
G05_R0598,G05,holdout_G01,train
G05_R0599,G05,holdout_G01,train
G05_R0600,G05,holdout_G01,train
G05_R0601,G05,holdout_G01,train
G05_R0602,G05,holdout_G01,train
G05_R0603,G05,holdout_G01,train
G05_R0604,G05,holdout_G01,train
G05_R0605,G05,holdout_G01,train
G05_R0606,G05,holdout_G01,train
G05_R0607,G05,holdout_G01,train
G05_R0608,G05,holdout_G01,train
G05_R0609,G05,holdout_G01,train
G05_R0610,G05,holdout_G01,train
G05_R0611,G05,holdout_G01,train
G05_R0612,G05,holdout_G01,train
G05_R0613,G05,holdout_G01,train
G05_R0614,G05,holdout_G01,train
G05_R0615,G05,holdout_G01,train
G05_R0616,G05,holdout_G01,train
G05_R0617,G05,holdout_G01,train
G05_R0618,G05,holdout_G01,train
G05_R0619,G05,holdout_G01,train
G05_R0620,G05,holdout_G01,train
G05_R0621,G05,holdout_G01,train
G05_R0622,G05,holdout_G01,train
G05_R0623,G05,holdout_G01,train
G05_R0624,G05,holdout_G01,train
G05_R0625,G05,holdout_G01,train
G05_R0626,G05,holdout_G01,train
G05_R0627,G05,holdout_G01,train
G05_R0628,G05,holdout_G01,train
G05_R0629,G05,holdout_G01,train
G05_R0630,G05,holdout_G01,train
G05_R0631,G05,holdout_G01,train
G05_R0632,G05,holdout_G01,train
G05_R0633,G05,holdout_G01,train
G05_R0634,G05,holdout_G01,train
G05_R0635,G05,holdout_G01,train
G05_R0636,G05,holdout_G01,train
G05_R0637,G05,holdout_G01,train
G05_R0638,G05,holdout_G01,train
G05_R0639,G05,holdout_G01,train
G05_R0640,G05,holdout_G01,train
G05_R0641,G05,holdout_G01,train
G05_R0642,G05,holdout_G01,train
G05_R0643,G05,holdout_G01,train
G05_R0644,G05,holdout_G01,train
G05_R0645,G05,holdout_G01,train
G05_R0646,G05,holdout_G01,train
G05_R0647,G05,holdout_G01,train
G05_R0648,G05,holdout_G01,train
G05_R0649,G05,holdout_G01,train
G05_R0650,G05,holdout_G01,train
G05_R0651,G05,holdout_G01,train
G05_R0652,G05,holdout_G01,train
G05_R0653,G05,holdout_G01,train
G05_R0654,G05,holdout_G01,train
G05_R0655,G05,holdout_G01,train
G05_R0656,G05,holdout_G01,train
G05_R0657,G05,holdout_G01,train
G05_R0658,G05,holdout_G01,train
G05_R0659,G05,holdout_G01,train
G05_R0660,G05,holdout_G01,train
G05_R0661,G05,holdout_G01,train
G05_R0662,G05,holdout_G01,train
G05_R0663,G05,holdout_G01,train
G05_R0664,G05,holdout_G01,train
G05_R0665,G05,holdout_G01,train
G05_R0666,G05,holdout_G01,train
G05_R0667,G05,holdout_G01,train
G05_R0668,G05,holdout_G01,train
G05_R0669,G05,holdout_G01,train
G05_R0670,G05,holdout_G01,train
G05_R0671,G05,holdout_G01,train
G05_R0672,G05,holdout_G01,train
G05_R0673,G05,holdout_G01,train
G05_R0674,G05,holdout_G01,train
G05_R0675,G05,holdout_G01,train
G05_R0676,G05,holdout_G01,train
G05_R0677,G05,holdout_G01,train
G05_R0678,G05,holdout_G01,train
G05_R0679,G05,holdout_G01,train
G05_R0680,G05,holdout_G01,train
G05_R0681,G05,holdout_G01,train
G05_R0682,G05,holdout_G01,train
G05_R0683,G05,holdout_G01,train
G05_R0684,G05,holdout_G01,train
G05_R0685,G05,holdout_G01,train
G05_R0686,G05,holdout_G01,train
G05_R0687,G05,holdout_G01,train
G05_R0688,G05,holdout_G01,train
G05_R0689,G05,holdout_G01,train
G05_R0690,G05,holdout_G01,train
G05_R0691,G05,holdout_G01,train
G05_R0692,G05,holdout_G01,train
G05_R0693,G05,holdout_G01,train
G05_R0694,G05,holdout_G01,train
G05_R0695,G05,holdout_G01,train
G05_R0696,G05,holdout_G01,train
G05_R0697,G05,holdout_G01,train
G05_R0698,G05,holdout_G01,train
G05_R0699,G05,holdout_G01,train
G05_R0700,G05,holdout_G01,train
G05_R0701,G05,holdout_G01,train
G05_R0702,G05,holdout_G01,train
G05_R0703,G05,holdout_G01,train
G05_R0704,G05,holdout_G01,train
G05_R0705,G05,holdout_G01,train
G05_R0706,G05,holdout_G01,train
G05_R0707,G05,holdout_G01,train
G05_R0708,G05,holdout_G01,train
G05_R0709,G05,holdout_G01,train
G05_R0710,G05,holdout_G01,train
G05_R0711,G05,holdout_G01,train
G05_R0712,G05,holdout_G01,train
G05_R0713,G05,holdout_G01,train
G05_R0714,G05,holdout_G01,train
G05_R0715,G05,holdout_G01,train
G05_R0716,G05,holdout_G01,train
G05_R0717,G05,holdout_G01,train
G05_R0718,G05,holdout_G01,train
G05_R0719,G05,holdout_G01,train
G05_R0720,G05,holdout_G01,train
G05_R0721,G05,holdout_G01,train
G05_R0722,G05,holdout_G01,train
G05_R0723,G05,holdout_G01,train
G05_R0724,G05,holdout_G01,train
G05_R0725,G05,holdout_G01,train
G05_R0726,G05,holdout_G01,train
G05_R0727,G05,holdout_G01,train
G05_R0728,G05,holdout_G01,train
G05_R0729,G05,holdout_G01,train
G05_R0730,G05,holdout_G01,train
G05_R0731,G05,holdout_G01,train
G05_R0732,G05,holdout_G01,train
G05_R0733,G05,holdout_G01,train
G05_R0734,G05,holdout_G01,train
G05_R0735,G05,holdout_G01,train
G05_R0736,G05,holdout_G01,train
G05_R0737,G05,holdout_G01,train
G05_R0738,G05,holdout_G01,train
G05_R0739,G05,holdout_G01,train
G05_R0740,G05,holdout_G01,train
G05_R0741,G05,holdout_G01,train
G05_R0742,G05,holdout_G01,train
G05_R0743,G05,holdout_G01,train
G05_R0744,G05,holdout_G01,train
G05_R0745,G05,holdout_G01,train
G05_R0746,G05,holdout_G01,train
G05_R0747,G05,holdout_G01,train
G05_R0748,G05,holdout_G01,train
G05_R0749,G05,holdout_G01,train
G05_R0750,G05,holdout_G01,train
G05_R0751,G05,holdout_G01,train
G05_R0752,G05,holdout_G01,train
G05_R0753,G05,holdout_G01,train
G05_R0754,G05,holdout_G01,train
G05_R0755,G05,holdout_G01,train
G05_R0756,G05,holdout_G01,train
G05_R0757,G05,holdout_G01,train
G05_R0758,G05,holdout_G01,train
G05_R0759,G05,holdout_G01,train
G05_R0760,G05,holdout_G01,train
G05_R0761,G05,holdout_G01,train
G05_R0762,G05,holdout_G01,train
G05_R0763,G05,holdout_G01,train
G05_R0764,G05,holdout_G01,train
G05_R0765,G05,holdout_G01,train
G05_R0766,G05,holdout_G01,train
G05_R0767,G05,holdout_G01,train
G05_R0768,G05,holdout_G01,train
G06_R0001,G06,holdout_G01,train
G06_R0002,G06,holdout_G01,train
G06_R0003,G06,holdout_G01,train
G06_R0004,G06,holdout_G01,train
G06_R0005,G06,holdout_G01,train
G06_R0006,G06,holdout_G01,train
G06_R0007,G06,holdout_G01,train
G06_R0008,G06,holdout_G01,train
G06_R0009,G06,holdout_G01,train
G06_R0010,G06,holdout_G01,train
G06_R0011,G06,holdout_G01,train
G06_R0012,G06,holdout_G01,train
G06_R0013,G06,holdout_G01,train
G06_R0014,G06,holdout_G01,train
G06_R0015,G06,holdout_G01,train
G06_R0016,G06,holdout_G01,train
G06_R0017,G06,holdout_G01,train
G06_R0018,G06,holdout_G01,train
G06_R0019,G06,holdout_G01,train
G06_R0020,G06,holdout_G01,train
G06_R0021,G06,holdout_G01,train
G06_R0022,G06,holdout_G01,train
G06_R0023,G06,holdout_G01,train
G06_R0024,G06,holdout_G01,train
G06_R0025,G06,holdout_G01,train
G06_R0026,G06,holdout_G01,train
G06_R0027,G06,holdout_G01,train
G06_R0028,G06,holdout_G01,train
G06_R0029,G06,holdout_G01,train
G06_R0030,G06,holdout_G01,train
G06_R0031,G06,holdout_G01,train
G06_R0032,G06,holdout_G01,train
G06_R0033,G06,holdout_G01,train
G06_R0034,G06,holdout_G01,train
G06_R0035,G06,holdout_G01,train
G06_R0036,G06,holdout_G01,train
G06_R0037,G06,holdout_G01,train
G06_R0038,G06,holdout_G01,train
G06_R0039,G06,holdout_G01,train
G06_R0040,G06,holdout_G01,train
G06_R0041,G06,holdout_G01,train
G06_R0042,G06,holdout_G01,train
G06_R0043,G06,holdout_G01,train
G06_R0044,G06,holdout_G01,train
G06_R0045,G06,holdout_G01,train
G06_R0046,G06,holdout_G01,train
G06_R0047,G06,holdout_G01,train
G06_R0048,G06,holdout_G01,train
G06_R0049,G06,holdout_G01,train
G06_R0050,G06,holdout_G01,train
G06_R0051,G06,holdout_G01,train
G06_R0052,G06,holdout_G01,train
G06_R0053,G06,holdout_G01,train
G06_R0054,G06,holdout_G01,train
G06_R0055,G06,holdout_G01,train
G06_R0056,G06,holdout_G01,train
G06_R0057,G06,holdout_G01,train
G06_R0058,G06,holdout_G01,train
G06_R0059,G06,holdout_G01,train
G06_R0060,G06,holdout_G01,train
G06_R0061,G06,holdout_G01,train
G06_R0062,G06,holdout_G01,train
G06_R0063,G06,holdout_G01,train
G06_R0064,G06,holdout_G01,train
G06_R0065,G06,holdout_G01,train
G06_R0066,G06,holdout_G01,train
G06_R0067,G06,holdout_G01,train
G06_R0068,G06,holdout_G01,train
G06_R0069,G06,holdout_G01,train
G06_R0070,G06,holdout_G01,train
G06_R0071,G06,holdout_G01,train
G06_R0072,G06,holdout_G01,train
G06_R0073,G06,holdout_G01,train
G06_R0074,G06,holdout_G01,train
G06_R0075,G06,holdout_G01,train
G06_R0076,G06,holdout_G01,train
G06_R0077,G06,holdout_G01,train
G06_R0078,G06,holdout_G01,train
G06_R0079,G06,holdout_G01,train
G06_R0080,G06,holdout_G01,train
G06_R0081,G06,holdout_G01,train
G06_R0082,G06,holdout_G01,train
G06_R0083,G06,holdout_G01,train
G06_R0084,G06,holdout_G01,train
G06_R0085,G06,holdout_G01,train
G06_R0086,G06,holdout_G01,train
G06_R0087,G06,holdout_G01,train
G06_R0088,G06,holdout_G01,train
G06_R0089,G06,holdout_G01,train
G06_R0090,G06,holdout_G01,train
G06_R0091,G06,holdout_G01,train
G06_R0092,G06,holdout_G01,train
G06_R0093,G06,holdout_G01,train
G06_R0094,G06,holdout_G01,train
G06_R0095,G06,holdout_G01,train
G06_R0096,G06,holdout_G01,train
G06_R0097,G06,holdout_G01,train
G06_R0098,G06,holdout_G01,train
G06_R0099,G06,holdout_G01,train
G06_R0100,G06,holdout_G01,train
G06_R0101,G06,holdout_G01,train
G06_R0102,G06,holdout_G01,train
G06_R0103,G06,holdout_G01,train
G06_R0104,G06,holdout_G01,train
G06_R0105,G06,holdout_G01,train
G06_R0106,G06,holdout_G01,train
G06_R0107,G06,holdout_G01,train
G06_R0108,G06,holdout_G01,train
G06_R0109,G06,holdout_G01,train
G06_R0110,G06,holdout_G01,train
G06_R0111,G06,holdout_G01,train
G06_R0112,G06,holdout_G01,train
G06_R0113,G06,holdout_G01,train
G06_R0114,G06,holdout_G01,train
G06_R0115,G06,holdout_G01,train
G06_R0116,G06,holdout_G01,train
G06_R0117,G06,holdout_G01,train
G06_R0118,G06,holdout_G01,train
G06_R0119,G06,holdout_G01,train
G06_R0120,G06,holdout_G01,train
G06_R0121,G06,holdout_G01,train
G06_R0122,G06,holdout_G01,train
G06_R0123,G06,holdout_G01,train
G06_R0124,G06,holdout_G01,train
G06_R0125,G06,holdout_G01,train
G06_R0126,G06,holdout_G01,train
G06_R0127,G06,holdout_G01,train
G06_R0128,G06,holdout_G01,train
G06_R0129,G06,holdout_G01,train
G06_R0130,G06,holdout_G01,train
G06_R0131,G06,holdout_G01,train
G06_R0132,G06,holdout_G01,train
G06_R0133,G06,holdout_G01,train
G06_R0134,G06,holdout_G01,train
G06_R0135,G06,holdout_G01,train
G06_R0136,G06,holdout_G01,train
G06_R0137,G06,holdout_G01,train
G06_R0138,G06,holdout_G01,train
G06_R0139,G06,holdout_G01,train
G06_R0140,G06,holdout_G01,train
G06_R0141,G06,holdout_G01,train
G06_R0142,G06,holdout_G01,train
G06_R0143,G06,holdout_G01,train
G06_R0144,G06,holdout_G01,train
G06_R0145,G06,holdout_G01,train
G06_R0146,G06,holdout_G01,train
G06_R0147,G06,holdout_G01,train
G06_R0148,G06,holdout_G01,train
G06_R0149,G06,holdout_G01,train
G06_R0150,G06,holdout_G01,train
G06_R0151,G06,holdout_G01,train
G06_R0152,G06,holdout_G01,train
G06_R0153,G06,holdout_G01,train
G06_R0154,G06,holdout_G01,train
G06_R0155,G06,holdout_G01,train
G06_R0156,G06,holdout_G01,train
G06_R0157,G06,holdout_G01,train
G06_R0158,G06,holdout_G01,train
G06_R0159,G06,holdout_G01,train
G06_R0160,G06,holdout_G01,train
G06_R0161,G06,holdout_G01,train
G06_R0162,G06,holdout_G01,train
G06_R0163,G06,holdout_G01,train
G06_R0164,G06,holdout_G01,train
G06_R0165,G06,holdout_G01,train
G06_R0166,G06,holdout_G01,train
G06_R0167,G06,holdout_G01,train
G06_R0168,G06,holdout_G01,train
G06_R0169,G06,holdout_G01,train
G06_R0170,G06,holdout_G01,train
G06_R0171,G06,holdout_G01,train
G06_R0172,G06,holdout_G01,train
G06_R0173,G06,holdout_G01,train
G06_R0174,G06,holdout_G01,train
G06_R0175,G06,holdout_G01,train
G06_R0176,G06,holdout_G01,train
G06_R0177,G06,holdout_G01,train
G06_R0178,G06,holdout_G01,train
G06_R0179,G06,holdout_G01,train
G06_R0180,G06,holdout_G01,train
G06_R0181,G06,holdout_G01,train
G06_R0182,G06,holdout_G01,train
G06_R0183,G06,holdout_G01,train
G06_R0184,G06,holdout_G01,train
G06_R0185,G06,holdout_G01,train
G06_R0186,G06,holdout_G01,train
G06_R0187,G06,holdout_G01,train
G06_R0188,G06,holdout_G01,train
G06_R0189,G06,holdout_G01,train
G06_R0190,G06,holdout_G01,train
G06_R0191,G06,holdout_G01,train
G06_R0192,G06,holdout_G01,train
G06_R0193,G06,holdout_G01,train
G06_R0194,G06,holdout_G01,train
G06_R0195,G06,holdout_G01,train
G06_R0196,G06,holdout_G01,train
G06_R0197,G06,holdout_G01,train
G06_R0198,G06,holdout_G01,train
G06_R0199,G06,holdout_G01,train
G06_R0200,G06,holdout_G01,train
G06_R0201,G06,holdout_G01,train
G06_R0202,G06,holdout_G01,train
G06_R0203,G06,holdout_G01,train
G06_R0204,G06,holdout_G01,train
G06_R0205,G06,holdout_G01,train
G06_R0206,G06,holdout_G01,train
G06_R0207,G06,holdout_G01,train
G06_R0208,G06,holdout_G01,train
G06_R0209,G06,holdout_G01,train
G06_R0210,G06,holdout_G01,train
G06_R0211,G06,holdout_G01,train
G06_R0212,G06,holdout_G01,train
G06_R0213,G06,holdout_G01,train
G06_R0214,G06,holdout_G01,train
G06_R0215,G06,holdout_G01,train
G06_R0216,G06,holdout_G01,train
G06_R0217,G06,holdout_G01,train
G06_R0218,G06,holdout_G01,train
G06_R0219,G06,holdout_G01,train
G06_R0220,G06,holdout_G01,train
G06_R0221,G06,holdout_G01,train
G06_R0222,G06,holdout_G01,train
G06_R0223,G06,holdout_G01,train
G06_R0224,G06,holdout_G01,train
G06_R0225,G06,holdout_G01,train
G06_R0226,G06,holdout_G01,train
G06_R0227,G06,holdout_G01,train
G06_R0228,G06,holdout_G01,train
G06_R0229,G06,holdout_G01,train
G06_R0230,G06,holdout_G01,train
G06_R0231,G06,holdout_G01,train
G06_R0232,G06,holdout_G01,train
G06_R0233,G06,holdout_G01,train
G06_R0234,G06,holdout_G01,train
G06_R0235,G06,holdout_G01,train
G06_R0236,G06,holdout_G01,train
G06_R0237,G06,holdout_G01,train
G06_R0238,G06,holdout_G01,train
G06_R0239,G06,holdout_G01,train
G06_R0240,G06,holdout_G01,train
G06_R0241,G06,holdout_G01,train
G06_R0242,G06,holdout_G01,train
G06_R0243,G06,holdout_G01,train
G06_R0244,G06,holdout_G01,train
G06_R0245,G06,holdout_G01,train
G06_R0246,G06,holdout_G01,train
G06_R0247,G06,holdout_G01,train
G06_R0248,G06,holdout_G01,train
G06_R0249,G06,holdout_G01,train
G06_R0250,G06,holdout_G01,train
G06_R0251,G06,holdout_G01,train
G06_R0252,G06,holdout_G01,train
G06_R0253,G06,holdout_G01,train
G06_R0254,G06,holdout_G01,train
G06_R0255,G06,holdout_G01,train
G06_R0256,G06,holdout_G01,train
G06_R0257,G06,holdout_G01,train
G06_R0258,G06,holdout_G01,train
G06_R0259,G06,holdout_G01,train
G06_R0260,G06,holdout_G01,train
G06_R0261,G06,holdout_G01,train
G06_R0262,G06,holdout_G01,train
G06_R0263,G06,holdout_G01,train
G06_R0264,G06,holdout_G01,train
G06_R0265,G06,holdout_G01,train
G06_R0266,G06,holdout_G01,train
G06_R0267,G06,holdout_G01,train
G06_R0268,G06,holdout_G01,train
G06_R0269,G06,holdout_G01,train
G06_R0270,G06,holdout_G01,train
G06_R0271,G06,holdout_G01,train
G06_R0272,G06,holdout_G01,train
G06_R0273,G06,holdout_G01,train
G06_R0274,G06,holdout_G01,train
G06_R0275,G06,holdout_G01,train
G06_R0276,G06,holdout_G01,train
G06_R0277,G06,holdout_G01,train
G06_R0278,G06,holdout_G01,train
G06_R0279,G06,holdout_G01,train
G06_R0280,G06,holdout_G01,train
G06_R0281,G06,holdout_G01,train
G06_R0282,G06,holdout_G01,train
G06_R0283,G06,holdout_G01,train
G06_R0284,G06,holdout_G01,train
G06_R0285,G06,holdout_G01,train
G06_R0286,G06,holdout_G01,train
G06_R0287,G06,holdout_G01,train
G06_R0288,G06,holdout_G01,train
G06_R0289,G06,holdout_G01,train
G06_R0290,G06,holdout_G01,train
G06_R0291,G06,holdout_G01,train
G06_R0292,G06,holdout_G01,train
G06_R0293,G06,holdout_G01,train
G06_R0294,G06,holdout_G01,train
G06_R0295,G06,holdout_G01,train
G06_R0296,G06,holdout_G01,train
G06_R0297,G06,holdout_G01,train
G06_R0298,G06,holdout_G01,train
G06_R0299,G06,holdout_G01,train
G06_R0300,G06,holdout_G01,train
G06_R0301,G06,holdout_G01,train
G06_R0302,G06,holdout_G01,train
G06_R0303,G06,holdout_G01,train
G06_R0304,G06,holdout_G01,train
G06_R0305,G06,holdout_G01,train
G06_R0306,G06,holdout_G01,train
G06_R0307,G06,holdout_G01,train
G06_R0308,G06,holdout_G01,train
G06_R0309,G06,holdout_G01,train
G06_R0310,G06,holdout_G01,train
G06_R0311,G06,holdout_G01,train
G06_R0312,G06,holdout_G01,train
G06_R0313,G06,holdout_G01,train
G06_R0314,G06,holdout_G01,train
G06_R0315,G06,holdout_G01,train
G06_R0316,G06,holdout_G01,train
G06_R0317,G06,holdout_G01,train
G06_R0318,G06,holdout_G01,train
G06_R0319,G06,holdout_G01,train
G06_R0320,G06,holdout_G01,train
G06_R0321,G06,holdout_G01,train
G06_R0322,G06,holdout_G01,train
G06_R0323,G06,holdout_G01,train
G06_R0324,G06,holdout_G01,train
G06_R0325,G06,holdout_G01,train
G06_R0326,G06,holdout_G01,train
G06_R0327,G06,holdout_G01,train
G06_R0328,G06,holdout_G01,train
G06_R0329,G06,holdout_G01,train
G06_R0330,G06,holdout_G01,train
G06_R0331,G06,holdout_G01,train
G06_R0332,G06,holdout_G01,train
G06_R0333,G06,holdout_G01,train
G06_R0334,G06,holdout_G01,train
G06_R0335,G06,holdout_G01,train
G06_R0336,G06,holdout_G01,train
G06_R0337,G06,holdout_G01,train
G06_R0338,G06,holdout_G01,train
G06_R0339,G06,holdout_G01,train
G06_R0340,G06,holdout_G01,train
G06_R0341,G06,holdout_G01,train
G06_R0342,G06,holdout_G01,train
G06_R0343,G06,holdout_G01,train
G06_R0344,G06,holdout_G01,train
G06_R0345,G06,holdout_G01,train
G06_R0346,G06,holdout_G01,train
G06_R0347,G06,holdout_G01,train
G06_R0348,G06,holdout_G01,train
G06_R0349,G06,holdout_G01,train
G06_R0350,G06,holdout_G01,train
G06_R0351,G06,holdout_G01,train
G06_R0352,G06,holdout_G01,train
G06_R0353,G06,holdout_G01,train
G06_R0354,G06,holdout_G01,train
G06_R0355,G06,holdout_G01,train
G06_R0356,G06,holdout_G01,train
G06_R0357,G06,holdout_G01,train
G06_R0358,G06,holdout_G01,train
G06_R0359,G06,holdout_G01,train
G06_R0360,G06,holdout_G01,train
G06_R0361,G06,holdout_G01,train
G06_R0362,G06,holdout_G01,train
G06_R0363,G06,holdout_G01,train
G06_R0364,G06,holdout_G01,train
G06_R0365,G06,holdout_G01,train
G06_R0366,G06,holdout_G01,train
G06_R0367,G06,holdout_G01,train
G06_R0368,G06,holdout_G01,train
G06_R0369,G06,holdout_G01,train
G06_R0370,G06,holdout_G01,train
G06_R0371,G06,holdout_G01,train
G06_R0372,G06,holdout_G01,train
G06_R0373,G06,holdout_G01,train
G06_R0374,G06,holdout_G01,train
G06_R0375,G06,holdout_G01,train
G06_R0376,G06,holdout_G01,train
G06_R0377,G06,holdout_G01,train
G06_R0378,G06,holdout_G01,train
G06_R0379,G06,holdout_G01,train
G06_R0380,G06,holdout_G01,train
G06_R0381,G06,holdout_G01,train
G06_R0382,G06,holdout_G01,train
G06_R0383,G06,holdout_G01,train
G06_R0384,G06,holdout_G01,train
G06_R0385,G06,holdout_G01,train
G06_R0386,G06,holdout_G01,train
G06_R0387,G06,holdout_G01,train
G06_R0388,G06,holdout_G01,train
G06_R0389,G06,holdout_G01,train
G06_R0390,G06,holdout_G01,train
G06_R0391,G06,holdout_G01,train
G06_R0392,G06,holdout_G01,train
G06_R0393,G06,holdout_G01,train
G06_R0394,G06,holdout_G01,train
G06_R0395,G06,holdout_G01,train
G06_R0396,G06,holdout_G01,train
G06_R0397,G06,holdout_G01,train
G06_R0398,G06,holdout_G01,train
G06_R0399,G06,holdout_G01,train
G06_R0400,G06,holdout_G01,train
G06_R0401,G06,holdout_G01,train
G06_R0402,G06,holdout_G01,train
G06_R0403,G06,holdout_G01,train
G06_R0404,G06,holdout_G01,train
G06_R0405,G06,holdout_G01,train
G06_R0406,G06,holdout_G01,train
G06_R0407,G06,holdout_G01,train
G06_R0408,G06,holdout_G01,train
G06_R0409,G06,holdout_G01,train
G06_R0410,G06,holdout_G01,train
G06_R0411,G06,holdout_G01,train
G06_R0412,G06,holdout_G01,train
G06_R0413,G06,holdout_G01,train
G06_R0414,G06,holdout_G01,train
G06_R0415,G06,holdout_G01,train
G06_R0416,G06,holdout_G01,train
G06_R0417,G06,holdout_G01,train
G06_R0418,G06,holdout_G01,train
G06_R0419,G06,holdout_G01,train
G06_R0420,G06,holdout_G01,train
G06_R0421,G06,holdout_G01,train
G06_R0422,G06,holdout_G01,train
G06_R0423,G06,holdout_G01,train
G06_R0424,G06,holdout_G01,train
G06_R0425,G06,holdout_G01,train
G06_R0426,G06,holdout_G01,train
G06_R0427,G06,holdout_G01,train
G06_R0428,G06,holdout_G01,train
G06_R0429,G06,holdout_G01,train
G06_R0430,G06,holdout_G01,train
G06_R0431,G06,holdout_G01,train
G06_R0432,G06,holdout_G01,train
G06_R0433,G06,holdout_G01,train
G06_R0434,G06,holdout_G01,train
G06_R0435,G06,holdout_G01,train
G06_R0436,G06,holdout_G01,train
G06_R0437,G06,holdout_G01,train
G06_R0438,G06,holdout_G01,train
G06_R0439,G06,holdout_G01,train
G06_R0440,G06,holdout_G01,train
G06_R0441,G06,holdout_G01,train
G06_R0442,G06,holdout_G01,train
G06_R0443,G06,holdout_G01,train
G06_R0444,G06,holdout_G01,train
G06_R0445,G06,holdout_G01,train
G06_R0446,G06,holdout_G01,train
G06_R0447,G06,holdout_G01,train
G06_R0448,G06,holdout_G01,train
G06_R0449,G06,holdout_G01,train
G06_R0450,G06,holdout_G01,train
G06_R0451,G06,holdout_G01,train
G06_R0452,G06,holdout_G01,train
G06_R0453,G06,holdout_G01,train
G06_R0454,G06,holdout_G01,train
G06_R0455,G06,holdout_G01,train
G06_R0456,G06,holdout_G01,train
G06_R0457,G06,holdout_G01,train
G06_R0458,G06,holdout_G01,train
G06_R0459,G06,holdout_G01,train
G06_R0460,G06,holdout_G01,train
G06_R0461,G06,holdout_G01,train
G06_R0462,G06,holdout_G01,train
G06_R0463,G06,holdout_G01,train
G06_R0464,G06,holdout_G01,train
G06_R0465,G06,holdout_G01,train
G06_R0466,G06,holdout_G01,train
G06_R0467,G06,holdout_G01,train
G06_R0468,G06,holdout_G01,train
G06_R0469,G06,holdout_G01,train
G06_R0470,G06,holdout_G01,train
G06_R0471,G06,holdout_G01,train
G06_R0472,G06,holdout_G01,train
G06_R0473,G06,holdout_G01,train
G06_R0474,G06,holdout_G01,train
G06_R0475,G06,holdout_G01,train
G06_R0476,G06,holdout_G01,train
G06_R0477,G06,holdout_G01,train
G06_R0478,G06,holdout_G01,train
G06_R0479,G06,holdout_G01,train
G06_R0480,G06,holdout_G01,train
G06_R0481,G06,holdout_G01,train
G06_R0482,G06,holdout_G01,train
G06_R0483,G06,holdout_G01,train
G06_R0484,G06,holdout_G01,train
G06_R0485,G06,holdout_G01,train
G06_R0486,G06,holdout_G01,train
G06_R0487,G06,holdout_G01,train
G06_R0488,G06,holdout_G01,train
G06_R0489,G06,holdout_G01,train
G06_R0490,G06,holdout_G01,train
G06_R0491,G06,holdout_G01,train
G06_R0492,G06,holdout_G01,train
G06_R0493,G06,holdout_G01,train
G06_R0494,G06,holdout_G01,train
G06_R0495,G06,holdout_G01,train
G06_R0496,G06,holdout_G01,train
G06_R0497,G06,holdout_G01,train
G06_R0498,G06,holdout_G01,train
G06_R0499,G06,holdout_G01,train
G06_R0500,G06,holdout_G01,train
G06_R0501,G06,holdout_G01,train
G06_R0502,G06,holdout_G01,train
G06_R0503,G06,holdout_G01,train
G06_R0504,G06,holdout_G01,train
G06_R0505,G06,holdout_G01,train
G06_R0506,G06,holdout_G01,train
G06_R0507,G06,holdout_G01,train
G06_R0508,G06,holdout_G01,train
G06_R0509,G06,holdout_G01,train
G06_R0510,G06,holdout_G01,train
G06_R0511,G06,holdout_G01,train
G06_R0512,G06,holdout_G01,train
G06_R0513,G06,holdout_G01,train
G06_R0514,G06,holdout_G01,train
G06_R0515,G06,holdout_G01,train
G06_R0516,G06,holdout_G01,train
G06_R0517,G06,holdout_G01,train
G06_R0518,G06,holdout_G01,train
G06_R0519,G06,holdout_G01,train
G06_R0520,G06,holdout_G01,train
G06_R0521,G06,holdout_G01,train
G06_R0522,G06,holdout_G01,train
G06_R0523,G06,holdout_G01,train
G06_R0524,G06,holdout_G01,train
G06_R0525,G06,holdout_G01,train
G06_R0526,G06,holdout_G01,train
G06_R0527,G06,holdout_G01,train
G06_R0528,G06,holdout_G01,train
G06_R0529,G06,holdout_G01,train
G06_R0530,G06,holdout_G01,train
G06_R0531,G06,holdout_G01,train
G06_R0532,G06,holdout_G01,train
G06_R0533,G06,holdout_G01,train
G06_R0534,G06,holdout_G01,train
G06_R0535,G06,holdout_G01,train
G06_R0536,G06,holdout_G01,train
G06_R0537,G06,holdout_G01,train
G06_R0538,G06,holdout_G01,train
G06_R0539,G06,holdout_G01,train
G06_R0540,G06,holdout_G01,train
G06_R0541,G06,holdout_G01,train
G06_R0542,G06,holdout_G01,train
G06_R0543,G06,holdout_G01,train
G06_R0544,G06,holdout_G01,train
G06_R0545,G06,holdout_G01,train
G06_R0546,G06,holdout_G01,train
G06_R0547,G06,holdout_G01,train
G06_R0548,G06,holdout_G01,train
G06_R0549,G06,holdout_G01,train
G06_R0550,G06,holdout_G01,train
G06_R0551,G06,holdout_G01,train
G06_R0552,G06,holdout_G01,train
G06_R0553,G06,holdout_G01,train
G06_R0554,G06,holdout_G01,train
G06_R0555,G06,holdout_G01,train
G06_R0556,G06,holdout_G01,train
G06_R0557,G06,holdout_G01,train
G06_R0558,G06,holdout_G01,train
G06_R0559,G06,holdout_G01,train
G06_R0560,G06,holdout_G01,train
G06_R0561,G06,holdout_G01,train
G06_R0562,G06,holdout_G01,train
G06_R0563,G06,holdout_G01,train
G06_R0564,G06,holdout_G01,train
G06_R0565,G06,holdout_G01,train
G06_R0566,G06,holdout_G01,train
G06_R0567,G06,holdout_G01,train
G06_R0568,G06,holdout_G01,train
G06_R0569,G06,holdout_G01,train
G06_R0570,G06,holdout_G01,train
G06_R0571,G06,holdout_G01,train
G06_R0572,G06,holdout_G01,train
G06_R0573,G06,holdout_G01,train
G06_R0574,G06,holdout_G01,train
G06_R0575,G06,holdout_G01,train
G06_R0576,G06,holdout_G01,train
G06_R0577,G06,holdout_G01,train
G06_R0578,G06,holdout_G01,train
G06_R0579,G06,holdout_G01,train
G06_R0580,G06,holdout_G01,train
G06_R0581,G06,holdout_G01,train
G06_R0582,G06,holdout_G01,train
G06_R0583,G06,holdout_G01,train
G06_R0584,G06,holdout_G01,train
G06_R0585,G06,holdout_G01,train
G06_R0586,G06,holdout_G01,train
G06_R0587,G06,holdout_G01,train
G06_R0588,G06,holdout_G01,train
G06_R0589,G06,holdout_G01,train
G06_R0590,G06,holdout_G01,train
G06_R0591,G06,holdout_G01,train
G06_R0592,G06,holdout_G01,train
G06_R0593,G06,holdout_G01,train
G06_R0594,G06,holdout_G01,train
G06_R0595,G06,holdout_G01,train
G06_R0596,G06,holdout_G01,train
G06_R0597,G06,holdout_G01,train
G06_R0598,G06,holdout_G01,train
G06_R0599,G06,holdout_G01,train
G06_R0600,G06,holdout_G01,train
G06_R0601,G06,holdout_G01,train
G06_R0602,G06,holdout_G01,train
G06_R0603,G06,holdout_G01,train
G06_R0604,G06,holdout_G01,train
G06_R0605,G06,holdout_G01,train
G06_R0606,G06,holdout_G01,train
G06_R0607,G06,holdout_G01,train
G06_R0608,G06,holdout_G01,train
G06_R0609,G06,holdout_G01,train
G06_R0610,G06,holdout_G01,train
G06_R0611,G06,holdout_G01,train
G06_R0612,G06,holdout_G01,train
G06_R0613,G06,holdout_G01,train
G06_R0614,G06,holdout_G01,train
G06_R0615,G06,holdout_G01,train
G06_R0616,G06,holdout_G01,train
G06_R0617,G06,holdout_G01,train
G06_R0618,G06,holdout_G01,train
G06_R0619,G06,holdout_G01,train
G06_R0620,G06,holdout_G01,train
G06_R0621,G06,holdout_G01,train
G06_R0622,G06,holdout_G01,train
G06_R0623,G06,holdout_G01,train
G06_R0624,G06,holdout_G01,train
G06_R0625,G06,holdout_G01,train
G06_R0626,G06,holdout_G01,train
G06_R0627,G06,holdout_G01,train
G06_R0628,G06,holdout_G01,train
G06_R0629,G06,holdout_G01,train
G06_R0630,G06,holdout_G01,train
G06_R0631,G06,holdout_G01,train
G06_R0632,G06,holdout_G01,train
G06_R0633,G06,holdout_G01,train
G06_R0634,G06,holdout_G01,train
G06_R0635,G06,holdout_G01,train
G06_R0636,G06,holdout_G01,train
G06_R0637,G06,holdout_G01,train
G06_R0638,G06,holdout_G01,train
G06_R0639,G06,holdout_G01,train
G06_R0640,G06,holdout_G01,train
G06_R0641,G06,holdout_G01,train
G06_R0642,G06,holdout_G01,train
G06_R0643,G06,holdout_G01,train
G06_R0644,G06,holdout_G01,train
G06_R0645,G06,holdout_G01,train
G06_R0646,G06,holdout_G01,train
G06_R0647,G06,holdout_G01,train
G06_R0648,G06,holdout_G01,train
G06_R0649,G06,holdout_G01,train
G06_R0650,G06,holdout_G01,train
G06_R0651,G06,holdout_G01,train
G06_R0652,G06,holdout_G01,train
G06_R0653,G06,holdout_G01,train
G06_R0654,G06,holdout_G01,train
G06_R0655,G06,holdout_G01,train
G06_R0656,G06,holdout_G01,train
G06_R0657,G06,holdout_G01,train
G06_R0658,G06,holdout_G01,train
G06_R0659,G06,holdout_G01,train
G06_R0660,G06,holdout_G01,train
G06_R0661,G06,holdout_G01,train
G06_R0662,G06,holdout_G01,train
G06_R0663,G06,holdout_G01,train
G06_R0664,G06,holdout_G01,train
G06_R0665,G06,holdout_G01,train
G06_R0666,G06,holdout_G01,train
G06_R0667,G06,holdout_G01,train
G06_R0668,G06,holdout_G01,train
G06_R0669,G06,holdout_G01,train
G06_R0670,G06,holdout_G01,train
G06_R0671,G06,holdout_G01,train
G06_R0672,G06,holdout_G01,train
G06_R0673,G06,holdout_G01,train
G06_R0674,G06,holdout_G01,train
G06_R0675,G06,holdout_G01,train
G06_R0676,G06,holdout_G01,train
G06_R0677,G06,holdout_G01,train
G06_R0678,G06,holdout_G01,train
G06_R0679,G06,holdout_G01,train
G06_R0680,G06,holdout_G01,train
G06_R0681,G06,holdout_G01,train
G06_R0682,G06,holdout_G01,train
G06_R0683,G06,holdout_G01,train
G06_R0684,G06,holdout_G01,train
G06_R0685,G06,holdout_G01,train
G06_R0686,G06,holdout_G01,train
G06_R0687,G06,holdout_G01,train
G06_R0688,G06,holdout_G01,train
G06_R0689,G06,holdout_G01,train
G06_R0690,G06,holdout_G01,train
G06_R0691,G06,holdout_G01,train
G06_R0692,G06,holdout_G01,train
G06_R0693,G06,holdout_G01,train
G06_R0694,G06,holdout_G01,train
G06_R0695,G06,holdout_G01,train
G06_R0696,G06,holdout_G01,train
G06_R0697,G06,holdout_G01,train
G06_R0698,G06,holdout_G01,train
G06_R0699,G06,holdout_G01,train
G06_R0700,G06,holdout_G01,train
G06_R0701,G06,holdout_G01,train
G06_R0702,G06,holdout_G01,train
G06_R0703,G06,holdout_G01,train
G06_R0704,G06,holdout_G01,train
G06_R0705,G06,holdout_G01,train
G06_R0706,G06,holdout_G01,train
G06_R0707,G06,holdout_G01,train
G06_R0708,G06,holdout_G01,train
G06_R0709,G06,holdout_G01,train
G06_R0710,G06,holdout_G01,train
G06_R0711,G06,holdout_G01,train
G06_R0712,G06,holdout_G01,train
G06_R0713,G06,holdout_G01,train
G06_R0714,G06,holdout_G01,train
G06_R0715,G06,holdout_G01,train
G06_R0716,G06,holdout_G01,train
G06_R0717,G06,holdout_G01,train
G06_R0718,G06,holdout_G01,train
G06_R0719,G06,holdout_G01,train
G06_R0720,G06,holdout_G01,train
G06_R0721,G06,holdout_G01,train
G06_R0722,G06,holdout_G01,train
G06_R0723,G06,holdout_G01,train
G06_R0724,G06,holdout_G01,train
G06_R0725,G06,holdout_G01,train
G06_R0726,G06,holdout_G01,train
G06_R0727,G06,holdout_G01,train
G06_R0728,G06,holdout_G01,train
G06_R0729,G06,holdout_G01,train
G06_R0730,G06,holdout_G01,train
G06_R0731,G06,holdout_G01,train
G06_R0732,G06,holdout_G01,train
G06_R0733,G06,holdout_G01,train
G06_R0734,G06,holdout_G01,train
G06_R0735,G06,holdout_G01,train
G06_R0736,G06,holdout_G01,train
G06_R0737,G06,holdout_G01,train
G06_R0738,G06,holdout_G01,train
G06_R0739,G06,holdout_G01,train
G06_R0740,G06,holdout_G01,train
G06_R0741,G06,holdout_G01,train
G06_R0742,G06,holdout_G01,train
G06_R0743,G06,holdout_G01,train
G06_R0744,G06,holdout_G01,train
G06_R0745,G06,holdout_G01,train
G06_R0746,G06,holdout_G01,train
G06_R0747,G06,holdout_G01,train
G06_R0748,G06,holdout_G01,train
G06_R0749,G06,holdout_G01,train
G06_R0750,G06,holdout_G01,train
G06_R0751,G06,holdout_G01,train
G06_R0752,G06,holdout_G01,train
G06_R0753,G06,holdout_G01,train
G06_R0754,G06,holdout_G01,train
G06_R0755,G06,holdout_G01,train
G06_R0756,G06,holdout_G01,train
G06_R0757,G06,holdout_G01,train
G06_R0758,G06,holdout_G01,train
G06_R0759,G06,holdout_G01,train
G06_R0760,G06,holdout_G01,train
G06_R0761,G06,holdout_G01,train
G06_R0762,G06,holdout_G01,train
G06_R0763,G06,holdout_G01,train
G06_R0764,G06,holdout_G01,train
G06_R0765,G06,holdout_G01,train
G06_R0766,G06,holdout_G01,train
G06_R0767,G06,holdout_G01,train
G06_R0768,G06,holdout_G01,train
G01_R0001,G01,holdout_G02,train
G01_R0002,G01,holdout_G02,train
G01_R0003,G01,holdout_G02,train
G01_R0004,G01,holdout_G02,train
G01_R0005,G01,holdout_G02,train
G01_R0006,G01,holdout_G02,train
G01_R0007,G01,holdout_G02,train
G01_R0008,G01,holdout_G02,train
G01_R0009,G01,holdout_G02,train
G01_R0010,G01,holdout_G02,train
G01_R0011,G01,holdout_G02,train
G01_R0012,G01,holdout_G02,train
G01_R0013,G01,holdout_G02,train
G01_R0014,G01,holdout_G02,train
G01_R0015,G01,holdout_G02,train
G01_R0016,G01,holdout_G02,train
G01_R0017,G01,holdout_G02,train
G01_R0018,G01,holdout_G02,train
G01_R0019,G01,holdout_G02,train
G01_R0020,G01,holdout_G02,train
G01_R0021,G01,holdout_G02,train
G01_R0022,G01,holdout_G02,train
G01_R0023,G01,holdout_G02,train
G01_R0024,G01,holdout_G02,train
G01_R0025,G01,holdout_G02,train
G01_R0026,G01,holdout_G02,train
G01_R0027,G01,holdout_G02,train
G01_R0028,G01,holdout_G02,train
G01_R0029,G01,holdout_G02,train
G01_R0030,G01,holdout_G02,train
G01_R0031,G01,holdout_G02,train
G01_R0032,G01,holdout_G02,train
G01_R0033,G01,holdout_G02,train
G01_R0034,G01,holdout_G02,train
G01_R0035,G01,holdout_G02,train
G01_R0036,G01,holdout_G02,train
G01_R0037,G01,holdout_G02,train
G01_R0038,G01,holdout_G02,train
G01_R0039,G01,holdout_G02,train
G01_R0040,G01,holdout_G02,train
G01_R0041,G01,holdout_G02,train
G01_R0042,G01,holdout_G02,train
G01_R0043,G01,holdout_G02,train
G01_R0044,G01,holdout_G02,train
G01_R0045,G01,holdout_G02,train
G01_R0046,G01,holdout_G02,train
G01_R0047,G01,holdout_G02,train
G01_R0048,G01,holdout_G02,train
G01_R0049,G01,holdout_G02,train
G01_R0050,G01,holdout_G02,train
G01_R0051,G01,holdout_G02,train
G01_R0052,G01,holdout_G02,train
G01_R0053,G01,holdout_G02,train
G01_R0054,G01,holdout_G02,train
G01_R0055,G01,holdout_G02,train
G01_R0056,G01,holdout_G02,train
G01_R0057,G01,holdout_G02,train
G01_R0058,G01,holdout_G02,train
G01_R0059,G01,holdout_G02,train
G01_R0060,G01,holdout_G02,train
G01_R0061,G01,holdout_G02,train
G01_R0062,G01,holdout_G02,train
G01_R0063,G01,holdout_G02,train
G01_R0064,G01,holdout_G02,train
G01_R0065,G01,holdout_G02,train
G01_R0066,G01,holdout_G02,train
G01_R0067,G01,holdout_G02,train
G01_R0068,G01,holdout_G02,train
G01_R0069,G01,holdout_G02,train
G01_R0070,G01,holdout_G02,train
G01_R0071,G01,holdout_G02,train
G01_R0072,G01,holdout_G02,train
G01_R0073,G01,holdout_G02,train
G01_R0074,G01,holdout_G02,train
G01_R0075,G01,holdout_G02,train
G01_R0076,G01,holdout_G02,train
G01_R0077,G01,holdout_G02,train
G01_R0078,G01,holdout_G02,train
G01_R0079,G01,holdout_G02,train
G01_R0080,G01,holdout_G02,train
G01_R0081,G01,holdout_G02,train
G01_R0082,G01,holdout_G02,train
G01_R0083,G01,holdout_G02,train
G01_R0084,G01,holdout_G02,train
G01_R0085,G01,holdout_G02,train
G01_R0086,G01,holdout_G02,train
G01_R0087,G01,holdout_G02,train
G01_R0088,G01,holdout_G02,train
G01_R0089,G01,holdout_G02,train
G01_R0090,G01,holdout_G02,train
G01_R0091,G01,holdout_G02,train
G01_R0092,G01,holdout_G02,train
G01_R0093,G01,holdout_G02,train
G01_R0094,G01,holdout_G02,train
G01_R0095,G01,holdout_G02,train
G01_R0096,G01,holdout_G02,train
G01_R0097,G01,holdout_G02,train
G01_R0098,G01,holdout_G02,train
G01_R0099,G01,holdout_G02,train
G01_R0100,G01,holdout_G02,train
G01_R0101,G01,holdout_G02,train
G01_R0102,G01,holdout_G02,train
G01_R0103,G01,holdout_G02,train
G01_R0104,G01,holdout_G02,train
G01_R0105,G01,holdout_G02,train
G01_R0106,G01,holdout_G02,train
G01_R0107,G01,holdout_G02,train
G01_R0108,G01,holdout_G02,train
G01_R0109,G01,holdout_G02,train
G01_R0110,G01,holdout_G02,train
G01_R0111,G01,holdout_G02,train
G01_R0112,G01,holdout_G02,train
G01_R0113,G01,holdout_G02,train
G01_R0114,G01,holdout_G02,train
G01_R0115,G01,holdout_G02,train
G01_R0116,G01,holdout_G02,train
G01_R0117,G01,holdout_G02,train
G01_R0118,G01,holdout_G02,train
G01_R0119,G01,holdout_G02,train
G01_R0120,G01,holdout_G02,train
G01_R0121,G01,holdout_G02,train
G01_R0122,G01,holdout_G02,train
G01_R0123,G01,holdout_G02,train
G01_R0124,G01,holdout_G02,train
G01_R0125,G01,holdout_G02,train
G01_R0126,G01,holdout_G02,train
G01_R0127,G01,holdout_G02,train
G01_R0128,G01,holdout_G02,train
G01_R0129,G01,holdout_G02,train
G01_R0130,G01,holdout_G02,train
G01_R0131,G01,holdout_G02,train
G01_R0132,G01,holdout_G02,train
G01_R0133,G01,holdout_G02,train
G01_R0134,G01,holdout_G02,train
G01_R0135,G01,holdout_G02,train
G01_R0136,G01,holdout_G02,train
G01_R0137,G01,holdout_G02,train
G01_R0138,G01,holdout_G02,train
G01_R0139,G01,holdout_G02,train
G01_R0140,G01,holdout_G02,train
G01_R0141,G01,holdout_G02,train
G01_R0142,G01,holdout_G02,train
G01_R0143,G01,holdout_G02,train
G01_R0144,G01,holdout_G02,train
G01_R0145,G01,holdout_G02,train
G01_R0146,G01,holdout_G02,train
G01_R0147,G01,holdout_G02,train
G01_R0148,G01,holdout_G02,train
G01_R0149,G01,holdout_G02,train
G01_R0150,G01,holdout_G02,train
G01_R0151,G01,holdout_G02,train
G01_R0152,G01,holdout_G02,train
G01_R0153,G01,holdout_G02,train
G01_R0154,G01,holdout_G02,train
G01_R0155,G01,holdout_G02,train
G01_R0156,G01,holdout_G02,train
G01_R0157,G01,holdout_G02,train
G01_R0158,G01,holdout_G02,train
G01_R0159,G01,holdout_G02,train
G01_R0160,G01,holdout_G02,train
G01_R0161,G01,holdout_G02,train
G01_R0162,G01,holdout_G02,train
G01_R0163,G01,holdout_G02,train
G01_R0164,G01,holdout_G02,train
G01_R0165,G01,holdout_G02,train
G01_R0166,G01,holdout_G02,train
G01_R0167,G01,holdout_G02,train
G01_R0168,G01,holdout_G02,train
G01_R0169,G01,holdout_G02,train
G01_R0170,G01,holdout_G02,train
G01_R0171,G01,holdout_G02,train
G01_R0172,G01,holdout_G02,train
G01_R0173,G01,holdout_G02,train
G01_R0174,G01,holdout_G02,train
G01_R0175,G01,holdout_G02,train
G01_R0176,G01,holdout_G02,train
G01_R0177,G01,holdout_G02,train
G01_R0178,G01,holdout_G02,train
G01_R0179,G01,holdout_G02,train
G01_R0180,G01,holdout_G02,train
G01_R0181,G01,holdout_G02,train
G01_R0182,G01,holdout_G02,train
G01_R0183,G01,holdout_G02,train
G01_R0184,G01,holdout_G02,train
G01_R0185,G01,holdout_G02,train
G01_R0186,G01,holdout_G02,train
G01_R0187,G01,holdout_G02,train
G01_R0188,G01,holdout_G02,train
G01_R0189,G01,holdout_G02,train
G01_R0190,G01,holdout_G02,train
G01_R0191,G01,holdout_G02,train
G01_R0192,G01,holdout_G02,train
G01_R0193,G01,holdout_G02,train
G01_R0194,G01,holdout_G02,train
G01_R0195,G01,holdout_G02,train
G01_R0196,G01,holdout_G02,train
G01_R0197,G01,holdout_G02,train
G01_R0198,G01,holdout_G02,train
G01_R0199,G01,holdout_G02,train
G01_R0200,G01,holdout_G02,train
G01_R0201,G01,holdout_G02,train
G01_R0202,G01,holdout_G02,train
G01_R0203,G01,holdout_G02,train
G01_R0204,G01,holdout_G02,train
G01_R0205,G01,holdout_G02,train
G01_R0206,G01,holdout_G02,train
G01_R0207,G01,holdout_G02,train
G01_R0208,G01,holdout_G02,train
G01_R0209,G01,holdout_G02,train
G01_R0210,G01,holdout_G02,train
G01_R0211,G01,holdout_G02,train
G01_R0212,G01,holdout_G02,train
G01_R0213,G01,holdout_G02,train
G01_R0214,G01,holdout_G02,train
G01_R0215,G01,holdout_G02,train
G01_R0216,G01,holdout_G02,train
G01_R0217,G01,holdout_G02,train
G01_R0218,G01,holdout_G02,train
G01_R0219,G01,holdout_G02,train
G01_R0220,G01,holdout_G02,train
G01_R0221,G01,holdout_G02,train
G01_R0222,G01,holdout_G02,train
G01_R0223,G01,holdout_G02,train
G01_R0224,G01,holdout_G02,train
G01_R0225,G01,holdout_G02,train
G01_R0226,G01,holdout_G02,train
G01_R0227,G01,holdout_G02,train
G01_R0228,G01,holdout_G02,train
G01_R0229,G01,holdout_G02,train
G01_R0230,G01,holdout_G02,train
G01_R0231,G01,holdout_G02,train
G01_R0232,G01,holdout_G02,train
G01_R0233,G01,holdout_G02,train
G01_R0234,G01,holdout_G02,train
G01_R0235,G01,holdout_G02,train
G01_R0236,G01,holdout_G02,train
G01_R0237,G01,holdout_G02,train
G01_R0238,G01,holdout_G02,train
G01_R0239,G01,holdout_G02,train
G01_R0240,G01,holdout_G02,train
G01_R0241,G01,holdout_G02,train
G01_R0242,G01,holdout_G02,train
G01_R0243,G01,holdout_G02,train
G01_R0244,G01,holdout_G02,train
G01_R0245,G01,holdout_G02,train
G01_R0246,G01,holdout_G02,train
G01_R0247,G01,holdout_G02,train
G01_R0248,G01,holdout_G02,train
G01_R0249,G01,holdout_G02,train
G01_R0250,G01,holdout_G02,train
G01_R0251,G01,holdout_G02,train
G01_R0252,G01,holdout_G02,train
G01_R0253,G01,holdout_G02,train
G01_R0254,G01,holdout_G02,train
G01_R0255,G01,holdout_G02,train
G01_R0256,G01,holdout_G02,train
G01_R0257,G01,holdout_G02,train
G01_R0258,G01,holdout_G02,train
G01_R0259,G01,holdout_G02,train
G01_R0260,G01,holdout_G02,train
G01_R0261,G01,holdout_G02,train
G01_R0262,G01,holdout_G02,train
G01_R0263,G01,holdout_G02,train
G01_R0264,G01,holdout_G02,train
G01_R0265,G01,holdout_G02,train
G01_R0266,G01,holdout_G02,train
G01_R0267,G01,holdout_G02,train
G01_R0268,G01,holdout_G02,train
G01_R0269,G01,holdout_G02,train
G01_R0270,G01,holdout_G02,train
G01_R0271,G01,holdout_G02,train
G01_R0272,G01,holdout_G02,train
G01_R0273,G01,holdout_G02,train
G01_R0274,G01,holdout_G02,train
G01_R0275,G01,holdout_G02,train
G01_R0276,G01,holdout_G02,train
G01_R0277,G01,holdout_G02,train
G01_R0278,G01,holdout_G02,train
G01_R0279,G01,holdout_G02,train
G01_R0280,G01,holdout_G02,train
G01_R0281,G01,holdout_G02,train
G01_R0282,G01,holdout_G02,train
G01_R0283,G01,holdout_G02,train
G01_R0284,G01,holdout_G02,train
G01_R0285,G01,holdout_G02,train
G01_R0286,G01,holdout_G02,train
G01_R0287,G01,holdout_G02,train
G01_R0288,G01,holdout_G02,train
G01_R0289,G01,holdout_G02,train
G01_R0290,G01,holdout_G02,train
G01_R0291,G01,holdout_G02,train
G01_R0292,G01,holdout_G02,train
G01_R0293,G01,holdout_G02,train
G01_R0294,G01,holdout_G02,train
G01_R0295,G01,holdout_G02,train
G01_R0296,G01,holdout_G02,train
G01_R0297,G01,holdout_G02,train
G01_R0298,G01,holdout_G02,train
G01_R0299,G01,holdout_G02,train
G01_R0300,G01,holdout_G02,train
G01_R0301,G01,holdout_G02,train
G01_R0302,G01,holdout_G02,train
G01_R0303,G01,holdout_G02,train
G01_R0304,G01,holdout_G02,train
G01_R0305,G01,holdout_G02,train
G01_R0306,G01,holdout_G02,train
G01_R0307,G01,holdout_G02,train
G01_R0308,G01,holdout_G02,train
G01_R0309,G01,holdout_G02,train
G01_R0310,G01,holdout_G02,train
G01_R0311,G01,holdout_G02,train
G01_R0312,G01,holdout_G02,train
G01_R0313,G01,holdout_G02,train
G01_R0314,G01,holdout_G02,train
G01_R0315,G01,holdout_G02,train
G01_R0316,G01,holdout_G02,train
G01_R0317,G01,holdout_G02,train
G01_R0318,G01,holdout_G02,train
G01_R0319,G01,holdout_G02,train
G01_R0320,G01,holdout_G02,train
G01_R0321,G01,holdout_G02,train
G01_R0322,G01,holdout_G02,train
G01_R0323,G01,holdout_G02,train
G01_R0324,G01,holdout_G02,train
G01_R0325,G01,holdout_G02,train
G01_R0326,G01,holdout_G02,train
G01_R0327,G01,holdout_G02,train
G01_R0328,G01,holdout_G02,train
G01_R0329,G01,holdout_G02,train
G01_R0330,G01,holdout_G02,train
G01_R0331,G01,holdout_G02,train
G01_R0332,G01,holdout_G02,train
G01_R0333,G01,holdout_G02,train
G01_R0334,G01,holdout_G02,train
G01_R0335,G01,holdout_G02,train
G01_R0336,G01,holdout_G02,train
G01_R0337,G01,holdout_G02,train
G01_R0338,G01,holdout_G02,train
G01_R0339,G01,holdout_G02,train
G01_R0340,G01,holdout_G02,train
G01_R0341,G01,holdout_G02,train
G01_R0342,G01,holdout_G02,train
G01_R0343,G01,holdout_G02,train
G01_R0344,G01,holdout_G02,train
G01_R0345,G01,holdout_G02,train
G01_R0346,G01,holdout_G02,train
G01_R0347,G01,holdout_G02,train
G01_R0348,G01,holdout_G02,train
G01_R0349,G01,holdout_G02,train
G01_R0350,G01,holdout_G02,train
G01_R0351,G01,holdout_G02,train
G01_R0352,G01,holdout_G02,train
G01_R0353,G01,holdout_G02,train
G01_R0354,G01,holdout_G02,train
G01_R0355,G01,holdout_G02,train
G01_R0356,G01,holdout_G02,train
G01_R0357,G01,holdout_G02,train
G01_R0358,G01,holdout_G02,train
G01_R0359,G01,holdout_G02,train
G01_R0360,G01,holdout_G02,train
G01_R0361,G01,holdout_G02,train
G01_R0362,G01,holdout_G02,train
G01_R0363,G01,holdout_G02,train
G01_R0364,G01,holdout_G02,train
G01_R0365,G01,holdout_G02,train
G01_R0366,G01,holdout_G02,train
G01_R0367,G01,holdout_G02,train
G01_R0368,G01,holdout_G02,train
G01_R0369,G01,holdout_G02,train
G01_R0370,G01,holdout_G02,train
G01_R0371,G01,holdout_G02,train
G01_R0372,G01,holdout_G02,train
G01_R0373,G01,holdout_G02,train
G01_R0374,G01,holdout_G02,train
G01_R0375,G01,holdout_G02,train
G01_R0376,G01,holdout_G02,train
G01_R0377,G01,holdout_G02,train
G01_R0378,G01,holdout_G02,train
G01_R0379,G01,holdout_G02,train
G01_R0380,G01,holdout_G02,train
G01_R0381,G01,holdout_G02,train
G01_R0382,G01,holdout_G02,train
G01_R0383,G01,holdout_G02,train
G01_R0384,G01,holdout_G02,train
G01_R0385,G01,holdout_G02,train
G01_R0386,G01,holdout_G02,train
G01_R0387,G01,holdout_G02,train
G01_R0388,G01,holdout_G02,train
G01_R0389,G01,holdout_G02,train
G01_R0390,G01,holdout_G02,train
G01_R0391,G01,holdout_G02,train
G01_R0392,G01,holdout_G02,train
G01_R0393,G01,holdout_G02,train
G01_R0394,G01,holdout_G02,train
G01_R0395,G01,holdout_G02,train
G01_R0396,G01,holdout_G02,train
G01_R0397,G01,holdout_G02,train
G01_R0398,G01,holdout_G02,train
G01_R0399,G01,holdout_G02,train
G01_R0400,G01,holdout_G02,train
G01_R0401,G01,holdout_G02,train
G01_R0402,G01,holdout_G02,train
G01_R0403,G01,holdout_G02,train
G01_R0404,G01,holdout_G02,train
G01_R0405,G01,holdout_G02,train
G01_R0406,G01,holdout_G02,train
G01_R0407,G01,holdout_G02,train
G01_R0408,G01,holdout_G02,train
G01_R0409,G01,holdout_G02,train
G01_R0410,G01,holdout_G02,train
G01_R0411,G01,holdout_G02,train
G01_R0412,G01,holdout_G02,train
G01_R0413,G01,holdout_G02,train
G01_R0414,G01,holdout_G02,train
G01_R0415,G01,holdout_G02,train
G01_R0416,G01,holdout_G02,train
G01_R0417,G01,holdout_G02,train
G01_R0418,G01,holdout_G02,train
G01_R0419,G01,holdout_G02,train
G01_R0420,G01,holdout_G02,train
G01_R0421,G01,holdout_G02,train
G01_R0422,G01,holdout_G02,train
G01_R0423,G01,holdout_G02,train
G01_R0424,G01,holdout_G02,train
G01_R0425,G01,holdout_G02,train
G01_R0426,G01,holdout_G02,train
G01_R0427,G01,holdout_G02,train
G01_R0428,G01,holdout_G02,train
G01_R0429,G01,holdout_G02,train
G01_R0430,G01,holdout_G02,train
G01_R0431,G01,holdout_G02,train
G01_R0432,G01,holdout_G02,train
G01_R0433,G01,holdout_G02,train
G01_R0434,G01,holdout_G02,train
G01_R0435,G01,holdout_G02,train
G01_R0436,G01,holdout_G02,train
G01_R0437,G01,holdout_G02,train
G01_R0438,G01,holdout_G02,train
G01_R0439,G01,holdout_G02,train
G01_R0440,G01,holdout_G02,train
G01_R0441,G01,holdout_G02,train
G01_R0442,G01,holdout_G02,train
G01_R0443,G01,holdout_G02,train
G01_R0444,G01,holdout_G02,train
G01_R0445,G01,holdout_G02,train
G01_R0446,G01,holdout_G02,train
G01_R0447,G01,holdout_G02,train
G01_R0448,G01,holdout_G02,train
G01_R0449,G01,holdout_G02,train
G01_R0450,G01,holdout_G02,train
G01_R0451,G01,holdout_G02,train
G01_R0452,G01,holdout_G02,train
G01_R0453,G01,holdout_G02,train
G01_R0454,G01,holdout_G02,train
G01_R0455,G01,holdout_G02,train
G01_R0456,G01,holdout_G02,train
G01_R0457,G01,holdout_G02,train
G01_R0458,G01,holdout_G02,train
G01_R0459,G01,holdout_G02,train
G01_R0460,G01,holdout_G02,train
G01_R0461,G01,holdout_G02,train
G01_R0462,G01,holdout_G02,train
G01_R0463,G01,holdout_G02,train
G01_R0464,G01,holdout_G02,train
G01_R0465,G01,holdout_G02,train
G01_R0466,G01,holdout_G02,train
G01_R0467,G01,holdout_G02,train
G01_R0468,G01,holdout_G02,train
G01_R0469,G01,holdout_G02,train
G01_R0470,G01,holdout_G02,train
G01_R0471,G01,holdout_G02,train
G01_R0472,G01,holdout_G02,train
G01_R0473,G01,holdout_G02,train
G01_R0474,G01,holdout_G02,train
G01_R0475,G01,holdout_G02,train
G01_R0476,G01,holdout_G02,train
G01_R0477,G01,holdout_G02,train
G01_R0478,G01,holdout_G02,train
G01_R0479,G01,holdout_G02,train
G01_R0480,G01,holdout_G02,train
G01_R0481,G01,holdout_G02,train
G01_R0482,G01,holdout_G02,train
G01_R0483,G01,holdout_G02,train
G01_R0484,G01,holdout_G02,train
G01_R0485,G01,holdout_G02,train
G01_R0486,G01,holdout_G02,train
G01_R0487,G01,holdout_G02,train
G01_R0488,G01,holdout_G02,train
G01_R0489,G01,holdout_G02,train
G01_R0490,G01,holdout_G02,train
G01_R0491,G01,holdout_G02,train
G01_R0492,G01,holdout_G02,train
G01_R0493,G01,holdout_G02,train
G01_R0494,G01,holdout_G02,train
G01_R0495,G01,holdout_G02,train
G01_R0496,G01,holdout_G02,train
G01_R0497,G01,holdout_G02,train
G01_R0498,G01,holdout_G02,train
G01_R0499,G01,holdout_G02,train
G01_R0500,G01,holdout_G02,train
G01_R0501,G01,holdout_G02,train
G01_R0502,G01,holdout_G02,train
G01_R0503,G01,holdout_G02,train
G01_R0504,G01,holdout_G02,train
G01_R0505,G01,holdout_G02,train
G01_R0506,G01,holdout_G02,train
G01_R0507,G01,holdout_G02,train
G01_R0508,G01,holdout_G02,train
G01_R0509,G01,holdout_G02,train
G01_R0510,G01,holdout_G02,train
G01_R0511,G01,holdout_G02,train
G01_R0512,G01,holdout_G02,train
G01_R0513,G01,holdout_G02,train
G01_R0514,G01,holdout_G02,train
G01_R0515,G01,holdout_G02,train
G01_R0516,G01,holdout_G02,train
G01_R0517,G01,holdout_G02,train
G01_R0518,G01,holdout_G02,train
G01_R0519,G01,holdout_G02,train
G01_R0520,G01,holdout_G02,train
G01_R0521,G01,holdout_G02,train
G01_R0522,G01,holdout_G02,train
G01_R0523,G01,holdout_G02,train
G01_R0524,G01,holdout_G02,train
G01_R0525,G01,holdout_G02,train
G01_R0526,G01,holdout_G02,train
G01_R0527,G01,holdout_G02,train
G01_R0528,G01,holdout_G02,train
G01_R0529,G01,holdout_G02,train
G01_R0530,G01,holdout_G02,train
G01_R0531,G01,holdout_G02,train
G01_R0532,G01,holdout_G02,train
G01_R0533,G01,holdout_G02,train
G01_R0534,G01,holdout_G02,train
G01_R0535,G01,holdout_G02,train
G01_R0536,G01,holdout_G02,train
G01_R0537,G01,holdout_G02,train
G01_R0538,G01,holdout_G02,train
G01_R0539,G01,holdout_G02,train
G01_R0540,G01,holdout_G02,train
G01_R0541,G01,holdout_G02,train
G01_R0542,G01,holdout_G02,train
G01_R0543,G01,holdout_G02,train
G01_R0544,G01,holdout_G02,train
G01_R0545,G01,holdout_G02,train
G01_R0546,G01,holdout_G02,train
G01_R0547,G01,holdout_G02,train
G01_R0548,G01,holdout_G02,train
G01_R0549,G01,holdout_G02,train
G01_R0550,G01,holdout_G02,train
G01_R0551,G01,holdout_G02,train
G01_R0552,G01,holdout_G02,train
G01_R0553,G01,holdout_G02,train
G01_R0554,G01,holdout_G02,train
G01_R0555,G01,holdout_G02,train
G01_R0556,G01,holdout_G02,train
G01_R0557,G01,holdout_G02,train
G01_R0558,G01,holdout_G02,train
G01_R0559,G01,holdout_G02,train
G01_R0560,G01,holdout_G02,train
G01_R0561,G01,holdout_G02,train
G01_R0562,G01,holdout_G02,train
G01_R0563,G01,holdout_G02,train
G01_R0564,G01,holdout_G02,train
G01_R0565,G01,holdout_G02,train
G01_R0566,G01,holdout_G02,train
G01_R0567,G01,holdout_G02,train
G01_R0568,G01,holdout_G02,train
G01_R0569,G01,holdout_G02,train
G01_R0570,G01,holdout_G02,train
G01_R0571,G01,holdout_G02,train
G01_R0572,G01,holdout_G02,train
G01_R0573,G01,holdout_G02,train
G01_R0574,G01,holdout_G02,train
G01_R0575,G01,holdout_G02,train
G01_R0576,G01,holdout_G02,train
G01_R0577,G01,holdout_G02,train
G01_R0578,G01,holdout_G02,train
G01_R0579,G01,holdout_G02,train
G01_R0580,G01,holdout_G02,train
G01_R0581,G01,holdout_G02,train
G01_R0582,G01,holdout_G02,train
G01_R0583,G01,holdout_G02,train
G01_R0584,G01,holdout_G02,train
G01_R0585,G01,holdout_G02,train
G01_R0586,G01,holdout_G02,train
G01_R0587,G01,holdout_G02,train
G01_R0588,G01,holdout_G02,train
G01_R0589,G01,holdout_G02,train
G01_R0590,G01,holdout_G02,train
G01_R0591,G01,holdout_G02,train
G01_R0592,G01,holdout_G02,train
G01_R0593,G01,holdout_G02,train
G01_R0594,G01,holdout_G02,train
G01_R0595,G01,holdout_G02,train
G01_R0596,G01,holdout_G02,train
G01_R0597,G01,holdout_G02,train
G01_R0598,G01,holdout_G02,train
G01_R0599,G01,holdout_G02,train
G01_R0600,G01,holdout_G02,train
G01_R0601,G01,holdout_G02,train
G01_R0602,G01,holdout_G02,train
G01_R0603,G01,holdout_G02,train
G01_R0604,G01,holdout_G02,train
G01_R0605,G01,holdout_G02,train
G01_R0606,G01,holdout_G02,train
G01_R0607,G01,holdout_G02,train
G01_R0608,G01,holdout_G02,train
G01_R0609,G01,holdout_G02,train
G01_R0610,G01,holdout_G02,train
G01_R0611,G01,holdout_G02,train
G01_R0612,G01,holdout_G02,train
G01_R0613,G01,holdout_G02,train
G01_R0614,G01,holdout_G02,train
G01_R0615,G01,holdout_G02,train
G01_R0616,G01,holdout_G02,train
G01_R0617,G01,holdout_G02,train
G01_R0618,G01,holdout_G02,train
G01_R0619,G01,holdout_G02,train
G01_R0620,G01,holdout_G02,train
G01_R0621,G01,holdout_G02,train
G01_R0622,G01,holdout_G02,train
G01_R0623,G01,holdout_G02,train
G01_R0624,G01,holdout_G02,train
G01_R0625,G01,holdout_G02,train
G01_R0626,G01,holdout_G02,train
G01_R0627,G01,holdout_G02,train
G01_R0628,G01,holdout_G02,train
G01_R0629,G01,holdout_G02,train
G01_R0630,G01,holdout_G02,train
G01_R0631,G01,holdout_G02,train
G01_R0632,G01,holdout_G02,train
G01_R0633,G01,holdout_G02,train
G01_R0634,G01,holdout_G02,train
G01_R0635,G01,holdout_G02,train
G01_R0636,G01,holdout_G02,train
G01_R0637,G01,holdout_G02,train
G01_R0638,G01,holdout_G02,train
G01_R0639,G01,holdout_G02,train
G01_R0640,G01,holdout_G02,train
G01_R0641,G01,holdout_G02,train
G01_R0642,G01,holdout_G02,train
G01_R0643,G01,holdout_G02,train
G01_R0644,G01,holdout_G02,train
G01_R0645,G01,holdout_G02,train
G01_R0646,G01,holdout_G02,train
G01_R0647,G01,holdout_G02,train
G01_R0648,G01,holdout_G02,train
G01_R0649,G01,holdout_G02,train
G01_R0650,G01,holdout_G02,train
G01_R0651,G01,holdout_G02,train
G01_R0652,G01,holdout_G02,train
G01_R0653,G01,holdout_G02,train
G01_R0654,G01,holdout_G02,train
G01_R0655,G01,holdout_G02,train
G01_R0656,G01,holdout_G02,train
G01_R0657,G01,holdout_G02,train
G01_R0658,G01,holdout_G02,train
G01_R0659,G01,holdout_G02,train
G01_R0660,G01,holdout_G02,train
G01_R0661,G01,holdout_G02,train
G01_R0662,G01,holdout_G02,train
G01_R0663,G01,holdout_G02,train
G01_R0664,G01,holdout_G02,train
G01_R0665,G01,holdout_G02,train
G01_R0666,G01,holdout_G02,train
G01_R0667,G01,holdout_G02,train
G01_R0668,G01,holdout_G02,train
G01_R0669,G01,holdout_G02,train
G01_R0670,G01,holdout_G02,train
G01_R0671,G01,holdout_G02,train
G01_R0672,G01,holdout_G02,train
G01_R0673,G01,holdout_G02,train
G01_R0674,G01,holdout_G02,train
G01_R0675,G01,holdout_G02,train
G01_R0676,G01,holdout_G02,train
G01_R0677,G01,holdout_G02,train
G01_R0678,G01,holdout_G02,train
G01_R0679,G01,holdout_G02,train
G01_R0680,G01,holdout_G02,train
G01_R0681,G01,holdout_G02,train
G01_R0682,G01,holdout_G02,train
G01_R0683,G01,holdout_G02,train
G01_R0684,G01,holdout_G02,train
G01_R0685,G01,holdout_G02,train
G01_R0686,G01,holdout_G02,train
G01_R0687,G01,holdout_G02,train
G01_R0688,G01,holdout_G02,train
G01_R0689,G01,holdout_G02,train
G01_R0690,G01,holdout_G02,train
G01_R0691,G01,holdout_G02,train
G01_R0692,G01,holdout_G02,train
G01_R0693,G01,holdout_G02,train
G01_R0694,G01,holdout_G02,train
G01_R0695,G01,holdout_G02,train
G01_R0696,G01,holdout_G02,train
G01_R0697,G01,holdout_G02,train
G01_R0698,G01,holdout_G02,train
G01_R0699,G01,holdout_G02,train
G01_R0700,G01,holdout_G02,train
G01_R0701,G01,holdout_G02,train
G01_R0702,G01,holdout_G02,train
G01_R0703,G01,holdout_G02,train
G01_R0704,G01,holdout_G02,train
G01_R0705,G01,holdout_G02,train
G01_R0706,G01,holdout_G02,train
G01_R0707,G01,holdout_G02,train
G01_R0708,G01,holdout_G02,train
G01_R0709,G01,holdout_G02,train
G01_R0710,G01,holdout_G02,train
G01_R0711,G01,holdout_G02,train
G01_R0712,G01,holdout_G02,train
G01_R0713,G01,holdout_G02,train
G01_R0714,G01,holdout_G02,train
G01_R0715,G01,holdout_G02,train
G01_R0716,G01,holdout_G02,train
G01_R0717,G01,holdout_G02,train
G01_R0718,G01,holdout_G02,train
G01_R0719,G01,holdout_G02,train
G01_R0720,G01,holdout_G02,train
G01_R0721,G01,holdout_G02,train
G01_R0722,G01,holdout_G02,train
G01_R0723,G01,holdout_G02,train
G01_R0724,G01,holdout_G02,train
G01_R0725,G01,holdout_G02,train
G01_R0726,G01,holdout_G02,train
G01_R0727,G01,holdout_G02,train
G01_R0728,G01,holdout_G02,train
G01_R0729,G01,holdout_G02,train
G01_R0730,G01,holdout_G02,train
G01_R0731,G01,holdout_G02,train
G01_R0732,G01,holdout_G02,train
G01_R0733,G01,holdout_G02,train
G01_R0734,G01,holdout_G02,train
G01_R0735,G01,holdout_G02,train
G01_R0736,G01,holdout_G02,train
G01_R0737,G01,holdout_G02,train
G01_R0738,G01,holdout_G02,train
G01_R0739,G01,holdout_G02,train
G01_R0740,G01,holdout_G02,train
G01_R0741,G01,holdout_G02,train
G01_R0742,G01,holdout_G02,train
G01_R0743,G01,holdout_G02,train
G01_R0744,G01,holdout_G02,train
G01_R0745,G01,holdout_G02,train
G01_R0746,G01,holdout_G02,train
G01_R0747,G01,holdout_G02,train
G01_R0748,G01,holdout_G02,train
G01_R0749,G01,holdout_G02,train
G01_R0750,G01,holdout_G02,train
G01_R0751,G01,holdout_G02,train
G01_R0752,G01,holdout_G02,train
G01_R0753,G01,holdout_G02,train
G01_R0754,G01,holdout_G02,train
G01_R0755,G01,holdout_G02,train
G01_R0756,G01,holdout_G02,train
G01_R0757,G01,holdout_G02,train
G01_R0758,G01,holdout_G02,train
G01_R0759,G01,holdout_G02,train
G01_R0760,G01,holdout_G02,train
G01_R0761,G01,holdout_G02,train
G01_R0762,G01,holdout_G02,train
G01_R0763,G01,holdout_G02,train
G01_R0764,G01,holdout_G02,train
G01_R0765,G01,holdout_G02,train
G01_R0766,G01,holdout_G02,train
G01_R0767,G01,holdout_G02,train
G01_R0768,G01,holdout_G02,train
G02_R0001,G02,holdout_G02,test
G02_R0002,G02,holdout_G02,test
G02_R0003,G02,holdout_G02,test
G02_R0004,G02,holdout_G02,test
G02_R0005,G02,holdout_G02,test
G02_R0006,G02,holdout_G02,test
G02_R0007,G02,holdout_G02,test
G02_R0008,G02,holdout_G02,test
G02_R0009,G02,holdout_G02,test
G02_R0010,G02,holdout_G02,test
G02_R0011,G02,holdout_G02,test
G02_R0012,G02,holdout_G02,test
G02_R0013,G02,holdout_G02,test
G02_R0014,G02,holdout_G02,test
G02_R0015,G02,holdout_G02,test
G02_R0016,G02,holdout_G02,test
G02_R0017,G02,holdout_G02,test
G02_R0018,G02,holdout_G02,test
G02_R0019,G02,holdout_G02,test
G02_R0020,G02,holdout_G02,test
G02_R0021,G02,holdout_G02,test
G02_R0022,G02,holdout_G02,test
G02_R0023,G02,holdout_G02,test
G02_R0024,G02,holdout_G02,test
G02_R0025,G02,holdout_G02,test
G02_R0026,G02,holdout_G02,test
G02_R0027,G02,holdout_G02,test
G02_R0028,G02,holdout_G02,test
G02_R0029,G02,holdout_G02,test
G02_R0030,G02,holdout_G02,test
G02_R0031,G02,holdout_G02,test
G02_R0032,G02,holdout_G02,test
G02_R0033,G02,holdout_G02,test
G02_R0034,G02,holdout_G02,test
G02_R0035,G02,holdout_G02,test
G02_R0036,G02,holdout_G02,test
G02_R0037,G02,holdout_G02,test
G02_R0038,G02,holdout_G02,test
G02_R0039,G02,holdout_G02,test
G02_R0040,G02,holdout_G02,test
G02_R0041,G02,holdout_G02,test
G02_R0042,G02,holdout_G02,test
G02_R0043,G02,holdout_G02,test
G02_R0044,G02,holdout_G02,test
G02_R0045,G02,holdout_G02,test
G02_R0046,G02,holdout_G02,test
G02_R0047,G02,holdout_G02,test
G02_R0048,G02,holdout_G02,test
G02_R0049,G02,holdout_G02,test
G02_R0050,G02,holdout_G02,test
G02_R0051,G02,holdout_G02,test
G02_R0052,G02,holdout_G02,test
G02_R0053,G02,holdout_G02,test
G02_R0054,G02,holdout_G02,test
G02_R0055,G02,holdout_G02,test
G02_R0056,G02,holdout_G02,test
G02_R0057,G02,holdout_G02,test
G02_R0058,G02,holdout_G02,test
G02_R0059,G02,holdout_G02,test
G02_R0060,G02,holdout_G02,test
G02_R0061,G02,holdout_G02,test
G02_R0062,G02,holdout_G02,test
G02_R0063,G02,holdout_G02,test
G02_R0064,G02,holdout_G02,test
G02_R0065,G02,holdout_G02,test
G02_R0066,G02,holdout_G02,test
G02_R0067,G02,holdout_G02,test
G02_R0068,G02,holdout_G02,test
G02_R0069,G02,holdout_G02,test
G02_R0070,G02,holdout_G02,test
G02_R0071,G02,holdout_G02,test
G02_R0072,G02,holdout_G02,test
G02_R0073,G02,holdout_G02,test
G02_R0074,G02,holdout_G02,test
G02_R0075,G02,holdout_G02,test
G02_R0076,G02,holdout_G02,test
G02_R0077,G02,holdout_G02,test
G02_R0078,G02,holdout_G02,test
G02_R0079,G02,holdout_G02,test
G02_R0080,G02,holdout_G02,test
G02_R0081,G02,holdout_G02,test
G02_R0082,G02,holdout_G02,test
G02_R0083,G02,holdout_G02,test
G02_R0084,G02,holdout_G02,test
G02_R0085,G02,holdout_G02,test
G02_R0086,G02,holdout_G02,test
G02_R0087,G02,holdout_G02,test
G02_R0088,G02,holdout_G02,test
G02_R0089,G02,holdout_G02,test
G02_R0090,G02,holdout_G02,test
G02_R0091,G02,holdout_G02,test
G02_R0092,G02,holdout_G02,test
G02_R0093,G02,holdout_G02,test
G02_R0094,G02,holdout_G02,test
G02_R0095,G02,holdout_G02,test
G02_R0096,G02,holdout_G02,test
G02_R0097,G02,holdout_G02,test
G02_R0098,G02,holdout_G02,test
G02_R0099,G02,holdout_G02,test
G02_R0100,G02,holdout_G02,test
G02_R0101,G02,holdout_G02,test
G02_R0102,G02,holdout_G02,test
G02_R0103,G02,holdout_G02,test
G02_R0104,G02,holdout_G02,test
G02_R0105,G02,holdout_G02,test
G02_R0106,G02,holdout_G02,test
G02_R0107,G02,holdout_G02,test
G02_R0108,G02,holdout_G02,test
G02_R0109,G02,holdout_G02,test
G02_R0110,G02,holdout_G02,test
G02_R0111,G02,holdout_G02,test
G02_R0112,G02,holdout_G02,test
G02_R0113,G02,holdout_G02,test
G02_R0114,G02,holdout_G02,test
G02_R0115,G02,holdout_G02,test
G02_R0116,G02,holdout_G02,test
G02_R0117,G02,holdout_G02,test
G02_R0118,G02,holdout_G02,test
G02_R0119,G02,holdout_G02,test
G02_R0120,G02,holdout_G02,test
G02_R0121,G02,holdout_G02,test
G02_R0122,G02,holdout_G02,test
G02_R0123,G02,holdout_G02,test
G02_R0124,G02,holdout_G02,test
G02_R0125,G02,holdout_G02,test
G02_R0126,G02,holdout_G02,test
G02_R0127,G02,holdout_G02,test
G02_R0128,G02,holdout_G02,test
G02_R0129,G02,holdout_G02,test
G02_R0130,G02,holdout_G02,test
G02_R0131,G02,holdout_G02,test
G02_R0132,G02,holdout_G02,test
G02_R0133,G02,holdout_G02,test
G02_R0134,G02,holdout_G02,test
G02_R0135,G02,holdout_G02,test
G02_R0136,G02,holdout_G02,test
G02_R0137,G02,holdout_G02,test
G02_R0138,G02,holdout_G02,test
G02_R0139,G02,holdout_G02,test
G02_R0140,G02,holdout_G02,test
G02_R0141,G02,holdout_G02,test
G02_R0142,G02,holdout_G02,test
G02_R0143,G02,holdout_G02,test
G02_R0144,G02,holdout_G02,test
G02_R0145,G02,holdout_G02,test
G02_R0146,G02,holdout_G02,test
G02_R0147,G02,holdout_G02,test
G02_R0148,G02,holdout_G02,test
G02_R0149,G02,holdout_G02,test
G02_R0150,G02,holdout_G02,test
G02_R0151,G02,holdout_G02,test
G02_R0152,G02,holdout_G02,test
G02_R0153,G02,holdout_G02,test
G02_R0154,G02,holdout_G02,test
G02_R0155,G02,holdout_G02,test
G02_R0156,G02,holdout_G02,test
G02_R0157,G02,holdout_G02,test
G02_R0158,G02,holdout_G02,test
G02_R0159,G02,holdout_G02,test
G02_R0160,G02,holdout_G02,test
G02_R0161,G02,holdout_G02,test
G02_R0162,G02,holdout_G02,test
G02_R0163,G02,holdout_G02,test
G02_R0164,G02,holdout_G02,test
G02_R0165,G02,holdout_G02,test
G02_R0166,G02,holdout_G02,test
G02_R0167,G02,holdout_G02,test
G02_R0168,G02,holdout_G02,test
G02_R0169,G02,holdout_G02,test
G02_R0170,G02,holdout_G02,test
G02_R0171,G02,holdout_G02,test
G02_R0172,G02,holdout_G02,test
G02_R0173,G02,holdout_G02,test
G02_R0174,G02,holdout_G02,test
G02_R0175,G02,holdout_G02,test
G02_R0176,G02,holdout_G02,test
G02_R0177,G02,holdout_G02,test
G02_R0178,G02,holdout_G02,test
G02_R0179,G02,holdout_G02,test
G02_R0180,G02,holdout_G02,test
G02_R0181,G02,holdout_G02,test
G02_R0182,G02,holdout_G02,test
G02_R0183,G02,holdout_G02,test
G02_R0184,G02,holdout_G02,test
G02_R0185,G02,holdout_G02,test
G02_R0186,G02,holdout_G02,test
G02_R0187,G02,holdout_G02,test
G02_R0188,G02,holdout_G02,test
G02_R0189,G02,holdout_G02,test
G02_R0190,G02,holdout_G02,test
G02_R0191,G02,holdout_G02,test
G02_R0192,G02,holdout_G02,test
G02_R0193,G02,holdout_G02,test
G02_R0194,G02,holdout_G02,test
G02_R0195,G02,holdout_G02,test
G02_R0196,G02,holdout_G02,test
G02_R0197,G02,holdout_G02,test
G02_R0198,G02,holdout_G02,test
G02_R0199,G02,holdout_G02,test
G02_R0200,G02,holdout_G02,test
G02_R0201,G02,holdout_G02,test
G02_R0202,G02,holdout_G02,test
G02_R0203,G02,holdout_G02,test
G02_R0204,G02,holdout_G02,test
G02_R0205,G02,holdout_G02,test
G02_R0206,G02,holdout_G02,test
G02_R0207,G02,holdout_G02,test
G02_R0208,G02,holdout_G02,test
G02_R0209,G02,holdout_G02,test
G02_R0210,G02,holdout_G02,test
G02_R0211,G02,holdout_G02,test
G02_R0212,G02,holdout_G02,test
G02_R0213,G02,holdout_G02,test
G02_R0214,G02,holdout_G02,test
G02_R0215,G02,holdout_G02,test
G02_R0216,G02,holdout_G02,test
G02_R0217,G02,holdout_G02,test
G02_R0218,G02,holdout_G02,test
G02_R0219,G02,holdout_G02,test
G02_R0220,G02,holdout_G02,test
G02_R0221,G02,holdout_G02,test
G02_R0222,G02,holdout_G02,test
G02_R0223,G02,holdout_G02,test
G02_R0224,G02,holdout_G02,test
G02_R0225,G02,holdout_G02,test
G02_R0226,G02,holdout_G02,test
G02_R0227,G02,holdout_G02,test
G02_R0228,G02,holdout_G02,test
G02_R0229,G02,holdout_G02,test
G02_R0230,G02,holdout_G02,test
G02_R0231,G02,holdout_G02,test
G02_R0232,G02,holdout_G02,test
G02_R0233,G02,holdout_G02,test
G02_R0234,G02,holdout_G02,test
G02_R0235,G02,holdout_G02,test
G02_R0236,G02,holdout_G02,test
G02_R0237,G02,holdout_G02,test
G02_R0238,G02,holdout_G02,test
G02_R0239,G02,holdout_G02,test
G02_R0240,G02,holdout_G02,test
G02_R0241,G02,holdout_G02,test
G02_R0242,G02,holdout_G02,test
G02_R0243,G02,holdout_G02,test
G02_R0244,G02,holdout_G02,test
G02_R0245,G02,holdout_G02,test
G02_R0246,G02,holdout_G02,test
G02_R0247,G02,holdout_G02,test
G02_R0248,G02,holdout_G02,test
G02_R0249,G02,holdout_G02,test
G02_R0250,G02,holdout_G02,test
G02_R0251,G02,holdout_G02,test
G02_R0252,G02,holdout_G02,test
G02_R0253,G02,holdout_G02,test
G02_R0254,G02,holdout_G02,test
G02_R0255,G02,holdout_G02,test
G02_R0256,G02,holdout_G02,test
G02_R0257,G02,holdout_G02,test
G02_R0258,G02,holdout_G02,test
G02_R0259,G02,holdout_G02,test
G02_R0260,G02,holdout_G02,test
G02_R0261,G02,holdout_G02,test
G02_R0262,G02,holdout_G02,test
G02_R0263,G02,holdout_G02,test
G02_R0264,G02,holdout_G02,test
G02_R0265,G02,holdout_G02,test
G02_R0266,G02,holdout_G02,test
G02_R0267,G02,holdout_G02,test
G02_R0268,G02,holdout_G02,test
G02_R0269,G02,holdout_G02,test
G02_R0270,G02,holdout_G02,test
G02_R0271,G02,holdout_G02,test
G02_R0272,G02,holdout_G02,test
G02_R0273,G02,holdout_G02,test
G02_R0274,G02,holdout_G02,test
G02_R0275,G02,holdout_G02,test
G02_R0276,G02,holdout_G02,test
G02_R0277,G02,holdout_G02,test
G02_R0278,G02,holdout_G02,test
G02_R0279,G02,holdout_G02,test
G02_R0280,G02,holdout_G02,test
G02_R0281,G02,holdout_G02,test
G02_R0282,G02,holdout_G02,test
G02_R0283,G02,holdout_G02,test
G02_R0284,G02,holdout_G02,test
G02_R0285,G02,holdout_G02,test
G02_R0286,G02,holdout_G02,test
G02_R0287,G02,holdout_G02,test
G02_R0288,G02,holdout_G02,test
G02_R0289,G02,holdout_G02,test
G02_R0290,G02,holdout_G02,test
G02_R0291,G02,holdout_G02,test
G02_R0292,G02,holdout_G02,test
G02_R0293,G02,holdout_G02,test
G02_R0294,G02,holdout_G02,test
G02_R0295,G02,holdout_G02,test
G02_R0296,G02,holdout_G02,test
G02_R0297,G02,holdout_G02,test
G02_R0298,G02,holdout_G02,test
G02_R0299,G02,holdout_G02,test
G02_R0300,G02,holdout_G02,test
G02_R0301,G02,holdout_G02,test
G02_R0302,G02,holdout_G02,test
G02_R0303,G02,holdout_G02,test
G02_R0304,G02,holdout_G02,test
G02_R0305,G02,holdout_G02,test
G02_R0306,G02,holdout_G02,test
G02_R0307,G02,holdout_G02,test
G02_R0308,G02,holdout_G02,test
G02_R0309,G02,holdout_G02,test
G02_R0310,G02,holdout_G02,test
G02_R0311,G02,holdout_G02,test
G02_R0312,G02,holdout_G02,test
G02_R0313,G02,holdout_G02,test
G02_R0314,G02,holdout_G02,test
G02_R0315,G02,holdout_G02,test
G02_R0316,G02,holdout_G02,test
G02_R0317,G02,holdout_G02,test
G02_R0318,G02,holdout_G02,test
G02_R0319,G02,holdout_G02,test
G02_R0320,G02,holdout_G02,test
G02_R0321,G02,holdout_G02,test
G02_R0322,G02,holdout_G02,test
G02_R0323,G02,holdout_G02,test
G02_R0324,G02,holdout_G02,test
G02_R0325,G02,holdout_G02,test
G02_R0326,G02,holdout_G02,test
G02_R0327,G02,holdout_G02,test
G02_R0328,G02,holdout_G02,test
G02_R0329,G02,holdout_G02,test
G02_R0330,G02,holdout_G02,test
G02_R0331,G02,holdout_G02,test
G02_R0332,G02,holdout_G02,test
G02_R0333,G02,holdout_G02,test
G02_R0334,G02,holdout_G02,test
G02_R0335,G02,holdout_G02,test
G02_R0336,G02,holdout_G02,test
G02_R0337,G02,holdout_G02,test
G02_R0338,G02,holdout_G02,test
G02_R0339,G02,holdout_G02,test
G02_R0340,G02,holdout_G02,test
G02_R0341,G02,holdout_G02,test
G02_R0342,G02,holdout_G02,test
G02_R0343,G02,holdout_G02,test
G02_R0344,G02,holdout_G02,test
G02_R0345,G02,holdout_G02,test
G02_R0346,G02,holdout_G02,test
G02_R0347,G02,holdout_G02,test
G02_R0348,G02,holdout_G02,test
G02_R0349,G02,holdout_G02,test
G02_R0350,G02,holdout_G02,test
G02_R0351,G02,holdout_G02,test
G02_R0352,G02,holdout_G02,test
G02_R0353,G02,holdout_G02,test
G02_R0354,G02,holdout_G02,test
G02_R0355,G02,holdout_G02,test
G02_R0356,G02,holdout_G02,test
G02_R0357,G02,holdout_G02,test
G02_R0358,G02,holdout_G02,test
G02_R0359,G02,holdout_G02,test
G02_R0360,G02,holdout_G02,test
G02_R0361,G02,holdout_G02,test
G02_R0362,G02,holdout_G02,test
G02_R0363,G02,holdout_G02,test
G02_R0364,G02,holdout_G02,test
G02_R0365,G02,holdout_G02,test
G02_R0366,G02,holdout_G02,test
G02_R0367,G02,holdout_G02,test
G02_R0368,G02,holdout_G02,test
G02_R0369,G02,holdout_G02,test
G02_R0370,G02,holdout_G02,test
G02_R0371,G02,holdout_G02,test
G02_R0372,G02,holdout_G02,test
G02_R0373,G02,holdout_G02,test
G02_R0374,G02,holdout_G02,test
G02_R0375,G02,holdout_G02,test
G02_R0376,G02,holdout_G02,test
G02_R0377,G02,holdout_G02,test
G02_R0378,G02,holdout_G02,test
G02_R0379,G02,holdout_G02,test
G02_R0380,G02,holdout_G02,test
G02_R0381,G02,holdout_G02,test
G02_R0382,G02,holdout_G02,test
G02_R0383,G02,holdout_G02,test
G02_R0384,G02,holdout_G02,test
G02_R0385,G02,holdout_G02,test
G02_R0386,G02,holdout_G02,test
G02_R0387,G02,holdout_G02,test
G02_R0388,G02,holdout_G02,test
G02_R0389,G02,holdout_G02,test
G02_R0390,G02,holdout_G02,test
G02_R0391,G02,holdout_G02,test
G02_R0392,G02,holdout_G02,test
G02_R0393,G02,holdout_G02,test
G02_R0394,G02,holdout_G02,test
G02_R0395,G02,holdout_G02,test
G02_R0396,G02,holdout_G02,test
G02_R0397,G02,holdout_G02,test
G02_R0398,G02,holdout_G02,test
G02_R0399,G02,holdout_G02,test
G02_R0400,G02,holdout_G02,test
G02_R0401,G02,holdout_G02,test
G02_R0402,G02,holdout_G02,test
G02_R0403,G02,holdout_G02,test
G02_R0404,G02,holdout_G02,test
G02_R0405,G02,holdout_G02,test
G02_R0406,G02,holdout_G02,test
G02_R0407,G02,holdout_G02,test
G02_R0408,G02,holdout_G02,test
G02_R0409,G02,holdout_G02,test
G02_R0410,G02,holdout_G02,test
G02_R0411,G02,holdout_G02,test
G02_R0412,G02,holdout_G02,test
G02_R0413,G02,holdout_G02,test
G02_R0414,G02,holdout_G02,test
G02_R0415,G02,holdout_G02,test
G02_R0416,G02,holdout_G02,test
G02_R0417,G02,holdout_G02,test
G02_R0418,G02,holdout_G02,test
G02_R0419,G02,holdout_G02,test
G02_R0420,G02,holdout_G02,test
G02_R0421,G02,holdout_G02,test
G02_R0422,G02,holdout_G02,test
G02_R0423,G02,holdout_G02,test
G02_R0424,G02,holdout_G02,test
G02_R0425,G02,holdout_G02,test
G02_R0426,G02,holdout_G02,test
G02_R0427,G02,holdout_G02,test
G02_R0428,G02,holdout_G02,test
G02_R0429,G02,holdout_G02,test
G02_R0430,G02,holdout_G02,test
G02_R0431,G02,holdout_G02,test
G02_R0432,G02,holdout_G02,test
G02_R0433,G02,holdout_G02,test
G02_R0434,G02,holdout_G02,test
G02_R0435,G02,holdout_G02,test
G02_R0436,G02,holdout_G02,test
G02_R0437,G02,holdout_G02,test
G02_R0438,G02,holdout_G02,test
G02_R0439,G02,holdout_G02,test
G02_R0440,G02,holdout_G02,test
G02_R0441,G02,holdout_G02,test
G02_R0442,G02,holdout_G02,test
G02_R0443,G02,holdout_G02,test
G02_R0444,G02,holdout_G02,test
G02_R0445,G02,holdout_G02,test
G02_R0446,G02,holdout_G02,test
G02_R0447,G02,holdout_G02,test
G02_R0448,G02,holdout_G02,test
G02_R0449,G02,holdout_G02,test
G02_R0450,G02,holdout_G02,test
G02_R0451,G02,holdout_G02,test
G02_R0452,G02,holdout_G02,test
G02_R0453,G02,holdout_G02,test
G02_R0454,G02,holdout_G02,test
G02_R0455,G02,holdout_G02,test
G02_R0456,G02,holdout_G02,test
G02_R0457,G02,holdout_G02,test
G02_R0458,G02,holdout_G02,test
G02_R0459,G02,holdout_G02,test
G02_R0460,G02,holdout_G02,test
G02_R0461,G02,holdout_G02,test
G02_R0462,G02,holdout_G02,test
G02_R0463,G02,holdout_G02,test
G02_R0464,G02,holdout_G02,test
G02_R0465,G02,holdout_G02,test
G02_R0466,G02,holdout_G02,test
G02_R0467,G02,holdout_G02,test
G02_R0468,G02,holdout_G02,test
G02_R0469,G02,holdout_G02,test
G02_R0470,G02,holdout_G02,test
G02_R0471,G02,holdout_G02,test
G02_R0472,G02,holdout_G02,test
G02_R0473,G02,holdout_G02,test
G02_R0474,G02,holdout_G02,test
G02_R0475,G02,holdout_G02,test
G02_R0476,G02,holdout_G02,test
G02_R0477,G02,holdout_G02,test
G02_R0478,G02,holdout_G02,test
G02_R0479,G02,holdout_G02,test
G02_R0480,G02,holdout_G02,test
G02_R0481,G02,holdout_G02,test
G02_R0482,G02,holdout_G02,test
G02_R0483,G02,holdout_G02,test
G02_R0484,G02,holdout_G02,test
G02_R0485,G02,holdout_G02,test
G02_R0486,G02,holdout_G02,test
G02_R0487,G02,holdout_G02,test
G02_R0488,G02,holdout_G02,test
G02_R0489,G02,holdout_G02,test
G02_R0490,G02,holdout_G02,test
G02_R0491,G02,holdout_G02,test
G02_R0492,G02,holdout_G02,test
G02_R0493,G02,holdout_G02,test
G02_R0494,G02,holdout_G02,test
G02_R0495,G02,holdout_G02,test
G02_R0496,G02,holdout_G02,test
G02_R0497,G02,holdout_G02,test
G02_R0498,G02,holdout_G02,test
G02_R0499,G02,holdout_G02,test
G02_R0500,G02,holdout_G02,test
G02_R0501,G02,holdout_G02,test
G02_R0502,G02,holdout_G02,test
G02_R0503,G02,holdout_G02,test
G02_R0504,G02,holdout_G02,test
G02_R0505,G02,holdout_G02,test
G02_R0506,G02,holdout_G02,test
G02_R0507,G02,holdout_G02,test
G02_R0508,G02,holdout_G02,test
G02_R0509,G02,holdout_G02,test
G02_R0510,G02,holdout_G02,test
G02_R0511,G02,holdout_G02,test
G02_R0512,G02,holdout_G02,test
G02_R0513,G02,holdout_G02,test
G02_R0514,G02,holdout_G02,test
G02_R0515,G02,holdout_G02,test
G02_R0516,G02,holdout_G02,test
G02_R0517,G02,holdout_G02,test
G02_R0518,G02,holdout_G02,test
G02_R0519,G02,holdout_G02,test
G02_R0520,G02,holdout_G02,test
G02_R0521,G02,holdout_G02,test
G02_R0522,G02,holdout_G02,test
G02_R0523,G02,holdout_G02,test
G02_R0524,G02,holdout_G02,test
G02_R0525,G02,holdout_G02,test
G02_R0526,G02,holdout_G02,test
G02_R0527,G02,holdout_G02,test
G02_R0528,G02,holdout_G02,test
G02_R0529,G02,holdout_G02,test
G02_R0530,G02,holdout_G02,test
G02_R0531,G02,holdout_G02,test
G02_R0532,G02,holdout_G02,test
G02_R0533,G02,holdout_G02,test
G02_R0534,G02,holdout_G02,test
G02_R0535,G02,holdout_G02,test
G02_R0536,G02,holdout_G02,test
G02_R0537,G02,holdout_G02,test
G02_R0538,G02,holdout_G02,test
G02_R0539,G02,holdout_G02,test
G02_R0540,G02,holdout_G02,test
G02_R0541,G02,holdout_G02,test
G02_R0542,G02,holdout_G02,test
G02_R0543,G02,holdout_G02,test
G02_R0544,G02,holdout_G02,test
G02_R0545,G02,holdout_G02,test
G02_R0546,G02,holdout_G02,test
G02_R0547,G02,holdout_G02,test
G02_R0548,G02,holdout_G02,test
G02_R0549,G02,holdout_G02,test
G02_R0550,G02,holdout_G02,test
G02_R0551,G02,holdout_G02,test
G02_R0552,G02,holdout_G02,test
G02_R0553,G02,holdout_G02,test
G02_R0554,G02,holdout_G02,test
G02_R0555,G02,holdout_G02,test
G02_R0556,G02,holdout_G02,test
G02_R0557,G02,holdout_G02,test
G02_R0558,G02,holdout_G02,test
G02_R0559,G02,holdout_G02,test
G02_R0560,G02,holdout_G02,test
G02_R0561,G02,holdout_G02,test
G02_R0562,G02,holdout_G02,test
G02_R0563,G02,holdout_G02,test
G02_R0564,G02,holdout_G02,test
G02_R0565,G02,holdout_G02,test
G02_R0566,G02,holdout_G02,test
G02_R0567,G02,holdout_G02,test
G02_R0568,G02,holdout_G02,test
G02_R0569,G02,holdout_G02,test
G02_R0570,G02,holdout_G02,test
G02_R0571,G02,holdout_G02,test
G02_R0572,G02,holdout_G02,test
G02_R0573,G02,holdout_G02,test
G02_R0574,G02,holdout_G02,test
G02_R0575,G02,holdout_G02,test
G02_R0576,G02,holdout_G02,test
G02_R0577,G02,holdout_G02,test
G02_R0578,G02,holdout_G02,test
G02_R0579,G02,holdout_G02,test
G02_R0580,G02,holdout_G02,test
G02_R0581,G02,holdout_G02,test
G02_R0582,G02,holdout_G02,test
G02_R0583,G02,holdout_G02,test
G02_R0584,G02,holdout_G02,test
G02_R0585,G02,holdout_G02,test
G02_R0586,G02,holdout_G02,test
G02_R0587,G02,holdout_G02,test
G02_R0588,G02,holdout_G02,test
G02_R0589,G02,holdout_G02,test
G02_R0590,G02,holdout_G02,test
G02_R0591,G02,holdout_G02,test
G02_R0592,G02,holdout_G02,test
G02_R0593,G02,holdout_G02,test
G02_R0594,G02,holdout_G02,test
G02_R0595,G02,holdout_G02,test
G02_R0596,G02,holdout_G02,test
G02_R0597,G02,holdout_G02,test
G02_R0598,G02,holdout_G02,test
G02_R0599,G02,holdout_G02,test
G02_R0600,G02,holdout_G02,test
G02_R0601,G02,holdout_G02,test
G02_R0602,G02,holdout_G02,test
G02_R0603,G02,holdout_G02,test
G02_R0604,G02,holdout_G02,test
G02_R0605,G02,holdout_G02,test
G02_R0606,G02,holdout_G02,test
G02_R0607,G02,holdout_G02,test
G02_R0608,G02,holdout_G02,test
G02_R0609,G02,holdout_G02,test
G02_R0610,G02,holdout_G02,test
G02_R0611,G02,holdout_G02,test
G02_R0612,G02,holdout_G02,test
G02_R0613,G02,holdout_G02,test
G02_R0614,G02,holdout_G02,test
G02_R0615,G02,holdout_G02,test
G02_R0616,G02,holdout_G02,test
G02_R0617,G02,holdout_G02,test
G02_R0618,G02,holdout_G02,test
G02_R0619,G02,holdout_G02,test
G02_R0620,G02,holdout_G02,test
G02_R0621,G02,holdout_G02,test
G02_R0622,G02,holdout_G02,test
G02_R0623,G02,holdout_G02,test
G02_R0624,G02,holdout_G02,test
G02_R0625,G02,holdout_G02,test
G02_R0626,G02,holdout_G02,test
G02_R0627,G02,holdout_G02,test
G02_R0628,G02,holdout_G02,test
G02_R0629,G02,holdout_G02,test
G02_R0630,G02,holdout_G02,test
G02_R0631,G02,holdout_G02,test
G02_R0632,G02,holdout_G02,test
G02_R0633,G02,holdout_G02,test
G02_R0634,G02,holdout_G02,test
G02_R0635,G02,holdout_G02,test
G02_R0636,G02,holdout_G02,test
G02_R0637,G02,holdout_G02,test
G02_R0638,G02,holdout_G02,test
G02_R0639,G02,holdout_G02,test
G02_R0640,G02,holdout_G02,test
G02_R0641,G02,holdout_G02,test
G02_R0642,G02,holdout_G02,test
G02_R0643,G02,holdout_G02,test
G02_R0644,G02,holdout_G02,test
G02_R0645,G02,holdout_G02,test
G02_R0646,G02,holdout_G02,test
G02_R0647,G02,holdout_G02,test
G02_R0648,G02,holdout_G02,test
G02_R0649,G02,holdout_G02,test
G02_R0650,G02,holdout_G02,test
G02_R0651,G02,holdout_G02,test
G02_R0652,G02,holdout_G02,test
G02_R0653,G02,holdout_G02,test
G02_R0654,G02,holdout_G02,test
G02_R0655,G02,holdout_G02,test
G02_R0656,G02,holdout_G02,test
G02_R0657,G02,holdout_G02,test
G02_R0658,G02,holdout_G02,test
G02_R0659,G02,holdout_G02,test
G02_R0660,G02,holdout_G02,test
G02_R0661,G02,holdout_G02,test
G02_R0662,G02,holdout_G02,test
G02_R0663,G02,holdout_G02,test
G02_R0664,G02,holdout_G02,test
G02_R0665,G02,holdout_G02,test
G02_R0666,G02,holdout_G02,test
G02_R0667,G02,holdout_G02,test
G02_R0668,G02,holdout_G02,test
G02_R0669,G02,holdout_G02,test
G02_R0670,G02,holdout_G02,test
G02_R0671,G02,holdout_G02,test
G02_R0672,G02,holdout_G02,test
G02_R0673,G02,holdout_G02,test
G02_R0674,G02,holdout_G02,test
G02_R0675,G02,holdout_G02,test
G02_R0676,G02,holdout_G02,test
G02_R0677,G02,holdout_G02,test
G02_R0678,G02,holdout_G02,test
G02_R0679,G02,holdout_G02,test
G02_R0680,G02,holdout_G02,test
G02_R0681,G02,holdout_G02,test
G02_R0682,G02,holdout_G02,test
G02_R0683,G02,holdout_G02,test
G02_R0684,G02,holdout_G02,test
G02_R0685,G02,holdout_G02,test
G02_R0686,G02,holdout_G02,test
G02_R0687,G02,holdout_G02,test
G02_R0688,G02,holdout_G02,test
G02_R0689,G02,holdout_G02,test
G02_R0690,G02,holdout_G02,test
G02_R0691,G02,holdout_G02,test
G02_R0692,G02,holdout_G02,test
G02_R0693,G02,holdout_G02,test
G02_R0694,G02,holdout_G02,test
G02_R0695,G02,holdout_G02,test
G02_R0696,G02,holdout_G02,test
G02_R0697,G02,holdout_G02,test
G02_R0698,G02,holdout_G02,test
G02_R0699,G02,holdout_G02,test
G02_R0700,G02,holdout_G02,test
G02_R0701,G02,holdout_G02,test
G02_R0702,G02,holdout_G02,test
G02_R0703,G02,holdout_G02,test
G02_R0704,G02,holdout_G02,test
G02_R0705,G02,holdout_G02,test
G02_R0706,G02,holdout_G02,test
G02_R0707,G02,holdout_G02,test
G02_R0708,G02,holdout_G02,test
G02_R0709,G02,holdout_G02,test
G02_R0710,G02,holdout_G02,test
G02_R0711,G02,holdout_G02,test
G02_R0712,G02,holdout_G02,test
G02_R0713,G02,holdout_G02,test
G02_R0714,G02,holdout_G02,test
G02_R0715,G02,holdout_G02,test
G02_R0716,G02,holdout_G02,test
G02_R0717,G02,holdout_G02,test
G02_R0718,G02,holdout_G02,test
G02_R0719,G02,holdout_G02,test
G02_R0720,G02,holdout_G02,test
G02_R0721,G02,holdout_G02,test
G02_R0722,G02,holdout_G02,test
G02_R0723,G02,holdout_G02,test
G02_R0724,G02,holdout_G02,test
G02_R0725,G02,holdout_G02,test
G02_R0726,G02,holdout_G02,test
G02_R0727,G02,holdout_G02,test
G02_R0728,G02,holdout_G02,test
G02_R0729,G02,holdout_G02,test
G02_R0730,G02,holdout_G02,test
G02_R0731,G02,holdout_G02,test
G02_R0732,G02,holdout_G02,test
G02_R0733,G02,holdout_G02,test
G02_R0734,G02,holdout_G02,test
G02_R0735,G02,holdout_G02,test
G02_R0736,G02,holdout_G02,test
G02_R0737,G02,holdout_G02,test
G02_R0738,G02,holdout_G02,test
G02_R0739,G02,holdout_G02,test
G02_R0740,G02,holdout_G02,test
G02_R0741,G02,holdout_G02,test
G02_R0742,G02,holdout_G02,test
G02_R0743,G02,holdout_G02,test
G02_R0744,G02,holdout_G02,test
G02_R0745,G02,holdout_G02,test
G02_R0746,G02,holdout_G02,test
G02_R0747,G02,holdout_G02,test
G02_R0748,G02,holdout_G02,test
G02_R0749,G02,holdout_G02,test
G02_R0750,G02,holdout_G02,test
G02_R0751,G02,holdout_G02,test
G02_R0752,G02,holdout_G02,test
G02_R0753,G02,holdout_G02,test
G02_R0754,G02,holdout_G02,test
G02_R0755,G02,holdout_G02,test
G02_R0756,G02,holdout_G02,test
G02_R0757,G02,holdout_G02,test
G02_R0758,G02,holdout_G02,test
G02_R0759,G02,holdout_G02,test
G02_R0760,G02,holdout_G02,test
G02_R0761,G02,holdout_G02,test
G02_R0762,G02,holdout_G02,test
G02_R0763,G02,holdout_G02,test
G02_R0764,G02,holdout_G02,test
G02_R0765,G02,holdout_G02,test
G02_R0766,G02,holdout_G02,test
G02_R0767,G02,holdout_G02,test
G02_R0768,G02,holdout_G02,test
G03_R0001,G03,holdout_G02,train
G03_R0002,G03,holdout_G02,train
G03_R0003,G03,holdout_G02,train
G03_R0004,G03,holdout_G02,train
G03_R0005,G03,holdout_G02,train
G03_R0006,G03,holdout_G02,train
G03_R0007,G03,holdout_G02,train
G03_R0008,G03,holdout_G02,train
G03_R0009,G03,holdout_G02,train
G03_R0010,G03,holdout_G02,train
G03_R0011,G03,holdout_G02,train
G03_R0012,G03,holdout_G02,train
G03_R0013,G03,holdout_G02,train
G03_R0014,G03,holdout_G02,train
G03_R0015,G03,holdout_G02,train
G03_R0016,G03,holdout_G02,train
G03_R0017,G03,holdout_G02,train
G03_R0018,G03,holdout_G02,train
G03_R0019,G03,holdout_G02,train
G03_R0020,G03,holdout_G02,train
G03_R0021,G03,holdout_G02,train
G03_R0022,G03,holdout_G02,train
G03_R0023,G03,holdout_G02,train
G03_R0024,G03,holdout_G02,train
G03_R0025,G03,holdout_G02,train
G03_R0026,G03,holdout_G02,train
G03_R0027,G03,holdout_G02,train
G03_R0028,G03,holdout_G02,train
G03_R0029,G03,holdout_G02,train
G03_R0030,G03,holdout_G02,train
G03_R0031,G03,holdout_G02,train
G03_R0032,G03,holdout_G02,train
G03_R0033,G03,holdout_G02,train
G03_R0034,G03,holdout_G02,train
G03_R0035,G03,holdout_G02,train
G03_R0036,G03,holdout_G02,train
G03_R0037,G03,holdout_G02,train
G03_R0038,G03,holdout_G02,train
G03_R0039,G03,holdout_G02,train
G03_R0040,G03,holdout_G02,train
G03_R0041,G03,holdout_G02,train
G03_R0042,G03,holdout_G02,train
G03_R0043,G03,holdout_G02,train
G03_R0044,G03,holdout_G02,train
G03_R0045,G03,holdout_G02,train
G03_R0046,G03,holdout_G02,train
G03_R0047,G03,holdout_G02,train
G03_R0048,G03,holdout_G02,train
G03_R0049,G03,holdout_G02,train
G03_R0050,G03,holdout_G02,train
G03_R0051,G03,holdout_G02,train
G03_R0052,G03,holdout_G02,train
G03_R0053,G03,holdout_G02,train
G03_R0054,G03,holdout_G02,train
G03_R0055,G03,holdout_G02,train
G03_R0056,G03,holdout_G02,train
G03_R0057,G03,holdout_G02,train
G03_R0058,G03,holdout_G02,train
G03_R0059,G03,holdout_G02,train
G03_R0060,G03,holdout_G02,train
G03_R0061,G03,holdout_G02,train
G03_R0062,G03,holdout_G02,train
G03_R0063,G03,holdout_G02,train
G03_R0064,G03,holdout_G02,train
G03_R0065,G03,holdout_G02,train
G03_R0066,G03,holdout_G02,train
G03_R0067,G03,holdout_G02,train
G03_R0068,G03,holdout_G02,train
G03_R0069,G03,holdout_G02,train
G03_R0070,G03,holdout_G02,train
G03_R0071,G03,holdout_G02,train
G03_R0072,G03,holdout_G02,train
G03_R0073,G03,holdout_G02,train
G03_R0074,G03,holdout_G02,train
G03_R0075,G03,holdout_G02,train
G03_R0076,G03,holdout_G02,train
G03_R0077,G03,holdout_G02,train
G03_R0078,G03,holdout_G02,train
G03_R0079,G03,holdout_G02,train
G03_R0080,G03,holdout_G02,train
G03_R0081,G03,holdout_G02,train
G03_R0082,G03,holdout_G02,train
G03_R0083,G03,holdout_G02,train
G03_R0084,G03,holdout_G02,train
G03_R0085,G03,holdout_G02,train
G03_R0086,G03,holdout_G02,train
G03_R0087,G03,holdout_G02,train
G03_R0088,G03,holdout_G02,train
G03_R0089,G03,holdout_G02,train
G03_R0090,G03,holdout_G02,train
G03_R0091,G03,holdout_G02,train
G03_R0092,G03,holdout_G02,train
G03_R0093,G03,holdout_G02,train
G03_R0094,G03,holdout_G02,train
G03_R0095,G03,holdout_G02,train
G03_R0096,G03,holdout_G02,train
G03_R0097,G03,holdout_G02,train
G03_R0098,G03,holdout_G02,train
G03_R0099,G03,holdout_G02,train
G03_R0100,G03,holdout_G02,train
G03_R0101,G03,holdout_G02,train
G03_R0102,G03,holdout_G02,train
G03_R0103,G03,holdout_G02,train
G03_R0104,G03,holdout_G02,train
G03_R0105,G03,holdout_G02,train
G03_R0106,G03,holdout_G02,train
G03_R0107,G03,holdout_G02,train
G03_R0108,G03,holdout_G02,train
G03_R0109,G03,holdout_G02,train
G03_R0110,G03,holdout_G02,train
G03_R0111,G03,holdout_G02,train
G03_R0112,G03,holdout_G02,train
G03_R0113,G03,holdout_G02,train
G03_R0114,G03,holdout_G02,train
G03_R0115,G03,holdout_G02,train
G03_R0116,G03,holdout_G02,train
G03_R0117,G03,holdout_G02,train
G03_R0118,G03,holdout_G02,train
G03_R0119,G03,holdout_G02,train
G03_R0120,G03,holdout_G02,train
G03_R0121,G03,holdout_G02,train
G03_R0122,G03,holdout_G02,train
G03_R0123,G03,holdout_G02,train
G03_R0124,G03,holdout_G02,train
G03_R0125,G03,holdout_G02,train
G03_R0126,G03,holdout_G02,train
G03_R0127,G03,holdout_G02,train
G03_R0128,G03,holdout_G02,train
G03_R0129,G03,holdout_G02,train
G03_R0130,G03,holdout_G02,train
G03_R0131,G03,holdout_G02,train
G03_R0132,G03,holdout_G02,train
G03_R0133,G03,holdout_G02,train
G03_R0134,G03,holdout_G02,train
G03_R0135,G03,holdout_G02,train
G03_R0136,G03,holdout_G02,train
G03_R0137,G03,holdout_G02,train
G03_R0138,G03,holdout_G02,train
G03_R0139,G03,holdout_G02,train
G03_R0140,G03,holdout_G02,train
G03_R0141,G03,holdout_G02,train
G03_R0142,G03,holdout_G02,train
G03_R0143,G03,holdout_G02,train
G03_R0144,G03,holdout_G02,train
G03_R0145,G03,holdout_G02,train
G03_R0146,G03,holdout_G02,train
G03_R0147,G03,holdout_G02,train
G03_R0148,G03,holdout_G02,train
G03_R0149,G03,holdout_G02,train
G03_R0150,G03,holdout_G02,train
G03_R0151,G03,holdout_G02,train
G03_R0152,G03,holdout_G02,train
G03_R0153,G03,holdout_G02,train
G03_R0154,G03,holdout_G02,train
G03_R0155,G03,holdout_G02,train
G03_R0156,G03,holdout_G02,train
G03_R0157,G03,holdout_G02,train
G03_R0158,G03,holdout_G02,train
G03_R0159,G03,holdout_G02,train
G03_R0160,G03,holdout_G02,train
G03_R0161,G03,holdout_G02,train
G03_R0162,G03,holdout_G02,train
G03_R0163,G03,holdout_G02,train
G03_R0164,G03,holdout_G02,train
G03_R0165,G03,holdout_G02,train
G03_R0166,G03,holdout_G02,train
G03_R0167,G03,holdout_G02,train
G03_R0168,G03,holdout_G02,train
G03_R0169,G03,holdout_G02,train
G03_R0170,G03,holdout_G02,train
G03_R0171,G03,holdout_G02,train
G03_R0172,G03,holdout_G02,train
G03_R0173,G03,holdout_G02,train
G03_R0174,G03,holdout_G02,train
G03_R0175,G03,holdout_G02,train
G03_R0176,G03,holdout_G02,train
G03_R0177,G03,holdout_G02,train
G03_R0178,G03,holdout_G02,train
G03_R0179,G03,holdout_G02,train
G03_R0180,G03,holdout_G02,train
G03_R0181,G03,holdout_G02,train
G03_R0182,G03,holdout_G02,train
G03_R0183,G03,holdout_G02,train
G03_R0184,G03,holdout_G02,train
G03_R0185,G03,holdout_G02,train
G03_R0186,G03,holdout_G02,train
G03_R0187,G03,holdout_G02,train
G03_R0188,G03,holdout_G02,train
G03_R0189,G03,holdout_G02,train
G03_R0190,G03,holdout_G02,train
G03_R0191,G03,holdout_G02,train
G03_R0192,G03,holdout_G02,train
G03_R0193,G03,holdout_G02,train
G03_R0194,G03,holdout_G02,train
G03_R0195,G03,holdout_G02,train
G03_R0196,G03,holdout_G02,train
G03_R0197,G03,holdout_G02,train
G03_R0198,G03,holdout_G02,train
G03_R0199,G03,holdout_G02,train
G03_R0200,G03,holdout_G02,train
G03_R0201,G03,holdout_G02,train
G03_R0202,G03,holdout_G02,train
G03_R0203,G03,holdout_G02,train
G03_R0204,G03,holdout_G02,train
G03_R0205,G03,holdout_G02,train
G03_R0206,G03,holdout_G02,train
G03_R0207,G03,holdout_G02,train
G03_R0208,G03,holdout_G02,train
G03_R0209,G03,holdout_G02,train
G03_R0210,G03,holdout_G02,train
G03_R0211,G03,holdout_G02,train
G03_R0212,G03,holdout_G02,train
G03_R0213,G03,holdout_G02,train
G03_R0214,G03,holdout_G02,train
G03_R0215,G03,holdout_G02,train
G03_R0216,G03,holdout_G02,train
G03_R0217,G03,holdout_G02,train
G03_R0218,G03,holdout_G02,train
G03_R0219,G03,holdout_G02,train
G03_R0220,G03,holdout_G02,train
G03_R0221,G03,holdout_G02,train
G03_R0222,G03,holdout_G02,train
G03_R0223,G03,holdout_G02,train
G03_R0224,G03,holdout_G02,train
G03_R0225,G03,holdout_G02,train
G03_R0226,G03,holdout_G02,train
G03_R0227,G03,holdout_G02,train
G03_R0228,G03,holdout_G02,train
G03_R0229,G03,holdout_G02,train
G03_R0230,G03,holdout_G02,train
G03_R0231,G03,holdout_G02,train
G03_R0232,G03,holdout_G02,train
G03_R0233,G03,holdout_G02,train
G03_R0234,G03,holdout_G02,train
G03_R0235,G03,holdout_G02,train
G03_R0236,G03,holdout_G02,train
G03_R0237,G03,holdout_G02,train
G03_R0238,G03,holdout_G02,train
G03_R0239,G03,holdout_G02,train
G03_R0240,G03,holdout_G02,train
G03_R0241,G03,holdout_G02,train
G03_R0242,G03,holdout_G02,train
G03_R0243,G03,holdout_G02,train
G03_R0244,G03,holdout_G02,train
G03_R0245,G03,holdout_G02,train
G03_R0246,G03,holdout_G02,train
G03_R0247,G03,holdout_G02,train
G03_R0248,G03,holdout_G02,train
G03_R0249,G03,holdout_G02,train
G03_R0250,G03,holdout_G02,train
G03_R0251,G03,holdout_G02,train
G03_R0252,G03,holdout_G02,train
G03_R0253,G03,holdout_G02,train
G03_R0254,G03,holdout_G02,train
G03_R0255,G03,holdout_G02,train
G03_R0256,G03,holdout_G02,train
G03_R0257,G03,holdout_G02,train
G03_R0258,G03,holdout_G02,train
G03_R0259,G03,holdout_G02,train
G03_R0260,G03,holdout_G02,train
G03_R0261,G03,holdout_G02,train
G03_R0262,G03,holdout_G02,train
G03_R0263,G03,holdout_G02,train
G03_R0264,G03,holdout_G02,train
G03_R0265,G03,holdout_G02,train
G03_R0266,G03,holdout_G02,train
G03_R0267,G03,holdout_G02,train
G03_R0268,G03,holdout_G02,train
G03_R0269,G03,holdout_G02,train
G03_R0270,G03,holdout_G02,train
G03_R0271,G03,holdout_G02,train
G03_R0272,G03,holdout_G02,train
G03_R0273,G03,holdout_G02,train
G03_R0274,G03,holdout_G02,train
G03_R0275,G03,holdout_G02,train
G03_R0276,G03,holdout_G02,train
G03_R0277,G03,holdout_G02,train
G03_R0278,G03,holdout_G02,train
G03_R0279,G03,holdout_G02,train
G03_R0280,G03,holdout_G02,train
G03_R0281,G03,holdout_G02,train
G03_R0282,G03,holdout_G02,train
G03_R0283,G03,holdout_G02,train
G03_R0284,G03,holdout_G02,train
G03_R0285,G03,holdout_G02,train
G03_R0286,G03,holdout_G02,train
G03_R0287,G03,holdout_G02,train
G03_R0288,G03,holdout_G02,train
G03_R0289,G03,holdout_G02,train
G03_R0290,G03,holdout_G02,train
G03_R0291,G03,holdout_G02,train
G03_R0292,G03,holdout_G02,train
G03_R0293,G03,holdout_G02,train
G03_R0294,G03,holdout_G02,train
G03_R0295,G03,holdout_G02,train
G03_R0296,G03,holdout_G02,train
G03_R0297,G03,holdout_G02,train
G03_R0298,G03,holdout_G02,train
G03_R0299,G03,holdout_G02,train
G03_R0300,G03,holdout_G02,train
G03_R0301,G03,holdout_G02,train
G03_R0302,G03,holdout_G02,train
G03_R0303,G03,holdout_G02,train
G03_R0304,G03,holdout_G02,train
G03_R0305,G03,holdout_G02,train
G03_R0306,G03,holdout_G02,train
G03_R0307,G03,holdout_G02,train
G03_R0308,G03,holdout_G02,train
G03_R0309,G03,holdout_G02,train
G03_R0310,G03,holdout_G02,train
G03_R0311,G03,holdout_G02,train
G03_R0312,G03,holdout_G02,train
G03_R0313,G03,holdout_G02,train
G03_R0314,G03,holdout_G02,train
G03_R0315,G03,holdout_G02,train
G03_R0316,G03,holdout_G02,train
G03_R0317,G03,holdout_G02,train
G03_R0318,G03,holdout_G02,train
G03_R0319,G03,holdout_G02,train
G03_R0320,G03,holdout_G02,train
G03_R0321,G03,holdout_G02,train
G03_R0322,G03,holdout_G02,train
G03_R0323,G03,holdout_G02,train
G03_R0324,G03,holdout_G02,train
G03_R0325,G03,holdout_G02,train
G03_R0326,G03,holdout_G02,train
G03_R0327,G03,holdout_G02,train
G03_R0328,G03,holdout_G02,train
G03_R0329,G03,holdout_G02,train
G03_R0330,G03,holdout_G02,train
G03_R0331,G03,holdout_G02,train
G03_R0332,G03,holdout_G02,train
G03_R0333,G03,holdout_G02,train
G03_R0334,G03,holdout_G02,train
G03_R0335,G03,holdout_G02,train
G03_R0336,G03,holdout_G02,train
G03_R0337,G03,holdout_G02,train
G03_R0338,G03,holdout_G02,train
G03_R0339,G03,holdout_G02,train
G03_R0340,G03,holdout_G02,train
G03_R0341,G03,holdout_G02,train
G03_R0342,G03,holdout_G02,train
G03_R0343,G03,holdout_G02,train
G03_R0344,G03,holdout_G02,train
G03_R0345,G03,holdout_G02,train
G03_R0346,G03,holdout_G02,train
G03_R0347,G03,holdout_G02,train
G03_R0348,G03,holdout_G02,train
G03_R0349,G03,holdout_G02,train
G03_R0350,G03,holdout_G02,train
G03_R0351,G03,holdout_G02,train
G03_R0352,G03,holdout_G02,train
G03_R0353,G03,holdout_G02,train
G03_R0354,G03,holdout_G02,train
G03_R0355,G03,holdout_G02,train
G03_R0356,G03,holdout_G02,train
G03_R0357,G03,holdout_G02,train
G03_R0358,G03,holdout_G02,train
G03_R0359,G03,holdout_G02,train
G03_R0360,G03,holdout_G02,train
G03_R0361,G03,holdout_G02,train
G03_R0362,G03,holdout_G02,train
G03_R0363,G03,holdout_G02,train
G03_R0364,G03,holdout_G02,train
G03_R0365,G03,holdout_G02,train
G03_R0366,G03,holdout_G02,train
G03_R0367,G03,holdout_G02,train
G03_R0368,G03,holdout_G02,train
G03_R0369,G03,holdout_G02,train
G03_R0370,G03,holdout_G02,train
G03_R0371,G03,holdout_G02,train
G03_R0372,G03,holdout_G02,train
G03_R0373,G03,holdout_G02,train
G03_R0374,G03,holdout_G02,train
G03_R0375,G03,holdout_G02,train
G03_R0376,G03,holdout_G02,train
G03_R0377,G03,holdout_G02,train
G03_R0378,G03,holdout_G02,train
G03_R0379,G03,holdout_G02,train
G03_R0380,G03,holdout_G02,train
G03_R0381,G03,holdout_G02,train
G03_R0382,G03,holdout_G02,train
G03_R0383,G03,holdout_G02,train
G03_R0384,G03,holdout_G02,train
G03_R0385,G03,holdout_G02,train
G03_R0386,G03,holdout_G02,train
G03_R0387,G03,holdout_G02,train
G03_R0388,G03,holdout_G02,train
G03_R0389,G03,holdout_G02,train
G03_R0390,G03,holdout_G02,train
G03_R0391,G03,holdout_G02,train
G03_R0392,G03,holdout_G02,train
G03_R0393,G03,holdout_G02,train
G03_R0394,G03,holdout_G02,train
G03_R0395,G03,holdout_G02,train
G03_R0396,G03,holdout_G02,train
G03_R0397,G03,holdout_G02,train
G03_R0398,G03,holdout_G02,train
G03_R0399,G03,holdout_G02,train
G03_R0400,G03,holdout_G02,train
G03_R0401,G03,holdout_G02,train
G03_R0402,G03,holdout_G02,train
G03_R0403,G03,holdout_G02,train
G03_R0404,G03,holdout_G02,train
G03_R0405,G03,holdout_G02,train
G03_R0406,G03,holdout_G02,train
G03_R0407,G03,holdout_G02,train
G03_R0408,G03,holdout_G02,train
G03_R0409,G03,holdout_G02,train
G03_R0410,G03,holdout_G02,train
G03_R0411,G03,holdout_G02,train
G03_R0412,G03,holdout_G02,train
G03_R0413,G03,holdout_G02,train
G03_R0414,G03,holdout_G02,train
G03_R0415,G03,holdout_G02,train
G03_R0416,G03,holdout_G02,train
G03_R0417,G03,holdout_G02,train
G03_R0418,G03,holdout_G02,train
G03_R0419,G03,holdout_G02,train
G03_R0420,G03,holdout_G02,train
G03_R0421,G03,holdout_G02,train
G03_R0422,G03,holdout_G02,train
G03_R0423,G03,holdout_G02,train
G03_R0424,G03,holdout_G02,train
G03_R0425,G03,holdout_G02,train
G03_R0426,G03,holdout_G02,train
G03_R0427,G03,holdout_G02,train
G03_R0428,G03,holdout_G02,train
G03_R0429,G03,holdout_G02,train
G03_R0430,G03,holdout_G02,train
G03_R0431,G03,holdout_G02,train
G03_R0432,G03,holdout_G02,train
G03_R0433,G03,holdout_G02,train
G03_R0434,G03,holdout_G02,train
G03_R0435,G03,holdout_G02,train
G03_R0436,G03,holdout_G02,train
G03_R0437,G03,holdout_G02,train
G03_R0438,G03,holdout_G02,train
G03_R0439,G03,holdout_G02,train
G03_R0440,G03,holdout_G02,train
G03_R0441,G03,holdout_G02,train
G03_R0442,G03,holdout_G02,train
G03_R0443,G03,holdout_G02,train
G03_R0444,G03,holdout_G02,train
G03_R0445,G03,holdout_G02,train
G03_R0446,G03,holdout_G02,train
G03_R0447,G03,holdout_G02,train
G03_R0448,G03,holdout_G02,train
G03_R0449,G03,holdout_G02,train
G03_R0450,G03,holdout_G02,train
G03_R0451,G03,holdout_G02,train
G03_R0452,G03,holdout_G02,train
G03_R0453,G03,holdout_G02,train
G03_R0454,G03,holdout_G02,train
G03_R0455,G03,holdout_G02,train
G03_R0456,G03,holdout_G02,train
G03_R0457,G03,holdout_G02,train
G03_R0458,G03,holdout_G02,train
G03_R0459,G03,holdout_G02,train
G03_R0460,G03,holdout_G02,train
G03_R0461,G03,holdout_G02,train
G03_R0462,G03,holdout_G02,train
G03_R0463,G03,holdout_G02,train
G03_R0464,G03,holdout_G02,train
G03_R0465,G03,holdout_G02,train
G03_R0466,G03,holdout_G02,train
G03_R0467,G03,holdout_G02,train
G03_R0468,G03,holdout_G02,train
G03_R0469,G03,holdout_G02,train
G03_R0470,G03,holdout_G02,train
G03_R0471,G03,holdout_G02,train
G03_R0472,G03,holdout_G02,train
G03_R0473,G03,holdout_G02,train
G03_R0474,G03,holdout_G02,train
G03_R0475,G03,holdout_G02,train
G03_R0476,G03,holdout_G02,train
G03_R0477,G03,holdout_G02,train
G03_R0478,G03,holdout_G02,train
G03_R0479,G03,holdout_G02,train
G03_R0480,G03,holdout_G02,train
G03_R0481,G03,holdout_G02,train
G03_R0482,G03,holdout_G02,train
G03_R0483,G03,holdout_G02,train
G03_R0484,G03,holdout_G02,train
G03_R0485,G03,holdout_G02,train
G03_R0486,G03,holdout_G02,train
G03_R0487,G03,holdout_G02,train
G03_R0488,G03,holdout_G02,train
G03_R0489,G03,holdout_G02,train
G03_R0490,G03,holdout_G02,train
G03_R0491,G03,holdout_G02,train
G03_R0492,G03,holdout_G02,train
G03_R0493,G03,holdout_G02,train
G03_R0494,G03,holdout_G02,train
G03_R0495,G03,holdout_G02,train
G03_R0496,G03,holdout_G02,train
G03_R0497,G03,holdout_G02,train
G03_R0498,G03,holdout_G02,train
G03_R0499,G03,holdout_G02,train
G03_R0500,G03,holdout_G02,train
G03_R0501,G03,holdout_G02,train
G03_R0502,G03,holdout_G02,train
G03_R0503,G03,holdout_G02,train
G03_R0504,G03,holdout_G02,train
G03_R0505,G03,holdout_G02,train
G03_R0506,G03,holdout_G02,train
G03_R0507,G03,holdout_G02,train
G03_R0508,G03,holdout_G02,train
G03_R0509,G03,holdout_G02,train
G03_R0510,G03,holdout_G02,train
G03_R0511,G03,holdout_G02,train
G03_R0512,G03,holdout_G02,train
G03_R0513,G03,holdout_G02,train
G03_R0514,G03,holdout_G02,train
G03_R0515,G03,holdout_G02,train
G03_R0516,G03,holdout_G02,train
G03_R0517,G03,holdout_G02,train
G03_R0518,G03,holdout_G02,train
G03_R0519,G03,holdout_G02,train
G03_R0520,G03,holdout_G02,train
G03_R0521,G03,holdout_G02,train
G03_R0522,G03,holdout_G02,train
G03_R0523,G03,holdout_G02,train
G03_R0524,G03,holdout_G02,train
G03_R0525,G03,holdout_G02,train
G03_R0526,G03,holdout_G02,train
G03_R0527,G03,holdout_G02,train
G03_R0528,G03,holdout_G02,train
G03_R0529,G03,holdout_G02,train
G03_R0530,G03,holdout_G02,train
G03_R0531,G03,holdout_G02,train
G03_R0532,G03,holdout_G02,train
G03_R0533,G03,holdout_G02,train
G03_R0534,G03,holdout_G02,train
G03_R0535,G03,holdout_G02,train
G03_R0536,G03,holdout_G02,train
G03_R0537,G03,holdout_G02,train
G03_R0538,G03,holdout_G02,train
G03_R0539,G03,holdout_G02,train
G03_R0540,G03,holdout_G02,train
G03_R0541,G03,holdout_G02,train
G03_R0542,G03,holdout_G02,train
G03_R0543,G03,holdout_G02,train
G03_R0544,G03,holdout_G02,train
G03_R0545,G03,holdout_G02,train
G03_R0546,G03,holdout_G02,train
G03_R0547,G03,holdout_G02,train
G03_R0548,G03,holdout_G02,train
G03_R0549,G03,holdout_G02,train
G03_R0550,G03,holdout_G02,train
G03_R0551,G03,holdout_G02,train
G03_R0552,G03,holdout_G02,train
G03_R0553,G03,holdout_G02,train
G03_R0554,G03,holdout_G02,train
G03_R0555,G03,holdout_G02,train
G03_R0556,G03,holdout_G02,train
G03_R0557,G03,holdout_G02,train
G03_R0558,G03,holdout_G02,train
G03_R0559,G03,holdout_G02,train
G03_R0560,G03,holdout_G02,train
G03_R0561,G03,holdout_G02,train
G03_R0562,G03,holdout_G02,train
G03_R0563,G03,holdout_G02,train
G03_R0564,G03,holdout_G02,train
G03_R0565,G03,holdout_G02,train
G03_R0566,G03,holdout_G02,train
G03_R0567,G03,holdout_G02,train
G03_R0568,G03,holdout_G02,train
G03_R0569,G03,holdout_G02,train
G03_R0570,G03,holdout_G02,train
G03_R0571,G03,holdout_G02,train
G03_R0572,G03,holdout_G02,train
G03_R0573,G03,holdout_G02,train
G03_R0574,G03,holdout_G02,train
G03_R0575,G03,holdout_G02,train
G03_R0576,G03,holdout_G02,train
G03_R0577,G03,holdout_G02,train
G03_R0578,G03,holdout_G02,train
G03_R0579,G03,holdout_G02,train
G03_R0580,G03,holdout_G02,train
G03_R0581,G03,holdout_G02,train
G03_R0582,G03,holdout_G02,train
G03_R0583,G03,holdout_G02,train
G03_R0584,G03,holdout_G02,train
G03_R0585,G03,holdout_G02,train
G03_R0586,G03,holdout_G02,train
G03_R0587,G03,holdout_G02,train
G03_R0588,G03,holdout_G02,train
G03_R0589,G03,holdout_G02,train
G03_R0590,G03,holdout_G02,train
G03_R0591,G03,holdout_G02,train
G03_R0592,G03,holdout_G02,train
G03_R0593,G03,holdout_G02,train
G03_R0594,G03,holdout_G02,train
G03_R0595,G03,holdout_G02,train
G03_R0596,G03,holdout_G02,train
G03_R0597,G03,holdout_G02,train
G03_R0598,G03,holdout_G02,train
G03_R0599,G03,holdout_G02,train
G03_R0600,G03,holdout_G02,train
G03_R0601,G03,holdout_G02,train
G03_R0602,G03,holdout_G02,train
G03_R0603,G03,holdout_G02,train
G03_R0604,G03,holdout_G02,train
G03_R0605,G03,holdout_G02,train
G03_R0606,G03,holdout_G02,train
G03_R0607,G03,holdout_G02,train
G03_R0608,G03,holdout_G02,train
G03_R0609,G03,holdout_G02,train
G03_R0610,G03,holdout_G02,train
G03_R0611,G03,holdout_G02,train
G03_R0612,G03,holdout_G02,train
G03_R0613,G03,holdout_G02,train
G03_R0614,G03,holdout_G02,train
G03_R0615,G03,holdout_G02,train
G03_R0616,G03,holdout_G02,train
G03_R0617,G03,holdout_G02,train
G03_R0618,G03,holdout_G02,train
G03_R0619,G03,holdout_G02,train
G03_R0620,G03,holdout_G02,train
G03_R0621,G03,holdout_G02,train
G03_R0622,G03,holdout_G02,train
G03_R0623,G03,holdout_G02,train
G03_R0624,G03,holdout_G02,train
G03_R0625,G03,holdout_G02,train
G03_R0626,G03,holdout_G02,train
G03_R0627,G03,holdout_G02,train
G03_R0628,G03,holdout_G02,train
G03_R0629,G03,holdout_G02,train
G03_R0630,G03,holdout_G02,train
G03_R0631,G03,holdout_G02,train
G03_R0632,G03,holdout_G02,train
G03_R0633,G03,holdout_G02,train
G03_R0634,G03,holdout_G02,train
G03_R0635,G03,holdout_G02,train
G03_R0636,G03,holdout_G02,train
G03_R0637,G03,holdout_G02,train
G03_R0638,G03,holdout_G02,train
G03_R0639,G03,holdout_G02,train
G03_R0640,G03,holdout_G02,train
G03_R0641,G03,holdout_G02,train
G03_R0642,G03,holdout_G02,train
G03_R0643,G03,holdout_G02,train
G03_R0644,G03,holdout_G02,train
G03_R0645,G03,holdout_G02,train
G03_R0646,G03,holdout_G02,train
G03_R0647,G03,holdout_G02,train
G03_R0648,G03,holdout_G02,train
G03_R0649,G03,holdout_G02,train
G03_R0650,G03,holdout_G02,train
G03_R0651,G03,holdout_G02,train
G03_R0652,G03,holdout_G02,train
G03_R0653,G03,holdout_G02,train
G03_R0654,G03,holdout_G02,train
G03_R0655,G03,holdout_G02,train
G03_R0656,G03,holdout_G02,train
G03_R0657,G03,holdout_G02,train
G03_R0658,G03,holdout_G02,train
G03_R0659,G03,holdout_G02,train
G03_R0660,G03,holdout_G02,train
G03_R0661,G03,holdout_G02,train
G03_R0662,G03,holdout_G02,train
G03_R0663,G03,holdout_G02,train
G03_R0664,G03,holdout_G02,train
G03_R0665,G03,holdout_G02,train
G03_R0666,G03,holdout_G02,train
G03_R0667,G03,holdout_G02,train
G03_R0668,G03,holdout_G02,train
G03_R0669,G03,holdout_G02,train
G03_R0670,G03,holdout_G02,train
G03_R0671,G03,holdout_G02,train
G03_R0672,G03,holdout_G02,train
G03_R0673,G03,holdout_G02,train
G03_R0674,G03,holdout_G02,train
G03_R0675,G03,holdout_G02,train
G03_R0676,G03,holdout_G02,train
G03_R0677,G03,holdout_G02,train
G03_R0678,G03,holdout_G02,train
G03_R0679,G03,holdout_G02,train
G03_R0680,G03,holdout_G02,train
G03_R0681,G03,holdout_G02,train
G03_R0682,G03,holdout_G02,train
G03_R0683,G03,holdout_G02,train
G03_R0684,G03,holdout_G02,train
G03_R0685,G03,holdout_G02,train
G03_R0686,G03,holdout_G02,train
G03_R0687,G03,holdout_G02,train
G03_R0688,G03,holdout_G02,train
G03_R0689,G03,holdout_G02,train
G03_R0690,G03,holdout_G02,train
G03_R0691,G03,holdout_G02,train
G03_R0692,G03,holdout_G02,train
G03_R0693,G03,holdout_G02,train
G03_R0694,G03,holdout_G02,train
G03_R0695,G03,holdout_G02,train
G03_R0696,G03,holdout_G02,train
G03_R0697,G03,holdout_G02,train
G03_R0698,G03,holdout_G02,train
G03_R0699,G03,holdout_G02,train
G03_R0700,G03,holdout_G02,train
G03_R0701,G03,holdout_G02,train
G03_R0702,G03,holdout_G02,train
G03_R0703,G03,holdout_G02,train
G03_R0704,G03,holdout_G02,train
G03_R0705,G03,holdout_G02,train
G03_R0706,G03,holdout_G02,train
G03_R0707,G03,holdout_G02,train
G03_R0708,G03,holdout_G02,train
G03_R0709,G03,holdout_G02,train
G03_R0710,G03,holdout_G02,train
G03_R0711,G03,holdout_G02,train
G03_R0712,G03,holdout_G02,train
G03_R0713,G03,holdout_G02,train
G03_R0714,G03,holdout_G02,train
G03_R0715,G03,holdout_G02,train
G03_R0716,G03,holdout_G02,train
G03_R0717,G03,holdout_G02,train
G03_R0718,G03,holdout_G02,train
G03_R0719,G03,holdout_G02,train
G03_R0720,G03,holdout_G02,train
G03_R0721,G03,holdout_G02,train
G03_R0722,G03,holdout_G02,train
G03_R0723,G03,holdout_G02,train
G03_R0724,G03,holdout_G02,train
G03_R0725,G03,holdout_G02,train
G03_R0726,G03,holdout_G02,train
G03_R0727,G03,holdout_G02,train
G03_R0728,G03,holdout_G02,train
G03_R0729,G03,holdout_G02,train
G03_R0730,G03,holdout_G02,train
G03_R0731,G03,holdout_G02,train
G03_R0732,G03,holdout_G02,train
G03_R0733,G03,holdout_G02,train
G03_R0734,G03,holdout_G02,train
G03_R0735,G03,holdout_G02,train
G03_R0736,G03,holdout_G02,train
G03_R0737,G03,holdout_G02,train
G03_R0738,G03,holdout_G02,train
G03_R0739,G03,holdout_G02,train
G03_R0740,G03,holdout_G02,train
G03_R0741,G03,holdout_G02,train
G03_R0742,G03,holdout_G02,train
G03_R0743,G03,holdout_G02,train
G03_R0744,G03,holdout_G02,train
G03_R0745,G03,holdout_G02,train
G03_R0746,G03,holdout_G02,train
G03_R0747,G03,holdout_G02,train
G03_R0748,G03,holdout_G02,train
G03_R0749,G03,holdout_G02,train
G03_R0750,G03,holdout_G02,train
G03_R0751,G03,holdout_G02,train
G03_R0752,G03,holdout_G02,train
G03_R0753,G03,holdout_G02,train
G03_R0754,G03,holdout_G02,train
G03_R0755,G03,holdout_G02,train
G03_R0756,G03,holdout_G02,train
G03_R0757,G03,holdout_G02,train
G03_R0758,G03,holdout_G02,train
G03_R0759,G03,holdout_G02,train
G03_R0760,G03,holdout_G02,train
G03_R0761,G03,holdout_G02,train
G03_R0762,G03,holdout_G02,train
G03_R0763,G03,holdout_G02,train
G03_R0764,G03,holdout_G02,train
G03_R0765,G03,holdout_G02,train
G03_R0766,G03,holdout_G02,train
G03_R0767,G03,holdout_G02,train
G03_R0768,G03,holdout_G02,train
G04_R0001,G04,holdout_G02,train
G04_R0002,G04,holdout_G02,train
G04_R0003,G04,holdout_G02,train
G04_R0004,G04,holdout_G02,train
G04_R0005,G04,holdout_G02,train
G04_R0006,G04,holdout_G02,train
G04_R0007,G04,holdout_G02,train
G04_R0008,G04,holdout_G02,train
G04_R0009,G04,holdout_G02,train
G04_R0010,G04,holdout_G02,train
G04_R0011,G04,holdout_G02,train
G04_R0012,G04,holdout_G02,train
G04_R0013,G04,holdout_G02,train
G04_R0014,G04,holdout_G02,train
G04_R0015,G04,holdout_G02,train
G04_R0016,G04,holdout_G02,train
G04_R0017,G04,holdout_G02,train
G04_R0018,G04,holdout_G02,train
G04_R0019,G04,holdout_G02,train
G04_R0020,G04,holdout_G02,train
G04_R0021,G04,holdout_G02,train
G04_R0022,G04,holdout_G02,train
G04_R0023,G04,holdout_G02,train
G04_R0024,G04,holdout_G02,train
G04_R0025,G04,holdout_G02,train
G04_R0026,G04,holdout_G02,train
G04_R0027,G04,holdout_G02,train
G04_R0028,G04,holdout_G02,train
G04_R0029,G04,holdout_G02,train
G04_R0030,G04,holdout_G02,train
G04_R0031,G04,holdout_G02,train
G04_R0032,G04,holdout_G02,train
G04_R0033,G04,holdout_G02,train
G04_R0034,G04,holdout_G02,train
G04_R0035,G04,holdout_G02,train
G04_R0036,G04,holdout_G02,train
G04_R0037,G04,holdout_G02,train
G04_R0038,G04,holdout_G02,train
G04_R0039,G04,holdout_G02,train
G04_R0040,G04,holdout_G02,train
G04_R0041,G04,holdout_G02,train
G04_R0042,G04,holdout_G02,train
G04_R0043,G04,holdout_G02,train
G04_R0044,G04,holdout_G02,train
G04_R0045,G04,holdout_G02,train
G04_R0046,G04,holdout_G02,train
G04_R0047,G04,holdout_G02,train
G04_R0048,G04,holdout_G02,train
G04_R0049,G04,holdout_G02,train
G04_R0050,G04,holdout_G02,train
G04_R0051,G04,holdout_G02,train
G04_R0052,G04,holdout_G02,train
G04_R0053,G04,holdout_G02,train
G04_R0054,G04,holdout_G02,train
G04_R0055,G04,holdout_G02,train
G04_R0056,G04,holdout_G02,train
G04_R0057,G04,holdout_G02,train
G04_R0058,G04,holdout_G02,train
G04_R0059,G04,holdout_G02,train
G04_R0060,G04,holdout_G02,train
G04_R0061,G04,holdout_G02,train
G04_R0062,G04,holdout_G02,train
G04_R0063,G04,holdout_G02,train
G04_R0064,G04,holdout_G02,train
G04_R0065,G04,holdout_G02,train
G04_R0066,G04,holdout_G02,train
G04_R0067,G04,holdout_G02,train
G04_R0068,G04,holdout_G02,train
G04_R0069,G04,holdout_G02,train
G04_R0070,G04,holdout_G02,train
G04_R0071,G04,holdout_G02,train
G04_R0072,G04,holdout_G02,train
G04_R0073,G04,holdout_G02,train
G04_R0074,G04,holdout_G02,train
G04_R0075,G04,holdout_G02,train
G04_R0076,G04,holdout_G02,train
G04_R0077,G04,holdout_G02,train
G04_R0078,G04,holdout_G02,train
G04_R0079,G04,holdout_G02,train
G04_R0080,G04,holdout_G02,train
G04_R0081,G04,holdout_G02,train
G04_R0082,G04,holdout_G02,train
G04_R0083,G04,holdout_G02,train
G04_R0084,G04,holdout_G02,train
G04_R0085,G04,holdout_G02,train
G04_R0086,G04,holdout_G02,train
G04_R0087,G04,holdout_G02,train
G04_R0088,G04,holdout_G02,train
G04_R0089,G04,holdout_G02,train
G04_R0090,G04,holdout_G02,train
G04_R0091,G04,holdout_G02,train
G04_R0092,G04,holdout_G02,train
G04_R0093,G04,holdout_G02,train
G04_R0094,G04,holdout_G02,train
G04_R0095,G04,holdout_G02,train
G04_R0096,G04,holdout_G02,train
G04_R0097,G04,holdout_G02,train
G04_R0098,G04,holdout_G02,train
G04_R0099,G04,holdout_G02,train
G04_R0100,G04,holdout_G02,train
G04_R0101,G04,holdout_G02,train
G04_R0102,G04,holdout_G02,train
G04_R0103,G04,holdout_G02,train
G04_R0104,G04,holdout_G02,train
G04_R0105,G04,holdout_G02,train
G04_R0106,G04,holdout_G02,train
G04_R0107,G04,holdout_G02,train
G04_R0108,G04,holdout_G02,train
G04_R0109,G04,holdout_G02,train
G04_R0110,G04,holdout_G02,train
G04_R0111,G04,holdout_G02,train
G04_R0112,G04,holdout_G02,train
G04_R0113,G04,holdout_G02,train
G04_R0114,G04,holdout_G02,train
G04_R0115,G04,holdout_G02,train
G04_R0116,G04,holdout_G02,train
G04_R0117,G04,holdout_G02,train
G04_R0118,G04,holdout_G02,train
G04_R0119,G04,holdout_G02,train
G04_R0120,G04,holdout_G02,train
G04_R0121,G04,holdout_G02,train
G04_R0122,G04,holdout_G02,train
G04_R0123,G04,holdout_G02,train
G04_R0124,G04,holdout_G02,train
G04_R0125,G04,holdout_G02,train
G04_R0126,G04,holdout_G02,train
G04_R0127,G04,holdout_G02,train
G04_R0128,G04,holdout_G02,train
G04_R0129,G04,holdout_G02,train
G04_R0130,G04,holdout_G02,train
G04_R0131,G04,holdout_G02,train
G04_R0132,G04,holdout_G02,train
G04_R0133,G04,holdout_G02,train
G04_R0134,G04,holdout_G02,train
G04_R0135,G04,holdout_G02,train
G04_R0136,G04,holdout_G02,train
G04_R0137,G04,holdout_G02,train
G04_R0138,G04,holdout_G02,train
G04_R0139,G04,holdout_G02,train
G04_R0140,G04,holdout_G02,train
G04_R0141,G04,holdout_G02,train
G04_R0142,G04,holdout_G02,train
G04_R0143,G04,holdout_G02,train
G04_R0144,G04,holdout_G02,train
G04_R0145,G04,holdout_G02,train
G04_R0146,G04,holdout_G02,train
G04_R0147,G04,holdout_G02,train
G04_R0148,G04,holdout_G02,train
G04_R0149,G04,holdout_G02,train
G04_R0150,G04,holdout_G02,train
G04_R0151,G04,holdout_G02,train
G04_R0152,G04,holdout_G02,train
G04_R0153,G04,holdout_G02,train
G04_R0154,G04,holdout_G02,train
G04_R0155,G04,holdout_G02,train
G04_R0156,G04,holdout_G02,train
G04_R0157,G04,holdout_G02,train
G04_R0158,G04,holdout_G02,train
G04_R0159,G04,holdout_G02,train
G04_R0160,G04,holdout_G02,train
G04_R0161,G04,holdout_G02,train
G04_R0162,G04,holdout_G02,train
G04_R0163,G04,holdout_G02,train
G04_R0164,G04,holdout_G02,train
G04_R0165,G04,holdout_G02,train
G04_R0166,G04,holdout_G02,train
G04_R0167,G04,holdout_G02,train
G04_R0168,G04,holdout_G02,train
G04_R0169,G04,holdout_G02,train
G04_R0170,G04,holdout_G02,train
G04_R0171,G04,holdout_G02,train
G04_R0172,G04,holdout_G02,train
G04_R0173,G04,holdout_G02,train
G04_R0174,G04,holdout_G02,train
G04_R0175,G04,holdout_G02,train
G04_R0176,G04,holdout_G02,train
G04_R0177,G04,holdout_G02,train
G04_R0178,G04,holdout_G02,train
G04_R0179,G04,holdout_G02,train
G04_R0180,G04,holdout_G02,train
G04_R0181,G04,holdout_G02,train
G04_R0182,G04,holdout_G02,train
G04_R0183,G04,holdout_G02,train
G04_R0184,G04,holdout_G02,train
G04_R0185,G04,holdout_G02,train
G04_R0186,G04,holdout_G02,train
G04_R0187,G04,holdout_G02,train
G04_R0188,G04,holdout_G02,train
G04_R0189,G04,holdout_G02,train
G04_R0190,G04,holdout_G02,train
G04_R0191,G04,holdout_G02,train
G04_R0192,G04,holdout_G02,train
G04_R0193,G04,holdout_G02,train
G04_R0194,G04,holdout_G02,train
G04_R0195,G04,holdout_G02,train
G04_R0196,G04,holdout_G02,train
G04_R0197,G04,holdout_G02,train
G04_R0198,G04,holdout_G02,train
G04_R0199,G04,holdout_G02,train
G04_R0200,G04,holdout_G02,train
G04_R0201,G04,holdout_G02,train
G04_R0202,G04,holdout_G02,train
G04_R0203,G04,holdout_G02,train
G04_R0204,G04,holdout_G02,train
G04_R0205,G04,holdout_G02,train
G04_R0206,G04,holdout_G02,train
G04_R0207,G04,holdout_G02,train
G04_R0208,G04,holdout_G02,train
G04_R0209,G04,holdout_G02,train
G04_R0210,G04,holdout_G02,train
G04_R0211,G04,holdout_G02,train
G04_R0212,G04,holdout_G02,train
G04_R0213,G04,holdout_G02,train
G04_R0214,G04,holdout_G02,train
G04_R0215,G04,holdout_G02,train
G04_R0216,G04,holdout_G02,train
G04_R0217,G04,holdout_G02,train
G04_R0218,G04,holdout_G02,train
G04_R0219,G04,holdout_G02,train
G04_R0220,G04,holdout_G02,train
G04_R0221,G04,holdout_G02,train
G04_R0222,G04,holdout_G02,train
G04_R0223,G04,holdout_G02,train
G04_R0224,G04,holdout_G02,train
G04_R0225,G04,holdout_G02,train
G04_R0226,G04,holdout_G02,train
G04_R0227,G04,holdout_G02,train
G04_R0228,G04,holdout_G02,train
G04_R0229,G04,holdout_G02,train
G04_R0230,G04,holdout_G02,train
G04_R0231,G04,holdout_G02,train
G04_R0232,G04,holdout_G02,train
G04_R0233,G04,holdout_G02,train
G04_R0234,G04,holdout_G02,train
G04_R0235,G04,holdout_G02,train
G04_R0236,G04,holdout_G02,train
G04_R0237,G04,holdout_G02,train
G04_R0238,G04,holdout_G02,train
G04_R0239,G04,holdout_G02,train
G04_R0240,G04,holdout_G02,train
G04_R0241,G04,holdout_G02,train
G04_R0242,G04,holdout_G02,train
G04_R0243,G04,holdout_G02,train
G04_R0244,G04,holdout_G02,train
G04_R0245,G04,holdout_G02,train
G04_R0246,G04,holdout_G02,train
G04_R0247,G04,holdout_G02,train
G04_R0248,G04,holdout_G02,train
G04_R0249,G04,holdout_G02,train
G04_R0250,G04,holdout_G02,train
G04_R0251,G04,holdout_G02,train
G04_R0252,G04,holdout_G02,train
G04_R0253,G04,holdout_G02,train
G04_R0254,G04,holdout_G02,train
G04_R0255,G04,holdout_G02,train
G04_R0256,G04,holdout_G02,train
G04_R0257,G04,holdout_G02,train
G04_R0258,G04,holdout_G02,train
G04_R0259,G04,holdout_G02,train
G04_R0260,G04,holdout_G02,train
G04_R0261,G04,holdout_G02,train
G04_R0262,G04,holdout_G02,train
G04_R0263,G04,holdout_G02,train
G04_R0264,G04,holdout_G02,train
G04_R0265,G04,holdout_G02,train
G04_R0266,G04,holdout_G02,train
G04_R0267,G04,holdout_G02,train
G04_R0268,G04,holdout_G02,train
G04_R0269,G04,holdout_G02,train
G04_R0270,G04,holdout_G02,train
G04_R0271,G04,holdout_G02,train
G04_R0272,G04,holdout_G02,train
G04_R0273,G04,holdout_G02,train
G04_R0274,G04,holdout_G02,train
G04_R0275,G04,holdout_G02,train
G04_R0276,G04,holdout_G02,train
G04_R0277,G04,holdout_G02,train
G04_R0278,G04,holdout_G02,train
G04_R0279,G04,holdout_G02,train
G04_R0280,G04,holdout_G02,train
G04_R0281,G04,holdout_G02,train
G04_R0282,G04,holdout_G02,train
G04_R0283,G04,holdout_G02,train
G04_R0284,G04,holdout_G02,train
G04_R0285,G04,holdout_G02,train
G04_R0286,G04,holdout_G02,train
G04_R0287,G04,holdout_G02,train
G04_R0288,G04,holdout_G02,train
G04_R0289,G04,holdout_G02,train
G04_R0290,G04,holdout_G02,train
G04_R0291,G04,holdout_G02,train
G04_R0292,G04,holdout_G02,train
G04_R0293,G04,holdout_G02,train
G04_R0294,G04,holdout_G02,train
G04_R0295,G04,holdout_G02,train
G04_R0296,G04,holdout_G02,train
G04_R0297,G04,holdout_G02,train
G04_R0298,G04,holdout_G02,train
G04_R0299,G04,holdout_G02,train
G04_R0300,G04,holdout_G02,train
G04_R0301,G04,holdout_G02,train
G04_R0302,G04,holdout_G02,train
G04_R0303,G04,holdout_G02,train
G04_R0304,G04,holdout_G02,train
G04_R0305,G04,holdout_G02,train
G04_R0306,G04,holdout_G02,train
G04_R0307,G04,holdout_G02,train
G04_R0308,G04,holdout_G02,train
G04_R0309,G04,holdout_G02,train
G04_R0310,G04,holdout_G02,train
G04_R0311,G04,holdout_G02,train
G04_R0312,G04,holdout_G02,train
G04_R0313,G04,holdout_G02,train
G04_R0314,G04,holdout_G02,train
G04_R0315,G04,holdout_G02,train
G04_R0316,G04,holdout_G02,train
G04_R0317,G04,holdout_G02,train
G04_R0318,G04,holdout_G02,train
G04_R0319,G04,holdout_G02,train
G04_R0320,G04,holdout_G02,train
G04_R0321,G04,holdout_G02,train
G04_R0322,G04,holdout_G02,train
G04_R0323,G04,holdout_G02,train
G04_R0324,G04,holdout_G02,train
G04_R0325,G04,holdout_G02,train
G04_R0326,G04,holdout_G02,train
G04_R0327,G04,holdout_G02,train
G04_R0328,G04,holdout_G02,train
G04_R0329,G04,holdout_G02,train
G04_R0330,G04,holdout_G02,train
G04_R0331,G04,holdout_G02,train
G04_R0332,G04,holdout_G02,train
G04_R0333,G04,holdout_G02,train
G04_R0334,G04,holdout_G02,train
G04_R0335,G04,holdout_G02,train
G04_R0336,G04,holdout_G02,train
G04_R0337,G04,holdout_G02,train
G04_R0338,G04,holdout_G02,train
G04_R0339,G04,holdout_G02,train
G04_R0340,G04,holdout_G02,train
G04_R0341,G04,holdout_G02,train
G04_R0342,G04,holdout_G02,train
G04_R0343,G04,holdout_G02,train
G04_R0344,G04,holdout_G02,train
G04_R0345,G04,holdout_G02,train
G04_R0346,G04,holdout_G02,train
G04_R0347,G04,holdout_G02,train
G04_R0348,G04,holdout_G02,train
G04_R0349,G04,holdout_G02,train
G04_R0350,G04,holdout_G02,train
G04_R0351,G04,holdout_G02,train
G04_R0352,G04,holdout_G02,train
G04_R0353,G04,holdout_G02,train
G04_R0354,G04,holdout_G02,train
G04_R0355,G04,holdout_G02,train
G04_R0356,G04,holdout_G02,train
G04_R0357,G04,holdout_G02,train
G04_R0358,G04,holdout_G02,train
G04_R0359,G04,holdout_G02,train
G04_R0360,G04,holdout_G02,train
G04_R0361,G04,holdout_G02,train
G04_R0362,G04,holdout_G02,train
G04_R0363,G04,holdout_G02,train
G04_R0364,G04,holdout_G02,train
G04_R0365,G04,holdout_G02,train
G04_R0366,G04,holdout_G02,train
G04_R0367,G04,holdout_G02,train
G04_R0368,G04,holdout_G02,train
G04_R0369,G04,holdout_G02,train
G04_R0370,G04,holdout_G02,train
G04_R0371,G04,holdout_G02,train
G04_R0372,G04,holdout_G02,train
G04_R0373,G04,holdout_G02,train
G04_R0374,G04,holdout_G02,train
G04_R0375,G04,holdout_G02,train
G04_R0376,G04,holdout_G02,train
G04_R0377,G04,holdout_G02,train
G04_R0378,G04,holdout_G02,train
G04_R0379,G04,holdout_G02,train
G04_R0380,G04,holdout_G02,train
G04_R0381,G04,holdout_G02,train
G04_R0382,G04,holdout_G02,train
G04_R0383,G04,holdout_G02,train
G04_R0384,G04,holdout_G02,train
G04_R0385,G04,holdout_G02,train
G04_R0386,G04,holdout_G02,train
G04_R0387,G04,holdout_G02,train
G04_R0388,G04,holdout_G02,train
G04_R0389,G04,holdout_G02,train
G04_R0390,G04,holdout_G02,train
G04_R0391,G04,holdout_G02,train
G04_R0392,G04,holdout_G02,train
G04_R0393,G04,holdout_G02,train
G04_R0394,G04,holdout_G02,train
G04_R0395,G04,holdout_G02,train
G04_R0396,G04,holdout_G02,train
G04_R0397,G04,holdout_G02,train
G04_R0398,G04,holdout_G02,train
G04_R0399,G04,holdout_G02,train
G04_R0400,G04,holdout_G02,train
G04_R0401,G04,holdout_G02,train
G04_R0402,G04,holdout_G02,train
G04_R0403,G04,holdout_G02,train
G04_R0404,G04,holdout_G02,train
G04_R0405,G04,holdout_G02,train
G04_R0406,G04,holdout_G02,train
G04_R0407,G04,holdout_G02,train
G04_R0408,G04,holdout_G02,train
G04_R0409,G04,holdout_G02,train
G04_R0410,G04,holdout_G02,train
G04_R0411,G04,holdout_G02,train
G04_R0412,G04,holdout_G02,train
G04_R0413,G04,holdout_G02,train
G04_R0414,G04,holdout_G02,train
G04_R0415,G04,holdout_G02,train
G04_R0416,G04,holdout_G02,train
G04_R0417,G04,holdout_G02,train
G04_R0418,G04,holdout_G02,train
G04_R0419,G04,holdout_G02,train
G04_R0420,G04,holdout_G02,train
G04_R0421,G04,holdout_G02,train
G04_R0422,G04,holdout_G02,train
G04_R0423,G04,holdout_G02,train
G04_R0424,G04,holdout_G02,train
G04_R0425,G04,holdout_G02,train
G04_R0426,G04,holdout_G02,train
G04_R0427,G04,holdout_G02,train
G04_R0428,G04,holdout_G02,train
G04_R0429,G04,holdout_G02,train
G04_R0430,G04,holdout_G02,train
G04_R0431,G04,holdout_G02,train
G04_R0432,G04,holdout_G02,train
G04_R0433,G04,holdout_G02,train
G04_R0434,G04,holdout_G02,train
G04_R0435,G04,holdout_G02,train
G04_R0436,G04,holdout_G02,train
G04_R0437,G04,holdout_G02,train
G04_R0438,G04,holdout_G02,train
G04_R0439,G04,holdout_G02,train
G04_R0440,G04,holdout_G02,train
G04_R0441,G04,holdout_G02,train
G04_R0442,G04,holdout_G02,train
G04_R0443,G04,holdout_G02,train
G04_R0444,G04,holdout_G02,train
G04_R0445,G04,holdout_G02,train
G04_R0446,G04,holdout_G02,train
G04_R0447,G04,holdout_G02,train
G04_R0448,G04,holdout_G02,train
G04_R0449,G04,holdout_G02,train
G04_R0450,G04,holdout_G02,train
G04_R0451,G04,holdout_G02,train
G04_R0452,G04,holdout_G02,train
G04_R0453,G04,holdout_G02,train
G04_R0454,G04,holdout_G02,train
G04_R0455,G04,holdout_G02,train
G04_R0456,G04,holdout_G02,train
G04_R0457,G04,holdout_G02,train
G04_R0458,G04,holdout_G02,train
G04_R0459,G04,holdout_G02,train
G04_R0460,G04,holdout_G02,train
G04_R0461,G04,holdout_G02,train
G04_R0462,G04,holdout_G02,train
G04_R0463,G04,holdout_G02,train
G04_R0464,G04,holdout_G02,train
G04_R0465,G04,holdout_G02,train
G04_R0466,G04,holdout_G02,train
G04_R0467,G04,holdout_G02,train
G04_R0468,G04,holdout_G02,train
G04_R0469,G04,holdout_G02,train
G04_R0470,G04,holdout_G02,train
G04_R0471,G04,holdout_G02,train
G04_R0472,G04,holdout_G02,train
G04_R0473,G04,holdout_G02,train
G04_R0474,G04,holdout_G02,train
G04_R0475,G04,holdout_G02,train
G04_R0476,G04,holdout_G02,train
G04_R0477,G04,holdout_G02,train
G04_R0478,G04,holdout_G02,train
G04_R0479,G04,holdout_G02,train
G04_R0480,G04,holdout_G02,train
G04_R0481,G04,holdout_G02,train
G04_R0482,G04,holdout_G02,train
G04_R0483,G04,holdout_G02,train
G04_R0484,G04,holdout_G02,train
G04_R0485,G04,holdout_G02,train
G04_R0486,G04,holdout_G02,train
G04_R0487,G04,holdout_G02,train
G04_R0488,G04,holdout_G02,train
G04_R0489,G04,holdout_G02,train
G04_R0490,G04,holdout_G02,train
G04_R0491,G04,holdout_G02,train
G04_R0492,G04,holdout_G02,train
G04_R0493,G04,holdout_G02,train
G04_R0494,G04,holdout_G02,train
G04_R0495,G04,holdout_G02,train
G04_R0496,G04,holdout_G02,train
G04_R0497,G04,holdout_G02,train
G04_R0498,G04,holdout_G02,train
G04_R0499,G04,holdout_G02,train
G04_R0500,G04,holdout_G02,train
G04_R0501,G04,holdout_G02,train
G04_R0502,G04,holdout_G02,train
G04_R0503,G04,holdout_G02,train
G04_R0504,G04,holdout_G02,train
G04_R0505,G04,holdout_G02,train
G04_R0506,G04,holdout_G02,train
G04_R0507,G04,holdout_G02,train
G04_R0508,G04,holdout_G02,train
G04_R0509,G04,holdout_G02,train
G04_R0510,G04,holdout_G02,train
G04_R0511,G04,holdout_G02,train
G04_R0512,G04,holdout_G02,train
G04_R0513,G04,holdout_G02,train
G04_R0514,G04,holdout_G02,train
G04_R0515,G04,holdout_G02,train
G04_R0516,G04,holdout_G02,train
G04_R0517,G04,holdout_G02,train
G04_R0518,G04,holdout_G02,train
G04_R0519,G04,holdout_G02,train
G04_R0520,G04,holdout_G02,train
G04_R0521,G04,holdout_G02,train
G04_R0522,G04,holdout_G02,train
G04_R0523,G04,holdout_G02,train
G04_R0524,G04,holdout_G02,train
G04_R0525,G04,holdout_G02,train
G04_R0526,G04,holdout_G02,train
G04_R0527,G04,holdout_G02,train
G04_R0528,G04,holdout_G02,train
G04_R0529,G04,holdout_G02,train
G04_R0530,G04,holdout_G02,train
G04_R0531,G04,holdout_G02,train
G04_R0532,G04,holdout_G02,train
G04_R0533,G04,holdout_G02,train
G04_R0534,G04,holdout_G02,train
G04_R0535,G04,holdout_G02,train
G04_R0536,G04,holdout_G02,train
G04_R0537,G04,holdout_G02,train
G04_R0538,G04,holdout_G02,train
G04_R0539,G04,holdout_G02,train
G04_R0540,G04,holdout_G02,train
G04_R0541,G04,holdout_G02,train
G04_R0542,G04,holdout_G02,train
G04_R0543,G04,holdout_G02,train
G04_R0544,G04,holdout_G02,train
G04_R0545,G04,holdout_G02,train
G04_R0546,G04,holdout_G02,train
G04_R0547,G04,holdout_G02,train
G04_R0548,G04,holdout_G02,train
G04_R0549,G04,holdout_G02,train
G04_R0550,G04,holdout_G02,train
G04_R0551,G04,holdout_G02,train
G04_R0552,G04,holdout_G02,train
G04_R0553,G04,holdout_G02,train
G04_R0554,G04,holdout_G02,train
G04_R0555,G04,holdout_G02,train
G04_R0556,G04,holdout_G02,train
G04_R0557,G04,holdout_G02,train
G04_R0558,G04,holdout_G02,train
G04_R0559,G04,holdout_G02,train
G04_R0560,G04,holdout_G02,train
G04_R0561,G04,holdout_G02,train
G04_R0562,G04,holdout_G02,train
G04_R0563,G04,holdout_G02,train
G04_R0564,G04,holdout_G02,train
G04_R0565,G04,holdout_G02,train
G04_R0566,G04,holdout_G02,train
G04_R0567,G04,holdout_G02,train
G04_R0568,G04,holdout_G02,train
G04_R0569,G04,holdout_G02,train
G04_R0570,G04,holdout_G02,train
G04_R0571,G04,holdout_G02,train
G04_R0572,G04,holdout_G02,train
G04_R0573,G04,holdout_G02,train
G04_R0574,G04,holdout_G02,train
G04_R0575,G04,holdout_G02,train
G04_R0576,G04,holdout_G02,train
G04_R0577,G04,holdout_G02,train
G04_R0578,G04,holdout_G02,train
G04_R0579,G04,holdout_G02,train
G04_R0580,G04,holdout_G02,train
G04_R0581,G04,holdout_G02,train
G04_R0582,G04,holdout_G02,train
G04_R0583,G04,holdout_G02,train
G04_R0584,G04,holdout_G02,train
G04_R0585,G04,holdout_G02,train
G04_R0586,G04,holdout_G02,train
G04_R0587,G04,holdout_G02,train
G04_R0588,G04,holdout_G02,train
G04_R0589,G04,holdout_G02,train
G04_R0590,G04,holdout_G02,train
G04_R0591,G04,holdout_G02,train
G04_R0592,G04,holdout_G02,train
G04_R0593,G04,holdout_G02,train
G04_R0594,G04,holdout_G02,train
G04_R0595,G04,holdout_G02,train
G04_R0596,G04,holdout_G02,train
G04_R0597,G04,holdout_G02,train
G04_R0598,G04,holdout_G02,train
G04_R0599,G04,holdout_G02,train
G04_R0600,G04,holdout_G02,train
G04_R0601,G04,holdout_G02,train
G04_R0602,G04,holdout_G02,train
G04_R0603,G04,holdout_G02,train
G04_R0604,G04,holdout_G02,train
G04_R0605,G04,holdout_G02,train
G04_R0606,G04,holdout_G02,train
G04_R0607,G04,holdout_G02,train
G04_R0608,G04,holdout_G02,train
G04_R0609,G04,holdout_G02,train
G04_R0610,G04,holdout_G02,train
G04_R0611,G04,holdout_G02,train
G04_R0612,G04,holdout_G02,train
G04_R0613,G04,holdout_G02,train
G04_R0614,G04,holdout_G02,train
G04_R0615,G04,holdout_G02,train
G04_R0616,G04,holdout_G02,train
G04_R0617,G04,holdout_G02,train
G04_R0618,G04,holdout_G02,train
G04_R0619,G04,holdout_G02,train
G04_R0620,G04,holdout_G02,train
G04_R0621,G04,holdout_G02,train
G04_R0622,G04,holdout_G02,train
G04_R0623,G04,holdout_G02,train
G04_R0624,G04,holdout_G02,train
G04_R0625,G04,holdout_G02,train
G04_R0626,G04,holdout_G02,train
G04_R0627,G04,holdout_G02,train
G04_R0628,G04,holdout_G02,train
G04_R0629,G04,holdout_G02,train
G04_R0630,G04,holdout_G02,train
G04_R0631,G04,holdout_G02,train
G04_R0632,G04,holdout_G02,train
G04_R0633,G04,holdout_G02,train
G04_R0634,G04,holdout_G02,train
G04_R0635,G04,holdout_G02,train
G04_R0636,G04,holdout_G02,train
G04_R0637,G04,holdout_G02,train
G04_R0638,G04,holdout_G02,train
G04_R0639,G04,holdout_G02,train
G04_R0640,G04,holdout_G02,train
G04_R0641,G04,holdout_G02,train
G04_R0642,G04,holdout_G02,train
G04_R0643,G04,holdout_G02,train
G04_R0644,G04,holdout_G02,train
G04_R0645,G04,holdout_G02,train
G04_R0646,G04,holdout_G02,train
G04_R0647,G04,holdout_G02,train
G04_R0648,G04,holdout_G02,train
G04_R0649,G04,holdout_G02,train
G04_R0650,G04,holdout_G02,train
G04_R0651,G04,holdout_G02,train
G04_R0652,G04,holdout_G02,train
G04_R0653,G04,holdout_G02,train
G04_R0654,G04,holdout_G02,train
G04_R0655,G04,holdout_G02,train
G04_R0656,G04,holdout_G02,train
G04_R0657,G04,holdout_G02,train
G04_R0658,G04,holdout_G02,train
G04_R0659,G04,holdout_G02,train
G04_R0660,G04,holdout_G02,train
G04_R0661,G04,holdout_G02,train
G04_R0662,G04,holdout_G02,train
G04_R0663,G04,holdout_G02,train
G04_R0664,G04,holdout_G02,train
G04_R0665,G04,holdout_G02,train
G04_R0666,G04,holdout_G02,train
G04_R0667,G04,holdout_G02,train
G04_R0668,G04,holdout_G02,train
G04_R0669,G04,holdout_G02,train
G04_R0670,G04,holdout_G02,train
G04_R0671,G04,holdout_G02,train
G04_R0672,G04,holdout_G02,train
G04_R0673,G04,holdout_G02,train
G04_R0674,G04,holdout_G02,train
G04_R0675,G04,holdout_G02,train
G04_R0676,G04,holdout_G02,train
G04_R0677,G04,holdout_G02,train
G04_R0678,G04,holdout_G02,train
G04_R0679,G04,holdout_G02,train
G04_R0680,G04,holdout_G02,train
G04_R0681,G04,holdout_G02,train
G04_R0682,G04,holdout_G02,train
G04_R0683,G04,holdout_G02,train
G04_R0684,G04,holdout_G02,train
G04_R0685,G04,holdout_G02,train
G04_R0686,G04,holdout_G02,train
G04_R0687,G04,holdout_G02,train
G04_R0688,G04,holdout_G02,train
G04_R0689,G04,holdout_G02,train
G04_R0690,G04,holdout_G02,train
G04_R0691,G04,holdout_G02,train
G04_R0692,G04,holdout_G02,train
G04_R0693,G04,holdout_G02,train
G04_R0694,G04,holdout_G02,train
G04_R0695,G04,holdout_G02,train
G04_R0696,G04,holdout_G02,train
G04_R0697,G04,holdout_G02,train
G04_R0698,G04,holdout_G02,train
G04_R0699,G04,holdout_G02,train
G04_R0700,G04,holdout_G02,train
G04_R0701,G04,holdout_G02,train
G04_R0702,G04,holdout_G02,train
G04_R0703,G04,holdout_G02,train
G04_R0704,G04,holdout_G02,train
G04_R0705,G04,holdout_G02,train
G04_R0706,G04,holdout_G02,train
G04_R0707,G04,holdout_G02,train
G04_R0708,G04,holdout_G02,train
G04_R0709,G04,holdout_G02,train
G04_R0710,G04,holdout_G02,train
G04_R0711,G04,holdout_G02,train
G04_R0712,G04,holdout_G02,train
G04_R0713,G04,holdout_G02,train
G04_R0714,G04,holdout_G02,train
G04_R0715,G04,holdout_G02,train
G04_R0716,G04,holdout_G02,train
G04_R0717,G04,holdout_G02,train
G04_R0718,G04,holdout_G02,train
G04_R0719,G04,holdout_G02,train
G04_R0720,G04,holdout_G02,train
G04_R0721,G04,holdout_G02,train
G04_R0722,G04,holdout_G02,train
G04_R0723,G04,holdout_G02,train
G04_R0724,G04,holdout_G02,train
G04_R0725,G04,holdout_G02,train
G04_R0726,G04,holdout_G02,train
G04_R0727,G04,holdout_G02,train
G04_R0728,G04,holdout_G02,train
G04_R0729,G04,holdout_G02,train
G04_R0730,G04,holdout_G02,train
G04_R0731,G04,holdout_G02,train
G04_R0732,G04,holdout_G02,train
G04_R0733,G04,holdout_G02,train
G04_R0734,G04,holdout_G02,train
G04_R0735,G04,holdout_G02,train
G04_R0736,G04,holdout_G02,train
G04_R0737,G04,holdout_G02,train
G04_R0738,G04,holdout_G02,train
G04_R0739,G04,holdout_G02,train
G04_R0740,G04,holdout_G02,train
G04_R0741,G04,holdout_G02,train
G04_R0742,G04,holdout_G02,train
G04_R0743,G04,holdout_G02,train
G04_R0744,G04,holdout_G02,train
G04_R0745,G04,holdout_G02,train
G04_R0746,G04,holdout_G02,train
G04_R0747,G04,holdout_G02,train
G04_R0748,G04,holdout_G02,train
G04_R0749,G04,holdout_G02,train
G04_R0750,G04,holdout_G02,train
G04_R0751,G04,holdout_G02,train
G04_R0752,G04,holdout_G02,train
G04_R0753,G04,holdout_G02,train
G04_R0754,G04,holdout_G02,train
G04_R0755,G04,holdout_G02,train
G04_R0756,G04,holdout_G02,train
G04_R0757,G04,holdout_G02,train
G04_R0758,G04,holdout_G02,train
G04_R0759,G04,holdout_G02,train
G04_R0760,G04,holdout_G02,train
G04_R0761,G04,holdout_G02,train
G04_R0762,G04,holdout_G02,train
G04_R0763,G04,holdout_G02,train
G04_R0764,G04,holdout_G02,train
G04_R0765,G04,holdout_G02,train
G04_R0766,G04,holdout_G02,train
G04_R0767,G04,holdout_G02,train
G04_R0768,G04,holdout_G02,train
G05_R0001,G05,holdout_G02,train
G05_R0002,G05,holdout_G02,train
G05_R0003,G05,holdout_G02,train
G05_R0004,G05,holdout_G02,train
G05_R0005,G05,holdout_G02,train
G05_R0006,G05,holdout_G02,train
G05_R0007,G05,holdout_G02,train
G05_R0008,G05,holdout_G02,train
G05_R0009,G05,holdout_G02,train
G05_R0010,G05,holdout_G02,train
G05_R0011,G05,holdout_G02,train
G05_R0012,G05,holdout_G02,train
G05_R0013,G05,holdout_G02,train
G05_R0014,G05,holdout_G02,train
G05_R0015,G05,holdout_G02,train
G05_R0016,G05,holdout_G02,train
G05_R0017,G05,holdout_G02,train
G05_R0018,G05,holdout_G02,train
G05_R0019,G05,holdout_G02,train
G05_R0020,G05,holdout_G02,train
G05_R0021,G05,holdout_G02,train
G05_R0022,G05,holdout_G02,train
G05_R0023,G05,holdout_G02,train
G05_R0024,G05,holdout_G02,train
G05_R0025,G05,holdout_G02,train
G05_R0026,G05,holdout_G02,train
G05_R0027,G05,holdout_G02,train
G05_R0028,G05,holdout_G02,train
G05_R0029,G05,holdout_G02,train
G05_R0030,G05,holdout_G02,train
G05_R0031,G05,holdout_G02,train
G05_R0032,G05,holdout_G02,train
G05_R0033,G05,holdout_G02,train
G05_R0034,G05,holdout_G02,train
G05_R0035,G05,holdout_G02,train
G05_R0036,G05,holdout_G02,train
G05_R0037,G05,holdout_G02,train
G05_R0038,G05,holdout_G02,train
G05_R0039,G05,holdout_G02,train
G05_R0040,G05,holdout_G02,train
G05_R0041,G05,holdout_G02,train
G05_R0042,G05,holdout_G02,train
G05_R0043,G05,holdout_G02,train
G05_R0044,G05,holdout_G02,train
G05_R0045,G05,holdout_G02,train
G05_R0046,G05,holdout_G02,train
G05_R0047,G05,holdout_G02,train
G05_R0048,G05,holdout_G02,train
G05_R0049,G05,holdout_G02,train
G05_R0050,G05,holdout_G02,train
G05_R0051,G05,holdout_G02,train
G05_R0052,G05,holdout_G02,train
G05_R0053,G05,holdout_G02,train
G05_R0054,G05,holdout_G02,train
G05_R0055,G05,holdout_G02,train
G05_R0056,G05,holdout_G02,train
G05_R0057,G05,holdout_G02,train
G05_R0058,G05,holdout_G02,train
G05_R0059,G05,holdout_G02,train
G05_R0060,G05,holdout_G02,train
G05_R0061,G05,holdout_G02,train
G05_R0062,G05,holdout_G02,train
G05_R0063,G05,holdout_G02,train
G05_R0064,G05,holdout_G02,train
G05_R0065,G05,holdout_G02,train
G05_R0066,G05,holdout_G02,train
G05_R0067,G05,holdout_G02,train
G05_R0068,G05,holdout_G02,train
G05_R0069,G05,holdout_G02,train
G05_R0070,G05,holdout_G02,train
G05_R0071,G05,holdout_G02,train
G05_R0072,G05,holdout_G02,train
G05_R0073,G05,holdout_G02,train
G05_R0074,G05,holdout_G02,train
G05_R0075,G05,holdout_G02,train
G05_R0076,G05,holdout_G02,train
G05_R0077,G05,holdout_G02,train
G05_R0078,G05,holdout_G02,train
G05_R0079,G05,holdout_G02,train
G05_R0080,G05,holdout_G02,train
G05_R0081,G05,holdout_G02,train
G05_R0082,G05,holdout_G02,train
G05_R0083,G05,holdout_G02,train
G05_R0084,G05,holdout_G02,train
G05_R0085,G05,holdout_G02,train
G05_R0086,G05,holdout_G02,train
G05_R0087,G05,holdout_G02,train
G05_R0088,G05,holdout_G02,train
G05_R0089,G05,holdout_G02,train
G05_R0090,G05,holdout_G02,train
G05_R0091,G05,holdout_G02,train
G05_R0092,G05,holdout_G02,train
G05_R0093,G05,holdout_G02,train
G05_R0094,G05,holdout_G02,train
G05_R0095,G05,holdout_G02,train
G05_R0096,G05,holdout_G02,train
G05_R0097,G05,holdout_G02,train
G05_R0098,G05,holdout_G02,train
G05_R0099,G05,holdout_G02,train
G05_R0100,G05,holdout_G02,train
G05_R0101,G05,holdout_G02,train
G05_R0102,G05,holdout_G02,train
G05_R0103,G05,holdout_G02,train
G05_R0104,G05,holdout_G02,train
G05_R0105,G05,holdout_G02,train
G05_R0106,G05,holdout_G02,train
G05_R0107,G05,holdout_G02,train
G05_R0108,G05,holdout_G02,train
G05_R0109,G05,holdout_G02,train
G05_R0110,G05,holdout_G02,train
G05_R0111,G05,holdout_G02,train
G05_R0112,G05,holdout_G02,train
G05_R0113,G05,holdout_G02,train
G05_R0114,G05,holdout_G02,train
G05_R0115,G05,holdout_G02,train
G05_R0116,G05,holdout_G02,train
G05_R0117,G05,holdout_G02,train
G05_R0118,G05,holdout_G02,train
G05_R0119,G05,holdout_G02,train
G05_R0120,G05,holdout_G02,train
G05_R0121,G05,holdout_G02,train
G05_R0122,G05,holdout_G02,train
G05_R0123,G05,holdout_G02,train
G05_R0124,G05,holdout_G02,train
G05_R0125,G05,holdout_G02,train
G05_R0126,G05,holdout_G02,train
G05_R0127,G05,holdout_G02,train
G05_R0128,G05,holdout_G02,train
G05_R0129,G05,holdout_G02,train
G05_R0130,G05,holdout_G02,train
G05_R0131,G05,holdout_G02,train
G05_R0132,G05,holdout_G02,train
G05_R0133,G05,holdout_G02,train
G05_R0134,G05,holdout_G02,train
G05_R0135,G05,holdout_G02,train
G05_R0136,G05,holdout_G02,train
G05_R0137,G05,holdout_G02,train
G05_R0138,G05,holdout_G02,train
G05_R0139,G05,holdout_G02,train
G05_R0140,G05,holdout_G02,train
G05_R0141,G05,holdout_G02,train
G05_R0142,G05,holdout_G02,train
G05_R0143,G05,holdout_G02,train
G05_R0144,G05,holdout_G02,train
G05_R0145,G05,holdout_G02,train
G05_R0146,G05,holdout_G02,train
G05_R0147,G05,holdout_G02,train
G05_R0148,G05,holdout_G02,train
G05_R0149,G05,holdout_G02,train
G05_R0150,G05,holdout_G02,train
G05_R0151,G05,holdout_G02,train
G05_R0152,G05,holdout_G02,train
G05_R0153,G05,holdout_G02,train
G05_R0154,G05,holdout_G02,train
G05_R0155,G05,holdout_G02,train
G05_R0156,G05,holdout_G02,train
G05_R0157,G05,holdout_G02,train
G05_R0158,G05,holdout_G02,train
G05_R0159,G05,holdout_G02,train
G05_R0160,G05,holdout_G02,train
G05_R0161,G05,holdout_G02,train
G05_R0162,G05,holdout_G02,train
G05_R0163,G05,holdout_G02,train
G05_R0164,G05,holdout_G02,train
G05_R0165,G05,holdout_G02,train
G05_R0166,G05,holdout_G02,train
G05_R0167,G05,holdout_G02,train
G05_R0168,G05,holdout_G02,train
G05_R0169,G05,holdout_G02,train
G05_R0170,G05,holdout_G02,train
G05_R0171,G05,holdout_G02,train
G05_R0172,G05,holdout_G02,train
G05_R0173,G05,holdout_G02,train
G05_R0174,G05,holdout_G02,train
G05_R0175,G05,holdout_G02,train
G05_R0176,G05,holdout_G02,train
G05_R0177,G05,holdout_G02,train
G05_R0178,G05,holdout_G02,train
G05_R0179,G05,holdout_G02,train
G05_R0180,G05,holdout_G02,train
G05_R0181,G05,holdout_G02,train
G05_R0182,G05,holdout_G02,train
G05_R0183,G05,holdout_G02,train
G05_R0184,G05,holdout_G02,train
G05_R0185,G05,holdout_G02,train
G05_R0186,G05,holdout_G02,train
G05_R0187,G05,holdout_G02,train
G05_R0188,G05,holdout_G02,train
G05_R0189,G05,holdout_G02,train
G05_R0190,G05,holdout_G02,train
G05_R0191,G05,holdout_G02,train
G05_R0192,G05,holdout_G02,train
G05_R0193,G05,holdout_G02,train
G05_R0194,G05,holdout_G02,train
G05_R0195,G05,holdout_G02,train
G05_R0196,G05,holdout_G02,train
G05_R0197,G05,holdout_G02,train
G05_R0198,G05,holdout_G02,train
G05_R0199,G05,holdout_G02,train
G05_R0200,G05,holdout_G02,train
G05_R0201,G05,holdout_G02,train
G05_R0202,G05,holdout_G02,train
G05_R0203,G05,holdout_G02,train
G05_R0204,G05,holdout_G02,train
G05_R0205,G05,holdout_G02,train
G05_R0206,G05,holdout_G02,train
G05_R0207,G05,holdout_G02,train
G05_R0208,G05,holdout_G02,train
G05_R0209,G05,holdout_G02,train
G05_R0210,G05,holdout_G02,train
G05_R0211,G05,holdout_G02,train
G05_R0212,G05,holdout_G02,train
G05_R0213,G05,holdout_G02,train
G05_R0214,G05,holdout_G02,train
G05_R0215,G05,holdout_G02,train
G05_R0216,G05,holdout_G02,train
G05_R0217,G05,holdout_G02,train
G05_R0218,G05,holdout_G02,train
G05_R0219,G05,holdout_G02,train
G05_R0220,G05,holdout_G02,train
G05_R0221,G05,holdout_G02,train
G05_R0222,G05,holdout_G02,train
G05_R0223,G05,holdout_G02,train
G05_R0224,G05,holdout_G02,train
G05_R0225,G05,holdout_G02,train
G05_R0226,G05,holdout_G02,train
G05_R0227,G05,holdout_G02,train
G05_R0228,G05,holdout_G02,train
G05_R0229,G05,holdout_G02,train
G05_R0230,G05,holdout_G02,train
G05_R0231,G05,holdout_G02,train
G05_R0232,G05,holdout_G02,train
G05_R0233,G05,holdout_G02,train
G05_R0234,G05,holdout_G02,train
G05_R0235,G05,holdout_G02,train
G05_R0236,G05,holdout_G02,train
G05_R0237,G05,holdout_G02,train
G05_R0238,G05,holdout_G02,train
G05_R0239,G05,holdout_G02,train
G05_R0240,G05,holdout_G02,train
G05_R0241,G05,holdout_G02,train
G05_R0242,G05,holdout_G02,train
G05_R0243,G05,holdout_G02,train
G05_R0244,G05,holdout_G02,train
G05_R0245,G05,holdout_G02,train
G05_R0246,G05,holdout_G02,train
G05_R0247,G05,holdout_G02,train
G05_R0248,G05,holdout_G02,train
G05_R0249,G05,holdout_G02,train
G05_R0250,G05,holdout_G02,train
G05_R0251,G05,holdout_G02,train
G05_R0252,G05,holdout_G02,train
G05_R0253,G05,holdout_G02,train
G05_R0254,G05,holdout_G02,train
G05_R0255,G05,holdout_G02,train
G05_R0256,G05,holdout_G02,train
G05_R0257,G05,holdout_G02,train
G05_R0258,G05,holdout_G02,train
G05_R0259,G05,holdout_G02,train
G05_R0260,G05,holdout_G02,train
G05_R0261,G05,holdout_G02,train
G05_R0262,G05,holdout_G02,train
G05_R0263,G05,holdout_G02,train
G05_R0264,G05,holdout_G02,train
G05_R0265,G05,holdout_G02,train
G05_R0266,G05,holdout_G02,train
G05_R0267,G05,holdout_G02,train
G05_R0268,G05,holdout_G02,train
G05_R0269,G05,holdout_G02,train
G05_R0270,G05,holdout_G02,train
G05_R0271,G05,holdout_G02,train
G05_R0272,G05,holdout_G02,train
G05_R0273,G05,holdout_G02,train
G05_R0274,G05,holdout_G02,train
G05_R0275,G05,holdout_G02,train
G05_R0276,G05,holdout_G02,train
G05_R0277,G05,holdout_G02,train
G05_R0278,G05,holdout_G02,train
G05_R0279,G05,holdout_G02,train
G05_R0280,G05,holdout_G02,train
G05_R0281,G05,holdout_G02,train
G05_R0282,G05,holdout_G02,train
G05_R0283,G05,holdout_G02,train
G05_R0284,G05,holdout_G02,train
G05_R0285,G05,holdout_G02,train
G05_R0286,G05,holdout_G02,train
G05_R0287,G05,holdout_G02,train
G05_R0288,G05,holdout_G02,train
G05_R0289,G05,holdout_G02,train
G05_R0290,G05,holdout_G02,train
G05_R0291,G05,holdout_G02,train
G05_R0292,G05,holdout_G02,train
G05_R0293,G05,holdout_G02,train
G05_R0294,G05,holdout_G02,train
G05_R0295,G05,holdout_G02,train
G05_R0296,G05,holdout_G02,train
G05_R0297,G05,holdout_G02,train
G05_R0298,G05,holdout_G02,train
G05_R0299,G05,holdout_G02,train
G05_R0300,G05,holdout_G02,train
G05_R0301,G05,holdout_G02,train
G05_R0302,G05,holdout_G02,train
G05_R0303,G05,holdout_G02,train
G05_R0304,G05,holdout_G02,train
G05_R0305,G05,holdout_G02,train
G05_R0306,G05,holdout_G02,train
G05_R0307,G05,holdout_G02,train
G05_R0308,G05,holdout_G02,train
G05_R0309,G05,holdout_G02,train
G05_R0310,G05,holdout_G02,train
G05_R0311,G05,holdout_G02,train
G05_R0312,G05,holdout_G02,train
G05_R0313,G05,holdout_G02,train
G05_R0314,G05,holdout_G02,train
G05_R0315,G05,holdout_G02,train
G05_R0316,G05,holdout_G02,train
G05_R0317,G05,holdout_G02,train
G05_R0318,G05,holdout_G02,train
G05_R0319,G05,holdout_G02,train
G05_R0320,G05,holdout_G02,train
G05_R0321,G05,holdout_G02,train
G05_R0322,G05,holdout_G02,train
G05_R0323,G05,holdout_G02,train
G05_R0324,G05,holdout_G02,train
G05_R0325,G05,holdout_G02,train
G05_R0326,G05,holdout_G02,train
G05_R0327,G05,holdout_G02,train
G05_R0328,G05,holdout_G02,train
G05_R0329,G05,holdout_G02,train
G05_R0330,G05,holdout_G02,train
G05_R0331,G05,holdout_G02,train
G05_R0332,G05,holdout_G02,train
G05_R0333,G05,holdout_G02,train
G05_R0334,G05,holdout_G02,train
G05_R0335,G05,holdout_G02,train
G05_R0336,G05,holdout_G02,train
G05_R0337,G05,holdout_G02,train
G05_R0338,G05,holdout_G02,train
G05_R0339,G05,holdout_G02,train
G05_R0340,G05,holdout_G02,train
G05_R0341,G05,holdout_G02,train
G05_R0342,G05,holdout_G02,train
G05_R0343,G05,holdout_G02,train
G05_R0344,G05,holdout_G02,train
G05_R0345,G05,holdout_G02,train
G05_R0346,G05,holdout_G02,train
G05_R0347,G05,holdout_G02,train
G05_R0348,G05,holdout_G02,train
G05_R0349,G05,holdout_G02,train
G05_R0350,G05,holdout_G02,train
G05_R0351,G05,holdout_G02,train
G05_R0352,G05,holdout_G02,train
G05_R0353,G05,holdout_G02,train
G05_R0354,G05,holdout_G02,train
G05_R0355,G05,holdout_G02,train
G05_R0356,G05,holdout_G02,train
G05_R0357,G05,holdout_G02,train
G05_R0358,G05,holdout_G02,train
G05_R0359,G05,holdout_G02,train
G05_R0360,G05,holdout_G02,train
G05_R0361,G05,holdout_G02,train
G05_R0362,G05,holdout_G02,train
G05_R0363,G05,holdout_G02,train
G05_R0364,G05,holdout_G02,train
G05_R0365,G05,holdout_G02,train
G05_R0366,G05,holdout_G02,train
G05_R0367,G05,holdout_G02,train
G05_R0368,G05,holdout_G02,train
G05_R0369,G05,holdout_G02,train
G05_R0370,G05,holdout_G02,train
G05_R0371,G05,holdout_G02,train
G05_R0372,G05,holdout_G02,train
G05_R0373,G05,holdout_G02,train
G05_R0374,G05,holdout_G02,train
G05_R0375,G05,holdout_G02,train
G05_R0376,G05,holdout_G02,train
G05_R0377,G05,holdout_G02,train
G05_R0378,G05,holdout_G02,train
G05_R0379,G05,holdout_G02,train
G05_R0380,G05,holdout_G02,train
G05_R0381,G05,holdout_G02,train
G05_R0382,G05,holdout_G02,train
G05_R0383,G05,holdout_G02,train
G05_R0384,G05,holdout_G02,train
G05_R0385,G05,holdout_G02,train
G05_R0386,G05,holdout_G02,train
G05_R0387,G05,holdout_G02,train
G05_R0388,G05,holdout_G02,train
G05_R0389,G05,holdout_G02,train
G05_R0390,G05,holdout_G02,train
G05_R0391,G05,holdout_G02,train
G05_R0392,G05,holdout_G02,train
G05_R0393,G05,holdout_G02,train
G05_R0394,G05,holdout_G02,train
G05_R0395,G05,holdout_G02,train
G05_R0396,G05,holdout_G02,train
G05_R0397,G05,holdout_G02,train
G05_R0398,G05,holdout_G02,train
G05_R0399,G05,holdout_G02,train
G05_R0400,G05,holdout_G02,train
G05_R0401,G05,holdout_G02,train
G05_R0402,G05,holdout_G02,train
G05_R0403,G05,holdout_G02,train
G05_R0404,G05,holdout_G02,train
G05_R0405,G05,holdout_G02,train
G05_R0406,G05,holdout_G02,train
G05_R0407,G05,holdout_G02,train
G05_R0408,G05,holdout_G02,train
G05_R0409,G05,holdout_G02,train
G05_R0410,G05,holdout_G02,train
G05_R0411,G05,holdout_G02,train
G05_R0412,G05,holdout_G02,train
G05_R0413,G05,holdout_G02,train
G05_R0414,G05,holdout_G02,train
G05_R0415,G05,holdout_G02,train
G05_R0416,G05,holdout_G02,train
G05_R0417,G05,holdout_G02,train
G05_R0418,G05,holdout_G02,train
G05_R0419,G05,holdout_G02,train
G05_R0420,G05,holdout_G02,train
G05_R0421,G05,holdout_G02,train
G05_R0422,G05,holdout_G02,train
G05_R0423,G05,holdout_G02,train
G05_R0424,G05,holdout_G02,train
G05_R0425,G05,holdout_G02,train
G05_R0426,G05,holdout_G02,train
G05_R0427,G05,holdout_G02,train
G05_R0428,G05,holdout_G02,train
G05_R0429,G05,holdout_G02,train
G05_R0430,G05,holdout_G02,train
G05_R0431,G05,holdout_G02,train
G05_R0432,G05,holdout_G02,train
G05_R0433,G05,holdout_G02,train
G05_R0434,G05,holdout_G02,train
G05_R0435,G05,holdout_G02,train
G05_R0436,G05,holdout_G02,train
G05_R0437,G05,holdout_G02,train
G05_R0438,G05,holdout_G02,train
G05_R0439,G05,holdout_G02,train
G05_R0440,G05,holdout_G02,train
G05_R0441,G05,holdout_G02,train
G05_R0442,G05,holdout_G02,train
G05_R0443,G05,holdout_G02,train
G05_R0444,G05,holdout_G02,train
G05_R0445,G05,holdout_G02,train
G05_R0446,G05,holdout_G02,train
G05_R0447,G05,holdout_G02,train
G05_R0448,G05,holdout_G02,train
G05_R0449,G05,holdout_G02,train
G05_R0450,G05,holdout_G02,train
G05_R0451,G05,holdout_G02,train
G05_R0452,G05,holdout_G02,train
G05_R0453,G05,holdout_G02,train
G05_R0454,G05,holdout_G02,train
G05_R0455,G05,holdout_G02,train
G05_R0456,G05,holdout_G02,train
G05_R0457,G05,holdout_G02,train
G05_R0458,G05,holdout_G02,train
G05_R0459,G05,holdout_G02,train
G05_R0460,G05,holdout_G02,train
G05_R0461,G05,holdout_G02,train
G05_R0462,G05,holdout_G02,train
G05_R0463,G05,holdout_G02,train
G05_R0464,G05,holdout_G02,train
G05_R0465,G05,holdout_G02,train
G05_R0466,G05,holdout_G02,train
G05_R0467,G05,holdout_G02,train
G05_R0468,G05,holdout_G02,train
G05_R0469,G05,holdout_G02,train
G05_R0470,G05,holdout_G02,train
G05_R0471,G05,holdout_G02,train
G05_R0472,G05,holdout_G02,train
G05_R0473,G05,holdout_G02,train
G05_R0474,G05,holdout_G02,train
G05_R0475,G05,holdout_G02,train
G05_R0476,G05,holdout_G02,train
G05_R0477,G05,holdout_G02,train
G05_R0478,G05,holdout_G02,train
G05_R0479,G05,holdout_G02,train
G05_R0480,G05,holdout_G02,train
G05_R0481,G05,holdout_G02,train
G05_R0482,G05,holdout_G02,train
G05_R0483,G05,holdout_G02,train
G05_R0484,G05,holdout_G02,train
G05_R0485,G05,holdout_G02,train
G05_R0486,G05,holdout_G02,train
G05_R0487,G05,holdout_G02,train
G05_R0488,G05,holdout_G02,train
G05_R0489,G05,holdout_G02,train
G05_R0490,G05,holdout_G02,train
G05_R0491,G05,holdout_G02,train
G05_R0492,G05,holdout_G02,train
G05_R0493,G05,holdout_G02,train
G05_R0494,G05,holdout_G02,train
G05_R0495,G05,holdout_G02,train
G05_R0496,G05,holdout_G02,train
G05_R0497,G05,holdout_G02,train
G05_R0498,G05,holdout_G02,train
G05_R0499,G05,holdout_G02,train
G05_R0500,G05,holdout_G02,train
G05_R0501,G05,holdout_G02,train
G05_R0502,G05,holdout_G02,train
G05_R0503,G05,holdout_G02,train
G05_R0504,G05,holdout_G02,train
G05_R0505,G05,holdout_G02,train
G05_R0506,G05,holdout_G02,train
G05_R0507,G05,holdout_G02,train
G05_R0508,G05,holdout_G02,train
G05_R0509,G05,holdout_G02,train
G05_R0510,G05,holdout_G02,train
G05_R0511,G05,holdout_G02,train
G05_R0512,G05,holdout_G02,train
G05_R0513,G05,holdout_G02,train
G05_R0514,G05,holdout_G02,train
G05_R0515,G05,holdout_G02,train
G05_R0516,G05,holdout_G02,train
G05_R0517,G05,holdout_G02,train
G05_R0518,G05,holdout_G02,train
G05_R0519,G05,holdout_G02,train
G05_R0520,G05,holdout_G02,train
G05_R0521,G05,holdout_G02,train
G05_R0522,G05,holdout_G02,train
G05_R0523,G05,holdout_G02,train
G05_R0524,G05,holdout_G02,train
G05_R0525,G05,holdout_G02,train
G05_R0526,G05,holdout_G02,train
G05_R0527,G05,holdout_G02,train
G05_R0528,G05,holdout_G02,train
G05_R0529,G05,holdout_G02,train
G05_R0530,G05,holdout_G02,train
G05_R0531,G05,holdout_G02,train
G05_R0532,G05,holdout_G02,train
G05_R0533,G05,holdout_G02,train
G05_R0534,G05,holdout_G02,train
G05_R0535,G05,holdout_G02,train
G05_R0536,G05,holdout_G02,train
G05_R0537,G05,holdout_G02,train
G05_R0538,G05,holdout_G02,train
G05_R0539,G05,holdout_G02,train
G05_R0540,G05,holdout_G02,train
G05_R0541,G05,holdout_G02,train
G05_R0542,G05,holdout_G02,train
G05_R0543,G05,holdout_G02,train
G05_R0544,G05,holdout_G02,train
G05_R0545,G05,holdout_G02,train
G05_R0546,G05,holdout_G02,train
G05_R0547,G05,holdout_G02,train
G05_R0548,G05,holdout_G02,train
G05_R0549,G05,holdout_G02,train
G05_R0550,G05,holdout_G02,train
G05_R0551,G05,holdout_G02,train
G05_R0552,G05,holdout_G02,train
G05_R0553,G05,holdout_G02,train
G05_R0554,G05,holdout_G02,train
G05_R0555,G05,holdout_G02,train
G05_R0556,G05,holdout_G02,train
G05_R0557,G05,holdout_G02,train
G05_R0558,G05,holdout_G02,train
G05_R0559,G05,holdout_G02,train
G05_R0560,G05,holdout_G02,train
G05_R0561,G05,holdout_G02,train
G05_R0562,G05,holdout_G02,train
G05_R0563,G05,holdout_G02,train
G05_R0564,G05,holdout_G02,train
G05_R0565,G05,holdout_G02,train
G05_R0566,G05,holdout_G02,train
G05_R0567,G05,holdout_G02,train
G05_R0568,G05,holdout_G02,train
G05_R0569,G05,holdout_G02,train
G05_R0570,G05,holdout_G02,train
G05_R0571,G05,holdout_G02,train
G05_R0572,G05,holdout_G02,train
G05_R0573,G05,holdout_G02,train
G05_R0574,G05,holdout_G02,train
G05_R0575,G05,holdout_G02,train
G05_R0576,G05,holdout_G02,train
G05_R0577,G05,holdout_G02,train
G05_R0578,G05,holdout_G02,train
G05_R0579,G05,holdout_G02,train
G05_R0580,G05,holdout_G02,train
G05_R0581,G05,holdout_G02,train
G05_R0582,G05,holdout_G02,train
G05_R0583,G05,holdout_G02,train
G05_R0584,G05,holdout_G02,train
G05_R0585,G05,holdout_G02,train
G05_R0586,G05,holdout_G02,train
G05_R0587,G05,holdout_G02,train
G05_R0588,G05,holdout_G02,train
G05_R0589,G05,holdout_G02,train
G05_R0590,G05,holdout_G02,train
G05_R0591,G05,holdout_G02,train
G05_R0592,G05,holdout_G02,train
G05_R0593,G05,holdout_G02,train
G05_R0594,G05,holdout_G02,train
G05_R0595,G05,holdout_G02,train
G05_R0596,G05,holdout_G02,train
G05_R0597,G05,holdout_G02,train
G05_R0598,G05,holdout_G02,train
G05_R0599,G05,holdout_G02,train
G05_R0600,G05,holdout_G02,train
G05_R0601,G05,holdout_G02,train
G05_R0602,G05,holdout_G02,train
G05_R0603,G05,holdout_G02,train
G05_R0604,G05,holdout_G02,train
G05_R0605,G05,holdout_G02,train
G05_R0606,G05,holdout_G02,train
G05_R0607,G05,holdout_G02,train
G05_R0608,G05,holdout_G02,train
G05_R0609,G05,holdout_G02,train
G05_R0610,G05,holdout_G02,train
G05_R0611,G05,holdout_G02,train
G05_R0612,G05,holdout_G02,train
G05_R0613,G05,holdout_G02,train
G05_R0614,G05,holdout_G02,train
G05_R0615,G05,holdout_G02,train
G05_R0616,G05,holdout_G02,train
G05_R0617,G05,holdout_G02,train
G05_R0618,G05,holdout_G02,train
G05_R0619,G05,holdout_G02,train
G05_R0620,G05,holdout_G02,train
G05_R0621,G05,holdout_G02,train
G05_R0622,G05,holdout_G02,train
G05_R0623,G05,holdout_G02,train
G05_R0624,G05,holdout_G02,train
G05_R0625,G05,holdout_G02,train
G05_R0626,G05,holdout_G02,train
G05_R0627,G05,holdout_G02,train
G05_R0628,G05,holdout_G02,train
G05_R0629,G05,holdout_G02,train
G05_R0630,G05,holdout_G02,train
G05_R0631,G05,holdout_G02,train
G05_R0632,G05,holdout_G02,train
G05_R0633,G05,holdout_G02,train
G05_R0634,G05,holdout_G02,train
G05_R0635,G05,holdout_G02,train
G05_R0636,G05,holdout_G02,train
G05_R0637,G05,holdout_G02,train
G05_R0638,G05,holdout_G02,train
G05_R0639,G05,holdout_G02,train
G05_R0640,G05,holdout_G02,train
G05_R0641,G05,holdout_G02,train
G05_R0642,G05,holdout_G02,train
G05_R0643,G05,holdout_G02,train
G05_R0644,G05,holdout_G02,train
G05_R0645,G05,holdout_G02,train
G05_R0646,G05,holdout_G02,train
G05_R0647,G05,holdout_G02,train
G05_R0648,G05,holdout_G02,train
G05_R0649,G05,holdout_G02,train
G05_R0650,G05,holdout_G02,train
G05_R0651,G05,holdout_G02,train
G05_R0652,G05,holdout_G02,train
G05_R0653,G05,holdout_G02,train
G05_R0654,G05,holdout_G02,train
G05_R0655,G05,holdout_G02,train
G05_R0656,G05,holdout_G02,train
G05_R0657,G05,holdout_G02,train
G05_R0658,G05,holdout_G02,train
G05_R0659,G05,holdout_G02,train
G05_R0660,G05,holdout_G02,train
G05_R0661,G05,holdout_G02,train
G05_R0662,G05,holdout_G02,train
G05_R0663,G05,holdout_G02,train
G05_R0664,G05,holdout_G02,train
G05_R0665,G05,holdout_G02,train
G05_R0666,G05,holdout_G02,train
G05_R0667,G05,holdout_G02,train
G05_R0668,G05,holdout_G02,train
G05_R0669,G05,holdout_G02,train
G05_R0670,G05,holdout_G02,train
G05_R0671,G05,holdout_G02,train
G05_R0672,G05,holdout_G02,train
G05_R0673,G05,holdout_G02,train
G05_R0674,G05,holdout_G02,train
G05_R0675,G05,holdout_G02,train
G05_R0676,G05,holdout_G02,train
G05_R0677,G05,holdout_G02,train
G05_R0678,G05,holdout_G02,train
G05_R0679,G05,holdout_G02,train
G05_R0680,G05,holdout_G02,train
G05_R0681,G05,holdout_G02,train
G05_R0682,G05,holdout_G02,train
G05_R0683,G05,holdout_G02,train
G05_R0684,G05,holdout_G02,train
G05_R0685,G05,holdout_G02,train
G05_R0686,G05,holdout_G02,train
G05_R0687,G05,holdout_G02,train
G05_R0688,G05,holdout_G02,train
G05_R0689,G05,holdout_G02,train
G05_R0690,G05,holdout_G02,train
G05_R0691,G05,holdout_G02,train
G05_R0692,G05,holdout_G02,train
G05_R0693,G05,holdout_G02,train
G05_R0694,G05,holdout_G02,train
G05_R0695,G05,holdout_G02,train
G05_R0696,G05,holdout_G02,train
G05_R0697,G05,holdout_G02,train
G05_R0698,G05,holdout_G02,train
G05_R0699,G05,holdout_G02,train
G05_R0700,G05,holdout_G02,train
G05_R0701,G05,holdout_G02,train
G05_R0702,G05,holdout_G02,train
G05_R0703,G05,holdout_G02,train
G05_R0704,G05,holdout_G02,train
G05_R0705,G05,holdout_G02,train
G05_R0706,G05,holdout_G02,train
G05_R0707,G05,holdout_G02,train
G05_R0708,G05,holdout_G02,train
G05_R0709,G05,holdout_G02,train
G05_R0710,G05,holdout_G02,train
G05_R0711,G05,holdout_G02,train
G05_R0712,G05,holdout_G02,train
G05_R0713,G05,holdout_G02,train
G05_R0714,G05,holdout_G02,train
G05_R0715,G05,holdout_G02,train
G05_R0716,G05,holdout_G02,train
G05_R0717,G05,holdout_G02,train
G05_R0718,G05,holdout_G02,train
G05_R0719,G05,holdout_G02,train
G05_R0720,G05,holdout_G02,train
G05_R0721,G05,holdout_G02,train
G05_R0722,G05,holdout_G02,train
G05_R0723,G05,holdout_G02,train
G05_R0724,G05,holdout_G02,train
G05_R0725,G05,holdout_G02,train
G05_R0726,G05,holdout_G02,train
G05_R0727,G05,holdout_G02,train
G05_R0728,G05,holdout_G02,train
G05_R0729,G05,holdout_G02,train
G05_R0730,G05,holdout_G02,train
G05_R0731,G05,holdout_G02,train
G05_R0732,G05,holdout_G02,train
G05_R0733,G05,holdout_G02,train
G05_R0734,G05,holdout_G02,train
G05_R0735,G05,holdout_G02,train
G05_R0736,G05,holdout_G02,train
G05_R0737,G05,holdout_G02,train
G05_R0738,G05,holdout_G02,train
G05_R0739,G05,holdout_G02,train
G05_R0740,G05,holdout_G02,train
G05_R0741,G05,holdout_G02,train
G05_R0742,G05,holdout_G02,train
G05_R0743,G05,holdout_G02,train
G05_R0744,G05,holdout_G02,train
G05_R0745,G05,holdout_G02,train
G05_R0746,G05,holdout_G02,train
G05_R0747,G05,holdout_G02,train
G05_R0748,G05,holdout_G02,train
G05_R0749,G05,holdout_G02,train
G05_R0750,G05,holdout_G02,train
G05_R0751,G05,holdout_G02,train
G05_R0752,G05,holdout_G02,train
G05_R0753,G05,holdout_G02,train
G05_R0754,G05,holdout_G02,train
G05_R0755,G05,holdout_G02,train
G05_R0756,G05,holdout_G02,train
G05_R0757,G05,holdout_G02,train
G05_R0758,G05,holdout_G02,train
G05_R0759,G05,holdout_G02,train
G05_R0760,G05,holdout_G02,train
G05_R0761,G05,holdout_G02,train
G05_R0762,G05,holdout_G02,train
G05_R0763,G05,holdout_G02,train
G05_R0764,G05,holdout_G02,train
G05_R0765,G05,holdout_G02,train
G05_R0766,G05,holdout_G02,train
G05_R0767,G05,holdout_G02,train
G05_R0768,G05,holdout_G02,train
G06_R0001,G06,holdout_G02,train
G06_R0002,G06,holdout_G02,train
G06_R0003,G06,holdout_G02,train
G06_R0004,G06,holdout_G02,train
G06_R0005,G06,holdout_G02,train
G06_R0006,G06,holdout_G02,train
G06_R0007,G06,holdout_G02,train
G06_R0008,G06,holdout_G02,train
G06_R0009,G06,holdout_G02,train
G06_R0010,G06,holdout_G02,train
G06_R0011,G06,holdout_G02,train
G06_R0012,G06,holdout_G02,train
G06_R0013,G06,holdout_G02,train
G06_R0014,G06,holdout_G02,train
G06_R0015,G06,holdout_G02,train
G06_R0016,G06,holdout_G02,train
G06_R0017,G06,holdout_G02,train
G06_R0018,G06,holdout_G02,train
G06_R0019,G06,holdout_G02,train
G06_R0020,G06,holdout_G02,train
G06_R0021,G06,holdout_G02,train
G06_R0022,G06,holdout_G02,train
G06_R0023,G06,holdout_G02,train
G06_R0024,G06,holdout_G02,train
G06_R0025,G06,holdout_G02,train
G06_R0026,G06,holdout_G02,train
G06_R0027,G06,holdout_G02,train
G06_R0028,G06,holdout_G02,train
G06_R0029,G06,holdout_G02,train
G06_R0030,G06,holdout_G02,train
G06_R0031,G06,holdout_G02,train
G06_R0032,G06,holdout_G02,train
G06_R0033,G06,holdout_G02,train
G06_R0034,G06,holdout_G02,train
G06_R0035,G06,holdout_G02,train
G06_R0036,G06,holdout_G02,train
G06_R0037,G06,holdout_G02,train
G06_R0038,G06,holdout_G02,train
G06_R0039,G06,holdout_G02,train
G06_R0040,G06,holdout_G02,train
G06_R0041,G06,holdout_G02,train
G06_R0042,G06,holdout_G02,train
G06_R0043,G06,holdout_G02,train
G06_R0044,G06,holdout_G02,train
G06_R0045,G06,holdout_G02,train
G06_R0046,G06,holdout_G02,train
G06_R0047,G06,holdout_G02,train
G06_R0048,G06,holdout_G02,train
G06_R0049,G06,holdout_G02,train
G06_R0050,G06,holdout_G02,train
G06_R0051,G06,holdout_G02,train
G06_R0052,G06,holdout_G02,train
G06_R0053,G06,holdout_G02,train
G06_R0054,G06,holdout_G02,train
G06_R0055,G06,holdout_G02,train
G06_R0056,G06,holdout_G02,train
G06_R0057,G06,holdout_G02,train
G06_R0058,G06,holdout_G02,train
G06_R0059,G06,holdout_G02,train
G06_R0060,G06,holdout_G02,train
G06_R0061,G06,holdout_G02,train
G06_R0062,G06,holdout_G02,train
G06_R0063,G06,holdout_G02,train
G06_R0064,G06,holdout_G02,train
G06_R0065,G06,holdout_G02,train
G06_R0066,G06,holdout_G02,train
G06_R0067,G06,holdout_G02,train
G06_R0068,G06,holdout_G02,train
G06_R0069,G06,holdout_G02,train
G06_R0070,G06,holdout_G02,train
G06_R0071,G06,holdout_G02,train
G06_R0072,G06,holdout_G02,train
G06_R0073,G06,holdout_G02,train
G06_R0074,G06,holdout_G02,train
G06_R0075,G06,holdout_G02,train
G06_R0076,G06,holdout_G02,train
G06_R0077,G06,holdout_G02,train
G06_R0078,G06,holdout_G02,train
G06_R0079,G06,holdout_G02,train
G06_R0080,G06,holdout_G02,train
G06_R0081,G06,holdout_G02,train
G06_R0082,G06,holdout_G02,train
G06_R0083,G06,holdout_G02,train
G06_R0084,G06,holdout_G02,train
G06_R0085,G06,holdout_G02,train
G06_R0086,G06,holdout_G02,train
G06_R0087,G06,holdout_G02,train
G06_R0088,G06,holdout_G02,train
G06_R0089,G06,holdout_G02,train
G06_R0090,G06,holdout_G02,train
G06_R0091,G06,holdout_G02,train
G06_R0092,G06,holdout_G02,train
G06_R0093,G06,holdout_G02,train
G06_R0094,G06,holdout_G02,train
G06_R0095,G06,holdout_G02,train
G06_R0096,G06,holdout_G02,train
G06_R0097,G06,holdout_G02,train
G06_R0098,G06,holdout_G02,train
G06_R0099,G06,holdout_G02,train
G06_R0100,G06,holdout_G02,train
G06_R0101,G06,holdout_G02,train
G06_R0102,G06,holdout_G02,train
G06_R0103,G06,holdout_G02,train
G06_R0104,G06,holdout_G02,train
G06_R0105,G06,holdout_G02,train
G06_R0106,G06,holdout_G02,train
G06_R0107,G06,holdout_G02,train
G06_R0108,G06,holdout_G02,train
G06_R0109,G06,holdout_G02,train
G06_R0110,G06,holdout_G02,train
G06_R0111,G06,holdout_G02,train
G06_R0112,G06,holdout_G02,train
G06_R0113,G06,holdout_G02,train
G06_R0114,G06,holdout_G02,train
G06_R0115,G06,holdout_G02,train
G06_R0116,G06,holdout_G02,train
G06_R0117,G06,holdout_G02,train
G06_R0118,G06,holdout_G02,train
G06_R0119,G06,holdout_G02,train
G06_R0120,G06,holdout_G02,train
G06_R0121,G06,holdout_G02,train
G06_R0122,G06,holdout_G02,train
G06_R0123,G06,holdout_G02,train
G06_R0124,G06,holdout_G02,train
G06_R0125,G06,holdout_G02,train
G06_R0126,G06,holdout_G02,train
G06_R0127,G06,holdout_G02,train
G06_R0128,G06,holdout_G02,train
G06_R0129,G06,holdout_G02,train
G06_R0130,G06,holdout_G02,train
G06_R0131,G06,holdout_G02,train
G06_R0132,G06,holdout_G02,train
G06_R0133,G06,holdout_G02,train
G06_R0134,G06,holdout_G02,train
G06_R0135,G06,holdout_G02,train
G06_R0136,G06,holdout_G02,train
G06_R0137,G06,holdout_G02,train
G06_R0138,G06,holdout_G02,train
G06_R0139,G06,holdout_G02,train
G06_R0140,G06,holdout_G02,train
G06_R0141,G06,holdout_G02,train
G06_R0142,G06,holdout_G02,train
G06_R0143,G06,holdout_G02,train
G06_R0144,G06,holdout_G02,train
G06_R0145,G06,holdout_G02,train
G06_R0146,G06,holdout_G02,train
G06_R0147,G06,holdout_G02,train
G06_R0148,G06,holdout_G02,train
G06_R0149,G06,holdout_G02,train
G06_R0150,G06,holdout_G02,train
G06_R0151,G06,holdout_G02,train
G06_R0152,G06,holdout_G02,train
G06_R0153,G06,holdout_G02,train
G06_R0154,G06,holdout_G02,train
G06_R0155,G06,holdout_G02,train
G06_R0156,G06,holdout_G02,train
G06_R0157,G06,holdout_G02,train
G06_R0158,G06,holdout_G02,train
G06_R0159,G06,holdout_G02,train
G06_R0160,G06,holdout_G02,train
G06_R0161,G06,holdout_G02,train
G06_R0162,G06,holdout_G02,train
G06_R0163,G06,holdout_G02,train
G06_R0164,G06,holdout_G02,train
G06_R0165,G06,holdout_G02,train
G06_R0166,G06,holdout_G02,train
G06_R0167,G06,holdout_G02,train
G06_R0168,G06,holdout_G02,train
G06_R0169,G06,holdout_G02,train
G06_R0170,G06,holdout_G02,train
G06_R0171,G06,holdout_G02,train
G06_R0172,G06,holdout_G02,train
G06_R0173,G06,holdout_G02,train
G06_R0174,G06,holdout_G02,train
G06_R0175,G06,holdout_G02,train
G06_R0176,G06,holdout_G02,train
G06_R0177,G06,holdout_G02,train
G06_R0178,G06,holdout_G02,train
G06_R0179,G06,holdout_G02,train
G06_R0180,G06,holdout_G02,train
G06_R0181,G06,holdout_G02,train
G06_R0182,G06,holdout_G02,train
G06_R0183,G06,holdout_G02,train
G06_R0184,G06,holdout_G02,train
G06_R0185,G06,holdout_G02,train
G06_R0186,G06,holdout_G02,train
G06_R0187,G06,holdout_G02,train
G06_R0188,G06,holdout_G02,train
G06_R0189,G06,holdout_G02,train
G06_R0190,G06,holdout_G02,train
G06_R0191,G06,holdout_G02,train
G06_R0192,G06,holdout_G02,train
G06_R0193,G06,holdout_G02,train
G06_R0194,G06,holdout_G02,train
G06_R0195,G06,holdout_G02,train
G06_R0196,G06,holdout_G02,train
G06_R0197,G06,holdout_G02,train
G06_R0198,G06,holdout_G02,train
G06_R0199,G06,holdout_G02,train
G06_R0200,G06,holdout_G02,train
G06_R0201,G06,holdout_G02,train
G06_R0202,G06,holdout_G02,train
G06_R0203,G06,holdout_G02,train
G06_R0204,G06,holdout_G02,train
G06_R0205,G06,holdout_G02,train
G06_R0206,G06,holdout_G02,train
G06_R0207,G06,holdout_G02,train
G06_R0208,G06,holdout_G02,train
G06_R0209,G06,holdout_G02,train
G06_R0210,G06,holdout_G02,train
G06_R0211,G06,holdout_G02,train
G06_R0212,G06,holdout_G02,train
G06_R0213,G06,holdout_G02,train
G06_R0214,G06,holdout_G02,train
G06_R0215,G06,holdout_G02,train
G06_R0216,G06,holdout_G02,train
G06_R0217,G06,holdout_G02,train
G06_R0218,G06,holdout_G02,train
G06_R0219,G06,holdout_G02,train
G06_R0220,G06,holdout_G02,train
G06_R0221,G06,holdout_G02,train
G06_R0222,G06,holdout_G02,train
G06_R0223,G06,holdout_G02,train
G06_R0224,G06,holdout_G02,train
G06_R0225,G06,holdout_G02,train
G06_R0226,G06,holdout_G02,train
G06_R0227,G06,holdout_G02,train
G06_R0228,G06,holdout_G02,train
G06_R0229,G06,holdout_G02,train
G06_R0230,G06,holdout_G02,train
G06_R0231,G06,holdout_G02,train
G06_R0232,G06,holdout_G02,train
G06_R0233,G06,holdout_G02,train
G06_R0234,G06,holdout_G02,train
G06_R0235,G06,holdout_G02,train
G06_R0236,G06,holdout_G02,train
G06_R0237,G06,holdout_G02,train
G06_R0238,G06,holdout_G02,train
G06_R0239,G06,holdout_G02,train
G06_R0240,G06,holdout_G02,train
G06_R0241,G06,holdout_G02,train
G06_R0242,G06,holdout_G02,train
G06_R0243,G06,holdout_G02,train
G06_R0244,G06,holdout_G02,train
G06_R0245,G06,holdout_G02,train
G06_R0246,G06,holdout_G02,train
G06_R0247,G06,holdout_G02,train
G06_R0248,G06,holdout_G02,train
G06_R0249,G06,holdout_G02,train
G06_R0250,G06,holdout_G02,train
G06_R0251,G06,holdout_G02,train
G06_R0252,G06,holdout_G02,train
G06_R0253,G06,holdout_G02,train
G06_R0254,G06,holdout_G02,train
G06_R0255,G06,holdout_G02,train
G06_R0256,G06,holdout_G02,train
G06_R0257,G06,holdout_G02,train
G06_R0258,G06,holdout_G02,train
G06_R0259,G06,holdout_G02,train
G06_R0260,G06,holdout_G02,train
G06_R0261,G06,holdout_G02,train
G06_R0262,G06,holdout_G02,train
G06_R0263,G06,holdout_G02,train
G06_R0264,G06,holdout_G02,train
G06_R0265,G06,holdout_G02,train
G06_R0266,G06,holdout_G02,train
G06_R0267,G06,holdout_G02,train
G06_R0268,G06,holdout_G02,train
G06_R0269,G06,holdout_G02,train
G06_R0270,G06,holdout_G02,train
G06_R0271,G06,holdout_G02,train
G06_R0272,G06,holdout_G02,train
G06_R0273,G06,holdout_G02,train
G06_R0274,G06,holdout_G02,train
G06_R0275,G06,holdout_G02,train
G06_R0276,G06,holdout_G02,train
G06_R0277,G06,holdout_G02,train
G06_R0278,G06,holdout_G02,train
G06_R0279,G06,holdout_G02,train
G06_R0280,G06,holdout_G02,train
G06_R0281,G06,holdout_G02,train
G06_R0282,G06,holdout_G02,train
G06_R0283,G06,holdout_G02,train
G06_R0284,G06,holdout_G02,train
G06_R0285,G06,holdout_G02,train
G06_R0286,G06,holdout_G02,train
G06_R0287,G06,holdout_G02,train
G06_R0288,G06,holdout_G02,train
G06_R0289,G06,holdout_G02,train
G06_R0290,G06,holdout_G02,train
G06_R0291,G06,holdout_G02,train
G06_R0292,G06,holdout_G02,train
G06_R0293,G06,holdout_G02,train
G06_R0294,G06,holdout_G02,train
G06_R0295,G06,holdout_G02,train
G06_R0296,G06,holdout_G02,train
G06_R0297,G06,holdout_G02,train
G06_R0298,G06,holdout_G02,train
G06_R0299,G06,holdout_G02,train
G06_R0300,G06,holdout_G02,train
G06_R0301,G06,holdout_G02,train
G06_R0302,G06,holdout_G02,train
G06_R0303,G06,holdout_G02,train
G06_R0304,G06,holdout_G02,train
G06_R0305,G06,holdout_G02,train
G06_R0306,G06,holdout_G02,train
G06_R0307,G06,holdout_G02,train
G06_R0308,G06,holdout_G02,train
G06_R0309,G06,holdout_G02,train
G06_R0310,G06,holdout_G02,train
G06_R0311,G06,holdout_G02,train
G06_R0312,G06,holdout_G02,train
G06_R0313,G06,holdout_G02,train
G06_R0314,G06,holdout_G02,train
G06_R0315,G06,holdout_G02,train
G06_R0316,G06,holdout_G02,train
G06_R0317,G06,holdout_G02,train
G06_R0318,G06,holdout_G02,train
G06_R0319,G06,holdout_G02,train
G06_R0320,G06,holdout_G02,train
G06_R0321,G06,holdout_G02,train
G06_R0322,G06,holdout_G02,train
G06_R0323,G06,holdout_G02,train
G06_R0324,G06,holdout_G02,train
G06_R0325,G06,holdout_G02,train
G06_R0326,G06,holdout_G02,train
G06_R0327,G06,holdout_G02,train
G06_R0328,G06,holdout_G02,train
G06_R0329,G06,holdout_G02,train
G06_R0330,G06,holdout_G02,train
G06_R0331,G06,holdout_G02,train
G06_R0332,G06,holdout_G02,train
G06_R0333,G06,holdout_G02,train
G06_R0334,G06,holdout_G02,train
G06_R0335,G06,holdout_G02,train
G06_R0336,G06,holdout_G02,train
G06_R0337,G06,holdout_G02,train
G06_R0338,G06,holdout_G02,train
G06_R0339,G06,holdout_G02,train
G06_R0340,G06,holdout_G02,train
G06_R0341,G06,holdout_G02,train
G06_R0342,G06,holdout_G02,train
G06_R0343,G06,holdout_G02,train
G06_R0344,G06,holdout_G02,train
G06_R0345,G06,holdout_G02,train
G06_R0346,G06,holdout_G02,train
G06_R0347,G06,holdout_G02,train
G06_R0348,G06,holdout_G02,train
G06_R0349,G06,holdout_G02,train
G06_R0350,G06,holdout_G02,train
G06_R0351,G06,holdout_G02,train
G06_R0352,G06,holdout_G02,train
G06_R0353,G06,holdout_G02,train
G06_R0354,G06,holdout_G02,train
G06_R0355,G06,holdout_G02,train
G06_R0356,G06,holdout_G02,train
G06_R0357,G06,holdout_G02,train
G06_R0358,G06,holdout_G02,train
G06_R0359,G06,holdout_G02,train
G06_R0360,G06,holdout_G02,train
G06_R0361,G06,holdout_G02,train
G06_R0362,G06,holdout_G02,train
G06_R0363,G06,holdout_G02,train
G06_R0364,G06,holdout_G02,train
G06_R0365,G06,holdout_G02,train
G06_R0366,G06,holdout_G02,train
G06_R0367,G06,holdout_G02,train
G06_R0368,G06,holdout_G02,train
G06_R0369,G06,holdout_G02,train
G06_R0370,G06,holdout_G02,train
G06_R0371,G06,holdout_G02,train
G06_R0372,G06,holdout_G02,train
G06_R0373,G06,holdout_G02,train
G06_R0374,G06,holdout_G02,train
G06_R0375,G06,holdout_G02,train
G06_R0376,G06,holdout_G02,train
G06_R0377,G06,holdout_G02,train
G06_R0378,G06,holdout_G02,train
G06_R0379,G06,holdout_G02,train
G06_R0380,G06,holdout_G02,train
G06_R0381,G06,holdout_G02,train
G06_R0382,G06,holdout_G02,train
G06_R0383,G06,holdout_G02,train
G06_R0384,G06,holdout_G02,train
G06_R0385,G06,holdout_G02,train
G06_R0386,G06,holdout_G02,train
G06_R0387,G06,holdout_G02,train
G06_R0388,G06,holdout_G02,train
G06_R0389,G06,holdout_G02,train
G06_R0390,G06,holdout_G02,train
G06_R0391,G06,holdout_G02,train
G06_R0392,G06,holdout_G02,train
G06_R0393,G06,holdout_G02,train
G06_R0394,G06,holdout_G02,train
G06_R0395,G06,holdout_G02,train
G06_R0396,G06,holdout_G02,train
G06_R0397,G06,holdout_G02,train
G06_R0398,G06,holdout_G02,train
G06_R0399,G06,holdout_G02,train
G06_R0400,G06,holdout_G02,train
G06_R0401,G06,holdout_G02,train
G06_R0402,G06,holdout_G02,train
G06_R0403,G06,holdout_G02,train
G06_R0404,G06,holdout_G02,train
G06_R0405,G06,holdout_G02,train
G06_R0406,G06,holdout_G02,train
G06_R0407,G06,holdout_G02,train
G06_R0408,G06,holdout_G02,train
G06_R0409,G06,holdout_G02,train
G06_R0410,G06,holdout_G02,train
G06_R0411,G06,holdout_G02,train
G06_R0412,G06,holdout_G02,train
G06_R0413,G06,holdout_G02,train
G06_R0414,G06,holdout_G02,train
G06_R0415,G06,holdout_G02,train
G06_R0416,G06,holdout_G02,train
G06_R0417,G06,holdout_G02,train
G06_R0418,G06,holdout_G02,train
G06_R0419,G06,holdout_G02,train
G06_R0420,G06,holdout_G02,train
G06_R0421,G06,holdout_G02,train
G06_R0422,G06,holdout_G02,train
G06_R0423,G06,holdout_G02,train
G06_R0424,G06,holdout_G02,train
G06_R0425,G06,holdout_G02,train
G06_R0426,G06,holdout_G02,train
G06_R0427,G06,holdout_G02,train
G06_R0428,G06,holdout_G02,train
G06_R0429,G06,holdout_G02,train
G06_R0430,G06,holdout_G02,train
G06_R0431,G06,holdout_G02,train
G06_R0432,G06,holdout_G02,train
G06_R0433,G06,holdout_G02,train
G06_R0434,G06,holdout_G02,train
G06_R0435,G06,holdout_G02,train
G06_R0436,G06,holdout_G02,train
G06_R0437,G06,holdout_G02,train
G06_R0438,G06,holdout_G02,train
G06_R0439,G06,holdout_G02,train
G06_R0440,G06,holdout_G02,train
G06_R0441,G06,holdout_G02,train
G06_R0442,G06,holdout_G02,train
G06_R0443,G06,holdout_G02,train
G06_R0444,G06,holdout_G02,train
G06_R0445,G06,holdout_G02,train
G06_R0446,G06,holdout_G02,train
G06_R0447,G06,holdout_G02,train
G06_R0448,G06,holdout_G02,train
G06_R0449,G06,holdout_G02,train
G06_R0450,G06,holdout_G02,train
G06_R0451,G06,holdout_G02,train
G06_R0452,G06,holdout_G02,train
G06_R0453,G06,holdout_G02,train
G06_R0454,G06,holdout_G02,train
G06_R0455,G06,holdout_G02,train
G06_R0456,G06,holdout_G02,train
G06_R0457,G06,holdout_G02,train
G06_R0458,G06,holdout_G02,train
G06_R0459,G06,holdout_G02,train
G06_R0460,G06,holdout_G02,train
G06_R0461,G06,holdout_G02,train
G06_R0462,G06,holdout_G02,train
G06_R0463,G06,holdout_G02,train
G06_R0464,G06,holdout_G02,train
G06_R0465,G06,holdout_G02,train
G06_R0466,G06,holdout_G02,train
G06_R0467,G06,holdout_G02,train
G06_R0468,G06,holdout_G02,train
G06_R0469,G06,holdout_G02,train
G06_R0470,G06,holdout_G02,train
G06_R0471,G06,holdout_G02,train
G06_R0472,G06,holdout_G02,train
G06_R0473,G06,holdout_G02,train
G06_R0474,G06,holdout_G02,train
G06_R0475,G06,holdout_G02,train
G06_R0476,G06,holdout_G02,train
G06_R0477,G06,holdout_G02,train
G06_R0478,G06,holdout_G02,train
G06_R0479,G06,holdout_G02,train
G06_R0480,G06,holdout_G02,train
G06_R0481,G06,holdout_G02,train
G06_R0482,G06,holdout_G02,train
G06_R0483,G06,holdout_G02,train
G06_R0484,G06,holdout_G02,train
G06_R0485,G06,holdout_G02,train
G06_R0486,G06,holdout_G02,train
G06_R0487,G06,holdout_G02,train
G06_R0488,G06,holdout_G02,train
G06_R0489,G06,holdout_G02,train
G06_R0490,G06,holdout_G02,train
G06_R0491,G06,holdout_G02,train
G06_R0492,G06,holdout_G02,train
G06_R0493,G06,holdout_G02,train
G06_R0494,G06,holdout_G02,train
G06_R0495,G06,holdout_G02,train
G06_R0496,G06,holdout_G02,train
G06_R0497,G06,holdout_G02,train
G06_R0498,G06,holdout_G02,train
G06_R0499,G06,holdout_G02,train
G06_R0500,G06,holdout_G02,train
G06_R0501,G06,holdout_G02,train
G06_R0502,G06,holdout_G02,train
G06_R0503,G06,holdout_G02,train
G06_R0504,G06,holdout_G02,train
G06_R0505,G06,holdout_G02,train
G06_R0506,G06,holdout_G02,train
G06_R0507,G06,holdout_G02,train
G06_R0508,G06,holdout_G02,train
G06_R0509,G06,holdout_G02,train
G06_R0510,G06,holdout_G02,train
G06_R0511,G06,holdout_G02,train
G06_R0512,G06,holdout_G02,train
G06_R0513,G06,holdout_G02,train
G06_R0514,G06,holdout_G02,train
G06_R0515,G06,holdout_G02,train
G06_R0516,G06,holdout_G02,train
G06_R0517,G06,holdout_G02,train
G06_R0518,G06,holdout_G02,train
G06_R0519,G06,holdout_G02,train
G06_R0520,G06,holdout_G02,train
G06_R0521,G06,holdout_G02,train
G06_R0522,G06,holdout_G02,train
G06_R0523,G06,holdout_G02,train
G06_R0524,G06,holdout_G02,train
G06_R0525,G06,holdout_G02,train
G06_R0526,G06,holdout_G02,train
G06_R0527,G06,holdout_G02,train
G06_R0528,G06,holdout_G02,train
G06_R0529,G06,holdout_G02,train
G06_R0530,G06,holdout_G02,train
G06_R0531,G06,holdout_G02,train
G06_R0532,G06,holdout_G02,train
G06_R0533,G06,holdout_G02,train
G06_R0534,G06,holdout_G02,train
G06_R0535,G06,holdout_G02,train
G06_R0536,G06,holdout_G02,train
G06_R0537,G06,holdout_G02,train
G06_R0538,G06,holdout_G02,train
G06_R0539,G06,holdout_G02,train
G06_R0540,G06,holdout_G02,train
G06_R0541,G06,holdout_G02,train
G06_R0542,G06,holdout_G02,train
G06_R0543,G06,holdout_G02,train
G06_R0544,G06,holdout_G02,train
G06_R0545,G06,holdout_G02,train
G06_R0546,G06,holdout_G02,train
G06_R0547,G06,holdout_G02,train
G06_R0548,G06,holdout_G02,train
G06_R0549,G06,holdout_G02,train
G06_R0550,G06,holdout_G02,train
G06_R0551,G06,holdout_G02,train
G06_R0552,G06,holdout_G02,train
G06_R0553,G06,holdout_G02,train
G06_R0554,G06,holdout_G02,train
G06_R0555,G06,holdout_G02,train
G06_R0556,G06,holdout_G02,train
G06_R0557,G06,holdout_G02,train
G06_R0558,G06,holdout_G02,train
G06_R0559,G06,holdout_G02,train
G06_R0560,G06,holdout_G02,train
G06_R0561,G06,holdout_G02,train
G06_R0562,G06,holdout_G02,train
G06_R0563,G06,holdout_G02,train
G06_R0564,G06,holdout_G02,train
G06_R0565,G06,holdout_G02,train
G06_R0566,G06,holdout_G02,train
G06_R0567,G06,holdout_G02,train
G06_R0568,G06,holdout_G02,train
G06_R0569,G06,holdout_G02,train
G06_R0570,G06,holdout_G02,train
G06_R0571,G06,holdout_G02,train
G06_R0572,G06,holdout_G02,train
G06_R0573,G06,holdout_G02,train
G06_R0574,G06,holdout_G02,train
G06_R0575,G06,holdout_G02,train
G06_R0576,G06,holdout_G02,train
G06_R0577,G06,holdout_G02,train
G06_R0578,G06,holdout_G02,train
G06_R0579,G06,holdout_G02,train
G06_R0580,G06,holdout_G02,train
G06_R0581,G06,holdout_G02,train
G06_R0582,G06,holdout_G02,train
G06_R0583,G06,holdout_G02,train
G06_R0584,G06,holdout_G02,train
G06_R0585,G06,holdout_G02,train
G06_R0586,G06,holdout_G02,train
G06_R0587,G06,holdout_G02,train
G06_R0588,G06,holdout_G02,train
G06_R0589,G06,holdout_G02,train
G06_R0590,G06,holdout_G02,train
G06_R0591,G06,holdout_G02,train
G06_R0592,G06,holdout_G02,train
G06_R0593,G06,holdout_G02,train
G06_R0594,G06,holdout_G02,train
G06_R0595,G06,holdout_G02,train
G06_R0596,G06,holdout_G02,train
G06_R0597,G06,holdout_G02,train
G06_R0598,G06,holdout_G02,train
G06_R0599,G06,holdout_G02,train
G06_R0600,G06,holdout_G02,train
G06_R0601,G06,holdout_G02,train
G06_R0602,G06,holdout_G02,train
G06_R0603,G06,holdout_G02,train
G06_R0604,G06,holdout_G02,train
G06_R0605,G06,holdout_G02,train
G06_R0606,G06,holdout_G02,train
G06_R0607,G06,holdout_G02,train
G06_R0608,G06,holdout_G02,train
G06_R0609,G06,holdout_G02,train
G06_R0610,G06,holdout_G02,train
G06_R0611,G06,holdout_G02,train
G06_R0612,G06,holdout_G02,train
G06_R0613,G06,holdout_G02,train
G06_R0614,G06,holdout_G02,train
G06_R0615,G06,holdout_G02,train
G06_R0616,G06,holdout_G02,train
G06_R0617,G06,holdout_G02,train
G06_R0618,G06,holdout_G02,train
G06_R0619,G06,holdout_G02,train
G06_R0620,G06,holdout_G02,train
G06_R0621,G06,holdout_G02,train
G06_R0622,G06,holdout_G02,train
G06_R0623,G06,holdout_G02,train
G06_R0624,G06,holdout_G02,train
G06_R0625,G06,holdout_G02,train
G06_R0626,G06,holdout_G02,train
G06_R0627,G06,holdout_G02,train
G06_R0628,G06,holdout_G02,train
G06_R0629,G06,holdout_G02,train
G06_R0630,G06,holdout_G02,train
G06_R0631,G06,holdout_G02,train
G06_R0632,G06,holdout_G02,train
G06_R0633,G06,holdout_G02,train
G06_R0634,G06,holdout_G02,train
G06_R0635,G06,holdout_G02,train
G06_R0636,G06,holdout_G02,train
G06_R0637,G06,holdout_G02,train
G06_R0638,G06,holdout_G02,train
G06_R0639,G06,holdout_G02,train
G06_R0640,G06,holdout_G02,train
G06_R0641,G06,holdout_G02,train
G06_R0642,G06,holdout_G02,train
G06_R0643,G06,holdout_G02,train
G06_R0644,G06,holdout_G02,train
G06_R0645,G06,holdout_G02,train
G06_R0646,G06,holdout_G02,train
G06_R0647,G06,holdout_G02,train
G06_R0648,G06,holdout_G02,train
G06_R0649,G06,holdout_G02,train
G06_R0650,G06,holdout_G02,train
G06_R0651,G06,holdout_G02,train
G06_R0652,G06,holdout_G02,train
G06_R0653,G06,holdout_G02,train
G06_R0654,G06,holdout_G02,train
G06_R0655,G06,holdout_G02,train
G06_R0656,G06,holdout_G02,train
G06_R0657,G06,holdout_G02,train
G06_R0658,G06,holdout_G02,train
G06_R0659,G06,holdout_G02,train
G06_R0660,G06,holdout_G02,train
G06_R0661,G06,holdout_G02,train
G06_R0662,G06,holdout_G02,train
G06_R0663,G06,holdout_G02,train
G06_R0664,G06,holdout_G02,train
G06_R0665,G06,holdout_G02,train
G06_R0666,G06,holdout_G02,train
G06_R0667,G06,holdout_G02,train
G06_R0668,G06,holdout_G02,train
G06_R0669,G06,holdout_G02,train
G06_R0670,G06,holdout_G02,train
G06_R0671,G06,holdout_G02,train
G06_R0672,G06,holdout_G02,train
G06_R0673,G06,holdout_G02,train
G06_R0674,G06,holdout_G02,train
G06_R0675,G06,holdout_G02,train
G06_R0676,G06,holdout_G02,train
G06_R0677,G06,holdout_G02,train
G06_R0678,G06,holdout_G02,train
G06_R0679,G06,holdout_G02,train
G06_R0680,G06,holdout_G02,train
G06_R0681,G06,holdout_G02,train
G06_R0682,G06,holdout_G02,train
G06_R0683,G06,holdout_G02,train
G06_R0684,G06,holdout_G02,train
G06_R0685,G06,holdout_G02,train
G06_R0686,G06,holdout_G02,train
G06_R0687,G06,holdout_G02,train
G06_R0688,G06,holdout_G02,train
G06_R0689,G06,holdout_G02,train
G06_R0690,G06,holdout_G02,train
G06_R0691,G06,holdout_G02,train
G06_R0692,G06,holdout_G02,train
G06_R0693,G06,holdout_G02,train
G06_R0694,G06,holdout_G02,train
G06_R0695,G06,holdout_G02,train
G06_R0696,G06,holdout_G02,train
G06_R0697,G06,holdout_G02,train
G06_R0698,G06,holdout_G02,train
G06_R0699,G06,holdout_G02,train
G06_R0700,G06,holdout_G02,train
G06_R0701,G06,holdout_G02,train
G06_R0702,G06,holdout_G02,train
G06_R0703,G06,holdout_G02,train
G06_R0704,G06,holdout_G02,train
G06_R0705,G06,holdout_G02,train
G06_R0706,G06,holdout_G02,train
G06_R0707,G06,holdout_G02,train
G06_R0708,G06,holdout_G02,train
G06_R0709,G06,holdout_G02,train
G06_R0710,G06,holdout_G02,train
G06_R0711,G06,holdout_G02,train
G06_R0712,G06,holdout_G02,train
G06_R0713,G06,holdout_G02,train
G06_R0714,G06,holdout_G02,train
G06_R0715,G06,holdout_G02,train
G06_R0716,G06,holdout_G02,train
G06_R0717,G06,holdout_G02,train
G06_R0718,G06,holdout_G02,train
G06_R0719,G06,holdout_G02,train
G06_R0720,G06,holdout_G02,train
G06_R0721,G06,holdout_G02,train
G06_R0722,G06,holdout_G02,train
G06_R0723,G06,holdout_G02,train
G06_R0724,G06,holdout_G02,train
G06_R0725,G06,holdout_G02,train
G06_R0726,G06,holdout_G02,train
G06_R0727,G06,holdout_G02,train
G06_R0728,G06,holdout_G02,train
G06_R0729,G06,holdout_G02,train
G06_R0730,G06,holdout_G02,train
G06_R0731,G06,holdout_G02,train
G06_R0732,G06,holdout_G02,train
G06_R0733,G06,holdout_G02,train
G06_R0734,G06,holdout_G02,train
G06_R0735,G06,holdout_G02,train
G06_R0736,G06,holdout_G02,train
G06_R0737,G06,holdout_G02,train
G06_R0738,G06,holdout_G02,train
G06_R0739,G06,holdout_G02,train
G06_R0740,G06,holdout_G02,train
G06_R0741,G06,holdout_G02,train
G06_R0742,G06,holdout_G02,train
G06_R0743,G06,holdout_G02,train
G06_R0744,G06,holdout_G02,train
G06_R0745,G06,holdout_G02,train
G06_R0746,G06,holdout_G02,train
G06_R0747,G06,holdout_G02,train
G06_R0748,G06,holdout_G02,train
G06_R0749,G06,holdout_G02,train
G06_R0750,G06,holdout_G02,train
G06_R0751,G06,holdout_G02,train
G06_R0752,G06,holdout_G02,train
G06_R0753,G06,holdout_G02,train
G06_R0754,G06,holdout_G02,train
G06_R0755,G06,holdout_G02,train
G06_R0756,G06,holdout_G02,train
G06_R0757,G06,holdout_G02,train
G06_R0758,G06,holdout_G02,train
G06_R0759,G06,holdout_G02,train
G06_R0760,G06,holdout_G02,train
G06_R0761,G06,holdout_G02,train
G06_R0762,G06,holdout_G02,train
G06_R0763,G06,holdout_G02,train
G06_R0764,G06,holdout_G02,train
G06_R0765,G06,holdout_G02,train
G06_R0766,G06,holdout_G02,train
G06_R0767,G06,holdout_G02,train
G06_R0768,G06,holdout_G02,train
G01_R0001,G01,holdout_G03,train
G01_R0002,G01,holdout_G03,train
G01_R0003,G01,holdout_G03,train
G01_R0004,G01,holdout_G03,train
G01_R0005,G01,holdout_G03,train
G01_R0006,G01,holdout_G03,train
G01_R0007,G01,holdout_G03,train
G01_R0008,G01,holdout_G03,train
G01_R0009,G01,holdout_G03,train
G01_R0010,G01,holdout_G03,train
G01_R0011,G01,holdout_G03,train
G01_R0012,G01,holdout_G03,train
G01_R0013,G01,holdout_G03,train
G01_R0014,G01,holdout_G03,train
G01_R0015,G01,holdout_G03,train
G01_R0016,G01,holdout_G03,train
G01_R0017,G01,holdout_G03,train
G01_R0018,G01,holdout_G03,train
G01_R0019,G01,holdout_G03,train
G01_R0020,G01,holdout_G03,train
G01_R0021,G01,holdout_G03,train
G01_R0022,G01,holdout_G03,train
G01_R0023,G01,holdout_G03,train
G01_R0024,G01,holdout_G03,train
G01_R0025,G01,holdout_G03,train
G01_R0026,G01,holdout_G03,train
G01_R0027,G01,holdout_G03,train
G01_R0028,G01,holdout_G03,train
G01_R0029,G01,holdout_G03,train
G01_R0030,G01,holdout_G03,train
G01_R0031,G01,holdout_G03,train
G01_R0032,G01,holdout_G03,train
G01_R0033,G01,holdout_G03,train
G01_R0034,G01,holdout_G03,train
G01_R0035,G01,holdout_G03,train
G01_R0036,G01,holdout_G03,train
G01_R0037,G01,holdout_G03,train
G01_R0038,G01,holdout_G03,train
G01_R0039,G01,holdout_G03,train
G01_R0040,G01,holdout_G03,train
G01_R0041,G01,holdout_G03,train
G01_R0042,G01,holdout_G03,train
G01_R0043,G01,holdout_G03,train
G01_R0044,G01,holdout_G03,train
G01_R0045,G01,holdout_G03,train
G01_R0046,G01,holdout_G03,train
G01_R0047,G01,holdout_G03,train
G01_R0048,G01,holdout_G03,train
G01_R0049,G01,holdout_G03,train
G01_R0050,G01,holdout_G03,train
G01_R0051,G01,holdout_G03,train
G01_R0052,G01,holdout_G03,train
G01_R0053,G01,holdout_G03,train
G01_R0054,G01,holdout_G03,train
G01_R0055,G01,holdout_G03,train
G01_R0056,G01,holdout_G03,train
G01_R0057,G01,holdout_G03,train
G01_R0058,G01,holdout_G03,train
G01_R0059,G01,holdout_G03,train
G01_R0060,G01,holdout_G03,train
G01_R0061,G01,holdout_G03,train
G01_R0062,G01,holdout_G03,train
G01_R0063,G01,holdout_G03,train
G01_R0064,G01,holdout_G03,train
G01_R0065,G01,holdout_G03,train
G01_R0066,G01,holdout_G03,train
G01_R0067,G01,holdout_G03,train
G01_R0068,G01,holdout_G03,train
G01_R0069,G01,holdout_G03,train
G01_R0070,G01,holdout_G03,train
G01_R0071,G01,holdout_G03,train
G01_R0072,G01,holdout_G03,train
G01_R0073,G01,holdout_G03,train
G01_R0074,G01,holdout_G03,train
G01_R0075,G01,holdout_G03,train
G01_R0076,G01,holdout_G03,train
G01_R0077,G01,holdout_G03,train
G01_R0078,G01,holdout_G03,train
G01_R0079,G01,holdout_G03,train
G01_R0080,G01,holdout_G03,train
G01_R0081,G01,holdout_G03,train
G01_R0082,G01,holdout_G03,train
G01_R0083,G01,holdout_G03,train
G01_R0084,G01,holdout_G03,train
G01_R0085,G01,holdout_G03,train
G01_R0086,G01,holdout_G03,train
G01_R0087,G01,holdout_G03,train
G01_R0088,G01,holdout_G03,train
G01_R0089,G01,holdout_G03,train
G01_R0090,G01,holdout_G03,train
G01_R0091,G01,holdout_G03,train
G01_R0092,G01,holdout_G03,train
G01_R0093,G01,holdout_G03,train
G01_R0094,G01,holdout_G03,train
G01_R0095,G01,holdout_G03,train
G01_R0096,G01,holdout_G03,train
G01_R0097,G01,holdout_G03,train
G01_R0098,G01,holdout_G03,train
G01_R0099,G01,holdout_G03,train
G01_R0100,G01,holdout_G03,train
G01_R0101,G01,holdout_G03,train
G01_R0102,G01,holdout_G03,train
G01_R0103,G01,holdout_G03,train
G01_R0104,G01,holdout_G03,train
G01_R0105,G01,holdout_G03,train
G01_R0106,G01,holdout_G03,train
G01_R0107,G01,holdout_G03,train
G01_R0108,G01,holdout_G03,train
G01_R0109,G01,holdout_G03,train
G01_R0110,G01,holdout_G03,train
G01_R0111,G01,holdout_G03,train
G01_R0112,G01,holdout_G03,train
G01_R0113,G01,holdout_G03,train
G01_R0114,G01,holdout_G03,train
G01_R0115,G01,holdout_G03,train
G01_R0116,G01,holdout_G03,train
G01_R0117,G01,holdout_G03,train
G01_R0118,G01,holdout_G03,train
G01_R0119,G01,holdout_G03,train
G01_R0120,G01,holdout_G03,train
G01_R0121,G01,holdout_G03,train
G01_R0122,G01,holdout_G03,train
G01_R0123,G01,holdout_G03,train
G01_R0124,G01,holdout_G03,train
G01_R0125,G01,holdout_G03,train
G01_R0126,G01,holdout_G03,train
G01_R0127,G01,holdout_G03,train
G01_R0128,G01,holdout_G03,train
G01_R0129,G01,holdout_G03,train
G01_R0130,G01,holdout_G03,train
G01_R0131,G01,holdout_G03,train
G01_R0132,G01,holdout_G03,train
G01_R0133,G01,holdout_G03,train
G01_R0134,G01,holdout_G03,train
G01_R0135,G01,holdout_G03,train
G01_R0136,G01,holdout_G03,train
G01_R0137,G01,holdout_G03,train
G01_R0138,G01,holdout_G03,train
G01_R0139,G01,holdout_G03,train
G01_R0140,G01,holdout_G03,train
G01_R0141,G01,holdout_G03,train
G01_R0142,G01,holdout_G03,train
G01_R0143,G01,holdout_G03,train
G01_R0144,G01,holdout_G03,train
G01_R0145,G01,holdout_G03,train
G01_R0146,G01,holdout_G03,train
G01_R0147,G01,holdout_G03,train
G01_R0148,G01,holdout_G03,train
G01_R0149,G01,holdout_G03,train
G01_R0150,G01,holdout_G03,train
G01_R0151,G01,holdout_G03,train
G01_R0152,G01,holdout_G03,train
G01_R0153,G01,holdout_G03,train
G01_R0154,G01,holdout_G03,train
G01_R0155,G01,holdout_G03,train
G01_R0156,G01,holdout_G03,train
G01_R0157,G01,holdout_G03,train
G01_R0158,G01,holdout_G03,train
G01_R0159,G01,holdout_G03,train
G01_R0160,G01,holdout_G03,train
G01_R0161,G01,holdout_G03,train
G01_R0162,G01,holdout_G03,train
G01_R0163,G01,holdout_G03,train
G01_R0164,G01,holdout_G03,train
G01_R0165,G01,holdout_G03,train
G01_R0166,G01,holdout_G03,train
G01_R0167,G01,holdout_G03,train
G01_R0168,G01,holdout_G03,train
G01_R0169,G01,holdout_G03,train
G01_R0170,G01,holdout_G03,train
G01_R0171,G01,holdout_G03,train
G01_R0172,G01,holdout_G03,train
G01_R0173,G01,holdout_G03,train
G01_R0174,G01,holdout_G03,train
G01_R0175,G01,holdout_G03,train
G01_R0176,G01,holdout_G03,train
G01_R0177,G01,holdout_G03,train
G01_R0178,G01,holdout_G03,train
G01_R0179,G01,holdout_G03,train
G01_R0180,G01,holdout_G03,train
G01_R0181,G01,holdout_G03,train
G01_R0182,G01,holdout_G03,train
G01_R0183,G01,holdout_G03,train
G01_R0184,G01,holdout_G03,train
G01_R0185,G01,holdout_G03,train
G01_R0186,G01,holdout_G03,train
G01_R0187,G01,holdout_G03,train
G01_R0188,G01,holdout_G03,train
G01_R0189,G01,holdout_G03,train
G01_R0190,G01,holdout_G03,train
G01_R0191,G01,holdout_G03,train
G01_R0192,G01,holdout_G03,train
G01_R0193,G01,holdout_G03,train
G01_R0194,G01,holdout_G03,train
G01_R0195,G01,holdout_G03,train
G01_R0196,G01,holdout_G03,train
G01_R0197,G01,holdout_G03,train
G01_R0198,G01,holdout_G03,train
G01_R0199,G01,holdout_G03,train
G01_R0200,G01,holdout_G03,train
G01_R0201,G01,holdout_G03,train
G01_R0202,G01,holdout_G03,train
G01_R0203,G01,holdout_G03,train
G01_R0204,G01,holdout_G03,train
G01_R0205,G01,holdout_G03,train
G01_R0206,G01,holdout_G03,train
G01_R0207,G01,holdout_G03,train
G01_R0208,G01,holdout_G03,train
G01_R0209,G01,holdout_G03,train
G01_R0210,G01,holdout_G03,train
G01_R0211,G01,holdout_G03,train
G01_R0212,G01,holdout_G03,train
G01_R0213,G01,holdout_G03,train
G01_R0214,G01,holdout_G03,train
G01_R0215,G01,holdout_G03,train
G01_R0216,G01,holdout_G03,train
G01_R0217,G01,holdout_G03,train
G01_R0218,G01,holdout_G03,train
G01_R0219,G01,holdout_G03,train
G01_R0220,G01,holdout_G03,train
G01_R0221,G01,holdout_G03,train
G01_R0222,G01,holdout_G03,train
G01_R0223,G01,holdout_G03,train
G01_R0224,G01,holdout_G03,train
G01_R0225,G01,holdout_G03,train
G01_R0226,G01,holdout_G03,train
G01_R0227,G01,holdout_G03,train
G01_R0228,G01,holdout_G03,train
G01_R0229,G01,holdout_G03,train
G01_R0230,G01,holdout_G03,train
G01_R0231,G01,holdout_G03,train
G01_R0232,G01,holdout_G03,train
G01_R0233,G01,holdout_G03,train
G01_R0234,G01,holdout_G03,train
G01_R0235,G01,holdout_G03,train
G01_R0236,G01,holdout_G03,train
G01_R0237,G01,holdout_G03,train
G01_R0238,G01,holdout_G03,train
G01_R0239,G01,holdout_G03,train
G01_R0240,G01,holdout_G03,train
G01_R0241,G01,holdout_G03,train
G01_R0242,G01,holdout_G03,train
G01_R0243,G01,holdout_G03,train
G01_R0244,G01,holdout_G03,train
G01_R0245,G01,holdout_G03,train
G01_R0246,G01,holdout_G03,train
G01_R0247,G01,holdout_G03,train
G01_R0248,G01,holdout_G03,train
G01_R0249,G01,holdout_G03,train
G01_R0250,G01,holdout_G03,train
G01_R0251,G01,holdout_G03,train
G01_R0252,G01,holdout_G03,train
G01_R0253,G01,holdout_G03,train
G01_R0254,G01,holdout_G03,train
G01_R0255,G01,holdout_G03,train
G01_R0256,G01,holdout_G03,train
G01_R0257,G01,holdout_G03,train
G01_R0258,G01,holdout_G03,train
G01_R0259,G01,holdout_G03,train
G01_R0260,G01,holdout_G03,train
G01_R0261,G01,holdout_G03,train
G01_R0262,G01,holdout_G03,train
G01_R0263,G01,holdout_G03,train
G01_R0264,G01,holdout_G03,train
G01_R0265,G01,holdout_G03,train
G01_R0266,G01,holdout_G03,train
G01_R0267,G01,holdout_G03,train
G01_R0268,G01,holdout_G03,train
G01_R0269,G01,holdout_G03,train
G01_R0270,G01,holdout_G03,train
G01_R0271,G01,holdout_G03,train
G01_R0272,G01,holdout_G03,train
G01_R0273,G01,holdout_G03,train
G01_R0274,G01,holdout_G03,train
G01_R0275,G01,holdout_G03,train
G01_R0276,G01,holdout_G03,train
G01_R0277,G01,holdout_G03,train
G01_R0278,G01,holdout_G03,train
G01_R0279,G01,holdout_G03,train
G01_R0280,G01,holdout_G03,train
G01_R0281,G01,holdout_G03,train
G01_R0282,G01,holdout_G03,train
G01_R0283,G01,holdout_G03,train
G01_R0284,G01,holdout_G03,train
G01_R0285,G01,holdout_G03,train
G01_R0286,G01,holdout_G03,train
G01_R0287,G01,holdout_G03,train
G01_R0288,G01,holdout_G03,train
G01_R0289,G01,holdout_G03,train
G01_R0290,G01,holdout_G03,train
G01_R0291,G01,holdout_G03,train
G01_R0292,G01,holdout_G03,train
G01_R0293,G01,holdout_G03,train
G01_R0294,G01,holdout_G03,train
G01_R0295,G01,holdout_G03,train
G01_R0296,G01,holdout_G03,train
G01_R0297,G01,holdout_G03,train
G01_R0298,G01,holdout_G03,train
G01_R0299,G01,holdout_G03,train
G01_R0300,G01,holdout_G03,train
G01_R0301,G01,holdout_G03,train
G01_R0302,G01,holdout_G03,train
G01_R0303,G01,holdout_G03,train
G01_R0304,G01,holdout_G03,train
G01_R0305,G01,holdout_G03,train
G01_R0306,G01,holdout_G03,train
G01_R0307,G01,holdout_G03,train
G01_R0308,G01,holdout_G03,train
G01_R0309,G01,holdout_G03,train
G01_R0310,G01,holdout_G03,train
G01_R0311,G01,holdout_G03,train
G01_R0312,G01,holdout_G03,train
G01_R0313,G01,holdout_G03,train
G01_R0314,G01,holdout_G03,train
G01_R0315,G01,holdout_G03,train
G01_R0316,G01,holdout_G03,train
G01_R0317,G01,holdout_G03,train
G01_R0318,G01,holdout_G03,train
G01_R0319,G01,holdout_G03,train
G01_R0320,G01,holdout_G03,train
G01_R0321,G01,holdout_G03,train
G01_R0322,G01,holdout_G03,train
G01_R0323,G01,holdout_G03,train
G01_R0324,G01,holdout_G03,train
G01_R0325,G01,holdout_G03,train
G01_R0326,G01,holdout_G03,train
G01_R0327,G01,holdout_G03,train
G01_R0328,G01,holdout_G03,train
G01_R0329,G01,holdout_G03,train
G01_R0330,G01,holdout_G03,train
G01_R0331,G01,holdout_G03,train
G01_R0332,G01,holdout_G03,train
G01_R0333,G01,holdout_G03,train
G01_R0334,G01,holdout_G03,train
G01_R0335,G01,holdout_G03,train
G01_R0336,G01,holdout_G03,train
G01_R0337,G01,holdout_G03,train
G01_R0338,G01,holdout_G03,train
G01_R0339,G01,holdout_G03,train
G01_R0340,G01,holdout_G03,train
G01_R0341,G01,holdout_G03,train
G01_R0342,G01,holdout_G03,train
G01_R0343,G01,holdout_G03,train
G01_R0344,G01,holdout_G03,train
G01_R0345,G01,holdout_G03,train
G01_R0346,G01,holdout_G03,train
G01_R0347,G01,holdout_G03,train
G01_R0348,G01,holdout_G03,train
G01_R0349,G01,holdout_G03,train
G01_R0350,G01,holdout_G03,train
G01_R0351,G01,holdout_G03,train
G01_R0352,G01,holdout_G03,train
G01_R0353,G01,holdout_G03,train
G01_R0354,G01,holdout_G03,train
G01_R0355,G01,holdout_G03,train
G01_R0356,G01,holdout_G03,train
G01_R0357,G01,holdout_G03,train
G01_R0358,G01,holdout_G03,train
G01_R0359,G01,holdout_G03,train
G01_R0360,G01,holdout_G03,train
G01_R0361,G01,holdout_G03,train
G01_R0362,G01,holdout_G03,train
G01_R0363,G01,holdout_G03,train
G01_R0364,G01,holdout_G03,train
G01_R0365,G01,holdout_G03,train
G01_R0366,G01,holdout_G03,train
G01_R0367,G01,holdout_G03,train
G01_R0368,G01,holdout_G03,train
G01_R0369,G01,holdout_G03,train
G01_R0370,G01,holdout_G03,train
G01_R0371,G01,holdout_G03,train
G01_R0372,G01,holdout_G03,train
G01_R0373,G01,holdout_G03,train
G01_R0374,G01,holdout_G03,train
G01_R0375,G01,holdout_G03,train
G01_R0376,G01,holdout_G03,train
G01_R0377,G01,holdout_G03,train
G01_R0378,G01,holdout_G03,train
G01_R0379,G01,holdout_G03,train
G01_R0380,G01,holdout_G03,train
G01_R0381,G01,holdout_G03,train
G01_R0382,G01,holdout_G03,train
G01_R0383,G01,holdout_G03,train
G01_R0384,G01,holdout_G03,train
G01_R0385,G01,holdout_G03,train
G01_R0386,G01,holdout_G03,train
G01_R0387,G01,holdout_G03,train
G01_R0388,G01,holdout_G03,train
G01_R0389,G01,holdout_G03,train
G01_R0390,G01,holdout_G03,train
G01_R0391,G01,holdout_G03,train
G01_R0392,G01,holdout_G03,train
G01_R0393,G01,holdout_G03,train
G01_R0394,G01,holdout_G03,train
G01_R0395,G01,holdout_G03,train
G01_R0396,G01,holdout_G03,train
G01_R0397,G01,holdout_G03,train
G01_R0398,G01,holdout_G03,train
G01_R0399,G01,holdout_G03,train
G01_R0400,G01,holdout_G03,train
G01_R0401,G01,holdout_G03,train
G01_R0402,G01,holdout_G03,train
G01_R0403,G01,holdout_G03,train
G01_R0404,G01,holdout_G03,train
G01_R0405,G01,holdout_G03,train
G01_R0406,G01,holdout_G03,train
G01_R0407,G01,holdout_G03,train
G01_R0408,G01,holdout_G03,train
G01_R0409,G01,holdout_G03,train
G01_R0410,G01,holdout_G03,train
G01_R0411,G01,holdout_G03,train
G01_R0412,G01,holdout_G03,train
G01_R0413,G01,holdout_G03,train
G01_R0414,G01,holdout_G03,train
G01_R0415,G01,holdout_G03,train
G01_R0416,G01,holdout_G03,train
G01_R0417,G01,holdout_G03,train
G01_R0418,G01,holdout_G03,train
G01_R0419,G01,holdout_G03,train
G01_R0420,G01,holdout_G03,train
G01_R0421,G01,holdout_G03,train
G01_R0422,G01,holdout_G03,train
G01_R0423,G01,holdout_G03,train
G01_R0424,G01,holdout_G03,train
G01_R0425,G01,holdout_G03,train
G01_R0426,G01,holdout_G03,train
G01_R0427,G01,holdout_G03,train
G01_R0428,G01,holdout_G03,train
G01_R0429,G01,holdout_G03,train
G01_R0430,G01,holdout_G03,train
G01_R0431,G01,holdout_G03,train
G01_R0432,G01,holdout_G03,train
G01_R0433,G01,holdout_G03,train
G01_R0434,G01,holdout_G03,train
G01_R0435,G01,holdout_G03,train
G01_R0436,G01,holdout_G03,train
G01_R0437,G01,holdout_G03,train
G01_R0438,G01,holdout_G03,train
G01_R0439,G01,holdout_G03,train
G01_R0440,G01,holdout_G03,train
G01_R0441,G01,holdout_G03,train
G01_R0442,G01,holdout_G03,train
G01_R0443,G01,holdout_G03,train
G01_R0444,G01,holdout_G03,train
G01_R0445,G01,holdout_G03,train
G01_R0446,G01,holdout_G03,train
G01_R0447,G01,holdout_G03,train
G01_R0448,G01,holdout_G03,train
G01_R0449,G01,holdout_G03,train
G01_R0450,G01,holdout_G03,train
G01_R0451,G01,holdout_G03,train
G01_R0452,G01,holdout_G03,train
G01_R0453,G01,holdout_G03,train
G01_R0454,G01,holdout_G03,train
G01_R0455,G01,holdout_G03,train
G01_R0456,G01,holdout_G03,train
G01_R0457,G01,holdout_G03,train
G01_R0458,G01,holdout_G03,train
G01_R0459,G01,holdout_G03,train
G01_R0460,G01,holdout_G03,train
G01_R0461,G01,holdout_G03,train
G01_R0462,G01,holdout_G03,train
G01_R0463,G01,holdout_G03,train
G01_R0464,G01,holdout_G03,train
G01_R0465,G01,holdout_G03,train
G01_R0466,G01,holdout_G03,train
G01_R0467,G01,holdout_G03,train
G01_R0468,G01,holdout_G03,train
G01_R0469,G01,holdout_G03,train
G01_R0470,G01,holdout_G03,train
G01_R0471,G01,holdout_G03,train
G01_R0472,G01,holdout_G03,train
G01_R0473,G01,holdout_G03,train
G01_R0474,G01,holdout_G03,train
G01_R0475,G01,holdout_G03,train
G01_R0476,G01,holdout_G03,train
G01_R0477,G01,holdout_G03,train
G01_R0478,G01,holdout_G03,train
G01_R0479,G01,holdout_G03,train
G01_R0480,G01,holdout_G03,train
G01_R0481,G01,holdout_G03,train
G01_R0482,G01,holdout_G03,train
G01_R0483,G01,holdout_G03,train
G01_R0484,G01,holdout_G03,train
G01_R0485,G01,holdout_G03,train
G01_R0486,G01,holdout_G03,train
G01_R0487,G01,holdout_G03,train
G01_R0488,G01,holdout_G03,train
G01_R0489,G01,holdout_G03,train
G01_R0490,G01,holdout_G03,train
G01_R0491,G01,holdout_G03,train
G01_R0492,G01,holdout_G03,train
G01_R0493,G01,holdout_G03,train
G01_R0494,G01,holdout_G03,train
G01_R0495,G01,holdout_G03,train
G01_R0496,G01,holdout_G03,train
G01_R0497,G01,holdout_G03,train
G01_R0498,G01,holdout_G03,train
G01_R0499,G01,holdout_G03,train
G01_R0500,G01,holdout_G03,train
G01_R0501,G01,holdout_G03,train
G01_R0502,G01,holdout_G03,train
G01_R0503,G01,holdout_G03,train
G01_R0504,G01,holdout_G03,train
G01_R0505,G01,holdout_G03,train
G01_R0506,G01,holdout_G03,train
G01_R0507,G01,holdout_G03,train
G01_R0508,G01,holdout_G03,train
G01_R0509,G01,holdout_G03,train
G01_R0510,G01,holdout_G03,train
G01_R0511,G01,holdout_G03,train
G01_R0512,G01,holdout_G03,train
G01_R0513,G01,holdout_G03,train
G01_R0514,G01,holdout_G03,train
G01_R0515,G01,holdout_G03,train
G01_R0516,G01,holdout_G03,train
G01_R0517,G01,holdout_G03,train
G01_R0518,G01,holdout_G03,train
G01_R0519,G01,holdout_G03,train
G01_R0520,G01,holdout_G03,train
G01_R0521,G01,holdout_G03,train
G01_R0522,G01,holdout_G03,train
G01_R0523,G01,holdout_G03,train
G01_R0524,G01,holdout_G03,train
G01_R0525,G01,holdout_G03,train
G01_R0526,G01,holdout_G03,train
G01_R0527,G01,holdout_G03,train
G01_R0528,G01,holdout_G03,train
G01_R0529,G01,holdout_G03,train
G01_R0530,G01,holdout_G03,train
G01_R0531,G01,holdout_G03,train
G01_R0532,G01,holdout_G03,train
G01_R0533,G01,holdout_G03,train
G01_R0534,G01,holdout_G03,train
G01_R0535,G01,holdout_G03,train
G01_R0536,G01,holdout_G03,train
G01_R0537,G01,holdout_G03,train
G01_R0538,G01,holdout_G03,train
G01_R0539,G01,holdout_G03,train
G01_R0540,G01,holdout_G03,train
G01_R0541,G01,holdout_G03,train
G01_R0542,G01,holdout_G03,train
G01_R0543,G01,holdout_G03,train
G01_R0544,G01,holdout_G03,train
G01_R0545,G01,holdout_G03,train
G01_R0546,G01,holdout_G03,train
G01_R0547,G01,holdout_G03,train
G01_R0548,G01,holdout_G03,train
G01_R0549,G01,holdout_G03,train
G01_R0550,G01,holdout_G03,train
G01_R0551,G01,holdout_G03,train
G01_R0552,G01,holdout_G03,train
G01_R0553,G01,holdout_G03,train
G01_R0554,G01,holdout_G03,train
G01_R0555,G01,holdout_G03,train
G01_R0556,G01,holdout_G03,train
G01_R0557,G01,holdout_G03,train
G01_R0558,G01,holdout_G03,train
G01_R0559,G01,holdout_G03,train
G01_R0560,G01,holdout_G03,train
G01_R0561,G01,holdout_G03,train
G01_R0562,G01,holdout_G03,train
G01_R0563,G01,holdout_G03,train
G01_R0564,G01,holdout_G03,train
G01_R0565,G01,holdout_G03,train
G01_R0566,G01,holdout_G03,train
G01_R0567,G01,holdout_G03,train
G01_R0568,G01,holdout_G03,train
G01_R0569,G01,holdout_G03,train
G01_R0570,G01,holdout_G03,train
G01_R0571,G01,holdout_G03,train
G01_R0572,G01,holdout_G03,train
G01_R0573,G01,holdout_G03,train
G01_R0574,G01,holdout_G03,train
G01_R0575,G01,holdout_G03,train
G01_R0576,G01,holdout_G03,train
G01_R0577,G01,holdout_G03,train
G01_R0578,G01,holdout_G03,train
G01_R0579,G01,holdout_G03,train
G01_R0580,G01,holdout_G03,train
G01_R0581,G01,holdout_G03,train
G01_R0582,G01,holdout_G03,train
G01_R0583,G01,holdout_G03,train
G01_R0584,G01,holdout_G03,train
G01_R0585,G01,holdout_G03,train
G01_R0586,G01,holdout_G03,train
G01_R0587,G01,holdout_G03,train
G01_R0588,G01,holdout_G03,train
G01_R0589,G01,holdout_G03,train
G01_R0590,G01,holdout_G03,train
G01_R0591,G01,holdout_G03,train
G01_R0592,G01,holdout_G03,train
G01_R0593,G01,holdout_G03,train
G01_R0594,G01,holdout_G03,train
G01_R0595,G01,holdout_G03,train
G01_R0596,G01,holdout_G03,train
G01_R0597,G01,holdout_G03,train
G01_R0598,G01,holdout_G03,train
G01_R0599,G01,holdout_G03,train
G01_R0600,G01,holdout_G03,train
G01_R0601,G01,holdout_G03,train
G01_R0602,G01,holdout_G03,train
G01_R0603,G01,holdout_G03,train
G01_R0604,G01,holdout_G03,train
G01_R0605,G01,holdout_G03,train
G01_R0606,G01,holdout_G03,train
G01_R0607,G01,holdout_G03,train
G01_R0608,G01,holdout_G03,train
G01_R0609,G01,holdout_G03,train
G01_R0610,G01,holdout_G03,train
G01_R0611,G01,holdout_G03,train
G01_R0612,G01,holdout_G03,train
G01_R0613,G01,holdout_G03,train
G01_R0614,G01,holdout_G03,train
G01_R0615,G01,holdout_G03,train
G01_R0616,G01,holdout_G03,train
G01_R0617,G01,holdout_G03,train
G01_R0618,G01,holdout_G03,train
G01_R0619,G01,holdout_G03,train
G01_R0620,G01,holdout_G03,train
G01_R0621,G01,holdout_G03,train
G01_R0622,G01,holdout_G03,train
G01_R0623,G01,holdout_G03,train
G01_R0624,G01,holdout_G03,train
G01_R0625,G01,holdout_G03,train
G01_R0626,G01,holdout_G03,train
G01_R0627,G01,holdout_G03,train
G01_R0628,G01,holdout_G03,train
G01_R0629,G01,holdout_G03,train
G01_R0630,G01,holdout_G03,train
G01_R0631,G01,holdout_G03,train
G01_R0632,G01,holdout_G03,train
G01_R0633,G01,holdout_G03,train
G01_R0634,G01,holdout_G03,train
G01_R0635,G01,holdout_G03,train
G01_R0636,G01,holdout_G03,train
G01_R0637,G01,holdout_G03,train
G01_R0638,G01,holdout_G03,train
G01_R0639,G01,holdout_G03,train
G01_R0640,G01,holdout_G03,train
G01_R0641,G01,holdout_G03,train
G01_R0642,G01,holdout_G03,train
G01_R0643,G01,holdout_G03,train
G01_R0644,G01,holdout_G03,train
G01_R0645,G01,holdout_G03,train
G01_R0646,G01,holdout_G03,train
G01_R0647,G01,holdout_G03,train
G01_R0648,G01,holdout_G03,train
G01_R0649,G01,holdout_G03,train
G01_R0650,G01,holdout_G03,train
G01_R0651,G01,holdout_G03,train
G01_R0652,G01,holdout_G03,train
G01_R0653,G01,holdout_G03,train
G01_R0654,G01,holdout_G03,train
G01_R0655,G01,holdout_G03,train
G01_R0656,G01,holdout_G03,train
G01_R0657,G01,holdout_G03,train
G01_R0658,G01,holdout_G03,train
G01_R0659,G01,holdout_G03,train
G01_R0660,G01,holdout_G03,train
G01_R0661,G01,holdout_G03,train
G01_R0662,G01,holdout_G03,train
G01_R0663,G01,holdout_G03,train
G01_R0664,G01,holdout_G03,train
G01_R0665,G01,holdout_G03,train
G01_R0666,G01,holdout_G03,train
G01_R0667,G01,holdout_G03,train
G01_R0668,G01,holdout_G03,train
G01_R0669,G01,holdout_G03,train
G01_R0670,G01,holdout_G03,train
G01_R0671,G01,holdout_G03,train
G01_R0672,G01,holdout_G03,train
G01_R0673,G01,holdout_G03,train
G01_R0674,G01,holdout_G03,train
G01_R0675,G01,holdout_G03,train
G01_R0676,G01,holdout_G03,train
G01_R0677,G01,holdout_G03,train
G01_R0678,G01,holdout_G03,train
G01_R0679,G01,holdout_G03,train
G01_R0680,G01,holdout_G03,train
G01_R0681,G01,holdout_G03,train
G01_R0682,G01,holdout_G03,train
G01_R0683,G01,holdout_G03,train
G01_R0684,G01,holdout_G03,train
G01_R0685,G01,holdout_G03,train
G01_R0686,G01,holdout_G03,train
G01_R0687,G01,holdout_G03,train
G01_R0688,G01,holdout_G03,train
G01_R0689,G01,holdout_G03,train
G01_R0690,G01,holdout_G03,train
G01_R0691,G01,holdout_G03,train
G01_R0692,G01,holdout_G03,train
G01_R0693,G01,holdout_G03,train
G01_R0694,G01,holdout_G03,train
G01_R0695,G01,holdout_G03,train
G01_R0696,G01,holdout_G03,train
G01_R0697,G01,holdout_G03,train
G01_R0698,G01,holdout_G03,train
G01_R0699,G01,holdout_G03,train
G01_R0700,G01,holdout_G03,train
G01_R0701,G01,holdout_G03,train
G01_R0702,G01,holdout_G03,train
G01_R0703,G01,holdout_G03,train
G01_R0704,G01,holdout_G03,train
G01_R0705,G01,holdout_G03,train
G01_R0706,G01,holdout_G03,train
G01_R0707,G01,holdout_G03,train
G01_R0708,G01,holdout_G03,train
G01_R0709,G01,holdout_G03,train
G01_R0710,G01,holdout_G03,train
G01_R0711,G01,holdout_G03,train
G01_R0712,G01,holdout_G03,train
G01_R0713,G01,holdout_G03,train
G01_R0714,G01,holdout_G03,train
G01_R0715,G01,holdout_G03,train
G01_R0716,G01,holdout_G03,train
G01_R0717,G01,holdout_G03,train
G01_R0718,G01,holdout_G03,train
G01_R0719,G01,holdout_G03,train
G01_R0720,G01,holdout_G03,train
G01_R0721,G01,holdout_G03,train
G01_R0722,G01,holdout_G03,train
G01_R0723,G01,holdout_G03,train
G01_R0724,G01,holdout_G03,train
G01_R0725,G01,holdout_G03,train
G01_R0726,G01,holdout_G03,train
G01_R0727,G01,holdout_G03,train
G01_R0728,G01,holdout_G03,train
G01_R0729,G01,holdout_G03,train
G01_R0730,G01,holdout_G03,train
G01_R0731,G01,holdout_G03,train
G01_R0732,G01,holdout_G03,train
G01_R0733,G01,holdout_G03,train
G01_R0734,G01,holdout_G03,train
G01_R0735,G01,holdout_G03,train
G01_R0736,G01,holdout_G03,train
G01_R0737,G01,holdout_G03,train
G01_R0738,G01,holdout_G03,train
G01_R0739,G01,holdout_G03,train
G01_R0740,G01,holdout_G03,train
G01_R0741,G01,holdout_G03,train
G01_R0742,G01,holdout_G03,train
G01_R0743,G01,holdout_G03,train
G01_R0744,G01,holdout_G03,train
G01_R0745,G01,holdout_G03,train
G01_R0746,G01,holdout_G03,train
G01_R0747,G01,holdout_G03,train
G01_R0748,G01,holdout_G03,train
G01_R0749,G01,holdout_G03,train
G01_R0750,G01,holdout_G03,train
G01_R0751,G01,holdout_G03,train
G01_R0752,G01,holdout_G03,train
G01_R0753,G01,holdout_G03,train
G01_R0754,G01,holdout_G03,train
G01_R0755,G01,holdout_G03,train
G01_R0756,G01,holdout_G03,train
G01_R0757,G01,holdout_G03,train
G01_R0758,G01,holdout_G03,train
G01_R0759,G01,holdout_G03,train
G01_R0760,G01,holdout_G03,train
G01_R0761,G01,holdout_G03,train
G01_R0762,G01,holdout_G03,train
G01_R0763,G01,holdout_G03,train
G01_R0764,G01,holdout_G03,train
G01_R0765,G01,holdout_G03,train
G01_R0766,G01,holdout_G03,train
G01_R0767,G01,holdout_G03,train
G01_R0768,G01,holdout_G03,train
G02_R0001,G02,holdout_G03,train
G02_R0002,G02,holdout_G03,train
G02_R0003,G02,holdout_G03,train
G02_R0004,G02,holdout_G03,train
G02_R0005,G02,holdout_G03,train
G02_R0006,G02,holdout_G03,train
G02_R0007,G02,holdout_G03,train
G02_R0008,G02,holdout_G03,train
G02_R0009,G02,holdout_G03,train
G02_R0010,G02,holdout_G03,train
G02_R0011,G02,holdout_G03,train
G02_R0012,G02,holdout_G03,train
G02_R0013,G02,holdout_G03,train
G02_R0014,G02,holdout_G03,train
G02_R0015,G02,holdout_G03,train
G02_R0016,G02,holdout_G03,train
G02_R0017,G02,holdout_G03,train
G02_R0018,G02,holdout_G03,train
G02_R0019,G02,holdout_G03,train
G02_R0020,G02,holdout_G03,train
G02_R0021,G02,holdout_G03,train
G02_R0022,G02,holdout_G03,train
G02_R0023,G02,holdout_G03,train
G02_R0024,G02,holdout_G03,train
G02_R0025,G02,holdout_G03,train
G02_R0026,G02,holdout_G03,train
G02_R0027,G02,holdout_G03,train
G02_R0028,G02,holdout_G03,train
G02_R0029,G02,holdout_G03,train
G02_R0030,G02,holdout_G03,train
G02_R0031,G02,holdout_G03,train
G02_R0032,G02,holdout_G03,train
G02_R0033,G02,holdout_G03,train
G02_R0034,G02,holdout_G03,train
G02_R0035,G02,holdout_G03,train
G02_R0036,G02,holdout_G03,train
G02_R0037,G02,holdout_G03,train
G02_R0038,G02,holdout_G03,train
G02_R0039,G02,holdout_G03,train
G02_R0040,G02,holdout_G03,train
G02_R0041,G02,holdout_G03,train
G02_R0042,G02,holdout_G03,train
G02_R0043,G02,holdout_G03,train
G02_R0044,G02,holdout_G03,train
G02_R0045,G02,holdout_G03,train
G02_R0046,G02,holdout_G03,train
G02_R0047,G02,holdout_G03,train
G02_R0048,G02,holdout_G03,train
G02_R0049,G02,holdout_G03,train
G02_R0050,G02,holdout_G03,train
G02_R0051,G02,holdout_G03,train
G02_R0052,G02,holdout_G03,train
G02_R0053,G02,holdout_G03,train
G02_R0054,G02,holdout_G03,train
G02_R0055,G02,holdout_G03,train
G02_R0056,G02,holdout_G03,train
G02_R0057,G02,holdout_G03,train
G02_R0058,G02,holdout_G03,train
G02_R0059,G02,holdout_G03,train
G02_R0060,G02,holdout_G03,train
G02_R0061,G02,holdout_G03,train
G02_R0062,G02,holdout_G03,train
G02_R0063,G02,holdout_G03,train
G02_R0064,G02,holdout_G03,train
G02_R0065,G02,holdout_G03,train
G02_R0066,G02,holdout_G03,train
G02_R0067,G02,holdout_G03,train
G02_R0068,G02,holdout_G03,train
G02_R0069,G02,holdout_G03,train
G02_R0070,G02,holdout_G03,train
G02_R0071,G02,holdout_G03,train
G02_R0072,G02,holdout_G03,train
G02_R0073,G02,holdout_G03,train
G02_R0074,G02,holdout_G03,train
G02_R0075,G02,holdout_G03,train
G02_R0076,G02,holdout_G03,train
G02_R0077,G02,holdout_G03,train
G02_R0078,G02,holdout_G03,train
G02_R0079,G02,holdout_G03,train
G02_R0080,G02,holdout_G03,train
G02_R0081,G02,holdout_G03,train
G02_R0082,G02,holdout_G03,train
G02_R0083,G02,holdout_G03,train
G02_R0084,G02,holdout_G03,train
G02_R0085,G02,holdout_G03,train
G02_R0086,G02,holdout_G03,train
G02_R0087,G02,holdout_G03,train
G02_R0088,G02,holdout_G03,train
G02_R0089,G02,holdout_G03,train
G02_R0090,G02,holdout_G03,train
G02_R0091,G02,holdout_G03,train
G02_R0092,G02,holdout_G03,train
G02_R0093,G02,holdout_G03,train
G02_R0094,G02,holdout_G03,train
G02_R0095,G02,holdout_G03,train
G02_R0096,G02,holdout_G03,train
G02_R0097,G02,holdout_G03,train
G02_R0098,G02,holdout_G03,train
G02_R0099,G02,holdout_G03,train
G02_R0100,G02,holdout_G03,train
G02_R0101,G02,holdout_G03,train
G02_R0102,G02,holdout_G03,train
G02_R0103,G02,holdout_G03,train
G02_R0104,G02,holdout_G03,train
G02_R0105,G02,holdout_G03,train
G02_R0106,G02,holdout_G03,train
G02_R0107,G02,holdout_G03,train
G02_R0108,G02,holdout_G03,train
G02_R0109,G02,holdout_G03,train
G02_R0110,G02,holdout_G03,train
G02_R0111,G02,holdout_G03,train
G02_R0112,G02,holdout_G03,train
G02_R0113,G02,holdout_G03,train
G02_R0114,G02,holdout_G03,train
G02_R0115,G02,holdout_G03,train
G02_R0116,G02,holdout_G03,train
G02_R0117,G02,holdout_G03,train
G02_R0118,G02,holdout_G03,train
G02_R0119,G02,holdout_G03,train
G02_R0120,G02,holdout_G03,train
G02_R0121,G02,holdout_G03,train
G02_R0122,G02,holdout_G03,train
G02_R0123,G02,holdout_G03,train
G02_R0124,G02,holdout_G03,train
G02_R0125,G02,holdout_G03,train
G02_R0126,G02,holdout_G03,train
G02_R0127,G02,holdout_G03,train
G02_R0128,G02,holdout_G03,train
G02_R0129,G02,holdout_G03,train
G02_R0130,G02,holdout_G03,train
G02_R0131,G02,holdout_G03,train
G02_R0132,G02,holdout_G03,train
G02_R0133,G02,holdout_G03,train
G02_R0134,G02,holdout_G03,train
G02_R0135,G02,holdout_G03,train
G02_R0136,G02,holdout_G03,train
G02_R0137,G02,holdout_G03,train
G02_R0138,G02,holdout_G03,train
G02_R0139,G02,holdout_G03,train
G02_R0140,G02,holdout_G03,train
G02_R0141,G02,holdout_G03,train
G02_R0142,G02,holdout_G03,train
G02_R0143,G02,holdout_G03,train
G02_R0144,G02,holdout_G03,train
G02_R0145,G02,holdout_G03,train
G02_R0146,G02,holdout_G03,train
G02_R0147,G02,holdout_G03,train
G02_R0148,G02,holdout_G03,train
G02_R0149,G02,holdout_G03,train
G02_R0150,G02,holdout_G03,train
G02_R0151,G02,holdout_G03,train
G02_R0152,G02,holdout_G03,train
G02_R0153,G02,holdout_G03,train
G02_R0154,G02,holdout_G03,train
G02_R0155,G02,holdout_G03,train
G02_R0156,G02,holdout_G03,train
G02_R0157,G02,holdout_G03,train
G02_R0158,G02,holdout_G03,train
G02_R0159,G02,holdout_G03,train
G02_R0160,G02,holdout_G03,train
G02_R0161,G02,holdout_G03,train
G02_R0162,G02,holdout_G03,train
G02_R0163,G02,holdout_G03,train
G02_R0164,G02,holdout_G03,train
G02_R0165,G02,holdout_G03,train
G02_R0166,G02,holdout_G03,train
G02_R0167,G02,holdout_G03,train
G02_R0168,G02,holdout_G03,train
G02_R0169,G02,holdout_G03,train
G02_R0170,G02,holdout_G03,train
G02_R0171,G02,holdout_G03,train
G02_R0172,G02,holdout_G03,train
G02_R0173,G02,holdout_G03,train
G02_R0174,G02,holdout_G03,train
G02_R0175,G02,holdout_G03,train
G02_R0176,G02,holdout_G03,train
G02_R0177,G02,holdout_G03,train
G02_R0178,G02,holdout_G03,train
G02_R0179,G02,holdout_G03,train
G02_R0180,G02,holdout_G03,train
G02_R0181,G02,holdout_G03,train
G02_R0182,G02,holdout_G03,train
G02_R0183,G02,holdout_G03,train
G02_R0184,G02,holdout_G03,train
G02_R0185,G02,holdout_G03,train
G02_R0186,G02,holdout_G03,train
G02_R0187,G02,holdout_G03,train
G02_R0188,G02,holdout_G03,train
G02_R0189,G02,holdout_G03,train
G02_R0190,G02,holdout_G03,train
G02_R0191,G02,holdout_G03,train
G02_R0192,G02,holdout_G03,train
G02_R0193,G02,holdout_G03,train
G02_R0194,G02,holdout_G03,train
G02_R0195,G02,holdout_G03,train
G02_R0196,G02,holdout_G03,train
G02_R0197,G02,holdout_G03,train
G02_R0198,G02,holdout_G03,train
G02_R0199,G02,holdout_G03,train
G02_R0200,G02,holdout_G03,train
G02_R0201,G02,holdout_G03,train
G02_R0202,G02,holdout_G03,train
G02_R0203,G02,holdout_G03,train
G02_R0204,G02,holdout_G03,train
G02_R0205,G02,holdout_G03,train
G02_R0206,G02,holdout_G03,train
G02_R0207,G02,holdout_G03,train
G02_R0208,G02,holdout_G03,train
G02_R0209,G02,holdout_G03,train
G02_R0210,G02,holdout_G03,train
G02_R0211,G02,holdout_G03,train
G02_R0212,G02,holdout_G03,train
G02_R0213,G02,holdout_G03,train
G02_R0214,G02,holdout_G03,train
G02_R0215,G02,holdout_G03,train
G02_R0216,G02,holdout_G03,train
G02_R0217,G02,holdout_G03,train
G02_R0218,G02,holdout_G03,train
G02_R0219,G02,holdout_G03,train
G02_R0220,G02,holdout_G03,train
G02_R0221,G02,holdout_G03,train
G02_R0222,G02,holdout_G03,train
G02_R0223,G02,holdout_G03,train
G02_R0224,G02,holdout_G03,train
G02_R0225,G02,holdout_G03,train
G02_R0226,G02,holdout_G03,train
G02_R0227,G02,holdout_G03,train
G02_R0228,G02,holdout_G03,train
G02_R0229,G02,holdout_G03,train
G02_R0230,G02,holdout_G03,train
G02_R0231,G02,holdout_G03,train
G02_R0232,G02,holdout_G03,train
G02_R0233,G02,holdout_G03,train
G02_R0234,G02,holdout_G03,train
G02_R0235,G02,holdout_G03,train
G02_R0236,G02,holdout_G03,train
G02_R0237,G02,holdout_G03,train
G02_R0238,G02,holdout_G03,train
G02_R0239,G02,holdout_G03,train
G02_R0240,G02,holdout_G03,train
G02_R0241,G02,holdout_G03,train
G02_R0242,G02,holdout_G03,train
G02_R0243,G02,holdout_G03,train
G02_R0244,G02,holdout_G03,train
G02_R0245,G02,holdout_G03,train
G02_R0246,G02,holdout_G03,train
G02_R0247,G02,holdout_G03,train
G02_R0248,G02,holdout_G03,train
G02_R0249,G02,holdout_G03,train
G02_R0250,G02,holdout_G03,train
G02_R0251,G02,holdout_G03,train
G02_R0252,G02,holdout_G03,train
G02_R0253,G02,holdout_G03,train
G02_R0254,G02,holdout_G03,train
G02_R0255,G02,holdout_G03,train
G02_R0256,G02,holdout_G03,train
G02_R0257,G02,holdout_G03,train
G02_R0258,G02,holdout_G03,train
G02_R0259,G02,holdout_G03,train
G02_R0260,G02,holdout_G03,train
G02_R0261,G02,holdout_G03,train
G02_R0262,G02,holdout_G03,train
G02_R0263,G02,holdout_G03,train
G02_R0264,G02,holdout_G03,train
G02_R0265,G02,holdout_G03,train
G02_R0266,G02,holdout_G03,train
G02_R0267,G02,holdout_G03,train
G02_R0268,G02,holdout_G03,train
G02_R0269,G02,holdout_G03,train
G02_R0270,G02,holdout_G03,train
G02_R0271,G02,holdout_G03,train
G02_R0272,G02,holdout_G03,train
G02_R0273,G02,holdout_G03,train
G02_R0274,G02,holdout_G03,train
G02_R0275,G02,holdout_G03,train
G02_R0276,G02,holdout_G03,train
G02_R0277,G02,holdout_G03,train
G02_R0278,G02,holdout_G03,train
G02_R0279,G02,holdout_G03,train
G02_R0280,G02,holdout_G03,train
G02_R0281,G02,holdout_G03,train
G02_R0282,G02,holdout_G03,train
G02_R0283,G02,holdout_G03,train
G02_R0284,G02,holdout_G03,train
G02_R0285,G02,holdout_G03,train
G02_R0286,G02,holdout_G03,train
G02_R0287,G02,holdout_G03,train
G02_R0288,G02,holdout_G03,train
G02_R0289,G02,holdout_G03,train
G02_R0290,G02,holdout_G03,train
G02_R0291,G02,holdout_G03,train
G02_R0292,G02,holdout_G03,train
G02_R0293,G02,holdout_G03,train
G02_R0294,G02,holdout_G03,train
G02_R0295,G02,holdout_G03,train
G02_R0296,G02,holdout_G03,train
G02_R0297,G02,holdout_G03,train
G02_R0298,G02,holdout_G03,train
G02_R0299,G02,holdout_G03,train
G02_R0300,G02,holdout_G03,train
G02_R0301,G02,holdout_G03,train
G02_R0302,G02,holdout_G03,train
G02_R0303,G02,holdout_G03,train
G02_R0304,G02,holdout_G03,train
G02_R0305,G02,holdout_G03,train
G02_R0306,G02,holdout_G03,train
G02_R0307,G02,holdout_G03,train
G02_R0308,G02,holdout_G03,train
G02_R0309,G02,holdout_G03,train
G02_R0310,G02,holdout_G03,train
G02_R0311,G02,holdout_G03,train
G02_R0312,G02,holdout_G03,train
G02_R0313,G02,holdout_G03,train
G02_R0314,G02,holdout_G03,train
G02_R0315,G02,holdout_G03,train
G02_R0316,G02,holdout_G03,train
G02_R0317,G02,holdout_G03,train
G02_R0318,G02,holdout_G03,train
G02_R0319,G02,holdout_G03,train
G02_R0320,G02,holdout_G03,train
G02_R0321,G02,holdout_G03,train
G02_R0322,G02,holdout_G03,train
G02_R0323,G02,holdout_G03,train
G02_R0324,G02,holdout_G03,train
G02_R0325,G02,holdout_G03,train
G02_R0326,G02,holdout_G03,train
G02_R0327,G02,holdout_G03,train
G02_R0328,G02,holdout_G03,train
G02_R0329,G02,holdout_G03,train
G02_R0330,G02,holdout_G03,train
G02_R0331,G02,holdout_G03,train
G02_R0332,G02,holdout_G03,train
G02_R0333,G02,holdout_G03,train
G02_R0334,G02,holdout_G03,train
G02_R0335,G02,holdout_G03,train
G02_R0336,G02,holdout_G03,train
G02_R0337,G02,holdout_G03,train
G02_R0338,G02,holdout_G03,train
G02_R0339,G02,holdout_G03,train
G02_R0340,G02,holdout_G03,train
G02_R0341,G02,holdout_G03,train
G02_R0342,G02,holdout_G03,train
G02_R0343,G02,holdout_G03,train
G02_R0344,G02,holdout_G03,train
G02_R0345,G02,holdout_G03,train
G02_R0346,G02,holdout_G03,train
G02_R0347,G02,holdout_G03,train
G02_R0348,G02,holdout_G03,train
G02_R0349,G02,holdout_G03,train
G02_R0350,G02,holdout_G03,train
G02_R0351,G02,holdout_G03,train
G02_R0352,G02,holdout_G03,train
G02_R0353,G02,holdout_G03,train
G02_R0354,G02,holdout_G03,train
G02_R0355,G02,holdout_G03,train
G02_R0356,G02,holdout_G03,train
G02_R0357,G02,holdout_G03,train
G02_R0358,G02,holdout_G03,train
G02_R0359,G02,holdout_G03,train
G02_R0360,G02,holdout_G03,train
G02_R0361,G02,holdout_G03,train
G02_R0362,G02,holdout_G03,train
G02_R0363,G02,holdout_G03,train
G02_R0364,G02,holdout_G03,train
G02_R0365,G02,holdout_G03,train
G02_R0366,G02,holdout_G03,train
G02_R0367,G02,holdout_G03,train
G02_R0368,G02,holdout_G03,train
G02_R0369,G02,holdout_G03,train
G02_R0370,G02,holdout_G03,train
G02_R0371,G02,holdout_G03,train
G02_R0372,G02,holdout_G03,train
G02_R0373,G02,holdout_G03,train
G02_R0374,G02,holdout_G03,train
G02_R0375,G02,holdout_G03,train
G02_R0376,G02,holdout_G03,train
G02_R0377,G02,holdout_G03,train
G02_R0378,G02,holdout_G03,train
G02_R0379,G02,holdout_G03,train
G02_R0380,G02,holdout_G03,train
G02_R0381,G02,holdout_G03,train
G02_R0382,G02,holdout_G03,train
G02_R0383,G02,holdout_G03,train
G02_R0384,G02,holdout_G03,train
G02_R0385,G02,holdout_G03,train
G02_R0386,G02,holdout_G03,train
G02_R0387,G02,holdout_G03,train
G02_R0388,G02,holdout_G03,train
G02_R0389,G02,holdout_G03,train
G02_R0390,G02,holdout_G03,train
G02_R0391,G02,holdout_G03,train
G02_R0392,G02,holdout_G03,train
G02_R0393,G02,holdout_G03,train
G02_R0394,G02,holdout_G03,train
G02_R0395,G02,holdout_G03,train
G02_R0396,G02,holdout_G03,train
G02_R0397,G02,holdout_G03,train
G02_R0398,G02,holdout_G03,train
G02_R0399,G02,holdout_G03,train
G02_R0400,G02,holdout_G03,train
G02_R0401,G02,holdout_G03,train
G02_R0402,G02,holdout_G03,train
G02_R0403,G02,holdout_G03,train
G02_R0404,G02,holdout_G03,train
G02_R0405,G02,holdout_G03,train
G02_R0406,G02,holdout_G03,train
G02_R0407,G02,holdout_G03,train
G02_R0408,G02,holdout_G03,train
G02_R0409,G02,holdout_G03,train
G02_R0410,G02,holdout_G03,train
G02_R0411,G02,holdout_G03,train
G02_R0412,G02,holdout_G03,train
G02_R0413,G02,holdout_G03,train
G02_R0414,G02,holdout_G03,train
G02_R0415,G02,holdout_G03,train
G02_R0416,G02,holdout_G03,train
G02_R0417,G02,holdout_G03,train
G02_R0418,G02,holdout_G03,train
G02_R0419,G02,holdout_G03,train
G02_R0420,G02,holdout_G03,train
G02_R0421,G02,holdout_G03,train
G02_R0422,G02,holdout_G03,train
G02_R0423,G02,holdout_G03,train
G02_R0424,G02,holdout_G03,train
G02_R0425,G02,holdout_G03,train
G02_R0426,G02,holdout_G03,train
G02_R0427,G02,holdout_G03,train
G02_R0428,G02,holdout_G03,train
G02_R0429,G02,holdout_G03,train
G02_R0430,G02,holdout_G03,train
G02_R0431,G02,holdout_G03,train
G02_R0432,G02,holdout_G03,train
G02_R0433,G02,holdout_G03,train
G02_R0434,G02,holdout_G03,train
G02_R0435,G02,holdout_G03,train
G02_R0436,G02,holdout_G03,train
G02_R0437,G02,holdout_G03,train
G02_R0438,G02,holdout_G03,train
G02_R0439,G02,holdout_G03,train
G02_R0440,G02,holdout_G03,train
G02_R0441,G02,holdout_G03,train
G02_R0442,G02,holdout_G03,train
G02_R0443,G02,holdout_G03,train
G02_R0444,G02,holdout_G03,train
G02_R0445,G02,holdout_G03,train
G02_R0446,G02,holdout_G03,train
G02_R0447,G02,holdout_G03,train
G02_R0448,G02,holdout_G03,train
G02_R0449,G02,holdout_G03,train
G02_R0450,G02,holdout_G03,train
G02_R0451,G02,holdout_G03,train
G02_R0452,G02,holdout_G03,train
G02_R0453,G02,holdout_G03,train
G02_R0454,G02,holdout_G03,train
G02_R0455,G02,holdout_G03,train
G02_R0456,G02,holdout_G03,train
G02_R0457,G02,holdout_G03,train
G02_R0458,G02,holdout_G03,train
G02_R0459,G02,holdout_G03,train
G02_R0460,G02,holdout_G03,train
G02_R0461,G02,holdout_G03,train
G02_R0462,G02,holdout_G03,train
G02_R0463,G02,holdout_G03,train
G02_R0464,G02,holdout_G03,train
G02_R0465,G02,holdout_G03,train
G02_R0466,G02,holdout_G03,train
G02_R0467,G02,holdout_G03,train
G02_R0468,G02,holdout_G03,train
G02_R0469,G02,holdout_G03,train
G02_R0470,G02,holdout_G03,train
G02_R0471,G02,holdout_G03,train
G02_R0472,G02,holdout_G03,train
G02_R0473,G02,holdout_G03,train
G02_R0474,G02,holdout_G03,train
G02_R0475,G02,holdout_G03,train
G02_R0476,G02,holdout_G03,train
G02_R0477,G02,holdout_G03,train
G02_R0478,G02,holdout_G03,train
G02_R0479,G02,holdout_G03,train
G02_R0480,G02,holdout_G03,train
G02_R0481,G02,holdout_G03,train
G02_R0482,G02,holdout_G03,train
G02_R0483,G02,holdout_G03,train
G02_R0484,G02,holdout_G03,train
G02_R0485,G02,holdout_G03,train
G02_R0486,G02,holdout_G03,train
G02_R0487,G02,holdout_G03,train
G02_R0488,G02,holdout_G03,train
G02_R0489,G02,holdout_G03,train
G02_R0490,G02,holdout_G03,train
G02_R0491,G02,holdout_G03,train
G02_R0492,G02,holdout_G03,train
G02_R0493,G02,holdout_G03,train
G02_R0494,G02,holdout_G03,train
G02_R0495,G02,holdout_G03,train
G02_R0496,G02,holdout_G03,train
G02_R0497,G02,holdout_G03,train
G02_R0498,G02,holdout_G03,train
G02_R0499,G02,holdout_G03,train
G02_R0500,G02,holdout_G03,train
G02_R0501,G02,holdout_G03,train
G02_R0502,G02,holdout_G03,train
G02_R0503,G02,holdout_G03,train
G02_R0504,G02,holdout_G03,train
G02_R0505,G02,holdout_G03,train
G02_R0506,G02,holdout_G03,train
G02_R0507,G02,holdout_G03,train
G02_R0508,G02,holdout_G03,train
G02_R0509,G02,holdout_G03,train
G02_R0510,G02,holdout_G03,train
G02_R0511,G02,holdout_G03,train
G02_R0512,G02,holdout_G03,train
G02_R0513,G02,holdout_G03,train
G02_R0514,G02,holdout_G03,train
G02_R0515,G02,holdout_G03,train
G02_R0516,G02,holdout_G03,train
G02_R0517,G02,holdout_G03,train
G02_R0518,G02,holdout_G03,train
G02_R0519,G02,holdout_G03,train
G02_R0520,G02,holdout_G03,train
G02_R0521,G02,holdout_G03,train
G02_R0522,G02,holdout_G03,train
G02_R0523,G02,holdout_G03,train
G02_R0524,G02,holdout_G03,train
G02_R0525,G02,holdout_G03,train
G02_R0526,G02,holdout_G03,train
G02_R0527,G02,holdout_G03,train
G02_R0528,G02,holdout_G03,train
G02_R0529,G02,holdout_G03,train
G02_R0530,G02,holdout_G03,train
G02_R0531,G02,holdout_G03,train
G02_R0532,G02,holdout_G03,train
G02_R0533,G02,holdout_G03,train
G02_R0534,G02,holdout_G03,train
G02_R0535,G02,holdout_G03,train
G02_R0536,G02,holdout_G03,train
G02_R0537,G02,holdout_G03,train
G02_R0538,G02,holdout_G03,train
G02_R0539,G02,holdout_G03,train
G02_R0540,G02,holdout_G03,train
G02_R0541,G02,holdout_G03,train
G02_R0542,G02,holdout_G03,train
G02_R0543,G02,holdout_G03,train
G02_R0544,G02,holdout_G03,train
G02_R0545,G02,holdout_G03,train
G02_R0546,G02,holdout_G03,train
G02_R0547,G02,holdout_G03,train
G02_R0548,G02,holdout_G03,train
G02_R0549,G02,holdout_G03,train
G02_R0550,G02,holdout_G03,train
G02_R0551,G02,holdout_G03,train
G02_R0552,G02,holdout_G03,train
G02_R0553,G02,holdout_G03,train
G02_R0554,G02,holdout_G03,train
G02_R0555,G02,holdout_G03,train
G02_R0556,G02,holdout_G03,train
G02_R0557,G02,holdout_G03,train
G02_R0558,G02,holdout_G03,train
G02_R0559,G02,holdout_G03,train
G02_R0560,G02,holdout_G03,train
G02_R0561,G02,holdout_G03,train
G02_R0562,G02,holdout_G03,train
G02_R0563,G02,holdout_G03,train
G02_R0564,G02,holdout_G03,train
G02_R0565,G02,holdout_G03,train
G02_R0566,G02,holdout_G03,train
G02_R0567,G02,holdout_G03,train
G02_R0568,G02,holdout_G03,train
G02_R0569,G02,holdout_G03,train
G02_R0570,G02,holdout_G03,train
G02_R0571,G02,holdout_G03,train
G02_R0572,G02,holdout_G03,train
G02_R0573,G02,holdout_G03,train
G02_R0574,G02,holdout_G03,train
G02_R0575,G02,holdout_G03,train
G02_R0576,G02,holdout_G03,train
G02_R0577,G02,holdout_G03,train
G02_R0578,G02,holdout_G03,train
G02_R0579,G02,holdout_G03,train
G02_R0580,G02,holdout_G03,train
G02_R0581,G02,holdout_G03,train
G02_R0582,G02,holdout_G03,train
G02_R0583,G02,holdout_G03,train
G02_R0584,G02,holdout_G03,train
G02_R0585,G02,holdout_G03,train
G02_R0586,G02,holdout_G03,train
G02_R0587,G02,holdout_G03,train
G02_R0588,G02,holdout_G03,train
G02_R0589,G02,holdout_G03,train
G02_R0590,G02,holdout_G03,train
G02_R0591,G02,holdout_G03,train
G02_R0592,G02,holdout_G03,train
G02_R0593,G02,holdout_G03,train
G02_R0594,G02,holdout_G03,train
G02_R0595,G02,holdout_G03,train
G02_R0596,G02,holdout_G03,train
G02_R0597,G02,holdout_G03,train
G02_R0598,G02,holdout_G03,train
G02_R0599,G02,holdout_G03,train
G02_R0600,G02,holdout_G03,train
G02_R0601,G02,holdout_G03,train
G02_R0602,G02,holdout_G03,train
G02_R0603,G02,holdout_G03,train
G02_R0604,G02,holdout_G03,train
G02_R0605,G02,holdout_G03,train
G02_R0606,G02,holdout_G03,train
G02_R0607,G02,holdout_G03,train
G02_R0608,G02,holdout_G03,train
G02_R0609,G02,holdout_G03,train
G02_R0610,G02,holdout_G03,train
G02_R0611,G02,holdout_G03,train
G02_R0612,G02,holdout_G03,train
G02_R0613,G02,holdout_G03,train
G02_R0614,G02,holdout_G03,train
G02_R0615,G02,holdout_G03,train
G02_R0616,G02,holdout_G03,train
G02_R0617,G02,holdout_G03,train
G02_R0618,G02,holdout_G03,train
G02_R0619,G02,holdout_G03,train
G02_R0620,G02,holdout_G03,train
G02_R0621,G02,holdout_G03,train
G02_R0622,G02,holdout_G03,train
G02_R0623,G02,holdout_G03,train
G02_R0624,G02,holdout_G03,train
G02_R0625,G02,holdout_G03,train
G02_R0626,G02,holdout_G03,train
G02_R0627,G02,holdout_G03,train
G02_R0628,G02,holdout_G03,train
G02_R0629,G02,holdout_G03,train
G02_R0630,G02,holdout_G03,train
G02_R0631,G02,holdout_G03,train
G02_R0632,G02,holdout_G03,train
G02_R0633,G02,holdout_G03,train
G02_R0634,G02,holdout_G03,train
G02_R0635,G02,holdout_G03,train
G02_R0636,G02,holdout_G03,train
G02_R0637,G02,holdout_G03,train
G02_R0638,G02,holdout_G03,train
G02_R0639,G02,holdout_G03,train
G02_R0640,G02,holdout_G03,train
G02_R0641,G02,holdout_G03,train
G02_R0642,G02,holdout_G03,train
G02_R0643,G02,holdout_G03,train
G02_R0644,G02,holdout_G03,train
G02_R0645,G02,holdout_G03,train
G02_R0646,G02,holdout_G03,train
G02_R0647,G02,holdout_G03,train
G02_R0648,G02,holdout_G03,train
G02_R0649,G02,holdout_G03,train
G02_R0650,G02,holdout_G03,train
G02_R0651,G02,holdout_G03,train
G02_R0652,G02,holdout_G03,train
G02_R0653,G02,holdout_G03,train
G02_R0654,G02,holdout_G03,train
G02_R0655,G02,holdout_G03,train
G02_R0656,G02,holdout_G03,train
G02_R0657,G02,holdout_G03,train
G02_R0658,G02,holdout_G03,train
G02_R0659,G02,holdout_G03,train
G02_R0660,G02,holdout_G03,train
G02_R0661,G02,holdout_G03,train
G02_R0662,G02,holdout_G03,train
G02_R0663,G02,holdout_G03,train
G02_R0664,G02,holdout_G03,train
G02_R0665,G02,holdout_G03,train
G02_R0666,G02,holdout_G03,train
G02_R0667,G02,holdout_G03,train
G02_R0668,G02,holdout_G03,train
G02_R0669,G02,holdout_G03,train
G02_R0670,G02,holdout_G03,train
G02_R0671,G02,holdout_G03,train
G02_R0672,G02,holdout_G03,train
G02_R0673,G02,holdout_G03,train
G02_R0674,G02,holdout_G03,train
G02_R0675,G02,holdout_G03,train
G02_R0676,G02,holdout_G03,train
G02_R0677,G02,holdout_G03,train
G02_R0678,G02,holdout_G03,train
G02_R0679,G02,holdout_G03,train
G02_R0680,G02,holdout_G03,train
G02_R0681,G02,holdout_G03,train
G02_R0682,G02,holdout_G03,train
G02_R0683,G02,holdout_G03,train
G02_R0684,G02,holdout_G03,train
G02_R0685,G02,holdout_G03,train
G02_R0686,G02,holdout_G03,train
G02_R0687,G02,holdout_G03,train
G02_R0688,G02,holdout_G03,train
G02_R0689,G02,holdout_G03,train
G02_R0690,G02,holdout_G03,train
G02_R0691,G02,holdout_G03,train
G02_R0692,G02,holdout_G03,train
G02_R0693,G02,holdout_G03,train
G02_R0694,G02,holdout_G03,train
G02_R0695,G02,holdout_G03,train
G02_R0696,G02,holdout_G03,train
G02_R0697,G02,holdout_G03,train
G02_R0698,G02,holdout_G03,train
G02_R0699,G02,holdout_G03,train
G02_R0700,G02,holdout_G03,train
G02_R0701,G02,holdout_G03,train
G02_R0702,G02,holdout_G03,train
G02_R0703,G02,holdout_G03,train
G02_R0704,G02,holdout_G03,train
G02_R0705,G02,holdout_G03,train
G02_R0706,G02,holdout_G03,train
G02_R0707,G02,holdout_G03,train
G02_R0708,G02,holdout_G03,train
G02_R0709,G02,holdout_G03,train
G02_R0710,G02,holdout_G03,train
G02_R0711,G02,holdout_G03,train
G02_R0712,G02,holdout_G03,train
G02_R0713,G02,holdout_G03,train
G02_R0714,G02,holdout_G03,train
G02_R0715,G02,holdout_G03,train
G02_R0716,G02,holdout_G03,train
G02_R0717,G02,holdout_G03,train
G02_R0718,G02,holdout_G03,train
G02_R0719,G02,holdout_G03,train
G02_R0720,G02,holdout_G03,train
G02_R0721,G02,holdout_G03,train
G02_R0722,G02,holdout_G03,train
G02_R0723,G02,holdout_G03,train
G02_R0724,G02,holdout_G03,train
G02_R0725,G02,holdout_G03,train
G02_R0726,G02,holdout_G03,train
G02_R0727,G02,holdout_G03,train
G02_R0728,G02,holdout_G03,train
G02_R0729,G02,holdout_G03,train
G02_R0730,G02,holdout_G03,train
G02_R0731,G02,holdout_G03,train
G02_R0732,G02,holdout_G03,train
G02_R0733,G02,holdout_G03,train
G02_R0734,G02,holdout_G03,train
G02_R0735,G02,holdout_G03,train
G02_R0736,G02,holdout_G03,train
G02_R0737,G02,holdout_G03,train
G02_R0738,G02,holdout_G03,train
G02_R0739,G02,holdout_G03,train
G02_R0740,G02,holdout_G03,train
G02_R0741,G02,holdout_G03,train
G02_R0742,G02,holdout_G03,train
G02_R0743,G02,holdout_G03,train
G02_R0744,G02,holdout_G03,train
G02_R0745,G02,holdout_G03,train
G02_R0746,G02,holdout_G03,train
G02_R0747,G02,holdout_G03,train
G02_R0748,G02,holdout_G03,train
G02_R0749,G02,holdout_G03,train
G02_R0750,G02,holdout_G03,train
G02_R0751,G02,holdout_G03,train
G02_R0752,G02,holdout_G03,train
G02_R0753,G02,holdout_G03,train
G02_R0754,G02,holdout_G03,train
G02_R0755,G02,holdout_G03,train
G02_R0756,G02,holdout_G03,train
G02_R0757,G02,holdout_G03,train
G02_R0758,G02,holdout_G03,train
G02_R0759,G02,holdout_G03,train
G02_R0760,G02,holdout_G03,train
G02_R0761,G02,holdout_G03,train
G02_R0762,G02,holdout_G03,train
G02_R0763,G02,holdout_G03,train
G02_R0764,G02,holdout_G03,train
G02_R0765,G02,holdout_G03,train
G02_R0766,G02,holdout_G03,train
G02_R0767,G02,holdout_G03,train
G02_R0768,G02,holdout_G03,train
G03_R0001,G03,holdout_G03,test
G03_R0002,G03,holdout_G03,test
G03_R0003,G03,holdout_G03,test
G03_R0004,G03,holdout_G03,test
G03_R0005,G03,holdout_G03,test
G03_R0006,G03,holdout_G03,test
G03_R0007,G03,holdout_G03,test
G03_R0008,G03,holdout_G03,test
G03_R0009,G03,holdout_G03,test
G03_R0010,G03,holdout_G03,test
G03_R0011,G03,holdout_G03,test
G03_R0012,G03,holdout_G03,test
G03_R0013,G03,holdout_G03,test
G03_R0014,G03,holdout_G03,test
G03_R0015,G03,holdout_G03,test
G03_R0016,G03,holdout_G03,test
G03_R0017,G03,holdout_G03,test
G03_R0018,G03,holdout_G03,test
G03_R0019,G03,holdout_G03,test
G03_R0020,G03,holdout_G03,test
G03_R0021,G03,holdout_G03,test
G03_R0022,G03,holdout_G03,test
G03_R0023,G03,holdout_G03,test
G03_R0024,G03,holdout_G03,test
G03_R0025,G03,holdout_G03,test
G03_R0026,G03,holdout_G03,test
G03_R0027,G03,holdout_G03,test
G03_R0028,G03,holdout_G03,test
G03_R0029,G03,holdout_G03,test
G03_R0030,G03,holdout_G03,test
G03_R0031,G03,holdout_G03,test
G03_R0032,G03,holdout_G03,test
G03_R0033,G03,holdout_G03,test
G03_R0034,G03,holdout_G03,test
G03_R0035,G03,holdout_G03,test
G03_R0036,G03,holdout_G03,test
G03_R0037,G03,holdout_G03,test
G03_R0038,G03,holdout_G03,test
G03_R0039,G03,holdout_G03,test
G03_R0040,G03,holdout_G03,test
G03_R0041,G03,holdout_G03,test
G03_R0042,G03,holdout_G03,test
G03_R0043,G03,holdout_G03,test
G03_R0044,G03,holdout_G03,test
G03_R0045,G03,holdout_G03,test
G03_R0046,G03,holdout_G03,test
G03_R0047,G03,holdout_G03,test
G03_R0048,G03,holdout_G03,test
G03_R0049,G03,holdout_G03,test
G03_R0050,G03,holdout_G03,test
G03_R0051,G03,holdout_G03,test
G03_R0052,G03,holdout_G03,test
G03_R0053,G03,holdout_G03,test
G03_R0054,G03,holdout_G03,test
G03_R0055,G03,holdout_G03,test
G03_R0056,G03,holdout_G03,test
G03_R0057,G03,holdout_G03,test
G03_R0058,G03,holdout_G03,test
G03_R0059,G03,holdout_G03,test
G03_R0060,G03,holdout_G03,test
G03_R0061,G03,holdout_G03,test
G03_R0062,G03,holdout_G03,test
G03_R0063,G03,holdout_G03,test
G03_R0064,G03,holdout_G03,test
G03_R0065,G03,holdout_G03,test
G03_R0066,G03,holdout_G03,test
G03_R0067,G03,holdout_G03,test
G03_R0068,G03,holdout_G03,test
G03_R0069,G03,holdout_G03,test
G03_R0070,G03,holdout_G03,test
G03_R0071,G03,holdout_G03,test
G03_R0072,G03,holdout_G03,test
G03_R0073,G03,holdout_G03,test
G03_R0074,G03,holdout_G03,test
G03_R0075,G03,holdout_G03,test
G03_R0076,G03,holdout_G03,test
G03_R0077,G03,holdout_G03,test
G03_R0078,G03,holdout_G03,test
G03_R0079,G03,holdout_G03,test
G03_R0080,G03,holdout_G03,test
G03_R0081,G03,holdout_G03,test
G03_R0082,G03,holdout_G03,test
G03_R0083,G03,holdout_G03,test
G03_R0084,G03,holdout_G03,test
G03_R0085,G03,holdout_G03,test
G03_R0086,G03,holdout_G03,test
G03_R0087,G03,holdout_G03,test
G03_R0088,G03,holdout_G03,test
G03_R0089,G03,holdout_G03,test
G03_R0090,G03,holdout_G03,test
G03_R0091,G03,holdout_G03,test
G03_R0092,G03,holdout_G03,test
G03_R0093,G03,holdout_G03,test
G03_R0094,G03,holdout_G03,test
G03_R0095,G03,holdout_G03,test
G03_R0096,G03,holdout_G03,test
G03_R0097,G03,holdout_G03,test
G03_R0098,G03,holdout_G03,test
G03_R0099,G03,holdout_G03,test
G03_R0100,G03,holdout_G03,test
G03_R0101,G03,holdout_G03,test
G03_R0102,G03,holdout_G03,test
G03_R0103,G03,holdout_G03,test
G03_R0104,G03,holdout_G03,test
G03_R0105,G03,holdout_G03,test
G03_R0106,G03,holdout_G03,test
G03_R0107,G03,holdout_G03,test
G03_R0108,G03,holdout_G03,test
G03_R0109,G03,holdout_G03,test
G03_R0110,G03,holdout_G03,test
G03_R0111,G03,holdout_G03,test
G03_R0112,G03,holdout_G03,test
G03_R0113,G03,holdout_G03,test
G03_R0114,G03,holdout_G03,test
G03_R0115,G03,holdout_G03,test
G03_R0116,G03,holdout_G03,test
G03_R0117,G03,holdout_G03,test
G03_R0118,G03,holdout_G03,test
G03_R0119,G03,holdout_G03,test
G03_R0120,G03,holdout_G03,test
G03_R0121,G03,holdout_G03,test
G03_R0122,G03,holdout_G03,test
G03_R0123,G03,holdout_G03,test
G03_R0124,G03,holdout_G03,test
G03_R0125,G03,holdout_G03,test
G03_R0126,G03,holdout_G03,test
G03_R0127,G03,holdout_G03,test
G03_R0128,G03,holdout_G03,test
G03_R0129,G03,holdout_G03,test
G03_R0130,G03,holdout_G03,test
G03_R0131,G03,holdout_G03,test
G03_R0132,G03,holdout_G03,test
G03_R0133,G03,holdout_G03,test
G03_R0134,G03,holdout_G03,test
G03_R0135,G03,holdout_G03,test
G03_R0136,G03,holdout_G03,test
G03_R0137,G03,holdout_G03,test
G03_R0138,G03,holdout_G03,test
G03_R0139,G03,holdout_G03,test
G03_R0140,G03,holdout_G03,test
G03_R0141,G03,holdout_G03,test
G03_R0142,G03,holdout_G03,test
G03_R0143,G03,holdout_G03,test
G03_R0144,G03,holdout_G03,test
G03_R0145,G03,holdout_G03,test
G03_R0146,G03,holdout_G03,test
G03_R0147,G03,holdout_G03,test
G03_R0148,G03,holdout_G03,test
G03_R0149,G03,holdout_G03,test
G03_R0150,G03,holdout_G03,test
G03_R0151,G03,holdout_G03,test
G03_R0152,G03,holdout_G03,test
G03_R0153,G03,holdout_G03,test
G03_R0154,G03,holdout_G03,test
G03_R0155,G03,holdout_G03,test
G03_R0156,G03,holdout_G03,test
G03_R0157,G03,holdout_G03,test
G03_R0158,G03,holdout_G03,test
G03_R0159,G03,holdout_G03,test
G03_R0160,G03,holdout_G03,test
G03_R0161,G03,holdout_G03,test
G03_R0162,G03,holdout_G03,test
G03_R0163,G03,holdout_G03,test
G03_R0164,G03,holdout_G03,test
G03_R0165,G03,holdout_G03,test
G03_R0166,G03,holdout_G03,test
G03_R0167,G03,holdout_G03,test
G03_R0168,G03,holdout_G03,test
G03_R0169,G03,holdout_G03,test
G03_R0170,G03,holdout_G03,test
G03_R0171,G03,holdout_G03,test
G03_R0172,G03,holdout_G03,test
G03_R0173,G03,holdout_G03,test
G03_R0174,G03,holdout_G03,test
G03_R0175,G03,holdout_G03,test
G03_R0176,G03,holdout_G03,test
G03_R0177,G03,holdout_G03,test
G03_R0178,G03,holdout_G03,test
G03_R0179,G03,holdout_G03,test
G03_R0180,G03,holdout_G03,test
G03_R0181,G03,holdout_G03,test
G03_R0182,G03,holdout_G03,test
G03_R0183,G03,holdout_G03,test
G03_R0184,G03,holdout_G03,test
G03_R0185,G03,holdout_G03,test
G03_R0186,G03,holdout_G03,test
G03_R0187,G03,holdout_G03,test
G03_R0188,G03,holdout_G03,test
G03_R0189,G03,holdout_G03,test
G03_R0190,G03,holdout_G03,test
G03_R0191,G03,holdout_G03,test
G03_R0192,G03,holdout_G03,test
G03_R0193,G03,holdout_G03,test
G03_R0194,G03,holdout_G03,test
G03_R0195,G03,holdout_G03,test
G03_R0196,G03,holdout_G03,test
G03_R0197,G03,holdout_G03,test
G03_R0198,G03,holdout_G03,test
G03_R0199,G03,holdout_G03,test
G03_R0200,G03,holdout_G03,test
G03_R0201,G03,holdout_G03,test
G03_R0202,G03,holdout_G03,test
G03_R0203,G03,holdout_G03,test
G03_R0204,G03,holdout_G03,test
G03_R0205,G03,holdout_G03,test
G03_R0206,G03,holdout_G03,test
G03_R0207,G03,holdout_G03,test
G03_R0208,G03,holdout_G03,test
G03_R0209,G03,holdout_G03,test
G03_R0210,G03,holdout_G03,test
G03_R0211,G03,holdout_G03,test
G03_R0212,G03,holdout_G03,test
G03_R0213,G03,holdout_G03,test
G03_R0214,G03,holdout_G03,test
G03_R0215,G03,holdout_G03,test
G03_R0216,G03,holdout_G03,test
G03_R0217,G03,holdout_G03,test
G03_R0218,G03,holdout_G03,test
G03_R0219,G03,holdout_G03,test
G03_R0220,G03,holdout_G03,test
G03_R0221,G03,holdout_G03,test
G03_R0222,G03,holdout_G03,test
G03_R0223,G03,holdout_G03,test
G03_R0224,G03,holdout_G03,test
G03_R0225,G03,holdout_G03,test
G03_R0226,G03,holdout_G03,test
G03_R0227,G03,holdout_G03,test
G03_R0228,G03,holdout_G03,test
G03_R0229,G03,holdout_G03,test
G03_R0230,G03,holdout_G03,test
G03_R0231,G03,holdout_G03,test
G03_R0232,G03,holdout_G03,test
G03_R0233,G03,holdout_G03,test
G03_R0234,G03,holdout_G03,test
G03_R0235,G03,holdout_G03,test
G03_R0236,G03,holdout_G03,test
G03_R0237,G03,holdout_G03,test
G03_R0238,G03,holdout_G03,test
G03_R0239,G03,holdout_G03,test
G03_R0240,G03,holdout_G03,test
G03_R0241,G03,holdout_G03,test
G03_R0242,G03,holdout_G03,test
G03_R0243,G03,holdout_G03,test
G03_R0244,G03,holdout_G03,test
G03_R0245,G03,holdout_G03,test
G03_R0246,G03,holdout_G03,test
G03_R0247,G03,holdout_G03,test
G03_R0248,G03,holdout_G03,test
G03_R0249,G03,holdout_G03,test
G03_R0250,G03,holdout_G03,test
G03_R0251,G03,holdout_G03,test
G03_R0252,G03,holdout_G03,test
G03_R0253,G03,holdout_G03,test
G03_R0254,G03,holdout_G03,test
G03_R0255,G03,holdout_G03,test
G03_R0256,G03,holdout_G03,test
G03_R0257,G03,holdout_G03,test
G03_R0258,G03,holdout_G03,test
G03_R0259,G03,holdout_G03,test
G03_R0260,G03,holdout_G03,test
G03_R0261,G03,holdout_G03,test
G03_R0262,G03,holdout_G03,test
G03_R0263,G03,holdout_G03,test
G03_R0264,G03,holdout_G03,test
G03_R0265,G03,holdout_G03,test
G03_R0266,G03,holdout_G03,test
G03_R0267,G03,holdout_G03,test
G03_R0268,G03,holdout_G03,test
G03_R0269,G03,holdout_G03,test
G03_R0270,G03,holdout_G03,test
G03_R0271,G03,holdout_G03,test
G03_R0272,G03,holdout_G03,test
G03_R0273,G03,holdout_G03,test
G03_R0274,G03,holdout_G03,test
G03_R0275,G03,holdout_G03,test
G03_R0276,G03,holdout_G03,test
G03_R0277,G03,holdout_G03,test
G03_R0278,G03,holdout_G03,test
G03_R0279,G03,holdout_G03,test
G03_R0280,G03,holdout_G03,test
G03_R0281,G03,holdout_G03,test
G03_R0282,G03,holdout_G03,test
G03_R0283,G03,holdout_G03,test
G03_R0284,G03,holdout_G03,test
G03_R0285,G03,holdout_G03,test
G03_R0286,G03,holdout_G03,test
G03_R0287,G03,holdout_G03,test
G03_R0288,G03,holdout_G03,test
G03_R0289,G03,holdout_G03,test
G03_R0290,G03,holdout_G03,test
G03_R0291,G03,holdout_G03,test
G03_R0292,G03,holdout_G03,test
G03_R0293,G03,holdout_G03,test
G03_R0294,G03,holdout_G03,test
G03_R0295,G03,holdout_G03,test
G03_R0296,G03,holdout_G03,test
G03_R0297,G03,holdout_G03,test
G03_R0298,G03,holdout_G03,test
G03_R0299,G03,holdout_G03,test
G03_R0300,G03,holdout_G03,test
G03_R0301,G03,holdout_G03,test
G03_R0302,G03,holdout_G03,test
G03_R0303,G03,holdout_G03,test
G03_R0304,G03,holdout_G03,test
G03_R0305,G03,holdout_G03,test
G03_R0306,G03,holdout_G03,test
G03_R0307,G03,holdout_G03,test
G03_R0308,G03,holdout_G03,test
G03_R0309,G03,holdout_G03,test
G03_R0310,G03,holdout_G03,test
G03_R0311,G03,holdout_G03,test
G03_R0312,G03,holdout_G03,test
G03_R0313,G03,holdout_G03,test
G03_R0314,G03,holdout_G03,test
G03_R0315,G03,holdout_G03,test
G03_R0316,G03,holdout_G03,test
G03_R0317,G03,holdout_G03,test
G03_R0318,G03,holdout_G03,test
G03_R0319,G03,holdout_G03,test
G03_R0320,G03,holdout_G03,test
G03_R0321,G03,holdout_G03,test
G03_R0322,G03,holdout_G03,test
G03_R0323,G03,holdout_G03,test
G03_R0324,G03,holdout_G03,test
G03_R0325,G03,holdout_G03,test
G03_R0326,G03,holdout_G03,test
G03_R0327,G03,holdout_G03,test
G03_R0328,G03,holdout_G03,test
G03_R0329,G03,holdout_G03,test
G03_R0330,G03,holdout_G03,test
G03_R0331,G03,holdout_G03,test
G03_R0332,G03,holdout_G03,test
G03_R0333,G03,holdout_G03,test
G03_R0334,G03,holdout_G03,test
G03_R0335,G03,holdout_G03,test
G03_R0336,G03,holdout_G03,test
G03_R0337,G03,holdout_G03,test
G03_R0338,G03,holdout_G03,test
G03_R0339,G03,holdout_G03,test
G03_R0340,G03,holdout_G03,test
G03_R0341,G03,holdout_G03,test
G03_R0342,G03,holdout_G03,test
G03_R0343,G03,holdout_G03,test
G03_R0344,G03,holdout_G03,test
G03_R0345,G03,holdout_G03,test
G03_R0346,G03,holdout_G03,test
G03_R0347,G03,holdout_G03,test
G03_R0348,G03,holdout_G03,test
G03_R0349,G03,holdout_G03,test
G03_R0350,G03,holdout_G03,test
G03_R0351,G03,holdout_G03,test
G03_R0352,G03,holdout_G03,test
G03_R0353,G03,holdout_G03,test
G03_R0354,G03,holdout_G03,test
G03_R0355,G03,holdout_G03,test
G03_R0356,G03,holdout_G03,test
G03_R0357,G03,holdout_G03,test
G03_R0358,G03,holdout_G03,test
G03_R0359,G03,holdout_G03,test
G03_R0360,G03,holdout_G03,test
G03_R0361,G03,holdout_G03,test
G03_R0362,G03,holdout_G03,test
G03_R0363,G03,holdout_G03,test
G03_R0364,G03,holdout_G03,test
G03_R0365,G03,holdout_G03,test
G03_R0366,G03,holdout_G03,test
G03_R0367,G03,holdout_G03,test
G03_R0368,G03,holdout_G03,test
G03_R0369,G03,holdout_G03,test
G03_R0370,G03,holdout_G03,test
G03_R0371,G03,holdout_G03,test
G03_R0372,G03,holdout_G03,test
G03_R0373,G03,holdout_G03,test
G03_R0374,G03,holdout_G03,test
G03_R0375,G03,holdout_G03,test
G03_R0376,G03,holdout_G03,test
G03_R0377,G03,holdout_G03,test
G03_R0378,G03,holdout_G03,test
G03_R0379,G03,holdout_G03,test
G03_R0380,G03,holdout_G03,test
G03_R0381,G03,holdout_G03,test
G03_R0382,G03,holdout_G03,test
G03_R0383,G03,holdout_G03,test
G03_R0384,G03,holdout_G03,test
G03_R0385,G03,holdout_G03,test
G03_R0386,G03,holdout_G03,test
G03_R0387,G03,holdout_G03,test
G03_R0388,G03,holdout_G03,test
G03_R0389,G03,holdout_G03,test
G03_R0390,G03,holdout_G03,test
G03_R0391,G03,holdout_G03,test
G03_R0392,G03,holdout_G03,test
G03_R0393,G03,holdout_G03,test
G03_R0394,G03,holdout_G03,test
G03_R0395,G03,holdout_G03,test
G03_R0396,G03,holdout_G03,test
G03_R0397,G03,holdout_G03,test
G03_R0398,G03,holdout_G03,test
G03_R0399,G03,holdout_G03,test
G03_R0400,G03,holdout_G03,test
G03_R0401,G03,holdout_G03,test
G03_R0402,G03,holdout_G03,test
G03_R0403,G03,holdout_G03,test
G03_R0404,G03,holdout_G03,test
G03_R0405,G03,holdout_G03,test
G03_R0406,G03,holdout_G03,test
G03_R0407,G03,holdout_G03,test
G03_R0408,G03,holdout_G03,test
G03_R0409,G03,holdout_G03,test
G03_R0410,G03,holdout_G03,test
G03_R0411,G03,holdout_G03,test
G03_R0412,G03,holdout_G03,test
G03_R0413,G03,holdout_G03,test
G03_R0414,G03,holdout_G03,test
G03_R0415,G03,holdout_G03,test
G03_R0416,G03,holdout_G03,test
G03_R0417,G03,holdout_G03,test
G03_R0418,G03,holdout_G03,test
G03_R0419,G03,holdout_G03,test
G03_R0420,G03,holdout_G03,test
G03_R0421,G03,holdout_G03,test
G03_R0422,G03,holdout_G03,test
G03_R0423,G03,holdout_G03,test
G03_R0424,G03,holdout_G03,test
G03_R0425,G03,holdout_G03,test
G03_R0426,G03,holdout_G03,test
G03_R0427,G03,holdout_G03,test
G03_R0428,G03,holdout_G03,test
G03_R0429,G03,holdout_G03,test
G03_R0430,G03,holdout_G03,test
G03_R0431,G03,holdout_G03,test
G03_R0432,G03,holdout_G03,test
G03_R0433,G03,holdout_G03,test
G03_R0434,G03,holdout_G03,test
G03_R0435,G03,holdout_G03,test
G03_R0436,G03,holdout_G03,test
G03_R0437,G03,holdout_G03,test
G03_R0438,G03,holdout_G03,test
G03_R0439,G03,holdout_G03,test
G03_R0440,G03,holdout_G03,test
G03_R0441,G03,holdout_G03,test
G03_R0442,G03,holdout_G03,test
G03_R0443,G03,holdout_G03,test
G03_R0444,G03,holdout_G03,test
G03_R0445,G03,holdout_G03,test
G03_R0446,G03,holdout_G03,test
G03_R0447,G03,holdout_G03,test
G03_R0448,G03,holdout_G03,test
G03_R0449,G03,holdout_G03,test
G03_R0450,G03,holdout_G03,test
G03_R0451,G03,holdout_G03,test
G03_R0452,G03,holdout_G03,test
G03_R0453,G03,holdout_G03,test
G03_R0454,G03,holdout_G03,test
G03_R0455,G03,holdout_G03,test
G03_R0456,G03,holdout_G03,test
G03_R0457,G03,holdout_G03,test
G03_R0458,G03,holdout_G03,test
G03_R0459,G03,holdout_G03,test
G03_R0460,G03,holdout_G03,test
G03_R0461,G03,holdout_G03,test
G03_R0462,G03,holdout_G03,test
G03_R0463,G03,holdout_G03,test
G03_R0464,G03,holdout_G03,test
G03_R0465,G03,holdout_G03,test
G03_R0466,G03,holdout_G03,test
G03_R0467,G03,holdout_G03,test
G03_R0468,G03,holdout_G03,test
G03_R0469,G03,holdout_G03,test
G03_R0470,G03,holdout_G03,test
G03_R0471,G03,holdout_G03,test
G03_R0472,G03,holdout_G03,test
G03_R0473,G03,holdout_G03,test
G03_R0474,G03,holdout_G03,test
G03_R0475,G03,holdout_G03,test
G03_R0476,G03,holdout_G03,test
G03_R0477,G03,holdout_G03,test
G03_R0478,G03,holdout_G03,test
G03_R0479,G03,holdout_G03,test
G03_R0480,G03,holdout_G03,test
G03_R0481,G03,holdout_G03,test
G03_R0482,G03,holdout_G03,test
G03_R0483,G03,holdout_G03,test
G03_R0484,G03,holdout_G03,test
G03_R0485,G03,holdout_G03,test
G03_R0486,G03,holdout_G03,test
G03_R0487,G03,holdout_G03,test
G03_R0488,G03,holdout_G03,test
G03_R0489,G03,holdout_G03,test
G03_R0490,G03,holdout_G03,test
G03_R0491,G03,holdout_G03,test
G03_R0492,G03,holdout_G03,test
G03_R0493,G03,holdout_G03,test
G03_R0494,G03,holdout_G03,test
G03_R0495,G03,holdout_G03,test
G03_R0496,G03,holdout_G03,test
G03_R0497,G03,holdout_G03,test
G03_R0498,G03,holdout_G03,test
G03_R0499,G03,holdout_G03,test
G03_R0500,G03,holdout_G03,test
G03_R0501,G03,holdout_G03,test
G03_R0502,G03,holdout_G03,test
G03_R0503,G03,holdout_G03,test
G03_R0504,G03,holdout_G03,test
G03_R0505,G03,holdout_G03,test
G03_R0506,G03,holdout_G03,test
G03_R0507,G03,holdout_G03,test
G03_R0508,G03,holdout_G03,test
G03_R0509,G03,holdout_G03,test
G03_R0510,G03,holdout_G03,test
G03_R0511,G03,holdout_G03,test
G03_R0512,G03,holdout_G03,test
G03_R0513,G03,holdout_G03,test
G03_R0514,G03,holdout_G03,test
G03_R0515,G03,holdout_G03,test
G03_R0516,G03,holdout_G03,test
G03_R0517,G03,holdout_G03,test
G03_R0518,G03,holdout_G03,test
G03_R0519,G03,holdout_G03,test
G03_R0520,G03,holdout_G03,test
G03_R0521,G03,holdout_G03,test
G03_R0522,G03,holdout_G03,test
G03_R0523,G03,holdout_G03,test
G03_R0524,G03,holdout_G03,test
G03_R0525,G03,holdout_G03,test
G03_R0526,G03,holdout_G03,test
G03_R0527,G03,holdout_G03,test
G03_R0528,G03,holdout_G03,test
G03_R0529,G03,holdout_G03,test
G03_R0530,G03,holdout_G03,test
G03_R0531,G03,holdout_G03,test
G03_R0532,G03,holdout_G03,test
G03_R0533,G03,holdout_G03,test
G03_R0534,G03,holdout_G03,test
G03_R0535,G03,holdout_G03,test
G03_R0536,G03,holdout_G03,test
G03_R0537,G03,holdout_G03,test
G03_R0538,G03,holdout_G03,test
G03_R0539,G03,holdout_G03,test
G03_R0540,G03,holdout_G03,test
G03_R0541,G03,holdout_G03,test
G03_R0542,G03,holdout_G03,test
G03_R0543,G03,holdout_G03,test
G03_R0544,G03,holdout_G03,test
G03_R0545,G03,holdout_G03,test
G03_R0546,G03,holdout_G03,test
G03_R0547,G03,holdout_G03,test
G03_R0548,G03,holdout_G03,test
G03_R0549,G03,holdout_G03,test
G03_R0550,G03,holdout_G03,test
G03_R0551,G03,holdout_G03,test
G03_R0552,G03,holdout_G03,test
G03_R0553,G03,holdout_G03,test
G03_R0554,G03,holdout_G03,test
G03_R0555,G03,holdout_G03,test
G03_R0556,G03,holdout_G03,test
G03_R0557,G03,holdout_G03,test
G03_R0558,G03,holdout_G03,test
G03_R0559,G03,holdout_G03,test
G03_R0560,G03,holdout_G03,test
G03_R0561,G03,holdout_G03,test
G03_R0562,G03,holdout_G03,test
G03_R0563,G03,holdout_G03,test
G03_R0564,G03,holdout_G03,test
G03_R0565,G03,holdout_G03,test
G03_R0566,G03,holdout_G03,test
G03_R0567,G03,holdout_G03,test
G03_R0568,G03,holdout_G03,test
G03_R0569,G03,holdout_G03,test
G03_R0570,G03,holdout_G03,test
G03_R0571,G03,holdout_G03,test
G03_R0572,G03,holdout_G03,test
G03_R0573,G03,holdout_G03,test
G03_R0574,G03,holdout_G03,test
G03_R0575,G03,holdout_G03,test
G03_R0576,G03,holdout_G03,test
G03_R0577,G03,holdout_G03,test
G03_R0578,G03,holdout_G03,test
G03_R0579,G03,holdout_G03,test
G03_R0580,G03,holdout_G03,test
G03_R0581,G03,holdout_G03,test
G03_R0582,G03,holdout_G03,test
G03_R0583,G03,holdout_G03,test
G03_R0584,G03,holdout_G03,test
G03_R0585,G03,holdout_G03,test
G03_R0586,G03,holdout_G03,test
G03_R0587,G03,holdout_G03,test
G03_R0588,G03,holdout_G03,test
G03_R0589,G03,holdout_G03,test
G03_R0590,G03,holdout_G03,test
G03_R0591,G03,holdout_G03,test
G03_R0592,G03,holdout_G03,test
G03_R0593,G03,holdout_G03,test
G03_R0594,G03,holdout_G03,test
G03_R0595,G03,holdout_G03,test
G03_R0596,G03,holdout_G03,test
G03_R0597,G03,holdout_G03,test
G03_R0598,G03,holdout_G03,test
G03_R0599,G03,holdout_G03,test
G03_R0600,G03,holdout_G03,test
G03_R0601,G03,holdout_G03,test
G03_R0602,G03,holdout_G03,test
G03_R0603,G03,holdout_G03,test
G03_R0604,G03,holdout_G03,test
G03_R0605,G03,holdout_G03,test
G03_R0606,G03,holdout_G03,test
G03_R0607,G03,holdout_G03,test
G03_R0608,G03,holdout_G03,test
G03_R0609,G03,holdout_G03,test
G03_R0610,G03,holdout_G03,test
G03_R0611,G03,holdout_G03,test
G03_R0612,G03,holdout_G03,test
G03_R0613,G03,holdout_G03,test
G03_R0614,G03,holdout_G03,test
G03_R0615,G03,holdout_G03,test
G03_R0616,G03,holdout_G03,test
G03_R0617,G03,holdout_G03,test
G03_R0618,G03,holdout_G03,test
G03_R0619,G03,holdout_G03,test
G03_R0620,G03,holdout_G03,test
G03_R0621,G03,holdout_G03,test
G03_R0622,G03,holdout_G03,test
G03_R0623,G03,holdout_G03,test
G03_R0624,G03,holdout_G03,test
G03_R0625,G03,holdout_G03,test
G03_R0626,G03,holdout_G03,test
G03_R0627,G03,holdout_G03,test
G03_R0628,G03,holdout_G03,test
G03_R0629,G03,holdout_G03,test
G03_R0630,G03,holdout_G03,test
G03_R0631,G03,holdout_G03,test
G03_R0632,G03,holdout_G03,test
G03_R0633,G03,holdout_G03,test
G03_R0634,G03,holdout_G03,test
G03_R0635,G03,holdout_G03,test
G03_R0636,G03,holdout_G03,test
G03_R0637,G03,holdout_G03,test
G03_R0638,G03,holdout_G03,test
G03_R0639,G03,holdout_G03,test
G03_R0640,G03,holdout_G03,test
G03_R0641,G03,holdout_G03,test
G03_R0642,G03,holdout_G03,test
G03_R0643,G03,holdout_G03,test
G03_R0644,G03,holdout_G03,test
G03_R0645,G03,holdout_G03,test
G03_R0646,G03,holdout_G03,test
G03_R0647,G03,holdout_G03,test
G03_R0648,G03,holdout_G03,test
G03_R0649,G03,holdout_G03,test
G03_R0650,G03,holdout_G03,test
G03_R0651,G03,holdout_G03,test
G03_R0652,G03,holdout_G03,test
G03_R0653,G03,holdout_G03,test
G03_R0654,G03,holdout_G03,test
G03_R0655,G03,holdout_G03,test
G03_R0656,G03,holdout_G03,test
G03_R0657,G03,holdout_G03,test
G03_R0658,G03,holdout_G03,test
G03_R0659,G03,holdout_G03,test
G03_R0660,G03,holdout_G03,test
G03_R0661,G03,holdout_G03,test
G03_R0662,G03,holdout_G03,test
G03_R0663,G03,holdout_G03,test
G03_R0664,G03,holdout_G03,test
G03_R0665,G03,holdout_G03,test
G03_R0666,G03,holdout_G03,test
G03_R0667,G03,holdout_G03,test
G03_R0668,G03,holdout_G03,test
G03_R0669,G03,holdout_G03,test
G03_R0670,G03,holdout_G03,test
G03_R0671,G03,holdout_G03,test
G03_R0672,G03,holdout_G03,test
G03_R0673,G03,holdout_G03,test
G03_R0674,G03,holdout_G03,test
G03_R0675,G03,holdout_G03,test
G03_R0676,G03,holdout_G03,test
G03_R0677,G03,holdout_G03,test
G03_R0678,G03,holdout_G03,test
G03_R0679,G03,holdout_G03,test
G03_R0680,G03,holdout_G03,test
G03_R0681,G03,holdout_G03,test
G03_R0682,G03,holdout_G03,test
G03_R0683,G03,holdout_G03,test
G03_R0684,G03,holdout_G03,test
G03_R0685,G03,holdout_G03,test
G03_R0686,G03,holdout_G03,test
G03_R0687,G03,holdout_G03,test
G03_R0688,G03,holdout_G03,test
G03_R0689,G03,holdout_G03,test
G03_R0690,G03,holdout_G03,test
G03_R0691,G03,holdout_G03,test
G03_R0692,G03,holdout_G03,test
G03_R0693,G03,holdout_G03,test
G03_R0694,G03,holdout_G03,test
G03_R0695,G03,holdout_G03,test
G03_R0696,G03,holdout_G03,test
G03_R0697,G03,holdout_G03,test
G03_R0698,G03,holdout_G03,test
G03_R0699,G03,holdout_G03,test
G03_R0700,G03,holdout_G03,test
G03_R0701,G03,holdout_G03,test
G03_R0702,G03,holdout_G03,test
G03_R0703,G03,holdout_G03,test
G03_R0704,G03,holdout_G03,test
G03_R0705,G03,holdout_G03,test
G03_R0706,G03,holdout_G03,test
G03_R0707,G03,holdout_G03,test
G03_R0708,G03,holdout_G03,test
G03_R0709,G03,holdout_G03,test
G03_R0710,G03,holdout_G03,test
G03_R0711,G03,holdout_G03,test
G03_R0712,G03,holdout_G03,test
G03_R0713,G03,holdout_G03,test
G03_R0714,G03,holdout_G03,test
G03_R0715,G03,holdout_G03,test
G03_R0716,G03,holdout_G03,test
G03_R0717,G03,holdout_G03,test
G03_R0718,G03,holdout_G03,test
G03_R0719,G03,holdout_G03,test
G03_R0720,G03,holdout_G03,test
G03_R0721,G03,holdout_G03,test
G03_R0722,G03,holdout_G03,test
G03_R0723,G03,holdout_G03,test
G03_R0724,G03,holdout_G03,test
G03_R0725,G03,holdout_G03,test
G03_R0726,G03,holdout_G03,test
G03_R0727,G03,holdout_G03,test
G03_R0728,G03,holdout_G03,test
G03_R0729,G03,holdout_G03,test
G03_R0730,G03,holdout_G03,test
G03_R0731,G03,holdout_G03,test
G03_R0732,G03,holdout_G03,test
G03_R0733,G03,holdout_G03,test
G03_R0734,G03,holdout_G03,test
G03_R0735,G03,holdout_G03,test
G03_R0736,G03,holdout_G03,test
G03_R0737,G03,holdout_G03,test
G03_R0738,G03,holdout_G03,test
G03_R0739,G03,holdout_G03,test
G03_R0740,G03,holdout_G03,test
G03_R0741,G03,holdout_G03,test
G03_R0742,G03,holdout_G03,test
G03_R0743,G03,holdout_G03,test
G03_R0744,G03,holdout_G03,test
G03_R0745,G03,holdout_G03,test
G03_R0746,G03,holdout_G03,test
G03_R0747,G03,holdout_G03,test
G03_R0748,G03,holdout_G03,test
G03_R0749,G03,holdout_G03,test
G03_R0750,G03,holdout_G03,test
G03_R0751,G03,holdout_G03,test
G03_R0752,G03,holdout_G03,test
G03_R0753,G03,holdout_G03,test
G03_R0754,G03,holdout_G03,test
G03_R0755,G03,holdout_G03,test
G03_R0756,G03,holdout_G03,test
G03_R0757,G03,holdout_G03,test
G03_R0758,G03,holdout_G03,test
G03_R0759,G03,holdout_G03,test
G03_R0760,G03,holdout_G03,test
G03_R0761,G03,holdout_G03,test
G03_R0762,G03,holdout_G03,test
G03_R0763,G03,holdout_G03,test
G03_R0764,G03,holdout_G03,test
G03_R0765,G03,holdout_G03,test
G03_R0766,G03,holdout_G03,test
G03_R0767,G03,holdout_G03,test
G03_R0768,G03,holdout_G03,test
G04_R0001,G04,holdout_G03,train
G04_R0002,G04,holdout_G03,train
G04_R0003,G04,holdout_G03,train
G04_R0004,G04,holdout_G03,train
G04_R0005,G04,holdout_G03,train
G04_R0006,G04,holdout_G03,train
G04_R0007,G04,holdout_G03,train
G04_R0008,G04,holdout_G03,train
G04_R0009,G04,holdout_G03,train
G04_R0010,G04,holdout_G03,train
G04_R0011,G04,holdout_G03,train
G04_R0012,G04,holdout_G03,train
G04_R0013,G04,holdout_G03,train
G04_R0014,G04,holdout_G03,train
G04_R0015,G04,holdout_G03,train
G04_R0016,G04,holdout_G03,train
G04_R0017,G04,holdout_G03,train
G04_R0018,G04,holdout_G03,train
G04_R0019,G04,holdout_G03,train
G04_R0020,G04,holdout_G03,train
G04_R0021,G04,holdout_G03,train
G04_R0022,G04,holdout_G03,train
G04_R0023,G04,holdout_G03,train
G04_R0024,G04,holdout_G03,train
G04_R0025,G04,holdout_G03,train
G04_R0026,G04,holdout_G03,train
G04_R0027,G04,holdout_G03,train
G04_R0028,G04,holdout_G03,train
G04_R0029,G04,holdout_G03,train
G04_R0030,G04,holdout_G03,train
G04_R0031,G04,holdout_G03,train
G04_R0032,G04,holdout_G03,train
G04_R0033,G04,holdout_G03,train
G04_R0034,G04,holdout_G03,train
G04_R0035,G04,holdout_G03,train
G04_R0036,G04,holdout_G03,train
G04_R0037,G04,holdout_G03,train
G04_R0038,G04,holdout_G03,train
G04_R0039,G04,holdout_G03,train
G04_R0040,G04,holdout_G03,train
G04_R0041,G04,holdout_G03,train
G04_R0042,G04,holdout_G03,train
G04_R0043,G04,holdout_G03,train
G04_R0044,G04,holdout_G03,train
G04_R0045,G04,holdout_G03,train
G04_R0046,G04,holdout_G03,train
G04_R0047,G04,holdout_G03,train
G04_R0048,G04,holdout_G03,train
G04_R0049,G04,holdout_G03,train
G04_R0050,G04,holdout_G03,train
G04_R0051,G04,holdout_G03,train
G04_R0052,G04,holdout_G03,train
G04_R0053,G04,holdout_G03,train
G04_R0054,G04,holdout_G03,train
G04_R0055,G04,holdout_G03,train
G04_R0056,G04,holdout_G03,train
G04_R0057,G04,holdout_G03,train
G04_R0058,G04,holdout_G03,train
G04_R0059,G04,holdout_G03,train
G04_R0060,G04,holdout_G03,train
G04_R0061,G04,holdout_G03,train
G04_R0062,G04,holdout_G03,train
G04_R0063,G04,holdout_G03,train
G04_R0064,G04,holdout_G03,train
G04_R0065,G04,holdout_G03,train
G04_R0066,G04,holdout_G03,train
G04_R0067,G04,holdout_G03,train
G04_R0068,G04,holdout_G03,train
G04_R0069,G04,holdout_G03,train
G04_R0070,G04,holdout_G03,train
G04_R0071,G04,holdout_G03,train
G04_R0072,G04,holdout_G03,train
G04_R0073,G04,holdout_G03,train
G04_R0074,G04,holdout_G03,train
G04_R0075,G04,holdout_G03,train
G04_R0076,G04,holdout_G03,train
G04_R0077,G04,holdout_G03,train
G04_R0078,G04,holdout_G03,train
G04_R0079,G04,holdout_G03,train
G04_R0080,G04,holdout_G03,train
G04_R0081,G04,holdout_G03,train
G04_R0082,G04,holdout_G03,train
G04_R0083,G04,holdout_G03,train
G04_R0084,G04,holdout_G03,train
G04_R0085,G04,holdout_G03,train
G04_R0086,G04,holdout_G03,train
G04_R0087,G04,holdout_G03,train
G04_R0088,G04,holdout_G03,train
G04_R0089,G04,holdout_G03,train
G04_R0090,G04,holdout_G03,train
G04_R0091,G04,holdout_G03,train
G04_R0092,G04,holdout_G03,train
G04_R0093,G04,holdout_G03,train
G04_R0094,G04,holdout_G03,train
G04_R0095,G04,holdout_G03,train
G04_R0096,G04,holdout_G03,train
G04_R0097,G04,holdout_G03,train
G04_R0098,G04,holdout_G03,train
G04_R0099,G04,holdout_G03,train
G04_R0100,G04,holdout_G03,train
G04_R0101,G04,holdout_G03,train
G04_R0102,G04,holdout_G03,train
G04_R0103,G04,holdout_G03,train
G04_R0104,G04,holdout_G03,train
G04_R0105,G04,holdout_G03,train
G04_R0106,G04,holdout_G03,train
G04_R0107,G04,holdout_G03,train
G04_R0108,G04,holdout_G03,train
G04_R0109,G04,holdout_G03,train
G04_R0110,G04,holdout_G03,train
G04_R0111,G04,holdout_G03,train
G04_R0112,G04,holdout_G03,train
G04_R0113,G04,holdout_G03,train
G04_R0114,G04,holdout_G03,train
G04_R0115,G04,holdout_G03,train
G04_R0116,G04,holdout_G03,train
G04_R0117,G04,holdout_G03,train
G04_R0118,G04,holdout_G03,train
G04_R0119,G04,holdout_G03,train
G04_R0120,G04,holdout_G03,train
G04_R0121,G04,holdout_G03,train
G04_R0122,G04,holdout_G03,train
G04_R0123,G04,holdout_G03,train
G04_R0124,G04,holdout_G03,train
G04_R0125,G04,holdout_G03,train
G04_R0126,G04,holdout_G03,train
G04_R0127,G04,holdout_G03,train
G04_R0128,G04,holdout_G03,train
G04_R0129,G04,holdout_G03,train
G04_R0130,G04,holdout_G03,train
G04_R0131,G04,holdout_G03,train
G04_R0132,G04,holdout_G03,train
G04_R0133,G04,holdout_G03,train
G04_R0134,G04,holdout_G03,train
G04_R0135,G04,holdout_G03,train
G04_R0136,G04,holdout_G03,train
G04_R0137,G04,holdout_G03,train
G04_R0138,G04,holdout_G03,train
G04_R0139,G04,holdout_G03,train
G04_R0140,G04,holdout_G03,train
G04_R0141,G04,holdout_G03,train
G04_R0142,G04,holdout_G03,train
G04_R0143,G04,holdout_G03,train
G04_R0144,G04,holdout_G03,train
G04_R0145,G04,holdout_G03,train
G04_R0146,G04,holdout_G03,train
G04_R0147,G04,holdout_G03,train
G04_R0148,G04,holdout_G03,train
G04_R0149,G04,holdout_G03,train
G04_R0150,G04,holdout_G03,train
G04_R0151,G04,holdout_G03,train
G04_R0152,G04,holdout_G03,train
G04_R0153,G04,holdout_G03,train
G04_R0154,G04,holdout_G03,train
G04_R0155,G04,holdout_G03,train
G04_R0156,G04,holdout_G03,train
G04_R0157,G04,holdout_G03,train
G04_R0158,G04,holdout_G03,train
G04_R0159,G04,holdout_G03,train
G04_R0160,G04,holdout_G03,train
G04_R0161,G04,holdout_G03,train
G04_R0162,G04,holdout_G03,train
G04_R0163,G04,holdout_G03,train
G04_R0164,G04,holdout_G03,train
G04_R0165,G04,holdout_G03,train
G04_R0166,G04,holdout_G03,train
G04_R0167,G04,holdout_G03,train
G04_R0168,G04,holdout_G03,train
G04_R0169,G04,holdout_G03,train
G04_R0170,G04,holdout_G03,train
G04_R0171,G04,holdout_G03,train
G04_R0172,G04,holdout_G03,train
G04_R0173,G04,holdout_G03,train
G04_R0174,G04,holdout_G03,train
G04_R0175,G04,holdout_G03,train
G04_R0176,G04,holdout_G03,train
G04_R0177,G04,holdout_G03,train
G04_R0178,G04,holdout_G03,train
G04_R0179,G04,holdout_G03,train
G04_R0180,G04,holdout_G03,train
G04_R0181,G04,holdout_G03,train
G04_R0182,G04,holdout_G03,train
G04_R0183,G04,holdout_G03,train
G04_R0184,G04,holdout_G03,train
G04_R0185,G04,holdout_G03,train
G04_R0186,G04,holdout_G03,train
G04_R0187,G04,holdout_G03,train
G04_R0188,G04,holdout_G03,train
G04_R0189,G04,holdout_G03,train
G04_R0190,G04,holdout_G03,train
G04_R0191,G04,holdout_G03,train
G04_R0192,G04,holdout_G03,train
G04_R0193,G04,holdout_G03,train
G04_R0194,G04,holdout_G03,train
G04_R0195,G04,holdout_G03,train
G04_R0196,G04,holdout_G03,train
G04_R0197,G04,holdout_G03,train
G04_R0198,G04,holdout_G03,train
G04_R0199,G04,holdout_G03,train
G04_R0200,G04,holdout_G03,train
G04_R0201,G04,holdout_G03,train
G04_R0202,G04,holdout_G03,train
G04_R0203,G04,holdout_G03,train
G04_R0204,G04,holdout_G03,train
G04_R0205,G04,holdout_G03,train
G04_R0206,G04,holdout_G03,train
G04_R0207,G04,holdout_G03,train
G04_R0208,G04,holdout_G03,train
G04_R0209,G04,holdout_G03,train
G04_R0210,G04,holdout_G03,train
G04_R0211,G04,holdout_G03,train
G04_R0212,G04,holdout_G03,train
G04_R0213,G04,holdout_G03,train
G04_R0214,G04,holdout_G03,train
G04_R0215,G04,holdout_G03,train
G04_R0216,G04,holdout_G03,train
G04_R0217,G04,holdout_G03,train
G04_R0218,G04,holdout_G03,train
G04_R0219,G04,holdout_G03,train
G04_R0220,G04,holdout_G03,train
G04_R0221,G04,holdout_G03,train
G04_R0222,G04,holdout_G03,train
G04_R0223,G04,holdout_G03,train
G04_R0224,G04,holdout_G03,train
G04_R0225,G04,holdout_G03,train
G04_R0226,G04,holdout_G03,train
G04_R0227,G04,holdout_G03,train
G04_R0228,G04,holdout_G03,train
G04_R0229,G04,holdout_G03,train
G04_R0230,G04,holdout_G03,train
G04_R0231,G04,holdout_G03,train
G04_R0232,G04,holdout_G03,train
G04_R0233,G04,holdout_G03,train
G04_R0234,G04,holdout_G03,train
G04_R0235,G04,holdout_G03,train
G04_R0236,G04,holdout_G03,train
G04_R0237,G04,holdout_G03,train
G04_R0238,G04,holdout_G03,train
G04_R0239,G04,holdout_G03,train
G04_R0240,G04,holdout_G03,train
G04_R0241,G04,holdout_G03,train
G04_R0242,G04,holdout_G03,train
G04_R0243,G04,holdout_G03,train
G04_R0244,G04,holdout_G03,train
G04_R0245,G04,holdout_G03,train
G04_R0246,G04,holdout_G03,train
G04_R0247,G04,holdout_G03,train
G04_R0248,G04,holdout_G03,train
G04_R0249,G04,holdout_G03,train
G04_R0250,G04,holdout_G03,train
G04_R0251,G04,holdout_G03,train
G04_R0252,G04,holdout_G03,train
G04_R0253,G04,holdout_G03,train
G04_R0254,G04,holdout_G03,train
G04_R0255,G04,holdout_G03,train
G04_R0256,G04,holdout_G03,train
G04_R0257,G04,holdout_G03,train
G04_R0258,G04,holdout_G03,train
G04_R0259,G04,holdout_G03,train
G04_R0260,G04,holdout_G03,train
G04_R0261,G04,holdout_G03,train
G04_R0262,G04,holdout_G03,train
G04_R0263,G04,holdout_G03,train
G04_R0264,G04,holdout_G03,train
G04_R0265,G04,holdout_G03,train
G04_R0266,G04,holdout_G03,train
G04_R0267,G04,holdout_G03,train
G04_R0268,G04,holdout_G03,train
G04_R0269,G04,holdout_G03,train
G04_R0270,G04,holdout_G03,train
G04_R0271,G04,holdout_G03,train
G04_R0272,G04,holdout_G03,train
G04_R0273,G04,holdout_G03,train
G04_R0274,G04,holdout_G03,train
G04_R0275,G04,holdout_G03,train
G04_R0276,G04,holdout_G03,train
G04_R0277,G04,holdout_G03,train
G04_R0278,G04,holdout_G03,train
G04_R0279,G04,holdout_G03,train
G04_R0280,G04,holdout_G03,train
G04_R0281,G04,holdout_G03,train
G04_R0282,G04,holdout_G03,train
G04_R0283,G04,holdout_G03,train
G04_R0284,G04,holdout_G03,train
G04_R0285,G04,holdout_G03,train
G04_R0286,G04,holdout_G03,train
G04_R0287,G04,holdout_G03,train
G04_R0288,G04,holdout_G03,train
G04_R0289,G04,holdout_G03,train
G04_R0290,G04,holdout_G03,train
G04_R0291,G04,holdout_G03,train
G04_R0292,G04,holdout_G03,train
G04_R0293,G04,holdout_G03,train
G04_R0294,G04,holdout_G03,train
G04_R0295,G04,holdout_G03,train
G04_R0296,G04,holdout_G03,train
G04_R0297,G04,holdout_G03,train
G04_R0298,G04,holdout_G03,train
G04_R0299,G04,holdout_G03,train
G04_R0300,G04,holdout_G03,train
G04_R0301,G04,holdout_G03,train
G04_R0302,G04,holdout_G03,train
G04_R0303,G04,holdout_G03,train
G04_R0304,G04,holdout_G03,train
G04_R0305,G04,holdout_G03,train
G04_R0306,G04,holdout_G03,train
G04_R0307,G04,holdout_G03,train
G04_R0308,G04,holdout_G03,train
G04_R0309,G04,holdout_G03,train
G04_R0310,G04,holdout_G03,train
G04_R0311,G04,holdout_G03,train
G04_R0312,G04,holdout_G03,train
G04_R0313,G04,holdout_G03,train
G04_R0314,G04,holdout_G03,train
G04_R0315,G04,holdout_G03,train
G04_R0316,G04,holdout_G03,train
G04_R0317,G04,holdout_G03,train
G04_R0318,G04,holdout_G03,train
G04_R0319,G04,holdout_G03,train
G04_R0320,G04,holdout_G03,train
G04_R0321,G04,holdout_G03,train
G04_R0322,G04,holdout_G03,train
G04_R0323,G04,holdout_G03,train
G04_R0324,G04,holdout_G03,train
G04_R0325,G04,holdout_G03,train
G04_R0326,G04,holdout_G03,train
G04_R0327,G04,holdout_G03,train
G04_R0328,G04,holdout_G03,train
G04_R0329,G04,holdout_G03,train
G04_R0330,G04,holdout_G03,train
G04_R0331,G04,holdout_G03,train
G04_R0332,G04,holdout_G03,train
G04_R0333,G04,holdout_G03,train
G04_R0334,G04,holdout_G03,train
G04_R0335,G04,holdout_G03,train
G04_R0336,G04,holdout_G03,train
G04_R0337,G04,holdout_G03,train
G04_R0338,G04,holdout_G03,train
G04_R0339,G04,holdout_G03,train
G04_R0340,G04,holdout_G03,train
G04_R0341,G04,holdout_G03,train
G04_R0342,G04,holdout_G03,train
G04_R0343,G04,holdout_G03,train
G04_R0344,G04,holdout_G03,train
G04_R0345,G04,holdout_G03,train
G04_R0346,G04,holdout_G03,train
G04_R0347,G04,holdout_G03,train
G04_R0348,G04,holdout_G03,train
G04_R0349,G04,holdout_G03,train
G04_R0350,G04,holdout_G03,train
G04_R0351,G04,holdout_G03,train
G04_R0352,G04,holdout_G03,train
G04_R0353,G04,holdout_G03,train
G04_R0354,G04,holdout_G03,train
G04_R0355,G04,holdout_G03,train
G04_R0356,G04,holdout_G03,train
G04_R0357,G04,holdout_G03,train
G04_R0358,G04,holdout_G03,train
G04_R0359,G04,holdout_G03,train
G04_R0360,G04,holdout_G03,train
G04_R0361,G04,holdout_G03,train
G04_R0362,G04,holdout_G03,train
G04_R0363,G04,holdout_G03,train
G04_R0364,G04,holdout_G03,train
G04_R0365,G04,holdout_G03,train
G04_R0366,G04,holdout_G03,train
G04_R0367,G04,holdout_G03,train
G04_R0368,G04,holdout_G03,train
G04_R0369,G04,holdout_G03,train
G04_R0370,G04,holdout_G03,train
G04_R0371,G04,holdout_G03,train
G04_R0372,G04,holdout_G03,train
G04_R0373,G04,holdout_G03,train
G04_R0374,G04,holdout_G03,train
G04_R0375,G04,holdout_G03,train
G04_R0376,G04,holdout_G03,train
G04_R0377,G04,holdout_G03,train
G04_R0378,G04,holdout_G03,train
G04_R0379,G04,holdout_G03,train
G04_R0380,G04,holdout_G03,train
G04_R0381,G04,holdout_G03,train
G04_R0382,G04,holdout_G03,train
G04_R0383,G04,holdout_G03,train
G04_R0384,G04,holdout_G03,train
G04_R0385,G04,holdout_G03,train
G04_R0386,G04,holdout_G03,train
G04_R0387,G04,holdout_G03,train
G04_R0388,G04,holdout_G03,train
G04_R0389,G04,holdout_G03,train
G04_R0390,G04,holdout_G03,train
G04_R0391,G04,holdout_G03,train
G04_R0392,G04,holdout_G03,train
G04_R0393,G04,holdout_G03,train
G04_R0394,G04,holdout_G03,train
G04_R0395,G04,holdout_G03,train
G04_R0396,G04,holdout_G03,train
G04_R0397,G04,holdout_G03,train
G04_R0398,G04,holdout_G03,train
G04_R0399,G04,holdout_G03,train
G04_R0400,G04,holdout_G03,train
G04_R0401,G04,holdout_G03,train
G04_R0402,G04,holdout_G03,train
G04_R0403,G04,holdout_G03,train
G04_R0404,G04,holdout_G03,train
G04_R0405,G04,holdout_G03,train
G04_R0406,G04,holdout_G03,train
G04_R0407,G04,holdout_G03,train
G04_R0408,G04,holdout_G03,train
G04_R0409,G04,holdout_G03,train
G04_R0410,G04,holdout_G03,train
G04_R0411,G04,holdout_G03,train
G04_R0412,G04,holdout_G03,train
G04_R0413,G04,holdout_G03,train
G04_R0414,G04,holdout_G03,train
G04_R0415,G04,holdout_G03,train
G04_R0416,G04,holdout_G03,train
G04_R0417,G04,holdout_G03,train
G04_R0418,G04,holdout_G03,train
G04_R0419,G04,holdout_G03,train
G04_R0420,G04,holdout_G03,train
G04_R0421,G04,holdout_G03,train
G04_R0422,G04,holdout_G03,train
G04_R0423,G04,holdout_G03,train
G04_R0424,G04,holdout_G03,train
G04_R0425,G04,holdout_G03,train
G04_R0426,G04,holdout_G03,train
G04_R0427,G04,holdout_G03,train
G04_R0428,G04,holdout_G03,train
G04_R0429,G04,holdout_G03,train
G04_R0430,G04,holdout_G03,train
G04_R0431,G04,holdout_G03,train
G04_R0432,G04,holdout_G03,train
G04_R0433,G04,holdout_G03,train
G04_R0434,G04,holdout_G03,train
G04_R0435,G04,holdout_G03,train
G04_R0436,G04,holdout_G03,train
G04_R0437,G04,holdout_G03,train
G04_R0438,G04,holdout_G03,train
G04_R0439,G04,holdout_G03,train
G04_R0440,G04,holdout_G03,train
G04_R0441,G04,holdout_G03,train
G04_R0442,G04,holdout_G03,train
G04_R0443,G04,holdout_G03,train
G04_R0444,G04,holdout_G03,train
G04_R0445,G04,holdout_G03,train
G04_R0446,G04,holdout_G03,train
G04_R0447,G04,holdout_G03,train
G04_R0448,G04,holdout_G03,train
G04_R0449,G04,holdout_G03,train
G04_R0450,G04,holdout_G03,train
G04_R0451,G04,holdout_G03,train
G04_R0452,G04,holdout_G03,train
G04_R0453,G04,holdout_G03,train
G04_R0454,G04,holdout_G03,train
G04_R0455,G04,holdout_G03,train
G04_R0456,G04,holdout_G03,train
G04_R0457,G04,holdout_G03,train
G04_R0458,G04,holdout_G03,train
G04_R0459,G04,holdout_G03,train
G04_R0460,G04,holdout_G03,train
G04_R0461,G04,holdout_G03,train
G04_R0462,G04,holdout_G03,train
G04_R0463,G04,holdout_G03,train
G04_R0464,G04,holdout_G03,train
G04_R0465,G04,holdout_G03,train
G04_R0466,G04,holdout_G03,train
G04_R0467,G04,holdout_G03,train
G04_R0468,G04,holdout_G03,train
G04_R0469,G04,holdout_G03,train
G04_R0470,G04,holdout_G03,train
G04_R0471,G04,holdout_G03,train
G04_R0472,G04,holdout_G03,train
G04_R0473,G04,holdout_G03,train
G04_R0474,G04,holdout_G03,train
G04_R0475,G04,holdout_G03,train
G04_R0476,G04,holdout_G03,train
G04_R0477,G04,holdout_G03,train
G04_R0478,G04,holdout_G03,train
G04_R0479,G04,holdout_G03,train
G04_R0480,G04,holdout_G03,train
G04_R0481,G04,holdout_G03,train
G04_R0482,G04,holdout_G03,train
G04_R0483,G04,holdout_G03,train
G04_R0484,G04,holdout_G03,train
G04_R0485,G04,holdout_G03,train
G04_R0486,G04,holdout_G03,train
G04_R0487,G04,holdout_G03,train
G04_R0488,G04,holdout_G03,train
G04_R0489,G04,holdout_G03,train
G04_R0490,G04,holdout_G03,train
G04_R0491,G04,holdout_G03,train
G04_R0492,G04,holdout_G03,train
G04_R0493,G04,holdout_G03,train
G04_R0494,G04,holdout_G03,train
G04_R0495,G04,holdout_G03,train
G04_R0496,G04,holdout_G03,train
G04_R0497,G04,holdout_G03,train
G04_R0498,G04,holdout_G03,train
G04_R0499,G04,holdout_G03,train
G04_R0500,G04,holdout_G03,train
G04_R0501,G04,holdout_G03,train
G04_R0502,G04,holdout_G03,train
G04_R0503,G04,holdout_G03,train
G04_R0504,G04,holdout_G03,train
G04_R0505,G04,holdout_G03,train
G04_R0506,G04,holdout_G03,train
G04_R0507,G04,holdout_G03,train
G04_R0508,G04,holdout_G03,train
G04_R0509,G04,holdout_G03,train
G04_R0510,G04,holdout_G03,train
G04_R0511,G04,holdout_G03,train
G04_R0512,G04,holdout_G03,train
G04_R0513,G04,holdout_G03,train
G04_R0514,G04,holdout_G03,train
G04_R0515,G04,holdout_G03,train
G04_R0516,G04,holdout_G03,train
G04_R0517,G04,holdout_G03,train
G04_R0518,G04,holdout_G03,train
G04_R0519,G04,holdout_G03,train
G04_R0520,G04,holdout_G03,train
G04_R0521,G04,holdout_G03,train
G04_R0522,G04,holdout_G03,train
G04_R0523,G04,holdout_G03,train
G04_R0524,G04,holdout_G03,train
G04_R0525,G04,holdout_G03,train
G04_R0526,G04,holdout_G03,train
G04_R0527,G04,holdout_G03,train
G04_R0528,G04,holdout_G03,train
G04_R0529,G04,holdout_G03,train
G04_R0530,G04,holdout_G03,train
G04_R0531,G04,holdout_G03,train
G04_R0532,G04,holdout_G03,train
G04_R0533,G04,holdout_G03,train
G04_R0534,G04,holdout_G03,train
G04_R0535,G04,holdout_G03,train
G04_R0536,G04,holdout_G03,train
G04_R0537,G04,holdout_G03,train
G04_R0538,G04,holdout_G03,train
G04_R0539,G04,holdout_G03,train
G04_R0540,G04,holdout_G03,train
G04_R0541,G04,holdout_G03,train
G04_R0542,G04,holdout_G03,train
G04_R0543,G04,holdout_G03,train
G04_R0544,G04,holdout_G03,train
G04_R0545,G04,holdout_G03,train
G04_R0546,G04,holdout_G03,train
G04_R0547,G04,holdout_G03,train
G04_R0548,G04,holdout_G03,train
G04_R0549,G04,holdout_G03,train
G04_R0550,G04,holdout_G03,train
G04_R0551,G04,holdout_G03,train
G04_R0552,G04,holdout_G03,train
G04_R0553,G04,holdout_G03,train
G04_R0554,G04,holdout_G03,train
G04_R0555,G04,holdout_G03,train
G04_R0556,G04,holdout_G03,train
G04_R0557,G04,holdout_G03,train
G04_R0558,G04,holdout_G03,train
G04_R0559,G04,holdout_G03,train
G04_R0560,G04,holdout_G03,train
G04_R0561,G04,holdout_G03,train
G04_R0562,G04,holdout_G03,train
G04_R0563,G04,holdout_G03,train
G04_R0564,G04,holdout_G03,train
G04_R0565,G04,holdout_G03,train
G04_R0566,G04,holdout_G03,train
G04_R0567,G04,holdout_G03,train
G04_R0568,G04,holdout_G03,train
G04_R0569,G04,holdout_G03,train
G04_R0570,G04,holdout_G03,train
G04_R0571,G04,holdout_G03,train
G04_R0572,G04,holdout_G03,train
G04_R0573,G04,holdout_G03,train
G04_R0574,G04,holdout_G03,train
G04_R0575,G04,holdout_G03,train
G04_R0576,G04,holdout_G03,train
G04_R0577,G04,holdout_G03,train
G04_R0578,G04,holdout_G03,train
G04_R0579,G04,holdout_G03,train
G04_R0580,G04,holdout_G03,train
G04_R0581,G04,holdout_G03,train
G04_R0582,G04,holdout_G03,train
G04_R0583,G04,holdout_G03,train
G04_R0584,G04,holdout_G03,train
G04_R0585,G04,holdout_G03,train
G04_R0586,G04,holdout_G03,train
G04_R0587,G04,holdout_G03,train
G04_R0588,G04,holdout_G03,train
G04_R0589,G04,holdout_G03,train
G04_R0590,G04,holdout_G03,train
G04_R0591,G04,holdout_G03,train
G04_R0592,G04,holdout_G03,train
G04_R0593,G04,holdout_G03,train
G04_R0594,G04,holdout_G03,train
G04_R0595,G04,holdout_G03,train
G04_R0596,G04,holdout_G03,train
G04_R0597,G04,holdout_G03,train
G04_R0598,G04,holdout_G03,train
G04_R0599,G04,holdout_G03,train
G04_R0600,G04,holdout_G03,train
G04_R0601,G04,holdout_G03,train
G04_R0602,G04,holdout_G03,train
G04_R0603,G04,holdout_G03,train
G04_R0604,G04,holdout_G03,train
G04_R0605,G04,holdout_G03,train
G04_R0606,G04,holdout_G03,train
G04_R0607,G04,holdout_G03,train
G04_R0608,G04,holdout_G03,train
G04_R0609,G04,holdout_G03,train
G04_R0610,G04,holdout_G03,train
G04_R0611,G04,holdout_G03,train
G04_R0612,G04,holdout_G03,train
G04_R0613,G04,holdout_G03,train
G04_R0614,G04,holdout_G03,train
G04_R0615,G04,holdout_G03,train
G04_R0616,G04,holdout_G03,train
G04_R0617,G04,holdout_G03,train
G04_R0618,G04,holdout_G03,train
G04_R0619,G04,holdout_G03,train
G04_R0620,G04,holdout_G03,train
G04_R0621,G04,holdout_G03,train
G04_R0622,G04,holdout_G03,train
G04_R0623,G04,holdout_G03,train
G04_R0624,G04,holdout_G03,train
G04_R0625,G04,holdout_G03,train
G04_R0626,G04,holdout_G03,train
G04_R0627,G04,holdout_G03,train
G04_R0628,G04,holdout_G03,train
G04_R0629,G04,holdout_G03,train
G04_R0630,G04,holdout_G03,train
G04_R0631,G04,holdout_G03,train
G04_R0632,G04,holdout_G03,train
G04_R0633,G04,holdout_G03,train
G04_R0634,G04,holdout_G03,train
G04_R0635,G04,holdout_G03,train
G04_R0636,G04,holdout_G03,train
G04_R0637,G04,holdout_G03,train
G04_R0638,G04,holdout_G03,train
G04_R0639,G04,holdout_G03,train
G04_R0640,G04,holdout_G03,train
G04_R0641,G04,holdout_G03,train
G04_R0642,G04,holdout_G03,train
G04_R0643,G04,holdout_G03,train
G04_R0644,G04,holdout_G03,train
G04_R0645,G04,holdout_G03,train
G04_R0646,G04,holdout_G03,train
G04_R0647,G04,holdout_G03,train
G04_R0648,G04,holdout_G03,train
G04_R0649,G04,holdout_G03,train
G04_R0650,G04,holdout_G03,train
G04_R0651,G04,holdout_G03,train
G04_R0652,G04,holdout_G03,train
G04_R0653,G04,holdout_G03,train
G04_R0654,G04,holdout_G03,train
G04_R0655,G04,holdout_G03,train
G04_R0656,G04,holdout_G03,train
G04_R0657,G04,holdout_G03,train
G04_R0658,G04,holdout_G03,train
G04_R0659,G04,holdout_G03,train
G04_R0660,G04,holdout_G03,train
G04_R0661,G04,holdout_G03,train
G04_R0662,G04,holdout_G03,train
G04_R0663,G04,holdout_G03,train
G04_R0664,G04,holdout_G03,train
G04_R0665,G04,holdout_G03,train
G04_R0666,G04,holdout_G03,train
G04_R0667,G04,holdout_G03,train
G04_R0668,G04,holdout_G03,train
G04_R0669,G04,holdout_G03,train
G04_R0670,G04,holdout_G03,train
G04_R0671,G04,holdout_G03,train
G04_R0672,G04,holdout_G03,train
G04_R0673,G04,holdout_G03,train
G04_R0674,G04,holdout_G03,train
G04_R0675,G04,holdout_G03,train
G04_R0676,G04,holdout_G03,train
G04_R0677,G04,holdout_G03,train
G04_R0678,G04,holdout_G03,train
G04_R0679,G04,holdout_G03,train
G04_R0680,G04,holdout_G03,train
G04_R0681,G04,holdout_G03,train
G04_R0682,G04,holdout_G03,train
G04_R0683,G04,holdout_G03,train
G04_R0684,G04,holdout_G03,train
G04_R0685,G04,holdout_G03,train
G04_R0686,G04,holdout_G03,train
G04_R0687,G04,holdout_G03,train
G04_R0688,G04,holdout_G03,train
G04_R0689,G04,holdout_G03,train
G04_R0690,G04,holdout_G03,train
G04_R0691,G04,holdout_G03,train
G04_R0692,G04,holdout_G03,train
G04_R0693,G04,holdout_G03,train
G04_R0694,G04,holdout_G03,train
G04_R0695,G04,holdout_G03,train
G04_R0696,G04,holdout_G03,train
G04_R0697,G04,holdout_G03,train
G04_R0698,G04,holdout_G03,train
G04_R0699,G04,holdout_G03,train
G04_R0700,G04,holdout_G03,train
G04_R0701,G04,holdout_G03,train
G04_R0702,G04,holdout_G03,train
G04_R0703,G04,holdout_G03,train
G04_R0704,G04,holdout_G03,train
G04_R0705,G04,holdout_G03,train
G04_R0706,G04,holdout_G03,train
G04_R0707,G04,holdout_G03,train
G04_R0708,G04,holdout_G03,train
G04_R0709,G04,holdout_G03,train
G04_R0710,G04,holdout_G03,train
G04_R0711,G04,holdout_G03,train
G04_R0712,G04,holdout_G03,train
G04_R0713,G04,holdout_G03,train
G04_R0714,G04,holdout_G03,train
G04_R0715,G04,holdout_G03,train
G04_R0716,G04,holdout_G03,train
G04_R0717,G04,holdout_G03,train
G04_R0718,G04,holdout_G03,train
G04_R0719,G04,holdout_G03,train
G04_R0720,G04,holdout_G03,train
G04_R0721,G04,holdout_G03,train
G04_R0722,G04,holdout_G03,train
G04_R0723,G04,holdout_G03,train
G04_R0724,G04,holdout_G03,train
G04_R0725,G04,holdout_G03,train
G04_R0726,G04,holdout_G03,train
G04_R0727,G04,holdout_G03,train
G04_R0728,G04,holdout_G03,train
G04_R0729,G04,holdout_G03,train
G04_R0730,G04,holdout_G03,train
G04_R0731,G04,holdout_G03,train
G04_R0732,G04,holdout_G03,train
G04_R0733,G04,holdout_G03,train
G04_R0734,G04,holdout_G03,train
G04_R0735,G04,holdout_G03,train
G04_R0736,G04,holdout_G03,train
G04_R0737,G04,holdout_G03,train
G04_R0738,G04,holdout_G03,train
G04_R0739,G04,holdout_G03,train
G04_R0740,G04,holdout_G03,train
G04_R0741,G04,holdout_G03,train
G04_R0742,G04,holdout_G03,train
G04_R0743,G04,holdout_G03,train
G04_R0744,G04,holdout_G03,train
G04_R0745,G04,holdout_G03,train
G04_R0746,G04,holdout_G03,train
G04_R0747,G04,holdout_G03,train
G04_R0748,G04,holdout_G03,train
G04_R0749,G04,holdout_G03,train
G04_R0750,G04,holdout_G03,train
G04_R0751,G04,holdout_G03,train
G04_R0752,G04,holdout_G03,train
G04_R0753,G04,holdout_G03,train
G04_R0754,G04,holdout_G03,train
G04_R0755,G04,holdout_G03,train
G04_R0756,G04,holdout_G03,train
G04_R0757,G04,holdout_G03,train
G04_R0758,G04,holdout_G03,train
G04_R0759,G04,holdout_G03,train
G04_R0760,G04,holdout_G03,train
G04_R0761,G04,holdout_G03,train
G04_R0762,G04,holdout_G03,train
G04_R0763,G04,holdout_G03,train
G04_R0764,G04,holdout_G03,train
G04_R0765,G04,holdout_G03,train
G04_R0766,G04,holdout_G03,train
G04_R0767,G04,holdout_G03,train
G04_R0768,G04,holdout_G03,train
G05_R0001,G05,holdout_G03,train
G05_R0002,G05,holdout_G03,train
G05_R0003,G05,holdout_G03,train
G05_R0004,G05,holdout_G03,train
G05_R0005,G05,holdout_G03,train
G05_R0006,G05,holdout_G03,train
G05_R0007,G05,holdout_G03,train
G05_R0008,G05,holdout_G03,train
G05_R0009,G05,holdout_G03,train
G05_R0010,G05,holdout_G03,train
G05_R0011,G05,holdout_G03,train
G05_R0012,G05,holdout_G03,train
G05_R0013,G05,holdout_G03,train
G05_R0014,G05,holdout_G03,train
G05_R0015,G05,holdout_G03,train
G05_R0016,G05,holdout_G03,train
G05_R0017,G05,holdout_G03,train
G05_R0018,G05,holdout_G03,train
G05_R0019,G05,holdout_G03,train
G05_R0020,G05,holdout_G03,train
G05_R0021,G05,holdout_G03,train
G05_R0022,G05,holdout_G03,train
G05_R0023,G05,holdout_G03,train
G05_R0024,G05,holdout_G03,train
G05_R0025,G05,holdout_G03,train
G05_R0026,G05,holdout_G03,train
G05_R0027,G05,holdout_G03,train
G05_R0028,G05,holdout_G03,train
G05_R0029,G05,holdout_G03,train
G05_R0030,G05,holdout_G03,train
G05_R0031,G05,holdout_G03,train
G05_R0032,G05,holdout_G03,train
G05_R0033,G05,holdout_G03,train
G05_R0034,G05,holdout_G03,train
G05_R0035,G05,holdout_G03,train
G05_R0036,G05,holdout_G03,train
G05_R0037,G05,holdout_G03,train
G05_R0038,G05,holdout_G03,train
G05_R0039,G05,holdout_G03,train
G05_R0040,G05,holdout_G03,train
G05_R0041,G05,holdout_G03,train
G05_R0042,G05,holdout_G03,train
G05_R0043,G05,holdout_G03,train
G05_R0044,G05,holdout_G03,train
G05_R0045,G05,holdout_G03,train
G05_R0046,G05,holdout_G03,train
G05_R0047,G05,holdout_G03,train
G05_R0048,G05,holdout_G03,train
G05_R0049,G05,holdout_G03,train
G05_R0050,G05,holdout_G03,train
G05_R0051,G05,holdout_G03,train
G05_R0052,G05,holdout_G03,train
G05_R0053,G05,holdout_G03,train
G05_R0054,G05,holdout_G03,train
G05_R0055,G05,holdout_G03,train
G05_R0056,G05,holdout_G03,train
G05_R0057,G05,holdout_G03,train
G05_R0058,G05,holdout_G03,train
G05_R0059,G05,holdout_G03,train
G05_R0060,G05,holdout_G03,train
G05_R0061,G05,holdout_G03,train
G05_R0062,G05,holdout_G03,train
G05_R0063,G05,holdout_G03,train
G05_R0064,G05,holdout_G03,train
G05_R0065,G05,holdout_G03,train
G05_R0066,G05,holdout_G03,train
G05_R0067,G05,holdout_G03,train
G05_R0068,G05,holdout_G03,train
G05_R0069,G05,holdout_G03,train
G05_R0070,G05,holdout_G03,train
G05_R0071,G05,holdout_G03,train
G05_R0072,G05,holdout_G03,train
G05_R0073,G05,holdout_G03,train
G05_R0074,G05,holdout_G03,train
G05_R0075,G05,holdout_G03,train
G05_R0076,G05,holdout_G03,train
G05_R0077,G05,holdout_G03,train
G05_R0078,G05,holdout_G03,train
G05_R0079,G05,holdout_G03,train
G05_R0080,G05,holdout_G03,train
G05_R0081,G05,holdout_G03,train
G05_R0082,G05,holdout_G03,train
G05_R0083,G05,holdout_G03,train
G05_R0084,G05,holdout_G03,train
G05_R0085,G05,holdout_G03,train
G05_R0086,G05,holdout_G03,train
G05_R0087,G05,holdout_G03,train
G05_R0088,G05,holdout_G03,train
G05_R0089,G05,holdout_G03,train
G05_R0090,G05,holdout_G03,train
G05_R0091,G05,holdout_G03,train
G05_R0092,G05,holdout_G03,train
G05_R0093,G05,holdout_G03,train
G05_R0094,G05,holdout_G03,train
G05_R0095,G05,holdout_G03,train
G05_R0096,G05,holdout_G03,train
G05_R0097,G05,holdout_G03,train
G05_R0098,G05,holdout_G03,train
G05_R0099,G05,holdout_G03,train
G05_R0100,G05,holdout_G03,train
G05_R0101,G05,holdout_G03,train
G05_R0102,G05,holdout_G03,train
G05_R0103,G05,holdout_G03,train
G05_R0104,G05,holdout_G03,train
G05_R0105,G05,holdout_G03,train
G05_R0106,G05,holdout_G03,train
G05_R0107,G05,holdout_G03,train
G05_R0108,G05,holdout_G03,train
G05_R0109,G05,holdout_G03,train
G05_R0110,G05,holdout_G03,train
G05_R0111,G05,holdout_G03,train
G05_R0112,G05,holdout_G03,train
G05_R0113,G05,holdout_G03,train
G05_R0114,G05,holdout_G03,train
G05_R0115,G05,holdout_G03,train
G05_R0116,G05,holdout_G03,train
G05_R0117,G05,holdout_G03,train
G05_R0118,G05,holdout_G03,train
G05_R0119,G05,holdout_G03,train
G05_R0120,G05,holdout_G03,train
G05_R0121,G05,holdout_G03,train
G05_R0122,G05,holdout_G03,train
G05_R0123,G05,holdout_G03,train
G05_R0124,G05,holdout_G03,train
G05_R0125,G05,holdout_G03,train
G05_R0126,G05,holdout_G03,train
G05_R0127,G05,holdout_G03,train
G05_R0128,G05,holdout_G03,train
G05_R0129,G05,holdout_G03,train
G05_R0130,G05,holdout_G03,train
G05_R0131,G05,holdout_G03,train
G05_R0132,G05,holdout_G03,train
G05_R0133,G05,holdout_G03,train
G05_R0134,G05,holdout_G03,train
G05_R0135,G05,holdout_G03,train
G05_R0136,G05,holdout_G03,train
G05_R0137,G05,holdout_G03,train
G05_R0138,G05,holdout_G03,train
G05_R0139,G05,holdout_G03,train
G05_R0140,G05,holdout_G03,train
G05_R0141,G05,holdout_G03,train
G05_R0142,G05,holdout_G03,train
G05_R0143,G05,holdout_G03,train
G05_R0144,G05,holdout_G03,train
G05_R0145,G05,holdout_G03,train
G05_R0146,G05,holdout_G03,train
G05_R0147,G05,holdout_G03,train
G05_R0148,G05,holdout_G03,train
G05_R0149,G05,holdout_G03,train
G05_R0150,G05,holdout_G03,train
G05_R0151,G05,holdout_G03,train
G05_R0152,G05,holdout_G03,train
G05_R0153,G05,holdout_G03,train
G05_R0154,G05,holdout_G03,train
G05_R0155,G05,holdout_G03,train
G05_R0156,G05,holdout_G03,train
G05_R0157,G05,holdout_G03,train
G05_R0158,G05,holdout_G03,train
G05_R0159,G05,holdout_G03,train
G05_R0160,G05,holdout_G03,train
G05_R0161,G05,holdout_G03,train
G05_R0162,G05,holdout_G03,train
G05_R0163,G05,holdout_G03,train
G05_R0164,G05,holdout_G03,train
G05_R0165,G05,holdout_G03,train
G05_R0166,G05,holdout_G03,train
G05_R0167,G05,holdout_G03,train
G05_R0168,G05,holdout_G03,train
G05_R0169,G05,holdout_G03,train
G05_R0170,G05,holdout_G03,train
G05_R0171,G05,holdout_G03,train
G05_R0172,G05,holdout_G03,train
G05_R0173,G05,holdout_G03,train
G05_R0174,G05,holdout_G03,train
G05_R0175,G05,holdout_G03,train
G05_R0176,G05,holdout_G03,train
G05_R0177,G05,holdout_G03,train
G05_R0178,G05,holdout_G03,train
G05_R0179,G05,holdout_G03,train
G05_R0180,G05,holdout_G03,train
G05_R0181,G05,holdout_G03,train
G05_R0182,G05,holdout_G03,train
G05_R0183,G05,holdout_G03,train
G05_R0184,G05,holdout_G03,train
G05_R0185,G05,holdout_G03,train
G05_R0186,G05,holdout_G03,train
G05_R0187,G05,holdout_G03,train
G05_R0188,G05,holdout_G03,train
G05_R0189,G05,holdout_G03,train
G05_R0190,G05,holdout_G03,train
G05_R0191,G05,holdout_G03,train
G05_R0192,G05,holdout_G03,train
G05_R0193,G05,holdout_G03,train
G05_R0194,G05,holdout_G03,train
G05_R0195,G05,holdout_G03,train
G05_R0196,G05,holdout_G03,train
G05_R0197,G05,holdout_G03,train
G05_R0198,G05,holdout_G03,train
G05_R0199,G05,holdout_G03,train
G05_R0200,G05,holdout_G03,train
G05_R0201,G05,holdout_G03,train
G05_R0202,G05,holdout_G03,train
G05_R0203,G05,holdout_G03,train
G05_R0204,G05,holdout_G03,train
G05_R0205,G05,holdout_G03,train
G05_R0206,G05,holdout_G03,train
G05_R0207,G05,holdout_G03,train
G05_R0208,G05,holdout_G03,train
G05_R0209,G05,holdout_G03,train
G05_R0210,G05,holdout_G03,train
G05_R0211,G05,holdout_G03,train
G05_R0212,G05,holdout_G03,train
G05_R0213,G05,holdout_G03,train
G05_R0214,G05,holdout_G03,train
G05_R0215,G05,holdout_G03,train
G05_R0216,G05,holdout_G03,train
G05_R0217,G05,holdout_G03,train
G05_R0218,G05,holdout_G03,train
G05_R0219,G05,holdout_G03,train
G05_R0220,G05,holdout_G03,train
G05_R0221,G05,holdout_G03,train
G05_R0222,G05,holdout_G03,train
G05_R0223,G05,holdout_G03,train
G05_R0224,G05,holdout_G03,train
G05_R0225,G05,holdout_G03,train
G05_R0226,G05,holdout_G03,train
G05_R0227,G05,holdout_G03,train
G05_R0228,G05,holdout_G03,train
G05_R0229,G05,holdout_G03,train
G05_R0230,G05,holdout_G03,train
G05_R0231,G05,holdout_G03,train
G05_R0232,G05,holdout_G03,train
G05_R0233,G05,holdout_G03,train
G05_R0234,G05,holdout_G03,train
G05_R0235,G05,holdout_G03,train
G05_R0236,G05,holdout_G03,train
G05_R0237,G05,holdout_G03,train
G05_R0238,G05,holdout_G03,train
G05_R0239,G05,holdout_G03,train
G05_R0240,G05,holdout_G03,train
G05_R0241,G05,holdout_G03,train
G05_R0242,G05,holdout_G03,train
G05_R0243,G05,holdout_G03,train
G05_R0244,G05,holdout_G03,train
G05_R0245,G05,holdout_G03,train
G05_R0246,G05,holdout_G03,train
G05_R0247,G05,holdout_G03,train
G05_R0248,G05,holdout_G03,train
G05_R0249,G05,holdout_G03,train
G05_R0250,G05,holdout_G03,train
G05_R0251,G05,holdout_G03,train
G05_R0252,G05,holdout_G03,train
G05_R0253,G05,holdout_G03,train
G05_R0254,G05,holdout_G03,train
G05_R0255,G05,holdout_G03,train
G05_R0256,G05,holdout_G03,train
G05_R0257,G05,holdout_G03,train
G05_R0258,G05,holdout_G03,train
G05_R0259,G05,holdout_G03,train
G05_R0260,G05,holdout_G03,train
G05_R0261,G05,holdout_G03,train
G05_R0262,G05,holdout_G03,train
G05_R0263,G05,holdout_G03,train
G05_R0264,G05,holdout_G03,train
G05_R0265,G05,holdout_G03,train
G05_R0266,G05,holdout_G03,train
G05_R0267,G05,holdout_G03,train
G05_R0268,G05,holdout_G03,train
G05_R0269,G05,holdout_G03,train
G05_R0270,G05,holdout_G03,train
G05_R0271,G05,holdout_G03,train
G05_R0272,G05,holdout_G03,train
G05_R0273,G05,holdout_G03,train
G05_R0274,G05,holdout_G03,train
G05_R0275,G05,holdout_G03,train
G05_R0276,G05,holdout_G03,train
G05_R0277,G05,holdout_G03,train
G05_R0278,G05,holdout_G03,train
G05_R0279,G05,holdout_G03,train
G05_R0280,G05,holdout_G03,train
G05_R0281,G05,holdout_G03,train
G05_R0282,G05,holdout_G03,train
G05_R0283,G05,holdout_G03,train
G05_R0284,G05,holdout_G03,train
G05_R0285,G05,holdout_G03,train
G05_R0286,G05,holdout_G03,train
G05_R0287,G05,holdout_G03,train
G05_R0288,G05,holdout_G03,train
G05_R0289,G05,holdout_G03,train
G05_R0290,G05,holdout_G03,train
G05_R0291,G05,holdout_G03,train
G05_R0292,G05,holdout_G03,train
G05_R0293,G05,holdout_G03,train
G05_R0294,G05,holdout_G03,train
G05_R0295,G05,holdout_G03,train
G05_R0296,G05,holdout_G03,train
G05_R0297,G05,holdout_G03,train
G05_R0298,G05,holdout_G03,train
G05_R0299,G05,holdout_G03,train
G05_R0300,G05,holdout_G03,train
G05_R0301,G05,holdout_G03,train
G05_R0302,G05,holdout_G03,train
G05_R0303,G05,holdout_G03,train
G05_R0304,G05,holdout_G03,train
G05_R0305,G05,holdout_G03,train
G05_R0306,G05,holdout_G03,train
G05_R0307,G05,holdout_G03,train
G05_R0308,G05,holdout_G03,train
G05_R0309,G05,holdout_G03,train
G05_R0310,G05,holdout_G03,train
G05_R0311,G05,holdout_G03,train
G05_R0312,G05,holdout_G03,train
G05_R0313,G05,holdout_G03,train
G05_R0314,G05,holdout_G03,train
G05_R0315,G05,holdout_G03,train
G05_R0316,G05,holdout_G03,train
G05_R0317,G05,holdout_G03,train
G05_R0318,G05,holdout_G03,train
G05_R0319,G05,holdout_G03,train
G05_R0320,G05,holdout_G03,train
G05_R0321,G05,holdout_G03,train
G05_R0322,G05,holdout_G03,train
G05_R0323,G05,holdout_G03,train
G05_R0324,G05,holdout_G03,train
G05_R0325,G05,holdout_G03,train
G05_R0326,G05,holdout_G03,train
G05_R0327,G05,holdout_G03,train
G05_R0328,G05,holdout_G03,train
G05_R0329,G05,holdout_G03,train
G05_R0330,G05,holdout_G03,train
G05_R0331,G05,holdout_G03,train
G05_R0332,G05,holdout_G03,train
G05_R0333,G05,holdout_G03,train
G05_R0334,G05,holdout_G03,train
G05_R0335,G05,holdout_G03,train
G05_R0336,G05,holdout_G03,train
G05_R0337,G05,holdout_G03,train
G05_R0338,G05,holdout_G03,train
G05_R0339,G05,holdout_G03,train
G05_R0340,G05,holdout_G03,train
G05_R0341,G05,holdout_G03,train
G05_R0342,G05,holdout_G03,train
G05_R0343,G05,holdout_G03,train
G05_R0344,G05,holdout_G03,train
G05_R0345,G05,holdout_G03,train
G05_R0346,G05,holdout_G03,train
G05_R0347,G05,holdout_G03,train
G05_R0348,G05,holdout_G03,train
G05_R0349,G05,holdout_G03,train
G05_R0350,G05,holdout_G03,train
G05_R0351,G05,holdout_G03,train
G05_R0352,G05,holdout_G03,train
G05_R0353,G05,holdout_G03,train
G05_R0354,G05,holdout_G03,train
G05_R0355,G05,holdout_G03,train
G05_R0356,G05,holdout_G03,train
G05_R0357,G05,holdout_G03,train
G05_R0358,G05,holdout_G03,train
G05_R0359,G05,holdout_G03,train
G05_R0360,G05,holdout_G03,train
G05_R0361,G05,holdout_G03,train
G05_R0362,G05,holdout_G03,train
G05_R0363,G05,holdout_G03,train
G05_R0364,G05,holdout_G03,train
G05_R0365,G05,holdout_G03,train
G05_R0366,G05,holdout_G03,train
G05_R0367,G05,holdout_G03,train
G05_R0368,G05,holdout_G03,train
G05_R0369,G05,holdout_G03,train
G05_R0370,G05,holdout_G03,train
G05_R0371,G05,holdout_G03,train
G05_R0372,G05,holdout_G03,train
G05_R0373,G05,holdout_G03,train
G05_R0374,G05,holdout_G03,train
G05_R0375,G05,holdout_G03,train
G05_R0376,G05,holdout_G03,train
G05_R0377,G05,holdout_G03,train
G05_R0378,G05,holdout_G03,train
G05_R0379,G05,holdout_G03,train
G05_R0380,G05,holdout_G03,train
G05_R0381,G05,holdout_G03,train
G05_R0382,G05,holdout_G03,train
G05_R0383,G05,holdout_G03,train
G05_R0384,G05,holdout_G03,train
G05_R0385,G05,holdout_G03,train
G05_R0386,G05,holdout_G03,train
G05_R0387,G05,holdout_G03,train
G05_R0388,G05,holdout_G03,train
G05_R0389,G05,holdout_G03,train
G05_R0390,G05,holdout_G03,train
G05_R0391,G05,holdout_G03,train
G05_R0392,G05,holdout_G03,train
G05_R0393,G05,holdout_G03,train
G05_R0394,G05,holdout_G03,train
G05_R0395,G05,holdout_G03,train
G05_R0396,G05,holdout_G03,train
G05_R0397,G05,holdout_G03,train
G05_R0398,G05,holdout_G03,train
G05_R0399,G05,holdout_G03,train
G05_R0400,G05,holdout_G03,train
G05_R0401,G05,holdout_G03,train
G05_R0402,G05,holdout_G03,train
G05_R0403,G05,holdout_G03,train
G05_R0404,G05,holdout_G03,train
G05_R0405,G05,holdout_G03,train
G05_R0406,G05,holdout_G03,train
G05_R0407,G05,holdout_G03,train
G05_R0408,G05,holdout_G03,train
G05_R0409,G05,holdout_G03,train
G05_R0410,G05,holdout_G03,train
G05_R0411,G05,holdout_G03,train
G05_R0412,G05,holdout_G03,train
G05_R0413,G05,holdout_G03,train
G05_R0414,G05,holdout_G03,train
G05_R0415,G05,holdout_G03,train
G05_R0416,G05,holdout_G03,train
G05_R0417,G05,holdout_G03,train
G05_R0418,G05,holdout_G03,train
G05_R0419,G05,holdout_G03,train
G05_R0420,G05,holdout_G03,train
G05_R0421,G05,holdout_G03,train
G05_R0422,G05,holdout_G03,train
G05_R0423,G05,holdout_G03,train
G05_R0424,G05,holdout_G03,train
G05_R0425,G05,holdout_G03,train
G05_R0426,G05,holdout_G03,train
G05_R0427,G05,holdout_G03,train
G05_R0428,G05,holdout_G03,train
G05_R0429,G05,holdout_G03,train
G05_R0430,G05,holdout_G03,train
G05_R0431,G05,holdout_G03,train
G05_R0432,G05,holdout_G03,train
G05_R0433,G05,holdout_G03,train
G05_R0434,G05,holdout_G03,train
G05_R0435,G05,holdout_G03,train
G05_R0436,G05,holdout_G03,train
G05_R0437,G05,holdout_G03,train
G05_R0438,G05,holdout_G03,train
G05_R0439,G05,holdout_G03,train
G05_R0440,G05,holdout_G03,train
G05_R0441,G05,holdout_G03,train
G05_R0442,G05,holdout_G03,train
G05_R0443,G05,holdout_G03,train
G05_R0444,G05,holdout_G03,train
G05_R0445,G05,holdout_G03,train
G05_R0446,G05,holdout_G03,train
G05_R0447,G05,holdout_G03,train
G05_R0448,G05,holdout_G03,train
G05_R0449,G05,holdout_G03,train
G05_R0450,G05,holdout_G03,train
G05_R0451,G05,holdout_G03,train
G05_R0452,G05,holdout_G03,train
G05_R0453,G05,holdout_G03,train
G05_R0454,G05,holdout_G03,train
G05_R0455,G05,holdout_G03,train
G05_R0456,G05,holdout_G03,train
G05_R0457,G05,holdout_G03,train
G05_R0458,G05,holdout_G03,train
G05_R0459,G05,holdout_G03,train
G05_R0460,G05,holdout_G03,train
G05_R0461,G05,holdout_G03,train
G05_R0462,G05,holdout_G03,train
G05_R0463,G05,holdout_G03,train
G05_R0464,G05,holdout_G03,train
G05_R0465,G05,holdout_G03,train
G05_R0466,G05,holdout_G03,train
G05_R0467,G05,holdout_G03,train
G05_R0468,G05,holdout_G03,train
G05_R0469,G05,holdout_G03,train
G05_R0470,G05,holdout_G03,train
G05_R0471,G05,holdout_G03,train
G05_R0472,G05,holdout_G03,train
G05_R0473,G05,holdout_G03,train
G05_R0474,G05,holdout_G03,train
G05_R0475,G05,holdout_G03,train
G05_R0476,G05,holdout_G03,train
G05_R0477,G05,holdout_G03,train
G05_R0478,G05,holdout_G03,train
G05_R0479,G05,holdout_G03,train
G05_R0480,G05,holdout_G03,train
G05_R0481,G05,holdout_G03,train
G05_R0482,G05,holdout_G03,train
G05_R0483,G05,holdout_G03,train
G05_R0484,G05,holdout_G03,train
G05_R0485,G05,holdout_G03,train
G05_R0486,G05,holdout_G03,train
G05_R0487,G05,holdout_G03,train
G05_R0488,G05,holdout_G03,train
G05_R0489,G05,holdout_G03,train
G05_R0490,G05,holdout_G03,train
G05_R0491,G05,holdout_G03,train
G05_R0492,G05,holdout_G03,train
G05_R0493,G05,holdout_G03,train
G05_R0494,G05,holdout_G03,train
G05_R0495,G05,holdout_G03,train
G05_R0496,G05,holdout_G03,train
G05_R0497,G05,holdout_G03,train
G05_R0498,G05,holdout_G03,train
G05_R0499,G05,holdout_G03,train
G05_R0500,G05,holdout_G03,train
G05_R0501,G05,holdout_G03,train
G05_R0502,G05,holdout_G03,train
G05_R0503,G05,holdout_G03,train
G05_R0504,G05,holdout_G03,train
G05_R0505,G05,holdout_G03,train
G05_R0506,G05,holdout_G03,train
G05_R0507,G05,holdout_G03,train
G05_R0508,G05,holdout_G03,train
G05_R0509,G05,holdout_G03,train
G05_R0510,G05,holdout_G03,train
G05_R0511,G05,holdout_G03,train
G05_R0512,G05,holdout_G03,train
G05_R0513,G05,holdout_G03,train
G05_R0514,G05,holdout_G03,train
G05_R0515,G05,holdout_G03,train
G05_R0516,G05,holdout_G03,train
G05_R0517,G05,holdout_G03,train
G05_R0518,G05,holdout_G03,train
G05_R0519,G05,holdout_G03,train
G05_R0520,G05,holdout_G03,train
G05_R0521,G05,holdout_G03,train
G05_R0522,G05,holdout_G03,train
G05_R0523,G05,holdout_G03,train
G05_R0524,G05,holdout_G03,train
G05_R0525,G05,holdout_G03,train
G05_R0526,G05,holdout_G03,train
G05_R0527,G05,holdout_G03,train
G05_R0528,G05,holdout_G03,train
G05_R0529,G05,holdout_G03,train
G05_R0530,G05,holdout_G03,train
G05_R0531,G05,holdout_G03,train
G05_R0532,G05,holdout_G03,train
G05_R0533,G05,holdout_G03,train
G05_R0534,G05,holdout_G03,train
G05_R0535,G05,holdout_G03,train
G05_R0536,G05,holdout_G03,train
G05_R0537,G05,holdout_G03,train
G05_R0538,G05,holdout_G03,train
G05_R0539,G05,holdout_G03,train
G05_R0540,G05,holdout_G03,train
G05_R0541,G05,holdout_G03,train
G05_R0542,G05,holdout_G03,train
G05_R0543,G05,holdout_G03,train
G05_R0544,G05,holdout_G03,train
G05_R0545,G05,holdout_G03,train
G05_R0546,G05,holdout_G03,train
G05_R0547,G05,holdout_G03,train
G05_R0548,G05,holdout_G03,train
G05_R0549,G05,holdout_G03,train
G05_R0550,G05,holdout_G03,train
G05_R0551,G05,holdout_G03,train
G05_R0552,G05,holdout_G03,train
G05_R0553,G05,holdout_G03,train
G05_R0554,G05,holdout_G03,train
G05_R0555,G05,holdout_G03,train
G05_R0556,G05,holdout_G03,train
G05_R0557,G05,holdout_G03,train
G05_R0558,G05,holdout_G03,train
G05_R0559,G05,holdout_G03,train
G05_R0560,G05,holdout_G03,train
G05_R0561,G05,holdout_G03,train
G05_R0562,G05,holdout_G03,train
G05_R0563,G05,holdout_G03,train
G05_R0564,G05,holdout_G03,train
G05_R0565,G05,holdout_G03,train
G05_R0566,G05,holdout_G03,train
G05_R0567,G05,holdout_G03,train
G05_R0568,G05,holdout_G03,train
G05_R0569,G05,holdout_G03,train
G05_R0570,G05,holdout_G03,train
G05_R0571,G05,holdout_G03,train
G05_R0572,G05,holdout_G03,train
G05_R0573,G05,holdout_G03,train
G05_R0574,G05,holdout_G03,train
G05_R0575,G05,holdout_G03,train
G05_R0576,G05,holdout_G03,train
G05_R0577,G05,holdout_G03,train
G05_R0578,G05,holdout_G03,train
G05_R0579,G05,holdout_G03,train
G05_R0580,G05,holdout_G03,train
G05_R0581,G05,holdout_G03,train
G05_R0582,G05,holdout_G03,train
G05_R0583,G05,holdout_G03,train
G05_R0584,G05,holdout_G03,train
G05_R0585,G05,holdout_G03,train
G05_R0586,G05,holdout_G03,train
G05_R0587,G05,holdout_G03,train
G05_R0588,G05,holdout_G03,train
G05_R0589,G05,holdout_G03,train
G05_R0590,G05,holdout_G03,train
G05_R0591,G05,holdout_G03,train
G05_R0592,G05,holdout_G03,train
G05_R0593,G05,holdout_G03,train
G05_R0594,G05,holdout_G03,train
G05_R0595,G05,holdout_G03,train
G05_R0596,G05,holdout_G03,train
G05_R0597,G05,holdout_G03,train
G05_R0598,G05,holdout_G03,train
G05_R0599,G05,holdout_G03,train
G05_R0600,G05,holdout_G03,train
G05_R0601,G05,holdout_G03,train
G05_R0602,G05,holdout_G03,train
G05_R0603,G05,holdout_G03,train
G05_R0604,G05,holdout_G03,train
G05_R0605,G05,holdout_G03,train
G05_R0606,G05,holdout_G03,train
G05_R0607,G05,holdout_G03,train
G05_R0608,G05,holdout_G03,train
G05_R0609,G05,holdout_G03,train
G05_R0610,G05,holdout_G03,train
G05_R0611,G05,holdout_G03,train
G05_R0612,G05,holdout_G03,train
G05_R0613,G05,holdout_G03,train
G05_R0614,G05,holdout_G03,train
G05_R0615,G05,holdout_G03,train
G05_R0616,G05,holdout_G03,train
G05_R0617,G05,holdout_G03,train
G05_R0618,G05,holdout_G03,train
G05_R0619,G05,holdout_G03,train
G05_R0620,G05,holdout_G03,train
G05_R0621,G05,holdout_G03,train
G05_R0622,G05,holdout_G03,train
G05_R0623,G05,holdout_G03,train
G05_R0624,G05,holdout_G03,train
G05_R0625,G05,holdout_G03,train
G05_R0626,G05,holdout_G03,train
G05_R0627,G05,holdout_G03,train
G05_R0628,G05,holdout_G03,train
G05_R0629,G05,holdout_G03,train
G05_R0630,G05,holdout_G03,train
G05_R0631,G05,holdout_G03,train
G05_R0632,G05,holdout_G03,train
G05_R0633,G05,holdout_G03,train
G05_R0634,G05,holdout_G03,train
G05_R0635,G05,holdout_G03,train
G05_R0636,G05,holdout_G03,train
G05_R0637,G05,holdout_G03,train
G05_R0638,G05,holdout_G03,train
G05_R0639,G05,holdout_G03,train
G05_R0640,G05,holdout_G03,train
G05_R0641,G05,holdout_G03,train
G05_R0642,G05,holdout_G03,train
G05_R0643,G05,holdout_G03,train
G05_R0644,G05,holdout_G03,train
G05_R0645,G05,holdout_G03,train
G05_R0646,G05,holdout_G03,train
G05_R0647,G05,holdout_G03,train
G05_R0648,G05,holdout_G03,train
G05_R0649,G05,holdout_G03,train
G05_R0650,G05,holdout_G03,train
G05_R0651,G05,holdout_G03,train
G05_R0652,G05,holdout_G03,train
G05_R0653,G05,holdout_G03,train
G05_R0654,G05,holdout_G03,train
G05_R0655,G05,holdout_G03,train
G05_R0656,G05,holdout_G03,train
G05_R0657,G05,holdout_G03,train
G05_R0658,G05,holdout_G03,train
G05_R0659,G05,holdout_G03,train
G05_R0660,G05,holdout_G03,train
G05_R0661,G05,holdout_G03,train
G05_R0662,G05,holdout_G03,train
G05_R0663,G05,holdout_G03,train
G05_R0664,G05,holdout_G03,train
G05_R0665,G05,holdout_G03,train
G05_R0666,G05,holdout_G03,train
G05_R0667,G05,holdout_G03,train
G05_R0668,G05,holdout_G03,train
G05_R0669,G05,holdout_G03,train
G05_R0670,G05,holdout_G03,train
G05_R0671,G05,holdout_G03,train
G05_R0672,G05,holdout_G03,train
G05_R0673,G05,holdout_G03,train
G05_R0674,G05,holdout_G03,train
G05_R0675,G05,holdout_G03,train
G05_R0676,G05,holdout_G03,train
G05_R0677,G05,holdout_G03,train
G05_R0678,G05,holdout_G03,train
G05_R0679,G05,holdout_G03,train
G05_R0680,G05,holdout_G03,train
G05_R0681,G05,holdout_G03,train
G05_R0682,G05,holdout_G03,train
G05_R0683,G05,holdout_G03,train
G05_R0684,G05,holdout_G03,train
G05_R0685,G05,holdout_G03,train
G05_R0686,G05,holdout_G03,train
G05_R0687,G05,holdout_G03,train
G05_R0688,G05,holdout_G03,train
G05_R0689,G05,holdout_G03,train
G05_R0690,G05,holdout_G03,train
G05_R0691,G05,holdout_G03,train
G05_R0692,G05,holdout_G03,train
G05_R0693,G05,holdout_G03,train
G05_R0694,G05,holdout_G03,train
G05_R0695,G05,holdout_G03,train
G05_R0696,G05,holdout_G03,train
G05_R0697,G05,holdout_G03,train
G05_R0698,G05,holdout_G03,train
G05_R0699,G05,holdout_G03,train
G05_R0700,G05,holdout_G03,train
G05_R0701,G05,holdout_G03,train
G05_R0702,G05,holdout_G03,train
G05_R0703,G05,holdout_G03,train
G05_R0704,G05,holdout_G03,train
G05_R0705,G05,holdout_G03,train
G05_R0706,G05,holdout_G03,train
G05_R0707,G05,holdout_G03,train
G05_R0708,G05,holdout_G03,train
G05_R0709,G05,holdout_G03,train
G05_R0710,G05,holdout_G03,train
G05_R0711,G05,holdout_G03,train
G05_R0712,G05,holdout_G03,train
G05_R0713,G05,holdout_G03,train
G05_R0714,G05,holdout_G03,train
G05_R0715,G05,holdout_G03,train
G05_R0716,G05,holdout_G03,train
G05_R0717,G05,holdout_G03,train
G05_R0718,G05,holdout_G03,train
G05_R0719,G05,holdout_G03,train
G05_R0720,G05,holdout_G03,train
G05_R0721,G05,holdout_G03,train
G05_R0722,G05,holdout_G03,train
G05_R0723,G05,holdout_G03,train
G05_R0724,G05,holdout_G03,train
G05_R0725,G05,holdout_G03,train
G05_R0726,G05,holdout_G03,train
G05_R0727,G05,holdout_G03,train
G05_R0728,G05,holdout_G03,train
G05_R0729,G05,holdout_G03,train
G05_R0730,G05,holdout_G03,train
G05_R0731,G05,holdout_G03,train
G05_R0732,G05,holdout_G03,train
G05_R0733,G05,holdout_G03,train
G05_R0734,G05,holdout_G03,train
G05_R0735,G05,holdout_G03,train
G05_R0736,G05,holdout_G03,train
G05_R0737,G05,holdout_G03,train
G05_R0738,G05,holdout_G03,train
G05_R0739,G05,holdout_G03,train
G05_R0740,G05,holdout_G03,train
G05_R0741,G05,holdout_G03,train
G05_R0742,G05,holdout_G03,train
G05_R0743,G05,holdout_G03,train
G05_R0744,G05,holdout_G03,train
G05_R0745,G05,holdout_G03,train
G05_R0746,G05,holdout_G03,train
G05_R0747,G05,holdout_G03,train
G05_R0748,G05,holdout_G03,train
G05_R0749,G05,holdout_G03,train
G05_R0750,G05,holdout_G03,train
G05_R0751,G05,holdout_G03,train
G05_R0752,G05,holdout_G03,train
G05_R0753,G05,holdout_G03,train
G05_R0754,G05,holdout_G03,train
G05_R0755,G05,holdout_G03,train
G05_R0756,G05,holdout_G03,train
G05_R0757,G05,holdout_G03,train
G05_R0758,G05,holdout_G03,train
G05_R0759,G05,holdout_G03,train
G05_R0760,G05,holdout_G03,train
G05_R0761,G05,holdout_G03,train
G05_R0762,G05,holdout_G03,train
G05_R0763,G05,holdout_G03,train
G05_R0764,G05,holdout_G03,train
G05_R0765,G05,holdout_G03,train
G05_R0766,G05,holdout_G03,train
G05_R0767,G05,holdout_G03,train
G05_R0768,G05,holdout_G03,train
G06_R0001,G06,holdout_G03,train
G06_R0002,G06,holdout_G03,train
G06_R0003,G06,holdout_G03,train
G06_R0004,G06,holdout_G03,train
G06_R0005,G06,holdout_G03,train
G06_R0006,G06,holdout_G03,train
G06_R0007,G06,holdout_G03,train
G06_R0008,G06,holdout_G03,train
G06_R0009,G06,holdout_G03,train
G06_R0010,G06,holdout_G03,train
G06_R0011,G06,holdout_G03,train
G06_R0012,G06,holdout_G03,train
G06_R0013,G06,holdout_G03,train
G06_R0014,G06,holdout_G03,train
G06_R0015,G06,holdout_G03,train
G06_R0016,G06,holdout_G03,train
G06_R0017,G06,holdout_G03,train
G06_R0018,G06,holdout_G03,train
G06_R0019,G06,holdout_G03,train
G06_R0020,G06,holdout_G03,train
G06_R0021,G06,holdout_G03,train
G06_R0022,G06,holdout_G03,train
G06_R0023,G06,holdout_G03,train
G06_R0024,G06,holdout_G03,train
G06_R0025,G06,holdout_G03,train
G06_R0026,G06,holdout_G03,train
G06_R0027,G06,holdout_G03,train
G06_R0028,G06,holdout_G03,train
G06_R0029,G06,holdout_G03,train
G06_R0030,G06,holdout_G03,train
G06_R0031,G06,holdout_G03,train
G06_R0032,G06,holdout_G03,train
G06_R0033,G06,holdout_G03,train
G06_R0034,G06,holdout_G03,train
G06_R0035,G06,holdout_G03,train
G06_R0036,G06,holdout_G03,train
G06_R0037,G06,holdout_G03,train
G06_R0038,G06,holdout_G03,train
G06_R0039,G06,holdout_G03,train
G06_R0040,G06,holdout_G03,train
G06_R0041,G06,holdout_G03,train
G06_R0042,G06,holdout_G03,train
G06_R0043,G06,holdout_G03,train
G06_R0044,G06,holdout_G03,train
G06_R0045,G06,holdout_G03,train
G06_R0046,G06,holdout_G03,train
G06_R0047,G06,holdout_G03,train
G06_R0048,G06,holdout_G03,train
G06_R0049,G06,holdout_G03,train
G06_R0050,G06,holdout_G03,train
G06_R0051,G06,holdout_G03,train
G06_R0052,G06,holdout_G03,train
G06_R0053,G06,holdout_G03,train
G06_R0054,G06,holdout_G03,train
G06_R0055,G06,holdout_G03,train
G06_R0056,G06,holdout_G03,train
G06_R0057,G06,holdout_G03,train
G06_R0058,G06,holdout_G03,train
G06_R0059,G06,holdout_G03,train
G06_R0060,G06,holdout_G03,train
G06_R0061,G06,holdout_G03,train
G06_R0062,G06,holdout_G03,train
G06_R0063,G06,holdout_G03,train
G06_R0064,G06,holdout_G03,train
G06_R0065,G06,holdout_G03,train
G06_R0066,G06,holdout_G03,train
G06_R0067,G06,holdout_G03,train
G06_R0068,G06,holdout_G03,train
G06_R0069,G06,holdout_G03,train
G06_R0070,G06,holdout_G03,train
G06_R0071,G06,holdout_G03,train
G06_R0072,G06,holdout_G03,train
G06_R0073,G06,holdout_G03,train
G06_R0074,G06,holdout_G03,train
G06_R0075,G06,holdout_G03,train
G06_R0076,G06,holdout_G03,train
G06_R0077,G06,holdout_G03,train
G06_R0078,G06,holdout_G03,train
G06_R0079,G06,holdout_G03,train
G06_R0080,G06,holdout_G03,train
G06_R0081,G06,holdout_G03,train
G06_R0082,G06,holdout_G03,train
G06_R0083,G06,holdout_G03,train
G06_R0084,G06,holdout_G03,train
G06_R0085,G06,holdout_G03,train
G06_R0086,G06,holdout_G03,train
G06_R0087,G06,holdout_G03,train
G06_R0088,G06,holdout_G03,train
G06_R0089,G06,holdout_G03,train
G06_R0090,G06,holdout_G03,train
G06_R0091,G06,holdout_G03,train
G06_R0092,G06,holdout_G03,train
G06_R0093,G06,holdout_G03,train
G06_R0094,G06,holdout_G03,train
G06_R0095,G06,holdout_G03,train
G06_R0096,G06,holdout_G03,train
G06_R0097,G06,holdout_G03,train
G06_R0098,G06,holdout_G03,train
G06_R0099,G06,holdout_G03,train
G06_R0100,G06,holdout_G03,train
G06_R0101,G06,holdout_G03,train
G06_R0102,G06,holdout_G03,train
G06_R0103,G06,holdout_G03,train
G06_R0104,G06,holdout_G03,train
G06_R0105,G06,holdout_G03,train
G06_R0106,G06,holdout_G03,train
G06_R0107,G06,holdout_G03,train
G06_R0108,G06,holdout_G03,train
G06_R0109,G06,holdout_G03,train
G06_R0110,G06,holdout_G03,train
G06_R0111,G06,holdout_G03,train
G06_R0112,G06,holdout_G03,train
G06_R0113,G06,holdout_G03,train
G06_R0114,G06,holdout_G03,train
G06_R0115,G06,holdout_G03,train
G06_R0116,G06,holdout_G03,train
G06_R0117,G06,holdout_G03,train
G06_R0118,G06,holdout_G03,train
G06_R0119,G06,holdout_G03,train
G06_R0120,G06,holdout_G03,train
G06_R0121,G06,holdout_G03,train
G06_R0122,G06,holdout_G03,train
G06_R0123,G06,holdout_G03,train
G06_R0124,G06,holdout_G03,train
G06_R0125,G06,holdout_G03,train
G06_R0126,G06,holdout_G03,train
G06_R0127,G06,holdout_G03,train
G06_R0128,G06,holdout_G03,train
G06_R0129,G06,holdout_G03,train
G06_R0130,G06,holdout_G03,train
G06_R0131,G06,holdout_G03,train
G06_R0132,G06,holdout_G03,train
G06_R0133,G06,holdout_G03,train
G06_R0134,G06,holdout_G03,train
G06_R0135,G06,holdout_G03,train
G06_R0136,G06,holdout_G03,train
G06_R0137,G06,holdout_G03,train
G06_R0138,G06,holdout_G03,train
G06_R0139,G06,holdout_G03,train
G06_R0140,G06,holdout_G03,train
G06_R0141,G06,holdout_G03,train
G06_R0142,G06,holdout_G03,train
G06_R0143,G06,holdout_G03,train
G06_R0144,G06,holdout_G03,train
G06_R0145,G06,holdout_G03,train
G06_R0146,G06,holdout_G03,train
G06_R0147,G06,holdout_G03,train
G06_R0148,G06,holdout_G03,train
G06_R0149,G06,holdout_G03,train
G06_R0150,G06,holdout_G03,train
G06_R0151,G06,holdout_G03,train
G06_R0152,G06,holdout_G03,train
G06_R0153,G06,holdout_G03,train
G06_R0154,G06,holdout_G03,train
G06_R0155,G06,holdout_G03,train
G06_R0156,G06,holdout_G03,train
G06_R0157,G06,holdout_G03,train
G06_R0158,G06,holdout_G03,train
G06_R0159,G06,holdout_G03,train
G06_R0160,G06,holdout_G03,train
G06_R0161,G06,holdout_G03,train
G06_R0162,G06,holdout_G03,train
G06_R0163,G06,holdout_G03,train
G06_R0164,G06,holdout_G03,train
G06_R0165,G06,holdout_G03,train
G06_R0166,G06,holdout_G03,train
G06_R0167,G06,holdout_G03,train
G06_R0168,G06,holdout_G03,train
G06_R0169,G06,holdout_G03,train
G06_R0170,G06,holdout_G03,train
G06_R0171,G06,holdout_G03,train
G06_R0172,G06,holdout_G03,train
G06_R0173,G06,holdout_G03,train
G06_R0174,G06,holdout_G03,train
G06_R0175,G06,holdout_G03,train
G06_R0176,G06,holdout_G03,train
G06_R0177,G06,holdout_G03,train
G06_R0178,G06,holdout_G03,train
G06_R0179,G06,holdout_G03,train
G06_R0180,G06,holdout_G03,train
G06_R0181,G06,holdout_G03,train
G06_R0182,G06,holdout_G03,train
G06_R0183,G06,holdout_G03,train
G06_R0184,G06,holdout_G03,train
G06_R0185,G06,holdout_G03,train
G06_R0186,G06,holdout_G03,train
G06_R0187,G06,holdout_G03,train
G06_R0188,G06,holdout_G03,train
G06_R0189,G06,holdout_G03,train
G06_R0190,G06,holdout_G03,train
G06_R0191,G06,holdout_G03,train
G06_R0192,G06,holdout_G03,train
G06_R0193,G06,holdout_G03,train
G06_R0194,G06,holdout_G03,train
G06_R0195,G06,holdout_G03,train
G06_R0196,G06,holdout_G03,train
G06_R0197,G06,holdout_G03,train
G06_R0198,G06,holdout_G03,train
G06_R0199,G06,holdout_G03,train
G06_R0200,G06,holdout_G03,train
G06_R0201,G06,holdout_G03,train
G06_R0202,G06,holdout_G03,train
G06_R0203,G06,holdout_G03,train
G06_R0204,G06,holdout_G03,train
G06_R0205,G06,holdout_G03,train
G06_R0206,G06,holdout_G03,train
G06_R0207,G06,holdout_G03,train
G06_R0208,G06,holdout_G03,train
G06_R0209,G06,holdout_G03,train
G06_R0210,G06,holdout_G03,train
G06_R0211,G06,holdout_G03,train
G06_R0212,G06,holdout_G03,train
G06_R0213,G06,holdout_G03,train
G06_R0214,G06,holdout_G03,train
G06_R0215,G06,holdout_G03,train
G06_R0216,G06,holdout_G03,train
G06_R0217,G06,holdout_G03,train
G06_R0218,G06,holdout_G03,train
G06_R0219,G06,holdout_G03,train
G06_R0220,G06,holdout_G03,train
G06_R0221,G06,holdout_G03,train
G06_R0222,G06,holdout_G03,train
G06_R0223,G06,holdout_G03,train
G06_R0224,G06,holdout_G03,train
G06_R0225,G06,holdout_G03,train
G06_R0226,G06,holdout_G03,train
G06_R0227,G06,holdout_G03,train
G06_R0228,G06,holdout_G03,train
G06_R0229,G06,holdout_G03,train
G06_R0230,G06,holdout_G03,train
G06_R0231,G06,holdout_G03,train
G06_R0232,G06,holdout_G03,train
G06_R0233,G06,holdout_G03,train
G06_R0234,G06,holdout_G03,train
G06_R0235,G06,holdout_G03,train
G06_R0236,G06,holdout_G03,train
G06_R0237,G06,holdout_G03,train
G06_R0238,G06,holdout_G03,train
G06_R0239,G06,holdout_G03,train
G06_R0240,G06,holdout_G03,train
G06_R0241,G06,holdout_G03,train
G06_R0242,G06,holdout_G03,train
G06_R0243,G06,holdout_G03,train
G06_R0244,G06,holdout_G03,train
G06_R0245,G06,holdout_G03,train
G06_R0246,G06,holdout_G03,train
G06_R0247,G06,holdout_G03,train
G06_R0248,G06,holdout_G03,train
G06_R0249,G06,holdout_G03,train
G06_R0250,G06,holdout_G03,train
G06_R0251,G06,holdout_G03,train
G06_R0252,G06,holdout_G03,train
G06_R0253,G06,holdout_G03,train
G06_R0254,G06,holdout_G03,train
G06_R0255,G06,holdout_G03,train
G06_R0256,G06,holdout_G03,train
G06_R0257,G06,holdout_G03,train
G06_R0258,G06,holdout_G03,train
G06_R0259,G06,holdout_G03,train
G06_R0260,G06,holdout_G03,train
G06_R0261,G06,holdout_G03,train
G06_R0262,G06,holdout_G03,train
G06_R0263,G06,holdout_G03,train
G06_R0264,G06,holdout_G03,train
G06_R0265,G06,holdout_G03,train
G06_R0266,G06,holdout_G03,train
G06_R0267,G06,holdout_G03,train
G06_R0268,G06,holdout_G03,train
G06_R0269,G06,holdout_G03,train
G06_R0270,G06,holdout_G03,train
G06_R0271,G06,holdout_G03,train
G06_R0272,G06,holdout_G03,train
G06_R0273,G06,holdout_G03,train
G06_R0274,G06,holdout_G03,train
G06_R0275,G06,holdout_G03,train
G06_R0276,G06,holdout_G03,train
G06_R0277,G06,holdout_G03,train
G06_R0278,G06,holdout_G03,train
G06_R0279,G06,holdout_G03,train
G06_R0280,G06,holdout_G03,train
G06_R0281,G06,holdout_G03,train
G06_R0282,G06,holdout_G03,train
G06_R0283,G06,holdout_G03,train
G06_R0284,G06,holdout_G03,train
G06_R0285,G06,holdout_G03,train
G06_R0286,G06,holdout_G03,train
G06_R0287,G06,holdout_G03,train
G06_R0288,G06,holdout_G03,train
G06_R0289,G06,holdout_G03,train
G06_R0290,G06,holdout_G03,train
G06_R0291,G06,holdout_G03,train
G06_R0292,G06,holdout_G03,train
G06_R0293,G06,holdout_G03,train
G06_R0294,G06,holdout_G03,train
G06_R0295,G06,holdout_G03,train
G06_R0296,G06,holdout_G03,train
G06_R0297,G06,holdout_G03,train
G06_R0298,G06,holdout_G03,train
G06_R0299,G06,holdout_G03,train
G06_R0300,G06,holdout_G03,train
G06_R0301,G06,holdout_G03,train
G06_R0302,G06,holdout_G03,train
G06_R0303,G06,holdout_G03,train
G06_R0304,G06,holdout_G03,train
G06_R0305,G06,holdout_G03,train
G06_R0306,G06,holdout_G03,train
G06_R0307,G06,holdout_G03,train
G06_R0308,G06,holdout_G03,train
G06_R0309,G06,holdout_G03,train
G06_R0310,G06,holdout_G03,train
G06_R0311,G06,holdout_G03,train
G06_R0312,G06,holdout_G03,train
G06_R0313,G06,holdout_G03,train
G06_R0314,G06,holdout_G03,train
G06_R0315,G06,holdout_G03,train
G06_R0316,G06,holdout_G03,train
G06_R0317,G06,holdout_G03,train
G06_R0318,G06,holdout_G03,train
G06_R0319,G06,holdout_G03,train
G06_R0320,G06,holdout_G03,train
G06_R0321,G06,holdout_G03,train
G06_R0322,G06,holdout_G03,train
G06_R0323,G06,holdout_G03,train
G06_R0324,G06,holdout_G03,train
G06_R0325,G06,holdout_G03,train
G06_R0326,G06,holdout_G03,train
G06_R0327,G06,holdout_G03,train
G06_R0328,G06,holdout_G03,train
G06_R0329,G06,holdout_G03,train
G06_R0330,G06,holdout_G03,train
G06_R0331,G06,holdout_G03,train
G06_R0332,G06,holdout_G03,train
G06_R0333,G06,holdout_G03,train
G06_R0334,G06,holdout_G03,train
G06_R0335,G06,holdout_G03,train
G06_R0336,G06,holdout_G03,train
G06_R0337,G06,holdout_G03,train
G06_R0338,G06,holdout_G03,train
G06_R0339,G06,holdout_G03,train
G06_R0340,G06,holdout_G03,train
G06_R0341,G06,holdout_G03,train
G06_R0342,G06,holdout_G03,train
G06_R0343,G06,holdout_G03,train
G06_R0344,G06,holdout_G03,train
G06_R0345,G06,holdout_G03,train
G06_R0346,G06,holdout_G03,train
G06_R0347,G06,holdout_G03,train
G06_R0348,G06,holdout_G03,train
G06_R0349,G06,holdout_G03,train
G06_R0350,G06,holdout_G03,train
G06_R0351,G06,holdout_G03,train
G06_R0352,G06,holdout_G03,train
G06_R0353,G06,holdout_G03,train
G06_R0354,G06,holdout_G03,train
G06_R0355,G06,holdout_G03,train
G06_R0356,G06,holdout_G03,train
G06_R0357,G06,holdout_G03,train
G06_R0358,G06,holdout_G03,train
G06_R0359,G06,holdout_G03,train
G06_R0360,G06,holdout_G03,train
G06_R0361,G06,holdout_G03,train
G06_R0362,G06,holdout_G03,train
G06_R0363,G06,holdout_G03,train
G06_R0364,G06,holdout_G03,train
G06_R0365,G06,holdout_G03,train
G06_R0366,G06,holdout_G03,train
G06_R0367,G06,holdout_G03,train
G06_R0368,G06,holdout_G03,train
G06_R0369,G06,holdout_G03,train
G06_R0370,G06,holdout_G03,train
G06_R0371,G06,holdout_G03,train
G06_R0372,G06,holdout_G03,train
G06_R0373,G06,holdout_G03,train
G06_R0374,G06,holdout_G03,train
G06_R0375,G06,holdout_G03,train
G06_R0376,G06,holdout_G03,train
G06_R0377,G06,holdout_G03,train
G06_R0378,G06,holdout_G03,train
G06_R0379,G06,holdout_G03,train
G06_R0380,G06,holdout_G03,train
G06_R0381,G06,holdout_G03,train
G06_R0382,G06,holdout_G03,train
G06_R0383,G06,holdout_G03,train
G06_R0384,G06,holdout_G03,train
G06_R0385,G06,holdout_G03,train
G06_R0386,G06,holdout_G03,train
G06_R0387,G06,holdout_G03,train
G06_R0388,G06,holdout_G03,train
G06_R0389,G06,holdout_G03,train
G06_R0390,G06,holdout_G03,train
G06_R0391,G06,holdout_G03,train
G06_R0392,G06,holdout_G03,train
G06_R0393,G06,holdout_G03,train
G06_R0394,G06,holdout_G03,train
G06_R0395,G06,holdout_G03,train
G06_R0396,G06,holdout_G03,train
G06_R0397,G06,holdout_G03,train
G06_R0398,G06,holdout_G03,train
G06_R0399,G06,holdout_G03,train
G06_R0400,G06,holdout_G03,train
G06_R0401,G06,holdout_G03,train
G06_R0402,G06,holdout_G03,train
G06_R0403,G06,holdout_G03,train
G06_R0404,G06,holdout_G03,train
G06_R0405,G06,holdout_G03,train
G06_R0406,G06,holdout_G03,train
G06_R0407,G06,holdout_G03,train
G06_R0408,G06,holdout_G03,train
G06_R0409,G06,holdout_G03,train
G06_R0410,G06,holdout_G03,train
G06_R0411,G06,holdout_G03,train
G06_R0412,G06,holdout_G03,train
G06_R0413,G06,holdout_G03,train
G06_R0414,G06,holdout_G03,train
G06_R0415,G06,holdout_G03,train
G06_R0416,G06,holdout_G03,train
G06_R0417,G06,holdout_G03,train
G06_R0418,G06,holdout_G03,train
G06_R0419,G06,holdout_G03,train
G06_R0420,G06,holdout_G03,train
G06_R0421,G06,holdout_G03,train
G06_R0422,G06,holdout_G03,train
G06_R0423,G06,holdout_G03,train
G06_R0424,G06,holdout_G03,train
G06_R0425,G06,holdout_G03,train
G06_R0426,G06,holdout_G03,train
G06_R0427,G06,holdout_G03,train
G06_R0428,G06,holdout_G03,train
G06_R0429,G06,holdout_G03,train
G06_R0430,G06,holdout_G03,train
G06_R0431,G06,holdout_G03,train
G06_R0432,G06,holdout_G03,train
G06_R0433,G06,holdout_G03,train
G06_R0434,G06,holdout_G03,train
G06_R0435,G06,holdout_G03,train
G06_R0436,G06,holdout_G03,train
G06_R0437,G06,holdout_G03,train
G06_R0438,G06,holdout_G03,train
G06_R0439,G06,holdout_G03,train
G06_R0440,G06,holdout_G03,train
G06_R0441,G06,holdout_G03,train
G06_R0442,G06,holdout_G03,train
G06_R0443,G06,holdout_G03,train
G06_R0444,G06,holdout_G03,train
G06_R0445,G06,holdout_G03,train
G06_R0446,G06,holdout_G03,train
G06_R0447,G06,holdout_G03,train
G06_R0448,G06,holdout_G03,train
G06_R0449,G06,holdout_G03,train
G06_R0450,G06,holdout_G03,train
G06_R0451,G06,holdout_G03,train
G06_R0452,G06,holdout_G03,train
G06_R0453,G06,holdout_G03,train
G06_R0454,G06,holdout_G03,train
G06_R0455,G06,holdout_G03,train
G06_R0456,G06,holdout_G03,train
G06_R0457,G06,holdout_G03,train
G06_R0458,G06,holdout_G03,train
G06_R0459,G06,holdout_G03,train
G06_R0460,G06,holdout_G03,train
G06_R0461,G06,holdout_G03,train
G06_R0462,G06,holdout_G03,train
G06_R0463,G06,holdout_G03,train
G06_R0464,G06,holdout_G03,train
G06_R0465,G06,holdout_G03,train
G06_R0466,G06,holdout_G03,train
G06_R0467,G06,holdout_G03,train
G06_R0468,G06,holdout_G03,train
G06_R0469,G06,holdout_G03,train
G06_R0470,G06,holdout_G03,train
G06_R0471,G06,holdout_G03,train
G06_R0472,G06,holdout_G03,train
G06_R0473,G06,holdout_G03,train
G06_R0474,G06,holdout_G03,train
G06_R0475,G06,holdout_G03,train
G06_R0476,G06,holdout_G03,train
G06_R0477,G06,holdout_G03,train
G06_R0478,G06,holdout_G03,train
G06_R0479,G06,holdout_G03,train
G06_R0480,G06,holdout_G03,train
G06_R0481,G06,holdout_G03,train
G06_R0482,G06,holdout_G03,train
G06_R0483,G06,holdout_G03,train
G06_R0484,G06,holdout_G03,train
G06_R0485,G06,holdout_G03,train
G06_R0486,G06,holdout_G03,train
G06_R0487,G06,holdout_G03,train
G06_R0488,G06,holdout_G03,train
G06_R0489,G06,holdout_G03,train
G06_R0490,G06,holdout_G03,train
G06_R0491,G06,holdout_G03,train
G06_R0492,G06,holdout_G03,train
G06_R0493,G06,holdout_G03,train
G06_R0494,G06,holdout_G03,train
G06_R0495,G06,holdout_G03,train
G06_R0496,G06,holdout_G03,train
G06_R0497,G06,holdout_G03,train
G06_R0498,G06,holdout_G03,train
G06_R0499,G06,holdout_G03,train
G06_R0500,G06,holdout_G03,train
G06_R0501,G06,holdout_G03,train
G06_R0502,G06,holdout_G03,train
G06_R0503,G06,holdout_G03,train
G06_R0504,G06,holdout_G03,train
G06_R0505,G06,holdout_G03,train
G06_R0506,G06,holdout_G03,train
G06_R0507,G06,holdout_G03,train
G06_R0508,G06,holdout_G03,train
G06_R0509,G06,holdout_G03,train
G06_R0510,G06,holdout_G03,train
G06_R0511,G06,holdout_G03,train
G06_R0512,G06,holdout_G03,train
G06_R0513,G06,holdout_G03,train
G06_R0514,G06,holdout_G03,train
G06_R0515,G06,holdout_G03,train
G06_R0516,G06,holdout_G03,train
G06_R0517,G06,holdout_G03,train
G06_R0518,G06,holdout_G03,train
G06_R0519,G06,holdout_G03,train
G06_R0520,G06,holdout_G03,train
G06_R0521,G06,holdout_G03,train
G06_R0522,G06,holdout_G03,train
G06_R0523,G06,holdout_G03,train
G06_R0524,G06,holdout_G03,train
G06_R0525,G06,holdout_G03,train
G06_R0526,G06,holdout_G03,train
G06_R0527,G06,holdout_G03,train
G06_R0528,G06,holdout_G03,train
G06_R0529,G06,holdout_G03,train
G06_R0530,G06,holdout_G03,train
G06_R0531,G06,holdout_G03,train
G06_R0532,G06,holdout_G03,train
G06_R0533,G06,holdout_G03,train
G06_R0534,G06,holdout_G03,train
G06_R0535,G06,holdout_G03,train
G06_R0536,G06,holdout_G03,train
G06_R0537,G06,holdout_G03,train
G06_R0538,G06,holdout_G03,train
G06_R0539,G06,holdout_G03,train
G06_R0540,G06,holdout_G03,train
G06_R0541,G06,holdout_G03,train
G06_R0542,G06,holdout_G03,train
G06_R0543,G06,holdout_G03,train
G06_R0544,G06,holdout_G03,train
G06_R0545,G06,holdout_G03,train
G06_R0546,G06,holdout_G03,train
G06_R0547,G06,holdout_G03,train
G06_R0548,G06,holdout_G03,train
G06_R0549,G06,holdout_G03,train
G06_R0550,G06,holdout_G03,train
G06_R0551,G06,holdout_G03,train
G06_R0552,G06,holdout_G03,train
G06_R0553,G06,holdout_G03,train
G06_R0554,G06,holdout_G03,train
G06_R0555,G06,holdout_G03,train
G06_R0556,G06,holdout_G03,train
G06_R0557,G06,holdout_G03,train
G06_R0558,G06,holdout_G03,train
G06_R0559,G06,holdout_G03,train
G06_R0560,G06,holdout_G03,train
G06_R0561,G06,holdout_G03,train
G06_R0562,G06,holdout_G03,train
G06_R0563,G06,holdout_G03,train
G06_R0564,G06,holdout_G03,train
G06_R0565,G06,holdout_G03,train
G06_R0566,G06,holdout_G03,train
G06_R0567,G06,holdout_G03,train
G06_R0568,G06,holdout_G03,train
G06_R0569,G06,holdout_G03,train
G06_R0570,G06,holdout_G03,train
G06_R0571,G06,holdout_G03,train
G06_R0572,G06,holdout_G03,train
G06_R0573,G06,holdout_G03,train
G06_R0574,G06,holdout_G03,train
G06_R0575,G06,holdout_G03,train
G06_R0576,G06,holdout_G03,train
G06_R0577,G06,holdout_G03,train
G06_R0578,G06,holdout_G03,train
G06_R0579,G06,holdout_G03,train
G06_R0580,G06,holdout_G03,train
G06_R0581,G06,holdout_G03,train
G06_R0582,G06,holdout_G03,train
G06_R0583,G06,holdout_G03,train
G06_R0584,G06,holdout_G03,train
G06_R0585,G06,holdout_G03,train
G06_R0586,G06,holdout_G03,train
G06_R0587,G06,holdout_G03,train
G06_R0588,G06,holdout_G03,train
G06_R0589,G06,holdout_G03,train
G06_R0590,G06,holdout_G03,train
G06_R0591,G06,holdout_G03,train
G06_R0592,G06,holdout_G03,train
G06_R0593,G06,holdout_G03,train
G06_R0594,G06,holdout_G03,train
G06_R0595,G06,holdout_G03,train
G06_R0596,G06,holdout_G03,train
G06_R0597,G06,holdout_G03,train
G06_R0598,G06,holdout_G03,train
G06_R0599,G06,holdout_G03,train
G06_R0600,G06,holdout_G03,train
G06_R0601,G06,holdout_G03,train
G06_R0602,G06,holdout_G03,train
G06_R0603,G06,holdout_G03,train
G06_R0604,G06,holdout_G03,train
G06_R0605,G06,holdout_G03,train
G06_R0606,G06,holdout_G03,train
G06_R0607,G06,holdout_G03,train
G06_R0608,G06,holdout_G03,train
G06_R0609,G06,holdout_G03,train
G06_R0610,G06,holdout_G03,train
G06_R0611,G06,holdout_G03,train
G06_R0612,G06,holdout_G03,train
G06_R0613,G06,holdout_G03,train
G06_R0614,G06,holdout_G03,train
G06_R0615,G06,holdout_G03,train
G06_R0616,G06,holdout_G03,train
G06_R0617,G06,holdout_G03,train
G06_R0618,G06,holdout_G03,train
G06_R0619,G06,holdout_G03,train
G06_R0620,G06,holdout_G03,train
G06_R0621,G06,holdout_G03,train
G06_R0622,G06,holdout_G03,train
G06_R0623,G06,holdout_G03,train
G06_R0624,G06,holdout_G03,train
G06_R0625,G06,holdout_G03,train
G06_R0626,G06,holdout_G03,train
G06_R0627,G06,holdout_G03,train
G06_R0628,G06,holdout_G03,train
G06_R0629,G06,holdout_G03,train
G06_R0630,G06,holdout_G03,train
G06_R0631,G06,holdout_G03,train
G06_R0632,G06,holdout_G03,train
G06_R0633,G06,holdout_G03,train
G06_R0634,G06,holdout_G03,train
G06_R0635,G06,holdout_G03,train
G06_R0636,G06,holdout_G03,train
G06_R0637,G06,holdout_G03,train
G06_R0638,G06,holdout_G03,train
G06_R0639,G06,holdout_G03,train
G06_R0640,G06,holdout_G03,train
G06_R0641,G06,holdout_G03,train
G06_R0642,G06,holdout_G03,train
G06_R0643,G06,holdout_G03,train
G06_R0644,G06,holdout_G03,train
G06_R0645,G06,holdout_G03,train
G06_R0646,G06,holdout_G03,train
G06_R0647,G06,holdout_G03,train
G06_R0648,G06,holdout_G03,train
G06_R0649,G06,holdout_G03,train
G06_R0650,G06,holdout_G03,train
G06_R0651,G06,holdout_G03,train
G06_R0652,G06,holdout_G03,train
G06_R0653,G06,holdout_G03,train
G06_R0654,G06,holdout_G03,train
G06_R0655,G06,holdout_G03,train
G06_R0656,G06,holdout_G03,train
G06_R0657,G06,holdout_G03,train
G06_R0658,G06,holdout_G03,train
G06_R0659,G06,holdout_G03,train
G06_R0660,G06,holdout_G03,train
G06_R0661,G06,holdout_G03,train
G06_R0662,G06,holdout_G03,train
G06_R0663,G06,holdout_G03,train
G06_R0664,G06,holdout_G03,train
G06_R0665,G06,holdout_G03,train
G06_R0666,G06,holdout_G03,train
G06_R0667,G06,holdout_G03,train
G06_R0668,G06,holdout_G03,train
G06_R0669,G06,holdout_G03,train
G06_R0670,G06,holdout_G03,train
G06_R0671,G06,holdout_G03,train
G06_R0672,G06,holdout_G03,train
G06_R0673,G06,holdout_G03,train
G06_R0674,G06,holdout_G03,train
G06_R0675,G06,holdout_G03,train
G06_R0676,G06,holdout_G03,train
G06_R0677,G06,holdout_G03,train
G06_R0678,G06,holdout_G03,train
G06_R0679,G06,holdout_G03,train
G06_R0680,G06,holdout_G03,train
G06_R0681,G06,holdout_G03,train
G06_R0682,G06,holdout_G03,train
G06_R0683,G06,holdout_G03,train
G06_R0684,G06,holdout_G03,train
G06_R0685,G06,holdout_G03,train
G06_R0686,G06,holdout_G03,train
G06_R0687,G06,holdout_G03,train
G06_R0688,G06,holdout_G03,train
G06_R0689,G06,holdout_G03,train
G06_R0690,G06,holdout_G03,train
G06_R0691,G06,holdout_G03,train
G06_R0692,G06,holdout_G03,train
G06_R0693,G06,holdout_G03,train
G06_R0694,G06,holdout_G03,train
G06_R0695,G06,holdout_G03,train
G06_R0696,G06,holdout_G03,train
G06_R0697,G06,holdout_G03,train
G06_R0698,G06,holdout_G03,train
G06_R0699,G06,holdout_G03,train
G06_R0700,G06,holdout_G03,train
G06_R0701,G06,holdout_G03,train
G06_R0702,G06,holdout_G03,train
G06_R0703,G06,holdout_G03,train
G06_R0704,G06,holdout_G03,train
G06_R0705,G06,holdout_G03,train
G06_R0706,G06,holdout_G03,train
G06_R0707,G06,holdout_G03,train
G06_R0708,G06,holdout_G03,train
G06_R0709,G06,holdout_G03,train
G06_R0710,G06,holdout_G03,train
G06_R0711,G06,holdout_G03,train
G06_R0712,G06,holdout_G03,train
G06_R0713,G06,holdout_G03,train
G06_R0714,G06,holdout_G03,train
G06_R0715,G06,holdout_G03,train
G06_R0716,G06,holdout_G03,train
G06_R0717,G06,holdout_G03,train
G06_R0718,G06,holdout_G03,train
G06_R0719,G06,holdout_G03,train
G06_R0720,G06,holdout_G03,train
G06_R0721,G06,holdout_G03,train
G06_R0722,G06,holdout_G03,train
G06_R0723,G06,holdout_G03,train
G06_R0724,G06,holdout_G03,train
G06_R0725,G06,holdout_G03,train
G06_R0726,G06,holdout_G03,train
G06_R0727,G06,holdout_G03,train
G06_R0728,G06,holdout_G03,train
G06_R0729,G06,holdout_G03,train
G06_R0730,G06,holdout_G03,train
G06_R0731,G06,holdout_G03,train
G06_R0732,G06,holdout_G03,train
G06_R0733,G06,holdout_G03,train
G06_R0734,G06,holdout_G03,train
G06_R0735,G06,holdout_G03,train
G06_R0736,G06,holdout_G03,train
G06_R0737,G06,holdout_G03,train
G06_R0738,G06,holdout_G03,train
G06_R0739,G06,holdout_G03,train
G06_R0740,G06,holdout_G03,train
G06_R0741,G06,holdout_G03,train
G06_R0742,G06,holdout_G03,train
G06_R0743,G06,holdout_G03,train
G06_R0744,G06,holdout_G03,train
G06_R0745,G06,holdout_G03,train
G06_R0746,G06,holdout_G03,train
G06_R0747,G06,holdout_G03,train
G06_R0748,G06,holdout_G03,train
G06_R0749,G06,holdout_G03,train
G06_R0750,G06,holdout_G03,train
G06_R0751,G06,holdout_G03,train
G06_R0752,G06,holdout_G03,train
G06_R0753,G06,holdout_G03,train
G06_R0754,G06,holdout_G03,train
G06_R0755,G06,holdout_G03,train
G06_R0756,G06,holdout_G03,train
G06_R0757,G06,holdout_G03,train
G06_R0758,G06,holdout_G03,train
G06_R0759,G06,holdout_G03,train
G06_R0760,G06,holdout_G03,train
G06_R0761,G06,holdout_G03,train
G06_R0762,G06,holdout_G03,train
G06_R0763,G06,holdout_G03,train
G06_R0764,G06,holdout_G03,train
G06_R0765,G06,holdout_G03,train
G06_R0766,G06,holdout_G03,train
G06_R0767,G06,holdout_G03,train
G06_R0768,G06,holdout_G03,train
G01_R0001,G01,holdout_G04,train
G01_R0002,G01,holdout_G04,train
G01_R0003,G01,holdout_G04,train
G01_R0004,G01,holdout_G04,train
G01_R0005,G01,holdout_G04,train
G01_R0006,G01,holdout_G04,train
G01_R0007,G01,holdout_G04,train
G01_R0008,G01,holdout_G04,train
G01_R0009,G01,holdout_G04,train
G01_R0010,G01,holdout_G04,train
G01_R0011,G01,holdout_G04,train
G01_R0012,G01,holdout_G04,train
G01_R0013,G01,holdout_G04,train
G01_R0014,G01,holdout_G04,train
G01_R0015,G01,holdout_G04,train
G01_R0016,G01,holdout_G04,train
G01_R0017,G01,holdout_G04,train
G01_R0018,G01,holdout_G04,train
G01_R0019,G01,holdout_G04,train
G01_R0020,G01,holdout_G04,train
G01_R0021,G01,holdout_G04,train
G01_R0022,G01,holdout_G04,train
G01_R0023,G01,holdout_G04,train
G01_R0024,G01,holdout_G04,train
G01_R0025,G01,holdout_G04,train
G01_R0026,G01,holdout_G04,train
G01_R0027,G01,holdout_G04,train
G01_R0028,G01,holdout_G04,train
G01_R0029,G01,holdout_G04,train
G01_R0030,G01,holdout_G04,train
G01_R0031,G01,holdout_G04,train
G01_R0032,G01,holdout_G04,train
G01_R0033,G01,holdout_G04,train
G01_R0034,G01,holdout_G04,train
G01_R0035,G01,holdout_G04,train
G01_R0036,G01,holdout_G04,train
G01_R0037,G01,holdout_G04,train
G01_R0038,G01,holdout_G04,train
G01_R0039,G01,holdout_G04,train
G01_R0040,G01,holdout_G04,train
G01_R0041,G01,holdout_G04,train
G01_R0042,G01,holdout_G04,train
G01_R0043,G01,holdout_G04,train
G01_R0044,G01,holdout_G04,train
G01_R0045,G01,holdout_G04,train
G01_R0046,G01,holdout_G04,train
G01_R0047,G01,holdout_G04,train
G01_R0048,G01,holdout_G04,train
G01_R0049,G01,holdout_G04,train
G01_R0050,G01,holdout_G04,train
G01_R0051,G01,holdout_G04,train
G01_R0052,G01,holdout_G04,train
G01_R0053,G01,holdout_G04,train
G01_R0054,G01,holdout_G04,train
G01_R0055,G01,holdout_G04,train
G01_R0056,G01,holdout_G04,train
G01_R0057,G01,holdout_G04,train
G01_R0058,G01,holdout_G04,train
G01_R0059,G01,holdout_G04,train
G01_R0060,G01,holdout_G04,train
G01_R0061,G01,holdout_G04,train
G01_R0062,G01,holdout_G04,train
G01_R0063,G01,holdout_G04,train
G01_R0064,G01,holdout_G04,train
G01_R0065,G01,holdout_G04,train
G01_R0066,G01,holdout_G04,train
G01_R0067,G01,holdout_G04,train
G01_R0068,G01,holdout_G04,train
G01_R0069,G01,holdout_G04,train
G01_R0070,G01,holdout_G04,train
G01_R0071,G01,holdout_G04,train
G01_R0072,G01,holdout_G04,train
G01_R0073,G01,holdout_G04,train
G01_R0074,G01,holdout_G04,train
G01_R0075,G01,holdout_G04,train
G01_R0076,G01,holdout_G04,train
G01_R0077,G01,holdout_G04,train
G01_R0078,G01,holdout_G04,train
G01_R0079,G01,holdout_G04,train
G01_R0080,G01,holdout_G04,train
G01_R0081,G01,holdout_G04,train
G01_R0082,G01,holdout_G04,train
G01_R0083,G01,holdout_G04,train
G01_R0084,G01,holdout_G04,train
G01_R0085,G01,holdout_G04,train
G01_R0086,G01,holdout_G04,train
G01_R0087,G01,holdout_G04,train
G01_R0088,G01,holdout_G04,train
G01_R0089,G01,holdout_G04,train
G01_R0090,G01,holdout_G04,train
G01_R0091,G01,holdout_G04,train
G01_R0092,G01,holdout_G04,train
G01_R0093,G01,holdout_G04,train
G01_R0094,G01,holdout_G04,train
G01_R0095,G01,holdout_G04,train
G01_R0096,G01,holdout_G04,train
G01_R0097,G01,holdout_G04,train
G01_R0098,G01,holdout_G04,train
G01_R0099,G01,holdout_G04,train
G01_R0100,G01,holdout_G04,train
G01_R0101,G01,holdout_G04,train
G01_R0102,G01,holdout_G04,train
G01_R0103,G01,holdout_G04,train
G01_R0104,G01,holdout_G04,train
G01_R0105,G01,holdout_G04,train
G01_R0106,G01,holdout_G04,train
G01_R0107,G01,holdout_G04,train
G01_R0108,G01,holdout_G04,train
G01_R0109,G01,holdout_G04,train
G01_R0110,G01,holdout_G04,train
G01_R0111,G01,holdout_G04,train
G01_R0112,G01,holdout_G04,train
G01_R0113,G01,holdout_G04,train
G01_R0114,G01,holdout_G04,train
G01_R0115,G01,holdout_G04,train
G01_R0116,G01,holdout_G04,train
G01_R0117,G01,holdout_G04,train
G01_R0118,G01,holdout_G04,train
G01_R0119,G01,holdout_G04,train
G01_R0120,G01,holdout_G04,train
G01_R0121,G01,holdout_G04,train
G01_R0122,G01,holdout_G04,train
G01_R0123,G01,holdout_G04,train
G01_R0124,G01,holdout_G04,train
G01_R0125,G01,holdout_G04,train
G01_R0126,G01,holdout_G04,train
G01_R0127,G01,holdout_G04,train
G01_R0128,G01,holdout_G04,train
G01_R0129,G01,holdout_G04,train
G01_R0130,G01,holdout_G04,train
G01_R0131,G01,holdout_G04,train
G01_R0132,G01,holdout_G04,train
G01_R0133,G01,holdout_G04,train
G01_R0134,G01,holdout_G04,train
G01_R0135,G01,holdout_G04,train
G01_R0136,G01,holdout_G04,train
G01_R0137,G01,holdout_G04,train
G01_R0138,G01,holdout_G04,train
G01_R0139,G01,holdout_G04,train
G01_R0140,G01,holdout_G04,train
G01_R0141,G01,holdout_G04,train
G01_R0142,G01,holdout_G04,train
G01_R0143,G01,holdout_G04,train
G01_R0144,G01,holdout_G04,train
G01_R0145,G01,holdout_G04,train
G01_R0146,G01,holdout_G04,train
G01_R0147,G01,holdout_G04,train
G01_R0148,G01,holdout_G04,train
G01_R0149,G01,holdout_G04,train
G01_R0150,G01,holdout_G04,train
G01_R0151,G01,holdout_G04,train
G01_R0152,G01,holdout_G04,train
G01_R0153,G01,holdout_G04,train
G01_R0154,G01,holdout_G04,train
G01_R0155,G01,holdout_G04,train
G01_R0156,G01,holdout_G04,train
G01_R0157,G01,holdout_G04,train
G01_R0158,G01,holdout_G04,train
G01_R0159,G01,holdout_G04,train
G01_R0160,G01,holdout_G04,train
G01_R0161,G01,holdout_G04,train
G01_R0162,G01,holdout_G04,train
G01_R0163,G01,holdout_G04,train
G01_R0164,G01,holdout_G04,train
G01_R0165,G01,holdout_G04,train
G01_R0166,G01,holdout_G04,train
G01_R0167,G01,holdout_G04,train
G01_R0168,G01,holdout_G04,train
G01_R0169,G01,holdout_G04,train
G01_R0170,G01,holdout_G04,train
G01_R0171,G01,holdout_G04,train
G01_R0172,G01,holdout_G04,train
G01_R0173,G01,holdout_G04,train
G01_R0174,G01,holdout_G04,train
G01_R0175,G01,holdout_G04,train
G01_R0176,G01,holdout_G04,train
G01_R0177,G01,holdout_G04,train
G01_R0178,G01,holdout_G04,train
G01_R0179,G01,holdout_G04,train
G01_R0180,G01,holdout_G04,train
G01_R0181,G01,holdout_G04,train
G01_R0182,G01,holdout_G04,train
G01_R0183,G01,holdout_G04,train
G01_R0184,G01,holdout_G04,train
G01_R0185,G01,holdout_G04,train
G01_R0186,G01,holdout_G04,train
G01_R0187,G01,holdout_G04,train
G01_R0188,G01,holdout_G04,train
G01_R0189,G01,holdout_G04,train
G01_R0190,G01,holdout_G04,train
G01_R0191,G01,holdout_G04,train
G01_R0192,G01,holdout_G04,train
G01_R0193,G01,holdout_G04,train
G01_R0194,G01,holdout_G04,train
G01_R0195,G01,holdout_G04,train
G01_R0196,G01,holdout_G04,train
G01_R0197,G01,holdout_G04,train
G01_R0198,G01,holdout_G04,train
G01_R0199,G01,holdout_G04,train
G01_R0200,G01,holdout_G04,train
G01_R0201,G01,holdout_G04,train
G01_R0202,G01,holdout_G04,train
G01_R0203,G01,holdout_G04,train
G01_R0204,G01,holdout_G04,train
G01_R0205,G01,holdout_G04,train
G01_R0206,G01,holdout_G04,train
G01_R0207,G01,holdout_G04,train
G01_R0208,G01,holdout_G04,train
G01_R0209,G01,holdout_G04,train
G01_R0210,G01,holdout_G04,train
G01_R0211,G01,holdout_G04,train
G01_R0212,G01,holdout_G04,train
G01_R0213,G01,holdout_G04,train
G01_R0214,G01,holdout_G04,train
G01_R0215,G01,holdout_G04,train
G01_R0216,G01,holdout_G04,train
G01_R0217,G01,holdout_G04,train
G01_R0218,G01,holdout_G04,train
G01_R0219,G01,holdout_G04,train
G01_R0220,G01,holdout_G04,train
G01_R0221,G01,holdout_G04,train
G01_R0222,G01,holdout_G04,train
G01_R0223,G01,holdout_G04,train
G01_R0224,G01,holdout_G04,train
G01_R0225,G01,holdout_G04,train
G01_R0226,G01,holdout_G04,train
G01_R0227,G01,holdout_G04,train
G01_R0228,G01,holdout_G04,train
G01_R0229,G01,holdout_G04,train
G01_R0230,G01,holdout_G04,train
G01_R0231,G01,holdout_G04,train
G01_R0232,G01,holdout_G04,train
G01_R0233,G01,holdout_G04,train
G01_R0234,G01,holdout_G04,train
G01_R0235,G01,holdout_G04,train
G01_R0236,G01,holdout_G04,train
G01_R0237,G01,holdout_G04,train
G01_R0238,G01,holdout_G04,train
G01_R0239,G01,holdout_G04,train
G01_R0240,G01,holdout_G04,train
G01_R0241,G01,holdout_G04,train
G01_R0242,G01,holdout_G04,train
G01_R0243,G01,holdout_G04,train
G01_R0244,G01,holdout_G04,train
G01_R0245,G01,holdout_G04,train
G01_R0246,G01,holdout_G04,train
G01_R0247,G01,holdout_G04,train
G01_R0248,G01,holdout_G04,train
G01_R0249,G01,holdout_G04,train
G01_R0250,G01,holdout_G04,train
G01_R0251,G01,holdout_G04,train
G01_R0252,G01,holdout_G04,train
G01_R0253,G01,holdout_G04,train
G01_R0254,G01,holdout_G04,train
G01_R0255,G01,holdout_G04,train
G01_R0256,G01,holdout_G04,train
G01_R0257,G01,holdout_G04,train
G01_R0258,G01,holdout_G04,train
G01_R0259,G01,holdout_G04,train
G01_R0260,G01,holdout_G04,train
G01_R0261,G01,holdout_G04,train
G01_R0262,G01,holdout_G04,train
G01_R0263,G01,holdout_G04,train
G01_R0264,G01,holdout_G04,train
G01_R0265,G01,holdout_G04,train
G01_R0266,G01,holdout_G04,train
G01_R0267,G01,holdout_G04,train
G01_R0268,G01,holdout_G04,train
G01_R0269,G01,holdout_G04,train
G01_R0270,G01,holdout_G04,train
G01_R0271,G01,holdout_G04,train
G01_R0272,G01,holdout_G04,train
G01_R0273,G01,holdout_G04,train
G01_R0274,G01,holdout_G04,train
G01_R0275,G01,holdout_G04,train
G01_R0276,G01,holdout_G04,train
G01_R0277,G01,holdout_G04,train
G01_R0278,G01,holdout_G04,train
G01_R0279,G01,holdout_G04,train
G01_R0280,G01,holdout_G04,train
G01_R0281,G01,holdout_G04,train
G01_R0282,G01,holdout_G04,train
G01_R0283,G01,holdout_G04,train
G01_R0284,G01,holdout_G04,train
G01_R0285,G01,holdout_G04,train
G01_R0286,G01,holdout_G04,train
G01_R0287,G01,holdout_G04,train
G01_R0288,G01,holdout_G04,train
G01_R0289,G01,holdout_G04,train
G01_R0290,G01,holdout_G04,train
G01_R0291,G01,holdout_G04,train
G01_R0292,G01,holdout_G04,train
G01_R0293,G01,holdout_G04,train
G01_R0294,G01,holdout_G04,train
G01_R0295,G01,holdout_G04,train
G01_R0296,G01,holdout_G04,train
G01_R0297,G01,holdout_G04,train
G01_R0298,G01,holdout_G04,train
G01_R0299,G01,holdout_G04,train
G01_R0300,G01,holdout_G04,train
G01_R0301,G01,holdout_G04,train
G01_R0302,G01,holdout_G04,train
G01_R0303,G01,holdout_G04,train
G01_R0304,G01,holdout_G04,train
G01_R0305,G01,holdout_G04,train
G01_R0306,G01,holdout_G04,train
G01_R0307,G01,holdout_G04,train
G01_R0308,G01,holdout_G04,train
G01_R0309,G01,holdout_G04,train
G01_R0310,G01,holdout_G04,train
G01_R0311,G01,holdout_G04,train
G01_R0312,G01,holdout_G04,train
G01_R0313,G01,holdout_G04,train
G01_R0314,G01,holdout_G04,train
G01_R0315,G01,holdout_G04,train
G01_R0316,G01,holdout_G04,train
G01_R0317,G01,holdout_G04,train
G01_R0318,G01,holdout_G04,train
G01_R0319,G01,holdout_G04,train
G01_R0320,G01,holdout_G04,train
G01_R0321,G01,holdout_G04,train
G01_R0322,G01,holdout_G04,train
G01_R0323,G01,holdout_G04,train
G01_R0324,G01,holdout_G04,train
G01_R0325,G01,holdout_G04,train
G01_R0326,G01,holdout_G04,train
G01_R0327,G01,holdout_G04,train
G01_R0328,G01,holdout_G04,train
G01_R0329,G01,holdout_G04,train
G01_R0330,G01,holdout_G04,train
G01_R0331,G01,holdout_G04,train
G01_R0332,G01,holdout_G04,train
G01_R0333,G01,holdout_G04,train
G01_R0334,G01,holdout_G04,train
G01_R0335,G01,holdout_G04,train
G01_R0336,G01,holdout_G04,train
G01_R0337,G01,holdout_G04,train
G01_R0338,G01,holdout_G04,train
G01_R0339,G01,holdout_G04,train
G01_R0340,G01,holdout_G04,train
G01_R0341,G01,holdout_G04,train
G01_R0342,G01,holdout_G04,train
G01_R0343,G01,holdout_G04,train
G01_R0344,G01,holdout_G04,train
G01_R0345,G01,holdout_G04,train
G01_R0346,G01,holdout_G04,train
G01_R0347,G01,holdout_G04,train
G01_R0348,G01,holdout_G04,train
G01_R0349,G01,holdout_G04,train
G01_R0350,G01,holdout_G04,train
G01_R0351,G01,holdout_G04,train
G01_R0352,G01,holdout_G04,train
G01_R0353,G01,holdout_G04,train
G01_R0354,G01,holdout_G04,train
G01_R0355,G01,holdout_G04,train
G01_R0356,G01,holdout_G04,train
G01_R0357,G01,holdout_G04,train
G01_R0358,G01,holdout_G04,train
G01_R0359,G01,holdout_G04,train
G01_R0360,G01,holdout_G04,train
G01_R0361,G01,holdout_G04,train
G01_R0362,G01,holdout_G04,train
G01_R0363,G01,holdout_G04,train
G01_R0364,G01,holdout_G04,train
G01_R0365,G01,holdout_G04,train
G01_R0366,G01,holdout_G04,train
G01_R0367,G01,holdout_G04,train
G01_R0368,G01,holdout_G04,train
G01_R0369,G01,holdout_G04,train
G01_R0370,G01,holdout_G04,train
G01_R0371,G01,holdout_G04,train
G01_R0372,G01,holdout_G04,train
G01_R0373,G01,holdout_G04,train
G01_R0374,G01,holdout_G04,train
G01_R0375,G01,holdout_G04,train
G01_R0376,G01,holdout_G04,train
G01_R0377,G01,holdout_G04,train
G01_R0378,G01,holdout_G04,train
G01_R0379,G01,holdout_G04,train
G01_R0380,G01,holdout_G04,train
G01_R0381,G01,holdout_G04,train
G01_R0382,G01,holdout_G04,train
G01_R0383,G01,holdout_G04,train
G01_R0384,G01,holdout_G04,train
G01_R0385,G01,holdout_G04,train
G01_R0386,G01,holdout_G04,train
G01_R0387,G01,holdout_G04,train
G01_R0388,G01,holdout_G04,train
G01_R0389,G01,holdout_G04,train
G01_R0390,G01,holdout_G04,train
G01_R0391,G01,holdout_G04,train
G01_R0392,G01,holdout_G04,train
G01_R0393,G01,holdout_G04,train
G01_R0394,G01,holdout_G04,train
G01_R0395,G01,holdout_G04,train
G01_R0396,G01,holdout_G04,train
G01_R0397,G01,holdout_G04,train
G01_R0398,G01,holdout_G04,train
G01_R0399,G01,holdout_G04,train
G01_R0400,G01,holdout_G04,train
G01_R0401,G01,holdout_G04,train
G01_R0402,G01,holdout_G04,train
G01_R0403,G01,holdout_G04,train
G01_R0404,G01,holdout_G04,train
G01_R0405,G01,holdout_G04,train
G01_R0406,G01,holdout_G04,train
G01_R0407,G01,holdout_G04,train
G01_R0408,G01,holdout_G04,train
G01_R0409,G01,holdout_G04,train
G01_R0410,G01,holdout_G04,train
G01_R0411,G01,holdout_G04,train
G01_R0412,G01,holdout_G04,train
G01_R0413,G01,holdout_G04,train
G01_R0414,G01,holdout_G04,train
G01_R0415,G01,holdout_G04,train
G01_R0416,G01,holdout_G04,train
G01_R0417,G01,holdout_G04,train
G01_R0418,G01,holdout_G04,train
G01_R0419,G01,holdout_G04,train
G01_R0420,G01,holdout_G04,train
G01_R0421,G01,holdout_G04,train
G01_R0422,G01,holdout_G04,train
G01_R0423,G01,holdout_G04,train
G01_R0424,G01,holdout_G04,train
G01_R0425,G01,holdout_G04,train
G01_R0426,G01,holdout_G04,train
G01_R0427,G01,holdout_G04,train
G01_R0428,G01,holdout_G04,train
G01_R0429,G01,holdout_G04,train
G01_R0430,G01,holdout_G04,train
G01_R0431,G01,holdout_G04,train
G01_R0432,G01,holdout_G04,train
G01_R0433,G01,holdout_G04,train
G01_R0434,G01,holdout_G04,train
G01_R0435,G01,holdout_G04,train
G01_R0436,G01,holdout_G04,train
G01_R0437,G01,holdout_G04,train
G01_R0438,G01,holdout_G04,train
G01_R0439,G01,holdout_G04,train
G01_R0440,G01,holdout_G04,train
G01_R0441,G01,holdout_G04,train
G01_R0442,G01,holdout_G04,train
G01_R0443,G01,holdout_G04,train
G01_R0444,G01,holdout_G04,train
G01_R0445,G01,holdout_G04,train
G01_R0446,G01,holdout_G04,train
G01_R0447,G01,holdout_G04,train
G01_R0448,G01,holdout_G04,train
G01_R0449,G01,holdout_G04,train
G01_R0450,G01,holdout_G04,train
G01_R0451,G01,holdout_G04,train
G01_R0452,G01,holdout_G04,train
G01_R0453,G01,holdout_G04,train
G01_R0454,G01,holdout_G04,train
G01_R0455,G01,holdout_G04,train
G01_R0456,G01,holdout_G04,train
G01_R0457,G01,holdout_G04,train
G01_R0458,G01,holdout_G04,train
G01_R0459,G01,holdout_G04,train
G01_R0460,G01,holdout_G04,train
G01_R0461,G01,holdout_G04,train
G01_R0462,G01,holdout_G04,train
G01_R0463,G01,holdout_G04,train
G01_R0464,G01,holdout_G04,train
G01_R0465,G01,holdout_G04,train
G01_R0466,G01,holdout_G04,train
G01_R0467,G01,holdout_G04,train
G01_R0468,G01,holdout_G04,train
G01_R0469,G01,holdout_G04,train
G01_R0470,G01,holdout_G04,train
G01_R0471,G01,holdout_G04,train
G01_R0472,G01,holdout_G04,train
G01_R0473,G01,holdout_G04,train
G01_R0474,G01,holdout_G04,train
G01_R0475,G01,holdout_G04,train
G01_R0476,G01,holdout_G04,train
G01_R0477,G01,holdout_G04,train
G01_R0478,G01,holdout_G04,train
G01_R0479,G01,holdout_G04,train
G01_R0480,G01,holdout_G04,train
G01_R0481,G01,holdout_G04,train
G01_R0482,G01,holdout_G04,train
G01_R0483,G01,holdout_G04,train
G01_R0484,G01,holdout_G04,train
G01_R0485,G01,holdout_G04,train
G01_R0486,G01,holdout_G04,train
G01_R0487,G01,holdout_G04,train
G01_R0488,G01,holdout_G04,train
G01_R0489,G01,holdout_G04,train
G01_R0490,G01,holdout_G04,train
G01_R0491,G01,holdout_G04,train
G01_R0492,G01,holdout_G04,train
G01_R0493,G01,holdout_G04,train
G01_R0494,G01,holdout_G04,train
G01_R0495,G01,holdout_G04,train
G01_R0496,G01,holdout_G04,train
G01_R0497,G01,holdout_G04,train
G01_R0498,G01,holdout_G04,train
G01_R0499,G01,holdout_G04,train
G01_R0500,G01,holdout_G04,train
G01_R0501,G01,holdout_G04,train
G01_R0502,G01,holdout_G04,train
G01_R0503,G01,holdout_G04,train
G01_R0504,G01,holdout_G04,train
G01_R0505,G01,holdout_G04,train
G01_R0506,G01,holdout_G04,train
G01_R0507,G01,holdout_G04,train
G01_R0508,G01,holdout_G04,train
G01_R0509,G01,holdout_G04,train
G01_R0510,G01,holdout_G04,train
G01_R0511,G01,holdout_G04,train
G01_R0512,G01,holdout_G04,train
G01_R0513,G01,holdout_G04,train
G01_R0514,G01,holdout_G04,train
G01_R0515,G01,holdout_G04,train
G01_R0516,G01,holdout_G04,train
G01_R0517,G01,holdout_G04,train
G01_R0518,G01,holdout_G04,train
G01_R0519,G01,holdout_G04,train
G01_R0520,G01,holdout_G04,train
G01_R0521,G01,holdout_G04,train
G01_R0522,G01,holdout_G04,train
G01_R0523,G01,holdout_G04,train
G01_R0524,G01,holdout_G04,train
G01_R0525,G01,holdout_G04,train
G01_R0526,G01,holdout_G04,train
G01_R0527,G01,holdout_G04,train
G01_R0528,G01,holdout_G04,train
G01_R0529,G01,holdout_G04,train
G01_R0530,G01,holdout_G04,train
G01_R0531,G01,holdout_G04,train
G01_R0532,G01,holdout_G04,train
G01_R0533,G01,holdout_G04,train
G01_R0534,G01,holdout_G04,train
G01_R0535,G01,holdout_G04,train
G01_R0536,G01,holdout_G04,train
G01_R0537,G01,holdout_G04,train
G01_R0538,G01,holdout_G04,train
G01_R0539,G01,holdout_G04,train
G01_R0540,G01,holdout_G04,train
G01_R0541,G01,holdout_G04,train
G01_R0542,G01,holdout_G04,train
G01_R0543,G01,holdout_G04,train
G01_R0544,G01,holdout_G04,train
G01_R0545,G01,holdout_G04,train
G01_R0546,G01,holdout_G04,train
G01_R0547,G01,holdout_G04,train
G01_R0548,G01,holdout_G04,train
G01_R0549,G01,holdout_G04,train
G01_R0550,G01,holdout_G04,train
G01_R0551,G01,holdout_G04,train
G01_R0552,G01,holdout_G04,train
G01_R0553,G01,holdout_G04,train
G01_R0554,G01,holdout_G04,train
G01_R0555,G01,holdout_G04,train
G01_R0556,G01,holdout_G04,train
G01_R0557,G01,holdout_G04,train
G01_R0558,G01,holdout_G04,train
G01_R0559,G01,holdout_G04,train
G01_R0560,G01,holdout_G04,train
G01_R0561,G01,holdout_G04,train
G01_R0562,G01,holdout_G04,train
G01_R0563,G01,holdout_G04,train
G01_R0564,G01,holdout_G04,train
G01_R0565,G01,holdout_G04,train
G01_R0566,G01,holdout_G04,train
G01_R0567,G01,holdout_G04,train
G01_R0568,G01,holdout_G04,train
G01_R0569,G01,holdout_G04,train
G01_R0570,G01,holdout_G04,train
G01_R0571,G01,holdout_G04,train
G01_R0572,G01,holdout_G04,train
G01_R0573,G01,holdout_G04,train
G01_R0574,G01,holdout_G04,train
G01_R0575,G01,holdout_G04,train
G01_R0576,G01,holdout_G04,train
G01_R0577,G01,holdout_G04,train
G01_R0578,G01,holdout_G04,train
G01_R0579,G01,holdout_G04,train
G01_R0580,G01,holdout_G04,train
G01_R0581,G01,holdout_G04,train
G01_R0582,G01,holdout_G04,train
G01_R0583,G01,holdout_G04,train
G01_R0584,G01,holdout_G04,train
G01_R0585,G01,holdout_G04,train
G01_R0586,G01,holdout_G04,train
G01_R0587,G01,holdout_G04,train
G01_R0588,G01,holdout_G04,train
G01_R0589,G01,holdout_G04,train
G01_R0590,G01,holdout_G04,train
G01_R0591,G01,holdout_G04,train
G01_R0592,G01,holdout_G04,train
G01_R0593,G01,holdout_G04,train
G01_R0594,G01,holdout_G04,train
G01_R0595,G01,holdout_G04,train
G01_R0596,G01,holdout_G04,train
G01_R0597,G01,holdout_G04,train
G01_R0598,G01,holdout_G04,train
G01_R0599,G01,holdout_G04,train
G01_R0600,G01,holdout_G04,train
G01_R0601,G01,holdout_G04,train
G01_R0602,G01,holdout_G04,train
G01_R0603,G01,holdout_G04,train
G01_R0604,G01,holdout_G04,train
G01_R0605,G01,holdout_G04,train
G01_R0606,G01,holdout_G04,train
G01_R0607,G01,holdout_G04,train
G01_R0608,G01,holdout_G04,train
G01_R0609,G01,holdout_G04,train
G01_R0610,G01,holdout_G04,train
G01_R0611,G01,holdout_G04,train
G01_R0612,G01,holdout_G04,train
G01_R0613,G01,holdout_G04,train
G01_R0614,G01,holdout_G04,train
G01_R0615,G01,holdout_G04,train
G01_R0616,G01,holdout_G04,train
G01_R0617,G01,holdout_G04,train
G01_R0618,G01,holdout_G04,train
G01_R0619,G01,holdout_G04,train
G01_R0620,G01,holdout_G04,train
G01_R0621,G01,holdout_G04,train
G01_R0622,G01,holdout_G04,train
G01_R0623,G01,holdout_G04,train
G01_R0624,G01,holdout_G04,train
G01_R0625,G01,holdout_G04,train
G01_R0626,G01,holdout_G04,train
G01_R0627,G01,holdout_G04,train
G01_R0628,G01,holdout_G04,train
G01_R0629,G01,holdout_G04,train
G01_R0630,G01,holdout_G04,train
G01_R0631,G01,holdout_G04,train
G01_R0632,G01,holdout_G04,train
G01_R0633,G01,holdout_G04,train
G01_R0634,G01,holdout_G04,train
G01_R0635,G01,holdout_G04,train
G01_R0636,G01,holdout_G04,train
G01_R0637,G01,holdout_G04,train
G01_R0638,G01,holdout_G04,train
G01_R0639,G01,holdout_G04,train
G01_R0640,G01,holdout_G04,train
G01_R0641,G01,holdout_G04,train
G01_R0642,G01,holdout_G04,train
G01_R0643,G01,holdout_G04,train
G01_R0644,G01,holdout_G04,train
G01_R0645,G01,holdout_G04,train
G01_R0646,G01,holdout_G04,train
G01_R0647,G01,holdout_G04,train
G01_R0648,G01,holdout_G04,train
G01_R0649,G01,holdout_G04,train
G01_R0650,G01,holdout_G04,train
G01_R0651,G01,holdout_G04,train
G01_R0652,G01,holdout_G04,train
G01_R0653,G01,holdout_G04,train
G01_R0654,G01,holdout_G04,train
G01_R0655,G01,holdout_G04,train
G01_R0656,G01,holdout_G04,train
G01_R0657,G01,holdout_G04,train
G01_R0658,G01,holdout_G04,train
G01_R0659,G01,holdout_G04,train
G01_R0660,G01,holdout_G04,train
G01_R0661,G01,holdout_G04,train
G01_R0662,G01,holdout_G04,train
G01_R0663,G01,holdout_G04,train
G01_R0664,G01,holdout_G04,train
G01_R0665,G01,holdout_G04,train
G01_R0666,G01,holdout_G04,train
G01_R0667,G01,holdout_G04,train
G01_R0668,G01,holdout_G04,train
G01_R0669,G01,holdout_G04,train
G01_R0670,G01,holdout_G04,train
G01_R0671,G01,holdout_G04,train
G01_R0672,G01,holdout_G04,train
G01_R0673,G01,holdout_G04,train
G01_R0674,G01,holdout_G04,train
G01_R0675,G01,holdout_G04,train
G01_R0676,G01,holdout_G04,train
G01_R0677,G01,holdout_G04,train
G01_R0678,G01,holdout_G04,train
G01_R0679,G01,holdout_G04,train
G01_R0680,G01,holdout_G04,train
G01_R0681,G01,holdout_G04,train
G01_R0682,G01,holdout_G04,train
G01_R0683,G01,holdout_G04,train
G01_R0684,G01,holdout_G04,train
G01_R0685,G01,holdout_G04,train
G01_R0686,G01,holdout_G04,train
G01_R0687,G01,holdout_G04,train
G01_R0688,G01,holdout_G04,train
G01_R0689,G01,holdout_G04,train
G01_R0690,G01,holdout_G04,train
G01_R0691,G01,holdout_G04,train
G01_R0692,G01,holdout_G04,train
G01_R0693,G01,holdout_G04,train
G01_R0694,G01,holdout_G04,train
G01_R0695,G01,holdout_G04,train
G01_R0696,G01,holdout_G04,train
G01_R0697,G01,holdout_G04,train
G01_R0698,G01,holdout_G04,train
G01_R0699,G01,holdout_G04,train
G01_R0700,G01,holdout_G04,train
G01_R0701,G01,holdout_G04,train
G01_R0702,G01,holdout_G04,train
G01_R0703,G01,holdout_G04,train
G01_R0704,G01,holdout_G04,train
G01_R0705,G01,holdout_G04,train
G01_R0706,G01,holdout_G04,train
G01_R0707,G01,holdout_G04,train
G01_R0708,G01,holdout_G04,train
G01_R0709,G01,holdout_G04,train
G01_R0710,G01,holdout_G04,train
G01_R0711,G01,holdout_G04,train
G01_R0712,G01,holdout_G04,train
G01_R0713,G01,holdout_G04,train
G01_R0714,G01,holdout_G04,train
G01_R0715,G01,holdout_G04,train
G01_R0716,G01,holdout_G04,train
G01_R0717,G01,holdout_G04,train
G01_R0718,G01,holdout_G04,train
G01_R0719,G01,holdout_G04,train
G01_R0720,G01,holdout_G04,train
G01_R0721,G01,holdout_G04,train
G01_R0722,G01,holdout_G04,train
G01_R0723,G01,holdout_G04,train
G01_R0724,G01,holdout_G04,train
G01_R0725,G01,holdout_G04,train
G01_R0726,G01,holdout_G04,train
G01_R0727,G01,holdout_G04,train
G01_R0728,G01,holdout_G04,train
G01_R0729,G01,holdout_G04,train
G01_R0730,G01,holdout_G04,train
G01_R0731,G01,holdout_G04,train
G01_R0732,G01,holdout_G04,train
G01_R0733,G01,holdout_G04,train
G01_R0734,G01,holdout_G04,train
G01_R0735,G01,holdout_G04,train
G01_R0736,G01,holdout_G04,train
G01_R0737,G01,holdout_G04,train
G01_R0738,G01,holdout_G04,train
G01_R0739,G01,holdout_G04,train
G01_R0740,G01,holdout_G04,train
G01_R0741,G01,holdout_G04,train
G01_R0742,G01,holdout_G04,train
G01_R0743,G01,holdout_G04,train
G01_R0744,G01,holdout_G04,train
G01_R0745,G01,holdout_G04,train
G01_R0746,G01,holdout_G04,train
G01_R0747,G01,holdout_G04,train
G01_R0748,G01,holdout_G04,train
G01_R0749,G01,holdout_G04,train
G01_R0750,G01,holdout_G04,train
G01_R0751,G01,holdout_G04,train
G01_R0752,G01,holdout_G04,train
G01_R0753,G01,holdout_G04,train
G01_R0754,G01,holdout_G04,train
G01_R0755,G01,holdout_G04,train
G01_R0756,G01,holdout_G04,train
G01_R0757,G01,holdout_G04,train
G01_R0758,G01,holdout_G04,train
G01_R0759,G01,holdout_G04,train
G01_R0760,G01,holdout_G04,train
G01_R0761,G01,holdout_G04,train
G01_R0762,G01,holdout_G04,train
G01_R0763,G01,holdout_G04,train
G01_R0764,G01,holdout_G04,train
G01_R0765,G01,holdout_G04,train
G01_R0766,G01,holdout_G04,train
G01_R0767,G01,holdout_G04,train
G01_R0768,G01,holdout_G04,train
G02_R0001,G02,holdout_G04,train
G02_R0002,G02,holdout_G04,train
G02_R0003,G02,holdout_G04,train
G02_R0004,G02,holdout_G04,train
G02_R0005,G02,holdout_G04,train
G02_R0006,G02,holdout_G04,train
G02_R0007,G02,holdout_G04,train
G02_R0008,G02,holdout_G04,train
G02_R0009,G02,holdout_G04,train
G02_R0010,G02,holdout_G04,train
G02_R0011,G02,holdout_G04,train
G02_R0012,G02,holdout_G04,train
G02_R0013,G02,holdout_G04,train
G02_R0014,G02,holdout_G04,train
G02_R0015,G02,holdout_G04,train
G02_R0016,G02,holdout_G04,train
G02_R0017,G02,holdout_G04,train
G02_R0018,G02,holdout_G04,train
G02_R0019,G02,holdout_G04,train
G02_R0020,G02,holdout_G04,train
G02_R0021,G02,holdout_G04,train
G02_R0022,G02,holdout_G04,train
G02_R0023,G02,holdout_G04,train
G02_R0024,G02,holdout_G04,train
G02_R0025,G02,holdout_G04,train
G02_R0026,G02,holdout_G04,train
G02_R0027,G02,holdout_G04,train
G02_R0028,G02,holdout_G04,train
G02_R0029,G02,holdout_G04,train
G02_R0030,G02,holdout_G04,train
G02_R0031,G02,holdout_G04,train
G02_R0032,G02,holdout_G04,train
G02_R0033,G02,holdout_G04,train
G02_R0034,G02,holdout_G04,train
G02_R0035,G02,holdout_G04,train
G02_R0036,G02,holdout_G04,train
G02_R0037,G02,holdout_G04,train
G02_R0038,G02,holdout_G04,train
G02_R0039,G02,holdout_G04,train
G02_R0040,G02,holdout_G04,train
G02_R0041,G02,holdout_G04,train
G02_R0042,G02,holdout_G04,train
G02_R0043,G02,holdout_G04,train
G02_R0044,G02,holdout_G04,train
G02_R0045,G02,holdout_G04,train
G02_R0046,G02,holdout_G04,train
G02_R0047,G02,holdout_G04,train
G02_R0048,G02,holdout_G04,train
G02_R0049,G02,holdout_G04,train
G02_R0050,G02,holdout_G04,train
G02_R0051,G02,holdout_G04,train
G02_R0052,G02,holdout_G04,train
G02_R0053,G02,holdout_G04,train
G02_R0054,G02,holdout_G04,train
G02_R0055,G02,holdout_G04,train
G02_R0056,G02,holdout_G04,train
G02_R0057,G02,holdout_G04,train
G02_R0058,G02,holdout_G04,train
G02_R0059,G02,holdout_G04,train
G02_R0060,G02,holdout_G04,train
G02_R0061,G02,holdout_G04,train
G02_R0062,G02,holdout_G04,train
G02_R0063,G02,holdout_G04,train
G02_R0064,G02,holdout_G04,train
G02_R0065,G02,holdout_G04,train
G02_R0066,G02,holdout_G04,train
G02_R0067,G02,holdout_G04,train
G02_R0068,G02,holdout_G04,train
G02_R0069,G02,holdout_G04,train
G02_R0070,G02,holdout_G04,train
G02_R0071,G02,holdout_G04,train
G02_R0072,G02,holdout_G04,train
G02_R0073,G02,holdout_G04,train
G02_R0074,G02,holdout_G04,train
G02_R0075,G02,holdout_G04,train
G02_R0076,G02,holdout_G04,train
G02_R0077,G02,holdout_G04,train
G02_R0078,G02,holdout_G04,train
G02_R0079,G02,holdout_G04,train
G02_R0080,G02,holdout_G04,train
G02_R0081,G02,holdout_G04,train
G02_R0082,G02,holdout_G04,train
G02_R0083,G02,holdout_G04,train
G02_R0084,G02,holdout_G04,train
G02_R0085,G02,holdout_G04,train
G02_R0086,G02,holdout_G04,train
G02_R0087,G02,holdout_G04,train
G02_R0088,G02,holdout_G04,train
G02_R0089,G02,holdout_G04,train
G02_R0090,G02,holdout_G04,train
G02_R0091,G02,holdout_G04,train
G02_R0092,G02,holdout_G04,train
G02_R0093,G02,holdout_G04,train
G02_R0094,G02,holdout_G04,train
G02_R0095,G02,holdout_G04,train
G02_R0096,G02,holdout_G04,train
G02_R0097,G02,holdout_G04,train
G02_R0098,G02,holdout_G04,train
G02_R0099,G02,holdout_G04,train
G02_R0100,G02,holdout_G04,train
G02_R0101,G02,holdout_G04,train
G02_R0102,G02,holdout_G04,train
G02_R0103,G02,holdout_G04,train
G02_R0104,G02,holdout_G04,train
G02_R0105,G02,holdout_G04,train
G02_R0106,G02,holdout_G04,train
G02_R0107,G02,holdout_G04,train
G02_R0108,G02,holdout_G04,train
G02_R0109,G02,holdout_G04,train
G02_R0110,G02,holdout_G04,train
G02_R0111,G02,holdout_G04,train
G02_R0112,G02,holdout_G04,train
G02_R0113,G02,holdout_G04,train
G02_R0114,G02,holdout_G04,train
G02_R0115,G02,holdout_G04,train
G02_R0116,G02,holdout_G04,train
G02_R0117,G02,holdout_G04,train
G02_R0118,G02,holdout_G04,train
G02_R0119,G02,holdout_G04,train
G02_R0120,G02,holdout_G04,train
G02_R0121,G02,holdout_G04,train
G02_R0122,G02,holdout_G04,train
G02_R0123,G02,holdout_G04,train
G02_R0124,G02,holdout_G04,train
G02_R0125,G02,holdout_G04,train
G02_R0126,G02,holdout_G04,train
G02_R0127,G02,holdout_G04,train
G02_R0128,G02,holdout_G04,train
G02_R0129,G02,holdout_G04,train
G02_R0130,G02,holdout_G04,train
G02_R0131,G02,holdout_G04,train
G02_R0132,G02,holdout_G04,train
G02_R0133,G02,holdout_G04,train
G02_R0134,G02,holdout_G04,train
G02_R0135,G02,holdout_G04,train
G02_R0136,G02,holdout_G04,train
G02_R0137,G02,holdout_G04,train
G02_R0138,G02,holdout_G04,train
G02_R0139,G02,holdout_G04,train
G02_R0140,G02,holdout_G04,train
G02_R0141,G02,holdout_G04,train
G02_R0142,G02,holdout_G04,train
G02_R0143,G02,holdout_G04,train
G02_R0144,G02,holdout_G04,train
G02_R0145,G02,holdout_G04,train
G02_R0146,G02,holdout_G04,train
G02_R0147,G02,holdout_G04,train
G02_R0148,G02,holdout_G04,train
G02_R0149,G02,holdout_G04,train
G02_R0150,G02,holdout_G04,train
G02_R0151,G02,holdout_G04,train
G02_R0152,G02,holdout_G04,train
G02_R0153,G02,holdout_G04,train
G02_R0154,G02,holdout_G04,train
G02_R0155,G02,holdout_G04,train
G02_R0156,G02,holdout_G04,train
G02_R0157,G02,holdout_G04,train
G02_R0158,G02,holdout_G04,train
G02_R0159,G02,holdout_G04,train
G02_R0160,G02,holdout_G04,train
G02_R0161,G02,holdout_G04,train
G02_R0162,G02,holdout_G04,train
G02_R0163,G02,holdout_G04,train
G02_R0164,G02,holdout_G04,train
G02_R0165,G02,holdout_G04,train
G02_R0166,G02,holdout_G04,train
G02_R0167,G02,holdout_G04,train
G02_R0168,G02,holdout_G04,train
G02_R0169,G02,holdout_G04,train
G02_R0170,G02,holdout_G04,train
G02_R0171,G02,holdout_G04,train
G02_R0172,G02,holdout_G04,train
G02_R0173,G02,holdout_G04,train
G02_R0174,G02,holdout_G04,train
G02_R0175,G02,holdout_G04,train
G02_R0176,G02,holdout_G04,train
G02_R0177,G02,holdout_G04,train
G02_R0178,G02,holdout_G04,train
G02_R0179,G02,holdout_G04,train
G02_R0180,G02,holdout_G04,train
G02_R0181,G02,holdout_G04,train
G02_R0182,G02,holdout_G04,train
G02_R0183,G02,holdout_G04,train
G02_R0184,G02,holdout_G04,train
G02_R0185,G02,holdout_G04,train
G02_R0186,G02,holdout_G04,train
G02_R0187,G02,holdout_G04,train
G02_R0188,G02,holdout_G04,train
G02_R0189,G02,holdout_G04,train
G02_R0190,G02,holdout_G04,train
G02_R0191,G02,holdout_G04,train
G02_R0192,G02,holdout_G04,train
G02_R0193,G02,holdout_G04,train
G02_R0194,G02,holdout_G04,train
G02_R0195,G02,holdout_G04,train
G02_R0196,G02,holdout_G04,train
G02_R0197,G02,holdout_G04,train
G02_R0198,G02,holdout_G04,train
G02_R0199,G02,holdout_G04,train
G02_R0200,G02,holdout_G04,train
G02_R0201,G02,holdout_G04,train
G02_R0202,G02,holdout_G04,train
G02_R0203,G02,holdout_G04,train
G02_R0204,G02,holdout_G04,train
G02_R0205,G02,holdout_G04,train
G02_R0206,G02,holdout_G04,train
G02_R0207,G02,holdout_G04,train
G02_R0208,G02,holdout_G04,train
G02_R0209,G02,holdout_G04,train
G02_R0210,G02,holdout_G04,train
G02_R0211,G02,holdout_G04,train
G02_R0212,G02,holdout_G04,train
G02_R0213,G02,holdout_G04,train
G02_R0214,G02,holdout_G04,train
G02_R0215,G02,holdout_G04,train
G02_R0216,G02,holdout_G04,train
G02_R0217,G02,holdout_G04,train
G02_R0218,G02,holdout_G04,train
G02_R0219,G02,holdout_G04,train
G02_R0220,G02,holdout_G04,train
G02_R0221,G02,holdout_G04,train
G02_R0222,G02,holdout_G04,train
G02_R0223,G02,holdout_G04,train
G02_R0224,G02,holdout_G04,train
G02_R0225,G02,holdout_G04,train
G02_R0226,G02,holdout_G04,train
G02_R0227,G02,holdout_G04,train
G02_R0228,G02,holdout_G04,train
G02_R0229,G02,holdout_G04,train
G02_R0230,G02,holdout_G04,train
G02_R0231,G02,holdout_G04,train
G02_R0232,G02,holdout_G04,train
G02_R0233,G02,holdout_G04,train
G02_R0234,G02,holdout_G04,train
G02_R0235,G02,holdout_G04,train
G02_R0236,G02,holdout_G04,train
G02_R0237,G02,holdout_G04,train
G02_R0238,G02,holdout_G04,train
G02_R0239,G02,holdout_G04,train
G02_R0240,G02,holdout_G04,train
G02_R0241,G02,holdout_G04,train
G02_R0242,G02,holdout_G04,train
G02_R0243,G02,holdout_G04,train
G02_R0244,G02,holdout_G04,train
G02_R0245,G02,holdout_G04,train
G02_R0246,G02,holdout_G04,train
G02_R0247,G02,holdout_G04,train
G02_R0248,G02,holdout_G04,train
G02_R0249,G02,holdout_G04,train
G02_R0250,G02,holdout_G04,train
G02_R0251,G02,holdout_G04,train
G02_R0252,G02,holdout_G04,train
G02_R0253,G02,holdout_G04,train
G02_R0254,G02,holdout_G04,train
G02_R0255,G02,holdout_G04,train
G02_R0256,G02,holdout_G04,train
G02_R0257,G02,holdout_G04,train
G02_R0258,G02,holdout_G04,train
G02_R0259,G02,holdout_G04,train
G02_R0260,G02,holdout_G04,train
G02_R0261,G02,holdout_G04,train
G02_R0262,G02,holdout_G04,train
G02_R0263,G02,holdout_G04,train
G02_R0264,G02,holdout_G04,train
G02_R0265,G02,holdout_G04,train
G02_R0266,G02,holdout_G04,train
G02_R0267,G02,holdout_G04,train
G02_R0268,G02,holdout_G04,train
G02_R0269,G02,holdout_G04,train
G02_R0270,G02,holdout_G04,train
G02_R0271,G02,holdout_G04,train
G02_R0272,G02,holdout_G04,train
G02_R0273,G02,holdout_G04,train
G02_R0274,G02,holdout_G04,train
G02_R0275,G02,holdout_G04,train
G02_R0276,G02,holdout_G04,train
G02_R0277,G02,holdout_G04,train
G02_R0278,G02,holdout_G04,train
G02_R0279,G02,holdout_G04,train
G02_R0280,G02,holdout_G04,train
G02_R0281,G02,holdout_G04,train
G02_R0282,G02,holdout_G04,train
G02_R0283,G02,holdout_G04,train
G02_R0284,G02,holdout_G04,train
G02_R0285,G02,holdout_G04,train
G02_R0286,G02,holdout_G04,train
G02_R0287,G02,holdout_G04,train
G02_R0288,G02,holdout_G04,train
G02_R0289,G02,holdout_G04,train
G02_R0290,G02,holdout_G04,train
G02_R0291,G02,holdout_G04,train
G02_R0292,G02,holdout_G04,train
G02_R0293,G02,holdout_G04,train
G02_R0294,G02,holdout_G04,train
G02_R0295,G02,holdout_G04,train
G02_R0296,G02,holdout_G04,train
G02_R0297,G02,holdout_G04,train
G02_R0298,G02,holdout_G04,train
G02_R0299,G02,holdout_G04,train
G02_R0300,G02,holdout_G04,train
G02_R0301,G02,holdout_G04,train
G02_R0302,G02,holdout_G04,train
G02_R0303,G02,holdout_G04,train
G02_R0304,G02,holdout_G04,train
G02_R0305,G02,holdout_G04,train
G02_R0306,G02,holdout_G04,train
G02_R0307,G02,holdout_G04,train
G02_R0308,G02,holdout_G04,train
G02_R0309,G02,holdout_G04,train
G02_R0310,G02,holdout_G04,train
G02_R0311,G02,holdout_G04,train
G02_R0312,G02,holdout_G04,train
G02_R0313,G02,holdout_G04,train
G02_R0314,G02,holdout_G04,train
G02_R0315,G02,holdout_G04,train
G02_R0316,G02,holdout_G04,train
G02_R0317,G02,holdout_G04,train
G02_R0318,G02,holdout_G04,train
G02_R0319,G02,holdout_G04,train
G02_R0320,G02,holdout_G04,train
G02_R0321,G02,holdout_G04,train
G02_R0322,G02,holdout_G04,train
G02_R0323,G02,holdout_G04,train
G02_R0324,G02,holdout_G04,train
G02_R0325,G02,holdout_G04,train
G02_R0326,G02,holdout_G04,train
G02_R0327,G02,holdout_G04,train
G02_R0328,G02,holdout_G04,train
G02_R0329,G02,holdout_G04,train
G02_R0330,G02,holdout_G04,train
G02_R0331,G02,holdout_G04,train
G02_R0332,G02,holdout_G04,train
G02_R0333,G02,holdout_G04,train
G02_R0334,G02,holdout_G04,train
G02_R0335,G02,holdout_G04,train
G02_R0336,G02,holdout_G04,train
G02_R0337,G02,holdout_G04,train
G02_R0338,G02,holdout_G04,train
G02_R0339,G02,holdout_G04,train
G02_R0340,G02,holdout_G04,train
G02_R0341,G02,holdout_G04,train
G02_R0342,G02,holdout_G04,train
G02_R0343,G02,holdout_G04,train
G02_R0344,G02,holdout_G04,train
G02_R0345,G02,holdout_G04,train
G02_R0346,G02,holdout_G04,train
G02_R0347,G02,holdout_G04,train
G02_R0348,G02,holdout_G04,train
G02_R0349,G02,holdout_G04,train
G02_R0350,G02,holdout_G04,train
G02_R0351,G02,holdout_G04,train
G02_R0352,G02,holdout_G04,train
G02_R0353,G02,holdout_G04,train
G02_R0354,G02,holdout_G04,train
G02_R0355,G02,holdout_G04,train
G02_R0356,G02,holdout_G04,train
G02_R0357,G02,holdout_G04,train
G02_R0358,G02,holdout_G04,train
G02_R0359,G02,holdout_G04,train
G02_R0360,G02,holdout_G04,train
G02_R0361,G02,holdout_G04,train
G02_R0362,G02,holdout_G04,train
G02_R0363,G02,holdout_G04,train
G02_R0364,G02,holdout_G04,train
G02_R0365,G02,holdout_G04,train
G02_R0366,G02,holdout_G04,train
G02_R0367,G02,holdout_G04,train
G02_R0368,G02,holdout_G04,train
G02_R0369,G02,holdout_G04,train
G02_R0370,G02,holdout_G04,train
G02_R0371,G02,holdout_G04,train
G02_R0372,G02,holdout_G04,train
G02_R0373,G02,holdout_G04,train
G02_R0374,G02,holdout_G04,train
G02_R0375,G02,holdout_G04,train
G02_R0376,G02,holdout_G04,train
G02_R0377,G02,holdout_G04,train
G02_R0378,G02,holdout_G04,train
G02_R0379,G02,holdout_G04,train
G02_R0380,G02,holdout_G04,train
G02_R0381,G02,holdout_G04,train
G02_R0382,G02,holdout_G04,train
G02_R0383,G02,holdout_G04,train
G02_R0384,G02,holdout_G04,train
G02_R0385,G02,holdout_G04,train
G02_R0386,G02,holdout_G04,train
G02_R0387,G02,holdout_G04,train
G02_R0388,G02,holdout_G04,train
G02_R0389,G02,holdout_G04,train
G02_R0390,G02,holdout_G04,train
G02_R0391,G02,holdout_G04,train
G02_R0392,G02,holdout_G04,train
G02_R0393,G02,holdout_G04,train
G02_R0394,G02,holdout_G04,train
G02_R0395,G02,holdout_G04,train
G02_R0396,G02,holdout_G04,train
G02_R0397,G02,holdout_G04,train
G02_R0398,G02,holdout_G04,train
G02_R0399,G02,holdout_G04,train
G02_R0400,G02,holdout_G04,train
G02_R0401,G02,holdout_G04,train
G02_R0402,G02,holdout_G04,train
G02_R0403,G02,holdout_G04,train
G02_R0404,G02,holdout_G04,train
G02_R0405,G02,holdout_G04,train
G02_R0406,G02,holdout_G04,train
G02_R0407,G02,holdout_G04,train
G02_R0408,G02,holdout_G04,train
G02_R0409,G02,holdout_G04,train
G02_R0410,G02,holdout_G04,train
G02_R0411,G02,holdout_G04,train
G02_R0412,G02,holdout_G04,train
G02_R0413,G02,holdout_G04,train
G02_R0414,G02,holdout_G04,train
G02_R0415,G02,holdout_G04,train
G02_R0416,G02,holdout_G04,train
G02_R0417,G02,holdout_G04,train
G02_R0418,G02,holdout_G04,train
G02_R0419,G02,holdout_G04,train
G02_R0420,G02,holdout_G04,train
G02_R0421,G02,holdout_G04,train
G02_R0422,G02,holdout_G04,train
G02_R0423,G02,holdout_G04,train
G02_R0424,G02,holdout_G04,train
G02_R0425,G02,holdout_G04,train
G02_R0426,G02,holdout_G04,train
G02_R0427,G02,holdout_G04,train
G02_R0428,G02,holdout_G04,train
G02_R0429,G02,holdout_G04,train
G02_R0430,G02,holdout_G04,train
G02_R0431,G02,holdout_G04,train
G02_R0432,G02,holdout_G04,train
G02_R0433,G02,holdout_G04,train
G02_R0434,G02,holdout_G04,train
G02_R0435,G02,holdout_G04,train
G02_R0436,G02,holdout_G04,train
G02_R0437,G02,holdout_G04,train
G02_R0438,G02,holdout_G04,train
G02_R0439,G02,holdout_G04,train
G02_R0440,G02,holdout_G04,train
G02_R0441,G02,holdout_G04,train
G02_R0442,G02,holdout_G04,train
G02_R0443,G02,holdout_G04,train
G02_R0444,G02,holdout_G04,train
G02_R0445,G02,holdout_G04,train
G02_R0446,G02,holdout_G04,train
G02_R0447,G02,holdout_G04,train
G02_R0448,G02,holdout_G04,train
G02_R0449,G02,holdout_G04,train
G02_R0450,G02,holdout_G04,train
G02_R0451,G02,holdout_G04,train
G02_R0452,G02,holdout_G04,train
G02_R0453,G02,holdout_G04,train
G02_R0454,G02,holdout_G04,train
G02_R0455,G02,holdout_G04,train
G02_R0456,G02,holdout_G04,train
G02_R0457,G02,holdout_G04,train
G02_R0458,G02,holdout_G04,train
G02_R0459,G02,holdout_G04,train
G02_R0460,G02,holdout_G04,train
G02_R0461,G02,holdout_G04,train
G02_R0462,G02,holdout_G04,train
G02_R0463,G02,holdout_G04,train
G02_R0464,G02,holdout_G04,train
G02_R0465,G02,holdout_G04,train
G02_R0466,G02,holdout_G04,train
G02_R0467,G02,holdout_G04,train
G02_R0468,G02,holdout_G04,train
G02_R0469,G02,holdout_G04,train
G02_R0470,G02,holdout_G04,train
G02_R0471,G02,holdout_G04,train
G02_R0472,G02,holdout_G04,train
G02_R0473,G02,holdout_G04,train
G02_R0474,G02,holdout_G04,train
G02_R0475,G02,holdout_G04,train
G02_R0476,G02,holdout_G04,train
G02_R0477,G02,holdout_G04,train
G02_R0478,G02,holdout_G04,train
G02_R0479,G02,holdout_G04,train
G02_R0480,G02,holdout_G04,train
G02_R0481,G02,holdout_G04,train
G02_R0482,G02,holdout_G04,train
G02_R0483,G02,holdout_G04,train
G02_R0484,G02,holdout_G04,train
G02_R0485,G02,holdout_G04,train
G02_R0486,G02,holdout_G04,train
G02_R0487,G02,holdout_G04,train
G02_R0488,G02,holdout_G04,train
G02_R0489,G02,holdout_G04,train
G02_R0490,G02,holdout_G04,train
G02_R0491,G02,holdout_G04,train
G02_R0492,G02,holdout_G04,train
G02_R0493,G02,holdout_G04,train
G02_R0494,G02,holdout_G04,train
G02_R0495,G02,holdout_G04,train
G02_R0496,G02,holdout_G04,train
G02_R0497,G02,holdout_G04,train
G02_R0498,G02,holdout_G04,train
G02_R0499,G02,holdout_G04,train
G02_R0500,G02,holdout_G04,train
G02_R0501,G02,holdout_G04,train
G02_R0502,G02,holdout_G04,train
G02_R0503,G02,holdout_G04,train
G02_R0504,G02,holdout_G04,train
G02_R0505,G02,holdout_G04,train
G02_R0506,G02,holdout_G04,train
G02_R0507,G02,holdout_G04,train
G02_R0508,G02,holdout_G04,train
G02_R0509,G02,holdout_G04,train
G02_R0510,G02,holdout_G04,train
G02_R0511,G02,holdout_G04,train
G02_R0512,G02,holdout_G04,train
G02_R0513,G02,holdout_G04,train
G02_R0514,G02,holdout_G04,train
G02_R0515,G02,holdout_G04,train
G02_R0516,G02,holdout_G04,train
G02_R0517,G02,holdout_G04,train
G02_R0518,G02,holdout_G04,train
G02_R0519,G02,holdout_G04,train
G02_R0520,G02,holdout_G04,train
G02_R0521,G02,holdout_G04,train
G02_R0522,G02,holdout_G04,train
G02_R0523,G02,holdout_G04,train
G02_R0524,G02,holdout_G04,train
G02_R0525,G02,holdout_G04,train
G02_R0526,G02,holdout_G04,train
G02_R0527,G02,holdout_G04,train
G02_R0528,G02,holdout_G04,train
G02_R0529,G02,holdout_G04,train
G02_R0530,G02,holdout_G04,train
G02_R0531,G02,holdout_G04,train
G02_R0532,G02,holdout_G04,train
G02_R0533,G02,holdout_G04,train
G02_R0534,G02,holdout_G04,train
G02_R0535,G02,holdout_G04,train
G02_R0536,G02,holdout_G04,train
G02_R0537,G02,holdout_G04,train
G02_R0538,G02,holdout_G04,train
G02_R0539,G02,holdout_G04,train
G02_R0540,G02,holdout_G04,train
G02_R0541,G02,holdout_G04,train
G02_R0542,G02,holdout_G04,train
G02_R0543,G02,holdout_G04,train
G02_R0544,G02,holdout_G04,train
G02_R0545,G02,holdout_G04,train
G02_R0546,G02,holdout_G04,train
G02_R0547,G02,holdout_G04,train
G02_R0548,G02,holdout_G04,train
G02_R0549,G02,holdout_G04,train
G02_R0550,G02,holdout_G04,train
G02_R0551,G02,holdout_G04,train
G02_R0552,G02,holdout_G04,train
G02_R0553,G02,holdout_G04,train
G02_R0554,G02,holdout_G04,train
G02_R0555,G02,holdout_G04,train
G02_R0556,G02,holdout_G04,train
G02_R0557,G02,holdout_G04,train
G02_R0558,G02,holdout_G04,train
G02_R0559,G02,holdout_G04,train
G02_R0560,G02,holdout_G04,train
G02_R0561,G02,holdout_G04,train
G02_R0562,G02,holdout_G04,train
G02_R0563,G02,holdout_G04,train
G02_R0564,G02,holdout_G04,train
G02_R0565,G02,holdout_G04,train
G02_R0566,G02,holdout_G04,train
G02_R0567,G02,holdout_G04,train
G02_R0568,G02,holdout_G04,train
G02_R0569,G02,holdout_G04,train
G02_R0570,G02,holdout_G04,train
G02_R0571,G02,holdout_G04,train
G02_R0572,G02,holdout_G04,train
G02_R0573,G02,holdout_G04,train
G02_R0574,G02,holdout_G04,train
G02_R0575,G02,holdout_G04,train
G02_R0576,G02,holdout_G04,train
G02_R0577,G02,holdout_G04,train
G02_R0578,G02,holdout_G04,train
G02_R0579,G02,holdout_G04,train
G02_R0580,G02,holdout_G04,train
G02_R0581,G02,holdout_G04,train
G02_R0582,G02,holdout_G04,train
G02_R0583,G02,holdout_G04,train
G02_R0584,G02,holdout_G04,train
G02_R0585,G02,holdout_G04,train
G02_R0586,G02,holdout_G04,train
G02_R0587,G02,holdout_G04,train
G02_R0588,G02,holdout_G04,train
G02_R0589,G02,holdout_G04,train
G02_R0590,G02,holdout_G04,train
G02_R0591,G02,holdout_G04,train
G02_R0592,G02,holdout_G04,train
G02_R0593,G02,holdout_G04,train
G02_R0594,G02,holdout_G04,train
G02_R0595,G02,holdout_G04,train
G02_R0596,G02,holdout_G04,train
G02_R0597,G02,holdout_G04,train
G02_R0598,G02,holdout_G04,train
G02_R0599,G02,holdout_G04,train
G02_R0600,G02,holdout_G04,train
G02_R0601,G02,holdout_G04,train
G02_R0602,G02,holdout_G04,train
G02_R0603,G02,holdout_G04,train
G02_R0604,G02,holdout_G04,train
G02_R0605,G02,holdout_G04,train
G02_R0606,G02,holdout_G04,train
G02_R0607,G02,holdout_G04,train
G02_R0608,G02,holdout_G04,train
G02_R0609,G02,holdout_G04,train
G02_R0610,G02,holdout_G04,train
G02_R0611,G02,holdout_G04,train
G02_R0612,G02,holdout_G04,train
G02_R0613,G02,holdout_G04,train
G02_R0614,G02,holdout_G04,train
G02_R0615,G02,holdout_G04,train
G02_R0616,G02,holdout_G04,train
G02_R0617,G02,holdout_G04,train
G02_R0618,G02,holdout_G04,train
G02_R0619,G02,holdout_G04,train
G02_R0620,G02,holdout_G04,train
G02_R0621,G02,holdout_G04,train
G02_R0622,G02,holdout_G04,train
G02_R0623,G02,holdout_G04,train
G02_R0624,G02,holdout_G04,train
G02_R0625,G02,holdout_G04,train
G02_R0626,G02,holdout_G04,train
G02_R0627,G02,holdout_G04,train
G02_R0628,G02,holdout_G04,train
G02_R0629,G02,holdout_G04,train
G02_R0630,G02,holdout_G04,train
G02_R0631,G02,holdout_G04,train
G02_R0632,G02,holdout_G04,train
G02_R0633,G02,holdout_G04,train
G02_R0634,G02,holdout_G04,train
G02_R0635,G02,holdout_G04,train
G02_R0636,G02,holdout_G04,train
G02_R0637,G02,holdout_G04,train
G02_R0638,G02,holdout_G04,train
G02_R0639,G02,holdout_G04,train
G02_R0640,G02,holdout_G04,train
G02_R0641,G02,holdout_G04,train
G02_R0642,G02,holdout_G04,train
G02_R0643,G02,holdout_G04,train
G02_R0644,G02,holdout_G04,train
G02_R0645,G02,holdout_G04,train
G02_R0646,G02,holdout_G04,train
G02_R0647,G02,holdout_G04,train
G02_R0648,G02,holdout_G04,train
G02_R0649,G02,holdout_G04,train
G02_R0650,G02,holdout_G04,train
G02_R0651,G02,holdout_G04,train
G02_R0652,G02,holdout_G04,train
G02_R0653,G02,holdout_G04,train
G02_R0654,G02,holdout_G04,train
G02_R0655,G02,holdout_G04,train
G02_R0656,G02,holdout_G04,train
G02_R0657,G02,holdout_G04,train
G02_R0658,G02,holdout_G04,train
G02_R0659,G02,holdout_G04,train
G02_R0660,G02,holdout_G04,train
G02_R0661,G02,holdout_G04,train
G02_R0662,G02,holdout_G04,train
G02_R0663,G02,holdout_G04,train
G02_R0664,G02,holdout_G04,train
G02_R0665,G02,holdout_G04,train
G02_R0666,G02,holdout_G04,train
G02_R0667,G02,holdout_G04,train
G02_R0668,G02,holdout_G04,train
G02_R0669,G02,holdout_G04,train
G02_R0670,G02,holdout_G04,train
G02_R0671,G02,holdout_G04,train
G02_R0672,G02,holdout_G04,train
G02_R0673,G02,holdout_G04,train
G02_R0674,G02,holdout_G04,train
G02_R0675,G02,holdout_G04,train
G02_R0676,G02,holdout_G04,train
G02_R0677,G02,holdout_G04,train
G02_R0678,G02,holdout_G04,train
G02_R0679,G02,holdout_G04,train
G02_R0680,G02,holdout_G04,train
G02_R0681,G02,holdout_G04,train
G02_R0682,G02,holdout_G04,train
G02_R0683,G02,holdout_G04,train
G02_R0684,G02,holdout_G04,train
G02_R0685,G02,holdout_G04,train
G02_R0686,G02,holdout_G04,train
G02_R0687,G02,holdout_G04,train
G02_R0688,G02,holdout_G04,train
G02_R0689,G02,holdout_G04,train
G02_R0690,G02,holdout_G04,train
G02_R0691,G02,holdout_G04,train
G02_R0692,G02,holdout_G04,train
G02_R0693,G02,holdout_G04,train
G02_R0694,G02,holdout_G04,train
G02_R0695,G02,holdout_G04,train
G02_R0696,G02,holdout_G04,train
G02_R0697,G02,holdout_G04,train
G02_R0698,G02,holdout_G04,train
G02_R0699,G02,holdout_G04,train
G02_R0700,G02,holdout_G04,train
G02_R0701,G02,holdout_G04,train
G02_R0702,G02,holdout_G04,train
G02_R0703,G02,holdout_G04,train
G02_R0704,G02,holdout_G04,train
G02_R0705,G02,holdout_G04,train
G02_R0706,G02,holdout_G04,train
G02_R0707,G02,holdout_G04,train
G02_R0708,G02,holdout_G04,train
G02_R0709,G02,holdout_G04,train
G02_R0710,G02,holdout_G04,train
G02_R0711,G02,holdout_G04,train
G02_R0712,G02,holdout_G04,train
G02_R0713,G02,holdout_G04,train
G02_R0714,G02,holdout_G04,train
G02_R0715,G02,holdout_G04,train
G02_R0716,G02,holdout_G04,train
G02_R0717,G02,holdout_G04,train
G02_R0718,G02,holdout_G04,train
G02_R0719,G02,holdout_G04,train
G02_R0720,G02,holdout_G04,train
G02_R0721,G02,holdout_G04,train
G02_R0722,G02,holdout_G04,train
G02_R0723,G02,holdout_G04,train
G02_R0724,G02,holdout_G04,train
G02_R0725,G02,holdout_G04,train
G02_R0726,G02,holdout_G04,train
G02_R0727,G02,holdout_G04,train
G02_R0728,G02,holdout_G04,train
G02_R0729,G02,holdout_G04,train
G02_R0730,G02,holdout_G04,train
G02_R0731,G02,holdout_G04,train
G02_R0732,G02,holdout_G04,train
G02_R0733,G02,holdout_G04,train
G02_R0734,G02,holdout_G04,train
G02_R0735,G02,holdout_G04,train
G02_R0736,G02,holdout_G04,train
G02_R0737,G02,holdout_G04,train
G02_R0738,G02,holdout_G04,train
G02_R0739,G02,holdout_G04,train
G02_R0740,G02,holdout_G04,train
G02_R0741,G02,holdout_G04,train
G02_R0742,G02,holdout_G04,train
G02_R0743,G02,holdout_G04,train
G02_R0744,G02,holdout_G04,train
G02_R0745,G02,holdout_G04,train
G02_R0746,G02,holdout_G04,train
G02_R0747,G02,holdout_G04,train
G02_R0748,G02,holdout_G04,train
G02_R0749,G02,holdout_G04,train
G02_R0750,G02,holdout_G04,train
G02_R0751,G02,holdout_G04,train
G02_R0752,G02,holdout_G04,train
G02_R0753,G02,holdout_G04,train
G02_R0754,G02,holdout_G04,train
G02_R0755,G02,holdout_G04,train
G02_R0756,G02,holdout_G04,train
G02_R0757,G02,holdout_G04,train
G02_R0758,G02,holdout_G04,train
G02_R0759,G02,holdout_G04,train
G02_R0760,G02,holdout_G04,train
G02_R0761,G02,holdout_G04,train
G02_R0762,G02,holdout_G04,train
G02_R0763,G02,holdout_G04,train
G02_R0764,G02,holdout_G04,train
G02_R0765,G02,holdout_G04,train
G02_R0766,G02,holdout_G04,train
G02_R0767,G02,holdout_G04,train
G02_R0768,G02,holdout_G04,train
G03_R0001,G03,holdout_G04,train
G03_R0002,G03,holdout_G04,train
G03_R0003,G03,holdout_G04,train
G03_R0004,G03,holdout_G04,train
G03_R0005,G03,holdout_G04,train
G03_R0006,G03,holdout_G04,train
G03_R0007,G03,holdout_G04,train
G03_R0008,G03,holdout_G04,train
G03_R0009,G03,holdout_G04,train
G03_R0010,G03,holdout_G04,train
G03_R0011,G03,holdout_G04,train
G03_R0012,G03,holdout_G04,train
G03_R0013,G03,holdout_G04,train
G03_R0014,G03,holdout_G04,train
G03_R0015,G03,holdout_G04,train
G03_R0016,G03,holdout_G04,train
G03_R0017,G03,holdout_G04,train
G03_R0018,G03,holdout_G04,train
G03_R0019,G03,holdout_G04,train
G03_R0020,G03,holdout_G04,train
G03_R0021,G03,holdout_G04,train
G03_R0022,G03,holdout_G04,train
G03_R0023,G03,holdout_G04,train
G03_R0024,G03,holdout_G04,train
G03_R0025,G03,holdout_G04,train
G03_R0026,G03,holdout_G04,train
G03_R0027,G03,holdout_G04,train
G03_R0028,G03,holdout_G04,train
G03_R0029,G03,holdout_G04,train
G03_R0030,G03,holdout_G04,train
G03_R0031,G03,holdout_G04,train
G03_R0032,G03,holdout_G04,train
G03_R0033,G03,holdout_G04,train
G03_R0034,G03,holdout_G04,train
G03_R0035,G03,holdout_G04,train
G03_R0036,G03,holdout_G04,train
G03_R0037,G03,holdout_G04,train
G03_R0038,G03,holdout_G04,train
G03_R0039,G03,holdout_G04,train
G03_R0040,G03,holdout_G04,train
G03_R0041,G03,holdout_G04,train
G03_R0042,G03,holdout_G04,train
G03_R0043,G03,holdout_G04,train
G03_R0044,G03,holdout_G04,train
G03_R0045,G03,holdout_G04,train
G03_R0046,G03,holdout_G04,train
G03_R0047,G03,holdout_G04,train
G03_R0048,G03,holdout_G04,train
G03_R0049,G03,holdout_G04,train
G03_R0050,G03,holdout_G04,train
G03_R0051,G03,holdout_G04,train
G03_R0052,G03,holdout_G04,train
G03_R0053,G03,holdout_G04,train
G03_R0054,G03,holdout_G04,train
G03_R0055,G03,holdout_G04,train
G03_R0056,G03,holdout_G04,train
G03_R0057,G03,holdout_G04,train
G03_R0058,G03,holdout_G04,train
G03_R0059,G03,holdout_G04,train
G03_R0060,G03,holdout_G04,train
G03_R0061,G03,holdout_G04,train
G03_R0062,G03,holdout_G04,train
G03_R0063,G03,holdout_G04,train
G03_R0064,G03,holdout_G04,train
G03_R0065,G03,holdout_G04,train
G03_R0066,G03,holdout_G04,train
G03_R0067,G03,holdout_G04,train
G03_R0068,G03,holdout_G04,train
G03_R0069,G03,holdout_G04,train
G03_R0070,G03,holdout_G04,train
G03_R0071,G03,holdout_G04,train
G03_R0072,G03,holdout_G04,train
G03_R0073,G03,holdout_G04,train
G03_R0074,G03,holdout_G04,train
G03_R0075,G03,holdout_G04,train
G03_R0076,G03,holdout_G04,train
G03_R0077,G03,holdout_G04,train
G03_R0078,G03,holdout_G04,train
G03_R0079,G03,holdout_G04,train
G03_R0080,G03,holdout_G04,train
G03_R0081,G03,holdout_G04,train
G03_R0082,G03,holdout_G04,train
G03_R0083,G03,holdout_G04,train
G03_R0084,G03,holdout_G04,train
G03_R0085,G03,holdout_G04,train
G03_R0086,G03,holdout_G04,train
G03_R0087,G03,holdout_G04,train
G03_R0088,G03,holdout_G04,train
G03_R0089,G03,holdout_G04,train
G03_R0090,G03,holdout_G04,train
G03_R0091,G03,holdout_G04,train
G03_R0092,G03,holdout_G04,train
G03_R0093,G03,holdout_G04,train
G03_R0094,G03,holdout_G04,train
G03_R0095,G03,holdout_G04,train
G03_R0096,G03,holdout_G04,train
G03_R0097,G03,holdout_G04,train
G03_R0098,G03,holdout_G04,train
G03_R0099,G03,holdout_G04,train
G03_R0100,G03,holdout_G04,train
G03_R0101,G03,holdout_G04,train
G03_R0102,G03,holdout_G04,train
G03_R0103,G03,holdout_G04,train
G03_R0104,G03,holdout_G04,train
G03_R0105,G03,holdout_G04,train
G03_R0106,G03,holdout_G04,train
G03_R0107,G03,holdout_G04,train
G03_R0108,G03,holdout_G04,train
G03_R0109,G03,holdout_G04,train
G03_R0110,G03,holdout_G04,train
G03_R0111,G03,holdout_G04,train
G03_R0112,G03,holdout_G04,train
G03_R0113,G03,holdout_G04,train
G03_R0114,G03,holdout_G04,train
G03_R0115,G03,holdout_G04,train
G03_R0116,G03,holdout_G04,train
G03_R0117,G03,holdout_G04,train
G03_R0118,G03,holdout_G04,train
G03_R0119,G03,holdout_G04,train
G03_R0120,G03,holdout_G04,train
G03_R0121,G03,holdout_G04,train
G03_R0122,G03,holdout_G04,train
G03_R0123,G03,holdout_G04,train
G03_R0124,G03,holdout_G04,train
G03_R0125,G03,holdout_G04,train
G03_R0126,G03,holdout_G04,train
G03_R0127,G03,holdout_G04,train
G03_R0128,G03,holdout_G04,train
G03_R0129,G03,holdout_G04,train
G03_R0130,G03,holdout_G04,train
G03_R0131,G03,holdout_G04,train
G03_R0132,G03,holdout_G04,train
G03_R0133,G03,holdout_G04,train
G03_R0134,G03,holdout_G04,train
G03_R0135,G03,holdout_G04,train
G03_R0136,G03,holdout_G04,train
G03_R0137,G03,holdout_G04,train
G03_R0138,G03,holdout_G04,train
G03_R0139,G03,holdout_G04,train
G03_R0140,G03,holdout_G04,train
G03_R0141,G03,holdout_G04,train
G03_R0142,G03,holdout_G04,train
G03_R0143,G03,holdout_G04,train
G03_R0144,G03,holdout_G04,train
G03_R0145,G03,holdout_G04,train
G03_R0146,G03,holdout_G04,train
G03_R0147,G03,holdout_G04,train
G03_R0148,G03,holdout_G04,train
G03_R0149,G03,holdout_G04,train
G03_R0150,G03,holdout_G04,train
G03_R0151,G03,holdout_G04,train
G03_R0152,G03,holdout_G04,train
G03_R0153,G03,holdout_G04,train
G03_R0154,G03,holdout_G04,train
G03_R0155,G03,holdout_G04,train
G03_R0156,G03,holdout_G04,train
G03_R0157,G03,holdout_G04,train
G03_R0158,G03,holdout_G04,train
G03_R0159,G03,holdout_G04,train
G03_R0160,G03,holdout_G04,train
G03_R0161,G03,holdout_G04,train
G03_R0162,G03,holdout_G04,train
G03_R0163,G03,holdout_G04,train
G03_R0164,G03,holdout_G04,train
G03_R0165,G03,holdout_G04,train
G03_R0166,G03,holdout_G04,train
G03_R0167,G03,holdout_G04,train
G03_R0168,G03,holdout_G04,train
G03_R0169,G03,holdout_G04,train
G03_R0170,G03,holdout_G04,train
G03_R0171,G03,holdout_G04,train
G03_R0172,G03,holdout_G04,train
G03_R0173,G03,holdout_G04,train
G03_R0174,G03,holdout_G04,train
G03_R0175,G03,holdout_G04,train
G03_R0176,G03,holdout_G04,train
G03_R0177,G03,holdout_G04,train
G03_R0178,G03,holdout_G04,train
G03_R0179,G03,holdout_G04,train
G03_R0180,G03,holdout_G04,train
G03_R0181,G03,holdout_G04,train
G03_R0182,G03,holdout_G04,train
G03_R0183,G03,holdout_G04,train
G03_R0184,G03,holdout_G04,train
G03_R0185,G03,holdout_G04,train
G03_R0186,G03,holdout_G04,train
G03_R0187,G03,holdout_G04,train
G03_R0188,G03,holdout_G04,train
G03_R0189,G03,holdout_G04,train
G03_R0190,G03,holdout_G04,train
G03_R0191,G03,holdout_G04,train
G03_R0192,G03,holdout_G04,train
G03_R0193,G03,holdout_G04,train
G03_R0194,G03,holdout_G04,train
G03_R0195,G03,holdout_G04,train
G03_R0196,G03,holdout_G04,train
G03_R0197,G03,holdout_G04,train
G03_R0198,G03,holdout_G04,train
G03_R0199,G03,holdout_G04,train
G03_R0200,G03,holdout_G04,train
G03_R0201,G03,holdout_G04,train
G03_R0202,G03,holdout_G04,train
G03_R0203,G03,holdout_G04,train
G03_R0204,G03,holdout_G04,train
G03_R0205,G03,holdout_G04,train
G03_R0206,G03,holdout_G04,train
G03_R0207,G03,holdout_G04,train
G03_R0208,G03,holdout_G04,train
G03_R0209,G03,holdout_G04,train
G03_R0210,G03,holdout_G04,train
G03_R0211,G03,holdout_G04,train
G03_R0212,G03,holdout_G04,train
G03_R0213,G03,holdout_G04,train
G03_R0214,G03,holdout_G04,train
G03_R0215,G03,holdout_G04,train
G03_R0216,G03,holdout_G04,train
G03_R0217,G03,holdout_G04,train
G03_R0218,G03,holdout_G04,train
G03_R0219,G03,holdout_G04,train
G03_R0220,G03,holdout_G04,train
G03_R0221,G03,holdout_G04,train
G03_R0222,G03,holdout_G04,train
G03_R0223,G03,holdout_G04,train
G03_R0224,G03,holdout_G04,train
G03_R0225,G03,holdout_G04,train
G03_R0226,G03,holdout_G04,train
G03_R0227,G03,holdout_G04,train
G03_R0228,G03,holdout_G04,train
G03_R0229,G03,holdout_G04,train
G03_R0230,G03,holdout_G04,train
G03_R0231,G03,holdout_G04,train
G03_R0232,G03,holdout_G04,train
G03_R0233,G03,holdout_G04,train
G03_R0234,G03,holdout_G04,train
G03_R0235,G03,holdout_G04,train
G03_R0236,G03,holdout_G04,train
G03_R0237,G03,holdout_G04,train
G03_R0238,G03,holdout_G04,train
G03_R0239,G03,holdout_G04,train
G03_R0240,G03,holdout_G04,train
G03_R0241,G03,holdout_G04,train
G03_R0242,G03,holdout_G04,train
G03_R0243,G03,holdout_G04,train
G03_R0244,G03,holdout_G04,train
G03_R0245,G03,holdout_G04,train
G03_R0246,G03,holdout_G04,train
G03_R0247,G03,holdout_G04,train
G03_R0248,G03,holdout_G04,train
G03_R0249,G03,holdout_G04,train
G03_R0250,G03,holdout_G04,train
G03_R0251,G03,holdout_G04,train
G03_R0252,G03,holdout_G04,train
G03_R0253,G03,holdout_G04,train
G03_R0254,G03,holdout_G04,train
G03_R0255,G03,holdout_G04,train
G03_R0256,G03,holdout_G04,train
G03_R0257,G03,holdout_G04,train
G03_R0258,G03,holdout_G04,train
G03_R0259,G03,holdout_G04,train
G03_R0260,G03,holdout_G04,train
G03_R0261,G03,holdout_G04,train
G03_R0262,G03,holdout_G04,train
G03_R0263,G03,holdout_G04,train
G03_R0264,G03,holdout_G04,train
G03_R0265,G03,holdout_G04,train
G03_R0266,G03,holdout_G04,train
G03_R0267,G03,holdout_G04,train
G03_R0268,G03,holdout_G04,train
G03_R0269,G03,holdout_G04,train
G03_R0270,G03,holdout_G04,train
G03_R0271,G03,holdout_G04,train
G03_R0272,G03,holdout_G04,train
G03_R0273,G03,holdout_G04,train
G03_R0274,G03,holdout_G04,train
G03_R0275,G03,holdout_G04,train
G03_R0276,G03,holdout_G04,train
G03_R0277,G03,holdout_G04,train
G03_R0278,G03,holdout_G04,train
G03_R0279,G03,holdout_G04,train
G03_R0280,G03,holdout_G04,train
G03_R0281,G03,holdout_G04,train
G03_R0282,G03,holdout_G04,train
G03_R0283,G03,holdout_G04,train
G03_R0284,G03,holdout_G04,train
G03_R0285,G03,holdout_G04,train
G03_R0286,G03,holdout_G04,train
G03_R0287,G03,holdout_G04,train
G03_R0288,G03,holdout_G04,train
G03_R0289,G03,holdout_G04,train
G03_R0290,G03,holdout_G04,train
G03_R0291,G03,holdout_G04,train
G03_R0292,G03,holdout_G04,train
G03_R0293,G03,holdout_G04,train
G03_R0294,G03,holdout_G04,train
G03_R0295,G03,holdout_G04,train
G03_R0296,G03,holdout_G04,train
G03_R0297,G03,holdout_G04,train
G03_R0298,G03,holdout_G04,train
G03_R0299,G03,holdout_G04,train
G03_R0300,G03,holdout_G04,train
G03_R0301,G03,holdout_G04,train
G03_R0302,G03,holdout_G04,train
G03_R0303,G03,holdout_G04,train
G03_R0304,G03,holdout_G04,train
G03_R0305,G03,holdout_G04,train
G03_R0306,G03,holdout_G04,train
G03_R0307,G03,holdout_G04,train
G03_R0308,G03,holdout_G04,train
G03_R0309,G03,holdout_G04,train
G03_R0310,G03,holdout_G04,train
G03_R0311,G03,holdout_G04,train
G03_R0312,G03,holdout_G04,train
G03_R0313,G03,holdout_G04,train
G03_R0314,G03,holdout_G04,train
G03_R0315,G03,holdout_G04,train
G03_R0316,G03,holdout_G04,train
G03_R0317,G03,holdout_G04,train
G03_R0318,G03,holdout_G04,train
G03_R0319,G03,holdout_G04,train
G03_R0320,G03,holdout_G04,train
G03_R0321,G03,holdout_G04,train
G03_R0322,G03,holdout_G04,train
G03_R0323,G03,holdout_G04,train
G03_R0324,G03,holdout_G04,train
G03_R0325,G03,holdout_G04,train
G03_R0326,G03,holdout_G04,train
G03_R0327,G03,holdout_G04,train
G03_R0328,G03,holdout_G04,train
G03_R0329,G03,holdout_G04,train
G03_R0330,G03,holdout_G04,train
G03_R0331,G03,holdout_G04,train
G03_R0332,G03,holdout_G04,train
G03_R0333,G03,holdout_G04,train
G03_R0334,G03,holdout_G04,train
G03_R0335,G03,holdout_G04,train
G03_R0336,G03,holdout_G04,train
G03_R0337,G03,holdout_G04,train
G03_R0338,G03,holdout_G04,train
G03_R0339,G03,holdout_G04,train
G03_R0340,G03,holdout_G04,train
G03_R0341,G03,holdout_G04,train
G03_R0342,G03,holdout_G04,train
G03_R0343,G03,holdout_G04,train
G03_R0344,G03,holdout_G04,train
G03_R0345,G03,holdout_G04,train
G03_R0346,G03,holdout_G04,train
G03_R0347,G03,holdout_G04,train
G03_R0348,G03,holdout_G04,train
G03_R0349,G03,holdout_G04,train
G03_R0350,G03,holdout_G04,train
G03_R0351,G03,holdout_G04,train
G03_R0352,G03,holdout_G04,train
G03_R0353,G03,holdout_G04,train
G03_R0354,G03,holdout_G04,train
G03_R0355,G03,holdout_G04,train
G03_R0356,G03,holdout_G04,train
G03_R0357,G03,holdout_G04,train
G03_R0358,G03,holdout_G04,train
G03_R0359,G03,holdout_G04,train
G03_R0360,G03,holdout_G04,train
G03_R0361,G03,holdout_G04,train
G03_R0362,G03,holdout_G04,train
G03_R0363,G03,holdout_G04,train
G03_R0364,G03,holdout_G04,train
G03_R0365,G03,holdout_G04,train
G03_R0366,G03,holdout_G04,train
G03_R0367,G03,holdout_G04,train
G03_R0368,G03,holdout_G04,train
G03_R0369,G03,holdout_G04,train
G03_R0370,G03,holdout_G04,train
G03_R0371,G03,holdout_G04,train
G03_R0372,G03,holdout_G04,train
G03_R0373,G03,holdout_G04,train
G03_R0374,G03,holdout_G04,train
G03_R0375,G03,holdout_G04,train
G03_R0376,G03,holdout_G04,train
G03_R0377,G03,holdout_G04,train
G03_R0378,G03,holdout_G04,train
G03_R0379,G03,holdout_G04,train
G03_R0380,G03,holdout_G04,train
G03_R0381,G03,holdout_G04,train
G03_R0382,G03,holdout_G04,train
G03_R0383,G03,holdout_G04,train
G03_R0384,G03,holdout_G04,train
G03_R0385,G03,holdout_G04,train
G03_R0386,G03,holdout_G04,train
G03_R0387,G03,holdout_G04,train
G03_R0388,G03,holdout_G04,train
G03_R0389,G03,holdout_G04,train
G03_R0390,G03,holdout_G04,train
G03_R0391,G03,holdout_G04,train
G03_R0392,G03,holdout_G04,train
G03_R0393,G03,holdout_G04,train
G03_R0394,G03,holdout_G04,train
G03_R0395,G03,holdout_G04,train
G03_R0396,G03,holdout_G04,train
G03_R0397,G03,holdout_G04,train
G03_R0398,G03,holdout_G04,train
G03_R0399,G03,holdout_G04,train
G03_R0400,G03,holdout_G04,train
G03_R0401,G03,holdout_G04,train
G03_R0402,G03,holdout_G04,train
G03_R0403,G03,holdout_G04,train
G03_R0404,G03,holdout_G04,train
G03_R0405,G03,holdout_G04,train
G03_R0406,G03,holdout_G04,train
G03_R0407,G03,holdout_G04,train
G03_R0408,G03,holdout_G04,train
G03_R0409,G03,holdout_G04,train
G03_R0410,G03,holdout_G04,train
G03_R0411,G03,holdout_G04,train
G03_R0412,G03,holdout_G04,train
G03_R0413,G03,holdout_G04,train
G03_R0414,G03,holdout_G04,train
G03_R0415,G03,holdout_G04,train
G03_R0416,G03,holdout_G04,train
G03_R0417,G03,holdout_G04,train
G03_R0418,G03,holdout_G04,train
G03_R0419,G03,holdout_G04,train
G03_R0420,G03,holdout_G04,train
G03_R0421,G03,holdout_G04,train
G03_R0422,G03,holdout_G04,train
G03_R0423,G03,holdout_G04,train
G03_R0424,G03,holdout_G04,train
G03_R0425,G03,holdout_G04,train
G03_R0426,G03,holdout_G04,train
G03_R0427,G03,holdout_G04,train
G03_R0428,G03,holdout_G04,train
G03_R0429,G03,holdout_G04,train
G03_R0430,G03,holdout_G04,train
G03_R0431,G03,holdout_G04,train
G03_R0432,G03,holdout_G04,train
G03_R0433,G03,holdout_G04,train
G03_R0434,G03,holdout_G04,train
G03_R0435,G03,holdout_G04,train
G03_R0436,G03,holdout_G04,train
G03_R0437,G03,holdout_G04,train
G03_R0438,G03,holdout_G04,train
G03_R0439,G03,holdout_G04,train
G03_R0440,G03,holdout_G04,train
G03_R0441,G03,holdout_G04,train
G03_R0442,G03,holdout_G04,train
G03_R0443,G03,holdout_G04,train
G03_R0444,G03,holdout_G04,train
G03_R0445,G03,holdout_G04,train
G03_R0446,G03,holdout_G04,train
G03_R0447,G03,holdout_G04,train
G03_R0448,G03,holdout_G04,train
G03_R0449,G03,holdout_G04,train
G03_R0450,G03,holdout_G04,train
G03_R0451,G03,holdout_G04,train
G03_R0452,G03,holdout_G04,train
G03_R0453,G03,holdout_G04,train
G03_R0454,G03,holdout_G04,train
G03_R0455,G03,holdout_G04,train
G03_R0456,G03,holdout_G04,train
G03_R0457,G03,holdout_G04,train
G03_R0458,G03,holdout_G04,train
G03_R0459,G03,holdout_G04,train
G03_R0460,G03,holdout_G04,train
G03_R0461,G03,holdout_G04,train
G03_R0462,G03,holdout_G04,train
G03_R0463,G03,holdout_G04,train
G03_R0464,G03,holdout_G04,train
G03_R0465,G03,holdout_G04,train
G03_R0466,G03,holdout_G04,train
G03_R0467,G03,holdout_G04,train
G03_R0468,G03,holdout_G04,train
G03_R0469,G03,holdout_G04,train
G03_R0470,G03,holdout_G04,train
G03_R0471,G03,holdout_G04,train
G03_R0472,G03,holdout_G04,train
G03_R0473,G03,holdout_G04,train
G03_R0474,G03,holdout_G04,train
G03_R0475,G03,holdout_G04,train
G03_R0476,G03,holdout_G04,train
G03_R0477,G03,holdout_G04,train
G03_R0478,G03,holdout_G04,train
G03_R0479,G03,holdout_G04,train
G03_R0480,G03,holdout_G04,train
G03_R0481,G03,holdout_G04,train
G03_R0482,G03,holdout_G04,train
G03_R0483,G03,holdout_G04,train
G03_R0484,G03,holdout_G04,train
G03_R0485,G03,holdout_G04,train
G03_R0486,G03,holdout_G04,train
G03_R0487,G03,holdout_G04,train
G03_R0488,G03,holdout_G04,train
G03_R0489,G03,holdout_G04,train
G03_R0490,G03,holdout_G04,train
G03_R0491,G03,holdout_G04,train
G03_R0492,G03,holdout_G04,train
G03_R0493,G03,holdout_G04,train
G03_R0494,G03,holdout_G04,train
G03_R0495,G03,holdout_G04,train
G03_R0496,G03,holdout_G04,train
G03_R0497,G03,holdout_G04,train
G03_R0498,G03,holdout_G04,train
G03_R0499,G03,holdout_G04,train
G03_R0500,G03,holdout_G04,train
G03_R0501,G03,holdout_G04,train
G03_R0502,G03,holdout_G04,train
G03_R0503,G03,holdout_G04,train
G03_R0504,G03,holdout_G04,train
G03_R0505,G03,holdout_G04,train
G03_R0506,G03,holdout_G04,train
G03_R0507,G03,holdout_G04,train
G03_R0508,G03,holdout_G04,train
G03_R0509,G03,holdout_G04,train
G03_R0510,G03,holdout_G04,train
G03_R0511,G03,holdout_G04,train
G03_R0512,G03,holdout_G04,train
G03_R0513,G03,holdout_G04,train
G03_R0514,G03,holdout_G04,train
G03_R0515,G03,holdout_G04,train
G03_R0516,G03,holdout_G04,train
G03_R0517,G03,holdout_G04,train
G03_R0518,G03,holdout_G04,train
G03_R0519,G03,holdout_G04,train
G03_R0520,G03,holdout_G04,train
G03_R0521,G03,holdout_G04,train
G03_R0522,G03,holdout_G04,train
G03_R0523,G03,holdout_G04,train
G03_R0524,G03,holdout_G04,train
G03_R0525,G03,holdout_G04,train
G03_R0526,G03,holdout_G04,train
G03_R0527,G03,holdout_G04,train
G03_R0528,G03,holdout_G04,train
G03_R0529,G03,holdout_G04,train
G03_R0530,G03,holdout_G04,train
G03_R0531,G03,holdout_G04,train
G03_R0532,G03,holdout_G04,train
G03_R0533,G03,holdout_G04,train
G03_R0534,G03,holdout_G04,train
G03_R0535,G03,holdout_G04,train
G03_R0536,G03,holdout_G04,train
G03_R0537,G03,holdout_G04,train
G03_R0538,G03,holdout_G04,train
G03_R0539,G03,holdout_G04,train
G03_R0540,G03,holdout_G04,train
G03_R0541,G03,holdout_G04,train
G03_R0542,G03,holdout_G04,train
G03_R0543,G03,holdout_G04,train
G03_R0544,G03,holdout_G04,train
G03_R0545,G03,holdout_G04,train
G03_R0546,G03,holdout_G04,train
G03_R0547,G03,holdout_G04,train
G03_R0548,G03,holdout_G04,train
G03_R0549,G03,holdout_G04,train
G03_R0550,G03,holdout_G04,train
G03_R0551,G03,holdout_G04,train
G03_R0552,G03,holdout_G04,train
G03_R0553,G03,holdout_G04,train
G03_R0554,G03,holdout_G04,train
G03_R0555,G03,holdout_G04,train
G03_R0556,G03,holdout_G04,train
G03_R0557,G03,holdout_G04,train
G03_R0558,G03,holdout_G04,train
G03_R0559,G03,holdout_G04,train
G03_R0560,G03,holdout_G04,train
G03_R0561,G03,holdout_G04,train
G03_R0562,G03,holdout_G04,train
G03_R0563,G03,holdout_G04,train
G03_R0564,G03,holdout_G04,train
G03_R0565,G03,holdout_G04,train
G03_R0566,G03,holdout_G04,train
G03_R0567,G03,holdout_G04,train
G03_R0568,G03,holdout_G04,train
G03_R0569,G03,holdout_G04,train
G03_R0570,G03,holdout_G04,train
G03_R0571,G03,holdout_G04,train
G03_R0572,G03,holdout_G04,train
G03_R0573,G03,holdout_G04,train
G03_R0574,G03,holdout_G04,train
G03_R0575,G03,holdout_G04,train
G03_R0576,G03,holdout_G04,train
G03_R0577,G03,holdout_G04,train
G03_R0578,G03,holdout_G04,train
G03_R0579,G03,holdout_G04,train
G03_R0580,G03,holdout_G04,train
G03_R0581,G03,holdout_G04,train
G03_R0582,G03,holdout_G04,train
G03_R0583,G03,holdout_G04,train
G03_R0584,G03,holdout_G04,train
G03_R0585,G03,holdout_G04,train
G03_R0586,G03,holdout_G04,train
G03_R0587,G03,holdout_G04,train
G03_R0588,G03,holdout_G04,train
G03_R0589,G03,holdout_G04,train
G03_R0590,G03,holdout_G04,train
G03_R0591,G03,holdout_G04,train
G03_R0592,G03,holdout_G04,train
G03_R0593,G03,holdout_G04,train
G03_R0594,G03,holdout_G04,train
G03_R0595,G03,holdout_G04,train
G03_R0596,G03,holdout_G04,train
G03_R0597,G03,holdout_G04,train
G03_R0598,G03,holdout_G04,train
G03_R0599,G03,holdout_G04,train
G03_R0600,G03,holdout_G04,train
G03_R0601,G03,holdout_G04,train
G03_R0602,G03,holdout_G04,train
G03_R0603,G03,holdout_G04,train
G03_R0604,G03,holdout_G04,train
G03_R0605,G03,holdout_G04,train
G03_R0606,G03,holdout_G04,train
G03_R0607,G03,holdout_G04,train
G03_R0608,G03,holdout_G04,train
G03_R0609,G03,holdout_G04,train
G03_R0610,G03,holdout_G04,train
G03_R0611,G03,holdout_G04,train
G03_R0612,G03,holdout_G04,train
G03_R0613,G03,holdout_G04,train
G03_R0614,G03,holdout_G04,train
G03_R0615,G03,holdout_G04,train
G03_R0616,G03,holdout_G04,train
G03_R0617,G03,holdout_G04,train
G03_R0618,G03,holdout_G04,train
G03_R0619,G03,holdout_G04,train
G03_R0620,G03,holdout_G04,train
G03_R0621,G03,holdout_G04,train
G03_R0622,G03,holdout_G04,train
G03_R0623,G03,holdout_G04,train
G03_R0624,G03,holdout_G04,train
G03_R0625,G03,holdout_G04,train
G03_R0626,G03,holdout_G04,train
G03_R0627,G03,holdout_G04,train
G03_R0628,G03,holdout_G04,train
G03_R0629,G03,holdout_G04,train
G03_R0630,G03,holdout_G04,train
G03_R0631,G03,holdout_G04,train
G03_R0632,G03,holdout_G04,train
G03_R0633,G03,holdout_G04,train
G03_R0634,G03,holdout_G04,train
G03_R0635,G03,holdout_G04,train
G03_R0636,G03,holdout_G04,train
G03_R0637,G03,holdout_G04,train
G03_R0638,G03,holdout_G04,train
G03_R0639,G03,holdout_G04,train
G03_R0640,G03,holdout_G04,train
G03_R0641,G03,holdout_G04,train
G03_R0642,G03,holdout_G04,train
G03_R0643,G03,holdout_G04,train
G03_R0644,G03,holdout_G04,train
G03_R0645,G03,holdout_G04,train
G03_R0646,G03,holdout_G04,train
G03_R0647,G03,holdout_G04,train
G03_R0648,G03,holdout_G04,train
G03_R0649,G03,holdout_G04,train
G03_R0650,G03,holdout_G04,train
G03_R0651,G03,holdout_G04,train
G03_R0652,G03,holdout_G04,train
G03_R0653,G03,holdout_G04,train
G03_R0654,G03,holdout_G04,train
G03_R0655,G03,holdout_G04,train
G03_R0656,G03,holdout_G04,train
G03_R0657,G03,holdout_G04,train
G03_R0658,G03,holdout_G04,train
G03_R0659,G03,holdout_G04,train
G03_R0660,G03,holdout_G04,train
G03_R0661,G03,holdout_G04,train
G03_R0662,G03,holdout_G04,train
G03_R0663,G03,holdout_G04,train
G03_R0664,G03,holdout_G04,train
G03_R0665,G03,holdout_G04,train
G03_R0666,G03,holdout_G04,train
G03_R0667,G03,holdout_G04,train
G03_R0668,G03,holdout_G04,train
G03_R0669,G03,holdout_G04,train
G03_R0670,G03,holdout_G04,train
G03_R0671,G03,holdout_G04,train
G03_R0672,G03,holdout_G04,train
G03_R0673,G03,holdout_G04,train
G03_R0674,G03,holdout_G04,train
G03_R0675,G03,holdout_G04,train
G03_R0676,G03,holdout_G04,train
G03_R0677,G03,holdout_G04,train
G03_R0678,G03,holdout_G04,train
G03_R0679,G03,holdout_G04,train
G03_R0680,G03,holdout_G04,train
G03_R0681,G03,holdout_G04,train
G03_R0682,G03,holdout_G04,train
G03_R0683,G03,holdout_G04,train
G03_R0684,G03,holdout_G04,train
G03_R0685,G03,holdout_G04,train
G03_R0686,G03,holdout_G04,train
G03_R0687,G03,holdout_G04,train
G03_R0688,G03,holdout_G04,train
G03_R0689,G03,holdout_G04,train
G03_R0690,G03,holdout_G04,train
G03_R0691,G03,holdout_G04,train
G03_R0692,G03,holdout_G04,train
G03_R0693,G03,holdout_G04,train
G03_R0694,G03,holdout_G04,train
G03_R0695,G03,holdout_G04,train
G03_R0696,G03,holdout_G04,train
G03_R0697,G03,holdout_G04,train
G03_R0698,G03,holdout_G04,train
G03_R0699,G03,holdout_G04,train
G03_R0700,G03,holdout_G04,train
G03_R0701,G03,holdout_G04,train
G03_R0702,G03,holdout_G04,train
G03_R0703,G03,holdout_G04,train
G03_R0704,G03,holdout_G04,train
G03_R0705,G03,holdout_G04,train
G03_R0706,G03,holdout_G04,train
G03_R0707,G03,holdout_G04,train
G03_R0708,G03,holdout_G04,train
G03_R0709,G03,holdout_G04,train
G03_R0710,G03,holdout_G04,train
G03_R0711,G03,holdout_G04,train
G03_R0712,G03,holdout_G04,train
G03_R0713,G03,holdout_G04,train
G03_R0714,G03,holdout_G04,train
G03_R0715,G03,holdout_G04,train
G03_R0716,G03,holdout_G04,train
G03_R0717,G03,holdout_G04,train
G03_R0718,G03,holdout_G04,train
G03_R0719,G03,holdout_G04,train
G03_R0720,G03,holdout_G04,train
G03_R0721,G03,holdout_G04,train
G03_R0722,G03,holdout_G04,train
G03_R0723,G03,holdout_G04,train
G03_R0724,G03,holdout_G04,train
G03_R0725,G03,holdout_G04,train
G03_R0726,G03,holdout_G04,train
G03_R0727,G03,holdout_G04,train
G03_R0728,G03,holdout_G04,train
G03_R0729,G03,holdout_G04,train
G03_R0730,G03,holdout_G04,train
G03_R0731,G03,holdout_G04,train
G03_R0732,G03,holdout_G04,train
G03_R0733,G03,holdout_G04,train
G03_R0734,G03,holdout_G04,train
G03_R0735,G03,holdout_G04,train
G03_R0736,G03,holdout_G04,train
G03_R0737,G03,holdout_G04,train
G03_R0738,G03,holdout_G04,train
G03_R0739,G03,holdout_G04,train
G03_R0740,G03,holdout_G04,train
G03_R0741,G03,holdout_G04,train
G03_R0742,G03,holdout_G04,train
G03_R0743,G03,holdout_G04,train
G03_R0744,G03,holdout_G04,train
G03_R0745,G03,holdout_G04,train
G03_R0746,G03,holdout_G04,train
G03_R0747,G03,holdout_G04,train
G03_R0748,G03,holdout_G04,train
G03_R0749,G03,holdout_G04,train
G03_R0750,G03,holdout_G04,train
G03_R0751,G03,holdout_G04,train
G03_R0752,G03,holdout_G04,train
G03_R0753,G03,holdout_G04,train
G03_R0754,G03,holdout_G04,train
G03_R0755,G03,holdout_G04,train
G03_R0756,G03,holdout_G04,train
G03_R0757,G03,holdout_G04,train
G03_R0758,G03,holdout_G04,train
G03_R0759,G03,holdout_G04,train
G03_R0760,G03,holdout_G04,train
G03_R0761,G03,holdout_G04,train
G03_R0762,G03,holdout_G04,train
G03_R0763,G03,holdout_G04,train
G03_R0764,G03,holdout_G04,train
G03_R0765,G03,holdout_G04,train
G03_R0766,G03,holdout_G04,train
G03_R0767,G03,holdout_G04,train
G03_R0768,G03,holdout_G04,train
G04_R0001,G04,holdout_G04,test
G04_R0002,G04,holdout_G04,test
G04_R0003,G04,holdout_G04,test
G04_R0004,G04,holdout_G04,test
G04_R0005,G04,holdout_G04,test
G04_R0006,G04,holdout_G04,test
G04_R0007,G04,holdout_G04,test
G04_R0008,G04,holdout_G04,test
G04_R0009,G04,holdout_G04,test
G04_R0010,G04,holdout_G04,test
G04_R0011,G04,holdout_G04,test
G04_R0012,G04,holdout_G04,test
G04_R0013,G04,holdout_G04,test
G04_R0014,G04,holdout_G04,test
G04_R0015,G04,holdout_G04,test
G04_R0016,G04,holdout_G04,test
G04_R0017,G04,holdout_G04,test
G04_R0018,G04,holdout_G04,test
G04_R0019,G04,holdout_G04,test
G04_R0020,G04,holdout_G04,test
G04_R0021,G04,holdout_G04,test
G04_R0022,G04,holdout_G04,test
G04_R0023,G04,holdout_G04,test
G04_R0024,G04,holdout_G04,test
G04_R0025,G04,holdout_G04,test
G04_R0026,G04,holdout_G04,test
G04_R0027,G04,holdout_G04,test
G04_R0028,G04,holdout_G04,test
G04_R0029,G04,holdout_G04,test
G04_R0030,G04,holdout_G04,test
G04_R0031,G04,holdout_G04,test
G04_R0032,G04,holdout_G04,test
G04_R0033,G04,holdout_G04,test
G04_R0034,G04,holdout_G04,test
G04_R0035,G04,holdout_G04,test
G04_R0036,G04,holdout_G04,test
G04_R0037,G04,holdout_G04,test
G04_R0038,G04,holdout_G04,test
G04_R0039,G04,holdout_G04,test
G04_R0040,G04,holdout_G04,test
G04_R0041,G04,holdout_G04,test
G04_R0042,G04,holdout_G04,test
G04_R0043,G04,holdout_G04,test
G04_R0044,G04,holdout_G04,test
G04_R0045,G04,holdout_G04,test
G04_R0046,G04,holdout_G04,test
G04_R0047,G04,holdout_G04,test
G04_R0048,G04,holdout_G04,test
G04_R0049,G04,holdout_G04,test
G04_R0050,G04,holdout_G04,test
G04_R0051,G04,holdout_G04,test
G04_R0052,G04,holdout_G04,test
G04_R0053,G04,holdout_G04,test
G04_R0054,G04,holdout_G04,test
G04_R0055,G04,holdout_G04,test
G04_R0056,G04,holdout_G04,test
G04_R0057,G04,holdout_G04,test
G04_R0058,G04,holdout_G04,test
G04_R0059,G04,holdout_G04,test
G04_R0060,G04,holdout_G04,test
G04_R0061,G04,holdout_G04,test
G04_R0062,G04,holdout_G04,test
G04_R0063,G04,holdout_G04,test
G04_R0064,G04,holdout_G04,test
G04_R0065,G04,holdout_G04,test
G04_R0066,G04,holdout_G04,test
G04_R0067,G04,holdout_G04,test
G04_R0068,G04,holdout_G04,test
G04_R0069,G04,holdout_G04,test
G04_R0070,G04,holdout_G04,test
G04_R0071,G04,holdout_G04,test
G04_R0072,G04,holdout_G04,test
G04_R0073,G04,holdout_G04,test
G04_R0074,G04,holdout_G04,test
G04_R0075,G04,holdout_G04,test
G04_R0076,G04,holdout_G04,test
G04_R0077,G04,holdout_G04,test
G04_R0078,G04,holdout_G04,test
G04_R0079,G04,holdout_G04,test
G04_R0080,G04,holdout_G04,test
G04_R0081,G04,holdout_G04,test
G04_R0082,G04,holdout_G04,test
G04_R0083,G04,holdout_G04,test
G04_R0084,G04,holdout_G04,test
G04_R0085,G04,holdout_G04,test
G04_R0086,G04,holdout_G04,test
G04_R0087,G04,holdout_G04,test
G04_R0088,G04,holdout_G04,test
G04_R0089,G04,holdout_G04,test
G04_R0090,G04,holdout_G04,test
G04_R0091,G04,holdout_G04,test
G04_R0092,G04,holdout_G04,test
G04_R0093,G04,holdout_G04,test
G04_R0094,G04,holdout_G04,test
G04_R0095,G04,holdout_G04,test
G04_R0096,G04,holdout_G04,test
G04_R0097,G04,holdout_G04,test
G04_R0098,G04,holdout_G04,test
G04_R0099,G04,holdout_G04,test
G04_R0100,G04,holdout_G04,test
G04_R0101,G04,holdout_G04,test
G04_R0102,G04,holdout_G04,test
G04_R0103,G04,holdout_G04,test
G04_R0104,G04,holdout_G04,test
G04_R0105,G04,holdout_G04,test
G04_R0106,G04,holdout_G04,test
G04_R0107,G04,holdout_G04,test
G04_R0108,G04,holdout_G04,test
G04_R0109,G04,holdout_G04,test
G04_R0110,G04,holdout_G04,test
G04_R0111,G04,holdout_G04,test
G04_R0112,G04,holdout_G04,test
G04_R0113,G04,holdout_G04,test
G04_R0114,G04,holdout_G04,test
G04_R0115,G04,holdout_G04,test
G04_R0116,G04,holdout_G04,test
G04_R0117,G04,holdout_G04,test
G04_R0118,G04,holdout_G04,test
G04_R0119,G04,holdout_G04,test
G04_R0120,G04,holdout_G04,test
G04_R0121,G04,holdout_G04,test
G04_R0122,G04,holdout_G04,test
G04_R0123,G04,holdout_G04,test
G04_R0124,G04,holdout_G04,test
G04_R0125,G04,holdout_G04,test
G04_R0126,G04,holdout_G04,test
G04_R0127,G04,holdout_G04,test
G04_R0128,G04,holdout_G04,test
G04_R0129,G04,holdout_G04,test
G04_R0130,G04,holdout_G04,test
G04_R0131,G04,holdout_G04,test
G04_R0132,G04,holdout_G04,test
G04_R0133,G04,holdout_G04,test
G04_R0134,G04,holdout_G04,test
G04_R0135,G04,holdout_G04,test
G04_R0136,G04,holdout_G04,test
G04_R0137,G04,holdout_G04,test
G04_R0138,G04,holdout_G04,test
G04_R0139,G04,holdout_G04,test
G04_R0140,G04,holdout_G04,test
G04_R0141,G04,holdout_G04,test
G04_R0142,G04,holdout_G04,test
G04_R0143,G04,holdout_G04,test
G04_R0144,G04,holdout_G04,test
G04_R0145,G04,holdout_G04,test
G04_R0146,G04,holdout_G04,test
G04_R0147,G04,holdout_G04,test
G04_R0148,G04,holdout_G04,test
G04_R0149,G04,holdout_G04,test
G04_R0150,G04,holdout_G04,test
G04_R0151,G04,holdout_G04,test
G04_R0152,G04,holdout_G04,test
G04_R0153,G04,holdout_G04,test
G04_R0154,G04,holdout_G04,test
G04_R0155,G04,holdout_G04,test
G04_R0156,G04,holdout_G04,test
G04_R0157,G04,holdout_G04,test
G04_R0158,G04,holdout_G04,test
G04_R0159,G04,holdout_G04,test
G04_R0160,G04,holdout_G04,test
G04_R0161,G04,holdout_G04,test
G04_R0162,G04,holdout_G04,test
G04_R0163,G04,holdout_G04,test
G04_R0164,G04,holdout_G04,test
G04_R0165,G04,holdout_G04,test
G04_R0166,G04,holdout_G04,test
G04_R0167,G04,holdout_G04,test
G04_R0168,G04,holdout_G04,test
G04_R0169,G04,holdout_G04,test
G04_R0170,G04,holdout_G04,test
G04_R0171,G04,holdout_G04,test
G04_R0172,G04,holdout_G04,test
G04_R0173,G04,holdout_G04,test
G04_R0174,G04,holdout_G04,test
G04_R0175,G04,holdout_G04,test
G04_R0176,G04,holdout_G04,test
G04_R0177,G04,holdout_G04,test
G04_R0178,G04,holdout_G04,test
G04_R0179,G04,holdout_G04,test
G04_R0180,G04,holdout_G04,test
G04_R0181,G04,holdout_G04,test
G04_R0182,G04,holdout_G04,test
G04_R0183,G04,holdout_G04,test
G04_R0184,G04,holdout_G04,test
G04_R0185,G04,holdout_G04,test
G04_R0186,G04,holdout_G04,test
G04_R0187,G04,holdout_G04,test
G04_R0188,G04,holdout_G04,test
G04_R0189,G04,holdout_G04,test
G04_R0190,G04,holdout_G04,test
G04_R0191,G04,holdout_G04,test
G04_R0192,G04,holdout_G04,test
G04_R0193,G04,holdout_G04,test
G04_R0194,G04,holdout_G04,test
G04_R0195,G04,holdout_G04,test
G04_R0196,G04,holdout_G04,test
G04_R0197,G04,holdout_G04,test
G04_R0198,G04,holdout_G04,test
G04_R0199,G04,holdout_G04,test
G04_R0200,G04,holdout_G04,test
G04_R0201,G04,holdout_G04,test
G04_R0202,G04,holdout_G04,test
G04_R0203,G04,holdout_G04,test
G04_R0204,G04,holdout_G04,test
G04_R0205,G04,holdout_G04,test
G04_R0206,G04,holdout_G04,test
G04_R0207,G04,holdout_G04,test
G04_R0208,G04,holdout_G04,test
G04_R0209,G04,holdout_G04,test
G04_R0210,G04,holdout_G04,test
G04_R0211,G04,holdout_G04,test
G04_R0212,G04,holdout_G04,test
G04_R0213,G04,holdout_G04,test
G04_R0214,G04,holdout_G04,test
G04_R0215,G04,holdout_G04,test
G04_R0216,G04,holdout_G04,test
G04_R0217,G04,holdout_G04,test
G04_R0218,G04,holdout_G04,test
G04_R0219,G04,holdout_G04,test
G04_R0220,G04,holdout_G04,test
G04_R0221,G04,holdout_G04,test
G04_R0222,G04,holdout_G04,test
G04_R0223,G04,holdout_G04,test
G04_R0224,G04,holdout_G04,test
G04_R0225,G04,holdout_G04,test
G04_R0226,G04,holdout_G04,test
G04_R0227,G04,holdout_G04,test
G04_R0228,G04,holdout_G04,test
G04_R0229,G04,holdout_G04,test
G04_R0230,G04,holdout_G04,test
G04_R0231,G04,holdout_G04,test
G04_R0232,G04,holdout_G04,test
G04_R0233,G04,holdout_G04,test
G04_R0234,G04,holdout_G04,test
G04_R0235,G04,holdout_G04,test
G04_R0236,G04,holdout_G04,test
G04_R0237,G04,holdout_G04,test
G04_R0238,G04,holdout_G04,test
G04_R0239,G04,holdout_G04,test
G04_R0240,G04,holdout_G04,test
G04_R0241,G04,holdout_G04,test
G04_R0242,G04,holdout_G04,test
G04_R0243,G04,holdout_G04,test
G04_R0244,G04,holdout_G04,test
G04_R0245,G04,holdout_G04,test
G04_R0246,G04,holdout_G04,test
G04_R0247,G04,holdout_G04,test
G04_R0248,G04,holdout_G04,test
G04_R0249,G04,holdout_G04,test
G04_R0250,G04,holdout_G04,test
G04_R0251,G04,holdout_G04,test
G04_R0252,G04,holdout_G04,test
G04_R0253,G04,holdout_G04,test
G04_R0254,G04,holdout_G04,test
G04_R0255,G04,holdout_G04,test
G04_R0256,G04,holdout_G04,test
G04_R0257,G04,holdout_G04,test
G04_R0258,G04,holdout_G04,test
G04_R0259,G04,holdout_G04,test
G04_R0260,G04,holdout_G04,test
G04_R0261,G04,holdout_G04,test
G04_R0262,G04,holdout_G04,test
G04_R0263,G04,holdout_G04,test
G04_R0264,G04,holdout_G04,test
G04_R0265,G04,holdout_G04,test
G04_R0266,G04,holdout_G04,test
G04_R0267,G04,holdout_G04,test
G04_R0268,G04,holdout_G04,test
G04_R0269,G04,holdout_G04,test
G04_R0270,G04,holdout_G04,test
G04_R0271,G04,holdout_G04,test
G04_R0272,G04,holdout_G04,test
G04_R0273,G04,holdout_G04,test
G04_R0274,G04,holdout_G04,test
G04_R0275,G04,holdout_G04,test
G04_R0276,G04,holdout_G04,test
G04_R0277,G04,holdout_G04,test
G04_R0278,G04,holdout_G04,test
G04_R0279,G04,holdout_G04,test
G04_R0280,G04,holdout_G04,test
G04_R0281,G04,holdout_G04,test
G04_R0282,G04,holdout_G04,test
G04_R0283,G04,holdout_G04,test
G04_R0284,G04,holdout_G04,test
G04_R0285,G04,holdout_G04,test
G04_R0286,G04,holdout_G04,test
G04_R0287,G04,holdout_G04,test
G04_R0288,G04,holdout_G04,test
G04_R0289,G04,holdout_G04,test
G04_R0290,G04,holdout_G04,test
G04_R0291,G04,holdout_G04,test
G04_R0292,G04,holdout_G04,test
G04_R0293,G04,holdout_G04,test
G04_R0294,G04,holdout_G04,test
G04_R0295,G04,holdout_G04,test
G04_R0296,G04,holdout_G04,test
G04_R0297,G04,holdout_G04,test
G04_R0298,G04,holdout_G04,test
G04_R0299,G04,holdout_G04,test
G04_R0300,G04,holdout_G04,test
G04_R0301,G04,holdout_G04,test
G04_R0302,G04,holdout_G04,test
G04_R0303,G04,holdout_G04,test
G04_R0304,G04,holdout_G04,test
G04_R0305,G04,holdout_G04,test
G04_R0306,G04,holdout_G04,test
G04_R0307,G04,holdout_G04,test
G04_R0308,G04,holdout_G04,test
G04_R0309,G04,holdout_G04,test
G04_R0310,G04,holdout_G04,test
G04_R0311,G04,holdout_G04,test
G04_R0312,G04,holdout_G04,test
G04_R0313,G04,holdout_G04,test
G04_R0314,G04,holdout_G04,test
G04_R0315,G04,holdout_G04,test
G04_R0316,G04,holdout_G04,test
G04_R0317,G04,holdout_G04,test
G04_R0318,G04,holdout_G04,test
G04_R0319,G04,holdout_G04,test
G04_R0320,G04,holdout_G04,test
G04_R0321,G04,holdout_G04,test
G04_R0322,G04,holdout_G04,test
G04_R0323,G04,holdout_G04,test
G04_R0324,G04,holdout_G04,test
G04_R0325,G04,holdout_G04,test
G04_R0326,G04,holdout_G04,test
G04_R0327,G04,holdout_G04,test
G04_R0328,G04,holdout_G04,test
G04_R0329,G04,holdout_G04,test
G04_R0330,G04,holdout_G04,test
G04_R0331,G04,holdout_G04,test
G04_R0332,G04,holdout_G04,test
G04_R0333,G04,holdout_G04,test
G04_R0334,G04,holdout_G04,test
G04_R0335,G04,holdout_G04,test
G04_R0336,G04,holdout_G04,test
G04_R0337,G04,holdout_G04,test
G04_R0338,G04,holdout_G04,test
G04_R0339,G04,holdout_G04,test
G04_R0340,G04,holdout_G04,test
G04_R0341,G04,holdout_G04,test
G04_R0342,G04,holdout_G04,test
G04_R0343,G04,holdout_G04,test
G04_R0344,G04,holdout_G04,test
G04_R0345,G04,holdout_G04,test
G04_R0346,G04,holdout_G04,test
G04_R0347,G04,holdout_G04,test
G04_R0348,G04,holdout_G04,test
G04_R0349,G04,holdout_G04,test
G04_R0350,G04,holdout_G04,test
G04_R0351,G04,holdout_G04,test
G04_R0352,G04,holdout_G04,test
G04_R0353,G04,holdout_G04,test
G04_R0354,G04,holdout_G04,test
G04_R0355,G04,holdout_G04,test
G04_R0356,G04,holdout_G04,test
G04_R0357,G04,holdout_G04,test
G04_R0358,G04,holdout_G04,test
G04_R0359,G04,holdout_G04,test
G04_R0360,G04,holdout_G04,test
G04_R0361,G04,holdout_G04,test
G04_R0362,G04,holdout_G04,test
G04_R0363,G04,holdout_G04,test
G04_R0364,G04,holdout_G04,test
G04_R0365,G04,holdout_G04,test
G04_R0366,G04,holdout_G04,test
G04_R0367,G04,holdout_G04,test
G04_R0368,G04,holdout_G04,test
G04_R0369,G04,holdout_G04,test
G04_R0370,G04,holdout_G04,test
G04_R0371,G04,holdout_G04,test
G04_R0372,G04,holdout_G04,test
G04_R0373,G04,holdout_G04,test
G04_R0374,G04,holdout_G04,test
G04_R0375,G04,holdout_G04,test
G04_R0376,G04,holdout_G04,test
G04_R0377,G04,holdout_G04,test
G04_R0378,G04,holdout_G04,test
G04_R0379,G04,holdout_G04,test
G04_R0380,G04,holdout_G04,test
G04_R0381,G04,holdout_G04,test
G04_R0382,G04,holdout_G04,test
G04_R0383,G04,holdout_G04,test
G04_R0384,G04,holdout_G04,test
G04_R0385,G04,holdout_G04,test
G04_R0386,G04,holdout_G04,test
G04_R0387,G04,holdout_G04,test
G04_R0388,G04,holdout_G04,test
G04_R0389,G04,holdout_G04,test
G04_R0390,G04,holdout_G04,test
G04_R0391,G04,holdout_G04,test
G04_R0392,G04,holdout_G04,test
G04_R0393,G04,holdout_G04,test
G04_R0394,G04,holdout_G04,test
G04_R0395,G04,holdout_G04,test
G04_R0396,G04,holdout_G04,test
G04_R0397,G04,holdout_G04,test
G04_R0398,G04,holdout_G04,test
G04_R0399,G04,holdout_G04,test
G04_R0400,G04,holdout_G04,test
G04_R0401,G04,holdout_G04,test
G04_R0402,G04,holdout_G04,test
G04_R0403,G04,holdout_G04,test
G04_R0404,G04,holdout_G04,test
G04_R0405,G04,holdout_G04,test
G04_R0406,G04,holdout_G04,test
G04_R0407,G04,holdout_G04,test
G04_R0408,G04,holdout_G04,test
G04_R0409,G04,holdout_G04,test
G04_R0410,G04,holdout_G04,test
G04_R0411,G04,holdout_G04,test
G04_R0412,G04,holdout_G04,test
G04_R0413,G04,holdout_G04,test
G04_R0414,G04,holdout_G04,test
G04_R0415,G04,holdout_G04,test
G04_R0416,G04,holdout_G04,test
G04_R0417,G04,holdout_G04,test
G04_R0418,G04,holdout_G04,test
G04_R0419,G04,holdout_G04,test
G04_R0420,G04,holdout_G04,test
G04_R0421,G04,holdout_G04,test
G04_R0422,G04,holdout_G04,test
G04_R0423,G04,holdout_G04,test
G04_R0424,G04,holdout_G04,test
G04_R0425,G04,holdout_G04,test
G04_R0426,G04,holdout_G04,test
G04_R0427,G04,holdout_G04,test
G04_R0428,G04,holdout_G04,test
G04_R0429,G04,holdout_G04,test
G04_R0430,G04,holdout_G04,test
G04_R0431,G04,holdout_G04,test
G04_R0432,G04,holdout_G04,test
G04_R0433,G04,holdout_G04,test
G04_R0434,G04,holdout_G04,test
G04_R0435,G04,holdout_G04,test
G04_R0436,G04,holdout_G04,test
G04_R0437,G04,holdout_G04,test
G04_R0438,G04,holdout_G04,test
G04_R0439,G04,holdout_G04,test
G04_R0440,G04,holdout_G04,test
G04_R0441,G04,holdout_G04,test
G04_R0442,G04,holdout_G04,test
G04_R0443,G04,holdout_G04,test
G04_R0444,G04,holdout_G04,test
G04_R0445,G04,holdout_G04,test
G04_R0446,G04,holdout_G04,test
G04_R0447,G04,holdout_G04,test
G04_R0448,G04,holdout_G04,test
G04_R0449,G04,holdout_G04,test
G04_R0450,G04,holdout_G04,test
G04_R0451,G04,holdout_G04,test
G04_R0452,G04,holdout_G04,test
G04_R0453,G04,holdout_G04,test
G04_R0454,G04,holdout_G04,test
G04_R0455,G04,holdout_G04,test
G04_R0456,G04,holdout_G04,test
G04_R0457,G04,holdout_G04,test
G04_R0458,G04,holdout_G04,test
G04_R0459,G04,holdout_G04,test
G04_R0460,G04,holdout_G04,test
G04_R0461,G04,holdout_G04,test
G04_R0462,G04,holdout_G04,test
G04_R0463,G04,holdout_G04,test
G04_R0464,G04,holdout_G04,test
G04_R0465,G04,holdout_G04,test
G04_R0466,G04,holdout_G04,test
G04_R0467,G04,holdout_G04,test
G04_R0468,G04,holdout_G04,test
G04_R0469,G04,holdout_G04,test
G04_R0470,G04,holdout_G04,test
G04_R0471,G04,holdout_G04,test
G04_R0472,G04,holdout_G04,test
G04_R0473,G04,holdout_G04,test
G04_R0474,G04,holdout_G04,test
G04_R0475,G04,holdout_G04,test
G04_R0476,G04,holdout_G04,test
G04_R0477,G04,holdout_G04,test
G04_R0478,G04,holdout_G04,test
G04_R0479,G04,holdout_G04,test
G04_R0480,G04,holdout_G04,test
G04_R0481,G04,holdout_G04,test
G04_R0482,G04,holdout_G04,test
G04_R0483,G04,holdout_G04,test
G04_R0484,G04,holdout_G04,test
G04_R0485,G04,holdout_G04,test
G04_R0486,G04,holdout_G04,test
G04_R0487,G04,holdout_G04,test
G04_R0488,G04,holdout_G04,test
G04_R0489,G04,holdout_G04,test
G04_R0490,G04,holdout_G04,test
G04_R0491,G04,holdout_G04,test
G04_R0492,G04,holdout_G04,test
G04_R0493,G04,holdout_G04,test
G04_R0494,G04,holdout_G04,test
G04_R0495,G04,holdout_G04,test
G04_R0496,G04,holdout_G04,test
G04_R0497,G04,holdout_G04,test
G04_R0498,G04,holdout_G04,test
G04_R0499,G04,holdout_G04,test
G04_R0500,G04,holdout_G04,test
G04_R0501,G04,holdout_G04,test
G04_R0502,G04,holdout_G04,test
G04_R0503,G04,holdout_G04,test
G04_R0504,G04,holdout_G04,test
G04_R0505,G04,holdout_G04,test
G04_R0506,G04,holdout_G04,test
G04_R0507,G04,holdout_G04,test
G04_R0508,G04,holdout_G04,test
G04_R0509,G04,holdout_G04,test
G04_R0510,G04,holdout_G04,test
G04_R0511,G04,holdout_G04,test
G04_R0512,G04,holdout_G04,test
G04_R0513,G04,holdout_G04,test
G04_R0514,G04,holdout_G04,test
G04_R0515,G04,holdout_G04,test
G04_R0516,G04,holdout_G04,test
G04_R0517,G04,holdout_G04,test
G04_R0518,G04,holdout_G04,test
G04_R0519,G04,holdout_G04,test
G04_R0520,G04,holdout_G04,test
G04_R0521,G04,holdout_G04,test
G04_R0522,G04,holdout_G04,test
G04_R0523,G04,holdout_G04,test
G04_R0524,G04,holdout_G04,test
G04_R0525,G04,holdout_G04,test
G04_R0526,G04,holdout_G04,test
G04_R0527,G04,holdout_G04,test
G04_R0528,G04,holdout_G04,test
G04_R0529,G04,holdout_G04,test
G04_R0530,G04,holdout_G04,test
G04_R0531,G04,holdout_G04,test
G04_R0532,G04,holdout_G04,test
G04_R0533,G04,holdout_G04,test
G04_R0534,G04,holdout_G04,test
G04_R0535,G04,holdout_G04,test
G04_R0536,G04,holdout_G04,test
G04_R0537,G04,holdout_G04,test
G04_R0538,G04,holdout_G04,test
G04_R0539,G04,holdout_G04,test
G04_R0540,G04,holdout_G04,test
G04_R0541,G04,holdout_G04,test
G04_R0542,G04,holdout_G04,test
G04_R0543,G04,holdout_G04,test
G04_R0544,G04,holdout_G04,test
G04_R0545,G04,holdout_G04,test
G04_R0546,G04,holdout_G04,test
G04_R0547,G04,holdout_G04,test
G04_R0548,G04,holdout_G04,test
G04_R0549,G04,holdout_G04,test
G04_R0550,G04,holdout_G04,test
G04_R0551,G04,holdout_G04,test
G04_R0552,G04,holdout_G04,test
G04_R0553,G04,holdout_G04,test
G04_R0554,G04,holdout_G04,test
G04_R0555,G04,holdout_G04,test
G04_R0556,G04,holdout_G04,test
G04_R0557,G04,holdout_G04,test
G04_R0558,G04,holdout_G04,test
G04_R0559,G04,holdout_G04,test
G04_R0560,G04,holdout_G04,test
G04_R0561,G04,holdout_G04,test
G04_R0562,G04,holdout_G04,test
G04_R0563,G04,holdout_G04,test
G04_R0564,G04,holdout_G04,test
G04_R0565,G04,holdout_G04,test
G04_R0566,G04,holdout_G04,test
G04_R0567,G04,holdout_G04,test
G04_R0568,G04,holdout_G04,test
G04_R0569,G04,holdout_G04,test
G04_R0570,G04,holdout_G04,test
G04_R0571,G04,holdout_G04,test
G04_R0572,G04,holdout_G04,test
G04_R0573,G04,holdout_G04,test
G04_R0574,G04,holdout_G04,test
G04_R0575,G04,holdout_G04,test
G04_R0576,G04,holdout_G04,test
G04_R0577,G04,holdout_G04,test
G04_R0578,G04,holdout_G04,test
G04_R0579,G04,holdout_G04,test
G04_R0580,G04,holdout_G04,test
G04_R0581,G04,holdout_G04,test
G04_R0582,G04,holdout_G04,test
G04_R0583,G04,holdout_G04,test
G04_R0584,G04,holdout_G04,test
G04_R0585,G04,holdout_G04,test
G04_R0586,G04,holdout_G04,test
G04_R0587,G04,holdout_G04,test
G04_R0588,G04,holdout_G04,test
G04_R0589,G04,holdout_G04,test
G04_R0590,G04,holdout_G04,test
G04_R0591,G04,holdout_G04,test
G04_R0592,G04,holdout_G04,test
G04_R0593,G04,holdout_G04,test
G04_R0594,G04,holdout_G04,test
G04_R0595,G04,holdout_G04,test
G04_R0596,G04,holdout_G04,test
G04_R0597,G04,holdout_G04,test
G04_R0598,G04,holdout_G04,test
G04_R0599,G04,holdout_G04,test
G04_R0600,G04,holdout_G04,test
G04_R0601,G04,holdout_G04,test
G04_R0602,G04,holdout_G04,test
G04_R0603,G04,holdout_G04,test
G04_R0604,G04,holdout_G04,test
G04_R0605,G04,holdout_G04,test
G04_R0606,G04,holdout_G04,test
G04_R0607,G04,holdout_G04,test
G04_R0608,G04,holdout_G04,test
G04_R0609,G04,holdout_G04,test
G04_R0610,G04,holdout_G04,test
G04_R0611,G04,holdout_G04,test
G04_R0612,G04,holdout_G04,test
G04_R0613,G04,holdout_G04,test
G04_R0614,G04,holdout_G04,test
G04_R0615,G04,holdout_G04,test
G04_R0616,G04,holdout_G04,test
G04_R0617,G04,holdout_G04,test
G04_R0618,G04,holdout_G04,test
G04_R0619,G04,holdout_G04,test
G04_R0620,G04,holdout_G04,test
G04_R0621,G04,holdout_G04,test
G04_R0622,G04,holdout_G04,test
G04_R0623,G04,holdout_G04,test
G04_R0624,G04,holdout_G04,test
G04_R0625,G04,holdout_G04,test
G04_R0626,G04,holdout_G04,test
G04_R0627,G04,holdout_G04,test
G04_R0628,G04,holdout_G04,test
G04_R0629,G04,holdout_G04,test
G04_R0630,G04,holdout_G04,test
G04_R0631,G04,holdout_G04,test
G04_R0632,G04,holdout_G04,test
G04_R0633,G04,holdout_G04,test
G04_R0634,G04,holdout_G04,test
G04_R0635,G04,holdout_G04,test
G04_R0636,G04,holdout_G04,test
G04_R0637,G04,holdout_G04,test
G04_R0638,G04,holdout_G04,test
G04_R0639,G04,holdout_G04,test
G04_R0640,G04,holdout_G04,test
G04_R0641,G04,holdout_G04,test
G04_R0642,G04,holdout_G04,test
G04_R0643,G04,holdout_G04,test
G04_R0644,G04,holdout_G04,test
G04_R0645,G04,holdout_G04,test
G04_R0646,G04,holdout_G04,test
G04_R0647,G04,holdout_G04,test
G04_R0648,G04,holdout_G04,test
G04_R0649,G04,holdout_G04,test
G04_R0650,G04,holdout_G04,test
G04_R0651,G04,holdout_G04,test
G04_R0652,G04,holdout_G04,test
G04_R0653,G04,holdout_G04,test
G04_R0654,G04,holdout_G04,test
G04_R0655,G04,holdout_G04,test
G04_R0656,G04,holdout_G04,test
G04_R0657,G04,holdout_G04,test
G04_R0658,G04,holdout_G04,test
G04_R0659,G04,holdout_G04,test
G04_R0660,G04,holdout_G04,test
G04_R0661,G04,holdout_G04,test
G04_R0662,G04,holdout_G04,test
G04_R0663,G04,holdout_G04,test
G04_R0664,G04,holdout_G04,test
G04_R0665,G04,holdout_G04,test
G04_R0666,G04,holdout_G04,test
G04_R0667,G04,holdout_G04,test
G04_R0668,G04,holdout_G04,test
G04_R0669,G04,holdout_G04,test
G04_R0670,G04,holdout_G04,test
G04_R0671,G04,holdout_G04,test
G04_R0672,G04,holdout_G04,test
G04_R0673,G04,holdout_G04,test
G04_R0674,G04,holdout_G04,test
G04_R0675,G04,holdout_G04,test
G04_R0676,G04,holdout_G04,test
G04_R0677,G04,holdout_G04,test
G04_R0678,G04,holdout_G04,test
G04_R0679,G04,holdout_G04,test
G04_R0680,G04,holdout_G04,test
G04_R0681,G04,holdout_G04,test
G04_R0682,G04,holdout_G04,test
G04_R0683,G04,holdout_G04,test
G04_R0684,G04,holdout_G04,test
G04_R0685,G04,holdout_G04,test
G04_R0686,G04,holdout_G04,test
G04_R0687,G04,holdout_G04,test
G04_R0688,G04,holdout_G04,test
G04_R0689,G04,holdout_G04,test
G04_R0690,G04,holdout_G04,test
G04_R0691,G04,holdout_G04,test
G04_R0692,G04,holdout_G04,test
G04_R0693,G04,holdout_G04,test
G04_R0694,G04,holdout_G04,test
G04_R0695,G04,holdout_G04,test
G04_R0696,G04,holdout_G04,test
G04_R0697,G04,holdout_G04,test
G04_R0698,G04,holdout_G04,test
G04_R0699,G04,holdout_G04,test
G04_R0700,G04,holdout_G04,test
G04_R0701,G04,holdout_G04,test
G04_R0702,G04,holdout_G04,test
G04_R0703,G04,holdout_G04,test
G04_R0704,G04,holdout_G04,test
G04_R0705,G04,holdout_G04,test
G04_R0706,G04,holdout_G04,test
G04_R0707,G04,holdout_G04,test
G04_R0708,G04,holdout_G04,test
G04_R0709,G04,holdout_G04,test
G04_R0710,G04,holdout_G04,test
G04_R0711,G04,holdout_G04,test
G04_R0712,G04,holdout_G04,test
G04_R0713,G04,holdout_G04,test
G04_R0714,G04,holdout_G04,test
G04_R0715,G04,holdout_G04,test
G04_R0716,G04,holdout_G04,test
G04_R0717,G04,holdout_G04,test
G04_R0718,G04,holdout_G04,test
G04_R0719,G04,holdout_G04,test
G04_R0720,G04,holdout_G04,test
G04_R0721,G04,holdout_G04,test
G04_R0722,G04,holdout_G04,test
G04_R0723,G04,holdout_G04,test
G04_R0724,G04,holdout_G04,test
G04_R0725,G04,holdout_G04,test
G04_R0726,G04,holdout_G04,test
G04_R0727,G04,holdout_G04,test
G04_R0728,G04,holdout_G04,test
G04_R0729,G04,holdout_G04,test
G04_R0730,G04,holdout_G04,test
G04_R0731,G04,holdout_G04,test
G04_R0732,G04,holdout_G04,test
G04_R0733,G04,holdout_G04,test
G04_R0734,G04,holdout_G04,test
G04_R0735,G04,holdout_G04,test
G04_R0736,G04,holdout_G04,test
G04_R0737,G04,holdout_G04,test
G04_R0738,G04,holdout_G04,test
G04_R0739,G04,holdout_G04,test
G04_R0740,G04,holdout_G04,test
G04_R0741,G04,holdout_G04,test
G04_R0742,G04,holdout_G04,test
G04_R0743,G04,holdout_G04,test
G04_R0744,G04,holdout_G04,test
G04_R0745,G04,holdout_G04,test
G04_R0746,G04,holdout_G04,test
G04_R0747,G04,holdout_G04,test
G04_R0748,G04,holdout_G04,test
G04_R0749,G04,holdout_G04,test
G04_R0750,G04,holdout_G04,test
G04_R0751,G04,holdout_G04,test
G04_R0752,G04,holdout_G04,test
G04_R0753,G04,holdout_G04,test
G04_R0754,G04,holdout_G04,test
G04_R0755,G04,holdout_G04,test
G04_R0756,G04,holdout_G04,test
G04_R0757,G04,holdout_G04,test
G04_R0758,G04,holdout_G04,test
G04_R0759,G04,holdout_G04,test
G04_R0760,G04,holdout_G04,test
G04_R0761,G04,holdout_G04,test
G04_R0762,G04,holdout_G04,test
G04_R0763,G04,holdout_G04,test
G04_R0764,G04,holdout_G04,test
G04_R0765,G04,holdout_G04,test
G04_R0766,G04,holdout_G04,test
G04_R0767,G04,holdout_G04,test
G04_R0768,G04,holdout_G04,test
G05_R0001,G05,holdout_G04,train
G05_R0002,G05,holdout_G04,train
G05_R0003,G05,holdout_G04,train
G05_R0004,G05,holdout_G04,train
G05_R0005,G05,holdout_G04,train
G05_R0006,G05,holdout_G04,train
G05_R0007,G05,holdout_G04,train
G05_R0008,G05,holdout_G04,train
G05_R0009,G05,holdout_G04,train
G05_R0010,G05,holdout_G04,train
G05_R0011,G05,holdout_G04,train
G05_R0012,G05,holdout_G04,train
G05_R0013,G05,holdout_G04,train
G05_R0014,G05,holdout_G04,train
G05_R0015,G05,holdout_G04,train
G05_R0016,G05,holdout_G04,train
G05_R0017,G05,holdout_G04,train
G05_R0018,G05,holdout_G04,train
G05_R0019,G05,holdout_G04,train
G05_R0020,G05,holdout_G04,train
G05_R0021,G05,holdout_G04,train
G05_R0022,G05,holdout_G04,train
G05_R0023,G05,holdout_G04,train
G05_R0024,G05,holdout_G04,train
G05_R0025,G05,holdout_G04,train
G05_R0026,G05,holdout_G04,train
G05_R0027,G05,holdout_G04,train
G05_R0028,G05,holdout_G04,train
G05_R0029,G05,holdout_G04,train
G05_R0030,G05,holdout_G04,train
G05_R0031,G05,holdout_G04,train
G05_R0032,G05,holdout_G04,train
G05_R0033,G05,holdout_G04,train
G05_R0034,G05,holdout_G04,train
G05_R0035,G05,holdout_G04,train
G05_R0036,G05,holdout_G04,train
G05_R0037,G05,holdout_G04,train
G05_R0038,G05,holdout_G04,train
G05_R0039,G05,holdout_G04,train
G05_R0040,G05,holdout_G04,train
G05_R0041,G05,holdout_G04,train
G05_R0042,G05,holdout_G04,train
G05_R0043,G05,holdout_G04,train
G05_R0044,G05,holdout_G04,train
G05_R0045,G05,holdout_G04,train
G05_R0046,G05,holdout_G04,train
G05_R0047,G05,holdout_G04,train
G05_R0048,G05,holdout_G04,train
G05_R0049,G05,holdout_G04,train
G05_R0050,G05,holdout_G04,train
G05_R0051,G05,holdout_G04,train
G05_R0052,G05,holdout_G04,train
G05_R0053,G05,holdout_G04,train
G05_R0054,G05,holdout_G04,train
G05_R0055,G05,holdout_G04,train
G05_R0056,G05,holdout_G04,train
G05_R0057,G05,holdout_G04,train
G05_R0058,G05,holdout_G04,train
G05_R0059,G05,holdout_G04,train
G05_R0060,G05,holdout_G04,train
G05_R0061,G05,holdout_G04,train
G05_R0062,G05,holdout_G04,train
G05_R0063,G05,holdout_G04,train
G05_R0064,G05,holdout_G04,train
G05_R0065,G05,holdout_G04,train
G05_R0066,G05,holdout_G04,train
G05_R0067,G05,holdout_G04,train
G05_R0068,G05,holdout_G04,train
G05_R0069,G05,holdout_G04,train
G05_R0070,G05,holdout_G04,train
G05_R0071,G05,holdout_G04,train
G05_R0072,G05,holdout_G04,train
G05_R0073,G05,holdout_G04,train
G05_R0074,G05,holdout_G04,train
G05_R0075,G05,holdout_G04,train
G05_R0076,G05,holdout_G04,train
G05_R0077,G05,holdout_G04,train
G05_R0078,G05,holdout_G04,train
G05_R0079,G05,holdout_G04,train
G05_R0080,G05,holdout_G04,train
G05_R0081,G05,holdout_G04,train
G05_R0082,G05,holdout_G04,train
G05_R0083,G05,holdout_G04,train
G05_R0084,G05,holdout_G04,train
G05_R0085,G05,holdout_G04,train
G05_R0086,G05,holdout_G04,train
G05_R0087,G05,holdout_G04,train
G05_R0088,G05,holdout_G04,train
G05_R0089,G05,holdout_G04,train
G05_R0090,G05,holdout_G04,train
G05_R0091,G05,holdout_G04,train
G05_R0092,G05,holdout_G04,train
G05_R0093,G05,holdout_G04,train
G05_R0094,G05,holdout_G04,train
G05_R0095,G05,holdout_G04,train
G05_R0096,G05,holdout_G04,train
G05_R0097,G05,holdout_G04,train
G05_R0098,G05,holdout_G04,train
G05_R0099,G05,holdout_G04,train
G05_R0100,G05,holdout_G04,train
G05_R0101,G05,holdout_G04,train
G05_R0102,G05,holdout_G04,train
G05_R0103,G05,holdout_G04,train
G05_R0104,G05,holdout_G04,train
G05_R0105,G05,holdout_G04,train
G05_R0106,G05,holdout_G04,train
G05_R0107,G05,holdout_G04,train
G05_R0108,G05,holdout_G04,train
G05_R0109,G05,holdout_G04,train
G05_R0110,G05,holdout_G04,train
G05_R0111,G05,holdout_G04,train
G05_R0112,G05,holdout_G04,train
G05_R0113,G05,holdout_G04,train
G05_R0114,G05,holdout_G04,train
G05_R0115,G05,holdout_G04,train
G05_R0116,G05,holdout_G04,train
G05_R0117,G05,holdout_G04,train
G05_R0118,G05,holdout_G04,train
G05_R0119,G05,holdout_G04,train
G05_R0120,G05,holdout_G04,train
G05_R0121,G05,holdout_G04,train
G05_R0122,G05,holdout_G04,train
G05_R0123,G05,holdout_G04,train
G05_R0124,G05,holdout_G04,train
G05_R0125,G05,holdout_G04,train
G05_R0126,G05,holdout_G04,train
G05_R0127,G05,holdout_G04,train
G05_R0128,G05,holdout_G04,train
G05_R0129,G05,holdout_G04,train
G05_R0130,G05,holdout_G04,train
G05_R0131,G05,holdout_G04,train
G05_R0132,G05,holdout_G04,train
G05_R0133,G05,holdout_G04,train
G05_R0134,G05,holdout_G04,train
G05_R0135,G05,holdout_G04,train
G05_R0136,G05,holdout_G04,train
G05_R0137,G05,holdout_G04,train
G05_R0138,G05,holdout_G04,train
G05_R0139,G05,holdout_G04,train
G05_R0140,G05,holdout_G04,train
G05_R0141,G05,holdout_G04,train
G05_R0142,G05,holdout_G04,train
G05_R0143,G05,holdout_G04,train
G05_R0144,G05,holdout_G04,train
G05_R0145,G05,holdout_G04,train
G05_R0146,G05,holdout_G04,train
G05_R0147,G05,holdout_G04,train
G05_R0148,G05,holdout_G04,train
G05_R0149,G05,holdout_G04,train
G05_R0150,G05,holdout_G04,train
G05_R0151,G05,holdout_G04,train
G05_R0152,G05,holdout_G04,train
G05_R0153,G05,holdout_G04,train
G05_R0154,G05,holdout_G04,train
G05_R0155,G05,holdout_G04,train
G05_R0156,G05,holdout_G04,train
G05_R0157,G05,holdout_G04,train
G05_R0158,G05,holdout_G04,train
G05_R0159,G05,holdout_G04,train
G05_R0160,G05,holdout_G04,train
G05_R0161,G05,holdout_G04,train
G05_R0162,G05,holdout_G04,train
G05_R0163,G05,holdout_G04,train
G05_R0164,G05,holdout_G04,train
G05_R0165,G05,holdout_G04,train
G05_R0166,G05,holdout_G04,train
G05_R0167,G05,holdout_G04,train
G05_R0168,G05,holdout_G04,train
G05_R0169,G05,holdout_G04,train
G05_R0170,G05,holdout_G04,train
G05_R0171,G05,holdout_G04,train
G05_R0172,G05,holdout_G04,train
G05_R0173,G05,holdout_G04,train
G05_R0174,G05,holdout_G04,train
G05_R0175,G05,holdout_G04,train
G05_R0176,G05,holdout_G04,train
G05_R0177,G05,holdout_G04,train
G05_R0178,G05,holdout_G04,train
G05_R0179,G05,holdout_G04,train
G05_R0180,G05,holdout_G04,train
G05_R0181,G05,holdout_G04,train
G05_R0182,G05,holdout_G04,train
G05_R0183,G05,holdout_G04,train
G05_R0184,G05,holdout_G04,train
G05_R0185,G05,holdout_G04,train
G05_R0186,G05,holdout_G04,train
G05_R0187,G05,holdout_G04,train
G05_R0188,G05,holdout_G04,train
G05_R0189,G05,holdout_G04,train
G05_R0190,G05,holdout_G04,train
G05_R0191,G05,holdout_G04,train
G05_R0192,G05,holdout_G04,train
G05_R0193,G05,holdout_G04,train
G05_R0194,G05,holdout_G04,train
G05_R0195,G05,holdout_G04,train
G05_R0196,G05,holdout_G04,train
G05_R0197,G05,holdout_G04,train
G05_R0198,G05,holdout_G04,train
G05_R0199,G05,holdout_G04,train
G05_R0200,G05,holdout_G04,train
G05_R0201,G05,holdout_G04,train
G05_R0202,G05,holdout_G04,train
G05_R0203,G05,holdout_G04,train
G05_R0204,G05,holdout_G04,train
G05_R0205,G05,holdout_G04,train
G05_R0206,G05,holdout_G04,train
G05_R0207,G05,holdout_G04,train
G05_R0208,G05,holdout_G04,train
G05_R0209,G05,holdout_G04,train
G05_R0210,G05,holdout_G04,train
G05_R0211,G05,holdout_G04,train
G05_R0212,G05,holdout_G04,train
G05_R0213,G05,holdout_G04,train
G05_R0214,G05,holdout_G04,train
G05_R0215,G05,holdout_G04,train
G05_R0216,G05,holdout_G04,train
G05_R0217,G05,holdout_G04,train
G05_R0218,G05,holdout_G04,train
G05_R0219,G05,holdout_G04,train
G05_R0220,G05,holdout_G04,train
G05_R0221,G05,holdout_G04,train
G05_R0222,G05,holdout_G04,train
G05_R0223,G05,holdout_G04,train
G05_R0224,G05,holdout_G04,train
G05_R0225,G05,holdout_G04,train
G05_R0226,G05,holdout_G04,train
G05_R0227,G05,holdout_G04,train
G05_R0228,G05,holdout_G04,train
G05_R0229,G05,holdout_G04,train
G05_R0230,G05,holdout_G04,train
G05_R0231,G05,holdout_G04,train
G05_R0232,G05,holdout_G04,train
G05_R0233,G05,holdout_G04,train
G05_R0234,G05,holdout_G04,train
G05_R0235,G05,holdout_G04,train
G05_R0236,G05,holdout_G04,train
G05_R0237,G05,holdout_G04,train
G05_R0238,G05,holdout_G04,train
G05_R0239,G05,holdout_G04,train
G05_R0240,G05,holdout_G04,train
G05_R0241,G05,holdout_G04,train
G05_R0242,G05,holdout_G04,train
G05_R0243,G05,holdout_G04,train
G05_R0244,G05,holdout_G04,train
G05_R0245,G05,holdout_G04,train
G05_R0246,G05,holdout_G04,train
G05_R0247,G05,holdout_G04,train
G05_R0248,G05,holdout_G04,train
G05_R0249,G05,holdout_G04,train
G05_R0250,G05,holdout_G04,train
G05_R0251,G05,holdout_G04,train
G05_R0252,G05,holdout_G04,train
G05_R0253,G05,holdout_G04,train
G05_R0254,G05,holdout_G04,train
G05_R0255,G05,holdout_G04,train
G05_R0256,G05,holdout_G04,train
G05_R0257,G05,holdout_G04,train
G05_R0258,G05,holdout_G04,train
G05_R0259,G05,holdout_G04,train
G05_R0260,G05,holdout_G04,train
G05_R0261,G05,holdout_G04,train
G05_R0262,G05,holdout_G04,train
G05_R0263,G05,holdout_G04,train
G05_R0264,G05,holdout_G04,train
G05_R0265,G05,holdout_G04,train
G05_R0266,G05,holdout_G04,train
G05_R0267,G05,holdout_G04,train
G05_R0268,G05,holdout_G04,train
G05_R0269,G05,holdout_G04,train
G05_R0270,G05,holdout_G04,train
G05_R0271,G05,holdout_G04,train
G05_R0272,G05,holdout_G04,train
G05_R0273,G05,holdout_G04,train
G05_R0274,G05,holdout_G04,train
G05_R0275,G05,holdout_G04,train
G05_R0276,G05,holdout_G04,train
G05_R0277,G05,holdout_G04,train
G05_R0278,G05,holdout_G04,train
G05_R0279,G05,holdout_G04,train
G05_R0280,G05,holdout_G04,train
G05_R0281,G05,holdout_G04,train
G05_R0282,G05,holdout_G04,train
G05_R0283,G05,holdout_G04,train
G05_R0284,G05,holdout_G04,train
G05_R0285,G05,holdout_G04,train
G05_R0286,G05,holdout_G04,train
G05_R0287,G05,holdout_G04,train
G05_R0288,G05,holdout_G04,train
G05_R0289,G05,holdout_G04,train
G05_R0290,G05,holdout_G04,train
G05_R0291,G05,holdout_G04,train
G05_R0292,G05,holdout_G04,train
G05_R0293,G05,holdout_G04,train
G05_R0294,G05,holdout_G04,train
G05_R0295,G05,holdout_G04,train
G05_R0296,G05,holdout_G04,train
G05_R0297,G05,holdout_G04,train
G05_R0298,G05,holdout_G04,train
G05_R0299,G05,holdout_G04,train
G05_R0300,G05,holdout_G04,train
G05_R0301,G05,holdout_G04,train
G05_R0302,G05,holdout_G04,train
G05_R0303,G05,holdout_G04,train
G05_R0304,G05,holdout_G04,train
G05_R0305,G05,holdout_G04,train
G05_R0306,G05,holdout_G04,train
G05_R0307,G05,holdout_G04,train
G05_R0308,G05,holdout_G04,train
G05_R0309,G05,holdout_G04,train
G05_R0310,G05,holdout_G04,train
G05_R0311,G05,holdout_G04,train
G05_R0312,G05,holdout_G04,train
G05_R0313,G05,holdout_G04,train
G05_R0314,G05,holdout_G04,train
G05_R0315,G05,holdout_G04,train
G05_R0316,G05,holdout_G04,train
G05_R0317,G05,holdout_G04,train
G05_R0318,G05,holdout_G04,train
G05_R0319,G05,holdout_G04,train
G05_R0320,G05,holdout_G04,train
G05_R0321,G05,holdout_G04,train
G05_R0322,G05,holdout_G04,train
G05_R0323,G05,holdout_G04,train
G05_R0324,G05,holdout_G04,train
G05_R0325,G05,holdout_G04,train
G05_R0326,G05,holdout_G04,train
G05_R0327,G05,holdout_G04,train
G05_R0328,G05,holdout_G04,train
G05_R0329,G05,holdout_G04,train
G05_R0330,G05,holdout_G04,train
G05_R0331,G05,holdout_G04,train
G05_R0332,G05,holdout_G04,train
G05_R0333,G05,holdout_G04,train
G05_R0334,G05,holdout_G04,train
G05_R0335,G05,holdout_G04,train
G05_R0336,G05,holdout_G04,train
G05_R0337,G05,holdout_G04,train
G05_R0338,G05,holdout_G04,train
G05_R0339,G05,holdout_G04,train
G05_R0340,G05,holdout_G04,train
G05_R0341,G05,holdout_G04,train
G05_R0342,G05,holdout_G04,train
G05_R0343,G05,holdout_G04,train
G05_R0344,G05,holdout_G04,train
G05_R0345,G05,holdout_G04,train
G05_R0346,G05,holdout_G04,train
G05_R0347,G05,holdout_G04,train
G05_R0348,G05,holdout_G04,train
G05_R0349,G05,holdout_G04,train
G05_R0350,G05,holdout_G04,train
G05_R0351,G05,holdout_G04,train
G05_R0352,G05,holdout_G04,train
G05_R0353,G05,holdout_G04,train
G05_R0354,G05,holdout_G04,train
G05_R0355,G05,holdout_G04,train
G05_R0356,G05,holdout_G04,train
G05_R0357,G05,holdout_G04,train
G05_R0358,G05,holdout_G04,train
G05_R0359,G05,holdout_G04,train
G05_R0360,G05,holdout_G04,train
G05_R0361,G05,holdout_G04,train
G05_R0362,G05,holdout_G04,train
G05_R0363,G05,holdout_G04,train
G05_R0364,G05,holdout_G04,train
G05_R0365,G05,holdout_G04,train
G05_R0366,G05,holdout_G04,train
G05_R0367,G05,holdout_G04,train
G05_R0368,G05,holdout_G04,train
G05_R0369,G05,holdout_G04,train
G05_R0370,G05,holdout_G04,train
G05_R0371,G05,holdout_G04,train
G05_R0372,G05,holdout_G04,train
G05_R0373,G05,holdout_G04,train
G05_R0374,G05,holdout_G04,train
G05_R0375,G05,holdout_G04,train
G05_R0376,G05,holdout_G04,train
G05_R0377,G05,holdout_G04,train
G05_R0378,G05,holdout_G04,train
G05_R0379,G05,holdout_G04,train
G05_R0380,G05,holdout_G04,train
G05_R0381,G05,holdout_G04,train
G05_R0382,G05,holdout_G04,train
G05_R0383,G05,holdout_G04,train
G05_R0384,G05,holdout_G04,train
G05_R0385,G05,holdout_G04,train
G05_R0386,G05,holdout_G04,train
G05_R0387,G05,holdout_G04,train
G05_R0388,G05,holdout_G04,train
G05_R0389,G05,holdout_G04,train
G05_R0390,G05,holdout_G04,train
G05_R0391,G05,holdout_G04,train
G05_R0392,G05,holdout_G04,train
G05_R0393,G05,holdout_G04,train
G05_R0394,G05,holdout_G04,train
G05_R0395,G05,holdout_G04,train
G05_R0396,G05,holdout_G04,train
G05_R0397,G05,holdout_G04,train
G05_R0398,G05,holdout_G04,train
G05_R0399,G05,holdout_G04,train
G05_R0400,G05,holdout_G04,train
G05_R0401,G05,holdout_G04,train
G05_R0402,G05,holdout_G04,train
G05_R0403,G05,holdout_G04,train
G05_R0404,G05,holdout_G04,train
G05_R0405,G05,holdout_G04,train
G05_R0406,G05,holdout_G04,train
G05_R0407,G05,holdout_G04,train
G05_R0408,G05,holdout_G04,train
G05_R0409,G05,holdout_G04,train
G05_R0410,G05,holdout_G04,train
G05_R0411,G05,holdout_G04,train
G05_R0412,G05,holdout_G04,train
G05_R0413,G05,holdout_G04,train
G05_R0414,G05,holdout_G04,train
G05_R0415,G05,holdout_G04,train
G05_R0416,G05,holdout_G04,train
G05_R0417,G05,holdout_G04,train
G05_R0418,G05,holdout_G04,train
G05_R0419,G05,holdout_G04,train
G05_R0420,G05,holdout_G04,train
G05_R0421,G05,holdout_G04,train
G05_R0422,G05,holdout_G04,train
G05_R0423,G05,holdout_G04,train
G05_R0424,G05,holdout_G04,train
G05_R0425,G05,holdout_G04,train
G05_R0426,G05,holdout_G04,train
G05_R0427,G05,holdout_G04,train
G05_R0428,G05,holdout_G04,train
G05_R0429,G05,holdout_G04,train
G05_R0430,G05,holdout_G04,train
G05_R0431,G05,holdout_G04,train
G05_R0432,G05,holdout_G04,train
G05_R0433,G05,holdout_G04,train
G05_R0434,G05,holdout_G04,train
G05_R0435,G05,holdout_G04,train
G05_R0436,G05,holdout_G04,train
G05_R0437,G05,holdout_G04,train
G05_R0438,G05,holdout_G04,train
G05_R0439,G05,holdout_G04,train
G05_R0440,G05,holdout_G04,train
G05_R0441,G05,holdout_G04,train
G05_R0442,G05,holdout_G04,train
G05_R0443,G05,holdout_G04,train
G05_R0444,G05,holdout_G04,train
G05_R0445,G05,holdout_G04,train
G05_R0446,G05,holdout_G04,train
G05_R0447,G05,holdout_G04,train
G05_R0448,G05,holdout_G04,train
G05_R0449,G05,holdout_G04,train
G05_R0450,G05,holdout_G04,train
G05_R0451,G05,holdout_G04,train
G05_R0452,G05,holdout_G04,train
G05_R0453,G05,holdout_G04,train
G05_R0454,G05,holdout_G04,train
G05_R0455,G05,holdout_G04,train
G05_R0456,G05,holdout_G04,train
G05_R0457,G05,holdout_G04,train
G05_R0458,G05,holdout_G04,train
G05_R0459,G05,holdout_G04,train
G05_R0460,G05,holdout_G04,train
G05_R0461,G05,holdout_G04,train
G05_R0462,G05,holdout_G04,train
G05_R0463,G05,holdout_G04,train
G05_R0464,G05,holdout_G04,train
G05_R0465,G05,holdout_G04,train
G05_R0466,G05,holdout_G04,train
G05_R0467,G05,holdout_G04,train
G05_R0468,G05,holdout_G04,train
G05_R0469,G05,holdout_G04,train
G05_R0470,G05,holdout_G04,train
G05_R0471,G05,holdout_G04,train
G05_R0472,G05,holdout_G04,train
G05_R0473,G05,holdout_G04,train
G05_R0474,G05,holdout_G04,train
G05_R0475,G05,holdout_G04,train
G05_R0476,G05,holdout_G04,train
G05_R0477,G05,holdout_G04,train
G05_R0478,G05,holdout_G04,train
G05_R0479,G05,holdout_G04,train
G05_R0480,G05,holdout_G04,train
G05_R0481,G05,holdout_G04,train
G05_R0482,G05,holdout_G04,train
G05_R0483,G05,holdout_G04,train
G05_R0484,G05,holdout_G04,train
G05_R0485,G05,holdout_G04,train
G05_R0486,G05,holdout_G04,train
G05_R0487,G05,holdout_G04,train
G05_R0488,G05,holdout_G04,train
G05_R0489,G05,holdout_G04,train
G05_R0490,G05,holdout_G04,train
G05_R0491,G05,holdout_G04,train
G05_R0492,G05,holdout_G04,train
G05_R0493,G05,holdout_G04,train
G05_R0494,G05,holdout_G04,train
G05_R0495,G05,holdout_G04,train
G05_R0496,G05,holdout_G04,train
G05_R0497,G05,holdout_G04,train
G05_R0498,G05,holdout_G04,train
G05_R0499,G05,holdout_G04,train
G05_R0500,G05,holdout_G04,train
G05_R0501,G05,holdout_G04,train
G05_R0502,G05,holdout_G04,train
G05_R0503,G05,holdout_G04,train
G05_R0504,G05,holdout_G04,train
G05_R0505,G05,holdout_G04,train
G05_R0506,G05,holdout_G04,train
G05_R0507,G05,holdout_G04,train
G05_R0508,G05,holdout_G04,train
G05_R0509,G05,holdout_G04,train
G05_R0510,G05,holdout_G04,train
G05_R0511,G05,holdout_G04,train
G05_R0512,G05,holdout_G04,train
G05_R0513,G05,holdout_G04,train
G05_R0514,G05,holdout_G04,train
G05_R0515,G05,holdout_G04,train
G05_R0516,G05,holdout_G04,train
G05_R0517,G05,holdout_G04,train
G05_R0518,G05,holdout_G04,train
G05_R0519,G05,holdout_G04,train
G05_R0520,G05,holdout_G04,train
G05_R0521,G05,holdout_G04,train
G05_R0522,G05,holdout_G04,train
G05_R0523,G05,holdout_G04,train
G05_R0524,G05,holdout_G04,train
G05_R0525,G05,holdout_G04,train
G05_R0526,G05,holdout_G04,train
G05_R0527,G05,holdout_G04,train
G05_R0528,G05,holdout_G04,train
G05_R0529,G05,holdout_G04,train
G05_R0530,G05,holdout_G04,train
G05_R0531,G05,holdout_G04,train
G05_R0532,G05,holdout_G04,train
G05_R0533,G05,holdout_G04,train
G05_R0534,G05,holdout_G04,train
G05_R0535,G05,holdout_G04,train
G05_R0536,G05,holdout_G04,train
G05_R0537,G05,holdout_G04,train
G05_R0538,G05,holdout_G04,train
G05_R0539,G05,holdout_G04,train
G05_R0540,G05,holdout_G04,train
G05_R0541,G05,holdout_G04,train
G05_R0542,G05,holdout_G04,train
G05_R0543,G05,holdout_G04,train
G05_R0544,G05,holdout_G04,train
G05_R0545,G05,holdout_G04,train
G05_R0546,G05,holdout_G04,train
G05_R0547,G05,holdout_G04,train
G05_R0548,G05,holdout_G04,train
G05_R0549,G05,holdout_G04,train
G05_R0550,G05,holdout_G04,train
G05_R0551,G05,holdout_G04,train
G05_R0552,G05,holdout_G04,train
G05_R0553,G05,holdout_G04,train
G05_R0554,G05,holdout_G04,train
G05_R0555,G05,holdout_G04,train
G05_R0556,G05,holdout_G04,train
G05_R0557,G05,holdout_G04,train
G05_R0558,G05,holdout_G04,train
G05_R0559,G05,holdout_G04,train
G05_R0560,G05,holdout_G04,train
G05_R0561,G05,holdout_G04,train
G05_R0562,G05,holdout_G04,train
G05_R0563,G05,holdout_G04,train
G05_R0564,G05,holdout_G04,train
G05_R0565,G05,holdout_G04,train
G05_R0566,G05,holdout_G04,train
G05_R0567,G05,holdout_G04,train
G05_R0568,G05,holdout_G04,train
G05_R0569,G05,holdout_G04,train
G05_R0570,G05,holdout_G04,train
G05_R0571,G05,holdout_G04,train
G05_R0572,G05,holdout_G04,train
G05_R0573,G05,holdout_G04,train
G05_R0574,G05,holdout_G04,train
G05_R0575,G05,holdout_G04,train
G05_R0576,G05,holdout_G04,train
G05_R0577,G05,holdout_G04,train
G05_R0578,G05,holdout_G04,train
G05_R0579,G05,holdout_G04,train
G05_R0580,G05,holdout_G04,train
G05_R0581,G05,holdout_G04,train
G05_R0582,G05,holdout_G04,train
G05_R0583,G05,holdout_G04,train
G05_R0584,G05,holdout_G04,train
G05_R0585,G05,holdout_G04,train
G05_R0586,G05,holdout_G04,train
G05_R0587,G05,holdout_G04,train
G05_R0588,G05,holdout_G04,train
G05_R0589,G05,holdout_G04,train
G05_R0590,G05,holdout_G04,train
G05_R0591,G05,holdout_G04,train
G05_R0592,G05,holdout_G04,train
G05_R0593,G05,holdout_G04,train
G05_R0594,G05,holdout_G04,train
G05_R0595,G05,holdout_G04,train
G05_R0596,G05,holdout_G04,train
G05_R0597,G05,holdout_G04,train
G05_R0598,G05,holdout_G04,train
G05_R0599,G05,holdout_G04,train
G05_R0600,G05,holdout_G04,train
G05_R0601,G05,holdout_G04,train
G05_R0602,G05,holdout_G04,train
G05_R0603,G05,holdout_G04,train
G05_R0604,G05,holdout_G04,train
G05_R0605,G05,holdout_G04,train
G05_R0606,G05,holdout_G04,train
G05_R0607,G05,holdout_G04,train
G05_R0608,G05,holdout_G04,train
G05_R0609,G05,holdout_G04,train
G05_R0610,G05,holdout_G04,train
G05_R0611,G05,holdout_G04,train
G05_R0612,G05,holdout_G04,train
G05_R0613,G05,holdout_G04,train
G05_R0614,G05,holdout_G04,train
G05_R0615,G05,holdout_G04,train
G05_R0616,G05,holdout_G04,train
G05_R0617,G05,holdout_G04,train
G05_R0618,G05,holdout_G04,train
G05_R0619,G05,holdout_G04,train
G05_R0620,G05,holdout_G04,train
G05_R0621,G05,holdout_G04,train
G05_R0622,G05,holdout_G04,train
G05_R0623,G05,holdout_G04,train
G05_R0624,G05,holdout_G04,train
G05_R0625,G05,holdout_G04,train
G05_R0626,G05,holdout_G04,train
G05_R0627,G05,holdout_G04,train
G05_R0628,G05,holdout_G04,train
G05_R0629,G05,holdout_G04,train
G05_R0630,G05,holdout_G04,train
G05_R0631,G05,holdout_G04,train
G05_R0632,G05,holdout_G04,train
G05_R0633,G05,holdout_G04,train
G05_R0634,G05,holdout_G04,train
G05_R0635,G05,holdout_G04,train
G05_R0636,G05,holdout_G04,train
G05_R0637,G05,holdout_G04,train
G05_R0638,G05,holdout_G04,train
G05_R0639,G05,holdout_G04,train
G05_R0640,G05,holdout_G04,train
G05_R0641,G05,holdout_G04,train
G05_R0642,G05,holdout_G04,train
G05_R0643,G05,holdout_G04,train
G05_R0644,G05,holdout_G04,train
G05_R0645,G05,holdout_G04,train
G05_R0646,G05,holdout_G04,train
G05_R0647,G05,holdout_G04,train
G05_R0648,G05,holdout_G04,train
G05_R0649,G05,holdout_G04,train
G05_R0650,G05,holdout_G04,train
G05_R0651,G05,holdout_G04,train
G05_R0652,G05,holdout_G04,train
G05_R0653,G05,holdout_G04,train
G05_R0654,G05,holdout_G04,train
G05_R0655,G05,holdout_G04,train
G05_R0656,G05,holdout_G04,train
G05_R0657,G05,holdout_G04,train
G05_R0658,G05,holdout_G04,train
G05_R0659,G05,holdout_G04,train
G05_R0660,G05,holdout_G04,train
G05_R0661,G05,holdout_G04,train
G05_R0662,G05,holdout_G04,train
G05_R0663,G05,holdout_G04,train
G05_R0664,G05,holdout_G04,train
G05_R0665,G05,holdout_G04,train
G05_R0666,G05,holdout_G04,train
G05_R0667,G05,holdout_G04,train
G05_R0668,G05,holdout_G04,train
G05_R0669,G05,holdout_G04,train
G05_R0670,G05,holdout_G04,train
G05_R0671,G05,holdout_G04,train
G05_R0672,G05,holdout_G04,train
G05_R0673,G05,holdout_G04,train
G05_R0674,G05,holdout_G04,train
G05_R0675,G05,holdout_G04,train
G05_R0676,G05,holdout_G04,train
G05_R0677,G05,holdout_G04,train
G05_R0678,G05,holdout_G04,train
G05_R0679,G05,holdout_G04,train
G05_R0680,G05,holdout_G04,train
G05_R0681,G05,holdout_G04,train
G05_R0682,G05,holdout_G04,train
G05_R0683,G05,holdout_G04,train
G05_R0684,G05,holdout_G04,train
G05_R0685,G05,holdout_G04,train
G05_R0686,G05,holdout_G04,train
G05_R0687,G05,holdout_G04,train
G05_R0688,G05,holdout_G04,train
G05_R0689,G05,holdout_G04,train
G05_R0690,G05,holdout_G04,train
G05_R0691,G05,holdout_G04,train
G05_R0692,G05,holdout_G04,train
G05_R0693,G05,holdout_G04,train
G05_R0694,G05,holdout_G04,train
G05_R0695,G05,holdout_G04,train
G05_R0696,G05,holdout_G04,train
G05_R0697,G05,holdout_G04,train
G05_R0698,G05,holdout_G04,train
G05_R0699,G05,holdout_G04,train
G05_R0700,G05,holdout_G04,train
G05_R0701,G05,holdout_G04,train
G05_R0702,G05,holdout_G04,train
G05_R0703,G05,holdout_G04,train
G05_R0704,G05,holdout_G04,train
G05_R0705,G05,holdout_G04,train
G05_R0706,G05,holdout_G04,train
G05_R0707,G05,holdout_G04,train
G05_R0708,G05,holdout_G04,train
G05_R0709,G05,holdout_G04,train
G05_R0710,G05,holdout_G04,train
G05_R0711,G05,holdout_G04,train
G05_R0712,G05,holdout_G04,train
G05_R0713,G05,holdout_G04,train
G05_R0714,G05,holdout_G04,train
G05_R0715,G05,holdout_G04,train
G05_R0716,G05,holdout_G04,train
G05_R0717,G05,holdout_G04,train
G05_R0718,G05,holdout_G04,train
G05_R0719,G05,holdout_G04,train
G05_R0720,G05,holdout_G04,train
G05_R0721,G05,holdout_G04,train
G05_R0722,G05,holdout_G04,train
G05_R0723,G05,holdout_G04,train
G05_R0724,G05,holdout_G04,train
G05_R0725,G05,holdout_G04,train
G05_R0726,G05,holdout_G04,train
G05_R0727,G05,holdout_G04,train
G05_R0728,G05,holdout_G04,train
G05_R0729,G05,holdout_G04,train
G05_R0730,G05,holdout_G04,train
G05_R0731,G05,holdout_G04,train
G05_R0732,G05,holdout_G04,train
G05_R0733,G05,holdout_G04,train
G05_R0734,G05,holdout_G04,train
G05_R0735,G05,holdout_G04,train
G05_R0736,G05,holdout_G04,train
G05_R0737,G05,holdout_G04,train
G05_R0738,G05,holdout_G04,train
G05_R0739,G05,holdout_G04,train
G05_R0740,G05,holdout_G04,train
G05_R0741,G05,holdout_G04,train
G05_R0742,G05,holdout_G04,train
G05_R0743,G05,holdout_G04,train
G05_R0744,G05,holdout_G04,train
G05_R0745,G05,holdout_G04,train
G05_R0746,G05,holdout_G04,train
G05_R0747,G05,holdout_G04,train
G05_R0748,G05,holdout_G04,train
G05_R0749,G05,holdout_G04,train
G05_R0750,G05,holdout_G04,train
G05_R0751,G05,holdout_G04,train
G05_R0752,G05,holdout_G04,train
G05_R0753,G05,holdout_G04,train
G05_R0754,G05,holdout_G04,train
G05_R0755,G05,holdout_G04,train
G05_R0756,G05,holdout_G04,train
G05_R0757,G05,holdout_G04,train
G05_R0758,G05,holdout_G04,train
G05_R0759,G05,holdout_G04,train
G05_R0760,G05,holdout_G04,train
G05_R0761,G05,holdout_G04,train
G05_R0762,G05,holdout_G04,train
G05_R0763,G05,holdout_G04,train
G05_R0764,G05,holdout_G04,train
G05_R0765,G05,holdout_G04,train
G05_R0766,G05,holdout_G04,train
G05_R0767,G05,holdout_G04,train
G05_R0768,G05,holdout_G04,train
G06_R0001,G06,holdout_G04,train
G06_R0002,G06,holdout_G04,train
G06_R0003,G06,holdout_G04,train
G06_R0004,G06,holdout_G04,train
G06_R0005,G06,holdout_G04,train
G06_R0006,G06,holdout_G04,train
G06_R0007,G06,holdout_G04,train
G06_R0008,G06,holdout_G04,train
G06_R0009,G06,holdout_G04,train
G06_R0010,G06,holdout_G04,train
G06_R0011,G06,holdout_G04,train
G06_R0012,G06,holdout_G04,train
G06_R0013,G06,holdout_G04,train
G06_R0014,G06,holdout_G04,train
G06_R0015,G06,holdout_G04,train
G06_R0016,G06,holdout_G04,train
G06_R0017,G06,holdout_G04,train
G06_R0018,G06,holdout_G04,train
G06_R0019,G06,holdout_G04,train
G06_R0020,G06,holdout_G04,train
G06_R0021,G06,holdout_G04,train
G06_R0022,G06,holdout_G04,train
G06_R0023,G06,holdout_G04,train
G06_R0024,G06,holdout_G04,train
G06_R0025,G06,holdout_G04,train
G06_R0026,G06,holdout_G04,train
G06_R0027,G06,holdout_G04,train
G06_R0028,G06,holdout_G04,train
G06_R0029,G06,holdout_G04,train
G06_R0030,G06,holdout_G04,train
G06_R0031,G06,holdout_G04,train
G06_R0032,G06,holdout_G04,train
G06_R0033,G06,holdout_G04,train
G06_R0034,G06,holdout_G04,train
G06_R0035,G06,holdout_G04,train
G06_R0036,G06,holdout_G04,train
G06_R0037,G06,holdout_G04,train
G06_R0038,G06,holdout_G04,train
G06_R0039,G06,holdout_G04,train
G06_R0040,G06,holdout_G04,train
G06_R0041,G06,holdout_G04,train
G06_R0042,G06,holdout_G04,train
G06_R0043,G06,holdout_G04,train
G06_R0044,G06,holdout_G04,train
G06_R0045,G06,holdout_G04,train
G06_R0046,G06,holdout_G04,train
G06_R0047,G06,holdout_G04,train
G06_R0048,G06,holdout_G04,train
G06_R0049,G06,holdout_G04,train
G06_R0050,G06,holdout_G04,train
G06_R0051,G06,holdout_G04,train
G06_R0052,G06,holdout_G04,train
G06_R0053,G06,holdout_G04,train
G06_R0054,G06,holdout_G04,train
G06_R0055,G06,holdout_G04,train
G06_R0056,G06,holdout_G04,train
G06_R0057,G06,holdout_G04,train
G06_R0058,G06,holdout_G04,train
G06_R0059,G06,holdout_G04,train
G06_R0060,G06,holdout_G04,train
G06_R0061,G06,holdout_G04,train
G06_R0062,G06,holdout_G04,train
G06_R0063,G06,holdout_G04,train
G06_R0064,G06,holdout_G04,train
G06_R0065,G06,holdout_G04,train
G06_R0066,G06,holdout_G04,train
G06_R0067,G06,holdout_G04,train
G06_R0068,G06,holdout_G04,train
G06_R0069,G06,holdout_G04,train
G06_R0070,G06,holdout_G04,train
G06_R0071,G06,holdout_G04,train
G06_R0072,G06,holdout_G04,train
G06_R0073,G06,holdout_G04,train
G06_R0074,G06,holdout_G04,train
G06_R0075,G06,holdout_G04,train
G06_R0076,G06,holdout_G04,train
G06_R0077,G06,holdout_G04,train
G06_R0078,G06,holdout_G04,train
G06_R0079,G06,holdout_G04,train
G06_R0080,G06,holdout_G04,train
G06_R0081,G06,holdout_G04,train
G06_R0082,G06,holdout_G04,train
G06_R0083,G06,holdout_G04,train
G06_R0084,G06,holdout_G04,train
G06_R0085,G06,holdout_G04,train
G06_R0086,G06,holdout_G04,train
G06_R0087,G06,holdout_G04,train
G06_R0088,G06,holdout_G04,train
G06_R0089,G06,holdout_G04,train
G06_R0090,G06,holdout_G04,train
G06_R0091,G06,holdout_G04,train
G06_R0092,G06,holdout_G04,train
G06_R0093,G06,holdout_G04,train
G06_R0094,G06,holdout_G04,train
G06_R0095,G06,holdout_G04,train
G06_R0096,G06,holdout_G04,train
G06_R0097,G06,holdout_G04,train
G06_R0098,G06,holdout_G04,train
G06_R0099,G06,holdout_G04,train
G06_R0100,G06,holdout_G04,train
G06_R0101,G06,holdout_G04,train
G06_R0102,G06,holdout_G04,train
G06_R0103,G06,holdout_G04,train
G06_R0104,G06,holdout_G04,train
G06_R0105,G06,holdout_G04,train
G06_R0106,G06,holdout_G04,train
G06_R0107,G06,holdout_G04,train
G06_R0108,G06,holdout_G04,train
G06_R0109,G06,holdout_G04,train
G06_R0110,G06,holdout_G04,train
G06_R0111,G06,holdout_G04,train
G06_R0112,G06,holdout_G04,train
G06_R0113,G06,holdout_G04,train
G06_R0114,G06,holdout_G04,train
G06_R0115,G06,holdout_G04,train
G06_R0116,G06,holdout_G04,train
G06_R0117,G06,holdout_G04,train
G06_R0118,G06,holdout_G04,train
G06_R0119,G06,holdout_G04,train
G06_R0120,G06,holdout_G04,train
G06_R0121,G06,holdout_G04,train
G06_R0122,G06,holdout_G04,train
G06_R0123,G06,holdout_G04,train
G06_R0124,G06,holdout_G04,train
G06_R0125,G06,holdout_G04,train
G06_R0126,G06,holdout_G04,train
G06_R0127,G06,holdout_G04,train
G06_R0128,G06,holdout_G04,train
G06_R0129,G06,holdout_G04,train
G06_R0130,G06,holdout_G04,train
G06_R0131,G06,holdout_G04,train
G06_R0132,G06,holdout_G04,train
G06_R0133,G06,holdout_G04,train
G06_R0134,G06,holdout_G04,train
G06_R0135,G06,holdout_G04,train
G06_R0136,G06,holdout_G04,train
G06_R0137,G06,holdout_G04,train
G06_R0138,G06,holdout_G04,train
G06_R0139,G06,holdout_G04,train
G06_R0140,G06,holdout_G04,train
G06_R0141,G06,holdout_G04,train
G06_R0142,G06,holdout_G04,train
G06_R0143,G06,holdout_G04,train
G06_R0144,G06,holdout_G04,train
G06_R0145,G06,holdout_G04,train
G06_R0146,G06,holdout_G04,train
G06_R0147,G06,holdout_G04,train
G06_R0148,G06,holdout_G04,train
G06_R0149,G06,holdout_G04,train
G06_R0150,G06,holdout_G04,train
G06_R0151,G06,holdout_G04,train
G06_R0152,G06,holdout_G04,train
G06_R0153,G06,holdout_G04,train
G06_R0154,G06,holdout_G04,train
G06_R0155,G06,holdout_G04,train
G06_R0156,G06,holdout_G04,train
G06_R0157,G06,holdout_G04,train
G06_R0158,G06,holdout_G04,train
G06_R0159,G06,holdout_G04,train
G06_R0160,G06,holdout_G04,train
G06_R0161,G06,holdout_G04,train
G06_R0162,G06,holdout_G04,train
G06_R0163,G06,holdout_G04,train
G06_R0164,G06,holdout_G04,train
G06_R0165,G06,holdout_G04,train
G06_R0166,G06,holdout_G04,train
G06_R0167,G06,holdout_G04,train
G06_R0168,G06,holdout_G04,train
G06_R0169,G06,holdout_G04,train
G06_R0170,G06,holdout_G04,train
G06_R0171,G06,holdout_G04,train
G06_R0172,G06,holdout_G04,train
G06_R0173,G06,holdout_G04,train
G06_R0174,G06,holdout_G04,train
G06_R0175,G06,holdout_G04,train
G06_R0176,G06,holdout_G04,train
G06_R0177,G06,holdout_G04,train
G06_R0178,G06,holdout_G04,train
G06_R0179,G06,holdout_G04,train
G06_R0180,G06,holdout_G04,train
G06_R0181,G06,holdout_G04,train
G06_R0182,G06,holdout_G04,train
G06_R0183,G06,holdout_G04,train
G06_R0184,G06,holdout_G04,train
G06_R0185,G06,holdout_G04,train
G06_R0186,G06,holdout_G04,train
G06_R0187,G06,holdout_G04,train
G06_R0188,G06,holdout_G04,train
G06_R0189,G06,holdout_G04,train
G06_R0190,G06,holdout_G04,train
G06_R0191,G06,holdout_G04,train
G06_R0192,G06,holdout_G04,train
G06_R0193,G06,holdout_G04,train
G06_R0194,G06,holdout_G04,train
G06_R0195,G06,holdout_G04,train
G06_R0196,G06,holdout_G04,train
G06_R0197,G06,holdout_G04,train
G06_R0198,G06,holdout_G04,train
G06_R0199,G06,holdout_G04,train
G06_R0200,G06,holdout_G04,train
G06_R0201,G06,holdout_G04,train
G06_R0202,G06,holdout_G04,train
G06_R0203,G06,holdout_G04,train
G06_R0204,G06,holdout_G04,train
G06_R0205,G06,holdout_G04,train
G06_R0206,G06,holdout_G04,train
G06_R0207,G06,holdout_G04,train
G06_R0208,G06,holdout_G04,train
G06_R0209,G06,holdout_G04,train
G06_R0210,G06,holdout_G04,train
G06_R0211,G06,holdout_G04,train
G06_R0212,G06,holdout_G04,train
G06_R0213,G06,holdout_G04,train
G06_R0214,G06,holdout_G04,train
G06_R0215,G06,holdout_G04,train
G06_R0216,G06,holdout_G04,train
G06_R0217,G06,holdout_G04,train
G06_R0218,G06,holdout_G04,train
G06_R0219,G06,holdout_G04,train
G06_R0220,G06,holdout_G04,train
G06_R0221,G06,holdout_G04,train
G06_R0222,G06,holdout_G04,train
G06_R0223,G06,holdout_G04,train
G06_R0224,G06,holdout_G04,train
G06_R0225,G06,holdout_G04,train
G06_R0226,G06,holdout_G04,train
G06_R0227,G06,holdout_G04,train
G06_R0228,G06,holdout_G04,train
G06_R0229,G06,holdout_G04,train
G06_R0230,G06,holdout_G04,train
G06_R0231,G06,holdout_G04,train
G06_R0232,G06,holdout_G04,train
G06_R0233,G06,holdout_G04,train
G06_R0234,G06,holdout_G04,train
G06_R0235,G06,holdout_G04,train
G06_R0236,G06,holdout_G04,train
G06_R0237,G06,holdout_G04,train
G06_R0238,G06,holdout_G04,train
G06_R0239,G06,holdout_G04,train
G06_R0240,G06,holdout_G04,train
G06_R0241,G06,holdout_G04,train
G06_R0242,G06,holdout_G04,train
G06_R0243,G06,holdout_G04,train
G06_R0244,G06,holdout_G04,train
G06_R0245,G06,holdout_G04,train
G06_R0246,G06,holdout_G04,train
G06_R0247,G06,holdout_G04,train
G06_R0248,G06,holdout_G04,train
G06_R0249,G06,holdout_G04,train
G06_R0250,G06,holdout_G04,train
G06_R0251,G06,holdout_G04,train
G06_R0252,G06,holdout_G04,train
G06_R0253,G06,holdout_G04,train
G06_R0254,G06,holdout_G04,train
G06_R0255,G06,holdout_G04,train
G06_R0256,G06,holdout_G04,train
G06_R0257,G06,holdout_G04,train
G06_R0258,G06,holdout_G04,train
G06_R0259,G06,holdout_G04,train
G06_R0260,G06,holdout_G04,train
G06_R0261,G06,holdout_G04,train
G06_R0262,G06,holdout_G04,train
G06_R0263,G06,holdout_G04,train
G06_R0264,G06,holdout_G04,train
G06_R0265,G06,holdout_G04,train
G06_R0266,G06,holdout_G04,train
G06_R0267,G06,holdout_G04,train
G06_R0268,G06,holdout_G04,train
G06_R0269,G06,holdout_G04,train
G06_R0270,G06,holdout_G04,train
G06_R0271,G06,holdout_G04,train
G06_R0272,G06,holdout_G04,train
G06_R0273,G06,holdout_G04,train
G06_R0274,G06,holdout_G04,train
G06_R0275,G06,holdout_G04,train
G06_R0276,G06,holdout_G04,train
G06_R0277,G06,holdout_G04,train
G06_R0278,G06,holdout_G04,train
G06_R0279,G06,holdout_G04,train
G06_R0280,G06,holdout_G04,train
G06_R0281,G06,holdout_G04,train
G06_R0282,G06,holdout_G04,train
G06_R0283,G06,holdout_G04,train
G06_R0284,G06,holdout_G04,train
G06_R0285,G06,holdout_G04,train
G06_R0286,G06,holdout_G04,train
G06_R0287,G06,holdout_G04,train
G06_R0288,G06,holdout_G04,train
G06_R0289,G06,holdout_G04,train
G06_R0290,G06,holdout_G04,train
G06_R0291,G06,holdout_G04,train
G06_R0292,G06,holdout_G04,train
G06_R0293,G06,holdout_G04,train
G06_R0294,G06,holdout_G04,train
G06_R0295,G06,holdout_G04,train
G06_R0296,G06,holdout_G04,train
G06_R0297,G06,holdout_G04,train
G06_R0298,G06,holdout_G04,train
G06_R0299,G06,holdout_G04,train
G06_R0300,G06,holdout_G04,train
G06_R0301,G06,holdout_G04,train
G06_R0302,G06,holdout_G04,train
G06_R0303,G06,holdout_G04,train
G06_R0304,G06,holdout_G04,train
G06_R0305,G06,holdout_G04,train
G06_R0306,G06,holdout_G04,train
G06_R0307,G06,holdout_G04,train
G06_R0308,G06,holdout_G04,train
G06_R0309,G06,holdout_G04,train
G06_R0310,G06,holdout_G04,train
G06_R0311,G06,holdout_G04,train
G06_R0312,G06,holdout_G04,train
G06_R0313,G06,holdout_G04,train
G06_R0314,G06,holdout_G04,train
G06_R0315,G06,holdout_G04,train
G06_R0316,G06,holdout_G04,train
G06_R0317,G06,holdout_G04,train
G06_R0318,G06,holdout_G04,train
G06_R0319,G06,holdout_G04,train
G06_R0320,G06,holdout_G04,train
G06_R0321,G06,holdout_G04,train
G06_R0322,G06,holdout_G04,train
G06_R0323,G06,holdout_G04,train
G06_R0324,G06,holdout_G04,train
G06_R0325,G06,holdout_G04,train
G06_R0326,G06,holdout_G04,train
G06_R0327,G06,holdout_G04,train
G06_R0328,G06,holdout_G04,train
G06_R0329,G06,holdout_G04,train
G06_R0330,G06,holdout_G04,train
G06_R0331,G06,holdout_G04,train
G06_R0332,G06,holdout_G04,train
G06_R0333,G06,holdout_G04,train
G06_R0334,G06,holdout_G04,train
G06_R0335,G06,holdout_G04,train
G06_R0336,G06,holdout_G04,train
G06_R0337,G06,holdout_G04,train
G06_R0338,G06,holdout_G04,train
G06_R0339,G06,holdout_G04,train
G06_R0340,G06,holdout_G04,train
G06_R0341,G06,holdout_G04,train
G06_R0342,G06,holdout_G04,train
G06_R0343,G06,holdout_G04,train
G06_R0344,G06,holdout_G04,train
G06_R0345,G06,holdout_G04,train
G06_R0346,G06,holdout_G04,train
G06_R0347,G06,holdout_G04,train
G06_R0348,G06,holdout_G04,train
G06_R0349,G06,holdout_G04,train
G06_R0350,G06,holdout_G04,train
G06_R0351,G06,holdout_G04,train
G06_R0352,G06,holdout_G04,train
G06_R0353,G06,holdout_G04,train
G06_R0354,G06,holdout_G04,train
G06_R0355,G06,holdout_G04,train
G06_R0356,G06,holdout_G04,train
G06_R0357,G06,holdout_G04,train
G06_R0358,G06,holdout_G04,train
G06_R0359,G06,holdout_G04,train
G06_R0360,G06,holdout_G04,train
G06_R0361,G06,holdout_G04,train
G06_R0362,G06,holdout_G04,train
G06_R0363,G06,holdout_G04,train
G06_R0364,G06,holdout_G04,train
G06_R0365,G06,holdout_G04,train
G06_R0366,G06,holdout_G04,train
G06_R0367,G06,holdout_G04,train
G06_R0368,G06,holdout_G04,train
G06_R0369,G06,holdout_G04,train
G06_R0370,G06,holdout_G04,train
G06_R0371,G06,holdout_G04,train
G06_R0372,G06,holdout_G04,train
G06_R0373,G06,holdout_G04,train
G06_R0374,G06,holdout_G04,train
G06_R0375,G06,holdout_G04,train
G06_R0376,G06,holdout_G04,train
G06_R0377,G06,holdout_G04,train
G06_R0378,G06,holdout_G04,train
G06_R0379,G06,holdout_G04,train
G06_R0380,G06,holdout_G04,train
G06_R0381,G06,holdout_G04,train
G06_R0382,G06,holdout_G04,train
G06_R0383,G06,holdout_G04,train
G06_R0384,G06,holdout_G04,train
G06_R0385,G06,holdout_G04,train
G06_R0386,G06,holdout_G04,train
G06_R0387,G06,holdout_G04,train
G06_R0388,G06,holdout_G04,train
G06_R0389,G06,holdout_G04,train
G06_R0390,G06,holdout_G04,train
G06_R0391,G06,holdout_G04,train
G06_R0392,G06,holdout_G04,train
G06_R0393,G06,holdout_G04,train
G06_R0394,G06,holdout_G04,train
G06_R0395,G06,holdout_G04,train
G06_R0396,G06,holdout_G04,train
G06_R0397,G06,holdout_G04,train
G06_R0398,G06,holdout_G04,train
G06_R0399,G06,holdout_G04,train
G06_R0400,G06,holdout_G04,train
G06_R0401,G06,holdout_G04,train
G06_R0402,G06,holdout_G04,train
G06_R0403,G06,holdout_G04,train
G06_R0404,G06,holdout_G04,train
G06_R0405,G06,holdout_G04,train
G06_R0406,G06,holdout_G04,train
G06_R0407,G06,holdout_G04,train
G06_R0408,G06,holdout_G04,train
G06_R0409,G06,holdout_G04,train
G06_R0410,G06,holdout_G04,train
G06_R0411,G06,holdout_G04,train
G06_R0412,G06,holdout_G04,train
G06_R0413,G06,holdout_G04,train
G06_R0414,G06,holdout_G04,train
G06_R0415,G06,holdout_G04,train
G06_R0416,G06,holdout_G04,train
G06_R0417,G06,holdout_G04,train
G06_R0418,G06,holdout_G04,train
G06_R0419,G06,holdout_G04,train
G06_R0420,G06,holdout_G04,train
G06_R0421,G06,holdout_G04,train
G06_R0422,G06,holdout_G04,train
G06_R0423,G06,holdout_G04,train
G06_R0424,G06,holdout_G04,train
G06_R0425,G06,holdout_G04,train
G06_R0426,G06,holdout_G04,train
G06_R0427,G06,holdout_G04,train
G06_R0428,G06,holdout_G04,train
G06_R0429,G06,holdout_G04,train
G06_R0430,G06,holdout_G04,train
G06_R0431,G06,holdout_G04,train
G06_R0432,G06,holdout_G04,train
G06_R0433,G06,holdout_G04,train
G06_R0434,G06,holdout_G04,train
G06_R0435,G06,holdout_G04,train
G06_R0436,G06,holdout_G04,train
G06_R0437,G06,holdout_G04,train
G06_R0438,G06,holdout_G04,train
G06_R0439,G06,holdout_G04,train
G06_R0440,G06,holdout_G04,train
G06_R0441,G06,holdout_G04,train
G06_R0442,G06,holdout_G04,train
G06_R0443,G06,holdout_G04,train
G06_R0444,G06,holdout_G04,train
G06_R0445,G06,holdout_G04,train
G06_R0446,G06,holdout_G04,train
G06_R0447,G06,holdout_G04,train
G06_R0448,G06,holdout_G04,train
G06_R0449,G06,holdout_G04,train
G06_R0450,G06,holdout_G04,train
G06_R0451,G06,holdout_G04,train
G06_R0452,G06,holdout_G04,train
G06_R0453,G06,holdout_G04,train
G06_R0454,G06,holdout_G04,train
G06_R0455,G06,holdout_G04,train
G06_R0456,G06,holdout_G04,train
G06_R0457,G06,holdout_G04,train
G06_R0458,G06,holdout_G04,train
G06_R0459,G06,holdout_G04,train
G06_R0460,G06,holdout_G04,train
G06_R0461,G06,holdout_G04,train
G06_R0462,G06,holdout_G04,train
G06_R0463,G06,holdout_G04,train
G06_R0464,G06,holdout_G04,train
G06_R0465,G06,holdout_G04,train
G06_R0466,G06,holdout_G04,train
G06_R0467,G06,holdout_G04,train
G06_R0468,G06,holdout_G04,train
G06_R0469,G06,holdout_G04,train
G06_R0470,G06,holdout_G04,train
G06_R0471,G06,holdout_G04,train
G06_R0472,G06,holdout_G04,train
G06_R0473,G06,holdout_G04,train
G06_R0474,G06,holdout_G04,train
G06_R0475,G06,holdout_G04,train
G06_R0476,G06,holdout_G04,train
G06_R0477,G06,holdout_G04,train
G06_R0478,G06,holdout_G04,train
G06_R0479,G06,holdout_G04,train
G06_R0480,G06,holdout_G04,train
G06_R0481,G06,holdout_G04,train
G06_R0482,G06,holdout_G04,train
G06_R0483,G06,holdout_G04,train
G06_R0484,G06,holdout_G04,train
G06_R0485,G06,holdout_G04,train
G06_R0486,G06,holdout_G04,train
G06_R0487,G06,holdout_G04,train
G06_R0488,G06,holdout_G04,train
G06_R0489,G06,holdout_G04,train
G06_R0490,G06,holdout_G04,train
G06_R0491,G06,holdout_G04,train
G06_R0492,G06,holdout_G04,train
G06_R0493,G06,holdout_G04,train
G06_R0494,G06,holdout_G04,train
G06_R0495,G06,holdout_G04,train
G06_R0496,G06,holdout_G04,train
G06_R0497,G06,holdout_G04,train
G06_R0498,G06,holdout_G04,train
G06_R0499,G06,holdout_G04,train
G06_R0500,G06,holdout_G04,train
G06_R0501,G06,holdout_G04,train
G06_R0502,G06,holdout_G04,train
G06_R0503,G06,holdout_G04,train
G06_R0504,G06,holdout_G04,train
G06_R0505,G06,holdout_G04,train
G06_R0506,G06,holdout_G04,train
G06_R0507,G06,holdout_G04,train
G06_R0508,G06,holdout_G04,train
G06_R0509,G06,holdout_G04,train
G06_R0510,G06,holdout_G04,train
G06_R0511,G06,holdout_G04,train
G06_R0512,G06,holdout_G04,train
G06_R0513,G06,holdout_G04,train
G06_R0514,G06,holdout_G04,train
G06_R0515,G06,holdout_G04,train
G06_R0516,G06,holdout_G04,train
G06_R0517,G06,holdout_G04,train
G06_R0518,G06,holdout_G04,train
G06_R0519,G06,holdout_G04,train
G06_R0520,G06,holdout_G04,train
G06_R0521,G06,holdout_G04,train
G06_R0522,G06,holdout_G04,train
G06_R0523,G06,holdout_G04,train
G06_R0524,G06,holdout_G04,train
G06_R0525,G06,holdout_G04,train
G06_R0526,G06,holdout_G04,train
G06_R0527,G06,holdout_G04,train
G06_R0528,G06,holdout_G04,train
G06_R0529,G06,holdout_G04,train
G06_R0530,G06,holdout_G04,train
G06_R0531,G06,holdout_G04,train
G06_R0532,G06,holdout_G04,train
G06_R0533,G06,holdout_G04,train
G06_R0534,G06,holdout_G04,train
G06_R0535,G06,holdout_G04,train
G06_R0536,G06,holdout_G04,train
G06_R0537,G06,holdout_G04,train
G06_R0538,G06,holdout_G04,train
G06_R0539,G06,holdout_G04,train
G06_R0540,G06,holdout_G04,train
G06_R0541,G06,holdout_G04,train
G06_R0542,G06,holdout_G04,train
G06_R0543,G06,holdout_G04,train
G06_R0544,G06,holdout_G04,train
G06_R0545,G06,holdout_G04,train
G06_R0546,G06,holdout_G04,train
G06_R0547,G06,holdout_G04,train
G06_R0548,G06,holdout_G04,train
G06_R0549,G06,holdout_G04,train
G06_R0550,G06,holdout_G04,train
G06_R0551,G06,holdout_G04,train
G06_R0552,G06,holdout_G04,train
G06_R0553,G06,holdout_G04,train
G06_R0554,G06,holdout_G04,train
G06_R0555,G06,holdout_G04,train
G06_R0556,G06,holdout_G04,train
G06_R0557,G06,holdout_G04,train
G06_R0558,G06,holdout_G04,train
G06_R0559,G06,holdout_G04,train
G06_R0560,G06,holdout_G04,train
G06_R0561,G06,holdout_G04,train
G06_R0562,G06,holdout_G04,train
G06_R0563,G06,holdout_G04,train
G06_R0564,G06,holdout_G04,train
G06_R0565,G06,holdout_G04,train
G06_R0566,G06,holdout_G04,train
G06_R0567,G06,holdout_G04,train
G06_R0568,G06,holdout_G04,train
G06_R0569,G06,holdout_G04,train
G06_R0570,G06,holdout_G04,train
G06_R0571,G06,holdout_G04,train
G06_R0572,G06,holdout_G04,train
G06_R0573,G06,holdout_G04,train
G06_R0574,G06,holdout_G04,train
G06_R0575,G06,holdout_G04,train
G06_R0576,G06,holdout_G04,train
G06_R0577,G06,holdout_G04,train
G06_R0578,G06,holdout_G04,train
G06_R0579,G06,holdout_G04,train
G06_R0580,G06,holdout_G04,train
G06_R0581,G06,holdout_G04,train
G06_R0582,G06,holdout_G04,train
G06_R0583,G06,holdout_G04,train
G06_R0584,G06,holdout_G04,train
G06_R0585,G06,holdout_G04,train
G06_R0586,G06,holdout_G04,train
G06_R0587,G06,holdout_G04,train
G06_R0588,G06,holdout_G04,train
G06_R0589,G06,holdout_G04,train
G06_R0590,G06,holdout_G04,train
G06_R0591,G06,holdout_G04,train
G06_R0592,G06,holdout_G04,train
G06_R0593,G06,holdout_G04,train
G06_R0594,G06,holdout_G04,train
G06_R0595,G06,holdout_G04,train
G06_R0596,G06,holdout_G04,train
G06_R0597,G06,holdout_G04,train
G06_R0598,G06,holdout_G04,train
G06_R0599,G06,holdout_G04,train
G06_R0600,G06,holdout_G04,train
G06_R0601,G06,holdout_G04,train
G06_R0602,G06,holdout_G04,train
G06_R0603,G06,holdout_G04,train
G06_R0604,G06,holdout_G04,train
G06_R0605,G06,holdout_G04,train
G06_R0606,G06,holdout_G04,train
G06_R0607,G06,holdout_G04,train
G06_R0608,G06,holdout_G04,train
G06_R0609,G06,holdout_G04,train
G06_R0610,G06,holdout_G04,train
G06_R0611,G06,holdout_G04,train
G06_R0612,G06,holdout_G04,train
G06_R0613,G06,holdout_G04,train
G06_R0614,G06,holdout_G04,train
G06_R0615,G06,holdout_G04,train
G06_R0616,G06,holdout_G04,train
G06_R0617,G06,holdout_G04,train
G06_R0618,G06,holdout_G04,train
G06_R0619,G06,holdout_G04,train
G06_R0620,G06,holdout_G04,train
G06_R0621,G06,holdout_G04,train
G06_R0622,G06,holdout_G04,train
G06_R0623,G06,holdout_G04,train
G06_R0624,G06,holdout_G04,train
G06_R0625,G06,holdout_G04,train
G06_R0626,G06,holdout_G04,train
G06_R0627,G06,holdout_G04,train
G06_R0628,G06,holdout_G04,train
G06_R0629,G06,holdout_G04,train
G06_R0630,G06,holdout_G04,train
G06_R0631,G06,holdout_G04,train
G06_R0632,G06,holdout_G04,train
G06_R0633,G06,holdout_G04,train
G06_R0634,G06,holdout_G04,train
G06_R0635,G06,holdout_G04,train
G06_R0636,G06,holdout_G04,train
G06_R0637,G06,holdout_G04,train
G06_R0638,G06,holdout_G04,train
G06_R0639,G06,holdout_G04,train
G06_R0640,G06,holdout_G04,train
G06_R0641,G06,holdout_G04,train
G06_R0642,G06,holdout_G04,train
G06_R0643,G06,holdout_G04,train
G06_R0644,G06,holdout_G04,train
G06_R0645,G06,holdout_G04,train
G06_R0646,G06,holdout_G04,train
G06_R0647,G06,holdout_G04,train
G06_R0648,G06,holdout_G04,train
G06_R0649,G06,holdout_G04,train
G06_R0650,G06,holdout_G04,train
G06_R0651,G06,holdout_G04,train
G06_R0652,G06,holdout_G04,train
G06_R0653,G06,holdout_G04,train
G06_R0654,G06,holdout_G04,train
G06_R0655,G06,holdout_G04,train
G06_R0656,G06,holdout_G04,train
G06_R0657,G06,holdout_G04,train
G06_R0658,G06,holdout_G04,train
G06_R0659,G06,holdout_G04,train
G06_R0660,G06,holdout_G04,train
G06_R0661,G06,holdout_G04,train
G06_R0662,G06,holdout_G04,train
G06_R0663,G06,holdout_G04,train
G06_R0664,G06,holdout_G04,train
G06_R0665,G06,holdout_G04,train
G06_R0666,G06,holdout_G04,train
G06_R0667,G06,holdout_G04,train
G06_R0668,G06,holdout_G04,train
G06_R0669,G06,holdout_G04,train
G06_R0670,G06,holdout_G04,train
G06_R0671,G06,holdout_G04,train
G06_R0672,G06,holdout_G04,train
G06_R0673,G06,holdout_G04,train
G06_R0674,G06,holdout_G04,train
G06_R0675,G06,holdout_G04,train
G06_R0676,G06,holdout_G04,train
G06_R0677,G06,holdout_G04,train
G06_R0678,G06,holdout_G04,train
G06_R0679,G06,holdout_G04,train
G06_R0680,G06,holdout_G04,train
G06_R0681,G06,holdout_G04,train
G06_R0682,G06,holdout_G04,train
G06_R0683,G06,holdout_G04,train
G06_R0684,G06,holdout_G04,train
G06_R0685,G06,holdout_G04,train
G06_R0686,G06,holdout_G04,train
G06_R0687,G06,holdout_G04,train
G06_R0688,G06,holdout_G04,train
G06_R0689,G06,holdout_G04,train
G06_R0690,G06,holdout_G04,train
G06_R0691,G06,holdout_G04,train
G06_R0692,G06,holdout_G04,train
G06_R0693,G06,holdout_G04,train
G06_R0694,G06,holdout_G04,train
G06_R0695,G06,holdout_G04,train
G06_R0696,G06,holdout_G04,train
G06_R0697,G06,holdout_G04,train
G06_R0698,G06,holdout_G04,train
G06_R0699,G06,holdout_G04,train
G06_R0700,G06,holdout_G04,train
G06_R0701,G06,holdout_G04,train
G06_R0702,G06,holdout_G04,train
G06_R0703,G06,holdout_G04,train
G06_R0704,G06,holdout_G04,train
G06_R0705,G06,holdout_G04,train
G06_R0706,G06,holdout_G04,train
G06_R0707,G06,holdout_G04,train
G06_R0708,G06,holdout_G04,train
G06_R0709,G06,holdout_G04,train
G06_R0710,G06,holdout_G04,train
G06_R0711,G06,holdout_G04,train
G06_R0712,G06,holdout_G04,train
G06_R0713,G06,holdout_G04,train
G06_R0714,G06,holdout_G04,train
G06_R0715,G06,holdout_G04,train
G06_R0716,G06,holdout_G04,train
G06_R0717,G06,holdout_G04,train
G06_R0718,G06,holdout_G04,train
G06_R0719,G06,holdout_G04,train
G06_R0720,G06,holdout_G04,train
G06_R0721,G06,holdout_G04,train
G06_R0722,G06,holdout_G04,train
G06_R0723,G06,holdout_G04,train
G06_R0724,G06,holdout_G04,train
G06_R0725,G06,holdout_G04,train
G06_R0726,G06,holdout_G04,train
G06_R0727,G06,holdout_G04,train
G06_R0728,G06,holdout_G04,train
G06_R0729,G06,holdout_G04,train
G06_R0730,G06,holdout_G04,train
G06_R0731,G06,holdout_G04,train
G06_R0732,G06,holdout_G04,train
G06_R0733,G06,holdout_G04,train
G06_R0734,G06,holdout_G04,train
G06_R0735,G06,holdout_G04,train
G06_R0736,G06,holdout_G04,train
G06_R0737,G06,holdout_G04,train
G06_R0738,G06,holdout_G04,train
G06_R0739,G06,holdout_G04,train
G06_R0740,G06,holdout_G04,train
G06_R0741,G06,holdout_G04,train
G06_R0742,G06,holdout_G04,train
G06_R0743,G06,holdout_G04,train
G06_R0744,G06,holdout_G04,train
G06_R0745,G06,holdout_G04,train
G06_R0746,G06,holdout_G04,train
G06_R0747,G06,holdout_G04,train
G06_R0748,G06,holdout_G04,train
G06_R0749,G06,holdout_G04,train
G06_R0750,G06,holdout_G04,train
G06_R0751,G06,holdout_G04,train
G06_R0752,G06,holdout_G04,train
G06_R0753,G06,holdout_G04,train
G06_R0754,G06,holdout_G04,train
G06_R0755,G06,holdout_G04,train
G06_R0756,G06,holdout_G04,train
G06_R0757,G06,holdout_G04,train
G06_R0758,G06,holdout_G04,train
G06_R0759,G06,holdout_G04,train
G06_R0760,G06,holdout_G04,train
G06_R0761,G06,holdout_G04,train
G06_R0762,G06,holdout_G04,train
G06_R0763,G06,holdout_G04,train
G06_R0764,G06,holdout_G04,train
G06_R0765,G06,holdout_G04,train
G06_R0766,G06,holdout_G04,train
G06_R0767,G06,holdout_G04,train
G06_R0768,G06,holdout_G04,train
G01_R0001,G01,holdout_G05,train
G01_R0002,G01,holdout_G05,train
G01_R0003,G01,holdout_G05,train
G01_R0004,G01,holdout_G05,train
G01_R0005,G01,holdout_G05,train
G01_R0006,G01,holdout_G05,train
G01_R0007,G01,holdout_G05,train
G01_R0008,G01,holdout_G05,train
G01_R0009,G01,holdout_G05,train
G01_R0010,G01,holdout_G05,train
G01_R0011,G01,holdout_G05,train
G01_R0012,G01,holdout_G05,train
G01_R0013,G01,holdout_G05,train
G01_R0014,G01,holdout_G05,train
G01_R0015,G01,holdout_G05,train
G01_R0016,G01,holdout_G05,train
G01_R0017,G01,holdout_G05,train
G01_R0018,G01,holdout_G05,train
G01_R0019,G01,holdout_G05,train
G01_R0020,G01,holdout_G05,train
G01_R0021,G01,holdout_G05,train
G01_R0022,G01,holdout_G05,train
G01_R0023,G01,holdout_G05,train
G01_R0024,G01,holdout_G05,train
G01_R0025,G01,holdout_G05,train
G01_R0026,G01,holdout_G05,train
G01_R0027,G01,holdout_G05,train
G01_R0028,G01,holdout_G05,train
G01_R0029,G01,holdout_G05,train
G01_R0030,G01,holdout_G05,train
G01_R0031,G01,holdout_G05,train
G01_R0032,G01,holdout_G05,train
G01_R0033,G01,holdout_G05,train
G01_R0034,G01,holdout_G05,train
G01_R0035,G01,holdout_G05,train
G01_R0036,G01,holdout_G05,train
G01_R0037,G01,holdout_G05,train
G01_R0038,G01,holdout_G05,train
G01_R0039,G01,holdout_G05,train
G01_R0040,G01,holdout_G05,train
G01_R0041,G01,holdout_G05,train
G01_R0042,G01,holdout_G05,train
G01_R0043,G01,holdout_G05,train
G01_R0044,G01,holdout_G05,train
G01_R0045,G01,holdout_G05,train
G01_R0046,G01,holdout_G05,train
G01_R0047,G01,holdout_G05,train
G01_R0048,G01,holdout_G05,train
G01_R0049,G01,holdout_G05,train
G01_R0050,G01,holdout_G05,train
G01_R0051,G01,holdout_G05,train
G01_R0052,G01,holdout_G05,train
G01_R0053,G01,holdout_G05,train
G01_R0054,G01,holdout_G05,train
G01_R0055,G01,holdout_G05,train
G01_R0056,G01,holdout_G05,train
G01_R0057,G01,holdout_G05,train
G01_R0058,G01,holdout_G05,train
G01_R0059,G01,holdout_G05,train
G01_R0060,G01,holdout_G05,train
G01_R0061,G01,holdout_G05,train
G01_R0062,G01,holdout_G05,train
G01_R0063,G01,holdout_G05,train
G01_R0064,G01,holdout_G05,train
G01_R0065,G01,holdout_G05,train
G01_R0066,G01,holdout_G05,train
G01_R0067,G01,holdout_G05,train
G01_R0068,G01,holdout_G05,train
G01_R0069,G01,holdout_G05,train
G01_R0070,G01,holdout_G05,train
G01_R0071,G01,holdout_G05,train
G01_R0072,G01,holdout_G05,train
G01_R0073,G01,holdout_G05,train
G01_R0074,G01,holdout_G05,train
G01_R0075,G01,holdout_G05,train
G01_R0076,G01,holdout_G05,train
G01_R0077,G01,holdout_G05,train
G01_R0078,G01,holdout_G05,train
G01_R0079,G01,holdout_G05,train
G01_R0080,G01,holdout_G05,train
G01_R0081,G01,holdout_G05,train
G01_R0082,G01,holdout_G05,train
G01_R0083,G01,holdout_G05,train
G01_R0084,G01,holdout_G05,train
G01_R0085,G01,holdout_G05,train
G01_R0086,G01,holdout_G05,train
G01_R0087,G01,holdout_G05,train
G01_R0088,G01,holdout_G05,train
G01_R0089,G01,holdout_G05,train
G01_R0090,G01,holdout_G05,train
G01_R0091,G01,holdout_G05,train
G01_R0092,G01,holdout_G05,train
G01_R0093,G01,holdout_G05,train
G01_R0094,G01,holdout_G05,train
G01_R0095,G01,holdout_G05,train
G01_R0096,G01,holdout_G05,train
G01_R0097,G01,holdout_G05,train
G01_R0098,G01,holdout_G05,train
G01_R0099,G01,holdout_G05,train
G01_R0100,G01,holdout_G05,train
G01_R0101,G01,holdout_G05,train
G01_R0102,G01,holdout_G05,train
G01_R0103,G01,holdout_G05,train
G01_R0104,G01,holdout_G05,train
G01_R0105,G01,holdout_G05,train
G01_R0106,G01,holdout_G05,train
G01_R0107,G01,holdout_G05,train
G01_R0108,G01,holdout_G05,train
G01_R0109,G01,holdout_G05,train
G01_R0110,G01,holdout_G05,train
G01_R0111,G01,holdout_G05,train
G01_R0112,G01,holdout_G05,train
G01_R0113,G01,holdout_G05,train
G01_R0114,G01,holdout_G05,train
G01_R0115,G01,holdout_G05,train
G01_R0116,G01,holdout_G05,train
G01_R0117,G01,holdout_G05,train
G01_R0118,G01,holdout_G05,train
G01_R0119,G01,holdout_G05,train
G01_R0120,G01,holdout_G05,train
G01_R0121,G01,holdout_G05,train
G01_R0122,G01,holdout_G05,train
G01_R0123,G01,holdout_G05,train
G01_R0124,G01,holdout_G05,train
G01_R0125,G01,holdout_G05,train
G01_R0126,G01,holdout_G05,train
G01_R0127,G01,holdout_G05,train
G01_R0128,G01,holdout_G05,train
G01_R0129,G01,holdout_G05,train
G01_R0130,G01,holdout_G05,train
G01_R0131,G01,holdout_G05,train
G01_R0132,G01,holdout_G05,train
G01_R0133,G01,holdout_G05,train
G01_R0134,G01,holdout_G05,train
G01_R0135,G01,holdout_G05,train
G01_R0136,G01,holdout_G05,train
G01_R0137,G01,holdout_G05,train
G01_R0138,G01,holdout_G05,train
G01_R0139,G01,holdout_G05,train
G01_R0140,G01,holdout_G05,train
G01_R0141,G01,holdout_G05,train
G01_R0142,G01,holdout_G05,train
G01_R0143,G01,holdout_G05,train
G01_R0144,G01,holdout_G05,train
G01_R0145,G01,holdout_G05,train
G01_R0146,G01,holdout_G05,train
G01_R0147,G01,holdout_G05,train
G01_R0148,G01,holdout_G05,train
G01_R0149,G01,holdout_G05,train
G01_R0150,G01,holdout_G05,train
G01_R0151,G01,holdout_G05,train
G01_R0152,G01,holdout_G05,train
G01_R0153,G01,holdout_G05,train
G01_R0154,G01,holdout_G05,train
G01_R0155,G01,holdout_G05,train
G01_R0156,G01,holdout_G05,train
G01_R0157,G01,holdout_G05,train
G01_R0158,G01,holdout_G05,train
G01_R0159,G01,holdout_G05,train
G01_R0160,G01,holdout_G05,train
G01_R0161,G01,holdout_G05,train
G01_R0162,G01,holdout_G05,train
G01_R0163,G01,holdout_G05,train
G01_R0164,G01,holdout_G05,train
G01_R0165,G01,holdout_G05,train
G01_R0166,G01,holdout_G05,train
G01_R0167,G01,holdout_G05,train
G01_R0168,G01,holdout_G05,train
G01_R0169,G01,holdout_G05,train
G01_R0170,G01,holdout_G05,train
G01_R0171,G01,holdout_G05,train
G01_R0172,G01,holdout_G05,train
G01_R0173,G01,holdout_G05,train
G01_R0174,G01,holdout_G05,train
G01_R0175,G01,holdout_G05,train
G01_R0176,G01,holdout_G05,train
G01_R0177,G01,holdout_G05,train
G01_R0178,G01,holdout_G05,train
G01_R0179,G01,holdout_G05,train
G01_R0180,G01,holdout_G05,train
G01_R0181,G01,holdout_G05,train
G01_R0182,G01,holdout_G05,train
G01_R0183,G01,holdout_G05,train
G01_R0184,G01,holdout_G05,train
G01_R0185,G01,holdout_G05,train
G01_R0186,G01,holdout_G05,train
G01_R0187,G01,holdout_G05,train
G01_R0188,G01,holdout_G05,train
G01_R0189,G01,holdout_G05,train
G01_R0190,G01,holdout_G05,train
G01_R0191,G01,holdout_G05,train
G01_R0192,G01,holdout_G05,train
G01_R0193,G01,holdout_G05,train
G01_R0194,G01,holdout_G05,train
G01_R0195,G01,holdout_G05,train
G01_R0196,G01,holdout_G05,train
G01_R0197,G01,holdout_G05,train
G01_R0198,G01,holdout_G05,train
G01_R0199,G01,holdout_G05,train
G01_R0200,G01,holdout_G05,train
G01_R0201,G01,holdout_G05,train
G01_R0202,G01,holdout_G05,train
G01_R0203,G01,holdout_G05,train
G01_R0204,G01,holdout_G05,train
G01_R0205,G01,holdout_G05,train
G01_R0206,G01,holdout_G05,train
G01_R0207,G01,holdout_G05,train
G01_R0208,G01,holdout_G05,train
G01_R0209,G01,holdout_G05,train
G01_R0210,G01,holdout_G05,train
G01_R0211,G01,holdout_G05,train
G01_R0212,G01,holdout_G05,train
G01_R0213,G01,holdout_G05,train
G01_R0214,G01,holdout_G05,train
G01_R0215,G01,holdout_G05,train
G01_R0216,G01,holdout_G05,train
G01_R0217,G01,holdout_G05,train
G01_R0218,G01,holdout_G05,train
G01_R0219,G01,holdout_G05,train
G01_R0220,G01,holdout_G05,train
G01_R0221,G01,holdout_G05,train
G01_R0222,G01,holdout_G05,train
G01_R0223,G01,holdout_G05,train
G01_R0224,G01,holdout_G05,train
G01_R0225,G01,holdout_G05,train
G01_R0226,G01,holdout_G05,train
G01_R0227,G01,holdout_G05,train
G01_R0228,G01,holdout_G05,train
G01_R0229,G01,holdout_G05,train
G01_R0230,G01,holdout_G05,train
G01_R0231,G01,holdout_G05,train
G01_R0232,G01,holdout_G05,train
G01_R0233,G01,holdout_G05,train
G01_R0234,G01,holdout_G05,train
G01_R0235,G01,holdout_G05,train
G01_R0236,G01,holdout_G05,train
G01_R0237,G01,holdout_G05,train
G01_R0238,G01,holdout_G05,train
G01_R0239,G01,holdout_G05,train
G01_R0240,G01,holdout_G05,train
G01_R0241,G01,holdout_G05,train
G01_R0242,G01,holdout_G05,train
G01_R0243,G01,holdout_G05,train
G01_R0244,G01,holdout_G05,train
G01_R0245,G01,holdout_G05,train
G01_R0246,G01,holdout_G05,train
G01_R0247,G01,holdout_G05,train
G01_R0248,G01,holdout_G05,train
G01_R0249,G01,holdout_G05,train
G01_R0250,G01,holdout_G05,train
G01_R0251,G01,holdout_G05,train
G01_R0252,G01,holdout_G05,train
G01_R0253,G01,holdout_G05,train
G01_R0254,G01,holdout_G05,train
G01_R0255,G01,holdout_G05,train
G01_R0256,G01,holdout_G05,train
G01_R0257,G01,holdout_G05,train
G01_R0258,G01,holdout_G05,train
G01_R0259,G01,holdout_G05,train
G01_R0260,G01,holdout_G05,train
G01_R0261,G01,holdout_G05,train
G01_R0262,G01,holdout_G05,train
G01_R0263,G01,holdout_G05,train
G01_R0264,G01,holdout_G05,train
G01_R0265,G01,holdout_G05,train
G01_R0266,G01,holdout_G05,train
G01_R0267,G01,holdout_G05,train
G01_R0268,G01,holdout_G05,train
G01_R0269,G01,holdout_G05,train
G01_R0270,G01,holdout_G05,train
G01_R0271,G01,holdout_G05,train
G01_R0272,G01,holdout_G05,train
G01_R0273,G01,holdout_G05,train
G01_R0274,G01,holdout_G05,train
G01_R0275,G01,holdout_G05,train
G01_R0276,G01,holdout_G05,train
G01_R0277,G01,holdout_G05,train
G01_R0278,G01,holdout_G05,train
G01_R0279,G01,holdout_G05,train
G01_R0280,G01,holdout_G05,train
G01_R0281,G01,holdout_G05,train
G01_R0282,G01,holdout_G05,train
G01_R0283,G01,holdout_G05,train
G01_R0284,G01,holdout_G05,train
G01_R0285,G01,holdout_G05,train
G01_R0286,G01,holdout_G05,train
G01_R0287,G01,holdout_G05,train
G01_R0288,G01,holdout_G05,train
G01_R0289,G01,holdout_G05,train
G01_R0290,G01,holdout_G05,train
G01_R0291,G01,holdout_G05,train
G01_R0292,G01,holdout_G05,train
G01_R0293,G01,holdout_G05,train
G01_R0294,G01,holdout_G05,train
G01_R0295,G01,holdout_G05,train
G01_R0296,G01,holdout_G05,train
G01_R0297,G01,holdout_G05,train
G01_R0298,G01,holdout_G05,train
G01_R0299,G01,holdout_G05,train
G01_R0300,G01,holdout_G05,train
G01_R0301,G01,holdout_G05,train
G01_R0302,G01,holdout_G05,train
G01_R0303,G01,holdout_G05,train
G01_R0304,G01,holdout_G05,train
G01_R0305,G01,holdout_G05,train
G01_R0306,G01,holdout_G05,train
G01_R0307,G01,holdout_G05,train
G01_R0308,G01,holdout_G05,train
G01_R0309,G01,holdout_G05,train
G01_R0310,G01,holdout_G05,train
G01_R0311,G01,holdout_G05,train
G01_R0312,G01,holdout_G05,train
G01_R0313,G01,holdout_G05,train
G01_R0314,G01,holdout_G05,train
G01_R0315,G01,holdout_G05,train
G01_R0316,G01,holdout_G05,train
G01_R0317,G01,holdout_G05,train
G01_R0318,G01,holdout_G05,train
G01_R0319,G01,holdout_G05,train
G01_R0320,G01,holdout_G05,train
G01_R0321,G01,holdout_G05,train
G01_R0322,G01,holdout_G05,train
G01_R0323,G01,holdout_G05,train
G01_R0324,G01,holdout_G05,train
G01_R0325,G01,holdout_G05,train
G01_R0326,G01,holdout_G05,train
G01_R0327,G01,holdout_G05,train
G01_R0328,G01,holdout_G05,train
G01_R0329,G01,holdout_G05,train
G01_R0330,G01,holdout_G05,train
G01_R0331,G01,holdout_G05,train
G01_R0332,G01,holdout_G05,train
G01_R0333,G01,holdout_G05,train
G01_R0334,G01,holdout_G05,train
G01_R0335,G01,holdout_G05,train
G01_R0336,G01,holdout_G05,train
G01_R0337,G01,holdout_G05,train
G01_R0338,G01,holdout_G05,train
G01_R0339,G01,holdout_G05,train
G01_R0340,G01,holdout_G05,train
G01_R0341,G01,holdout_G05,train
G01_R0342,G01,holdout_G05,train
G01_R0343,G01,holdout_G05,train
G01_R0344,G01,holdout_G05,train
G01_R0345,G01,holdout_G05,train
G01_R0346,G01,holdout_G05,train
G01_R0347,G01,holdout_G05,train
G01_R0348,G01,holdout_G05,train
G01_R0349,G01,holdout_G05,train
G01_R0350,G01,holdout_G05,train
G01_R0351,G01,holdout_G05,train
G01_R0352,G01,holdout_G05,train
G01_R0353,G01,holdout_G05,train
G01_R0354,G01,holdout_G05,train
G01_R0355,G01,holdout_G05,train
G01_R0356,G01,holdout_G05,train
G01_R0357,G01,holdout_G05,train
G01_R0358,G01,holdout_G05,train
G01_R0359,G01,holdout_G05,train
G01_R0360,G01,holdout_G05,train
G01_R0361,G01,holdout_G05,train
G01_R0362,G01,holdout_G05,train
G01_R0363,G01,holdout_G05,train
G01_R0364,G01,holdout_G05,train
G01_R0365,G01,holdout_G05,train
G01_R0366,G01,holdout_G05,train
G01_R0367,G01,holdout_G05,train
G01_R0368,G01,holdout_G05,train
G01_R0369,G01,holdout_G05,train
G01_R0370,G01,holdout_G05,train
G01_R0371,G01,holdout_G05,train
G01_R0372,G01,holdout_G05,train
G01_R0373,G01,holdout_G05,train
G01_R0374,G01,holdout_G05,train
G01_R0375,G01,holdout_G05,train
G01_R0376,G01,holdout_G05,train
G01_R0377,G01,holdout_G05,train
G01_R0378,G01,holdout_G05,train
G01_R0379,G01,holdout_G05,train
G01_R0380,G01,holdout_G05,train
G01_R0381,G01,holdout_G05,train
G01_R0382,G01,holdout_G05,train
G01_R0383,G01,holdout_G05,train
G01_R0384,G01,holdout_G05,train
G01_R0385,G01,holdout_G05,train
G01_R0386,G01,holdout_G05,train
G01_R0387,G01,holdout_G05,train
G01_R0388,G01,holdout_G05,train
G01_R0389,G01,holdout_G05,train
G01_R0390,G01,holdout_G05,train
G01_R0391,G01,holdout_G05,train
G01_R0392,G01,holdout_G05,train
G01_R0393,G01,holdout_G05,train
G01_R0394,G01,holdout_G05,train
G01_R0395,G01,holdout_G05,train
G01_R0396,G01,holdout_G05,train
G01_R0397,G01,holdout_G05,train
G01_R0398,G01,holdout_G05,train
G01_R0399,G01,holdout_G05,train
G01_R0400,G01,holdout_G05,train
G01_R0401,G01,holdout_G05,train
G01_R0402,G01,holdout_G05,train
G01_R0403,G01,holdout_G05,train
G01_R0404,G01,holdout_G05,train
G01_R0405,G01,holdout_G05,train
G01_R0406,G01,holdout_G05,train
G01_R0407,G01,holdout_G05,train
G01_R0408,G01,holdout_G05,train
G01_R0409,G01,holdout_G05,train
G01_R0410,G01,holdout_G05,train
G01_R0411,G01,holdout_G05,train
G01_R0412,G01,holdout_G05,train
G01_R0413,G01,holdout_G05,train
G01_R0414,G01,holdout_G05,train
G01_R0415,G01,holdout_G05,train
G01_R0416,G01,holdout_G05,train
G01_R0417,G01,holdout_G05,train
G01_R0418,G01,holdout_G05,train
G01_R0419,G01,holdout_G05,train
G01_R0420,G01,holdout_G05,train
G01_R0421,G01,holdout_G05,train
G01_R0422,G01,holdout_G05,train
G01_R0423,G01,holdout_G05,train
G01_R0424,G01,holdout_G05,train
G01_R0425,G01,holdout_G05,train
G01_R0426,G01,holdout_G05,train
G01_R0427,G01,holdout_G05,train
G01_R0428,G01,holdout_G05,train
G01_R0429,G01,holdout_G05,train
G01_R0430,G01,holdout_G05,train
G01_R0431,G01,holdout_G05,train
G01_R0432,G01,holdout_G05,train
G01_R0433,G01,holdout_G05,train
G01_R0434,G01,holdout_G05,train
G01_R0435,G01,holdout_G05,train
G01_R0436,G01,holdout_G05,train
G01_R0437,G01,holdout_G05,train
G01_R0438,G01,holdout_G05,train
G01_R0439,G01,holdout_G05,train
G01_R0440,G01,holdout_G05,train
G01_R0441,G01,holdout_G05,train
G01_R0442,G01,holdout_G05,train
G01_R0443,G01,holdout_G05,train
G01_R0444,G01,holdout_G05,train
G01_R0445,G01,holdout_G05,train
G01_R0446,G01,holdout_G05,train
G01_R0447,G01,holdout_G05,train
G01_R0448,G01,holdout_G05,train
G01_R0449,G01,holdout_G05,train
G01_R0450,G01,holdout_G05,train
G01_R0451,G01,holdout_G05,train
G01_R0452,G01,holdout_G05,train
G01_R0453,G01,holdout_G05,train
G01_R0454,G01,holdout_G05,train
G01_R0455,G01,holdout_G05,train
G01_R0456,G01,holdout_G05,train
G01_R0457,G01,holdout_G05,train
G01_R0458,G01,holdout_G05,train
G01_R0459,G01,holdout_G05,train
G01_R0460,G01,holdout_G05,train
G01_R0461,G01,holdout_G05,train
G01_R0462,G01,holdout_G05,train
G01_R0463,G01,holdout_G05,train
G01_R0464,G01,holdout_G05,train
G01_R0465,G01,holdout_G05,train
G01_R0466,G01,holdout_G05,train
G01_R0467,G01,holdout_G05,train
G01_R0468,G01,holdout_G05,train
G01_R0469,G01,holdout_G05,train
G01_R0470,G01,holdout_G05,train
G01_R0471,G01,holdout_G05,train
G01_R0472,G01,holdout_G05,train
G01_R0473,G01,holdout_G05,train
G01_R0474,G01,holdout_G05,train
G01_R0475,G01,holdout_G05,train
G01_R0476,G01,holdout_G05,train
G01_R0477,G01,holdout_G05,train
G01_R0478,G01,holdout_G05,train
G01_R0479,G01,holdout_G05,train
G01_R0480,G01,holdout_G05,train
G01_R0481,G01,holdout_G05,train
G01_R0482,G01,holdout_G05,train
G01_R0483,G01,holdout_G05,train
G01_R0484,G01,holdout_G05,train
G01_R0485,G01,holdout_G05,train
G01_R0486,G01,holdout_G05,train
G01_R0487,G01,holdout_G05,train
G01_R0488,G01,holdout_G05,train
G01_R0489,G01,holdout_G05,train
G01_R0490,G01,holdout_G05,train
G01_R0491,G01,holdout_G05,train
G01_R0492,G01,holdout_G05,train
G01_R0493,G01,holdout_G05,train
G01_R0494,G01,holdout_G05,train
G01_R0495,G01,holdout_G05,train
G01_R0496,G01,holdout_G05,train
G01_R0497,G01,holdout_G05,train
G01_R0498,G01,holdout_G05,train
G01_R0499,G01,holdout_G05,train
G01_R0500,G01,holdout_G05,train
G01_R0501,G01,holdout_G05,train
G01_R0502,G01,holdout_G05,train
G01_R0503,G01,holdout_G05,train
G01_R0504,G01,holdout_G05,train
G01_R0505,G01,holdout_G05,train
G01_R0506,G01,holdout_G05,train
G01_R0507,G01,holdout_G05,train
G01_R0508,G01,holdout_G05,train
G01_R0509,G01,holdout_G05,train
G01_R0510,G01,holdout_G05,train
G01_R0511,G01,holdout_G05,train
G01_R0512,G01,holdout_G05,train
G01_R0513,G01,holdout_G05,train
G01_R0514,G01,holdout_G05,train
G01_R0515,G01,holdout_G05,train
G01_R0516,G01,holdout_G05,train
G01_R0517,G01,holdout_G05,train
G01_R0518,G01,holdout_G05,train
G01_R0519,G01,holdout_G05,train
G01_R0520,G01,holdout_G05,train
G01_R0521,G01,holdout_G05,train
G01_R0522,G01,holdout_G05,train
G01_R0523,G01,holdout_G05,train
G01_R0524,G01,holdout_G05,train
G01_R0525,G01,holdout_G05,train
G01_R0526,G01,holdout_G05,train
G01_R0527,G01,holdout_G05,train
G01_R0528,G01,holdout_G05,train
G01_R0529,G01,holdout_G05,train
G01_R0530,G01,holdout_G05,train
G01_R0531,G01,holdout_G05,train
G01_R0532,G01,holdout_G05,train
G01_R0533,G01,holdout_G05,train
G01_R0534,G01,holdout_G05,train
G01_R0535,G01,holdout_G05,train
G01_R0536,G01,holdout_G05,train
G01_R0537,G01,holdout_G05,train
G01_R0538,G01,holdout_G05,train
G01_R0539,G01,holdout_G05,train
G01_R0540,G01,holdout_G05,train
G01_R0541,G01,holdout_G05,train
G01_R0542,G01,holdout_G05,train
G01_R0543,G01,holdout_G05,train
G01_R0544,G01,holdout_G05,train
G01_R0545,G01,holdout_G05,train
G01_R0546,G01,holdout_G05,train
G01_R0547,G01,holdout_G05,train
G01_R0548,G01,holdout_G05,train
G01_R0549,G01,holdout_G05,train
G01_R0550,G01,holdout_G05,train
G01_R0551,G01,holdout_G05,train
G01_R0552,G01,holdout_G05,train
G01_R0553,G01,holdout_G05,train
G01_R0554,G01,holdout_G05,train
G01_R0555,G01,holdout_G05,train
G01_R0556,G01,holdout_G05,train
G01_R0557,G01,holdout_G05,train
G01_R0558,G01,holdout_G05,train
G01_R0559,G01,holdout_G05,train
G01_R0560,G01,holdout_G05,train
G01_R0561,G01,holdout_G05,train
G01_R0562,G01,holdout_G05,train
G01_R0563,G01,holdout_G05,train
G01_R0564,G01,holdout_G05,train
G01_R0565,G01,holdout_G05,train
G01_R0566,G01,holdout_G05,train
G01_R0567,G01,holdout_G05,train
G01_R0568,G01,holdout_G05,train
G01_R0569,G01,holdout_G05,train
G01_R0570,G01,holdout_G05,train
G01_R0571,G01,holdout_G05,train
G01_R0572,G01,holdout_G05,train
G01_R0573,G01,holdout_G05,train
G01_R0574,G01,holdout_G05,train
G01_R0575,G01,holdout_G05,train
G01_R0576,G01,holdout_G05,train
G01_R0577,G01,holdout_G05,train
G01_R0578,G01,holdout_G05,train
G01_R0579,G01,holdout_G05,train
G01_R0580,G01,holdout_G05,train
G01_R0581,G01,holdout_G05,train
G01_R0582,G01,holdout_G05,train
G01_R0583,G01,holdout_G05,train
G01_R0584,G01,holdout_G05,train
G01_R0585,G01,holdout_G05,train
G01_R0586,G01,holdout_G05,train
G01_R0587,G01,holdout_G05,train
G01_R0588,G01,holdout_G05,train
G01_R0589,G01,holdout_G05,train
G01_R0590,G01,holdout_G05,train
G01_R0591,G01,holdout_G05,train
G01_R0592,G01,holdout_G05,train
G01_R0593,G01,holdout_G05,train
G01_R0594,G01,holdout_G05,train
G01_R0595,G01,holdout_G05,train
G01_R0596,G01,holdout_G05,train
G01_R0597,G01,holdout_G05,train
G01_R0598,G01,holdout_G05,train
G01_R0599,G01,holdout_G05,train
G01_R0600,G01,holdout_G05,train
G01_R0601,G01,holdout_G05,train
G01_R0602,G01,holdout_G05,train
G01_R0603,G01,holdout_G05,train
G01_R0604,G01,holdout_G05,train
G01_R0605,G01,holdout_G05,train
G01_R0606,G01,holdout_G05,train
G01_R0607,G01,holdout_G05,train
G01_R0608,G01,holdout_G05,train
G01_R0609,G01,holdout_G05,train
G01_R0610,G01,holdout_G05,train
G01_R0611,G01,holdout_G05,train
G01_R0612,G01,holdout_G05,train
G01_R0613,G01,holdout_G05,train
G01_R0614,G01,holdout_G05,train
G01_R0615,G01,holdout_G05,train
G01_R0616,G01,holdout_G05,train
G01_R0617,G01,holdout_G05,train
G01_R0618,G01,holdout_G05,train
G01_R0619,G01,holdout_G05,train
G01_R0620,G01,holdout_G05,train
G01_R0621,G01,holdout_G05,train
G01_R0622,G01,holdout_G05,train
G01_R0623,G01,holdout_G05,train
G01_R0624,G01,holdout_G05,train
G01_R0625,G01,holdout_G05,train
G01_R0626,G01,holdout_G05,train
G01_R0627,G01,holdout_G05,train
G01_R0628,G01,holdout_G05,train
G01_R0629,G01,holdout_G05,train
G01_R0630,G01,holdout_G05,train
G01_R0631,G01,holdout_G05,train
G01_R0632,G01,holdout_G05,train
G01_R0633,G01,holdout_G05,train
G01_R0634,G01,holdout_G05,train
G01_R0635,G01,holdout_G05,train
G01_R0636,G01,holdout_G05,train
G01_R0637,G01,holdout_G05,train
G01_R0638,G01,holdout_G05,train
G01_R0639,G01,holdout_G05,train
G01_R0640,G01,holdout_G05,train
G01_R0641,G01,holdout_G05,train
G01_R0642,G01,holdout_G05,train
G01_R0643,G01,holdout_G05,train
G01_R0644,G01,holdout_G05,train
G01_R0645,G01,holdout_G05,train
G01_R0646,G01,holdout_G05,train
G01_R0647,G01,holdout_G05,train
G01_R0648,G01,holdout_G05,train
G01_R0649,G01,holdout_G05,train
G01_R0650,G01,holdout_G05,train
G01_R0651,G01,holdout_G05,train
G01_R0652,G01,holdout_G05,train
G01_R0653,G01,holdout_G05,train
G01_R0654,G01,holdout_G05,train
G01_R0655,G01,holdout_G05,train
G01_R0656,G01,holdout_G05,train
G01_R0657,G01,holdout_G05,train
G01_R0658,G01,holdout_G05,train
G01_R0659,G01,holdout_G05,train
G01_R0660,G01,holdout_G05,train
G01_R0661,G01,holdout_G05,train
G01_R0662,G01,holdout_G05,train
G01_R0663,G01,holdout_G05,train
G01_R0664,G01,holdout_G05,train
G01_R0665,G01,holdout_G05,train
G01_R0666,G01,holdout_G05,train
G01_R0667,G01,holdout_G05,train
G01_R0668,G01,holdout_G05,train
G01_R0669,G01,holdout_G05,train
G01_R0670,G01,holdout_G05,train
G01_R0671,G01,holdout_G05,train
G01_R0672,G01,holdout_G05,train
G01_R0673,G01,holdout_G05,train
G01_R0674,G01,holdout_G05,train
G01_R0675,G01,holdout_G05,train
G01_R0676,G01,holdout_G05,train
G01_R0677,G01,holdout_G05,train
G01_R0678,G01,holdout_G05,train
G01_R0679,G01,holdout_G05,train
G01_R0680,G01,holdout_G05,train
G01_R0681,G01,holdout_G05,train
G01_R0682,G01,holdout_G05,train
G01_R0683,G01,holdout_G05,train
G01_R0684,G01,holdout_G05,train
G01_R0685,G01,holdout_G05,train
G01_R0686,G01,holdout_G05,train
G01_R0687,G01,holdout_G05,train
G01_R0688,G01,holdout_G05,train
G01_R0689,G01,holdout_G05,train
G01_R0690,G01,holdout_G05,train
G01_R0691,G01,holdout_G05,train
G01_R0692,G01,holdout_G05,train
G01_R0693,G01,holdout_G05,train
G01_R0694,G01,holdout_G05,train
G01_R0695,G01,holdout_G05,train
G01_R0696,G01,holdout_G05,train
G01_R0697,G01,holdout_G05,train
G01_R0698,G01,holdout_G05,train
G01_R0699,G01,holdout_G05,train
G01_R0700,G01,holdout_G05,train
G01_R0701,G01,holdout_G05,train
G01_R0702,G01,holdout_G05,train
G01_R0703,G01,holdout_G05,train
G01_R0704,G01,holdout_G05,train
G01_R0705,G01,holdout_G05,train
G01_R0706,G01,holdout_G05,train
G01_R0707,G01,holdout_G05,train
G01_R0708,G01,holdout_G05,train
G01_R0709,G01,holdout_G05,train
G01_R0710,G01,holdout_G05,train
G01_R0711,G01,holdout_G05,train
G01_R0712,G01,holdout_G05,train
G01_R0713,G01,holdout_G05,train
G01_R0714,G01,holdout_G05,train
G01_R0715,G01,holdout_G05,train
G01_R0716,G01,holdout_G05,train
G01_R0717,G01,holdout_G05,train
G01_R0718,G01,holdout_G05,train
G01_R0719,G01,holdout_G05,train
G01_R0720,G01,holdout_G05,train
G01_R0721,G01,holdout_G05,train
G01_R0722,G01,holdout_G05,train
G01_R0723,G01,holdout_G05,train
G01_R0724,G01,holdout_G05,train
G01_R0725,G01,holdout_G05,train
G01_R0726,G01,holdout_G05,train
G01_R0727,G01,holdout_G05,train
G01_R0728,G01,holdout_G05,train
G01_R0729,G01,holdout_G05,train
G01_R0730,G01,holdout_G05,train
G01_R0731,G01,holdout_G05,train
G01_R0732,G01,holdout_G05,train
G01_R0733,G01,holdout_G05,train
G01_R0734,G01,holdout_G05,train
G01_R0735,G01,holdout_G05,train
G01_R0736,G01,holdout_G05,train
G01_R0737,G01,holdout_G05,train
G01_R0738,G01,holdout_G05,train
G01_R0739,G01,holdout_G05,train
G01_R0740,G01,holdout_G05,train
G01_R0741,G01,holdout_G05,train
G01_R0742,G01,holdout_G05,train
G01_R0743,G01,holdout_G05,train
G01_R0744,G01,holdout_G05,train
G01_R0745,G01,holdout_G05,train
G01_R0746,G01,holdout_G05,train
G01_R0747,G01,holdout_G05,train
G01_R0748,G01,holdout_G05,train
G01_R0749,G01,holdout_G05,train
G01_R0750,G01,holdout_G05,train
G01_R0751,G01,holdout_G05,train
G01_R0752,G01,holdout_G05,train
G01_R0753,G01,holdout_G05,train
G01_R0754,G01,holdout_G05,train
G01_R0755,G01,holdout_G05,train
G01_R0756,G01,holdout_G05,train
G01_R0757,G01,holdout_G05,train
G01_R0758,G01,holdout_G05,train
G01_R0759,G01,holdout_G05,train
G01_R0760,G01,holdout_G05,train
G01_R0761,G01,holdout_G05,train
G01_R0762,G01,holdout_G05,train
G01_R0763,G01,holdout_G05,train
G01_R0764,G01,holdout_G05,train
G01_R0765,G01,holdout_G05,train
G01_R0766,G01,holdout_G05,train
G01_R0767,G01,holdout_G05,train
G01_R0768,G01,holdout_G05,train
G02_R0001,G02,holdout_G05,train
G02_R0002,G02,holdout_G05,train
G02_R0003,G02,holdout_G05,train
G02_R0004,G02,holdout_G05,train
G02_R0005,G02,holdout_G05,train
G02_R0006,G02,holdout_G05,train
G02_R0007,G02,holdout_G05,train
G02_R0008,G02,holdout_G05,train
G02_R0009,G02,holdout_G05,train
G02_R0010,G02,holdout_G05,train
G02_R0011,G02,holdout_G05,train
G02_R0012,G02,holdout_G05,train
G02_R0013,G02,holdout_G05,train
G02_R0014,G02,holdout_G05,train
G02_R0015,G02,holdout_G05,train
G02_R0016,G02,holdout_G05,train
G02_R0017,G02,holdout_G05,train
G02_R0018,G02,holdout_G05,train
G02_R0019,G02,holdout_G05,train
G02_R0020,G02,holdout_G05,train
G02_R0021,G02,holdout_G05,train
G02_R0022,G02,holdout_G05,train
G02_R0023,G02,holdout_G05,train
G02_R0024,G02,holdout_G05,train
G02_R0025,G02,holdout_G05,train
G02_R0026,G02,holdout_G05,train
G02_R0027,G02,holdout_G05,train
G02_R0028,G02,holdout_G05,train
G02_R0029,G02,holdout_G05,train
G02_R0030,G02,holdout_G05,train
G02_R0031,G02,holdout_G05,train
G02_R0032,G02,holdout_G05,train
G02_R0033,G02,holdout_G05,train
G02_R0034,G02,holdout_G05,train
G02_R0035,G02,holdout_G05,train
G02_R0036,G02,holdout_G05,train
G02_R0037,G02,holdout_G05,train
G02_R0038,G02,holdout_G05,train
G02_R0039,G02,holdout_G05,train
G02_R0040,G02,holdout_G05,train
G02_R0041,G02,holdout_G05,train
G02_R0042,G02,holdout_G05,train
G02_R0043,G02,holdout_G05,train
G02_R0044,G02,holdout_G05,train
G02_R0045,G02,holdout_G05,train
G02_R0046,G02,holdout_G05,train
G02_R0047,G02,holdout_G05,train
G02_R0048,G02,holdout_G05,train
G02_R0049,G02,holdout_G05,train
G02_R0050,G02,holdout_G05,train
G02_R0051,G02,holdout_G05,train
G02_R0052,G02,holdout_G05,train
G02_R0053,G02,holdout_G05,train
G02_R0054,G02,holdout_G05,train
G02_R0055,G02,holdout_G05,train
G02_R0056,G02,holdout_G05,train
G02_R0057,G02,holdout_G05,train
G02_R0058,G02,holdout_G05,train
G02_R0059,G02,holdout_G05,train
G02_R0060,G02,holdout_G05,train
G02_R0061,G02,holdout_G05,train
G02_R0062,G02,holdout_G05,train
G02_R0063,G02,holdout_G05,train
G02_R0064,G02,holdout_G05,train
G02_R0065,G02,holdout_G05,train
G02_R0066,G02,holdout_G05,train
G02_R0067,G02,holdout_G05,train
G02_R0068,G02,holdout_G05,train
G02_R0069,G02,holdout_G05,train
G02_R0070,G02,holdout_G05,train
G02_R0071,G02,holdout_G05,train
G02_R0072,G02,holdout_G05,train
G02_R0073,G02,holdout_G05,train
G02_R0074,G02,holdout_G05,train
G02_R0075,G02,holdout_G05,train
G02_R0076,G02,holdout_G05,train
G02_R0077,G02,holdout_G05,train
G02_R0078,G02,holdout_G05,train
G02_R0079,G02,holdout_G05,train
G02_R0080,G02,holdout_G05,train
G02_R0081,G02,holdout_G05,train
G02_R0082,G02,holdout_G05,train
G02_R0083,G02,holdout_G05,train
G02_R0084,G02,holdout_G05,train
G02_R0085,G02,holdout_G05,train
G02_R0086,G02,holdout_G05,train
G02_R0087,G02,holdout_G05,train
G02_R0088,G02,holdout_G05,train
G02_R0089,G02,holdout_G05,train
G02_R0090,G02,holdout_G05,train
G02_R0091,G02,holdout_G05,train
G02_R0092,G02,holdout_G05,train
G02_R0093,G02,holdout_G05,train
G02_R0094,G02,holdout_G05,train
G02_R0095,G02,holdout_G05,train
G02_R0096,G02,holdout_G05,train
G02_R0097,G02,holdout_G05,train
G02_R0098,G02,holdout_G05,train
G02_R0099,G02,holdout_G05,train
G02_R0100,G02,holdout_G05,train
G02_R0101,G02,holdout_G05,train
G02_R0102,G02,holdout_G05,train
G02_R0103,G02,holdout_G05,train
G02_R0104,G02,holdout_G05,train
G02_R0105,G02,holdout_G05,train
G02_R0106,G02,holdout_G05,train
G02_R0107,G02,holdout_G05,train
G02_R0108,G02,holdout_G05,train
G02_R0109,G02,holdout_G05,train
G02_R0110,G02,holdout_G05,train
G02_R0111,G02,holdout_G05,train
G02_R0112,G02,holdout_G05,train
G02_R0113,G02,holdout_G05,train
G02_R0114,G02,holdout_G05,train
G02_R0115,G02,holdout_G05,train
G02_R0116,G02,holdout_G05,train
G02_R0117,G02,holdout_G05,train
G02_R0118,G02,holdout_G05,train
G02_R0119,G02,holdout_G05,train
G02_R0120,G02,holdout_G05,train
G02_R0121,G02,holdout_G05,train
G02_R0122,G02,holdout_G05,train
G02_R0123,G02,holdout_G05,train
G02_R0124,G02,holdout_G05,train
G02_R0125,G02,holdout_G05,train
G02_R0126,G02,holdout_G05,train
G02_R0127,G02,holdout_G05,train
G02_R0128,G02,holdout_G05,train
G02_R0129,G02,holdout_G05,train
G02_R0130,G02,holdout_G05,train
G02_R0131,G02,holdout_G05,train
G02_R0132,G02,holdout_G05,train
G02_R0133,G02,holdout_G05,train
G02_R0134,G02,holdout_G05,train
G02_R0135,G02,holdout_G05,train
G02_R0136,G02,holdout_G05,train
G02_R0137,G02,holdout_G05,train
G02_R0138,G02,holdout_G05,train
G02_R0139,G02,holdout_G05,train
G02_R0140,G02,holdout_G05,train
G02_R0141,G02,holdout_G05,train
G02_R0142,G02,holdout_G05,train
G02_R0143,G02,holdout_G05,train
G02_R0144,G02,holdout_G05,train
G02_R0145,G02,holdout_G05,train
G02_R0146,G02,holdout_G05,train
G02_R0147,G02,holdout_G05,train
G02_R0148,G02,holdout_G05,train
G02_R0149,G02,holdout_G05,train
G02_R0150,G02,holdout_G05,train
G02_R0151,G02,holdout_G05,train
G02_R0152,G02,holdout_G05,train
G02_R0153,G02,holdout_G05,train
G02_R0154,G02,holdout_G05,train
G02_R0155,G02,holdout_G05,train
G02_R0156,G02,holdout_G05,train
G02_R0157,G02,holdout_G05,train
G02_R0158,G02,holdout_G05,train
G02_R0159,G02,holdout_G05,train
G02_R0160,G02,holdout_G05,train
G02_R0161,G02,holdout_G05,train
G02_R0162,G02,holdout_G05,train
G02_R0163,G02,holdout_G05,train
G02_R0164,G02,holdout_G05,train
G02_R0165,G02,holdout_G05,train
G02_R0166,G02,holdout_G05,train
G02_R0167,G02,holdout_G05,train
G02_R0168,G02,holdout_G05,train
G02_R0169,G02,holdout_G05,train
G02_R0170,G02,holdout_G05,train
G02_R0171,G02,holdout_G05,train
G02_R0172,G02,holdout_G05,train
G02_R0173,G02,holdout_G05,train
G02_R0174,G02,holdout_G05,train
G02_R0175,G02,holdout_G05,train
G02_R0176,G02,holdout_G05,train
G02_R0177,G02,holdout_G05,train
G02_R0178,G02,holdout_G05,train
G02_R0179,G02,holdout_G05,train
G02_R0180,G02,holdout_G05,train
G02_R0181,G02,holdout_G05,train
G02_R0182,G02,holdout_G05,train
G02_R0183,G02,holdout_G05,train
G02_R0184,G02,holdout_G05,train
G02_R0185,G02,holdout_G05,train
G02_R0186,G02,holdout_G05,train
G02_R0187,G02,holdout_G05,train
G02_R0188,G02,holdout_G05,train
G02_R0189,G02,holdout_G05,train
G02_R0190,G02,holdout_G05,train
G02_R0191,G02,holdout_G05,train
G02_R0192,G02,holdout_G05,train
G02_R0193,G02,holdout_G05,train
G02_R0194,G02,holdout_G05,train
G02_R0195,G02,holdout_G05,train
G02_R0196,G02,holdout_G05,train
G02_R0197,G02,holdout_G05,train
G02_R0198,G02,holdout_G05,train
G02_R0199,G02,holdout_G05,train
G02_R0200,G02,holdout_G05,train
G02_R0201,G02,holdout_G05,train
G02_R0202,G02,holdout_G05,train
G02_R0203,G02,holdout_G05,train
G02_R0204,G02,holdout_G05,train
G02_R0205,G02,holdout_G05,train
G02_R0206,G02,holdout_G05,train
G02_R0207,G02,holdout_G05,train
G02_R0208,G02,holdout_G05,train
G02_R0209,G02,holdout_G05,train
G02_R0210,G02,holdout_G05,train
G02_R0211,G02,holdout_G05,train
G02_R0212,G02,holdout_G05,train
G02_R0213,G02,holdout_G05,train
G02_R0214,G02,holdout_G05,train
G02_R0215,G02,holdout_G05,train
G02_R0216,G02,holdout_G05,train
G02_R0217,G02,holdout_G05,train
G02_R0218,G02,holdout_G05,train
G02_R0219,G02,holdout_G05,train
G02_R0220,G02,holdout_G05,train
G02_R0221,G02,holdout_G05,train
G02_R0222,G02,holdout_G05,train
G02_R0223,G02,holdout_G05,train
G02_R0224,G02,holdout_G05,train
G02_R0225,G02,holdout_G05,train
G02_R0226,G02,holdout_G05,train
G02_R0227,G02,holdout_G05,train
G02_R0228,G02,holdout_G05,train
G02_R0229,G02,holdout_G05,train
G02_R0230,G02,holdout_G05,train
G02_R0231,G02,holdout_G05,train
G02_R0232,G02,holdout_G05,train
G02_R0233,G02,holdout_G05,train
G02_R0234,G02,holdout_G05,train
G02_R0235,G02,holdout_G05,train
G02_R0236,G02,holdout_G05,train
G02_R0237,G02,holdout_G05,train
G02_R0238,G02,holdout_G05,train
G02_R0239,G02,holdout_G05,train
G02_R0240,G02,holdout_G05,train
G02_R0241,G02,holdout_G05,train
G02_R0242,G02,holdout_G05,train
G02_R0243,G02,holdout_G05,train
G02_R0244,G02,holdout_G05,train
G02_R0245,G02,holdout_G05,train
G02_R0246,G02,holdout_G05,train
G02_R0247,G02,holdout_G05,train
G02_R0248,G02,holdout_G05,train
G02_R0249,G02,holdout_G05,train
G02_R0250,G02,holdout_G05,train
G02_R0251,G02,holdout_G05,train
G02_R0252,G02,holdout_G05,train
G02_R0253,G02,holdout_G05,train
G02_R0254,G02,holdout_G05,train
G02_R0255,G02,holdout_G05,train
G02_R0256,G02,holdout_G05,train
G02_R0257,G02,holdout_G05,train
G02_R0258,G02,holdout_G05,train
G02_R0259,G02,holdout_G05,train
G02_R0260,G02,holdout_G05,train
G02_R0261,G02,holdout_G05,train
G02_R0262,G02,holdout_G05,train
G02_R0263,G02,holdout_G05,train
G02_R0264,G02,holdout_G05,train
G02_R0265,G02,holdout_G05,train
G02_R0266,G02,holdout_G05,train
G02_R0267,G02,holdout_G05,train
G02_R0268,G02,holdout_G05,train
G02_R0269,G02,holdout_G05,train
G02_R0270,G02,holdout_G05,train
G02_R0271,G02,holdout_G05,train
G02_R0272,G02,holdout_G05,train
G02_R0273,G02,holdout_G05,train
G02_R0274,G02,holdout_G05,train
G02_R0275,G02,holdout_G05,train
G02_R0276,G02,holdout_G05,train
G02_R0277,G02,holdout_G05,train
G02_R0278,G02,holdout_G05,train
G02_R0279,G02,holdout_G05,train
G02_R0280,G02,holdout_G05,train
G02_R0281,G02,holdout_G05,train
G02_R0282,G02,holdout_G05,train
G02_R0283,G02,holdout_G05,train
G02_R0284,G02,holdout_G05,train
G02_R0285,G02,holdout_G05,train
G02_R0286,G02,holdout_G05,train
G02_R0287,G02,holdout_G05,train
G02_R0288,G02,holdout_G05,train
G02_R0289,G02,holdout_G05,train
G02_R0290,G02,holdout_G05,train
G02_R0291,G02,holdout_G05,train
G02_R0292,G02,holdout_G05,train
G02_R0293,G02,holdout_G05,train
G02_R0294,G02,holdout_G05,train
G02_R0295,G02,holdout_G05,train
G02_R0296,G02,holdout_G05,train
G02_R0297,G02,holdout_G05,train
G02_R0298,G02,holdout_G05,train
G02_R0299,G02,holdout_G05,train
G02_R0300,G02,holdout_G05,train
G02_R0301,G02,holdout_G05,train
G02_R0302,G02,holdout_G05,train
G02_R0303,G02,holdout_G05,train
G02_R0304,G02,holdout_G05,train
G02_R0305,G02,holdout_G05,train
G02_R0306,G02,holdout_G05,train
G02_R0307,G02,holdout_G05,train
G02_R0308,G02,holdout_G05,train
G02_R0309,G02,holdout_G05,train
G02_R0310,G02,holdout_G05,train
G02_R0311,G02,holdout_G05,train
G02_R0312,G02,holdout_G05,train
G02_R0313,G02,holdout_G05,train
G02_R0314,G02,holdout_G05,train
G02_R0315,G02,holdout_G05,train
G02_R0316,G02,holdout_G05,train
G02_R0317,G02,holdout_G05,train
G02_R0318,G02,holdout_G05,train
G02_R0319,G02,holdout_G05,train
G02_R0320,G02,holdout_G05,train
G02_R0321,G02,holdout_G05,train
G02_R0322,G02,holdout_G05,train
G02_R0323,G02,holdout_G05,train
G02_R0324,G02,holdout_G05,train
G02_R0325,G02,holdout_G05,train
G02_R0326,G02,holdout_G05,train
G02_R0327,G02,holdout_G05,train
G02_R0328,G02,holdout_G05,train
G02_R0329,G02,holdout_G05,train
G02_R0330,G02,holdout_G05,train
G02_R0331,G02,holdout_G05,train
G02_R0332,G02,holdout_G05,train
G02_R0333,G02,holdout_G05,train
G02_R0334,G02,holdout_G05,train
G02_R0335,G02,holdout_G05,train
G02_R0336,G02,holdout_G05,train
G02_R0337,G02,holdout_G05,train
G02_R0338,G02,holdout_G05,train
G02_R0339,G02,holdout_G05,train
G02_R0340,G02,holdout_G05,train
G02_R0341,G02,holdout_G05,train
G02_R0342,G02,holdout_G05,train
G02_R0343,G02,holdout_G05,train
G02_R0344,G02,holdout_G05,train
G02_R0345,G02,holdout_G05,train
G02_R0346,G02,holdout_G05,train
G02_R0347,G02,holdout_G05,train
G02_R0348,G02,holdout_G05,train
G02_R0349,G02,holdout_G05,train
G02_R0350,G02,holdout_G05,train
G02_R0351,G02,holdout_G05,train
G02_R0352,G02,holdout_G05,train
G02_R0353,G02,holdout_G05,train
G02_R0354,G02,holdout_G05,train
G02_R0355,G02,holdout_G05,train
G02_R0356,G02,holdout_G05,train
G02_R0357,G02,holdout_G05,train
G02_R0358,G02,holdout_G05,train
G02_R0359,G02,holdout_G05,train
G02_R0360,G02,holdout_G05,train
G02_R0361,G02,holdout_G05,train
G02_R0362,G02,holdout_G05,train
G02_R0363,G02,holdout_G05,train
G02_R0364,G02,holdout_G05,train
G02_R0365,G02,holdout_G05,train
G02_R0366,G02,holdout_G05,train
G02_R0367,G02,holdout_G05,train
G02_R0368,G02,holdout_G05,train
G02_R0369,G02,holdout_G05,train
G02_R0370,G02,holdout_G05,train
G02_R0371,G02,holdout_G05,train
G02_R0372,G02,holdout_G05,train
G02_R0373,G02,holdout_G05,train
G02_R0374,G02,holdout_G05,train
G02_R0375,G02,holdout_G05,train
G02_R0376,G02,holdout_G05,train
G02_R0377,G02,holdout_G05,train
G02_R0378,G02,holdout_G05,train
G02_R0379,G02,holdout_G05,train
G02_R0380,G02,holdout_G05,train
G02_R0381,G02,holdout_G05,train
G02_R0382,G02,holdout_G05,train
G02_R0383,G02,holdout_G05,train
G02_R0384,G02,holdout_G05,train
G02_R0385,G02,holdout_G05,train
G02_R0386,G02,holdout_G05,train
G02_R0387,G02,holdout_G05,train
G02_R0388,G02,holdout_G05,train
G02_R0389,G02,holdout_G05,train
G02_R0390,G02,holdout_G05,train
G02_R0391,G02,holdout_G05,train
G02_R0392,G02,holdout_G05,train
G02_R0393,G02,holdout_G05,train
G02_R0394,G02,holdout_G05,train
G02_R0395,G02,holdout_G05,train
G02_R0396,G02,holdout_G05,train
G02_R0397,G02,holdout_G05,train
G02_R0398,G02,holdout_G05,train
G02_R0399,G02,holdout_G05,train
G02_R0400,G02,holdout_G05,train
G02_R0401,G02,holdout_G05,train
G02_R0402,G02,holdout_G05,train
G02_R0403,G02,holdout_G05,train
G02_R0404,G02,holdout_G05,train
G02_R0405,G02,holdout_G05,train
G02_R0406,G02,holdout_G05,train
G02_R0407,G02,holdout_G05,train
G02_R0408,G02,holdout_G05,train
G02_R0409,G02,holdout_G05,train
G02_R0410,G02,holdout_G05,train
G02_R0411,G02,holdout_G05,train
G02_R0412,G02,holdout_G05,train
G02_R0413,G02,holdout_G05,train
G02_R0414,G02,holdout_G05,train
G02_R0415,G02,holdout_G05,train
G02_R0416,G02,holdout_G05,train
G02_R0417,G02,holdout_G05,train
G02_R0418,G02,holdout_G05,train
G02_R0419,G02,holdout_G05,train
G02_R0420,G02,holdout_G05,train
G02_R0421,G02,holdout_G05,train
G02_R0422,G02,holdout_G05,train
G02_R0423,G02,holdout_G05,train
G02_R0424,G02,holdout_G05,train
G02_R0425,G02,holdout_G05,train
G02_R0426,G02,holdout_G05,train
G02_R0427,G02,holdout_G05,train
G02_R0428,G02,holdout_G05,train
G02_R0429,G02,holdout_G05,train
G02_R0430,G02,holdout_G05,train
G02_R0431,G02,holdout_G05,train
G02_R0432,G02,holdout_G05,train
G02_R0433,G02,holdout_G05,train
G02_R0434,G02,holdout_G05,train
G02_R0435,G02,holdout_G05,train
G02_R0436,G02,holdout_G05,train
G02_R0437,G02,holdout_G05,train
G02_R0438,G02,holdout_G05,train
G02_R0439,G02,holdout_G05,train
G02_R0440,G02,holdout_G05,train
G02_R0441,G02,holdout_G05,train
G02_R0442,G02,holdout_G05,train
G02_R0443,G02,holdout_G05,train
G02_R0444,G02,holdout_G05,train
G02_R0445,G02,holdout_G05,train
G02_R0446,G02,holdout_G05,train
G02_R0447,G02,holdout_G05,train
G02_R0448,G02,holdout_G05,train
G02_R0449,G02,holdout_G05,train
G02_R0450,G02,holdout_G05,train
G02_R0451,G02,holdout_G05,train
G02_R0452,G02,holdout_G05,train
G02_R0453,G02,holdout_G05,train
G02_R0454,G02,holdout_G05,train
G02_R0455,G02,holdout_G05,train
G02_R0456,G02,holdout_G05,train
G02_R0457,G02,holdout_G05,train
G02_R0458,G02,holdout_G05,train
G02_R0459,G02,holdout_G05,train
G02_R0460,G02,holdout_G05,train
G02_R0461,G02,holdout_G05,train
G02_R0462,G02,holdout_G05,train
G02_R0463,G02,holdout_G05,train
G02_R0464,G02,holdout_G05,train
G02_R0465,G02,holdout_G05,train
G02_R0466,G02,holdout_G05,train
G02_R0467,G02,holdout_G05,train
G02_R0468,G02,holdout_G05,train
G02_R0469,G02,holdout_G05,train
G02_R0470,G02,holdout_G05,train
G02_R0471,G02,holdout_G05,train
G02_R0472,G02,holdout_G05,train
G02_R0473,G02,holdout_G05,train
G02_R0474,G02,holdout_G05,train
G02_R0475,G02,holdout_G05,train
G02_R0476,G02,holdout_G05,train
G02_R0477,G02,holdout_G05,train
G02_R0478,G02,holdout_G05,train
G02_R0479,G02,holdout_G05,train
G02_R0480,G02,holdout_G05,train
G02_R0481,G02,holdout_G05,train
G02_R0482,G02,holdout_G05,train
G02_R0483,G02,holdout_G05,train
G02_R0484,G02,holdout_G05,train
G02_R0485,G02,holdout_G05,train
G02_R0486,G02,holdout_G05,train
G02_R0487,G02,holdout_G05,train
G02_R0488,G02,holdout_G05,train
G02_R0489,G02,holdout_G05,train
G02_R0490,G02,holdout_G05,train
G02_R0491,G02,holdout_G05,train
G02_R0492,G02,holdout_G05,train
G02_R0493,G02,holdout_G05,train
G02_R0494,G02,holdout_G05,train
G02_R0495,G02,holdout_G05,train
G02_R0496,G02,holdout_G05,train
G02_R0497,G02,holdout_G05,train
G02_R0498,G02,holdout_G05,train
G02_R0499,G02,holdout_G05,train
G02_R0500,G02,holdout_G05,train
G02_R0501,G02,holdout_G05,train
G02_R0502,G02,holdout_G05,train
G02_R0503,G02,holdout_G05,train
G02_R0504,G02,holdout_G05,train
G02_R0505,G02,holdout_G05,train
G02_R0506,G02,holdout_G05,train
G02_R0507,G02,holdout_G05,train
G02_R0508,G02,holdout_G05,train
G02_R0509,G02,holdout_G05,train
G02_R0510,G02,holdout_G05,train
G02_R0511,G02,holdout_G05,train
G02_R0512,G02,holdout_G05,train
G02_R0513,G02,holdout_G05,train
G02_R0514,G02,holdout_G05,train
G02_R0515,G02,holdout_G05,train
G02_R0516,G02,holdout_G05,train
G02_R0517,G02,holdout_G05,train
G02_R0518,G02,holdout_G05,train
G02_R0519,G02,holdout_G05,train
G02_R0520,G02,holdout_G05,train
G02_R0521,G02,holdout_G05,train
G02_R0522,G02,holdout_G05,train
G02_R0523,G02,holdout_G05,train
G02_R0524,G02,holdout_G05,train
G02_R0525,G02,holdout_G05,train
G02_R0526,G02,holdout_G05,train
G02_R0527,G02,holdout_G05,train
G02_R0528,G02,holdout_G05,train
G02_R0529,G02,holdout_G05,train
G02_R0530,G02,holdout_G05,train
G02_R0531,G02,holdout_G05,train
G02_R0532,G02,holdout_G05,train
G02_R0533,G02,holdout_G05,train
G02_R0534,G02,holdout_G05,train
G02_R0535,G02,holdout_G05,train
G02_R0536,G02,holdout_G05,train
G02_R0537,G02,holdout_G05,train
G02_R0538,G02,holdout_G05,train
G02_R0539,G02,holdout_G05,train
G02_R0540,G02,holdout_G05,train
G02_R0541,G02,holdout_G05,train
G02_R0542,G02,holdout_G05,train
G02_R0543,G02,holdout_G05,train
G02_R0544,G02,holdout_G05,train
G02_R0545,G02,holdout_G05,train
G02_R0546,G02,holdout_G05,train
G02_R0547,G02,holdout_G05,train
G02_R0548,G02,holdout_G05,train
G02_R0549,G02,holdout_G05,train
G02_R0550,G02,holdout_G05,train
G02_R0551,G02,holdout_G05,train
G02_R0552,G02,holdout_G05,train
G02_R0553,G02,holdout_G05,train
G02_R0554,G02,holdout_G05,train
G02_R0555,G02,holdout_G05,train
G02_R0556,G02,holdout_G05,train
G02_R0557,G02,holdout_G05,train
G02_R0558,G02,holdout_G05,train
G02_R0559,G02,holdout_G05,train
G02_R0560,G02,holdout_G05,train
G02_R0561,G02,holdout_G05,train
G02_R0562,G02,holdout_G05,train
G02_R0563,G02,holdout_G05,train
G02_R0564,G02,holdout_G05,train
G02_R0565,G02,holdout_G05,train
G02_R0566,G02,holdout_G05,train
G02_R0567,G02,holdout_G05,train
G02_R0568,G02,holdout_G05,train
G02_R0569,G02,holdout_G05,train
G02_R0570,G02,holdout_G05,train
G02_R0571,G02,holdout_G05,train
G02_R0572,G02,holdout_G05,train
G02_R0573,G02,holdout_G05,train
G02_R0574,G02,holdout_G05,train
G02_R0575,G02,holdout_G05,train
G02_R0576,G02,holdout_G05,train
G02_R0577,G02,holdout_G05,train
G02_R0578,G02,holdout_G05,train
G02_R0579,G02,holdout_G05,train
G02_R0580,G02,holdout_G05,train
G02_R0581,G02,holdout_G05,train
G02_R0582,G02,holdout_G05,train
G02_R0583,G02,holdout_G05,train
G02_R0584,G02,holdout_G05,train
G02_R0585,G02,holdout_G05,train
G02_R0586,G02,holdout_G05,train
G02_R0587,G02,holdout_G05,train
G02_R0588,G02,holdout_G05,train
G02_R0589,G02,holdout_G05,train
G02_R0590,G02,holdout_G05,train
G02_R0591,G02,holdout_G05,train
G02_R0592,G02,holdout_G05,train
G02_R0593,G02,holdout_G05,train
G02_R0594,G02,holdout_G05,train
G02_R0595,G02,holdout_G05,train
G02_R0596,G02,holdout_G05,train
G02_R0597,G02,holdout_G05,train
G02_R0598,G02,holdout_G05,train
G02_R0599,G02,holdout_G05,train
G02_R0600,G02,holdout_G05,train
G02_R0601,G02,holdout_G05,train
G02_R0602,G02,holdout_G05,train
G02_R0603,G02,holdout_G05,train
G02_R0604,G02,holdout_G05,train
G02_R0605,G02,holdout_G05,train
G02_R0606,G02,holdout_G05,train
G02_R0607,G02,holdout_G05,train
G02_R0608,G02,holdout_G05,train
G02_R0609,G02,holdout_G05,train
G02_R0610,G02,holdout_G05,train
G02_R0611,G02,holdout_G05,train
G02_R0612,G02,holdout_G05,train
G02_R0613,G02,holdout_G05,train
G02_R0614,G02,holdout_G05,train
G02_R0615,G02,holdout_G05,train
G02_R0616,G02,holdout_G05,train
G02_R0617,G02,holdout_G05,train
G02_R0618,G02,holdout_G05,train
G02_R0619,G02,holdout_G05,train
G02_R0620,G02,holdout_G05,train
G02_R0621,G02,holdout_G05,train
G02_R0622,G02,holdout_G05,train
G02_R0623,G02,holdout_G05,train
G02_R0624,G02,holdout_G05,train
G02_R0625,G02,holdout_G05,train
G02_R0626,G02,holdout_G05,train
G02_R0627,G02,holdout_G05,train
G02_R0628,G02,holdout_G05,train
G02_R0629,G02,holdout_G05,train
G02_R0630,G02,holdout_G05,train
G02_R0631,G02,holdout_G05,train
G02_R0632,G02,holdout_G05,train
G02_R0633,G02,holdout_G05,train
G02_R0634,G02,holdout_G05,train
G02_R0635,G02,holdout_G05,train
G02_R0636,G02,holdout_G05,train
G02_R0637,G02,holdout_G05,train
G02_R0638,G02,holdout_G05,train
G02_R0639,G02,holdout_G05,train
G02_R0640,G02,holdout_G05,train
G02_R0641,G02,holdout_G05,train
G02_R0642,G02,holdout_G05,train
G02_R0643,G02,holdout_G05,train
G02_R0644,G02,holdout_G05,train
G02_R0645,G02,holdout_G05,train
G02_R0646,G02,holdout_G05,train
G02_R0647,G02,holdout_G05,train
G02_R0648,G02,holdout_G05,train
G02_R0649,G02,holdout_G05,train
G02_R0650,G02,holdout_G05,train
G02_R0651,G02,holdout_G05,train
G02_R0652,G02,holdout_G05,train
G02_R0653,G02,holdout_G05,train
G02_R0654,G02,holdout_G05,train
G02_R0655,G02,holdout_G05,train
G02_R0656,G02,holdout_G05,train
G02_R0657,G02,holdout_G05,train
G02_R0658,G02,holdout_G05,train
G02_R0659,G02,holdout_G05,train
G02_R0660,G02,holdout_G05,train
G02_R0661,G02,holdout_G05,train
G02_R0662,G02,holdout_G05,train
G02_R0663,G02,holdout_G05,train
G02_R0664,G02,holdout_G05,train
G02_R0665,G02,holdout_G05,train
G02_R0666,G02,holdout_G05,train
G02_R0667,G02,holdout_G05,train
G02_R0668,G02,holdout_G05,train
G02_R0669,G02,holdout_G05,train
G02_R0670,G02,holdout_G05,train
G02_R0671,G02,holdout_G05,train
G02_R0672,G02,holdout_G05,train
G02_R0673,G02,holdout_G05,train
G02_R0674,G02,holdout_G05,train
G02_R0675,G02,holdout_G05,train
G02_R0676,G02,holdout_G05,train
G02_R0677,G02,holdout_G05,train
G02_R0678,G02,holdout_G05,train
G02_R0679,G02,holdout_G05,train
G02_R0680,G02,holdout_G05,train
G02_R0681,G02,holdout_G05,train
G02_R0682,G02,holdout_G05,train
G02_R0683,G02,holdout_G05,train
G02_R0684,G02,holdout_G05,train
G02_R0685,G02,holdout_G05,train
G02_R0686,G02,holdout_G05,train
G02_R0687,G02,holdout_G05,train
G02_R0688,G02,holdout_G05,train
G02_R0689,G02,holdout_G05,train
G02_R0690,G02,holdout_G05,train
G02_R0691,G02,holdout_G05,train
G02_R0692,G02,holdout_G05,train
G02_R0693,G02,holdout_G05,train
G02_R0694,G02,holdout_G05,train
G02_R0695,G02,holdout_G05,train
G02_R0696,G02,holdout_G05,train
G02_R0697,G02,holdout_G05,train
G02_R0698,G02,holdout_G05,train
G02_R0699,G02,holdout_G05,train
G02_R0700,G02,holdout_G05,train
G02_R0701,G02,holdout_G05,train
G02_R0702,G02,holdout_G05,train
G02_R0703,G02,holdout_G05,train
G02_R0704,G02,holdout_G05,train
G02_R0705,G02,holdout_G05,train
G02_R0706,G02,holdout_G05,train
G02_R0707,G02,holdout_G05,train
G02_R0708,G02,holdout_G05,train
G02_R0709,G02,holdout_G05,train
G02_R0710,G02,holdout_G05,train
G02_R0711,G02,holdout_G05,train
G02_R0712,G02,holdout_G05,train
G02_R0713,G02,holdout_G05,train
G02_R0714,G02,holdout_G05,train
G02_R0715,G02,holdout_G05,train
G02_R0716,G02,holdout_G05,train
G02_R0717,G02,holdout_G05,train
G02_R0718,G02,holdout_G05,train
G02_R0719,G02,holdout_G05,train
G02_R0720,G02,holdout_G05,train
G02_R0721,G02,holdout_G05,train
G02_R0722,G02,holdout_G05,train
G02_R0723,G02,holdout_G05,train
G02_R0724,G02,holdout_G05,train
G02_R0725,G02,holdout_G05,train
G02_R0726,G02,holdout_G05,train
G02_R0727,G02,holdout_G05,train
G02_R0728,G02,holdout_G05,train
G02_R0729,G02,holdout_G05,train
G02_R0730,G02,holdout_G05,train
G02_R0731,G02,holdout_G05,train
G02_R0732,G02,holdout_G05,train
G02_R0733,G02,holdout_G05,train
G02_R0734,G02,holdout_G05,train
G02_R0735,G02,holdout_G05,train
G02_R0736,G02,holdout_G05,train
G02_R0737,G02,holdout_G05,train
G02_R0738,G02,holdout_G05,train
G02_R0739,G02,holdout_G05,train
G02_R0740,G02,holdout_G05,train
G02_R0741,G02,holdout_G05,train
G02_R0742,G02,holdout_G05,train
G02_R0743,G02,holdout_G05,train
G02_R0744,G02,holdout_G05,train
G02_R0745,G02,holdout_G05,train
G02_R0746,G02,holdout_G05,train
G02_R0747,G02,holdout_G05,train
G02_R0748,G02,holdout_G05,train
G02_R0749,G02,holdout_G05,train
G02_R0750,G02,holdout_G05,train
G02_R0751,G02,holdout_G05,train
G02_R0752,G02,holdout_G05,train
G02_R0753,G02,holdout_G05,train
G02_R0754,G02,holdout_G05,train
G02_R0755,G02,holdout_G05,train
G02_R0756,G02,holdout_G05,train
G02_R0757,G02,holdout_G05,train
G02_R0758,G02,holdout_G05,train
G02_R0759,G02,holdout_G05,train
G02_R0760,G02,holdout_G05,train
G02_R0761,G02,holdout_G05,train
G02_R0762,G02,holdout_G05,train
G02_R0763,G02,holdout_G05,train
G02_R0764,G02,holdout_G05,train
G02_R0765,G02,holdout_G05,train
G02_R0766,G02,holdout_G05,train
G02_R0767,G02,holdout_G05,train
G02_R0768,G02,holdout_G05,train
G03_R0001,G03,holdout_G05,train
G03_R0002,G03,holdout_G05,train
G03_R0003,G03,holdout_G05,train
G03_R0004,G03,holdout_G05,train
G03_R0005,G03,holdout_G05,train
G03_R0006,G03,holdout_G05,train
G03_R0007,G03,holdout_G05,train
G03_R0008,G03,holdout_G05,train
G03_R0009,G03,holdout_G05,train
G03_R0010,G03,holdout_G05,train
G03_R0011,G03,holdout_G05,train
G03_R0012,G03,holdout_G05,train
G03_R0013,G03,holdout_G05,train
G03_R0014,G03,holdout_G05,train
G03_R0015,G03,holdout_G05,train
G03_R0016,G03,holdout_G05,train
G03_R0017,G03,holdout_G05,train
G03_R0018,G03,holdout_G05,train
G03_R0019,G03,holdout_G05,train
G03_R0020,G03,holdout_G05,train
G03_R0021,G03,holdout_G05,train
G03_R0022,G03,holdout_G05,train
G03_R0023,G03,holdout_G05,train
G03_R0024,G03,holdout_G05,train
G03_R0025,G03,holdout_G05,train
G03_R0026,G03,holdout_G05,train
G03_R0027,G03,holdout_G05,train
G03_R0028,G03,holdout_G05,train
G03_R0029,G03,holdout_G05,train
G03_R0030,G03,holdout_G05,train
G03_R0031,G03,holdout_G05,train
G03_R0032,G03,holdout_G05,train
G03_R0033,G03,holdout_G05,train
G03_R0034,G03,holdout_G05,train
G03_R0035,G03,holdout_G05,train
G03_R0036,G03,holdout_G05,train
G03_R0037,G03,holdout_G05,train
G03_R0038,G03,holdout_G05,train
G03_R0039,G03,holdout_G05,train
G03_R0040,G03,holdout_G05,train
G03_R0041,G03,holdout_G05,train
G03_R0042,G03,holdout_G05,train
G03_R0043,G03,holdout_G05,train
G03_R0044,G03,holdout_G05,train
G03_R0045,G03,holdout_G05,train
G03_R0046,G03,holdout_G05,train
G03_R0047,G03,holdout_G05,train
G03_R0048,G03,holdout_G05,train
G03_R0049,G03,holdout_G05,train
G03_R0050,G03,holdout_G05,train
G03_R0051,G03,holdout_G05,train
G03_R0052,G03,holdout_G05,train
G03_R0053,G03,holdout_G05,train
G03_R0054,G03,holdout_G05,train
G03_R0055,G03,holdout_G05,train
G03_R0056,G03,holdout_G05,train
G03_R0057,G03,holdout_G05,train
G03_R0058,G03,holdout_G05,train
G03_R0059,G03,holdout_G05,train
G03_R0060,G03,holdout_G05,train
G03_R0061,G03,holdout_G05,train
G03_R0062,G03,holdout_G05,train
G03_R0063,G03,holdout_G05,train
G03_R0064,G03,holdout_G05,train
G03_R0065,G03,holdout_G05,train
G03_R0066,G03,holdout_G05,train
G03_R0067,G03,holdout_G05,train
G03_R0068,G03,holdout_G05,train
G03_R0069,G03,holdout_G05,train
G03_R0070,G03,holdout_G05,train
G03_R0071,G03,holdout_G05,train
G03_R0072,G03,holdout_G05,train
G03_R0073,G03,holdout_G05,train
G03_R0074,G03,holdout_G05,train
G03_R0075,G03,holdout_G05,train
G03_R0076,G03,holdout_G05,train
G03_R0077,G03,holdout_G05,train
G03_R0078,G03,holdout_G05,train
G03_R0079,G03,holdout_G05,train
G03_R0080,G03,holdout_G05,train
G03_R0081,G03,holdout_G05,train
G03_R0082,G03,holdout_G05,train
G03_R0083,G03,holdout_G05,train
G03_R0084,G03,holdout_G05,train
G03_R0085,G03,holdout_G05,train
G03_R0086,G03,holdout_G05,train
G03_R0087,G03,holdout_G05,train
G03_R0088,G03,holdout_G05,train
G03_R0089,G03,holdout_G05,train
G03_R0090,G03,holdout_G05,train
G03_R0091,G03,holdout_G05,train
G03_R0092,G03,holdout_G05,train
G03_R0093,G03,holdout_G05,train
G03_R0094,G03,holdout_G05,train
G03_R0095,G03,holdout_G05,train
G03_R0096,G03,holdout_G05,train
G03_R0097,G03,holdout_G05,train
G03_R0098,G03,holdout_G05,train
G03_R0099,G03,holdout_G05,train
G03_R0100,G03,holdout_G05,train
G03_R0101,G03,holdout_G05,train
G03_R0102,G03,holdout_G05,train
G03_R0103,G03,holdout_G05,train
G03_R0104,G03,holdout_G05,train
G03_R0105,G03,holdout_G05,train
G03_R0106,G03,holdout_G05,train
G03_R0107,G03,holdout_G05,train
G03_R0108,G03,holdout_G05,train
G03_R0109,G03,holdout_G05,train
G03_R0110,G03,holdout_G05,train
G03_R0111,G03,holdout_G05,train
G03_R0112,G03,holdout_G05,train
G03_R0113,G03,holdout_G05,train
G03_R0114,G03,holdout_G05,train
G03_R0115,G03,holdout_G05,train
G03_R0116,G03,holdout_G05,train
G03_R0117,G03,holdout_G05,train
G03_R0118,G03,holdout_G05,train
G03_R0119,G03,holdout_G05,train
G03_R0120,G03,holdout_G05,train
G03_R0121,G03,holdout_G05,train
G03_R0122,G03,holdout_G05,train
G03_R0123,G03,holdout_G05,train
G03_R0124,G03,holdout_G05,train
G03_R0125,G03,holdout_G05,train
G03_R0126,G03,holdout_G05,train
G03_R0127,G03,holdout_G05,train
G03_R0128,G03,holdout_G05,train
G03_R0129,G03,holdout_G05,train
G03_R0130,G03,holdout_G05,train
G03_R0131,G03,holdout_G05,train
G03_R0132,G03,holdout_G05,train
G03_R0133,G03,holdout_G05,train
G03_R0134,G03,holdout_G05,train
G03_R0135,G03,holdout_G05,train
G03_R0136,G03,holdout_G05,train
G03_R0137,G03,holdout_G05,train
G03_R0138,G03,holdout_G05,train
G03_R0139,G03,holdout_G05,train
G03_R0140,G03,holdout_G05,train
G03_R0141,G03,holdout_G05,train
G03_R0142,G03,holdout_G05,train
G03_R0143,G03,holdout_G05,train
G03_R0144,G03,holdout_G05,train
G03_R0145,G03,holdout_G05,train
G03_R0146,G03,holdout_G05,train
G03_R0147,G03,holdout_G05,train
G03_R0148,G03,holdout_G05,train
G03_R0149,G03,holdout_G05,train
G03_R0150,G03,holdout_G05,train
G03_R0151,G03,holdout_G05,train
G03_R0152,G03,holdout_G05,train
G03_R0153,G03,holdout_G05,train
G03_R0154,G03,holdout_G05,train
G03_R0155,G03,holdout_G05,train
G03_R0156,G03,holdout_G05,train
G03_R0157,G03,holdout_G05,train
G03_R0158,G03,holdout_G05,train
G03_R0159,G03,holdout_G05,train
G03_R0160,G03,holdout_G05,train
G03_R0161,G03,holdout_G05,train
G03_R0162,G03,holdout_G05,train
G03_R0163,G03,holdout_G05,train
G03_R0164,G03,holdout_G05,train
G03_R0165,G03,holdout_G05,train
G03_R0166,G03,holdout_G05,train
G03_R0167,G03,holdout_G05,train
G03_R0168,G03,holdout_G05,train
G03_R0169,G03,holdout_G05,train
G03_R0170,G03,holdout_G05,train
G03_R0171,G03,holdout_G05,train
G03_R0172,G03,holdout_G05,train
G03_R0173,G03,holdout_G05,train
G03_R0174,G03,holdout_G05,train
G03_R0175,G03,holdout_G05,train
G03_R0176,G03,holdout_G05,train
G03_R0177,G03,holdout_G05,train
G03_R0178,G03,holdout_G05,train
G03_R0179,G03,holdout_G05,train
G03_R0180,G03,holdout_G05,train
G03_R0181,G03,holdout_G05,train
G03_R0182,G03,holdout_G05,train
G03_R0183,G03,holdout_G05,train
G03_R0184,G03,holdout_G05,train
G03_R0185,G03,holdout_G05,train
G03_R0186,G03,holdout_G05,train
G03_R0187,G03,holdout_G05,train
G03_R0188,G03,holdout_G05,train
G03_R0189,G03,holdout_G05,train
G03_R0190,G03,holdout_G05,train
G03_R0191,G03,holdout_G05,train
G03_R0192,G03,holdout_G05,train
G03_R0193,G03,holdout_G05,train
G03_R0194,G03,holdout_G05,train
G03_R0195,G03,holdout_G05,train
G03_R0196,G03,holdout_G05,train
G03_R0197,G03,holdout_G05,train
G03_R0198,G03,holdout_G05,train
G03_R0199,G03,holdout_G05,train
G03_R0200,G03,holdout_G05,train
G03_R0201,G03,holdout_G05,train
G03_R0202,G03,holdout_G05,train
G03_R0203,G03,holdout_G05,train
G03_R0204,G03,holdout_G05,train
G03_R0205,G03,holdout_G05,train
G03_R0206,G03,holdout_G05,train
G03_R0207,G03,holdout_G05,train
G03_R0208,G03,holdout_G05,train
G03_R0209,G03,holdout_G05,train
G03_R0210,G03,holdout_G05,train
G03_R0211,G03,holdout_G05,train
G03_R0212,G03,holdout_G05,train
G03_R0213,G03,holdout_G05,train
G03_R0214,G03,holdout_G05,train
G03_R0215,G03,holdout_G05,train
G03_R0216,G03,holdout_G05,train
G03_R0217,G03,holdout_G05,train
G03_R0218,G03,holdout_G05,train
G03_R0219,G03,holdout_G05,train
G03_R0220,G03,holdout_G05,train
G03_R0221,G03,holdout_G05,train
G03_R0222,G03,holdout_G05,train
G03_R0223,G03,holdout_G05,train
G03_R0224,G03,holdout_G05,train
G03_R0225,G03,holdout_G05,train
G03_R0226,G03,holdout_G05,train
G03_R0227,G03,holdout_G05,train
G03_R0228,G03,holdout_G05,train
G03_R0229,G03,holdout_G05,train
G03_R0230,G03,holdout_G05,train
G03_R0231,G03,holdout_G05,train
G03_R0232,G03,holdout_G05,train
G03_R0233,G03,holdout_G05,train
G03_R0234,G03,holdout_G05,train
G03_R0235,G03,holdout_G05,train
G03_R0236,G03,holdout_G05,train
G03_R0237,G03,holdout_G05,train
G03_R0238,G03,holdout_G05,train
G03_R0239,G03,holdout_G05,train
G03_R0240,G03,holdout_G05,train
G03_R0241,G03,holdout_G05,train
G03_R0242,G03,holdout_G05,train
G03_R0243,G03,holdout_G05,train
G03_R0244,G03,holdout_G05,train
G03_R0245,G03,holdout_G05,train
G03_R0246,G03,holdout_G05,train
G03_R0247,G03,holdout_G05,train
G03_R0248,G03,holdout_G05,train
G03_R0249,G03,holdout_G05,train
G03_R0250,G03,holdout_G05,train
G03_R0251,G03,holdout_G05,train
G03_R0252,G03,holdout_G05,train
G03_R0253,G03,holdout_G05,train
G03_R0254,G03,holdout_G05,train
G03_R0255,G03,holdout_G05,train
G03_R0256,G03,holdout_G05,train
G03_R0257,G03,holdout_G05,train
G03_R0258,G03,holdout_G05,train
G03_R0259,G03,holdout_G05,train
G03_R0260,G03,holdout_G05,train
G03_R0261,G03,holdout_G05,train
G03_R0262,G03,holdout_G05,train
G03_R0263,G03,holdout_G05,train
G03_R0264,G03,holdout_G05,train
G03_R0265,G03,holdout_G05,train
G03_R0266,G03,holdout_G05,train
G03_R0267,G03,holdout_G05,train
G03_R0268,G03,holdout_G05,train
G03_R0269,G03,holdout_G05,train
G03_R0270,G03,holdout_G05,train
G03_R0271,G03,holdout_G05,train
G03_R0272,G03,holdout_G05,train
G03_R0273,G03,holdout_G05,train
G03_R0274,G03,holdout_G05,train
G03_R0275,G03,holdout_G05,train
G03_R0276,G03,holdout_G05,train
G03_R0277,G03,holdout_G05,train
G03_R0278,G03,holdout_G05,train
G03_R0279,G03,holdout_G05,train
G03_R0280,G03,holdout_G05,train
G03_R0281,G03,holdout_G05,train
G03_R0282,G03,holdout_G05,train
G03_R0283,G03,holdout_G05,train
G03_R0284,G03,holdout_G05,train
G03_R0285,G03,holdout_G05,train
G03_R0286,G03,holdout_G05,train
G03_R0287,G03,holdout_G05,train
G03_R0288,G03,holdout_G05,train
G03_R0289,G03,holdout_G05,train
G03_R0290,G03,holdout_G05,train
G03_R0291,G03,holdout_G05,train
G03_R0292,G03,holdout_G05,train
G03_R0293,G03,holdout_G05,train
G03_R0294,G03,holdout_G05,train
G03_R0295,G03,holdout_G05,train
G03_R0296,G03,holdout_G05,train
G03_R0297,G03,holdout_G05,train
G03_R0298,G03,holdout_G05,train
G03_R0299,G03,holdout_G05,train
G03_R0300,G03,holdout_G05,train
G03_R0301,G03,holdout_G05,train
G03_R0302,G03,holdout_G05,train
G03_R0303,G03,holdout_G05,train
G03_R0304,G03,holdout_G05,train
G03_R0305,G03,holdout_G05,train
G03_R0306,G03,holdout_G05,train
G03_R0307,G03,holdout_G05,train
G03_R0308,G03,holdout_G05,train
G03_R0309,G03,holdout_G05,train
G03_R0310,G03,holdout_G05,train
G03_R0311,G03,holdout_G05,train
G03_R0312,G03,holdout_G05,train
G03_R0313,G03,holdout_G05,train
G03_R0314,G03,holdout_G05,train
G03_R0315,G03,holdout_G05,train
G03_R0316,G03,holdout_G05,train
G03_R0317,G03,holdout_G05,train
G03_R0318,G03,holdout_G05,train
G03_R0319,G03,holdout_G05,train
G03_R0320,G03,holdout_G05,train
G03_R0321,G03,holdout_G05,train
G03_R0322,G03,holdout_G05,train
G03_R0323,G03,holdout_G05,train
G03_R0324,G03,holdout_G05,train
G03_R0325,G03,holdout_G05,train
G03_R0326,G03,holdout_G05,train
G03_R0327,G03,holdout_G05,train
G03_R0328,G03,holdout_G05,train
G03_R0329,G03,holdout_G05,train
G03_R0330,G03,holdout_G05,train
G03_R0331,G03,holdout_G05,train
G03_R0332,G03,holdout_G05,train
G03_R0333,G03,holdout_G05,train
G03_R0334,G03,holdout_G05,train
G03_R0335,G03,holdout_G05,train
G03_R0336,G03,holdout_G05,train
G03_R0337,G03,holdout_G05,train
G03_R0338,G03,holdout_G05,train
G03_R0339,G03,holdout_G05,train
G03_R0340,G03,holdout_G05,train
G03_R0341,G03,holdout_G05,train
G03_R0342,G03,holdout_G05,train
G03_R0343,G03,holdout_G05,train
G03_R0344,G03,holdout_G05,train
G03_R0345,G03,holdout_G05,train
G03_R0346,G03,holdout_G05,train
G03_R0347,G03,holdout_G05,train
G03_R0348,G03,holdout_G05,train
G03_R0349,G03,holdout_G05,train
G03_R0350,G03,holdout_G05,train
G03_R0351,G03,holdout_G05,train
G03_R0352,G03,holdout_G05,train
G03_R0353,G03,holdout_G05,train
G03_R0354,G03,holdout_G05,train
G03_R0355,G03,holdout_G05,train
G03_R0356,G03,holdout_G05,train
G03_R0357,G03,holdout_G05,train
G03_R0358,G03,holdout_G05,train
G03_R0359,G03,holdout_G05,train
G03_R0360,G03,holdout_G05,train
G03_R0361,G03,holdout_G05,train
G03_R0362,G03,holdout_G05,train
G03_R0363,G03,holdout_G05,train
G03_R0364,G03,holdout_G05,train
G03_R0365,G03,holdout_G05,train
G03_R0366,G03,holdout_G05,train
G03_R0367,G03,holdout_G05,train
G03_R0368,G03,holdout_G05,train
G03_R0369,G03,holdout_G05,train
G03_R0370,G03,holdout_G05,train
G03_R0371,G03,holdout_G05,train
G03_R0372,G03,holdout_G05,train
G03_R0373,G03,holdout_G05,train
G03_R0374,G03,holdout_G05,train
G03_R0375,G03,holdout_G05,train
G03_R0376,G03,holdout_G05,train
G03_R0377,G03,holdout_G05,train
G03_R0378,G03,holdout_G05,train
G03_R0379,G03,holdout_G05,train
G03_R0380,G03,holdout_G05,train
G03_R0381,G03,holdout_G05,train
G03_R0382,G03,holdout_G05,train
G03_R0383,G03,holdout_G05,train
G03_R0384,G03,holdout_G05,train
G03_R0385,G03,holdout_G05,train
G03_R0386,G03,holdout_G05,train
G03_R0387,G03,holdout_G05,train
G03_R0388,G03,holdout_G05,train
G03_R0389,G03,holdout_G05,train
G03_R0390,G03,holdout_G05,train
G03_R0391,G03,holdout_G05,train
G03_R0392,G03,holdout_G05,train
G03_R0393,G03,holdout_G05,train
G03_R0394,G03,holdout_G05,train
G03_R0395,G03,holdout_G05,train
G03_R0396,G03,holdout_G05,train
G03_R0397,G03,holdout_G05,train
G03_R0398,G03,holdout_G05,train
G03_R0399,G03,holdout_G05,train
G03_R0400,G03,holdout_G05,train
G03_R0401,G03,holdout_G05,train
G03_R0402,G03,holdout_G05,train
G03_R0403,G03,holdout_G05,train
G03_R0404,G03,holdout_G05,train
G03_R0405,G03,holdout_G05,train
G03_R0406,G03,holdout_G05,train
G03_R0407,G03,holdout_G05,train
G03_R0408,G03,holdout_G05,train
G03_R0409,G03,holdout_G05,train
G03_R0410,G03,holdout_G05,train
G03_R0411,G03,holdout_G05,train
G03_R0412,G03,holdout_G05,train
G03_R0413,G03,holdout_G05,train
G03_R0414,G03,holdout_G05,train
G03_R0415,G03,holdout_G05,train
G03_R0416,G03,holdout_G05,train
G03_R0417,G03,holdout_G05,train
G03_R0418,G03,holdout_G05,train
G03_R0419,G03,holdout_G05,train
G03_R0420,G03,holdout_G05,train
G03_R0421,G03,holdout_G05,train
G03_R0422,G03,holdout_G05,train
G03_R0423,G03,holdout_G05,train
G03_R0424,G03,holdout_G05,train
G03_R0425,G03,holdout_G05,train
G03_R0426,G03,holdout_G05,train
G03_R0427,G03,holdout_G05,train
G03_R0428,G03,holdout_G05,train
G03_R0429,G03,holdout_G05,train
G03_R0430,G03,holdout_G05,train
G03_R0431,G03,holdout_G05,train
G03_R0432,G03,holdout_G05,train
G03_R0433,G03,holdout_G05,train
G03_R0434,G03,holdout_G05,train
G03_R0435,G03,holdout_G05,train
G03_R0436,G03,holdout_G05,train
G03_R0437,G03,holdout_G05,train
G03_R0438,G03,holdout_G05,train
G03_R0439,G03,holdout_G05,train
G03_R0440,G03,holdout_G05,train
G03_R0441,G03,holdout_G05,train
G03_R0442,G03,holdout_G05,train
G03_R0443,G03,holdout_G05,train
G03_R0444,G03,holdout_G05,train
G03_R0445,G03,holdout_G05,train
G03_R0446,G03,holdout_G05,train
G03_R0447,G03,holdout_G05,train
G03_R0448,G03,holdout_G05,train
G03_R0449,G03,holdout_G05,train
G03_R0450,G03,holdout_G05,train
G03_R0451,G03,holdout_G05,train
G03_R0452,G03,holdout_G05,train
G03_R0453,G03,holdout_G05,train
G03_R0454,G03,holdout_G05,train
G03_R0455,G03,holdout_G05,train
G03_R0456,G03,holdout_G05,train
G03_R0457,G03,holdout_G05,train
G03_R0458,G03,holdout_G05,train
G03_R0459,G03,holdout_G05,train
G03_R0460,G03,holdout_G05,train
G03_R0461,G03,holdout_G05,train
G03_R0462,G03,holdout_G05,train
G03_R0463,G03,holdout_G05,train
G03_R0464,G03,holdout_G05,train
G03_R0465,G03,holdout_G05,train
G03_R0466,G03,holdout_G05,train
G03_R0467,G03,holdout_G05,train
G03_R0468,G03,holdout_G05,train
G03_R0469,G03,holdout_G05,train
G03_R0470,G03,holdout_G05,train
G03_R0471,G03,holdout_G05,train
G03_R0472,G03,holdout_G05,train
G03_R0473,G03,holdout_G05,train
G03_R0474,G03,holdout_G05,train
G03_R0475,G03,holdout_G05,train
G03_R0476,G03,holdout_G05,train
G03_R0477,G03,holdout_G05,train
G03_R0478,G03,holdout_G05,train
G03_R0479,G03,holdout_G05,train
G03_R0480,G03,holdout_G05,train
G03_R0481,G03,holdout_G05,train
G03_R0482,G03,holdout_G05,train
G03_R0483,G03,holdout_G05,train
G03_R0484,G03,holdout_G05,train
G03_R0485,G03,holdout_G05,train
G03_R0486,G03,holdout_G05,train
G03_R0487,G03,holdout_G05,train
G03_R0488,G03,holdout_G05,train
G03_R0489,G03,holdout_G05,train
G03_R0490,G03,holdout_G05,train
G03_R0491,G03,holdout_G05,train
G03_R0492,G03,holdout_G05,train
G03_R0493,G03,holdout_G05,train
G03_R0494,G03,holdout_G05,train
G03_R0495,G03,holdout_G05,train
G03_R0496,G03,holdout_G05,train
G03_R0497,G03,holdout_G05,train
G03_R0498,G03,holdout_G05,train
G03_R0499,G03,holdout_G05,train
G03_R0500,G03,holdout_G05,train
G03_R0501,G03,holdout_G05,train
G03_R0502,G03,holdout_G05,train
G03_R0503,G03,holdout_G05,train
G03_R0504,G03,holdout_G05,train
G03_R0505,G03,holdout_G05,train
G03_R0506,G03,holdout_G05,train
G03_R0507,G03,holdout_G05,train
G03_R0508,G03,holdout_G05,train
G03_R0509,G03,holdout_G05,train
G03_R0510,G03,holdout_G05,train
G03_R0511,G03,holdout_G05,train
G03_R0512,G03,holdout_G05,train
G03_R0513,G03,holdout_G05,train
G03_R0514,G03,holdout_G05,train
G03_R0515,G03,holdout_G05,train
G03_R0516,G03,holdout_G05,train
G03_R0517,G03,holdout_G05,train
G03_R0518,G03,holdout_G05,train
G03_R0519,G03,holdout_G05,train
G03_R0520,G03,holdout_G05,train
G03_R0521,G03,holdout_G05,train
G03_R0522,G03,holdout_G05,train
G03_R0523,G03,holdout_G05,train
G03_R0524,G03,holdout_G05,train
G03_R0525,G03,holdout_G05,train
G03_R0526,G03,holdout_G05,train
G03_R0527,G03,holdout_G05,train
G03_R0528,G03,holdout_G05,train
G03_R0529,G03,holdout_G05,train
G03_R0530,G03,holdout_G05,train
G03_R0531,G03,holdout_G05,train
G03_R0532,G03,holdout_G05,train
G03_R0533,G03,holdout_G05,train
G03_R0534,G03,holdout_G05,train
G03_R0535,G03,holdout_G05,train
G03_R0536,G03,holdout_G05,train
G03_R0537,G03,holdout_G05,train
G03_R0538,G03,holdout_G05,train
G03_R0539,G03,holdout_G05,train
G03_R0540,G03,holdout_G05,train
G03_R0541,G03,holdout_G05,train
G03_R0542,G03,holdout_G05,train
G03_R0543,G03,holdout_G05,train
G03_R0544,G03,holdout_G05,train
G03_R0545,G03,holdout_G05,train
G03_R0546,G03,holdout_G05,train
G03_R0547,G03,holdout_G05,train
G03_R0548,G03,holdout_G05,train
G03_R0549,G03,holdout_G05,train
G03_R0550,G03,holdout_G05,train
G03_R0551,G03,holdout_G05,train
G03_R0552,G03,holdout_G05,train
G03_R0553,G03,holdout_G05,train
G03_R0554,G03,holdout_G05,train
G03_R0555,G03,holdout_G05,train
G03_R0556,G03,holdout_G05,train
G03_R0557,G03,holdout_G05,train
G03_R0558,G03,holdout_G05,train
G03_R0559,G03,holdout_G05,train
G03_R0560,G03,holdout_G05,train
G03_R0561,G03,holdout_G05,train
G03_R0562,G03,holdout_G05,train
G03_R0563,G03,holdout_G05,train
G03_R0564,G03,holdout_G05,train
G03_R0565,G03,holdout_G05,train
G03_R0566,G03,holdout_G05,train
G03_R0567,G03,holdout_G05,train
G03_R0568,G03,holdout_G05,train
G03_R0569,G03,holdout_G05,train
G03_R0570,G03,holdout_G05,train
G03_R0571,G03,holdout_G05,train
G03_R0572,G03,holdout_G05,train
G03_R0573,G03,holdout_G05,train
G03_R0574,G03,holdout_G05,train
G03_R0575,G03,holdout_G05,train
G03_R0576,G03,holdout_G05,train
G03_R0577,G03,holdout_G05,train
G03_R0578,G03,holdout_G05,train
G03_R0579,G03,holdout_G05,train
G03_R0580,G03,holdout_G05,train
G03_R0581,G03,holdout_G05,train
G03_R0582,G03,holdout_G05,train
G03_R0583,G03,holdout_G05,train
G03_R0584,G03,holdout_G05,train
G03_R0585,G03,holdout_G05,train
G03_R0586,G03,holdout_G05,train
G03_R0587,G03,holdout_G05,train
G03_R0588,G03,holdout_G05,train
G03_R0589,G03,holdout_G05,train
G03_R0590,G03,holdout_G05,train
G03_R0591,G03,holdout_G05,train
G03_R0592,G03,holdout_G05,train
G03_R0593,G03,holdout_G05,train
G03_R0594,G03,holdout_G05,train
G03_R0595,G03,holdout_G05,train
G03_R0596,G03,holdout_G05,train
G03_R0597,G03,holdout_G05,train
G03_R0598,G03,holdout_G05,train
G03_R0599,G03,holdout_G05,train
G03_R0600,G03,holdout_G05,train
G03_R0601,G03,holdout_G05,train
G03_R0602,G03,holdout_G05,train
G03_R0603,G03,holdout_G05,train
G03_R0604,G03,holdout_G05,train
G03_R0605,G03,holdout_G05,train
G03_R0606,G03,holdout_G05,train
G03_R0607,G03,holdout_G05,train
G03_R0608,G03,holdout_G05,train
G03_R0609,G03,holdout_G05,train
G03_R0610,G03,holdout_G05,train
G03_R0611,G03,holdout_G05,train
G03_R0612,G03,holdout_G05,train
G03_R0613,G03,holdout_G05,train
G03_R0614,G03,holdout_G05,train
G03_R0615,G03,holdout_G05,train
G03_R0616,G03,holdout_G05,train
G03_R0617,G03,holdout_G05,train
G03_R0618,G03,holdout_G05,train
G03_R0619,G03,holdout_G05,train
G03_R0620,G03,holdout_G05,train
G03_R0621,G03,holdout_G05,train
G03_R0622,G03,holdout_G05,train
G03_R0623,G03,holdout_G05,train
G03_R0624,G03,holdout_G05,train
G03_R0625,G03,holdout_G05,train
G03_R0626,G03,holdout_G05,train
G03_R0627,G03,holdout_G05,train
G03_R0628,G03,holdout_G05,train
G03_R0629,G03,holdout_G05,train
G03_R0630,G03,holdout_G05,train
G03_R0631,G03,holdout_G05,train
G03_R0632,G03,holdout_G05,train
G03_R0633,G03,holdout_G05,train
G03_R0634,G03,holdout_G05,train
G03_R0635,G03,holdout_G05,train
G03_R0636,G03,holdout_G05,train
G03_R0637,G03,holdout_G05,train
G03_R0638,G03,holdout_G05,train
G03_R0639,G03,holdout_G05,train
G03_R0640,G03,holdout_G05,train
G03_R0641,G03,holdout_G05,train
G03_R0642,G03,holdout_G05,train
G03_R0643,G03,holdout_G05,train
G03_R0644,G03,holdout_G05,train
G03_R0645,G03,holdout_G05,train
G03_R0646,G03,holdout_G05,train
G03_R0647,G03,holdout_G05,train
G03_R0648,G03,holdout_G05,train
G03_R0649,G03,holdout_G05,train
G03_R0650,G03,holdout_G05,train
G03_R0651,G03,holdout_G05,train
G03_R0652,G03,holdout_G05,train
G03_R0653,G03,holdout_G05,train
G03_R0654,G03,holdout_G05,train
G03_R0655,G03,holdout_G05,train
G03_R0656,G03,holdout_G05,train
G03_R0657,G03,holdout_G05,train
G03_R0658,G03,holdout_G05,train
G03_R0659,G03,holdout_G05,train
G03_R0660,G03,holdout_G05,train
G03_R0661,G03,holdout_G05,train
G03_R0662,G03,holdout_G05,train
G03_R0663,G03,holdout_G05,train
G03_R0664,G03,holdout_G05,train
G03_R0665,G03,holdout_G05,train
G03_R0666,G03,holdout_G05,train
G03_R0667,G03,holdout_G05,train
G03_R0668,G03,holdout_G05,train
G03_R0669,G03,holdout_G05,train
G03_R0670,G03,holdout_G05,train
G03_R0671,G03,holdout_G05,train
G03_R0672,G03,holdout_G05,train
G03_R0673,G03,holdout_G05,train
G03_R0674,G03,holdout_G05,train
G03_R0675,G03,holdout_G05,train
G03_R0676,G03,holdout_G05,train
G03_R0677,G03,holdout_G05,train
G03_R0678,G03,holdout_G05,train
G03_R0679,G03,holdout_G05,train
G03_R0680,G03,holdout_G05,train
G03_R0681,G03,holdout_G05,train
G03_R0682,G03,holdout_G05,train
G03_R0683,G03,holdout_G05,train
G03_R0684,G03,holdout_G05,train
G03_R0685,G03,holdout_G05,train
G03_R0686,G03,holdout_G05,train
G03_R0687,G03,holdout_G05,train
G03_R0688,G03,holdout_G05,train
G03_R0689,G03,holdout_G05,train
G03_R0690,G03,holdout_G05,train
G03_R0691,G03,holdout_G05,train
G03_R0692,G03,holdout_G05,train
G03_R0693,G03,holdout_G05,train
G03_R0694,G03,holdout_G05,train
G03_R0695,G03,holdout_G05,train
G03_R0696,G03,holdout_G05,train
G03_R0697,G03,holdout_G05,train
G03_R0698,G03,holdout_G05,train
G03_R0699,G03,holdout_G05,train
G03_R0700,G03,holdout_G05,train
G03_R0701,G03,holdout_G05,train
G03_R0702,G03,holdout_G05,train
G03_R0703,G03,holdout_G05,train
G03_R0704,G03,holdout_G05,train
G03_R0705,G03,holdout_G05,train
G03_R0706,G03,holdout_G05,train
G03_R0707,G03,holdout_G05,train
G03_R0708,G03,holdout_G05,train
G03_R0709,G03,holdout_G05,train
G03_R0710,G03,holdout_G05,train
G03_R0711,G03,holdout_G05,train
G03_R0712,G03,holdout_G05,train
G03_R0713,G03,holdout_G05,train
G03_R0714,G03,holdout_G05,train
G03_R0715,G03,holdout_G05,train
G03_R0716,G03,holdout_G05,train
G03_R0717,G03,holdout_G05,train
G03_R0718,G03,holdout_G05,train
G03_R0719,G03,holdout_G05,train
G03_R0720,G03,holdout_G05,train
G03_R0721,G03,holdout_G05,train
G03_R0722,G03,holdout_G05,train
G03_R0723,G03,holdout_G05,train
G03_R0724,G03,holdout_G05,train
G03_R0725,G03,holdout_G05,train
G03_R0726,G03,holdout_G05,train
G03_R0727,G03,holdout_G05,train
G03_R0728,G03,holdout_G05,train
G03_R0729,G03,holdout_G05,train
G03_R0730,G03,holdout_G05,train
G03_R0731,G03,holdout_G05,train
G03_R0732,G03,holdout_G05,train
G03_R0733,G03,holdout_G05,train
G03_R0734,G03,holdout_G05,train
G03_R0735,G03,holdout_G05,train
G03_R0736,G03,holdout_G05,train
G03_R0737,G03,holdout_G05,train
G03_R0738,G03,holdout_G05,train
G03_R0739,G03,holdout_G05,train
G03_R0740,G03,holdout_G05,train
G03_R0741,G03,holdout_G05,train
G03_R0742,G03,holdout_G05,train
G03_R0743,G03,holdout_G05,train
G03_R0744,G03,holdout_G05,train
G03_R0745,G03,holdout_G05,train
G03_R0746,G03,holdout_G05,train
G03_R0747,G03,holdout_G05,train
G03_R0748,G03,holdout_G05,train
G03_R0749,G03,holdout_G05,train
G03_R0750,G03,holdout_G05,train
G03_R0751,G03,holdout_G05,train
G03_R0752,G03,holdout_G05,train
G03_R0753,G03,holdout_G05,train
G03_R0754,G03,holdout_G05,train
G03_R0755,G03,holdout_G05,train
G03_R0756,G03,holdout_G05,train
G03_R0757,G03,holdout_G05,train
G03_R0758,G03,holdout_G05,train
G03_R0759,G03,holdout_G05,train
G03_R0760,G03,holdout_G05,train
G03_R0761,G03,holdout_G05,train
G03_R0762,G03,holdout_G05,train
G03_R0763,G03,holdout_G05,train
G03_R0764,G03,holdout_G05,train
G03_R0765,G03,holdout_G05,train
G03_R0766,G03,holdout_G05,train
G03_R0767,G03,holdout_G05,train
G03_R0768,G03,holdout_G05,train
G04_R0001,G04,holdout_G05,train
G04_R0002,G04,holdout_G05,train
G04_R0003,G04,holdout_G05,train
G04_R0004,G04,holdout_G05,train
G04_R0005,G04,holdout_G05,train
G04_R0006,G04,holdout_G05,train
G04_R0007,G04,holdout_G05,train
G04_R0008,G04,holdout_G05,train
G04_R0009,G04,holdout_G05,train
G04_R0010,G04,holdout_G05,train
G04_R0011,G04,holdout_G05,train
G04_R0012,G04,holdout_G05,train
G04_R0013,G04,holdout_G05,train
G04_R0014,G04,holdout_G05,train
G04_R0015,G04,holdout_G05,train
G04_R0016,G04,holdout_G05,train
G04_R0017,G04,holdout_G05,train
G04_R0018,G04,holdout_G05,train
G04_R0019,G04,holdout_G05,train
G04_R0020,G04,holdout_G05,train
G04_R0021,G04,holdout_G05,train
G04_R0022,G04,holdout_G05,train
G04_R0023,G04,holdout_G05,train
G04_R0024,G04,holdout_G05,train
G04_R0025,G04,holdout_G05,train
G04_R0026,G04,holdout_G05,train
G04_R0027,G04,holdout_G05,train
G04_R0028,G04,holdout_G05,train
G04_R0029,G04,holdout_G05,train
G04_R0030,G04,holdout_G05,train
G04_R0031,G04,holdout_G05,train
G04_R0032,G04,holdout_G05,train
G04_R0033,G04,holdout_G05,train
G04_R0034,G04,holdout_G05,train
G04_R0035,G04,holdout_G05,train
G04_R0036,G04,holdout_G05,train
G04_R0037,G04,holdout_G05,train
G04_R0038,G04,holdout_G05,train
G04_R0039,G04,holdout_G05,train
G04_R0040,G04,holdout_G05,train
G04_R0041,G04,holdout_G05,train
G04_R0042,G04,holdout_G05,train
G04_R0043,G04,holdout_G05,train
G04_R0044,G04,holdout_G05,train
G04_R0045,G04,holdout_G05,train
G04_R0046,G04,holdout_G05,train
G04_R0047,G04,holdout_G05,train
G04_R0048,G04,holdout_G05,train
G04_R0049,G04,holdout_G05,train
G04_R0050,G04,holdout_G05,train
G04_R0051,G04,holdout_G05,train
G04_R0052,G04,holdout_G05,train
G04_R0053,G04,holdout_G05,train
G04_R0054,G04,holdout_G05,train
G04_R0055,G04,holdout_G05,train
G04_R0056,G04,holdout_G05,train
G04_R0057,G04,holdout_G05,train
G04_R0058,G04,holdout_G05,train
G04_R0059,G04,holdout_G05,train
G04_R0060,G04,holdout_G05,train
G04_R0061,G04,holdout_G05,train
G04_R0062,G04,holdout_G05,train
G04_R0063,G04,holdout_G05,train
G04_R0064,G04,holdout_G05,train
G04_R0065,G04,holdout_G05,train
G04_R0066,G04,holdout_G05,train
G04_R0067,G04,holdout_G05,train
G04_R0068,G04,holdout_G05,train
G04_R0069,G04,holdout_G05,train
G04_R0070,G04,holdout_G05,train
G04_R0071,G04,holdout_G05,train
G04_R0072,G04,holdout_G05,train
G04_R0073,G04,holdout_G05,train
G04_R0074,G04,holdout_G05,train
G04_R0075,G04,holdout_G05,train
G04_R0076,G04,holdout_G05,train
G04_R0077,G04,holdout_G05,train
G04_R0078,G04,holdout_G05,train
G04_R0079,G04,holdout_G05,train
G04_R0080,G04,holdout_G05,train
G04_R0081,G04,holdout_G05,train
G04_R0082,G04,holdout_G05,train
G04_R0083,G04,holdout_G05,train
G04_R0084,G04,holdout_G05,train
G04_R0085,G04,holdout_G05,train
G04_R0086,G04,holdout_G05,train
G04_R0087,G04,holdout_G05,train
G04_R0088,G04,holdout_G05,train
G04_R0089,G04,holdout_G05,train
G04_R0090,G04,holdout_G05,train
G04_R0091,G04,holdout_G05,train
G04_R0092,G04,holdout_G05,train
G04_R0093,G04,holdout_G05,train
G04_R0094,G04,holdout_G05,train
G04_R0095,G04,holdout_G05,train
G04_R0096,G04,holdout_G05,train
G04_R0097,G04,holdout_G05,train
G04_R0098,G04,holdout_G05,train
G04_R0099,G04,holdout_G05,train
G04_R0100,G04,holdout_G05,train
G04_R0101,G04,holdout_G05,train
G04_R0102,G04,holdout_G05,train
G04_R0103,G04,holdout_G05,train
G04_R0104,G04,holdout_G05,train
G04_R0105,G04,holdout_G05,train
G04_R0106,G04,holdout_G05,train
G04_R0107,G04,holdout_G05,train
G04_R0108,G04,holdout_G05,train
G04_R0109,G04,holdout_G05,train
G04_R0110,G04,holdout_G05,train
G04_R0111,G04,holdout_G05,train
G04_R0112,G04,holdout_G05,train
G04_R0113,G04,holdout_G05,train
G04_R0114,G04,holdout_G05,train
G04_R0115,G04,holdout_G05,train
G04_R0116,G04,holdout_G05,train
G04_R0117,G04,holdout_G05,train
G04_R0118,G04,holdout_G05,train
G04_R0119,G04,holdout_G05,train
G04_R0120,G04,holdout_G05,train
G04_R0121,G04,holdout_G05,train
G04_R0122,G04,holdout_G05,train
G04_R0123,G04,holdout_G05,train
G04_R0124,G04,holdout_G05,train
G04_R0125,G04,holdout_G05,train
G04_R0126,G04,holdout_G05,train
G04_R0127,G04,holdout_G05,train
G04_R0128,G04,holdout_G05,train
G04_R0129,G04,holdout_G05,train
G04_R0130,G04,holdout_G05,train
G04_R0131,G04,holdout_G05,train
G04_R0132,G04,holdout_G05,train
G04_R0133,G04,holdout_G05,train
G04_R0134,G04,holdout_G05,train
G04_R0135,G04,holdout_G05,train
G04_R0136,G04,holdout_G05,train
G04_R0137,G04,holdout_G05,train
G04_R0138,G04,holdout_G05,train
G04_R0139,G04,holdout_G05,train
G04_R0140,G04,holdout_G05,train
G04_R0141,G04,holdout_G05,train
G04_R0142,G04,holdout_G05,train
G04_R0143,G04,holdout_G05,train
G04_R0144,G04,holdout_G05,train
G04_R0145,G04,holdout_G05,train
G04_R0146,G04,holdout_G05,train
G04_R0147,G04,holdout_G05,train
G04_R0148,G04,holdout_G05,train
G04_R0149,G04,holdout_G05,train
G04_R0150,G04,holdout_G05,train
G04_R0151,G04,holdout_G05,train
G04_R0152,G04,holdout_G05,train
G04_R0153,G04,holdout_G05,train
G04_R0154,G04,holdout_G05,train
G04_R0155,G04,holdout_G05,train
G04_R0156,G04,holdout_G05,train
G04_R0157,G04,holdout_G05,train
G04_R0158,G04,holdout_G05,train
G04_R0159,G04,holdout_G05,train
G04_R0160,G04,holdout_G05,train
G04_R0161,G04,holdout_G05,train
G04_R0162,G04,holdout_G05,train
G04_R0163,G04,holdout_G05,train
G04_R0164,G04,holdout_G05,train
G04_R0165,G04,holdout_G05,train
G04_R0166,G04,holdout_G05,train
G04_R0167,G04,holdout_G05,train
G04_R0168,G04,holdout_G05,train
G04_R0169,G04,holdout_G05,train
G04_R0170,G04,holdout_G05,train
G04_R0171,G04,holdout_G05,train
G04_R0172,G04,holdout_G05,train
G04_R0173,G04,holdout_G05,train
G04_R0174,G04,holdout_G05,train
G04_R0175,G04,holdout_G05,train
G04_R0176,G04,holdout_G05,train
G04_R0177,G04,holdout_G05,train
G04_R0178,G04,holdout_G05,train
G04_R0179,G04,holdout_G05,train
G04_R0180,G04,holdout_G05,train
G04_R0181,G04,holdout_G05,train
G04_R0182,G04,holdout_G05,train
G04_R0183,G04,holdout_G05,train
G04_R0184,G04,holdout_G05,train
G04_R0185,G04,holdout_G05,train
G04_R0186,G04,holdout_G05,train
G04_R0187,G04,holdout_G05,train
G04_R0188,G04,holdout_G05,train
G04_R0189,G04,holdout_G05,train
G04_R0190,G04,holdout_G05,train
G04_R0191,G04,holdout_G05,train
G04_R0192,G04,holdout_G05,train
G04_R0193,G04,holdout_G05,train
G04_R0194,G04,holdout_G05,train
G04_R0195,G04,holdout_G05,train
G04_R0196,G04,holdout_G05,train
G04_R0197,G04,holdout_G05,train
G04_R0198,G04,holdout_G05,train
G04_R0199,G04,holdout_G05,train
G04_R0200,G04,holdout_G05,train
G04_R0201,G04,holdout_G05,train
G04_R0202,G04,holdout_G05,train
G04_R0203,G04,holdout_G05,train
G04_R0204,G04,holdout_G05,train
G04_R0205,G04,holdout_G05,train
G04_R0206,G04,holdout_G05,train
G04_R0207,G04,holdout_G05,train
G04_R0208,G04,holdout_G05,train
G04_R0209,G04,holdout_G05,train
G04_R0210,G04,holdout_G05,train
G04_R0211,G04,holdout_G05,train
G04_R0212,G04,holdout_G05,train
G04_R0213,G04,holdout_G05,train
G04_R0214,G04,holdout_G05,train
G04_R0215,G04,holdout_G05,train
G04_R0216,G04,holdout_G05,train
G04_R0217,G04,holdout_G05,train
G04_R0218,G04,holdout_G05,train
G04_R0219,G04,holdout_G05,train
G04_R0220,G04,holdout_G05,train
G04_R0221,G04,holdout_G05,train
G04_R0222,G04,holdout_G05,train
G04_R0223,G04,holdout_G05,train
G04_R0224,G04,holdout_G05,train
G04_R0225,G04,holdout_G05,train
G04_R0226,G04,holdout_G05,train
G04_R0227,G04,holdout_G05,train
G04_R0228,G04,holdout_G05,train
G04_R0229,G04,holdout_G05,train
G04_R0230,G04,holdout_G05,train
G04_R0231,G04,holdout_G05,train
G04_R0232,G04,holdout_G05,train
G04_R0233,G04,holdout_G05,train
G04_R0234,G04,holdout_G05,train
G04_R0235,G04,holdout_G05,train
G04_R0236,G04,holdout_G05,train
G04_R0237,G04,holdout_G05,train
G04_R0238,G04,holdout_G05,train
G04_R0239,G04,holdout_G05,train
G04_R0240,G04,holdout_G05,train
G04_R0241,G04,holdout_G05,train
G04_R0242,G04,holdout_G05,train
G04_R0243,G04,holdout_G05,train
G04_R0244,G04,holdout_G05,train
G04_R0245,G04,holdout_G05,train
G04_R0246,G04,holdout_G05,train
G04_R0247,G04,holdout_G05,train
G04_R0248,G04,holdout_G05,train
G04_R0249,G04,holdout_G05,train
G04_R0250,G04,holdout_G05,train
G04_R0251,G04,holdout_G05,train
G04_R0252,G04,holdout_G05,train
G04_R0253,G04,holdout_G05,train
G04_R0254,G04,holdout_G05,train
G04_R0255,G04,holdout_G05,train
G04_R0256,G04,holdout_G05,train
G04_R0257,G04,holdout_G05,train
G04_R0258,G04,holdout_G05,train
G04_R0259,G04,holdout_G05,train
G04_R0260,G04,holdout_G05,train
G04_R0261,G04,holdout_G05,train
G04_R0262,G04,holdout_G05,train
G04_R0263,G04,holdout_G05,train
G04_R0264,G04,holdout_G05,train
G04_R0265,G04,holdout_G05,train
G04_R0266,G04,holdout_G05,train
G04_R0267,G04,holdout_G05,train
G04_R0268,G04,holdout_G05,train
G04_R0269,G04,holdout_G05,train
G04_R0270,G04,holdout_G05,train
G04_R0271,G04,holdout_G05,train
G04_R0272,G04,holdout_G05,train
G04_R0273,G04,holdout_G05,train
G04_R0274,G04,holdout_G05,train
G04_R0275,G04,holdout_G05,train
G04_R0276,G04,holdout_G05,train
G04_R0277,G04,holdout_G05,train
G04_R0278,G04,holdout_G05,train
G04_R0279,G04,holdout_G05,train
G04_R0280,G04,holdout_G05,train
G04_R0281,G04,holdout_G05,train
G04_R0282,G04,holdout_G05,train
G04_R0283,G04,holdout_G05,train
G04_R0284,G04,holdout_G05,train
G04_R0285,G04,holdout_G05,train
G04_R0286,G04,holdout_G05,train
G04_R0287,G04,holdout_G05,train
G04_R0288,G04,holdout_G05,train
G04_R0289,G04,holdout_G05,train
G04_R0290,G04,holdout_G05,train
G04_R0291,G04,holdout_G05,train
G04_R0292,G04,holdout_G05,train
G04_R0293,G04,holdout_G05,train
G04_R0294,G04,holdout_G05,train
G04_R0295,G04,holdout_G05,train
G04_R0296,G04,holdout_G05,train
G04_R0297,G04,holdout_G05,train
G04_R0298,G04,holdout_G05,train
G04_R0299,G04,holdout_G05,train
G04_R0300,G04,holdout_G05,train
G04_R0301,G04,holdout_G05,train
G04_R0302,G04,holdout_G05,train
G04_R0303,G04,holdout_G05,train
G04_R0304,G04,holdout_G05,train
G04_R0305,G04,holdout_G05,train
G04_R0306,G04,holdout_G05,train
G04_R0307,G04,holdout_G05,train
G04_R0308,G04,holdout_G05,train
G04_R0309,G04,holdout_G05,train
G04_R0310,G04,holdout_G05,train
G04_R0311,G04,holdout_G05,train
G04_R0312,G04,holdout_G05,train
G04_R0313,G04,holdout_G05,train
G04_R0314,G04,holdout_G05,train
G04_R0315,G04,holdout_G05,train
G04_R0316,G04,holdout_G05,train
G04_R0317,G04,holdout_G05,train
G04_R0318,G04,holdout_G05,train
G04_R0319,G04,holdout_G05,train
G04_R0320,G04,holdout_G05,train
G04_R0321,G04,holdout_G05,train
G04_R0322,G04,holdout_G05,train
G04_R0323,G04,holdout_G05,train
G04_R0324,G04,holdout_G05,train
G04_R0325,G04,holdout_G05,train
G04_R0326,G04,holdout_G05,train
G04_R0327,G04,holdout_G05,train
G04_R0328,G04,holdout_G05,train
G04_R0329,G04,holdout_G05,train
G04_R0330,G04,holdout_G05,train
G04_R0331,G04,holdout_G05,train
G04_R0332,G04,holdout_G05,train
G04_R0333,G04,holdout_G05,train
G04_R0334,G04,holdout_G05,train
G04_R0335,G04,holdout_G05,train
G04_R0336,G04,holdout_G05,train
G04_R0337,G04,holdout_G05,train
G04_R0338,G04,holdout_G05,train
G04_R0339,G04,holdout_G05,train
G04_R0340,G04,holdout_G05,train
G04_R0341,G04,holdout_G05,train
G04_R0342,G04,holdout_G05,train
G04_R0343,G04,holdout_G05,train
G04_R0344,G04,holdout_G05,train
G04_R0345,G04,holdout_G05,train
G04_R0346,G04,holdout_G05,train
G04_R0347,G04,holdout_G05,train
G04_R0348,G04,holdout_G05,train
G04_R0349,G04,holdout_G05,train
G04_R0350,G04,holdout_G05,train
G04_R0351,G04,holdout_G05,train
G04_R0352,G04,holdout_G05,train
G04_R0353,G04,holdout_G05,train
G04_R0354,G04,holdout_G05,train
G04_R0355,G04,holdout_G05,train
G04_R0356,G04,holdout_G05,train
G04_R0357,G04,holdout_G05,train
G04_R0358,G04,holdout_G05,train
G04_R0359,G04,holdout_G05,train
G04_R0360,G04,holdout_G05,train
G04_R0361,G04,holdout_G05,train
G04_R0362,G04,holdout_G05,train
G04_R0363,G04,holdout_G05,train
G04_R0364,G04,holdout_G05,train
G04_R0365,G04,holdout_G05,train
G04_R0366,G04,holdout_G05,train
G04_R0367,G04,holdout_G05,train
G04_R0368,G04,holdout_G05,train
G04_R0369,G04,holdout_G05,train
G04_R0370,G04,holdout_G05,train
G04_R0371,G04,holdout_G05,train
G04_R0372,G04,holdout_G05,train
G04_R0373,G04,holdout_G05,train
G04_R0374,G04,holdout_G05,train
G04_R0375,G04,holdout_G05,train
G04_R0376,G04,holdout_G05,train
G04_R0377,G04,holdout_G05,train
G04_R0378,G04,holdout_G05,train
G04_R0379,G04,holdout_G05,train
G04_R0380,G04,holdout_G05,train
G04_R0381,G04,holdout_G05,train
G04_R0382,G04,holdout_G05,train
G04_R0383,G04,holdout_G05,train
G04_R0384,G04,holdout_G05,train
G04_R0385,G04,holdout_G05,train
G04_R0386,G04,holdout_G05,train
G04_R0387,G04,holdout_G05,train
G04_R0388,G04,holdout_G05,train
G04_R0389,G04,holdout_G05,train
G04_R0390,G04,holdout_G05,train
G04_R0391,G04,holdout_G05,train
G04_R0392,G04,holdout_G05,train
G04_R0393,G04,holdout_G05,train
G04_R0394,G04,holdout_G05,train
G04_R0395,G04,holdout_G05,train
G04_R0396,G04,holdout_G05,train
G04_R0397,G04,holdout_G05,train
G04_R0398,G04,holdout_G05,train
G04_R0399,G04,holdout_G05,train
G04_R0400,G04,holdout_G05,train
G04_R0401,G04,holdout_G05,train
G04_R0402,G04,holdout_G05,train
G04_R0403,G04,holdout_G05,train
G04_R0404,G04,holdout_G05,train
G04_R0405,G04,holdout_G05,train
G04_R0406,G04,holdout_G05,train
G04_R0407,G04,holdout_G05,train
G04_R0408,G04,holdout_G05,train
G04_R0409,G04,holdout_G05,train
G04_R0410,G04,holdout_G05,train
G04_R0411,G04,holdout_G05,train
G04_R0412,G04,holdout_G05,train
G04_R0413,G04,holdout_G05,train
G04_R0414,G04,holdout_G05,train
G04_R0415,G04,holdout_G05,train
G04_R0416,G04,holdout_G05,train
G04_R0417,G04,holdout_G05,train
G04_R0418,G04,holdout_G05,train
G04_R0419,G04,holdout_G05,train
G04_R0420,G04,holdout_G05,train
G04_R0421,G04,holdout_G05,train
G04_R0422,G04,holdout_G05,train
G04_R0423,G04,holdout_G05,train
G04_R0424,G04,holdout_G05,train
G04_R0425,G04,holdout_G05,train
G04_R0426,G04,holdout_G05,train
G04_R0427,G04,holdout_G05,train
G04_R0428,G04,holdout_G05,train
G04_R0429,G04,holdout_G05,train
G04_R0430,G04,holdout_G05,train
G04_R0431,G04,holdout_G05,train
G04_R0432,G04,holdout_G05,train
G04_R0433,G04,holdout_G05,train
G04_R0434,G04,holdout_G05,train
G04_R0435,G04,holdout_G05,train
G04_R0436,G04,holdout_G05,train
G04_R0437,G04,holdout_G05,train
G04_R0438,G04,holdout_G05,train
G04_R0439,G04,holdout_G05,train
G04_R0440,G04,holdout_G05,train
G04_R0441,G04,holdout_G05,train
G04_R0442,G04,holdout_G05,train
G04_R0443,G04,holdout_G05,train
G04_R0444,G04,holdout_G05,train
G04_R0445,G04,holdout_G05,train
G04_R0446,G04,holdout_G05,train
G04_R0447,G04,holdout_G05,train
G04_R0448,G04,holdout_G05,train
G04_R0449,G04,holdout_G05,train
G04_R0450,G04,holdout_G05,train
G04_R0451,G04,holdout_G05,train
G04_R0452,G04,holdout_G05,train
G04_R0453,G04,holdout_G05,train
G04_R0454,G04,holdout_G05,train
G04_R0455,G04,holdout_G05,train
G04_R0456,G04,holdout_G05,train
G04_R0457,G04,holdout_G05,train
G04_R0458,G04,holdout_G05,train
G04_R0459,G04,holdout_G05,train
G04_R0460,G04,holdout_G05,train
G04_R0461,G04,holdout_G05,train
G04_R0462,G04,holdout_G05,train
G04_R0463,G04,holdout_G05,train
G04_R0464,G04,holdout_G05,train
G04_R0465,G04,holdout_G05,train
G04_R0466,G04,holdout_G05,train
G04_R0467,G04,holdout_G05,train
G04_R0468,G04,holdout_G05,train
G04_R0469,G04,holdout_G05,train
G04_R0470,G04,holdout_G05,train
G04_R0471,G04,holdout_G05,train
G04_R0472,G04,holdout_G05,train
G04_R0473,G04,holdout_G05,train
G04_R0474,G04,holdout_G05,train
G04_R0475,G04,holdout_G05,train
G04_R0476,G04,holdout_G05,train
G04_R0477,G04,holdout_G05,train
G04_R0478,G04,holdout_G05,train
G04_R0479,G04,holdout_G05,train
G04_R0480,G04,holdout_G05,train
G04_R0481,G04,holdout_G05,train
G04_R0482,G04,holdout_G05,train
G04_R0483,G04,holdout_G05,train
G04_R0484,G04,holdout_G05,train
G04_R0485,G04,holdout_G05,train
G04_R0486,G04,holdout_G05,train
G04_R0487,G04,holdout_G05,train
G04_R0488,G04,holdout_G05,train
G04_R0489,G04,holdout_G05,train
G04_R0490,G04,holdout_G05,train
G04_R0491,G04,holdout_G05,train
G04_R0492,G04,holdout_G05,train
G04_R0493,G04,holdout_G05,train
G04_R0494,G04,holdout_G05,train
G04_R0495,G04,holdout_G05,train
G04_R0496,G04,holdout_G05,train
G04_R0497,G04,holdout_G05,train
G04_R0498,G04,holdout_G05,train
G04_R0499,G04,holdout_G05,train
G04_R0500,G04,holdout_G05,train
G04_R0501,G04,holdout_G05,train
G04_R0502,G04,holdout_G05,train
G04_R0503,G04,holdout_G05,train
G04_R0504,G04,holdout_G05,train
G04_R0505,G04,holdout_G05,train
G04_R0506,G04,holdout_G05,train
G04_R0507,G04,holdout_G05,train
G04_R0508,G04,holdout_G05,train
G04_R0509,G04,holdout_G05,train
G04_R0510,G04,holdout_G05,train
G04_R0511,G04,holdout_G05,train
G04_R0512,G04,holdout_G05,train
G04_R0513,G04,holdout_G05,train
G04_R0514,G04,holdout_G05,train
G04_R0515,G04,holdout_G05,train
G04_R0516,G04,holdout_G05,train
G04_R0517,G04,holdout_G05,train
G04_R0518,G04,holdout_G05,train
G04_R0519,G04,holdout_G05,train
G04_R0520,G04,holdout_G05,train
G04_R0521,G04,holdout_G05,train
G04_R0522,G04,holdout_G05,train
G04_R0523,G04,holdout_G05,train
G04_R0524,G04,holdout_G05,train
G04_R0525,G04,holdout_G05,train
G04_R0526,G04,holdout_G05,train
G04_R0527,G04,holdout_G05,train
G04_R0528,G04,holdout_G05,train
G04_R0529,G04,holdout_G05,train
G04_R0530,G04,holdout_G05,train
G04_R0531,G04,holdout_G05,train
G04_R0532,G04,holdout_G05,train
G04_R0533,G04,holdout_G05,train
G04_R0534,G04,holdout_G05,train
G04_R0535,G04,holdout_G05,train
G04_R0536,G04,holdout_G05,train
G04_R0537,G04,holdout_G05,train
G04_R0538,G04,holdout_G05,train
G04_R0539,G04,holdout_G05,train
G04_R0540,G04,holdout_G05,train
G04_R0541,G04,holdout_G05,train
G04_R0542,G04,holdout_G05,train
G04_R0543,G04,holdout_G05,train
G04_R0544,G04,holdout_G05,train
G04_R0545,G04,holdout_G05,train
G04_R0546,G04,holdout_G05,train
G04_R0547,G04,holdout_G05,train
G04_R0548,G04,holdout_G05,train
G04_R0549,G04,holdout_G05,train
G04_R0550,G04,holdout_G05,train
G04_R0551,G04,holdout_G05,train
G04_R0552,G04,holdout_G05,train
G04_R0553,G04,holdout_G05,train
G04_R0554,G04,holdout_G05,train
G04_R0555,G04,holdout_G05,train
G04_R0556,G04,holdout_G05,train
G04_R0557,G04,holdout_G05,train
G04_R0558,G04,holdout_G05,train
G04_R0559,G04,holdout_G05,train
G04_R0560,G04,holdout_G05,train
G04_R0561,G04,holdout_G05,train
G04_R0562,G04,holdout_G05,train
G04_R0563,G04,holdout_G05,train
G04_R0564,G04,holdout_G05,train
G04_R0565,G04,holdout_G05,train
G04_R0566,G04,holdout_G05,train
G04_R0567,G04,holdout_G05,train
G04_R0568,G04,holdout_G05,train
G04_R0569,G04,holdout_G05,train
G04_R0570,G04,holdout_G05,train
G04_R0571,G04,holdout_G05,train
G04_R0572,G04,holdout_G05,train
G04_R0573,G04,holdout_G05,train
G04_R0574,G04,holdout_G05,train
G04_R0575,G04,holdout_G05,train
G04_R0576,G04,holdout_G05,train
G04_R0577,G04,holdout_G05,train
G04_R0578,G04,holdout_G05,train
G04_R0579,G04,holdout_G05,train
G04_R0580,G04,holdout_G05,train
G04_R0581,G04,holdout_G05,train
G04_R0582,G04,holdout_G05,train
G04_R0583,G04,holdout_G05,train
G04_R0584,G04,holdout_G05,train
G04_R0585,G04,holdout_G05,train
G04_R0586,G04,holdout_G05,train
G04_R0587,G04,holdout_G05,train
G04_R0588,G04,holdout_G05,train
G04_R0589,G04,holdout_G05,train
G04_R0590,G04,holdout_G05,train
G04_R0591,G04,holdout_G05,train
G04_R0592,G04,holdout_G05,train
G04_R0593,G04,holdout_G05,train
G04_R0594,G04,holdout_G05,train
G04_R0595,G04,holdout_G05,train
G04_R0596,G04,holdout_G05,train
G04_R0597,G04,holdout_G05,train
G04_R0598,G04,holdout_G05,train
G04_R0599,G04,holdout_G05,train
G04_R0600,G04,holdout_G05,train
G04_R0601,G04,holdout_G05,train
G04_R0602,G04,holdout_G05,train
G04_R0603,G04,holdout_G05,train
G04_R0604,G04,holdout_G05,train
G04_R0605,G04,holdout_G05,train
G04_R0606,G04,holdout_G05,train
G04_R0607,G04,holdout_G05,train
G04_R0608,G04,holdout_G05,train
G04_R0609,G04,holdout_G05,train
G04_R0610,G04,holdout_G05,train
G04_R0611,G04,holdout_G05,train
G04_R0612,G04,holdout_G05,train
G04_R0613,G04,holdout_G05,train
G04_R0614,G04,holdout_G05,train
G04_R0615,G04,holdout_G05,train
G04_R0616,G04,holdout_G05,train
G04_R0617,G04,holdout_G05,train
G04_R0618,G04,holdout_G05,train
G04_R0619,G04,holdout_G05,train
G04_R0620,G04,holdout_G05,train
G04_R0621,G04,holdout_G05,train
G04_R0622,G04,holdout_G05,train
G04_R0623,G04,holdout_G05,train
G04_R0624,G04,holdout_G05,train
G04_R0625,G04,holdout_G05,train
G04_R0626,G04,holdout_G05,train
G04_R0627,G04,holdout_G05,train
G04_R0628,G04,holdout_G05,train
G04_R0629,G04,holdout_G05,train
G04_R0630,G04,holdout_G05,train
G04_R0631,G04,holdout_G05,train
G04_R0632,G04,holdout_G05,train
G04_R0633,G04,holdout_G05,train
G04_R0634,G04,holdout_G05,train
G04_R0635,G04,holdout_G05,train
G04_R0636,G04,holdout_G05,train
G04_R0637,G04,holdout_G05,train
G04_R0638,G04,holdout_G05,train
G04_R0639,G04,holdout_G05,train
G04_R0640,G04,holdout_G05,train
G04_R0641,G04,holdout_G05,train
G04_R0642,G04,holdout_G05,train
G04_R0643,G04,holdout_G05,train
G04_R0644,G04,holdout_G05,train
G04_R0645,G04,holdout_G05,train
G04_R0646,G04,holdout_G05,train
G04_R0647,G04,holdout_G05,train
G04_R0648,G04,holdout_G05,train
G04_R0649,G04,holdout_G05,train
G04_R0650,G04,holdout_G05,train
G04_R0651,G04,holdout_G05,train
G04_R0652,G04,holdout_G05,train
G04_R0653,G04,holdout_G05,train
G04_R0654,G04,holdout_G05,train
G04_R0655,G04,holdout_G05,train
G04_R0656,G04,holdout_G05,train
G04_R0657,G04,holdout_G05,train
G04_R0658,G04,holdout_G05,train
G04_R0659,G04,holdout_G05,train
G04_R0660,G04,holdout_G05,train
G04_R0661,G04,holdout_G05,train
G04_R0662,G04,holdout_G05,train
G04_R0663,G04,holdout_G05,train
G04_R0664,G04,holdout_G05,train
G04_R0665,G04,holdout_G05,train
G04_R0666,G04,holdout_G05,train
G04_R0667,G04,holdout_G05,train
G04_R0668,G04,holdout_G05,train
G04_R0669,G04,holdout_G05,train
G04_R0670,G04,holdout_G05,train
G04_R0671,G04,holdout_G05,train
G04_R0672,G04,holdout_G05,train
G04_R0673,G04,holdout_G05,train
G04_R0674,G04,holdout_G05,train
G04_R0675,G04,holdout_G05,train
G04_R0676,G04,holdout_G05,train
G04_R0677,G04,holdout_G05,train
G04_R0678,G04,holdout_G05,train
G04_R0679,G04,holdout_G05,train
G04_R0680,G04,holdout_G05,train
G04_R0681,G04,holdout_G05,train
G04_R0682,G04,holdout_G05,train
G04_R0683,G04,holdout_G05,train
G04_R0684,G04,holdout_G05,train
G04_R0685,G04,holdout_G05,train
G04_R0686,G04,holdout_G05,train
G04_R0687,G04,holdout_G05,train
G04_R0688,G04,holdout_G05,train
G04_R0689,G04,holdout_G05,train
G04_R0690,G04,holdout_G05,train
G04_R0691,G04,holdout_G05,train
G04_R0692,G04,holdout_G05,train
G04_R0693,G04,holdout_G05,train
G04_R0694,G04,holdout_G05,train
G04_R0695,G04,holdout_G05,train
G04_R0696,G04,holdout_G05,train
G04_R0697,G04,holdout_G05,train
G04_R0698,G04,holdout_G05,train
G04_R0699,G04,holdout_G05,train
G04_R0700,G04,holdout_G05,train
G04_R0701,G04,holdout_G05,train
G04_R0702,G04,holdout_G05,train
G04_R0703,G04,holdout_G05,train
G04_R0704,G04,holdout_G05,train
G04_R0705,G04,holdout_G05,train
G04_R0706,G04,holdout_G05,train
G04_R0707,G04,holdout_G05,train
G04_R0708,G04,holdout_G05,train
G04_R0709,G04,holdout_G05,train
G04_R0710,G04,holdout_G05,train
G04_R0711,G04,holdout_G05,train
G04_R0712,G04,holdout_G05,train
G04_R0713,G04,holdout_G05,train
G04_R0714,G04,holdout_G05,train
G04_R0715,G04,holdout_G05,train
G04_R0716,G04,holdout_G05,train
G04_R0717,G04,holdout_G05,train
G04_R0718,G04,holdout_G05,train
G04_R0719,G04,holdout_G05,train
G04_R0720,G04,holdout_G05,train
G04_R0721,G04,holdout_G05,train
G04_R0722,G04,holdout_G05,train
G04_R0723,G04,holdout_G05,train
G04_R0724,G04,holdout_G05,train
G04_R0725,G04,holdout_G05,train
G04_R0726,G04,holdout_G05,train
G04_R0727,G04,holdout_G05,train
G04_R0728,G04,holdout_G05,train
G04_R0729,G04,holdout_G05,train
G04_R0730,G04,holdout_G05,train
G04_R0731,G04,holdout_G05,train
G04_R0732,G04,holdout_G05,train
G04_R0733,G04,holdout_G05,train
G04_R0734,G04,holdout_G05,train
G04_R0735,G04,holdout_G05,train
G04_R0736,G04,holdout_G05,train
G04_R0737,G04,holdout_G05,train
G04_R0738,G04,holdout_G05,train
G04_R0739,G04,holdout_G05,train
G04_R0740,G04,holdout_G05,train
G04_R0741,G04,holdout_G05,train
G04_R0742,G04,holdout_G05,train
G04_R0743,G04,holdout_G05,train
G04_R0744,G04,holdout_G05,train
G04_R0745,G04,holdout_G05,train
G04_R0746,G04,holdout_G05,train
G04_R0747,G04,holdout_G05,train
G04_R0748,G04,holdout_G05,train
G04_R0749,G04,holdout_G05,train
G04_R0750,G04,holdout_G05,train
G04_R0751,G04,holdout_G05,train
G04_R0752,G04,holdout_G05,train
G04_R0753,G04,holdout_G05,train
G04_R0754,G04,holdout_G05,train
G04_R0755,G04,holdout_G05,train
G04_R0756,G04,holdout_G05,train
G04_R0757,G04,holdout_G05,train
G04_R0758,G04,holdout_G05,train
G04_R0759,G04,holdout_G05,train
G04_R0760,G04,holdout_G05,train
G04_R0761,G04,holdout_G05,train
G04_R0762,G04,holdout_G05,train
G04_R0763,G04,holdout_G05,train
G04_R0764,G04,holdout_G05,train
G04_R0765,G04,holdout_G05,train
G04_R0766,G04,holdout_G05,train
G04_R0767,G04,holdout_G05,train
G04_R0768,G04,holdout_G05,train
G05_R0001,G05,holdout_G05,test
G05_R0002,G05,holdout_G05,test
G05_R0003,G05,holdout_G05,test
G05_R0004,G05,holdout_G05,test
G05_R0005,G05,holdout_G05,test
G05_R0006,G05,holdout_G05,test
G05_R0007,G05,holdout_G05,test
G05_R0008,G05,holdout_G05,test
G05_R0009,G05,holdout_G05,test
G05_R0010,G05,holdout_G05,test
G05_R0011,G05,holdout_G05,test
G05_R0012,G05,holdout_G05,test
G05_R0013,G05,holdout_G05,test
G05_R0014,G05,holdout_G05,test
G05_R0015,G05,holdout_G05,test
G05_R0016,G05,holdout_G05,test
G05_R0017,G05,holdout_G05,test
G05_R0018,G05,holdout_G05,test
G05_R0019,G05,holdout_G05,test
G05_R0020,G05,holdout_G05,test
G05_R0021,G05,holdout_G05,test
G05_R0022,G05,holdout_G05,test
G05_R0023,G05,holdout_G05,test
G05_R0024,G05,holdout_G05,test
G05_R0025,G05,holdout_G05,test
G05_R0026,G05,holdout_G05,test
G05_R0027,G05,holdout_G05,test
G05_R0028,G05,holdout_G05,test
G05_R0029,G05,holdout_G05,test
G05_R0030,G05,holdout_G05,test
G05_R0031,G05,holdout_G05,test
G05_R0032,G05,holdout_G05,test
G05_R0033,G05,holdout_G05,test
G05_R0034,G05,holdout_G05,test
G05_R0035,G05,holdout_G05,test
G05_R0036,G05,holdout_G05,test
G05_R0037,G05,holdout_G05,test
G05_R0038,G05,holdout_G05,test
G05_R0039,G05,holdout_G05,test
G05_R0040,G05,holdout_G05,test
G05_R0041,G05,holdout_G05,test
G05_R0042,G05,holdout_G05,test
G05_R0043,G05,holdout_G05,test
G05_R0044,G05,holdout_G05,test
G05_R0045,G05,holdout_G05,test
G05_R0046,G05,holdout_G05,test
G05_R0047,G05,holdout_G05,test
G05_R0048,G05,holdout_G05,test
G05_R0049,G05,holdout_G05,test
G05_R0050,G05,holdout_G05,test
G05_R0051,G05,holdout_G05,test
G05_R0052,G05,holdout_G05,test
G05_R0053,G05,holdout_G05,test
G05_R0054,G05,holdout_G05,test
G05_R0055,G05,holdout_G05,test
G05_R0056,G05,holdout_G05,test
G05_R0057,G05,holdout_G05,test
G05_R0058,G05,holdout_G05,test
G05_R0059,G05,holdout_G05,test
G05_R0060,G05,holdout_G05,test
G05_R0061,G05,holdout_G05,test
G05_R0062,G05,holdout_G05,test
G05_R0063,G05,holdout_G05,test
G05_R0064,G05,holdout_G05,test
G05_R0065,G05,holdout_G05,test
G05_R0066,G05,holdout_G05,test
G05_R0067,G05,holdout_G05,test
G05_R0068,G05,holdout_G05,test
G05_R0069,G05,holdout_G05,test
G05_R0070,G05,holdout_G05,test
G05_R0071,G05,holdout_G05,test
G05_R0072,G05,holdout_G05,test
G05_R0073,G05,holdout_G05,test
G05_R0074,G05,holdout_G05,test
G05_R0075,G05,holdout_G05,test
G05_R0076,G05,holdout_G05,test
G05_R0077,G05,holdout_G05,test
G05_R0078,G05,holdout_G05,test
G05_R0079,G05,holdout_G05,test
G05_R0080,G05,holdout_G05,test
G05_R0081,G05,holdout_G05,test
G05_R0082,G05,holdout_G05,test
G05_R0083,G05,holdout_G05,test
G05_R0084,G05,holdout_G05,test
G05_R0085,G05,holdout_G05,test
G05_R0086,G05,holdout_G05,test
G05_R0087,G05,holdout_G05,test
G05_R0088,G05,holdout_G05,test
G05_R0089,G05,holdout_G05,test
G05_R0090,G05,holdout_G05,test
G05_R0091,G05,holdout_G05,test
G05_R0092,G05,holdout_G05,test
G05_R0093,G05,holdout_G05,test
G05_R0094,G05,holdout_G05,test
G05_R0095,G05,holdout_G05,test
G05_R0096,G05,holdout_G05,test
G05_R0097,G05,holdout_G05,test
G05_R0098,G05,holdout_G05,test
G05_R0099,G05,holdout_G05,test
G05_R0100,G05,holdout_G05,test
G05_R0101,G05,holdout_G05,test
G05_R0102,G05,holdout_G05,test
G05_R0103,G05,holdout_G05,test
G05_R0104,G05,holdout_G05,test
G05_R0105,G05,holdout_G05,test
G05_R0106,G05,holdout_G05,test
G05_R0107,G05,holdout_G05,test
G05_R0108,G05,holdout_G05,test
G05_R0109,G05,holdout_G05,test
G05_R0110,G05,holdout_G05,test
G05_R0111,G05,holdout_G05,test
G05_R0112,G05,holdout_G05,test
G05_R0113,G05,holdout_G05,test
G05_R0114,G05,holdout_G05,test
G05_R0115,G05,holdout_G05,test
G05_R0116,G05,holdout_G05,test
G05_R0117,G05,holdout_G05,test
G05_R0118,G05,holdout_G05,test
G05_R0119,G05,holdout_G05,test
G05_R0120,G05,holdout_G05,test
G05_R0121,G05,holdout_G05,test
G05_R0122,G05,holdout_G05,test
G05_R0123,G05,holdout_G05,test
G05_R0124,G05,holdout_G05,test
G05_R0125,G05,holdout_G05,test
G05_R0126,G05,holdout_G05,test
G05_R0127,G05,holdout_G05,test
G05_R0128,G05,holdout_G05,test
G05_R0129,G05,holdout_G05,test
G05_R0130,G05,holdout_G05,test
G05_R0131,G05,holdout_G05,test
G05_R0132,G05,holdout_G05,test
G05_R0133,G05,holdout_G05,test
G05_R0134,G05,holdout_G05,test
G05_R0135,G05,holdout_G05,test
G05_R0136,G05,holdout_G05,test
G05_R0137,G05,holdout_G05,test
G05_R0138,G05,holdout_G05,test
G05_R0139,G05,holdout_G05,test
G05_R0140,G05,holdout_G05,test
G05_R0141,G05,holdout_G05,test
G05_R0142,G05,holdout_G05,test
G05_R0143,G05,holdout_G05,test
G05_R0144,G05,holdout_G05,test
G05_R0145,G05,holdout_G05,test
G05_R0146,G05,holdout_G05,test
G05_R0147,G05,holdout_G05,test
G05_R0148,G05,holdout_G05,test
G05_R0149,G05,holdout_G05,test
G05_R0150,G05,holdout_G05,test
G05_R0151,G05,holdout_G05,test
G05_R0152,G05,holdout_G05,test
G05_R0153,G05,holdout_G05,test
G05_R0154,G05,holdout_G05,test
G05_R0155,G05,holdout_G05,test
G05_R0156,G05,holdout_G05,test
G05_R0157,G05,holdout_G05,test
G05_R0158,G05,holdout_G05,test
G05_R0159,G05,holdout_G05,test
G05_R0160,G05,holdout_G05,test
G05_R0161,G05,holdout_G05,test
G05_R0162,G05,holdout_G05,test
G05_R0163,G05,holdout_G05,test
G05_R0164,G05,holdout_G05,test
G05_R0165,G05,holdout_G05,test
G05_R0166,G05,holdout_G05,test
G05_R0167,G05,holdout_G05,test
G05_R0168,G05,holdout_G05,test
G05_R0169,G05,holdout_G05,test
G05_R0170,G05,holdout_G05,test
G05_R0171,G05,holdout_G05,test
G05_R0172,G05,holdout_G05,test
G05_R0173,G05,holdout_G05,test
G05_R0174,G05,holdout_G05,test
G05_R0175,G05,holdout_G05,test
G05_R0176,G05,holdout_G05,test
G05_R0177,G05,holdout_G05,test
G05_R0178,G05,holdout_G05,test
G05_R0179,G05,holdout_G05,test
G05_R0180,G05,holdout_G05,test
G05_R0181,G05,holdout_G05,test
G05_R0182,G05,holdout_G05,test
G05_R0183,G05,holdout_G05,test
G05_R0184,G05,holdout_G05,test
G05_R0185,G05,holdout_G05,test
G05_R0186,G05,holdout_G05,test
G05_R0187,G05,holdout_G05,test
G05_R0188,G05,holdout_G05,test
G05_R0189,G05,holdout_G05,test
G05_R0190,G05,holdout_G05,test
G05_R0191,G05,holdout_G05,test
G05_R0192,G05,holdout_G05,test
G05_R0193,G05,holdout_G05,test
G05_R0194,G05,holdout_G05,test
G05_R0195,G05,holdout_G05,test
G05_R0196,G05,holdout_G05,test
G05_R0197,G05,holdout_G05,test
G05_R0198,G05,holdout_G05,test
G05_R0199,G05,holdout_G05,test
G05_R0200,G05,holdout_G05,test
G05_R0201,G05,holdout_G05,test
G05_R0202,G05,holdout_G05,test
G05_R0203,G05,holdout_G05,test
G05_R0204,G05,holdout_G05,test
G05_R0205,G05,holdout_G05,test
G05_R0206,G05,holdout_G05,test
G05_R0207,G05,holdout_G05,test
G05_R0208,G05,holdout_G05,test
G05_R0209,G05,holdout_G05,test
G05_R0210,G05,holdout_G05,test
G05_R0211,G05,holdout_G05,test
G05_R0212,G05,holdout_G05,test
G05_R0213,G05,holdout_G05,test
G05_R0214,G05,holdout_G05,test
G05_R0215,G05,holdout_G05,test
G05_R0216,G05,holdout_G05,test
G05_R0217,G05,holdout_G05,test
G05_R0218,G05,holdout_G05,test
G05_R0219,G05,holdout_G05,test
G05_R0220,G05,holdout_G05,test
G05_R0221,G05,holdout_G05,test
G05_R0222,G05,holdout_G05,test
G05_R0223,G05,holdout_G05,test
G05_R0224,G05,holdout_G05,test
G05_R0225,G05,holdout_G05,test
G05_R0226,G05,holdout_G05,test
G05_R0227,G05,holdout_G05,test
G05_R0228,G05,holdout_G05,test
G05_R0229,G05,holdout_G05,test
G05_R0230,G05,holdout_G05,test
G05_R0231,G05,holdout_G05,test
G05_R0232,G05,holdout_G05,test
G05_R0233,G05,holdout_G05,test
G05_R0234,G05,holdout_G05,test
G05_R0235,G05,holdout_G05,test
G05_R0236,G05,holdout_G05,test
G05_R0237,G05,holdout_G05,test
G05_R0238,G05,holdout_G05,test
G05_R0239,G05,holdout_G05,test
G05_R0240,G05,holdout_G05,test
G05_R0241,G05,holdout_G05,test
G05_R0242,G05,holdout_G05,test
G05_R0243,G05,holdout_G05,test
G05_R0244,G05,holdout_G05,test
G05_R0245,G05,holdout_G05,test
G05_R0246,G05,holdout_G05,test
G05_R0247,G05,holdout_G05,test
G05_R0248,G05,holdout_G05,test
G05_R0249,G05,holdout_G05,test
G05_R0250,G05,holdout_G05,test
G05_R0251,G05,holdout_G05,test
G05_R0252,G05,holdout_G05,test
G05_R0253,G05,holdout_G05,test
G05_R0254,G05,holdout_G05,test
G05_R0255,G05,holdout_G05,test
G05_R0256,G05,holdout_G05,test
G05_R0257,G05,holdout_G05,test
G05_R0258,G05,holdout_G05,test
G05_R0259,G05,holdout_G05,test
G05_R0260,G05,holdout_G05,test
G05_R0261,G05,holdout_G05,test
G05_R0262,G05,holdout_G05,test
G05_R0263,G05,holdout_G05,test
G05_R0264,G05,holdout_G05,test
G05_R0265,G05,holdout_G05,test
G05_R0266,G05,holdout_G05,test
G05_R0267,G05,holdout_G05,test
G05_R0268,G05,holdout_G05,test
G05_R0269,G05,holdout_G05,test
G05_R0270,G05,holdout_G05,test
G05_R0271,G05,holdout_G05,test
G05_R0272,G05,holdout_G05,test
G05_R0273,G05,holdout_G05,test
G05_R0274,G05,holdout_G05,test
G05_R0275,G05,holdout_G05,test
G05_R0276,G05,holdout_G05,test
G05_R0277,G05,holdout_G05,test
G05_R0278,G05,holdout_G05,test
G05_R0279,G05,holdout_G05,test
G05_R0280,G05,holdout_G05,test
G05_R0281,G05,holdout_G05,test
G05_R0282,G05,holdout_G05,test
G05_R0283,G05,holdout_G05,test
G05_R0284,G05,holdout_G05,test
G05_R0285,G05,holdout_G05,test
G05_R0286,G05,holdout_G05,test
G05_R0287,G05,holdout_G05,test
G05_R0288,G05,holdout_G05,test
G05_R0289,G05,holdout_G05,test
G05_R0290,G05,holdout_G05,test
G05_R0291,G05,holdout_G05,test
G05_R0292,G05,holdout_G05,test
G05_R0293,G05,holdout_G05,test
G05_R0294,G05,holdout_G05,test
G05_R0295,G05,holdout_G05,test
G05_R0296,G05,holdout_G05,test
G05_R0297,G05,holdout_G05,test
G05_R0298,G05,holdout_G05,test
G05_R0299,G05,holdout_G05,test
G05_R0300,G05,holdout_G05,test
G05_R0301,G05,holdout_G05,test
G05_R0302,G05,holdout_G05,test
G05_R0303,G05,holdout_G05,test
G05_R0304,G05,holdout_G05,test
G05_R0305,G05,holdout_G05,test
G05_R0306,G05,holdout_G05,test
G05_R0307,G05,holdout_G05,test
G05_R0308,G05,holdout_G05,test
G05_R0309,G05,holdout_G05,test
G05_R0310,G05,holdout_G05,test
G05_R0311,G05,holdout_G05,test
G05_R0312,G05,holdout_G05,test
G05_R0313,G05,holdout_G05,test
G05_R0314,G05,holdout_G05,test
G05_R0315,G05,holdout_G05,test
G05_R0316,G05,holdout_G05,test
G05_R0317,G05,holdout_G05,test
G05_R0318,G05,holdout_G05,test
G05_R0319,G05,holdout_G05,test
G05_R0320,G05,holdout_G05,test
G05_R0321,G05,holdout_G05,test
G05_R0322,G05,holdout_G05,test
G05_R0323,G05,holdout_G05,test
G05_R0324,G05,holdout_G05,test
G05_R0325,G05,holdout_G05,test
G05_R0326,G05,holdout_G05,test
G05_R0327,G05,holdout_G05,test
G05_R0328,G05,holdout_G05,test
G05_R0329,G05,holdout_G05,test
G05_R0330,G05,holdout_G05,test
G05_R0331,G05,holdout_G05,test
G05_R0332,G05,holdout_G05,test
G05_R0333,G05,holdout_G05,test
G05_R0334,G05,holdout_G05,test
G05_R0335,G05,holdout_G05,test
G05_R0336,G05,holdout_G05,test
G05_R0337,G05,holdout_G05,test
G05_R0338,G05,holdout_G05,test
G05_R0339,G05,holdout_G05,test
G05_R0340,G05,holdout_G05,test
G05_R0341,G05,holdout_G05,test
G05_R0342,G05,holdout_G05,test
G05_R0343,G05,holdout_G05,test
G05_R0344,G05,holdout_G05,test
G05_R0345,G05,holdout_G05,test
G05_R0346,G05,holdout_G05,test
G05_R0347,G05,holdout_G05,test
G05_R0348,G05,holdout_G05,test
G05_R0349,G05,holdout_G05,test
G05_R0350,G05,holdout_G05,test
G05_R0351,G05,holdout_G05,test
G05_R0352,G05,holdout_G05,test
G05_R0353,G05,holdout_G05,test
G05_R0354,G05,holdout_G05,test
G05_R0355,G05,holdout_G05,test
G05_R0356,G05,holdout_G05,test
G05_R0357,G05,holdout_G05,test
G05_R0358,G05,holdout_G05,test
G05_R0359,G05,holdout_G05,test
G05_R0360,G05,holdout_G05,test
G05_R0361,G05,holdout_G05,test
G05_R0362,G05,holdout_G05,test
G05_R0363,G05,holdout_G05,test
G05_R0364,G05,holdout_G05,test
G05_R0365,G05,holdout_G05,test
G05_R0366,G05,holdout_G05,test
G05_R0367,G05,holdout_G05,test
G05_R0368,G05,holdout_G05,test
G05_R0369,G05,holdout_G05,test
G05_R0370,G05,holdout_G05,test
G05_R0371,G05,holdout_G05,test
G05_R0372,G05,holdout_G05,test
G05_R0373,G05,holdout_G05,test
G05_R0374,G05,holdout_G05,test
G05_R0375,G05,holdout_G05,test
G05_R0376,G05,holdout_G05,test
G05_R0377,G05,holdout_G05,test
G05_R0378,G05,holdout_G05,test
G05_R0379,G05,holdout_G05,test
G05_R0380,G05,holdout_G05,test
G05_R0381,G05,holdout_G05,test
G05_R0382,G05,holdout_G05,test
G05_R0383,G05,holdout_G05,test
G05_R0384,G05,holdout_G05,test
G05_R0385,G05,holdout_G05,test
G05_R0386,G05,holdout_G05,test
G05_R0387,G05,holdout_G05,test
G05_R0388,G05,holdout_G05,test
G05_R0389,G05,holdout_G05,test
G05_R0390,G05,holdout_G05,test
G05_R0391,G05,holdout_G05,test
G05_R0392,G05,holdout_G05,test
G05_R0393,G05,holdout_G05,test
G05_R0394,G05,holdout_G05,test
G05_R0395,G05,holdout_G05,test
G05_R0396,G05,holdout_G05,test
G05_R0397,G05,holdout_G05,test
G05_R0398,G05,holdout_G05,test
G05_R0399,G05,holdout_G05,test
G05_R0400,G05,holdout_G05,test
G05_R0401,G05,holdout_G05,test
G05_R0402,G05,holdout_G05,test
G05_R0403,G05,holdout_G05,test
G05_R0404,G05,holdout_G05,test
G05_R0405,G05,holdout_G05,test
G05_R0406,G05,holdout_G05,test
G05_R0407,G05,holdout_G05,test
G05_R0408,G05,holdout_G05,test
G05_R0409,G05,holdout_G05,test
G05_R0410,G05,holdout_G05,test
G05_R0411,G05,holdout_G05,test
G05_R0412,G05,holdout_G05,test
G05_R0413,G05,holdout_G05,test
G05_R0414,G05,holdout_G05,test
G05_R0415,G05,holdout_G05,test
G05_R0416,G05,holdout_G05,test
G05_R0417,G05,holdout_G05,test
G05_R0418,G05,holdout_G05,test
G05_R0419,G05,holdout_G05,test
G05_R0420,G05,holdout_G05,test
G05_R0421,G05,holdout_G05,test
G05_R0422,G05,holdout_G05,test
G05_R0423,G05,holdout_G05,test
G05_R0424,G05,holdout_G05,test
G05_R0425,G05,holdout_G05,test
G05_R0426,G05,holdout_G05,test
G05_R0427,G05,holdout_G05,test
G05_R0428,G05,holdout_G05,test
G05_R0429,G05,holdout_G05,test
G05_R0430,G05,holdout_G05,test
G05_R0431,G05,holdout_G05,test
G05_R0432,G05,holdout_G05,test
G05_R0433,G05,holdout_G05,test
G05_R0434,G05,holdout_G05,test
G05_R0435,G05,holdout_G05,test
G05_R0436,G05,holdout_G05,test
G05_R0437,G05,holdout_G05,test
G05_R0438,G05,holdout_G05,test
G05_R0439,G05,holdout_G05,test
G05_R0440,G05,holdout_G05,test
G05_R0441,G05,holdout_G05,test
G05_R0442,G05,holdout_G05,test
G05_R0443,G05,holdout_G05,test
G05_R0444,G05,holdout_G05,test
G05_R0445,G05,holdout_G05,test
G05_R0446,G05,holdout_G05,test
G05_R0447,G05,holdout_G05,test
G05_R0448,G05,holdout_G05,test
G05_R0449,G05,holdout_G05,test
G05_R0450,G05,holdout_G05,test
G05_R0451,G05,holdout_G05,test
G05_R0452,G05,holdout_G05,test
G05_R0453,G05,holdout_G05,test
G05_R0454,G05,holdout_G05,test
G05_R0455,G05,holdout_G05,test
G05_R0456,G05,holdout_G05,test
G05_R0457,G05,holdout_G05,test
G05_R0458,G05,holdout_G05,test
G05_R0459,G05,holdout_G05,test
G05_R0460,G05,holdout_G05,test
G05_R0461,G05,holdout_G05,test
G05_R0462,G05,holdout_G05,test
G05_R0463,G05,holdout_G05,test
G05_R0464,G05,holdout_G05,test
G05_R0465,G05,holdout_G05,test
G05_R0466,G05,holdout_G05,test
G05_R0467,G05,holdout_G05,test
G05_R0468,G05,holdout_G05,test
G05_R0469,G05,holdout_G05,test
G05_R0470,G05,holdout_G05,test
G05_R0471,G05,holdout_G05,test
G05_R0472,G05,holdout_G05,test
G05_R0473,G05,holdout_G05,test
G05_R0474,G05,holdout_G05,test
G05_R0475,G05,holdout_G05,test
G05_R0476,G05,holdout_G05,test
G05_R0477,G05,holdout_G05,test
G05_R0478,G05,holdout_G05,test
G05_R0479,G05,holdout_G05,test
G05_R0480,G05,holdout_G05,test
G05_R0481,G05,holdout_G05,test
G05_R0482,G05,holdout_G05,test
G05_R0483,G05,holdout_G05,test
G05_R0484,G05,holdout_G05,test
G05_R0485,G05,holdout_G05,test
G05_R0486,G05,holdout_G05,test
G05_R0487,G05,holdout_G05,test
G05_R0488,G05,holdout_G05,test
G05_R0489,G05,holdout_G05,test
G05_R0490,G05,holdout_G05,test
G05_R0491,G05,holdout_G05,test
G05_R0492,G05,holdout_G05,test
G05_R0493,G05,holdout_G05,test
G05_R0494,G05,holdout_G05,test
G05_R0495,G05,holdout_G05,test
G05_R0496,G05,holdout_G05,test
G05_R0497,G05,holdout_G05,test
G05_R0498,G05,holdout_G05,test
G05_R0499,G05,holdout_G05,test
G05_R0500,G05,holdout_G05,test
G05_R0501,G05,holdout_G05,test
G05_R0502,G05,holdout_G05,test
G05_R0503,G05,holdout_G05,test
G05_R0504,G05,holdout_G05,test
G05_R0505,G05,holdout_G05,test
G05_R0506,G05,holdout_G05,test
G05_R0507,G05,holdout_G05,test
G05_R0508,G05,holdout_G05,test
G05_R0509,G05,holdout_G05,test
G05_R0510,G05,holdout_G05,test
G05_R0511,G05,holdout_G05,test
G05_R0512,G05,holdout_G05,test
G05_R0513,G05,holdout_G05,test
G05_R0514,G05,holdout_G05,test
G05_R0515,G05,holdout_G05,test
G05_R0516,G05,holdout_G05,test
G05_R0517,G05,holdout_G05,test
G05_R0518,G05,holdout_G05,test
G05_R0519,G05,holdout_G05,test
G05_R0520,G05,holdout_G05,test
G05_R0521,G05,holdout_G05,test
G05_R0522,G05,holdout_G05,test
G05_R0523,G05,holdout_G05,test
G05_R0524,G05,holdout_G05,test
G05_R0525,G05,holdout_G05,test
G05_R0526,G05,holdout_G05,test
G05_R0527,G05,holdout_G05,test
G05_R0528,G05,holdout_G05,test
G05_R0529,G05,holdout_G05,test
G05_R0530,G05,holdout_G05,test
G05_R0531,G05,holdout_G05,test
G05_R0532,G05,holdout_G05,test
G05_R0533,G05,holdout_G05,test
G05_R0534,G05,holdout_G05,test
G05_R0535,G05,holdout_G05,test
G05_R0536,G05,holdout_G05,test
G05_R0537,G05,holdout_G05,test
G05_R0538,G05,holdout_G05,test
G05_R0539,G05,holdout_G05,test
G05_R0540,G05,holdout_G05,test
G05_R0541,G05,holdout_G05,test
G05_R0542,G05,holdout_G05,test
G05_R0543,G05,holdout_G05,test
G05_R0544,G05,holdout_G05,test
G05_R0545,G05,holdout_G05,test
G05_R0546,G05,holdout_G05,test
G05_R0547,G05,holdout_G05,test
G05_R0548,G05,holdout_G05,test
G05_R0549,G05,holdout_G05,test
G05_R0550,G05,holdout_G05,test
G05_R0551,G05,holdout_G05,test
G05_R0552,G05,holdout_G05,test
G05_R0553,G05,holdout_G05,test
G05_R0554,G05,holdout_G05,test
G05_R0555,G05,holdout_G05,test
G05_R0556,G05,holdout_G05,test
G05_R0557,G05,holdout_G05,test
G05_R0558,G05,holdout_G05,test
G05_R0559,G05,holdout_G05,test
G05_R0560,G05,holdout_G05,test
G05_R0561,G05,holdout_G05,test
G05_R0562,G05,holdout_G05,test
G05_R0563,G05,holdout_G05,test
G05_R0564,G05,holdout_G05,test
G05_R0565,G05,holdout_G05,test
G05_R0566,G05,holdout_G05,test
G05_R0567,G05,holdout_G05,test
G05_R0568,G05,holdout_G05,test
G05_R0569,G05,holdout_G05,test
G05_R0570,G05,holdout_G05,test
G05_R0571,G05,holdout_G05,test
G05_R0572,G05,holdout_G05,test
G05_R0573,G05,holdout_G05,test
G05_R0574,G05,holdout_G05,test
G05_R0575,G05,holdout_G05,test
G05_R0576,G05,holdout_G05,test
G05_R0577,G05,holdout_G05,test
G05_R0578,G05,holdout_G05,test
G05_R0579,G05,holdout_G05,test
G05_R0580,G05,holdout_G05,test
G05_R0581,G05,holdout_G05,test
G05_R0582,G05,holdout_G05,test
G05_R0583,G05,holdout_G05,test
G05_R0584,G05,holdout_G05,test
G05_R0585,G05,holdout_G05,test
G05_R0586,G05,holdout_G05,test
G05_R0587,G05,holdout_G05,test
G05_R0588,G05,holdout_G05,test
G05_R0589,G05,holdout_G05,test
G05_R0590,G05,holdout_G05,test
G05_R0591,G05,holdout_G05,test
G05_R0592,G05,holdout_G05,test
G05_R0593,G05,holdout_G05,test
G05_R0594,G05,holdout_G05,test
G05_R0595,G05,holdout_G05,test
G05_R0596,G05,holdout_G05,test
G05_R0597,G05,holdout_G05,test
G05_R0598,G05,holdout_G05,test
G05_R0599,G05,holdout_G05,test
G05_R0600,G05,holdout_G05,test
G05_R0601,G05,holdout_G05,test
G05_R0602,G05,holdout_G05,test
G05_R0603,G05,holdout_G05,test
G05_R0604,G05,holdout_G05,test
G05_R0605,G05,holdout_G05,test
G05_R0606,G05,holdout_G05,test
G05_R0607,G05,holdout_G05,test
G05_R0608,G05,holdout_G05,test
G05_R0609,G05,holdout_G05,test
G05_R0610,G05,holdout_G05,test
G05_R0611,G05,holdout_G05,test
G05_R0612,G05,holdout_G05,test
G05_R0613,G05,holdout_G05,test
G05_R0614,G05,holdout_G05,test
G05_R0615,G05,holdout_G05,test
G05_R0616,G05,holdout_G05,test
G05_R0617,G05,holdout_G05,test
G05_R0618,G05,holdout_G05,test
G05_R0619,G05,holdout_G05,test
G05_R0620,G05,holdout_G05,test
G05_R0621,G05,holdout_G05,test
G05_R0622,G05,holdout_G05,test
G05_R0623,G05,holdout_G05,test
G05_R0624,G05,holdout_G05,test
G05_R0625,G05,holdout_G05,test
G05_R0626,G05,holdout_G05,test
G05_R0627,G05,holdout_G05,test
G05_R0628,G05,holdout_G05,test
G05_R0629,G05,holdout_G05,test
G05_R0630,G05,holdout_G05,test
G05_R0631,G05,holdout_G05,test
G05_R0632,G05,holdout_G05,test
G05_R0633,G05,holdout_G05,test
G05_R0634,G05,holdout_G05,test
G05_R0635,G05,holdout_G05,test
G05_R0636,G05,holdout_G05,test
G05_R0637,G05,holdout_G05,test
G05_R0638,G05,holdout_G05,test
G05_R0639,G05,holdout_G05,test
G05_R0640,G05,holdout_G05,test
G05_R0641,G05,holdout_G05,test
G05_R0642,G05,holdout_G05,test
G05_R0643,G05,holdout_G05,test
G05_R0644,G05,holdout_G05,test
G05_R0645,G05,holdout_G05,test
G05_R0646,G05,holdout_G05,test
G05_R0647,G05,holdout_G05,test
G05_R0648,G05,holdout_G05,test
G05_R0649,G05,holdout_G05,test
G05_R0650,G05,holdout_G05,test
G05_R0651,G05,holdout_G05,test
G05_R0652,G05,holdout_G05,test
G05_R0653,G05,holdout_G05,test
G05_R0654,G05,holdout_G05,test
G05_R0655,G05,holdout_G05,test
G05_R0656,G05,holdout_G05,test
G05_R0657,G05,holdout_G05,test
G05_R0658,G05,holdout_G05,test
G05_R0659,G05,holdout_G05,test
G05_R0660,G05,holdout_G05,test
G05_R0661,G05,holdout_G05,test
G05_R0662,G05,holdout_G05,test
G05_R0663,G05,holdout_G05,test
G05_R0664,G05,holdout_G05,test
G05_R0665,G05,holdout_G05,test
G05_R0666,G05,holdout_G05,test
G05_R0667,G05,holdout_G05,test
G05_R0668,G05,holdout_G05,test
G05_R0669,G05,holdout_G05,test
G05_R0670,G05,holdout_G05,test
G05_R0671,G05,holdout_G05,test
G05_R0672,G05,holdout_G05,test
G05_R0673,G05,holdout_G05,test
G05_R0674,G05,holdout_G05,test
G05_R0675,G05,holdout_G05,test
G05_R0676,G05,holdout_G05,test
G05_R0677,G05,holdout_G05,test
G05_R0678,G05,holdout_G05,test
G05_R0679,G05,holdout_G05,test
G05_R0680,G05,holdout_G05,test
G05_R0681,G05,holdout_G05,test
G05_R0682,G05,holdout_G05,test
G05_R0683,G05,holdout_G05,test
G05_R0684,G05,holdout_G05,test
G05_R0685,G05,holdout_G05,test
G05_R0686,G05,holdout_G05,test
G05_R0687,G05,holdout_G05,test
G05_R0688,G05,holdout_G05,test
G05_R0689,G05,holdout_G05,test
G05_R0690,G05,holdout_G05,test
G05_R0691,G05,holdout_G05,test
G05_R0692,G05,holdout_G05,test
G05_R0693,G05,holdout_G05,test
G05_R0694,G05,holdout_G05,test
G05_R0695,G05,holdout_G05,test
G05_R0696,G05,holdout_G05,test
G05_R0697,G05,holdout_G05,test
G05_R0698,G05,holdout_G05,test
G05_R0699,G05,holdout_G05,test
G05_R0700,G05,holdout_G05,test
G05_R0701,G05,holdout_G05,test
G05_R0702,G05,holdout_G05,test
G05_R0703,G05,holdout_G05,test
G05_R0704,G05,holdout_G05,test
G05_R0705,G05,holdout_G05,test
G05_R0706,G05,holdout_G05,test
G05_R0707,G05,holdout_G05,test
G05_R0708,G05,holdout_G05,test
G05_R0709,G05,holdout_G05,test
G05_R0710,G05,holdout_G05,test
G05_R0711,G05,holdout_G05,test
G05_R0712,G05,holdout_G05,test
G05_R0713,G05,holdout_G05,test
G05_R0714,G05,holdout_G05,test
G05_R0715,G05,holdout_G05,test
G05_R0716,G05,holdout_G05,test
G05_R0717,G05,holdout_G05,test
G05_R0718,G05,holdout_G05,test
G05_R0719,G05,holdout_G05,test
G05_R0720,G05,holdout_G05,test
G05_R0721,G05,holdout_G05,test
G05_R0722,G05,holdout_G05,test
G05_R0723,G05,holdout_G05,test
G05_R0724,G05,holdout_G05,test
G05_R0725,G05,holdout_G05,test
G05_R0726,G05,holdout_G05,test
G05_R0727,G05,holdout_G05,test
G05_R0728,G05,holdout_G05,test
G05_R0729,G05,holdout_G05,test
G05_R0730,G05,holdout_G05,test
G05_R0731,G05,holdout_G05,test
G05_R0732,G05,holdout_G05,test
G05_R0733,G05,holdout_G05,test
G05_R0734,G05,holdout_G05,test
G05_R0735,G05,holdout_G05,test
G05_R0736,G05,holdout_G05,test
G05_R0737,G05,holdout_G05,test
G05_R0738,G05,holdout_G05,test
G05_R0739,G05,holdout_G05,test
G05_R0740,G05,holdout_G05,test
G05_R0741,G05,holdout_G05,test
G05_R0742,G05,holdout_G05,test
G05_R0743,G05,holdout_G05,test
G05_R0744,G05,holdout_G05,test
G05_R0745,G05,holdout_G05,test
G05_R0746,G05,holdout_G05,test
G05_R0747,G05,holdout_G05,test
G05_R0748,G05,holdout_G05,test
G05_R0749,G05,holdout_G05,test
G05_R0750,G05,holdout_G05,test
G05_R0751,G05,holdout_G05,test
G05_R0752,G05,holdout_G05,test
G05_R0753,G05,holdout_G05,test
G05_R0754,G05,holdout_G05,test
G05_R0755,G05,holdout_G05,test
G05_R0756,G05,holdout_G05,test
G05_R0757,G05,holdout_G05,test
G05_R0758,G05,holdout_G05,test
G05_R0759,G05,holdout_G05,test
G05_R0760,G05,holdout_G05,test
G05_R0761,G05,holdout_G05,test
G05_R0762,G05,holdout_G05,test
G05_R0763,G05,holdout_G05,test
G05_R0764,G05,holdout_G05,test
G05_R0765,G05,holdout_G05,test
G05_R0766,G05,holdout_G05,test
G05_R0767,G05,holdout_G05,test
G05_R0768,G05,holdout_G05,test
G06_R0001,G06,holdout_G05,train
G06_R0002,G06,holdout_G05,train
G06_R0003,G06,holdout_G05,train
G06_R0004,G06,holdout_G05,train
G06_R0005,G06,holdout_G05,train
G06_R0006,G06,holdout_G05,train
G06_R0007,G06,holdout_G05,train
G06_R0008,G06,holdout_G05,train
G06_R0009,G06,holdout_G05,train
G06_R0010,G06,holdout_G05,train
G06_R0011,G06,holdout_G05,train
G06_R0012,G06,holdout_G05,train
G06_R0013,G06,holdout_G05,train
G06_R0014,G06,holdout_G05,train
G06_R0015,G06,holdout_G05,train
G06_R0016,G06,holdout_G05,train
G06_R0017,G06,holdout_G05,train
G06_R0018,G06,holdout_G05,train
G06_R0019,G06,holdout_G05,train
G06_R0020,G06,holdout_G05,train
G06_R0021,G06,holdout_G05,train
G06_R0022,G06,holdout_G05,train
G06_R0023,G06,holdout_G05,train
G06_R0024,G06,holdout_G05,train
G06_R0025,G06,holdout_G05,train
G06_R0026,G06,holdout_G05,train
G06_R0027,G06,holdout_G05,train
G06_R0028,G06,holdout_G05,train
G06_R0029,G06,holdout_G05,train
G06_R0030,G06,holdout_G05,train
G06_R0031,G06,holdout_G05,train
G06_R0032,G06,holdout_G05,train
G06_R0033,G06,holdout_G05,train
G06_R0034,G06,holdout_G05,train
G06_R0035,G06,holdout_G05,train
G06_R0036,G06,holdout_G05,train
G06_R0037,G06,holdout_G05,train
G06_R0038,G06,holdout_G05,train
G06_R0039,G06,holdout_G05,train
G06_R0040,G06,holdout_G05,train
G06_R0041,G06,holdout_G05,train
G06_R0042,G06,holdout_G05,train
G06_R0043,G06,holdout_G05,train
G06_R0044,G06,holdout_G05,train
G06_R0045,G06,holdout_G05,train
G06_R0046,G06,holdout_G05,train
G06_R0047,G06,holdout_G05,train
G06_R0048,G06,holdout_G05,train
G06_R0049,G06,holdout_G05,train
G06_R0050,G06,holdout_G05,train
G06_R0051,G06,holdout_G05,train
G06_R0052,G06,holdout_G05,train
G06_R0053,G06,holdout_G05,train
G06_R0054,G06,holdout_G05,train
G06_R0055,G06,holdout_G05,train
G06_R0056,G06,holdout_G05,train
G06_R0057,G06,holdout_G05,train
G06_R0058,G06,holdout_G05,train
G06_R0059,G06,holdout_G05,train
G06_R0060,G06,holdout_G05,train
G06_R0061,G06,holdout_G05,train
G06_R0062,G06,holdout_G05,train
G06_R0063,G06,holdout_G05,train
G06_R0064,G06,holdout_G05,train
G06_R0065,G06,holdout_G05,train
G06_R0066,G06,holdout_G05,train
G06_R0067,G06,holdout_G05,train
G06_R0068,G06,holdout_G05,train
G06_R0069,G06,holdout_G05,train
G06_R0070,G06,holdout_G05,train
G06_R0071,G06,holdout_G05,train
G06_R0072,G06,holdout_G05,train
G06_R0073,G06,holdout_G05,train
G06_R0074,G06,holdout_G05,train
G06_R0075,G06,holdout_G05,train
G06_R0076,G06,holdout_G05,train
G06_R0077,G06,holdout_G05,train
G06_R0078,G06,holdout_G05,train
G06_R0079,G06,holdout_G05,train
G06_R0080,G06,holdout_G05,train
G06_R0081,G06,holdout_G05,train
G06_R0082,G06,holdout_G05,train
G06_R0083,G06,holdout_G05,train
G06_R0084,G06,holdout_G05,train
G06_R0085,G06,holdout_G05,train
G06_R0086,G06,holdout_G05,train
G06_R0087,G06,holdout_G05,train
G06_R0088,G06,holdout_G05,train
G06_R0089,G06,holdout_G05,train
G06_R0090,G06,holdout_G05,train
G06_R0091,G06,holdout_G05,train
G06_R0092,G06,holdout_G05,train
G06_R0093,G06,holdout_G05,train
G06_R0094,G06,holdout_G05,train
G06_R0095,G06,holdout_G05,train
G06_R0096,G06,holdout_G05,train
G06_R0097,G06,holdout_G05,train
G06_R0098,G06,holdout_G05,train
G06_R0099,G06,holdout_G05,train
G06_R0100,G06,holdout_G05,train
G06_R0101,G06,holdout_G05,train
G06_R0102,G06,holdout_G05,train
G06_R0103,G06,holdout_G05,train
G06_R0104,G06,holdout_G05,train
G06_R0105,G06,holdout_G05,train
G06_R0106,G06,holdout_G05,train
G06_R0107,G06,holdout_G05,train
G06_R0108,G06,holdout_G05,train
G06_R0109,G06,holdout_G05,train
G06_R0110,G06,holdout_G05,train
G06_R0111,G06,holdout_G05,train
G06_R0112,G06,holdout_G05,train
G06_R0113,G06,holdout_G05,train
G06_R0114,G06,holdout_G05,train
G06_R0115,G06,holdout_G05,train
G06_R0116,G06,holdout_G05,train
G06_R0117,G06,holdout_G05,train
G06_R0118,G06,holdout_G05,train
G06_R0119,G06,holdout_G05,train
G06_R0120,G06,holdout_G05,train
G06_R0121,G06,holdout_G05,train
G06_R0122,G06,holdout_G05,train
G06_R0123,G06,holdout_G05,train
G06_R0124,G06,holdout_G05,train
G06_R0125,G06,holdout_G05,train
G06_R0126,G06,holdout_G05,train
G06_R0127,G06,holdout_G05,train
G06_R0128,G06,holdout_G05,train
G06_R0129,G06,holdout_G05,train
G06_R0130,G06,holdout_G05,train
G06_R0131,G06,holdout_G05,train
G06_R0132,G06,holdout_G05,train
G06_R0133,G06,holdout_G05,train
G06_R0134,G06,holdout_G05,train
G06_R0135,G06,holdout_G05,train
G06_R0136,G06,holdout_G05,train
G06_R0137,G06,holdout_G05,train
G06_R0138,G06,holdout_G05,train
G06_R0139,G06,holdout_G05,train
G06_R0140,G06,holdout_G05,train
G06_R0141,G06,holdout_G05,train
G06_R0142,G06,holdout_G05,train
G06_R0143,G06,holdout_G05,train
G06_R0144,G06,holdout_G05,train
G06_R0145,G06,holdout_G05,train
G06_R0146,G06,holdout_G05,train
G06_R0147,G06,holdout_G05,train
G06_R0148,G06,holdout_G05,train
G06_R0149,G06,holdout_G05,train
G06_R0150,G06,holdout_G05,train
G06_R0151,G06,holdout_G05,train
G06_R0152,G06,holdout_G05,train
G06_R0153,G06,holdout_G05,train
G06_R0154,G06,holdout_G05,train
G06_R0155,G06,holdout_G05,train
G06_R0156,G06,holdout_G05,train
G06_R0157,G06,holdout_G05,train
G06_R0158,G06,holdout_G05,train
G06_R0159,G06,holdout_G05,train
G06_R0160,G06,holdout_G05,train
G06_R0161,G06,holdout_G05,train
G06_R0162,G06,holdout_G05,train
G06_R0163,G06,holdout_G05,train
G06_R0164,G06,holdout_G05,train
G06_R0165,G06,holdout_G05,train
G06_R0166,G06,holdout_G05,train
G06_R0167,G06,holdout_G05,train
G06_R0168,G06,holdout_G05,train
G06_R0169,G06,holdout_G05,train
G06_R0170,G06,holdout_G05,train
G06_R0171,G06,holdout_G05,train
G06_R0172,G06,holdout_G05,train
G06_R0173,G06,holdout_G05,train
G06_R0174,G06,holdout_G05,train
G06_R0175,G06,holdout_G05,train
G06_R0176,G06,holdout_G05,train
G06_R0177,G06,holdout_G05,train
G06_R0178,G06,holdout_G05,train
G06_R0179,G06,holdout_G05,train
G06_R0180,G06,holdout_G05,train
G06_R0181,G06,holdout_G05,train
G06_R0182,G06,holdout_G05,train
G06_R0183,G06,holdout_G05,train
G06_R0184,G06,holdout_G05,train
G06_R0185,G06,holdout_G05,train
G06_R0186,G06,holdout_G05,train
G06_R0187,G06,holdout_G05,train
G06_R0188,G06,holdout_G05,train
G06_R0189,G06,holdout_G05,train
G06_R0190,G06,holdout_G05,train
G06_R0191,G06,holdout_G05,train
G06_R0192,G06,holdout_G05,train
G06_R0193,G06,holdout_G05,train
G06_R0194,G06,holdout_G05,train
G06_R0195,G06,holdout_G05,train
G06_R0196,G06,holdout_G05,train
G06_R0197,G06,holdout_G05,train
G06_R0198,G06,holdout_G05,train
G06_R0199,G06,holdout_G05,train
G06_R0200,G06,holdout_G05,train
G06_R0201,G06,holdout_G05,train
G06_R0202,G06,holdout_G05,train
G06_R0203,G06,holdout_G05,train
G06_R0204,G06,holdout_G05,train
G06_R0205,G06,holdout_G05,train
G06_R0206,G06,holdout_G05,train
G06_R0207,G06,holdout_G05,train
G06_R0208,G06,holdout_G05,train
G06_R0209,G06,holdout_G05,train
G06_R0210,G06,holdout_G05,train
G06_R0211,G06,holdout_G05,train
G06_R0212,G06,holdout_G05,train
G06_R0213,G06,holdout_G05,train
G06_R0214,G06,holdout_G05,train
G06_R0215,G06,holdout_G05,train
G06_R0216,G06,holdout_G05,train
G06_R0217,G06,holdout_G05,train
G06_R0218,G06,holdout_G05,train
G06_R0219,G06,holdout_G05,train
G06_R0220,G06,holdout_G05,train
G06_R0221,G06,holdout_G05,train
G06_R0222,G06,holdout_G05,train
G06_R0223,G06,holdout_G05,train
G06_R0224,G06,holdout_G05,train
G06_R0225,G06,holdout_G05,train
G06_R0226,G06,holdout_G05,train
G06_R0227,G06,holdout_G05,train
G06_R0228,G06,holdout_G05,train
G06_R0229,G06,holdout_G05,train
G06_R0230,G06,holdout_G05,train
G06_R0231,G06,holdout_G05,train
G06_R0232,G06,holdout_G05,train
G06_R0233,G06,holdout_G05,train
G06_R0234,G06,holdout_G05,train
G06_R0235,G06,holdout_G05,train
G06_R0236,G06,holdout_G05,train
G06_R0237,G06,holdout_G05,train
G06_R0238,G06,holdout_G05,train
G06_R0239,G06,holdout_G05,train
G06_R0240,G06,holdout_G05,train
G06_R0241,G06,holdout_G05,train
G06_R0242,G06,holdout_G05,train
G06_R0243,G06,holdout_G05,train
G06_R0244,G06,holdout_G05,train
G06_R0245,G06,holdout_G05,train
G06_R0246,G06,holdout_G05,train
G06_R0247,G06,holdout_G05,train
G06_R0248,G06,holdout_G05,train
G06_R0249,G06,holdout_G05,train
G06_R0250,G06,holdout_G05,train
G06_R0251,G06,holdout_G05,train
G06_R0252,G06,holdout_G05,train
G06_R0253,G06,holdout_G05,train
G06_R0254,G06,holdout_G05,train
G06_R0255,G06,holdout_G05,train
G06_R0256,G06,holdout_G05,train
G06_R0257,G06,holdout_G05,train
G06_R0258,G06,holdout_G05,train
G06_R0259,G06,holdout_G05,train
G06_R0260,G06,holdout_G05,train
G06_R0261,G06,holdout_G05,train
G06_R0262,G06,holdout_G05,train
G06_R0263,G06,holdout_G05,train
G06_R0264,G06,holdout_G05,train
G06_R0265,G06,holdout_G05,train
G06_R0266,G06,holdout_G05,train
G06_R0267,G06,holdout_G05,train
G06_R0268,G06,holdout_G05,train
G06_R0269,G06,holdout_G05,train
G06_R0270,G06,holdout_G05,train
G06_R0271,G06,holdout_G05,train
G06_R0272,G06,holdout_G05,train
G06_R0273,G06,holdout_G05,train
G06_R0274,G06,holdout_G05,train
G06_R0275,G06,holdout_G05,train
G06_R0276,G06,holdout_G05,train
G06_R0277,G06,holdout_G05,train
G06_R0278,G06,holdout_G05,train
G06_R0279,G06,holdout_G05,train
G06_R0280,G06,holdout_G05,train
G06_R0281,G06,holdout_G05,train
G06_R0282,G06,holdout_G05,train
G06_R0283,G06,holdout_G05,train
G06_R0284,G06,holdout_G05,train
G06_R0285,G06,holdout_G05,train
G06_R0286,G06,holdout_G05,train
G06_R0287,G06,holdout_G05,train
G06_R0288,G06,holdout_G05,train
G06_R0289,G06,holdout_G05,train
G06_R0290,G06,holdout_G05,train
G06_R0291,G06,holdout_G05,train
G06_R0292,G06,holdout_G05,train
G06_R0293,G06,holdout_G05,train
G06_R0294,G06,holdout_G05,train
G06_R0295,G06,holdout_G05,train
G06_R0296,G06,holdout_G05,train
G06_R0297,G06,holdout_G05,train
G06_R0298,G06,holdout_G05,train
G06_R0299,G06,holdout_G05,train
G06_R0300,G06,holdout_G05,train
G06_R0301,G06,holdout_G05,train
G06_R0302,G06,holdout_G05,train
G06_R0303,G06,holdout_G05,train
G06_R0304,G06,holdout_G05,train
G06_R0305,G06,holdout_G05,train
G06_R0306,G06,holdout_G05,train
G06_R0307,G06,holdout_G05,train
G06_R0308,G06,holdout_G05,train
G06_R0309,G06,holdout_G05,train
G06_R0310,G06,holdout_G05,train
G06_R0311,G06,holdout_G05,train
G06_R0312,G06,holdout_G05,train
G06_R0313,G06,holdout_G05,train
G06_R0314,G06,holdout_G05,train
G06_R0315,G06,holdout_G05,train
G06_R0316,G06,holdout_G05,train
G06_R0317,G06,holdout_G05,train
G06_R0318,G06,holdout_G05,train
G06_R0319,G06,holdout_G05,train
G06_R0320,G06,holdout_G05,train
G06_R0321,G06,holdout_G05,train
G06_R0322,G06,holdout_G05,train
G06_R0323,G06,holdout_G05,train
G06_R0324,G06,holdout_G05,train
G06_R0325,G06,holdout_G05,train
G06_R0326,G06,holdout_G05,train
G06_R0327,G06,holdout_G05,train
G06_R0328,G06,holdout_G05,train
G06_R0329,G06,holdout_G05,train
G06_R0330,G06,holdout_G05,train
G06_R0331,G06,holdout_G05,train
G06_R0332,G06,holdout_G05,train
G06_R0333,G06,holdout_G05,train
G06_R0334,G06,holdout_G05,train
G06_R0335,G06,holdout_G05,train
G06_R0336,G06,holdout_G05,train
G06_R0337,G06,holdout_G05,train
G06_R0338,G06,holdout_G05,train
G06_R0339,G06,holdout_G05,train
G06_R0340,G06,holdout_G05,train
G06_R0341,G06,holdout_G05,train
G06_R0342,G06,holdout_G05,train
G06_R0343,G06,holdout_G05,train
G06_R0344,G06,holdout_G05,train
G06_R0345,G06,holdout_G05,train
G06_R0346,G06,holdout_G05,train
G06_R0347,G06,holdout_G05,train
G06_R0348,G06,holdout_G05,train
G06_R0349,G06,holdout_G05,train
G06_R0350,G06,holdout_G05,train
G06_R0351,G06,holdout_G05,train
G06_R0352,G06,holdout_G05,train
G06_R0353,G06,holdout_G05,train
G06_R0354,G06,holdout_G05,train
G06_R0355,G06,holdout_G05,train
G06_R0356,G06,holdout_G05,train
G06_R0357,G06,holdout_G05,train
G06_R0358,G06,holdout_G05,train
G06_R0359,G06,holdout_G05,train
G06_R0360,G06,holdout_G05,train
G06_R0361,G06,holdout_G05,train
G06_R0362,G06,holdout_G05,train
G06_R0363,G06,holdout_G05,train
G06_R0364,G06,holdout_G05,train
G06_R0365,G06,holdout_G05,train
G06_R0366,G06,holdout_G05,train
G06_R0367,G06,holdout_G05,train
G06_R0368,G06,holdout_G05,train
G06_R0369,G06,holdout_G05,train
G06_R0370,G06,holdout_G05,train
G06_R0371,G06,holdout_G05,train
G06_R0372,G06,holdout_G05,train
G06_R0373,G06,holdout_G05,train
G06_R0374,G06,holdout_G05,train
G06_R0375,G06,holdout_G05,train
G06_R0376,G06,holdout_G05,train
G06_R0377,G06,holdout_G05,train
G06_R0378,G06,holdout_G05,train
G06_R0379,G06,holdout_G05,train
G06_R0380,G06,holdout_G05,train
G06_R0381,G06,holdout_G05,train
G06_R0382,G06,holdout_G05,train
G06_R0383,G06,holdout_G05,train
G06_R0384,G06,holdout_G05,train
G06_R0385,G06,holdout_G05,train
G06_R0386,G06,holdout_G05,train
G06_R0387,G06,holdout_G05,train
G06_R0388,G06,holdout_G05,train
G06_R0389,G06,holdout_G05,train
G06_R0390,G06,holdout_G05,train
G06_R0391,G06,holdout_G05,train
G06_R0392,G06,holdout_G05,train
G06_R0393,G06,holdout_G05,train
G06_R0394,G06,holdout_G05,train
G06_R0395,G06,holdout_G05,train
G06_R0396,G06,holdout_G05,train
G06_R0397,G06,holdout_G05,train
G06_R0398,G06,holdout_G05,train
G06_R0399,G06,holdout_G05,train
G06_R0400,G06,holdout_G05,train
G06_R0401,G06,holdout_G05,train
G06_R0402,G06,holdout_G05,train
G06_R0403,G06,holdout_G05,train
G06_R0404,G06,holdout_G05,train
G06_R0405,G06,holdout_G05,train
G06_R0406,G06,holdout_G05,train
G06_R0407,G06,holdout_G05,train
G06_R0408,G06,holdout_G05,train
G06_R0409,G06,holdout_G05,train
G06_R0410,G06,holdout_G05,train
G06_R0411,G06,holdout_G05,train
G06_R0412,G06,holdout_G05,train
G06_R0413,G06,holdout_G05,train
G06_R0414,G06,holdout_G05,train
G06_R0415,G06,holdout_G05,train
G06_R0416,G06,holdout_G05,train
G06_R0417,G06,holdout_G05,train
G06_R0418,G06,holdout_G05,train
G06_R0419,G06,holdout_G05,train
G06_R0420,G06,holdout_G05,train
G06_R0421,G06,holdout_G05,train
G06_R0422,G06,holdout_G05,train
G06_R0423,G06,holdout_G05,train
G06_R0424,G06,holdout_G05,train
G06_R0425,G06,holdout_G05,train
G06_R0426,G06,holdout_G05,train
G06_R0427,G06,holdout_G05,train
G06_R0428,G06,holdout_G05,train
G06_R0429,G06,holdout_G05,train
G06_R0430,G06,holdout_G05,train
G06_R0431,G06,holdout_G05,train
G06_R0432,G06,holdout_G05,train
G06_R0433,G06,holdout_G05,train
G06_R0434,G06,holdout_G05,train
G06_R0435,G06,holdout_G05,train
G06_R0436,G06,holdout_G05,train
G06_R0437,G06,holdout_G05,train
G06_R0438,G06,holdout_G05,train
G06_R0439,G06,holdout_G05,train
G06_R0440,G06,holdout_G05,train
G06_R0441,G06,holdout_G05,train
G06_R0442,G06,holdout_G05,train
G06_R0443,G06,holdout_G05,train
G06_R0444,G06,holdout_G05,train
G06_R0445,G06,holdout_G05,train
G06_R0446,G06,holdout_G05,train
G06_R0447,G06,holdout_G05,train
G06_R0448,G06,holdout_G05,train
G06_R0449,G06,holdout_G05,train
G06_R0450,G06,holdout_G05,train
G06_R0451,G06,holdout_G05,train
G06_R0452,G06,holdout_G05,train
G06_R0453,G06,holdout_G05,train
G06_R0454,G06,holdout_G05,train
G06_R0455,G06,holdout_G05,train
G06_R0456,G06,holdout_G05,train
G06_R0457,G06,holdout_G05,train
G06_R0458,G06,holdout_G05,train
G06_R0459,G06,holdout_G05,train
G06_R0460,G06,holdout_G05,train
G06_R0461,G06,holdout_G05,train
G06_R0462,G06,holdout_G05,train
G06_R0463,G06,holdout_G05,train
G06_R0464,G06,holdout_G05,train
G06_R0465,G06,holdout_G05,train
G06_R0466,G06,holdout_G05,train
G06_R0467,G06,holdout_G05,train
G06_R0468,G06,holdout_G05,train
G06_R0469,G06,holdout_G05,train
G06_R0470,G06,holdout_G05,train
G06_R0471,G06,holdout_G05,train
G06_R0472,G06,holdout_G05,train
G06_R0473,G06,holdout_G05,train
G06_R0474,G06,holdout_G05,train
G06_R0475,G06,holdout_G05,train
G06_R0476,G06,holdout_G05,train
G06_R0477,G06,holdout_G05,train
G06_R0478,G06,holdout_G05,train
G06_R0479,G06,holdout_G05,train
G06_R0480,G06,holdout_G05,train
G06_R0481,G06,holdout_G05,train
G06_R0482,G06,holdout_G05,train
G06_R0483,G06,holdout_G05,train
G06_R0484,G06,holdout_G05,train
G06_R0485,G06,holdout_G05,train
G06_R0486,G06,holdout_G05,train
G06_R0487,G06,holdout_G05,train
G06_R0488,G06,holdout_G05,train
G06_R0489,G06,holdout_G05,train
G06_R0490,G06,holdout_G05,train
G06_R0491,G06,holdout_G05,train
G06_R0492,G06,holdout_G05,train
G06_R0493,G06,holdout_G05,train
G06_R0494,G06,holdout_G05,train
G06_R0495,G06,holdout_G05,train
G06_R0496,G06,holdout_G05,train
G06_R0497,G06,holdout_G05,train
G06_R0498,G06,holdout_G05,train
G06_R0499,G06,holdout_G05,train
G06_R0500,G06,holdout_G05,train
G06_R0501,G06,holdout_G05,train
G06_R0502,G06,holdout_G05,train
G06_R0503,G06,holdout_G05,train
G06_R0504,G06,holdout_G05,train
G06_R0505,G06,holdout_G05,train
G06_R0506,G06,holdout_G05,train
G06_R0507,G06,holdout_G05,train
G06_R0508,G06,holdout_G05,train
G06_R0509,G06,holdout_G05,train
G06_R0510,G06,holdout_G05,train
G06_R0511,G06,holdout_G05,train
G06_R0512,G06,holdout_G05,train
G06_R0513,G06,holdout_G05,train
G06_R0514,G06,holdout_G05,train
G06_R0515,G06,holdout_G05,train
G06_R0516,G06,holdout_G05,train
G06_R0517,G06,holdout_G05,train
G06_R0518,G06,holdout_G05,train
G06_R0519,G06,holdout_G05,train
G06_R0520,G06,holdout_G05,train
G06_R0521,G06,holdout_G05,train
G06_R0522,G06,holdout_G05,train
G06_R0523,G06,holdout_G05,train
G06_R0524,G06,holdout_G05,train
G06_R0525,G06,holdout_G05,train
G06_R0526,G06,holdout_G05,train
G06_R0527,G06,holdout_G05,train
G06_R0528,G06,holdout_G05,train
G06_R0529,G06,holdout_G05,train
G06_R0530,G06,holdout_G05,train
G06_R0531,G06,holdout_G05,train
G06_R0532,G06,holdout_G05,train
G06_R0533,G06,holdout_G05,train
G06_R0534,G06,holdout_G05,train
G06_R0535,G06,holdout_G05,train
G06_R0536,G06,holdout_G05,train
G06_R0537,G06,holdout_G05,train
G06_R0538,G06,holdout_G05,train
G06_R0539,G06,holdout_G05,train
G06_R0540,G06,holdout_G05,train
G06_R0541,G06,holdout_G05,train
G06_R0542,G06,holdout_G05,train
G06_R0543,G06,holdout_G05,train
G06_R0544,G06,holdout_G05,train
G06_R0545,G06,holdout_G05,train
G06_R0546,G06,holdout_G05,train
G06_R0547,G06,holdout_G05,train
G06_R0548,G06,holdout_G05,train
G06_R0549,G06,holdout_G05,train
G06_R0550,G06,holdout_G05,train
G06_R0551,G06,holdout_G05,train
G06_R0552,G06,holdout_G05,train
G06_R0553,G06,holdout_G05,train
G06_R0554,G06,holdout_G05,train
G06_R0555,G06,holdout_G05,train
G06_R0556,G06,holdout_G05,train
G06_R0557,G06,holdout_G05,train
G06_R0558,G06,holdout_G05,train
G06_R0559,G06,holdout_G05,train
G06_R0560,G06,holdout_G05,train
G06_R0561,G06,holdout_G05,train
G06_R0562,G06,holdout_G05,train
G06_R0563,G06,holdout_G05,train
G06_R0564,G06,holdout_G05,train
G06_R0565,G06,holdout_G05,train
G06_R0566,G06,holdout_G05,train
G06_R0567,G06,holdout_G05,train
G06_R0568,G06,holdout_G05,train
G06_R0569,G06,holdout_G05,train
G06_R0570,G06,holdout_G05,train
G06_R0571,G06,holdout_G05,train
G06_R0572,G06,holdout_G05,train
G06_R0573,G06,holdout_G05,train
G06_R0574,G06,holdout_G05,train
G06_R0575,G06,holdout_G05,train
G06_R0576,G06,holdout_G05,train
G06_R0577,G06,holdout_G05,train
G06_R0578,G06,holdout_G05,train
G06_R0579,G06,holdout_G05,train
G06_R0580,G06,holdout_G05,train
G06_R0581,G06,holdout_G05,train
G06_R0582,G06,holdout_G05,train
G06_R0583,G06,holdout_G05,train
G06_R0584,G06,holdout_G05,train
G06_R0585,G06,holdout_G05,train
G06_R0586,G06,holdout_G05,train
G06_R0587,G06,holdout_G05,train
G06_R0588,G06,holdout_G05,train
G06_R0589,G06,holdout_G05,train
G06_R0590,G06,holdout_G05,train
G06_R0591,G06,holdout_G05,train
G06_R0592,G06,holdout_G05,train
G06_R0593,G06,holdout_G05,train
G06_R0594,G06,holdout_G05,train
G06_R0595,G06,holdout_G05,train
G06_R0596,G06,holdout_G05,train
G06_R0597,G06,holdout_G05,train
G06_R0598,G06,holdout_G05,train
G06_R0599,G06,holdout_G05,train
G06_R0600,G06,holdout_G05,train
G06_R0601,G06,holdout_G05,train
G06_R0602,G06,holdout_G05,train
G06_R0603,G06,holdout_G05,train
G06_R0604,G06,holdout_G05,train
G06_R0605,G06,holdout_G05,train
G06_R0606,G06,holdout_G05,train
G06_R0607,G06,holdout_G05,train
G06_R0608,G06,holdout_G05,train
G06_R0609,G06,holdout_G05,train
G06_R0610,G06,holdout_G05,train
G06_R0611,G06,holdout_G05,train
G06_R0612,G06,holdout_G05,train
G06_R0613,G06,holdout_G05,train
G06_R0614,G06,holdout_G05,train
G06_R0615,G06,holdout_G05,train
G06_R0616,G06,holdout_G05,train
G06_R0617,G06,holdout_G05,train
G06_R0618,G06,holdout_G05,train
G06_R0619,G06,holdout_G05,train
G06_R0620,G06,holdout_G05,train
G06_R0621,G06,holdout_G05,train
G06_R0622,G06,holdout_G05,train
G06_R0623,G06,holdout_G05,train
G06_R0624,G06,holdout_G05,train
G06_R0625,G06,holdout_G05,train
G06_R0626,G06,holdout_G05,train
G06_R0627,G06,holdout_G05,train
G06_R0628,G06,holdout_G05,train
G06_R0629,G06,holdout_G05,train
G06_R0630,G06,holdout_G05,train
G06_R0631,G06,holdout_G05,train
G06_R0632,G06,holdout_G05,train
G06_R0633,G06,holdout_G05,train
G06_R0634,G06,holdout_G05,train
G06_R0635,G06,holdout_G05,train
G06_R0636,G06,holdout_G05,train
G06_R0637,G06,holdout_G05,train
G06_R0638,G06,holdout_G05,train
G06_R0639,G06,holdout_G05,train
G06_R0640,G06,holdout_G05,train
G06_R0641,G06,holdout_G05,train
G06_R0642,G06,holdout_G05,train
G06_R0643,G06,holdout_G05,train
G06_R0644,G06,holdout_G05,train
G06_R0645,G06,holdout_G05,train
G06_R0646,G06,holdout_G05,train
G06_R0647,G06,holdout_G05,train
G06_R0648,G06,holdout_G05,train
G06_R0649,G06,holdout_G05,train
G06_R0650,G06,holdout_G05,train
G06_R0651,G06,holdout_G05,train
G06_R0652,G06,holdout_G05,train
G06_R0653,G06,holdout_G05,train
G06_R0654,G06,holdout_G05,train
G06_R0655,G06,holdout_G05,train
G06_R0656,G06,holdout_G05,train
G06_R0657,G06,holdout_G05,train
G06_R0658,G06,holdout_G05,train
G06_R0659,G06,holdout_G05,train
G06_R0660,G06,holdout_G05,train
G06_R0661,G06,holdout_G05,train
G06_R0662,G06,holdout_G05,train
G06_R0663,G06,holdout_G05,train
G06_R0664,G06,holdout_G05,train
G06_R0665,G06,holdout_G05,train
G06_R0666,G06,holdout_G05,train
G06_R0667,G06,holdout_G05,train
G06_R0668,G06,holdout_G05,train
G06_R0669,G06,holdout_G05,train
G06_R0670,G06,holdout_G05,train
G06_R0671,G06,holdout_G05,train
G06_R0672,G06,holdout_G05,train
G06_R0673,G06,holdout_G05,train
G06_R0674,G06,holdout_G05,train
G06_R0675,G06,holdout_G05,train
G06_R0676,G06,holdout_G05,train
G06_R0677,G06,holdout_G05,train
G06_R0678,G06,holdout_G05,train
G06_R0679,G06,holdout_G05,train
G06_R0680,G06,holdout_G05,train
G06_R0681,G06,holdout_G05,train
G06_R0682,G06,holdout_G05,train
G06_R0683,G06,holdout_G05,train
G06_R0684,G06,holdout_G05,train
G06_R0685,G06,holdout_G05,train
G06_R0686,G06,holdout_G05,train
G06_R0687,G06,holdout_G05,train
G06_R0688,G06,holdout_G05,train
G06_R0689,G06,holdout_G05,train
G06_R0690,G06,holdout_G05,train
G06_R0691,G06,holdout_G05,train
G06_R0692,G06,holdout_G05,train
G06_R0693,G06,holdout_G05,train
G06_R0694,G06,holdout_G05,train
G06_R0695,G06,holdout_G05,train
G06_R0696,G06,holdout_G05,train
G06_R0697,G06,holdout_G05,train
G06_R0698,G06,holdout_G05,train
G06_R0699,G06,holdout_G05,train
G06_R0700,G06,holdout_G05,train
G06_R0701,G06,holdout_G05,train
G06_R0702,G06,holdout_G05,train
G06_R0703,G06,holdout_G05,train
G06_R0704,G06,holdout_G05,train
G06_R0705,G06,holdout_G05,train
G06_R0706,G06,holdout_G05,train
G06_R0707,G06,holdout_G05,train
G06_R0708,G06,holdout_G05,train
G06_R0709,G06,holdout_G05,train
G06_R0710,G06,holdout_G05,train
G06_R0711,G06,holdout_G05,train
G06_R0712,G06,holdout_G05,train
G06_R0713,G06,holdout_G05,train
G06_R0714,G06,holdout_G05,train
G06_R0715,G06,holdout_G05,train
G06_R0716,G06,holdout_G05,train
G06_R0717,G06,holdout_G05,train
G06_R0718,G06,holdout_G05,train
G06_R0719,G06,holdout_G05,train
G06_R0720,G06,holdout_G05,train
G06_R0721,G06,holdout_G05,train
G06_R0722,G06,holdout_G05,train
G06_R0723,G06,holdout_G05,train
G06_R0724,G06,holdout_G05,train
G06_R0725,G06,holdout_G05,train
G06_R0726,G06,holdout_G05,train
G06_R0727,G06,holdout_G05,train
G06_R0728,G06,holdout_G05,train
G06_R0729,G06,holdout_G05,train
G06_R0730,G06,holdout_G05,train
G06_R0731,G06,holdout_G05,train
G06_R0732,G06,holdout_G05,train
G06_R0733,G06,holdout_G05,train
G06_R0734,G06,holdout_G05,train
G06_R0735,G06,holdout_G05,train
G06_R0736,G06,holdout_G05,train
G06_R0737,G06,holdout_G05,train
G06_R0738,G06,holdout_G05,train
G06_R0739,G06,holdout_G05,train
G06_R0740,G06,holdout_G05,train
G06_R0741,G06,holdout_G05,train
G06_R0742,G06,holdout_G05,train
G06_R0743,G06,holdout_G05,train
G06_R0744,G06,holdout_G05,train
G06_R0745,G06,holdout_G05,train
G06_R0746,G06,holdout_G05,train
G06_R0747,G06,holdout_G05,train
G06_R0748,G06,holdout_G05,train
G06_R0749,G06,holdout_G05,train
G06_R0750,G06,holdout_G05,train
G06_R0751,G06,holdout_G05,train
G06_R0752,G06,holdout_G05,train
G06_R0753,G06,holdout_G05,train
G06_R0754,G06,holdout_G05,train
G06_R0755,G06,holdout_G05,train
G06_R0756,G06,holdout_G05,train
G06_R0757,G06,holdout_G05,train
G06_R0758,G06,holdout_G05,train
G06_R0759,G06,holdout_G05,train
G06_R0760,G06,holdout_G05,train
G06_R0761,G06,holdout_G05,train
G06_R0762,G06,holdout_G05,train
G06_R0763,G06,holdout_G05,train
G06_R0764,G06,holdout_G05,train
G06_R0765,G06,holdout_G05,train
G06_R0766,G06,holdout_G05,train
G06_R0767,G06,holdout_G05,train
G06_R0768,G06,holdout_G05,train
G01_R0001,G01,holdout_G06,train
G01_R0002,G01,holdout_G06,train
G01_R0003,G01,holdout_G06,train
G01_R0004,G01,holdout_G06,train
G01_R0005,G01,holdout_G06,train
G01_R0006,G01,holdout_G06,train
G01_R0007,G01,holdout_G06,train
G01_R0008,G01,holdout_G06,train
G01_R0009,G01,holdout_G06,train
G01_R0010,G01,holdout_G06,train
G01_R0011,G01,holdout_G06,train
G01_R0012,G01,holdout_G06,train
G01_R0013,G01,holdout_G06,train
G01_R0014,G01,holdout_G06,train
G01_R0015,G01,holdout_G06,train
G01_R0016,G01,holdout_G06,train
G01_R0017,G01,holdout_G06,train
G01_R0018,G01,holdout_G06,train
G01_R0019,G01,holdout_G06,train
G01_R0020,G01,holdout_G06,train
G01_R0021,G01,holdout_G06,train
G01_R0022,G01,holdout_G06,train
G01_R0023,G01,holdout_G06,train
G01_R0024,G01,holdout_G06,train
G01_R0025,G01,holdout_G06,train
G01_R0026,G01,holdout_G06,train
G01_R0027,G01,holdout_G06,train
G01_R0028,G01,holdout_G06,train
G01_R0029,G01,holdout_G06,train
G01_R0030,G01,holdout_G06,train
G01_R0031,G01,holdout_G06,train
G01_R0032,G01,holdout_G06,train
G01_R0033,G01,holdout_G06,train
G01_R0034,G01,holdout_G06,train
G01_R0035,G01,holdout_G06,train
G01_R0036,G01,holdout_G06,train
G01_R0037,G01,holdout_G06,train
G01_R0038,G01,holdout_G06,train
G01_R0039,G01,holdout_G06,train
G01_R0040,G01,holdout_G06,train
G01_R0041,G01,holdout_G06,train
G01_R0042,G01,holdout_G06,train
G01_R0043,G01,holdout_G06,train
G01_R0044,G01,holdout_G06,train
G01_R0045,G01,holdout_G06,train
G01_R0046,G01,holdout_G06,train
G01_R0047,G01,holdout_G06,train
G01_R0048,G01,holdout_G06,train
G01_R0049,G01,holdout_G06,train
G01_R0050,G01,holdout_G06,train
G01_R0051,G01,holdout_G06,train
G01_R0052,G01,holdout_G06,train
G01_R0053,G01,holdout_G06,train
G01_R0054,G01,holdout_G06,train
G01_R0055,G01,holdout_G06,train
G01_R0056,G01,holdout_G06,train
G01_R0057,G01,holdout_G06,train
G01_R0058,G01,holdout_G06,train
G01_R0059,G01,holdout_G06,train
G01_R0060,G01,holdout_G06,train
G01_R0061,G01,holdout_G06,train
G01_R0062,G01,holdout_G06,train
G01_R0063,G01,holdout_G06,train
G01_R0064,G01,holdout_G06,train
G01_R0065,G01,holdout_G06,train
G01_R0066,G01,holdout_G06,train
G01_R0067,G01,holdout_G06,train
G01_R0068,G01,holdout_G06,train
G01_R0069,G01,holdout_G06,train
G01_R0070,G01,holdout_G06,train
G01_R0071,G01,holdout_G06,train
G01_R0072,G01,holdout_G06,train
G01_R0073,G01,holdout_G06,train
G01_R0074,G01,holdout_G06,train
G01_R0075,G01,holdout_G06,train
G01_R0076,G01,holdout_G06,train
G01_R0077,G01,holdout_G06,train
G01_R0078,G01,holdout_G06,train
G01_R0079,G01,holdout_G06,train
G01_R0080,G01,holdout_G06,train
G01_R0081,G01,holdout_G06,train
G01_R0082,G01,holdout_G06,train
G01_R0083,G01,holdout_G06,train
G01_R0084,G01,holdout_G06,train
G01_R0085,G01,holdout_G06,train
G01_R0086,G01,holdout_G06,train
G01_R0087,G01,holdout_G06,train
G01_R0088,G01,holdout_G06,train
G01_R0089,G01,holdout_G06,train
G01_R0090,G01,holdout_G06,train
G01_R0091,G01,holdout_G06,train
G01_R0092,G01,holdout_G06,train
G01_R0093,G01,holdout_G06,train
G01_R0094,G01,holdout_G06,train
G01_R0095,G01,holdout_G06,train
G01_R0096,G01,holdout_G06,train
G01_R0097,G01,holdout_G06,train
G01_R0098,G01,holdout_G06,train
G01_R0099,G01,holdout_G06,train
G01_R0100,G01,holdout_G06,train
G01_R0101,G01,holdout_G06,train
G01_R0102,G01,holdout_G06,train
G01_R0103,G01,holdout_G06,train
G01_R0104,G01,holdout_G06,train
G01_R0105,G01,holdout_G06,train
G01_R0106,G01,holdout_G06,train
G01_R0107,G01,holdout_G06,train
G01_R0108,G01,holdout_G06,train
G01_R0109,G01,holdout_G06,train
G01_R0110,G01,holdout_G06,train
G01_R0111,G01,holdout_G06,train
G01_R0112,G01,holdout_G06,train
G01_R0113,G01,holdout_G06,train
G01_R0114,G01,holdout_G06,train
G01_R0115,G01,holdout_G06,train
G01_R0116,G01,holdout_G06,train
G01_R0117,G01,holdout_G06,train
G01_R0118,G01,holdout_G06,train
G01_R0119,G01,holdout_G06,train
G01_R0120,G01,holdout_G06,train
G01_R0121,G01,holdout_G06,train
G01_R0122,G01,holdout_G06,train
G01_R0123,G01,holdout_G06,train
G01_R0124,G01,holdout_G06,train
G01_R0125,G01,holdout_G06,train
G01_R0126,G01,holdout_G06,train
G01_R0127,G01,holdout_G06,train
G01_R0128,G01,holdout_G06,train
G01_R0129,G01,holdout_G06,train
G01_R0130,G01,holdout_G06,train
G01_R0131,G01,holdout_G06,train
G01_R0132,G01,holdout_G06,train
G01_R0133,G01,holdout_G06,train
G01_R0134,G01,holdout_G06,train
G01_R0135,G01,holdout_G06,train
G01_R0136,G01,holdout_G06,train
G01_R0137,G01,holdout_G06,train
G01_R0138,G01,holdout_G06,train
G01_R0139,G01,holdout_G06,train
G01_R0140,G01,holdout_G06,train
G01_R0141,G01,holdout_G06,train
G01_R0142,G01,holdout_G06,train
G01_R0143,G01,holdout_G06,train
G01_R0144,G01,holdout_G06,train
G01_R0145,G01,holdout_G06,train
G01_R0146,G01,holdout_G06,train
G01_R0147,G01,holdout_G06,train
G01_R0148,G01,holdout_G06,train
G01_R0149,G01,holdout_G06,train
G01_R0150,G01,holdout_G06,train
G01_R0151,G01,holdout_G06,train
G01_R0152,G01,holdout_G06,train
G01_R0153,G01,holdout_G06,train
G01_R0154,G01,holdout_G06,train
G01_R0155,G01,holdout_G06,train
G01_R0156,G01,holdout_G06,train
G01_R0157,G01,holdout_G06,train
G01_R0158,G01,holdout_G06,train
G01_R0159,G01,holdout_G06,train
G01_R0160,G01,holdout_G06,train
G01_R0161,G01,holdout_G06,train
G01_R0162,G01,holdout_G06,train
G01_R0163,G01,holdout_G06,train
G01_R0164,G01,holdout_G06,train
G01_R0165,G01,holdout_G06,train
G01_R0166,G01,holdout_G06,train
G01_R0167,G01,holdout_G06,train
G01_R0168,G01,holdout_G06,train
G01_R0169,G01,holdout_G06,train
G01_R0170,G01,holdout_G06,train
G01_R0171,G01,holdout_G06,train
G01_R0172,G01,holdout_G06,train
G01_R0173,G01,holdout_G06,train
G01_R0174,G01,holdout_G06,train
G01_R0175,G01,holdout_G06,train
G01_R0176,G01,holdout_G06,train
G01_R0177,G01,holdout_G06,train
G01_R0178,G01,holdout_G06,train
G01_R0179,G01,holdout_G06,train
G01_R0180,G01,holdout_G06,train
G01_R0181,G01,holdout_G06,train
G01_R0182,G01,holdout_G06,train
G01_R0183,G01,holdout_G06,train
G01_R0184,G01,holdout_G06,train
G01_R0185,G01,holdout_G06,train
G01_R0186,G01,holdout_G06,train
G01_R0187,G01,holdout_G06,train
G01_R0188,G01,holdout_G06,train
G01_R0189,G01,holdout_G06,train
G01_R0190,G01,holdout_G06,train
G01_R0191,G01,holdout_G06,train
G01_R0192,G01,holdout_G06,train
G01_R0193,G01,holdout_G06,train
G01_R0194,G01,holdout_G06,train
G01_R0195,G01,holdout_G06,train
G01_R0196,G01,holdout_G06,train
G01_R0197,G01,holdout_G06,train
G01_R0198,G01,holdout_G06,train
G01_R0199,G01,holdout_G06,train
G01_R0200,G01,holdout_G06,train
G01_R0201,G01,holdout_G06,train
G01_R0202,G01,holdout_G06,train
G01_R0203,G01,holdout_G06,train
G01_R0204,G01,holdout_G06,train
G01_R0205,G01,holdout_G06,train
G01_R0206,G01,holdout_G06,train
G01_R0207,G01,holdout_G06,train
G01_R0208,G01,holdout_G06,train
G01_R0209,G01,holdout_G06,train
G01_R0210,G01,holdout_G06,train
G01_R0211,G01,holdout_G06,train
G01_R0212,G01,holdout_G06,train
G01_R0213,G01,holdout_G06,train
G01_R0214,G01,holdout_G06,train
G01_R0215,G01,holdout_G06,train
G01_R0216,G01,holdout_G06,train
G01_R0217,G01,holdout_G06,train
G01_R0218,G01,holdout_G06,train
G01_R0219,G01,holdout_G06,train
G01_R0220,G01,holdout_G06,train
G01_R0221,G01,holdout_G06,train
G01_R0222,G01,holdout_G06,train
G01_R0223,G01,holdout_G06,train
G01_R0224,G01,holdout_G06,train
G01_R0225,G01,holdout_G06,train
G01_R0226,G01,holdout_G06,train
G01_R0227,G01,holdout_G06,train
G01_R0228,G01,holdout_G06,train
G01_R0229,G01,holdout_G06,train
G01_R0230,G01,holdout_G06,train
G01_R0231,G01,holdout_G06,train
G01_R0232,G01,holdout_G06,train
G01_R0233,G01,holdout_G06,train
G01_R0234,G01,holdout_G06,train
G01_R0235,G01,holdout_G06,train
G01_R0236,G01,holdout_G06,train
G01_R0237,G01,holdout_G06,train
G01_R0238,G01,holdout_G06,train
G01_R0239,G01,holdout_G06,train
G01_R0240,G01,holdout_G06,train
G01_R0241,G01,holdout_G06,train
G01_R0242,G01,holdout_G06,train
G01_R0243,G01,holdout_G06,train
G01_R0244,G01,holdout_G06,train
G01_R0245,G01,holdout_G06,train
G01_R0246,G01,holdout_G06,train
G01_R0247,G01,holdout_G06,train
G01_R0248,G01,holdout_G06,train
G01_R0249,G01,holdout_G06,train
G01_R0250,G01,holdout_G06,train
G01_R0251,G01,holdout_G06,train
G01_R0252,G01,holdout_G06,train
G01_R0253,G01,holdout_G06,train
G01_R0254,G01,holdout_G06,train
G01_R0255,G01,holdout_G06,train
G01_R0256,G01,holdout_G06,train
G01_R0257,G01,holdout_G06,train
G01_R0258,G01,holdout_G06,train
G01_R0259,G01,holdout_G06,train
G01_R0260,G01,holdout_G06,train
G01_R0261,G01,holdout_G06,train
G01_R0262,G01,holdout_G06,train
G01_R0263,G01,holdout_G06,train
G01_R0264,G01,holdout_G06,train
G01_R0265,G01,holdout_G06,train
G01_R0266,G01,holdout_G06,train
G01_R0267,G01,holdout_G06,train
G01_R0268,G01,holdout_G06,train
G01_R0269,G01,holdout_G06,train
G01_R0270,G01,holdout_G06,train
G01_R0271,G01,holdout_G06,train
G01_R0272,G01,holdout_G06,train
G01_R0273,G01,holdout_G06,train
G01_R0274,G01,holdout_G06,train
G01_R0275,G01,holdout_G06,train
G01_R0276,G01,holdout_G06,train
G01_R0277,G01,holdout_G06,train
G01_R0278,G01,holdout_G06,train
G01_R0279,G01,holdout_G06,train
G01_R0280,G01,holdout_G06,train
G01_R0281,G01,holdout_G06,train
G01_R0282,G01,holdout_G06,train
G01_R0283,G01,holdout_G06,train
G01_R0284,G01,holdout_G06,train
G01_R0285,G01,holdout_G06,train
G01_R0286,G01,holdout_G06,train
G01_R0287,G01,holdout_G06,train
G01_R0288,G01,holdout_G06,train
G01_R0289,G01,holdout_G06,train
G01_R0290,G01,holdout_G06,train
G01_R0291,G01,holdout_G06,train
G01_R0292,G01,holdout_G06,train
G01_R0293,G01,holdout_G06,train
G01_R0294,G01,holdout_G06,train
G01_R0295,G01,holdout_G06,train
G01_R0296,G01,holdout_G06,train
G01_R0297,G01,holdout_G06,train
G01_R0298,G01,holdout_G06,train
G01_R0299,G01,holdout_G06,train
G01_R0300,G01,holdout_G06,train
G01_R0301,G01,holdout_G06,train
G01_R0302,G01,holdout_G06,train
G01_R0303,G01,holdout_G06,train
G01_R0304,G01,holdout_G06,train
G01_R0305,G01,holdout_G06,train
G01_R0306,G01,holdout_G06,train
G01_R0307,G01,holdout_G06,train
G01_R0308,G01,holdout_G06,train
G01_R0309,G01,holdout_G06,train
G01_R0310,G01,holdout_G06,train
G01_R0311,G01,holdout_G06,train
G01_R0312,G01,holdout_G06,train
G01_R0313,G01,holdout_G06,train
G01_R0314,G01,holdout_G06,train
G01_R0315,G01,holdout_G06,train
G01_R0316,G01,holdout_G06,train
G01_R0317,G01,holdout_G06,train
G01_R0318,G01,holdout_G06,train
G01_R0319,G01,holdout_G06,train
G01_R0320,G01,holdout_G06,train
G01_R0321,G01,holdout_G06,train
G01_R0322,G01,holdout_G06,train
G01_R0323,G01,holdout_G06,train
G01_R0324,G01,holdout_G06,train
G01_R0325,G01,holdout_G06,train
G01_R0326,G01,holdout_G06,train
G01_R0327,G01,holdout_G06,train
G01_R0328,G01,holdout_G06,train
G01_R0329,G01,holdout_G06,train
G01_R0330,G01,holdout_G06,train
G01_R0331,G01,holdout_G06,train
G01_R0332,G01,holdout_G06,train
G01_R0333,G01,holdout_G06,train
G01_R0334,G01,holdout_G06,train
G01_R0335,G01,holdout_G06,train
G01_R0336,G01,holdout_G06,train
G01_R0337,G01,holdout_G06,train
G01_R0338,G01,holdout_G06,train
G01_R0339,G01,holdout_G06,train
G01_R0340,G01,holdout_G06,train
G01_R0341,G01,holdout_G06,train
G01_R0342,G01,holdout_G06,train
G01_R0343,G01,holdout_G06,train
G01_R0344,G01,holdout_G06,train
G01_R0345,G01,holdout_G06,train
G01_R0346,G01,holdout_G06,train
G01_R0347,G01,holdout_G06,train
G01_R0348,G01,holdout_G06,train
G01_R0349,G01,holdout_G06,train
G01_R0350,G01,holdout_G06,train
G01_R0351,G01,holdout_G06,train
G01_R0352,G01,holdout_G06,train
G01_R0353,G01,holdout_G06,train
G01_R0354,G01,holdout_G06,train
G01_R0355,G01,holdout_G06,train
G01_R0356,G01,holdout_G06,train
G01_R0357,G01,holdout_G06,train
G01_R0358,G01,holdout_G06,train
G01_R0359,G01,holdout_G06,train
G01_R0360,G01,holdout_G06,train
G01_R0361,G01,holdout_G06,train
G01_R0362,G01,holdout_G06,train
G01_R0363,G01,holdout_G06,train
G01_R0364,G01,holdout_G06,train
G01_R0365,G01,holdout_G06,train
G01_R0366,G01,holdout_G06,train
G01_R0367,G01,holdout_G06,train
G01_R0368,G01,holdout_G06,train
G01_R0369,G01,holdout_G06,train
G01_R0370,G01,holdout_G06,train
G01_R0371,G01,holdout_G06,train
G01_R0372,G01,holdout_G06,train
G01_R0373,G01,holdout_G06,train
G01_R0374,G01,holdout_G06,train
G01_R0375,G01,holdout_G06,train
G01_R0376,G01,holdout_G06,train
G01_R0377,G01,holdout_G06,train
G01_R0378,G01,holdout_G06,train
G01_R0379,G01,holdout_G06,train
G01_R0380,G01,holdout_G06,train
G01_R0381,G01,holdout_G06,train
G01_R0382,G01,holdout_G06,train
G01_R0383,G01,holdout_G06,train
G01_R0384,G01,holdout_G06,train
G01_R0385,G01,holdout_G06,train
G01_R0386,G01,holdout_G06,train
G01_R0387,G01,holdout_G06,train
G01_R0388,G01,holdout_G06,train
G01_R0389,G01,holdout_G06,train
G01_R0390,G01,holdout_G06,train
G01_R0391,G01,holdout_G06,train
G01_R0392,G01,holdout_G06,train
G01_R0393,G01,holdout_G06,train
G01_R0394,G01,holdout_G06,train
G01_R0395,G01,holdout_G06,train
G01_R0396,G01,holdout_G06,train
G01_R0397,G01,holdout_G06,train
G01_R0398,G01,holdout_G06,train
G01_R0399,G01,holdout_G06,train
G01_R0400,G01,holdout_G06,train
G01_R0401,G01,holdout_G06,train
G01_R0402,G01,holdout_G06,train
G01_R0403,G01,holdout_G06,train
G01_R0404,G01,holdout_G06,train
G01_R0405,G01,holdout_G06,train
G01_R0406,G01,holdout_G06,train
G01_R0407,G01,holdout_G06,train
G01_R0408,G01,holdout_G06,train
G01_R0409,G01,holdout_G06,train
G01_R0410,G01,holdout_G06,train
G01_R0411,G01,holdout_G06,train
G01_R0412,G01,holdout_G06,train
G01_R0413,G01,holdout_G06,train
G01_R0414,G01,holdout_G06,train
G01_R0415,G01,holdout_G06,train
G01_R0416,G01,holdout_G06,train
G01_R0417,G01,holdout_G06,train
G01_R0418,G01,holdout_G06,train
G01_R0419,G01,holdout_G06,train
G01_R0420,G01,holdout_G06,train
G01_R0421,G01,holdout_G06,train
G01_R0422,G01,holdout_G06,train
G01_R0423,G01,holdout_G06,train
G01_R0424,G01,holdout_G06,train
G01_R0425,G01,holdout_G06,train
G01_R0426,G01,holdout_G06,train
G01_R0427,G01,holdout_G06,train
G01_R0428,G01,holdout_G06,train
G01_R0429,G01,holdout_G06,train
G01_R0430,G01,holdout_G06,train
G01_R0431,G01,holdout_G06,train
G01_R0432,G01,holdout_G06,train
G01_R0433,G01,holdout_G06,train
G01_R0434,G01,holdout_G06,train
G01_R0435,G01,holdout_G06,train
G01_R0436,G01,holdout_G06,train
G01_R0437,G01,holdout_G06,train
G01_R0438,G01,holdout_G06,train
G01_R0439,G01,holdout_G06,train
G01_R0440,G01,holdout_G06,train
G01_R0441,G01,holdout_G06,train
G01_R0442,G01,holdout_G06,train
G01_R0443,G01,holdout_G06,train
G01_R0444,G01,holdout_G06,train
G01_R0445,G01,holdout_G06,train
G01_R0446,G01,holdout_G06,train
G01_R0447,G01,holdout_G06,train
G01_R0448,G01,holdout_G06,train
G01_R0449,G01,holdout_G06,train
G01_R0450,G01,holdout_G06,train
G01_R0451,G01,holdout_G06,train
G01_R0452,G01,holdout_G06,train
G01_R0453,G01,holdout_G06,train
G01_R0454,G01,holdout_G06,train
G01_R0455,G01,holdout_G06,train
G01_R0456,G01,holdout_G06,train
G01_R0457,G01,holdout_G06,train
G01_R0458,G01,holdout_G06,train
G01_R0459,G01,holdout_G06,train
G01_R0460,G01,holdout_G06,train
G01_R0461,G01,holdout_G06,train
G01_R0462,G01,holdout_G06,train
G01_R0463,G01,holdout_G06,train
G01_R0464,G01,holdout_G06,train
G01_R0465,G01,holdout_G06,train
G01_R0466,G01,holdout_G06,train
G01_R0467,G01,holdout_G06,train
G01_R0468,G01,holdout_G06,train
G01_R0469,G01,holdout_G06,train
G01_R0470,G01,holdout_G06,train
G01_R0471,G01,holdout_G06,train
G01_R0472,G01,holdout_G06,train
G01_R0473,G01,holdout_G06,train
G01_R0474,G01,holdout_G06,train
G01_R0475,G01,holdout_G06,train
G01_R0476,G01,holdout_G06,train
G01_R0477,G01,holdout_G06,train
G01_R0478,G01,holdout_G06,train
G01_R0479,G01,holdout_G06,train
G01_R0480,G01,holdout_G06,train
G01_R0481,G01,holdout_G06,train
G01_R0482,G01,holdout_G06,train
G01_R0483,G01,holdout_G06,train
G01_R0484,G01,holdout_G06,train
G01_R0485,G01,holdout_G06,train
G01_R0486,G01,holdout_G06,train
G01_R0487,G01,holdout_G06,train
G01_R0488,G01,holdout_G06,train
G01_R0489,G01,holdout_G06,train
G01_R0490,G01,holdout_G06,train
G01_R0491,G01,holdout_G06,train
G01_R0492,G01,holdout_G06,train
G01_R0493,G01,holdout_G06,train
G01_R0494,G01,holdout_G06,train
G01_R0495,G01,holdout_G06,train
G01_R0496,G01,holdout_G06,train
G01_R0497,G01,holdout_G06,train
G01_R0498,G01,holdout_G06,train
G01_R0499,G01,holdout_G06,train
G01_R0500,G01,holdout_G06,train
G01_R0501,G01,holdout_G06,train
G01_R0502,G01,holdout_G06,train
G01_R0503,G01,holdout_G06,train
G01_R0504,G01,holdout_G06,train
G01_R0505,G01,holdout_G06,train
G01_R0506,G01,holdout_G06,train
G01_R0507,G01,holdout_G06,train
G01_R0508,G01,holdout_G06,train
G01_R0509,G01,holdout_G06,train
G01_R0510,G01,holdout_G06,train
G01_R0511,G01,holdout_G06,train
G01_R0512,G01,holdout_G06,train
G01_R0513,G01,holdout_G06,train
G01_R0514,G01,holdout_G06,train
G01_R0515,G01,holdout_G06,train
G01_R0516,G01,holdout_G06,train
G01_R0517,G01,holdout_G06,train
G01_R0518,G01,holdout_G06,train
G01_R0519,G01,holdout_G06,train
G01_R0520,G01,holdout_G06,train
G01_R0521,G01,holdout_G06,train
G01_R0522,G01,holdout_G06,train
G01_R0523,G01,holdout_G06,train
G01_R0524,G01,holdout_G06,train
G01_R0525,G01,holdout_G06,train
G01_R0526,G01,holdout_G06,train
G01_R0527,G01,holdout_G06,train
G01_R0528,G01,holdout_G06,train
G01_R0529,G01,holdout_G06,train
G01_R0530,G01,holdout_G06,train
G01_R0531,G01,holdout_G06,train
G01_R0532,G01,holdout_G06,train
G01_R0533,G01,holdout_G06,train
G01_R0534,G01,holdout_G06,train
G01_R0535,G01,holdout_G06,train
G01_R0536,G01,holdout_G06,train
G01_R0537,G01,holdout_G06,train
G01_R0538,G01,holdout_G06,train
G01_R0539,G01,holdout_G06,train
G01_R0540,G01,holdout_G06,train
G01_R0541,G01,holdout_G06,train
G01_R0542,G01,holdout_G06,train
G01_R0543,G01,holdout_G06,train
G01_R0544,G01,holdout_G06,train
G01_R0545,G01,holdout_G06,train
G01_R0546,G01,holdout_G06,train
G01_R0547,G01,holdout_G06,train
G01_R0548,G01,holdout_G06,train
G01_R0549,G01,holdout_G06,train
G01_R0550,G01,holdout_G06,train
G01_R0551,G01,holdout_G06,train
G01_R0552,G01,holdout_G06,train
G01_R0553,G01,holdout_G06,train
G01_R0554,G01,holdout_G06,train
G01_R0555,G01,holdout_G06,train
G01_R0556,G01,holdout_G06,train
G01_R0557,G01,holdout_G06,train
G01_R0558,G01,holdout_G06,train
G01_R0559,G01,holdout_G06,train
G01_R0560,G01,holdout_G06,train
G01_R0561,G01,holdout_G06,train
G01_R0562,G01,holdout_G06,train
G01_R0563,G01,holdout_G06,train
G01_R0564,G01,holdout_G06,train
G01_R0565,G01,holdout_G06,train
G01_R0566,G01,holdout_G06,train
G01_R0567,G01,holdout_G06,train
G01_R0568,G01,holdout_G06,train
G01_R0569,G01,holdout_G06,train
G01_R0570,G01,holdout_G06,train
G01_R0571,G01,holdout_G06,train
G01_R0572,G01,holdout_G06,train
G01_R0573,G01,holdout_G06,train
G01_R0574,G01,holdout_G06,train
G01_R0575,G01,holdout_G06,train
G01_R0576,G01,holdout_G06,train
G01_R0577,G01,holdout_G06,train
G01_R0578,G01,holdout_G06,train
G01_R0579,G01,holdout_G06,train
G01_R0580,G01,holdout_G06,train
G01_R0581,G01,holdout_G06,train
G01_R0582,G01,holdout_G06,train
G01_R0583,G01,holdout_G06,train
G01_R0584,G01,holdout_G06,train
G01_R0585,G01,holdout_G06,train
G01_R0586,G01,holdout_G06,train
G01_R0587,G01,holdout_G06,train
G01_R0588,G01,holdout_G06,train
G01_R0589,G01,holdout_G06,train
G01_R0590,G01,holdout_G06,train
G01_R0591,G01,holdout_G06,train
G01_R0592,G01,holdout_G06,train
G01_R0593,G01,holdout_G06,train
G01_R0594,G01,holdout_G06,train
G01_R0595,G01,holdout_G06,train
G01_R0596,G01,holdout_G06,train
G01_R0597,G01,holdout_G06,train
G01_R0598,G01,holdout_G06,train
G01_R0599,G01,holdout_G06,train
G01_R0600,G01,holdout_G06,train
G01_R0601,G01,holdout_G06,train
G01_R0602,G01,holdout_G06,train
G01_R0603,G01,holdout_G06,train
G01_R0604,G01,holdout_G06,train
G01_R0605,G01,holdout_G06,train
G01_R0606,G01,holdout_G06,train
G01_R0607,G01,holdout_G06,train
G01_R0608,G01,holdout_G06,train
G01_R0609,G01,holdout_G06,train
G01_R0610,G01,holdout_G06,train
G01_R0611,G01,holdout_G06,train
G01_R0612,G01,holdout_G06,train
G01_R0613,G01,holdout_G06,train
G01_R0614,G01,holdout_G06,train
G01_R0615,G01,holdout_G06,train
G01_R0616,G01,holdout_G06,train
G01_R0617,G01,holdout_G06,train
G01_R0618,G01,holdout_G06,train
G01_R0619,G01,holdout_G06,train
G01_R0620,G01,holdout_G06,train
G01_R0621,G01,holdout_G06,train
G01_R0622,G01,holdout_G06,train
G01_R0623,G01,holdout_G06,train
G01_R0624,G01,holdout_G06,train
G01_R0625,G01,holdout_G06,train
G01_R0626,G01,holdout_G06,train
G01_R0627,G01,holdout_G06,train
G01_R0628,G01,holdout_G06,train
G01_R0629,G01,holdout_G06,train
G01_R0630,G01,holdout_G06,train
G01_R0631,G01,holdout_G06,train
G01_R0632,G01,holdout_G06,train
G01_R0633,G01,holdout_G06,train
G01_R0634,G01,holdout_G06,train
G01_R0635,G01,holdout_G06,train
G01_R0636,G01,holdout_G06,train
G01_R0637,G01,holdout_G06,train
G01_R0638,G01,holdout_G06,train
G01_R0639,G01,holdout_G06,train
G01_R0640,G01,holdout_G06,train
G01_R0641,G01,holdout_G06,train
G01_R0642,G01,holdout_G06,train
G01_R0643,G01,holdout_G06,train
G01_R0644,G01,holdout_G06,train
G01_R0645,G01,holdout_G06,train
G01_R0646,G01,holdout_G06,train
G01_R0647,G01,holdout_G06,train
G01_R0648,G01,holdout_G06,train
G01_R0649,G01,holdout_G06,train
G01_R0650,G01,holdout_G06,train
G01_R0651,G01,holdout_G06,train
G01_R0652,G01,holdout_G06,train
G01_R0653,G01,holdout_G06,train
G01_R0654,G01,holdout_G06,train
G01_R0655,G01,holdout_G06,train
G01_R0656,G01,holdout_G06,train
G01_R0657,G01,holdout_G06,train
G01_R0658,G01,holdout_G06,train
G01_R0659,G01,holdout_G06,train
G01_R0660,G01,holdout_G06,train
G01_R0661,G01,holdout_G06,train
G01_R0662,G01,holdout_G06,train
G01_R0663,G01,holdout_G06,train
G01_R0664,G01,holdout_G06,train
G01_R0665,G01,holdout_G06,train
G01_R0666,G01,holdout_G06,train
G01_R0667,G01,holdout_G06,train
G01_R0668,G01,holdout_G06,train
G01_R0669,G01,holdout_G06,train
G01_R0670,G01,holdout_G06,train
G01_R0671,G01,holdout_G06,train
G01_R0672,G01,holdout_G06,train
G01_R0673,G01,holdout_G06,train
G01_R0674,G01,holdout_G06,train
G01_R0675,G01,holdout_G06,train
G01_R0676,G01,holdout_G06,train
G01_R0677,G01,holdout_G06,train
G01_R0678,G01,holdout_G06,train
G01_R0679,G01,holdout_G06,train
G01_R0680,G01,holdout_G06,train
G01_R0681,G01,holdout_G06,train
G01_R0682,G01,holdout_G06,train
G01_R0683,G01,holdout_G06,train
G01_R0684,G01,holdout_G06,train
G01_R0685,G01,holdout_G06,train
G01_R0686,G01,holdout_G06,train
G01_R0687,G01,holdout_G06,train
G01_R0688,G01,holdout_G06,train
G01_R0689,G01,holdout_G06,train
G01_R0690,G01,holdout_G06,train
G01_R0691,G01,holdout_G06,train
G01_R0692,G01,holdout_G06,train
G01_R0693,G01,holdout_G06,train
G01_R0694,G01,holdout_G06,train
G01_R0695,G01,holdout_G06,train
G01_R0696,G01,holdout_G06,train
G01_R0697,G01,holdout_G06,train
G01_R0698,G01,holdout_G06,train
G01_R0699,G01,holdout_G06,train
G01_R0700,G01,holdout_G06,train
G01_R0701,G01,holdout_G06,train
G01_R0702,G01,holdout_G06,train
G01_R0703,G01,holdout_G06,train
G01_R0704,G01,holdout_G06,train
G01_R0705,G01,holdout_G06,train
G01_R0706,G01,holdout_G06,train
G01_R0707,G01,holdout_G06,train
G01_R0708,G01,holdout_G06,train
G01_R0709,G01,holdout_G06,train
G01_R0710,G01,holdout_G06,train
G01_R0711,G01,holdout_G06,train
G01_R0712,G01,holdout_G06,train
G01_R0713,G01,holdout_G06,train
G01_R0714,G01,holdout_G06,train
G01_R0715,G01,holdout_G06,train
G01_R0716,G01,holdout_G06,train
G01_R0717,G01,holdout_G06,train
G01_R0718,G01,holdout_G06,train
G01_R0719,G01,holdout_G06,train
G01_R0720,G01,holdout_G06,train
G01_R0721,G01,holdout_G06,train
G01_R0722,G01,holdout_G06,train
G01_R0723,G01,holdout_G06,train
G01_R0724,G01,holdout_G06,train
G01_R0725,G01,holdout_G06,train
G01_R0726,G01,holdout_G06,train
G01_R0727,G01,holdout_G06,train
G01_R0728,G01,holdout_G06,train
G01_R0729,G01,holdout_G06,train
G01_R0730,G01,holdout_G06,train
G01_R0731,G01,holdout_G06,train
G01_R0732,G01,holdout_G06,train
G01_R0733,G01,holdout_G06,train
G01_R0734,G01,holdout_G06,train
G01_R0735,G01,holdout_G06,train
G01_R0736,G01,holdout_G06,train
G01_R0737,G01,holdout_G06,train
G01_R0738,G01,holdout_G06,train
G01_R0739,G01,holdout_G06,train
G01_R0740,G01,holdout_G06,train
G01_R0741,G01,holdout_G06,train
G01_R0742,G01,holdout_G06,train
G01_R0743,G01,holdout_G06,train
G01_R0744,G01,holdout_G06,train
G01_R0745,G01,holdout_G06,train
G01_R0746,G01,holdout_G06,train
G01_R0747,G01,holdout_G06,train
G01_R0748,G01,holdout_G06,train
G01_R0749,G01,holdout_G06,train
G01_R0750,G01,holdout_G06,train
G01_R0751,G01,holdout_G06,train
G01_R0752,G01,holdout_G06,train
G01_R0753,G01,holdout_G06,train
G01_R0754,G01,holdout_G06,train
G01_R0755,G01,holdout_G06,train
G01_R0756,G01,holdout_G06,train
G01_R0757,G01,holdout_G06,train
G01_R0758,G01,holdout_G06,train
G01_R0759,G01,holdout_G06,train
G01_R0760,G01,holdout_G06,train
G01_R0761,G01,holdout_G06,train
G01_R0762,G01,holdout_G06,train
G01_R0763,G01,holdout_G06,train
G01_R0764,G01,holdout_G06,train
G01_R0765,G01,holdout_G06,train
G01_R0766,G01,holdout_G06,train
G01_R0767,G01,holdout_G06,train
G01_R0768,G01,holdout_G06,train
G02_R0001,G02,holdout_G06,train
G02_R0002,G02,holdout_G06,train
G02_R0003,G02,holdout_G06,train
G02_R0004,G02,holdout_G06,train
G02_R0005,G02,holdout_G06,train
G02_R0006,G02,holdout_G06,train
G02_R0007,G02,holdout_G06,train
G02_R0008,G02,holdout_G06,train
G02_R0009,G02,holdout_G06,train
G02_R0010,G02,holdout_G06,train
G02_R0011,G02,holdout_G06,train
G02_R0012,G02,holdout_G06,train
G02_R0013,G02,holdout_G06,train
G02_R0014,G02,holdout_G06,train
G02_R0015,G02,holdout_G06,train
G02_R0016,G02,holdout_G06,train
G02_R0017,G02,holdout_G06,train
G02_R0018,G02,holdout_G06,train
G02_R0019,G02,holdout_G06,train
G02_R0020,G02,holdout_G06,train
G02_R0021,G02,holdout_G06,train
G02_R0022,G02,holdout_G06,train
G02_R0023,G02,holdout_G06,train
G02_R0024,G02,holdout_G06,train
G02_R0025,G02,holdout_G06,train
G02_R0026,G02,holdout_G06,train
G02_R0027,G02,holdout_G06,train
G02_R0028,G02,holdout_G06,train
G02_R0029,G02,holdout_G06,train
G02_R0030,G02,holdout_G06,train
G02_R0031,G02,holdout_G06,train
G02_R0032,G02,holdout_G06,train
G02_R0033,G02,holdout_G06,train
G02_R0034,G02,holdout_G06,train
G02_R0035,G02,holdout_G06,train
G02_R0036,G02,holdout_G06,train
G02_R0037,G02,holdout_G06,train
G02_R0038,G02,holdout_G06,train
G02_R0039,G02,holdout_G06,train
G02_R0040,G02,holdout_G06,train
G02_R0041,G02,holdout_G06,train
G02_R0042,G02,holdout_G06,train
G02_R0043,G02,holdout_G06,train
G02_R0044,G02,holdout_G06,train
G02_R0045,G02,holdout_G06,train
G02_R0046,G02,holdout_G06,train
G02_R0047,G02,holdout_G06,train
G02_R0048,G02,holdout_G06,train
G02_R0049,G02,holdout_G06,train
G02_R0050,G02,holdout_G06,train
G02_R0051,G02,holdout_G06,train
G02_R0052,G02,holdout_G06,train
G02_R0053,G02,holdout_G06,train
G02_R0054,G02,holdout_G06,train
G02_R0055,G02,holdout_G06,train
G02_R0056,G02,holdout_G06,train
G02_R0057,G02,holdout_G06,train
G02_R0058,G02,holdout_G06,train
G02_R0059,G02,holdout_G06,train
G02_R0060,G02,holdout_G06,train
G02_R0061,G02,holdout_G06,train
G02_R0062,G02,holdout_G06,train
G02_R0063,G02,holdout_G06,train
G02_R0064,G02,holdout_G06,train
G02_R0065,G02,holdout_G06,train
G02_R0066,G02,holdout_G06,train
G02_R0067,G02,holdout_G06,train
G02_R0068,G02,holdout_G06,train
G02_R0069,G02,holdout_G06,train
G02_R0070,G02,holdout_G06,train
G02_R0071,G02,holdout_G06,train
G02_R0072,G02,holdout_G06,train
G02_R0073,G02,holdout_G06,train
G02_R0074,G02,holdout_G06,train
G02_R0075,G02,holdout_G06,train
G02_R0076,G02,holdout_G06,train
G02_R0077,G02,holdout_G06,train
G02_R0078,G02,holdout_G06,train
G02_R0079,G02,holdout_G06,train
G02_R0080,G02,holdout_G06,train
G02_R0081,G02,holdout_G06,train
G02_R0082,G02,holdout_G06,train
G02_R0083,G02,holdout_G06,train
G02_R0084,G02,holdout_G06,train
G02_R0085,G02,holdout_G06,train
G02_R0086,G02,holdout_G06,train
G02_R0087,G02,holdout_G06,train
G02_R0088,G02,holdout_G06,train
G02_R0089,G02,holdout_G06,train
G02_R0090,G02,holdout_G06,train
G02_R0091,G02,holdout_G06,train
G02_R0092,G02,holdout_G06,train
G02_R0093,G02,holdout_G06,train
G02_R0094,G02,holdout_G06,train
G02_R0095,G02,holdout_G06,train
G02_R0096,G02,holdout_G06,train
G02_R0097,G02,holdout_G06,train
G02_R0098,G02,holdout_G06,train
G02_R0099,G02,holdout_G06,train
G02_R0100,G02,holdout_G06,train
G02_R0101,G02,holdout_G06,train
G02_R0102,G02,holdout_G06,train
G02_R0103,G02,holdout_G06,train
G02_R0104,G02,holdout_G06,train
G02_R0105,G02,holdout_G06,train
G02_R0106,G02,holdout_G06,train
G02_R0107,G02,holdout_G06,train
G02_R0108,G02,holdout_G06,train
G02_R0109,G02,holdout_G06,train
G02_R0110,G02,holdout_G06,train
G02_R0111,G02,holdout_G06,train
G02_R0112,G02,holdout_G06,train
G02_R0113,G02,holdout_G06,train
G02_R0114,G02,holdout_G06,train
G02_R0115,G02,holdout_G06,train
G02_R0116,G02,holdout_G06,train
G02_R0117,G02,holdout_G06,train
G02_R0118,G02,holdout_G06,train
G02_R0119,G02,holdout_G06,train
G02_R0120,G02,holdout_G06,train
G02_R0121,G02,holdout_G06,train
G02_R0122,G02,holdout_G06,train
G02_R0123,G02,holdout_G06,train
G02_R0124,G02,holdout_G06,train
G02_R0125,G02,holdout_G06,train
G02_R0126,G02,holdout_G06,train
G02_R0127,G02,holdout_G06,train
G02_R0128,G02,holdout_G06,train
G02_R0129,G02,holdout_G06,train
G02_R0130,G02,holdout_G06,train
G02_R0131,G02,holdout_G06,train
G02_R0132,G02,holdout_G06,train
G02_R0133,G02,holdout_G06,train
G02_R0134,G02,holdout_G06,train
G02_R0135,G02,holdout_G06,train
G02_R0136,G02,holdout_G06,train
G02_R0137,G02,holdout_G06,train
G02_R0138,G02,holdout_G06,train
G02_R0139,G02,holdout_G06,train
G02_R0140,G02,holdout_G06,train
G02_R0141,G02,holdout_G06,train
G02_R0142,G02,holdout_G06,train
G02_R0143,G02,holdout_G06,train
G02_R0144,G02,holdout_G06,train
G02_R0145,G02,holdout_G06,train
G02_R0146,G02,holdout_G06,train
G02_R0147,G02,holdout_G06,train
G02_R0148,G02,holdout_G06,train
G02_R0149,G02,holdout_G06,train
G02_R0150,G02,holdout_G06,train
G02_R0151,G02,holdout_G06,train
G02_R0152,G02,holdout_G06,train
G02_R0153,G02,holdout_G06,train
G02_R0154,G02,holdout_G06,train
G02_R0155,G02,holdout_G06,train
G02_R0156,G02,holdout_G06,train
G02_R0157,G02,holdout_G06,train
G02_R0158,G02,holdout_G06,train
G02_R0159,G02,holdout_G06,train
G02_R0160,G02,holdout_G06,train
G02_R0161,G02,holdout_G06,train
G02_R0162,G02,holdout_G06,train
G02_R0163,G02,holdout_G06,train
G02_R0164,G02,holdout_G06,train
G02_R0165,G02,holdout_G06,train
G02_R0166,G02,holdout_G06,train
G02_R0167,G02,holdout_G06,train
G02_R0168,G02,holdout_G06,train
G02_R0169,G02,holdout_G06,train
G02_R0170,G02,holdout_G06,train
G02_R0171,G02,holdout_G06,train
G02_R0172,G02,holdout_G06,train
G02_R0173,G02,holdout_G06,train
G02_R0174,G02,holdout_G06,train
G02_R0175,G02,holdout_G06,train
G02_R0176,G02,holdout_G06,train
G02_R0177,G02,holdout_G06,train
G02_R0178,G02,holdout_G06,train
G02_R0179,G02,holdout_G06,train
G02_R0180,G02,holdout_G06,train
G02_R0181,G02,holdout_G06,train
G02_R0182,G02,holdout_G06,train
G02_R0183,G02,holdout_G06,train
G02_R0184,G02,holdout_G06,train
G02_R0185,G02,holdout_G06,train
G02_R0186,G02,holdout_G06,train
G02_R0187,G02,holdout_G06,train
G02_R0188,G02,holdout_G06,train
G02_R0189,G02,holdout_G06,train
G02_R0190,G02,holdout_G06,train
G02_R0191,G02,holdout_G06,train
G02_R0192,G02,holdout_G06,train
G02_R0193,G02,holdout_G06,train
G02_R0194,G02,holdout_G06,train
G02_R0195,G02,holdout_G06,train
G02_R0196,G02,holdout_G06,train
G02_R0197,G02,holdout_G06,train
G02_R0198,G02,holdout_G06,train
G02_R0199,G02,holdout_G06,train
G02_R0200,G02,holdout_G06,train
G02_R0201,G02,holdout_G06,train
G02_R0202,G02,holdout_G06,train
G02_R0203,G02,holdout_G06,train
G02_R0204,G02,holdout_G06,train
G02_R0205,G02,holdout_G06,train
G02_R0206,G02,holdout_G06,train
G02_R0207,G02,holdout_G06,train
G02_R0208,G02,holdout_G06,train
G02_R0209,G02,holdout_G06,train
G02_R0210,G02,holdout_G06,train
G02_R0211,G02,holdout_G06,train
G02_R0212,G02,holdout_G06,train
G02_R0213,G02,holdout_G06,train
G02_R0214,G02,holdout_G06,train
G02_R0215,G02,holdout_G06,train
G02_R0216,G02,holdout_G06,train
G02_R0217,G02,holdout_G06,train
G02_R0218,G02,holdout_G06,train
G02_R0219,G02,holdout_G06,train
G02_R0220,G02,holdout_G06,train
G02_R0221,G02,holdout_G06,train
G02_R0222,G02,holdout_G06,train
G02_R0223,G02,holdout_G06,train
G02_R0224,G02,holdout_G06,train
G02_R0225,G02,holdout_G06,train
G02_R0226,G02,holdout_G06,train
G02_R0227,G02,holdout_G06,train
G02_R0228,G02,holdout_G06,train
G02_R0229,G02,holdout_G06,train
G02_R0230,G02,holdout_G06,train
G02_R0231,G02,holdout_G06,train
G02_R0232,G02,holdout_G06,train
G02_R0233,G02,holdout_G06,train
G02_R0234,G02,holdout_G06,train
G02_R0235,G02,holdout_G06,train
G02_R0236,G02,holdout_G06,train
G02_R0237,G02,holdout_G06,train
G02_R0238,G02,holdout_G06,train
G02_R0239,G02,holdout_G06,train
G02_R0240,G02,holdout_G06,train
G02_R0241,G02,holdout_G06,train
G02_R0242,G02,holdout_G06,train
G02_R0243,G02,holdout_G06,train
G02_R0244,G02,holdout_G06,train
G02_R0245,G02,holdout_G06,train
G02_R0246,G02,holdout_G06,train
G02_R0247,G02,holdout_G06,train
G02_R0248,G02,holdout_G06,train
G02_R0249,G02,holdout_G06,train
G02_R0250,G02,holdout_G06,train
G02_R0251,G02,holdout_G06,train
G02_R0252,G02,holdout_G06,train
G02_R0253,G02,holdout_G06,train
G02_R0254,G02,holdout_G06,train
G02_R0255,G02,holdout_G06,train
G02_R0256,G02,holdout_G06,train
G02_R0257,G02,holdout_G06,train
G02_R0258,G02,holdout_G06,train
G02_R0259,G02,holdout_G06,train
G02_R0260,G02,holdout_G06,train
G02_R0261,G02,holdout_G06,train
G02_R0262,G02,holdout_G06,train
G02_R0263,G02,holdout_G06,train
G02_R0264,G02,holdout_G06,train
G02_R0265,G02,holdout_G06,train
G02_R0266,G02,holdout_G06,train
G02_R0267,G02,holdout_G06,train
G02_R0268,G02,holdout_G06,train
G02_R0269,G02,holdout_G06,train
G02_R0270,G02,holdout_G06,train
G02_R0271,G02,holdout_G06,train
G02_R0272,G02,holdout_G06,train
G02_R0273,G02,holdout_G06,train
G02_R0274,G02,holdout_G06,train
G02_R0275,G02,holdout_G06,train
G02_R0276,G02,holdout_G06,train
G02_R0277,G02,holdout_G06,train
G02_R0278,G02,holdout_G06,train
G02_R0279,G02,holdout_G06,train
G02_R0280,G02,holdout_G06,train
G02_R0281,G02,holdout_G06,train
G02_R0282,G02,holdout_G06,train
G02_R0283,G02,holdout_G06,train
G02_R0284,G02,holdout_G06,train
G02_R0285,G02,holdout_G06,train
G02_R0286,G02,holdout_G06,train
G02_R0287,G02,holdout_G06,train
G02_R0288,G02,holdout_G06,train
G02_R0289,G02,holdout_G06,train
G02_R0290,G02,holdout_G06,train
G02_R0291,G02,holdout_G06,train
G02_R0292,G02,holdout_G06,train
G02_R0293,G02,holdout_G06,train
G02_R0294,G02,holdout_G06,train
G02_R0295,G02,holdout_G06,train
G02_R0296,G02,holdout_G06,train
G02_R0297,G02,holdout_G06,train
G02_R0298,G02,holdout_G06,train
G02_R0299,G02,holdout_G06,train
G02_R0300,G02,holdout_G06,train
G02_R0301,G02,holdout_G06,train
G02_R0302,G02,holdout_G06,train
G02_R0303,G02,holdout_G06,train
G02_R0304,G02,holdout_G06,train
G02_R0305,G02,holdout_G06,train
G02_R0306,G02,holdout_G06,train
G02_R0307,G02,holdout_G06,train
G02_R0308,G02,holdout_G06,train
G02_R0309,G02,holdout_G06,train
G02_R0310,G02,holdout_G06,train
G02_R0311,G02,holdout_G06,train
G02_R0312,G02,holdout_G06,train
G02_R0313,G02,holdout_G06,train
G02_R0314,G02,holdout_G06,train
G02_R0315,G02,holdout_G06,train
G02_R0316,G02,holdout_G06,train
G02_R0317,G02,holdout_G06,train
G02_R0318,G02,holdout_G06,train
G02_R0319,G02,holdout_G06,train
G02_R0320,G02,holdout_G06,train
G02_R0321,G02,holdout_G06,train
G02_R0322,G02,holdout_G06,train
G02_R0323,G02,holdout_G06,train
G02_R0324,G02,holdout_G06,train
G02_R0325,G02,holdout_G06,train
G02_R0326,G02,holdout_G06,train
G02_R0327,G02,holdout_G06,train
G02_R0328,G02,holdout_G06,train
G02_R0329,G02,holdout_G06,train
G02_R0330,G02,holdout_G06,train
G02_R0331,G02,holdout_G06,train
G02_R0332,G02,holdout_G06,train
G02_R0333,G02,holdout_G06,train
G02_R0334,G02,holdout_G06,train
G02_R0335,G02,holdout_G06,train
G02_R0336,G02,holdout_G06,train
G02_R0337,G02,holdout_G06,train
G02_R0338,G02,holdout_G06,train
G02_R0339,G02,holdout_G06,train
G02_R0340,G02,holdout_G06,train
G02_R0341,G02,holdout_G06,train
G02_R0342,G02,holdout_G06,train
G02_R0343,G02,holdout_G06,train
G02_R0344,G02,holdout_G06,train
G02_R0345,G02,holdout_G06,train
G02_R0346,G02,holdout_G06,train
G02_R0347,G02,holdout_G06,train
G02_R0348,G02,holdout_G06,train
G02_R0349,G02,holdout_G06,train
G02_R0350,G02,holdout_G06,train
G02_R0351,G02,holdout_G06,train
G02_R0352,G02,holdout_G06,train
G02_R0353,G02,holdout_G06,train
G02_R0354,G02,holdout_G06,train
G02_R0355,G02,holdout_G06,train
G02_R0356,G02,holdout_G06,train
G02_R0357,G02,holdout_G06,train
G02_R0358,G02,holdout_G06,train
G02_R0359,G02,holdout_G06,train
G02_R0360,G02,holdout_G06,train
G02_R0361,G02,holdout_G06,train
G02_R0362,G02,holdout_G06,train
G02_R0363,G02,holdout_G06,train
G02_R0364,G02,holdout_G06,train
G02_R0365,G02,holdout_G06,train
G02_R0366,G02,holdout_G06,train
G02_R0367,G02,holdout_G06,train
G02_R0368,G02,holdout_G06,train
G02_R0369,G02,holdout_G06,train
G02_R0370,G02,holdout_G06,train
G02_R0371,G02,holdout_G06,train
G02_R0372,G02,holdout_G06,train
G02_R0373,G02,holdout_G06,train
G02_R0374,G02,holdout_G06,train
G02_R0375,G02,holdout_G06,train
G02_R0376,G02,holdout_G06,train
G02_R0377,G02,holdout_G06,train
G02_R0378,G02,holdout_G06,train
G02_R0379,G02,holdout_G06,train
G02_R0380,G02,holdout_G06,train
G02_R0381,G02,holdout_G06,train
G02_R0382,G02,holdout_G06,train
G02_R0383,G02,holdout_G06,train
G02_R0384,G02,holdout_G06,train
G02_R0385,G02,holdout_G06,train
G02_R0386,G02,holdout_G06,train
G02_R0387,G02,holdout_G06,train
G02_R0388,G02,holdout_G06,train
G02_R0389,G02,holdout_G06,train
G02_R0390,G02,holdout_G06,train
G02_R0391,G02,holdout_G06,train
G02_R0392,G02,holdout_G06,train
G02_R0393,G02,holdout_G06,train
G02_R0394,G02,holdout_G06,train
G02_R0395,G02,holdout_G06,train
G02_R0396,G02,holdout_G06,train
G02_R0397,G02,holdout_G06,train
G02_R0398,G02,holdout_G06,train
G02_R0399,G02,holdout_G06,train
G02_R0400,G02,holdout_G06,train
G02_R0401,G02,holdout_G06,train
G02_R0402,G02,holdout_G06,train
G02_R0403,G02,holdout_G06,train
G02_R0404,G02,holdout_G06,train
G02_R0405,G02,holdout_G06,train
G02_R0406,G02,holdout_G06,train
G02_R0407,G02,holdout_G06,train
G02_R0408,G02,holdout_G06,train
G02_R0409,G02,holdout_G06,train
G02_R0410,G02,holdout_G06,train
G02_R0411,G02,holdout_G06,train
G02_R0412,G02,holdout_G06,train
G02_R0413,G02,holdout_G06,train
G02_R0414,G02,holdout_G06,train
G02_R0415,G02,holdout_G06,train
G02_R0416,G02,holdout_G06,train
G02_R0417,G02,holdout_G06,train
G02_R0418,G02,holdout_G06,train
G02_R0419,G02,holdout_G06,train
G02_R0420,G02,holdout_G06,train
G02_R0421,G02,holdout_G06,train
G02_R0422,G02,holdout_G06,train
G02_R0423,G02,holdout_G06,train
G02_R0424,G02,holdout_G06,train
G02_R0425,G02,holdout_G06,train
G02_R0426,G02,holdout_G06,train
G02_R0427,G02,holdout_G06,train
G02_R0428,G02,holdout_G06,train
G02_R0429,G02,holdout_G06,train
G02_R0430,G02,holdout_G06,train
G02_R0431,G02,holdout_G06,train
G02_R0432,G02,holdout_G06,train
G02_R0433,G02,holdout_G06,train
G02_R0434,G02,holdout_G06,train
G02_R0435,G02,holdout_G06,train
G02_R0436,G02,holdout_G06,train
G02_R0437,G02,holdout_G06,train
G02_R0438,G02,holdout_G06,train
G02_R0439,G02,holdout_G06,train
G02_R0440,G02,holdout_G06,train
G02_R0441,G02,holdout_G06,train
G02_R0442,G02,holdout_G06,train
G02_R0443,G02,holdout_G06,train
G02_R0444,G02,holdout_G06,train
G02_R0445,G02,holdout_G06,train
G02_R0446,G02,holdout_G06,train
G02_R0447,G02,holdout_G06,train
G02_R0448,G02,holdout_G06,train
G02_R0449,G02,holdout_G06,train
G02_R0450,G02,holdout_G06,train
G02_R0451,G02,holdout_G06,train
G02_R0452,G02,holdout_G06,train
G02_R0453,G02,holdout_G06,train
G02_R0454,G02,holdout_G06,train
G02_R0455,G02,holdout_G06,train
G02_R0456,G02,holdout_G06,train
G02_R0457,G02,holdout_G06,train
G02_R0458,G02,holdout_G06,train
G02_R0459,G02,holdout_G06,train
G02_R0460,G02,holdout_G06,train
G02_R0461,G02,holdout_G06,train
G02_R0462,G02,holdout_G06,train
G02_R0463,G02,holdout_G06,train
G02_R0464,G02,holdout_G06,train
G02_R0465,G02,holdout_G06,train
G02_R0466,G02,holdout_G06,train
G02_R0467,G02,holdout_G06,train
G02_R0468,G02,holdout_G06,train
G02_R0469,G02,holdout_G06,train
G02_R0470,G02,holdout_G06,train
G02_R0471,G02,holdout_G06,train
G02_R0472,G02,holdout_G06,train
G02_R0473,G02,holdout_G06,train
G02_R0474,G02,holdout_G06,train
G02_R0475,G02,holdout_G06,train
G02_R0476,G02,holdout_G06,train
G02_R0477,G02,holdout_G06,train
G02_R0478,G02,holdout_G06,train
G02_R0479,G02,holdout_G06,train
G02_R0480,G02,holdout_G06,train
G02_R0481,G02,holdout_G06,train
G02_R0482,G02,holdout_G06,train
G02_R0483,G02,holdout_G06,train
G02_R0484,G02,holdout_G06,train
G02_R0485,G02,holdout_G06,train
G02_R0486,G02,holdout_G06,train
G02_R0487,G02,holdout_G06,train
G02_R0488,G02,holdout_G06,train
G02_R0489,G02,holdout_G06,train
G02_R0490,G02,holdout_G06,train
G02_R0491,G02,holdout_G06,train
G02_R0492,G02,holdout_G06,train
G02_R0493,G02,holdout_G06,train
G02_R0494,G02,holdout_G06,train
G02_R0495,G02,holdout_G06,train
G02_R0496,G02,holdout_G06,train
G02_R0497,G02,holdout_G06,train
G02_R0498,G02,holdout_G06,train
G02_R0499,G02,holdout_G06,train
G02_R0500,G02,holdout_G06,train
G02_R0501,G02,holdout_G06,train
G02_R0502,G02,holdout_G06,train
G02_R0503,G02,holdout_G06,train
G02_R0504,G02,holdout_G06,train
G02_R0505,G02,holdout_G06,train
G02_R0506,G02,holdout_G06,train
G02_R0507,G02,holdout_G06,train
G02_R0508,G02,holdout_G06,train
G02_R0509,G02,holdout_G06,train
G02_R0510,G02,holdout_G06,train
G02_R0511,G02,holdout_G06,train
G02_R0512,G02,holdout_G06,train
G02_R0513,G02,holdout_G06,train
G02_R0514,G02,holdout_G06,train
G02_R0515,G02,holdout_G06,train
G02_R0516,G02,holdout_G06,train
G02_R0517,G02,holdout_G06,train
G02_R0518,G02,holdout_G06,train
G02_R0519,G02,holdout_G06,train
G02_R0520,G02,holdout_G06,train
G02_R0521,G02,holdout_G06,train
G02_R0522,G02,holdout_G06,train
G02_R0523,G02,holdout_G06,train
G02_R0524,G02,holdout_G06,train
G02_R0525,G02,holdout_G06,train
G02_R0526,G02,holdout_G06,train
G02_R0527,G02,holdout_G06,train
G02_R0528,G02,holdout_G06,train
G02_R0529,G02,holdout_G06,train
G02_R0530,G02,holdout_G06,train
G02_R0531,G02,holdout_G06,train
G02_R0532,G02,holdout_G06,train
G02_R0533,G02,holdout_G06,train
G02_R0534,G02,holdout_G06,train
G02_R0535,G02,holdout_G06,train
G02_R0536,G02,holdout_G06,train
G02_R0537,G02,holdout_G06,train
G02_R0538,G02,holdout_G06,train
G02_R0539,G02,holdout_G06,train
G02_R0540,G02,holdout_G06,train
G02_R0541,G02,holdout_G06,train
G02_R0542,G02,holdout_G06,train
G02_R0543,G02,holdout_G06,train
G02_R0544,G02,holdout_G06,train
G02_R0545,G02,holdout_G06,train
G02_R0546,G02,holdout_G06,train
G02_R0547,G02,holdout_G06,train
G02_R0548,G02,holdout_G06,train
G02_R0549,G02,holdout_G06,train
G02_R0550,G02,holdout_G06,train
G02_R0551,G02,holdout_G06,train
G02_R0552,G02,holdout_G06,train
G02_R0553,G02,holdout_G06,train
G02_R0554,G02,holdout_G06,train
G02_R0555,G02,holdout_G06,train
G02_R0556,G02,holdout_G06,train
G02_R0557,G02,holdout_G06,train
G02_R0558,G02,holdout_G06,train
G02_R0559,G02,holdout_G06,train
G02_R0560,G02,holdout_G06,train
G02_R0561,G02,holdout_G06,train
G02_R0562,G02,holdout_G06,train
G02_R0563,G02,holdout_G06,train
G02_R0564,G02,holdout_G06,train
G02_R0565,G02,holdout_G06,train
G02_R0566,G02,holdout_G06,train
G02_R0567,G02,holdout_G06,train
G02_R0568,G02,holdout_G06,train
G02_R0569,G02,holdout_G06,train
G02_R0570,G02,holdout_G06,train
G02_R0571,G02,holdout_G06,train
G02_R0572,G02,holdout_G06,train
G02_R0573,G02,holdout_G06,train
G02_R0574,G02,holdout_G06,train
G02_R0575,G02,holdout_G06,train
G02_R0576,G02,holdout_G06,train
G02_R0577,G02,holdout_G06,train
G02_R0578,G02,holdout_G06,train
G02_R0579,G02,holdout_G06,train
G02_R0580,G02,holdout_G06,train
G02_R0581,G02,holdout_G06,train
G02_R0582,G02,holdout_G06,train
G02_R0583,G02,holdout_G06,train
G02_R0584,G02,holdout_G06,train
G02_R0585,G02,holdout_G06,train
G02_R0586,G02,holdout_G06,train
G02_R0587,G02,holdout_G06,train
G02_R0588,G02,holdout_G06,train
G02_R0589,G02,holdout_G06,train
G02_R0590,G02,holdout_G06,train
G02_R0591,G02,holdout_G06,train
G02_R0592,G02,holdout_G06,train
G02_R0593,G02,holdout_G06,train
G02_R0594,G02,holdout_G06,train
G02_R0595,G02,holdout_G06,train
G02_R0596,G02,holdout_G06,train
G02_R0597,G02,holdout_G06,train
G02_R0598,G02,holdout_G06,train
G02_R0599,G02,holdout_G06,train
G02_R0600,G02,holdout_G06,train
G02_R0601,G02,holdout_G06,train
G02_R0602,G02,holdout_G06,train
G02_R0603,G02,holdout_G06,train
G02_R0604,G02,holdout_G06,train
G02_R0605,G02,holdout_G06,train
G02_R0606,G02,holdout_G06,train
G02_R0607,G02,holdout_G06,train
G02_R0608,G02,holdout_G06,train
G02_R0609,G02,holdout_G06,train
G02_R0610,G02,holdout_G06,train
G02_R0611,G02,holdout_G06,train
G02_R0612,G02,holdout_G06,train
G02_R0613,G02,holdout_G06,train
G02_R0614,G02,holdout_G06,train
G02_R0615,G02,holdout_G06,train
G02_R0616,G02,holdout_G06,train
G02_R0617,G02,holdout_G06,train
G02_R0618,G02,holdout_G06,train
G02_R0619,G02,holdout_G06,train
G02_R0620,G02,holdout_G06,train
G02_R0621,G02,holdout_G06,train
G02_R0622,G02,holdout_G06,train
G02_R0623,G02,holdout_G06,train
G02_R0624,G02,holdout_G06,train
G02_R0625,G02,holdout_G06,train
G02_R0626,G02,holdout_G06,train
G02_R0627,G02,holdout_G06,train
G02_R0628,G02,holdout_G06,train
G02_R0629,G02,holdout_G06,train
G02_R0630,G02,holdout_G06,train
G02_R0631,G02,holdout_G06,train
G02_R0632,G02,holdout_G06,train
G02_R0633,G02,holdout_G06,train
G02_R0634,G02,holdout_G06,train
G02_R0635,G02,holdout_G06,train
G02_R0636,G02,holdout_G06,train
G02_R0637,G02,holdout_G06,train
G02_R0638,G02,holdout_G06,train
G02_R0639,G02,holdout_G06,train
G02_R0640,G02,holdout_G06,train
G02_R0641,G02,holdout_G06,train
G02_R0642,G02,holdout_G06,train
G02_R0643,G02,holdout_G06,train
G02_R0644,G02,holdout_G06,train
G02_R0645,G02,holdout_G06,train
G02_R0646,G02,holdout_G06,train
G02_R0647,G02,holdout_G06,train
G02_R0648,G02,holdout_G06,train
G02_R0649,G02,holdout_G06,train
G02_R0650,G02,holdout_G06,train
G02_R0651,G02,holdout_G06,train
G02_R0652,G02,holdout_G06,train
G02_R0653,G02,holdout_G06,train
G02_R0654,G02,holdout_G06,train
G02_R0655,G02,holdout_G06,train
G02_R0656,G02,holdout_G06,train
G02_R0657,G02,holdout_G06,train
G02_R0658,G02,holdout_G06,train
G02_R0659,G02,holdout_G06,train
G02_R0660,G02,holdout_G06,train
G02_R0661,G02,holdout_G06,train
G02_R0662,G02,holdout_G06,train
G02_R0663,G02,holdout_G06,train
G02_R0664,G02,holdout_G06,train
G02_R0665,G02,holdout_G06,train
G02_R0666,G02,holdout_G06,train
G02_R0667,G02,holdout_G06,train
G02_R0668,G02,holdout_G06,train
G02_R0669,G02,holdout_G06,train
G02_R0670,G02,holdout_G06,train
G02_R0671,G02,holdout_G06,train
G02_R0672,G02,holdout_G06,train
G02_R0673,G02,holdout_G06,train
G02_R0674,G02,holdout_G06,train
G02_R0675,G02,holdout_G06,train
G02_R0676,G02,holdout_G06,train
G02_R0677,G02,holdout_G06,train
G02_R0678,G02,holdout_G06,train
G02_R0679,G02,holdout_G06,train
G02_R0680,G02,holdout_G06,train
G02_R0681,G02,holdout_G06,train
G02_R0682,G02,holdout_G06,train
G02_R0683,G02,holdout_G06,train
G02_R0684,G02,holdout_G06,train
G02_R0685,G02,holdout_G06,train
G02_R0686,G02,holdout_G06,train
G02_R0687,G02,holdout_G06,train
G02_R0688,G02,holdout_G06,train
G02_R0689,G02,holdout_G06,train
G02_R0690,G02,holdout_G06,train
G02_R0691,G02,holdout_G06,train
G02_R0692,G02,holdout_G06,train
G02_R0693,G02,holdout_G06,train
G02_R0694,G02,holdout_G06,train
G02_R0695,G02,holdout_G06,train
G02_R0696,G02,holdout_G06,train
G02_R0697,G02,holdout_G06,train
G02_R0698,G02,holdout_G06,train
G02_R0699,G02,holdout_G06,train
G02_R0700,G02,holdout_G06,train
G02_R0701,G02,holdout_G06,train
G02_R0702,G02,holdout_G06,train
G02_R0703,G02,holdout_G06,train
G02_R0704,G02,holdout_G06,train
G02_R0705,G02,holdout_G06,train
G02_R0706,G02,holdout_G06,train
G02_R0707,G02,holdout_G06,train
G02_R0708,G02,holdout_G06,train
G02_R0709,G02,holdout_G06,train
G02_R0710,G02,holdout_G06,train
G02_R0711,G02,holdout_G06,train
G02_R0712,G02,holdout_G06,train
G02_R0713,G02,holdout_G06,train
G02_R0714,G02,holdout_G06,train
G02_R0715,G02,holdout_G06,train
G02_R0716,G02,holdout_G06,train
G02_R0717,G02,holdout_G06,train
G02_R0718,G02,holdout_G06,train
G02_R0719,G02,holdout_G06,train
G02_R0720,G02,holdout_G06,train
G02_R0721,G02,holdout_G06,train
G02_R0722,G02,holdout_G06,train
G02_R0723,G02,holdout_G06,train
G02_R0724,G02,holdout_G06,train
G02_R0725,G02,holdout_G06,train
G02_R0726,G02,holdout_G06,train
G02_R0727,G02,holdout_G06,train
G02_R0728,G02,holdout_G06,train
G02_R0729,G02,holdout_G06,train
G02_R0730,G02,holdout_G06,train
G02_R0731,G02,holdout_G06,train
G02_R0732,G02,holdout_G06,train
G02_R0733,G02,holdout_G06,train
G02_R0734,G02,holdout_G06,train
G02_R0735,G02,holdout_G06,train
G02_R0736,G02,holdout_G06,train
G02_R0737,G02,holdout_G06,train
G02_R0738,G02,holdout_G06,train
G02_R0739,G02,holdout_G06,train
G02_R0740,G02,holdout_G06,train
G02_R0741,G02,holdout_G06,train
G02_R0742,G02,holdout_G06,train
G02_R0743,G02,holdout_G06,train
G02_R0744,G02,holdout_G06,train
G02_R0745,G02,holdout_G06,train
G02_R0746,G02,holdout_G06,train
G02_R0747,G02,holdout_G06,train
G02_R0748,G02,holdout_G06,train
G02_R0749,G02,holdout_G06,train
G02_R0750,G02,holdout_G06,train
G02_R0751,G02,holdout_G06,train
G02_R0752,G02,holdout_G06,train
G02_R0753,G02,holdout_G06,train
G02_R0754,G02,holdout_G06,train
G02_R0755,G02,holdout_G06,train
G02_R0756,G02,holdout_G06,train
G02_R0757,G02,holdout_G06,train
G02_R0758,G02,holdout_G06,train
G02_R0759,G02,holdout_G06,train
G02_R0760,G02,holdout_G06,train
G02_R0761,G02,holdout_G06,train
G02_R0762,G02,holdout_G06,train
G02_R0763,G02,holdout_G06,train
G02_R0764,G02,holdout_G06,train
G02_R0765,G02,holdout_G06,train
G02_R0766,G02,holdout_G06,train
G02_R0767,G02,holdout_G06,train
G02_R0768,G02,holdout_G06,train
G03_R0001,G03,holdout_G06,train
G03_R0002,G03,holdout_G06,train
G03_R0003,G03,holdout_G06,train
G03_R0004,G03,holdout_G06,train
G03_R0005,G03,holdout_G06,train
G03_R0006,G03,holdout_G06,train
G03_R0007,G03,holdout_G06,train
G03_R0008,G03,holdout_G06,train
G03_R0009,G03,holdout_G06,train
G03_R0010,G03,holdout_G06,train
G03_R0011,G03,holdout_G06,train
G03_R0012,G03,holdout_G06,train
G03_R0013,G03,holdout_G06,train
G03_R0014,G03,holdout_G06,train
G03_R0015,G03,holdout_G06,train
G03_R0016,G03,holdout_G06,train
G03_R0017,G03,holdout_G06,train
G03_R0018,G03,holdout_G06,train
G03_R0019,G03,holdout_G06,train
G03_R0020,G03,holdout_G06,train
G03_R0021,G03,holdout_G06,train
G03_R0022,G03,holdout_G06,train
G03_R0023,G03,holdout_G06,train
G03_R0024,G03,holdout_G06,train
G03_R0025,G03,holdout_G06,train
G03_R0026,G03,holdout_G06,train
G03_R0027,G03,holdout_G06,train
G03_R0028,G03,holdout_G06,train
G03_R0029,G03,holdout_G06,train
G03_R0030,G03,holdout_G06,train
G03_R0031,G03,holdout_G06,train
G03_R0032,G03,holdout_G06,train
G03_R0033,G03,holdout_G06,train
G03_R0034,G03,holdout_G06,train
G03_R0035,G03,holdout_G06,train
G03_R0036,G03,holdout_G06,train
G03_R0037,G03,holdout_G06,train
G03_R0038,G03,holdout_G06,train
G03_R0039,G03,holdout_G06,train
G03_R0040,G03,holdout_G06,train
G03_R0041,G03,holdout_G06,train
G03_R0042,G03,holdout_G06,train
G03_R0043,G03,holdout_G06,train
G03_R0044,G03,holdout_G06,train
G03_R0045,G03,holdout_G06,train
G03_R0046,G03,holdout_G06,train
G03_R0047,G03,holdout_G06,train
G03_R0048,G03,holdout_G06,train
G03_R0049,G03,holdout_G06,train
G03_R0050,G03,holdout_G06,train
G03_R0051,G03,holdout_G06,train
G03_R0052,G03,holdout_G06,train
G03_R0053,G03,holdout_G06,train
G03_R0054,G03,holdout_G06,train
G03_R0055,G03,holdout_G06,train
G03_R0056,G03,holdout_G06,train
G03_R0057,G03,holdout_G06,train
G03_R0058,G03,holdout_G06,train
G03_R0059,G03,holdout_G06,train
G03_R0060,G03,holdout_G06,train
G03_R0061,G03,holdout_G06,train
G03_R0062,G03,holdout_G06,train
G03_R0063,G03,holdout_G06,train
G03_R0064,G03,holdout_G06,train
G03_R0065,G03,holdout_G06,train
G03_R0066,G03,holdout_G06,train
G03_R0067,G03,holdout_G06,train
G03_R0068,G03,holdout_G06,train
G03_R0069,G03,holdout_G06,train
G03_R0070,G03,holdout_G06,train
G03_R0071,G03,holdout_G06,train
G03_R0072,G03,holdout_G06,train
G03_R0073,G03,holdout_G06,train
G03_R0074,G03,holdout_G06,train
G03_R0075,G03,holdout_G06,train
G03_R0076,G03,holdout_G06,train
G03_R0077,G03,holdout_G06,train
G03_R0078,G03,holdout_G06,train
G03_R0079,G03,holdout_G06,train
G03_R0080,G03,holdout_G06,train
G03_R0081,G03,holdout_G06,train
G03_R0082,G03,holdout_G06,train
G03_R0083,G03,holdout_G06,train
G03_R0084,G03,holdout_G06,train
G03_R0085,G03,holdout_G06,train
G03_R0086,G03,holdout_G06,train
G03_R0087,G03,holdout_G06,train
G03_R0088,G03,holdout_G06,train
G03_R0089,G03,holdout_G06,train
G03_R0090,G03,holdout_G06,train
G03_R0091,G03,holdout_G06,train
G03_R0092,G03,holdout_G06,train
G03_R0093,G03,holdout_G06,train
G03_R0094,G03,holdout_G06,train
G03_R0095,G03,holdout_G06,train
G03_R0096,G03,holdout_G06,train
G03_R0097,G03,holdout_G06,train
G03_R0098,G03,holdout_G06,train
G03_R0099,G03,holdout_G06,train
G03_R0100,G03,holdout_G06,train
G03_R0101,G03,holdout_G06,train
G03_R0102,G03,holdout_G06,train
G03_R0103,G03,holdout_G06,train
G03_R0104,G03,holdout_G06,train
G03_R0105,G03,holdout_G06,train
G03_R0106,G03,holdout_G06,train
G03_R0107,G03,holdout_G06,train
G03_R0108,G03,holdout_G06,train
G03_R0109,G03,holdout_G06,train
G03_R0110,G03,holdout_G06,train
G03_R0111,G03,holdout_G06,train
G03_R0112,G03,holdout_G06,train
G03_R0113,G03,holdout_G06,train
G03_R0114,G03,holdout_G06,train
G03_R0115,G03,holdout_G06,train
G03_R0116,G03,holdout_G06,train
G03_R0117,G03,holdout_G06,train
G03_R0118,G03,holdout_G06,train
G03_R0119,G03,holdout_G06,train
G03_R0120,G03,holdout_G06,train
G03_R0121,G03,holdout_G06,train
G03_R0122,G03,holdout_G06,train
G03_R0123,G03,holdout_G06,train
G03_R0124,G03,holdout_G06,train
G03_R0125,G03,holdout_G06,train
G03_R0126,G03,holdout_G06,train
G03_R0127,G03,holdout_G06,train
G03_R0128,G03,holdout_G06,train
G03_R0129,G03,holdout_G06,train
G03_R0130,G03,holdout_G06,train
G03_R0131,G03,holdout_G06,train
G03_R0132,G03,holdout_G06,train
G03_R0133,G03,holdout_G06,train
G03_R0134,G03,holdout_G06,train
G03_R0135,G03,holdout_G06,train
G03_R0136,G03,holdout_G06,train
G03_R0137,G03,holdout_G06,train
G03_R0138,G03,holdout_G06,train
G03_R0139,G03,holdout_G06,train
G03_R0140,G03,holdout_G06,train
G03_R0141,G03,holdout_G06,train
G03_R0142,G03,holdout_G06,train
G03_R0143,G03,holdout_G06,train
G03_R0144,G03,holdout_G06,train
G03_R0145,G03,holdout_G06,train
G03_R0146,G03,holdout_G06,train
G03_R0147,G03,holdout_G06,train
G03_R0148,G03,holdout_G06,train
G03_R0149,G03,holdout_G06,train
G03_R0150,G03,holdout_G06,train
G03_R0151,G03,holdout_G06,train
G03_R0152,G03,holdout_G06,train
G03_R0153,G03,holdout_G06,train
G03_R0154,G03,holdout_G06,train
G03_R0155,G03,holdout_G06,train
G03_R0156,G03,holdout_G06,train
G03_R0157,G03,holdout_G06,train
G03_R0158,G03,holdout_G06,train
G03_R0159,G03,holdout_G06,train
G03_R0160,G03,holdout_G06,train
G03_R0161,G03,holdout_G06,train
G03_R0162,G03,holdout_G06,train
G03_R0163,G03,holdout_G06,train
G03_R0164,G03,holdout_G06,train
G03_R0165,G03,holdout_G06,train
G03_R0166,G03,holdout_G06,train
G03_R0167,G03,holdout_G06,train
G03_R0168,G03,holdout_G06,train
G03_R0169,G03,holdout_G06,train
G03_R0170,G03,holdout_G06,train
G03_R0171,G03,holdout_G06,train
G03_R0172,G03,holdout_G06,train
G03_R0173,G03,holdout_G06,train
G03_R0174,G03,holdout_G06,train
G03_R0175,G03,holdout_G06,train
G03_R0176,G03,holdout_G06,train
G03_R0177,G03,holdout_G06,train
G03_R0178,G03,holdout_G06,train
G03_R0179,G03,holdout_G06,train
G03_R0180,G03,holdout_G06,train
G03_R0181,G03,holdout_G06,train
G03_R0182,G03,holdout_G06,train
G03_R0183,G03,holdout_G06,train
G03_R0184,G03,holdout_G06,train
G03_R0185,G03,holdout_G06,train
G03_R0186,G03,holdout_G06,train
G03_R0187,G03,holdout_G06,train
G03_R0188,G03,holdout_G06,train
G03_R0189,G03,holdout_G06,train
G03_R0190,G03,holdout_G06,train
G03_R0191,G03,holdout_G06,train
G03_R0192,G03,holdout_G06,train
G03_R0193,G03,holdout_G06,train
G03_R0194,G03,holdout_G06,train
G03_R0195,G03,holdout_G06,train
G03_R0196,G03,holdout_G06,train
G03_R0197,G03,holdout_G06,train
G03_R0198,G03,holdout_G06,train
G03_R0199,G03,holdout_G06,train
G03_R0200,G03,holdout_G06,train
G03_R0201,G03,holdout_G06,train
G03_R0202,G03,holdout_G06,train
G03_R0203,G03,holdout_G06,train
G03_R0204,G03,holdout_G06,train
G03_R0205,G03,holdout_G06,train
G03_R0206,G03,holdout_G06,train
G03_R0207,G03,holdout_G06,train
G03_R0208,G03,holdout_G06,train
G03_R0209,G03,holdout_G06,train
G03_R0210,G03,holdout_G06,train
G03_R0211,G03,holdout_G06,train
G03_R0212,G03,holdout_G06,train
G03_R0213,G03,holdout_G06,train
G03_R0214,G03,holdout_G06,train
G03_R0215,G03,holdout_G06,train
G03_R0216,G03,holdout_G06,train
G03_R0217,G03,holdout_G06,train
G03_R0218,G03,holdout_G06,train
G03_R0219,G03,holdout_G06,train
G03_R0220,G03,holdout_G06,train
G03_R0221,G03,holdout_G06,train
G03_R0222,G03,holdout_G06,train
G03_R0223,G03,holdout_G06,train
G03_R0224,G03,holdout_G06,train
G03_R0225,G03,holdout_G06,train
G03_R0226,G03,holdout_G06,train
G03_R0227,G03,holdout_G06,train
G03_R0228,G03,holdout_G06,train
G03_R0229,G03,holdout_G06,train
G03_R0230,G03,holdout_G06,train
G03_R0231,G03,holdout_G06,train
G03_R0232,G03,holdout_G06,train
G03_R0233,G03,holdout_G06,train
G03_R0234,G03,holdout_G06,train
G03_R0235,G03,holdout_G06,train
G03_R0236,G03,holdout_G06,train
G03_R0237,G03,holdout_G06,train
G03_R0238,G03,holdout_G06,train
G03_R0239,G03,holdout_G06,train
G03_R0240,G03,holdout_G06,train
G03_R0241,G03,holdout_G06,train
G03_R0242,G03,holdout_G06,train
G03_R0243,G03,holdout_G06,train
G03_R0244,G03,holdout_G06,train
G03_R0245,G03,holdout_G06,train
G03_R0246,G03,holdout_G06,train
G03_R0247,G03,holdout_G06,train
G03_R0248,G03,holdout_G06,train
G03_R0249,G03,holdout_G06,train
G03_R0250,G03,holdout_G06,train
G03_R0251,G03,holdout_G06,train
G03_R0252,G03,holdout_G06,train
G03_R0253,G03,holdout_G06,train
G03_R0254,G03,holdout_G06,train
G03_R0255,G03,holdout_G06,train
G03_R0256,G03,holdout_G06,train
G03_R0257,G03,holdout_G06,train
G03_R0258,G03,holdout_G06,train
G03_R0259,G03,holdout_G06,train
G03_R0260,G03,holdout_G06,train
G03_R0261,G03,holdout_G06,train
G03_R0262,G03,holdout_G06,train
G03_R0263,G03,holdout_G06,train
G03_R0264,G03,holdout_G06,train
G03_R0265,G03,holdout_G06,train
G03_R0266,G03,holdout_G06,train
G03_R0267,G03,holdout_G06,train
G03_R0268,G03,holdout_G06,train
G03_R0269,G03,holdout_G06,train
G03_R0270,G03,holdout_G06,train
G03_R0271,G03,holdout_G06,train
G03_R0272,G03,holdout_G06,train
G03_R0273,G03,holdout_G06,train
G03_R0274,G03,holdout_G06,train
G03_R0275,G03,holdout_G06,train
G03_R0276,G03,holdout_G06,train
G03_R0277,G03,holdout_G06,train
G03_R0278,G03,holdout_G06,train
G03_R0279,G03,holdout_G06,train
G03_R0280,G03,holdout_G06,train
G03_R0281,G03,holdout_G06,train
G03_R0282,G03,holdout_G06,train
G03_R0283,G03,holdout_G06,train
G03_R0284,G03,holdout_G06,train
G03_R0285,G03,holdout_G06,train
G03_R0286,G03,holdout_G06,train
G03_R0287,G03,holdout_G06,train
G03_R0288,G03,holdout_G06,train
G03_R0289,G03,holdout_G06,train
G03_R0290,G03,holdout_G06,train
G03_R0291,G03,holdout_G06,train
G03_R0292,G03,holdout_G06,train
G03_R0293,G03,holdout_G06,train
G03_R0294,G03,holdout_G06,train
G03_R0295,G03,holdout_G06,train
G03_R0296,G03,holdout_G06,train
G03_R0297,G03,holdout_G06,train
G03_R0298,G03,holdout_G06,train
G03_R0299,G03,holdout_G06,train
G03_R0300,G03,holdout_G06,train
G03_R0301,G03,holdout_G06,train
G03_R0302,G03,holdout_G06,train
G03_R0303,G03,holdout_G06,train
G03_R0304,G03,holdout_G06,train
G03_R0305,G03,holdout_G06,train
G03_R0306,G03,holdout_G06,train
G03_R0307,G03,holdout_G06,train
G03_R0308,G03,holdout_G06,train
G03_R0309,G03,holdout_G06,train
G03_R0310,G03,holdout_G06,train
G03_R0311,G03,holdout_G06,train
G03_R0312,G03,holdout_G06,train
G03_R0313,G03,holdout_G06,train
G03_R0314,G03,holdout_G06,train
G03_R0315,G03,holdout_G06,train
G03_R0316,G03,holdout_G06,train
G03_R0317,G03,holdout_G06,train
G03_R0318,G03,holdout_G06,train
G03_R0319,G03,holdout_G06,train
G03_R0320,G03,holdout_G06,train
G03_R0321,G03,holdout_G06,train
G03_R0322,G03,holdout_G06,train
G03_R0323,G03,holdout_G06,train
G03_R0324,G03,holdout_G06,train
G03_R0325,G03,holdout_G06,train
G03_R0326,G03,holdout_G06,train
G03_R0327,G03,holdout_G06,train
G03_R0328,G03,holdout_G06,train
G03_R0329,G03,holdout_G06,train
G03_R0330,G03,holdout_G06,train
G03_R0331,G03,holdout_G06,train
G03_R0332,G03,holdout_G06,train
G03_R0333,G03,holdout_G06,train
G03_R0334,G03,holdout_G06,train
G03_R0335,G03,holdout_G06,train
G03_R0336,G03,holdout_G06,train
G03_R0337,G03,holdout_G06,train
G03_R0338,G03,holdout_G06,train
G03_R0339,G03,holdout_G06,train
G03_R0340,G03,holdout_G06,train
G03_R0341,G03,holdout_G06,train
G03_R0342,G03,holdout_G06,train
G03_R0343,G03,holdout_G06,train
G03_R0344,G03,holdout_G06,train
G03_R0345,G03,holdout_G06,train
G03_R0346,G03,holdout_G06,train
G03_R0347,G03,holdout_G06,train
G03_R0348,G03,holdout_G06,train
G03_R0349,G03,holdout_G06,train
G03_R0350,G03,holdout_G06,train
G03_R0351,G03,holdout_G06,train
G03_R0352,G03,holdout_G06,train
G03_R0353,G03,holdout_G06,train
G03_R0354,G03,holdout_G06,train
G03_R0355,G03,holdout_G06,train
G03_R0356,G03,holdout_G06,train
G03_R0357,G03,holdout_G06,train
G03_R0358,G03,holdout_G06,train
G03_R0359,G03,holdout_G06,train
G03_R0360,G03,holdout_G06,train
G03_R0361,G03,holdout_G06,train
G03_R0362,G03,holdout_G06,train
G03_R0363,G03,holdout_G06,train
G03_R0364,G03,holdout_G06,train
G03_R0365,G03,holdout_G06,train
G03_R0366,G03,holdout_G06,train
G03_R0367,G03,holdout_G06,train
G03_R0368,G03,holdout_G06,train
G03_R0369,G03,holdout_G06,train
G03_R0370,G03,holdout_G06,train
G03_R0371,G03,holdout_G06,train
G03_R0372,G03,holdout_G06,train
G03_R0373,G03,holdout_G06,train
G03_R0374,G03,holdout_G06,train
G03_R0375,G03,holdout_G06,train
G03_R0376,G03,holdout_G06,train
G03_R0377,G03,holdout_G06,train
G03_R0378,G03,holdout_G06,train
G03_R0379,G03,holdout_G06,train
G03_R0380,G03,holdout_G06,train
G03_R0381,G03,holdout_G06,train
G03_R0382,G03,holdout_G06,train
G03_R0383,G03,holdout_G06,train
G03_R0384,G03,holdout_G06,train
G03_R0385,G03,holdout_G06,train
G03_R0386,G03,holdout_G06,train
G03_R0387,G03,holdout_G06,train
G03_R0388,G03,holdout_G06,train
G03_R0389,G03,holdout_G06,train
G03_R0390,G03,holdout_G06,train
G03_R0391,G03,holdout_G06,train
G03_R0392,G03,holdout_G06,train
G03_R0393,G03,holdout_G06,train
G03_R0394,G03,holdout_G06,train
G03_R0395,G03,holdout_G06,train
G03_R0396,G03,holdout_G06,train
G03_R0397,G03,holdout_G06,train
G03_R0398,G03,holdout_G06,train
G03_R0399,G03,holdout_G06,train
G03_R0400,G03,holdout_G06,train
G03_R0401,G03,holdout_G06,train
G03_R0402,G03,holdout_G06,train
G03_R0403,G03,holdout_G06,train
G03_R0404,G03,holdout_G06,train
G03_R0405,G03,holdout_G06,train
G03_R0406,G03,holdout_G06,train
G03_R0407,G03,holdout_G06,train
G03_R0408,G03,holdout_G06,train
G03_R0409,G03,holdout_G06,train
G03_R0410,G03,holdout_G06,train
G03_R0411,G03,holdout_G06,train
G03_R0412,G03,holdout_G06,train
G03_R0413,G03,holdout_G06,train
G03_R0414,G03,holdout_G06,train
G03_R0415,G03,holdout_G06,train
G03_R0416,G03,holdout_G06,train
G03_R0417,G03,holdout_G06,train
G03_R0418,G03,holdout_G06,train
G03_R0419,G03,holdout_G06,train
G03_R0420,G03,holdout_G06,train
G03_R0421,G03,holdout_G06,train
G03_R0422,G03,holdout_G06,train
G03_R0423,G03,holdout_G06,train
G03_R0424,G03,holdout_G06,train
G03_R0425,G03,holdout_G06,train
G03_R0426,G03,holdout_G06,train
G03_R0427,G03,holdout_G06,train
G03_R0428,G03,holdout_G06,train
G03_R0429,G03,holdout_G06,train
G03_R0430,G03,holdout_G06,train
G03_R0431,G03,holdout_G06,train
G03_R0432,G03,holdout_G06,train
G03_R0433,G03,holdout_G06,train
G03_R0434,G03,holdout_G06,train
G03_R0435,G03,holdout_G06,train
G03_R0436,G03,holdout_G06,train
G03_R0437,G03,holdout_G06,train
G03_R0438,G03,holdout_G06,train
G03_R0439,G03,holdout_G06,train
G03_R0440,G03,holdout_G06,train
G03_R0441,G03,holdout_G06,train
G03_R0442,G03,holdout_G06,train
G03_R0443,G03,holdout_G06,train
G03_R0444,G03,holdout_G06,train
G03_R0445,G03,holdout_G06,train
G03_R0446,G03,holdout_G06,train
G03_R0447,G03,holdout_G06,train
G03_R0448,G03,holdout_G06,train
G03_R0449,G03,holdout_G06,train
G03_R0450,G03,holdout_G06,train
G03_R0451,G03,holdout_G06,train
G03_R0452,G03,holdout_G06,train
G03_R0453,G03,holdout_G06,train
G03_R0454,G03,holdout_G06,train
G03_R0455,G03,holdout_G06,train
G03_R0456,G03,holdout_G06,train
G03_R0457,G03,holdout_G06,train
G03_R0458,G03,holdout_G06,train
G03_R0459,G03,holdout_G06,train
G03_R0460,G03,holdout_G06,train
G03_R0461,G03,holdout_G06,train
G03_R0462,G03,holdout_G06,train
G03_R0463,G03,holdout_G06,train
G03_R0464,G03,holdout_G06,train
G03_R0465,G03,holdout_G06,train
G03_R0466,G03,holdout_G06,train
G03_R0467,G03,holdout_G06,train
G03_R0468,G03,holdout_G06,train
G03_R0469,G03,holdout_G06,train
G03_R0470,G03,holdout_G06,train
G03_R0471,G03,holdout_G06,train
G03_R0472,G03,holdout_G06,train
G03_R0473,G03,holdout_G06,train
G03_R0474,G03,holdout_G06,train
G03_R0475,G03,holdout_G06,train
G03_R0476,G03,holdout_G06,train
G03_R0477,G03,holdout_G06,train
G03_R0478,G03,holdout_G06,train
G03_R0479,G03,holdout_G06,train
G03_R0480,G03,holdout_G06,train
G03_R0481,G03,holdout_G06,train
G03_R0482,G03,holdout_G06,train
G03_R0483,G03,holdout_G06,train
G03_R0484,G03,holdout_G06,train
G03_R0485,G03,holdout_G06,train
G03_R0486,G03,holdout_G06,train
G03_R0487,G03,holdout_G06,train
G03_R0488,G03,holdout_G06,train
G03_R0489,G03,holdout_G06,train
G03_R0490,G03,holdout_G06,train
G03_R0491,G03,holdout_G06,train
G03_R0492,G03,holdout_G06,train
G03_R0493,G03,holdout_G06,train
G03_R0494,G03,holdout_G06,train
G03_R0495,G03,holdout_G06,train
G03_R0496,G03,holdout_G06,train
G03_R0497,G03,holdout_G06,train
G03_R0498,G03,holdout_G06,train
G03_R0499,G03,holdout_G06,train
G03_R0500,G03,holdout_G06,train
G03_R0501,G03,holdout_G06,train
G03_R0502,G03,holdout_G06,train
G03_R0503,G03,holdout_G06,train
G03_R0504,G03,holdout_G06,train
G03_R0505,G03,holdout_G06,train
G03_R0506,G03,holdout_G06,train
G03_R0507,G03,holdout_G06,train
G03_R0508,G03,holdout_G06,train
G03_R0509,G03,holdout_G06,train
G03_R0510,G03,holdout_G06,train
G03_R0511,G03,holdout_G06,train
G03_R0512,G03,holdout_G06,train
G03_R0513,G03,holdout_G06,train
G03_R0514,G03,holdout_G06,train
G03_R0515,G03,holdout_G06,train
G03_R0516,G03,holdout_G06,train
G03_R0517,G03,holdout_G06,train
G03_R0518,G03,holdout_G06,train
G03_R0519,G03,holdout_G06,train
G03_R0520,G03,holdout_G06,train
G03_R0521,G03,holdout_G06,train
G03_R0522,G03,holdout_G06,train
G03_R0523,G03,holdout_G06,train
G03_R0524,G03,holdout_G06,train
G03_R0525,G03,holdout_G06,train
G03_R0526,G03,holdout_G06,train
G03_R0527,G03,holdout_G06,train
G03_R0528,G03,holdout_G06,train
G03_R0529,G03,holdout_G06,train
G03_R0530,G03,holdout_G06,train
G03_R0531,G03,holdout_G06,train
G03_R0532,G03,holdout_G06,train
G03_R0533,G03,holdout_G06,train
G03_R0534,G03,holdout_G06,train
G03_R0535,G03,holdout_G06,train
G03_R0536,G03,holdout_G06,train
G03_R0537,G03,holdout_G06,train
G03_R0538,G03,holdout_G06,train
G03_R0539,G03,holdout_G06,train
G03_R0540,G03,holdout_G06,train
G03_R0541,G03,holdout_G06,train
G03_R0542,G03,holdout_G06,train
G03_R0543,G03,holdout_G06,train
G03_R0544,G03,holdout_G06,train
G03_R0545,G03,holdout_G06,train
G03_R0546,G03,holdout_G06,train
G03_R0547,G03,holdout_G06,train
G03_R0548,G03,holdout_G06,train
G03_R0549,G03,holdout_G06,train
G03_R0550,G03,holdout_G06,train
G03_R0551,G03,holdout_G06,train
G03_R0552,G03,holdout_G06,train
G03_R0553,G03,holdout_G06,train
G03_R0554,G03,holdout_G06,train
G03_R0555,G03,holdout_G06,train
G03_R0556,G03,holdout_G06,train
G03_R0557,G03,holdout_G06,train
G03_R0558,G03,holdout_G06,train
G03_R0559,G03,holdout_G06,train
G03_R0560,G03,holdout_G06,train
G03_R0561,G03,holdout_G06,train
G03_R0562,G03,holdout_G06,train
G03_R0563,G03,holdout_G06,train
G03_R0564,G03,holdout_G06,train
G03_R0565,G03,holdout_G06,train
G03_R0566,G03,holdout_G06,train
G03_R0567,G03,holdout_G06,train
G03_R0568,G03,holdout_G06,train
G03_R0569,G03,holdout_G06,train
G03_R0570,G03,holdout_G06,train
G03_R0571,G03,holdout_G06,train
G03_R0572,G03,holdout_G06,train
G03_R0573,G03,holdout_G06,train
G03_R0574,G03,holdout_G06,train
G03_R0575,G03,holdout_G06,train
G03_R0576,G03,holdout_G06,train
G03_R0577,G03,holdout_G06,train
G03_R0578,G03,holdout_G06,train
G03_R0579,G03,holdout_G06,train
G03_R0580,G03,holdout_G06,train
G03_R0581,G03,holdout_G06,train
G03_R0582,G03,holdout_G06,train
G03_R0583,G03,holdout_G06,train
G03_R0584,G03,holdout_G06,train
G03_R0585,G03,holdout_G06,train
G03_R0586,G03,holdout_G06,train
G03_R0587,G03,holdout_G06,train
G03_R0588,G03,holdout_G06,train
G03_R0589,G03,holdout_G06,train
G03_R0590,G03,holdout_G06,train
G03_R0591,G03,holdout_G06,train
G03_R0592,G03,holdout_G06,train
G03_R0593,G03,holdout_G06,train
G03_R0594,G03,holdout_G06,train
G03_R0595,G03,holdout_G06,train
G03_R0596,G03,holdout_G06,train
G03_R0597,G03,holdout_G06,train
G03_R0598,G03,holdout_G06,train
G03_R0599,G03,holdout_G06,train
G03_R0600,G03,holdout_G06,train
G03_R0601,G03,holdout_G06,train
G03_R0602,G03,holdout_G06,train
G03_R0603,G03,holdout_G06,train
G03_R0604,G03,holdout_G06,train
G03_R0605,G03,holdout_G06,train
G03_R0606,G03,holdout_G06,train
G03_R0607,G03,holdout_G06,train
G03_R0608,G03,holdout_G06,train
G03_R0609,G03,holdout_G06,train
G03_R0610,G03,holdout_G06,train
G03_R0611,G03,holdout_G06,train
G03_R0612,G03,holdout_G06,train
G03_R0613,G03,holdout_G06,train
G03_R0614,G03,holdout_G06,train
G03_R0615,G03,holdout_G06,train
G03_R0616,G03,holdout_G06,train
G03_R0617,G03,holdout_G06,train
G03_R0618,G03,holdout_G06,train
G03_R0619,G03,holdout_G06,train
G03_R0620,G03,holdout_G06,train
G03_R0621,G03,holdout_G06,train
G03_R0622,G03,holdout_G06,train
G03_R0623,G03,holdout_G06,train
G03_R0624,G03,holdout_G06,train
G03_R0625,G03,holdout_G06,train
G03_R0626,G03,holdout_G06,train
G03_R0627,G03,holdout_G06,train
G03_R0628,G03,holdout_G06,train
G03_R0629,G03,holdout_G06,train
G03_R0630,G03,holdout_G06,train
G03_R0631,G03,holdout_G06,train
G03_R0632,G03,holdout_G06,train
G03_R0633,G03,holdout_G06,train
G03_R0634,G03,holdout_G06,train
G03_R0635,G03,holdout_G06,train
G03_R0636,G03,holdout_G06,train
G03_R0637,G03,holdout_G06,train
G03_R0638,G03,holdout_G06,train
G03_R0639,G03,holdout_G06,train
G03_R0640,G03,holdout_G06,train
G03_R0641,G03,holdout_G06,train
G03_R0642,G03,holdout_G06,train
G03_R0643,G03,holdout_G06,train
G03_R0644,G03,holdout_G06,train
G03_R0645,G03,holdout_G06,train
G03_R0646,G03,holdout_G06,train
G03_R0647,G03,holdout_G06,train
G03_R0648,G03,holdout_G06,train
G03_R0649,G03,holdout_G06,train
G03_R0650,G03,holdout_G06,train
G03_R0651,G03,holdout_G06,train
G03_R0652,G03,holdout_G06,train
G03_R0653,G03,holdout_G06,train
G03_R0654,G03,holdout_G06,train
G03_R0655,G03,holdout_G06,train
G03_R0656,G03,holdout_G06,train
G03_R0657,G03,holdout_G06,train
G03_R0658,G03,holdout_G06,train
G03_R0659,G03,holdout_G06,train
G03_R0660,G03,holdout_G06,train
G03_R0661,G03,holdout_G06,train
G03_R0662,G03,holdout_G06,train
G03_R0663,G03,holdout_G06,train
G03_R0664,G03,holdout_G06,train
G03_R0665,G03,holdout_G06,train
G03_R0666,G03,holdout_G06,train
G03_R0667,G03,holdout_G06,train
G03_R0668,G03,holdout_G06,train
G03_R0669,G03,holdout_G06,train
G03_R0670,G03,holdout_G06,train
G03_R0671,G03,holdout_G06,train
G03_R0672,G03,holdout_G06,train
G03_R0673,G03,holdout_G06,train
G03_R0674,G03,holdout_G06,train
G03_R0675,G03,holdout_G06,train
G03_R0676,G03,holdout_G06,train
G03_R0677,G03,holdout_G06,train
G03_R0678,G03,holdout_G06,train
G03_R0679,G03,holdout_G06,train
G03_R0680,G03,holdout_G06,train
G03_R0681,G03,holdout_G06,train
G03_R0682,G03,holdout_G06,train
G03_R0683,G03,holdout_G06,train
G03_R0684,G03,holdout_G06,train
G03_R0685,G03,holdout_G06,train
G03_R0686,G03,holdout_G06,train
G03_R0687,G03,holdout_G06,train
G03_R0688,G03,holdout_G06,train
G03_R0689,G03,holdout_G06,train
G03_R0690,G03,holdout_G06,train
G03_R0691,G03,holdout_G06,train
G03_R0692,G03,holdout_G06,train
G03_R0693,G03,holdout_G06,train
G03_R0694,G03,holdout_G06,train
G03_R0695,G03,holdout_G06,train
G03_R0696,G03,holdout_G06,train
G03_R0697,G03,holdout_G06,train
G03_R0698,G03,holdout_G06,train
G03_R0699,G03,holdout_G06,train
G03_R0700,G03,holdout_G06,train
G03_R0701,G03,holdout_G06,train
G03_R0702,G03,holdout_G06,train
G03_R0703,G03,holdout_G06,train
G03_R0704,G03,holdout_G06,train
G03_R0705,G03,holdout_G06,train
G03_R0706,G03,holdout_G06,train
G03_R0707,G03,holdout_G06,train
G03_R0708,G03,holdout_G06,train
G03_R0709,G03,holdout_G06,train
G03_R0710,G03,holdout_G06,train
G03_R0711,G03,holdout_G06,train
G03_R0712,G03,holdout_G06,train
G03_R0713,G03,holdout_G06,train
G03_R0714,G03,holdout_G06,train
G03_R0715,G03,holdout_G06,train
G03_R0716,G03,holdout_G06,train
G03_R0717,G03,holdout_G06,train
G03_R0718,G03,holdout_G06,train
G03_R0719,G03,holdout_G06,train
G03_R0720,G03,holdout_G06,train
G03_R0721,G03,holdout_G06,train
G03_R0722,G03,holdout_G06,train
G03_R0723,G03,holdout_G06,train
G03_R0724,G03,holdout_G06,train
G03_R0725,G03,holdout_G06,train
G03_R0726,G03,holdout_G06,train
G03_R0727,G03,holdout_G06,train
G03_R0728,G03,holdout_G06,train
G03_R0729,G03,holdout_G06,train
G03_R0730,G03,holdout_G06,train
G03_R0731,G03,holdout_G06,train
G03_R0732,G03,holdout_G06,train
G03_R0733,G03,holdout_G06,train
G03_R0734,G03,holdout_G06,train
G03_R0735,G03,holdout_G06,train
G03_R0736,G03,holdout_G06,train
G03_R0737,G03,holdout_G06,train
G03_R0738,G03,holdout_G06,train
G03_R0739,G03,holdout_G06,train
G03_R0740,G03,holdout_G06,train
G03_R0741,G03,holdout_G06,train
G03_R0742,G03,holdout_G06,train
G03_R0743,G03,holdout_G06,train
G03_R0744,G03,holdout_G06,train
G03_R0745,G03,holdout_G06,train
G03_R0746,G03,holdout_G06,train
G03_R0747,G03,holdout_G06,train
G03_R0748,G03,holdout_G06,train
G03_R0749,G03,holdout_G06,train
G03_R0750,G03,holdout_G06,train
G03_R0751,G03,holdout_G06,train
G03_R0752,G03,holdout_G06,train
G03_R0753,G03,holdout_G06,train
G03_R0754,G03,holdout_G06,train
G03_R0755,G03,holdout_G06,train
G03_R0756,G03,holdout_G06,train
G03_R0757,G03,holdout_G06,train
G03_R0758,G03,holdout_G06,train
G03_R0759,G03,holdout_G06,train
G03_R0760,G03,holdout_G06,train
G03_R0761,G03,holdout_G06,train
G03_R0762,G03,holdout_G06,train
G03_R0763,G03,holdout_G06,train
G03_R0764,G03,holdout_G06,train
G03_R0765,G03,holdout_G06,train
G03_R0766,G03,holdout_G06,train
G03_R0767,G03,holdout_G06,train
G03_R0768,G03,holdout_G06,train
G04_R0001,G04,holdout_G06,train
G04_R0002,G04,holdout_G06,train
G04_R0003,G04,holdout_G06,train
G04_R0004,G04,holdout_G06,train
G04_R0005,G04,holdout_G06,train
G04_R0006,G04,holdout_G06,train
G04_R0007,G04,holdout_G06,train
G04_R0008,G04,holdout_G06,train
G04_R0009,G04,holdout_G06,train
G04_R0010,G04,holdout_G06,train
G04_R0011,G04,holdout_G06,train
G04_R0012,G04,holdout_G06,train
G04_R0013,G04,holdout_G06,train
G04_R0014,G04,holdout_G06,train
G04_R0015,G04,holdout_G06,train
G04_R0016,G04,holdout_G06,train
G04_R0017,G04,holdout_G06,train
G04_R0018,G04,holdout_G06,train
G04_R0019,G04,holdout_G06,train
G04_R0020,G04,holdout_G06,train
G04_R0021,G04,holdout_G06,train
G04_R0022,G04,holdout_G06,train
G04_R0023,G04,holdout_G06,train
G04_R0024,G04,holdout_G06,train
G04_R0025,G04,holdout_G06,train
G04_R0026,G04,holdout_G06,train
G04_R0027,G04,holdout_G06,train
G04_R0028,G04,holdout_G06,train
G04_R0029,G04,holdout_G06,train
G04_R0030,G04,holdout_G06,train
G04_R0031,G04,holdout_G06,train
G04_R0032,G04,holdout_G06,train
G04_R0033,G04,holdout_G06,train
G04_R0034,G04,holdout_G06,train
G04_R0035,G04,holdout_G06,train
G04_R0036,G04,holdout_G06,train
G04_R0037,G04,holdout_G06,train
G04_R0038,G04,holdout_G06,train
G04_R0039,G04,holdout_G06,train
G04_R0040,G04,holdout_G06,train
G04_R0041,G04,holdout_G06,train
G04_R0042,G04,holdout_G06,train
G04_R0043,G04,holdout_G06,train
G04_R0044,G04,holdout_G06,train
G04_R0045,G04,holdout_G06,train
G04_R0046,G04,holdout_G06,train
G04_R0047,G04,holdout_G06,train
G04_R0048,G04,holdout_G06,train
G04_R0049,G04,holdout_G06,train
G04_R0050,G04,holdout_G06,train
G04_R0051,G04,holdout_G06,train
G04_R0052,G04,holdout_G06,train
G04_R0053,G04,holdout_G06,train
G04_R0054,G04,holdout_G06,train
G04_R0055,G04,holdout_G06,train
G04_R0056,G04,holdout_G06,train
G04_R0057,G04,holdout_G06,train
G04_R0058,G04,holdout_G06,train
G04_R0059,G04,holdout_G06,train
G04_R0060,G04,holdout_G06,train
G04_R0061,G04,holdout_G06,train
G04_R0062,G04,holdout_G06,train
G04_R0063,G04,holdout_G06,train
G04_R0064,G04,holdout_G06,train
G04_R0065,G04,holdout_G06,train
G04_R0066,G04,holdout_G06,train
G04_R0067,G04,holdout_G06,train
G04_R0068,G04,holdout_G06,train
G04_R0069,G04,holdout_G06,train
G04_R0070,G04,holdout_G06,train
G04_R0071,G04,holdout_G06,train
G04_R0072,G04,holdout_G06,train
G04_R0073,G04,holdout_G06,train
G04_R0074,G04,holdout_G06,train
G04_R0075,G04,holdout_G06,train
G04_R0076,G04,holdout_G06,train
G04_R0077,G04,holdout_G06,train
G04_R0078,G04,holdout_G06,train
G04_R0079,G04,holdout_G06,train
G04_R0080,G04,holdout_G06,train
G04_R0081,G04,holdout_G06,train
G04_R0082,G04,holdout_G06,train
G04_R0083,G04,holdout_G06,train
G04_R0084,G04,holdout_G06,train
G04_R0085,G04,holdout_G06,train
G04_R0086,G04,holdout_G06,train
G04_R0087,G04,holdout_G06,train
G04_R0088,G04,holdout_G06,train
G04_R0089,G04,holdout_G06,train
G04_R0090,G04,holdout_G06,train
G04_R0091,G04,holdout_G06,train
G04_R0092,G04,holdout_G06,train
G04_R0093,G04,holdout_G06,train
G04_R0094,G04,holdout_G06,train
G04_R0095,G04,holdout_G06,train
G04_R0096,G04,holdout_G06,train
G04_R0097,G04,holdout_G06,train
G04_R0098,G04,holdout_G06,train
G04_R0099,G04,holdout_G06,train
G04_R0100,G04,holdout_G06,train
G04_R0101,G04,holdout_G06,train
G04_R0102,G04,holdout_G06,train
G04_R0103,G04,holdout_G06,train
G04_R0104,G04,holdout_G06,train
G04_R0105,G04,holdout_G06,train
G04_R0106,G04,holdout_G06,train
G04_R0107,G04,holdout_G06,train
G04_R0108,G04,holdout_G06,train
G04_R0109,G04,holdout_G06,train
G04_R0110,G04,holdout_G06,train
G04_R0111,G04,holdout_G06,train
G04_R0112,G04,holdout_G06,train
G04_R0113,G04,holdout_G06,train
G04_R0114,G04,holdout_G06,train
G04_R0115,G04,holdout_G06,train
G04_R0116,G04,holdout_G06,train
G04_R0117,G04,holdout_G06,train
G04_R0118,G04,holdout_G06,train
G04_R0119,G04,holdout_G06,train
G04_R0120,G04,holdout_G06,train
G04_R0121,G04,holdout_G06,train
G04_R0122,G04,holdout_G06,train
G04_R0123,G04,holdout_G06,train
G04_R0124,G04,holdout_G06,train
G04_R0125,G04,holdout_G06,train
G04_R0126,G04,holdout_G06,train
G04_R0127,G04,holdout_G06,train
G04_R0128,G04,holdout_G06,train
G04_R0129,G04,holdout_G06,train
G04_R0130,G04,holdout_G06,train
G04_R0131,G04,holdout_G06,train
G04_R0132,G04,holdout_G06,train
G04_R0133,G04,holdout_G06,train
G04_R0134,G04,holdout_G06,train
G04_R0135,G04,holdout_G06,train
G04_R0136,G04,holdout_G06,train
G04_R0137,G04,holdout_G06,train
G04_R0138,G04,holdout_G06,train
G04_R0139,G04,holdout_G06,train
G04_R0140,G04,holdout_G06,train
G04_R0141,G04,holdout_G06,train
G04_R0142,G04,holdout_G06,train
G04_R0143,G04,holdout_G06,train
G04_R0144,G04,holdout_G06,train
G04_R0145,G04,holdout_G06,train
G04_R0146,G04,holdout_G06,train
G04_R0147,G04,holdout_G06,train
G04_R0148,G04,holdout_G06,train
G04_R0149,G04,holdout_G06,train
G04_R0150,G04,holdout_G06,train
G04_R0151,G04,holdout_G06,train
G04_R0152,G04,holdout_G06,train
G04_R0153,G04,holdout_G06,train
G04_R0154,G04,holdout_G06,train
G04_R0155,G04,holdout_G06,train
G04_R0156,G04,holdout_G06,train
G04_R0157,G04,holdout_G06,train
G04_R0158,G04,holdout_G06,train
G04_R0159,G04,holdout_G06,train
G04_R0160,G04,holdout_G06,train
G04_R0161,G04,holdout_G06,train
G04_R0162,G04,holdout_G06,train
G04_R0163,G04,holdout_G06,train
G04_R0164,G04,holdout_G06,train
G04_R0165,G04,holdout_G06,train
G04_R0166,G04,holdout_G06,train
G04_R0167,G04,holdout_G06,train
G04_R0168,G04,holdout_G06,train
G04_R0169,G04,holdout_G06,train
G04_R0170,G04,holdout_G06,train
G04_R0171,G04,holdout_G06,train
G04_R0172,G04,holdout_G06,train
G04_R0173,G04,holdout_G06,train
G04_R0174,G04,holdout_G06,train
G04_R0175,G04,holdout_G06,train
G04_R0176,G04,holdout_G06,train
G04_R0177,G04,holdout_G06,train
G04_R0178,G04,holdout_G06,train
G04_R0179,G04,holdout_G06,train
G04_R0180,G04,holdout_G06,train
G04_R0181,G04,holdout_G06,train
G04_R0182,G04,holdout_G06,train
G04_R0183,G04,holdout_G06,train
G04_R0184,G04,holdout_G06,train
G04_R0185,G04,holdout_G06,train
G04_R0186,G04,holdout_G06,train
G04_R0187,G04,holdout_G06,train
G04_R0188,G04,holdout_G06,train
G04_R0189,G04,holdout_G06,train
G04_R0190,G04,holdout_G06,train
G04_R0191,G04,holdout_G06,train
G04_R0192,G04,holdout_G06,train
G04_R0193,G04,holdout_G06,train
G04_R0194,G04,holdout_G06,train
G04_R0195,G04,holdout_G06,train
G04_R0196,G04,holdout_G06,train
G04_R0197,G04,holdout_G06,train
G04_R0198,G04,holdout_G06,train
G04_R0199,G04,holdout_G06,train
G04_R0200,G04,holdout_G06,train
G04_R0201,G04,holdout_G06,train
G04_R0202,G04,holdout_G06,train
G04_R0203,G04,holdout_G06,train
G04_R0204,G04,holdout_G06,train
G04_R0205,G04,holdout_G06,train
G04_R0206,G04,holdout_G06,train
G04_R0207,G04,holdout_G06,train
G04_R0208,G04,holdout_G06,train
G04_R0209,G04,holdout_G06,train
G04_R0210,G04,holdout_G06,train
G04_R0211,G04,holdout_G06,train
G04_R0212,G04,holdout_G06,train
G04_R0213,G04,holdout_G06,train
G04_R0214,G04,holdout_G06,train
G04_R0215,G04,holdout_G06,train
G04_R0216,G04,holdout_G06,train
G04_R0217,G04,holdout_G06,train
G04_R0218,G04,holdout_G06,train
G04_R0219,G04,holdout_G06,train
G04_R0220,G04,holdout_G06,train
G04_R0221,G04,holdout_G06,train
G04_R0222,G04,holdout_G06,train
G04_R0223,G04,holdout_G06,train
G04_R0224,G04,holdout_G06,train
G04_R0225,G04,holdout_G06,train
G04_R0226,G04,holdout_G06,train
G04_R0227,G04,holdout_G06,train
G04_R0228,G04,holdout_G06,train
G04_R0229,G04,holdout_G06,train
G04_R0230,G04,holdout_G06,train
G04_R0231,G04,holdout_G06,train
G04_R0232,G04,holdout_G06,train
G04_R0233,G04,holdout_G06,train
G04_R0234,G04,holdout_G06,train
G04_R0235,G04,holdout_G06,train
G04_R0236,G04,holdout_G06,train
G04_R0237,G04,holdout_G06,train
G04_R0238,G04,holdout_G06,train
G04_R0239,G04,holdout_G06,train
G04_R0240,G04,holdout_G06,train
G04_R0241,G04,holdout_G06,train
G04_R0242,G04,holdout_G06,train
G04_R0243,G04,holdout_G06,train
G04_R0244,G04,holdout_G06,train
G04_R0245,G04,holdout_G06,train
G04_R0246,G04,holdout_G06,train
G04_R0247,G04,holdout_G06,train
G04_R0248,G04,holdout_G06,train
G04_R0249,G04,holdout_G06,train
G04_R0250,G04,holdout_G06,train
G04_R0251,G04,holdout_G06,train
G04_R0252,G04,holdout_G06,train
G04_R0253,G04,holdout_G06,train
G04_R0254,G04,holdout_G06,train
G04_R0255,G04,holdout_G06,train
G04_R0256,G04,holdout_G06,train
G04_R0257,G04,holdout_G06,train
G04_R0258,G04,holdout_G06,train
G04_R0259,G04,holdout_G06,train
G04_R0260,G04,holdout_G06,train
G04_R0261,G04,holdout_G06,train
G04_R0262,G04,holdout_G06,train
G04_R0263,G04,holdout_G06,train
G04_R0264,G04,holdout_G06,train
G04_R0265,G04,holdout_G06,train
G04_R0266,G04,holdout_G06,train
G04_R0267,G04,holdout_G06,train
G04_R0268,G04,holdout_G06,train
G04_R0269,G04,holdout_G06,train
G04_R0270,G04,holdout_G06,train
G04_R0271,G04,holdout_G06,train
G04_R0272,G04,holdout_G06,train
G04_R0273,G04,holdout_G06,train
G04_R0274,G04,holdout_G06,train
G04_R0275,G04,holdout_G06,train
G04_R0276,G04,holdout_G06,train
G04_R0277,G04,holdout_G06,train
G04_R0278,G04,holdout_G06,train
G04_R0279,G04,holdout_G06,train
G04_R0280,G04,holdout_G06,train
G04_R0281,G04,holdout_G06,train
G04_R0282,G04,holdout_G06,train
G04_R0283,G04,holdout_G06,train
G04_R0284,G04,holdout_G06,train
G04_R0285,G04,holdout_G06,train
G04_R0286,G04,holdout_G06,train
G04_R0287,G04,holdout_G06,train
G04_R0288,G04,holdout_G06,train
G04_R0289,G04,holdout_G06,train
G04_R0290,G04,holdout_G06,train
G04_R0291,G04,holdout_G06,train
G04_R0292,G04,holdout_G06,train
G04_R0293,G04,holdout_G06,train
G04_R0294,G04,holdout_G06,train
G04_R0295,G04,holdout_G06,train
G04_R0296,G04,holdout_G06,train
G04_R0297,G04,holdout_G06,train
G04_R0298,G04,holdout_G06,train
G04_R0299,G04,holdout_G06,train
G04_R0300,G04,holdout_G06,train
G04_R0301,G04,holdout_G06,train
G04_R0302,G04,holdout_G06,train
G04_R0303,G04,holdout_G06,train
G04_R0304,G04,holdout_G06,train
G04_R0305,G04,holdout_G06,train
G04_R0306,G04,holdout_G06,train
G04_R0307,G04,holdout_G06,train
G04_R0308,G04,holdout_G06,train
G04_R0309,G04,holdout_G06,train
G04_R0310,G04,holdout_G06,train
G04_R0311,G04,holdout_G06,train
G04_R0312,G04,holdout_G06,train
G04_R0313,G04,holdout_G06,train
G04_R0314,G04,holdout_G06,train
G04_R0315,G04,holdout_G06,train
G04_R0316,G04,holdout_G06,train
G04_R0317,G04,holdout_G06,train
G04_R0318,G04,holdout_G06,train
G04_R0319,G04,holdout_G06,train
G04_R0320,G04,holdout_G06,train
G04_R0321,G04,holdout_G06,train
G04_R0322,G04,holdout_G06,train
G04_R0323,G04,holdout_G06,train
G04_R0324,G04,holdout_G06,train
G04_R0325,G04,holdout_G06,train
G04_R0326,G04,holdout_G06,train
G04_R0327,G04,holdout_G06,train
G04_R0328,G04,holdout_G06,train
G04_R0329,G04,holdout_G06,train
G04_R0330,G04,holdout_G06,train
G04_R0331,G04,holdout_G06,train
G04_R0332,G04,holdout_G06,train
G04_R0333,G04,holdout_G06,train
G04_R0334,G04,holdout_G06,train
G04_R0335,G04,holdout_G06,train
G04_R0336,G04,holdout_G06,train
G04_R0337,G04,holdout_G06,train
G04_R0338,G04,holdout_G06,train
G04_R0339,G04,holdout_G06,train
G04_R0340,G04,holdout_G06,train
G04_R0341,G04,holdout_G06,train
G04_R0342,G04,holdout_G06,train
G04_R0343,G04,holdout_G06,train
G04_R0344,G04,holdout_G06,train
G04_R0345,G04,holdout_G06,train
G04_R0346,G04,holdout_G06,train
G04_R0347,G04,holdout_G06,train
G04_R0348,G04,holdout_G06,train
G04_R0349,G04,holdout_G06,train
G04_R0350,G04,holdout_G06,train
G04_R0351,G04,holdout_G06,train
G04_R0352,G04,holdout_G06,train
G04_R0353,G04,holdout_G06,train
G04_R0354,G04,holdout_G06,train
G04_R0355,G04,holdout_G06,train
G04_R0356,G04,holdout_G06,train
G04_R0357,G04,holdout_G06,train
G04_R0358,G04,holdout_G06,train
G04_R0359,G04,holdout_G06,train
G04_R0360,G04,holdout_G06,train
G04_R0361,G04,holdout_G06,train
G04_R0362,G04,holdout_G06,train
G04_R0363,G04,holdout_G06,train
G04_R0364,G04,holdout_G06,train
G04_R0365,G04,holdout_G06,train
G04_R0366,G04,holdout_G06,train
G04_R0367,G04,holdout_G06,train
G04_R0368,G04,holdout_G06,train
G04_R0369,G04,holdout_G06,train
G04_R0370,G04,holdout_G06,train
G04_R0371,G04,holdout_G06,train
G04_R0372,G04,holdout_G06,train
G04_R0373,G04,holdout_G06,train
G04_R0374,G04,holdout_G06,train
G04_R0375,G04,holdout_G06,train
G04_R0376,G04,holdout_G06,train
G04_R0377,G04,holdout_G06,train
G04_R0378,G04,holdout_G06,train
G04_R0379,G04,holdout_G06,train
G04_R0380,G04,holdout_G06,train
G04_R0381,G04,holdout_G06,train
G04_R0382,G04,holdout_G06,train
G04_R0383,G04,holdout_G06,train
G04_R0384,G04,holdout_G06,train
G04_R0385,G04,holdout_G06,train
G04_R0386,G04,holdout_G06,train
G04_R0387,G04,holdout_G06,train
G04_R0388,G04,holdout_G06,train
G04_R0389,G04,holdout_G06,train
G04_R0390,G04,holdout_G06,train
G04_R0391,G04,holdout_G06,train
G04_R0392,G04,holdout_G06,train
G04_R0393,G04,holdout_G06,train
G04_R0394,G04,holdout_G06,train
G04_R0395,G04,holdout_G06,train
G04_R0396,G04,holdout_G06,train
G04_R0397,G04,holdout_G06,train
G04_R0398,G04,holdout_G06,train
G04_R0399,G04,holdout_G06,train
G04_R0400,G04,holdout_G06,train
G04_R0401,G04,holdout_G06,train
G04_R0402,G04,holdout_G06,train
G04_R0403,G04,holdout_G06,train
G04_R0404,G04,holdout_G06,train
G04_R0405,G04,holdout_G06,train
G04_R0406,G04,holdout_G06,train
G04_R0407,G04,holdout_G06,train
G04_R0408,G04,holdout_G06,train
G04_R0409,G04,holdout_G06,train
G04_R0410,G04,holdout_G06,train
G04_R0411,G04,holdout_G06,train
G04_R0412,G04,holdout_G06,train
G04_R0413,G04,holdout_G06,train
G04_R0414,G04,holdout_G06,train
G04_R0415,G04,holdout_G06,train
G04_R0416,G04,holdout_G06,train
G04_R0417,G04,holdout_G06,train
G04_R0418,G04,holdout_G06,train
G04_R0419,G04,holdout_G06,train
G04_R0420,G04,holdout_G06,train
G04_R0421,G04,holdout_G06,train
G04_R0422,G04,holdout_G06,train
G04_R0423,G04,holdout_G06,train
G04_R0424,G04,holdout_G06,train
G04_R0425,G04,holdout_G06,train
G04_R0426,G04,holdout_G06,train
G04_R0427,G04,holdout_G06,train
G04_R0428,G04,holdout_G06,train
G04_R0429,G04,holdout_G06,train
G04_R0430,G04,holdout_G06,train
G04_R0431,G04,holdout_G06,train
G04_R0432,G04,holdout_G06,train
G04_R0433,G04,holdout_G06,train
G04_R0434,G04,holdout_G06,train
G04_R0435,G04,holdout_G06,train
G04_R0436,G04,holdout_G06,train
G04_R0437,G04,holdout_G06,train
G04_R0438,G04,holdout_G06,train
G04_R0439,G04,holdout_G06,train
G04_R0440,G04,holdout_G06,train
G04_R0441,G04,holdout_G06,train
G04_R0442,G04,holdout_G06,train
G04_R0443,G04,holdout_G06,train
G04_R0444,G04,holdout_G06,train
G04_R0445,G04,holdout_G06,train
G04_R0446,G04,holdout_G06,train
G04_R0447,G04,holdout_G06,train
G04_R0448,G04,holdout_G06,train
G04_R0449,G04,holdout_G06,train
G04_R0450,G04,holdout_G06,train
G04_R0451,G04,holdout_G06,train
G04_R0452,G04,holdout_G06,train
G04_R0453,G04,holdout_G06,train
G04_R0454,G04,holdout_G06,train
G04_R0455,G04,holdout_G06,train
G04_R0456,G04,holdout_G06,train
G04_R0457,G04,holdout_G06,train
G04_R0458,G04,holdout_G06,train
G04_R0459,G04,holdout_G06,train
G04_R0460,G04,holdout_G06,train
G04_R0461,G04,holdout_G06,train
G04_R0462,G04,holdout_G06,train
G04_R0463,G04,holdout_G06,train
G04_R0464,G04,holdout_G06,train
G04_R0465,G04,holdout_G06,train
G04_R0466,G04,holdout_G06,train
G04_R0467,G04,holdout_G06,train
G04_R0468,G04,holdout_G06,train
G04_R0469,G04,holdout_G06,train
G04_R0470,G04,holdout_G06,train
G04_R0471,G04,holdout_G06,train
G04_R0472,G04,holdout_G06,train
G04_R0473,G04,holdout_G06,train
G04_R0474,G04,holdout_G06,train
G04_R0475,G04,holdout_G06,train
G04_R0476,G04,holdout_G06,train
G04_R0477,G04,holdout_G06,train
G04_R0478,G04,holdout_G06,train
G04_R0479,G04,holdout_G06,train
G04_R0480,G04,holdout_G06,train
G04_R0481,G04,holdout_G06,train
G04_R0482,G04,holdout_G06,train
G04_R0483,G04,holdout_G06,train
G04_R0484,G04,holdout_G06,train
G04_R0485,G04,holdout_G06,train
G04_R0486,G04,holdout_G06,train
G04_R0487,G04,holdout_G06,train
G04_R0488,G04,holdout_G06,train
G04_R0489,G04,holdout_G06,train
G04_R0490,G04,holdout_G06,train
G04_R0491,G04,holdout_G06,train
G04_R0492,G04,holdout_G06,train
G04_R0493,G04,holdout_G06,train
G04_R0494,G04,holdout_G06,train
G04_R0495,G04,holdout_G06,train
G04_R0496,G04,holdout_G06,train
G04_R0497,G04,holdout_G06,train
G04_R0498,G04,holdout_G06,train
G04_R0499,G04,holdout_G06,train
G04_R0500,G04,holdout_G06,train
G04_R0501,G04,holdout_G06,train
G04_R0502,G04,holdout_G06,train
G04_R0503,G04,holdout_G06,train
G04_R0504,G04,holdout_G06,train
G04_R0505,G04,holdout_G06,train
G04_R0506,G04,holdout_G06,train
G04_R0507,G04,holdout_G06,train
G04_R0508,G04,holdout_G06,train
G04_R0509,G04,holdout_G06,train
G04_R0510,G04,holdout_G06,train
G04_R0511,G04,holdout_G06,train
G04_R0512,G04,holdout_G06,train
G04_R0513,G04,holdout_G06,train
G04_R0514,G04,holdout_G06,train
G04_R0515,G04,holdout_G06,train
G04_R0516,G04,holdout_G06,train
G04_R0517,G04,holdout_G06,train
G04_R0518,G04,holdout_G06,train
G04_R0519,G04,holdout_G06,train
G04_R0520,G04,holdout_G06,train
G04_R0521,G04,holdout_G06,train
G04_R0522,G04,holdout_G06,train
G04_R0523,G04,holdout_G06,train
G04_R0524,G04,holdout_G06,train
G04_R0525,G04,holdout_G06,train
G04_R0526,G04,holdout_G06,train
G04_R0527,G04,holdout_G06,train
G04_R0528,G04,holdout_G06,train
G04_R0529,G04,holdout_G06,train
G04_R0530,G04,holdout_G06,train
G04_R0531,G04,holdout_G06,train
G04_R0532,G04,holdout_G06,train
G04_R0533,G04,holdout_G06,train
G04_R0534,G04,holdout_G06,train
G04_R0535,G04,holdout_G06,train
G04_R0536,G04,holdout_G06,train
G04_R0537,G04,holdout_G06,train
G04_R0538,G04,holdout_G06,train
G04_R0539,G04,holdout_G06,train
G04_R0540,G04,holdout_G06,train
G04_R0541,G04,holdout_G06,train
G04_R0542,G04,holdout_G06,train
G04_R0543,G04,holdout_G06,train
G04_R0544,G04,holdout_G06,train
G04_R0545,G04,holdout_G06,train
G04_R0546,G04,holdout_G06,train
G04_R0547,G04,holdout_G06,train
G04_R0548,G04,holdout_G06,train
G04_R0549,G04,holdout_G06,train
G04_R0550,G04,holdout_G06,train
G04_R0551,G04,holdout_G06,train
G04_R0552,G04,holdout_G06,train
G04_R0553,G04,holdout_G06,train
G04_R0554,G04,holdout_G06,train
G04_R0555,G04,holdout_G06,train
G04_R0556,G04,holdout_G06,train
G04_R0557,G04,holdout_G06,train
G04_R0558,G04,holdout_G06,train
G04_R0559,G04,holdout_G06,train
G04_R0560,G04,holdout_G06,train
G04_R0561,G04,holdout_G06,train
G04_R0562,G04,holdout_G06,train
G04_R0563,G04,holdout_G06,train
G04_R0564,G04,holdout_G06,train
G04_R0565,G04,holdout_G06,train
G04_R0566,G04,holdout_G06,train
G04_R0567,G04,holdout_G06,train
G04_R0568,G04,holdout_G06,train
G04_R0569,G04,holdout_G06,train
G04_R0570,G04,holdout_G06,train
G04_R0571,G04,holdout_G06,train
G04_R0572,G04,holdout_G06,train
G04_R0573,G04,holdout_G06,train
G04_R0574,G04,holdout_G06,train
G04_R0575,G04,holdout_G06,train
G04_R0576,G04,holdout_G06,train
G04_R0577,G04,holdout_G06,train
G04_R0578,G04,holdout_G06,train
G04_R0579,G04,holdout_G06,train
G04_R0580,G04,holdout_G06,train
G04_R0581,G04,holdout_G06,train
G04_R0582,G04,holdout_G06,train
G04_R0583,G04,holdout_G06,train
G04_R0584,G04,holdout_G06,train
G04_R0585,G04,holdout_G06,train
G04_R0586,G04,holdout_G06,train
G04_R0587,G04,holdout_G06,train
G04_R0588,G04,holdout_G06,train
G04_R0589,G04,holdout_G06,train
G04_R0590,G04,holdout_G06,train
G04_R0591,G04,holdout_G06,train
G04_R0592,G04,holdout_G06,train
G04_R0593,G04,holdout_G06,train
G04_R0594,G04,holdout_G06,train
G04_R0595,G04,holdout_G06,train
G04_R0596,G04,holdout_G06,train
G04_R0597,G04,holdout_G06,train
G04_R0598,G04,holdout_G06,train
G04_R0599,G04,holdout_G06,train
G04_R0600,G04,holdout_G06,train
G04_R0601,G04,holdout_G06,train
G04_R0602,G04,holdout_G06,train
G04_R0603,G04,holdout_G06,train
G04_R0604,G04,holdout_G06,train
G04_R0605,G04,holdout_G06,train
G04_R0606,G04,holdout_G06,train
G04_R0607,G04,holdout_G06,train
G04_R0608,G04,holdout_G06,train
G04_R0609,G04,holdout_G06,train
G04_R0610,G04,holdout_G06,train
G04_R0611,G04,holdout_G06,train
G04_R0612,G04,holdout_G06,train
G04_R0613,G04,holdout_G06,train
G04_R0614,G04,holdout_G06,train
G04_R0615,G04,holdout_G06,train
G04_R0616,G04,holdout_G06,train
G04_R0617,G04,holdout_G06,train
G04_R0618,G04,holdout_G06,train
G04_R0619,G04,holdout_G06,train
G04_R0620,G04,holdout_G06,train
G04_R0621,G04,holdout_G06,train
G04_R0622,G04,holdout_G06,train
G04_R0623,G04,holdout_G06,train
G04_R0624,G04,holdout_G06,train
G04_R0625,G04,holdout_G06,train
G04_R0626,G04,holdout_G06,train
G04_R0627,G04,holdout_G06,train
G04_R0628,G04,holdout_G06,train
G04_R0629,G04,holdout_G06,train
G04_R0630,G04,holdout_G06,train
G04_R0631,G04,holdout_G06,train
G04_R0632,G04,holdout_G06,train
G04_R0633,G04,holdout_G06,train
G04_R0634,G04,holdout_G06,train
G04_R0635,G04,holdout_G06,train
G04_R0636,G04,holdout_G06,train
G04_R0637,G04,holdout_G06,train
G04_R0638,G04,holdout_G06,train
G04_R0639,G04,holdout_G06,train
G04_R0640,G04,holdout_G06,train
G04_R0641,G04,holdout_G06,train
G04_R0642,G04,holdout_G06,train
G04_R0643,G04,holdout_G06,train
G04_R0644,G04,holdout_G06,train
G04_R0645,G04,holdout_G06,train
G04_R0646,G04,holdout_G06,train
G04_R0647,G04,holdout_G06,train
G04_R0648,G04,holdout_G06,train
G04_R0649,G04,holdout_G06,train
G04_R0650,G04,holdout_G06,train
G04_R0651,G04,holdout_G06,train
G04_R0652,G04,holdout_G06,train
G04_R0653,G04,holdout_G06,train
G04_R0654,G04,holdout_G06,train
G04_R0655,G04,holdout_G06,train
G04_R0656,G04,holdout_G06,train
G04_R0657,G04,holdout_G06,train
G04_R0658,G04,holdout_G06,train
G04_R0659,G04,holdout_G06,train
G04_R0660,G04,holdout_G06,train
G04_R0661,G04,holdout_G06,train
G04_R0662,G04,holdout_G06,train
G04_R0663,G04,holdout_G06,train
G04_R0664,G04,holdout_G06,train
G04_R0665,G04,holdout_G06,train
G04_R0666,G04,holdout_G06,train
G04_R0667,G04,holdout_G06,train
G04_R0668,G04,holdout_G06,train
G04_R0669,G04,holdout_G06,train
G04_R0670,G04,holdout_G06,train
G04_R0671,G04,holdout_G06,train
G04_R0672,G04,holdout_G06,train
G04_R0673,G04,holdout_G06,train
G04_R0674,G04,holdout_G06,train
G04_R0675,G04,holdout_G06,train
G04_R0676,G04,holdout_G06,train
G04_R0677,G04,holdout_G06,train
G04_R0678,G04,holdout_G06,train
G04_R0679,G04,holdout_G06,train
G04_R0680,G04,holdout_G06,train
G04_R0681,G04,holdout_G06,train
G04_R0682,G04,holdout_G06,train
G04_R0683,G04,holdout_G06,train
G04_R0684,G04,holdout_G06,train
G04_R0685,G04,holdout_G06,train
G04_R0686,G04,holdout_G06,train
G04_R0687,G04,holdout_G06,train
G04_R0688,G04,holdout_G06,train
G04_R0689,G04,holdout_G06,train
G04_R0690,G04,holdout_G06,train
G04_R0691,G04,holdout_G06,train
G04_R0692,G04,holdout_G06,train
G04_R0693,G04,holdout_G06,train
G04_R0694,G04,holdout_G06,train
G04_R0695,G04,holdout_G06,train
G04_R0696,G04,holdout_G06,train
G04_R0697,G04,holdout_G06,train
G04_R0698,G04,holdout_G06,train
G04_R0699,G04,holdout_G06,train
G04_R0700,G04,holdout_G06,train
G04_R0701,G04,holdout_G06,train
G04_R0702,G04,holdout_G06,train
G04_R0703,G04,holdout_G06,train
G04_R0704,G04,holdout_G06,train
G04_R0705,G04,holdout_G06,train
G04_R0706,G04,holdout_G06,train
G04_R0707,G04,holdout_G06,train
G04_R0708,G04,holdout_G06,train
G04_R0709,G04,holdout_G06,train
G04_R0710,G04,holdout_G06,train
G04_R0711,G04,holdout_G06,train
G04_R0712,G04,holdout_G06,train
G04_R0713,G04,holdout_G06,train
G04_R0714,G04,holdout_G06,train
G04_R0715,G04,holdout_G06,train
G04_R0716,G04,holdout_G06,train
G04_R0717,G04,holdout_G06,train
G04_R0718,G04,holdout_G06,train
G04_R0719,G04,holdout_G06,train
G04_R0720,G04,holdout_G06,train
G04_R0721,G04,holdout_G06,train
G04_R0722,G04,holdout_G06,train
G04_R0723,G04,holdout_G06,train
G04_R0724,G04,holdout_G06,train
G04_R0725,G04,holdout_G06,train
G04_R0726,G04,holdout_G06,train
G04_R0727,G04,holdout_G06,train
G04_R0728,G04,holdout_G06,train
G04_R0729,G04,holdout_G06,train
G04_R0730,G04,holdout_G06,train
G04_R0731,G04,holdout_G06,train
G04_R0732,G04,holdout_G06,train
G04_R0733,G04,holdout_G06,train
G04_R0734,G04,holdout_G06,train
G04_R0735,G04,holdout_G06,train
G04_R0736,G04,holdout_G06,train
G04_R0737,G04,holdout_G06,train
G04_R0738,G04,holdout_G06,train
G04_R0739,G04,holdout_G06,train
G04_R0740,G04,holdout_G06,train
G04_R0741,G04,holdout_G06,train
G04_R0742,G04,holdout_G06,train
G04_R0743,G04,holdout_G06,train
G04_R0744,G04,holdout_G06,train
G04_R0745,G04,holdout_G06,train
G04_R0746,G04,holdout_G06,train
G04_R0747,G04,holdout_G06,train
G04_R0748,G04,holdout_G06,train
G04_R0749,G04,holdout_G06,train
G04_R0750,G04,holdout_G06,train
G04_R0751,G04,holdout_G06,train
G04_R0752,G04,holdout_G06,train
G04_R0753,G04,holdout_G06,train
G04_R0754,G04,holdout_G06,train
G04_R0755,G04,holdout_G06,train
G04_R0756,G04,holdout_G06,train
G04_R0757,G04,holdout_G06,train
G04_R0758,G04,holdout_G06,train
G04_R0759,G04,holdout_G06,train
G04_R0760,G04,holdout_G06,train
G04_R0761,G04,holdout_G06,train
G04_R0762,G04,holdout_G06,train
G04_R0763,G04,holdout_G06,train
G04_R0764,G04,holdout_G06,train
G04_R0765,G04,holdout_G06,train
G04_R0766,G04,holdout_G06,train
G04_R0767,G04,holdout_G06,train
G04_R0768,G04,holdout_G06,train
G05_R0001,G05,holdout_G06,train
G05_R0002,G05,holdout_G06,train
G05_R0003,G05,holdout_G06,train
G05_R0004,G05,holdout_G06,train
G05_R0005,G05,holdout_G06,train
G05_R0006,G05,holdout_G06,train
G05_R0007,G05,holdout_G06,train
G05_R0008,G05,holdout_G06,train
G05_R0009,G05,holdout_G06,train
G05_R0010,G05,holdout_G06,train
G05_R0011,G05,holdout_G06,train
G05_R0012,G05,holdout_G06,train
G05_R0013,G05,holdout_G06,train
G05_R0014,G05,holdout_G06,train
G05_R0015,G05,holdout_G06,train
G05_R0016,G05,holdout_G06,train
G05_R0017,G05,holdout_G06,train
G05_R0018,G05,holdout_G06,train
G05_R0019,G05,holdout_G06,train
G05_R0020,G05,holdout_G06,train
G05_R0021,G05,holdout_G06,train
G05_R0022,G05,holdout_G06,train
G05_R0023,G05,holdout_G06,train
G05_R0024,G05,holdout_G06,train
G05_R0025,G05,holdout_G06,train
G05_R0026,G05,holdout_G06,train
G05_R0027,G05,holdout_G06,train
G05_R0028,G05,holdout_G06,train
G05_R0029,G05,holdout_G06,train
G05_R0030,G05,holdout_G06,train
G05_R0031,G05,holdout_G06,train
G05_R0032,G05,holdout_G06,train
G05_R0033,G05,holdout_G06,train
G05_R0034,G05,holdout_G06,train
G05_R0035,G05,holdout_G06,train
G05_R0036,G05,holdout_G06,train
G05_R0037,G05,holdout_G06,train
G05_R0038,G05,holdout_G06,train
G05_R0039,G05,holdout_G06,train
G05_R0040,G05,holdout_G06,train
G05_R0041,G05,holdout_G06,train
G05_R0042,G05,holdout_G06,train
G05_R0043,G05,holdout_G06,train
G05_R0044,G05,holdout_G06,train
G05_R0045,G05,holdout_G06,train
G05_R0046,G05,holdout_G06,train
G05_R0047,G05,holdout_G06,train
G05_R0048,G05,holdout_G06,train
G05_R0049,G05,holdout_G06,train
G05_R0050,G05,holdout_G06,train
G05_R0051,G05,holdout_G06,train
G05_R0052,G05,holdout_G06,train
G05_R0053,G05,holdout_G06,train
G05_R0054,G05,holdout_G06,train
G05_R0055,G05,holdout_G06,train
G05_R0056,G05,holdout_G06,train
G05_R0057,G05,holdout_G06,train
G05_R0058,G05,holdout_G06,train
G05_R0059,G05,holdout_G06,train
G05_R0060,G05,holdout_G06,train
G05_R0061,G05,holdout_G06,train
G05_R0062,G05,holdout_G06,train
G05_R0063,G05,holdout_G06,train
G05_R0064,G05,holdout_G06,train
G05_R0065,G05,holdout_G06,train
G05_R0066,G05,holdout_G06,train
G05_R0067,G05,holdout_G06,train
G05_R0068,G05,holdout_G06,train
G05_R0069,G05,holdout_G06,train
G05_R0070,G05,holdout_G06,train
G05_R0071,G05,holdout_G06,train
G05_R0072,G05,holdout_G06,train
G05_R0073,G05,holdout_G06,train
G05_R0074,G05,holdout_G06,train
G05_R0075,G05,holdout_G06,train
G05_R0076,G05,holdout_G06,train
G05_R0077,G05,holdout_G06,train
G05_R0078,G05,holdout_G06,train
G05_R0079,G05,holdout_G06,train
G05_R0080,G05,holdout_G06,train
G05_R0081,G05,holdout_G06,train
G05_R0082,G05,holdout_G06,train
G05_R0083,G05,holdout_G06,train
G05_R0084,G05,holdout_G06,train
G05_R0085,G05,holdout_G06,train
G05_R0086,G05,holdout_G06,train
G05_R0087,G05,holdout_G06,train
G05_R0088,G05,holdout_G06,train
G05_R0089,G05,holdout_G06,train
G05_R0090,G05,holdout_G06,train
G05_R0091,G05,holdout_G06,train
G05_R0092,G05,holdout_G06,train
G05_R0093,G05,holdout_G06,train
G05_R0094,G05,holdout_G06,train
G05_R0095,G05,holdout_G06,train
G05_R0096,G05,holdout_G06,train
G05_R0097,G05,holdout_G06,train
G05_R0098,G05,holdout_G06,train
G05_R0099,G05,holdout_G06,train
G05_R0100,G05,holdout_G06,train
G05_R0101,G05,holdout_G06,train
G05_R0102,G05,holdout_G06,train
G05_R0103,G05,holdout_G06,train
G05_R0104,G05,holdout_G06,train
G05_R0105,G05,holdout_G06,train
G05_R0106,G05,holdout_G06,train
G05_R0107,G05,holdout_G06,train
G05_R0108,G05,holdout_G06,train
G05_R0109,G05,holdout_G06,train
G05_R0110,G05,holdout_G06,train
G05_R0111,G05,holdout_G06,train
G05_R0112,G05,holdout_G06,train
G05_R0113,G05,holdout_G06,train
G05_R0114,G05,holdout_G06,train
G05_R0115,G05,holdout_G06,train
G05_R0116,G05,holdout_G06,train
G05_R0117,G05,holdout_G06,train
G05_R0118,G05,holdout_G06,train
G05_R0119,G05,holdout_G06,train
G05_R0120,G05,holdout_G06,train
G05_R0121,G05,holdout_G06,train
G05_R0122,G05,holdout_G06,train
G05_R0123,G05,holdout_G06,train
G05_R0124,G05,holdout_G06,train
G05_R0125,G05,holdout_G06,train
G05_R0126,G05,holdout_G06,train
G05_R0127,G05,holdout_G06,train
G05_R0128,G05,holdout_G06,train
G05_R0129,G05,holdout_G06,train
G05_R0130,G05,holdout_G06,train
G05_R0131,G05,holdout_G06,train
G05_R0132,G05,holdout_G06,train
G05_R0133,G05,holdout_G06,train
G05_R0134,G05,holdout_G06,train
G05_R0135,G05,holdout_G06,train
G05_R0136,G05,holdout_G06,train
G05_R0137,G05,holdout_G06,train
G05_R0138,G05,holdout_G06,train
G05_R0139,G05,holdout_G06,train
G05_R0140,G05,holdout_G06,train
G05_R0141,G05,holdout_G06,train
G05_R0142,G05,holdout_G06,train
G05_R0143,G05,holdout_G06,train
G05_R0144,G05,holdout_G06,train
G05_R0145,G05,holdout_G06,train
G05_R0146,G05,holdout_G06,train
G05_R0147,G05,holdout_G06,train
G05_R0148,G05,holdout_G06,train
G05_R0149,G05,holdout_G06,train
G05_R0150,G05,holdout_G06,train
G05_R0151,G05,holdout_G06,train
G05_R0152,G05,holdout_G06,train
G05_R0153,G05,holdout_G06,train
G05_R0154,G05,holdout_G06,train
G05_R0155,G05,holdout_G06,train
G05_R0156,G05,holdout_G06,train
G05_R0157,G05,holdout_G06,train
G05_R0158,G05,holdout_G06,train
G05_R0159,G05,holdout_G06,train
G05_R0160,G05,holdout_G06,train
G05_R0161,G05,holdout_G06,train
G05_R0162,G05,holdout_G06,train
G05_R0163,G05,holdout_G06,train
G05_R0164,G05,holdout_G06,train
G05_R0165,G05,holdout_G06,train
G05_R0166,G05,holdout_G06,train
G05_R0167,G05,holdout_G06,train
G05_R0168,G05,holdout_G06,train
G05_R0169,G05,holdout_G06,train
G05_R0170,G05,holdout_G06,train
G05_R0171,G05,holdout_G06,train
G05_R0172,G05,holdout_G06,train
G05_R0173,G05,holdout_G06,train
G05_R0174,G05,holdout_G06,train
G05_R0175,G05,holdout_G06,train
G05_R0176,G05,holdout_G06,train
G05_R0177,G05,holdout_G06,train
G05_R0178,G05,holdout_G06,train
G05_R0179,G05,holdout_G06,train
G05_R0180,G05,holdout_G06,train
G05_R0181,G05,holdout_G06,train
G05_R0182,G05,holdout_G06,train
G05_R0183,G05,holdout_G06,train
G05_R0184,G05,holdout_G06,train
G05_R0185,G05,holdout_G06,train
G05_R0186,G05,holdout_G06,train
G05_R0187,G05,holdout_G06,train
G05_R0188,G05,holdout_G06,train
G05_R0189,G05,holdout_G06,train
G05_R0190,G05,holdout_G06,train
G05_R0191,G05,holdout_G06,train
G05_R0192,G05,holdout_G06,train
G05_R0193,G05,holdout_G06,train
G05_R0194,G05,holdout_G06,train
G05_R0195,G05,holdout_G06,train
G05_R0196,G05,holdout_G06,train
G05_R0197,G05,holdout_G06,train
G05_R0198,G05,holdout_G06,train
G05_R0199,G05,holdout_G06,train
G05_R0200,G05,holdout_G06,train
G05_R0201,G05,holdout_G06,train
G05_R0202,G05,holdout_G06,train
G05_R0203,G05,holdout_G06,train
G05_R0204,G05,holdout_G06,train
G05_R0205,G05,holdout_G06,train
G05_R0206,G05,holdout_G06,train
G05_R0207,G05,holdout_G06,train
G05_R0208,G05,holdout_G06,train
G05_R0209,G05,holdout_G06,train
G05_R0210,G05,holdout_G06,train
G05_R0211,G05,holdout_G06,train
G05_R0212,G05,holdout_G06,train
G05_R0213,G05,holdout_G06,train
G05_R0214,G05,holdout_G06,train
G05_R0215,G05,holdout_G06,train
G05_R0216,G05,holdout_G06,train
G05_R0217,G05,holdout_G06,train
G05_R0218,G05,holdout_G06,train
G05_R0219,G05,holdout_G06,train
G05_R0220,G05,holdout_G06,train
G05_R0221,G05,holdout_G06,train
G05_R0222,G05,holdout_G06,train
G05_R0223,G05,holdout_G06,train
G05_R0224,G05,holdout_G06,train
G05_R0225,G05,holdout_G06,train
G05_R0226,G05,holdout_G06,train
G05_R0227,G05,holdout_G06,train
G05_R0228,G05,holdout_G06,train
G05_R0229,G05,holdout_G06,train
G05_R0230,G05,holdout_G06,train
G05_R0231,G05,holdout_G06,train
G05_R0232,G05,holdout_G06,train
G05_R0233,G05,holdout_G06,train
G05_R0234,G05,holdout_G06,train
G05_R0235,G05,holdout_G06,train
G05_R0236,G05,holdout_G06,train
G05_R0237,G05,holdout_G06,train
G05_R0238,G05,holdout_G06,train
G05_R0239,G05,holdout_G06,train
G05_R0240,G05,holdout_G06,train
G05_R0241,G05,holdout_G06,train
G05_R0242,G05,holdout_G06,train
G05_R0243,G05,holdout_G06,train
G05_R0244,G05,holdout_G06,train
G05_R0245,G05,holdout_G06,train
G05_R0246,G05,holdout_G06,train
G05_R0247,G05,holdout_G06,train
G05_R0248,G05,holdout_G06,train
G05_R0249,G05,holdout_G06,train
G05_R0250,G05,holdout_G06,train
G05_R0251,G05,holdout_G06,train
G05_R0252,G05,holdout_G06,train
G05_R0253,G05,holdout_G06,train
G05_R0254,G05,holdout_G06,train
G05_R0255,G05,holdout_G06,train
G05_R0256,G05,holdout_G06,train
G05_R0257,G05,holdout_G06,train
G05_R0258,G05,holdout_G06,train
G05_R0259,G05,holdout_G06,train
G05_R0260,G05,holdout_G06,train
G05_R0261,G05,holdout_G06,train
G05_R0262,G05,holdout_G06,train
G05_R0263,G05,holdout_G06,train
G05_R0264,G05,holdout_G06,train
G05_R0265,G05,holdout_G06,train
G05_R0266,G05,holdout_G06,train
G05_R0267,G05,holdout_G06,train
G05_R0268,G05,holdout_G06,train
G05_R0269,G05,holdout_G06,train
G05_R0270,G05,holdout_G06,train
G05_R0271,G05,holdout_G06,train
G05_R0272,G05,holdout_G06,train
G05_R0273,G05,holdout_G06,train
G05_R0274,G05,holdout_G06,train
G05_R0275,G05,holdout_G06,train
G05_R0276,G05,holdout_G06,train
G05_R0277,G05,holdout_G06,train
G05_R0278,G05,holdout_G06,train
G05_R0279,G05,holdout_G06,train
G05_R0280,G05,holdout_G06,train
G05_R0281,G05,holdout_G06,train
G05_R0282,G05,holdout_G06,train
G05_R0283,G05,holdout_G06,train
G05_R0284,G05,holdout_G06,train
G05_R0285,G05,holdout_G06,train
G05_R0286,G05,holdout_G06,train
G05_R0287,G05,holdout_G06,train
G05_R0288,G05,holdout_G06,train
G05_R0289,G05,holdout_G06,train
G05_R0290,G05,holdout_G06,train
G05_R0291,G05,holdout_G06,train
G05_R0292,G05,holdout_G06,train
G05_R0293,G05,holdout_G06,train
G05_R0294,G05,holdout_G06,train
G05_R0295,G05,holdout_G06,train
G05_R0296,G05,holdout_G06,train
G05_R0297,G05,holdout_G06,train
G05_R0298,G05,holdout_G06,train
G05_R0299,G05,holdout_G06,train
G05_R0300,G05,holdout_G06,train
G05_R0301,G05,holdout_G06,train
G05_R0302,G05,holdout_G06,train
G05_R0303,G05,holdout_G06,train
G05_R0304,G05,holdout_G06,train
G05_R0305,G05,holdout_G06,train
G05_R0306,G05,holdout_G06,train
G05_R0307,G05,holdout_G06,train
G05_R0308,G05,holdout_G06,train
G05_R0309,G05,holdout_G06,train
G05_R0310,G05,holdout_G06,train
G05_R0311,G05,holdout_G06,train
G05_R0312,G05,holdout_G06,train
G05_R0313,G05,holdout_G06,train
G05_R0314,G05,holdout_G06,train
G05_R0315,G05,holdout_G06,train
G05_R0316,G05,holdout_G06,train
G05_R0317,G05,holdout_G06,train
G05_R0318,G05,holdout_G06,train
G05_R0319,G05,holdout_G06,train
G05_R0320,G05,holdout_G06,train
G05_R0321,G05,holdout_G06,train
G05_R0322,G05,holdout_G06,train
G05_R0323,G05,holdout_G06,train
G05_R0324,G05,holdout_G06,train
G05_R0325,G05,holdout_G06,train
G05_R0326,G05,holdout_G06,train
G05_R0327,G05,holdout_G06,train
G05_R0328,G05,holdout_G06,train
G05_R0329,G05,holdout_G06,train
G05_R0330,G05,holdout_G06,train
G05_R0331,G05,holdout_G06,train
G05_R0332,G05,holdout_G06,train
G05_R0333,G05,holdout_G06,train
G05_R0334,G05,holdout_G06,train
G05_R0335,G05,holdout_G06,train
G05_R0336,G05,holdout_G06,train
G05_R0337,G05,holdout_G06,train
G05_R0338,G05,holdout_G06,train
G05_R0339,G05,holdout_G06,train
G05_R0340,G05,holdout_G06,train
G05_R0341,G05,holdout_G06,train
G05_R0342,G05,holdout_G06,train
G05_R0343,G05,holdout_G06,train
G05_R0344,G05,holdout_G06,train
G05_R0345,G05,holdout_G06,train
G05_R0346,G05,holdout_G06,train
G05_R0347,G05,holdout_G06,train
G05_R0348,G05,holdout_G06,train
G05_R0349,G05,holdout_G06,train
G05_R0350,G05,holdout_G06,train
G05_R0351,G05,holdout_G06,train
G05_R0352,G05,holdout_G06,train
G05_R0353,G05,holdout_G06,train
G05_R0354,G05,holdout_G06,train
G05_R0355,G05,holdout_G06,train
G05_R0356,G05,holdout_G06,train
G05_R0357,G05,holdout_G06,train
G05_R0358,G05,holdout_G06,train
G05_R0359,G05,holdout_G06,train
G05_R0360,G05,holdout_G06,train
G05_R0361,G05,holdout_G06,train
G05_R0362,G05,holdout_G06,train
G05_R0363,G05,holdout_G06,train
G05_R0364,G05,holdout_G06,train
G05_R0365,G05,holdout_G06,train
G05_R0366,G05,holdout_G06,train
G05_R0367,G05,holdout_G06,train
G05_R0368,G05,holdout_G06,train
G05_R0369,G05,holdout_G06,train
G05_R0370,G05,holdout_G06,train
G05_R0371,G05,holdout_G06,train
G05_R0372,G05,holdout_G06,train
G05_R0373,G05,holdout_G06,train
G05_R0374,G05,holdout_G06,train
G05_R0375,G05,holdout_G06,train
G05_R0376,G05,holdout_G06,train
G05_R0377,G05,holdout_G06,train
G05_R0378,G05,holdout_G06,train
G05_R0379,G05,holdout_G06,train
G05_R0380,G05,holdout_G06,train
G05_R0381,G05,holdout_G06,train
G05_R0382,G05,holdout_G06,train
G05_R0383,G05,holdout_G06,train
G05_R0384,G05,holdout_G06,train
G05_R0385,G05,holdout_G06,train
G05_R0386,G05,holdout_G06,train
G05_R0387,G05,holdout_G06,train
G05_R0388,G05,holdout_G06,train
G05_R0389,G05,holdout_G06,train
G05_R0390,G05,holdout_G06,train
G05_R0391,G05,holdout_G06,train
G05_R0392,G05,holdout_G06,train
G05_R0393,G05,holdout_G06,train
G05_R0394,G05,holdout_G06,train
G05_R0395,G05,holdout_G06,train
G05_R0396,G05,holdout_G06,train
G05_R0397,G05,holdout_G06,train
G05_R0398,G05,holdout_G06,train
G05_R0399,G05,holdout_G06,train
G05_R0400,G05,holdout_G06,train
G05_R0401,G05,holdout_G06,train
G05_R0402,G05,holdout_G06,train
G05_R0403,G05,holdout_G06,train
G05_R0404,G05,holdout_G06,train
G05_R0405,G05,holdout_G06,train
G05_R0406,G05,holdout_G06,train
G05_R0407,G05,holdout_G06,train
G05_R0408,G05,holdout_G06,train
G05_R0409,G05,holdout_G06,train
G05_R0410,G05,holdout_G06,train
G05_R0411,G05,holdout_G06,train
G05_R0412,G05,holdout_G06,train
G05_R0413,G05,holdout_G06,train
G05_R0414,G05,holdout_G06,train
G05_R0415,G05,holdout_G06,train
G05_R0416,G05,holdout_G06,train
G05_R0417,G05,holdout_G06,train
G05_R0418,G05,holdout_G06,train
G05_R0419,G05,holdout_G06,train
G05_R0420,G05,holdout_G06,train
G05_R0421,G05,holdout_G06,train
G05_R0422,G05,holdout_G06,train
G05_R0423,G05,holdout_G06,train
G05_R0424,G05,holdout_G06,train
G05_R0425,G05,holdout_G06,train
G05_R0426,G05,holdout_G06,train
G05_R0427,G05,holdout_G06,train
G05_R0428,G05,holdout_G06,train
G05_R0429,G05,holdout_G06,train
G05_R0430,G05,holdout_G06,train
G05_R0431,G05,holdout_G06,train
G05_R0432,G05,holdout_G06,train
G05_R0433,G05,holdout_G06,train
G05_R0434,G05,holdout_G06,train
G05_R0435,G05,holdout_G06,train
G05_R0436,G05,holdout_G06,train
G05_R0437,G05,holdout_G06,train
G05_R0438,G05,holdout_G06,train
G05_R0439,G05,holdout_G06,train
G05_R0440,G05,holdout_G06,train
G05_R0441,G05,holdout_G06,train
G05_R0442,G05,holdout_G06,train
G05_R0443,G05,holdout_G06,train
G05_R0444,G05,holdout_G06,train
G05_R0445,G05,holdout_G06,train
G05_R0446,G05,holdout_G06,train
G05_R0447,G05,holdout_G06,train
G05_R0448,G05,holdout_G06,train
G05_R0449,G05,holdout_G06,train
G05_R0450,G05,holdout_G06,train
G05_R0451,G05,holdout_G06,train
G05_R0452,G05,holdout_G06,train
G05_R0453,G05,holdout_G06,train
G05_R0454,G05,holdout_G06,train
G05_R0455,G05,holdout_G06,train
G05_R0456,G05,holdout_G06,train
G05_R0457,G05,holdout_G06,train
G05_R0458,G05,holdout_G06,train
G05_R0459,G05,holdout_G06,train
G05_R0460,G05,holdout_G06,train
G05_R0461,G05,holdout_G06,train
G05_R0462,G05,holdout_G06,train
G05_R0463,G05,holdout_G06,train
G05_R0464,G05,holdout_G06,train
G05_R0465,G05,holdout_G06,train
G05_R0466,G05,holdout_G06,train
G05_R0467,G05,holdout_G06,train
G05_R0468,G05,holdout_G06,train
G05_R0469,G05,holdout_G06,train
G05_R0470,G05,holdout_G06,train
G05_R0471,G05,holdout_G06,train
G05_R0472,G05,holdout_G06,train
G05_R0473,G05,holdout_G06,train
G05_R0474,G05,holdout_G06,train
G05_R0475,G05,holdout_G06,train
G05_R0476,G05,holdout_G06,train
G05_R0477,G05,holdout_G06,train
G05_R0478,G05,holdout_G06,train
G05_R0479,G05,holdout_G06,train
G05_R0480,G05,holdout_G06,train
G05_R0481,G05,holdout_G06,train
G05_R0482,G05,holdout_G06,train
G05_R0483,G05,holdout_G06,train
G05_R0484,G05,holdout_G06,train
G05_R0485,G05,holdout_G06,train
G05_R0486,G05,holdout_G06,train
G05_R0487,G05,holdout_G06,train
G05_R0488,G05,holdout_G06,train
G05_R0489,G05,holdout_G06,train
G05_R0490,G05,holdout_G06,train
G05_R0491,G05,holdout_G06,train
G05_R0492,G05,holdout_G06,train
G05_R0493,G05,holdout_G06,train
G05_R0494,G05,holdout_G06,train
G05_R0495,G05,holdout_G06,train
G05_R0496,G05,holdout_G06,train
G05_R0497,G05,holdout_G06,train
G05_R0498,G05,holdout_G06,train
G05_R0499,G05,holdout_G06,train
G05_R0500,G05,holdout_G06,train
G05_R0501,G05,holdout_G06,train
G05_R0502,G05,holdout_G06,train
G05_R0503,G05,holdout_G06,train
G05_R0504,G05,holdout_G06,train
G05_R0505,G05,holdout_G06,train
G05_R0506,G05,holdout_G06,train
G05_R0507,G05,holdout_G06,train
G05_R0508,G05,holdout_G06,train
G05_R0509,G05,holdout_G06,train
G05_R0510,G05,holdout_G06,train
G05_R0511,G05,holdout_G06,train
G05_R0512,G05,holdout_G06,train
G05_R0513,G05,holdout_G06,train
G05_R0514,G05,holdout_G06,train
G05_R0515,G05,holdout_G06,train
G05_R0516,G05,holdout_G06,train
G05_R0517,G05,holdout_G06,train
G05_R0518,G05,holdout_G06,train
G05_R0519,G05,holdout_G06,train
G05_R0520,G05,holdout_G06,train
G05_R0521,G05,holdout_G06,train
G05_R0522,G05,holdout_G06,train
G05_R0523,G05,holdout_G06,train
G05_R0524,G05,holdout_G06,train
G05_R0525,G05,holdout_G06,train
G05_R0526,G05,holdout_G06,train
G05_R0527,G05,holdout_G06,train
G05_R0528,G05,holdout_G06,train
G05_R0529,G05,holdout_G06,train
G05_R0530,G05,holdout_G06,train
G05_R0531,G05,holdout_G06,train
G05_R0532,G05,holdout_G06,train
G05_R0533,G05,holdout_G06,train
G05_R0534,G05,holdout_G06,train
G05_R0535,G05,holdout_G06,train
G05_R0536,G05,holdout_G06,train
G05_R0537,G05,holdout_G06,train
G05_R0538,G05,holdout_G06,train
G05_R0539,G05,holdout_G06,train
G05_R0540,G05,holdout_G06,train
G05_R0541,G05,holdout_G06,train
G05_R0542,G05,holdout_G06,train
G05_R0543,G05,holdout_G06,train
G05_R0544,G05,holdout_G06,train
G05_R0545,G05,holdout_G06,train
G05_R0546,G05,holdout_G06,train
G05_R0547,G05,holdout_G06,train
G05_R0548,G05,holdout_G06,train
G05_R0549,G05,holdout_G06,train
G05_R0550,G05,holdout_G06,train
G05_R0551,G05,holdout_G06,train
G05_R0552,G05,holdout_G06,train
G05_R0553,G05,holdout_G06,train
G05_R0554,G05,holdout_G06,train
G05_R0555,G05,holdout_G06,train
G05_R0556,G05,holdout_G06,train
G05_R0557,G05,holdout_G06,train
G05_R0558,G05,holdout_G06,train
G05_R0559,G05,holdout_G06,train
G05_R0560,G05,holdout_G06,train
G05_R0561,G05,holdout_G06,train
G05_R0562,G05,holdout_G06,train
G05_R0563,G05,holdout_G06,train
G05_R0564,G05,holdout_G06,train
G05_R0565,G05,holdout_G06,train
G05_R0566,G05,holdout_G06,train
G05_R0567,G05,holdout_G06,train
G05_R0568,G05,holdout_G06,train
G05_R0569,G05,holdout_G06,train
G05_R0570,G05,holdout_G06,train
G05_R0571,G05,holdout_G06,train
G05_R0572,G05,holdout_G06,train
G05_R0573,G05,holdout_G06,train
G05_R0574,G05,holdout_G06,train
G05_R0575,G05,holdout_G06,train
G05_R0576,G05,holdout_G06,train
G05_R0577,G05,holdout_G06,train
G05_R0578,G05,holdout_G06,train
G05_R0579,G05,holdout_G06,train
G05_R0580,G05,holdout_G06,train
G05_R0581,G05,holdout_G06,train
G05_R0582,G05,holdout_G06,train
G05_R0583,G05,holdout_G06,train
G05_R0584,G05,holdout_G06,train
G05_R0585,G05,holdout_G06,train
G05_R0586,G05,holdout_G06,train
G05_R0587,G05,holdout_G06,train
G05_R0588,G05,holdout_G06,train
G05_R0589,G05,holdout_G06,train
G05_R0590,G05,holdout_G06,train
G05_R0591,G05,holdout_G06,train
G05_R0592,G05,holdout_G06,train
G05_R0593,G05,holdout_G06,train
G05_R0594,G05,holdout_G06,train
G05_R0595,G05,holdout_G06,train
G05_R0596,G05,holdout_G06,train
G05_R0597,G05,holdout_G06,train
G05_R0598,G05,holdout_G06,train
G05_R0599,G05,holdout_G06,train
G05_R0600,G05,holdout_G06,train
G05_R0601,G05,holdout_G06,train
G05_R0602,G05,holdout_G06,train
G05_R0603,G05,holdout_G06,train
G05_R0604,G05,holdout_G06,train
G05_R0605,G05,holdout_G06,train
G05_R0606,G05,holdout_G06,train
G05_R0607,G05,holdout_G06,train
G05_R0608,G05,holdout_G06,train
G05_R0609,G05,holdout_G06,train
G05_R0610,G05,holdout_G06,train
G05_R0611,G05,holdout_G06,train
G05_R0612,G05,holdout_G06,train
G05_R0613,G05,holdout_G06,train
G05_R0614,G05,holdout_G06,train
G05_R0615,G05,holdout_G06,train
G05_R0616,G05,holdout_G06,train
G05_R0617,G05,holdout_G06,train
G05_R0618,G05,holdout_G06,train
G05_R0619,G05,holdout_G06,train
G05_R0620,G05,holdout_G06,train
G05_R0621,G05,holdout_G06,train
G05_R0622,G05,holdout_G06,train
G05_R0623,G05,holdout_G06,train
G05_R0624,G05,holdout_G06,train
G05_R0625,G05,holdout_G06,train
G05_R0626,G05,holdout_G06,train
G05_R0627,G05,holdout_G06,train
G05_R0628,G05,holdout_G06,train
G05_R0629,G05,holdout_G06,train
G05_R0630,G05,holdout_G06,train
G05_R0631,G05,holdout_G06,train
G05_R0632,G05,holdout_G06,train
G05_R0633,G05,holdout_G06,train
G05_R0634,G05,holdout_G06,train
G05_R0635,G05,holdout_G06,train
G05_R0636,G05,holdout_G06,train
G05_R0637,G05,holdout_G06,train
G05_R0638,G05,holdout_G06,train
G05_R0639,G05,holdout_G06,train
G05_R0640,G05,holdout_G06,train
G05_R0641,G05,holdout_G06,train
G05_R0642,G05,holdout_G06,train
G05_R0643,G05,holdout_G06,train
G05_R0644,G05,holdout_G06,train
G05_R0645,G05,holdout_G06,train
G05_R0646,G05,holdout_G06,train
G05_R0647,G05,holdout_G06,train
G05_R0648,G05,holdout_G06,train
G05_R0649,G05,holdout_G06,train
G05_R0650,G05,holdout_G06,train
G05_R0651,G05,holdout_G06,train
G05_R0652,G05,holdout_G06,train
G05_R0653,G05,holdout_G06,train
G05_R0654,G05,holdout_G06,train
G05_R0655,G05,holdout_G06,train
G05_R0656,G05,holdout_G06,train
G05_R0657,G05,holdout_G06,train
G05_R0658,G05,holdout_G06,train
G05_R0659,G05,holdout_G06,train
G05_R0660,G05,holdout_G06,train
G05_R0661,G05,holdout_G06,train
G05_R0662,G05,holdout_G06,train
G05_R0663,G05,holdout_G06,train
G05_R0664,G05,holdout_G06,train
G05_R0665,G05,holdout_G06,train
G05_R0666,G05,holdout_G06,train
G05_R0667,G05,holdout_G06,train
G05_R0668,G05,holdout_G06,train
G05_R0669,G05,holdout_G06,train
G05_R0670,G05,holdout_G06,train
G05_R0671,G05,holdout_G06,train
G05_R0672,G05,holdout_G06,train
G05_R0673,G05,holdout_G06,train
G05_R0674,G05,holdout_G06,train
G05_R0675,G05,holdout_G06,train
G05_R0676,G05,holdout_G06,train
G05_R0677,G05,holdout_G06,train
G05_R0678,G05,holdout_G06,train
G05_R0679,G05,holdout_G06,train
G05_R0680,G05,holdout_G06,train
G05_R0681,G05,holdout_G06,train
G05_R0682,G05,holdout_G06,train
G05_R0683,G05,holdout_G06,train
G05_R0684,G05,holdout_G06,train
G05_R0685,G05,holdout_G06,train
G05_R0686,G05,holdout_G06,train
G05_R0687,G05,holdout_G06,train
G05_R0688,G05,holdout_G06,train
G05_R0689,G05,holdout_G06,train
G05_R0690,G05,holdout_G06,train
G05_R0691,G05,holdout_G06,train
G05_R0692,G05,holdout_G06,train
G05_R0693,G05,holdout_G06,train
G05_R0694,G05,holdout_G06,train
G05_R0695,G05,holdout_G06,train
G05_R0696,G05,holdout_G06,train
G05_R0697,G05,holdout_G06,train
G05_R0698,G05,holdout_G06,train
G05_R0699,G05,holdout_G06,train
G05_R0700,G05,holdout_G06,train
G05_R0701,G05,holdout_G06,train
G05_R0702,G05,holdout_G06,train
G05_R0703,G05,holdout_G06,train
G05_R0704,G05,holdout_G06,train
G05_R0705,G05,holdout_G06,train
G05_R0706,G05,holdout_G06,train
G05_R0707,G05,holdout_G06,train
G05_R0708,G05,holdout_G06,train
G05_R0709,G05,holdout_G06,train
G05_R0710,G05,holdout_G06,train
G05_R0711,G05,holdout_G06,train
G05_R0712,G05,holdout_G06,train
G05_R0713,G05,holdout_G06,train
G05_R0714,G05,holdout_G06,train
G05_R0715,G05,holdout_G06,train
G05_R0716,G05,holdout_G06,train
G05_R0717,G05,holdout_G06,train
G05_R0718,G05,holdout_G06,train
G05_R0719,G05,holdout_G06,train
G05_R0720,G05,holdout_G06,train
G05_R0721,G05,holdout_G06,train
G05_R0722,G05,holdout_G06,train
G05_R0723,G05,holdout_G06,train
G05_R0724,G05,holdout_G06,train
G05_R0725,G05,holdout_G06,train
G05_R0726,G05,holdout_G06,train
G05_R0727,G05,holdout_G06,train
G05_R0728,G05,holdout_G06,train
G05_R0729,G05,holdout_G06,train
G05_R0730,G05,holdout_G06,train
G05_R0731,G05,holdout_G06,train
G05_R0732,G05,holdout_G06,train
G05_R0733,G05,holdout_G06,train
G05_R0734,G05,holdout_G06,train
G05_R0735,G05,holdout_G06,train
G05_R0736,G05,holdout_G06,train
G05_R0737,G05,holdout_G06,train
G05_R0738,G05,holdout_G06,train
G05_R0739,G05,holdout_G06,train
G05_R0740,G05,holdout_G06,train
G05_R0741,G05,holdout_G06,train
G05_R0742,G05,holdout_G06,train
G05_R0743,G05,holdout_G06,train
G05_R0744,G05,holdout_G06,train
G05_R0745,G05,holdout_G06,train
G05_R0746,G05,holdout_G06,train
G05_R0747,G05,holdout_G06,train
G05_R0748,G05,holdout_G06,train
G05_R0749,G05,holdout_G06,train
G05_R0750,G05,holdout_G06,train
G05_R0751,G05,holdout_G06,train
G05_R0752,G05,holdout_G06,train
G05_R0753,G05,holdout_G06,train
G05_R0754,G05,holdout_G06,train
G05_R0755,G05,holdout_G06,train
G05_R0756,G05,holdout_G06,train
G05_R0757,G05,holdout_G06,train
G05_R0758,G05,holdout_G06,train
G05_R0759,G05,holdout_G06,train
G05_R0760,G05,holdout_G06,train
G05_R0761,G05,holdout_G06,train
G05_R0762,G05,holdout_G06,train
G05_R0763,G05,holdout_G06,train
G05_R0764,G05,holdout_G06,train
G05_R0765,G05,holdout_G06,train
G05_R0766,G05,holdout_G06,train
G05_R0767,G05,holdout_G06,train
G05_R0768,G05,holdout_G06,train
G06_R0001,G06,holdout_G06,test
G06_R0002,G06,holdout_G06,test
G06_R0003,G06,holdout_G06,test
G06_R0004,G06,holdout_G06,test
G06_R0005,G06,holdout_G06,test
G06_R0006,G06,holdout_G06,test
G06_R0007,G06,holdout_G06,test
G06_R0008,G06,holdout_G06,test
G06_R0009,G06,holdout_G06,test
G06_R0010,G06,holdout_G06,test
G06_R0011,G06,holdout_G06,test
G06_R0012,G06,holdout_G06,test
G06_R0013,G06,holdout_G06,test
G06_R0014,G06,holdout_G06,test
G06_R0015,G06,holdout_G06,test
G06_R0016,G06,holdout_G06,test
G06_R0017,G06,holdout_G06,test
G06_R0018,G06,holdout_G06,test
G06_R0019,G06,holdout_G06,test
G06_R0020,G06,holdout_G06,test
G06_R0021,G06,holdout_G06,test
G06_R0022,G06,holdout_G06,test
G06_R0023,G06,holdout_G06,test
G06_R0024,G06,holdout_G06,test
G06_R0025,G06,holdout_G06,test
G06_R0026,G06,holdout_G06,test
G06_R0027,G06,holdout_G06,test
G06_R0028,G06,holdout_G06,test
G06_R0029,G06,holdout_G06,test
G06_R0030,G06,holdout_G06,test
G06_R0031,G06,holdout_G06,test
G06_R0032,G06,holdout_G06,test
G06_R0033,G06,holdout_G06,test
G06_R0034,G06,holdout_G06,test
G06_R0035,G06,holdout_G06,test
G06_R0036,G06,holdout_G06,test
G06_R0037,G06,holdout_G06,test
G06_R0038,G06,holdout_G06,test
G06_R0039,G06,holdout_G06,test
G06_R0040,G06,holdout_G06,test
G06_R0041,G06,holdout_G06,test
G06_R0042,G06,holdout_G06,test
G06_R0043,G06,holdout_G06,test
G06_R0044,G06,holdout_G06,test
G06_R0045,G06,holdout_G06,test
G06_R0046,G06,holdout_G06,test
G06_R0047,G06,holdout_G06,test
G06_R0048,G06,holdout_G06,test
G06_R0049,G06,holdout_G06,test
G06_R0050,G06,holdout_G06,test
G06_R0051,G06,holdout_G06,test
G06_R0052,G06,holdout_G06,test
G06_R0053,G06,holdout_G06,test
G06_R0054,G06,holdout_G06,test
G06_R0055,G06,holdout_G06,test
G06_R0056,G06,holdout_G06,test
G06_R0057,G06,holdout_G06,test
G06_R0058,G06,holdout_G06,test
G06_R0059,G06,holdout_G06,test
G06_R0060,G06,holdout_G06,test
G06_R0061,G06,holdout_G06,test
G06_R0062,G06,holdout_G06,test
G06_R0063,G06,holdout_G06,test
G06_R0064,G06,holdout_G06,test
G06_R0065,G06,holdout_G06,test
G06_R0066,G06,holdout_G06,test
G06_R0067,G06,holdout_G06,test
G06_R0068,G06,holdout_G06,test
G06_R0069,G06,holdout_G06,test
G06_R0070,G06,holdout_G06,test
G06_R0071,G06,holdout_G06,test
G06_R0072,G06,holdout_G06,test
G06_R0073,G06,holdout_G06,test
G06_R0074,G06,holdout_G06,test
G06_R0075,G06,holdout_G06,test
G06_R0076,G06,holdout_G06,test
G06_R0077,G06,holdout_G06,test
G06_R0078,G06,holdout_G06,test
G06_R0079,G06,holdout_G06,test
G06_R0080,G06,holdout_G06,test
G06_R0081,G06,holdout_G06,test
G06_R0082,G06,holdout_G06,test
G06_R0083,G06,holdout_G06,test
G06_R0084,G06,holdout_G06,test
G06_R0085,G06,holdout_G06,test
G06_R0086,G06,holdout_G06,test
G06_R0087,G06,holdout_G06,test
G06_R0088,G06,holdout_G06,test
G06_R0089,G06,holdout_G06,test
G06_R0090,G06,holdout_G06,test
G06_R0091,G06,holdout_G06,test
G06_R0092,G06,holdout_G06,test
G06_R0093,G06,holdout_G06,test
G06_R0094,G06,holdout_G06,test
G06_R0095,G06,holdout_G06,test
G06_R0096,G06,holdout_G06,test
G06_R0097,G06,holdout_G06,test
G06_R0098,G06,holdout_G06,test
G06_R0099,G06,holdout_G06,test
G06_R0100,G06,holdout_G06,test
G06_R0101,G06,holdout_G06,test
G06_R0102,G06,holdout_G06,test
G06_R0103,G06,holdout_G06,test
G06_R0104,G06,holdout_G06,test
G06_R0105,G06,holdout_G06,test
G06_R0106,G06,holdout_G06,test
G06_R0107,G06,holdout_G06,test
G06_R0108,G06,holdout_G06,test
G06_R0109,G06,holdout_G06,test
G06_R0110,G06,holdout_G06,test
G06_R0111,G06,holdout_G06,test
G06_R0112,G06,holdout_G06,test
G06_R0113,G06,holdout_G06,test
G06_R0114,G06,holdout_G06,test
G06_R0115,G06,holdout_G06,test
G06_R0116,G06,holdout_G06,test
G06_R0117,G06,holdout_G06,test
G06_R0118,G06,holdout_G06,test
G06_R0119,G06,holdout_G06,test
G06_R0120,G06,holdout_G06,test
G06_R0121,G06,holdout_G06,test
G06_R0122,G06,holdout_G06,test
G06_R0123,G06,holdout_G06,test
G06_R0124,G06,holdout_G06,test
G06_R0125,G06,holdout_G06,test
G06_R0126,G06,holdout_G06,test
G06_R0127,G06,holdout_G06,test
G06_R0128,G06,holdout_G06,test
G06_R0129,G06,holdout_G06,test
G06_R0130,G06,holdout_G06,test
G06_R0131,G06,holdout_G06,test
G06_R0132,G06,holdout_G06,test
G06_R0133,G06,holdout_G06,test
G06_R0134,G06,holdout_G06,test
G06_R0135,G06,holdout_G06,test
G06_R0136,G06,holdout_G06,test
G06_R0137,G06,holdout_G06,test
G06_R0138,G06,holdout_G06,test
G06_R0139,G06,holdout_G06,test
G06_R0140,G06,holdout_G06,test
G06_R0141,G06,holdout_G06,test
G06_R0142,G06,holdout_G06,test
G06_R0143,G06,holdout_G06,test
G06_R0144,G06,holdout_G06,test
G06_R0145,G06,holdout_G06,test
G06_R0146,G06,holdout_G06,test
G06_R0147,G06,holdout_G06,test
G06_R0148,G06,holdout_G06,test
G06_R0149,G06,holdout_G06,test
G06_R0150,G06,holdout_G06,test
G06_R0151,G06,holdout_G06,test
G06_R0152,G06,holdout_G06,test
G06_R0153,G06,holdout_G06,test
G06_R0154,G06,holdout_G06,test
G06_R0155,G06,holdout_G06,test
G06_R0156,G06,holdout_G06,test
G06_R0157,G06,holdout_G06,test
G06_R0158,G06,holdout_G06,test
G06_R0159,G06,holdout_G06,test
G06_R0160,G06,holdout_G06,test
G06_R0161,G06,holdout_G06,test
G06_R0162,G06,holdout_G06,test
G06_R0163,G06,holdout_G06,test
G06_R0164,G06,holdout_G06,test
G06_R0165,G06,holdout_G06,test
G06_R0166,G06,holdout_G06,test
G06_R0167,G06,holdout_G06,test
G06_R0168,G06,holdout_G06,test
G06_R0169,G06,holdout_G06,test
G06_R0170,G06,holdout_G06,test
G06_R0171,G06,holdout_G06,test
G06_R0172,G06,holdout_G06,test
G06_R0173,G06,holdout_G06,test
G06_R0174,G06,holdout_G06,test
G06_R0175,G06,holdout_G06,test
G06_R0176,G06,holdout_G06,test
G06_R0177,G06,holdout_G06,test
G06_R0178,G06,holdout_G06,test
G06_R0179,G06,holdout_G06,test
G06_R0180,G06,holdout_G06,test
G06_R0181,G06,holdout_G06,test
G06_R0182,G06,holdout_G06,test
G06_R0183,G06,holdout_G06,test
G06_R0184,G06,holdout_G06,test
G06_R0185,G06,holdout_G06,test
G06_R0186,G06,holdout_G06,test
G06_R0187,G06,holdout_G06,test
G06_R0188,G06,holdout_G06,test
G06_R0189,G06,holdout_G06,test
G06_R0190,G06,holdout_G06,test
G06_R0191,G06,holdout_G06,test
G06_R0192,G06,holdout_G06,test
G06_R0193,G06,holdout_G06,test
G06_R0194,G06,holdout_G06,test
G06_R0195,G06,holdout_G06,test
G06_R0196,G06,holdout_G06,test
G06_R0197,G06,holdout_G06,test
G06_R0198,G06,holdout_G06,test
G06_R0199,G06,holdout_G06,test
G06_R0200,G06,holdout_G06,test
G06_R0201,G06,holdout_G06,test
G06_R0202,G06,holdout_G06,test
G06_R0203,G06,holdout_G06,test
G06_R0204,G06,holdout_G06,test
G06_R0205,G06,holdout_G06,test
G06_R0206,G06,holdout_G06,test
G06_R0207,G06,holdout_G06,test
G06_R0208,G06,holdout_G06,test
G06_R0209,G06,holdout_G06,test
G06_R0210,G06,holdout_G06,test
G06_R0211,G06,holdout_G06,test
G06_R0212,G06,holdout_G06,test
G06_R0213,G06,holdout_G06,test
G06_R0214,G06,holdout_G06,test
G06_R0215,G06,holdout_G06,test
G06_R0216,G06,holdout_G06,test
G06_R0217,G06,holdout_G06,test
G06_R0218,G06,holdout_G06,test
G06_R0219,G06,holdout_G06,test
G06_R0220,G06,holdout_G06,test
G06_R0221,G06,holdout_G06,test
G06_R0222,G06,holdout_G06,test
G06_R0223,G06,holdout_G06,test
G06_R0224,G06,holdout_G06,test
G06_R0225,G06,holdout_G06,test
G06_R0226,G06,holdout_G06,test
G06_R0227,G06,holdout_G06,test
G06_R0228,G06,holdout_G06,test
G06_R0229,G06,holdout_G06,test
G06_R0230,G06,holdout_G06,test
G06_R0231,G06,holdout_G06,test
G06_R0232,G06,holdout_G06,test
G06_R0233,G06,holdout_G06,test
G06_R0234,G06,holdout_G06,test
G06_R0235,G06,holdout_G06,test
G06_R0236,G06,holdout_G06,test
G06_R0237,G06,holdout_G06,test
G06_R0238,G06,holdout_G06,test
G06_R0239,G06,holdout_G06,test
G06_R0240,G06,holdout_G06,test
G06_R0241,G06,holdout_G06,test
G06_R0242,G06,holdout_G06,test
G06_R0243,G06,holdout_G06,test
G06_R0244,G06,holdout_G06,test
G06_R0245,G06,holdout_G06,test
G06_R0246,G06,holdout_G06,test
G06_R0247,G06,holdout_G06,test
G06_R0248,G06,holdout_G06,test
G06_R0249,G06,holdout_G06,test
G06_R0250,G06,holdout_G06,test
G06_R0251,G06,holdout_G06,test
G06_R0252,G06,holdout_G06,test
G06_R0253,G06,holdout_G06,test
G06_R0254,G06,holdout_G06,test
G06_R0255,G06,holdout_G06,test
G06_R0256,G06,holdout_G06,test
G06_R0257,G06,holdout_G06,test
G06_R0258,G06,holdout_G06,test
G06_R0259,G06,holdout_G06,test
G06_R0260,G06,holdout_G06,test
G06_R0261,G06,holdout_G06,test
G06_R0262,G06,holdout_G06,test
G06_R0263,G06,holdout_G06,test
G06_R0264,G06,holdout_G06,test
G06_R0265,G06,holdout_G06,test
G06_R0266,G06,holdout_G06,test
G06_R0267,G06,holdout_G06,test
G06_R0268,G06,holdout_G06,test
G06_R0269,G06,holdout_G06,test
G06_R0270,G06,holdout_G06,test
G06_R0271,G06,holdout_G06,test
G06_R0272,G06,holdout_G06,test
G06_R0273,G06,holdout_G06,test
G06_R0274,G06,holdout_G06,test
G06_R0275,G06,holdout_G06,test
G06_R0276,G06,holdout_G06,test
G06_R0277,G06,holdout_G06,test
G06_R0278,G06,holdout_G06,test
G06_R0279,G06,holdout_G06,test
G06_R0280,G06,holdout_G06,test
G06_R0281,G06,holdout_G06,test
G06_R0282,G06,holdout_G06,test
G06_R0283,G06,holdout_G06,test
G06_R0284,G06,holdout_G06,test
G06_R0285,G06,holdout_G06,test
G06_R0286,G06,holdout_G06,test
G06_R0287,G06,holdout_G06,test
G06_R0288,G06,holdout_G06,test
G06_R0289,G06,holdout_G06,test
G06_R0290,G06,holdout_G06,test
G06_R0291,G06,holdout_G06,test
G06_R0292,G06,holdout_G06,test
G06_R0293,G06,holdout_G06,test
G06_R0294,G06,holdout_G06,test
G06_R0295,G06,holdout_G06,test
G06_R0296,G06,holdout_G06,test
G06_R0297,G06,holdout_G06,test
G06_R0298,G06,holdout_G06,test
G06_R0299,G06,holdout_G06,test
G06_R0300,G06,holdout_G06,test
G06_R0301,G06,holdout_G06,test
G06_R0302,G06,holdout_G06,test
G06_R0303,G06,holdout_G06,test
G06_R0304,G06,holdout_G06,test
G06_R0305,G06,holdout_G06,test
G06_R0306,G06,holdout_G06,test
G06_R0307,G06,holdout_G06,test
G06_R0308,G06,holdout_G06,test
G06_R0309,G06,holdout_G06,test
G06_R0310,G06,holdout_G06,test
G06_R0311,G06,holdout_G06,test
G06_R0312,G06,holdout_G06,test
G06_R0313,G06,holdout_G06,test
G06_R0314,G06,holdout_G06,test
G06_R0315,G06,holdout_G06,test
G06_R0316,G06,holdout_G06,test
G06_R0317,G06,holdout_G06,test
G06_R0318,G06,holdout_G06,test
G06_R0319,G06,holdout_G06,test
G06_R0320,G06,holdout_G06,test
G06_R0321,G06,holdout_G06,test
G06_R0322,G06,holdout_G06,test
G06_R0323,G06,holdout_G06,test
G06_R0324,G06,holdout_G06,test
G06_R0325,G06,holdout_G06,test
G06_R0326,G06,holdout_G06,test
G06_R0327,G06,holdout_G06,test
G06_R0328,G06,holdout_G06,test
G06_R0329,G06,holdout_G06,test
G06_R0330,G06,holdout_G06,test
G06_R0331,G06,holdout_G06,test
G06_R0332,G06,holdout_G06,test
G06_R0333,G06,holdout_G06,test
G06_R0334,G06,holdout_G06,test
G06_R0335,G06,holdout_G06,test
G06_R0336,G06,holdout_G06,test
G06_R0337,G06,holdout_G06,test
G06_R0338,G06,holdout_G06,test
G06_R0339,G06,holdout_G06,test
G06_R0340,G06,holdout_G06,test
G06_R0341,G06,holdout_G06,test
G06_R0342,G06,holdout_G06,test
G06_R0343,G06,holdout_G06,test
G06_R0344,G06,holdout_G06,test
G06_R0345,G06,holdout_G06,test
G06_R0346,G06,holdout_G06,test
G06_R0347,G06,holdout_G06,test
G06_R0348,G06,holdout_G06,test
G06_R0349,G06,holdout_G06,test
G06_R0350,G06,holdout_G06,test
G06_R0351,G06,holdout_G06,test
G06_R0352,G06,holdout_G06,test
G06_R0353,G06,holdout_G06,test
G06_R0354,G06,holdout_G06,test
G06_R0355,G06,holdout_G06,test
G06_R0356,G06,holdout_G06,test
G06_R0357,G06,holdout_G06,test
G06_R0358,G06,holdout_G06,test
G06_R0359,G06,holdout_G06,test
G06_R0360,G06,holdout_G06,test
G06_R0361,G06,holdout_G06,test
G06_R0362,G06,holdout_G06,test
G06_R0363,G06,holdout_G06,test
G06_R0364,G06,holdout_G06,test
G06_R0365,G06,holdout_G06,test
G06_R0366,G06,holdout_G06,test
G06_R0367,G06,holdout_G06,test
G06_R0368,G06,holdout_G06,test
G06_R0369,G06,holdout_G06,test
G06_R0370,G06,holdout_G06,test
G06_R0371,G06,holdout_G06,test
G06_R0372,G06,holdout_G06,test
G06_R0373,G06,holdout_G06,test
G06_R0374,G06,holdout_G06,test
G06_R0375,G06,holdout_G06,test
G06_R0376,G06,holdout_G06,test
G06_R0377,G06,holdout_G06,test
G06_R0378,G06,holdout_G06,test
G06_R0379,G06,holdout_G06,test
G06_R0380,G06,holdout_G06,test
G06_R0381,G06,holdout_G06,test
G06_R0382,G06,holdout_G06,test
G06_R0383,G06,holdout_G06,test
G06_R0384,G06,holdout_G06,test
G06_R0385,G06,holdout_G06,test
G06_R0386,G06,holdout_G06,test
G06_R0387,G06,holdout_G06,test
G06_R0388,G06,holdout_G06,test
G06_R0389,G06,holdout_G06,test
G06_R0390,G06,holdout_G06,test
G06_R0391,G06,holdout_G06,test
G06_R0392,G06,holdout_G06,test
G06_R0393,G06,holdout_G06,test
G06_R0394,G06,holdout_G06,test
G06_R0395,G06,holdout_G06,test
G06_R0396,G06,holdout_G06,test
G06_R0397,G06,holdout_G06,test
G06_R0398,G06,holdout_G06,test
G06_R0399,G06,holdout_G06,test
G06_R0400,G06,holdout_G06,test
G06_R0401,G06,holdout_G06,test
G06_R0402,G06,holdout_G06,test
G06_R0403,G06,holdout_G06,test
G06_R0404,G06,holdout_G06,test
G06_R0405,G06,holdout_G06,test
G06_R0406,G06,holdout_G06,test
G06_R0407,G06,holdout_G06,test
G06_R0408,G06,holdout_G06,test
G06_R0409,G06,holdout_G06,test
G06_R0410,G06,holdout_G06,test
G06_R0411,G06,holdout_G06,test
G06_R0412,G06,holdout_G06,test
G06_R0413,G06,holdout_G06,test
G06_R0414,G06,holdout_G06,test
G06_R0415,G06,holdout_G06,test
G06_R0416,G06,holdout_G06,test
G06_R0417,G06,holdout_G06,test
G06_R0418,G06,holdout_G06,test
G06_R0419,G06,holdout_G06,test
G06_R0420,G06,holdout_G06,test
G06_R0421,G06,holdout_G06,test
G06_R0422,G06,holdout_G06,test
G06_R0423,G06,holdout_G06,test
G06_R0424,G06,holdout_G06,test
G06_R0425,G06,holdout_G06,test
G06_R0426,G06,holdout_G06,test
G06_R0427,G06,holdout_G06,test
G06_R0428,G06,holdout_G06,test
G06_R0429,G06,holdout_G06,test
G06_R0430,G06,holdout_G06,test
G06_R0431,G06,holdout_G06,test
G06_R0432,G06,holdout_G06,test
G06_R0433,G06,holdout_G06,test
G06_R0434,G06,holdout_G06,test
G06_R0435,G06,holdout_G06,test
G06_R0436,G06,holdout_G06,test
G06_R0437,G06,holdout_G06,test
G06_R0438,G06,holdout_G06,test
G06_R0439,G06,holdout_G06,test
G06_R0440,G06,holdout_G06,test
G06_R0441,G06,holdout_G06,test
G06_R0442,G06,holdout_G06,test
G06_R0443,G06,holdout_G06,test
G06_R0444,G06,holdout_G06,test
G06_R0445,G06,holdout_G06,test
G06_R0446,G06,holdout_G06,test
G06_R0447,G06,holdout_G06,test
G06_R0448,G06,holdout_G06,test
G06_R0449,G06,holdout_G06,test
G06_R0450,G06,holdout_G06,test
G06_R0451,G06,holdout_G06,test
G06_R0452,G06,holdout_G06,test
G06_R0453,G06,holdout_G06,test
G06_R0454,G06,holdout_G06,test
G06_R0455,G06,holdout_G06,test
G06_R0456,G06,holdout_G06,test
G06_R0457,G06,holdout_G06,test
G06_R0458,G06,holdout_G06,test
G06_R0459,G06,holdout_G06,test
G06_R0460,G06,holdout_G06,test
G06_R0461,G06,holdout_G06,test
G06_R0462,G06,holdout_G06,test
G06_R0463,G06,holdout_G06,test
G06_R0464,G06,holdout_G06,test
G06_R0465,G06,holdout_G06,test
G06_R0466,G06,holdout_G06,test
G06_R0467,G06,holdout_G06,test
G06_R0468,G06,holdout_G06,test
G06_R0469,G06,holdout_G06,test
G06_R0470,G06,holdout_G06,test
G06_R0471,G06,holdout_G06,test
G06_R0472,G06,holdout_G06,test
G06_R0473,G06,holdout_G06,test
G06_R0474,G06,holdout_G06,test
G06_R0475,G06,holdout_G06,test
G06_R0476,G06,holdout_G06,test
G06_R0477,G06,holdout_G06,test
G06_R0478,G06,holdout_G06,test
G06_R0479,G06,holdout_G06,test
G06_R0480,G06,holdout_G06,test
G06_R0481,G06,holdout_G06,test
G06_R0482,G06,holdout_G06,test
G06_R0483,G06,holdout_G06,test
G06_R0484,G06,holdout_G06,test
G06_R0485,G06,holdout_G06,test
G06_R0486,G06,holdout_G06,test
G06_R0487,G06,holdout_G06,test
G06_R0488,G06,holdout_G06,test
G06_R0489,G06,holdout_G06,test
G06_R0490,G06,holdout_G06,test
G06_R0491,G06,holdout_G06,test
G06_R0492,G06,holdout_G06,test
G06_R0493,G06,holdout_G06,test
G06_R0494,G06,holdout_G06,test
G06_R0495,G06,holdout_G06,test
G06_R0496,G06,holdout_G06,test
G06_R0497,G06,holdout_G06,test
G06_R0498,G06,holdout_G06,test
G06_R0499,G06,holdout_G06,test
G06_R0500,G06,holdout_G06,test
G06_R0501,G06,holdout_G06,test
G06_R0502,G06,holdout_G06,test
G06_R0503,G06,holdout_G06,test
G06_R0504,G06,holdout_G06,test
G06_R0505,G06,holdout_G06,test
G06_R0506,G06,holdout_G06,test
G06_R0507,G06,holdout_G06,test
G06_R0508,G06,holdout_G06,test
G06_R0509,G06,holdout_G06,test
G06_R0510,G06,holdout_G06,test
G06_R0511,G06,holdout_G06,test
G06_R0512,G06,holdout_G06,test
G06_R0513,G06,holdout_G06,test
G06_R0514,G06,holdout_G06,test
G06_R0515,G06,holdout_G06,test
G06_R0516,G06,holdout_G06,test
G06_R0517,G06,holdout_G06,test
G06_R0518,G06,holdout_G06,test
G06_R0519,G06,holdout_G06,test
G06_R0520,G06,holdout_G06,test
G06_R0521,G06,holdout_G06,test
G06_R0522,G06,holdout_G06,test
G06_R0523,G06,holdout_G06,test
G06_R0524,G06,holdout_G06,test
G06_R0525,G06,holdout_G06,test
G06_R0526,G06,holdout_G06,test
G06_R0527,G06,holdout_G06,test
G06_R0528,G06,holdout_G06,test
G06_R0529,G06,holdout_G06,test
G06_R0530,G06,holdout_G06,test
G06_R0531,G06,holdout_G06,test
G06_R0532,G06,holdout_G06,test
G06_R0533,G06,holdout_G06,test
G06_R0534,G06,holdout_G06,test
G06_R0535,G06,holdout_G06,test
G06_R0536,G06,holdout_G06,test
G06_R0537,G06,holdout_G06,test
G06_R0538,G06,holdout_G06,test
G06_R0539,G06,holdout_G06,test
G06_R0540,G06,holdout_G06,test
G06_R0541,G06,holdout_G06,test
G06_R0542,G06,holdout_G06,test
G06_R0543,G06,holdout_G06,test
G06_R0544,G06,holdout_G06,test
G06_R0545,G06,holdout_G06,test
G06_R0546,G06,holdout_G06,test
G06_R0547,G06,holdout_G06,test
G06_R0548,G06,holdout_G06,test
G06_R0549,G06,holdout_G06,test
G06_R0550,G06,holdout_G06,test
G06_R0551,G06,holdout_G06,test
G06_R0552,G06,holdout_G06,test
G06_R0553,G06,holdout_G06,test
G06_R0554,G06,holdout_G06,test
G06_R0555,G06,holdout_G06,test
G06_R0556,G06,holdout_G06,test
G06_R0557,G06,holdout_G06,test
G06_R0558,G06,holdout_G06,test
G06_R0559,G06,holdout_G06,test
G06_R0560,G06,holdout_G06,test
G06_R0561,G06,holdout_G06,test
G06_R0562,G06,holdout_G06,test
G06_R0563,G06,holdout_G06,test
G06_R0564,G06,holdout_G06,test
G06_R0565,G06,holdout_G06,test
G06_R0566,G06,holdout_G06,test
G06_R0567,G06,holdout_G06,test
G06_R0568,G06,holdout_G06,test
G06_R0569,G06,holdout_G06,test
G06_R0570,G06,holdout_G06,test
G06_R0571,G06,holdout_G06,test
G06_R0572,G06,holdout_G06,test
G06_R0573,G06,holdout_G06,test
G06_R0574,G06,holdout_G06,test
G06_R0575,G06,holdout_G06,test
G06_R0576,G06,holdout_G06,test
G06_R0577,G06,holdout_G06,test
G06_R0578,G06,holdout_G06,test
G06_R0579,G06,holdout_G06,test
G06_R0580,G06,holdout_G06,test
G06_R0581,G06,holdout_G06,test
G06_R0582,G06,holdout_G06,test
G06_R0583,G06,holdout_G06,test
G06_R0584,G06,holdout_G06,test
G06_R0585,G06,holdout_G06,test
G06_R0586,G06,holdout_G06,test
G06_R0587,G06,holdout_G06,test
G06_R0588,G06,holdout_G06,test
G06_R0589,G06,holdout_G06,test
G06_R0590,G06,holdout_G06,test
G06_R0591,G06,holdout_G06,test
G06_R0592,G06,holdout_G06,test
G06_R0593,G06,holdout_G06,test
G06_R0594,G06,holdout_G06,test
G06_R0595,G06,holdout_G06,test
G06_R0596,G06,holdout_G06,test
G06_R0597,G06,holdout_G06,test
G06_R0598,G06,holdout_G06,test
G06_R0599,G06,holdout_G06,test
G06_R0600,G06,holdout_G06,test
G06_R0601,G06,holdout_G06,test
G06_R0602,G06,holdout_G06,test
G06_R0603,G06,holdout_G06,test
G06_R0604,G06,holdout_G06,test
G06_R0605,G06,holdout_G06,test
G06_R0606,G06,holdout_G06,test
G06_R0607,G06,holdout_G06,test
G06_R0608,G06,holdout_G06,test
G06_R0609,G06,holdout_G06,test
G06_R0610,G06,holdout_G06,test
G06_R0611,G06,holdout_G06,test
G06_R0612,G06,holdout_G06,test
G06_R0613,G06,holdout_G06,test
G06_R0614,G06,holdout_G06,test
G06_R0615,G06,holdout_G06,test
G06_R0616,G06,holdout_G06,test
G06_R0617,G06,holdout_G06,test
G06_R0618,G06,holdout_G06,test
G06_R0619,G06,holdout_G06,test
G06_R0620,G06,holdout_G06,test
G06_R0621,G06,holdout_G06,test
G06_R0622,G06,holdout_G06,test
G06_R0623,G06,holdout_G06,test
G06_R0624,G06,holdout_G06,test
G06_R0625,G06,holdout_G06,test
G06_R0626,G06,holdout_G06,test
G06_R0627,G06,holdout_G06,test
G06_R0628,G06,holdout_G06,test
G06_R0629,G06,holdout_G06,test
G06_R0630,G06,holdout_G06,test
G06_R0631,G06,holdout_G06,test
G06_R0632,G06,holdout_G06,test
G06_R0633,G06,holdout_G06,test
G06_R0634,G06,holdout_G06,test
G06_R0635,G06,holdout_G06,test
G06_R0636,G06,holdout_G06,test
G06_R0637,G06,holdout_G06,test
G06_R0638,G06,holdout_G06,test
G06_R0639,G06,holdout_G06,test
G06_R0640,G06,holdout_G06,test
G06_R0641,G06,holdout_G06,test
G06_R0642,G06,holdout_G06,test
G06_R0643,G06,holdout_G06,test
G06_R0644,G06,holdout_G06,test
G06_R0645,G06,holdout_G06,test
G06_R0646,G06,holdout_G06,test
G06_R0647,G06,holdout_G06,test
G06_R0648,G06,holdout_G06,test
G06_R0649,G06,holdout_G06,test
G06_R0650,G06,holdout_G06,test
G06_R0651,G06,holdout_G06,test
G06_R0652,G06,holdout_G06,test
G06_R0653,G06,holdout_G06,test
G06_R0654,G06,holdout_G06,test
G06_R0655,G06,holdout_G06,test
G06_R0656,G06,holdout_G06,test
G06_R0657,G06,holdout_G06,test
G06_R0658,G06,holdout_G06,test
G06_R0659,G06,holdout_G06,test
G06_R0660,G06,holdout_G06,test
G06_R0661,G06,holdout_G06,test
G06_R0662,G06,holdout_G06,test
G06_R0663,G06,holdout_G06,test
G06_R0664,G06,holdout_G06,test
G06_R0665,G06,holdout_G06,test
G06_R0666,G06,holdout_G06,test
G06_R0667,G06,holdout_G06,test
G06_R0668,G06,holdout_G06,test
G06_R0669,G06,holdout_G06,test
G06_R0670,G06,holdout_G06,test
G06_R0671,G06,holdout_G06,test
G06_R0672,G06,holdout_G06,test
G06_R0673,G06,holdout_G06,test
G06_R0674,G06,holdout_G06,test
G06_R0675,G06,holdout_G06,test
G06_R0676,G06,holdout_G06,test
G06_R0677,G06,holdout_G06,test
G06_R0678,G06,holdout_G06,test
G06_R0679,G06,holdout_G06,test
G06_R0680,G06,holdout_G06,test
G06_R0681,G06,holdout_G06,test
G06_R0682,G06,holdout_G06,test
G06_R0683,G06,holdout_G06,test
G06_R0684,G06,holdout_G06,test
G06_R0685,G06,holdout_G06,test
G06_R0686,G06,holdout_G06,test
G06_R0687,G06,holdout_G06,test
G06_R0688,G06,holdout_G06,test
G06_R0689,G06,holdout_G06,test
G06_R0690,G06,holdout_G06,test
G06_R0691,G06,holdout_G06,test
G06_R0692,G06,holdout_G06,test
G06_R0693,G06,holdout_G06,test
G06_R0694,G06,holdout_G06,test
G06_R0695,G06,holdout_G06,test
G06_R0696,G06,holdout_G06,test
G06_R0697,G06,holdout_G06,test
G06_R0698,G06,holdout_G06,test
G06_R0699,G06,holdout_G06,test
G06_R0700,G06,holdout_G06,test
G06_R0701,G06,holdout_G06,test
G06_R0702,G06,holdout_G06,test
G06_R0703,G06,holdout_G06,test
G06_R0704,G06,holdout_G06,test
G06_R0705,G06,holdout_G06,test
G06_R0706,G06,holdout_G06,test
G06_R0707,G06,holdout_G06,test
G06_R0708,G06,holdout_G06,test
G06_R0709,G06,holdout_G06,test
G06_R0710,G06,holdout_G06,test
G06_R0711,G06,holdout_G06,test
G06_R0712,G06,holdout_G06,test
G06_R0713,G06,holdout_G06,test
G06_R0714,G06,holdout_G06,test
G06_R0715,G06,holdout_G06,test
G06_R0716,G06,holdout_G06,test
G06_R0717,G06,holdout_G06,test
G06_R0718,G06,holdout_G06,test
G06_R0719,G06,holdout_G06,test
G06_R0720,G06,holdout_G06,test
G06_R0721,G06,holdout_G06,test
G06_R0722,G06,holdout_G06,test
G06_R0723,G06,holdout_G06,test
G06_R0724,G06,holdout_G06,test
G06_R0725,G06,holdout_G06,test
G06_R0726,G06,holdout_G06,test
G06_R0727,G06,holdout_G06,test
G06_R0728,G06,holdout_G06,test
G06_R0729,G06,holdout_G06,test
G06_R0730,G06,holdout_G06,test
G06_R0731,G06,holdout_G06,test
G06_R0732,G06,holdout_G06,test
G06_R0733,G06,holdout_G06,test
G06_R0734,G06,holdout_G06,test
G06_R0735,G06,holdout_G06,test
G06_R0736,G06,holdout_G06,test
G06_R0737,G06,holdout_G06,test
G06_R0738,G06,holdout_G06,test
G06_R0739,G06,holdout_G06,test
G06_R0740,G06,holdout_G06,test
G06_R0741,G06,holdout_G06,test
G06_R0742,G06,holdout_G06,test
G06_R0743,G06,holdout_G06,test
G06_R0744,G06,holdout_G06,test
G06_R0745,G06,holdout_G06,test
G06_R0746,G06,holdout_G06,test
G06_R0747,G06,holdout_G06,test
G06_R0748,G06,holdout_G06,test
G06_R0749,G06,holdout_G06,test
G06_R0750,G06,holdout_G06,test
G06_R0751,G06,holdout_G06,test
G06_R0752,G06,holdout_G06,test
G06_R0753,G06,holdout_G06,test
G06_R0754,G06,holdout_G06,test
G06_R0755,G06,holdout_G06,test
G06_R0756,G06,holdout_G06,test
G06_R0757,G06,holdout_G06,test
G06_R0758,G06,holdout_G06,test
G06_R0759,G06,holdout_G06,test
G06_R0760,G06,holdout_G06,test
G06_R0761,G06,holdout_G06,test
G06_R0762,G06,holdout_G06,test
G06_R0763,G06,holdout_G06,test
G06_R0764,G06,holdout_G06,test
G06_R0765,G06,holdout_G06,test
G06_R0766,G06,holdout_G06,test
G06_R0767,G06,holdout_G06,test
G06_R0768,G06,holdout_G06,test
