case_uid,geometry_id,split,Re,Pr,Da,epsi,Hp_mm,a_mm,Lw_mm,true_value,pred_value,pct_error
G01_R0001,G01,train,25,3,0.001,0.85,0.1,0.0,0.0,6.7058,6.706372563045635,0.0085383257125924
G01_R0002,G01,train,25,3,0.001,0.85,0.2,0.0,0.0,7.2261,7.228038319146829,0.0268238627590119
G01_R0003,G01,train,25,3,0.001,0.85,0.3,0.0,0.0,7.8352,7.828017187220432,-0.091673636659796
G01_R0004,G01,train,25,3,0.001,0.8,0.1,0.0,0.0,6.7107,6.706327168105159,-0.0651620828652906
G01_R0005,G01,train,25,3,0.001,0.8,0.2,0.0,0.0,7.233,7.227941332539684,-0.0699387178254592
G01_R0006,G01,train,25,3,0.001,0.8,0.3,0.0,0.0,7.8432,7.831091494164873,-0.1543822143401561
G01_R0007,G01,train,25,3,0.001,0.75,0.1,0.0,0.0,6.7158,6.708628517757928,-0.1067852265116836
G01_R0008,G01,train,25,3,0.001,0.75,0.2,0.0,0.0,7.2402,7.231117819940477,-0.1254410107389604
G01_R0009,G01,test,25,3,0.001,0.75,0.3,0.0,0.0,7.8515,7.833553041188675,-0.2285800014178793
G01_R0010,G01,train,25,3,0.001,0.7,0.1,0.0,0.0,6.7212,6.709268009920626,-0.1775276748106548
G01_R0011,G01,train,25,3,0.001,0.7,0.2,0.0,0.0,7.2478,7.232011915178573,-0.2178327881760935
G01_R0012,G01,train,25,3,0.001,0.7,0.3,0.0,0.0,7.8605,7.834114005424786,-0.3356783229465507
G01_R0013,G01,test,25,3,0.0001,0.85,0.1,0.0,0.0,7.0146,7.003461969598814,-0.1587835429131446
G01_R0014,G01,train,25,3,0.0001,0.85,0.2,0.0,0.0,7.6278,7.616390797668666,-0.1495739575150563
G01_R0015,G01,test,25,3,0.0001,0.85,0.3,0.0,0.0,8.4242,8.388211286593624,-0.4272063033448542
G01_R0016,G01,train,25,3,0.0001,0.8,0.1,0.0,0.0,7.0175,7.004956394301194,-0.1787474983798468
G01_R0017,G01,train,25,3,0.0001,0.8,0.2,0.0,0.0,7.6314,7.617222808779778,-0.1857744479416881
G01_R0018,G01,test,25,3,0.0001,0.8,0.3,0.0,0.0,8.4287,8.391957741305923,-0.4359184535465281
G01_R0019,G01,train,25,3,0.0001,0.75,0.1,0.0,0.0,7.0204,7.007279437023056,-0.1868919573947919
G01_R0020,G01,test,25,3,0.0001,0.75,0.2,0.0,0.0,7.6351,7.618188185416682,-0.2215008917148233
G01_R0021,G01,train,25,3,0.0001,0.75,0.3,0.0,0.0,8.4333,8.401818217645214,-0.3733032425596721
G01_R0022,G01,train,25,3,0.0001,0.7,0.1,0.0,0.0,7.0235,7.007205021844486,-0.2320065231795283
G01_R0023,G01,train,25,3,0.0001,0.7,0.2,0.0,0.0,7.6389,7.621127868402802,-0.2326530206861973
G01_R0024,G01,test,25,3,0.0001,0.7,0.3,0.0,0.0,8.4382,8.400272157674983,-0.4494778782799254
G01_R0025,G01,train,25,3,1e-05,0.85,0.1,0.0,0.0,7.0987,7.104877435037882,0.0870220609109028
G01_R0026,G01,train,25,3,1e-05,0.85,0.2,0.0,0.0,7.7415,7.737723990678424,-0.048776197398135
G01_R0027,G01,test,25,3,1e-05,0.85,0.3,0.0,0.0,8.5874,8.567463435912689,-0.232160654998154
G01_R0028,G01,train,25,3,1e-05,0.8,0.1,0.0,0.0,7.0997,7.1049481350378825,0.07392051830193
G01_R0029,G01,train,25,3,1e-05,0.8,0.2,0.0,0.0,7.7428,7.737356440331199,-0.0703047950198988
G01_R0030,G01,test,25,3,1e-05,0.8,0.3,0.0,0.0,8.589,8.56871577698413,-0.2361651300019891
G01_R0031,G01,train,25,3,1e-05,0.75,0.1,0.0,0.0,7.1008,7.104832899621212,0.0567950036786372
G01_R0032,G01,train,25,3,1e-05,0.75,0.2,0.0,0.0,7.7441,7.737628835569297,-0.0835625112111564
G01_R0033,G01,train,25,3,1e-05,0.75,0.3,0.0,0.0,8.5907,8.577873758432542,-0.1493038002427979
G01_R0034,G01,test,25,3,1e-05,0.7,0.1,0.0,0.0,7.1019,7.104841176406927,0.0414139372129591
G01_R0035,G01,train,25,3,1e-05,0.7,0.2,0.0,0.0,7.7455,7.738222653426442,-0.0939558010916998
G01_R0036,G01,train,25,3,1e-05,0.7,0.3,0.0,0.0,8.5925,8.579920397619048,-0.1464021225598023
G01_R0037,G01,train,25,3,1e-06,0.85,0.1,0.0,0.0,7.1248,7.1171372285714325,-0.1075506881395559
G01_R0038,G01,train,25,3,1e-06,0.85,0.2,0.0,0.0,7.7759,7.76506369568452,-0.1393575575236277
G01_R0039,G01,train,25,3,1e-06,0.85,0.3,0.0,0.0,8.6348,8.62982966537697,-0.0575616646943747
G01_R0040,G01,train,25,3,1e-06,0.8,0.1,0.0,0.0,7.125,7.1172221889881,-0.1091622598161435
G01_R0041,G01,train,25,3,1e-06,0.8,0.2,0.0,0.0,7.7762,7.763651277033722,-0.1613734596111034
G01_R0042,G01,train,25,3,1e-06,0.8,0.3,0.0,0.0,8.6351,8.629853049156734,-0.0607630582536982
G01_R0043,G01,train,25,3,1e-06,0.75,0.1,0.0,0.0,7.1253,7.11704026607143,-0.1159212093325215
G01_R0044,G01,test,25,3,1e-06,0.75,0.2,0.0,0.0,7.7765,7.764570567807528,-0.1534036159258321
G01_R0045,G01,train,25,3,1e-06,0.75,0.3,0.0,0.0,8.6355,8.630487972668636,-0.0580398046594235
G01_R0046,G01,test,25,3,1e-06,0.7,0.1,0.0,0.0,7.1256,7.117005397023811,-0.1206158495591867
G01_R0047,G01,train,25,3,1e-06,0.7,0.2,0.0,0.0,7.7769,7.76387965411705,-0.1674233419865225
G01_R0048,G01,train,25,3,1e-06,0.7,0.3,0.0,0.0,8.6359,8.630999667906726,-0.0567437336383354
G01_R0049,G01,train,25,6,0.001,0.85,0.1,0.0,0.0,7.3903,7.379410961656743,-0.1473423046866455
G01_R0050,G01,train,25,6,0.001,0.85,0.2,0.0,0.0,7.9617,7.961746706795618,0.0005866435009834
G01_R0051,G01,train,25,6,0.001,0.85,0.3,0.0,0.0,8.624,8.624244374625738,0.0028336575340562
G01_R0052,G01,test,25,6,0.001,0.8,0.1,0.0,0.0,7.3954,7.378422573164681,-0.2295673910176565
G01_R0053,G01,train,25,6,0.001,0.8,0.2,0.0,0.0,7.9689,7.962012141914665,-0.0864342391714566
G01_R0054,G01,train,25,6,0.001,0.8,0.3,0.0,0.0,8.6324,8.625059332959074,-0.0850362244674322
G01_R0055,G01,train,25,6,0.001,0.75,0.1,0.0,0.0,7.4006,7.381915705952378,-0.252469989563308
G01_R0056,G01,train,25,6,0.001,0.75,0.2,0.0,0.0,7.9764,7.966463172073403,-0.1245778537510308
G01_R0057,G01,train,25,6,0.001,0.75,0.3,0.0,0.0,8.6413,8.631904173088023,-0.1087316365821891
G01_R0058,G01,train,25,6,0.001,0.7,0.1,0.0,0.0,7.4062,7.384141426835317,-0.2978392855267638
G01_R0059,G01,train,25,6,0.001,0.7,0.2,0.0,0.0,7.9844,7.968243918055549,-0.2023455982221687
G01_R0060,G01,train,25,6,0.001,0.7,0.3,0.0,0.0,8.6508,8.632697317978895,-0.2092602073924401
G01_R0061,G01,train,25,6,0.0001,0.85,0.1,0.0,0.0,7.6993,7.6878463675099376,-0.1487619977148894
G01_R0062,G01,test,25,6,0.0001,0.85,0.2,0.0,0.0,8.3581,8.337408228869055,-0.2475654889382169
G01_R0063,G01,train,25,6,0.0001,0.85,0.3,0.0,0.0,9.1968,9.198173439136912,0.0149338806640644
G01_R0064,G01,train,25,6,0.0001,0.8,0.1,0.0,0.0,7.7022,7.688163679712312,-0.1822378059215271
G01_R0065,G01,train,25,6,0.0001,0.8,0.2,0.0,0.0,8.3617,8.338168709226196,-0.2814175439660024
G01_R0066,G01,train,25,6,0.0001,0.8,0.3,0.0,0.0,9.2014,9.19786430550596,-0.0384256145156209
G01_R0067,G01,train,25,6,0.0001,0.75,0.1,0.0,0.0,7.7052,7.68773894310517,-0.2266139346782593
G01_R0068,G01,train,25,6,0.0001,0.75,0.2,0.0,0.0,8.3654,8.340684565178583,-0.2954483326728751
G01_R0069,G01,train,25,6,0.0001,0.75,0.3,0.0,0.0,9.2061,9.199441522619068,-0.0723267983286197
G01_R0070,G01,test,25,6,0.0001,0.7,0.1,0.0,0.0,7.7083,7.686469002480173,-0.2832141655076631
G01_R0071,G01,test,25,6,0.0001,0.7,0.2,0.0,0.0,8.3694,8.341598493551599,-0.3321804006069924
G01_R0072,G01,train,25,6,0.0001,0.7,0.3,0.0,0.0,9.211,9.200604709226214,-0.1128573528801032
G01_R0073,G01,train,25,6,1e-05,0.85,0.1,0.0,0.0,7.7834,7.787462630307544,0.0521960879248679
G01_R0074,G01,test,25,6,1e-05,0.85,0.2,0.0,0.0,8.4703,8.456597744146817,-0.161768247325154
G01_R0075,G01,train,25,6,1e-05,0.85,0.3,0.0,0.0,9.3549,9.3501314946564,-0.0509733438476302
G01_R0076,G01,train,25,6,1e-05,0.8,0.1,0.0,0.0,7.7844,7.787683513244055,0.0421806850117537
G01_R0077,G01,train,25,6,1e-05,0.8,0.2,0.0,0.0,8.4716,8.45827834102182,-0.1572508024243347
G01_R0078,G01,train,25,6,1e-05,0.8,0.3,0.0,0.0,9.3566,9.350159296739731,-0.0688359367747617
G01_R0079,G01,train,25,6,1e-05,0.75,0.1,0.0,0.0,7.7854,7.785670814980177,0.0034784979599906
G01_R0080,G01,test,25,6,1e-05,0.75,0.2,0.0,0.0,8.4729,8.45735786111111,-0.1834335220395575
G01_R0081,G01,test,25,6,1e-05,0.75,0.3,0.0,0.0,9.3582,9.348260082503623,-0.1062161259256779
G01_R0082,G01,train,25,6,1e-05,0.7,0.1,0.0,0.0,7.7865,7.785678087003987,-0.0105556154371437
G01_R0083,G01,train,25,6,1e-05,0.7,0.2,0.0,0.0,8.4742,8.45969872429202,-0.1711226511998784
G01_R0084,G01,train,25,6,1e-05,0.7,0.3,0.0,0.0,9.36,9.349132234586952,-0.1161086048402541
G01_R0085,G01,test,25,6,1e-06,0.85,0.1,0.0,0.0,7.8095,7.788208694593255,-0.2726334004321013
G01_R0086,G01,train,25,6,1e-06,0.85,0.2,0.0,0.0,8.5044,8.498459604901699,-0.0698508430730147
G01_R0087,G01,train,25,6,1e-06,0.85,0.3,0.0,0.0,9.4011,9.391182129216263,-0.1054969182726981
G01_R0088,G01,train,25,6,1e-06,0.8,0.1,0.0,0.0,7.8097,7.788704741517862,-0.2688356592716495
G01_R0089,G01,train,25,6,1e-06,0.8,0.2,0.0,0.0,8.5046,8.499151380199319,-0.0640667380086228
G01_R0090,G01,train,25,6,1e-06,0.8,0.3,0.0,0.0,9.4015,9.391014254017852,-0.111532691401884
G01_R0091,G01,test,25,6,1e-06,0.75,0.1,0.0,0.0,7.81,7.786257450992078,-0.3040019079119241
G01_R0092,G01,train,25,6,1e-06,0.75,0.2,0.0,0.0,8.5049,8.499391941833515,-0.0647633501450213
G01_R0093,G01,train,25,6,1e-06,0.75,0.3,0.0,0.0,9.4018,9.39062319107142,-0.1188794584928415
G01_R0094,G01,test,25,6,1e-06,0.7,0.1,0.0,0.0,7.8103,7.786482711408745,-0.3049471670903178
G01_R0095,G01,train,25,6,1e-06,0.7,0.2,0.0,0.0,8.5053,8.499179584492248,-0.071960019138089
G01_R0096,G01,test,25,6,1e-06,0.7,0.3,0.0,0.0,9.4023,9.390223017261889,-0.1284471112186566
G01_R0097,G01,test,25,20,0.001,0.85,0.1,0.0,0.0,9.6697,9.621684643452388,-0.4965547695131415
G01_R0098,G01,train,25,20,0.001,0.85,0.2,0.0,0.0,10.35,10.334112882034638,-0.1534987243030071
G01_R0099,G01,train,25,20,0.001,0.85,0.3,0.0,0.0,11.136,11.140912791666668,0.0441163044779755
G01_R0100,G01,test,25,20,0.001,0.8,0.1,0.0,0.0,9.6757,9.622779699702388,-0.5469402761310588
G01_R0101,G01,test,25,20,0.001,0.8,0.2,0.0,0.0,10.358,10.333875880050511,-0.232903262690568
G01_R0102,G01,train,25,20,0.001,0.8,0.3,0.0,0.0,11.146,11.14238963392858,-0.0323915850656933
G01_R0103,G01,train,25,20,0.001,0.75,0.1,0.0,0.0,9.6819,9.634308996825403,-0.4915461136202131
G01_R0104,G01,train,25,20,0.001,0.75,0.2,0.0,0.0,10.367,10.341177152371936,-0.2490869839689739
G01_R0105,G01,train,25,20,0.001,0.75,0.3,0.0,0.0,11.157,11.14087166021828,-0.1445580333577227
G01_R0106,G01,train,25,20,0.001,0.7,0.1,0.0,0.0,9.6884,9.642360605253428,-0.475201217399899
G01_R0107,G01,train,25,20,0.001,0.7,0.2,0.0,0.0,10.376,10.345316636814571,-0.2957147569914051
G01_R0108,G01,train,25,20,0.001,0.7,0.3,0.0,0.0,11.168,11.1421212792659,-0.2317220696104825
G01_R0109,G01,train,25,20,0.0001,0.85,0.1,0.0,0.0,10.021,10.00250784613096,-0.1845340172541697
G01_R0110,G01,test,25,20,0.0001,0.85,0.2,0.0,0.0,10.789,10.774854665369366,-0.1311088574532718
G01_R0111,G01,train,25,20,0.0001,0.85,0.3,0.0,0.0,11.753,11.74091864880952,-0.1027937649151671
G01_R0112,G01,test,25,20,0.0001,0.8,0.1,0.0,0.0,10.024,10.002233008630965,-0.217148756674343
G01_R0113,G01,train,25,20,0.0001,0.8,0.2,0.0,0.0,10.793,10.775575201083653,-0.1614453712252989
G01_R0114,G01,test,25,20,0.0001,0.8,0.3,0.0,0.0,11.758,11.74277970337301,-0.1294463057236688
G01_R0115,G01,train,25,20,0.0001,0.75,0.1,0.0,0.0,10.028,10.003076998214295,-0.2485341223145531
G01_R0116,G01,train,25,20,0.0001,0.75,0.2,0.0,0.0,10.797,10.776009162889205,-0.1944136066573685
G01_R0117,G01,train,25,20,0.0001,0.75,0.3,0.0,0.0,11.764,11.745945381944429,-0.1534734618800773
G01_R0118,G01,train,25,20,0.0001,0.7,0.1,0.0,0.0,10.031,10.005238326785731,-0.256820588318905
G01_R0119,G01,train,25,20,0.0001,0.7,0.2,0.0,0.0,10.802,10.777763788385233,-0.2243678172076166
G01_R0120,G01,train,25,20,0.0001,0.7,0.3,0.0,0.0,11.769,11.74743364583331,-0.1832471252161663
G01_R0121,G01,test,25,20,1e-05,0.85,0.1,0.0,0.0,10.116,10.118973711084031,0.0293961158959403
G01_R0122,G01,train,25,20,1e-05,0.85,0.2,0.0,0.0,10.913,10.918364444760067,0.0491564625681952
G01_R0123,G01,test,25,20,1e-05,0.85,0.3,0.0,0.0,11.923,11.924722843253935,0.0144497463216902
G01_R0124,G01,train,25,20,1e-05,0.8,0.1,0.0,0.0,10.117,10.119462231917366,0.0243375696092204
G01_R0125,G01,train,25,20,1e-05,0.8,0.2,0.0,0.0,10.914,10.917777819760072,0.0346144379702458
G01_R0126,G01,train,25,20,1e-05,0.8,0.3,0.0,0.0,11.925,11.926993861111068,0.0167200093171276
G01_R0127,G01,train,25,20,1e-05,0.75,0.1,0.0,0.0,10.118,10.11943482715546,0.0141809365038573
G01_R0128,G01,train,25,20,1e-05,0.75,0.2,0.0,0.0,10.916,10.917726833152956,0.0158192850215836
G01_R0129,G01,train,25,20,1e-05,0.75,0.3,0.0,0.0,11.927,11.927612515872974,0.0051355401439996
G01_R0130,G01,train,25,20,1e-05,0.7,0.1,0.0,0.0,10.12,10.120258410488782,0.0025534633278958
G01_R0131,G01,train,25,20,1e-05,0.7,0.2,0.0,0.0,10.917,10.91837265458153,0.0125735511727602
G01_R0132,G01,train,25,20,1e-05,0.7,0.3,0.0,0.0,11.929,11.927895096230118,-0.0092623335558874
G01_R0133,G01,test,25,20,1e-06,0.85,0.1,0.0,0.0,10.146,10.128945099972896,-0.1680948159580466
G01_R0134,G01,train,25,20,1e-06,0.85,0.2,0.0,0.0,10.95,10.941040956168813,-0.0818177518829828
G01_R0135,G01,test,25,20,1e-06,0.85,0.3,0.0,0.0,11.973,11.957932717261924,-0.1258438381197416
G01_R0136,G01,test,25,20,1e-06,0.8,0.1,0.0,0.0,10.146,10.129149037472896,-0.166084787375369
G01_R0137,G01,train,25,20,1e-06,0.8,0.2,0.0,0.0,10.951,10.940638810335484,-0.0946140961055301
G01_R0138,G01,train,25,20,1e-06,0.8,0.3,0.0,0.0,11.973,11.95911009226192,-0.1160102542226757
G01_R0139,G01,train,25,20,1e-06,0.75,0.1,0.0,0.0,10.146,10.129704908504642,-0.1606060663843716
G01_R0140,G01,test,25,20,1e-06,0.75,0.2,0.0,0.0,10.951,10.940315564799771,-0.0975658405645815
G01_R0141,G01,train,25,20,1e-06,0.75,0.3,0.0,0.0,11.974,11.959869389880977,-0.1180107743362725
G01_R0142,G01,train,25,20,1e-06,0.7,0.1,0.0,0.0,10.146,10.130471887671298,-0.1530466423093095
G01_R0143,G01,train,25,20,1e-06,0.7,0.2,0.0,0.0,10.951,10.940923421942635,-0.0920151406936835
G01_R0144,G01,train,25,20,1e-06,0.7,0.3,0.0,0.0,11.974,11.960641931547638,-0.1115589481573593
G01_R0145,G01,test,25,50,0.001,0.85,0.1,0.0,0.0,12.563,12.501539500992042,-0.4892183316720433
G01_R0146,G01,train,25,50,0.001,0.85,0.2,0.0,0.0,13.412,13.39204842162696,-0.1487591587611157
G01_R0147,G01,train,25,50,0.001,0.85,0.3,0.0,0.0,14.389,14.341005304067435,-0.3335512956603246
G01_R0148,G01,train,25,50,0.001,0.8,0.1,0.0,0.0,12.57,12.510168105654744,-0.4759896129296458
G01_R0149,G01,train,25,50,0.001,0.8,0.2,0.0,0.0,13.423,13.392468984126966,-0.2274529976386374
G01_R0150,G01,test,25,50,0.001,0.8,0.3,0.0,0.0,14.402,14.336824567956324,-0.4525443135930807
G01_R0151,G01,test,25,50,0.001,0.75,0.1,0.0,0.0,12.578,12.506539782738068,-0.5681365659240832
G01_R0152,G01,test,25,50,0.001,0.75,0.2,0.0,0.0,13.434,13.3940977266865,-0.2970245147647721
G01_R0153,G01,test,25,50,0.001,0.75,0.3,0.0,0.0,14.415,14.343120625992013,-0.4986428998126007
G01_R0154,G01,train,25,50,0.001,0.7,0.1,0.0,0.0,12.587,12.517955305059491,-0.5485397230516151
G01_R0155,G01,train,25,50,0.001,0.7,0.2,0.0,0.0,13.446,13.400844589781748,-0.3358278314610415
G01_R0156,G01,train,25,50,0.001,0.7,0.3,0.0,0.0,14.429,14.36231721924599,-0.4621441593596985
G01_R0157,G01,train,25,50,0.0001,0.85,0.1,0.0,0.0,13.0,12.992658032467556,-0.0564766733264904
G01_R0158,G01,test,25,50,0.0001,0.85,0.2,0.0,0.0,13.954,13.893744921130931,-0.4318122321131392
G01_R0159,G01,train,25,50,0.0001,0.85,0.3,0.0,0.0,15.143,15.132742523809512,-0.0677374112823563
G01_R0160,G01,train,25,50,0.0001,0.8,0.1,0.0,0.0,13.005,12.992098740800886,-0.0992023006467888
G01_R0161,G01,train,25,50,0.0001,0.8,0.2,0.0,0.0,13.959,13.902894935019818,-0.4019275376472652
G01_R0162,G01,train,25,50,0.0001,0.8,0.3,0.0,0.0,15.15,15.134612908730151,-0.1015649588768914
G01_R0163,G01,train,25,50,0.0001,0.75,0.1,0.0,0.0,13.009,12.994034816197718,-0.1150371573701434
G01_R0164,G01,train,25,50,0.0001,0.75,0.2,0.0,0.0,13.964,13.911380360615054,-0.3768235418572525
G01_R0165,G01,train,25,50,0.0001,0.75,0.3,0.0,0.0,15.156,15.141197088293634,-0.0976703068511931
G01_R0166,G01,train,25,50,0.0001,0.7,0.1,0.0,0.0,13.013,12.994520039412002,-0.1420115314531447
G01_R0167,G01,test,25,50,0.0001,0.7,0.2,0.0,0.0,13.97,13.910651699900766,-0.4248267723638819
G01_R0168,G01,train,25,50,0.0001,0.7,0.3,0.0,0.0,15.163,15.14189037847221,-0.1392179748584723
G01_R0169,G01,test,25,50,1e-05,0.85,0.1,0.0,0.0,13.119,13.123359417162671,0.0332297977183725
G01_R0170,G01,train,25,50,1e-05,0.85,0.2,0.0,0.0,14.107,14.115611230429318,0.0610422515723998
G01_R0171,G01,train,25,50,1e-05,0.85,0.3,0.0,0.0,15.351,15.353717327876968,0.0177013085594879
G01_R0172,G01,train,25,50,1e-05,0.8,0.1,0.0,0.0,13.12,13.12376412549601,0.028689980914713
G01_R0173,G01,train,25,50,1e-05,0.8,0.2,0.0,0.0,14.108,14.115725022096004,0.0547563233342934
G01_R0174,G01,train,25,50,1e-05,0.8,0.3,0.0,0.0,15.353,15.352497041666652,-0.0032759612671646
G01_R0175,G01,train,25,50,1e-05,0.75,0.1,0.0,0.0,13.122,13.125493190972184,0.026620873130502
G01_R0176,G01,test,25,50,1e-05,0.75,0.2,0.0,0.0,14.11,14.117434084596004,0.052686637817185
G01_R0177,G01,train,25,50,1e-05,0.75,0.3,0.0,0.0,15.355,15.35334007638888,-0.0108103133254437
G01_R0178,G01,test,25,50,1e-05,0.7,0.1,0.0,0.0,13.123,13.125411732638849,0.018377906262665
G01_R0179,G01,train,25,50,1e-05,0.7,0.2,0.0,0.0,14.112,14.117078417929331,0.0359865216080731
G01_R0180,G01,test,25,50,1e-05,0.7,0.3,0.0,0.0,15.358,15.352604501984104,-0.0351315146236294
G01_R0181,G01,test,25,50,1e-06,0.85,0.1,0.0,0.0,13.155,13.139383586805534,-0.1187108566664001
G01_R0182,G01,train,25,50,1e-06,0.85,0.2,0.0,0.0,14.153,14.13837290476197,-0.1033497861798194
G01_R0183,G01,train,25,50,1e-06,0.85,0.3,0.0,0.0,15.412,15.382915156250023,-0.1887155706590809
G01_R0184,G01,train,25,50,1e-06,0.8,0.1,0.0,0.0,13.156,13.139620211805536,-0.1245043188998552
G01_R0185,G01,test,25,50,1e-06,0.8,0.2,0.0,0.0,14.154,14.138239633928654,-0.1113492021431814
G01_R0186,G01,train,25,50,1e-06,0.8,0.3,0.0,0.0,15.412,15.380497342261924,-0.2044034371793215
G01_R0187,G01,train,25,50,1e-06,0.75,0.1,0.0,0.0,13.156,13.140930937003931,-0.114541372727799
G01_R0188,G01,train,25,50,1e-06,0.75,0.2,0.0,0.0,14.154,14.140377842261987,-0.0962424596439939
G01_R0189,G01,test,25,50,1e-06,0.75,0.3,0.0,0.0,15.413,15.378926432043672,-0.2210703169813043
G01_R0190,G01,train,25,50,1e-06,0.7,0.1,0.0,0.0,13.157,13.14103362450393,-0.1213527057541262
G01_R0191,G01,train,25,50,1e-06,0.7,0.2,0.0,0.0,14.154,14.139891946428657,-0.0996753820216541
G01_R0192,G01,test,25,50,1e-06,0.7,0.3,0.0,0.0,15.413,15.379191307043673,-0.2193518001448614
G01_R0193,G01,test,100,3,0.001,0.85,0.1,0.0,0.0,8.6293,8.615492799458861,-0.1600037145671045
G01_R0194,G01,train,100,3,0.001,0.85,0.2,0.0,0.0,9.2588,9.208241504897208,-0.5460588316282141
G01_R0195,G01,train,100,3,0.001,0.85,0.3,0.0,0.0,10.008,9.993914324048482,-0.1407441641838195
G01_R0196,G01,train,100,3,0.001,0.8,0.1,0.0,0.0,8.6367,8.616017799458861,-0.2394687848499801
G01_R0197,G01,test,100,3,0.001,0.8,0.2,0.0,0.0,9.2687,9.20663728540316,-0.669594598992734
G01_R0198,G01,train,100,3,0.001,0.8,0.3,0.0,0.0,10.02,9.994975502619912,-0.2497454828352045
G01_R0199,G01,train,100,3,0.001,0.75,0.1,0.0,0.0,8.6445,8.619552927137429,-0.2885889624914342
G01_R0200,G01,test,100,3,0.001,0.75,0.2,0.0,0.0,9.2792,9.208151587486492,-0.765673899835192
G01_R0201,G01,train,100,3,0.001,0.75,0.3,0.0,0.0,10.034,9.998273623899683,-0.3560531801905093
G01_R0202,G01,train,100,3,0.001,0.7,0.1,0.0,0.0,8.6529,8.623881050054091,-0.3353667550290568
G01_R0203,G01,train,100,3,0.001,0.7,0.2,0.0,0.0,9.2905,9.219459807526166,-0.7646541356636801
G01_R0204,G01,test,100,3,0.001,0.7,0.3,0.0,0.0,10.048,9.99823558148897,-0.4952669039712378
G01_R0205,G01,train,100,3,0.0001,0.85,0.1,0.0,0.0,8.9129,8.92102113586308,0.0911166496098906
G01_R0206,G01,test,100,3,0.0001,0.85,0.2,0.0,0.0,9.6173,9.628674886503438,0.1182752592041192
G01_R0207,G01,train,100,3,0.0001,0.85,0.3,0.0,0.0,10.531,10.529808462301578,-0.0113145731499673
G01_R0208,G01,train,100,3,0.0001,0.8,0.1,0.0,0.0,8.9161,8.921401090624984,0.059455262109938
G01_R0209,G01,train,100,3,0.0001,0.8,0.2,0.0,0.0,9.6216,9.627733331741531,0.0637454450562319
G01_R0210,G01,train,100,3,0.0001,0.8,0.3,0.0,0.0,10.536,10.530536727182533,-0.0518533866502188
G01_R0211,G01,train,100,3,0.0001,0.75,0.1,0.0,0.0,8.9194,8.92267598973213,0.0367288128364158
G01_R0212,G01,test,100,3,0.0001,0.75,0.2,0.0,0.0,9.6261,9.630651100937952,0.0472787623020142
G01_R0213,G01,train,100,3,0.0001,0.75,0.3,0.0,0.0,10.542,10.532678087301594,-0.0884264152760923
G01_R0214,G01,train,100,3,0.0001,0.7,0.1,0.0,0.0,8.9229,8.922129413690461,-0.008636052287248
G01_R0215,G01,test,100,3,0.0001,0.7,0.2,0.0,0.0,9.6308,9.630592465521284,-0.0021549038368246
G01_R0216,G01,train,100,3,0.0001,0.7,0.3,0.0,0.0,10.548,10.53296163492064,-0.1425707724626402
G01_R0217,G01,train,100,3,1e-05,0.85,0.1,0.0,0.0,8.9919,8.993435827579372,0.0170801229926116
G01_R0218,G01,train,100,3,1e-05,0.85,0.2,0.0,0.0,9.7152,9.70162433417207,-0.1397363495134339
G01_R0219,G01,train,100,3,1e-05,0.85,0.3,0.0,0.0,10.67,10.668809699314592,-0.0111555828060599
G01_R0220,G01,train,100,3,1e-05,0.8,0.1,0.0,0.0,8.993,8.99385241448413,0.0094786443247956
G01_R0221,G01,test,100,3,1e-05,0.8,0.2,0.0,0.0,9.7167,9.699820039826829,-0.1737211210922496
G01_R0222,G01,train,100,3,1e-05,0.8,0.3,0.0,0.0,10.672,10.669200883838403,-0.0262285997151164
G01_R0223,G01,train,100,3,1e-05,0.75,0.1,0.0,0.0,8.9941,8.994430556051588,0.0036752543510603
G01_R0224,G01,train,100,3,1e-05,0.75,0.2,0.0,0.0,9.7182,9.707536727624458,-0.1097247677094705
G01_R0225,G01,train,100,3,1e-05,0.75,0.3,0.0,0.0,10.674,10.673532645743148,-0.0043784359832475
G01_R0226,G01,train,100,3,1e-05,0.7,0.1,0.0,0.0,8.9953,8.993942312152775,-0.0150933025827377
G01_R0227,G01,train,100,3,1e-05,0.7,0.2,0.0,0.0,9.7199,9.70778138000541,-0.1246784431382189
G01_R0228,G01,train,100,3,1e-05,0.7,0.3,0.0,0.0,10.676,10.673527967171722,-0.0231550470988938
G01_R0229,G01,train,100,3,1e-06,0.85,0.1,0.0,0.0,9.0168,9.013044853521826,-0.0416461103514943
G01_R0230,G01,train,100,3,1e-06,0.85,0.2,0.0,0.0,9.7444,9.730061146076828,-0.1471496851850558
G01_R0231,G01,test,100,3,1e-06,0.85,0.3,0.0,0.0,10.709,10.670642726100306,-0.3581779241730654
G01_R0232,G01,train,100,3,1e-06,0.8,0.1,0.0,0.0,9.0171,9.013227723958332,-0.0429436963288327
G01_R0233,G01,train,100,3,1e-06,0.8,0.2,0.0,0.0,9.7448,9.72832351066016,-0.1690798101535237
G01_R0234,G01,test,100,3,1e-06,0.8,0.3,0.0,0.0,10.709,10.671241815386022,-0.352583664338198
G01_R0235,G01,train,100,3,1e-06,0.75,0.1,0.0,0.0,9.0174,9.013420814781732,-0.0441278552384107
G01_R0236,G01,train,100,3,1e-06,0.75,0.2,0.0,0.0,9.7451,9.730755253814923,-0.1471995791225935
G01_R0237,G01,train,100,3,1e-06,0.75,0.3,0.0,0.0,10.71,10.67568511895743,-0.3204003832172795
G01_R0238,G01,train,100,3,1e-06,0.7,0.1,0.0,0.0,9.0176,9.013142815674588,-0.0494276118414234
G01_R0239,G01,test,100,3,1e-06,0.7,0.2,0.0,0.0,9.7455,9.73071353714826,-0.1517260566593813
G01_R0240,G01,test,100,3,1e-06,0.7,0.3,0.0,0.0,10.71,10.675171294552667,-0.325197996707129
G01_R0241,G01,test,100,6,0.001,0.85,0.1,0.0,0.0,10.308,10.28845620664683,-0.1895983057156612
G01_R0242,G01,train,100,6,0.001,0.85,0.2,0.0,0.0,11.019,11.01373768700396,-0.0477567201746061
G01_R0243,G01,train,100,6,0.001,0.85,0.3,0.0,0.0,11.862,11.846483117063526,-0.1308116922649976
G01_R0244,G01,train,100,6,0.001,0.8,0.1,0.0,0.0,10.316,10.293064149801587,-0.2223327859481715
G01_R0245,G01,train,100,6,0.001,0.8,0.2,0.0,0.0,11.03,11.01490745188492,-0.1368318052137774
G01_R0246,G01,train,100,6,0.001,0.8,0.3,0.0,0.0,11.876,11.84417405505956,-0.267985390202411
G01_R0247,G01,train,100,6,0.001,0.75,0.1,0.0,0.0,10.325,10.296770395833333,-0.2734102098466492
G01_R0248,G01,train,100,6,0.001,0.75,0.2,0.0,0.0,11.042,11.019443846230168,-0.2042759805273702
G01_R0249,G01,train,100,6,0.001,0.75,0.3,0.0,0.0,11.891,11.8454886369048,-0.3827378950063184
G01_R0250,G01,train,100,6,0.001,0.7,0.1,0.0,0.0,10.335,10.299477342261907,-0.3437122180754097
G01_R0251,G01,train,100,6,0.001,0.7,0.2,0.0,0.0,11.055,11.019443846230168,-0.3216296134765457
G01_R0252,G01,test,100,6,0.001,0.7,0.3,0.0,0.0,11.907,11.8454992619048,-0.5165090962895903
G01_R0253,G01,test,100,6,0.0001,0.85,0.1,0.0,0.0,10.625,10.637838928057356,0.1208369699515836
G01_R0254,G01,train,100,6,0.0001,0.85,0.2,0.0,0.0,11.414,11.430219494543657,0.1421017569971556
G01_R0255,G01,test,100,6,0.0001,0.85,0.3,0.0,0.0,12.432,12.44037144868326,0.0673379076838785
G01_R0256,G01,train,100,6,0.0001,0.8,0.1,0.0,0.0,10.629,10.639564549783548,0.0993936380049595
G01_R0257,G01,train,100,6,0.0001,0.8,0.2,0.0,0.0,11.419,11.430420640376989,0.1000143653295937
G01_R0258,G01,train,100,6,0.0001,0.8,0.3,0.0,0.0,12.438,12.4438235290404,0.0468204618137987
G01_R0259,G01,train,100,6,0.0001,0.75,0.1,0.0,0.0,10.632,10.640172460497835,0.0768666337268198
G01_R0260,G01,train,100,6,0.0001,0.75,0.2,0.0,0.0,11.424,11.431997746031731,0.0700082810901064
G01_R0261,G01,train,100,6,0.0001,0.75,0.3,0.0,0.0,12.444,12.441053865349922,-0.0236751418360591
G01_R0262,G01,train,100,6,0.0001,0.7,0.1,0.0,0.0,10.636,10.639442978354978,0.0323709886703551
G01_R0263,G01,train,100,6,0.0001,0.7,0.2,0.0,0.0,11.43,11.432146829365069,0.0187824091431937
G01_R0264,G01,train,100,6,0.0001,0.7,0.3,0.0,0.0,12.451,12.440083679338017,-0.0876742483494159
G01_R0265,G01,train,100,6,1e-05,0.85,0.1,0.0,0.0,10.713,10.712755270021658,-0.0022844205949896
G01_R0266,G01,train,100,6,1e-05,0.85,0.2,0.0,0.0,11.521,11.524181483630962,0.0276146483027576
G01_R0267,G01,train,100,6,1e-05,0.85,0.3,0.0,0.0,12.581,12.584812658272288,0.0303048904879434
G01_R0268,G01,train,100,6,1e-05,0.8,0.1,0.0,0.0,10.714,10.712358415854997,-0.0153218606029839
G01_R0269,G01,train,100,6,1e-05,0.8,0.2,0.0,0.0,11.523,11.524934962797625,0.0167921790994104
G01_R0270,G01,train,100,6,1e-05,0.8,0.3,0.0,0.0,12.583,12.584353345772293,0.0107553506500098
G01_R0271,G01,test,100,6,1e-05,0.75,0.1,0.0,0.0,10.716,10.713001639069292,-0.0279802251839061
G01_R0272,G01,train,100,6,1e-05,0.75,0.2,0.0,0.0,11.525,11.525286514880955,0.0024860293358485
G01_R0273,G01,train,100,6,1e-05,0.75,0.3,0.0,0.0,12.586,12.582441926129416,-0.0282700927267143
G01_R0274,G01,train,100,6,1e-05,0.7,0.1,0.0,0.0,10.717,10.712747826569291,-0.0396769005384813
G01_R0275,G01,test,100,6,1e-05,0.7,0.2,0.0,0.0,11.526,11.525455077380958,-0.0047277686885489
G01_R0276,G01,train,100,6,1e-05,0.7,0.3,0.0,0.0,12.588,12.580574929105603,-0.0589853105687474
G01_R0277,G01,train,100,6,1e-06,0.85,0.1,0.0,0.0,10.741,10.728563453057378,-0.1157857456719297
G01_R0278,G01,train,100,6,1e-06,0.85,0.2,0.0,0.0,11.553,11.545648338293644,-0.0636342223349378
G01_R0279,G01,train,100,6,1e-06,0.85,0.3,0.0,0.0,12.623,12.611346929105542,-0.0923161759839763
G01_R0280,G01,test,100,6,1e-06,0.8,0.1,0.0,0.0,10.741,10.728166598890716,-0.1194805056259493
G01_R0281,G01,train,100,6,1e-06,0.8,0.2,0.0,0.0,11.553,11.546393734126973,-0.0571822545921245
G01_R0282,G01,train,100,6,1e-06,0.8,0.3,0.0,0.0,12.623,12.610950949938877,-0.0954531415758738
G01_R0283,G01,train,100,6,1e-06,0.75,0.1,0.0,0.0,10.741,10.729546551271676,-0.1066329832261903
G01_R0284,G01,train,100,6,1e-06,0.75,0.2,0.0,0.0,11.554,11.547449348710323,-0.056695960616889
G01_R0285,G01,train,100,6,1e-06,0.75,0.3,0.0,0.0,12.624,12.608252402319833,-0.1247433276312542
G01_R0286,G01,train,100,6,1e-06,0.7,0.1,0.0,0.0,10.742,10.729258155438345,-0.118617059780842
G01_R0287,G01,train,100,6,1e-06,0.7,0.2,0.0,0.0,11.554,11.547617911210326,-0.0552370502827991
G01_R0288,G01,test,100,6,1e-06,0.7,0.3,0.0,0.0,12.625,12.605914339819831,-0.1511735459815207
G01_R0289,G01,train,100,20,0.001,0.85,0.1,0.0,0.0,14.804,14.718719113095272,-0.5760665151629853
G01_R0290,G01,test,100,20,0.001,0.85,0.2,0.0,0.0,15.757,15.668335327380936,-0.5627002133595373
G01_R0291,G01,test,100,20,0.001,0.85,0.3,0.0,0.0,16.916,16.82232196884026,-0.5537835845338157
G01_R0292,G01,test,100,20,0.001,0.8,0.1,0.0,0.0,14.816,14.701653693046564,-0.7717758298693174
G01_R0293,G01,train,100,20,0.001,0.8,0.2,0.0,0.0,15.773,15.669945160714269,-0.6533623235004812
G01_R0294,G01,train,100,20,0.001,0.8,0.3,0.0,0.0,16.935,16.8342072009831,-0.5951744848945811
G01_R0295,G01,train,100,20,0.001,0.75,0.1,0.0,0.0,14.829,14.709483443542606,-0.8059650445572512
G01_R0296,G01,train,100,20,0.001,0.75,0.2,0.0,0.0,15.79,15.675600035714282,-0.7245089568443113
G01_R0297,G01,test,100,20,0.001,0.75,0.3,0.0,0.0,16.956,16.842359699494992,-0.6702070093477691
G01_R0298,G01,test,100,20,0.001,0.7,0.1,0.0,0.0,14.843,14.704463142947365,-0.933348090363384
G01_R0299,G01,test,100,20,0.001,0.7,0.2,0.0,0.0,15.808,15.67120804613095,-0.8653337162768856
G01_R0300,G01,train,100,20,0.001,0.7,0.3,0.0,0.0,16.979,16.859382982233086,-0.7044997807109555
G01_R0301,G01,train,100,20,0.0001,0.85,0.1,0.0,0.0,15.249,15.2711956001984,0.1455544638887755
G01_R0302,G01,train,100,20,0.0001,0.85,0.2,0.0,0.0,16.307,16.327980166666645,0.1286574272805941
G01_R0303,G01,train,100,20,0.0001,0.85,0.3,0.0,0.0,17.688,17.74796320982141,0.3390050306502237
G01_R0304,G01,train,100,20,0.0001,0.8,0.1,0.0,0.0,15.255,15.273149266865069,0.1189725785976271
G01_R0305,G01,train,100,20,0.0001,0.8,0.2,0.0,0.0,16.313,16.328098663690458,0.0925560209063881
G01_R0306,G01,test,100,20,0.0001,0.8,0.3,0.0,0.0,17.697,17.748822860119038,0.2928341533538944
G01_R0307,G01,train,100,20,0.0001,0.75,0.1,0.0,0.0,15.26,15.273459923115064,0.0882039522612352
G01_R0308,G01,train,100,20,0.0001,0.75,0.2,0.0,0.0,16.32,16.33056251785716,0.0647213103992647
G01_R0309,G01,test,100,20,0.0001,0.75,0.3,0.0,0.0,17.706,17.75328738392857,0.2670698290329249
G01_R0310,G01,test,100,20,0.0001,0.7,0.1,0.0,0.0,15.266,15.273367735615068,0.0482623844822997
G01_R0311,G01,train,100,20,0.0001,0.7,0.2,0.0,0.0,16.328,16.330307684523824,0.01413329571181
G01_R0312,G01,train,100,20,0.0001,0.7,0.3,0.0,0.0,17.716,17.750254388392868,0.1933528358143315
G01_R0313,G01,train,100,20,1e-05,0.85,0.1,0.0,0.0,15.371,15.369645767857126,-0.0088103060495399
G01_R0314,G01,train,100,20,1e-05,0.85,0.2,0.0,0.0,16.448,16.453715082837334,0.0347463693904048
G01_R0315,G01,test,100,20,1e-05,0.85,0.3,0.0,0.0,17.888,17.86901665674602,-0.1061233410888981
G01_R0316,G01,test,100,20,1e-05,0.8,0.1,0.0,0.0,15.373,15.372600517857125,-0.0025985958685668
G01_R0317,G01,train,100,20,1e-05,0.8,0.2,0.0,0.0,16.451,16.45441977480162,0.0207876408827496
G01_R0318,G01,train,100,20,1e-05,0.8,0.3,0.0,0.0,17.891,17.872728312996017,-0.102127812889057
G01_R0319,G01,test,100,20,1e-05,0.75,0.1,0.0,0.0,15.375,15.373224049107131,-0.0115509001162195
G01_R0320,G01,train,100,20,1e-05,0.75,0.2,0.0,0.0,16.453,16.455068096230193,0.0125697212070327
G01_R0321,G01,train,100,20,1e-05,0.75,0.3,0.0,0.0,17.894,17.87493148115081,-0.1065637579590274
G01_R0322,G01,train,100,20,1e-05,0.7,0.1,0.0,0.0,15.376,15.37206393105158,-0.0255987834834679
G01_R0323,G01,test,100,20,1e-05,0.7,0.2,0.0,0.0,16.456,16.454813262896856,-0.0072115769515285
G01_R0324,G01,train,100,20,1e-05,0.7,0.3,0.0,0.0,17.898,17.870051576388917,-0.1561538921168986
G01_R0325,G01,train,100,20,1e-06,0.85,0.1,0.0,0.0,15.41,15.39668790624997,-0.0863860723558133
G01_R0326,G01,train,100,20,1e-06,0.85,0.2,0.0,0.0,16.49,16.48121216964283,-0.0532918760289132
G01_R0327,G01,train,100,20,1e-06,0.85,0.3,0.0,0.0,17.942,17.916045776785623,-0.144656243531252
G01_R0328,G01,train,100,20,1e-06,0.8,0.1,0.0,0.0,15.41,15.399613343749968,-0.0674020522390171
G01_R0329,G01,train,100,20,1e-06,0.8,0.2,0.0,0.0,16.491,16.48201613244045,-0.0544773971229771
G01_R0330,G01,train,100,20,1e-06,0.8,0.3,0.0,0.0,17.943,17.920048016368956,-0.1279160877837925
G01_R0331,G01,train,100,20,1e-06,0.75,0.1,0.0,0.0,15.411,15.40033604166666,-0.0691970562152942
G01_R0332,G01,train,100,20,1e-06,0.75,0.2,0.0,0.0,16.492,16.48320950595238,-0.0533015646836041
G01_R0333,G01,test,100,20,1e-06,0.75,0.3,0.0,0.0,17.944,17.918464742559458,-0.1423052688393971
G01_R0334,G01,train,100,20,1e-06,0.7,0.1,0.0,0.0,15.411,15.399434259920636,-0.075048602163145
G01_R0335,G01,train,100,20,1e-06,0.7,0.2,0.0,0.0,16.492,16.482853047619045,-0.0554629661712087
G01_R0336,G01,train,100,20,1e-06,0.7,0.3,0.0,0.0,17.945,17.91605394196423,-0.1613043078059137
G01_R0337,G01,train,100,50,0.001,0.85,0.1,0.0,0.0,20.219,20.295020946789357,0.375987668971524
G01_R0338,G01,train,100,50,0.001,0.85,0.2,0.0,0.0,21.506,21.48889150563676,-0.0795521917755149
G01_R0339,G01,train,100,50,0.001,0.85,0.3,0.0,0.0,23.046,23.031510979347072,-0.0628700019653196
G01_R0340,G01,train,100,50,0.001,0.8,0.1,0.0,0.0,20.236,20.29478970869412,0.2905204027185095
G01_R0341,G01,train,100,50,0.001,0.8,0.2,0.0,0.0,21.529,21.490979583017705,-0.1766009428319722
G01_R0342,G01,train,100,50,0.001,0.8,0.3,0.0,0.0,23.073,23.03218526803754,-0.1768939104687715
G01_R0343,G01,train,100,50,0.001,0.75,0.1,0.0,0.0,20.254,20.300956119408337,0.2318362763322575
G01_R0344,G01,train,100,50,0.001,0.75,0.2,0.0,0.0,21.554,21.500664044327277,-0.2474527033159763
G01_R0345,G01,train,100,50,0.001,0.75,0.3,0.0,0.0,23.101,23.045609382620917,-0.239775842513682
G01_R0346,G01,train,100,50,0.001,0.7,0.1,0.0,0.0,20.273,20.300931931908337,0.1377789765122959
G01_R0347,G01,train,100,50,0.001,0.7,0.2,0.0,0.0,21.579,21.50702648480345,-0.3335349886303656
G01_R0348,G01,train,100,50,0.001,0.7,0.3,0.0,0.0,23.131,23.049087372204237,-0.3541248877945894
G01_R0349,G01,train,100,50,0.0001,0.85,0.1,0.0,0.0,20.849,20.84597633184529,-0.0145027011113765
G01_R0350,G01,train,100,50,0.0001,0.85,0.2,0.0,0.0,22.254,22.27751347916665,0.1056595630747232
G01_R0351,G01,test,100,50,0.0001,0.85,0.3,0.0,0.0,24.148,24.26192453273809,0.471776266101096
G01_R0352,G01,test,100,50,0.0001,0.8,0.1,0.0,0.0,20.856,20.847333688988144,-0.0415530831025023
G01_R0353,G01,train,100,50,0.0001,0.8,0.2,0.0,0.0,22.264,22.278093499999983,0.0633017427236056
G01_R0354,G01,train,100,50,0.0001,0.8,0.3,0.0,0.0,24.161,24.261538768849206,0.4161200647705185
G01_R0355,G01,test,100,50,0.0001,0.75,0.1,0.0,0.0,20.864,20.848805647321484,-0.0728256934361424
G01_R0356,G01,train,100,50,0.0001,0.75,0.2,0.0,0.0,22.274,22.28144210119048,0.0334116063144361
G01_R0357,G01,test,100,50,0.0001,0.75,0.3,0.0,0.0,24.175,24.257378273313503,0.3407581109141753
G01_R0358,G01,train,100,50,0.0001,0.7,0.1,0.0,0.0,20.873,20.846642896329413,-0.1262736725462925
G01_R0359,G01,train,100,50,0.0001,0.7,0.2,0.0,0.0,22.285,22.28166585119048,-0.0149614036774591
G01_R0360,G01,train,100,50,0.0001,0.7,0.3,0.0,0.0,24.19,24.25495691666667,0.2685279729916087
G01_R0361,G01,test,100,50,1e-05,0.85,0.1,0.0,0.0,21.019,20.998929515376997,-0.0954873429897013
G01_R0362,G01,train,100,50,1e-05,0.85,0.2,0.0,0.0,22.42,22.42376099553568,0.0167751808014208
G01_R0363,G01,train,100,50,1e-05,0.85,0.3,0.0,0.0,24.395,24.378300943452388,-0.0684527835524162
G01_R0364,G01,train,100,50,1e-05,0.8,0.1,0.0,0.0,21.021,21.000300893353177,-0.0984687058028799
G01_R0365,G01,train,100,50,1e-05,0.8,0.2,0.0,0.0,22.424,22.42473695386901,0.0032864514315716
G01_R0366,G01,train,100,50,1e-05,0.8,0.3,0.0,0.0,24.4,24.377363691964288,-0.0927717542447173
G01_R0367,G01,test,100,50,1e-05,0.75,0.1,0.0,0.0,21.024,21.000601577876992,-0.1112938647403386
G01_R0368,G01,test,100,50,1e-05,0.75,0.2,0.0,0.0,22.427,22.427081212797585,0.0003621206473694
G01_R0369,G01,train,100,50,1e-05,0.75,0.3,0.0,0.0,24.405,24.3735283779762,-0.1289556321401399
G01_R0370,G01,train,100,50,1e-05,0.7,0.1,0.0,0.0,21.026,20.996849678075385,-0.1386394079930302
G01_R0371,G01,train,100,50,1e-05,0.7,0.2,0.0,0.0,22.431,22.42709535863092,-0.0174073441624496
G01_R0372,G01,test,100,50,1e-05,0.7,0.3,0.0,0.0,24.41,24.370663479662703,-0.1611492025288705
G01_R0373,G01,train,100,50,1e-06,0.85,0.1,0.0,0.0,21.074,21.051198321924712,-0.1081981497356436
G01_R0374,G01,train,100,50,1e-06,0.85,0.2,0.0,0.0,22.472,22.450687732142832,-0.094839212607553
G01_R0375,G01,train,100,50,1e-06,0.85,0.3,0.0,0.0,24.462,24.448180027236628,-0.0564956780450162
G01_R0376,G01,train,100,50,1e-06,0.8,0.1,0.0,0.0,21.074,21.053937717758046,-0.0951992134476387
G01_R0377,G01,test,100,50,1e-06,0.8,0.2,0.0,0.0,22.473,22.45135350297616,-0.0963222401274315
G01_R0378,G01,train,100,50,1e-06,0.8,0.3,0.0,0.0,24.463,24.447423900748525,-0.0636720731368832
G01_R0379,G01,train,100,50,1e-06,0.75,0.1,0.0,0.0,21.075,21.054338402281864,-0.0980384233363465
G01_R0380,G01,train,100,50,1e-06,0.75,0.2,0.0,0.0,22.473,22.4539750535714,-0.0846569057473307
G01_R0381,G01,train,100,50,1e-06,0.75,0.3,0.0,0.0,24.464,24.44750498110569,-0.0674256822036618
G01_R0382,G01,train,100,50,1e-06,0.7,0.1,0.0,0.0,21.075,21.050089419146925,-0.1181996719007083
G01_R0383,G01,train,100,50,1e-06,0.7,0.2,0.0,0.0,22.474,22.45392657440474,-0.0893184372842412
G01_R0384,G01,train,100,50,1e-06,0.7,0.3,0.0,0.0,24.466,24.444015673069977,-0.0898566456716429
G01_R0385,G01,train,250,3,0.001,0.85,0.1,0.0,0.0,11.248,11.27605698015875,0.2494397240287164
G01_R0386,G01,train,250,3,0.001,0.85,0.2,0.0,0.0,12.002,12.049352673791477,0.394539858285919
G01_R0387,G01,train,250,3,0.001,0.85,0.3,0.0,0.0,12.927,12.924088794507597,-0.0225203488234142
G01_R0388,G01,test,250,3,0.001,0.8,0.1,0.0,0.0,11.26,11.27751771726192,0.1555747536582502
G01_R0389,G01,train,250,3,0.001,0.8,0.2,0.0,0.0,12.016,12.05250056962481,0.3037663916845018
G01_R0390,G01,train,250,3,0.001,0.8,0.3,0.0,0.0,12.945,12.924122952245693,-0.1612749923082862
G01_R0391,G01,train,250,3,0.001,0.75,0.1,0.0,0.0,11.271,11.277517070932566,0.0578215857738023
G01_R0392,G01,train,250,3,0.001,0.75,0.2,0.0,0.0,12.031,12.05753597438672,0.2205633312835005
G01_R0393,G01,train,250,3,0.001,0.75,0.3,0.0,0.0,12.965,12.932211691333,-0.2528986399305789
G01_R0394,G01,test,250,3,0.001,0.7,0.1,0.0,0.0,11.284,11.277517070932566,-0.0574524022282403
G01_R0395,G01,train,250,3,0.001,0.7,0.2,0.0,0.0,12.048,12.05672802498196,0.0724437664505248
G01_R0396,G01,train,250,3,0.001,0.7,0.3,0.0,0.0,12.986,12.934942667523478,-0.3931721274951708
G01_R0397,G01,train,250,3,0.0001,0.85,0.1,0.0,0.0,11.497,11.490815020337273,-0.0537964657104212
G01_R0398,G01,train,250,3,0.0001,0.85,0.2,0.0,0.0,12.319,12.318553282738115,-0.0036262461391802
G01_R0399,G01,train,250,3,0.0001,0.85,0.3,0.0,0.0,13.424,13.442212978174576,0.1356747480227793
G01_R0400,G01,train,250,3,0.0001,0.8,0.1,0.0,0.0,11.501,11.498542836805523,-0.0213647786668509
G01_R0401,G01,train,250,3,0.0001,0.8,0.2,0.0,0.0,12.325,12.32232301190478,-0.0217199845453882
G01_R0402,G01,train,250,3,0.0001,0.8,0.3,0.0,0.0,13.432,13.44314206150791,0.0829516193263059
G01_R0403,G01,test,250,3,0.0001,0.75,0.1,0.0,0.0,11.505,11.488791650297596,-0.1408809187518869
G01_R0404,G01,train,250,3,0.0001,0.75,0.2,0.0,0.0,12.332,12.32469939285714,-0.0592005120244987
G01_R0405,G01,train,250,3,0.0001,0.75,0.3,0.0,0.0,13.441,13.446500196924578,0.040921039540046
G01_R0406,G01,train,250,3,0.0001,0.7,0.1,0.0,0.0,11.51,11.488791650297596,-0.1842602059287888
G01_R0407,G01,train,250,3,0.0001,0.7,0.2,0.0,0.0,12.339,12.323767714285712,-0.1234482998159253
G01_R0408,G01,train,250,3,0.0001,0.7,0.3,0.0,0.0,13.45,13.446557061507908,-0.0255980557032778
G01_R0409,G01,train,250,3,1e-05,0.85,0.1,0.0,0.0,11.564,11.561419739583345,-0.0223128711229432
G01_R0410,G01,train,250,3,1e-05,0.85,0.2,0.0,0.0,12.364,12.362717569444428,-0.0103722950143416
G01_R0411,G01,test,250,3,1e-05,0.85,0.3,0.0,0.0,13.506,13.505389395156971,-0.0045209895085813
G01_R0412,G01,train,250,3,1e-05,0.8,0.1,0.0,0.0,11.565,11.564021490575406,-0.0084609548170609
G01_R0413,G01,train,250,3,1e-05,0.8,0.2,0.0,0.0,12.367,12.365875627976177,-0.0090917120063402
G01_R0414,G01,train,250,3,1e-05,0.8,0.3,0.0,0.0,13.51,13.506382353490302,-0.0267775463338085
G01_R0415,G01,test,250,3,1e-05,0.75,0.1,0.0,0.0,11.567,11.557503366567468,-0.0821010930451431
G01_R0416,G01,test,250,3,1e-05,0.75,0.2,0.0,0.0,12.37,12.3672907485119,-0.0219017905262658
G01_R0417,G01,test,250,3,1e-05,0.75,0.3,0.0,0.0,13.514,13.508296517180751,-0.0422042535093099
G01_R0418,G01,train,250,3,1e-05,0.7,0.1,0.0,0.0,11.568,11.557503366567468,-0.0907385324388931
G01_R0419,G01,train,250,3,1e-05,0.7,0.2,0.0,0.0,12.373,12.366778790178566,-0.0502805287434991
G01_R0420,G01,train,250,3,1e-05,0.7,0.3,0.0,0.0,13.519,13.509513878472182,-0.0701688107686804
G01_R0421,G01,train,250,3,1e-06,0.85,0.1,0.0,0.0,11.587,11.56915692956355,-0.1539921501376586
G01_R0422,G01,train,250,3,1e-06,0.85,0.2,0.0,0.0,12.368,12.364483928571415,-0.0284287793384954
G01_R0423,G01,train,250,3,1e-06,0.85,0.3,0.0,0.0,13.509,13.507103677895074,-0.0140374720921325
G01_R0424,G01,train,250,3,1e-06,0.8,0.1,0.0,0.0,11.587,11.57153818055561,-0.1334410929868805
G01_R0425,G01,train,250,3,1e-06,0.8,0.2,0.0,0.0,12.369,12.367525070436498,-0.0119244042647077
G01_R0426,G01,train,250,3,1e-06,0.8,0.3,0.0,0.0,13.51,13.508091136228408,-0.0141292655188111
G01_R0427,G01,test,250,3,1e-06,0.75,0.1,0.0,0.0,11.587,11.56459200198418,-0.1933891258808899
G01_R0428,G01,train,250,3,1e-06,0.75,0.2,0.0,0.0,12.37,12.36875979811508,-0.0100258842758323
G01_R0429,G01,train,250,3,1e-06,0.75,0.3,0.0,0.0,13.512,13.50997562283552,-0.0149820690088785
G01_R0430,G01,test,250,3,1e-06,0.7,0.1,0.0,0.0,11.588,11.56459200198418,-0.2020020539853138
G01_R0431,G01,train,250,3,1e-06,0.7,0.2,0.0,0.0,12.371,12.36826448561508,-0.0221123141615204
G01_R0432,G01,train,250,3,1e-06,0.7,0.3,0.0,0.0,13.513,13.511192984126954,-0.013372425612716
G01_R0433,G01,test,250,6,0.001,0.85,0.1,0.0,0.0,13.884,14.004791883928595,0.8700078070339717
G01_R0434,G01,train,250,6,0.001,0.85,0.2,0.0,0.0,14.746,14.790982543650758,0.3050491228181023
G01_R0435,G01,train,250,6,0.001,0.85,0.3,0.0,0.0,15.858,15.8159872019751,-0.2649312525217618
G01_R0436,G01,train,250,6,0.001,0.8,0.1,0.0,0.0,13.897,14.004984800595263,0.7770367748094053
G01_R0437,G01,train,250,6,0.001,0.8,0.2,0.0,0.0,14.763,14.795626202876951,0.2209998162768614
G01_R0438,G01,train,250,6,0.001,0.8,0.3,0.0,0.0,15.88,15.817348502570326,-0.3945308402372482
G01_R0439,G01,test,250,6,0.001,0.75,0.1,0.0,0.0,13.912,14.00289215476193,0.653336362578563
G01_R0440,G01,train,250,6,0.001,0.75,0.2,0.0,0.0,14.782,14.8041051939484,0.1495412931159536
G01_R0441,G01,train,250,6,0.001,0.75,0.3,0.0,0.0,15.903,15.820512063582225,-0.518694186114417
G01_R0442,G01,train,250,6,0.001,0.7,0.1,0.0,0.0,13.927,13.998688696428596,0.5147461508479683
G01_R0443,G01,train,250,6,0.001,0.7,0.2,0.0,0.0,14.802,14.803944027281734,0.0131335446678432
G01_R0444,G01,test,250,6,0.001,0.7,0.3,0.0,0.0,15.928,15.817260149891752,-0.6952527003280229
G01_R0445,G01,train,250,6,0.0001,0.85,0.1,0.0,0.0,14.134,14.122077033639988,-0.0843566319514126
G01_R0446,G01,test,250,6,0.0001,0.85,0.2,0.0,0.0,15.122,15.126455549107131,0.0294640200180742
G01_R0447,G01,train,250,6,0.0001,0.85,0.3,0.0,0.0,16.446,16.474504653769873,0.1733227153707398
G01_R0448,G01,train,250,6,0.0001,0.8,0.1,0.0,0.0,14.139,14.123318920544746,-0.1109065666260256
G01_R0449,G01,train,250,6,0.0001,0.8,0.2,0.0,0.0,15.13,15.132797528273802,0.0184899423251874
G01_R0450,G01,train,250,6,0.0001,0.8,0.3,0.0,0.0,16.456,16.476769902281788,0.1262147683628368
G01_R0451,G01,test,250,6,0.0001,0.75,0.1,0.0,0.0,14.144,14.124001993461418,-0.1413886208892979
G01_R0452,G01,train,250,6,0.0001,0.75,0.2,0.0,0.0,15.138,15.134956078869044,-0.0201078156358588
G01_R0453,G01,test,250,6,0.0001,0.75,0.3,0.0,0.0,16.466,16.48047593650798,0.087914104870508
G01_R0454,G01,train,250,6,0.0001,0.7,0.1,0.0,0.0,14.15,14.119040722628084,-0.2187934796601763
G01_R0455,G01,train,250,6,0.0001,0.7,0.2,0.0,0.0,15.147,15.13464280803571,-0.0815817783342544
G01_R0456,G01,train,250,6,0.0001,0.7,0.3,0.0,0.0,16.477,16.479391046627033,0.0145114197185911
G01_R0457,G01,train,250,6,1e-05,0.85,0.1,0.0,0.0,14.214,14.208415978580485,-0.0392853624561525
G01_R0458,G01,test,250,6,1e-05,0.85,0.2,0.0,0.0,15.171,15.15625591815475,-0.0971859590353247
G01_R0459,G01,train,250,6,1e-05,0.85,0.3,0.0,0.0,16.536,16.530956958829414,-0.0304973462178732
G01_R0460,G01,train,250,6,1e-05,0.8,0.1,0.0,0.0,14.215,14.209932865485246,-0.035646391239912
G01_R0461,G01,train,250,6,1e-05,0.8,0.2,0.0,0.0,15.175,15.16259633482142,-0.0817374970581976
G01_R0462,G01,test,250,6,1e-05,0.8,0.3,0.0,0.0,16.54,16.53379960168657,-0.0374872933097232
G01_R0463,G01,train,250,6,1e-05,0.75,0.1,0.0,0.0,14.217,14.216369789592404,-0.0044327945951773
G01_R0464,G01,test,250,6,1e-05,0.75,0.2,0.0,0.0,15.178,15.163680938988112,-0.094340894794357
G01_R0465,G01,train,250,6,1e-05,0.75,0.3,0.0,0.0,16.546,16.539996866071466,-0.0362814814972428
G01_R0466,G01,test,250,6,1e-05,0.7,0.1,0.0,0.0,14.219,14.210219977092404,-0.0617485259694465
G01_R0467,G01,train,250,6,1e-05,0.7,0.2,0.0,0.0,15.182,15.16375360565478,-0.120184391682393
G01_R0468,G01,train,250,6,1e-05,0.7,0.3,0.0,0.0,16.551,16.53956358035718,-0.0690980583820906
G01_R0469,G01,test,250,6,1e-06,0.85,0.1,0.0,0.0,14.241,14.215759521735263,-0.1772381031158952
G01_R0470,G01,train,250,6,1e-06,0.85,0.2,0.0,0.0,15.175,15.157370921130935,-0.1161718541618689
G01_R0471,G01,train,250,6,1e-06,0.85,0.3,0.0,0.0,16.536,16.532279095734186,-0.0225018400206549
G01_R0472,G01,test,250,6,1e-06,0.8,0.1,0.0,0.0,14.241,14.21712624197336,-0.1676410225871696
G01_R0473,G01,test,250,6,1e-06,0.8,0.2,0.0,0.0,15.176,15.163227796130942,-0.084160542099753
G01_R0474,G01,train,250,6,1e-06,0.8,0.3,0.0,0.0,16.538,16.534883881448483,-0.018842172883767
G01_R0475,G01,train,250,6,1e-06,0.75,0.1,0.0,0.0,14.242,14.223767645247188,-0.1280182190198929
G01_R0476,G01,train,250,6,1e-06,0.75,0.2,0.0,0.0,15.177,15.164636441964303,-0.0814624631725286
G01_R0477,G01,train,250,6,1e-06,0.75,0.3,0.0,0.0,16.54,16.54020118750001,0.0012163694075619
G01_R0478,G01,train,250,6,1e-06,0.7,0.1,0.0,0.0,14.242,14.217617832747187,-0.1711990398315791
G01_R0479,G01,test,250,6,1e-06,0.7,0.2,0.0,0.0,15.178,15.164709108630973,-0.0875668162408072
G01_R0480,G01,train,250,6,1e-06,0.7,0.3,0.0,0.0,16.542,16.539902068452392,-0.0126824540418917
G01_R0481,G01,train,250,20,0.001,0.85,0.1,0.0,0.0,20.506,20.62767455555553,0.5933607507828228
G01_R0482,G01,train,250,20,0.001,0.85,0.2,0.0,0.0,21.924,22.07619500996564,0.6941936232696657
G01_R0483,G01,train,250,20,0.001,0.85,0.3,0.0,0.0,23.529,23.55401264114356,0.1063055852078779
G01_R0484,G01,train,250,20,0.001,0.8,0.1,0.0,0.0,20.527,20.634614582341232,0.5242586950905204
G01_R0485,G01,train,250,20,0.001,0.8,0.2,0.0,0.0,21.951,22.092393201433893,0.6441310256202112
G01_R0486,G01,train,250,20,0.001,0.8,0.3,0.0,0.0,23.563,23.552139197691176,-0.0460926126079999
G01_R0487,G01,test,250,20,0.001,0.75,0.1,0.0,0.0,20.55,20.64129129811504,0.4442398935038194
G01_R0488,G01,train,250,20,0.001,0.75,0.2,0.0,0.0,21.979,22.094826162743423,0.5269855896238422
G01_R0489,G01,train,250,20,0.001,0.75,0.3,0.0,0.0,23.598,23.560122462572124,-0.1605116426301999
G01_R0490,G01,train,250,20,0.001,0.7,0.1,0.0,0.0,20.574,20.63568011061503,0.2997963964957183
G01_R0491,G01,test,250,20,0.001,0.7,0.2,0.0,0.0,22.009,22.097071771374377,0.4001625306664412
G01_R0492,G01,train,250,20,0.001,0.7,0.3,0.0,0.0,23.636,23.56011992983404,-0.3210360051022239
G01_R0493,G01,train,250,20,0.0001,0.85,0.1,0.0,0.0,20.984,20.971808417658725,-0.058099420231019
G01_R0494,G01,train,250,20,0.0001,0.85,0.2,0.0,0.0,22.512,22.480463737644317,-0.1400864532502066
G01_R0495,G01,test,250,20,0.0001,0.85,0.3,0.0,0.0,24.471,24.55940579216276,0.3612675908739184
G01_R0496,G01,test,250,20,0.0001,0.8,0.1,0.0,0.0,20.991,20.981225889384906,-0.0465633395983714
G01_R0497,G01,train,250,20,0.0001,0.8,0.2,0.0,0.0,22.524,22.49719247772367,-0.1190175913529222
G01_R0498,G01,test,250,20,0.0001,0.8,0.3,0.0,0.0,24.486,24.55940579216276,0.2997867849495875
G01_R0499,G01,train,250,20,0.0001,0.75,0.1,0.0,0.0,21.0,20.98646295634917,-0.0644621126229914
G01_R0500,G01,train,250,20,0.0001,0.75,0.2,0.0,0.0,22.537,22.502119396374468,-0.1547703936882954
G01_R0501,G01,train,250,20,0.0001,0.75,0.3,0.0,0.0,24.502,24.554708406746077,0.2151187933477844
G01_R0502,G01,train,250,20,0.0001,0.7,0.1,0.0,0.0,21.009,20.979567310515836,-0.1400956232289373
G01_R0503,G01,train,250,20,0.0001,0.7,0.2,0.0,0.0,22.551,22.504639459370505,-0.2055808639505704
G01_R0504,G01,train,250,20,0.0001,0.7,0.3,0.0,0.0,24.519,24.551693466765887,0.1333393154936508
G01_R0505,G01,train,250,20,1e-05,0.85,0.1,0.0,0.0,21.1,21.09906807192464,-0.0044167207363207
G01_R0506,G01,test,250,20,1e-05,0.85,0.2,0.0,0.0,22.568,22.54758254811505,-0.0904708077142376
G01_R0507,G01,test,250,20,1e-05,0.85,0.3,0.0,0.0,24.618,24.61382162175326,-0.0169728582611844
G01_R0508,G01,train,250,20,1e-05,0.8,0.1,0.0,0.0,21.102,21.10196297817465,-0.0001754422583137
G01_R0509,G01,train,250,20,1e-05,0.8,0.2,0.0,0.0,22.573,22.564445316964257,-0.0378978560038262
G01_R0510,G01,train,250,20,1e-05,0.8,0.3,0.0,0.0,24.627,24.61382162175326,-0.0535119106945171
G01_R0511,G01,train,250,20,1e-05,0.75,0.1,0.0,0.0,21.105,21.101882470734143,-0.0147715198571779
G01_R0512,G01,test,250,20,1e-05,0.75,0.2,0.0,0.0,22.579,22.56620866220238,-0.056651480568755
G01_R0513,G01,train,250,20,1e-05,0.75,0.3,0.0,0.0,24.634,24.60983484347942,-0.0980967626880789
G01_R0514,G01,train,250,20,1e-05,0.7,0.1,0.0,0.0,21.108,21.098183054067466,-0.0465081766748853
G01_R0515,G01,train,250,20,1e-05,0.7,0.2,0.0,0.0,22.586,22.570342984126995,-0.0693217739883263
G01_R0516,G01,train,250,20,1e-05,0.7,0.3,0.0,0.0,24.644,24.607009236832564,-0.150100483555569
G01_R0517,G01,train,250,20,1e-06,0.85,0.1,0.0,0.0,21.137,21.12862383432555,-0.0396279778324837
G01_R0518,G01,train,250,20,1e-06,0.85,0.2,0.0,0.0,22.568,22.54736282192458,-0.0914444260697525
G01_R0519,G01,train,250,20,1e-06,0.85,0.3,0.0,0.0,24.603,24.60865104315475,0.0229689190535682
G01_R0520,G01,train,250,20,1e-06,0.8,0.1,0.0,0.0,21.137,21.13113014682556,-0.0277705122507372
G01_R0521,G01,train,250,20,1e-06,0.8,0.2,0.0,0.0,22.57,22.56427348660712,-0.0253722347934401
G01_R0522,G01,train,250,20,1e-06,0.8,0.3,0.0,0.0,24.606,24.60865104315475,0.010773970392381
G01_R0523,G01,train,250,20,1e-06,0.75,0.1,0.0,0.0,21.138,21.13107605307558,-0.0327559226247526
G01_R0524,G01,train,250,20,1e-06,0.75,0.2,0.0,0.0,22.572,22.56605041517858,-0.0263582527973553
G01_R0525,G01,train,250,20,1e-06,0.75,0.3,0.0,0.0,24.61,24.60559992857139,-0.0178792012539992
G01_R0526,G01,train,250,20,1e-06,0.7,0.1,0.0,0.0,21.138,21.1277701989089,-0.048395312191787
G01_R0527,G01,train,250,20,1e-06,0.7,0.2,0.0,0.0,22.574,22.5701847371032,-0.0169011380207348
G01_R0528,G01,train,250,20,1e-06,0.7,0.3,0.0,0.0,24.615,24.60346489434517,-0.0468620989430539
G01_R0529,G01,train,250,50,0.001,0.85,0.1,0.0,0.0,28.119,28.4005558363095,1.0013010288754962
G01_R0530,G01,train,250,50,0.001,0.85,0.2,0.0,0.0,30.582,30.762682337301666,0.5908126914579322
G01_R0531,G01,test,250,50,0.001,0.85,0.3,0.0,0.0,33.078,33.800010855654726,2.182752450736813
G01_R0532,G01,train,250,50,0.001,0.8,0.1,0.0,0.0,28.148,28.40791382187948,0.9233829113240116
G01_R0533,G01,train,250,50,0.001,0.8,0.2,0.0,0.0,30.62,30.761619815972317,0.4625075635934432
G01_R0534,G01,test,250,50,0.001,0.8,0.3,0.0,0.0,33.127,33.80043946577378,2.032902061079407
G01_R0535,G01,test,250,50,0.001,0.75,0.1,0.0,0.0,28.18,28.418758559974723,0.8472624555526022
G01_R0536,G01,train,250,50,0.001,0.75,0.2,0.0,0.0,30.659,30.79430666121041,0.4413277054385572
G01_R0537,G01,train,250,50,0.001,0.75,0.3,0.0,0.0,33.177,33.73519084920631,1.6824633004982732
G01_R0538,G01,train,250,50,0.001,0.7,0.1,0.0,0.0,28.672,28.41694406691918,-0.8895644987472865
G01_R0539,G01,test,250,50,0.001,0.7,0.2,0.0,0.0,30.702,30.80831840922627,0.3462914768623177
G01_R0540,G01,train,250,50,0.001,0.7,0.3,0.0,0.0,33.23,33.694484317460294,1.397786089257589
G01_R0541,G01,train,250,50,0.0001,0.85,0.1,0.0,0.0,28.797,28.78173637824672,-0.0530042079149942
G01_R0542,G01,train,250,50,0.0001,0.85,0.2,0.0,0.0,31.468,31.310505142857128,-0.5004921098985383
G01_R0543,G01,train,250,50,0.0001,0.85,0.3,0.0,0.0,34.585,34.49035902827387,-0.2736474533067195
G01_R0544,G01,train,250,50,0.0001,0.8,0.1,0.0,0.0,28.808,28.79133406818179,-0.0578517488829833
G01_R0545,G01,test,250,50,0.0001,0.8,0.2,0.0,0.0,31.486,31.30449344890873,-0.5764674810749889
G01_R0546,G01,train,250,50,0.0001,0.8,0.3,0.0,0.0,34.609,34.49244418303578,-0.3367789215643978
G01_R0547,G01,train,250,50,0.0001,0.75,0.1,0.0,0.0,28.82,28.807628987824657,-0.0429250942933494
G01_R0548,G01,train,250,50,0.0001,0.75,0.2,0.0,0.0,31.505,31.33994076537696,-0.5239144092145387
G01_R0549,G01,train,250,50,0.0001,0.75,0.3,0.0,0.0,34.632,34.420618620039775,-0.610364344999488
G01_R0550,G01,train,250,50,0.0001,0.7,0.1,0.0,0.0,28.832,28.805960640602443,-0.0903140933600092
G01_R0551,G01,train,250,50,0.0001,0.7,0.2,0.0,0.0,31.526,31.35921063244044,-0.5290533767669838
G01_R0552,G01,test,250,50,0.0001,0.7,0.3,0.0,0.0,34.657,34.375802296627086,-0.8113734696393535
G01_R0553,G01,train,250,50,1e-05,0.85,0.1,0.0,0.0,28.987,28.985871176587374,-0.0038942402201841
G01_R0554,G01,train,250,50,1e-05,0.85,0.2,0.0,0.0,31.078,31.105891262310653,0.0897460013857183
G01_R0555,G01,train,250,50,1e-05,0.85,0.3,0.0,0.0,34.774,34.770570984126906,-0.0098608611982958
G01_R0556,G01,test,250,50,1e-05,0.8,0.1,0.0,0.0,28.991,28.988664873015946,-0.0080546617365869
G01_R0557,G01,train,250,50,1e-05,0.8,0.2,0.0,0.0,31.085,31.09270271121939,0.0247795117239423
G01_R0558,G01,train,250,50,1e-05,0.8,0.3,0.0,0.0,34.786,34.77318603769834,-0.0368365500536527
G01_R0559,G01,train,250,50,1e-05,0.75,0.1,0.0,0.0,28.995,28.996797066468336,0.0061978495200367
G01_R0560,G01,train,250,50,1e-05,0.75,0.2,0.0,0.0,31.093,31.115600323818548,0.0726862117471704
G01_R0561,G01,train,250,50,1e-05,0.75,0.3,0.0,0.0,34.8,34.76381060912704,-0.103992502508493
G01_R0562,G01,test,250,50,1e-05,0.7,0.1,0.0,0.0,28.998,28.997226545635,-0.0026672679667669
G01_R0563,G01,train,250,50,1e-05,0.7,0.2,0.0,0.0,31.102,31.13498369385823,0.1060500734944089
G01_R0564,G01,train,250,50,1e-05,0.7,0.3,0.0,0.0,34.814,34.710078766865145,-0.2985041452716008
G01_R0565,G01,train,250,50,1e-06,0.85,0.1,0.0,0.0,29.051,29.009044829365067,-0.1444190239059987
G01_R0566,G01,test,250,50,1e-06,0.85,0.2,0.0,0.0,31.095,31.10238958671541,0.0237645496556106
G01_R0567,G01,train,250,50,1e-06,0.85,0.3,0.0,0.0,34.743,34.7489418487103,0.017102290275164
G01_R0568,G01,test,250,50,1e-06,0.8,0.1,0.0,0.0,29.052,29.01183852579364,-0.1382399635355816
G01_R0569,G01,test,250,50,1e-06,0.8,0.2,0.0,0.0,31.097,31.089666306457485,-0.0235832830900626
G01_R0570,G01,train,250,50,1e-06,0.8,0.3,0.0,0.0,34.748,34.75082099603175,0.0081184414405177
G01_R0571,G01,train,250,50,1e-06,0.75,0.1,0.0,0.0,29.052,29.019970719246025,-0.1102481094381604
G01_R0572,G01,train,250,50,1e-06,0.75,0.2,0.0,0.0,31.099,31.110426731556636,0.0367430835609901
G01_R0573,G01,train,250,50,1e-06,0.75,0.3,0.0,0.0,34.753,34.73918727132941,-0.0397454282237121
G01_R0574,G01,train,250,50,1e-06,0.7,0.1,0.0,0.0,29.053,29.02040019841269,-0.1122080390572735
G01_R0575,G01,train,250,50,1e-06,0.7,0.2,0.0,0.0,31.101,31.12981010159632,0.092634004039475
G01_R0576,G01,train,250,50,1e-06,0.7,0.3,0.0,0.0,34.759,34.687207165674664,-0.206544590826365
G01_R0577,G01,train,500,3,0.001,0.85,0.1,0.0,0.0,14.265,14.328946796987768,0.4482775814074156
G01_R0578,G01,train,500,3,0.001,0.85,0.2,0.0,0.0,15.213,15.274407706349212,0.4036528386854196
G01_R0579,G01,train,500,3,0.001,0.85,0.3,0.0,0.0,16.392,16.51273411259918,0.7365429026304314
G01_R0580,G01,train,500,3,0.001,0.8,0.1,0.0,0.0,14.279,14.333343274666342,0.3805817961085675
G01_R0581,G01,train,500,3,0.001,0.8,0.2,0.0,0.0,15.232,15.285606806051597,0.3519354388891512
G01_R0582,G01,train,500,3,0.001,0.8,0.3,0.0,0.0,16.417,16.521470985615057,0.6363585649939416
G01_R0583,G01,test,500,3,0.001,0.75,0.1,0.0,0.0,14.295,14.333221462166344,0.2673764404780874
G01_R0584,G01,train,500,3,0.001,0.75,0.2,0.0,0.0,15.252,15.28785670486112,0.2350951013710961
G01_R0585,G01,test,500,3,0.001,0.75,0.3,0.0,0.0,16.443,16.523269375496017,0.488167460293231
G01_R0586,G01,train,500,3,0.001,0.7,0.1,0.0,0.0,14.312,14.331854072285392,0.1387232552081636
G01_R0587,G01,test,500,3,0.001,0.7,0.2,0.0,0.0,15.273,15.287856413194453,0.0972723970042091
G01_R0588,G01,train,500,3,0.001,0.7,0.3,0.0,0.0,16.471,16.515640280257927,0.2710234974071182
G01_R0589,G01,train,500,3,0.0001,0.85,0.1,0.0,0.0,14.474,14.467478351190488,-0.045057681425398
G01_R0590,G01,test,500,3,0.0001,0.85,0.2,0.0,0.0,15.468,15.411619501488108,-0.3644976629938717
G01_R0591,G01,train,500,3,0.0001,0.85,0.3,0.0,0.0,16.864,16.796707102182552,-0.3990328381015711
G01_R0592,G01,train,500,3,0.0001,0.8,0.1,0.0,0.0,14.48,14.472224953869077,-0.053695069964942
G01_R0593,G01,train,500,3,0.0001,0.8,0.2,0.0,0.0,15.477,15.423349642857154,-0.3466457139164318
G01_R0594,G01,train,500,3,0.0001,0.8,0.3,0.0,0.0,16.875,16.804997829365096,-0.4148276778364688
G01_R0595,G01,test,500,3,0.0001,0.75,0.1,0.0,0.0,14.486,14.472287694940496,-0.0946590160120441
G01_R0596,G01,train,500,3,0.0001,0.75,0.2,0.0,0.0,15.487,15.425503946924616,-0.3970817658383423
G01_R0597,G01,test,500,3,0.0001,0.75,0.3,0.0,0.0,16.887,16.804685726686536,-0.4874416611207705
G01_R0598,G01,train,500,3,0.0001,0.7,0.1,0.0,0.0,14.493,14.470869813988111,-0.1526956876553331
G01_R0599,G01,test,500,3,0.0001,0.7,0.2,0.0,0.0,15.497,15.425448613591282,-0.4617112112584231
G01_R0600,G01,test,500,3,0.0001,0.7,0.3,0.0,0.0,16.898,16.796940503472253,-0.5980559624082511
G01_R0601,G01,train,500,3,1e-05,0.85,0.1,0.0,0.0,14.5,14.49759526190476,-0.0165844006568176
G01_R0602,G01,train,500,3,1e-05,0.85,0.2,0.0,0.0,15.384,15.38655463144844,0.0166057686456067
G01_R0603,G01,test,500,3,1e-05,0.85,0.3,0.0,0.0,16.81,16.794749277281756,-0.0907241089722937
G01_R0604,G01,train,500,3,1e-05,0.8,0.1,0.0,0.0,14.502,14.500529708333351,-0.0101385441087269
G01_R0605,G01,train,500,3,1e-05,0.8,0.2,0.0,0.0,15.39,15.395506397817492,0.0357790631415945
G01_R0606,G01,test,500,3,1e-05,0.8,0.3,0.0,0.0,16.818,16.80371634375001,-0.0849307661433593
G01_R0607,G01,train,500,3,1e-05,0.75,0.1,0.0,0.0,14.504,14.501122499999973,-0.019839354660969
G01_R0608,G01,train,500,3,1e-05,0.75,0.2,0.0,0.0,15.396,15.398285553075416,0.0148451096090889
G01_R0609,G01,train,500,3,1e-05,0.75,0.3,0.0,0.0,16.827,16.80432532738098,-0.1347517241280211
G01_R0610,G01,train,500,3,1e-05,0.7,0.1,0.0,0.0,14.506,14.499601619047594,-0.0441085133903654
G01_R0611,G01,train,500,3,1e-05,0.7,0.2,0.0,0.0,15.403,15.398119553075416,-0.0316850413853434
G01_R0612,G01,train,500,3,1e-05,0.7,0.3,0.0,0.0,16.836,16.797057072916697,-0.2313074785180641
G01_R0613,G01,train,500,3,1e-06,0.85,0.1,0.0,0.0,14.514,14.50221988591264,-0.0811638010704141
G01_R0614,G01,train,500,3,1e-06,0.85,0.2,0.0,0.0,15.307,15.31762049107141,0.0693832303613412
G01_R0615,G01,train,500,3,1e-06,0.85,0.3,0.0,0.0,16.71,16.721621868055557,0.0695503773522214
G01_R0616,G01,train,500,3,1e-06,0.8,0.1,0.0,0.0,14.514,14.504813790674556,-0.0632920581882458
G01_R0617,G01,train,500,3,1e-06,0.8,0.2,0.0,0.0,15.309,15.32126193601189,0.080096257181336
G01_R0618,G01,train,500,3,1e-06,0.8,0.3,0.0,0.0,16.715,16.726057422619053,0.0661526929048975
G01_R0619,G01,test,500,3,1e-06,0.75,0.1,0.0,0.0,14.515,14.505124534722144,-0.0680362747354896
G01_R0620,G01,train,500,3,1e-06,0.75,0.2,0.0,0.0,15.312,15.322941583829348,0.0714575746430792
G01_R0621,G01,train,500,3,1e-06,0.75,0.3,0.0,0.0,16.715,16.729288974702428,0.0854859389914911
G01_R0622,G01,test,500,3,1e-06,0.7,0.1,0.0,0.0,14.515,14.503542439484056,-0.0789360007987931
G01_R0623,G01,train,500,3,1e-06,0.7,0.2,0.0,0.0,15.315,15.32277558382935,0.050771033818804
G01_R0624,G01,train,500,3,1e-06,0.7,0.3,0.0,0.0,16.72,16.72542612797624,0.0324529185181989
G01_R0625,G01,train,500,6,0.001,0.85,0.1,0.0,0.0,17.816,17.88919019742065,0.4108116155177975
G01_R0626,G01,test,500,6,0.001,0.85,0.2,0.0,0.0,19.017,19.13873650049604,0.640145661755489
G01_R0627,G01,test,500,6,0.001,0.85,0.3,0.0,0.0,20.545,20.736266410714325,0.9309633035498835
G01_R0628,G01,train,500,6,0.001,0.8,0.1,0.0,0.0,17.834,17.896719200396845,0.3516833037840378
G01_R0629,G01,train,500,6,0.001,0.8,0.2,0.0,0.0,19.041,19.13544240674604,0.4959949936770144
G01_R0630,G01,train,500,6,0.001,0.8,0.3,0.0,0.0,20.576,20.733781851190518,0.7668247044640045
G01_R0631,G01,train,500,6,0.001,0.75,0.1,0.0,0.0,17.854,17.894875134920653,0.228941049180318
G01_R0632,G01,train,500,6,0.001,0.75,0.2,0.0,0.0,19.066,19.13113775049604,0.3416435041227431
G01_R0633,G01,train,500,6,0.001,0.75,0.3,0.0,0.0,20.609,20.732014345238127,0.5968962358102071
G01_R0634,G01,test,500,6,0.001,0.7,0.1,0.0,0.0,17.875,17.895164947420653,0.1128108946609976
G01_R0635,G01,train,500,6,0.001,0.7,0.2,0.0,0.0,19.093,19.13272319047621,0.2080510683297851
G01_R0636,G01,train,500,6,0.001,0.7,0.3,0.0,0.0,20.645,20.7231265431548,0.3784283998779298
G01_R0637,G01,train,500,6,0.0001,0.85,0.1,0.0,0.0,18.078,18.063061982638928,-0.0826309180278326
G01_R0638,G01,train,500,6,0.0001,0.85,0.2,0.0,0.0,19.343,19.318627892361093,-0.1259996259055326
G01_R0639,G01,train,500,6,0.0001,0.85,0.3,0.0,0.0,21.135,21.10405866220236,-0.1463985701331565
G01_R0640,G01,train,500,6,0.0001,0.8,0.1,0.0,0.0,18.085,18.0717783055556,-0.0731086228609364
G01_R0641,G01,train,500,6,0.0001,0.8,0.2,0.0,0.0,19.354,19.31692980456348,-0.1915376430532202
G01_R0642,G01,train,500,6,0.0001,0.8,0.3,0.0,0.0,21.148,21.101370769345216,-0.2204900257933777
G01_R0643,G01,test,500,6,0.0001,0.75,0.1,0.0,0.0,18.092,18.07180970734132,-0.1115979032648825
G01_R0644,G01,train,500,6,0.0001,0.75,0.2,0.0,0.0,19.366,19.318477148313463,-0.2453932236214868
G01_R0645,G01,train,500,6,0.0001,0.75,0.3,0.0,0.0,21.161,21.101730936011872,-0.2800863096646143
G01_R0646,G01,train,500,6,0.0001,0.7,0.1,0.0,0.0,18.1,18.07212014484132,-0.1540323489430047
G01_R0647,G01,train,500,6,0.0001,0.7,0.2,0.0,0.0,19.38,19.31834025496029,-0.3181617391109658
G01_R0648,G01,train,500,6,0.0001,0.7,0.3,0.0,0.0,21.176,21.09222897916664,-0.3955941671390273
G01_R0649,G01,train,500,6,1e-05,0.85,0.1,0.0,0.0,18.096,18.089037042658724,-0.0384778809752219
G01_R0650,G01,train,500,6,1e-05,0.85,0.2,0.0,0.0,19.19,19.191254743055524,0.0065385255629093
G01_R0651,G01,test,500,6,1e-05,0.85,0.3,0.0,0.0,20.992,21.00060852728176,0.0410086093833766
G01_R0652,G01,train,500,6,1e-05,0.8,0.1,0.0,0.0,18.098,18.096473678075395,-0.0084336497104898
G01_R0653,G01,train,500,6,1e-05,0.8,0.2,0.0,0.0,19.198,19.190628568948384,-0.038396869734434
G01_R0654,G01,train,500,6,1e-05,0.8,0.3,0.0,0.0,21.003,20.998647717757947,-0.0207221932202673
G01_R0655,G01,train,500,6,1e-05,0.75,0.1,0.0,0.0,18.101,18.098540219742063,-0.0135891953921491
G01_R0656,G01,test,500,6,1e-05,0.75,0.2,0.0,0.0,19.206,19.19161776686507,-0.074884062974754
G01_R0657,G01,train,500,6,1e-05,0.75,0.3,0.0,0.0,21.014,20.998995426091284,-0.0714027501128555
G01_R0658,G01,test,500,6,1e-05,0.7,0.1,0.0,0.0,18.1,18.098850657242064,-0.0063499599886046
G01_R0659,G01,train,500,6,1e-05,0.7,0.2,0.0,0.0,19.214,19.193870075892857,-0.1047669621481303
G01_R0660,G01,train,500,6,1e-05,0.7,0.3,0.0,0.0,21.026,20.99538202281748,-0.1456196004115038
G01_R0661,G01,train,500,6,1e-06,0.85,0.1,0.0,0.0,18.114,18.10321312351184,-0.0595499419684504
G01_R0662,G01,train,500,6,1e-06,0.85,0.2,0.0,0.0,19.091,19.127677084325367,0.1921171459083621
G01_R0663,G01,train,500,6,1e-06,0.85,0.3,0.0,0.0,20.871,20.91062628273816,0.1898628850469952
G01_R0664,G01,train,500,6,1e-06,0.8,0.1,0.0,0.0,18.115,18.11056831547612,-0.0244641707086729
G01_R0665,G01,train,500,6,1e-06,0.8,0.2,0.0,0.0,19.094,19.12682121230156,0.1718928056015298
G01_R0666,G01,train,500,6,1e-06,0.8,0.3,0.0,0.0,20.878,20.908665473214352,0.1468793620765978
G01_R0667,G01,train,500,6,1e-06,0.75,0.1,0.0,0.0,18.115,18.111384749999942,-0.0199572177756145
G01_R0668,G01,train,500,6,1e-06,0.75,0.2,0.0,0.0,19.098,19.130647081349185,0.1709450274855269
G01_R0669,G01,test,500,6,1e-06,0.75,0.3,0.0,0.0,20.855,20.91413947172625,0.2835745467573771
G01_R0670,G01,train,500,6,1e-06,0.7,0.1,0.0,0.0,18.116,18.111695187499944,-0.0237624889603443
G01_R0671,G01,test,500,6,1e-06,0.7,0.2,0.0,0.0,19.102,19.135789263888874,0.1768886184110246
G01_R0672,G01,train,500,6,1e-06,0.7,0.3,0.0,0.0,20.862,20.91065846130958,0.2332396764911426
G01_R0673,G01,train,500,20,0.001,0.85,0.1,0.0,0.0,27.045,27.135101618551584,0.3331544409376304
G01_R0674,G01,train,500,20,0.001,0.85,0.2,0.0,0.0,29.136,29.316422778273783,0.6192434729330838
G01_R0675,G01,train,500,20,0.001,0.85,0.3,0.0,0.0,31.741,32.404219663690505,2.089473122114946
G01_R0676,G01,train,500,20,0.001,0.8,0.1,0.0,0.0,27.075,27.137859919146823,0.2321695998035973
G01_R0677,G01,test,500,20,0.001,0.8,0.2,0.0,0.0,29.176,29.328163736607102,0.521537347844475
G01_R0678,G01,test,500,20,0.001,0.8,0.3,0.0,0.0,31.792,32.631600078373026,2.6409162002171125
G01_R0679,G01,train,500,20,0.001,0.75,0.1,0.0,0.0,27.108,27.146323091765847,0.1413718893531304
G01_R0680,G01,train,500,20,0.001,0.75,0.2,0.0,0.0,29.218,29.31521697172616,0.332729727312486
G01_R0681,G01,test,500,20,0.001,0.75,0.3,0.0,0.0,31.846,32.68682113045634,2.6402723433283217
G01_R0682,G01,train,500,20,0.001,0.7,0.1,0.0,0.0,27.143,27.13980630505949,-0.0117661825903917
G01_R0683,G01,train,500,20,0.001,0.7,0.2,0.0,0.0,29.263,29.33612337053567,0.2498833699062592
G01_R0684,G01,test,500,20,0.001,0.7,0.3,0.0,0.0,31.902,32.693812181051584,2.482014234378982
G01_R0685,G01,train,500,20,0.0001,0.85,0.1,0.0,0.0,27.511,27.48525670238091,-0.0935745615175404
G01_R0686,G01,train,500,20,0.0001,0.85,0.2,0.0,0.0,29.679,29.545662402281707,-0.4492658031547282
G01_R0687,G01,train,500,20,0.0001,0.85,0.3,0.0,0.0,32.78,32.40935374702384,-1.1307085203665808
G01_R0688,G01,train,500,20,0.0001,0.8,0.1,0.0,0.0,27.523,27.487529045138828,-0.1288775019480855
G01_R0689,G01,train,500,20,0.0001,0.8,0.2,0.0,0.0,29.697,29.558524298115024,-0.466295255025675
G01_R0690,G01,train,500,20,0.0001,0.8,0.3,0.0,0.0,32.803,32.63673416170636,-0.5068616842777793
G01_R0691,G01,train,500,20,0.0001,0.75,0.1,0.0,0.0,27.536,27.486418304067403,-0.1800613594298319
G01_R0692,G01,test,500,20,0.0001,0.75,0.2,0.0,0.0,29.717,29.545504512400747,-0.5770955601145871
G01_R0693,G01,train,500,20,0.0001,0.75,0.3,0.0,0.0,32.827,32.69195521378967,-0.4113832705100358
G01_R0694,G01,test,500,20,0.0001,0.7,0.1,0.0,0.0,27.549,27.479901517361046,-0.2508202934369782
G01_R0695,G01,train,500,20,0.0001,0.7,0.2,0.0,0.0,29.738,29.56554828621026,-0.5799035368543304
G01_R0696,G01,train,500,20,0.0001,0.7,0.3,0.0,0.0,32.853,32.698946264384915,-0.468918319834068
G01_R0697,G01,train,500,20,1e-05,0.85,0.1,0.0,0.0,27.4,27.416232182539687,0.0592415421156522
G01_R0698,G01,train,500,20,1e-05,0.85,0.2,0.0,0.0,29.177,29.179368461805552,0.0081175645390294
G01_R0699,G01,train,500,20,1e-05,0.85,0.3,0.0,0.0,32.178,32.14336341098485,-0.1076405898910756
G01_R0700,G01,train,500,20,1e-05,0.8,0.1,0.0,0.0,27.403,27.41716192410714,0.05168019599001
G01_R0701,G01,train,500,20,1e-05,0.8,0.2,0.0,0.0,29.188,29.183776836805546,-0.0144688337483099
G01_R0702,G01,train,500,20,1e-05,0.8,0.3,0.0,0.0,32.195,32.18540596257211,-0.0297997745857686
G01_R0703,G01,train,500,20,1e-05,0.75,0.1,0.0,0.0,27.408,27.418570982638865,0.0385689675965558
G01_R0704,G01,train,500,20,1e-05,0.75,0.2,0.0,0.0,29.202,29.191144168650744,-0.0371749583907173
G01_R0705,G01,train,500,20,1e-05,0.75,0.3,0.0,0.0,32.214,32.20894983608398,-0.0156769228162209
G01_R0706,G01,test,500,20,1e-05,0.7,0.1,0.0,0.0,27.371,27.41458914236108,0.1592530136315018
G01_R0707,G01,train,500,20,1e-05,0.7,0.2,0.0,0.0,29.216,29.211570984126915,-0.0151595559730489
G01_R0708,G01,train,500,20,1e-05,0.7,0.3,0.0,0.0,32.234,32.21561501167923,-0.0570360126598266
G01_R0709,G01,train,500,20,1e-06,0.85,0.1,0.0,0.0,27.431,27.427576947420707,-0.0124787743038662
G01_R0710,G01,train,500,20,1e-06,0.85,0.2,0.0,0.0,29.011,29.059295518849137,0.1664731269144028
G01_R0711,G01,train,500,20,1e-06,0.85,0.3,0.0,0.0,31.936,31.97750512202383,0.1299634331908561
G01_R0712,G01,train,500,20,1e-06,0.8,0.1,0.0,0.0,27.432,27.4294208302809,-0.0094020476782524
G01_R0713,G01,train,500,20,1e-06,0.8,0.2,0.0,0.0,29.015,29.062021498015792,0.1620592728443606
G01_R0714,G01,train,500,20,1e-06,0.8,0.3,0.0,0.0,31.946,31.996993757936515,0.159624860503705
G01_R0715,G01,train,500,20,1e-06,0.75,0.1,0.0,0.0,27.433,27.42995265666973,-0.0111083123620076
G01_R0716,G01,train,500,20,1e-06,0.75,0.2,0.0,0.0,29.021,29.069140398313383,0.1658812525873758
G01_R0717,G01,train,500,20,1e-06,0.75,0.3,0.0,0.0,31.956,32.016480324900826,0.1892612495331904
G01_R0718,G01,train,500,20,1e-06,0.7,0.1,0.0,0.0,27.434,27.425586587225272,-0.0306678310663011
G01_R0719,G01,test,500,20,1e-06,0.7,0.2,0.0,0.0,29.028,29.098654419146712,0.2434009203069902
G01_R0720,G01,train,500,20,1e-06,0.7,0.3,0.0,0.0,31.969,32.02244654216274,0.1671824022107003
G01_R0721,G01,test,500,50,0.001,0.85,0.1,0.0,0.0,37.512,37.73938809586934,0.6061742798820027
G01_R0722,G01,test,500,50,0.001,0.85,0.2,0.0,0.0,40.021,39.8614238696789,-0.3987309920319312
G01_R0723,G01,train,500,50,0.001,0.85,0.3,0.0,0.0,44.456,44.15238403291846,-0.682958356760709
G01_R0724,G01,train,500,50,0.001,0.8,0.1,0.0,0.0,37.556,37.73859147086935,0.4861845533852046
G01_R0725,G01,train,500,50,0.001,0.8,0.2,0.0,0.0,40.071,39.85613975509556,-0.5361988592858579
G01_R0726,G01,train,500,50,0.001,0.8,0.3,0.0,0.0,44.522,44.19093493916844,-0.7435988069528832
G01_R0727,G01,train,500,50,0.001,0.75,0.1,0.0,0.0,37.602,37.73630999170268,0.3571884253568592
G01_R0728,G01,train,500,50,0.001,0.75,0.2,0.0,0.0,40.128,39.898505490214646,-0.5719061747043317
G01_R0729,G01,train,500,50,0.001,0.75,0.3,0.0,0.0,44.591,44.25909725892848,-0.7443267499529582
G01_R0730,G01,train,500,50,0.001,0.7,0.1,0.0,0.0,37.649,37.72788435975824,0.2095257769349365
G01_R0731,G01,train,500,50,0.001,0.7,0.2,0.0,0.0,40.199,39.930130953012274,-0.6688451130319769
G01_R0732,G01,test,500,50,0.001,0.7,0.3,0.0,0.0,44.661,44.25158659374991,-0.9167134776429
G01_R0733,G01,train,500,50,0.0001,0.85,0.1,0.0,0.0,38.127,38.122930465413056,-0.0106736291524289
G01_R0734,G01,train,500,50,0.0001,0.85,0.2,0.0,0.0,40.47,40.46315959338922,-0.0169024131721706
G01_R0735,G01,test,500,50,0.0001,0.85,0.3,0.0,0.0,44.451,44.41977780722397,-0.0702395734089844
G01_R0736,G01,train,500,50,0.0001,0.8,0.1,0.0,0.0,38.14,38.12300910529401,-0.0445487538174905
G01_R0737,G01,train,500,50,0.0001,0.8,0.2,0.0,0.0,40.494,40.45876143713923,-0.0870216892892013
G01_R0738,G01,train,500,50,0.0001,0.8,0.3,0.0,0.0,44.479,44.43843712270015,-0.0911955693694739
G01_R0739,G01,train,500,50,0.0001,0.75,0.1,0.0,0.0,38.153,38.12437097582971,-0.075037412969585
G01_R0740,G01,train,500,50,0.0001,0.75,0.2,0.0,0.0,40.52,40.46713560082971,-0.1304649535298528
G01_R0741,G01,train,500,50,0.0001,0.75,0.3,0.0,0.0,44.509,44.48819092162688,-0.0467525183066782
G01_R0742,G01,train,500,50,0.0001,0.7,0.1,0.0,0.0,38.165,38.11584867721859,-0.1287863822387329
G01_R0743,G01,train,500,50,0.0001,0.7,0.2,0.0,0.0,40.548,40.46841293862733,-0.1962786361168927
G01_R0744,G01,train,500,50,0.0001,0.7,0.3,0.0,0.0,44.539,44.48302440228163,-0.1256777155265558
G01_R0745,G01,train,500,50,1e-05,0.85,0.1,0.0,0.0,38.305,38.29603587251988,-0.0234019774967224
G01_R0746,G01,train,500,50,1e-05,0.85,0.2,0.0,0.0,40.304,40.33080059839463,0.0664961254332633
G01_R0747,G01,test,500,50,1e-05,0.85,0.3,0.0,0.0,44.409,44.34651443799599,-0.1407047265284212
G01_R0748,G01,train,500,50,1e-05,0.8,0.1,0.0,0.0,38.282,38.2902154072421,0.0214602352074206
G01_R0749,G01,train,500,50,1e-05,0.8,0.2,0.0,0.0,40.329,40.32860242875178,-0.0009858197530848
G01_R0750,G01,train,500,50,1e-05,0.8,0.3,0.0,0.0,44.405,44.36723651537694,-0.085043316345149
G01_R0751,G01,train,500,50,1e-05,0.75,0.1,0.0,0.0,38.241,38.2916837529763,0.1325377290769006
G01_R0752,G01,test,500,50,1e-05,0.75,0.2,0.0,0.0,40.343,40.33137974720415,-0.0288036407700236
G01_R0753,G01,train,500,50,1e-05,0.75,0.3,0.0,0.0,44.451,44.41451273015871,-0.0820842497160651
G01_R0754,G01,train,500,50,1e-05,0.7,0.1,0.0,0.0,38.32,38.28463327380962,-0.0922931268016239
G01_R0755,G01,train,500,50,1e-05,0.7,0.2,0.0,0.0,40.372,40.33204109393032,-0.098976781109874
G01_R0756,G01,train,500,50,1e-05,0.7,0.3,0.0,0.0,44.457,44.405647554563465,-0.1155103705525232
G01_R0757,G01,train,500,50,1e-06,0.85,0.1,0.0,0.0,38.387,38.332549290674585,-0.1418467432344684
G01_R0758,G01,train,500,50,1e-06,0.85,0.2,0.0,0.0,40.122,40.16278035421162,0.10164088084248
G01_R0759,G01,train,500,50,1e-06,0.85,0.3,0.0,0.0,44.115,44.14169941815475,0.0605223124895134
G01_R0760,G01,test,500,50,1e-06,0.8,0.1,0.0,0.0,38.388,38.32651890873014,-0.1601570575957631
G01_R0761,G01,train,500,50,1e-06,0.8,0.2,0.0,0.0,40.129,40.15942974706878,0.0758298165136933
G01_R0762,G01,train,500,50,1e-06,0.8,0.3,0.0,0.0,44.126,44.15388095386902,0.0631848657685323
G01_R0763,G01,train,500,50,1e-06,0.75,0.1,0.0,0.0,38.389,38.32837852232145,-0.1579136671404623
G01_R0764,G01,train,500,50,1e-06,0.75,0.2,0.0,0.0,40.136,40.16037906403312,0.0607411402060988
G01_R0765,G01,test,500,50,1e-06,0.75,0.3,0.0,0.0,44.138,44.21062109375,0.1645319084462399
G01_R0766,G01,test,500,50,1e-06,0.7,0.1,0.0,0.0,38.39,38.32033083482144,-0.1814773773861941
G01_R0767,G01,train,500,50,1e-06,0.7,0.2,0.0,0.0,40.147,40.16296697028312,0.0397712663041417
G01_R0768,G01,train,500,50,1e-06,0.7,0.3,0.0,0.0,44.153,44.204893822916674,0.1175318164488822
G02_R0001,G02,train,25,3,0.001,0.85,0.1,0.1,4.0,6.6445,6.648724543402779,0.0635795530556015
G02_R0002,G02,train,25,3,0.001,0.85,0.2,0.1,4.0,7.1671,7.1748047903544485,0.107502202487044
G02_R0003,G02,train,25,3,0.001,0.85,0.3,0.1,4.0,7.7781,7.779910983897007,0.0232831140896528
G02_R0004,G02,train,25,3,0.001,0.8,0.1,0.1,4.0,6.6494,6.649238118253973,-0.0024345316273154
G02_R0005,G02,train,25,3,0.001,0.8,0.2,0.1,4.0,7.1739,7.174843998349576,0.0131587887979455
G02_R0006,G02,train,25,3,0.001,0.8,0.3,0.1,4.0,7.7859,7.790208884591453,0.0553421517288097
G02_R0007,G02,train,25,3,0.001,0.75,0.1,0.1,4.0,6.6545,6.653565832638883,-0.0140381300040116
G02_R0008,G02,train,25,3,0.001,0.75,0.2,0.1,4.0,7.1812,7.179927635452743,-0.0177179934726305
G02_R0009,G02,test,25,3,0.001,0.75,0.3,0.1,4.0,7.7943,7.797245761129143,0.0377937868589
G02_R0010,G02,train,25,3,0.001,0.7,0.1,0.1,4.0,6.6599,6.654802702281743,-0.0765371509821061
G02_R0011,G02,train,25,3,0.001,0.7,0.2,0.1,4.0,7.1888,7.181847868488456,-0.0967078164859774
G02_R0012,G02,train,25,3,0.001,0.7,0.3,0.1,4.0,7.8032,7.798610183400971,-0.0588196714044169
G02_R0013,G02,train,25,3,0.0001,0.85,0.1,0.1,4.0,6.955,6.957205506354769,0.0317110906508812
G02_R0014,G02,train,25,3,0.0001,0.85,0.2,0.1,4.0,7.573,7.5757793219245935,0.0367004083532691
G02_R0015,G02,train,25,3,0.0001,0.85,0.3,0.1,4.0,8.3776,8.388211286593624,0.1266626073532314
G02_R0016,G02,train,25,3,0.0001,0.8,0.1,0.1,4.0,6.9578,6.958473049807148,0.0096733135064036
G02_R0017,G02,train,25,3,0.0001,0.8,0.2,0.1,4.0,7.5767,7.576792194940468,0.0012168218415489
G02_R0018,G02,train,25,3,0.0001,0.8,0.3,0.1,4.0,8.3822,8.391957741305923,0.1164102658720118
G02_R0019,G02,train,25,3,0.0001,0.75,0.1,0.1,4.0,6.9608,6.960280083302822,-0.0074692089584162
G02_R0020,G02,test,25,3,0.0001,0.75,0.2,0.1,4.0,7.5804,7.579437131398793,-0.0127020817002705
G02_R0021,G02,train,25,3,0.0001,0.75,0.3,0.1,4.0,8.3869,8.401818217645214,0.1778752297656299
G02_R0022,G02,test,25,3,0.0001,0.7,0.1,0.1,4.0,6.9639,6.960018560088535,-0.0557365831138482
G02_R0023,G02,test,25,3,0.0001,0.7,0.2,0.1,4.0,7.5843,7.5836091750992,-0.0091086178131105
G02_R0024,G02,train,25,3,0.0001,0.7,0.3,0.1,4.0,8.3918,8.400272157674983,0.1009575737622864
G02_R0025,G02,train,25,3,1e-05,0.85,0.1,0.1,4.0,7.0395,7.037585597321419,-0.0271951513400289
G02_R0026,G02,train,25,3,1e-05,0.85,0.2,0.1,4.0,7.688,7.692223401533189,0.0549349835222353
G02_R0027,G02,train,25,3,1e-05,0.85,0.3,0.1,4.0,8.5438,8.553532070386893,0.1139079845840746
G02_R0028,G02,train,25,3,1e-05,0.8,0.1,0.1,4.0,7.0405,7.037220811011895,-0.0465760810752815
G02_R0029,G02,train,25,3,1e-05,0.8,0.2,0.1,4.0,7.6893,7.691064651185963,0.0229494386480249
G02_R0030,G02,train,25,3,1e-05,0.8,0.3,0.1,4.0,8.5455,8.555113050148812,0.1124925416746965
G02_R0031,G02,test,25,3,1e-05,0.75,0.1,0.1,4.0,7.0416,7.036085206448401,-0.0783173362815049
G02_R0032,G02,train,25,3,1e-05,0.75,0.2,0.1,4.0,7.6906,7.690776617257391,0.0022965341766779
G02_R0033,G02,test,25,3,1e-05,0.75,0.3,0.1,4.0,8.5472,8.564620672668653,0.2038173047156117
G02_R0034,G02,train,25,3,1e-05,0.7,0.1,0.1,4.0,7.0427,7.036831039484112,-0.0833339559527979
G02_R0035,G02,test,25,3,1e-05,0.7,0.2,0.1,4.0,7.692,7.69135188422168,-0.0084258421518492
G02_R0036,G02,test,25,3,1e-05,0.7,0.3,0.1,4.0,8.549,8.566633249355158,0.2062609586519915
G02_R0037,G02,train,25,3,1e-06,0.85,0.1,0.1,4.0,7.0656,7.054439107986124,-0.1579609943086997
G02_R0038,G02,test,25,3,1e-06,0.85,0.2,0.1,4.0,7.7228,7.728625187648819,0.0754284410941484
G02_R0039,G02,train,25,3,1e-06,0.85,0.3,0.1,4.0,8.5922,8.59955553206375,0.085607086238099
G02_R0040,G02,test,25,3,1e-06,0.8,0.1,0.1,4.0,7.0659,7.052782934771837,-0.1856389876471885
G02_R0041,G02,train,25,3,1e-06,0.8,0.2,0.1,4.0,7.723,7.726743605357152,0.0484734605354397
G02_R0042,G02,train,25,3,1e-06,0.8,0.3,0.1,4.0,8.5925,8.599170424176847,0.0776307730794069
G02_R0043,G02,test,25,3,1e-06,0.75,0.1,0.1,4.0,7.0662,7.052510895486115,-0.1937265363828499
G02_R0044,G02,test,25,3,1e-06,0.75,0.2,0.1,4.0,7.7234,7.728951164880958,0.0718746262133037
G02_R0045,G02,test,25,3,1e-06,0.75,0.3,0.1,4.0,8.5929,8.599697908105414,0.0791107554540806
G02_R0046,G02,train,25,3,1e-06,0.7,0.1,0.1,4.0,7.0665,7.054216794841276,-0.1738230405253496
G02_R0047,G02,train,25,3,1e-06,0.7,0.2,0.1,4.0,7.7237,7.7281202157738145,0.0572292524802162
G02_R0048,G02,train,25,3,1e-06,0.7,0.3,0.1,4.0,8.5933,8.600547240843506,0.0843359459521543
G02_R0049,G02,train,25,6,0.001,0.85,0.1,0.1,4.0,7.3225,7.327351254216271,0.0662513378801164
G02_R0050,G02,train,25,6,0.001,0.85,0.2,0.1,4.0,7.8985,7.903173974355151,0.0591754681920707
G02_R0051,G02,train,25,6,0.001,0.85,0.3,0.1,4.0,8.5656,8.578552543799598,0.1512158377649861
G02_R0052,G02,train,25,6,0.001,0.8,0.1,0.1,4.0,7.3276,7.328505009374997,0.0123506929280565
G02_R0053,G02,train,25,6,0.001,0.8,0.2,0.1,4.0,7.9057,7.905934424603167,0.0029652605482967
G02_R0054,G02,train,25,6,0.001,0.8,0.3,0.1,4.0,8.574,8.580665745585323,0.0777437087161555
G02_R0055,G02,train,25,6,0.001,0.75,0.1,0.1,4.0,7.3329,7.334233871974193,0.0181902381621488
G02_R0056,G02,train,25,6,0.001,0.75,0.2,0.1,4.0,7.9133,7.914838416946245,0.0194409026101066
G02_R0057,G02,train,25,6,0.001,0.75,0.3,0.1,4.0,8.583,8.59120510610117,0.0955971816517415
G02_R0058,G02,train,25,6,0.001,0.7,0.1,0.1,4.0,7.3384,7.338003158333331,-0.0054077410153315
G02_R0059,G02,train,25,6,0.001,0.7,0.2,0.1,4.0,7.9213,7.921272471626994,-0.0003475234242501
G02_R0060,G02,train,25,6,0.001,0.7,0.3,0.1,4.0,8.5925,8.597129822023787,0.0538821300411667
G02_R0061,G02,test,25,6,0.0001,0.85,0.1,0.1,4.0,7.6338,7.640800888740075,0.0917090929821973
G02_R0062,G02,test,25,6,0.0001,0.85,0.2,0.1,4.0,8.3,8.316112299801599,0.1941240939951607
G02_R0063,G02,train,25,6,0.0001,0.85,0.3,0.1,4.0,9.1502,9.163048246726191,0.1404149278288064
G02_R0064,G02,test,25,6,0.0001,0.8,0.1,0.1,4.0,7.6367,7.641913920734119,0.0682745260926661
G02_R0065,G02,train,25,6,0.0001,0.8,0.2,0.1,4.0,8.3036,8.316739055158738,0.1582332380983994
G02_R0066,G02,test,25,6,0.0001,0.8,0.3,0.1,4.0,9.1548,9.162458224107144,0.0836525550218963
G02_R0067,G02,train,25,6,0.0001,0.75,0.1,0.1,4.0,7.6398,7.643411079067445,0.047266670167351
G02_R0068,G02,train,25,6,0.0001,0.75,0.2,0.1,4.0,8.3074,8.319532752182559,0.1460475260919079
G02_R0069,G02,train,25,6,0.0001,0.75,0.3,0.1,4.0,9.1596,9.164119582142858,0.0493425711041805
G02_R0070,G02,train,25,6,0.0001,0.7,0.1,0.1,4.0,7.6429,7.641760723859113,-0.0149063332097406
G02_R0071,G02,test,25,6,0.0001,0.7,0.2,0.1,4.0,8.3114,8.321244362599222,0.1184440960514601
G02_R0072,G02,train,25,6,0.0001,0.7,0.3,0.1,4.0,9.1646,9.166477041666669,0.0204814358146227
G02_R0073,G02,train,25,6,1e-05,0.85,0.1,0.1,4.0,7.7185,7.71890515992062,0.0052492054235993
G02_R0074,G02,train,25,6,1e-05,0.85,0.2,0.1,4.0,8.4135,8.420406486918266,0.0820881549683802
G02_R0075,G02,test,25,6,1e-05,0.85,0.3,0.1,4.0,9.3114,9.32032686876353,0.0958703177130112
G02_R0076,G02,test,25,6,1e-05,0.8,0.1,0.1,4.0,7.7195,7.719772564682525,0.0035308592852575
G02_R0077,G02,train,25,6,1e-05,0.8,0.2,0.1,4.0,8.4148,8.421849164944055,0.0837710337031796
G02_R0078,G02,train,25,6,1e-05,0.8,0.3,0.1,4.0,9.3131,9.320305233346865,0.0773666485580808
G02_R0079,G02,train,25,6,1e-05,0.75,0.1,0.1,4.0,7.7206,7.719854794593244,-0.0096521696080074
G02_R0080,G02,train,25,6,1e-05,0.75,0.2,0.1,4.0,8.4161,8.421217957205968,0.0608115065881831
G02_R0081,G02,train,25,6,1e-05,0.75,0.3,0.1,4.0,9.3148,9.318594703336949,0.0407384306367153
G02_R0082,G02,train,25,6,1e-05,0.7,0.1,0.1,4.0,7.7217,7.720314866319436,-0.0179381960004191
G02_R0083,G02,train,25,6,1e-05,0.7,0.2,0.1,4.0,8.4175,8.424489149751958,0.0830311820844361
G02_R0084,G02,train,25,6,1e-05,0.7,0.3,0.1,4.0,9.3166,9.319553334586944,0.0316997036144578
G02_R0085,G02,train,25,6,1e-06,0.85,0.1,0.1,4.0,7.7447,7.744463569633839,-0.0030528021248158
G02_R0086,G02,train,25,6,1e-06,0.85,0.2,0.1,4.0,8.448,8.4559208397547,0.0937599402781714
G02_R0087,G02,train,25,6,1e-06,0.85,0.3,0.1,4.0,9.3586,9.363090237946436,0.047979804099293
G02_R0088,G02,train,25,6,1e-06,0.8,0.1,0.1,4.0,7.745,7.7456148509830465,0.0079386828024062
G02_R0089,G02,test,25,6,1e-06,0.8,0.2,0.1,4.0,8.4483,8.457605516838015,0.1101466192963719
G02_R0090,G02,train,25,6,1e-06,0.8,0.3,0.1,4.0,9.3589,9.362882671081357,0.0425549058260737
G02_R0091,G02,train,25,6,1e-06,0.75,0.1,0.1,4.0,7.7453,7.744372118939384,-0.0119799240909501
G02_R0092,G02,test,25,6,1e-06,0.75,0.2,0.1,4.0,8.4486,8.45769542073411,0.107655951685595
G02_R0093,G02,train,25,6,1e-06,0.75,0.3,0.1,4.0,9.3593,9.362681997271803,0.0361351519003094
G02_R0094,G02,train,25,6,1e-06,0.7,0.1,0.1,4.0,7.7455,7.74588195882034,0.0049313642804263
G02_R0095,G02,test,25,6,1e-06,0.7,0.2,0.1,4.0,8.4489,8.458332538591254,0.1116422089414444
G02_R0096,G02,train,25,6,1e-06,0.7,0.3,0.1,4.0,9.3597,9.36230568655752,0.027839423886655
G02_R0097,G02,train,25,20,0.001,0.85,0.1,0.1,4.0,9.5688,9.576518074174782,0.08065874691479
G02_R0098,G02,train,25,20,0.001,0.85,0.2,0.1,4.0,10.256,10.264459193632764,0.0824804371369283
G02_R0099,G02,train,25,20,0.001,0.85,0.3,0.1,4.0,11.051,11.086587288194451,0.3220277639530611
G02_R0100,G02,train,25,20,0.001,0.8,0.1,0.1,4.0,9.5748,9.578795065345416,0.0417247915926801
G02_R0101,G02,train,25,20,0.001,0.8,0.2,0.1,4.0,10.265,10.267926594922448,0.0285104230145733
G02_R0102,G02,test,25,20,0.001,0.8,0.3,0.1,4.0,11.061,11.08455097767858,0.2129190640862494
G02_R0103,G02,train,25,20,0.001,0.75,0.1,0.1,4.0,9.5811,9.593011598777966,0.1243239166480593
G02_R0104,G02,test,25,20,0.001,0.75,0.2,0.1,4.0,10.274,10.282468668335138,0.0824281519869469
G02_R0105,G02,train,25,20,0.001,0.75,0.3,0.1,4.0,11.071,11.082297328869052,0.1020443398884803
G02_R0106,G02,train,25,20,0.001,0.7,0.1,0.1,4.0,9.5877,9.60270894419191,0.1565437403330344
G02_R0107,G02,train,25,20,0.001,0.7,0.2,0.1,4.0,10.283,10.29037936458333,0.0717627597328686
G02_R0108,G02,train,25,20,0.001,0.7,0.3,0.1,4.0,11.083,11.08545651785716,0.0221647375003183
G02_R0109,G02,train,25,20,0.0001,0.85,0.1,0.1,4.0,9.9224,9.932151950446412,0.0982821741354183
G02_R0110,G02,test,25,20,0.0001,0.85,0.2,0.1,4.0,10.7,10.716258393543985,0.1519476032148178
G02_R0111,G02,train,25,20,0.0001,0.85,0.3,0.1,4.0,11.677,11.69329381001984,0.1395376382618879
G02_R0112,G02,test,25,20,0.0001,0.8,0.1,0.1,4.0,9.9257,9.932156093402767,0.0650442125267558
G02_R0113,G02,train,25,20,0.0001,0.8,0.2,0.1,4.0,10.704,10.715821735805893,0.1104422253913518
G02_R0114,G02,test,25,20,0.0001,0.8,0.3,0.1,4.0,11.683,11.695959201388892,0.1109235760412009
G02_R0115,G02,train,25,20,0.0001,0.75,0.1,0.1,4.0,9.9292,9.934607230902785,0.0544578707527779
G02_R0116,G02,train,25,20,0.0001,0.75,0.2,0.1,4.0,10.708,10.718119458524134,0.0945037217420037
G02_R0117,G02,train,25,20,0.0001,0.75,0.3,0.1,4.0,11.688,11.70120329649168,0.1129645490389987
G02_R0118,G02,train,25,20,0.0001,0.7,0.1,0.1,4.0,9.9329,9.93852710069446,0.0566511360676263
G02_R0119,G02,train,25,20,0.0001,0.7,0.2,0.1,4.0,10.713,10.721421591460636,0.078610953613697
G02_R0120,G02,train,25,20,0.0001,0.7,0.3,0.1,4.0,11.694,11.70432300879325,0.0882761141888869
G02_R0121,G02,train,25,20,1e-05,0.85,0.1,0.1,4.0,10.018,10.019786110019862,0.0178290079842367
G02_R0122,G02,test,25,20,1e-05,0.85,0.2,0.1,4.0,10.825,10.83000527484668,0.0462381048192251
G02_R0123,G02,train,25,20,1e-05,0.85,0.3,0.1,4.0,11.85,11.859222274305578,0.0778250996251353
G02_R0124,G02,train,25,20,1e-05,0.8,0.1,0.1,4.0,10.019,10.020194156250016,0.0119189165587113
G02_R0125,G02,train,25,20,1e-05,0.8,0.2,0.1,4.0,10.826,10.829833087346683,0.0354063120883333
G02_R0126,G02,test,25,20,1e-05,0.8,0.3,0.1,4.0,11.851,11.861053806231949,0.0848350876039824
G02_R0127,G02,train,25,20,1e-05,0.75,0.1,0.1,4.0,10.02,10.020740893749997,0.0073941492015677
G02_R0128,G02,train,25,20,1e-05,0.75,0.2,0.1,4.0,10.828,10.829881489132388,0.0173761464018178
G02_R0129,G02,test,25,20,1e-05,0.75,0.3,0.1,4.0,11.853,11.862995224431783,0.0843265370098992
G02_R0130,G02,train,25,20,1e-05,0.7,0.1,0.1,4.0,10.022,10.02127774196428,-0.0072067255609704
G02_R0131,G02,train,25,20,1e-05,0.7,0.2,0.1,4.0,10.829,10.830030956394287,0.0095203286941388
G02_R0132,G02,train,25,20,1e-05,0.7,0.3,0.1,4.0,11.855,11.862621783955593,0.0642917246359537
G02_R0133,G02,train,25,20,1e-06,0.85,0.1,0.1,4.0,10.048,10.048376674603086,0.0037487520211539
G02_R0134,G02,train,25,20,1e-06,0.85,0.2,0.1,4.0,10.863,10.8655951076389,0.0238894194872495
G02_R0135,G02,train,25,20,1e-06,0.85,0.3,0.1,4.0,11.9,11.904147619987604,0.0348539494756642
G02_R0136,G02,train,25,20,1e-06,0.8,0.1,0.1,4.0,10.048,10.04855028174594,0.0054765301148571
G02_R0137,G02,train,25,20,1e-06,0.8,0.2,0.1,4.0,10.863,10.86560787251987,0.0240069273669412
G02_R0138,G02,train,25,20,1e-06,0.8,0.3,0.1,4.0,11.901,11.904351268977496,0.0281595578312461
G02_R0139,G02,train,25,20,1e-06,0.75,0.1,0.1,4.0,10.048,10.04925959920627,0.0125358201260908
G02_R0140,G02,test,25,20,1e-06,0.75,0.2,0.1,4.0,10.864,10.865958141865104,0.0180241335153065
G02_R0141,G02,train,25,20,1e-06,0.75,0.3,0.1,4.0,11.901,11.905239233263226,0.0356208155888221
G02_R0142,G02,train,25,20,1e-06,0.7,0.1,0.1,4.0,10.049,10.049188439980076,0.0018752112655676
G02_R0143,G02,train,25,20,1e-06,0.7,0.2,0.1,4.0,10.864,10.86590568353177,0.0175412696223194
G02_R0144,G02,test,25,20,1e-06,0.7,0.3,0.1,4.0,11.902,11.905303837429894,0.0277586744235846
G02_R0145,G02,train,25,50,0.001,0.85,0.1,0.1,4.0,12.423,12.44577877628969,0.1833597061071332
G02_R0146,G02,train,25,50,0.001,0.85,0.2,0.1,4.0,13.282,13.29517095932541,0.0991639762491401
G02_R0147,G02,train,25,50,0.001,0.85,0.3,0.1,4.0,14.266,14.291144950622302,0.1762578902446503
G02_R0148,G02,test,25,50,0.001,0.8,0.1,0.1,4.0,12.431,12.45669997916668,0.206741043895756
G02_R0149,G02,train,25,50,0.001,0.8,0.2,0.1,4.0,13.293,13.297782925099227,0.0359807801040376
G02_R0150,G02,train,25,50,0.001,0.8,0.3,0.1,4.0,14.279,14.288953428796916,0.0697067637573878
G02_R0151,G02,train,25,50,0.001,0.75,0.1,0.1,4.0,12.439,12.45415150744047,0.1218064751223535
G02_R0152,G02,train,25,50,0.001,0.75,0.2,0.1,4.0,13.304,13.31002340873019,0.0452751708523002
G02_R0153,G02,train,25,50,0.001,0.75,0.3,0.1,4.0,14.292,14.300354641369031,0.0584567686050461
G02_R0154,G02,train,25,50,0.001,0.7,0.1,0.1,4.0,12.447,12.466736808035709,0.1585667874645107
G02_R0155,G02,train,25,50,0.001,0.7,0.2,0.1,4.0,13.316,13.323212350694469,0.0541630421633232
G02_R0156,G02,train,25,50,0.001,0.7,0.3,0.1,4.0,14.306,14.323543606150803,0.1226311068838535
G02_R0157,G02,train,25,50,0.0001,0.85,0.1,0.1,4.0,12.864,12.872998667658749,0.0699523294367702
G02_R0158,G02,train,25,50,0.0001,0.85,0.2,0.1,4.0,13.829,13.844507865079391,0.1121401770149143
G02_R0159,G02,train,25,50,0.0001,0.85,0.3,0.1,4.0,15.031,15.043213732593804,0.0812569529226493
G02_R0160,G02,train,25,50,0.0001,0.8,0.1,0.1,4.0,12.868,12.873045036706351,0.0392060670372304
G02_R0161,G02,train,25,50,0.0001,0.8,0.2,0.1,4.0,13.834,13.85522627926588,0.1534355881587405
G02_R0162,G02,train,25,50,0.0001,0.8,0.3,0.1,4.0,15.037,15.045970973665217,0.0596593314172636
G02_R0163,G02,train,25,50,0.0001,0.75,0.1,0.1,4.0,12.872,12.874007301587303,0.0155943255694798
G02_R0164,G02,test,25,50,0.0001,0.75,0.2,0.1,4.0,13.839,13.865862639880948,0.1941082439551103
G02_R0165,G02,train,25,50,0.0001,0.75,0.3,0.1,4.0,15.044,15.057047002931116,0.0867256243759316
G02_R0166,G02,train,25,50,0.0001,0.7,0.1,0.1,4.0,12.877,12.875831388392832,-0.0090751852696148
G02_R0167,G02,train,25,50,0.0001,0.7,0.2,0.1,4.0,13.845,13.867183615079362,0.1602283501579034
G02_R0168,G02,train,25,50,0.0001,0.7,0.3,0.1,4.0,15.051,15.057733897276348,0.0447405307045909
G02_R0169,G02,train,25,50,1e-05,0.85,0.1,0.1,4.0,12.982,12.985929791847068,0.03027108186003
G02_R0170,G02,test,25,50,1e-05,0.85,0.2,0.1,4.0,13.983,13.988148628225936,0.0368206266604836
G02_R0171,G02,train,25,50,1e-05,0.85,0.3,0.1,4.0,15.24,15.247357680059492,0.0482787405478484
G02_R0172,G02,train,25,50,1e-05,0.8,0.1,0.1,4.0,12.984,12.987800264565326,0.0292688275209959
G02_R0173,G02,train,25,50,1e-05,0.8,0.2,0.1,4.0,13.984,13.987865586559272,0.027642924479917
G02_R0174,G02,train,25,50,1e-05,0.8,0.3,0.1,4.0,15.243,15.24745696676588,0.0292394329586099
G02_R0175,G02,train,25,50,1e-05,0.75,0.1,0.1,4.0,12.985,12.989416557720087,0.0340127664234858
G02_R0176,G02,train,25,50,1e-05,0.75,0.2,0.1,4.0,13.986,13.987585305173964,0.011334943328791
G02_R0177,G02,test,25,50,1e-05,0.75,0.3,0.1,4.0,15.245,15.250019867559558,0.032927960377561
G02_R0178,G02,test,25,50,1e-05,0.7,0.1,0.1,4.0,12.987,12.988290008116916,0.0099330724333259
G02_R0179,G02,train,25,50,1e-05,0.7,0.2,0.1,4.0,13.988,13.98781347184063,-0.0013334869843423
G02_R0180,G02,train,25,50,1e-05,0.7,0.3,0.1,4.0,15.247,15.249847855654751,0.0186781376976016
G02_R0181,G02,train,25,50,1e-06,0.85,0.1,0.1,4.0,13.019,13.021168247519944,0.0166544859047805
G02_R0182,G02,test,25,50,1e-06,0.85,0.2,0.1,4.0,14.03,14.03298259145022,0.0212586703508304
G02_R0183,G02,train,25,50,1e-06,0.85,0.3,0.1,4.0,15.302,15.3087721741071,0.0442567906620054
G02_R0184,G02,train,25,50,1e-06,0.8,0.1,0.1,4.0,13.02,13.021623113591382,0.0124663102256682
G02_R0185,G02,train,25,50,1e-06,0.8,0.2,0.1,4.0,14.03,14.03250222835498,0.0178348421595092
G02_R0186,G02,train,25,50,1e-06,0.8,0.3,0.1,4.0,15.303,15.30723088095234,0.0276473956239962
G02_R0187,G02,train,25,50,1e-06,0.75,0.1,0.1,4.0,13.02,13.021962291170764,0.0150713607585609
G02_R0188,G02,train,25,50,1e-06,0.75,0.2,0.1,4.0,14.03,14.032255287878796,0.0160747532344707
G02_R0189,G02,train,25,50,1e-06,0.75,0.3,0.1,4.0,15.303,15.306048516369028,0.0199210375026285
G02_R0190,G02,train,25,50,1e-06,0.7,0.1,0.1,4.0,13.02,13.022394606646944,0.0183917561209286
G02_R0191,G02,train,25,50,1e-06,0.7,0.2,0.1,4.0,14.031,14.032399725378792,0.0099759488189791
G02_R0192,G02,train,25,50,1e-06,0.7,0.3,0.1,4.0,15.304,15.306527385416638,0.016514541405109
G02_R0193,G02,test,100,3,0.001,0.85,0.1,0.1,4.0,8.4847,8.514780868371245,0.35453072437735
G02_R0194,G02,train,100,3,0.001,0.85,0.2,0.1,4.0,9.1259,9.161299832589291,0.3879051117072474
G02_R0195,G02,train,100,3,0.001,0.85,0.3,0.1,4.0,9.895,9.909407969534596,0.1456085854936522
G02_R0196,G02,train,100,3,0.001,0.8,0.1,0.1,4.0,8.4923,8.515185318371245,0.2694831597004877
G02_R0197,G02,test,100,3,0.001,0.8,0.2,0.1,4.0,9.1361,9.161086055654769,0.2734871077896266
G02_R0198,G02,train,100,3,0.001,0.8,0.3,0.1,4.0,9.9078,9.912878093344132,0.051253490624896
G02_R0199,G02,train,100,3,0.001,0.75,0.1,0.1,4.0,8.5002,8.521248386625214,0.2476222515377758
G02_R0200,G02,train,100,3,0.001,0.75,0.2,0.1,4.0,9.147,9.162968524404766,0.1745766306413667
G02_R0201,G02,train,100,3,0.001,0.75,0.3,0.1,4.0,9.9215,9.9226567157242,0.0116586778632247
G02_R0202,G02,test,100,3,0.001,0.7,0.1,0.1,4.0,8.5088,8.525723634541874,0.1988956673311572
G02_R0203,G02,train,100,3,0.001,0.7,0.2,0.1,4.0,9.1585,9.175202783432534,0.1823746621448218
G02_R0204,G02,train,100,3,0.001,0.7,0.3,0.1,4.0,9.9361,9.924963185146094,-0.11208436764833
G02_R0205,G02,train,100,3,0.0001,0.85,0.1,0.1,4.0,8.7655,8.775703367658727,0.1164037152327557
G02_R0206,G02,train,100,3,0.0001,0.85,0.2,0.1,4.0,9.4768,9.493993898444304,0.1814314794477328
G02_R0207,G02,train,100,3,0.0001,0.85,0.3,0.1,4.0,10.405,10.420458720238098,0.1485701128121012
G02_R0208,G02,train,100,3,0.0001,0.8,0.1,0.1,4.0,8.7688,8.775117130902776,0.0720409965192028
G02_R0209,G02,train,100,3,0.0001,0.8,0.2,0.1,4.0,9.4812,9.494164698444305,0.1367411134065675
G02_R0210,G02,test,100,3,0.0001,0.8,0.3,0.1,4.0,10.411,10.42104335416668,0.0964686789614788
G02_R0211,G02,train,100,3,0.0001,0.75,0.1,0.1,4.0,8.7721,8.77656689370041,0.0509216003056329
G02_R0212,G02,train,100,3,0.0001,0.75,0.2,0.1,4.0,9.4859,9.490747841003794,0.0511057570055835
G02_R0213,G02,train,100,3,0.0001,0.75,0.3,0.1,4.0,10.417,10.4227899419643,0.0555816642440278
G02_R0214,G02,train,100,3,0.0001,0.7,0.1,0.1,4.0,8.7757,8.778100940426604,0.0273589619814246
G02_R0215,G02,train,100,3,0.0001,0.7,0.2,0.1,4.0,9.4908,9.491025259158556,0.0023734475339753
G02_R0216,G02,train,100,3,0.0001,0.7,0.3,0.1,4.0,10.423,10.423855938988108,0.0082120213768416
G02_R0217,G02,train,100,3,1e-05,0.85,0.1,0.1,4.0,8.8437,8.848899233193535,0.0587902483523285
G02_R0218,G02,train,100,3,1e-05,0.85,0.2,0.1,4.0,9.5725,9.581711307390892,0.0962267682516785
G02_R0219,G02,train,100,3,1e-05,0.85,0.3,0.1,4.0,10.539,10.547579173881669,0.0814040599835601
G02_R0220,G02,train,100,3,1e-05,0.8,0.1,0.1,4.0,8.8448,8.84886637902687,0.0459747990556059
G02_R0221,G02,train,100,3,1e-05,0.8,0.2,0.1,4.0,9.574,9.581516617361132,0.0785107307408985
G02_R0222,G02,train,100,3,1e-05,0.8,0.3,0.1,4.0,10.541,10.547599196203096,0.0626050299126839
G02_R0223,G02,train,100,3,1e-05,0.75,0.1,0.1,4.0,8.8459,8.8506881623602,0.0541286060231239
G02_R0224,G02,train,100,3,1e-05,0.75,0.2,0.1,4.0,9.5756,9.58281802480161,0.0753793475250595
G02_R0225,G02,train,100,3,1e-05,0.75,0.3,0.1,4.0,10.544,10.54853115900073,0.0429738144985687
G02_R0226,G02,train,100,3,1e-05,0.7,0.1,0.1,4.0,8.8471,8.851737551943536,0.052418893688744
G02_R0227,G02,test,100,3,1e-05,0.7,0.2,0.1,4.0,9.5773,9.583359207539702,0.0632663437472277
G02_R0228,G02,train,100,3,1e-05,0.7,0.3,0.1,4.0,10.546,10.549539342036448,0.033560990294414
G02_R0229,G02,test,100,3,1e-06,0.85,0.1,0.1,4.0,8.8685,8.858865719701503,-0.1086348345097329
G02_R0230,G02,train,100,3,1e-06,0.85,0.2,0.1,4.0,9.6008,9.60040452162696,-0.0041192231172216
G02_R0231,G02,train,100,3,1e-06,0.85,0.3,0.1,4.0,10.577,10.580629479121637,0.0343148257694517
G02_R0232,G02,test,100,3,1e-06,0.8,0.1,0.1,4.0,8.8687,8.858849230118173,-0.1110734367136982
G02_R0233,G02,train,100,3,1e-06,0.8,0.2,0.1,4.0,9.6012,9.600484217609102,-0.0074551346800224
G02_R0234,G02,test,100,3,1e-06,0.8,0.3,0.1,4.0,10.577,10.581069093704969,0.0384711516022364
G02_R0235,G02,train,100,3,1e-06,0.75,0.1,0.1,4.0,8.869,8.86047647386817,-0.0961047032566235
G02_R0236,G02,train,100,3,1e-06,0.75,0.2,0.1,4.0,9.6016,9.601224467906734,-0.003911140781385
G02_R0237,G02,train,100,3,1e-06,0.75,0.3,0.1,4.0,10.578,10.58175079013354,0.0354584054976456
G02_R0238,G02,train,100,3,1e-06,0.7,0.1,0.1,4.0,8.8693,8.861525863451506,-0.0876521997056665
G02_R0239,G02,train,100,3,1e-06,0.7,0.2,0.1,4.0,9.602,9.60135581493054,-0.0067088634603168
G02_R0240,G02,train,100,3,1e-06,0.7,0.3,0.1,4.0,10.578,10.581726180014488,0.0352257516967972
G02_R0241,G02,train,100,6,0.001,0.85,0.1,0.1,4.0,10.123,10.145177360218227,0.2190789313269565
G02_R0242,G02,train,100,6,0.001,0.85,0.2,0.1,4.0,10.848,10.876800020833311,0.2654869177112126
G02_R0243,G02,test,100,6,0.001,0.85,0.3,0.1,4.0,11.713,11.747089196112915,0.291037275786884
G02_R0244,G02,train,100,6,0.001,0.8,0.1,0.1,4.0,10.132,10.149844501289644,0.1761202259143768
G02_R0245,G02,train,100,6,0.001,0.8,0.2,0.1,4.0,10.859,10.877904812499985,0.1740934938759062
G02_R0246,G02,train,100,6,0.001,0.8,0.3,0.1,4.0,11.728,11.745012154942286,0.1450558913905688
G02_R0247,G02,train,100,6,0.001,0.75,0.1,0.1,4.0,10.141,10.156337881249955,0.1512462405084031
G02_R0248,G02,train,100,6,0.001,0.75,0.2,0.1,4.0,10.872,10.880471956845229,0.0779245478773654
G02_R0249,G02,train,100,6,0.001,0.75,0.3,0.1,4.0,11.743,11.752115111291497,0.0776216579365977
G02_R0250,G02,train,100,6,0.001,0.7,0.1,0.1,4.0,10.15,10.16144364017853,0.112745223433798
G02_R0251,G02,test,100,6,0.001,0.7,0.2,0.1,4.0,10.885,10.880063436011891,-0.0453519888664078
G02_R0252,G02,train,100,6,0.001,0.7,0.3,0.1,4.0,11.759,11.752994539862923,-0.0510711806877874
G02_R0253,G02,test,100,6,0.0001,0.85,0.1,0.1,4.0,10.437,10.458995160831517,0.2107421752564666
G02_R0254,G02,train,100,6,0.0001,0.85,0.2,0.1,4.0,11.235,11.257093368551605,0.1966476951633747
G02_R0255,G02,train,100,6,0.0001,0.85,0.3,0.1,4.0,12.266,12.287376510687212,0.1742745042166433
G02_R0256,G02,train,100,6,0.0001,0.8,0.1,0.1,4.0,10.44,10.460818824224376,0.1994140251377019
G02_R0257,G02,test,100,6,0.0001,0.8,0.2,0.1,4.0,11.24,11.260031398313506,0.1782152874867089
G02_R0258,G02,test,100,6,0.0001,0.8,0.3,0.1,4.0,12.272,12.292008379734826,0.1630409039669622
G02_R0259,G02,train,100,6,0.0001,0.75,0.1,0.1,4.0,10.444,10.463220291486277,0.1840318985663923
G02_R0260,G02,test,100,6,0.0001,0.75,0.2,0.1,4.0,11.245,11.261067648313508,0.1428870459182514
G02_R0261,G02,train,100,6,0.0001,0.75,0.3,0.1,4.0,12.279,12.293439866341972,0.1175980645164393
G02_R0262,G02,test,100,6,0.0001,0.7,0.1,0.1,4.0,10.448,10.462838184343417,0.1420193754155457
G02_R0263,G02,train,100,6,0.0001,0.7,0.2,0.1,4.0,11.251,11.260463404265884,0.0841116724369832
G02_R0264,G02,train,100,6,0.0001,0.7,0.3,0.1,4.0,12.286,12.295062455131651,0.0737624542703207
G02_R0265,G02,test,100,6,1e-05,0.85,0.1,0.1,4.0,10.523,10.543530367559592,0.1950999482998429
G02_R0266,G02,train,100,6,1e-05,0.85,0.2,0.1,4.0,11.339,11.345998486111144,0.0617204877956047
G02_R0267,G02,test,100,6,1e-05,0.85,0.3,0.1,4.0,12.409,12.41846039732144,0.0762381926137373
G02_R0268,G02,train,100,6,1e-05,0.8,0.1,0.1,4.0,10.524,10.543530367559592,0.1855793192663724
G02_R0269,G02,train,100,6,1e-05,0.8,0.2,0.1,4.0,11.341,11.3460252152778,0.0443101602839322
G02_R0270,G02,train,100,6,1e-05,0.8,0.3,0.1,4.0,12.411,12.4204930639881,0.076489114399317
G02_R0271,G02,test,100,6,1e-05,0.75,0.1,0.1,4.0,10.526,10.548586793154804,0.2145809723997978
G02_R0272,G02,train,100,6,1e-05,0.75,0.2,0.1,4.0,11.343,11.346504407242076,0.0308948888484176
G02_R0273,G02,train,100,6,1e-05,0.75,0.3,0.1,4.0,12.414,12.420374316964288,0.0513478086377228
G02_R0274,G02,test,100,6,1e-05,0.7,0.1,0.1,4.0,10.527,10.551440337797644,0.2321681181499413
G02_R0275,G02,train,100,6,1e-05,0.7,0.2,0.1,4.0,11.345,11.346775871527791,0.0156533409236885
G02_R0276,G02,train,100,6,1e-05,0.7,0.3,0.1,4.0,12.416,12.420595995535724,0.0370167166214829
G02_R0277,G02,test,100,6,1e-06,0.85,0.1,0.1,4.0,10.551,10.544640252480235,-0.0602762536230213
G02_R0278,G02,train,100,6,1e-06,0.85,0.2,0.1,4.0,11.37,11.368468568452403,-0.0134690549480723
G02_R0279,G02,train,100,6,1e-06,0.85,0.3,0.1,4.0,12.449,12.449942024080086,0.0075670662710715
G02_R0280,G02,train,100,6,1e-06,0.8,0.1,0.1,4.0,10.551,10.544640252480235,-0.0602762536230213
G02_R0281,G02,train,100,6,1e-06,0.8,0.2,0.1,4.0,11.371,11.36867244047621,-0.0204692597290489
G02_R0282,G02,train,100,6,1e-06,0.8,0.3,0.1,4.0,12.45,12.453427369318176,0.0275290708287255
G02_R0283,G02,train,100,6,1e-06,0.75,0.1,0.1,4.0,10.551,10.549624803075444,-0.0130338065070241
G02_R0284,G02,test,100,6,1e-06,0.75,0.2,0.1,4.0,11.371,11.36880307589287,-0.0193204125154341
G02_R0285,G02,test,100,6,1e-06,0.75,0.3,0.1,4.0,12.45,12.455288159496774,0.0424751766809243
G02_R0286,G02,train,100,6,1e-06,0.7,0.1,0.1,4.0,10.552,10.552555639384952,0.0052657257861296
G02_R0287,G02,train,100,6,1e-06,0.7,0.2,0.1,4.0,11.372,11.369012796130969,-0.0262680607547578
G02_R0288,G02,test,100,6,1e-06,0.7,0.3,0.1,4.0,12.451,12.455511326163444,0.0362326412612942
G02_R0289,G02,test,100,20,0.001,0.85,0.1,0.1,4.0,14.523,14.598805583829389,0.5219691787467287
G02_R0290,G02,test,100,20,0.001,0.85,0.2,0.1,4.0,15.484,15.55535996726192,0.4608626147114416
G02_R0291,G02,train,100,20,0.001,0.85,0.3,0.1,4.0,16.668,16.70426587161799,0.2175778234820747
G02_R0292,G02,train,100,20,0.001,0.8,0.1,0.1,4.0,14.536,14.580420580447342,0.30559012415618
G02_R0293,G02,train,100,20,0.001,0.8,0.2,0.1,4.0,15.5,15.556643133928585,0.3654395737328057
G02_R0294,G02,train,100,20,0.001,0.8,0.3,0.1,4.0,16.688,16.71969939096321,0.1899532056760051
G02_R0295,G02,train,100,20,0.001,0.75,0.1,0.1,4.0,14.549,14.58991264344338,0.2812058797400446
G02_R0296,G02,train,100,20,0.001,0.75,0.2,0.1,4.0,15.517,15.563678528273838,0.3008218616603654
G02_R0297,G02,train,100,20,0.001,0.75,0.3,0.1,4.0,16.709,16.731096166260794,0.1322411051576683
G02_R0298,G02,train,100,20,0.001,0.7,0.1,0.1,4.0,14.562,14.58479978034813,0.1565703910735484
G02_R0299,G02,train,100,20,0.001,0.7,0.2,0.1,4.0,15.535,15.561255262400833,0.1690071606104443
G02_R0300,G02,train,100,20,0.001,0.7,0.3,0.1,4.0,16.732,16.748018288284605,0.0957344506610436
G02_R0301,G02,test,100,20,0.0001,0.85,0.1,0.1,4.0,14.964,14.985280177173529,0.1422091497830009
G02_R0302,G02,train,100,20,0.0001,0.85,0.2,0.1,4.0,16.016,16.042524242965392,0.1656109076260851
G02_R0303,G02,train,100,20,0.0001,0.85,0.3,0.1,4.0,17.417,17.439216506719028,0.1275564489810305
G02_R0304,G02,train,100,20,0.0001,0.8,0.1,0.1,4.0,14.969,14.98500351050686,0.1069110194860125
G02_R0305,G02,train,100,20,0.0001,0.8,0.2,0.1,4.0,16.023,16.042606159632058,0.1223626014607642
G02_R0306,G02,train,100,20,0.0001,0.8,0.3,0.1,4.0,17.426,17.436764396599983,0.0617720452196995
G02_R0307,G02,train,100,20,0.0001,0.75,0.1,0.1,4.0,14.975,14.985417343840206,0.0695649004354352
G02_R0308,G02,test,100,20,0.0001,0.75,0.2,0.1,4.0,16.03,16.04441856588206,0.0899473854152237
G02_R0309,G02,train,100,20,0.0001,0.75,0.3,0.1,4.0,17.435,17.440575081123797,0.0319763758175955
G02_R0310,G02,train,100,20,0.0001,0.7,0.1,0.1,4.0,14.98,14.985447698006876,0.0363664753462991
G02_R0311,G02,train,100,20,0.0001,0.7,0.2,0.1,4.0,16.038,16.044369732548727,0.0397165017379153
G02_R0312,G02,train,100,20,0.0001,0.7,0.3,0.1,4.0,17.445,17.443923407016655,-0.00617135559384
G02_R0313,G02,train,100,20,1e-05,0.85,0.1,0.1,4.0,15.084,15.090834118190784,0.0453070683557607
G02_R0314,G02,train,100,20,1e-05,0.85,0.2,0.1,4.0,16.154,16.17468841617062,0.1280699280092939
G02_R0315,G02,train,100,20,1e-05,0.85,0.3,0.1,4.0,17.604,17.6174966984127,0.0766683618081222
G02_R0316,G02,train,100,20,1e-05,0.8,0.1,0.1,4.0,15.086,15.090952261047928,0.0328268662861432
G02_R0317,G02,test,100,20,1e-05,0.8,0.2,0.1,4.0,16.157,16.17674765922618,0.1222235515639044
G02_R0318,G02,train,100,20,1e-05,0.8,0.3,0.1,4.0,17.608,17.617510555555544,0.054012696249111
G02_R0319,G02,train,100,20,1e-05,0.75,0.1,0.1,4.0,15.088,15.09205690688126,0.0268883011748536
G02_R0320,G02,train,100,20,1e-05,0.75,0.2,0.1,4.0,16.159,16.176428398809513,0.1078556767715457
G02_R0321,G02,train,100,20,1e-05,0.75,0.3,0.1,4.0,17.611,17.618605387896825,0.0431854403317463
G02_R0322,G02,train,100,20,1e-05,0.7,0.1,0.1,4.0,15.09,15.0918848949765,0.0124910203876652
G02_R0323,G02,test,100,20,1e-05,0.7,0.2,0.1,4.0,16.162,16.17777257242061,0.0975904740787796
G02_R0324,G02,train,100,20,1e-05,0.7,0.3,0.1,4.0,17.615,17.618920721230158,0.0222578554082263
G02_R0325,G02,train,100,20,1e-06,0.85,0.1,0.1,4.0,15.123,15.119664838924866,-0.0220535679106892
G02_R0326,G02,train,100,20,1e-06,0.85,0.2,0.1,4.0,16.196,16.192879281249997,-0.0192684536305533
G02_R0327,G02,test,100,20,1e-06,0.85,0.3,0.1,4.0,17.655,17.657441830194042,0.0138308138999759
G02_R0328,G02,train,100,20,1e-06,0.8,0.1,0.1,4.0,15.123,15.119743532377257,-0.0215332118147369
G02_R0329,G02,train,100,20,1e-06,0.8,0.2,0.1,4.0,16.197,16.19467872371033,-0.0143315199708001
G02_R0330,G02,train,100,20,1e-06,0.8,0.3,0.1,4.0,17.656,17.65800316352737,0.0113455115958859
G02_R0331,G02,train,100,20,1e-06,0.75,0.1,0.1,4.0,15.124,15.12079110082965,-0.0212172650777002
G02_R0332,G02,train,100,20,1e-06,0.75,0.2,0.1,4.0,16.197,16.195405485615083,-0.0098445044447482
G02_R0333,G02,train,100,20,1e-06,0.75,0.3,0.1,4.0,17.657,17.65987594080911,0.01628782244497
G02_R0334,G02,train,100,20,1e-06,0.7,0.1,0.1,4.0,15.124,15.12083222434156,-0.0209453561124162
G02_R0335,G02,test,100,20,1e-06,0.7,0.2,0.1,4.0,16.198,16.196440680059517,-0.0096266202030084
G02_R0336,G02,test,100,20,1e-06,0.7,0.3,0.1,4.0,17.658,17.66015352414244,0.0121957421137134
G02_R0337,G02,train,100,50,0.001,0.85,0.1,0.1,4.0,19.509,19.608799069173884,0.511553996483077
G02_R0338,G02,train,100,50,0.001,0.85,0.2,0.1,4.0,20.997,21.055946977498262,0.2807399985629664
G02_R0339,G02,train,100,50,0.001,0.85,0.3,0.1,4.0,22.578,22.60210424900795,0.1067598946228695
G02_R0340,G02,train,100,50,0.001,0.8,0.1,0.1,4.0,19.525,19.60895568177308,0.4299906876982342
G02_R0341,G02,test,100,50,0.001,0.8,0.2,0.1,4.0,21.018,21.06958447452205,0.2454299863072052
G02_R0342,G02,train,100,50,0.001,0.8,0.3,0.1,4.0,22.606,22.613208138888933,0.031885954564854
G02_R0343,G02,train,100,50,0.001,0.75,0.1,0.1,4.0,19.543,19.61343797343975,0.3604255919753978
G02_R0344,G02,train,100,50,0.001,0.75,0.2,0.1,4.0,21.041,21.074168460633143,0.1576372826060651
G02_R0345,G02,train,100,50,0.001,0.75,0.3,0.1,4.0,22.635,22.648179261408732,0.0582251442842227
G02_R0346,G02,test,100,50,0.001,0.7,0.1,0.1,4.0,19.561,19.613205994273084,0.2668881666227909
G02_R0347,G02,train,100,50,0.001,0.7,0.2,0.1,4.0,21.065,21.084479374323617,0.0924727003257352
G02_R0348,G02,test,100,50,0.001,0.7,0.3,0.1,4.0,22.666,22.651614334325394,-0.0634680388008734
G02_R0349,G02,test,100,50,0.0001,0.85,0.1,0.1,4.0,20.099,20.128469113906966,0.1466198015173206
G02_R0350,G02,test,100,50,0.0001,0.85,0.2,0.1,4.0,21.731,21.759971615214585,0.1333192914020688
G02_R0351,G02,train,100,50,0.0001,0.85,0.3,0.1,4.0,23.595,23.6234570752615,0.120606379578299
G02_R0352,G02,train,100,50,0.0001,0.8,0.1,0.1,4.0,20.106,20.130703638708557,0.1228669984509674
G02_R0353,G02,train,100,50,0.0001,0.8,0.2,0.1,4.0,21.741,21.759877302714585,0.0868281252683209
G02_R0354,G02,train,100,50,0.0001,0.8,0.3,0.1,4.0,23.607,23.624529530122604,0.0742556450315798
G02_R0355,G02,train,100,50,0.0001,0.75,0.1,0.1,4.0,20.113,20.13242795418474,0.0965940147404275
G02_R0356,G02,train,100,50,0.0001,0.75,0.2,0.1,4.0,21.751,21.76303723971857,0.0553410864722232
G02_R0357,G02,train,100,50,0.0001,0.75,0.3,0.1,4.0,23.62,23.62983569678932,0.0416413919954137
G02_R0358,G02,train,100,50,0.0001,0.7,0.1,0.1,4.0,20.121,20.13299482918473,0.0596134843434048
G02_R0359,G02,test,100,50,0.0001,0.7,0.2,0.1,4.0,21.762,21.762945715909044,0.0043457214826017
G02_R0360,G02,train,100,50,0.0001,0.7,0.3,0.1,4.0,23.634,23.63051136345599,-0.0147610922569579
G02_R0361,G02,test,100,50,1e-05,0.85,0.1,0.1,4.0,20.259,20.27823336061505,0.0949373642087669
G02_R0362,G02,test,100,50,1e-05,0.85,0.2,0.1,4.0,21.918,21.92901230654757,0.0502432089952115
G02_R0363,G02,train,100,50,1e-05,0.85,0.3,0.1,4.0,23.848,23.865148840277765,0.0719089243448767
G02_R0364,G02,train,100,50,1e-05,0.8,0.1,0.1,4.0,20.262,20.27750121180553,0.0765038584815505
G02_R0365,G02,train,100,50,1e-05,0.8,0.2,0.1,4.0,21.922,21.92922174404757,0.032942906886111
G02_R0366,G02,train,100,50,1e-05,0.8,0.3,0.1,4.0,23.852,23.863435170634908,0.0479421878035704
G02_R0367,G02,train,100,50,1e-05,0.75,0.1,0.1,4.0,20.264,20.27524069394839,0.0554712492518313
G02_R0368,G02,train,100,50,1e-05,0.75,0.2,0.1,4.0,21.925,21.929692549107106,0.0214027325295392
G02_R0369,G02,train,100,50,1e-05,0.75,0.3,0.1,4.0,23.857,23.864689691468264,0.032232432695917
G02_R0370,G02,train,100,50,1e-05,0.7,0.1,0.1,4.0,20.267,20.27606736061506,0.0447395303451893
G02_R0371,G02,train,100,50,1e-05,0.7,0.2,0.1,4.0,21.928,21.92973635565472,0.0079184405997855
G02_R0372,G02,train,100,50,1e-05,0.7,0.3,0.1,4.0,23.862,23.864638575396835,0.0110576456157781
G02_R0373,G02,train,100,50,1e-06,0.85,0.1,0.1,4.0,20.31,20.304674065972147,-0.0262232103783925
G02_R0374,G02,train,100,50,1e-06,0.85,0.2,0.1,4.0,21.976,21.978720473214445,0.0123792920205927
G02_R0375,G02,train,100,50,1e-06,0.85,0.3,0.1,4.0,23.919,23.914168895833345,-0.0201977681619577
G02_R0376,G02,train,100,50,1e-06,0.8,0.1,0.1,4.0,20.311,20.304420503472148,-0.0323937596762939
G02_R0377,G02,train,100,50,1e-06,0.8,0.2,0.1,4.0,21.977,21.978720473214445,0.0078285171517688
G02_R0378,G02,train,100,50,1e-06,0.8,0.3,0.1,4.0,23.92,23.913734505952387,-0.0261935369883542
G02_R0379,G02,train,100,50,1e-06,0.75,0.1,0.1,4.0,20.311,20.302850048115005,-0.0401258031854425
G02_R0380,G02,train,100,50,1e-06,0.75,0.2,0.1,4.0,21.977,21.97948966517873,0.0113285033386209
G02_R0381,G02,train,100,50,1e-06,0.75,0.3,0.1,4.0,23.922,23.915367665178614,-0.0277248341333618
G02_R0382,G02,test,100,50,1e-06,0.7,0.1,0.1,4.0,20.312,20.30289317311501,-0.0448347129036786
G02_R0383,G02,train,100,50,1e-06,0.7,0.2,0.1,4.0,21.978,21.979855281746183,0.0084415403866639
G02_R0384,G02,train,100,50,1e-06,0.7,0.3,0.1,4.0,23.923,23.91594927976196,-0.0294725587846056
G02_R0385,G02,train,250,3,0.001,0.85,0.1,0.1,4.0,10.903,10.948956924603149,0.4215071503544563
G02_R0386,G02,train,250,3,0.001,0.85,0.2,0.1,4.0,11.703,11.75169570138885,0.4160958847205962
G02_R0387,G02,train,250,3,0.001,0.85,0.3,0.1,4.0,12.688,12.727324494092738,0.3099345373008912
G02_R0388,G02,train,250,3,0.001,0.8,0.1,0.1,4.0,10.914,10.944504395833302,0.2794978544374443
G02_R0389,G02,train,250,3,0.001,0.8,0.2,0.1,4.0,11.718,11.751747216269806,0.2879946771616793
G02_R0390,G02,train,250,3,0.001,0.8,0.3,0.1,4.0,12.707,12.72805298516417,0.1656802169211448
G02_R0391,G02,train,250,3,0.001,0.75,0.1,0.1,4.0,10.926,10.956948029761875,0.2832512334054268
G02_R0392,G02,train,250,3,0.001,0.75,0.2,0.1,4.0,11.733,11.764514666666637,0.2685985397309672
G02_R0393,G02,train,250,3,0.001,0.75,0.3,0.1,4.0,12.727,12.737818472763356,0.0850041075143728
G02_R0394,G02,test,250,3,0.001,0.7,0.1,0.1,4.0,10.938,10.956703970238069,0.1709999107521304
G02_R0395,G02,test,250,3,0.001,0.7,0.2,0.1,4.0,11.749,11.765337541666636,0.1390547422472988
G02_R0396,G02,train,250,3,0.001,0.7,0.3,0.1,4.0,12.747,12.7414309281205,-0.0436892749627438
G02_R0397,G02,test,250,3,0.0001,0.85,0.1,0.1,4.0,11.15,11.205320577380936,0.4961486760621902
G02_R0398,G02,train,250,3,0.0001,0.85,0.2,0.1,4.0,11.982,11.9930915580357,0.0925685030520915
G02_R0399,G02,train,250,3,0.0001,0.85,0.3,0.1,4.0,13.106,13.124898520833328,0.1441974731674694
G02_R0400,G02,train,250,3,0.0001,0.8,0.1,0.1,4.0,11.155,11.203462005952368,0.434442007641131
G02_R0401,G02,train,250,3,0.0001,0.8,0.2,0.1,4.0,11.989,11.99353394494046,0.0378175405827045
G02_R0402,G02,train,250,3,0.0001,0.8,0.3,0.1,4.0,13.115,13.124627052083332,0.0734048957936199
G02_R0403,G02,test,250,3,0.0001,0.75,0.1,0.1,4.0,11.159,11.210567638392838,0.4621170211742774
G02_R0404,G02,train,250,3,0.0001,0.75,0.2,0.1,4.0,11.996,11.99588907390871,-0.0009246923248595
G02_R0405,G02,train,250,3,0.0001,0.75,0.3,0.1,4.0,13.123,13.128076424107162,0.0386834116220573
G02_R0406,G02,test,250,3,0.0001,0.7,0.1,0.1,4.0,11.164,11.21032357886903,0.4149371091815672
G02_R0407,G02,train,250,3,0.0001,0.7,0.2,0.1,4.0,12.004,11.996234678075371,-0.0646894528876067
G02_R0408,G02,train,250,3,0.0001,0.7,0.3,0.1,4.0,13.133,13.12804866517859,-0.0377014758349947
G02_R0409,G02,train,250,3,1e-05,0.85,0.1,0.1,4.0,11.214,11.206428453869032,-0.0675186920899629
G02_R0410,G02,train,250,3,1e-05,0.85,0.2,0.1,4.0,12.017,12.017236028273842,0.0019641197790043
G02_R0411,G02,train,250,3,1e-05,0.85,0.3,0.1,4.0,13.169,13.165919222222168,-0.0233941664350528
G02_R0412,G02,train,250,3,1e-05,0.8,0.1,0.1,4.0,11.216,11.20469467410713,-0.10079641487937
G02_R0413,G02,train,250,3,1e-05,0.8,0.2,0.1,4.0,12.02,12.018433760416714,-0.0130302793950513
G02_R0414,G02,test,250,3,1e-05,0.8,0.3,0.1,4.0,13.173,13.166082045138856,-0.0525161683833801
G02_R0415,G02,train,250,3,1e-05,0.75,0.1,0.1,4.0,11.217,11.211238208333317,-0.0513666012898626
G02_R0416,G02,test,250,3,1e-05,0.75,0.2,0.1,4.0,12.023,12.019612967261953,-0.0281712778678114
G02_R0417,G02,train,250,3,1e-05,0.75,0.3,0.1,4.0,13.177,13.167710246031726,-0.0704997645008232
G02_R0418,G02,train,250,3,1e-05,0.7,0.1,0.1,4.0,11.219,11.211046708333315,-0.0708912707610681
G02_R0419,G02,train,250,3,1e-05,0.7,0.2,0.1,4.0,12.027,12.021270559027796,-0.0476381555849612
G02_R0420,G02,test,250,3,1e-05,0.7,0.3,0.1,4.0,13.182,13.167682487103155,-0.1086141169537636
G02_R0421,G02,train,250,3,1e-06,0.85,0.1,0.1,4.0,11.237,11.229835742739889,-0.0637559603106982
G02_R0422,G02,train,250,3,1e-06,0.85,0.2,0.1,4.0,12.019,12.017749029761935,-0.0104082722195105
G02_R0423,G02,train,250,3,1e-06,0.85,0.3,0.1,4.0,13.167,13.16637734275788,-0.0047289226256564
G02_R0424,G02,train,250,3,1e-06,0.8,0.1,0.1,4.0,11.237,11.228141546311315,-0.0788329063689872
G02_R0425,G02,test,250,3,1e-06,0.8,0.2,0.1,4.0,12.019,12.018806928571475,-0.0016063851279204
G02_R0426,G02,train,250,3,1e-06,0.8,0.3,0.1,4.0,13.168,13.166527457341235,-0.011182735865447
G02_R0427,G02,train,250,3,1e-06,0.75,0.1,0.1,4.0,11.237,11.230378812680362,-0.0589230872976596
G02_R0428,G02,train,250,3,1e-06,0.75,0.2,0.1,4.0,12.02,12.02017071875005,0.0014202891019165
G02_R0429,G02,test,250,3,1e-06,0.75,0.3,0.1,4.0,13.17,13.168171533234108,-0.0138835745322187
G02_R0430,G02,test,250,3,1e-06,0.7,0.1,0.1,4.0,11.238,11.230187312680364,-0.0695202644566235
G02_R0431,G02,train,250,3,1e-06,0.7,0.2,0.1,4.0,12.022,12.02174603968256,-0.0021124631296
G02_R0432,G02,train,250,3,1e-06,0.7,0.3,0.1,4.0,13.172,13.168193253472204,-0.0289002924976988
G02_R0433,G02,test,250,6,0.001,0.85,0.1,0.1,4.0,13.385,13.47012025054462,0.6359376208040445
G02_R0434,G02,train,250,6,0.001,0.85,0.2,0.1,4.0,14.357,14.439958578237734,0.5778266924687238
G02_R0435,G02,train,250,6,0.001,0.85,0.3,0.1,4.0,15.538,15.602172777326857,0.413005388897249
G02_R0436,G02,train,250,6,0.001,0.8,0.1,0.1,4.0,13.399,13.470518089830335,0.5337569208921414
G02_R0437,G02,test,250,6,0.001,0.8,0.2,0.1,4.0,14.375,14.448321990440125,0.510066020453028
G02_R0438,G02,train,250,6,0.001,0.8,0.3,0.1,4.0,15.56,15.603339640422073,0.2785323934580366
G02_R0439,G02,train,250,6,0.001,0.75,0.1,0.1,4.0,13.413,13.470147066020822,0.4260573027720966
G02_R0440,G02,train,250,6,0.001,0.75,0.2,0.1,4.0,14.393,14.447845011273458,0.3810533681196212
G02_R0441,G02,train,250,6,0.001,0.75,0.3,0.1,4.0,15.584,15.61511348714824,0.1996501998731999
G02_R0442,G02,test,250,6,0.001,0.7,0.1,0.1,4.0,13.429,13.470413420187487,0.3083879677376346
G02_R0443,G02,test,250,6,0.001,0.7,0.2,0.1,4.0,14.412,14.448329052940124,0.252075027339175
G02_R0444,G02,train,250,6,0.001,0.7,0.3,0.1,4.0,15.608,15.61351899012444,0.0353600084856463
G02_R0445,G02,test,250,6,0.0001,0.85,0.1,0.1,4.0,13.68,13.714950934523792,0.2554892874546194
G02_R0446,G02,train,250,6,0.0001,0.85,0.2,0.1,4.0,14.683,14.694366350198427,0.0774116338515911
G02_R0447,G02,train,250,6,0.0001,0.85,0.3,0.1,4.0,16.027,16.05263629130592,0.1599568934043707
G02_R0448,G02,train,250,6,0.0001,0.8,0.1,0.1,4.0,13.685,13.714851577380934,0.2181335577707938
G02_R0449,G02,train,250,6,0.0001,0.8,0.2,0.1,4.0,14.691,14.69790596626986,0.04700814287564
G02_R0450,G02,train,250,6,0.0001,0.8,0.3,0.1,4.0,16.037,16.053874653409093,0.1052232550295788
G02_R0451,G02,train,250,6,0.0001,0.75,0.1,0.1,4.0,13.69,13.717348226190472,0.1997679049705807
G02_R0452,G02,train,250,6,0.0001,0.75,0.2,0.1,4.0,14.7,14.698381573412725,-0.0110097046753368
G02_R0453,G02,test,250,6,0.0001,0.75,0.3,0.1,4.0,16.048,16.055064260551955,0.0440195697405074
G02_R0454,G02,test,250,6,0.0001,0.7,0.1,0.1,4.0,13.696,13.717666757440472,0.1581977032744797
G02_R0455,G02,test,250,6,0.0001,0.7,0.2,0.1,4.0,14.709,14.699418555555583,-0.0651400125393719
G02_R0456,G02,train,250,6,0.0001,0.7,0.3,0.1,4.0,16.059,16.054406849837665,-0.0286017196733031
G02_R0457,G02,train,250,6,1e-05,0.85,0.1,0.1,4.0,13.754,13.75170331894837,-0.0166982772402844
G02_R0458,G02,train,250,6,1e-05,0.85,0.2,0.1,4.0,14.719,14.71424508779764,-0.0323045872841906
G02_R0459,G02,train,250,6,1e-05,0.85,0.3,0.1,4.0,16.095,16.091772401289706,-0.0200534247299954
G02_R0460,G02,train,250,6,1e-05,0.8,0.1,0.1,4.0,13.756,13.75171612847218,-0.0311418401266465
G02_R0461,G02,test,250,6,1e-05,0.8,0.2,0.1,4.0,14.722,14.717010456845262,-0.0338917480963002
G02_R0462,G02,train,250,6,1e-05,0.8,0.3,0.1,4.0,16.1,16.093331471726206,-0.041419430272023
G02_R0463,G02,train,250,6,1e-05,0.75,0.1,0.1,4.0,13.758,13.752537932043628,-0.039701031809644
G02_R0464,G02,test,250,6,1e-05,0.75,0.2,0.1,4.0,14.726,14.719857157738131,-0.0417142622699164
G02_R0465,G02,train,250,6,1e-05,0.75,0.3,0.1,4.0,16.105,16.0949501666667,-0.0624019455653613
G02_R0466,G02,train,250,6,1e-05,0.7,0.1,0.1,4.0,13.76,13.753094504960297,-0.0501852837187859
G02_R0467,G02,train,250,6,1e-05,0.7,0.2,0.1,4.0,14.73,14.722113131944484,-0.05354289243392
G02_R0468,G02,test,250,6,1e-05,0.7,0.3,0.1,4.0,16.111,16.09429275595241,-0.1037008506460882
G02_R0469,G02,train,250,6,1e-06,0.85,0.1,0.1,4.0,13.781,13.775037128472144,-0.0432687869374961
G02_R0470,G02,train,250,6,1e-06,0.85,0.2,0.1,4.0,14.712,14.714747659226202,0.0186763133918019
G02_R0471,G02,train,250,6,1e-06,0.85,0.3,0.1,4.0,16.089,16.089939356150843,0.0058384992904755
G02_R0472,G02,train,250,6,1e-06,0.8,0.1,0.1,4.0,13.782,13.77482847966262,-0.0520354109518204
G02_R0473,G02,train,250,6,1e-06,0.8,0.2,0.1,4.0,14.713,14.71702886160716,0.0273830055540042
G02_R0474,G02,train,250,6,1e-06,0.8,0.3,0.1,4.0,16.091,16.091425718254012,0.0026456917159333
G02_R0475,G02,test,250,6,1e-06,0.75,0.1,0.1,4.0,13.782,13.774423208829294,-0.0549759916609061
G02_R0476,G02,train,250,6,1e-06,0.75,0.2,0.1,4.0,14.72,14.720158875000031,0.0010793138589151
G02_R0477,G02,test,250,6,1e-06,0.75,0.3,0.1,4.0,16.093,16.092885536210378,-0.0007112644604596
G02_R0478,G02,train,250,6,1e-06,0.7,0.1,0.1,4.0,13.782,13.774901865079295,-0.0515029380402327
G02_R0479,G02,train,250,6,1e-06,0.7,0.2,0.1,4.0,14.722,14.722438724206386,0.0029800584593557
G02_R0480,G02,train,250,6,1e-06,0.7,0.3,0.1,4.0,16.095,16.092287500496084,-0.0168530568742746
G02_R0481,G02,train,250,20,0.001,0.85,0.1,0.1,4.0,19.763,19.838147775793644,0.3802447796065479
G02_R0482,G02,train,250,20,0.001,0.85,0.2,0.1,4.0,21.249,21.32649992104075,0.3647226741999659
G02_R0483,G02,train,250,20,0.001,0.85,0.3,0.1,4.0,22.973,23.09896761038958,0.5483289530735208
G02_R0484,G02,train,250,20,0.001,0.8,0.1,0.1,4.0,19.784,19.838523945436503,0.2755961657728662
G02_R0485,G02,train,250,20,0.001,0.8,0.2,0.1,4.0,21.276,21.3308764984217,0.2579267645313909
G02_R0486,G02,test,250,20,0.001,0.8,0.3,0.1,4.0,23.007,23.097711041937192,0.3942758375154969
G02_R0487,G02,train,250,20,0.001,0.75,0.1,0.1,4.0,19.806,19.847936343208872,0.2117355508879675
G02_R0488,G02,test,250,20,0.001,0.75,0.2,0.1,4.0,21.303,21.339852379374094,0.1729915006059836
G02_R0489,G02,train,250,20,0.001,0.75,0.3,0.1,4.0,23.042,23.097557952651464,0.2411160170621561
G02_R0490,G02,train,250,20,0.001,0.7,0.1,0.1,4.0,19.83,19.848017829816012,0.0908614715885889
G02_R0491,G02,train,250,20,0.001,0.7,0.2,0.1,4.0,21.333,21.338763939980154,0.0270188908271499
G02_R0492,G02,train,250,20,0.001,0.7,0.3,0.1,4.0,23.079,23.10614425423877,0.1176145163948778
G02_R0493,G02,test,250,20,0.0001,0.85,0.1,0.1,4.0,20.206,20.24152508531749,0.1758145368578397
G02_R0494,G02,test,250,20,0.0001,0.85,0.2,0.1,4.0,21.745,21.78476115624997,0.1828519487237219
G02_R0495,G02,train,250,20,0.0001,0.85,0.3,0.1,4.0,23.774,23.811420960813532,0.1574028805145727
G02_R0496,G02,train,250,20,0.0001,0.8,0.1,0.1,4.0,20.214,20.241850939484166,0.1377804466417716
G02_R0497,G02,test,250,20,0.0001,0.8,0.2,0.1,4.0,21.758,21.786979843749968,0.1331916708795344
G02_R0498,G02,train,250,20,0.0001,0.8,0.3,0.1,4.0,23.79,23.814601014384948,0.1034090558425762
G02_R0499,G02,train,250,20,0.0001,0.75,0.1,0.1,4.0,20.223,20.240253115079405,0.0853143207209897
G02_R0500,G02,train,250,20,0.0001,0.75,0.2,0.1,4.0,21.771,21.785419116071417,0.0662308395177794
G02_R0501,G02,test,250,20,0.0001,0.75,0.3,0.1,4.0,23.806,23.81652513690477,0.0442121183935472
G02_R0502,G02,train,250,20,0.0001,0.7,0.1,0.1,4.0,20.232,20.24021622668655,0.0406100567741673
G02_R0503,G02,test,250,20,0.0001,0.7,0.2,0.1,4.0,21.785,21.78440001785712,-0.0027541066921283
G02_R0504,G02,train,250,20,0.0001,0.7,0.3,0.1,4.0,23.822,23.81607592857144,-0.024868069131739
G02_R0505,G02,train,250,20,1e-05,0.85,0.1,0.1,4.0,20.313,20.313481132593168,0.002368594462507
G02_R0506,G02,train,250,20,1e-05,0.85,0.2,0.1,4.0,21.791,21.784741718749974,-0.0287195688588256
G02_R0507,G02,train,250,20,1e-05,0.85,0.3,0.1,4.0,23.872,23.871133537698437,-0.0036296175501263
G02_R0508,G02,train,250,20,1e-05,0.8,0.1,0.1,4.0,20.315,20.314467870688407,-0.0026193911473988
G02_R0509,G02,train,250,20,1e-05,0.8,0.2,0.1,4.0,21.797,21.786960406249964,-0.0460595208057833
G02_R0510,G02,train,250,20,1e-05,0.8,0.3,0.1,4.0,23.88,23.87468126686508,-0.0222727518212611
G02_R0511,G02,train,250,20,1e-05,0.75,0.1,0.1,4.0,20.318,20.312739184676506,-0.025892387653783
G02_R0512,G02,train,250,20,1e-05,0.75,0.2,0.1,4.0,21.803,21.78542776190475,-0.0805955056425787
G02_R0513,G02,train,250,20,1e-05,0.75,0.3,0.1,4.0,23.888,23.879747672123003,-0.0345459137516704
G02_R0514,G02,test,250,20,1e-05,0.7,0.1,0.1,4.0,20.321,20.312449101343173,-0.0420791233543062
G02_R0515,G02,train,250,20,1e-05,0.7,0.2,0.1,4.0,21.81,21.784408663690453,-0.1173376263619711
G02_R0516,G02,train,250,20,1e-05,0.7,0.3,0.1,4.0,23.897,23.87948788045633,-0.0732816652452918
G02_R0517,G02,train,250,20,1e-06,0.85,0.1,0.1,4.0,20.349,20.34105374572656,-0.039049851459228
G02_R0518,G02,train,250,20,1e-06,0.85,0.2,0.1,4.0,21.699,21.72451021825392,0.1175640271621752
G02_R0519,G02,train,250,20,1e-06,0.85,0.3,0.1,4.0,23.859,23.861987468254007,0.0125213473071185
G02_R0520,G02,train,250,20,1e-06,0.8,0.1,0.1,4.0,20.35,20.3420404838218,-0.0391131016127775
G02_R0521,G02,test,250,20,1e-06,0.8,0.2,0.1,4.0,21.701,21.72672890575392,0.1185609223257702
G02_R0522,G02,train,250,20,1e-06,0.8,0.3,0.1,4.0,23.862,23.86525978373018,0.0136609828605434
G02_R0523,G02,train,250,20,1e-06,0.75,0.1,0.1,4.0,20.35,20.341444151976567,-0.0420434792306339
G02_R0524,G02,train,250,20,1e-06,0.75,0.2,0.1,4.0,21.702,21.72509043998012,0.1063977512677159
G02_R0525,G02,train,250,20,1e-06,0.75,0.3,0.1,4.0,23.865,23.869112736607157,0.017233340067693
G02_R0526,G02,train,250,20,1e-06,0.7,0.1,0.1,4.0,20.351,20.34111125614324,-0.0485909481438896
G02_R0527,G02,train,250,20,1e-06,0.7,0.2,0.1,4.0,21.705,21.72418084176583,0.0883706139867809
G02_R0528,G02,test,250,20,1e-06,0.7,0.3,0.1,4.0,23.869,23.86905684077381,0.0002381363853057
G02_R0529,G02,train,250,50,0.001,0.85,0.1,0.1,4.0,27.239,27.327970937500048,0.326630704137623
G02_R0530,G02,train,250,50,0.001,0.85,0.2,0.1,4.0,29.396,29.47106090922612,0.2553439557290813
G02_R0531,G02,train,250,50,0.001,0.85,0.3,0.1,4.0,31.817,31.92485601140876,0.3389886268622326
G02_R0532,G02,train,250,50,0.001,0.8,0.1,0.1,4.0,27.269,27.328151554563547,0.2169186789524691
G02_R0533,G02,train,250,50,0.001,0.8,0.2,0.1,4.0,29.431,29.47417158482136,0.1466874547971816
G02_R0534,G02,train,250,50,0.001,0.8,0.3,0.1,4.0,31.865,31.92613866319448,0.1918677646147306
G02_R0535,G02,train,250,50,0.001,0.75,0.1,0.1,4.0,27.3,27.339354801587355,0.1441567823712606
G02_R0536,G02,train,250,50,0.001,0.75,0.2,0.1,4.0,29.468,29.48903923065471,0.07139687340407
G02_R0537,G02,train,250,50,0.001,0.75,0.3,0.1,4.0,31.915,31.9578380352183,0.1342253962660163
G02_R0538,G02,train,250,50,0.001,0.7,0.1,0.1,4.0,27.333,27.343090343254023,0.0369163401530304
G02_R0539,G02,train,250,50,0.001,0.7,0.2,0.1,4.0,29.508,29.489941876488043,-0.0611973821063986
G02_R0540,G02,train,250,50,0.001,0.7,0.3,0.1,4.0,31.966,31.969266201884967,0.0102177372363311
G02_R0541,G02,train,250,50,0.0001,0.85,0.1,0.1,4.0,27.88,27.90850793353173,0.1022522723519901
G02_R0542,G02,test,250,50,0.0001,0.85,0.2,0.1,4.0,30.123,30.16449199219881,0.137741898877294
G02_R0543,G02,train,250,50,0.0001,0.85,0.3,0.1,4.0,32.954,32.99252666865077,0.1169104468373117
G02_R0544,G02,train,250,50,0.0001,0.8,0.1,0.1,4.0,27.891,27.910161359126977,0.0687008681186735
G02_R0545,G02,train,250,50,0.0001,0.8,0.2,0.1,4.0,30.141,30.16811079279405,0.0899465604792399
G02_R0546,G02,train,250,50,0.0001,0.8,0.3,0.1,4.0,32.975,32.994509100198385,0.0591633061361153
G02_R0547,G02,train,250,50,0.0001,0.75,0.1,0.1,4.0,27.902,27.91379044543648,0.0422566319134052
G02_R0548,G02,test,250,50,0.0001,0.75,0.2,0.1,4.0,30.16,30.171962587932963,0.0396637530933794
G02_R0549,G02,train,250,50,0.0001,0.75,0.3,0.1,4.0,32.998,33.00271913144845,0.0143012650719849
G02_R0550,G02,train,250,50,0.0001,0.7,0.1,0.1,4.0,27.915,27.91304768353172,-0.0069937899633768
G02_R0551,G02,train,250,50,0.0001,0.7,0.2,0.1,4.0,30.18,30.1737300165044,-0.0207752932259868
G02_R0552,G02,train,250,50,0.0001,0.7,0.3,0.1,4.0,33.021,33.00334577728179,-0.0534636222955511
G02_R0553,G02,train,250,50,1e-05,0.85,0.1,0.1,4.0,28.023,28.02799500744041,0.0178246705934773
G02_R0554,G02,train,250,50,1e-05,0.85,0.2,0.1,4.0,30.182,30.175344382846298,-0.0220516107405105
G02_R0555,G02,test,250,50,1e-05,0.85,0.3,0.1,4.0,33.07,33.07498417609131,0.0150715938654748
G02_R0556,G02,train,250,50,1e-05,0.8,0.1,0.1,4.0,28.027,28.02940611160708,0.0085849773685237
G02_R0557,G02,train,250,50,1e-05,0.8,0.2,0.1,4.0,30.189,30.178313579274867,-0.0353983925440813
G02_R0558,G02,train,250,50,1e-05,0.8,0.3,0.1,4.0,33.08,33.07739400347227,-0.0078778613292834
G02_R0559,G02,train,250,50,1e-05,0.75,0.1,0.1,4.0,28.031,28.031196209821317,0.0006999743901924
G02_R0560,G02,train,250,50,1e-05,0.75,0.2,0.1,4.0,30.198,30.182990124413774,-0.0497048665018434
G02_R0561,G02,train,250,50,1e-05,0.75,0.3,0.1,4.0,33.092,33.08147807787705,-0.0317959691857474
G02_R0562,G02,train,250,50,1e-05,0.7,0.1,0.1,4.0,28.035,28.030367343749887,-0.0165245452117456
G02_R0563,G02,train,250,50,1e-05,0.7,0.2,0.1,4.0,30.207,30.18475755298521,-0.0736334194550599
G02_R0564,G02,train,250,50,1e-05,0.7,0.3,0.1,4.0,33.104,33.082674360615165,-0.064420128639542
G02_R0565,G02,train,250,50,1e-06,0.85,0.1,0.1,4.0,28.068,28.061520330357087,-0.02308561223783
G02_R0566,G02,train,250,50,1e-06,0.85,0.2,0.1,4.0,30.0,30.024006224702408,0.0800207490080258
G02_R0567,G02,train,250,50,1e-06,0.85,0.3,0.1,4.0,33.05,33.0563190724206,0.0191197350093868
G02_R0568,G02,train,250,50,1e-06,0.8,0.1,0.1,4.0,28.069,28.06244180952376,-0.0233645319613846
G02_R0569,G02,train,250,50,1e-06,0.8,0.2,0.1,4.0,30.003,30.026474379464297,0.0782401075369018
G02_R0570,G02,train,250,50,1e-06,0.8,0.3,0.1,4.0,33.054,33.05839056646821,0.0132830110371211
G02_R0571,G02,train,250,50,1e-06,0.75,0.1,0.1,4.0,28.069,28.06300866964281,-0.0213450082196971
G02_R0572,G02,train,250,50,1e-06,0.75,0.2,0.1,4.0,30.005,30.027349998511955,0.0744875804431126
G02_R0573,G02,train,250,50,1e-06,0.75,0.3,0.1,4.0,33.059,33.0632284623016,0.0127906539871274
G02_R0574,G02,train,250,50,1e-06,0.7,0.1,0.1,4.0,28.07,28.06244881547615,-0.0269012629991151
G02_R0575,G02,train,250,50,1e-06,0.7,0.2,0.1,4.0,30.008,30.02909867708338,0.0703101742314711
G02_R0576,G02,train,250,50,1e-06,0.7,0.3,0.1,4.0,33.064,33.06465851587304,0.0019916400708978
G02_R0577,G02,test,500,3,0.001,0.85,0.1,0.1,4.0,13.603,13.672584059523793,0.5115346579709834
G02_R0578,G02,test,500,3,0.001,0.85,0.2,0.1,4.0,14.636,14.702795751488145,0.4563798270575543
G02_R0579,G02,train,500,3,0.001,0.85,0.3,0.1,4.0,15.929,15.988871224702388,0.3758630466594738
G02_R0580,G02,train,500,3,0.001,0.8,0.1,0.1,4.0,13.618,13.672578166666648,0.4007796054240551
G02_R0581,G02,train,500,3,0.001,0.8,0.2,0.1,4.0,14.654,14.699456497023846,0.3101985602828292
G02_R0582,G02,train,500,3,0.001,0.8,0.3,0.1,4.0,15.954,15.990957861607152,0.2316526363742814
G02_R0583,G02,train,500,3,0.001,0.75,0.1,0.1,4.0,13.633,13.668677601190456,0.2617002948027371
G02_R0584,G02,train,500,3,0.001,0.75,0.2,0.1,4.0,14.673,14.7075745446429,0.2356337807053817
G02_R0585,G02,train,500,3,0.001,0.75,0.3,0.1,4.0,15.98,16.00128858184523,0.1332201617348558
G02_R0586,G02,train,500,3,0.001,0.7,0.1,0.1,4.0,13.65,13.669089418560583,0.1398492202240496
G02_R0587,G02,train,500,3,0.001,0.7,0.2,0.1,4.0,14.693,14.709819220238138,0.1144709741927363
G02_R0588,G02,train,500,3,0.001,0.7,0.3,0.1,4.0,16.008,16.006323635416656,-0.0104720426245805
G02_R0589,G02,train,500,3,0.0001,0.85,0.1,0.1,4.0,13.784,13.777777265873016,-0.0451446178684419
G02_R0590,G02,train,500,3,0.0001,0.85,0.2,0.1,4.0,14.794,14.760326899801596,-0.2276132229174295
G02_R0591,G02,train,500,3,0.0001,0.85,0.3,0.1,4.0,16.211,16.197661322916716,-0.0822816426086166
G02_R0592,G02,train,500,3,0.0001,0.8,0.1,0.1,4.0,13.783,13.777871789682544,-0.0372067787670086
G02_R0593,G02,test,500,3,0.0001,0.8,0.2,0.1,4.0,14.803,14.758087978670632,-0.3033981039611467
G02_R0594,G02,train,500,3,0.0001,0.8,0.3,0.1,4.0,16.222,16.200352470238144,-0.1334455046347999
G02_R0595,G02,test,500,3,0.0001,0.75,0.1,0.1,4.0,13.789,13.774852691468247,-0.1025985099118915
G02_R0596,G02,train,500,3,0.0001,0.75,0.2,0.1,4.0,14.813,14.769407059027778,-0.2942884018917376
G02_R0597,G02,train,500,3,0.0001,0.75,0.3,0.1,4.0,16.233,16.204844089781737,-0.1734485937181257
G02_R0598,G02,train,500,3,0.0001,0.7,0.1,0.1,4.0,13.795,13.774962633838378,-0.1452509326685191
G02_R0599,G02,train,500,3,0.0001,0.7,0.2,0.1,4.0,14.823,14.771325651289692,-0.3486092471855147
G02_R0600,G02,train,500,3,0.0001,0.7,0.3,0.1,4.0,16.245,16.2068621641865,-0.2347666101169648
G02_R0601,G02,train,500,3,1e-05,0.85,0.1,0.1,4.0,13.799,13.800538843749994,0.0111518497716816
G02_R0602,G02,train,500,3,1e-05,0.85,0.2,0.1,4.0,14.689,14.695527212301563,0.0444360562432088
G02_R0603,G02,train,500,3,1e-05,0.85,0.3,0.1,4.0,16.097,16.09878824761006,0.0111091980496871
G02_R0604,G02,train,500,3,1e-05,0.8,0.1,0.1,4.0,13.799,13.800676308035708,0.0121480399718003
G02_R0605,G02,train,500,3,1e-05,0.8,0.2,0.1,4.0,14.695,14.692343395337268,-0.018078289640914
G02_R0606,G02,train,500,3,1e-05,0.8,0.3,0.1,4.0,16.105,16.102237022907662,-0.0171560204429574
G02_R0607,G02,test,500,3,1e-05,0.75,0.1,0.1,4.0,13.802,13.799450730654735,-0.0184702894164807
G02_R0608,G02,test,500,3,1e-05,0.75,0.2,0.1,4.0,14.701,14.702101740575364,0.007494324028046
G02_R0609,G02,train,500,3,1e-05,0.75,0.3,0.1,4.0,16.112,16.107052259514795,-0.0307084190988295
G02_R0610,G02,train,500,3,1e-05,0.7,0.1,0.1,4.0,13.804,13.79938640219153,-0.0334221805887442
G02_R0611,G02,test,500,3,1e-05,0.7,0.2,0.1,4.0,14.707,14.704960895337276,-0.013864857977321
G02_R0612,G02,train,500,3,1e-05,0.7,0.3,0.1,4.0,16.121,16.10997627141956,-0.0683811710218982
G02_R0613,G02,train,500,3,1e-06,0.85,0.1,0.1,4.0,13.812,13.809777981646828,-0.0160875930580013
G02_R0614,G02,train,500,3,1e-06,0.85,0.2,0.1,4.0,14.61,14.62678631200396,0.1148960438327186
G02_R0615,G02,train,500,3,1e-06,0.85,0.3,0.1,4.0,16.001,16.03129478936687,0.1893306003804145
G02_R0616,G02,train,500,3,1e-06,0.8,0.1,0.1,4.0,13.813,13.809847422123015,-0.0228232670454183
G02_R0617,G02,train,500,3,1e-06,0.8,0.2,0.1,4.0,14.613,14.62531459771824,0.0842715234259978
G02_R0618,G02,train,500,3,1e-06,0.8,0.3,0.1,4.0,16.005,16.033565272997816,0.1784771821169431
G02_R0619,G02,train,500,3,1e-06,0.75,0.1,0.1,4.0,13.813,13.808586069444445,-0.0319549015822594
G02_R0620,G02,train,500,3,1e-06,0.75,0.2,0.1,4.0,14.615,14.6301887628968,0.1039258494478286
G02_R0621,G02,train,500,3,1e-06,0.75,0.3,0.1,4.0,16.009,16.038191686688286,0.1823454724735196
G02_R0622,G02,train,500,3,1e-06,0.7,0.1,0.1,4.0,13.813,13.808449970147906,-0.0329402001889103
G02_R0623,G02,train,500,3,1e-06,0.7,0.2,0.1,4.0,14.618,14.632197617063476,0.0971242103124587
G02_R0624,G02,test,500,3,1e-06,0.7,0.3,0.1,4.0,16.013,16.042615281926384,0.1849452440291163
G02_R0625,G02,train,500,6,0.001,0.85,0.1,0.1,4.0,16.942,16.9879524247384,0.2712337666060612
G02_R0626,G02,train,500,6,0.001,0.85,0.2,0.1,4.0,18.254,18.30281743353176,0.2674341707667138
G02_R0627,G02,train,500,6,0.001,0.85,0.3,0.1,4.0,19.927,20.047898793650774,0.6067084541113762
G02_R0628,G02,train,500,6,0.001,0.8,0.1,0.1,4.0,16.96,16.987175414321722,0.1602323957648676
G02_R0629,G02,train,500,6,0.001,0.8,0.2,0.1,4.0,18.277,18.307611693948427,0.1674875195514921
G02_R0630,G02,test,500,6,0.001,0.8,0.3,0.1,4.0,19.96,20.062328398809488,0.5126673287048433
G02_R0631,G02,train,500,6,0.001,0.75,0.1,0.1,4.0,16.98,16.993337109262214,0.0785459909435419
G02_R0632,G02,train,500,6,0.001,0.75,0.2,0.1,4.0,18.301,18.3123234811508,0.0618735651101036
G02_R0633,G02,train,500,6,0.001,0.75,0.3,0.1,4.0,19.994,20.06048929166664,0.3325462221998509
G02_R0634,G02,train,500,6,0.001,0.7,0.1,0.1,4.0,17.0,16.99410119259555,-0.0346988670849956
G02_R0635,G02,train,500,6,0.001,0.7,0.2,0.1,4.0,18.326,18.32505035466272,-0.0051819564404618
G02_R0636,G02,train,500,6,0.001,0.7,0.3,0.1,4.0,20.029,20.063780717261885,0.1736517912121675
G02_R0637,G02,train,500,6,0.0001,0.85,0.1,0.1,4.0,17.168,17.154674489087366,-0.0776183068070428
G02_R0638,G02,train,500,6,0.0001,0.85,0.2,0.1,4.0,18.444,18.385644824900798,-0.3163911033355295
G02_R0639,G02,train,500,6,0.0001,0.85,0.3,0.1,4.0,20.253,20.194479343254,-0.2889480903866156
G02_R0640,G02,test,500,6,0.0001,0.8,0.1,0.1,4.0,17.147,17.153150794146843,0.0358709637070284
G02_R0641,G02,train,500,6,0.0001,0.8,0.2,0.1,4.0,18.455,18.39335632990621,-0.3340215122935965
G02_R0642,G02,train,500,6,0.0001,0.8,0.3,0.1,4.0,20.267,20.214340159226197,-0.2598304671328088
G02_R0643,G02,train,500,6,0.0001,0.75,0.1,0.1,4.0,17.154,17.151501313492066,-0.0145662032641609
G02_R0644,G02,test,500,6,0.0001,0.75,0.2,0.1,4.0,18.467,18.39040237306097,-0.4147811065090705
G02_R0645,G02,train,500,6,0.0001,0.75,0.3,0.1,4.0,20.282,20.213310909226195,-0.3386702039927293
G02_R0646,G02,test,500,6,0.0001,0.7,0.1,0.1,4.0,17.163,17.1521478968254,-0.0632296403577427
G02_R0647,G02,train,500,6,0.0001,0.7,0.2,0.1,4.0,18.48,18.40308205312051,-0.416222656274298
G02_R0648,G02,train,500,6,0.0001,0.7,0.3,0.1,4.0,20.298,20.21519000000001,-0.4079712286924221
G02_R0649,G02,train,500,6,1e-05,0.85,0.1,0.1,4.0,17.162,17.16455797519847,0.0149048782104112
G02_R0650,G02,test,500,6,1e-05,0.85,0.2,0.1,4.0,18.262,18.272848506042603,0.0594048080308984
G02_R0651,G02,train,500,6,1e-05,0.85,0.3,0.1,4.0,20.023,20.0280342311508,0.0251422421755072
G02_R0652,G02,test,500,6,1e-05,0.8,0.1,0.1,4.0,17.156,17.163291155257944,0.0424991563181717
G02_R0653,G02,train,500,6,1e-05,0.8,0.2,0.1,4.0,18.269,18.27876511819088,0.0534518484365914
G02_R0654,G02,test,500,6,1e-05,0.8,0.3,0.1,4.0,20.033,20.037330017361093,0.0216144230074957
G02_R0655,G02,train,500,6,1e-05,0.75,0.1,0.1,4.0,17.159,17.16177448710317,0.0161692820279197
G02_R0656,G02,train,500,6,1e-05,0.75,0.2,0.1,4.0,18.272,18.276654210452783,0.0254718172766419
G02_R0657,G02,train,500,6,1e-05,0.75,0.3,0.1,4.0,20.042,20.03668998908728,-0.0264944162893888
G02_R0658,G02,test,500,6,1e-05,0.7,0.1,0.1,4.0,17.161,17.1624210704365,0.0082808136850991
G02_R0659,G02,test,500,6,1e-05,0.7,0.2,0.1,4.0,18.279,18.291052223845657,0.065934809593836
G02_R0660,G02,test,500,6,1e-05,0.7,0.3,0.1,4.0,20.053,20.041109951884906,-0.0592931138238428
G02_R0661,G02,train,500,6,1e-06,0.85,0.1,0.1,4.0,17.179,17.174699401289764,-0.0250340456966879
G02_R0662,G02,train,500,6,1e-06,0.85,0.2,0.1,4.0,18.157,18.228321296717176,0.3928033084605185
G02_R0663,G02,train,500,6,1e-06,0.85,0.3,0.1,4.0,19.896,19.929381355654737,0.1677792302710907
G02_R0664,G02,train,500,6,1e-06,0.8,0.1,0.1,4.0,17.179,17.174140498015934,-0.0282874555216526
G02_R0665,G02,test,500,6,1e-06,0.8,0.2,0.1,4.0,18.161,18.23547085231783,0.4100592055384083
G02_R0666,G02,train,500,6,1e-06,0.8,0.3,0.1,4.0,19.901,19.93112595039679,0.1513790784221424
G02_R0667,G02,train,500,6,1e-06,0.75,0.1,0.1,4.0,17.18,17.17233210664687,-0.0446326737667624
G02_R0668,G02,train,500,6,1e-06,0.75,0.2,0.1,4.0,18.164,18.232705928210688,0.3782532933862945
G02_R0669,G02,train,500,6,1e-06,0.75,0.3,0.1,4.0,19.906,19.934765435515843,0.1445063574592774
G02_R0670,G02,test,500,6,1e-06,0.7,0.1,0.1,4.0,17.181,17.172932939980203,-0.0469533788475503
G02_R0671,G02,test,500,6,1e-06,0.7,0.2,0.1,4.0,18.168,18.24766563356784,0.4384942402457181
G02_R0672,G02,train,500,6,1e-06,0.7,0.3,0.1,4.0,19.911,19.93883359623013,0.1397900468591618
G02_R0673,G02,train,500,20,0.001,0.85,0.1,0.1,4.0,25.548,25.62182303720237,0.2889581853858368
G02_R0674,G02,train,500,20,0.001,0.85,0.2,0.1,4.0,27.805,27.88429375892859,0.2851780576464274
G02_R0675,G02,train,500,20,0.001,0.85,0.3,0.1,4.0,30.376,30.54002279265875,0.5399749560796304
G02_R0676,G02,train,500,20,0.001,0.8,0.1,0.1,4.0,25.579,25.61769061755953,0.1512593047403254
G02_R0677,G02,train,500,20,0.001,0.8,0.2,0.1,4.0,27.841,27.88477992857145,0.1572498422163347
G02_R0678,G02,train,500,20,0.001,0.8,0.3,0.1,4.0,30.429,30.567175785714312,0.4540924306231343
G02_R0679,G02,train,500,20,0.001,0.75,0.1,0.1,4.0,25.611,25.627303418154767,0.0636578741742475
G02_R0680,G02,train,500,20,0.001,0.75,0.2,0.1,4.0,27.878,27.894478842261925,0.0591105612379844
G02_R0681,G02,test,500,20,0.001,0.75,0.3,0.1,4.0,30.483,30.588677135416685,0.3466756402476268
G02_R0682,G02,train,500,20,0.001,0.7,0.1,0.1,4.0,25.646,25.6269261264881,-0.0743736782028379
G02_R0683,G02,train,500,20,0.001,0.7,0.2,0.1,4.0,27.916,27.89789104166669,-0.064869459569117
G02_R0684,G02,test,500,20,0.001,0.7,0.3,0.1,4.0,30.543,30.59693600744051,0.1765904051354235
G02_R0685,G02,train,500,20,0.0001,0.85,0.1,0.1,4.0,25.901,25.81344697718248,-0.3380295078086701
G02_R0686,G02,train,500,20,0.0001,0.85,0.2,0.1,4.0,28.043,28.03461799923339,-0.0298898148080059
G02_R0687,G02,train,500,20,0.0001,0.85,0.3,0.1,4.0,30.925,30.81637348678745,-0.3512579246969942
G02_R0688,G02,train,500,20,0.0001,0.8,0.1,0.1,4.0,25.775,25.79154701785712,0.0641979354301501
G02_R0689,G02,train,500,20,0.0001,0.8,0.2,0.1,4.0,28.061,28.03839931470959,-0.0805412682741524
G02_R0690,G02,train,500,20,0.0001,0.8,0.3,0.1,4.0,30.948,30.846440420319208,-0.328162012668968
G02_R0691,G02,train,500,20,0.0001,0.75,0.1,0.1,4.0,25.787,25.788154263392848,0.0044761445412359
G02_R0692,G02,train,500,20,0.0001,0.75,0.2,0.1,4.0,28.081,28.042236737328626,-0.1380408912480945
G02_R0693,G02,train,500,20,0.0001,0.75,0.3,0.1,4.0,30.97,30.87765582508111,-0.2981729897284111
G02_R0694,G02,test,500,20,0.0001,0.7,0.1,0.1,4.0,25.801,25.787776971726185,-0.0512500611364423
G02_R0695,G02,train,500,20,0.0001,0.7,0.2,0.1,4.0,28.102,28.045504395066715,-0.2010376661208656
G02_R0696,G02,train,500,20,0.0001,0.7,0.3,0.1,4.0,30.994,30.89004539055732,-0.3354023664021459
G02_R0697,G02,train,500,20,1e-05,0.85,0.1,0.1,4.0,25.803,25.81754953571419,0.0563869926527468
G02_R0698,G02,train,500,20,1e-05,0.85,0.2,0.1,4.0,27.596,27.6269011797439,0.1119770247278585
G02_R0699,G02,train,500,20,1e-05,0.85,0.3,0.1,4.0,30.322,30.357041396825387,0.1155642662930816
G02_R0700,G02,test,500,20,1e-05,0.8,0.1,0.1,4.0,25.792,25.79763586805549,0.0218512254012432
G02_R0701,G02,train,500,20,1e-05,0.8,0.2,0.1,4.0,27.583,27.629100840458182,0.1671349761019016
G02_R0702,G02,train,500,20,1e-05,0.8,0.3,0.1,4.0,30.337,30.35867297420636,0.0714407298228468
G02_R0703,G02,train,500,20,1e-05,0.75,0.1,0.1,4.0,25.797,25.794243113591214,-0.0106868488924393
G02_R0704,G02,train,500,20,1e-05,0.75,0.2,0.1,4.0,27.594,27.628326223394676,0.1243974175352313
G02_R0705,G02,train,500,20,1e-05,0.75,0.3,0.1,4.0,30.352,30.372136939980205,0.066344688917385
G02_R0706,G02,train,500,20,1e-05,0.7,0.1,0.1,4.0,25.801,25.793865821924555,-0.027650781269885
G02_R0707,G02,test,500,20,1e-05,0.7,0.2,0.1,4.0,27.606,27.63128431565659,0.0915899284814462
G02_R0708,G02,train,500,20,1e-05,0.7,0.3,0.1,4.0,30.368,30.384671682539743,0.0548988492483796
G02_R0709,G02,test,500,20,1e-06,0.85,0.1,0.1,4.0,25.832,25.81591776488085,-0.0622570266303279
G02_R0710,G02,train,500,20,1e-06,0.85,0.2,0.1,4.0,27.429,27.46850724643756,0.1440345854298819
G02_R0711,G02,train,500,20,1e-06,0.85,0.3,0.1,4.0,30.119,30.1772764176587,0.1934872261984124
G02_R0712,G02,test,500,20,1e-06,0.8,0.1,0.1,4.0,25.832,25.796229930555487,-0.1384719318849239
G02_R0713,G02,train,500,20,1e-06,0.8,0.2,0.1,4.0,27.434,27.466758954770896,0.119410056028631
G02_R0714,G02,train,500,20,1e-06,0.8,0.3,0.1,4.0,30.126,30.17807609920633,0.1728609812332472
G02_R0715,G02,test,500,20,1e-06,0.75,0.1,0.1,4.0,25.833,25.79283717609121,-0.1554710018533792
G02_R0716,G02,train,500,20,1e-06,0.75,0.2,0.1,4.0,27.44,27.466483398223204,0.0965138419212925
G02_R0717,G02,train,500,20,1e-06,0.75,0.3,0.1,4.0,30.135,30.18524826736105,0.1667438770899361
G02_R0718,G02,test,500,20,1e-06,0.7,0.1,0.1,4.0,25.834,25.792459884424552,-0.1607962978069495
G02_R0719,G02,train,500,20,1e-06,0.7,0.2,0.1,4.0,27.446,27.467738939889877,0.0792062227277991
G02_R0720,G02,train,500,20,1e-06,0.7,0.3,0.1,4.0,30.143,30.20418012450393,0.2029662757653004
G02_R0721,G02,train,500,50,0.001,0.85,0.1,0.1,4.0,35.425,35.4004465280934,-0.0693111415853213
G02_R0722,G02,train,500,50,0.001,0.85,0.2,0.1,4.0,38.504,38.43636316586551,-0.1756618380804325
G02_R0723,G02,train,500,50,0.001,0.85,0.3,0.1,4.0,42.017,42.14683037324124,0.308994866937748
G02_R0724,G02,test,500,50,0.001,0.8,0.1,0.1,4.0,35.464,35.40171435249816,-0.1756306324775492
G02_R0725,G02,train,500,50,0.001,0.8,0.2,0.1,4.0,38.557,38.42368761094127,-0.3457540500006155
G02_R0726,G02,train,500,50,0.001,0.8,0.3,0.1,4.0,42.089,42.176991666396,0.2090609574853294
G02_R0727,G02,train,500,50,0.001,0.75,0.1,0.1,4.0,35.246,35.40041080091086,0.438094538134426
G02_R0728,G02,train,500,50,0.001,0.75,0.2,0.1,4.0,38.608,38.46368613028644,-0.3737926588104969
G02_R0729,G02,train,500,50,0.001,0.75,0.3,0.1,4.0,42.161,42.25719701609832,0.2281658786516514
G02_R0730,G02,train,500,50,0.001,0.7,0.1,0.1,4.0,35.29,35.397511707160845,0.3046520463611392
G02_R0731,G02,train,500,50,0.001,0.7,0.2,0.1,4.0,38.661,38.51199801655989,-0.3854064391508449
G02_R0732,G02,train,500,50,0.001,0.7,0.3,0.1,4.0,42.236,42.25993985984833,0.0566811721004199
G02_R0733,G02,train,500,50,0.0001,0.85,0.1,0.1,4.0,35.682,35.654891182539735,-0.0759733688141548
G02_R0734,G02,test,500,50,0.0001,0.85,0.2,0.1,4.0,38.736,38.1570262986111,-1.4946656892526249
G02_R0735,G02,test,500,50,0.0001,0.85,0.3,0.1,4.0,42.417,42.41949161133648,0.0058740866550699
G02_R0736,G02,test,500,50,0.0001,0.8,0.1,0.1,4.0,35.699,35.6554411349207,-0.1220170455175157
G02_R0737,G02,test,500,50,0.0001,0.8,0.2,0.1,4.0,38.445,38.14320598475828,-0.7850019904843757
G02_R0738,G02,train,500,50,0.0001,0.8,0.3,0.1,4.0,42.447,42.40193897740792,-0.1061583211818969
G02_R0739,G02,train,500,50,0.0001,0.75,0.1,0.1,4.0,35.716,35.65454647916673,-0.172061599376381
G02_R0740,G02,test,500,50,0.0001,0.75,0.2,0.1,4.0,38.787,38.132422368686846,-1.687621190896828
G02_R0741,G02,train,500,50,0.0001,0.75,0.3,0.1,4.0,42.477,42.43364808008647,-0.1020597497787653
G02_R0742,G02,train,500,50,0.0001,0.7,0.1,0.1,4.0,35.735,35.65166119494052,-0.2332133904001215
G02_R0743,G02,test,500,50,0.0001,0.7,0.2,0.1,4.0,38.814,38.16476697222221,-1.6726774560153284
G02_R0744,G02,train,500,50,0.0001,0.7,0.3,0.1,4.0,42.507,42.43889439258648,-0.1602220985096907
G02_R0745,G02,test,500,50,1e-05,0.85,0.1,0.1,4.0,35.553,35.60326772668657,0.1413881435787987
G02_R0746,G02,train,500,50,1e-05,0.85,0.2,0.1,4.0,38.158,38.109444357638864,-0.1272489186045837
G02_R0747,G02,train,500,50,1e-05,0.85,0.3,0.1,4.0,41.65,41.678602894841205,0.0686744173858504
G02_R0748,G02,test,500,50,1e-05,0.8,0.1,0.1,4.0,35.553,35.603135143353235,0.1410152261503607
G02_R0749,G02,train,500,50,1e-05,0.8,0.2,0.1,4.0,38.067,38.09551860628604,0.0749168736334406
G02_R0750,G02,train,500,50,1e-05,0.8,0.3,0.1,4.0,41.67,41.67845763492057,0.0202967000733564
G02_R0751,G02,train,500,50,1e-05,0.75,0.1,0.1,4.0,35.593,35.60259920188497,0.0269693532013797
G02_R0752,G02,train,500,50,1e-05,0.75,0.2,0.1,4.0,38.065,38.09011609884556,0.0659821327875087
G02_R0753,G02,train,500,50,1e-05,0.75,0.3,0.1,4.0,41.69,41.72452621527778,0.0828165394046205
G02_R0754,G02,train,500,50,1e-05,0.7,0.1,0.1,4.0,35.596,35.60097941765876,0.0139887000189899
G02_R0755,G02,train,500,50,1e-05,0.7,0.2,0.1,4.0,38.088,38.13553988988093,0.124815925963375
G02_R0756,G02,train,500,50,1e-05,0.7,0.3,0.1,4.0,41.711,41.720123218254,0.0218724515211739
G02_R0757,G02,train,500,50,1e-06,0.85,0.1,0.1,4.0,35.597,35.60089479067474,0.010941345267116
G02_R0758,G02,train,500,50,1e-06,0.85,0.2,0.1,4.0,37.948,38.019592675009086,0.18865994257691
G02_R0759,G02,train,500,50,1e-06,0.85,0.3,0.1,4.0,41.371,41.51624641914674,0.3510826887112641
G02_R0760,G02,train,500,50,1e-06,0.8,0.1,0.1,4.0,35.598,35.600521579365214,0.0070834860531915
G02_R0761,G02,train,500,50,1e-06,0.8,0.2,0.1,4.0,37.954,38.005700548656286,0.1362189720616671
G02_R0762,G02,train,500,50,1e-06,0.8,0.3,0.1,4.0,41.38,41.51398770089277,0.3237982138539566
G02_R0763,G02,train,500,50,1e-06,0.75,0.1,0.1,4.0,35.599,35.59998563789695,0.0027687235510914
G02_R0764,G02,train,500,50,1e-06,0.75,0.2,0.1,4.0,37.962,38.00697390133484,0.1184708427765526
G02_R0765,G02,test,500,50,1e-06,0.75,0.3,0.1,4.0,41.39,41.57334863541661,0.442978099581075
G02_R0766,G02,test,500,50,1e-06,0.7,0.1,0.1,4.0,35.601,35.5986302673612,-0.006656365379617
G02_R0767,G02,test,500,50,1e-06,0.7,0.2,0.1,4.0,37.969,38.05252415367973,0.219979861675908
G02_R0768,G02,train,500,50,1e-06,0.7,0.3,0.1,4.0,41.401,41.57124897172614,0.4112194674673042
G03_R0001,G03,test,25,3,0.001,0.85,0.1,0.1,5.0,6.6568,6.655249108630946,-0.0232978513558042
G03_R0002,G03,train,25,3,0.001,0.85,0.2,0.1,5.0,7.1798,7.182412863543411,0.0363918708517097
G03_R0003,G03,train,25,3,0.001,0.85,0.3,0.1,5.0,7.7918,7.795972408062772,0.053548705854509
G03_R0004,G03,train,25,3,0.001,0.8,0.1,0.1,5.0,6.6617,6.655976715327377,-0.0859132754795765
G03_R0005,G03,train,25,3,0.001,0.8,0.2,0.1,5.0,7.1867,7.185341318427063,-0.0189055000617445
G03_R0006,G03,train,25,3,0.001,0.8,0.3,0.1,5.0,7.7997,7.803440071158025,0.0479514745185811
G03_R0007,G03,train,25,3,0.001,0.75,0.1,0.1,5.0,6.6668,6.659911418849194,-0.1033266507290843
G03_R0008,G03,train,25,3,0.001,0.75,0.2,0.1,5.0,7.1939,7.191550463516345,-0.0326601215426324
G03_R0009,G03,train,25,3,0.001,0.75,0.3,0.1,5.0,7.808,7.81045749486831,0.0314740633748781
G03_R0010,G03,test,25,3,0.001,0.7,0.1,0.1,5.0,6.6722,6.66090039751983,-0.1693534738192788
G03_R0011,G03,train,25,3,0.001,0.7,0.2,0.1,5.0,7.2015,7.194948026354539,-0.0909806796564759
G03_R0012,G03,train,25,3,0.001,0.7,0.3,0.1,5.0,7.8169,7.810721307021091,-0.079042753251406
G03_R0013,G03,train,25,3,0.0001,0.85,0.1,0.1,5.0,6.9677,6.9666834131503865,-0.0145899916703252
G03_R0014,G03,train,25,3,0.0001,0.85,0.2,0.1,5.0,7.5865,7.592055446924605,0.0732280620128528
G03_R0015,G03,train,25,3,0.0001,0.85,0.3,0.1,5.0,8.3925,8.401632883915026,0.1088219709863063
G03_R0016,G03,train,25,3,0.0001,0.8,0.1,0.1,5.0,6.9706,6.9681498274361005,-0.0351500956000871
G03_R0017,G03,train,25,3,0.0001,0.8,0.2,0.1,5.0,7.5901,7.594053553273809,0.0520882896642874
G03_R0018,G03,test,25,3,0.0001,0.8,0.3,0.1,5.0,8.3971,8.405139024043992,0.0957357188075861
G03_R0019,G03,test,25,3,0.0001,0.75,0.1,0.1,5.0,6.9736,6.969714917777012,-0.0557112857489372
G03_R0020,G03,train,25,3,0.0001,0.75,0.2,0.1,5.0,7.5939,7.596714751140877,0.037065949523662
G03_R0021,G03,train,25,3,0.0001,0.75,0.3,0.1,5.0,8.4018,8.410750475680892,0.1065304539609663
G03_R0022,G03,test,25,3,0.0001,0.7,0.1,0.1,5.0,6.9767,6.969360334443681,-0.1052025392566596
G03_R0023,G03,test,25,3,0.0001,0.7,0.2,0.1,5.0,7.5978,7.59852081175596,0.0094871114791073
G03_R0024,G03,train,25,3,0.0001,0.7,0.3,0.1,5.0,8.4067,8.409558557377323,0.0340033232698058
G03_R0025,G03,train,25,3,1e-05,0.85,0.1,0.1,5.0,7.0524,7.052576885367071,0.0025081584577141
G03_R0026,G03,train,25,3,1e-05,0.85,0.2,0.1,5.0,7.7017,7.706797965674599,0.0661927324434745
G03_R0027,G03,train,25,3,1e-05,0.85,0.3,0.1,5.0,8.5592,8.560210934871035,0.0118110906514015
G03_R0028,G03,test,25,3,1e-05,0.8,0.1,0.1,5.0,7.0535,7.05292061661707,-0.0082141260782583
G03_R0029,G03,test,25,3,1e-05,0.8,0.2,0.1,5.0,7.703,7.70703698055555,0.0524079002408126
G03_R0030,G03,train,25,3,1e-05,0.8,0.3,0.1,5.0,8.5608,8.562032330257955,0.0143950361876719
G03_R0031,G03,train,25,3,1e-05,0.75,0.1,0.1,5.0,7.0545,7.053342792906741,-0.016403814490879
G03_R0032,G03,train,25,3,1e-05,0.75,0.2,0.1,5.0,7.7043,7.706855375694439,0.0331681748431291
G03_R0033,G03,train,25,3,1e-05,0.75,0.3,0.1,5.0,8.5626,8.570146171081355,0.0881294359348201
G03_R0034,G03,test,25,3,1e-05,0.7,0.1,0.1,5.0,7.0557,7.053346720734121,-0.0333528815833884
G03_R0035,G03,train,25,3,1e-05,0.7,0.2,0.1,5.0,7.7057,7.7070406337301565,0.0173979486634082
G03_R0036,G03,train,25,3,1e-05,0.7,0.3,0.1,5.0,8.5643,8.571729146577388,0.0867455200937447
G03_R0037,G03,train,25,3,1e-06,0.85,0.1,0.1,5.0,7.0786,7.078407368154768,-0.0027213268899546
G03_R0038,G03,train,25,3,1e-06,0.85,0.2,0.1,5.0,7.7365,7.739946260218252,0.0445454691171934
G03_R0039,G03,train,25,3,1e-06,0.85,0.3,0.1,5.0,8.6077,8.609380108040213,0.0195186639893765
G03_R0040,G03,train,25,3,1e-06,0.8,0.1,0.1,5.0,7.0789,7.078583134523812,-0.0044761965303684
G03_R0041,G03,train,25,3,1e-06,0.8,0.2,0.1,5.0,7.7368,7.739150997966268,0.0303872139162003
G03_R0042,G03,train,25,3,1e-06,0.8,0.3,0.1,5.0,8.608,8.60915858408188,0.0134593875683081
G03_R0043,G03,test,25,3,1e-06,0.75,0.1,0.1,5.0,7.0792,7.07828734300595,-0.0128920922427654
G03_R0044,G03,train,25,3,1e-06,0.75,0.2,0.1,5.0,7.7371,7.739777450446412,0.0346053488569617
G03_R0045,G03,train,25,3,1e-06,0.75,0.3,0.1,5.0,8.6084,8.609466096284256,0.012384372058185
G03_R0046,G03,train,25,3,1e-06,0.7,0.1,0.1,5.0,7.0795,7.078301588690474,-0.0169279088851821
G03_R0047,G03,train,25,3,1e-06,0.7,0.2,0.1,5.0,7.7375,7.739123877678552,0.0209871105467196
G03_R0048,G03,test,25,3,1e-06,0.7,0.3,0.1,5.0,8.6088,8.610230954915204,0.0166220020816355
G03_R0049,G03,train,25,6,0.001,0.85,0.1,0.1,5.0,7.3313,7.33045216626984,-0.0115645755890475
G03_R0050,G03,train,25,6,0.001,0.85,0.2,0.1,5.0,7.9064,7.909699474887263,0.0417316969450446
G03_R0051,G03,train,25,6,0.001,0.85,0.3,0.1,5.0,8.5726,8.577913205952374,0.0619789323236169
G03_R0052,G03,train,25,6,0.001,0.8,0.1,0.1,5.0,7.3364,7.332301773660708,-0.0558615443445304
G03_R0053,G03,train,25,6,0.001,0.8,0.2,0.1,5.0,7.9137,7.913494000730522,-0.0026030715023069
G03_R0054,G03,train,25,6,0.001,0.8,0.3,0.1,5.0,8.581,8.58030779151786,-0.0080667577454728
G03_R0055,G03,test,25,6,0.001,0.75,0.1,0.1,5.0,7.3417,7.336952025694432,-0.0646713200698453
G03_R0056,G03,train,25,6,0.001,0.75,0.2,0.1,5.0,7.9212,7.9225970409091,0.0176367331856281
G03_R0057,G03,train,25,6,0.001,0.75,0.3,0.1,5.0,8.5899,8.590253658531722,0.0041171437586245
G03_R0058,G03,test,25,6,0.001,0.7,0.1,0.1,5.0,7.3472,7.339928830803567,-0.0989651730786301
G03_R0059,G03,train,25,6,0.001,0.7,0.2,0.1,5.0,7.9292,7.927826686476388,-0.0173196983757703
G03_R0060,G03,train,25,6,0.001,0.7,0.3,0.1,5.0,8.5994,8.59616795912696,-0.0375844927906465
G03_R0061,G03,train,25,6,0.0001,0.85,0.1,0.1,5.0,7.6425,7.645631856073411,0.040979471029258
G03_R0062,G03,train,25,6,0.0001,0.85,0.2,0.1,5.0,8.3077,8.315750774702373,0.0969073835402381
G03_R0063,G03,test,25,6,0.0001,0.85,0.3,0.1,5.0,9.1569,9.165419181547623,0.0930356512315617
G03_R0064,G03,train,25,6,0.0001,0.8,0.1,0.1,5.0,7.6454,7.647527228097224,0.027823633782713
G03_R0065,G03,train,25,6,0.0001,0.8,0.2,0.1,5.0,8.3114,8.31600247113094,0.0553754016283528
G03_R0066,G03,train,25,6,0.0001,0.8,0.3,0.1,5.0,9.1616,9.164769658928575,0.0345972202298229
G03_R0067,G03,train,25,6,0.0001,0.75,0.1,0.1,5.0,7.6484,7.649481231393604,0.0141367004027617
G03_R0068,G03,train,25,6,0.0001,0.75,0.2,0.1,5.0,8.3152,8.3189679953373,0.045314548505131
G03_R0069,G03,train,25,6,0.0001,0.75,0.3,0.1,5.0,9.1663,9.166782060714294,0.0052590545181142
G03_R0070,G03,train,25,6,0.0001,0.7,0.1,0.1,5.0,7.6515,7.649389605947199,-0.0275814422374843
G03_R0071,G03,test,25,6,0.0001,0.7,0.2,0.1,5.0,8.3191,8.32079830019841,0.0204144702961791
G03_R0072,G03,train,25,6,0.0001,0.7,0.3,0.1,5.0,9.1713,9.168992693154769,-0.0251579039528959
G03_R0073,G03,train,25,6,1e-05,0.85,0.1,0.1,5.0,7.7271,7.728532901700047,0.0185438482748574
G03_R0074,G03,train,25,6,1e-05,0.85,0.2,0.1,5.0,8.4212,8.426151791702727,0.0588014974436735
G03_R0075,G03,test,25,6,1e-05,0.85,0.3,0.1,5.0,9.3182,9.322502682007578,0.0461750338861415
G03_R0076,G03,train,25,6,1e-05,0.8,0.1,0.1,5.0,7.7281,7.729155897831003,0.0136630974107796
G03_R0077,G03,test,25,6,1e-05,0.8,0.2,0.1,5.0,8.4225,8.427654360502325,0.0611975126426342
G03_R0078,G03,train,25,6,1e-05,0.8,0.3,0.1,5.0,9.3199,9.32248104659091,0.0276939300948504
G03_R0079,G03,train,25,6,1e-05,0.75,0.1,0.1,5.0,7.7292,7.729030892424266,-0.0021879052907641
G03_R0080,G03,test,25,6,1e-05,0.75,0.2,0.1,5.0,8.4238,8.427522566157098,0.0441910557835878
G03_R0081,G03,train,25,6,1e-05,0.75,0.3,0.1,5.0,9.3216,9.32089498979528,-0.0075631887735882
G03_R0082,G03,train,25,6,1e-05,0.7,0.1,0.1,5.0,7.7303,7.728919894358791,-0.0178531963987015
G03_R0083,G03,test,25,6,1e-05,0.7,0.2,0.1,5.0,8.4252,8.430186294119755,0.0591830949978033
G03_R0084,G03,train,25,6,1e-05,0.7,0.3,0.1,5.0,9.3234,9.321777687711943,-0.0174004364079018
G03_R0085,G03,train,25,6,1e-06,0.85,0.1,0.1,5.0,7.7533,7.75400099688401,0.0090412712523719
G03_R0086,G03,train,25,6,1e-06,0.85,0.2,0.1,5.0,8.4557,8.455897853864549,0.0023398874670204
G03_R0087,G03,train,25,6,1e-06,0.85,0.3,0.1,5.0,9.3654,9.366197267906744,0.0085129082233119
G03_R0088,G03,train,25,6,1e-06,0.8,0.1,0.1,5.0,7.7536,7.754498673272903,0.0115904002386439
G03_R0089,G03,train,25,6,1e-06,0.8,0.2,0.1,5.0,8.456,8.457552217555005,0.0183564043874803
G03_R0090,G03,train,25,6,1e-06,0.8,0.3,0.1,5.0,9.3658,9.36611432827381,0.0033561284013046
G03_R0091,G03,train,25,6,1e-06,0.75,0.1,0.1,5.0,7.7538,7.753964133788779,0.0021168174157058
G03_R0092,G03,train,25,6,1e-06,0.75,0.2,0.1,5.0,8.4563,8.457765191986812,0.0173266320590782
G03_R0093,G03,train,25,6,1e-06,0.75,0.3,0.1,5.0,9.3661,9.365825448363085,-0.0029313336064818
G03_R0094,G03,train,25,6,1e-06,0.7,0.1,0.1,5.0,7.7541,7.754371524156751,0.0035016850021353
G03_R0095,G03,train,25,6,1e-06,0.7,0.2,0.1,5.0,8.4566,8.458315730677292,0.0202886582940178
G03_R0096,G03,train,25,6,1e-06,0.7,0.3,0.1,5.0,9.3665,9.36547631264879,-0.0109292409246849
G03_R0097,G03,train,25,20,0.001,0.85,0.1,0.1,5.0,9.5777,9.577841227881514,0.001474549020264
G03_R0098,G03,train,25,20,0.001,0.85,0.2,0.1,5.0,10.262,10.263692085497835,0.0164888471821927
G03_R0099,G03,test,25,20,0.001,0.85,0.3,0.1,5.0,11.054,11.07712802579366,0.2092276623272894
G03_R0100,G03,train,25,20,0.001,0.8,0.1,0.1,5.0,9.5837,9.580263471135485,-0.0358580596692017
G03_R0101,G03,train,25,20,0.001,0.8,0.2,0.1,5.0,10.271,10.26797875166847,-0.0294153279284387
G03_R0102,G03,train,25,20,0.001,0.8,0.3,0.1,5.0,11.064,11.075251431051594,0.1016940622884498
G03_R0103,G03,train,25,20,0.001,0.75,0.1,0.1,5.0,9.5899,9.592541706353735,0.0275467560009507
G03_R0104,G03,train,25,20,0.001,0.75,0.2,0.1,5.0,10.28,10.280117006628789,0.0011381967780901
G03_R0105,G03,train,25,20,0.001,0.75,0.3,0.1,5.0,11.074,11.07687282986112,0.0259421154155702
G03_R0106,G03,train,25,20,0.001,0.7,0.1,0.1,5.0,9.5965,9.600280421870492,0.0393937567914481
G03_R0107,G03,train,25,20,0.001,0.7,0.2,0.1,5.0,10.289,10.2876843546627,-0.0127869116269802
G03_R0108,G03,test,25,20,0.001,0.7,0.3,0.1,5.0,11.086,11.080545601190495,-0.0492007830552322
G03_R0109,G03,train,25,20,0.0001,0.85,0.1,0.1,5.0,9.9303,9.932276076438471,0.0198994636463212
G03_R0110,G03,train,25,20,0.0001,0.85,0.2,0.1,5.0,10.704,10.710969060515913,0.0651070676000753
G03_R0111,G03,train,25,20,0.0001,0.85,0.3,0.1,5.0,11.678,11.688579918154764,0.0905970042367233
G03_R0112,G03,test,25,20,0.0001,0.8,0.1,0.1,5.0,9.9336,9.93251997147816,-0.0108724784754679
G03_R0113,G03,train,25,20,0.0001,0.8,0.2,0.1,5.0,10.709,10.710887035218294,0.01762102174147
G03_R0114,G03,train,25,20,0.0001,0.8,0.3,0.1,5.0,11.684,11.691313864583345,0.0625972662045983
G03_R0115,G03,test,25,20,0.0001,0.75,0.1,0.1,5.0,9.9371,9.934346866418649,-0.027705604063081
G03_R0116,G03,train,25,20,0.0001,0.75,0.2,0.1,5.0,10.713,10.71468558371493,0.0157340027530175
G03_R0117,G03,test,25,20,0.0001,0.75,0.3,0.1,5.0,11.689,11.696625022186131,0.0652324594587316
G03_R0118,G03,train,25,20,0.0001,0.7,0.1,0.1,5.0,9.9407,9.937849797519853,-0.0286720500583325
G03_R0119,G03,train,25,20,0.0001,0.7,0.2,0.1,5.0,10.717,10.71753449194905,0.0049873280680101
G03_R0120,G03,train,25,20,0.0001,0.7,0.3,0.1,5.0,11.695,11.699986630321032,0.0426389937668364
G03_R0121,G03,train,25,20,1e-05,0.85,0.1,0.1,5.0,10.026,10.023122290873047,-0.0287024648608867
G03_R0122,G03,test,25,20,1e-05,0.85,0.2,0.1,5.0,10.829,10.831089756989543,0.0192977836323098
G03_R0123,G03,train,25,20,1e-05,0.85,0.3,0.1,5.0,11.85,11.854564837797648,0.0385218379548386
G03_R0124,G03,test,25,20,1e-05,0.8,0.1,0.1,5.0,10.027,10.023487717757966,-0.0350282461557099
G03_R0125,G03,train,25,20,1e-05,0.8,0.2,0.1,5.0,10.831,10.830932048656212,-0.0006273783010556
G03_R0126,G03,train,25,20,1e-05,0.8,0.3,0.1,5.0,11.852,11.855830369724018,0.0323183405671397
G03_R0127,G03,test,25,20,1e-05,0.75,0.1,0.1,5.0,10.028,10.02387662847224,-0.0411185832445285
G03_R0128,G03,train,25,20,1e-05,0.75,0.2,0.1,5.0,10.832,10.83099432544192,-0.0092842924490376
G03_R0129,G03,train,25,20,1e-05,0.75,0.3,0.1,5.0,11.854,11.85782266292385,0.0322478734929177
G03_R0130,G03,train,25,20,1e-05,0.7,0.1,0.1,5.0,10.029,10.024451778769857,-0.045350695285124
G03_R0131,G03,test,25,20,1e-05,0.7,0.2,0.1,5.0,10.834,10.831137438537157,-0.0264220183020544
G03_R0132,G03,train,25,20,1e-05,0.7,0.3,0.1,5.0,11.856,11.857931835542894,0.0162941594373678
G03_R0133,G03,train,25,20,1e-06,0.85,0.1,0.1,5.0,10.055,10.05441612549604,-0.0058068075978089
G03_R0134,G03,train,25,20,1e-06,0.85,0.2,0.1,5.0,10.867,10.867068861607152,0.0006336763334174
G03_R0135,G03,test,25,20,1e-06,0.85,0.3,0.1,5.0,11.901,11.902802195474637,0.0151432272467608
G03_R0136,G03,train,25,20,1e-06,0.8,0.1,0.1,5.0,10.056,10.05456790972223,-0.0142411523246687
G03_R0137,G03,test,25,20,1e-06,0.8,0.2,0.1,5.0,10.867,10.867119751488127,0.0011019737565712
G03_R0138,G03,train,25,20,1e-06,0.8,0.3,0.1,5.0,11.901,11.902648945655008,0.0138555218469704
G03_R0139,G03,train,25,20,1e-06,0.75,0.1,0.1,5.0,10.056,10.055233310515831,-0.00762419932544
G03_R0140,G03,test,25,20,1e-06,0.75,0.2,0.1,5.0,10.868,10.867459895833363,-0.0049696739660958
G03_R0141,G03,train,25,20,1e-06,0.75,0.3,0.1,5.0,11.902,11.9033750141074,0.0115527987514781
G03_R0142,G03,train,25,20,1e-06,0.7,0.1,0.1,5.0,10.056,10.05512131795631,-0.0087378882626217
G03_R0143,G03,train,25,20,1e-06,0.7,0.2,0.1,5.0,10.868,10.86742239583336,-0.0053147236532949
G03_R0144,G03,train,25,20,1e-06,0.7,0.3,0.1,5.0,11.902,11.903487165893118,0.0124950923636263
G03_R0145,G03,train,25,50,0.001,0.85,0.1,0.1,5.0,12.435,12.442343191874109,0.0590526085573643
G03_R0146,G03,train,25,50,0.001,0.85,0.2,0.1,5.0,13.288,13.291195384424611,0.0240471434724026
G03_R0147,G03,train,25,50,0.001,0.85,0.3,0.1,5.0,14.269,14.284486715503231,0.1085339932947843
G03_R0148,G03,train,25,50,0.001,0.8,0.1,0.1,5.0,12.442,12.45225149742967,0.0823942889380263
G03_R0149,G03,test,25,50,0.001,0.8,0.2,0.1,5.0,13.299,13.294734293650816,-0.0320753917526279
G03_R0150,G03,train,25,50,0.001,0.8,0.3,0.1,5.0,14.281,14.284311567685783,0.0231886260470882
G03_R0151,G03,train,25,50,0.001,0.75,0.1,0.1,5.0,12.45,12.45056937987013,0.0045733322902048
G03_R0152,G03,train,25,50,0.001,0.75,0.2,0.1,5.0,13.31,13.306413799603211,-0.0269436543710687
G03_R0153,G03,train,25,50,0.001,0.75,0.3,0.1,5.0,14.295,14.29677639687046,0.0124267007377501
G03_R0154,G03,train,25,50,0.001,0.7,0.1,0.1,5.0,12.459,12.462650013798704,0.0292962019319608
G03_R0155,G03,train,25,50,0.001,0.7,0.2,0.1,5.0,13.322,13.31734035168654,-0.0349770928798978
G03_R0156,G03,train,25,50,0.001,0.7,0.3,0.1,5.0,14.309,14.316430840818905,0.0519312378146876
G03_R0157,G03,train,25,50,0.0001,0.85,0.1,0.1,5.0,12.874,12.874985810019846,0.0076573716004737
G03_R0158,G03,train,25,50,0.0001,0.85,0.2,0.1,5.0,13.833,13.83784005357144,0.0349891821834768
G03_R0159,G03,train,25,50,0.0001,0.85,0.3,0.1,5.0,15.029,15.037522388843788,0.0567062934579041
G03_R0160,G03,train,25,50,0.0001,0.8,0.1,0.1,5.0,12.878,12.875147557043638,-0.0221497356449923
G03_R0161,G03,train,25,50,0.0001,0.8,0.2,0.1,5.0,13.838,13.844600392857153,0.0476975925505987
G03_R0162,G03,train,25,50,0.0001,0.8,0.3,0.1,5.0,15.036,15.03985358824853,0.0256290785350506
G03_R0163,G03,test,25,50,0.0001,0.75,0.1,0.1,5.0,12.883,12.87612820585317,-0.053340015111609
G03_R0164,G03,train,25,50,0.0001,0.75,0.2,0.1,5.0,13.843,13.852476584325386,0.0684575910235185
G03_R0165,G03,train,25,50,0.0001,0.75,0.3,0.1,5.0,15.042,15.049759232593797,0.0515837827004052
G03_R0166,G03,train,25,50,0.0001,0.7,0.1,0.1,5.0,12.887,12.877507864087272,-0.0736566765944596
G03_R0167,G03,train,25,50,0.0001,0.7,0.2,0.1,5.0,13.849,13.85438594791666,0.0388905185692911
G03_R0168,G03,test,25,50,0.0001,0.7,0.3,0.1,5.0,15.049,15.051249147772362,0.0149454965270934
G03_R0169,G03,train,25,50,1e-05,0.85,0.1,0.1,5.0,12.993,12.99134171297798,-0.0127629263604973
G03_R0170,G03,test,25,50,1e-05,0.85,0.2,0.1,5.0,13.986,13.988928277035429,0.0209372017405133
G03_R0171,G03,train,25,50,1e-05,0.85,0.3,0.1,5.0,15.238,15.24369423908724,0.0373686775642406
G03_R0172,G03,train,25,50,1e-05,0.8,0.1,0.1,5.0,12.994,12.992896562184336,-0.0084919025370565
G03_R0173,G03,train,25,50,1e-05,0.8,0.2,0.1,5.0,13.988,13.988704818702097,0.0050387382191667
G03_R0174,G03,train,25,50,1e-05,0.8,0.3,0.1,5.0,15.24,15.243788893849182,0.0248615081967287
G03_R0175,G03,train,25,50,1e-05,0.75,0.1,0.1,5.0,12.996,12.994455474386722,-0.0118846230630826
G03_R0176,G03,train,25,50,1e-05,0.75,0.2,0.1,5.0,13.99,13.988457007554889,-0.0110292526455565
G03_R0177,G03,train,25,50,1e-05,0.75,0.3,0.1,5.0,15.243,15.246019864087314,0.0198114812524687
G03_R0178,G03,train,25,50,1e-05,0.7,0.1,0.1,5.0,12.997,12.993322057720055,-0.0282983940905029
G03_R0179,G03,test,25,50,1e-05,0.7,0.2,0.1,5.0,13.992,13.988675590888215,-0.0237593561448232
G03_R0180,G03,train,25,50,1e-05,0.7,0.3,0.1,5.0,15.245,15.245962852182512,0.0063158555756919
G03_R0181,G03,train,25,50,1e-06,0.85,0.1,0.1,5.0,13.029,13.027610341991355,-0.0106658838640305
G03_R0182,G03,train,25,50,1e-06,0.85,0.2,0.1,5.0,14.033,14.033569276470017,0.0040566982827417
G03_R0183,G03,train,25,50,1e-06,0.85,0.3,0.1,5.0,15.3,15.30427157390867,0.0279187837167919
G03_R0184,G03,train,25,50,1e-06,0.8,0.1,0.1,5.0,13.03,13.02812096699136,-0.0144208212481828
G03_R0185,G03,test,25,50,1e-06,0.8,0.2,0.1,5.0,14.033,14.03324878837478,0.0017728808863499
G03_R0186,G03,train,25,50,1e-06,0.8,0.3,0.1,5.0,15.3,15.302676508928505,0.0174935224085222
G03_R0187,G03,train,25,50,1e-06,0.75,0.1,0.1,5.0,13.03,13.028521903499314,-0.0113437950935173
G03_R0188,G03,train,25,50,1e-06,0.75,0.2,0.1,5.0,14.034,14.033186743731926,-0.0057949000147803
G03_R0189,G03,train,25,50,1e-06,0.75,0.3,0.1,5.0,15.301,15.301491526289633,0.0032123801688176
G03_R0190,G03,train,25,50,1e-06,0.7,0.1,0.1,5.0,13.03,13.02850911480883,-0.0114419431402056
G03_R0191,G03,test,25,50,1e-06,0.7,0.2,0.1,5.0,14.034,14.03334026456526,-0.0047009792984273
G03_R0192,G03,train,25,50,1e-06,0.7,0.3,0.1,5.0,15.301,15.30155662450391,0.0036378308862785
G03_R0193,G03,train,100,3,0.001,0.85,0.1,0.1,5.0,8.5132,8.520165788460504,0.0818233855718765
G03_R0194,G03,train,100,3,0.001,0.85,0.2,0.1,5.0,9.1522,9.163710715327404,0.1257699277485619
G03_R0195,G03,train,100,3,0.001,0.85,0.3,0.1,5.0,9.9171,9.918188503859987,0.0109760298876456
G03_R0196,G03,train,100,3,0.001,0.8,0.1,0.1,5.0,8.5208,8.520570238460508,-0.0026964784937088
G03_R0197,G03,test,100,3,0.001,0.8,0.2,0.1,5.0,9.1624,9.164864551636922,0.026898537904071
G03_R0198,G03,train,100,3,0.001,0.8,0.3,0.1,5.0,9.9299,9.925622912639769,-0.04307281402867
G03_R0199,G03,train,100,3,0.001,0.75,0.1,0.1,5.0,8.5287,8.527406685881147,-0.0151642585488295
G03_R0200,G03,train,100,3,0.001,0.75,0.2,0.1,5.0,9.1733,9.16663240788692,-0.0726847711628178
G03_R0201,G03,train,100,3,0.001,0.75,0.3,0.1,5.0,9.9435,9.935329566567452,-0.0821685868411354
G03_R0202,G03,train,100,3,0.001,0.7,0.1,0.1,5.0,8.5373,8.531481551059715,-0.0681532678983459
G03_R0203,G03,train,100,3,0.001,0.7,0.2,0.1,5.0,9.1849,9.178203887053572,-0.0729034931945792
G03_R0204,G03,test,100,3,0.001,0.7,0.3,0.1,5.0,9.9581,9.93555115072149,-0.2264372649251294
G03_R0205,G03,train,100,3,0.0001,0.85,0.1,0.1,5.0,8.7941,8.786585341319443,-0.0854511397477589
G03_R0206,G03,test,100,3,0.0001,0.85,0.2,0.1,5.0,9.5045,9.5097942666667,0.0557027373002118
G03_R0207,G03,train,100,3,0.0001,0.85,0.3,0.1,5.0,10.433,10.435584676778085,0.0247740513570864
G03_R0208,G03,test,100,3,0.0001,0.8,0.1,0.1,5.0,8.7973,8.785965817063492,-0.1288370629228097
G03_R0209,G03,train,100,3,0.0001,0.8,0.2,0.1,5.0,9.5089,9.5099945166667,0.0115104446013619
G03_R0210,G03,test,100,3,0.0001,0.8,0.3,0.1,5.0,10.439,10.436223748206665,-0.0265949975412913
G03_R0211,G03,test,100,3,0.0001,0.75,0.1,0.1,5.0,8.8007,8.786787866468261,-0.1580798519633644
G03_R0212,G03,train,100,3,0.0001,0.75,0.2,0.1,5.0,9.5136,9.507087696726218,-0.0684525655249531
G03_R0213,G03,train,100,3,0.0001,0.75,0.3,0.1,5.0,10.445,10.438289794337615,-0.064243232765772
G03_R0214,G03,train,100,3,0.0001,0.7,0.1,0.1,5.0,8.8042,8.788321913194459,-0.1803467300327259
G03_R0215,G03,train,100,3,0.0001,0.7,0.2,0.1,5.0,9.5185,9.50746140863098,-0.1159698625731
G03_R0216,G03,train,100,3,0.0001,0.7,0.3,0.1,5.0,10.451,10.439033068147134,-0.1145051368564359
G03_R0217,G03,train,100,3,1e-05,0.85,0.1,0.1,5.0,8.8721,8.877648096428558,0.0625341962845164
G03_R0218,G03,train,100,3,1e-05,0.85,0.2,0.1,5.0,9.5996,9.603594802629006,0.041614261313029
G03_R0219,G03,train,100,3,1e-05,0.85,0.3,0.1,5.0,10.568,10.565064351461032,-0.0277786576359512
G03_R0220,G03,train,100,3,1e-05,0.8,0.1,0.1,5.0,8.8732,8.877712146428559,0.0508514000423549
G03_R0221,G03,test,100,3,1e-05,0.8,0.2,0.1,5.0,9.6011,9.603492602976235,0.024920092241875
G03_R0222,G03,train,100,3,1e-05,0.8,0.3,0.1,5.0,10.57,10.564861445211031,-0.048614520236209
G03_R0223,G03,test,100,3,1e-05,0.75,0.1,0.1,5.0,8.8743,8.877599852678564,0.0371843714835464
G03_R0224,G03,train,100,3,1e-05,0.75,0.2,0.1,5.0,9.6027,9.604319815625043,0.0168683352082526
G03_R0225,G03,test,100,3,1e-05,0.75,0.3,0.1,5.0,10.572,10.565843553841995,-0.0582335050889491
G03_R0226,G03,train,100,3,1e-05,0.7,0.1,0.1,5.0,8.8755,8.877662533928563,0.0243652067890488
G03_R0227,G03,train,100,3,1e-05,0.7,0.2,0.1,5.0,9.6045,9.604260812946473,-0.0024903644492372
G03_R0228,G03,train,100,3,1e-05,0.7,0.3,0.1,5.0,10.574,10.56662769521105,-0.0697210590973121
G03_R0229,G03,train,100,3,1e-06,0.85,0.1,0.1,5.0,8.8968,8.890173230952378,-0.074484860260124
G03_R0230,G03,train,100,3,1e-06,0.85,0.2,0.1,5.0,9.6278,9.623638389632925,-0.0432249357805275
G03_R0231,G03,train,100,3,1e-06,0.85,0.3,0.1,5.0,10.605,10.596169804067426,-0.0832644595245141
G03_R0232,G03,train,100,3,1e-06,0.8,0.1,0.1,5.0,8.897,8.890253645535713,-0.0758272953162521
G03_R0233,G03,train,100,3,1e-06,0.8,0.2,0.1,5.0,9.6282,9.62378174206348,-0.0458887220510532
G03_R0234,G03,test,100,3,1e-06,0.8,0.3,0.1,5.0,10.605,10.596343876984092,-0.0816230364536425
G03_R0235,G03,test,100,3,1e-06,0.75,0.1,0.1,5.0,8.8973,8.890067301785715,-0.0812909333650066
G03_R0236,G03,train,100,3,1e-06,0.75,0.2,0.1,5.0,9.6286,9.624226832093258,-0.0454185230120892
G03_R0237,G03,train,100,3,1e-06,0.75,0.3,0.1,5.0,10.606,10.597548260912667,-0.0796882810421542
G03_R0238,G03,train,100,3,1e-06,0.7,0.1,0.1,5.0,8.8976,8.890129983035717,-0.0839554145419421
G03_R0239,G03,train,100,3,1e-06,0.7,0.2,0.1,5.0,9.629,9.623894072867069,-0.0530265565783652
G03_R0240,G03,train,100,3,1e-06,0.7,0.3,0.1,5.0,10.606,10.597193817460283,-0.0830301955470162
G03_R0241,G03,train,100,6,0.001,0.85,0.1,0.1,5.0,10.158,10.15300775456352,-0.0491459483803868
G03_R0242,G03,train,100,6,0.001,0.85,0.2,0.1,5.0,10.88,10.884885936507915,0.0449075046683488
G03_R0243,G03,train,100,6,0.001,0.85,0.3,0.1,5.0,11.74,11.751727210768392,0.0998910627631317
G03_R0244,G03,test,100,6,0.001,0.8,0.1,0.1,5.0,10.166,10.15799597896827,-0.0787332385572565
G03_R0245,G03,test,100,6,0.001,0.8,0.2,0.1,5.0,10.891,10.88597072817459,-0.0461782373098023
G03_R0246,G03,train,100,6,0.001,0.8,0.3,0.1,5.0,11.754,11.750213336264428,-0.0322159582743852
G03_R0247,G03,test,100,6,0.001,0.75,0.1,0.1,5.0,10.176,10.163824338095248,-0.1196507655734314
G03_R0248,G03,train,100,6,0.001,0.75,0.2,0.1,5.0,10.904,10.88853787251983,-0.1418023429949545
G03_R0249,G03,train,100,6,0.001,0.75,0.3,0.1,5.0,11.77,11.757584567415224,-0.105483709301409
G03_R0250,G03,train,100,6,0.001,0.7,0.1,0.1,5.0,10.185,10.169128367857155,-0.1558334034643629
G03_R0251,G03,test,100,6,0.001,0.7,0.2,0.1,5.0,10.917,10.888154768353166,-0.2642230617095697
G03_R0252,G03,test,100,6,0.001,0.7,0.3,0.1,5.0,11.786,11.757990338248558,-0.237651974812846
G03_R0253,G03,test,100,6,0.0001,0.85,0.1,0.1,5.0,10.471,10.46928117571246,-0.0164150920403007
G03_R0254,G03,train,100,6,0.0001,0.85,0.2,0.1,5.0,11.267,11.268762786706365,0.0156455729685224
G03_R0255,G03,train,100,6,0.0001,0.85,0.3,0.1,5.0,12.298,12.30088781773089,0.0234820111472631
G03_R0256,G03,train,100,6,0.0001,0.8,0.1,0.1,5.0,10.475,10.47149154743865,-0.0334935805379497
G03_R0257,G03,train,100,6,0.0001,0.8,0.2,0.1,5.0,11.272,11.271636024801598,-0.0032290205677975
G03_R0258,G03,test,100,6,0.0001,0.8,0.3,0.1,5.0,12.305,12.30533664511184,0.002735839998702
G03_R0259,G03,train,100,6,0.0001,0.75,0.1,0.1,5.0,10.479,10.474228776605312,-0.0455312853773021
G03_R0260,G03,train,100,6,0.0001,0.75,0.2,0.1,5.0,11.277,11.273394710813497,-0.0319702863040203
G03_R0261,G03,train,100,6,0.0001,0.75,0.3,0.1,5.0,12.312,12.306615683802322,-0.0437322628141423
G03_R0262,G03,train,100,6,0.0001,0.7,0.1,0.1,5.0,10.483,10.473846669462455,-0.0873159452212658
G03_R0263,G03,train,100,6,0.0001,0.7,0.2,0.1,5.0,11.282,11.272786654265872,-0.081664117480308
G03_R0264,G03,train,100,6,0.0001,0.7,0.3,0.1,5.0,12.319,12.308228585092,-0.087437413004299
G03_R0265,G03,test,100,6,1e-05,0.85,0.1,0.1,5.0,10.558,10.555742504283948,-0.0213818499341872
G03_R0266,G03,train,100,6,1e-05,0.85,0.2,0.1,5.0,11.37,11.374023968749984,0.0353911059805209
G03_R0267,G03,train,100,6,1e-05,0.85,0.3,0.1,5.0,12.442,12.442605643849172,0.0048677370934857
G03_R0268,G03,test,100,6,1e-05,0.8,0.1,0.1,5.0,10.559,10.555808129283951,-0.0302289110336951
G03_R0269,G03,train,100,6,1e-05,0.8,0.2,0.1,5.0,11.372,11.374263421130928,0.0199034570078128
G03_R0270,G03,train,100,6,1e-05,0.8,0.3,0.1,5.0,12.444,12.443057748015836,-0.0075719381562625
G03_R0271,G03,train,100,6,1e-05,0.75,0.1,0.1,5.0,10.56,10.560351570752186,0.003329268486603
G03_R0272,G03,train,100,6,1e-05,0.75,0.2,0.1,5.0,11.374,11.374912186011876,0.0080199227349719
G03_R0273,G03,train,100,6,1e-05,0.75,0.3,0.1,5.0,12.447,12.443711343253955,-0.0264212801963824
G03_R0274,G03,train,100,6,1e-05,0.7,0.1,0.1,5.0,10.562,10.563205115395029,0.0114099166353835
G03_R0275,G03,train,100,6,1e-05,0.7,0.2,0.1,5.0,11.375,11.374669352678543,-0.0029067896391808
G03_R0276,G03,train,100,6,1e-05,0.7,0.3,0.1,5.0,12.45,12.443862928075395,-0.0492937503984248
G03_R0277,G03,test,100,6,1e-06,0.85,0.1,0.1,5.0,10.585,10.556722180871256,-0.2671499209139772
G03_R0278,G03,train,100,6,1e-06,0.85,0.2,0.1,5.0,11.402,11.397941554067524,-0.0355941583272716
G03_R0279,G03,train,100,6,1e-06,0.85,0.3,0.1,5.0,12.481,12.47226394818721,-0.0699948066083604
G03_R0280,G03,test,100,6,1e-06,0.8,0.1,0.1,5.0,10.586,10.55678780587126,-0.2759512009138567
G03_R0281,G03,train,100,6,1e-06,0.8,0.2,0.1,5.0,11.403,11.398322940972283,-0.0410160398817434
G03_R0282,G03,train,100,6,1e-06,0.8,0.3,0.1,5.0,12.482,12.473985293425306,-0.0642101151633805
G03_R0283,G03,test,100,6,1e-06,0.75,0.1,0.1,5.0,10.586,10.561259372339496,-0.2337108224117177
G03_R0284,G03,train,100,6,1e-06,0.75,0.2,0.1,5.0,11.403,11.398913387400864,-0.0358380478745662
G03_R0285,G03,train,100,6,1e-06,0.75,0.3,0.1,5.0,12.483,12.476124583603928,-0.0550782375716897
G03_R0286,G03,train,100,6,1e-06,0.7,0.1,0.1,5.0,10.586,10.564190208649002,-0.2060248568958837
G03_R0287,G03,train,100,6,1e-06,0.7,0.2,0.1,5.0,11.404,11.398588872519912,-0.0474493816212507
G03_R0288,G03,train,100,6,1e-06,0.7,0.3,0.1,5.0,12.483,12.476269271103927,-0.0539191612278428
G03_R0289,G03,train,100,20,0.001,0.85,0.1,0.1,5.0,14.571,14.604696731150774,0.2312588782566367
G03_R0290,G03,train,100,20,0.001,0.85,0.2,0.1,5.0,15.528,15.550580255456373,0.1454163798066209
G03_R0291,G03,train,100,20,0.001,0.85,0.3,0.1,5.0,16.712,16.711728337887845,-0.0016255511737375
G03_R0292,G03,train,100,20,0.001,0.8,0.1,0.1,5.0,14.583,14.589797459415554,0.046612215700153
G03_R0293,G03,train,100,20,0.001,0.8,0.2,0.1,5.0,15.545,15.55192800545637,0.0445674201117391
G03_R0294,G03,train,100,20,0.001,0.8,0.3,0.1,5.0,16.732,16.727375003066392,-0.0276416264260543
G03_R0295,G03,train,100,20,0.001,0.75,0.1,0.1,5.0,14.596,14.59958838550682,0.0245847184627291
G03_R0296,G03,test,100,20,0.001,0.75,0.2,0.1,5.0,15.562,15.561345274801626,-0.004207204719016
G03_R0297,G03,test,100,20,0.001,0.75,0.3,0.1,5.0,16.753,16.737381820030638,-0.0932261682645615
G03_R0298,G03,train,100,20,0.001,0.7,0.1,0.1,5.0,14.61,14.594635209911573,-0.1051662565942958
G03_R0299,G03,train,100,20,0.001,0.7,0.2,0.1,5.0,15.581,15.558559645833382,-0.1440238377935779
G03_R0300,G03,test,100,20,0.001,0.7,0.3,0.1,5.0,16.776,16.752590183125875,-0.1395434959115689
G03_R0301,G03,train,100,20,0.0001,0.85,0.1,0.1,5.0,15.007,15.00684294543649,-0.0010465420371093
G03_R0302,G03,test,100,20,0.0001,0.85,0.2,0.1,5.0,16.057,16.056241415178565,-0.0047243247271178
G03_R0303,G03,train,100,20,0.0001,0.85,0.3,0.1,5.0,17.464,17.471904117920293,0.0452594933594473
G03_R0304,G03,test,100,20,0.0001,0.8,0.1,0.1,5.0,15.012,15.006693362103157,-0.0353493065337318
G03_R0305,G03,train,100,20,0.0001,0.8,0.2,0.1,5.0,16.064,16.05620779017856,-0.0485072822549719
G03_R0306,G03,train,100,20,0.0001,0.8,0.3,0.1,5.0,17.473,17.47040454946791,-0.0148540635957622
G03_R0307,G03,train,100,20,0.0001,0.75,0.1,0.1,5.0,15.017,15.0069234454365,-0.0671009826429971
G03_R0308,G03,train,100,20,0.0001,0.75,0.2,0.1,5.0,16.072,16.05835855059523,-0.0848771117768117
G03_R0309,G03,train,100,20,0.0001,0.75,0.3,0.1,5.0,17.483,17.47479221018217,-0.0469472620135629
G03_R0310,G03,train,100,20,0.0001,0.7,0.1,0.1,5.0,15.023,15.00692671626984,-0.1069911717377342
G03_R0311,G03,test,100,20,0.0001,0.7,0.2,0.1,5.0,16.079,16.058439258928562,-0.1278732574876458
G03_R0312,G03,train,100,20,0.0001,0.7,0.3,0.1,5.0,17.493,17.477304019705972,-0.0897272068486046
G03_R0313,G03,train,100,20,1e-05,0.85,0.1,0.1,5.0,15.123,15.126843097853556,0.0254122717288763
G03_R0314,G03,train,100,20,1e-05,0.85,0.2,0.1,5.0,16.194,16.195941135416682,0.0119867569265328
G03_R0315,G03,train,100,20,1e-05,0.85,0.3,0.1,5.0,17.653,17.654221329861183,0.0069185399715896
G03_R0316,G03,train,100,20,1e-05,0.8,0.1,0.1,5.0,15.125,15.127256338924989,0.0149179433056977
G03_R0317,G03,train,100,20,1e-05,0.8,0.2,0.1,5.0,16.197,16.197022003472238,0.0001358490599426
G03_R0318,G03,train,100,20,1e-05,0.8,0.3,0.1,5.0,17.656,17.654402520337364,-0.0090478005359947
G03_R0319,G03,train,100,20,1e-05,0.75,0.1,0.1,5.0,15.127,15.127869368686929,0.0057471321936015
G03_R0320,G03,train,100,20,1e-05,0.75,0.2,0.1,5.0,16.199,16.19848962996035,-0.0031506268266713
G03_R0321,G03,train,100,20,1e-05,0.75,0.3,0.1,5.0,17.659,17.65523003521832,-0.0213486878174227
G03_R0322,G03,train,100,20,1e-05,0.7,0.1,0.1,5.0,15.129,15.127488065115504,-0.0099936207581192
G03_R0323,G03,train,100,20,1e-05,0.7,0.2,0.1,5.0,16.202,16.19967963690478,-0.0143214609012617
G03_R0324,G03,test,100,20,1e-05,0.7,0.3,0.1,5.0,17.663,17.655319868551654,-0.043481466615785
G03_R0325,G03,train,100,20,1e-06,0.85,0.1,0.1,5.0,15.161,15.156782063627409,-0.0278209641355615
G03_R0326,G03,train,100,20,1e-06,0.85,0.2,0.1,5.0,16.234,16.220950541170655,-0.0803835088662474
G03_R0327,G03,test,100,20,1e-06,0.85,0.3,0.1,5.0,17.704,17.68951117592829,-0.0818392683671049
G03_R0328,G03,train,100,20,1e-06,0.8,0.1,0.1,5.0,15.162,15.157028771960745,-0.0327874161671033
G03_R0329,G03,test,100,20,1e-06,0.8,0.2,0.1,5.0,16.235,16.22186348363099,-0.0809147913089568
G03_R0330,G03,train,100,20,1e-06,0.8,0.3,0.1,5.0,17.705,17.690239842594952,-0.0833671697545677
G03_R0331,G03,train,100,20,1e-06,0.75,0.1,0.1,5.0,15.162,15.157486742198856,-0.0297669027908263
G03_R0332,G03,train,100,20,1e-06,0.75,0.2,0.1,5.0,16.235,16.224026239583374,-0.0675932270811553
G03_R0333,G03,train,100,20,1e-06,0.75,0.3,0.1,5.0,17.706,17.69225354051162,-0.0776372952015189
G03_R0334,G03,train,100,20,1e-06,0.7,0.1,0.1,5.0,15.162,15.157242740710767,-0.0313761989792462
G03_R0335,G03,train,100,20,1e-06,0.7,0.2,0.1,5.0,16.236,16.225011663194472,-0.0676788421133812
G03_R0336,G03,train,100,20,1e-06,0.7,0.3,0.1,5.0,17.707,17.69230562384495,-0.0829862548994884
G03_R0337,G03,train,100,50,0.001,0.85,0.1,0.1,5.0,19.784,19.739840353400044,-0.2232088890009832
G03_R0338,G03,train,100,50,0.001,0.85,0.2,0.1,5.0,21.046,21.06636452759748,0.0967619861136525
G03_R0339,G03,train,100,50,0.001,0.85,0.3,0.1,5.0,22.629,22.62837751240077,-0.0027508400690559
G03_R0340,G03,train,100,50,0.001,0.8,0.1,0.1,5.0,19.801,19.740600575126223,-0.3050321947061867
G03_R0341,G03,train,100,50,0.001,0.8,0.2,0.1,5.0,21.068,21.08184254694268,0.0657041339599389
G03_R0342,G03,test,100,50,0.001,0.8,0.3,0.1,5.0,22.656,22.63913859573413,-0.0744235710887354
G03_R0343,G03,test,100,50,0.001,0.75,0.1,0.1,5.0,19.82,19.744294179292893,-0.3819668047785411
G03_R0344,G03,train,100,50,0.001,0.75,0.2,0.1,5.0,21.091,21.08783315805376,-0.0150151341626246
G03_R0345,G03,train,100,50,0.001,0.75,0.3,0.1,5.0,22.686,22.672417120039658,-0.0598734019233992
G03_R0346,G03,train,100,50,0.001,0.7,0.1,0.1,5.0,19.839,19.74412886679289,-0.4782052180407455
G03_R0347,G03,train,100,50,0.001,0.7,0.2,0.1,5.0,21.115,21.09699465507758,-0.0852727678068587
G03_R0348,G03,train,100,50,0.001,0.7,0.3,0.1,5.0,22.718,22.67601240128965,-0.1848208412287592
G03_R0349,G03,train,100,50,0.0001,0.85,0.1,0.1,5.0,20.188,20.17834328851015,-0.0478339186142748
G03_R0350,G03,train,100,50,0.0001,0.85,0.2,0.1,5.0,21.762,21.77111973128609,0.0419066780906524
G03_R0351,G03,train,100,50,0.0001,0.85,0.3,0.1,5.0,23.676,23.681248218750014,0.0221668303345808
G03_R0352,G03,train,100,50,0.0001,0.8,0.1,0.1,5.0,20.195,20.181035880772058,-0.0691464185587656
G03_R0353,G03,train,100,50,0.0001,0.8,0.2,0.1,5.0,21.772,21.77107906461942,-0.0042299071310731
G03_R0354,G03,train,100,50,0.0001,0.8,0.3,0.1,5.0,23.688,23.68250848611112,-0.0231826827460356
G03_R0355,G03,train,100,50,0.0001,0.75,0.1,0.1,5.0,20.202,20.18390006380776,-0.0895947737463597
G03_R0356,G03,train,100,50,0.0001,0.75,0.2,0.1,5.0,21.782,21.775721087932947,-0.0288261503399733
G03_R0357,G03,train,100,50,0.0001,0.75,0.3,0.1,5.0,23.702,23.688430689980184,-0.0572496414640882
G03_R0358,G03,train,100,50,0.0001,0.7,0.1,0.1,5.0,20.21,20.183726105474424,-0.1300044261532753
G03_R0359,G03,train,100,50,0.0001,0.7,0.2,0.1,5.0,21.793,21.775603105790093,-0.0798278998297887
G03_R0360,G03,train,100,50,0.0001,0.7,0.3,0.1,5.0,23.717,23.688826877480174,-0.1187887275786176
G03_R0361,G03,train,100,50,1e-05,0.85,0.1,0.1,5.0,20.347,20.356889982392644,0.0486065876671895
G03_R0362,G03,train,100,50,1e-05,0.85,0.2,0.1,5.0,21.94,21.940986485615085,0.0044962881270893
G03_R0363,G03,train,100,50,1e-05,0.85,0.3,0.1,5.0,23.925,23.938818437003977,0.0577573124513131
G03_R0364,G03,train,100,50,1e-05,0.8,0.1,0.1,5.0,20.35,20.35765797346408,0.0376313192337954
G03_R0365,G03,train,100,50,1e-05,0.8,0.2,0.1,5.0,21.943,21.94124956894841,-0.0079771729097515
G03_R0366,G03,train,100,50,1e-05,0.8,0.3,0.1,5.0,23.93,23.937686163194453,0.0321193614477774
G03_R0367,G03,test,100,50,1e-05,0.75,0.1,0.1,5.0,20.352,20.35876165649979,0.0332235480532161
G03_R0368,G03,train,100,50,1e-05,0.75,0.2,0.1,5.0,21.947,21.94275229365082,-0.0193543825998062
G03_R0369,G03,test,100,50,1e-05,0.75,0.3,0.1,5.0,23.936,23.942129963789725,0.02560980861349
G03_R0370,G03,train,100,50,1e-05,0.7,0.1,0.1,5.0,20.355,20.358272836559312,0.0160787843739206
G03_R0371,G03,train,100,50,1e-05,0.7,0.2,0.1,5.0,21.951,21.942776308531776,-0.037463857993823
G03_R0372,G03,test,100,50,1e-05,0.7,0.3,0.1,5.0,23.941,23.94178094295639,0.003261947940323
G03_R0373,G03,train,100,50,1e-06,0.85,0.1,0.1,5.0,20.398,20.389670475944108,-0.0408350037057153
G03_R0374,G03,test,100,50,1e-06,0.85,0.2,0.1,5.0,21.995,21.990106935019764,-0.0222462604239019
G03_R0375,G03,test,100,50,1e-06,0.85,0.3,0.1,5.0,23.992,23.967364136679358,-0.1026836583888251
G03_R0376,G03,train,100,50,1e-06,0.8,0.1,0.1,5.0,20.399,20.390920550348877,-0.0396070868725299
G03_R0377,G03,train,100,50,1e-06,0.8,0.2,0.1,5.0,21.996,21.990106935019764,-0.0267915301883746
G03_R0378,G03,train,100,50,1e-06,0.8,0.3,0.1,5.0,23.993,23.967241455131735,-0.1073585832045199
G03_R0379,G03,train,100,50,1e-06,0.75,0.1,0.1,5.0,20.4,20.39268983755125,-0.0358341296507349
G03_R0380,G03,train,100,50,1e-06,0.75,0.2,0.1,5.0,21.996,21.990833475198325,-0.0234884742756557
G03_R0381,G03,train,100,50,1e-06,0.75,0.3,0.1,5.0,23.995,23.972810486381785,-0.0924755724868476
G03_R0382,G03,train,100,50,1e-06,0.7,0.1,0.1,5.0,20.4,20.39212505927744,-0.0386026506007778
G03_R0383,G03,train,100,50,1e-06,0.7,0.2,0.1,5.0,21.997,21.99120575843244,-0.0263410536325884
G03_R0384,G03,train,100,50,1e-06,0.7,0.3,0.1,5.0,23.996,23.97310659203655,-0.0954051006978152
G03_R0385,G03,train,250,3,0.001,0.85,0.1,0.1,5.0,10.985,10.990866842757944,0.0534077629307643
G03_R0386,G03,test,250,3,0.001,0.85,0.2,0.1,5.0,11.781,11.780188588293614,-0.0068874603716736
G03_R0387,G03,train,250,3,0.001,0.85,0.3,0.1,5.0,12.758,12.773273812996038,0.1197194936199955
G03_R0388,G03,train,250,3,0.001,0.8,0.1,0.1,5.0,10.996,10.988241382440483,-0.0705585445572684
G03_R0389,G03,test,250,3,0.001,0.8,0.2,0.1,5.0,11.796,11.780104921626949,-0.1347497318841343
G03_R0390,G03,train,250,3,0.001,0.8,0.3,0.1,5.0,12.777,12.774950158234136,-0.016043216450355
G03_R0391,G03,train,250,3,0.001,0.75,0.1,0.1,5.0,11.008,10.99948748958334,-0.0773302181745973
G03_R0392,G03,train,250,3,0.001,0.75,0.2,0.1,5.0,11.812,11.792298532738064,-0.1667919680150299
G03_R0393,G03,train,250,3,0.001,0.75,0.3,0.1,5.0,12.796,12.784627389880956,-0.0888762903957721
G03_R0394,G03,train,250,3,0.001,0.7,0.1,0.1,5.0,11.021,10.99912930505953,-0.1984456486749952
G03_R0395,G03,train,250,3,0.001,0.7,0.2,0.1,5.0,11.828,11.79248213690473,-0.3002862960371035
G03_R0396,G03,train,250,3,0.001,0.7,0.3,0.1,5.0,12.816,12.787480252976197,-0.2225323581757481
G03_R0397,G03,train,250,3,0.0001,0.85,0.1,0.1,5.0,11.233,11.246566492559513,0.1207735472225628
G03_R0398,G03,train,250,3,0.0001,0.85,0.2,0.1,5.0,12.066,12.076426992063505,0.0864163108196774
G03_R0399,G03,train,250,3,0.0001,0.85,0.3,0.1,5.0,13.194,13.211712522321507,0.1342467964340474
G03_R0400,G03,train,250,3,0.0001,0.8,0.1,0.1,5.0,11.237,11.246625273809515,0.0856569708064009
G03_R0401,G03,train,250,3,0.0001,0.8,0.2,0.1,5.0,12.072,12.076590825396837,0.0380287060705551
G03_R0402,G03,train,250,3,0.0001,0.8,0.3,0.1,5.0,13.203,13.21243365625008,0.0714508539731851
G03_R0403,G03,train,250,3,0.0001,0.75,0.1,0.1,5.0,11.242,11.24803514583332,0.0536839159697354
G03_R0404,G03,train,250,3,0.0001,0.75,0.2,0.1,5.0,12.08,12.07861815476192,-0.0114391162092627
G03_R0405,G03,train,250,3,0.0001,0.75,0.3,0.1,5.0,13.212,13.215958224206434,0.0299593112809095
G03_R0406,G03,train,250,3,0.0001,0.7,0.1,0.1,5.0,11.247,11.247281398809513,0.0025019899485438
G03_R0407,G03,train,250,3,0.0001,0.7,0.2,0.1,5.0,12.087,12.078076791666684,-0.073824839358949
G03_R0408,G03,train,250,3,0.0001,0.7,0.3,0.1,5.0,13.221,13.21575256795643,-0.0396901296692352
G03_R0409,G03,train,250,3,1e-05,0.85,0.1,0.1,5.0,11.297,11.299389300099206,0.021149863673586
G03_R0410,G03,train,250,3,1e-05,0.85,0.2,0.1,5.0,12.098,12.09803601785719,0.0002977174507291
G03_R0411,G03,train,250,3,1e-05,0.85,0.3,0.1,5.0,13.258,13.259608341765908,0.0121311039818144
G03_R0412,G03,train,250,3,1e-05,0.8,0.1,0.1,5.0,11.298,11.29900488045635,0.0088943216175394
G03_R0413,G03,train,250,3,1e-05,0.8,0.2,0.1,5.0,12.101,12.098577622023855,-0.0200179983153777
G03_R0414,G03,train,250,3,1e-05,0.8,0.3,0.1,5.0,13.262,13.260595350694482,-0.01059153450097
G03_R0415,G03,train,250,3,1e-05,0.75,0.1,0.1,5.0,11.3,11.297968953869054,-0.0179738595659003
G03_R0416,G03,train,250,3,1e-05,0.75,0.2,0.1,5.0,12.104,12.099659798611125,-0.0358575792207225
G03_R0417,G03,train,250,3,1e-05,0.75,0.3,0.1,5.0,13.266,13.26242679761908,-0.0269350398079322
G03_R0418,G03,train,250,3,1e-05,0.7,0.1,0.1,5.0,11.301,11.297267766369057,-0.0330256935753039
G03_R0419,G03,test,250,3,1e-05,0.7,0.2,0.1,5.0,12.108,12.09936370634922,-0.0713271692334086
G03_R0420,G03,train,250,3,1e-05,0.7,0.3,0.1,5.0,13.271,13.262473870535745,-0.064246322539807
G03_R0421,G03,train,250,3,1e-06,0.85,0.1,0.1,5.0,11.319,11.307989474206405,-0.0972747220920376
G03_R0422,G03,test,250,3,1e-06,0.85,0.2,0.1,5.0,12.098,12.098256638392913,0.002121329086726
G03_R0423,G03,train,250,3,1e-06,0.85,0.3,0.1,5.0,13.252,13.254084057043656,0.0157263586149645
G03_R0424,G03,train,250,3,1e-06,0.8,0.1,0.1,5.0,11.319,11.30736410664688,-0.102799658566316
G03_R0425,G03,train,250,3,1e-06,0.8,0.2,0.1,5.0,12.099,12.098776950892915,-0.0018435334084197
G03_R0426,G03,train,250,3,1e-06,0.8,0.3,0.1,5.0,13.254,13.254880565972233,0.0066437752545123
G03_R0427,G03,test,250,3,1e-06,0.75,0.1,0.1,5.0,11.32,11.30554637351196,-0.127682212791886
G03_R0428,G03,train,250,3,1e-06,0.75,0.2,0.1,5.0,12.1,12.10001802331352,0.0001489530042889
G03_R0429,G03,train,250,3,1e-06,0.75,0.3,0.1,5.0,13.255,13.256150828373023,0.0086822208451481
G03_R0430,G03,test,250,3,1e-06,0.7,0.1,0.1,5.0,11.32,11.304778477678626,-0.1344657448884636
G03_R0431,G03,train,250,3,1e-06,0.7,0.2,0.1,5.0,12.101,12.09962341021828,-0.0113758349038991
G03_R0432,G03,train,250,3,1e-06,0.7,0.3,0.1,5.0,13.257,13.256368145337303,-0.0047661964448701
G03_R0433,G03,train,250,6,0.001,0.85,0.1,0.1,5.0,13.496,13.5030893936723,0.0525295915256289
G03_R0434,G03,train,250,6,0.001,0.85,0.2,0.1,5.0,14.458,14.475654794507577,0.1221109040501898
G03_R0435,G03,train,250,6,0.001,0.85,0.3,0.1,5.0,15.63,15.645130985434744,0.0968073284372652
G03_R0436,G03,train,250,6,0.001,0.8,0.1,0.1,5.0,13.51,13.503724107958012,-0.0464536790672643
G03_R0437,G03,test,250,6,0.001,0.8,0.2,0.1,5.0,14.475,14.4851743525433,0.0702891367412812
G03_R0438,G03,test,250,6,0.001,0.8,0.3,0.1,5.0,15.652,15.648308943768065,-0.0235820101708059
G03_R0439,G03,test,250,6,0.001,0.75,0.1,0.1,5.0,13.524,13.503890009743738,-0.1486985378309723
G03_R0440,G03,train,250,6,0.001,0.75,0.2,0.1,5.0,14.494,14.484472063852822,-0.0657371060244089
G03_R0441,G03,train,250,6,0.001,0.75,0.3,0.1,5.0,15.675,15.65772081132758,-0.1102340585162371
G03_R0442,G03,train,250,6,0.001,0.7,0.1,0.1,5.0,13.54,13.503777718077073,-0.2675205459595871
G03_R0443,G03,train,250,6,0.001,0.7,0.2,0.1,5.0,14.514,14.483811330717902,-0.2079968945989884
G03_R0444,G03,train,250,6,0.001,0.7,0.3,0.1,5.0,15.7,15.656277980970444,-0.278484197640481
G03_R0445,G03,train,250,6,0.0001,0.85,0.1,0.1,5.0,13.79,13.8100953075397,0.145723767510527
G03_R0446,G03,train,250,6,0.0001,0.85,0.2,0.1,5.0,14.791,14.800031498015896,0.0610607667899088
G03_R0447,G03,train,250,6,0.0001,0.85,0.3,0.1,5.0,16.137,16.1614341968344,0.1514172202664612
G03_R0448,G03,test,250,6,0.0001,0.8,0.1,0.1,5.0,13.795,13.810818667658744,0.1146695734595542
G03_R0449,G03,train,250,6,0.0001,0.8,0.2,0.1,5.0,14.799,14.804339349206376,0.0360791216053458
G03_R0450,G03,train,250,6,0.0001,0.8,0.3,0.1,5.0,16.148,16.16340336102092,0.0953886612640512
G03_R0451,G03,train,250,6,0.0001,0.75,0.1,0.1,5.0,13.8,13.81437120932542,0.1041391980102755
G03_R0452,G03,train,250,6,0.0001,0.75,0.2,0.1,5.0,14.808,14.80690588789684,-0.0073886554778544
G03_R0453,G03,train,250,6,0.0001,0.75,0.3,0.1,5.0,16.159,16.16480869137807,0.0359470968381166
G03_R0454,G03,train,250,6,0.0001,0.7,0.1,0.1,5.0,13.806,13.813771740575412,0.0562924856976263
G03_R0455,G03,train,250,6,0.0001,0.7,0.2,0.1,5.0,14.817,14.806217622023826,-0.0727703177173095
G03_R0456,G03,test,250,6,0.0001,0.7,0.3,0.1,5.0,16.17,16.165853055961403,-0.0256459124217614
G03_R0457,G03,test,250,6,1e-05,0.85,0.1,0.1,5.0,13.865,13.864182702831922,-0.0058946784571093
G03_R0458,G03,train,250,6,1e-05,0.85,0.2,0.1,5.0,14.823,14.822365377976226,-0.0042813332238717
G03_R0459,G03,train,250,6,1e-05,0.85,0.3,0.1,5.0,16.208,16.207192540584412,-0.0049818572037664
G03_R0460,G03,train,250,6,1e-05,0.8,0.1,0.1,5.0,13.867,13.864881854617636,-0.0152747197112937
G03_R0461,G03,train,250,6,1e-05,0.8,0.2,0.1,5.0,14.827,14.825868580357184,-0.0076308062508639
G03_R0462,G03,train,250,6,1e-05,0.8,0.3,0.1,5.0,16.213,16.209245362509026,-0.0231581909022049
G03_R0463,G03,train,250,6,1e-05,0.75,0.1,0.1,5.0,13.869,13.866770958784317,-0.0160721120173273
G03_R0464,G03,train,250,6,1e-05,0.75,0.2,0.1,5.0,14.831,14.827528364267696,-0.0234079679880215
G03_R0465,G03,train,250,6,1e-05,0.75,0.3,0.1,5.0,16.218,16.212207987509014,-0.0357134818780712
G03_R0466,G03,train,250,6,1e-05,0.7,0.1,0.1,5.0,13.871,13.866235341224783,-0.0343497857055401
G03_R0467,G03,train,250,6,1e-05,0.7,0.2,0.1,5.0,14.835,14.827285274981982,-0.0520035390496727
G03_R0468,G03,train,250,6,1e-05,0.7,0.3,0.1,5.0,16.224,16.213387622925683,-0.0654115943929778
G03_R0469,G03,test,250,6,1e-06,0.85,0.1,0.1,5.0,13.892,13.881073690431124,-0.0786518108902603
G03_R0470,G03,test,250,6,1e-06,0.85,0.2,0.1,5.0,14.817,14.818030849702351,0.0069572093024987
G03_R0471,G03,train,250,6,1e-06,0.85,0.3,0.1,5.0,16.199,16.200456932012433,0.0089939626670221
G03_R0472,G03,train,250,6,1e-06,0.8,0.1,0.1,5.0,13.893,13.88193909221684,-0.079614970007638
G03_R0473,G03,train,250,6,1e-06,0.8,0.2,0.1,5.0,14.818,14.820937346726168,0.0198228284935136
G03_R0474,G03,train,250,6,1e-06,0.8,0.3,0.1,5.0,16.201,16.202078969214813,0.0066598926906548
G03_R0475,G03,train,250,6,1e-06,0.75,0.1,0.1,5.0,13.893,13.883234446383518,-0.0702911798494366
G03_R0476,G03,train,250,6,1e-06,0.75,0.2,0.1,5.0,14.82,14.821989356827167,0.0134234603722465
G03_R0477,G03,train,250,6,1e-06,0.75,0.3,0.1,5.0,16.203,16.204310592726685,0.0080885806744779
G03_R0478,G03,train,250,6,1e-06,0.7,0.1,0.1,5.0,13.893,13.88316626632399,-0.0707819310156988
G03_R0479,G03,train,250,6,1e-06,0.7,0.2,0.1,5.0,14.821,14.821893184208122,0.0060264773505304
G03_R0480,G03,train,250,6,1e-06,0.7,0.3,0.1,5.0,16.206,16.20545063885764,-0.0033898626580164
G03_R0481,G03,test,250,20,0.001,0.85,0.1,0.1,5.0,19.957,19.910768526289672,-0.2316554277212428
G03_R0482,G03,train,250,20,0.001,0.85,0.2,0.1,5.0,21.395,21.409238383342363,0.0665500506770878
G03_R0483,G03,test,250,20,0.001,0.85,0.3,0.1,5.0,23.1,23.134084720012638,0.1475529004875871
G03_R0484,G03,train,250,20,0.001,0.8,0.1,0.1,5.0,19.978,19.91058423462301,-0.3374500219090799
G03_R0485,G03,train,250,20,0.001,0.8,0.2,0.1,5.0,21.422,21.413571064889982,-0.0393470969564848
G03_R0486,G03,train,250,20,0.001,0.8,0.3,0.1,5.0,23.133,23.132369401560243,-0.0027259691339456
G03_R0487,G03,train,250,20,0.001,0.75,0.1,0.1,5.0,20.0,19.916535444895374,-0.4173227755231323
G03_R0488,G03,train,250,20,0.001,0.75,0.2,0.1,5.0,21.449,21.42856286846144,-0.0952824445827978
G03_R0489,G03,test,250,20,0.001,0.75,0.3,0.1,5.0,23.168,23.132817353941185,-0.151858796869882
G03_R0490,G03,test,250,20,0.001,0.7,0.1,0.1,5.0,20.024,19.91699383031204,-0.5343895809426857
G03_R0491,G03,train,250,20,0.001,0.7,0.2,0.1,5.0,21.478,21.428051470734168,-0.2325567057725741
G03_R0492,G03,train,250,20,0.001,0.7,0.3,0.1,5.0,23.205,23.14116511386183,-0.2750910844135628
G03_R0493,G03,test,250,20,0.0001,0.85,0.1,0.1,5.0,20.39,20.42536310019837,0.1734335468287116
G03_R0494,G03,train,250,20,0.0001,0.85,0.2,0.1,5.0,21.884,21.90188372668651,0.0817205569663201
G03_R0495,G03,train,250,20,0.0001,0.85,0.3,0.1,5.0,23.92,23.948379381448422,0.1186428990318733
G03_R0496,G03,train,250,20,0.0001,0.8,0.1,0.1,5.0,20.398,20.425334266865043,0.1340046419504048
G03_R0497,G03,train,250,20,0.0001,0.8,0.2,0.1,5.0,21.896,21.901254539186503,0.0239977127626161
G03_R0498,G03,train,250,20,0.0001,0.8,0.3,0.1,5.0,23.936,23.94900057341272,0.0543138929341498
G03_R0499,G03,train,250,20,0.0001,0.75,0.1,0.1,5.0,20.407,20.425541021329312,0.09085618331608
G03_R0500,G03,train,250,20,0.0001,0.75,0.2,0.1,5.0,21.909,21.91062848611112,0.0074329550007738
G03_R0501,G03,train,250,20,0.0001,0.75,0.3,0.1,5.0,23.952,23.95528959821429,0.0137341274811455
G03_R0502,G03,train,250,20,0.0001,0.7,0.1,0.1,5.0,20.416,20.42442065674597,0.0412453798293927
G03_R0503,G03,train,250,20,0.0001,0.7,0.2,0.1,5.0,21.923,21.910286826884903,-0.0579901159288956
G03_R0504,G03,train,250,20,0.0001,0.7,0.3,0.1,5.0,23.969,23.95551047916665,-0.0562790305534068
G03_R0505,G03,train,250,20,1e-05,0.85,0.1,0.1,5.0,20.492,20.493075590773856,0.0052488325876189
G03_R0506,G03,train,250,20,1e-05,0.85,0.2,0.1,5.0,21.928,21.92016783680555,-0.0357176358739988
G03_R0507,G03,train,250,20,1e-05,0.85,0.3,0.1,5.0,24.02,24.020549263167368,0.0022866909549052
G03_R0508,G03,train,250,20,1e-05,0.8,0.1,0.1,5.0,20.494,20.49299931994052,-0.0048827952546119
G03_R0509,G03,train,250,20,1e-05,0.8,0.2,0.1,5.0,21.933,21.91941473263888,-0.0619398502763825
G03_R0510,G03,test,250,20,1e-05,0.8,0.3,0.1,5.0,24.028,24.021372279536426,-0.0275833213899481
G03_R0511,G03,train,250,20,1e-05,0.75,0.1,0.1,5.0,20.497,20.493878220238088,-0.0152304228029081
G03_R0512,G03,train,250,20,1e-05,0.75,0.2,0.1,5.0,21.94,21.926879175595182,-0.0598032105962412
G03_R0513,G03,train,250,20,1e-05,0.75,0.3,0.1,5.0,24.037,24.02434978052849,-0.052628112790725
G03_R0514,G03,train,250,20,1e-05,0.7,0.1,0.1,5.0,20.5,20.49243267857141,-0.0369137630662854
G03_R0515,G03,train,250,20,1e-05,0.7,0.2,0.1,5.0,21.946,21.923744278273748,-0.1014112901041344
G03_R0516,G03,train,250,20,1e-05,0.7,0.3,0.1,5.0,24.046,24.025750713068163,-0.084210625184381
G03_R0517,G03,train,250,20,1e-06,0.85,0.1,0.1,5.0,20.529,20.52390529960332,-0.0248170899541089
G03_R0518,G03,test,250,20,1e-06,0.85,0.2,0.1,5.0,21.856,21.891991917162773,0.1646775126407925
G03_R0519,G03,train,250,20,1e-06,0.85,0.3,0.1,5.0,24.001,24.006215712572136,0.0217312302492995
G03_R0520,G03,train,250,20,1e-06,0.8,0.1,0.1,5.0,20.529,20.52382902876999,-0.0251886172244709
G03_R0521,G03,train,250,20,1e-06,0.8,0.2,0.1,5.0,21.857,21.89108358382944,0.1559389844417918
G03_R0522,G03,train,250,20,1e-06,0.8,0.3,0.1,5.0,24.004,24.006996853941185,0.0124848106198299
G03_R0523,G03,train,250,20,1e-06,0.75,0.1,0.1,5.0,20.53,20.524995375496147,-0.0243771286110784
G03_R0524,G03,test,250,20,1e-06,0.75,0.2,0.1,5.0,21.859,21.89737397916671,0.1755523087364784
G03_R0525,G03,train,250,20,1e-06,0.75,0.3,0.1,5.0,24.008,24.01040721802849,0.0100267328744213
G03_R0526,G03,train,250,20,1e-06,0.7,0.1,0.1,5.0,20.531,20.52439914632948,-0.0321506681141676
G03_R0527,G03,train,250,20,1e-06,0.7,0.2,0.1,5.0,21.861,21.894012894345277,0.1510127365869483
G03_R0528,G03,train,250,20,1e-06,0.7,0.3,0.1,5.0,24.012,24.01185356723483,-0.0006098316057402
G03_R0529,G03,train,250,50,0.001,0.85,0.1,0.1,5.0,27.522,27.52365291071425,0.0060057797916301
G03_R0530,G03,train,250,50,0.001,0.85,0.2,0.1,5.0,29.571,29.592877277281705,0.0739822031101528
G03_R0531,G03,train,250,50,0.001,0.85,0.3,0.1,5.0,32.071,32.07862851388887,0.0237863299830843
G03_R0532,G03,train,250,50,0.001,0.8,0.1,0.1,5.0,27.551,27.5263545833333,-0.0894538008300866
G03_R0533,G03,train,250,50,0.001,0.8,0.2,0.1,5.0,29.605,29.596424077876947,-0.028967816662908
G03_R0534,G03,test,250,50,0.001,0.8,0.3,0.1,5.0,32.117,32.07923001984127,-0.1176012085771658
G03_R0535,G03,train,250,50,0.001,0.75,0.1,0.1,5.0,27.583,27.538924056547582,-0.1597938710525052
G03_R0536,G03,train,250,50,0.001,0.75,0.2,0.1,5.0,29.641,29.611148045138865,-0.1007116995416252
G03_R0537,G03,train,250,50,0.001,0.75,0.3,0.1,5.0,32.162,32.10035416269839,-0.1916728975238217
G03_R0538,G03,train,250,50,0.001,0.7,0.1,0.1,5.0,27.617,27.54249709821426,-0.2697718861054493
G03_R0539,G03,train,250,50,0.001,0.7,0.2,0.1,5.0,29.679,29.612050690972197,-0.2255780485454539
G03_R0540,G03,train,250,50,0.001,0.7,0.3,0.1,5.0,32.209,32.11085126686507,-0.3047245587721885
G03_R0541,G03,train,250,50,0.0001,0.85,0.1,0.1,5.0,28.143,28.18713033928569,0.1568075162054159
G03_R0542,G03,train,250,50,0.0001,0.85,0.2,0.1,5.0,30.302,30.3215706220238,0.0645852485769897
G03_R0543,G03,train,250,50,0.0001,0.85,0.3,0.1,5.0,33.26,33.29970212847219,0.119368997210442
G03_R0544,G03,train,250,50,0.0001,0.8,0.1,0.1,5.0,28.154,28.188415053571408,0.1222385933487527
G03_R0545,G03,test,250,50,0.0001,0.8,0.2,0.1,5.0,30.321,30.33339389880953,0.0408756268247222
G03_R0546,G03,train,250,50,0.0001,0.8,0.3,0.1,5.0,33.282,33.30076220486108,0.0563734296649341
G03_R0547,G03,train,250,50,0.0001,0.75,0.1,0.1,5.0,28.166,28.18664013690473,0.0732803270067985
G03_R0548,G03,test,250,50,0.0001,0.75,0.2,0.1,5.0,30.34,30.340388471230128,0.0012803929799863
G03_R0549,G03,train,250,50,0.0001,0.75,0.3,0.1,5.0,33.305,33.30791999950386,0.0087674508447967
G03_R0550,G03,test,250,50,0.0001,0.7,0.1,0.1,5.0,28.179,28.18635451190474,0.0260992650723596
G03_R0551,G03,train,250,50,0.0001,0.7,0.2,0.1,5.0,30.362,30.34333475843252,-0.061475665527565
G03_R0552,G03,train,250,50,0.0001,0.7,0.3,0.1,5.0,33.329,33.30897391765862,-0.0600860582117116
G03_R0553,G03,test,250,50,1e-05,0.85,0.1,0.1,5.0,28.295,28.305651785062157,0.0376454676167219
G03_R0554,G03,train,250,50,1e-05,0.85,0.2,0.1,5.0,30.336,30.32360618452381,-0.0408551406783601
G03_R0555,G03,train,250,50,1e-05,0.85,0.3,0.1,5.0,33.384,33.38353653869055,-0.0013882737522494
G03_R0556,G03,test,250,50,1e-05,0.8,0.1,0.1,5.0,28.299,28.30665535649073,0.027051685539171
G03_R0557,G03,train,250,50,1e-05,0.8,0.2,0.1,5.0,30.344,30.334647107142867,-0.0308228739030246
G03_R0558,G03,train,250,50,1e-05,0.8,0.3,0.1,5.0,33.395,33.38501774007944,-0.0298914805227199
G03_R0559,G03,train,250,50,1e-05,0.75,0.1,0.1,5.0,28.303,28.295327686847877,-0.0271077735650909
G03_R0560,G03,train,250,50,1e-05,0.75,0.2,0.1,5.0,30.353,30.34155511706347,-0.0377059366010941
G03_R0561,G03,test,250,50,1e-05,0.75,0.3,0.1,5.0,33.408,33.384393999008026,-0.0706597251914972
G03_R0562,G03,test,250,50,1e-05,0.7,0.1,0.1,5.0,28.308,28.29493977018121,-0.0461361799448599
G03_R0563,G03,train,250,50,1e-05,0.7,0.2,0.1,5.0,30.363,30.344501404265863,-0.0609247957518585
G03_R0564,G03,train,250,50,1e-05,0.7,0.3,0.1,5.0,33.422,33.38631066716278,-0.1067839531961438
G03_R0565,G03,train,250,50,1e-06,0.85,0.1,0.1,5.0,28.354,28.31947501918913,-0.1217640573141875
G03_R0566,G03,train,250,50,1e-06,0.85,0.2,0.1,5.0,30.19,30.195764459325336,0.0190939361554631
G03_R0567,G03,train,250,50,1e-06,0.85,0.3,0.1,5.0,33.347,33.35721344692448,0.0306277833822369
G03_R0568,G03,train,250,50,1e-06,0.8,0.1,0.1,5.0,28.355,28.320478590617707,-0.121747167632845
G03_R0569,G03,train,250,50,1e-06,0.8,0.2,0.1,5.0,30.192,30.19697188789677,0.0164675672256519
G03_R0570,G03,train,250,50,1e-06,0.8,0.3,0.1,5.0,33.351,33.358267728670505,0.0217916364442021
G03_R0571,G03,train,250,50,1e-06,0.75,0.1,0.1,5.0,28.249,28.307739940320094,0.2079363528623837
G03_R0572,G03,train,250,50,1e-06,0.75,0.2,0.1,5.0,30.195,30.197401670634815,0.007953868636588
G03_R0573,G03,train,250,50,1e-06,0.75,0.3,0.1,5.0,33.357,33.35899817212293,0.005990263281864
G03_R0574,G03,train,250,50,1e-06,0.7,0.1,0.1,5.0,28.356,28.307637648653422,-0.1705542084446884
G03_R0575,G03,train,250,50,1e-06,0.7,0.2,0.1,5.0,30.198,30.198441450396725,0.0014618530920084
G03_R0576,G03,train,250,50,1e-06,0.7,0.3,0.1,5.0,33.362,33.36097879861102,-0.0030609717312507
G03_R0577,G03,train,500,3,0.001,0.85,0.1,0.1,5.0,13.786,13.865975428075371,0.5801206156635246
G03_R0578,G03,train,500,3,0.001,0.85,0.2,0.1,5.0,14.824,14.879629823412683,0.3752686414779094
G03_R0579,G03,test,500,3,0.001,0.85,0.3,0.1,5.0,16.122,16.27741771974207,0.964010170835309
G03_R0580,G03,test,500,3,0.001,0.8,0.1,0.1,5.0,13.801,13.875463611111089,0.5395522868711584
G03_R0581,G03,train,500,3,0.001,0.8,0.2,0.1,5.0,14.842,14.88220080839644,0.2708584314542516
G03_R0582,G03,train,500,3,0.001,0.8,0.3,0.1,5.0,16.147,16.27573263640874,0.7972542045503314
G03_R0583,G03,train,500,3,0.001,0.75,0.1,0.1,5.0,13.818,13.873495843253949,0.4016199396001388
G03_R0584,G03,test,500,3,0.001,0.75,0.2,0.1,5.0,14.862,14.884670124864694,0.152537510864583
G03_R0585,G03,train,500,3,0.001,0.75,0.3,0.1,5.0,16.173,16.28060783779763,0.665354837059483
G03_R0586,G03,test,500,3,0.001,0.7,0.1,0.1,5.0,13.835,13.874442864087287,0.2850947892105989
G03_R0587,G03,train,500,3,0.001,0.7,0.2,0.1,5.0,14.882,14.889487086309517,0.0503096781986098
G03_R0588,G03,test,500,3,0.001,0.7,0.3,0.1,5.0,16.199,16.293471970238112,0.5831963098840095
G03_R0589,G03,train,500,3,0.0001,0.85,0.1,0.1,5.0,13.967,13.946596393849186,-0.146084385700686
G03_R0590,G03,train,500,3,0.0001,0.85,0.2,0.1,5.0,14.992,14.955843732187938,-0.2411704096322197
G03_R0591,G03,train,500,3,0.0001,0.85,0.3,0.1,5.0,16.428,16.39253704730338,-0.215868959682367
G03_R0592,G03,test,500,3,0.0001,0.8,0.1,0.1,5.0,13.967,13.956330755456328,-0.0763889492637822
G03_R0593,G03,train,500,3,0.0001,0.8,0.2,0.1,5.0,15.002,14.959327856060586,-0.2844430338582499
G03_R0594,G03,train,500,3,0.0001,0.8,0.3,0.1,5.0,16.44,16.390851963970054,-0.2989539904498032
G03_R0595,G03,train,500,3,0.0001,0.75,0.1,0.1,5.0,13.973,13.954869047122996,-0.1297570520074664
G03_R0596,G03,test,500,3,0.0001,0.75,0.2,0.1,5.0,15.012,14.96140588086218,-0.3370245079790824
G03_R0597,G03,train,500,3,0.0001,0.75,0.3,0.1,5.0,16.452,16.396339394525615,-0.338321210031526
G03_R0598,G03,train,500,3,0.0001,0.7,0.1,0.1,5.0,13.98,13.955756172123,-0.1734179390343289
G03_R0599,G03,train,500,3,0.0001,0.7,0.2,0.1,5.0,15.023,14.965131863140332,-0.3851969437506998
G03_R0600,G03,train,500,3,0.0001,0.7,0.3,0.1,5.0,16.464,16.40743836029943,-0.3435473742745893
G03_R0601,G03,train,500,3,1e-05,0.85,0.1,0.1,5.0,13.981,13.975307007936513,-0.0407194911915254
G03_R0602,G03,train,500,3,1e-05,0.85,0.2,0.1,5.0,14.881,14.890969037698431,0.0669917189599671
G03_R0603,G03,test,500,3,1e-05,0.85,0.3,0.1,5.0,16.342,16.35347014570846,0.0701881392024317
G03_R0604,G03,train,500,3,1e-05,0.8,0.1,0.1,5.0,13.982,13.982230000496038,0.0016449756546913
G03_R0605,G03,train,500,3,1e-05,0.8,0.2,0.1,5.0,14.887,14.892809250856793,0.0390223070920427
G03_R0606,G03,train,500,3,1e-05,0.8,0.3,0.1,5.0,16.349,16.35213224987513,0.019158663374698
G03_R0607,G03,train,500,3,1e-05,0.75,0.1,0.1,5.0,13.984,13.980759155257957,-0.0231753771599208
G03_R0608,G03,train,500,3,1e-05,0.75,0.2,0.1,5.0,14.893,14.89548987387267,0.0167184171937761
G03_R0609,G03,train,500,3,1e-05,0.75,0.3,0.1,5.0,16.357,16.352372766740217,-0.0282890093524626
G03_R0610,G03,train,500,3,1e-05,0.7,0.1,0.1,5.0,13.987,13.98164628025796,-0.038276397669548
G03_R0611,G03,test,500,3,1e-05,0.7,0.2,0.1,5.0,14.9,14.899566897817492,-0.002906726057106
G03_R0612,G03,train,500,3,1e-05,0.7,0.3,0.1,5.0,16.366,16.36287981584737,-0.0190650382049875
G03_R0613,G03,train,500,3,1e-06,0.85,0.1,0.1,5.0,13.995,13.979618503472278,-0.1099070848711803
G03_R0614,G03,train,500,3,1e-06,0.85,0.2,0.1,5.0,14.793,14.808275943452424,0.1032646755385963
G03_R0615,G03,train,500,3,1e-06,0.85,0.3,0.1,5.0,16.242,16.262218683531753,0.1244839522949878
G03_R0616,G03,train,500,3,1e-06,0.8,0.1,0.1,5.0,13.995,13.986393704365137,-0.0614955029286366
G03_R0617,G03,train,500,3,1e-06,0.8,0.2,0.1,5.0,14.796,14.808037983495716,0.0813597154346869
G03_R0618,G03,train,500,3,1e-06,0.8,0.3,0.1,5.0,16.246,16.26077380853176,0.0909381295811928
G03_R0619,G03,test,500,3,1e-06,0.75,0.1,0.1,5.0,13.996,13.98464351686514,-0.0811409197975091
G03_R0620,G03,train,500,3,1e-06,0.75,0.2,0.1,5.0,14.799,14.808993492424266,0.0675281601747847
G03_R0621,G03,train,500,3,1e-06,0.75,0.3,0.1,5.0,16.251,16.265809289186524,0.0911284793952571
G03_R0622,G03,test,500,3,1e-06,0.7,0.1,0.1,5.0,13.996,13.985580537698478,-0.0744460010111612
G03_R0623,G03,train,500,3,1e-06,0.7,0.2,0.1,5.0,14.802,14.812947186011932,0.073957478799708
G03_R0624,G03,train,500,3,1e-06,0.7,0.3,0.1,5.0,16.255,16.270229202877005,0.0936893440603234
G03_R0625,G03,train,500,6,0.001,0.85,0.1,0.1,5.0,17.19,17.233403252976164,0.2524912913098447
G03_R0626,G03,train,500,6,0.001,0.85,0.2,0.1,5.0,18.499,18.57655564912521,0.4192423867518032
G03_R0627,G03,train,500,6,0.001,0.85,0.3,0.1,5.0,20.177,20.24757542460317,0.3497815562430997
G03_R0628,G03,train,500,6,0.001,0.8,0.1,0.1,5.0,17.209,17.23387223214283,0.1445303744716696
G03_R0629,G03,test,500,6,0.001,0.8,0.2,0.1,5.0,18.523,18.580759983946653,0.3118284508268257
G03_R0630,G03,train,500,6,0.001,0.8,0.3,0.1,5.0,20.21,20.25193070287699,0.2074750266055878
G03_R0631,G03,train,500,6,0.001,0.75,0.1,0.1,5.0,17.23,17.240219080357083,0.0593098105460364
G03_R0632,G03,train,500,6,0.001,0.75,0.2,0.1,5.0,18.547,18.58071235001807,0.1817671322481853
G03_R0633,G03,train,500,6,0.001,0.75,0.3,0.1,5.0,20.245,20.28349082837309,0.1901251092767851
G03_R0634,G03,train,500,6,0.001,0.7,0.1,0.1,5.0,17.251,17.241155309523755,-0.0570673611746921
G03_R0635,G03,train,500,6,0.001,0.7,0.2,0.1,5.0,18.573,18.582830126803785,0.052926973584151
G03_R0636,G03,train,500,6,0.001,0.7,0.3,0.1,5.0,20.281,20.289643706349267,0.042619724615493
G03_R0637,G03,test,500,6,0.0001,0.85,0.1,0.1,5.0,17.405,17.3933767454455,-0.0667811235535783
G03_R0638,G03,train,500,6,0.0001,0.85,0.2,0.1,5.0,18.703,18.67274192807541,-0.1617819169362607
G03_R0639,G03,train,500,6,0.0001,0.85,0.3,0.1,5.0,20.538,20.456235107142835,-0.3981151663120348
G03_R0640,G03,train,500,6,0.0001,0.8,0.1,0.1,5.0,17.395,17.394014057945498,-0.0056679623713824
G03_R0641,G03,train,500,6,0.0001,0.8,0.2,0.1,5.0,18.715,18.67719963789684,-0.2019789586062455
G03_R0642,G03,test,500,6,0.0001,0.8,0.3,0.1,5.0,20.552,20.463374947916645,-0.4312234920365654
G03_R0643,G03,test,500,6,0.0001,0.75,0.1,0.1,5.0,17.403,17.395775669552663,-0.0415119832634376
G03_R0644,G03,train,500,6,0.0001,0.75,0.2,0.1,5.0,18.727,18.680088840277797,-0.2505001320137059
G03_R0645,G03,train,500,6,0.0001,0.75,0.3,0.1,5.0,20.566,20.487688238591254,-0.3807826578272157
G03_R0646,G03,test,500,6,0.0001,0.7,0.1,0.1,5.0,17.412,17.39662427371933,-0.0883053427559727
G03_R0647,G03,train,500,6,0.0001,0.7,0.2,0.1,5.0,18.74,18.68181659623017,-0.3104770745455064
G03_R0648,G03,train,500,6,0.0001,0.7,0.3,0.1,5.0,20.581,20.49111452728172,-0.4367400647115444
G03_R0649,G03,test,500,6,1e-05,0.85,0.1,0.1,5.0,17.408,17.403102549016925,-0.0281333351509442
G03_R0650,G03,test,500,6,1e-05,0.85,0.2,0.1,5.0,18.519,18.529534123196264,0.0568827863073894
G03_R0651,G03,test,500,6,1e-05,0.85,0.3,0.1,5.0,20.364,20.34562118898816,-0.0902514781567609
G03_R0652,G03,train,500,6,1e-05,0.8,0.1,0.1,5.0,17.407,17.40391173651692,-0.0177415033209564
G03_R0653,G03,train,500,6,1e-05,0.8,0.2,0.1,5.0,18.527,18.530201645517693,0.0172809711107655
G03_R0654,G03,train,500,6,1e-05,0.8,0.3,0.1,5.0,20.374,20.350850678571486,-0.1136218780235218
G03_R0655,G03,train,500,6,1e-05,0.75,0.1,0.1,5.0,17.41,17.40574134812409,-0.024460952762272
G03_R0656,G03,train,500,6,1e-05,0.75,0.2,0.1,5.0,18.529,18.53212813658911,0.0168823821529052
G03_R0657,G03,train,500,6,1e-05,0.75,0.3,0.1,5.0,20.384,20.370162426091312,-0.0678844873856369
G03_R0658,G03,train,500,6,1e-05,0.7,0.1,0.1,5.0,17.412,17.406580452290758,-0.0311253601495598
G03_R0659,G03,train,500,6,1e-05,0.7,0.2,0.1,5.0,18.537,18.536551874684346,-0.0024174640753812
G03_R0660,G03,test,500,6,1e-05,0.7,0.3,0.1,5.0,20.395,20.373648673115103,-0.1046890261578499
G03_R0661,G03,train,500,6,1e-06,0.85,0.1,0.1,5.0,17.425,17.420367400703405,-0.0265859357049952
G03_R0662,G03,train,500,6,1e-06,0.85,0.2,0.1,5.0,18.402,18.41862903075399,0.0903653448211584
G03_R0663,G03,train,500,6,1e-06,0.85,0.3,0.1,5.0,20.234,20.257950655528585,0.1183683677403556
G03_R0664,G03,train,500,6,1e-06,0.8,0.1,0.1,5.0,17.426,17.421240254870074,-0.0273140429813149
G03_R0665,G03,train,500,6,1e-06,0.8,0.2,0.1,5.0,18.405,18.4194602137897,0.0785667687568612
G03_R0666,G03,train,500,6,1e-06,0.8,0.3,0.1,5.0,20.239,20.259413686778583,0.1008631196135284
G03_R0667,G03,train,500,6,1e-06,0.75,0.1,0.1,5.0,17.426,17.42192847461213,-0.0233646584865605
G03_R0668,G03,train,500,6,1e-06,0.75,0.2,0.1,5.0,18.409,18.4220613625992,0.0709509620251108
G03_R0669,G03,train,500,6,1e-06,0.75,0.3,0.1,5.0,20.245,20.27487162477454,0.1475506286714726
G03_R0670,G03,train,500,6,1e-06,0.7,0.1,0.1,5.0,17.427,17.422527162112132,-0.025666138106773
G03_R0671,G03,train,500,6,1e-06,0.7,0.2,0.1,5.0,18.413,18.424169645337297,0.0606617353896548
G03_R0672,G03,train,500,6,1e-06,0.7,0.3,0.1,5.0,20.251,20.280739690250726,0.1468554157855177
G03_R0673,G03,train,500,20,0.001,0.85,0.1,0.1,5.0,25.986,26.075408081349227,0.3440625003818464
G03_R0674,G03,train,500,20,0.001,0.85,0.2,0.1,5.0,28.208,28.28042874729434,0.2567666877990015
G03_R0675,G03,train,500,20,0.001,0.85,0.3,0.1,5.0,30.839,30.933087921401487,0.3050939440367342
G03_R0676,G03,train,500,20,0.001,0.8,0.1,0.1,5.0,26.019,26.075259965277795,0.2162264701863876
G03_R0677,G03,train,500,20,0.001,0.8,0.2,0.1,5.0,28.242,28.276527739853872,0.122256709347324
G03_R0678,G03,train,500,20,0.001,0.8,0.3,0.1,5.0,30.884,30.940450879734826,0.1827835763982169
G03_R0679,G03,train,500,20,0.001,0.75,0.1,0.1,5.0,26.053,26.072755922123044,0.0758297398497016
G03_R0680,G03,test,500,20,0.001,0.75,0.2,0.1,5.0,28.274,28.26377728945704,-0.0361558695018815
G03_R0681,G03,train,500,20,0.001,0.75,0.3,0.1,5.0,30.934,30.947465716405077,0.0435304726355214
G03_R0682,G03,test,500,20,0.001,0.7,0.1,0.1,5.0,26.089,26.07332310962304,-0.0600900393919232
G03_R0683,G03,test,500,20,0.001,0.7,0.2,0.1,5.0,28.313,28.264257018623702,-0.172157600311846
G03_R0684,G03,train,500,20,0.001,0.7,0.3,0.1,5.0,30.986,30.976514948547937,-0.0306107643841208
G03_R0685,G03,train,500,20,0.0001,0.85,0.1,0.1,5.0,26.332,26.25661887522548,-0.2862719306339045
G03_R0686,G03,train,500,20,0.0001,0.85,0.2,0.1,5.0,28.453,28.331326149080112,-0.4276310087508766
G03_R0687,G03,train,500,20,0.0001,0.85,0.3,0.1,5.0,31.502,31.3180086195436,-0.5840625371608192
G03_R0688,G03,train,500,20,0.0001,0.8,0.1,0.1,5.0,26.237,26.24746260628605,0.0398772965127534
G03_R0689,G03,train,500,20,0.0001,0.8,0.2,0.1,5.0,28.472,28.32856370413965,-0.5037801905744267
G03_R0690,G03,train,500,20,0.0001,0.8,0.3,0.1,5.0,31.524,31.3316338100198,-0.6102213868170347
G03_R0691,G03,test,500,20,0.0001,0.75,0.1,0.1,5.0,26.25,26.24448120896461,-0.0210239658490861
G03_R0692,G03,test,500,20,0.0001,0.75,0.2,0.1,5.0,28.493,28.31666004540948,-0.6188886905223068
G03_R0693,G03,test,500,20,0.0001,0.75,0.3,0.1,5.0,31.546,31.317189991928164,-0.7253217779491404
G03_R0694,G03,train,500,20,0.0001,0.7,0.1,0.1,5.0,26.264,26.24400614497652,-0.0761264659742712
G03_R0695,G03,test,500,20,0.0001,0.7,0.2,0.1,5.0,28.514,28.317139774576145,-0.6903984899482877
G03_R0696,G03,train,500,20,0.0001,0.7,0.3,0.1,5.0,31.568,31.342996000856747,-0.7127597540016929
G03_R0697,G03,train,500,20,1e-05,0.85,0.1,0.1,5.0,26.275,26.277213070932607,0.0084227247673015
G03_R0698,G03,train,500,20,1e-05,0.85,0.2,0.1,5.0,27.986,27.96413528999816,-0.0781273136634137
G03_R0699,G03,train,500,20,1e-05,0.85,0.3,0.1,5.0,30.977,30.99594157738095,0.0611472298187366
G03_R0700,G03,train,500,20,1e-05,0.8,0.1,0.1,5.0,26.266,26.27035458621939,0.0165787947132884
G03_R0701,G03,train,500,20,1e-05,0.8,0.2,0.1,5.0,27.957,27.96206577362912,0.0181198756272846
G03_R0702,G03,train,500,20,1e-05,0.8,0.3,0.1,5.0,30.993,30.99601562103176,0.009730006878189
G03_R0703,G03,test,500,20,1e-05,0.75,0.1,0.1,5.0,26.27,26.269735293064617,-0.0010076396474408
G03_R0704,G03,train,500,20,1e-05,0.75,0.2,0.1,5.0,27.97,27.954145138708487,-0.0566852387969679
G03_R0705,G03,train,500,20,1e-05,0.75,0.3,0.1,5.0,31.009,30.991118255321084,-0.0576663055207094
G03_R0706,G03,train,500,20,1e-05,0.7,0.1,0.1,5.0,26.274,26.26924070824319,-0.0181140738251215
G03_R0707,G03,train,500,20,1e-05,0.7,0.2,0.1,5.0,27.983,27.955721620851342,-0.0974819681544443
G03_R0708,G03,train,500,20,1e-05,0.7,0.3,0.1,5.0,31.026,31.006499413059192,-0.0628524042442074
G03_R0709,G03,test,500,20,1e-06,0.85,0.1,0.1,5.0,26.306,26.293611715277837,-0.0470930005404365
G03_R0710,G03,train,500,20,1e-06,0.85,0.2,0.1,5.0,27.796,27.811507262310627,0.0557895463758376
G03_R0711,G03,train,500,20,1e-06,0.85,0.3,0.1,5.0,30.767,30.806292333333328,0.1277093422606318
G03_R0712,G03,train,500,20,1e-06,0.8,0.1,0.1,5.0,26.307,26.29376792658737,-0.0502986787266789
G03_R0713,G03,train,500,20,1e-06,0.8,0.2,0.1,5.0,27.801,27.81024197064396,0.0332433029170275
G03_R0714,G03,train,500,20,1e-06,0.8,0.3,0.1,5.0,30.775,30.81032671031745,0.1147902853532165
G03_R0715,G03,train,500,20,1e-06,0.75,0.1,0.1,5.0,26.308,26.29383791319451,-0.053831864092639
G03_R0716,G03,train,500,20,1e-06,0.75,0.2,0.1,5.0,27.808,27.809817842667808,0.0065371212162269
G03_R0717,G03,test,500,20,1e-06,0.75,0.3,0.1,5.0,30.784,30.804061910578994,0.0651699278163832
G03_R0718,G03,train,500,20,1e-06,0.7,0.1,0.1,5.0,26.309,26.29333280753974,-0.0595506954284078
G03_R0719,G03,train,500,20,1e-06,0.7,0.2,0.1,5.0,27.814,27.811529928977333,-0.0088806752810365
G03_R0720,G03,train,500,20,1e-06,0.7,0.3,0.1,5.0,30.793,30.818749309388533,0.0836206585540015
G03_R0721,G03,test,500,50,0.001,0.85,0.1,0.1,5.0,36.267,36.08834062549596,-0.4926224239778405
G03_R0722,G03,train,500,50,0.001,0.85,0.2,0.1,5.0,39.184,39.25208305467799,0.1737521811912811
G03_R0723,G03,train,500,50,0.001,0.85,0.3,0.1,5.0,42.795,42.81110378373019,0.0376300589559238
G03_R0724,G03,train,500,50,0.001,0.8,0.1,0.1,5.0,35.967,36.07305414930547,0.2948651522380833
G03_R0725,G03,test,500,50,0.001,0.8,0.2,0.1,5.0,39.228,39.26947761568991,0.1057347193073993
G03_R0726,G03,train,500,50,0.001,0.8,0.3,0.1,5.0,42.861,42.85570295188497,-0.0123586666550603
G03_R0727,G03,train,500,50,0.001,0.75,0.1,0.1,5.0,36.01,36.06862927430548,0.1628138692182206
G03_R0728,G03,train,500,50,0.001,0.75,0.2,0.1,5.0,39.277,39.28010775408278,0.0079124018707554
G03_R0729,G03,test,500,50,0.001,0.75,0.3,0.1,5.0,42.929,42.91364995337298,-0.0357568231894994
G03_R0730,G03,train,500,50,0.001,0.7,0.1,0.1,5.0,36.058,36.06565579414674,0.021231887921523
G03_R0731,G03,train,500,50,0.001,0.7,0.2,0.1,5.0,39.326,39.287920714896266,-0.0968297948017447
G03_R0732,G03,test,500,50,0.001,0.7,0.3,0.1,5.0,43.006,42.90644854712298,-0.2314827067781608
G03_R0733,G03,train,500,50,0.0001,0.85,0.1,0.1,5.0,36.489,36.39970541269845,-0.2447164551002903
G03_R0734,G03,train,500,50,0.0001,0.85,0.2,0.1,5.0,39.507,39.43037151003514,-0.1939618041482622
G03_R0735,G03,train,500,50,0.0001,0.85,0.3,0.1,5.0,43.473,43.25751648313488,-0.4956720651096551
G03_R0736,G03,train,500,50,0.0001,0.8,0.1,0.1,5.0,36.378,36.36669797916667,-0.0310682853189476
G03_R0737,G03,train,500,50,0.0001,0.8,0.2,0.1,5.0,39.533,39.45394051152324,-0.1999835288917071
G03_R0738,G03,train,500,50,0.0001,0.8,0.3,0.1,5.0,43.501,43.27203444742064,-0.5263454922400878
G03_R0739,G03,test,500,50,0.0001,0.75,0.1,0.1,5.0,36.393,36.36252034226193,-0.0837514295003707
G03_R0740,G03,train,500,50,0.0001,0.75,0.2,0.1,5.0,39.56,39.46223173324944,-0.2471391980550133
G03_R0741,G03,train,500,50,0.0001,0.75,0.3,0.1,5.0,43.524,43.307342390872975,-0.4977888271460017
G03_R0742,G03,test,500,50,0.0001,0.7,0.1,0.1,5.0,36.413,36.36173461210321,-0.1407886960612526
G03_R0743,G03,train,500,50,0.0001,0.7,0.2,0.1,5.0,39.588,39.473128063110536,-0.2901685785830671
G03_R0744,G03,train,500,50,0.0001,0.7,0.3,0.1,5.0,43.549,43.30397428670632,-0.5626437192442663
G03_R0745,G03,train,500,50,1e-05,0.85,0.1,0.1,5.0,36.407,36.41972545734129,0.0349533258474934
G03_R0746,G03,train,500,50,1e-05,0.85,0.2,0.1,5.0,38.846,38.76668722073416,-0.2041723195846188
G03_R0747,G03,test,500,50,1e-05,0.85,0.3,0.1,5.0,42.687,42.48390117509917,-0.4757861290341964
G03_R0748,G03,test,500,50,1e-05,0.8,0.1,0.1,5.0,36.408,36.38959731547618,-0.0505457166661743
G03_R0749,G03,test,500,50,1e-05,0.8,0.2,0.1,5.0,38.713,38.76763392460313,0.1411255252838345
G03_R0750,G03,test,500,50,1e-05,0.8,0.3,0.1,5.0,42.708,42.48103796676585,-0.531427445055146
G03_R0751,G03,train,500,50,1e-05,0.75,0.1,0.1,5.0,36.41,36.3860741577381,-0.0657122830593133
G03_R0752,G03,test,500,50,1e-05,0.75,0.2,0.1,5.0,38.724,38.77797177579361,0.1393755185249796
G03_R0753,G03,test,500,50,1e-05,0.75,0.3,0.1,5.0,42.728,42.52294945932542,-0.4798973522621797
G03_R0754,G03,train,500,50,1e-05,0.7,0.1,0.1,5.0,36.416,36.38579930853177,-0.0829324787681892
G03_R0755,G03,test,500,50,1e-05,0.7,0.2,0.1,5.0,38.741,38.80865157440473,0.1746252662675922
G03_R0756,G03,train,500,50,1e-05,0.7,0.3,0.1,5.0,42.75,42.55546312152778,-0.455057025666013
G03_R0757,G03,train,500,50,1e-06,0.85,0.1,0.1,5.0,36.462,36.43311288839281,-0.0792252526114592
G03_R0758,G03,train,500,50,1e-06,0.85,0.2,0.1,5.0,38.607,38.75944032490082,0.394851516307465
G03_R0759,G03,train,500,50,1e-06,0.85,0.3,0.1,5.0,42.4,42.44848562152776,0.1143528809616987
G03_R0760,G03,test,500,50,1e-06,0.8,0.1,0.1,5.0,36.463,36.40525491914676,-0.1583662366048805
G03_R0761,G03,train,500,50,1e-06,0.8,0.2,0.1,5.0,38.614,38.75582117460313,0.3672791593803552
G03_R0762,G03,train,500,50,1e-06,0.8,0.3,0.1,5.0,42.41,42.44365355902776,0.0793528861772271
G03_R0763,G03,test,500,50,1e-06,0.75,0.1,0.1,5.0,36.464,36.40126480307536,-0.1720469419828924
G03_R0764,G03,train,500,50,1e-06,0.75,0.2,0.1,5.0,38.623,38.76764954662694,0.3745166005409833
G03_R0765,G03,train,500,50,1e-06,0.75,0.3,0.1,5.0,42.421,42.49717945039687,0.1795795723742287
G03_R0766,G03,train,500,50,1e-06,0.7,0.1,0.1,5.0,36.466,36.40098995386902,-0.1782757805379779
G03_R0767,G03,test,500,50,1e-06,0.7,0.2,0.1,5.0,38.631,38.79562840773806,0.4261562158319927
G03_R0768,G03,train,500,50,1e-06,0.7,0.3,0.1,5.0,42.433,42.53510798462304,0.2406334329956384
G04_R0001,G04,test,25,3,0.001,0.85,0.1,0.2,4.0,6.6073,6.625394406696414,0.273854777237509
G04_R0002,G04,test,25,3,0.001,0.85,0.2,0.2,4.0,7.1374,7.158359128918658,0.2936521551077069
G04_R0003,G04,train,25,3,0.001,0.85,0.3,0.2,4.0,7.7562,7.773514672519841,0.2232365400562314
G04_R0004,G04,train,25,3,0.001,0.8,0.1,0.2,4.0,6.6123,6.626095686904751,0.2086367361546036
G04_R0005,G04,train,25,3,0.001,0.8,0.2,0.2,4.0,7.1444,7.158068777876989,0.1913215648198395
G04_R0006,G04,test,25,3,0.001,0.8,0.3,0.2,4.0,7.7641,7.784058471726194,0.2570609822927838
G04_R0007,G04,train,25,3,0.001,0.75,0.1,0.2,4.0,6.6175,6.630567336755936,0.1974663657867232
G04_R0008,G04,test,25,3,0.001,0.75,0.2,0.2,4.0,7.1517,7.164407839484128,0.1776897728390206
G04_R0009,G04,test,25,3,0.001,0.75,0.3,0.2,4.0,7.7725,7.790590134126983,0.2327453731358409
G04_R0010,G04,test,25,3,0.001,0.7,0.1,0.2,4.0,6.6229,6.632417190773797,0.143701260381365
G04_R0011,G04,train,25,3,0.001,0.7,0.2,0.2,4.0,7.1594,7.166366216865085,0.097301685407789
G04_R0012,G04,train,25,3,0.001,0.7,0.3,0.2,4.0,7.7815,7.7915764971726205,0.1294929920018011
G04_R0013,G04,train,25,3,0.0001,0.85,0.1,0.2,4.0,6.9242,6.936354504761904,0.1755365928468855
G04_R0014,G04,train,25,3,0.0001,0.85,0.2,0.2,4.0,7.5582,7.569408736210309,0.1482990157750337
G04_R0015,G04,train,25,3,0.0001,0.85,0.3,0.2,4.0,8.3914,8.408369368303584,0.2022233274969939
G04_R0016,G04,test,25,3,0.0001,0.8,0.1,0.2,4.0,6.9272,6.936361216369046,0.1322499187124088
G04_R0017,G04,train,25,3,0.0001,0.8,0.2,0.2,4.0,7.5619,7.569663328869041,0.1026637335727935
G04_R0018,G04,test,25,3,0.0001,0.8,0.3,0.2,4.0,8.3961,8.412197192460319,0.1917222574804749
G04_R0019,G04,train,25,3,0.0001,0.75,0.1,0.2,4.0,6.9302,6.93699862901786,0.0981014836203844
G04_R0020,G04,train,25,3,0.0001,0.75,0.2,0.2,4.0,7.5658,7.572689237499978,0.0910576211369326
G04_R0021,G04,train,25,3,0.0001,0.75,0.3,0.2,4.0,8.401,8.415811919516592,0.1763113857468462
G04_R0022,G04,train,25,3,0.0001,0.7,0.1,0.2,4.0,6.9334,6.9372016035218245,0.0548302928119635
G04_R0023,G04,train,25,3,0.0001,0.7,0.2,0.2,4.0,7.5698,7.577394763045622,0.1003297715345497
G04_R0024,G04,train,25,3,0.0001,0.7,0.3,0.2,4.0,8.406,8.41505642978446,0.1077376848020432
G04_R0025,G04,train,25,3,1e-05,0.85,0.1,0.2,4.0,7.011,7.019272564930555,0.1179940797397606
G04_R0026,G04,test,25,3,1e-05,0.85,0.2,0.2,4.0,7.6779,7.693273996185061,0.2002369942961092
G04_R0027,G04,test,25,3,1e-05,0.85,0.3,0.2,4.0,8.5694,8.5844745719742,0.175911638786844
G04_R0028,G04,test,25,3,1e-05,0.8,0.1,0.2,4.0,7.012,7.018732932787697,0.096020148141718
G04_R0029,G04,train,25,3,1e-05,0.8,0.2,0.2,4.0,7.6793,7.6917609827426,0.1622671694373198
G04_R0030,G04,train,25,3,1e-05,0.8,0.3,0.2,4.0,8.5712,8.584489240674602,0.1550452757443806
G04_R0031,G04,train,25,3,1e-05,0.75,0.1,0.2,4.0,7.0131,7.017562593849204,0.0636322574782145
G04_R0032,G04,train,25,3,1e-05,0.75,0.2,0.2,4.0,7.6806,7.690589287405301,0.1300586855883716
G04_R0033,G04,train,25,3,1e-05,0.75,0.3,0.2,4.0,8.5729,8.586620707936499,0.1600474511133693
G04_R0034,G04,train,25,3,1e-05,0.7,0.1,0.2,4.0,7.0142,7.01839564191468,0.0598163997986912
G04_R0035,G04,train,25,3,1e-05,0.7,0.2,0.2,4.0,7.682,7.690500536661257,0.1106552546375487
G04_R0036,G04,train,25,3,1e-05,0.7,0.3,0.2,4.0,8.5748,8.586693732341258,0.1387056530911328
G04_R0037,G04,train,25,3,1e-06,0.85,0.1,0.2,4.0,7.0385,7.042572009573423,0.0578533717897676
G04_R0038,G04,train,25,3,1e-06,0.85,0.2,0.2,4.0,7.7143,7.727899280307547,0.1762866404929428
G04_R0039,G04,test,25,3,1e-06,0.85,0.3,0.2,4.0,8.6209,8.64825151653799,0.3172698504563181
G04_R0040,G04,train,25,3,1e-06,0.8,0.1,0.2,4.0,7.0387,7.040865342609137,0.0307633882554501
G04_R0041,G04,train,25,3,1e-06,0.8,0.2,0.2,4.0,7.7146,7.727271841468263,0.1642579196363151
G04_R0042,G04,train,25,3,1e-06,0.8,0.3,0.2,4.0,8.6213,8.647761278938782,0.3069291051092362
G04_R0043,G04,train,25,3,1e-06,0.75,0.1,0.2,4.0,7.0389,7.040683598115083,0.0253391597420524
G04_R0044,G04,test,25,3,1e-06,0.75,0.2,0.2,4.0,7.7149,7.730120213343257,0.1972833522567638
G04_R0045,G04,test,25,3,1e-06,0.75,0.3,0.2,4.0,8.6216,8.647664655129258,0.302318074710696
G04_R0046,G04,train,25,3,1e-06,0.7,0.1,0.2,4.0,7.0392,7.042364116071435,0.044949938507715
G04_R0047,G04,train,25,3,1e-06,0.7,0.2,0.2,4.0,7.7152,7.728470472916674,0.1720042632293933
G04_R0048,G04,test,25,3,1e-06,0.7,0.3,0.2,4.0,8.622,8.648459473284017,0.306883243841537
G04_R0049,G04,train,25,6,0.001,0.85,0.1,0.2,4.0,7.299,7.31086648199405,0.1625768186607685
G04_R0050,G04,train,25,6,0.001,0.85,0.2,0.2,4.0,7.891,7.901843723462289,0.1374188754567061
G04_R0051,G04,test,25,6,0.001,0.85,0.3,0.2,4.0,8.5768,8.600386759127003,0.2750065190630879
G04_R0052,G04,train,25,6,0.001,0.8,0.1,0.2,4.0,7.3042,7.312347648759914,0.1115474488638641
G04_R0053,G04,train,25,6,0.001,0.8,0.2,0.2,4.0,7.8984,7.904114026091256,0.072344096161963
G04_R0054,G04,train,25,6,0.001,0.8,0.3,0.2,4.0,8.5854,8.597889671897557,0.1454757133919989
G04_R0055,G04,train,25,6,0.001,0.75,0.1,0.2,4.0,7.3096,7.318106536706344,0.1163748591762179
G04_R0056,G04,train,25,6,0.001,0.75,0.2,0.2,4.0,7.9062,7.914439212481955,0.1042120422194638
G04_R0057,G04,train,25,6,0.001,0.75,0.3,0.2,4.0,8.5947,8.607523469963029,0.1492020659595961
G04_R0058,G04,train,25,6,0.001,0.7,0.1,0.2,4.0,7.3154,7.323483212896821,0.1104958429726484
G04_R0059,G04,train,25,6,0.001,0.7,0.2,0.2,4.0,7.9145,7.920966956746039,0.0817102374886408
G04_R0060,G04,train,25,6,0.001,0.7,0.3,0.2,4.0,8.6045,8.611060049305555,0.076239750195311
G04_R0061,G04,train,25,6,0.0001,0.85,0.1,0.2,4.0,7.6201,7.63332932380953,0.1736108949952131
G04_R0062,G04,train,25,6,0.0001,0.85,0.2,0.2,4.0,8.3118,8.325672454811505,0.1669007292223707
G04_R0063,G04,train,25,6,0.0001,0.85,0.3,0.2,4.0,9.205,9.225286842956317,0.2203893857285907
G04_R0064,G04,train,25,6,0.0001,0.8,0.1,0.2,4.0,7.6232,7.634769364136914,0.1517651922672121
G04_R0065,G04,train,25,6,0.0001,0.8,0.2,0.2,4.0,8.3156,8.325911226537695,0.123998587446426
G04_R0066,G04,test,25,6,0.0001,0.8,0.3,0.2,4.0,9.2099,9.22804070451386,0.1969696143699662
G04_R0067,G04,test,25,6,0.0001,0.75,0.1,0.2,4.0,7.6263,7.637816882886901,0.1510153401636661
G04_R0068,G04,train,25,6,0.0001,0.75,0.2,0.2,4.0,8.3196,8.32754686116072,0.0955197504774277
G04_R0069,G04,test,25,6,0.0001,0.75,0.3,0.2,4.0,9.2149,9.22747659141862,0.1364810406908376
G04_R0070,G04,train,25,6,0.0001,0.7,0.1,0.2,4.0,7.6296,7.636093333630946,0.0851071305303795
G04_R0071,G04,train,25,6,0.0001,0.7,0.2,0.2,4.0,8.3237,8.328612078422623,0.0590131602847555
G04_R0072,G04,train,25,6,0.0001,0.7,0.3,0.2,4.0,9.2202,9.228375834573392,0.0886730718790408
G04_R0073,G04,train,25,6,1e-05,0.85,0.1,0.2,4.0,7.708,7.712372630803567,0.0567284743586761
G04_R0074,G04,test,25,6,1e-05,0.85,0.2,0.2,4.0,8.4314,8.438203690773793,0.0806946743576795
G04_R0075,G04,test,25,6,1e-05,0.85,0.3,0.2,4.0,9.3798,9.400221301736092,0.2177157480553189
G04_R0076,G04,train,25,6,1e-05,0.8,0.1,0.2,4.0,7.709,7.71334726026785,0.0563920128142436
G04_R0077,G04,test,25,6,1e-05,0.8,0.2,0.2,4.0,8.4327,8.4390708111607,0.0755488889762463
G04_R0078,G04,train,25,6,1e-05,0.8,0.3,0.2,4.0,9.3815,9.399755301736093,0.194588303960883
G04_R0079,G04,train,25,6,1e-05,0.75,0.1,0.2,4.0,7.7101,7.713541821626989,0.0446404278412619
G04_R0080,G04,train,25,6,1e-05,0.75,0.2,0.2,4.0,8.4341,8.43933553258928,0.0620757708502191
G04_R0081,G04,test,25,6,1e-05,0.75,0.3,0.2,4.0,9.3833,9.402913225942426,0.209022688632201
G04_R0082,G04,train,25,6,1e-05,0.7,0.1,0.2,4.0,7.7112,7.7143190546627025,0.0404483694198397
G04_R0083,G04,train,25,6,1e-05,0.7,0.2,0.2,4.0,8.4355,8.440519315462655,0.0595022875070343
G04_R0084,G04,test,25,6,1e-05,0.7,0.3,0.2,4.0,9.3852,9.40293746537695,0.1889940052098147
G04_R0085,G04,train,25,6,1e-06,0.85,0.1,0.2,4.0,7.7359,7.74016397593345,0.0551193259148955
G04_R0086,G04,train,25,6,1e-06,0.85,0.2,0.2,4.0,8.4679,8.472992270607854,0.0601361684461764
G04_R0087,G04,train,25,6,1e-06,0.85,0.3,0.2,4.0,9.4307,9.43368251795633,0.0316256264787305
G04_R0088,G04,train,25,6,1e-06,0.8,0.1,0.2,4.0,7.7361,7.741706801131862,0.072475809928278
G04_R0089,G04,test,25,6,1e-06,0.8,0.2,0.2,4.0,8.4681,8.473444616292374,0.0631147045072033
G04_R0090,G04,train,25,6,1e-06,0.8,0.3,0.2,4.0,9.431,9.433325280158712,0.0246557115757928
G04_R0091,G04,train,25,6,1e-06,0.75,0.1,0.2,4.0,7.7363,7.739714251280666,0.0441328707607752
G04_R0092,G04,train,25,6,1e-06,0.75,0.2,0.2,4.0,8.4684,8.472256286557522,0.0455373690132914
G04_R0093,G04,train,25,6,1e-06,0.75,0.3,0.2,4.0,9.4314,9.434388502380935,0.0316867313541686
G04_R0094,G04,train,25,6,1e-06,0.7,0.1,0.2,4.0,7.7366,7.741870310854081,0.0681217958028149
G04_R0095,G04,train,25,6,1e-06,0.7,0.2,0.2,4.0,8.4687,8.472779721081332,0.0481741126894607
G04_R0096,G04,train,25,6,1e-06,0.7,0.3,0.2,4.0,9.4317,9.43454863348213,0.030202757531844
G04_R0097,G04,train,25,20,0.001,0.85,0.1,0.2,4.0,9.5331,9.54756359615801,0.1517197570361275
G04_R0098,G04,train,25,20,0.001,0.85,0.2,0.2,4.0,10.246,10.258262628652616,0.11968210670129
G04_R0099,G04,test,25,20,0.001,0.85,0.3,0.2,4.0,11.075,11.116160726190468,0.3716544125550264
G04_R0100,G04,train,25,20,0.001,0.8,0.1,0.2,4.0,9.5394,9.548149563866348,0.0917202745072781
G04_R0101,G04,train,25,20,0.001,0.8,0.2,0.2,4.0,10.255,10.261934554743886,0.0676212066688026
G04_R0102,G04,train,25,20,0.001,0.8,0.3,0.2,4.0,11.085,11.11296706249999,0.2522964591789759
G04_R0103,G04,train,25,20,0.001,0.75,0.1,0.2,4.0,9.5459,9.555900597794915,0.104763278422313
G04_R0104,G04,train,25,20,0.001,0.75,0.2,0.2,4.0,10.264,10.27530309045817,0.1101236404732129
G04_R0105,G04,train,25,20,0.001,0.75,0.3,0.2,4.0,11.096,11.104887205357109,0.0800937757489973
G04_R0106,G04,test,25,20,0.001,0.7,0.1,0.2,4.0,9.5527,9.569450683788784,0.1753502547843422
G04_R0107,G04,train,25,20,0.001,0.7,0.2,0.2,4.0,10.274,10.28339204861112,0.0914156960397343
G04_R0108,G04,train,25,20,0.001,0.7,0.3,0.2,4.0,11.108,11.108414452380966,0.0037311161412109
G04_R0109,G04,train,25,20,0.0001,0.85,0.1,0.2,4.0,9.8986,9.908781264033188,0.1028555960760868
G04_R0110,G04,train,25,20,0.0001,0.85,0.2,0.2,4.0,10.71,10.724501509119378,0.1354015790791501
G04_R0111,G04,train,25,20,0.0001,0.85,0.3,0.2,4.0,11.745,11.742394803075369,-0.0221813275830747
G04_R0112,G04,train,25,20,0.0001,0.8,0.1,0.2,4.0,9.9021,9.908164665620491,0.0612462570615381
G04_R0113,G04,train,25,20,0.0001,0.8,0.2,0.2,4.0,10.714,10.725767711500328,0.1098349029338048
G04_R0114,G04,train,25,20,0.0001,0.8,0.3,0.2,4.0,11.751,11.744397491567431,-0.0561867792746833
G04_R0115,G04,train,25,20,0.0001,0.75,0.1,0.2,4.0,9.9058,9.911073094191924,0.0532323910428851
G04_R0116,G04,train,25,20,0.0001,0.75,0.2,0.2,4.0,10.719,10.727769853365391,0.0818159657187397
G04_R0117,G04,test,25,20,0.0001,0.75,0.3,0.2,4.0,11.757,11.747690625495997,-0.0791815471974543
G04_R0118,G04,train,25,20,0.0001,0.7,0.1,0.2,4.0,9.9096,9.913792087346684,0.0423032952559568
G04_R0119,G04,test,25,20,0.0001,0.7,0.2,0.2,4.0,10.724,10.729355969932849,0.0499437703547809
G04_R0120,G04,test,25,20,0.0001,0.7,0.3,0.2,4.0,11.763,11.74858263839282,-0.1225653456361443
G04_R0121,G04,train,25,20,1e-05,0.85,0.1,0.2,4.0,9.9981,10.002387739980186,0.0428855480559834
G04_R0122,G04,train,25,20,1e-05,0.85,0.2,0.2,4.0,10.842,10.844770329861117,0.0255518341737166
G04_R0123,G04,test,25,20,1e-05,0.85,0.3,0.2,4.0,11.931,11.931911294642852,0.0076380407581314
G04_R0124,G04,train,25,20,1e-05,0.8,0.1,0.2,4.0,9.9993,10.00263711865082,0.0333735226547945
G04_R0125,G04,train,25,20,1e-05,0.8,0.2,0.2,4.0,10.843,10.844666121527782,0.0153658722473649
G04_R0126,G04,train,25,20,1e-05,0.8,0.3,0.2,4.0,11.933,11.934101979166655,0.0092347202435039
G04_R0127,G04,train,25,20,1e-05,0.75,0.1,0.2,4.0,10.001,10.003136592162734,0.0213637852488249
G04_R0128,G04,train,25,20,1e-05,0.75,0.2,0.2,4.0,10.845,10.845476853670633,0.0043969909694041
G04_R0129,G04,train,25,20,1e-05,0.75,0.3,0.2,4.0,11.935,11.935134273809508,0.0011250423921876
G04_R0130,G04,train,25,20,1e-05,0.7,0.1,0.2,4.0,10.002,10.003233281150823,0.0123303454391387
G04_R0131,G04,train,25,20,1e-05,0.7,0.2,0.2,4.0,10.847,10.845775871527763,-0.0112854104566635
G04_R0132,G04,train,25,20,1e-05,0.7,0.3,0.2,4.0,11.937,11.934549410714276,-0.0205293565026709
G04_R0133,G04,test,25,20,1e-06,0.85,0.1,0.2,4.0,10.03,10.034568187003924,0.0455452343362338
G04_R0134,G04,test,25,20,1e-06,0.85,0.2,0.2,4.0,10.883,10.884379512400733,0.0126758467401765
G04_R0135,G04,train,25,20,1e-06,0.85,0.3,0.2,4.0,11.986,11.980017392399288,-0.0499132955173731
G04_R0136,G04,train,25,20,1e-06,0.8,0.1,0.2,4.0,10.03,10.034586103670588,0.0457238651105515
G04_R0137,G04,train,25,20,1e-06,0.8,0.2,0.2,4.0,10.883,10.884474595734066,0.0135495335299687
G04_R0138,G04,test,25,20,1e-06,0.8,0.3,0.2,4.0,11.986,11.980697350732626,-0.0442403576453733
G04_R0139,G04,train,25,20,1e-06,0.75,0.1,0.2,4.0,10.03,10.03445614533725,0.0444281688659114
G04_R0140,G04,train,25,20,1e-06,0.75,0.2,0.2,4.0,10.883,10.884573757936437,0.0144606995905162
G04_R0141,G04,train,25,20,1e-06,0.75,0.3,0.2,4.0,11.987,11.981463454899291,-0.0461879127447132
G04_R0142,G04,train,25,20,1e-06,0.7,0.1,0.2,4.0,10.031,10.034668329861056,0.0365699318219035
G04_R0143,G04,train,25,20,1e-06,0.7,0.2,0.2,4.0,10.883,10.884353903769773,0.0124405381767308
G04_R0144,G04,test,25,20,1e-06,0.7,0.3,0.2,4.0,11.987,11.98154262156596,-0.0455274750483128
G04_R0145,G04,train,25,50,0.001,0.85,0.1,0.2,4.0,12.367,12.3829188625992,0.1287204867728646
G04_R0146,G04,train,25,50,0.001,0.85,0.2,0.2,4.0,13.26,13.278262267812067,0.1377244933036774
G04_R0147,G04,train,25,50,0.001,0.85,0.3,0.2,4.0,14.292,14.307978279265884,0.1117987634053006
G04_R0148,G04,train,25,50,0.001,0.8,0.1,0.2,4.0,12.375,12.385365114087303,0.0837584976751928
G04_R0149,G04,train,25,50,0.001,0.8,0.2,0.2,4.0,13.272,13.2814678124549,0.0713367424269181
G04_R0150,G04,train,25,50,0.001,0.8,0.3,0.2,4.0,14.306,14.307259227678578,0.0088020947754733
G04_R0151,G04,train,25,50,0.001,0.75,0.1,0.2,4.0,12.383,12.390963497519849,0.0643099210195244
G04_R0152,G04,train,25,50,0.001,0.75,0.2,0.2,4.0,13.283,13.297989860073976,0.1128499591506166
G04_R0153,G04,test,25,50,0.001,0.75,0.3,0.2,4.0,14.32,14.316840710813484,-0.0220620753248245
G04_R0154,G04,test,25,50,0.001,0.7,0.1,0.2,4.0,12.392,12.40689255605158,0.1201787931857759
G04_R0155,G04,test,25,50,0.001,0.7,0.2,0.2,4.0,13.296,13.312574546085877,0.1246581384316882
G04_R0156,G04,train,25,50,0.001,0.7,0.3,0.2,4.0,14.335,14.33629985912698,0.0090677302196066
G04_R0157,G04,test,25,50,0.0001,0.85,0.1,0.2,4.0,12.821,12.850426992063516,0.2295218162663976
G04_R0158,G04,train,25,50,0.0001,0.85,0.2,0.2,4.0,13.832,13.845111768849227,0.0947930078746974
G04_R0159,G04,train,25,50,0.0001,0.85,0.3,0.2,4.0,15.108,15.12432175193901,0.1080338359743857
G04_R0160,G04,test,25,50,0.0001,0.8,0.1,0.2,4.0,12.826,12.8492595605159,0.1813469555270531
G04_R0161,G04,train,25,50,0.0001,0.8,0.2,0.2,4.0,13.838,13.8528759186508,0.1075004961034949
G04_R0162,G04,train,25,50,0.0001,0.8,0.3,0.2,4.0,15.115,15.132389937950933,0.1150508630561085
G04_R0163,G04,train,25,50,0.0001,0.75,0.1,0.2,4.0,12.83,12.846054586309569,0.1251331746653678
G04_R0164,G04,train,25,50,0.0001,0.75,0.2,0.2,4.0,13.843,13.861414625992069,0.1330248211519685
G04_R0165,G04,train,25,50,0.0001,0.75,0.3,0.2,4.0,15.122,15.140680819940505,0.1235340559483061
G04_R0166,G04,train,25,50,0.0001,0.7,0.1,0.2,4.0,12.835,12.84572095982147,0.0835290987259016
G04_R0167,G04,test,25,50,0.0001,0.7,0.2,0.2,4.0,13.849,13.864554780753974,0.1123169958406622
G04_R0168,G04,train,25,50,0.0001,0.7,0.3,0.2,4.0,15.129,15.139822529761927,0.0715349974349233
G04_R0169,G04,train,25,50,1e-05,0.85,0.1,0.2,4.0,12.945,12.95557225883838,0.0816705974382376
G04_R0170,G04,train,25,50,1e-05,0.85,0.2,0.2,4.0,13.994,13.996865321067776,0.020475354207351
G04_R0171,G04,train,25,50,1e-05,0.85,0.3,0.2,4.0,15.333,15.33873648205268,0.0374126527925343
G04_R0172,G04,train,25,50,1e-05,0.8,0.1,0.2,4.0,12.946,12.959065224612209,0.1009209378356939
G04_R0173,G04,train,25,50,1e-05,0.8,0.2,0.2,4.0,13.996,13.997087189123322,0.0077678559825772
G04_R0174,G04,train,25,50,1e-05,0.8,0.3,0.2,4.0,15.335,15.340252508342362,0.0342517661712467
G04_R0175,G04,test,25,50,1e-05,0.75,0.1,0.2,4.0,12.948,12.961733488501109,0.1060664851800003
G04_R0176,G04,train,25,50,1e-05,0.75,0.2,0.2,4.0,13.998,13.9975362261904,-0.0033131433747634
G04_R0177,G04,train,25,50,1e-05,0.75,0.3,0.2,4.0,15.338,15.338134518849175,0.000877029920315
G04_R0178,G04,train,25,50,1e-05,0.7,0.1,0.2,4.0,12.95,12.95967453711223,0.0747068502874954
G04_R0179,G04,train,25,50,1e-05,0.7,0.2,0.2,4.0,14.0,13.997627392857064,-0.0169471938781156
G04_R0180,G04,train,25,50,1e-05,0.7,0.3,0.2,4.0,15.34,15.339415855158682,-0.0038079846239734
G04_R0181,G04,train,25,50,1e-06,0.85,0.1,0.2,4.0,12.984,12.991223713383826,0.0556355004915776
G04_R0182,G04,train,25,50,1e-06,0.85,0.2,0.2,4.0,14.044,14.045021601866878,0.0072742941247353
G04_R0183,G04,train,25,50,1e-06,0.85,0.3,0.2,4.0,15.399,15.404187893849157,0.033689810047119
G04_R0184,G04,train,25,50,1e-06,0.8,0.1,0.2,4.0,12.985,12.99069409334414,0.0438513157038091
G04_R0185,G04,train,25,50,1e-06,0.8,0.2,0.2,4.0,14.044,14.044669124188308,0.0047644843941034
G04_R0186,G04,train,25,50,1e-06,0.8,0.3,0.2,4.0,15.4,15.403842170138835,0.0249491567456827
G04_R0187,G04,train,25,50,1e-06,0.75,0.1,0.2,4.0,12.985,12.989138645923507,0.0318725138506703
G04_R0188,G04,train,25,50,1e-06,0.75,0.2,0.2,4.0,14.045,14.0446116455177,-0.0027650728536878
G04_R0189,G04,train,25,50,1e-06,0.75,0.3,0.2,4.0,15.4,15.402267858134882,0.0147263515252081
G04_R0190,G04,train,25,50,1e-06,0.7,0.1,0.2,4.0,12.985,12.9913664316378,0.0490291231251378
G04_R0191,G04,train,25,50,1e-06,0.7,0.2,0.2,4.0,14.045,14.044665993731982,-0.0023781151158256
G04_R0192,G04,train,25,50,1e-06,0.7,0.3,0.2,4.0,15.401,15.40512012301584,0.026752308394529
G04_R0193,G04,test,100,3,0.001,0.85,0.1,0.2,4.0,8.3007,8.354459205158744,0.6476466461713201
G04_R0194,G04,train,100,3,0.001,0.85,0.2,0.2,4.0,8.9837,8.99333104518851,0.1072057747755328
G04_R0195,G04,test,100,3,0.001,0.85,0.3,0.2,4.0,9.8306,9.869911088631856,0.3998849371539406
G04_R0196,G04,train,100,3,0.001,0.8,0.1,0.2,4.0,8.3088,8.355135950992079,0.5576732018110784
G04_R0197,G04,train,100,3,0.001,0.8,0.2,0.2,4.0,8.9951,9.00543159033641,0.1148579819725166
G04_R0198,G04,train,100,3,0.001,0.8,0.3,0.2,4.0,9.8452,9.871073495774716,0.2628031505171678
G04_R0199,G04,train,100,3,0.001,0.75,0.1,0.2,4.0,8.3173,8.359079518998032,0.5023206929896976
G04_R0200,G04,train,100,3,0.001,0.75,0.2,0.2,4.0,9.0071,9.006656406705453,-0.0049249291619563
G04_R0201,G04,train,100,3,0.001,0.75,0.3,0.2,4.0,9.8607,9.882039172123024,0.2164062604381484
G04_R0202,G04,test,100,3,0.001,0.7,0.1,0.2,4.0,8.3263,8.359081691617078,0.3937125928332899
G04_R0203,G04,train,100,3,0.001,0.7,0.2,0.2,4.0,9.0198,9.001528740038792,-0.2025683492007415
G04_R0204,G04,train,100,3,0.001,0.7,0.3,0.2,4.0,9.8769,9.893119540999267,0.1642169202813437
G04_R0205,G04,train,100,3,0.0001,0.85,0.1,0.2,4.0,8.5739,8.585072288009552,0.1303057886090622
G04_R0206,G04,train,100,3,0.0001,0.85,0.2,0.2,4.0,9.3115,9.329776504216266,0.1962788403185884
G04_R0207,G04,test,100,3,0.0001,0.85,0.3,0.2,4.0,10.288,10.348472776740598,0.5877991518331835
G04_R0208,G04,train,100,3,0.0001,0.8,0.1,0.2,4.0,8.5773,8.585023252592883,0.0900429341737361
G04_R0209,G04,train,100,3,0.0001,0.8,0.2,0.2,4.0,9.3161,9.329835357787694,0.1474367792068923
G04_R0210,G04,train,100,3,0.0001,0.8,0.3,0.2,4.0,10.294,10.348015505907266,0.5247280542769186
G04_R0211,G04,train,100,3,0.0001,0.75,0.1,0.2,4.0,8.5809,8.586385149021439,0.0639227705886204
G04_R0212,G04,train,100,3,0.0001,0.75,0.2,0.2,4.0,9.3209,9.331953456597232,0.1185878680946213
G04_R0213,G04,train,100,3,0.0001,0.75,0.3,0.2,4.0,10.3,10.351717943407255,0.5021159554102383
G04_R0214,G04,train,100,3,0.0001,0.7,0.1,0.2,4.0,8.5846,8.585850698128583,0.0145690903313274
G04_R0215,G04,train,100,3,0.0001,0.7,0.2,0.2,4.0,9.326,9.332965049751992,0.0746842135105293
G04_R0216,G04,test,100,3,0.0001,0.7,0.3,0.2,4.0,10.307,10.352949642812018,0.4458100592996719
G04_R0217,G04,test,100,3,1e-05,0.85,0.1,0.2,4.0,8.6512,8.660936755555564,0.1125480344410598
G04_R0218,G04,test,100,3,1e-05,0.85,0.2,0.2,4.0,9.4057,9.413056105112952,0.0782090127577182
G04_R0219,G04,train,100,3,1e-05,0.85,0.3,0.2,4.0,10.418,10.440732127074345,0.2182004902509451
G04_R0220,G04,train,100,3,1e-05,0.8,0.1,0.2,4.0,8.6523,8.660999411805564,0.1005445003705822
G04_R0221,G04,train,100,3,1e-05,0.8,0.2,0.2,4.0,9.4074,9.41297094380343,0.0592187406023855
G04_R0222,G04,test,100,3,1e-05,0.8,0.3,0.2,4.0,10.42,10.442389500586245,0.2148704470848667
G04_R0223,G04,test,100,3,1e-05,0.75,0.1,0.2,4.0,8.6535,8.660781828769847,0.0841489428537375
G04_R0224,G04,train,100,3,1e-05,0.75,0.2,0.2,4.0,9.4091,9.413204503327238,0.0436226985284198
G04_R0225,G04,train,100,3,1e-05,0.75,0.3,0.2,4.0,10.422,10.440109887490983,0.1737659517461584
G04_R0226,G04,train,100,3,1e-05,0.7,0.1,0.2,4.0,8.6547,8.659227979960338,0.0523181619274863
G04_R0227,G04,train,100,3,1e-05,0.7,0.2,0.2,4.0,9.4109,9.412750325946286,0.0196615195814012
G04_R0228,G04,test,100,3,1e-05,0.7,0.3,0.2,4.0,10.425,10.440776202967175,0.1513304840976133
G04_R0229,G04,train,100,3,1e-06,0.85,0.1,0.2,4.0,8.6772,8.671719012067094,-0.0631653982034024
G04_R0230,G04,train,100,3,1e-06,0.85,0.2,0.2,4.0,9.4355,9.433968674498772,-0.0162294049199928
G04_R0231,G04,train,100,3,1e-06,0.85,0.3,0.2,4.0,10.457,10.45494292072511,-0.0196717918608711
G04_R0232,G04,train,100,3,1e-06,0.8,0.1,0.2,4.0,8.6774,8.671781668317093,-0.0647467177139124
G04_R0233,G04,train,100,3,1e-06,0.8,0.2,0.2,4.0,9.4357,9.434028463189254,-0.0177150270859283
G04_R0234,G04,train,100,3,1e-06,0.8,0.3,0.2,4.0,10.458,10.456281307629864,-0.0164342357060134
G04_R0235,G04,train,100,3,1e-06,0.75,0.1,0.2,4.0,8.6776,8.671653839745662,-0.0685230968739926
G04_R0236,G04,train,100,3,1e-06,0.75,0.2,0.2,4.0,9.4361,9.43362344652258,-0.0262455196258863
G04_R0237,G04,train,100,3,1e-06,0.75,0.3,0.2,4.0,10.458,10.453867280844117,-0.0395172992530458
G04_R0238,G04,train,100,3,1e-06,0.7,0.1,0.2,4.0,8.6778,8.670152699269487,-0.0881248787770275
G04_R0239,G04,train,100,3,1e-06,0.7,0.2,0.2,4.0,9.4364,9.433110717058296,-0.0348573920319654
G04_R0240,G04,train,100,3,1e-06,0.7,0.3,0.2,4.0,10.459,10.454328429653645,-0.0446655545114745
G04_R0241,G04,train,100,6,0.001,0.85,0.1,0.2,4.0,9.9089,9.976651822371055,0.6837471603412874
G04_R0242,G04,train,100,6,0.001,0.85,0.2,0.2,4.0,10.687,10.71590091468251,0.2704305668804268
G04_R0243,G04,train,100,6,0.001,0.85,0.3,0.2,4.0,11.625,11.64997522767856,0.2148406682026664
G04_R0244,G04,test,100,6,0.001,0.8,0.1,0.2,4.0,9.9182,9.982173284573427,0.6450090195138924
G04_R0245,G04,train,100,6,0.001,0.8,0.2,0.2,4.0,10.7,10.716851462301554,0.1574903018836852
G04_R0246,G04,train,100,6,0.001,0.8,0.3,0.2,4.0,11.641,11.64932383184523,0.0715044398696837
G04_R0247,G04,test,100,6,0.001,0.75,0.1,0.2,4.0,9.9279,9.98198852266867,0.5448133308017924
G04_R0248,G04,train,100,6,0.001,0.75,0.2,0.2,4.0,10.713,10.724389255952351,0.106312479719519
G04_R0249,G04,train,100,6,0.001,0.75,0.3,0.2,4.0,11.659,11.664534200036066,0.0474671930359805
G04_R0250,G04,train,100,6,0.001,0.7,0.1,0.2,4.0,9.9382,9.982951350049625,0.4502963318269186
G04_R0251,G04,train,100,6,0.001,0.7,0.2,0.2,4.0,10.727,10.72521317261902,-0.0166572889063175
G04_R0252,G04,train,100,6,0.001,0.7,0.3,0.2,4.0,11.677,11.672919145472536,-0.0349477993274298
G04_R0253,G04,train,100,6,0.0001,0.85,0.1,0.2,4.0,10.22,10.234939214673489,0.146176268820821
G04_R0254,G04,train,100,6,0.0001,0.85,0.2,0.2,4.0,11.072,11.08184135565478,0.0888850763618141
G04_R0255,G04,train,100,6,0.0001,0.85,0.3,0.2,4.0,12.165,12.187423010371576,0.1843239652410642
G04_R0256,G04,train,100,6,0.0001,0.8,0.1,0.2,4.0,10.224,10.235326750090156,0.1107858968129471
G04_R0257,G04,train,100,6,0.0001,0.8,0.2,0.2,4.0,11.078,11.08222166517859,0.0381085500865741
G04_R0258,G04,train,100,6,0.0001,0.8,0.3,0.2,4.0,12.171,12.189144205312052,0.1490773585740947
G04_R0259,G04,train,100,6,0.0001,0.75,0.1,0.2,4.0,10.228,10.236363934613964,0.0817748789007051
G04_R0260,G04,train,100,6,0.0001,0.75,0.2,0.2,4.0,11.084,11.082903644345254,-0.0098913357519415
G04_R0261,G04,train,100,6,0.0001,0.75,0.3,0.2,4.0,12.177,12.193465239538254,0.1352158950337053
G04_R0262,G04,train,100,6,0.0001,0.7,0.1,0.2,4.0,10.232,10.236322392947296,0.0422438716506838
G04_R0263,G04,test,100,6,0.0001,0.7,0.2,0.2,4.0,11.09,11.082903644345254,-0.0639887795738992
G04_R0264,G04,test,100,6,0.0001,0.7,0.3,0.2,4.0,12.184,12.194046475649364,0.0824563004708315
G04_R0265,G04,train,100,6,1e-05,0.85,0.1,0.2,4.0,10.307,10.315745344246077,0.0848485907254905
G04_R0266,G04,train,100,6,1e-05,0.85,0.2,0.2,4.0,11.091,11.092400938988083,0.0126313135703344
G04_R0267,G04,train,100,6,1e-05,0.85,0.3,0.2,4.0,12.33,12.318138575622289,-0.0961997110925492
G04_R0268,G04,train,100,6,1e-05,0.8,0.1,0.2,4.0,10.309,10.31601009424608,0.0679997501802353
G04_R0269,G04,train,100,6,1e-05,0.8,0.2,0.2,4.0,11.092,11.092630831845227,0.0056872687092193
G04_R0270,G04,train,100,6,1e-05,0.8,0.3,0.2,4.0,12.332,12.338674107548693,0.0541202363662848
G04_R0271,G04,test,100,6,1e-05,0.75,0.1,0.2,4.0,10.31,10.315599060515911,0.0543070855083648
G04_R0272,G04,train,100,6,1e-05,0.75,0.2,0.2,4.0,11.094,11.093333311011891,-0.0060094554543733
G04_R0273,G04,train,100,6,1e-05,0.75,0.3,0.2,4.0,12.334,12.337732723620114,0.0302636907743987
G04_R0274,G04,train,100,6,1e-05,0.7,0.1,0.2,4.0,10.311,10.315351873015912,0.0422061198323494
G04_R0275,G04,test,100,6,1e-05,0.7,0.2,0.2,4.0,11.096,11.093333311011891,-0.0240328856174192
G04_R0276,G04,train,100,6,1e-05,0.7,0.3,0.2,4.0,12.337,12.337667931953444,0.0054140549034949
G04_R0277,G04,train,100,6,1e-06,0.85,0.1,0.2,4.0,10.337,10.333250264881078,-0.0362748874810998
G04_R0278,G04,train,100,6,1e-06,0.85,0.2,0.2,4.0,11.121,11.118340998015883,-0.0239097381900504
G04_R0279,G04,train,100,6,1e-06,0.85,0.3,0.2,4.0,12.248,12.320138790900064,0.5889842496739416
G04_R0280,G04,train,100,6,1e-06,0.8,0.1,0.2,4.0,10.337,10.333716398809656,-0.0317655140789901
G04_R0281,G04,train,100,6,1e-06,0.8,0.2,0.2,4.0,11.121,11.118312120039691,-0.0241694088688712
G04_R0282,G04,train,100,6,1e-06,0.8,0.3,0.2,4.0,12.382,12.341041626397894,-0.3307896430472098
G04_R0283,G04,test,100,6,1e-06,0.75,0.1,0.2,4.0,10.337,10.334013240079488,-0.0288938755974869
G04_R0284,G04,train,100,6,1e-06,0.75,0.2,0.2,4.0,11.122,11.118961078373031,-0.0273235175954739
G04_R0285,G04,test,100,6,1e-06,0.75,0.3,0.2,4.0,12.382,12.34041153413598,-0.3358784191892944
G04_R0286,G04,train,100,6,1e-06,0.7,0.1,0.2,4.0,10.337,10.333558609127106,-0.0332919693614553
G04_R0287,G04,train,100,6,1e-06,0.7,0.2,0.2,4.0,11.122,11.118961078373031,-0.0273235175954739
G04_R0288,G04,test,100,6,1e-06,0.7,0.3,0.2,4.0,12.383,12.340392992469315,-0.3440766173841873
G04_R0289,G04,test,100,20,0.001,0.85,0.1,0.2,4.0,14.053,14.205555411706376,1.0855718473377585
G04_R0290,G04,train,100,20,0.001,0.85,0.2,0.2,4.0,15.144,15.20789787206893,0.4219352355317606
G04_R0291,G04,train,100,20,0.001,0.85,0.3,0.2,4.0,16.477,16.509785377976144,0.198976621813093
G04_R0292,G04,train,100,20,0.001,0.8,0.1,0.2,4.0,14.066,14.204288120039708,0.983137494950286
G04_R0293,G04,train,100,20,0.001,0.8,0.2,0.2,4.0,15.162,15.207655410759402,0.301117337814283
G04_R0294,G04,train,100,20,0.001,0.8,0.3,0.2,4.0,16.499,16.52553027430554,0.160799286657027
G04_R0295,G04,test,100,20,0.001,0.75,0.1,0.2,4.0,14.08,14.211753032242088,0.9357459676284652
G04_R0296,G04,train,100,20,0.001,0.75,0.2,0.2,4.0,15.181,15.2109090030213,0.1970160267525346
G04_R0297,G04,train,100,20,0.001,0.75,0.3,0.2,4.0,16.523,16.534286018353157,0.0683048983426577
G04_R0298,G04,train,100,20,0.001,0.7,0.1,0.2,4.0,14.094,14.20324225644844,0.7750976049981513
G04_R0299,G04,train,100,20,0.001,0.7,0.2,0.2,4.0,15.201,15.210605954410193,0.0631929110597363
G04_R0300,G04,train,100,20,0.001,0.7,0.3,0.2,4.0,16.548,16.546785910714256,-0.0073367735420739
G04_R0301,G04,train,100,20,0.0001,0.85,0.1,0.2,4.0,14.464,14.497610841179672,0.23237583780193
G04_R0302,G04,test,100,20,0.0001,0.85,0.2,0.2,4.0,15.6,15.644119274936877,0.2828158649799812
G04_R0303,G04,train,100,20,0.0001,0.85,0.3,0.2,4.0,17.084,17.114120879464288,0.1763104627972852
G04_R0304,G04,train,100,20,0.0001,0.8,0.1,0.2,4.0,14.469,14.500487540584423,0.2176207103768435
G04_R0305,G04,train,100,20,0.0001,0.8,0.2,0.2,4.0,15.607,15.643587563627356,0.2344304711178021
G04_R0306,G04,train,100,20,0.0001,0.8,0.3,0.2,4.0,17.094,17.11450423363095,0.1199498866909337
G04_R0307,G04,test,100,20,0.0001,0.75,0.1,0.2,4.0,14.475,14.50813826488096,0.2289344724073287
G04_R0308,G04,train,100,20,0.0001,0.75,0.2,0.2,4.0,15.615,15.64315568862735,0.1803118067713777
G04_R0309,G04,train,100,20,0.0001,0.75,0.3,0.2,4.0,17.105,17.11836665029766,0.0781446962739481
G04_R0310,G04,train,100,20,0.0001,0.7,0.1,0.2,4.0,14.481,14.50576661210318,0.1710283274855342
G04_R0311,G04,train,100,20,0.0001,0.7,0.2,0.2,4.0,15.624,15.6426350785083,0.1192721358698159
G04_R0312,G04,train,100,20,0.0001,0.7,0.3,0.2,4.0,17.117,17.11809490029766,0.0063965665575673
G04_R0313,G04,train,100,20,1e-05,0.85,0.1,0.2,4.0,14.578,14.573954106737004,-0.0277534179105202
G04_R0314,G04,train,100,20,1e-05,0.85,0.2,0.2,4.0,15.724,15.728648738095208,0.0295646024879649
G04_R0315,G04,train,100,20,1e-05,0.85,0.3,0.2,4.0,17.244,17.250146267857037,0.0356429358445673
G04_R0316,G04,train,100,20,1e-05,0.8,0.1,0.2,4.0,14.58,14.57777505614176,-0.0152602459412986
G04_R0317,G04,test,100,20,1e-05,0.8,0.2,0.2,4.0,15.727,15.729400696428522,0.0152648084728282
G04_R0318,G04,train,100,20,1e-05,0.8,0.3,0.2,4.0,17.248,17.2518897470237,0.0225518728182915
G04_R0319,G04,train,100,20,1e-05,0.75,0.1,0.2,4.0,14.582,14.587151851866912,0.035330214421279
G04_R0320,G04,test,100,20,1e-05,0.75,0.2,0.2,4.0,15.729,15.728973529761843,-0.0001682893900187
G04_R0321,G04,train,100,20,1e-05,0.75,0.3,0.2,4.0,17.252,17.25263700992053,0.0036923830311342
G04_R0322,G04,train,100,20,1e-05,0.7,0.1,0.2,4.0,14.583,14.586557901470076,0.0243975963112951
G04_R0323,G04,train,100,20,1e-05,0.7,0.2,0.2,4.0,15.732,15.72729644047612,-0.0298980391805168
G04_R0324,G04,test,100,20,1e-05,0.7,0.3,0.2,4.0,17.256,17.252291093253863,-0.0214934326966697
G04_R0325,G04,test,100,20,1e-06,0.85,0.1,0.2,4.0,14.617,14.58599709036802,-0.212101728343569
G04_R0326,G04,train,100,20,1e-06,0.85,0.2,0.2,4.0,15.765,15.75358544146823,-0.0724044309024448
G04_R0327,G04,train,100,20,1e-06,0.85,0.3,0.2,4.0,17.29,17.280499346680998,-0.0549488335396277
G04_R0328,G04,test,100,20,1e-06,0.8,0.1,0.2,4.0,14.617,14.59049670941564,-0.1813182635586088
G04_R0329,G04,train,100,20,1e-06,0.8,0.2,0.2,4.0,15.765,15.754383774801545,-0.0673404706530673
G04_R0330,G04,train,100,20,1e-06,0.8,0.3,0.2,4.0,17.291,17.2821288139429,-0.0513052227002462
G04_R0331,G04,train,100,20,1e-06,0.75,0.1,0.2,4.0,14.618,14.600300588474107,-0.1210795698857082
G04_R0332,G04,train,100,20,1e-06,0.75,0.2,0.2,4.0,15.766,15.754037858134854,-0.0758730297167695
G04_R0333,G04,train,100,20,1e-06,0.75,0.3,0.2,4.0,17.292,17.284296353625443,-0.044550349147343
G04_R0334,G04,train,100,20,1e-06,0.7,0.1,0.2,4.0,14.618,14.60014847141061,-0.1221201846312163
G04_R0335,G04,train,100,20,1e-06,0.7,0.2,0.2,4.0,15.766,15.752360768849128,-0.0865104094308776
G04_R0336,G04,train,100,20,1e-06,0.7,0.3,0.2,4.0,17.293,17.283897686958777,-0.0526358239820839
G04_R0337,G04,train,100,50,0.001,0.85,0.1,0.2,4.0,18.883,19.012335483134915,0.684930800905133
G04_R0338,G04,train,100,50,0.001,0.85,0.2,0.2,4.0,20.387,20.46901621626989,0.4022966413395228
G04_R0339,G04,train,100,50,0.001,0.85,0.3,0.2,4.0,22.184,22.336938623015936,0.6894095880631745
G04_R0340,G04,train,100,50,0.001,0.8,0.1,0.2,4.0,18.901,19.008287836805565,0.5676304788400865
G04_R0341,G04,train,100,50,0.001,0.8,0.2,0.2,4.0,20.412,20.466787378472272,0.2684076938676916
G04_R0342,G04,train,100,50,0.001,0.8,0.3,0.2,4.0,22.216,22.35374862301593,0.6200424154480291
G04_R0343,G04,test,100,50,0.001,0.75,0.1,0.2,4.0,18.919,19.020868339781767,0.5384446312266334
G04_R0344,G04,train,100,50,0.001,0.75,0.2,0.2,4.0,20.438,20.48178353621036,0.2142261288304097
G04_R0345,G04,test,100,50,0.001,0.75,0.3,0.2,4.0,22.249,22.38778911706359,0.6237993485711347
G04_R0346,G04,train,100,50,0.001,0.7,0.1,0.2,4.0,18.939,19.0184119231151,0.4193036755641764
G04_R0347,G04,train,100,50,0.001,0.7,0.2,0.2,4.0,20.466,20.485778676091304,0.0966416304666401
G04_R0348,G04,test,100,50,0.001,0.7,0.3,0.2,4.0,22.284,22.39068858878977,0.4787676754163353
G04_R0349,G04,train,100,50,0.0001,0.85,0.1,0.2,4.0,19.443,19.521932552263745,0.4059689979105285
G04_R0350,G04,test,100,50,0.0001,0.85,0.2,0.2,4.0,21.009,21.06793472172617,0.2805213086114267
G04_R0351,G04,train,100,50,0.0001,0.85,0.3,0.2,4.0,23.016,23.06005091964289,0.191392594903076
G04_R0352,G04,test,100,50,0.0001,0.8,0.1,0.2,4.0,19.45,19.53074501754152,0.4151414783625551
G04_R0353,G04,train,100,50,0.0001,0.8,0.2,0.2,4.0,21.019,21.068624305059508,0.2360926069723096
G04_R0354,G04,train,100,50,0.0001,0.8,0.3,0.2,4.0,23.03,23.05963251785717,0.1286692047640899
G04_R0355,G04,test,100,50,0.0001,0.75,0.1,0.2,4.0,19.458,19.526296728851037,0.3509956257119682
G04_R0356,G04,train,100,50,0.0001,0.75,0.2,0.2,4.0,21.031,21.069727236607136,0.1841435814138042
G04_R0357,G04,train,100,50,0.0001,0.75,0.3,0.2,4.0,23.045,23.063315591269856,0.0794775060527395
G04_R0358,G04,train,100,50,0.0001,0.7,0.1,0.2,4.0,19.466,19.523763437184368,0.2967401478699604
G04_R0359,G04,train,100,50,0.0001,0.7,0.2,0.2,4.0,21.042,21.067117136904763,0.1193666804712533
G04_R0360,G04,train,100,50,0.0001,0.7,0.3,0.2,4.0,23.061,23.064552811507948,0.0154061467757163
G04_R0361,G04,train,100,50,1e-05,0.85,0.1,0.2,4.0,19.597,19.586578442144702,-0.0531793532443683
G04_R0362,G04,test,100,50,1e-05,0.85,0.2,0.2,4.0,21.182,21.18435198917751,0.0111037162567856
G04_R0363,G04,test,100,50,1e-05,0.85,0.3,0.2,4.0,23.235,23.27463700604257,0.1705918056491142
G04_R0364,G04,train,100,50,1e-05,0.8,0.1,0.2,4.0,19.6,19.594491427263748,-0.0281049629400705
G04_R0365,G04,train,100,50,1e-05,0.8,0.2,0.2,4.0,21.185,21.185041572510844,0.0001962355952105
G04_R0366,G04,test,100,50,1e-05,0.8,0.3,0.2,4.0,23.24,23.27457585425685,0.1487773418969466
G04_R0367,G04,train,100,50,1e-05,0.75,0.1,0.2,4.0,19.602,19.590088427263748,-0.0607671295594972
G04_R0368,G04,train,100,50,1e-05,0.75,0.2,0.2,4.0,21.189,21.18688855911801,-0.0099647972154881
G04_R0369,G04,test,100,50,1e-05,0.75,0.3,0.2,4.0,23.245,23.271466240169502,0.1138577765949721
G04_R0370,G04,test,100,50,1e-05,0.7,0.1,0.2,4.0,19.605,19.58763201059708,-0.0885895914456547
G04_R0371,G04,train,100,50,1e-05,0.7,0.2,0.2,4.0,21.193,21.18353295594341,-0.0446706179238052
G04_R0372,G04,train,100,50,1e-05,0.7,0.3,0.2,4.0,23.251,23.268143336895687,0.0737316110949442
G04_R0373,G04,train,100,50,1e-06,0.85,0.1,0.2,4.0,19.65,19.63039781516051,-0.0997566658498142
G04_R0374,G04,train,100,50,1e-06,0.85,0.2,0.2,4.0,21.239,21.22827082142852,-0.0505164017678831
G04_R0375,G04,train,100,50,1e-06,0.85,0.3,0.2,4.0,23.298,23.28378803729257,-0.0610007842193663
G04_R0376,G04,train,100,50,1e-06,0.8,0.1,0.2,4.0,19.651,19.63559413361289,-0.0783973659717342
G04_R0377,G04,train,100,50,1e-06,0.8,0.2,0.2,4.0,21.24,21.22902644642852,-0.0516645648374853
G04_R0378,G04,train,100,50,1e-06,0.8,0.3,0.2,4.0,23.299,23.28372688550685,-0.0655526610290053
G04_R0379,G04,train,100,50,1e-06,0.75,0.1,0.2,4.0,19.651,19.63309383897004,-0.0911208642306199
G04_R0380,G04,train,100,50,1e-06,0.75,0.2,0.2,4.0,21.24,21.229099279761872,-0.0513216583715931
G04_R0381,G04,train,100,50,1e-06,0.75,0.3,0.2,4.0,23.301,23.280654458919493,-0.0873161713252889
G04_R0382,G04,test,100,50,1e-06,0.7,0.1,0.2,4.0,19.652,19.63044776605337,-0.1096694175993739
G04_R0383,G04,train,100,50,1e-06,0.7,0.2,0.2,4.0,21.241,21.22620964087299,-0.0696311808625236
G04_R0384,G04,train,100,50,1e-06,0.7,0.3,0.2,4.0,23.302,23.27733155564568,-0.1058640646911096
G04_R0385,G04,train,250,3,0.001,0.85,0.1,0.2,4.0,10.263,10.297983881583711,0.3408738340028561
G04_R0386,G04,train,250,3,0.001,0.85,0.2,0.2,4.0,11.182,11.205789538690496,0.2127485127034126
G04_R0387,G04,train,250,3,0.001,0.85,0.3,0.2,4.0,12.434,12.431070993957412,-0.0235564262714077
G04_R0388,G04,train,250,3,0.001,0.8,0.1,0.2,4.0,10.274,10.299547256583711,0.2486593009900118
G04_R0389,G04,train,250,3,0.001,0.8,0.2,0.2,4.0,11.197,11.206338720238112,0.0834037709932491
G04_R0390,G04,train,250,3,0.001,0.8,0.3,0.2,4.0,12.455,12.440581497519824,-0.1157647730243075
G04_R0391,G04,train,250,3,0.001,0.75,0.1,0.2,4.0,10.286,10.30180425063134,0.1536481686889045
G04_R0392,G04,train,250,3,0.001,0.75,0.2,0.2,4.0,11.212,11.212131279761918,0.0011708862104725
G04_R0393,G04,train,250,3,0.001,0.75,0.3,0.2,4.0,12.475,12.441182258432548,-0.2710841007410972
G04_R0394,G04,train,250,3,0.001,0.7,0.1,0.2,4.0,10.298,10.30180425063134,0.0369416452839412
G04_R0395,G04,train,250,3,0.001,0.7,0.2,0.2,4.0,11.228,11.21282425892858,-0.1351597886660012
G04_R0396,G04,train,250,3,0.001,0.7,0.3,0.2,4.0,12.495,12.440262653769848,-0.4380739994409882
G04_R0397,G04,train,250,3,0.0001,0.85,0.1,0.2,4.0,10.453,10.458935926181455,0.05678681891761
G04_R0398,G04,train,250,3,0.0001,0.85,0.2,0.2,4.0,11.262,11.26578741964287,0.0336300802954083
G04_R0399,G04,train,250,3,0.0001,0.85,0.3,0.2,4.0,12.402,12.408656375405844,0.053671790080992
G04_R0400,G04,train,250,3,0.0001,0.8,0.1,0.2,4.0,10.457,10.461406408324311,0.0421383601827722
G04_R0401,G04,test,250,3,0.0001,0.8,0.2,0.2,4.0,11.269,11.266503979166671,-0.0221494439020933
G04_R0402,G04,train,250,3,0.0001,0.8,0.3,0.2,4.0,12.411,12.413922114583338,0.0235445538904056
G04_R0403,G04,test,250,3,0.0001,0.75,0.1,0.2,4.0,10.462,10.460032405348128,-0.0188070603314196
G04_R0404,G04,train,250,3,0.0001,0.75,0.2,0.2,4.0,11.276,11.268563197916682,-0.0659524838889439
G04_R0405,G04,train,250,3,0.0001,0.75,0.3,0.2,4.0,12.421,12.417953565476203,-0.0245264835664935
G04_R0406,G04,train,250,3,0.0001,0.7,0.1,0.2,4.0,10.467,10.459918030348126,-0.0676599756556289
G04_R0407,G04,train,250,3,0.0001,0.7,0.2,0.2,4.0,11.284,11.269908818452398,-0.1248775394151219
G04_R0408,G04,train,250,3,0.0001,0.7,0.3,0.2,4.0,12.431,12.420396028769847,-0.0853026404162997
G04_R0409,G04,train,250,3,1e-05,0.85,0.1,0.2,4.0,10.501,10.501780532242051,0.0074329325021616
G04_R0410,G04,train,250,3,1e-05,0.85,0.2,0.2,4.0,11.254,11.256876830357148,0.0255627364239127
G04_R0411,G04,train,250,3,1e-05,0.85,0.3,0.2,4.0,12.349,12.360603503382029,0.093963101320176
G04_R0412,G04,train,250,3,1e-05,0.8,0.1,0.2,4.0,10.502,10.503368484623005,0.013030704846719
G04_R0413,G04,train,250,3,1e-05,0.8,0.2,0.2,4.0,11.257,11.257370327380947,0.0032897519849644
G04_R0414,G04,train,250,3,1e-05,0.8,0.3,0.2,4.0,12.353,12.364001755952376,0.0890614097982394
G04_R0415,G04,test,250,3,1e-05,0.75,0.1,0.2,4.0,10.503,10.503865009424594,0.0082358319013012
G04_R0416,G04,train,250,3,1e-05,0.75,0.2,0.2,4.0,11.26,11.25965466815475,-0.003066890277525
G04_R0417,G04,train,250,3,1e-05,0.75,0.3,0.2,4.0,12.357,12.369567586309506,0.101704186368103
G04_R0418,G04,train,250,3,1e-05,0.7,0.1,0.2,4.0,10.505,10.503595009424595,-0.0133744938163318
G04_R0419,G04,train,250,3,1e-05,0.7,0.2,0.2,4.0,11.263,11.260954163690464,-0.0181642218728237
G04_R0420,G04,train,250,3,1e-05,0.7,0.3,0.2,4.0,12.362,12.375501850694445,0.109220600990476
G04_R0421,G04,train,250,3,1e-06,0.85,0.1,0.2,4.0,10.522,10.515834354166664,-0.0585976604574828
G04_R0422,G04,train,250,3,1e-06,0.85,0.2,0.2,4.0,11.249,11.250970175595237,0.0175142287779905
G04_R0423,G04,train,250,3,1e-06,0.85,0.3,0.2,4.0,12.331,12.353246312454935,0.1804096379444951
G04_R0424,G04,train,250,3,1e-06,0.8,0.1,0.2,4.0,10.522,10.517228449404762,-0.0453483234673882
G04_R0425,G04,train,250,3,1e-06,0.8,0.2,0.2,4.0,11.25,11.251322783730156,0.0117580776013899
G04_R0426,G04,train,250,3,1e-06,0.8,0.3,0.2,4.0,12.333,12.358013554608608,0.2028180865045604
G04_R0427,G04,train,250,3,1e-06,0.75,0.1,0.2,4.0,10.522,10.51807346527778,-0.037317379986886
G04_R0428,G04,train,250,3,1e-06,0.75,0.2,0.2,4.0,11.251,11.252944425099232,0.017282242460512
G04_R0429,G04,test,250,3,1e-06,0.75,0.3,0.2,4.0,12.334,12.367395742604623,0.2707616556236714
G04_R0430,G04,train,250,3,1e-06,0.7,0.1,0.2,4.0,10.523,10.517778048611117,-0.0496241698078773
G04_R0431,G04,train,250,3,1e-06,0.7,0.2,0.2,4.0,11.252,11.2541187574405,0.0188300519063193
G04_R0432,G04,train,250,3,1e-06,0.7,0.3,0.2,4.0,12.336,12.371903726235589,0.2910483644259612
G04_R0433,G04,train,250,6,0.001,0.85,0.1,0.2,4.0,12.495,12.556732271329388,0.4940557929522882
G04_R0434,G04,train,250,6,0.001,0.85,0.2,0.2,4.0,13.624,13.5125873204365,-0.8177677595676761
G04_R0435,G04,train,250,6,0.001,0.85,0.3,0.2,4.0,15.172,15.123320069940446,-0.3208537441309954
G04_R0436,G04,train,250,6,0.001,0.8,0.1,0.2,4.0,12.509,12.560746558035731,0.4136746185604988
G04_R0437,G04,test,250,6,0.001,0.8,0.2,0.2,4.0,13.642,13.51336676785712,-0.9429206285213296
G04_R0438,G04,train,250,6,0.001,0.8,0.3,0.2,4.0,15.195,15.134564811011874,-0.3977307600403191
G04_R0439,G04,test,250,6,0.001,0.75,0.1,0.2,4.0,12.523,12.56247783779764,0.3152426558942667
G04_R0440,G04,train,250,6,0.001,0.75,0.2,0.2,4.0,13.66,13.531711812499974,-0.9391521778918424
G04_R0441,G04,train,250,6,0.001,0.75,0.3,0.2,4.0,15.219,15.163575785714258,-0.3641777665138413
G04_R0442,G04,train,250,6,0.001,0.7,0.1,0.2,4.0,12.537,12.561826921130974,0.1980292026080664
G04_R0443,G04,train,250,6,0.001,0.7,0.2,0.2,4.0,13.678,13.53846442857141,-1.0201460113217589
G04_R0444,G04,train,250,6,0.001,0.7,0.3,0.2,4.0,15.243,15.163750231150772,-0.519909262279255
G04_R0445,G04,train,250,6,0.0001,0.85,0.1,0.2,4.0,12.707,12.709728273809556,0.0214706367321474
G04_R0446,G04,train,250,6,0.0001,0.85,0.2,0.2,4.0,13.669,13.658722763392866,-0.0751864555354027
G04_R0447,G04,train,250,6,0.0001,0.85,0.3,0.2,4.0,15.016,15.024443851686508,0.0562323633891032
G04_R0448,G04,test,250,6,0.0001,0.8,0.1,0.2,4.0,12.713,12.717105858134955,0.0322965321714605
G04_R0449,G04,train,250,6,0.0001,0.8,0.2,0.2,4.0,13.678,13.667716398313488,-0.0751835186906954
G04_R0450,G04,test,250,6,0.0001,0.8,0.3,0.2,4.0,15.027,15.0258087326389,-0.007927512884135
G04_R0451,G04,test,250,6,0.0001,0.75,0.1,0.2,4.0,12.719,12.71905498611115,0.000432314735046
G04_R0452,G04,train,250,6,0.0001,0.75,0.2,0.2,4.0,13.687,13.668296454861103,-0.1366518969744733
G04_R0453,G04,train,250,6,0.0001,0.75,0.3,0.2,4.0,15.039,15.034556372023816,-0.0295473633631441
G04_R0454,G04,train,250,6,0.0001,0.7,0.1,0.2,4.0,12.725,12.71737232688496,-0.0599424213362705
G04_R0455,G04,test,250,6,0.0001,0.7,0.2,0.2,4.0,13.697,13.666144347718248,-0.2252730691520123
G04_R0456,G04,train,250,6,0.0001,0.7,0.3,0.2,4.0,15.052,15.038485326884928,-0.0897865606900872
G04_R0457,G04,train,250,6,1e-05,0.85,0.1,0.2,4.0,12.757,12.749064763392887,-0.062202999193467
G04_R0458,G04,train,250,6,1e-05,0.85,0.2,0.2,4.0,13.644,13.644938828869046,0.0068808917402957
G04_R0459,G04,train,250,6,1e-05,0.85,0.3,0.2,4.0,14.921,14.952329263392867,0.2099675852346887
G04_R0460,G04,train,250,6,1e-05,0.8,0.1,0.2,4.0,12.759,12.756442347718291,-0.0200458678713771
G04_R0461,G04,test,250,6,1e-05,0.8,0.2,0.2,4.0,13.647,13.650219473710305,0.0235910728387383
G04_R0462,G04,test,250,6,1e-05,0.8,0.3,0.2,4.0,14.926,14.954456470238112,0.1906503432809314
G04_R0463,G04,train,250,6,1e-05,0.75,0.1,0.2,4.0,12.761,12.759179383432588,-0.0142670368106936
G04_R0464,G04,test,250,6,1e-05,0.75,0.2,0.2,4.0,13.651,13.650374696924588,-0.004580639333478
G04_R0465,G04,train,250,6,1e-05,0.75,0.3,0.2,4.0,14.931,14.970581417162698,0.2650955539662389
G04_R0466,G04,train,250,6,1e-05,0.7,0.1,0.2,4.0,12.763,12.757657078373056,-0.0418625842430798
G04_R0467,G04,train,250,6,1e-05,0.7,0.2,0.2,4.0,13.655,13.648498756448395,-0.0476107180637282
G04_R0468,G04,train,250,6,1e-05,0.7,0.3,0.2,4.0,14.937,14.972047555555564,0.2346358409022207
G04_R0469,G04,test,250,6,1e-06,0.85,0.1,0.2,4.0,12.782,12.762750230654728,-0.1506006051108764
G04_R0470,G04,train,250,6,1e-06,0.85,0.2,0.2,4.0,13.628,13.63526414480312,0.0533030877833862
G04_R0471,G04,train,250,6,1e-06,0.85,0.3,0.2,4.0,14.893,14.92830820120852,0.2370791728229292
G04_R0472,G04,train,250,6,1e-06,0.8,0.1,0.2,4.0,12.782,12.770983739583295,-0.0861857331928084
G04_R0473,G04,test,250,6,1e-06,0.8,0.2,0.2,4.0,13.629,13.638426879922154,0.0691678033762872
G04_R0474,G04,train,250,6,1e-06,0.8,0.3,0.2,4.0,14.895,14.93085932918471,0.2407474265505876
G04_R0475,G04,train,250,6,1e-06,0.75,0.1,0.2,4.0,12.782,12.773413340773777,-0.0671777439072518
G04_R0476,G04,train,250,6,1e-06,0.75,0.2,0.2,4.0,13.63,13.638505478136436,0.0624026275600634
G04_R0477,G04,test,250,6,1e-06,0.75,0.3,0.2,4.0,14.897,14.960784365395009,0.428169197791547
G04_R0478,G04,train,250,6,1e-06,0.7,0.1,0.2,4.0,12.782,12.772422660714245,-0.074928331135622
G04_R0479,G04,train,250,6,1e-06,0.7,0.2,0.2,4.0,13.631,13.636889879922151,0.043209448478842
G04_R0480,G04,train,250,6,1e-06,0.7,0.3,0.2,4.0,14.9,14.962371185335488,0.4185985592985654
G04_R0481,G04,test,250,20,0.001,0.85,0.1,0.2,4.0,18.2,18.18164089993685,-0.1008741761711392
G04_R0482,G04,train,250,20,0.001,0.85,0.2,0.2,4.0,20.009,20.020407327876956,0.0570109844417633
G04_R0483,G04,train,250,20,0.001,0.85,0.3,0.2,4.0,22.394,22.37967736855163,-0.0639574504258689
G04_R0484,G04,train,250,20,0.001,0.8,0.1,0.2,4.0,18.221,18.18148089993685,-0.2168876574455059
G04_R0485,G04,train,250,20,0.001,0.8,0.2,0.2,4.0,20.037,20.02869981746032,-0.0414242777845053
G04_R0486,G04,train,250,20,0.001,0.8,0.3,0.2,4.0,22.431,22.37949424355163,-0.2296186369237715
G04_R0487,G04,train,250,20,0.001,0.75,0.1,0.2,4.0,18.243,18.178882916305906,-0.3514612930663626
G04_R0488,G04,train,250,20,0.001,0.75,0.2,0.2,4.0,20.065,20.04974299088065,-0.0760379223491276
G04_R0489,G04,train,250,20,0.001,0.75,0.3,0.2,4.0,22.467,22.38450408283735,-0.3671870617467824
G04_R0490,G04,train,250,20,0.001,0.7,0.1,0.2,4.0,18.266,18.178882916305906,-0.4769357478051911
G04_R0491,G04,train,250,20,0.001,0.7,0.2,0.2,4.0,20.093,20.046058571237783,-0.233620807058265
G04_R0492,G04,train,250,20,0.001,0.7,0.3,0.2,4.0,22.503,22.38706310367068,-0.5152064006102284
G04_R0493,G04,test,250,20,0.0001,0.85,0.1,0.2,4.0,18.5,18.51124460529401,0.0607816502378922
G04_R0494,G04,train,250,20,0.0001,0.85,0.2,0.2,4.0,20.007,20.01358358085313,0.0329063870301807
G04_R0495,G04,test,250,20,0.0001,0.85,0.3,0.2,4.0,21.877,21.91387067013891,0.1685362258943644
G04_R0496,G04,train,250,20,0.0001,0.8,0.1,0.2,4.0,18.508,18.509231792794008,0.0066554613897172
G04_R0497,G04,train,250,20,0.0001,0.8,0.2,0.2,4.0,20.021,20.0229298204365,0.0096389812521748
G04_R0498,G04,train,250,20,0.0001,0.8,0.3,0.2,4.0,21.895,21.90926014930557,0.0651297068078295
G04_R0499,G04,train,250,20,0.0001,0.75,0.1,0.2,4.0,18.517,18.50948166630591,-0.0406023313392572
G04_R0500,G04,test,250,20,0.0001,0.75,0.2,0.2,4.0,20.035,20.046743660523493,0.0586157250985418
G04_R0501,G04,train,250,20,0.0001,0.75,0.3,0.2,4.0,21.913,21.897512952876998,-0.0706751568612521
G04_R0502,G04,test,250,20,0.0001,0.7,0.1,0.2,4.0,18.527,18.51402735380591,-0.070020220187239
G04_R0503,G04,train,250,20,0.0001,0.7,0.2,0.2,4.0,20.05,20.04479136885682,-0.0259782101904241
G04_R0504,G04,train,250,20,0.0001,0.7,0.3,0.2,4.0,21.932,21.901995808531755,-0.136805541985427
G04_R0505,G04,train,250,20,1e-05,0.85,0.1,0.2,4.0,18.568,18.578137629870085,0.0545973172667141
G04_R0506,G04,train,250,20,1e-05,0.85,0.2,0.2,4.0,19.821,19.831552235615103,0.0532376550885491
G04_R0507,G04,test,250,20,1e-05,0.85,0.3,0.2,4.0,21.713,21.75851202128429,0.2096072458171996
G04_R0508,G04,train,250,20,1e-05,0.8,0.1,0.2,4.0,18.57,18.5752269284812,0.028147164680667
G04_R0509,G04,train,250,20,1e-05,0.8,0.2,0.2,4.0,19.827,19.834325329365093,0.036946231729921
G04_R0510,G04,train,250,20,1e-05,0.8,0.3,0.2,4.0,21.721,21.751994062950956,0.1426916944475514
G04_R0511,G04,train,250,20,1e-05,0.75,0.1,0.2,4.0,18.573,18.57783039623918,0.0260076252580545
G04_R0512,G04,train,250,20,1e-05,0.75,0.2,0.2,4.0,19.832,19.83578825843252,0.0191017468360133
G04_R0513,G04,train,250,20,1e-05,0.75,0.3,0.2,4.0,21.729,21.743187464736664,0.0652927642167834
G04_R0514,G04,train,250,20,1e-05,0.7,0.1,0.2,4.0,18.575,18.581746715683625,0.0363214841648766
G04_R0515,G04,train,250,20,1e-05,0.7,0.2,0.2,4.0,19.839,19.835470862599184,-0.0177888875488412
G04_R0516,G04,train,250,20,1e-05,0.7,0.3,0.2,4.0,21.738,21.745285362058095,0.0335144082164808
G04_R0517,G04,test,250,20,1e-06,0.85,0.1,0.2,4.0,18.603,18.61953520377879,0.0888846088200124
G04_R0518,G04,train,250,20,1e-06,0.85,0.2,0.2,4.0,19.806,19.81515230113641,0.0462097401616371
G04_R0519,G04,test,250,20,1e-06,0.85,0.3,0.2,4.0,21.673,21.7251895073954,0.2408042605795422
G04_R0520,G04,train,250,20,1e-06,0.8,0.1,0.2,4.0,18.603,18.61919801627879,0.0870720651442731
G04_R0521,G04,train,250,20,1e-06,0.8,0.2,0.2,4.0,19.807,19.816633113636406,0.0486348949179978
G04_R0522,G04,train,250,20,1e-06,0.8,0.3,0.2,4.0,21.675,21.718935882395403,0.2027030329661008
G04_R0523,G04,train,250,20,1e-06,0.75,0.1,0.2,4.0,18.604,18.62109105645739,0.0918676438260174
G04_R0524,G04,train,250,20,1e-06,0.75,0.2,0.2,4.0,19.809,19.81777079865618,0.0442768370749638
G04_R0525,G04,train,250,20,1e-06,0.75,0.3,0.2,4.0,21.678,21.71120122168112,0.1531562952353607
G04_R0526,G04,test,250,20,1e-06,0.7,0.1,0.2,4.0,18.604,18.62246647312406,0.0992607671686783
G04_R0527,G04,train,250,20,1e-06,0.7,0.2,0.2,4.0,19.811,19.81851090282285,0.0379127899795621
G04_R0528,G04,train,250,20,1e-06,0.7,0.3,0.2,4.0,21.682,21.714146660669225,0.14826427759996
G04_R0529,G04,train,250,50,0.001,0.85,0.1,0.2,4.0,24.634,24.7576568547529,0.5019763528168313
G04_R0530,G04,train,250,50,0.001,0.85,0.2,0.2,4.0,27.204,27.242993042162663,0.1433356938783352
G04_R0531,G04,train,250,50,0.001,0.85,0.3,0.2,4.0,30.745,30.69792702876991,-0.1531077288342499
G04_R0532,G04,test,250,50,0.001,0.8,0.1,0.2,4.0,24.664,24.76592693808624,0.4132619935381139
G04_R0533,G04,train,250,50,0.001,0.8,0.2,0.2,4.0,27.244,27.243369615079327,-0.0023138486296885
G04_R0534,G04,train,250,50,0.001,0.8,0.3,0.2,4.0,30.795,30.692048066648702,-0.3343137955879181
G04_R0535,G04,train,250,50,0.001,0.75,0.1,0.2,4.0,24.695,24.763101783324345,0.2757715461605364
G04_R0536,G04,train,250,50,0.001,0.75,0.2,0.2,4.0,27.284,27.256453616567477,-0.1009616750935559
G04_R0537,G04,train,250,50,0.001,0.75,0.3,0.2,4.0,30.843,30.71052375414872,-0.4295180295408453
G04_R0538,G04,train,250,50,0.001,0.7,0.1,0.2,4.0,24.728,24.76058602439577,0.1317778404875816
G04_R0539,G04,train,250,50,0.001,0.7,0.2,0.2,4.0,27.323,27.262807146329383,-0.2203010418717474
G04_R0540,G04,train,250,50,0.001,0.7,0.3,0.2,4.0,30.89,30.721029483315384,-0.5470071760589729
G04_R0541,G04,train,250,50,0.0001,0.85,0.1,0.2,4.0,24.983,24.98174936088567,-0.0050059605104746
G04_R0542,G04,train,250,50,0.0001,0.85,0.2,0.2,4.0,27.071,27.0990862891865,0.1037504679786377
G04_R0543,G04,train,250,50,0.0001,0.85,0.3,0.2,4.0,29.74,29.80052221130952,0.2035044092451971
G04_R0544,G04,train,250,50,0.0001,0.8,0.1,0.2,4.0,24.995,24.99009048588568,-0.019641984854267
G04_R0545,G04,train,250,50,0.0001,0.8,0.2,0.2,4.0,27.09,27.10125385615078,0.0415424737939477
G04_R0546,G04,train,250,50,0.0001,0.8,0.3,0.2,4.0,29.765,29.79292181168832,0.0938075312894987
G04_R0547,G04,train,250,50,0.0001,0.75,0.1,0.2,4.0,25.008,24.9905032864809,-0.0699644654474469
G04_R0548,G04,train,250,50,0.0001,0.75,0.2,0.2,4.0,27.11,27.106906839781765,-0.0114096651355031
G04_R0549,G04,train,250,50,0.0001,0.75,0.3,0.2,4.0,29.79,29.808899793831237,0.0634434166875956
G04_R0550,G04,train,250,50,0.0001,0.7,0.1,0.2,4.0,25.021,24.98779450671899,-0.1327104963071401
G04_R0551,G04,train,250,50,0.0001,0.7,0.2,0.2,4.0,27.131,27.107619318948437,-0.0861769969834014
G04_R0552,G04,train,250,50,0.0001,0.7,0.3,0.2,4.0,29.817,29.819512496212187,0.0084263883428486
G04_R0553,G04,test,250,50,1e-05,0.85,0.1,0.2,4.0,25.073,25.081816652056283,0.0351639295508404
G04_R0554,G04,test,250,50,1e-05,0.85,0.2,0.2,4.0,26.987,27.004845025793653,0.0661245258593198
G04_R0555,G04,train,250,50,1e-05,0.85,0.3,0.2,4.0,29.657,29.674606011981112,0.0593654516003368
G04_R0556,G04,train,250,50,1e-05,0.8,0.1,0.2,4.0,25.076,25.085782985389613,0.0390133410018064
G04_R0557,G04,test,250,50,1e-05,0.8,0.2,0.2,4.0,26.994,27.0073796969246,0.0495654475979792
G04_R0558,G04,train,250,50,1e-05,0.8,0.3,0.2,4.0,29.667,29.67057363698113,0.0120458320056976
G04_R0559,G04,train,250,50,1e-05,0.75,0.1,0.2,4.0,25.08,25.086672363365828,0.02660431964047
G04_R0560,G04,train,250,50,1e-05,0.75,0.2,0.2,4.0,27.002,27.009904310019827,0.0292730539212961
G04_R0561,G04,train,250,50,1e-05,0.75,0.3,0.2,4.0,29.678,29.677639325969235,-0.0012152908914549
G04_R0562,G04,train,250,50,1e-05,0.7,0.1,0.2,4.0,25.084,25.085319717532503,0.0052611925231353
G04_R0563,G04,train,250,50,1e-05,0.7,0.2,0.2,4.0,27.011,27.00977589335316,-0.004531881999325
G04_R0564,G04,train,250,50,1e-05,0.7,0.3,0.2,4.0,29.69,29.68592872180256,-0.0137126244440668
G04_R0565,G04,train,250,50,1e-06,0.85,0.1,0.2,4.0,25.121,25.108071478354745,-0.051464996000373
G04_R0566,G04,train,250,50,1e-06,0.85,0.2,0.2,4.0,26.968,26.99764016121032,0.1099086369412517
G04_R0567,G04,train,250,50,1e-06,0.85,0.3,0.2,4.0,29.629,29.648418124580303,0.0655375631317343
G04_R0568,G04,train,250,50,1e-06,0.8,0.1,0.2,4.0,25.121,25.11238895752141,-0.0342782631208467
G04_R0569,G04,train,250,50,1e-06,0.8,0.2,0.2,4.0,26.97,26.99997774900793,0.1111522024765667
G04_R0570,G04,train,250,50,1e-06,0.8,0.3,0.2,4.0,29.633,29.644531687080317,0.0389150173128409
G04_R0571,G04,train,250,50,1e-06,0.75,0.1,0.2,4.0,25.121,25.11298910930719,-0.0318892189515103
G04_R0572,G04,test,250,50,1e-06,0.75,0.2,0.2,4.0,26.972,27.002515903769822,0.1131391953500838
G04_R0573,G04,train,250,50,1e-06,0.75,0.3,0.2,4.0,29.637,29.64910270196121,0.0408364610494025
G04_R0574,G04,train,250,50,1e-06,0.7,0.1,0.2,4.0,25.122,25.11166571347387,-0.0411364004702297
G04_R0575,G04,train,250,50,1e-06,0.7,0.2,0.2,4.0,26.975,27.00238748710316,0.1015291458875208
G04_R0576,G04,train,250,50,1e-06,0.7,0.3,0.2,4.0,29.642,29.657659556127868,0.0528289458466652
G04_R0577,G04,train,500,3,0.001,0.85,0.1,0.2,4.0,12.26,12.245646615079336,-0.117074917786805
G04_R0578,G04,test,500,3,0.001,0.85,0.2,0.2,4.0,13.432,13.473302682043643,0.3074946548812137
G04_R0579,G04,test,500,3,0.001,0.85,0.3,0.2,4.0,15.128,15.216593599702405,0.5856266505975974
G04_R0580,G04,train,500,3,0.001,0.8,0.1,0.2,4.0,12.273,12.246371384424572,-0.2169690831534882
G04_R0581,G04,test,500,3,0.001,0.8,0.2,0.2,4.0,13.448,13.471185301091264,0.1724070574900632
G04_R0582,G04,train,500,3,0.001,0.8,0.3,0.2,4.0,15.151,15.218623183035737,0.4463281831940928
G04_R0583,G04,test,500,3,0.001,0.75,0.1,0.2,4.0,12.287,12.247712397817422,-0.3197493463219598
G04_R0584,G04,train,500,3,0.001,0.75,0.2,0.2,4.0,13.463,13.472500014430018,0.0705638745451906
G04_R0585,G04,train,500,3,0.001,0.75,0.3,0.2,4.0,15.173,15.203596080221894,0.2016481923277801
G04_R0586,G04,test,500,3,0.001,0.7,0.1,0.2,4.0,12.302,12.247647216269804,-0.4418207098861579
G04_R0587,G04,train,500,3,0.001,0.7,0.2,0.2,4.0,13.478,13.475518914727646,-0.0184084083124649
G04_R0588,G04,train,500,3,0.001,0.7,0.3,0.2,4.0,15.193,15.20179572605522,0.0578932801633679
G04_R0589,G04,train,500,3,0.0001,0.85,0.1,0.2,4.0,12.425,12.43354552155482,0.0687768334391846
G04_R0590,G04,train,500,3,0.0001,0.85,0.2,0.2,4.0,13.475,13.484921937499983,0.0736321892392112
G04_R0591,G04,test,500,3,0.0001,0.85,0.3,0.2,4.0,14.967,15.1269138332431,1.0684427957713685
G04_R0592,G04,train,500,3,0.0001,0.8,0.1,0.2,4.0,12.43,12.434799432269106,0.0386116835809015
G04_R0593,G04,train,500,3,0.0001,0.8,0.2,0.2,4.0,13.484,13.4832334940476,-0.005684559124879
G04_R0594,G04,test,500,3,0.0001,0.8,0.3,0.2,4.0,14.979,15.1268632082431,0.9871367130189062
G04_R0595,G04,train,500,3,0.0001,0.75,0.1,0.2,4.0,12.437,12.43724168970959,0.0019433119690425
G04_R0596,G04,train,500,3,0.0001,0.75,0.2,0.2,4.0,13.494,13.485699013933976,-0.0615161261747717
G04_R0597,G04,train,500,3,0.0001,0.75,0.3,0.2,4.0,14.99,15.103787842171666,0.7590916755948368
G04_R0598,G04,train,500,3,0.0001,0.7,0.1,0.2,4.0,12.443,12.437288799828636,-0.0458989003565356
G04_R0599,G04,train,500,3,0.0001,0.7,0.2,0.2,4.0,13.504,13.487377622564932,-0.1230922499634775
G04_R0600,G04,train,500,3,0.0001,0.7,0.3,0.2,4.0,15.002,15.098926373917694,0.646089680827177
G04_R0601,G04,train,500,3,1e-05,0.85,0.1,0.2,4.0,12.447,12.451501096951676,0.0361621029298474
G04_R0602,G04,train,500,3,1e-05,0.85,0.2,0.2,4.0,13.417,13.426086541170635,0.0677240901142978
G04_R0603,G04,train,500,3,1e-05,0.85,0.3,0.2,4.0,14.964,14.985720439980152,0.1451512963121628
G04_R0604,G04,train,500,3,1e-05,0.8,0.1,0.2,4.0,12.449,12.451874168380249,0.0230875442224168
G04_R0605,G04,train,500,3,1e-05,0.8,0.2,0.2,4.0,13.422,13.424779624503968,0.0207094658319704
G04_R0606,G04,train,500,3,1e-05,0.8,0.3,0.2,4.0,14.97,14.978307481646818,0.0554941993775346
G04_R0607,G04,test,500,3,1e-05,0.75,0.1,0.2,4.0,12.451,12.452553903499297,0.0124801501830871
G04_R0608,G04,train,500,3,1e-05,0.75,0.2,0.2,4.0,13.427,13.425774142361124,-0.0091297954783293
G04_R0609,G04,train,500,3,1e-05,0.75,0.3,0.2,4.0,14.977,14.973708783730151,-0.0219751370090744
G04_R0610,G04,train,500,3,1e-05,0.7,0.1,0.2,4.0,12.453,12.45273463266596,-0.0021309510482563
G04_R0611,G04,train,500,3,1e-05,0.7,0.2,0.2,4.0,13.433,13.42647166914684,-0.0485992023610599
G04_R0612,G04,test,500,3,1e-05,0.7,0.3,0.2,4.0,14.983,14.97771075396824,-0.0353016487469781
G04_R0613,G04,train,500,3,1e-06,0.85,0.1,0.2,4.0,12.461,12.459282241567502,-0.0137850768999143
G04_R0614,G04,train,500,3,1e-06,0.85,0.2,0.2,4.0,13.352,13.367277075396784,0.114417880443267
G04_R0615,G04,test,500,3,1e-06,0.85,0.3,0.2,4.0,14.918,14.961291357638911,0.2901954527343746
G04_R0616,G04,train,500,3,1e-06,0.8,0.1,0.2,4.0,12.462,12.45970710466274,-0.0183990959497607
G04_R0617,G04,train,500,3,1e-06,0.8,0.2,0.2,4.0,13.354,13.36550672123012,0.0861668506074574
G04_R0618,G04,train,500,3,1e-06,0.8,0.3,0.2,4.0,14.921,14.953524190972246,0.2179759464663659
G04_R0619,G04,train,500,3,1e-06,0.75,0.1,0.2,4.0,12.462,12.460413259424648,-0.012732631803497
G04_R0620,G04,train,500,3,1e-06,0.75,0.2,0.2,4.0,13.356,13.365384411706335,0.0702636396101924
G04_R0621,G04,train,500,3,1e-06,0.75,0.3,0.2,4.0,14.924,14.94928115079368,0.169399295052797
G04_R0622,G04,test,500,3,1e-06,0.7,0.1,0.2,4.0,12.462,12.460608884424646,-0.0111628596963059
G04_R0623,G04,train,500,3,1e-06,0.7,0.2,0.2,4.0,13.359,13.366091411706332,0.053083402248163
G04_R0624,G04,train,500,3,1e-06,0.7,0.3,0.2,4.0,14.927,14.953723037698436,0.1790248388720899
G04_R0625,G04,train,500,6,0.001,0.85,0.1,0.2,4.0,15.153,15.209199839466113,0.3708825939821293
G04_R0626,G04,train,500,6,0.001,0.85,0.2,0.2,4.0,16.578,16.649977951388884,0.4341775328078449
G04_R0627,G04,train,500,6,0.001,0.85,0.3,0.2,4.0,18.73,18.893783177083343,0.8744430169959542
G04_R0628,G04,train,500,6,0.001,0.8,0.1,0.2,4.0,15.171,15.211523872204202,0.2671140478821601
G04_R0629,G04,train,500,6,0.001,0.8,0.2,0.2,4.0,16.599,16.651930283234122,0.3188763373343111
G04_R0630,G04,train,500,6,0.001,0.8,0.3,0.2,4.0,18.759,18.87577963144843,0.6225258886317534
G04_R0631,G04,train,500,6,0.001,0.75,0.1,0.2,4.0,15.189,15.218039003156564,0.191184430552136
G04_R0632,G04,train,500,6,0.001,0.75,0.2,0.2,4.0,16.619,16.666555920138915,0.2861539210476881
G04_R0633,G04,train,500,6,0.001,0.75,0.3,0.2,4.0,18.785,18.869281009424608,0.448661215994717
G04_R0634,G04,train,500,6,0.001,0.7,0.1,0.2,4.0,15.209,15.219187117739905,0.0669808517318911
G04_R0635,G04,train,500,6,0.001,0.7,0.2,0.2,4.0,16.639,16.677068429067486,0.2287903664131644
G04_R0636,G04,train,500,6,0.001,0.7,0.3,0.2,4.0,18.81,18.882223657738077,0.3839641559706264
G04_R0637,G04,test,500,6,0.0001,0.85,0.1,0.2,4.0,15.412,15.42952003918652,0.1136779080360758
G04_R0638,G04,train,500,6,0.0001,0.85,0.2,0.2,4.0,16.813,16.818374835633126,0.0319683318451609
G04_R0639,G04,test,500,6,0.0001,0.85,0.3,0.2,4.0,18.726,18.792000691964272,0.3524548326619314
G04_R0640,G04,train,500,6,0.0001,0.8,0.1,0.2,4.0,15.42,15.43048922668652,0.0680235193678337
G04_R0641,G04,test,500,6,0.0001,0.8,0.2,0.2,4.0,16.825,16.82102210646645,-0.0236427550285193
G04_R0642,G04,train,500,6,0.0001,0.8,0.3,0.2,4.0,18.741,18.776832247519827,0.1911970947112098
G04_R0643,G04,train,500,6,0.0001,0.75,0.1,0.2,4.0,15.428,15.431904415674614,0.0253073351997232
G04_R0644,G04,train,500,6,0.0001,0.75,0.2,0.2,4.0,16.848,16.833483655077558,-0.0861606417523815
G04_R0645,G04,train,500,6,0.0001,0.75,0.3,0.2,4.0,18.756,18.78272727728171,0.142499878874555
G04_R0646,G04,train,500,6,0.0001,0.7,0.1,0.2,4.0,15.436,15.431494637400808,-0.0291873710753533
G04_R0647,G04,train,500,6,0.0001,0.7,0.2,0.2,4.0,16.861,16.83959697948232,-0.1269380257261204
G04_R0648,G04,train,500,6,0.0001,0.7,0.3,0.2,4.0,18.772,18.796385895833293,0.1299056884364708
G04_R0649,G04,train,500,6,1e-05,0.85,0.1,0.2,4.0,15.458,15.461265114718593,0.0211224913869368
G04_R0650,G04,train,500,6,1e-05,0.85,0.2,0.2,4.0,16.777,16.7794185816649,0.01441605570065
G04_R0651,G04,train,500,6,1e-05,0.85,0.3,0.2,4.0,18.806,18.800789237599176,-0.0277079783091836
G04_R0652,G04,train,500,6,1e-05,0.8,0.1,0.2,4.0,15.461,15.461246245670967,0.0015926891596187
G04_R0653,G04,train,500,6,1e-05,0.8,0.2,0.2,4.0,16.783,16.781925188807747,-0.0064041660743242
G04_R0654,G04,train,500,6,1e-05,0.8,0.3,0.2,4.0,18.814,18.79696558134917,-0.0905411855577241
G04_R0655,G04,train,500,6,1e-05,0.75,0.1,0.2,4.0,15.463,15.462386352317791,-0.0039684904753789
G04_R0656,G04,train,500,6,1e-05,0.75,0.2,0.2,4.0,16.79,16.7915759884109,0.0093864705830991
G04_R0657,G04,test,500,6,1e-05,0.75,0.3,0.2,4.0,18.822,18.799036371031704,-0.122004191734646
G04_R0658,G04,train,500,6,1e-05,0.7,0.1,0.2,4.0,15.466,15.461820184163033,-0.0270258362664333
G04_R0659,G04,train,500,6,1e-05,0.7,0.2,0.2,4.0,16.798,16.802148250315657,0.024694906034401
G04_R0660,G04,train,500,6,1e-05,0.7,0.3,0.2,4.0,18.831,18.80763943154759,-0.1240537860570906
G04_R0661,G04,train,500,6,1e-06,0.85,0.1,0.2,4.0,15.479,15.47853070932534,-0.0030317893575823
G04_R0662,G04,train,500,6,1e-06,0.85,0.2,0.2,4.0,16.697,16.72441123511909,0.1641686238191854
G04_R0663,G04,train,500,6,1e-06,0.85,0.3,0.2,4.0,18.751,18.768214880726912,0.0918078007941497
G04_R0664,G04,train,500,6,1e-06,0.8,0.1,0.2,4.0,15.48,15.47853440277772,-0.0094676823144825
G04_R0665,G04,train,500,6,1e-06,0.8,0.2,0.2,4.0,16.701,16.727252959821467,0.1571939394136054
G04_R0666,G04,train,500,6,1e-06,0.8,0.3,0.2,4.0,18.755,18.763393748286425,0.0447547229348252
G04_R0667,G04,train,500,6,1e-06,0.75,0.1,0.2,4.0,15.48,15.479000429067364,-0.006457176567419
G04_R0668,G04,train,500,6,1e-06,0.75,0.2,0.2,4.0,16.704,16.73673832490083,0.1959909297224015
G04_R0669,G04,train,500,6,1e-06,0.75,0.3,0.2,4.0,18.758,18.766049877254652,0.0429143685609138
G04_R0670,G04,train,500,6,1e-06,0.7,0.1,0.2,4.0,15.481,15.478641372519744,-0.0152356274158994
G04_R0671,G04,test,500,6,1e-06,0.7,0.2,0.2,4.0,16.707,16.749128150793684,0.2521586807546732
G04_R0672,G04,train,500,6,1e-06,0.7,0.3,0.2,4.0,18.763,18.776879088068156,0.0739705168051547
G04_R0673,G04,train,500,20,0.001,0.85,0.1,0.2,4.0,22.991,23.20278201884922,0.9211518370197918
G04_R0674,G04,test,500,20,0.001,0.85,0.2,0.2,4.0,25.135,25.68444471230157,2.1859745864394995
G04_R0675,G04,test,500,20,0.001,0.85,0.3,0.2,4.0,27.987,28.79254190575397,2.8782717181333357
G04_R0676,G04,test,500,20,0.001,0.8,0.1,0.2,4.0,23.026,23.21628853968253,0.8264072773496657
G04_R0677,G04,train,500,20,0.001,0.8,0.2,0.2,4.0,25.181,25.672171618551573,1.9505643880369017
G04_R0678,G04,train,500,20,0.001,0.8,0.3,0.2,4.0,28.026,28.72334379910717,2.488203093938365
G04_R0679,G04,train,500,20,0.001,0.75,0.1,0.2,4.0,23.063,23.20736114682539,0.6259426216250822
G04_R0680,G04,train,500,20,0.001,0.75,0.2,0.2,4.0,25.23,25.658474833829363,1.698275203445749
G04_R0681,G04,train,500,20,0.001,0.75,0.3,0.2,4.0,28.059,28.627715127976185,2.026854584896766
G04_R0682,G04,train,500,20,0.001,0.7,0.1,0.2,4.0,23.102,23.20123528869047,0.4295528036121074
G04_R0683,G04,train,500,20,0.001,0.7,0.2,0.2,4.0,25.282,25.633722371031745,1.391196784398958
G04_R0684,G04,train,500,20,0.001,0.7,0.3,0.2,4.0,28.088,28.752813860119023,2.36689639746164
G04_R0685,G04,test,500,20,0.0001,0.85,0.1,0.2,4.0,23.765,23.84376567013888,0.3314355991537215
G04_R0686,G04,test,500,20,0.0001,0.85,0.2,0.2,4.0,26.86,26.74349721626982,-0.4337408180572598
G04_R0687,G04,train,500,20,0.0001,0.85,0.3,0.2,4.0,29.903,29.758462111111072,-0.483355813426501
G04_R0688,G04,train,500,20,0.0001,0.8,0.1,0.2,4.0,23.779,23.844195430555548,0.2741722972183345
G04_R0689,G04,train,500,20,0.0001,0.8,0.2,0.2,4.0,26.884,26.739466205853155,-0.5376201240397456
G04_R0690,G04,train,500,20,0.0001,0.8,0.3,0.2,4.0,29.928,29.726683550099168,-0.672669239176802
G04_R0691,G04,train,500,20,0.0001,0.75,0.1,0.2,4.0,23.793,23.847536323412687,0.2292116312053437
G04_R0692,G04,train,500,20,0.0001,0.75,0.2,0.2,4.0,26.909,26.74886802827381,-0.5950870404927117
G04_R0693,G04,train,500,20,0.0001,0.75,0.3,0.2,4.0,29.957,29.71322182986108,-0.813760290212373
G04_R0694,G04,test,500,20,0.0001,0.7,0.1,0.2,4.0,23.809,23.848511774801587,0.1659531051349726
G04_R0695,G04,train,500,20,0.0001,0.7,0.2,0.2,4.0,26.936,26.71331274702382,-0.8267272534013187
G04_R0696,G04,train,500,20,0.0001,0.7,0.3,0.2,4.0,29.99,29.791835450892837,-0.660768753274976
G04_R0697,G04,train,500,20,1e-05,0.85,0.1,0.2,4.0,23.989,23.973166834325397,-0.0660017744574893
G04_R0698,G04,train,500,20,1e-05,0.85,0.2,0.2,4.0,27.028,27.026636270833297,-0.0050456162746103
G04_R0699,G04,train,500,20,1e-05,0.85,0.3,0.2,4.0,31.221,31.09480199454372,-0.4042087231551879
G04_R0700,G04,train,500,20,1e-05,0.8,0.1,0.2,4.0,23.994,23.971352036706342,-0.0943901112513852
G04_R0701,G04,train,500,20,1e-05,0.8,0.2,0.2,4.0,27.04,27.023473239583296,-0.0611196760972735
G04_R0702,G04,train,500,20,1e-05,0.8,0.3,0.2,4.0,31.234,31.09284656200404,-0.4519223858486393
G04_R0703,G04,train,500,20,1e-05,0.75,0.1,0.2,4.0,23.998,23.97639441468254,-0.0900307747206412
G04_R0704,G04,train,500,20,1e-05,0.75,0.2,0.2,4.0,27.051,27.022251928075452,-0.106273601436335
G04_R0705,G04,train,500,20,1e-05,0.75,0.3,0.2,4.0,31.248,31.156220355158748,-0.2937136611663246
G04_R0706,G04,train,500,20,1e-05,0.7,0.1,0.2,4.0,24.004,23.97980173015873,-0.1008093227848328
G04_R0707,G04,train,500,20,1e-05,0.7,0.2,0.2,4.0,27.065,26.99076876289689,-0.2742702276116984
G04_R0708,G04,train,500,20,1e-05,0.7,0.3,0.2,4.0,31.265,31.204215377480185,-0.194417471677015
G04_R0709,G04,train,500,20,1e-06,0.85,0.1,0.2,4.0,24.071,24.037282091269773,-0.1400768922364179
G04_R0710,G04,train,500,20,1e-06,0.85,0.2,0.2,4.0,27.131,27.12196720982138,-0.0332932445491095
G04_R0711,G04,test,500,20,1e-06,0.85,0.3,0.2,4.0,31.339,31.1580501493056,-0.5773951009745055
G04_R0712,G04,test,500,20,1e-06,0.8,0.1,0.2,4.0,24.07,24.035669376984057,-0.1426282634646592
G04_R0713,G04,train,500,20,1e-06,0.8,0.2,0.2,4.0,27.137,27.12005933482138,-0.0624264479442078
G04_R0714,G04,test,500,20,1e-06,0.8,0.3,0.2,4.0,31.366,31.15304267212306,-0.6789432120032495
G04_R0715,G04,train,500,20,1e-06,0.75,0.1,0.2,4.0,24.069,24.040421841269776,-0.1187343002626747
G04_R0716,G04,train,500,20,1e-06,0.75,0.2,0.2,4.0,27.142,27.115801014384925,-0.0965256267595418
G04_R0717,G04,train,500,20,1e-06,0.75,0.3,0.2,4.0,31.48,31.23815500843255,-0.7682496555509871
G04_R0718,G04,train,500,20,1e-06,0.7,0.1,0.2,4.0,24.069,24.043815406745964,-0.1046349796586295
G04_R0719,G04,train,500,20,1e-06,0.7,0.2,0.2,4.0,27.148,27.080014087301603,-0.2504269658847688
G04_R0720,G04,train,500,20,1e-06,0.7,0.3,0.2,4.0,31.442,31.292411030753986,-0.4757616221805806
G04_R0721,G04,train,500,50,0.001,0.85,0.1,0.2,4.0,33.424,33.681624217261884,0.7707761406829966
G04_R0722,G04,test,500,50,0.001,0.85,0.2,0.2,4.0,35.429,37.55009919413912,5.986901109653427
G04_R0723,G04,train,500,50,0.001,0.85,0.3,0.2,4.0,38.109,40.91908846974214,7.37381844116125
G04_R0724,G04,train,500,50,0.001,0.8,0.1,0.2,4.0,33.485,33.694118925595234,0.6245152324779285
G04_R0725,G04,train,500,50,0.001,0.8,0.2,0.2,4.0,35.549,37.47971774423831,5.431145023033863
G04_R0726,G04,train,500,50,0.001,0.8,0.3,0.2,4.0,38.177,41.19866537301596,7.914884283772839
G04_R0727,G04,train,500,50,0.001,0.75,0.1,0.2,4.0,33.555,33.72359282738097,0.5024372742690192
G04_R0728,G04,train,500,50,0.001,0.75,0.2,0.2,4.0,35.594,37.44160422786923,5.190774366098854
G04_R0729,G04,test,500,50,0.001,0.75,0.3,0.2,4.0,38.24,41.97213543551596,9.759768398315789
G04_R0730,G04,train,500,50,0.001,0.7,0.1,0.2,4.0,33.635,33.72371024702383,0.2637438591462264
G04_R0731,G04,test,500,50,0.001,0.7,0.2,0.2,4.0,35.806,37.544414833524,4.8550936533653495
G04_R0732,G04,test,500,50,0.001,0.7,0.3,0.2,4.0,38.303,42.00509893700404,9.665297592888406
G04_R0733,G04,train,500,50,0.0001,0.85,0.1,0.2,4.0,35.04,35.05300576240082,0.0371169018288329
G04_R0734,G04,train,500,50,0.0001,0.85,0.2,0.2,4.0,40.298,40.20664886607149,-0.2266890017581821
G04_R0735,G04,train,500,50,0.0001,0.85,0.3,0.2,4.0,45.634,44.48764371757753,-2.5120661840348726
G04_R0736,G04,train,500,50,0.0001,0.8,0.1,0.2,4.0,35.061,35.067026655257976,0.0171890569521011
G04_R0737,G04,train,500,50,0.0001,0.8,0.2,0.2,4.0,40.334,40.17469872718261,-0.3949553052446932
G04_R0738,G04,test,500,50,0.0001,0.8,0.3,0.2,4.0,45.672,44.71637612829184,-2.092362654817312
G04_R0739,G04,train,500,50,0.0001,0.75,0.1,0.2,4.0,35.085,35.08011919990079,-0.0139113584130204
G04_R0740,G04,test,500,50,0.0001,0.75,0.2,0.2,4.0,40.38,40.12009207738097,-0.6436550832566506
G04_R0741,G04,train,500,50,0.0001,0.75,0.3,0.2,4.0,45.716,45.29662835448233,-0.9173410742796204
G04_R0742,G04,train,500,50,0.0001,0.7,0.1,0.2,4.0,35.113,35.08527625347222,-0.0789557899574984
G04_R0743,G04,train,500,50,0.0001,0.7,0.2,0.2,4.0,40.428,40.12529563541666,-0.7487492940124035
G04_R0744,G04,train,500,50,0.0001,0.7,0.3,0.2,4.0,45.771,45.30731932620851,-1.0130446653809044
G04_R0745,G04,test,500,50,1e-05,0.85,0.1,0.2,4.0,35.563,35.547427979031376,-0.0437871410416065
G04_R0746,G04,train,500,50,1e-05,0.85,0.2,0.2,4.0,41.37,41.22776994345245,-0.3437999916546936
G04_R0747,G04,train,500,50,1e-05,0.85,0.3,0.2,4.0,48.612,48.11286124156757,-1.0267809562092285
G04_R0748,G04,train,500,50,1e-05,0.8,0.1,0.2,4.0,35.572,35.55439145522186,-0.0495011379122393
G04_R0749,G04,train,500,50,1e-05,0.8,0.2,0.2,4.0,41.388,41.224261953373095,-0.3956171997364057
G04_R0750,G04,train,500,50,1e-05,0.8,0.3,0.2,4.0,48.632,48.31020821180567,-0.6616873420676349
G04_R0751,G04,train,500,50,1e-05,0.75,0.1,0.2,4.0,35.581,35.559867223079,-0.059393431665797
G04_R0752,G04,train,500,50,1e-05,0.75,0.2,0.2,4.0,41.409,41.22188208779757,-0.4518773991220062
G04_R0753,G04,train,500,50,1e-05,0.75,0.3,0.2,4.0,48.653,48.54134346031762,-0.2294956933434295
G04_R0754,G04,train,500,50,1e-05,0.7,0.1,0.2,4.0,35.592,35.57642229748376,-0.0437674267145407
G04_R0755,G04,train,500,50,1e-05,0.7,0.2,0.2,4.0,41.431,41.2355376666666,-0.4717779762337273
G04_R0756,G04,train,500,50,1e-05,0.7,0.3,0.2,4.0,48.677,48.53458534722239,-0.2925707269914132
G04_R0757,G04,train,500,50,1e-06,0.85,0.1,0.2,4.0,35.704,35.592178285578946,-0.3131909993867766
G04_R0758,G04,train,500,50,1e-06,0.85,0.2,0.2,4.0,41.243,41.187596562003925,-0.1343341609390122
G04_R0759,G04,test,500,50,1e-06,0.85,0.3,0.2,4.0,48.941,48.37590556398808,-1.1546442369627068
G04_R0760,G04,test,500,50,1e-06,0.8,0.1,0.2,4.0,35.707,35.599141761769424,-0.3020646882420165
G04_R0761,G04,train,500,50,1e-06,0.8,0.2,0.2,4.0,41.253,41.18345831498013,-0.1685736431771534
G04_R0762,G04,train,500,50,1e-06,0.8,0.3,0.2,4.0,48.959,48.5844969717262,-0.7649319395285996
G04_R0763,G04,test,500,50,1e-06,0.75,0.1,0.2,4.0,35.71,35.60394482129323,-0.296990139195654
G04_R0764,G04,train,500,50,1e-06,0.75,0.2,0.2,4.0,41.262,41.182907117063536,-0.1916845594892747
G04_R0765,G04,train,500,50,1e-06,0.75,0.3,0.2,4.0,49.034,48.827258452380974,-0.4216289668781353
G04_R0766,G04,train,500,50,1e-06,0.7,0.1,0.2,4.0,35.714,35.62048260403132,-0.2618508035187381
G04_R0767,G04,train,500,50,1e-06,0.7,0.2,0.2,4.0,41.273,41.19133390426591,-0.19786808745207
G04_R0768,G04,train,500,50,1e-06,0.7,0.3,0.2,4.0,49.058,48.82362802976193,-0.4777446496760415
G05_R0001,G05,train,25,3,0.001,0.85,0.1,0.2,5.0,6.6428,6.640994553422611,-0.0271789994789749
G05_R0002,G05,train,25,3,0.001,0.85,0.2,0.2,5.0,7.1751,7.177920623427973,0.0393112768877516
G05_R0003,G05,train,25,3,0.001,0.85,0.3,0.2,5.0,7.7978,7.7932297788961025,-0.0586091090294333
G05_R0004,G05,test,25,3,0.001,0.8,0.1,0.2,5.0,6.6477,6.641830315476185,-0.0882964713181263
G05_R0005,G05,test,25,3,0.001,0.8,0.2,0.2,5.0,7.1821,7.180562806774828,-0.0214031164307465
G05_R0006,G05,train,25,3,0.001,0.8,0.3,0.2,5.0,7.8057,7.801358006872307,-0.0556259288429368
G05_R0007,G05,train,25,3,0.001,0.75,0.1,0.2,5.0,6.6529,6.6461405970238,-0.1016008503990696
G05_R0008,G05,train,25,3,0.001,0.75,0.2,0.2,5.0,7.1895,7.186541942538714,-0.041144133267765
G05_R0009,G05,train,25,3,0.001,0.75,0.3,0.2,5.0,7.8142,7.807282708409975,-0.0885220699498942
G05_R0010,G05,train,25,3,0.001,0.7,0.1,0.2,5.0,6.6584,6.64756308090277,-0.1627556034066834
G05_R0011,G05,train,25,3,0.001,0.7,0.2,0.2,5.0,7.1972,7.189300534949421,-0.1097574758319706
G05_R0012,G05,test,25,3,0.001,0.7,0.3,0.2,5.0,7.8232,7.807158619669901,-0.205048833343114
G05_R0013,G05,test,25,3,0.0001,0.85,0.1,0.2,5.0,6.9624,6.955726048561525,-0.0958570527185284
G05_R0014,G05,test,25,3,0.0001,0.85,0.2,0.2,5.0,7.6007,7.597335001190498,-0.0442722224203198
G05_R0015,G05,train,25,3,0.0001,0.85,0.3,0.2,5.0,8.4414,8.436659072420635,-0.0561628116113961
G05_R0016,G05,train,25,3,0.0001,0.8,0.1,0.2,5.0,6.9654,6.9559316310020005,-0.135934318172672
G05_R0017,G05,train,25,3,0.0001,0.8,0.2,0.2,5.0,7.6044,7.599326643849225,-0.0667160611063986
G05_R0018,G05,train,25,3,0.0001,0.8,0.3,0.2,5.0,8.4461,8.440781944494047,-0.0629646287156516
G05_R0019,G05,train,25,3,0.0001,0.75,0.1,0.2,5.0,6.9684,6.955761260466289,-0.1813721877864451
G05_R0020,G05,train,25,3,0.0001,0.75,0.2,0.2,5.0,7.6083,7.602065772222247,-0.0819398259499794
G05_R0021,G05,train,25,3,0.0001,0.75,0.3,0.2,5.0,8.4511,8.442254312175319,-0.1046690705905935
G05_R0022,G05,test,25,3,0.0001,0.7,0.1,0.2,5.0,6.9716,6.955381275347243,-0.2326399198570881
G05_R0023,G05,train,25,3,0.0001,0.7,0.2,0.2,5.0,7.6123,7.603742118253997,-0.1124217614387639
G05_R0024,G05,train,25,3,0.0001,0.7,0.3,0.2,5.0,8.4562,8.441482349526513,-0.1740456762314941
G05_R0025,G05,train,25,3,1e-05,0.85,0.1,0.2,5.0,7.0499,7.051588185515881,0.0239462335051641
G05_R0026,G05,train,25,3,1e-05,0.85,0.2,0.2,5.0,7.7218,7.720242554117067,-0.0201694667426412
G05_R0027,G05,train,25,3,1e-05,0.85,0.3,0.2,5.0,8.6219,8.61411712708335,-0.0902686521143809
G05_R0028,G05,train,25,3,1e-05,0.8,0.1,0.2,5.0,7.0509,7.051791754265877,0.0126473821196814
G05_R0029,G05,train,25,3,1e-05,0.8,0.2,0.2,5.0,7.7231,7.72043592673611,-0.0344948694680814
G05_R0030,G05,train,25,3,1e-05,0.8,0.3,0.2,5.0,8.6236,8.614652908730179,-0.1037512323138952
G05_R0031,G05,train,25,3,1e-05,0.75,0.1,0.2,5.0,7.052,7.052445205555548,0.0063131814456694
G05_R0032,G05,train,25,3,1e-05,0.75,0.2,0.2,5.0,7.7245,7.7202663077876865,-0.0548086246658476
G05_R0033,G05,train,25,3,1e-05,0.75,0.3,0.2,5.0,8.6254,8.61651522703373,-0.1030070833384035
G05_R0034,G05,train,25,3,1e-05,0.7,0.1,0.2,5.0,7.0531,7.052479468055548,-0.0087980029271052
G05_R0035,G05,train,25,3,1e-05,0.7,0.2,0.2,5.0,7.7259,7.719809046031736,-0.0788381155368807
G05_R0036,G05,train,25,3,1e-05,0.7,0.3,0.2,5.0,8.6273,8.616436555605157,-0.1259193999842733
G05_R0037,G05,train,25,3,1e-06,0.85,0.1,0.2,5.0,7.0776,7.076872695734124,-0.0102761425606981
G05_R0038,G05,train,25,3,1e-06,0.85,0.2,0.2,5.0,7.7586,7.753415891188683,-0.0668175806371915
G05_R0039,G05,train,25,3,1e-06,0.85,0.3,0.2,5.0,8.6741,8.65615953862285,-0.2068279288588928
G05_R0040,G05,train,25,3,1e-06,0.8,0.1,0.2,5.0,7.0779,7.076910776686503,-0.0139762261899314
G05_R0041,G05,train,25,3,1e-06,0.8,0.2,0.2,5.0,7.7588,7.754234489650989,-0.0588429956824578
G05_R0042,G05,train,25,3,1e-06,0.8,0.3,0.2,5.0,8.6744,8.655832971856974,-0.2140439470513992
G05_R0043,G05,train,25,3,1e-06,0.75,0.1,0.2,5.0,7.0781,7.076974590823397,-0.0158998767551018
G05_R0044,G05,train,25,3,1e-06,0.75,0.2,0.2,5.0,7.7591,7.755263486922818,-0.0494453361495823
G05_R0045,G05,test,25,3,1e-06,0.75,0.3,0.2,5.0,8.6748,8.655612775428402,-0.2211834805597522
G05_R0046,G05,train,25,3,1e-06,0.7,0.1,0.2,5.0,7.0783,7.07701937118054,-0.0180923218775695
G05_R0047,G05,train,25,3,1e-06,0.7,0.2,0.2,5.0,7.7594,7.753573558252186,-0.0750888180505479
G05_R0048,G05,train,25,3,1e-06,0.7,0.3,0.2,5.0,8.6751,8.656437168583164,-0.2151310234675873
G05_R0049,G05,train,25,6,0.001,0.85,0.1,0.2,5.0,7.3211,7.321300174206341,0.0027342094267315
G05_R0050,G05,test,25,6,0.001,0.85,0.2,0.2,5.0,7.9108,7.909302740958684,-0.018926771518886
G05_R0051,G05,train,25,6,0.001,0.85,0.3,0.2,5.0,8.5939,8.599600561458356,0.0663326482546491
G05_R0052,G05,train,25,6,0.001,0.8,0.1,0.2,5.0,7.3263,7.324091854067446,-0.0301399878868403
G05_R0053,G05,train,25,6,0.001,0.8,0.2,0.2,5.0,7.9182,7.912781585551943,-0.0684298760836668
G05_R0054,G05,train,25,6,0.001,0.8,0.3,0.2,5.0,8.6025,8.59781585592534,-0.0544509627975472
G05_R0055,G05,train,25,6,0.001,0.75,0.1,0.2,5.0,7.3317,7.328617424305541,-0.0420444875602978
G05_R0056,G05,train,25,6,0.001,0.75,0.2,0.2,5.0,7.926,7.923038890611476,-0.0373594421968711
G05_R0057,G05,test,25,6,0.001,0.75,0.3,0.2,5.0,8.6117,8.60681946882216,-0.0566732605390487
G05_R0058,G05,train,25,6,0.001,0.7,0.1,0.2,5.0,7.3374,7.331913429960304,-0.0747753978206963
G05_R0059,G05,train,25,6,0.001,0.7,0.2,0.2,5.0,7.9342,7.928172220702575,-0.0759721118376695
G05_R0060,G05,train,25,6,0.001,0.7,0.3,0.2,5.0,8.6215,8.609950630158732,-0.1339600979094986
G05_R0061,G05,train,25,6,0.0001,0.85,0.1,0.2,5.0,7.6425,7.641892510240085,-0.0079488355893342
G05_R0062,G05,train,25,6,0.0001,0.85,0.2,0.2,5.0,8.3329,8.330445634474204,-0.0294539179132892
G05_R0063,G05,train,25,6,0.0001,0.85,0.3,0.2,5.0,9.2253,9.230437354712295,0.0556876709949418
G05_R0064,G05,test,25,6,0.0001,0.8,0.1,0.2,5.0,7.6455,7.644232417680567,-0.016579456143261
G05_R0065,G05,train,25,6,0.0001,0.8,0.2,0.2,5.0,8.3367,8.331079727033723,-0.0674160395153662
G05_R0066,G05,test,25,6,0.0001,0.8,0.3,0.2,5.0,9.2301,9.233044382936503,0.031899794547223
G05_R0067,G05,train,25,6,0.0001,0.75,0.1,0.2,5.0,7.6486,7.647539550143609,-0.0138646269433764
G05_R0068,G05,test,25,6,0.0001,0.75,0.2,0.2,5.0,8.3406,8.332181355505952,-0.1009357179824972
G05_R0069,G05,train,25,6,0.0001,0.75,0.3,0.2,5.0,9.2352,9.232556426686504,-0.0286249709101813
G05_R0070,G05,train,25,6,0.0001,0.7,0.1,0.2,5.0,7.6519,7.647346126482912,-0.0595129773923923
G05_R0071,G05,train,25,6,0.0001,0.7,0.2,0.2,5.0,8.3448,8.333200985962302,-0.1389969087059916
G05_R0072,G05,train,25,6,0.0001,0.7,0.3,0.2,5.0,9.2404,9.23337586775794,-0.0760154564960427
G05_R0073,G05,train,25,6,1e-05,0.85,0.1,0.2,5.0,7.7303,7.727174222285339,-0.0404353998507237
G05_R0074,G05,train,25,6,1e-05,0.85,0.2,0.2,5.0,8.4528,8.44688958782016,-0.0699225366723519
G05_R0075,G05,train,25,6,1e-05,0.85,0.3,0.2,5.0,9.4008,9.400399012747997,-0.0042654588120549
G05_R0076,G05,train,25,6,1e-05,0.8,0.1,0.2,5.0,7.7314,7.727836424368673,-0.0460922424312188
G05_R0077,G05,test,25,6,1e-05,0.8,0.2,0.2,5.0,8.4541,8.44782108856421,-0.0742706075843773
G05_R0078,G05,train,25,6,1e-05,0.8,0.3,0.2,5.0,9.4025,9.400109668997995,-0.0254222919649328
G05_R0079,G05,test,25,6,1e-05,0.75,0.1,0.2,5.0,7.7324,7.727554759785352,-0.0626615308914142
G05_R0080,G05,train,25,6,1e-05,0.75,0.2,0.2,5.0,8.4555,8.448459721302314,-0.0832627129996698
G05_R0081,G05,train,25,6,1e-05,0.75,0.3,0.2,5.0,9.4043,9.403178895287663,-0.0119211925644044
G05_R0082,G05,test,25,6,1e-05,0.7,0.1,0.2,5.0,7.7336,7.727593428981784,-0.0776684987355953
G05_R0083,G05,train,25,6,1e-05,0.7,0.2,0.2,5.0,8.457,8.449031008342356,-0.0942295336129225
G05_R0084,G05,train,25,6,1e-05,0.7,0.3,0.2,5.0,9.4062,9.403148332638857,-0.0324431477232585
G05_R0085,G05,train,25,6,1e-06,0.85,0.1,0.2,5.0,7.7583,7.7566462554834015,-0.0213158103785458
G05_R0086,G05,train,25,6,1e-06,0.85,0.2,0.2,5.0,8.4894,8.482421443695879,-0.0822031745956268
G05_R0087,G05,train,25,6,1e-06,0.85,0.3,0.2,5.0,9.4518,9.445532731200364,-0.0663076747247733
G05_R0088,G05,train,25,6,1e-06,0.8,0.1,0.2,5.0,7.7585,7.7574224819715,-0.0138882261841805
G05_R0089,G05,train,25,6,1e-06,0.8,0.2,0.2,5.0,8.4896,8.482852382237542,-0.0794809857055341
G05_R0090,G05,test,25,6,1e-06,0.8,0.3,0.2,5.0,9.4522,9.44537888298608,-0.0721643322604152
G05_R0091,G05,test,25,6,1e-06,0.75,0.1,0.2,5.0,7.7587,7.7564286978941235,-0.0292742612277401
G05_R0092,G05,test,25,6,1e-06,0.75,0.2,0.2,5.0,8.4899,8.481801827205063,-0.095385962083627
G05_R0093,G05,train,25,6,1e-06,0.75,0.3,0.2,5.0,9.4525,9.446331479613065,-0.0652580839665455
G05_R0094,G05,train,25,6,1e-06,0.7,0.1,0.2,5.0,7.7589,7.757069181764077,-0.023596363349477
G05_R0095,G05,train,25,6,1e-06,0.7,0.2,0.2,5.0,8.4902,8.48213821381221,-0.0949540197850472
G05_R0096,G05,train,25,6,1e-06,0.7,0.3,0.2,5.0,9.4529,9.44643680863092,-0.068372577400363
G05_R0097,G05,test,25,20,0.001,0.85,0.1,0.2,5.0,9.5513,9.555410118019468,0.0430320272577418
G05_R0098,G05,train,25,20,0.001,0.85,0.2,0.2,5.0,10.256,10.259330475874831,0.0324734387171697
G05_R0099,G05,train,25,20,0.001,0.85,0.3,0.2,5.0,11.075,11.101278009920629,0.2372732272742885
G05_R0100,G05,train,25,20,0.001,0.8,0.1,0.2,5.0,9.5575,9.55622687114447,-0.0133207308975161
G05_R0101,G05,train,25,20,0.001,0.8,0.2,0.2,5.0,10.264,10.263725958513724,-0.0026699287439104
G05_R0102,G05,test,25,20,0.001,0.8,0.3,0.2,5.0,11.085,11.098591624503952,0.1226127605228007
G05_R0103,G05,train,25,20,0.001,0.75,0.1,0.2,5.0,9.5639,9.563283521442084,-0.0064458908804743
G05_R0104,G05,train,25,20,0.001,0.75,0.2,0.2,5.0,10.274,10.27487767577563,0.0085426881022984
G05_R0105,G05,train,25,20,0.001,0.75,0.3,0.2,5.0,11.096,11.09571783581346,-0.0025429360719201
G05_R0106,G05,train,25,20,0.001,0.7,0.1,0.2,5.0,9.5707,9.57447486429472,0.0394418829837009
G05_R0107,G05,train,25,20,0.001,0.7,0.2,0.2,5.0,10.284,10.28259238988097,-0.0136873796094052
G05_R0108,G05,train,25,20,0.001,0.7,0.3,0.2,5.0,11.108,11.099743456845252,-0.0743297007089394
G05_R0109,G05,train,25,20,0.0001,0.85,0.1,0.2,5.0,9.9146,9.91766884887268,0.0309528258596547
G05_R0110,G05,train,25,20,0.0001,0.85,0.2,0.2,5.0,10.718,10.721051023313514,0.028466349258387
G05_R0111,G05,test,25,20,0.0001,0.85,0.3,0.2,5.0,11.744,11.740814820436496,-0.0271217605884182
G05_R0112,G05,train,25,20,0.0001,0.8,0.1,0.2,5.0,9.9181,9.917464937959982,-0.0064030614736531
G05_R0113,G05,train,25,20,0.0001,0.8,0.2,0.2,5.0,10.723,10.722275587301604,-0.0067556905567291
G05_R0114,G05,train,25,20,0.0001,0.8,0.3,0.2,5.0,11.75,11.742771897321418,-0.0615157674772906
G05_R0115,G05,train,25,20,0.0001,0.75,0.1,0.2,5.0,9.9217,9.919600969805222,-0.021155953060238
G05_R0116,G05,test,25,20,0.0001,0.75,0.2,0.2,5.0,10.727,10.725050364468876,-0.0181750305875302
G05_R0117,G05,test,25,20,0.0001,0.75,0.3,0.2,5.0,11.755,11.746132093749983,-0.0754394406636825
G05_R0118,G05,train,25,20,0.0001,0.7,0.1,0.2,5.0,9.9254,9.92153150982145,-0.0389756602106622
G05_R0119,G05,train,25,20,0.0001,0.7,0.2,0.2,5.0,10.732,10.72626471466728,-0.0534409740283321
G05_R0120,G05,train,25,20,0.0001,0.7,0.3,0.2,5.0,11.761,11.74721662748014,-0.1171955830274519
G05_R0121,G05,train,25,20,1e-05,0.85,0.1,0.2,5.0,10.013,10.01318210386908,0.0018186744140541
G05_R0122,G05,test,25,20,1e-05,0.85,0.2,0.2,5.0,10.849,10.848069016865084,-0.0085812806241683
G05_R0123,G05,test,25,20,1e-05,0.85,0.3,0.2,5.0,11.929,11.92905905357142,0.0004950420942204
G05_R0124,G05,train,25,20,1e-05,0.8,0.1,0.2,5.0,10.015,10.013388863194471,-0.0160872371994745
G05_R0125,G05,train,25,20,1e-05,0.8,0.2,0.2,5.0,10.851,10.847964808531753,-0.0279715368929114
G05_R0126,G05,train,25,20,1e-05,0.8,0.3,0.2,5.0,11.931,11.93097835615078,-0.0001814085090752
G05_R0127,G05,train,25,20,1e-05,0.75,0.1,0.2,5.0,10.016,10.0138632218254,-0.0213336479093495
G05_R0128,G05,test,25,20,1e-05,0.75,0.2,0.2,5.0,10.852,10.848534555555556,-0.031933693737967
G05_R0129,G05,train,25,20,1e-05,0.75,0.3,0.2,5.0,11.933,11.932014046626966,-0.0082624098972082
G05_R0130,G05,train,25,20,1e-05,0.7,0.1,0.2,5.0,10.017,10.013980046230158,-0.0301482856128768
G05_R0131,G05,train,25,20,1e-05,0.7,0.2,0.2,5.0,10.854,10.848832635912688,-0.04760792415065
G05_R0132,G05,test,25,20,1e-05,0.7,0.3,0.2,5.0,11.935,11.931708957341254,-0.0275747185483593
G05_R0133,G05,train,25,20,1e-06,0.85,0.1,0.2,5.0,10.045,10.043295945436554,-0.0169642067042853
G05_R0134,G05,train,25,20,1e-06,0.85,0.2,0.2,5.0,10.89,10.88845867609134,-0.0141535712457414
G05_R0135,G05,train,25,20,1e-06,0.85,0.3,0.2,5.0,11.983,11.978620106188991,-0.0365508955270596
G05_R0136,G05,train,25,20,1e-06,0.8,0.1,0.2,5.0,10.045,10.043299007936556,-0.0169337188993958
G05_R0137,G05,train,25,20,1e-06,0.8,0.2,0.2,5.0,10.89,10.888600634424671,-0.012850005283097
G05_R0138,G05,test,25,20,1e-06,0.8,0.3,0.2,5.0,11.984,11.979094728212807,-0.0409318406808468
G05_R0139,G05,train,25,20,1e-06,0.75,0.1,0.2,5.0,10.045,10.043294549603225,-0.0169781025064913
G05_R0140,G05,train,25,20,1e-06,0.75,0.2,0.2,5.0,10.89,10.88868967162704,-0.0120324001190008
G05_R0141,G05,train,25,20,1e-06,0.75,0.3,0.2,5.0,11.984,11.979773019879472,-0.0352718634890513
G05_R0142,G05,train,25,20,1e-06,0.7,0.1,0.2,5.0,10.046,10.043496109127029,-0.0249242571468332
G05_R0143,G05,train,25,20,1e-06,0.7,0.2,0.2,5.0,10.89,10.88846727579371,-0.0140746024452762
G05_R0144,G05,train,25,20,1e-06,0.7,0.3,0.2,5.0,11.985,11.979863228212803,-0.0428600065681635
G05_R0145,G05,train,25,50,0.001,0.85,0.1,0.2,5.0,12.39,12.392104942956347,0.0169890472667222
G05_R0146,G05,train,25,50,0.001,0.85,0.2,0.2,5.0,13.269,13.275613401244598,0.0498409921214725
G05_R0147,G05,test,25,50,0.001,0.85,0.3,0.2,5.0,14.29,14.302521256944445,0.0876225118575628
G05_R0148,G05,train,25,50,0.001,0.8,0.1,0.2,5.0,12.398,12.394960932539686,-0.0245125621899823
G05_R0149,G05,train,25,50,0.001,0.8,0.2,0.2,5.0,13.28,13.279352317911243,-0.0048771241623057
G05_R0150,G05,train,25,50,0.001,0.8,0.3,0.2,5.0,14.303,14.303042111607146,0.0002944249957729
G05_R0151,G05,train,25,50,0.001,0.75,0.1,0.2,5.0,12.406,12.40054177430555,-0.0439966604421299
G05_R0152,G05,train,25,50,0.001,0.75,0.2,0.2,5.0,13.292,13.294898742018423,0.0218081704666373
G05_R0153,G05,train,25,50,0.001,0.75,0.3,0.2,5.0,14.317,14.312663229211749,-0.0302910581005192
G05_R0154,G05,train,25,50,0.001,0.7,0.1,0.2,5.0,12.414,12.413397491567448,-0.0048534592601242
G05_R0155,G05,train,25,50,0.001,0.7,0.2,0.2,5.0,13.304,13.307027704816043,0.0227578533977991
G05_R0156,G05,train,25,50,0.001,0.7,0.3,0.2,5.0,14.332,14.328030690025248,-0.0276954366086595
G05_R0157,G05,train,25,50,0.0001,0.85,0.1,0.2,5.0,12.841,12.85178570138887,0.0839942480248485
G05_R0158,G05,train,25,50,0.0001,0.85,0.2,0.2,5.0,13.837,13.83856040079366,0.0112770166485577
G05_R0159,G05,train,25,50,0.0001,0.85,0.3,0.2,5.0,15.103,15.112616519796134,0.0636729113165227
G05_R0160,G05,test,25,50,0.0001,0.8,0.1,0.2,5.0,12.845,12.850825728174584,0.0453540535195289
G05_R0161,G05,train,25,50,0.0001,0.8,0.2,0.2,5.0,13.843,13.843367756944453,0.0026566274973104
G05_R0162,G05,train,25,50,0.0001,0.8,0.3,0.2,5.0,15.11,15.119350434974727,0.0618824286878195
G05_R0163,G05,train,25,50,0.0001,0.75,0.1,0.2,5.0,12.85,12.848318096230155,-0.0130887452906036
G05_R0164,G05,train,25,50,0.0001,0.75,0.2,0.2,5.0,13.848,13.849426649305553,0.0103022046905828
G05_R0165,G05,train,25,50,0.0001,0.75,0.3,0.2,5.0,15.117,15.12609036656748,0.0601334032379379
G05_R0166,G05,train,25,50,0.0001,0.7,0.1,0.2,5.0,12.854,12.847983148313489,-0.0468091775829487
G05_R0167,G05,train,25,50,0.0001,0.7,0.2,0.2,5.0,13.854,13.852936067460323,-0.0076796054545687
G05_R0168,G05,train,25,50,0.0001,0.7,0.3,0.2,5.0,15.124,15.125966138888906,0.0130001248935809
G05_R0169,G05,train,25,50,1e-05,0.85,0.1,0.2,5.0,12.963,12.962698453373005,-0.0023262101905011
G05_R0170,G05,train,25,50,1e-05,0.85,0.2,0.2,5.0,13.998,13.997434862734426,-0.0040372715071657
G05_R0171,G05,train,25,50,1e-05,0.85,0.3,0.2,5.0,15.327,15.33199113235027,0.032564313631303
G05_R0172,G05,train,25,50,1e-05,0.8,0.1,0.2,5.0,12.964,12.96537501438493,0.010606405314178
G05_R0173,G05,train,25,50,1e-05,0.8,0.2,0.2,5.0,14.0,13.997716314123304,-0.0163120419764009
G05_R0174,G05,train,25,50,1e-05,0.8,0.3,0.2,5.0,15.33,15.332638175505032,0.0172092335618524
G05_R0175,G05,train,25,50,1e-05,0.75,0.1,0.2,5.0,12.966,12.967774092261932,0.0136826489428696
G05_R0176,G05,test,25,50,1e-05,0.75,0.2,0.2,5.0,14.002,13.99803048809515,-0.0283496065194302
G05_R0177,G05,train,25,50,1e-05,0.75,0.3,0.2,5.0,15.332,15.33296855902777,0.0063172386366317
G05_R0178,G05,train,25,50,1e-05,0.7,0.1,0.2,5.0,12.968,12.966195806547658,-0.013912657713927
G05_R0179,G05,test,25,50,1e-05,0.7,0.2,0.2,5.0,14.004,13.998071613095153,-0.0423335254559307
G05_R0180,G05,train,25,50,1e-05,0.7,0.3,0.2,5.0,15.335,15.33461505605157,-0.0025102311602928
G05_R0181,G05,train,25,50,1e-06,0.85,0.1,0.2,5.0,13.002,13.001478792252897,-0.0040086736433297
G05_R0182,G05,train,25,50,1e-06,0.85,0.2,0.2,5.0,14.047,14.046810290855005,-0.0013505313945741
G05_R0183,G05,train,25,50,1e-06,0.85,0.3,0.2,5.0,15.393,15.39524199404766,0.01456502337204
G05_R0184,G05,train,25,50,1e-06,0.8,0.1,0.2,5.0,13.002,13.001428097808446,-0.0043985709241211
G05_R0185,G05,train,25,50,1e-06,0.8,0.2,0.2,5.0,14.048,14.046617688176436,-0.0098399190173964
G05_R0186,G05,test,25,50,1e-06,0.8,0.3,0.2,5.0,15.394,15.394017078869076,0.0001109449725627
G05_R0187,G05,train,25,50,1e-06,0.75,0.1,0.2,5.0,13.003,13.00054823372112,-0.0188553893630777
G05_R0188,G05,test,25,50,1e-06,0.75,0.2,0.2,5.0,14.048,14.046574792839143,-0.0101452673751062
G05_R0189,G05,train,25,50,1e-06,0.75,0.3,0.2,5.0,15.394,15.394427375000044,0.0027762439914488
G05_R0190,G05,train,25,50,1e-06,0.7,0.1,0.2,5.0,13.003,13.001852364673509,-0.0088259272974944
G05_R0191,G05,train,25,50,1e-06,0.7,0.2,0.2,5.0,14.048,14.04659834938676,-0.0099775812445847
G05_R0192,G05,train,25,50,1e-06,0.7,0.3,0.2,5.0,15.395,15.396691858631,0.0109896630789229
G05_R0193,G05,train,100,3,0.001,0.85,0.1,0.2,5.0,8.3988,8.396482566617077,-0.0275924344301819
G05_R0194,G05,train,100,3,0.001,0.85,0.2,0.2,5.0,9.0732,9.057247834722215,-0.1758163082240527
G05_R0195,G05,train,100,3,0.001,0.85,0.3,0.2,5.0,9.8978,9.900206933175502,0.0243178602871536
G05_R0196,G05,train,100,3,0.001,0.8,0.1,0.2,5.0,8.4069,8.397406097867078,-0.1129298806090487
G05_R0197,G05,train,100,3,0.001,0.8,0.2,0.2,5.0,9.0845,9.063983938600282,-0.2258358896991354
G05_R0198,G05,test,100,3,0.001,0.8,0.3,0.2,5.0,9.9122,9.90577456784813,-0.0648234715993419
G05_R0199,G05,train,100,3,0.001,0.75,0.1,0.2,5.0,8.4154,8.403346658878988,-0.1432295686599828
G05_R0200,G05,train,100,3,0.001,0.75,0.2,0.2,5.0,9.0964,9.0639300936598,-0.3569533699067577
G05_R0201,G05,train,100,3,0.001,0.75,0.3,0.2,5.0,9.9275,9.917180231994058,-0.1039513271814894
G05_R0202,G05,train,100,3,0.001,0.7,0.1,0.2,5.0,8.4245,8.403220810664699,-0.2525869705656245
G05_R0203,G05,test,100,3,0.001,0.7,0.2,0.2,5.0,9.1091,9.060928467766946,-0.5288286683981298
G05_R0204,G05,train,100,3,0.001,0.7,0.3,0.2,5.0,9.9436,9.9211564022096,-0.2257089765316502
G05_R0205,G05,test,100,3,0.0001,0.85,0.1,0.2,5.0,8.6752,8.692212828323388,0.1961087735543608
G05_R0206,G05,test,100,3,0.0001,0.85,0.2,0.2,5.0,9.4114,9.419013448254876,0.0808960224289263
G05_R0207,G05,train,100,3,0.0001,0.85,0.3,0.2,5.0,10.391,10.384010775443322,-0.0672622900267351
G05_R0208,G05,train,100,3,0.0001,0.8,0.1,0.2,5.0,8.6786,8.692437130406722,0.1594396608522389
G05_R0209,G05,train,100,3,0.0001,0.8,0.2,0.2,5.0,9.4161,9.418868635754874,0.0294032110414522
G05_R0210,G05,train,100,3,0.0001,0.8,0.3,0.2,5.0,10.397,10.38348762960999,-0.1299641280177996
G05_R0211,G05,train,100,3,0.0001,0.75,0.1,0.2,5.0,8.6822,8.69355855302577,0.1308257472273213
G05_R0212,G05,train,100,3,0.0001,0.75,0.2,0.2,5.0,9.4211,9.418601662391778,-0.0265185340164257
G05_R0213,G05,train,100,3,0.0001,0.75,0.3,0.2,5.0,10.404,10.388182540324262,-0.1520324843880975
G05_R0214,G05,train,100,3,0.0001,0.7,0.1,0.2,5.0,8.6859,8.692541353025767,0.0764613111567823
G05_R0215,G05,train,100,3,0.0001,0.7,0.2,0.2,5.0,9.4264,9.419697058225111,-0.0711081831334131
G05_R0216,G05,train,100,3,0.0001,0.7,0.3,0.2,5.0,10.411,10.389306233776644,-0.2083735109341642
G05_R0217,G05,test,100,3,1e-05,0.85,0.1,0.2,5.0,8.7531,8.753028389236112,-0.0008181188823116
G05_R0218,G05,train,100,3,1e-05,0.85,0.2,0.2,5.0,9.5051,9.504962725288594,-0.0014442216431823
G05_R0219,G05,train,100,3,1e-05,0.85,0.3,0.2,5.0,10.524,10.527959246031736,0.0376211139465721
G05_R0220,G05,train,100,3,1e-05,0.8,0.1,0.2,5.0,8.7542,8.753337868402777,-0.0098482054011043
G05_R0221,G05,train,100,3,1e-05,0.8,0.2,0.2,5.0,9.5067,9.504961535407638,-0.0182867303308443
G05_R0222,G05,train,100,3,1e-05,0.8,0.3,0.2,5.0,10.526,10.526635943948412,0.006041648759375
G05_R0223,G05,train,100,3,1e-05,0.75,0.1,0.2,5.0,8.7553,8.75345264250992,-0.0210998765328419
G05_R0224,G05,test,100,3,1e-05,0.75,0.2,0.2,5.0,9.5084,9.504178090913593,-0.0444018876615315
G05_R0225,G05,test,100,3,1e-05,0.75,0.3,0.2,5.0,10.528,10.525078973710317,-0.027745310502317
G05_R0226,G05,train,100,3,1e-05,0.7,0.1,0.2,5.0,8.7566,8.752063188343248,-0.0518101963861812
G05_R0227,G05,train,100,3,1e-05,0.7,0.2,0.2,5.0,9.5102,9.503850247312402,-0.0667678144265919
G05_R0228,G05,train,100,3,1e-05,0.7,0.3,0.2,5.0,10.531,10.52569185168651,-0.0504049787626121
G05_R0229,G05,train,100,3,1e-06,0.85,0.1,0.2,5.0,8.7791,8.774107646622468,-0.0568663459526756
G05_R0230,G05,train,100,3,1e-06,0.85,0.2,0.2,5.0,9.5355,9.52947712375091,-0.0631626684399435
G05_R0231,G05,train,100,3,1e-06,0.85,0.3,0.2,5.0,10.562,10.540381656746,-0.2046803943760612
G05_R0232,G05,train,100,3,1e-06,0.8,0.1,0.2,5.0,8.7793,8.774417125789135,-0.0556180357302287
G05_R0233,G05,train,100,3,1e-06,0.8,0.2,0.2,5.0,9.5358,9.529587425536622,-0.0651500080053887
G05_R0234,G05,train,100,3,1e-06,0.8,0.3,0.2,5.0,10.562,10.53878949305553,-0.2197548470409888
G05_R0235,G05,train,100,3,1e-06,0.75,0.1,0.2,5.0,8.7795,8.774308874003426,-0.0591278090617335
G05_R0236,G05,train,100,3,1e-06,0.75,0.2,0.2,5.0,9.5362,9.529267807828298,-0.0726934436327006
G05_R0237,G05,test,100,3,1e-06,0.75,0.3,0.2,5.0,10.563,10.537192231150769,-0.2443223407103261
G05_R0238,G05,train,100,3,1e-06,0.7,0.1,0.2,5.0,8.7797,8.77330662817009,-0.0728199349625848
G05_R0239,G05,train,100,3,1e-06,0.7,0.2,0.2,5.0,9.5365,9.528637982977113,-0.0824413256738754
G05_R0240,G05,test,100,3,1e-06,0.7,0.3,0.2,5.0,10.563,10.537599942460297,-0.2404625346937967
G05_R0241,G05,train,100,6,0.001,0.85,0.1,0.2,5.0,10.009,10.000056595287704,-0.0893536288569891
G05_R0242,G05,train,100,6,0.001,0.85,0.2,0.2,5.0,10.769,10.767804642361114,-0.0110999873608186
G05_R0243,G05,train,100,6,0.001,0.85,0.3,0.2,5.0,11.696,11.701607614267637,0.0479447184305347
G05_R0244,G05,train,100,6,0.001,0.8,0.1,0.2,5.0,10.018,10.005704557490075,-0.1227335047906322
G05_R0245,G05,test,100,6,0.001,0.8,0.2,0.2,5.0,10.781,10.769186053075396,-0.1095811791541098
G05_R0246,G05,train,100,6,0.001,0.8,0.3,0.2,5.0,11.712,11.701359218434302,-0.0908536677399071
G05_R0247,G05,train,100,6,0.001,0.75,0.1,0.2,5.0,10.028,10.005804274751986,-0.221337507459259
G05_R0248,G05,train,100,6,0.001,0.75,0.2,0.2,5.0,10.794,10.773651745535712,-0.1885144938325747
G05_R0249,G05,test,100,6,0.001,0.75,0.3,0.2,5.0,11.729,11.705377182359266,-0.2014052147730699
G05_R0250,G05,test,100,6,0.001,0.7,0.1,0.2,5.0,10.038,10.00696537296627,-0.3091714189453061
G05_R0251,G05,train,100,6,0.001,0.7,0.2,0.2,5.0,10.808,10.774529578869046,-0.3096819127586376
G05_R0252,G05,train,100,6,0.001,0.7,0.3,0.2,5.0,11.747,11.709465196248148,-0.319526719603743
G05_R0253,G05,train,100,6,0.0001,0.85,0.1,0.2,5.0,10.318,10.326372312076105,0.0811427803460285
G05_R0254,G05,train,100,6,0.0001,0.85,0.2,0.2,5.0,11.149,11.17756392415222,0.2562016696763813
G05_R0255,G05,train,100,6,0.0001,0.85,0.3,0.2,5.0,12.229,12.227516014024175,-0.0121349740438629
G05_R0256,G05,train,100,6,0.0001,0.8,0.1,0.2,5.0,10.322,10.327327277056265,0.0516108995956555
G05_R0257,G05,train,100,6,0.0001,0.8,0.2,0.2,5.0,11.154,11.180204078914125,0.2349298808868848
G05_R0258,G05,train,100,6,0.0001,0.8,0.3,0.2,5.0,12.237,12.22934728188132,-0.0625375346790831
G05_R0259,G05,train,100,6,0.0001,0.75,0.1,0.2,5.0,10.326,10.329342281520583,0.0323676304530583
G05_R0260,G05,test,100,6,0.0001,0.75,0.2,0.2,5.0,11.16,11.18050741522365,0.1837582009287591
G05_R0261,G05,train,100,6,0.0001,0.75,0.3,0.2,5.0,12.244,12.234992326524171,-0.073568061710443
G05_R0262,G05,train,100,6,0.0001,0.7,0.1,0.2,5.0,10.33,10.328915736877724,-0.0104962548138888
G05_R0263,G05,train,100,6,0.0001,0.7,0.2,0.2,5.0,11.166,11.18050741522365,0.1299249079674842
G05_R0264,G05,train,100,6,0.0001,0.7,0.3,0.2,5.0,12.251,12.235603437635284,-0.1256759641230564
G05_R0265,G05,train,100,6,1e-05,0.85,0.1,0.2,5.0,10.404,10.403195029040392,-0.0077371295617867
G05_R0266,G05,train,100,6,1e-05,0.85,0.2,0.2,5.0,11.256,11.251508898538948,-0.0398996220775825
G05_R0267,G05,train,100,6,1e-05,0.85,0.3,0.2,5.0,12.383,12.387576581755075,0.0369585864094163
G05_R0268,G05,train,100,6,1e-05,0.8,0.1,0.2,5.0,10.406,10.403729750270552,-0.0218167377421402
G05_R0269,G05,train,100,6,1e-05,0.8,0.2,0.2,5.0,11.258,11.254071136634185,-0.0348984132689158
G05_R0270,G05,train,100,6,1e-05,0.8,0.3,0.2,5.0,12.385,12.390220379374124,0.0421508225605392
G05_R0271,G05,train,100,6,1e-05,0.75,0.1,0.2,5.0,10.407,10.404377703147563,-0.0251974330011987
G05_R0272,G05,train,100,6,1e-05,0.75,0.2,0.2,5.0,11.26,11.255016285443707,-0.0442603424182128
G05_R0273,G05,train,100,6,1e-05,0.75,0.3,0.2,5.0,12.388,12.391210194850284,0.0259137459661326
G05_R0274,G05,train,100,6,1e-05,0.7,0.1,0.2,5.0,10.408,10.40382246654042,-0.0401377157914974
G05_R0275,G05,test,100,6,1e-05,0.7,0.2,0.2,5.0,11.262,11.255016285443707,-0.0620113173174518
G05_R0276,G05,train,100,6,1e-05,0.7,0.3,0.2,5.0,12.39,12.39129619485028,0.0104616210676341
G05_R0277,G05,train,100,6,1e-06,0.85,0.1,0.2,5.0,10.433,10.426778970508684,-0.0596283858076879
G05_R0278,G05,test,100,6,1e-06,0.85,0.2,0.2,5.0,11.29,11.26356561408732,-0.2341398220786506
G05_R0279,G05,train,100,6,1e-06,0.85,0.3,0.2,5.0,12.426,12.41627033184526,-0.0783008864859208
G05_R0280,G05,train,100,6,1e-06,0.8,0.1,0.2,5.0,10.433,10.427841742334085,-0.0494417489304614
G05_R0281,G05,train,100,6,1e-06,0.8,0.2,0.2,5.0,11.291,11.266405352182556,-0.2178252397258399
G05_R0282,G05,train,100,6,1e-06,0.8,0.3,0.2,5.0,12.426,12.419446245535736,-0.0527422699522415
G05_R0283,G05,train,100,6,1e-06,0.75,0.1,0.2,5.0,10.434,10.428863436282525,-0.0492290944745687
G05_R0284,G05,train,100,6,1e-06,0.75,0.2,0.2,5.0,11.291,11.26765520932542,-0.2067557406304279
G05_R0285,G05,train,100,6,1e-06,0.75,0.3,0.2,5.0,12.426,12.42009072470236,-0.0475557323164454
G05_R0286,G05,train,100,6,1e-06,0.7,0.1,0.2,5.0,10.434,10.428025280032523,-0.0572620276737205
G05_R0287,G05,test,100,6,1e-06,0.7,0.2,0.2,5.0,11.291,11.26765520932542,-0.2067557406304279
G05_R0288,G05,train,100,6,1e-06,0.7,0.3,0.2,5.0,12.427,12.420200578869023,-0.0547149040876825
G05_R0289,G05,train,100,20,0.001,0.85,0.1,0.2,5.0,14.307,14.299295102678576,-0.0538540387322615
G05_R0290,G05,train,100,20,0.001,0.85,0.2,0.2,5.0,15.345,15.319157798160129,-0.1684079624625079
G05_R0291,G05,train,100,20,0.001,0.85,0.3,0.2,5.0,16.638,16.644566045634924,0.0394641521512369
G05_R0292,G05,train,100,20,0.001,0.8,0.1,0.2,5.0,14.32,14.29880608184524,-0.1480022217511267
G05_R0293,G05,train,100,20,0.001,0.8,0.2,0.2,5.0,15.362,15.318979920183937,-0.2800421808102145
G05_R0294,G05,train,100,20,0.001,0.8,0.3,0.2,5.0,16.661,16.648949073908724,-0.0723301487982527
G05_R0295,G05,train,100,20,0.001,0.75,0.1,0.2,5.0,14.333,14.306682288690478,-0.1836162095131661
G05_R0296,G05,train,100,20,0.001,0.75,0.2,0.2,5.0,15.38,15.31813117911251,-0.4022680161735371
G05_R0297,G05,train,100,20,0.001,0.75,0.3,0.2,5.0,16.684,16.6590142911706,-0.1497585041321112
G05_R0298,G05,train,100,20,0.001,0.7,0.1,0.2,5.0,14.348,14.298122658730165,-0.3476257406595879
G05_R0299,G05,test,100,20,0.001,0.7,0.2,0.2,5.0,15.399,15.3175931305014,-0.52865036365089
G05_R0300,G05,train,100,20,0.001,0.7,0.3,0.2,5.0,16.708,16.665956233134885,-0.2516385376173883
G05_R0301,G05,train,100,20,0.0001,0.85,0.1,0.2,5.0,14.73,14.73890358680555,0.0604452600512561
G05_R0302,G05,train,100,20,0.0001,0.85,0.2,0.2,5.0,15.839,15.86119645021646,0.140137951994827
G05_R0303,G05,train,100,20,0.0001,0.85,0.3,0.2,5.0,17.327,17.35858155704367,0.1822678885188956
G05_R0304,G05,train,100,20,0.0001,0.8,0.1,0.2,5.0,14.735,14.73895637847221,0.0268502101948458
G05_R0305,G05,train,100,20,0.0001,0.8,0.2,0.2,5.0,15.847,15.862461234938683,0.0975656902800769
G05_R0306,G05,train,100,20,0.0001,0.8,0.3,0.2,5.0,17.337,17.35807966121034,0.1215877095826273
G05_R0307,G05,train,100,20,0.0001,0.75,0.1,0.2,5.0,14.74,14.74086126240079,0.0058430284992506
G05_R0308,G05,train,100,20,0.0001,0.75,0.2,0.2,5.0,15.854,15.864700106962506,0.0674915287151907
G05_R0309,G05,train,100,20,0.0001,0.75,0.3,0.2,5.0,17.347,17.359945714781773,0.0746279747608909
G05_R0310,G05,train,100,20,0.0001,0.7,0.1,0.2,5.0,14.746,14.739183866567462,-0.0462236093349959
G05_R0311,G05,train,100,20,0.0001,0.7,0.2,0.2,5.0,15.863,15.864367473033935,0.0086205196617014
G05_R0312,G05,train,100,20,0.0001,0.7,0.3,0.2,5.0,17.358,17.359939048115105,0.011170918971684
G05_R0313,G05,train,100,20,1e-05,0.85,0.1,0.2,5.0,14.843,14.847402636679234,0.0296613668344301
G05_R0314,G05,train,100,20,1e-05,0.85,0.2,0.2,5.0,15.968,15.97207097569438,0.0254945872644092
G05_R0315,G05,train,100,20,1e-05,0.85,0.3,0.2,5.0,17.505,17.50599259871031,0.0056703725239169
G05_R0316,G05,train,100,20,1e-05,0.8,0.1,0.2,5.0,14.845,14.846534420409384,0.0103362775977314
G05_R0317,G05,train,100,20,1e-05,0.8,0.2,0.2,5.0,15.971,15.97340461160708,0.0150561117467907
G05_R0318,G05,train,100,20,1e-05,0.8,0.3,0.2,5.0,17.509,17.504219378472214,-0.0273037953497396
G05_R0319,G05,train,100,20,1e-05,0.75,0.1,0.2,5.0,14.847,14.847366000766538,0.0024651496365493
G05_R0320,G05,train,100,20,1e-05,0.75,0.2,0.2,5.0,15.974,15.974136522050864,0.0008546516267949
G05_R0321,G05,train,100,20,1e-05,0.75,0.3,0.2,5.0,17.512,17.50351987549603,-0.0484246488349249
G05_R0322,G05,train,100,20,1e-05,0.7,0.1,0.2,5.0,14.849,14.84638025076654,-0.0176425970332029
G05_R0323,G05,train,100,20,1e-05,0.7,0.2,0.2,5.0,15.976,15.974171742288965,-0.0114437763585253
G05_R0324,G05,test,100,20,1e-05,0.7,0.3,0.2,5.0,17.516,17.50351987549603,-0.0712498544414812
G05_R0325,G05,train,100,20,1e-06,0.85,0.1,0.2,5.0,14.883,14.860440951659378,-0.1515759479985319
G05_R0326,G05,train,100,20,1e-06,0.85,0.2,0.2,5.0,16.009,16.00231946487196,-0.0417298714975375
G05_R0327,G05,train,100,20,1e-06,0.85,0.3,0.2,5.0,17.552,17.520779199404732,-0.1778760289156088
G05_R0328,G05,test,100,20,1e-06,0.8,0.1,0.2,5.0,14.883,14.859094610389526,-0.1606221165791362
G05_R0329,G05,train,100,20,1e-06,0.8,0.2,0.2,5.0,16.01,16.003393996617998,-0.0412617325546763
G05_R0330,G05,test,100,20,1e-06,0.8,0.3,0.2,5.0,17.553,17.518823791666634,-0.1947029472646669
G05_R0331,G05,train,100,20,1e-06,0.75,0.1,0.2,5.0,14.883,14.859820857413345,-0.1557424080269725
G05_R0332,G05,train,100,20,1e-06,0.75,0.2,0.2,5.0,16.01,16.00407385051413,-0.0370152997243792
G05_R0333,G05,train,100,20,1e-06,0.75,0.3,0.2,5.0,17.554,17.518376163690448,-0.2029385684718621
G05_R0334,G05,test,100,20,1e-06,0.7,0.1,0.2,5.0,14.884,14.858691565746684,-0.1700378544297013
G05_R0335,G05,train,100,20,1e-06,0.7,0.2,0.2,5.0,16.011,16.004159799918888,-0.0427218792149846
G05_R0336,G05,test,100,20,1e-06,0.7,0.3,0.2,5.0,17.555,17.518376163690448,-0.2086233911110903
G05_R0337,G05,train,100,50,0.001,0.85,0.1,0.2,5.0,19.184,19.11197239533728,-0.3754566548307024
G05_R0338,G05,train,100,50,0.001,0.85,0.2,0.2,5.0,20.706,20.66913156150793,-0.1780567878492766
G05_R0339,G05,train,100,50,0.001,0.85,0.3,0.2,5.0,22.475,22.450635824900782,-0.1084056734114144
G05_R0340,G05,test,100,50,0.001,0.8,0.1,0.2,5.0,19.202,19.10759483730158,-0.4916423429768873
G05_R0341,G05,test,100,50,0.001,0.8,0.2,0.2,5.0,20.73,20.666902723710308,-0.3043766342966349
G05_R0342,G05,train,100,50,0.001,0.8,0.3,0.2,5.0,22.507,22.466711580853172,-0.1790039505346159
G05_R0343,G05,test,100,50,0.001,0.75,0.1,0.2,5.0,19.22,19.12033267361112,-0.5185604910972025
G05_R0344,G05,train,100,50,0.001,0.75,0.2,0.2,5.0,20.756,20.676412685019827,-0.3834424502802735
G05_R0345,G05,train,100,50,0.001,0.75,0.3,0.2,5.0,22.541,22.50389978918655,-0.1645899064524602
G05_R0346,G05,train,100,50,0.001,0.7,0.1,0.2,5.0,19.24,19.119302548611117,-0.6273256309193619
G05_R0347,G05,train,100,50,0.001,0.7,0.2,0.2,5.0,20.783,20.68040782490077,-0.4936350627879945
G05_R0348,G05,train,100,50,0.001,0.7,0.3,0.2,5.0,22.575,22.506142802579408,-0.3050152709660748
G05_R0349,G05,train,100,50,0.0001,0.85,0.1,0.2,5.0,19.757,19.77612152060792,0.0967835228421029
G05_R0350,G05,train,100,50,0.0001,0.85,0.2,0.2,5.0,21.373,21.405010700892863,0.1497716787201851
G05_R0351,G05,train,100,50,0.0001,0.85,0.3,0.2,5.0,23.43,23.472610802083324,0.1818642854601964
G05_R0352,G05,train,100,50,0.0001,0.8,0.1,0.2,5.0,19.764,19.778450220012687,0.073113843415742
G05_R0353,G05,train,100,50,0.0001,0.8,0.2,0.2,5.0,21.383,21.4048888467262,0.1023656490024742
G05_R0354,G05,train,100,50,0.0001,0.8,0.3,0.2,5.0,23.444,23.47190143601189,0.1190131206786019
G05_R0355,G05,train,100,50,0.0001,0.75,0.1,0.2,5.0,19.772,19.781669031520583,0.0489026477877181
G05_R0356,G05,train,100,50,0.0001,0.75,0.2,0.2,5.0,21.395,21.41010119791665,0.0705828367218799
G05_R0357,G05,train,100,50,0.0001,0.75,0.3,0.2,5.0,23.459,23.474086860615067,0.0643116101072823
G05_R0358,G05,train,100,50,0.0001,0.7,0.1,0.2,5.0,19.78,19.77985606029043,-0.0007277032839745
G05_R0359,G05,train,100,50,0.0001,0.7,0.2,0.2,5.0,21.406,21.40863167708332,0.0122941095175273
G05_R0360,G05,train,100,50,0.0001,0.7,0.3,0.2,5.0,23.475,23.47412686061507,-0.0037194435992859
G05_R0361,G05,train,100,50,1e-05,0.85,0.1,0.2,5.0,19.918,19.91898623710321,0.0049514866111518
G05_R0362,G05,test,100,50,1e-05,0.85,0.2,0.2,5.0,21.544,21.55208828968245,0.0375431195806479
G05_R0363,G05,train,100,50,1e-05,0.85,0.3,0.2,5.0,23.666,23.674357547619078,0.0353145762658405
G05_R0364,G05,train,100,50,1e-05,0.8,0.1,0.2,5.0,19.92,19.920909204365124,0.0045642789413765
G05_R0365,G05,train,100,50,1e-05,0.8,0.2,0.2,5.0,21.548,21.551966435515787,0.0184074415991688
G05_R0366,G05,test,100,50,1e-05,0.8,0.3,0.2,5.0,23.671,23.674668785714303,0.0154990736103401
G05_R0367,G05,train,100,50,1e-05,0.75,0.1,0.2,5.0,19.923,19.92304791468264,0.0002404993356566
G05_R0368,G05,train,100,50,1e-05,0.75,0.2,0.2,5.0,21.552,21.552909898809425,0.0042218764357143
G05_R0369,G05,train,100,50,1e-05,0.75,0.3,0.2,5.0,23.677,23.670782101190504,-0.0262613456497682
G05_R0370,G05,train,100,50,1e-05,0.7,0.1,0.2,5.0,19.925,19.92113298511916,-0.0194078538561748
G05_R0371,G05,train,100,50,1e-05,0.7,0.2,0.2,5.0,21.556,21.55156816964277,-0.0205596138301485
G05_R0372,G05,test,100,50,1e-05,0.7,0.3,0.2,5.0,23.683,23.6704975386905,-0.0527908681733674
G05_R0373,G05,train,100,50,1e-06,0.85,0.1,0.2,5.0,19.972,19.96179108184521,-0.0511161533887029
G05_R0374,G05,train,100,50,1e-06,0.85,0.2,0.2,5.0,21.602,21.58371911309517,-0.0846258999390307
G05_R0375,G05,train,100,50,1e-06,0.85,0.3,0.2,5.0,23.73,23.702453364583324,-0.1160835879337407
G05_R0376,G05,train,100,50,1e-06,0.8,0.1,0.2,5.0,19.973,19.96272183184521,-0.0514603121954009
G05_R0377,G05,train,100,50,1e-06,0.8,0.2,0.2,5.0,21.603,21.583597258928503,-0.0898150306508297
G05_R0378,G05,train,100,50,1e-06,0.8,0.3,0.2,5.0,23.732,23.702576790178554,-0.1239811639197922
G05_R0379,G05,train,100,50,1e-06,0.75,0.1,0.2,5.0,19.973,19.96413209672618,-0.0443994556342091
G05_R0380,G05,test,100,50,1e-06,0.75,0.2,0.2,5.0,21.603,21.582960805555462,-0.0927611648592127
G05_R0381,G05,train,100,50,1e-06,0.75,0.3,0.2,5.0,23.733,23.698690105654755,-0.1445661919910897
G05_R0382,G05,train,100,50,1e-06,0.7,0.1,0.2,5.0,19.974,19.96246825744048,-0.0577337666943173
G05_R0383,G05,train,100,50,1e-06,0.7,0.2,0.2,5.0,21.604,21.582342159722145,-0.1002492143948219
G05_R0384,G05,test,100,50,1e-06,0.7,0.3,0.2,5.0,23.734,23.698405543154752,-0.1499724313021374
G05_R0385,G05,train,250,3,0.001,0.85,0.1,0.2,5.0,10.565,10.623027744543672,0.5492450974318398
G05_R0386,G05,train,250,3,0.001,0.85,0.2,0.2,5.0,11.484,11.530763801497113,0.4072083028310045
G05_R0387,G05,train,250,3,0.001,0.85,0.3,0.2,5.0,12.698,12.733280047077908,0.2778394005190423
G05_R0388,G05,train,250,3,0.001,0.8,0.1,0.2,5.0,10.577,10.62693230704367,0.4720838332577345
G05_R0389,G05,train,250,3,0.001,0.8,0.2,0.2,5.0,11.5,11.534694408234117,0.3016905063836083
G05_R0390,G05,train,250,3,0.001,0.8,0.3,0.2,5.0,12.719,12.73586188933982,0.1325724454738721
G05_R0391,G05,test,250,3,0.001,0.75,0.1,0.2,5.0,10.589,10.628591670138908,0.3738943256106113
G05_R0392,G05,test,250,3,0.001,0.75,0.2,0.2,5.0,11.517,11.53905030704364,0.1914587743652029
G05_R0393,G05,train,250,3,0.001,0.75,0.3,0.2,5.0,12.74,12.746112974161251,0.0479825287382348
G05_R0394,G05,train,250,3,0.001,0.7,0.1,0.2,5.0,10.603,10.626031729662715,0.217218991443135
G05_R0395,G05,train,250,3,0.001,0.7,0.2,0.2,5.0,11.534,11.53702097668649,0.0261919254940979
G05_R0396,G05,train,250,3,0.001,0.7,0.3,0.2,5.0,12.761,12.749189494994589,-0.0925515633995161
G05_R0397,G05,train,250,3,0.0001,0.85,0.1,0.2,5.0,10.763,10.757060227182558,-0.0551869629047824
G05_R0398,G05,train,250,3,0.0001,0.85,0.2,0.2,5.0,11.6,11.59770497213203,-0.0197847229997364
G05_R0399,G05,train,250,3,0.0001,0.85,0.3,0.2,5.0,12.782,12.77839256029043,-0.0282228110590726
G05_R0400,G05,train,250,3,0.0001,0.8,0.1,0.2,5.0,10.768,10.76126991468256,-0.0625007923239177
G05_R0401,G05,train,250,3,0.0001,0.8,0.2,0.2,5.0,11.608,11.60300432936507,-0.043036445855702
G05_R0402,G05,train,250,3,0.0001,0.8,0.3,0.2,5.0,12.792,12.782065579139635,-0.077661201222349
G05_R0403,G05,train,250,3,0.0001,0.75,0.1,0.2,5.0,10.773,10.764233861111114,-0.0813713811276875
G05_R0404,G05,train,250,3,0.0001,0.75,0.2,0.2,5.0,11.616,11.60919873263888,-0.0585508553815519
G05_R0405,G05,train,250,3,0.0001,0.75,0.3,0.2,5.0,12.802,12.789354132215042,-0.0987804076312895
G05_R0406,G05,train,250,3,0.0001,0.7,0.1,0.2,5.0,10.778,10.76151562896825,-0.1529446189622496
G05_R0407,G05,train,250,3,0.0001,0.7,0.2,0.2,5.0,11.624,11.608361234126962,-0.1345385914748693
G05_R0408,G05,train,250,3,0.0001,0.7,0.3,0.2,5.0,12.813,12.790527673881709,-0.1753869204580658
G05_R0409,G05,train,250,3,1e-05,0.85,0.1,0.2,5.0,10.814,10.817350626984114,0.0309841592760653
G05_R0410,G05,train,250,3,1e-05,0.85,0.2,0.2,5.0,11.595,11.593486195346332,-0.0130556675607514
G05_R0411,G05,train,250,3,1e-05,0.85,0.3,0.2,5.0,12.756,12.756555799558084,0.0043571617911888
G05_R0412,G05,test,250,3,1e-05,0.8,0.1,0.2,5.0,10.816,10.818875251984124,0.0265833208591158
G05_R0413,G05,test,250,3,1e-05,0.8,0.2,0.2,5.0,11.598,11.596865890873014,-0.009778488765192
G05_R0414,G05,train,250,3,1e-05,0.8,0.3,0.2,5.0,12.761,12.758904023764437,-0.0164248588320987
G05_R0415,G05,train,250,3,1e-05,0.75,0.1,0.2,5.0,10.817,10.818977993055553,0.0182859670477264
G05_R0416,G05,train,250,3,1e-05,0.75,0.2,0.2,5.0,11.601,11.601448679563491,0.0038675938582204
G05_R0417,G05,train,250,3,1e-05,0.75,0.3,0.2,5.0,12.766,12.762479658685068,-0.0275759150472492
G05_R0418,G05,train,250,3,1e-05,0.7,0.1,0.2,5.0,10.819,10.818215629960315,-0.0072499310443243
G05_R0419,G05,train,250,3,1e-05,0.7,0.2,0.2,5.0,11.605,11.60099753373015,-0.0344891535532185
G05_R0420,G05,test,250,3,1e-05,0.7,0.3,0.2,5.0,12.771,12.763994392812052,-0.0548555883482043
G05_R0421,G05,train,250,3,1e-06,0.85,0.1,0.2,5.0,10.836,10.830960743055575,-0.0465047706203844
G05_R0422,G05,train,250,3,1e-06,0.85,0.2,0.2,5.0,11.588,11.587912381358231,-0.0007561153069208
G05_R0423,G05,train,250,3,1e-06,0.85,0.3,0.2,5.0,12.734,12.739443716720771,0.0427494638037636
G05_R0424,G05,train,250,3,1e-06,0.8,0.1,0.2,5.0,10.836,10.83238049305558,-0.0334026111519116
G05_R0425,G05,train,250,3,1e-06,0.8,0.2,0.2,5.0,11.589,11.59026796478174,0.0109411060638628
G05_R0426,G05,train,250,3,1e-06,0.8,0.3,0.2,5.0,12.736,12.740932485569978,0.0387286869501984
G05_R0427,G05,train,250,3,1e-06,0.75,0.1,0.2,5.0,10.836,10.832227400793675,-0.0348154227235613
G05_R0428,G05,train,250,3,1e-06,0.75,0.2,0.2,5.0,11.59,11.594686455853171,0.0404353395442053
G05_R0429,G05,train,250,3,1e-06,0.75,0.3,0.2,5.0,12.738,12.744516346681074,0.0511567489486142
G05_R0430,G05,train,250,3,1e-06,0.7,0.1,0.2,5.0,10.836,10.831552871031777,-0.0410403190127842
G05_R0431,G05,test,250,3,1e-06,0.7,0.2,0.2,5.0,11.591,11.59495339484126,0.0341074526896673
G05_R0432,G05,train,250,3,1e-06,0.7,0.3,0.2,5.0,12.74,12.74697031096679,0.0547120170077639
G05_R0433,G05,train,250,6,0.001,0.85,0.1,0.2,5.0,12.918,12.957310602678588,0.3043087372549026
G05_R0434,G05,train,250,6,0.001,0.85,0.2,0.2,5.0,14.042,14.07761627331349,0.2536410291517601
G05_R0435,G05,train,250,6,0.001,0.85,0.3,0.2,5.0,15.527,15.552122789682514,0.1618006677562606
G05_R0436,G05,train,250,6,0.001,0.8,0.1,0.2,5.0,12.933,12.959119227678588,0.2019579964322928
G05_R0437,G05,train,250,6,0.001,0.8,0.2,0.2,5.0,14.061,14.078868194444444,0.1270762708516075
G05_R0438,G05,train,250,6,0.001,0.8,0.3,0.2,5.0,15.552,15.557712508928564,0.0367316674933392
G05_R0439,G05,train,250,6,0.001,0.75,0.1,0.2,5.0,12.948,12.965420251488116,0.1345400949035775
G05_R0440,G05,train,250,6,0.001,0.75,0.2,0.2,5.0,14.081,14.087151591269876,0.0436871761229787
G05_R0441,G05,train,250,6,0.001,0.75,0.3,0.2,5.0,15.577,15.56496763988095,-0.0772443995573642
G05_R0442,G05,train,250,6,0.001,0.7,0.1,0.2,5.0,12.964,12.964988751488114,0.0076269013276299
G05_R0443,G05,train,250,6,0.001,0.7,0.2,0.2,5.0,14.102,14.087762539186537,-0.1009605787368119
G05_R0444,G05,test,250,6,0.001,0.7,0.3,0.2,5.0,15.603,15.56496763988095,-0.2437503051916325
G05_R0445,G05,train,250,6,0.0001,0.85,0.1,0.2,5.0,13.143,13.146533831033542,0.0268875525644186
G05_R0446,G05,train,250,6,0.0001,0.85,0.2,0.2,5.0,14.146,14.150004688988082,0.0283096917014062
G05_R0447,G05,train,250,6,0.0001,0.85,0.3,0.2,5.0,15.559,15.555148283730134,-0.0247555515770016
G05_R0448,G05,train,250,6,0.0001,0.8,0.1,0.2,5.0,13.148,13.148304956033543,0.002319410051291
G05_R0449,G05,train,250,6,0.0001,0.8,0.2,0.2,5.0,14.155,14.151343705357128,-0.0258304107585398
G05_R0450,G05,train,250,6,0.0001,0.8,0.3,0.2,5.0,15.571,15.560705502976182,-0.0661132684080514
G05_R0451,G05,train,250,6,0.0001,0.75,0.1,0.2,5.0,13.154,13.15239541139067,-0.0121984841822301
G05_R0452,G05,train,250,6,0.0001,0.75,0.2,0.2,5.0,14.165,14.156097401785718,-0.0628492637788969
G05_R0453,G05,train,250,6,0.0001,0.75,0.3,0.2,5.0,15.584,15.567085038690475,-0.1085405628177894
G05_R0454,G05,train,250,6,0.0001,0.7,0.1,0.2,5.0,13.161,13.152200703057336,-0.0668588780690087
G05_R0455,G05,train,250,6,0.0001,0.7,0.2,0.2,5.0,14.175,14.15656039136904,-0.1300854224406329
G05_R0456,G05,test,250,6,0.0001,0.7,0.3,0.2,5.0,15.597,15.567085038690475,-0.191799457007913
G05_R0457,G05,test,250,6,1e-05,0.85,0.1,0.2,5.0,13.199,13.204459441964302,0.0413625423464027
G05_R0458,G05,train,250,6,1e-05,0.85,0.2,0.2,5.0,14.127,14.128237789186514,0.0087618686664768
G05_R0459,G05,train,250,6,1e-05,0.85,0.3,0.2,5.0,15.508,15.51322813640876,0.0337125123082313
G05_R0460,G05,train,250,6,1e-05,0.8,0.1,0.2,5.0,13.201,13.205220066964303,0.031967782473331
G05_R0461,G05,train,250,6,1e-05,0.8,0.2,0.2,5.0,14.13,14.128790201388895,-0.0085619151528924
G05_R0462,G05,train,250,6,1e-05,0.8,0.3,0.2,5.0,15.514,15.513790633432563,-0.0013495331148373
G05_R0463,G05,test,250,6,1e-05,0.75,0.1,0.2,5.0,13.202,13.206927697916692,0.0373253894613838
G05_R0464,G05,test,250,6,1e-05,0.75,0.2,0.2,5.0,14.134,14.129781640377,-0.0298454763195108
G05_R0465,G05,train,250,6,1e-05,0.75,0.3,0.2,5.0,15.52,15.5159571155754,-0.0260495130450994
G05_R0466,G05,train,250,6,1e-05,0.7,0.1,0.2,5.0,13.204,13.206487510416682,0.0188390670757476
G05_R0467,G05,train,250,6,1e-05,0.7,0.2,0.2,5.0,14.139,14.13058079365081,-0.0595459816761449
G05_R0468,G05,train,250,6,1e-05,0.7,0.3,0.2,5.0,15.526,15.5159208655754,-0.0649177793675044
G05_R0469,G05,train,250,6,1e-06,0.85,0.1,0.2,5.0,13.225,13.212177362418904,-0.0969575620498838
G05_R0470,G05,train,250,6,1e-06,0.85,0.2,0.2,5.0,14.107,14.112015010416718,0.0355498009266206
G05_R0471,G05,train,250,6,1e-06,0.85,0.3,0.2,5.0,15.477,15.484534909000656,0.0486845577350635
G05_R0472,G05,test,250,6,1e-06,0.8,0.1,0.2,5.0,13.225,13.212966112418904,-0.0909934788740678
G05_R0473,G05,train,250,6,1e-06,0.8,0.2,0.2,5.0,14.108,14.112168272321483,0.0295454516691426
G05_R0474,G05,train,250,6,1e-06,0.8,0.3,0.2,5.0,15.479,15.48488215602446,0.0380008787677539
G05_R0475,G05,train,250,6,1e-06,0.75,0.1,0.2,5.0,13.225,13.214833118371288,-0.0768762315970606
G05_R0476,G05,train,250,6,1e-06,0.75,0.2,0.2,5.0,14.109,14.112985940476255,0.0282510488075357
G05_R0477,G05,train,250,6,1e-06,0.75,0.3,0.2,5.0,15.481,15.486044074179247,0.0325823537190585
G05_R0478,G05,train,250,6,1e-06,0.7,0.1,0.2,5.0,13.225,13.21439293087128,-0.0802046815026011
G05_R0479,G05,train,250,6,1e-06,0.7,0.2,0.2,5.0,14.111,14.113856918154829,0.0202460361053529
G05_R0480,G05,train,250,6,1e-06,0.7,0.3,0.2,5.0,15.484,15.486007824179248,0.0129670897652303
G05_R0481,G05,train,250,20,0.001,0.85,0.1,0.2,5.0,18.969,19.026317181051585,0.3021623757266265
G05_R0482,G05,train,250,20,0.001,0.85,0.2,0.2,5.0,20.711,20.747116788915942,0.1743845730092583
G05_R0483,G05,train,250,20,0.001,0.85,0.3,0.2,5.0,22.971,22.992556896419533,0.0938439616017271
G05_R0484,G05,train,250,20,0.001,0.8,0.1,0.2,5.0,18.991,19.027355931051588,0.1914376865440903
G05_R0485,G05,train,250,20,0.001,0.8,0.2,0.2,5.0,20.74,20.75237798484848,0.0596817012944903
G05_R0486,G05,train,250,20,0.001,0.8,0.3,0.2,5.0,23.009,23.002066419236986,-0.0301342116694104
G05_R0487,G05,train,250,20,0.001,0.75,0.1,0.2,5.0,19.014,19.034462844742077,0.1076198839911319
G05_R0488,G05,train,250,20,0.001,0.75,0.2,0.2,5.0,20.769,20.762517157467517,-0.0312140330901091
G05_R0489,G05,train,250,20,0.001,0.75,0.3,0.2,5.0,23.047,23.02338756903857,-0.1024533820515828
G05_R0490,G05,train,250,20,0.001,0.7,0.1,0.2,5.0,19.038,19.034221511408735,-0.0198470878835075
G05_R0491,G05,train,250,20,0.001,0.7,0.2,0.2,5.0,20.799,20.76345741567458,-0.1708860249311004
G05_R0492,G05,test,250,20,0.001,0.7,0.3,0.2,5.0,23.085,23.023341996121907,-0.267091201551197
G05_R0493,G05,train,250,20,0.0001,0.85,0.1,0.2,5.0,19.285,19.308703673229537,0.122912487578622
G05_R0494,G05,train,250,20,0.0001,0.85,0.2,0.2,5.0,20.826,20.81894570310249,-0.0338725482450527
G05_R0495,G05,train,250,20,0.0001,0.85,0.3,0.2,5.0,23.002,23.0008923894751,-0.0048152792144052
G05_R0496,G05,test,250,20,0.0001,0.8,0.1,0.2,5.0,19.294,19.313412256562888,0.100612918849836
G05_R0497,G05,train,250,20,0.0001,0.8,0.2,0.2,5.0,20.841,20.82814743326121,-0.0616696259238508
G05_R0498,G05,test,250,20,0.0001,0.8,0.3,0.2,5.0,23.021,23.009604453959213,-0.0495006561000302
G05_R0499,G05,train,250,20,0.0001,0.75,0.1,0.2,5.0,19.303,19.312336164301005,0.0483663902036167
G05_R0500,G05,train,250,20,0.0001,0.75,0.2,0.2,5.0,20.856,20.837860992785004,-0.0869726084340144
G05_R0501,G05,train,250,20,0.0001,0.75,0.3,0.2,5.0,23.04,23.02933793709413,-0.0462763146955961
G05_R0502,G05,test,250,20,0.0001,0.7,0.1,0.2,5.0,19.313,19.31220533096767,-0.0041146845768512
G05_R0503,G05,train,250,20,0.0001,0.7,0.2,0.2,5.0,20.872,20.83641433730159,-0.1704947427098948
G05_R0504,G05,train,250,20,0.0001,0.7,0.3,0.2,5.0,23.06,23.02929236417747,-0.1331640755530365
G05_R0505,G05,train,250,20,1e-05,0.85,0.1,0.2,5.0,19.355,19.35127142259825,-0.0192641560410662
G05_R0506,G05,train,250,20,1e-05,0.85,0.2,0.2,5.0,20.779,20.77754590647546,-0.00699789943953
G05_R0507,G05,train,250,20,1e-05,0.85,0.3,0.2,5.0,22.881,22.886053613591294,0.0220865066705717
G05_R0508,G05,train,250,20,1e-05,0.8,0.1,0.2,5.0,19.358,19.35596496426493,-0.0105126342342483
G05_R0509,G05,train,250,20,1e-05,0.8,0.2,0.2,5.0,20.785,20.78477668871753,-0.0010743867330857
G05_R0510,G05,train,250,20,1e-05,0.8,0.3,0.2,5.0,22.889,22.885926342757948,-0.0134285344141358
G05_R0511,G05,train,250,20,1e-05,0.75,0.1,0.2,5.0,19.36,19.355179282717344,-0.024900399187268
G05_R0512,G05,train,250,20,1e-05,0.75,0.2,0.2,5.0,20.791,20.788738754193734,-0.0108760800647719
G05_R0513,G05,train,250,20,1e-05,0.75,0.3,0.2,5.0,22.898,22.89006614186509,-0.0346486947982724
G05_R0514,G05,train,250,20,1e-05,0.7,0.1,0.2,5.0,19.363,19.35506942855068,-0.0409573488060818
G05_R0515,G05,train,250,20,1e-05,0.7,0.2,0.2,5.0,20.798,20.78735939632936,-0.0511616678076616
G05_R0516,G05,train,250,20,1e-05,0.7,0.3,0.2,5.0,22.908,22.89014284573414,-0.0779516075862652
G05_R0517,G05,train,250,20,1e-06,0.85,0.1,0.2,5.0,19.392,19.383649670183942,-0.0430606941834633
G05_R0518,G05,train,250,20,1e-06,0.85,0.2,0.2,5.0,20.658,20.68797348701297,0.1450938474826722
G05_R0519,G05,train,250,20,1e-06,0.85,0.3,0.2,5.0,22.832,22.84264076984125,0.0466046331519157
G05_R0520,G05,train,250,20,1e-06,0.8,0.1,0.2,5.0,19.392,19.38709500351728,-0.0252939175057854
G05_R0521,G05,test,250,20,1e-06,0.8,0.2,0.2,5.0,20.659,20.6921253734217,0.1603435472273621
G05_R0522,G05,train,250,20,1e-06,0.8,0.3,0.2,5.0,22.835,22.84261349900791,0.0333413575997799
G05_R0523,G05,train,250,20,1e-06,0.75,0.1,0.2,5.0,19.392,19.386922638933974,-0.0261827612728007
G05_R0524,G05,train,250,20,1e-06,0.75,0.2,0.2,5.0,20.661,20.692038179969323,0.1502259327686065
G05_R0525,G05,train,250,20,1e-06,0.75,0.3,0.2,5.0,22.839,22.845338267361093,0.0277519478133655
G05_R0526,G05,train,250,20,1e-06,0.7,0.1,0.2,5.0,19.393,19.38676878476731,-0.0321312599014684
G05_R0527,G05,train,250,20,1e-06,0.7,0.2,0.2,5.0,20.663,20.689492976596306,0.1282145699864578
G05_R0528,G05,train,250,20,1e-06,0.7,0.3,0.2,5.0,22.843,22.84562274206348,0.0114816007681989
G05_R0529,G05,test,250,50,0.001,0.85,0.1,0.2,5.0,26.011,26.36293234194617,1.3530135017729832
G05_R0530,G05,train,250,50,0.001,0.85,0.2,0.2,5.0,28.487,28.51282489335311,0.0906550122972256
G05_R0531,G05,train,250,50,0.001,0.85,0.3,0.2,5.0,31.799,31.82188792424248,0.071976867959629
G05_R0532,G05,train,250,50,0.001,0.8,0.1,0.2,5.0,26.041,26.3633593002795,1.2378914030932042
G05_R0533,G05,test,250,50,0.001,0.8,0.2,0.2,5.0,28.523,28.529693070436487,0.0234655205850967
G05_R0534,G05,train,250,50,0.001,0.8,0.3,0.2,5.0,31.849,31.819917507575816,-0.091313675230569
G05_R0535,G05,test,250,50,0.001,0.75,0.1,0.2,5.0,26.072,26.411116115755704,1.300690839811692
G05_R0536,G05,test,250,50,0.001,0.75,0.2,0.2,5.0,28.56,28.53328367460317,-0.0935445567115892
G05_R0537,G05,train,250,50,0.001,0.75,0.3,0.2,5.0,31.9,31.83316547781393,-0.2095126087337409
G05_R0538,G05,test,250,50,0.001,0.7,0.1,0.2,5.0,26.105,26.41102215742237,1.1722741138569828
G05_R0539,G05,train,250,50,0.001,0.7,0.2,0.2,5.0,28.598,28.54542474900799,-0.1838424050353532
G05_R0540,G05,train,250,50,0.001,0.7,0.3,0.2,5.0,31.949,31.834592915313934,-0.3580928501238469
G05_R0541,G05,train,250,50,0.0001,0.85,0.1,0.2,5.0,26.444,26.36293234194617,-0.3065635231199108
G05_R0542,G05,train,250,50,0.0001,0.85,0.2,0.2,5.0,28.526,28.5231020272817,-0.0101590574153452
G05_R0543,G05,train,250,50,0.0001,0.85,0.3,0.2,5.0,31.529,31.553709004103425,0.0783691335070087
G05_R0544,G05,train,250,50,0.0001,0.8,0.1,0.2,5.0,26.457,26.3633593002795,-0.3539354413595609
G05_R0545,G05,test,250,50,0.0001,0.8,0.2,0.2,5.0,28.546,28.539444777281748,-0.0229637172222079
G05_R0546,G05,train,250,50,0.0001,0.8,0.3,0.2,5.0,31.554,31.550334795770087,-0.0116156564299645
G05_R0547,G05,train,250,50,0.0001,0.75,0.1,0.2,5.0,26.47,26.411116115755704,-0.2224551728156228
G05_R0548,G05,train,250,50,0.0001,0.75,0.2,0.2,5.0,28.567,28.544382435019852,-0.0791737493616577
G05_R0549,G05,train,250,50,0.0001,0.75,0.3,0.2,5.0,31.58,31.55006888505578,-0.09477870469987
G05_R0550,G05,train,250,50,0.0001,0.7,0.1,0.2,5.0,26.484,26.41102215742237,-0.2755544577013893
G05_R0551,G05,train,250,50,0.0001,0.7,0.2,0.2,5.0,28.589,28.5510690004961,-0.1326769019689371
G05_R0552,G05,test,250,50,0.0001,0.7,0.3,0.2,5.0,31.607,31.55007586422245,-0.1800997746624266
G05_R0553,G05,train,250,50,1e-05,0.85,0.1,0.2,5.0,26.546,26.548111242559504,0.0079531475909901
G05_R0554,G05,train,250,50,1e-05,0.85,0.2,0.2,5.0,28.427,28.429191081845275,0.0077077491303172
G05_R0555,G05,train,250,50,1e-05,0.85,0.3,0.2,5.0,31.284,31.30150494990085,0.0559549606854947
G05_R0556,G05,train,250,50,1e-05,0.8,0.1,0.2,5.0,26.55,26.548473950892834,-0.0057478309121147
G05_R0557,G05,test,250,50,1e-05,0.8,0.2,0.2,5.0,28.435,28.42920025000001,-0.0203965183751964
G05_R0558,G05,train,250,50,1e-05,0.8,0.3,0.2,5.0,31.296,31.298889580853228,0.0092330676547428
G05_R0559,G05,train,250,50,1e-05,0.75,0.1,0.2,5.0,26.553,26.555664936011897,0.0100362897295848
G05_R0560,G05,train,250,50,1e-05,0.75,0.2,0.2,5.0,28.444,28.43085908333335,-0.0461992570195825
G05_R0561,G05,train,250,50,1e-05,0.75,0.3,0.2,5.0,31.308,31.300783851686425,-0.0230488958527354
G05_R0562,G05,train,250,50,1e-05,0.7,0.1,0.2,5.0,26.558,26.55597265922617,-0.0076336349643373
G05_R0563,G05,train,250,50,1e-05,0.7,0.2,0.2,5.0,28.454,28.431089410714307,-0.0805179914447654
G05_R0564,G05,train,250,50,1e-05,0.7,0.3,0.2,5.0,31.322,31.30128051835308,-0.0661499318272178
G05_R0565,G05,train,250,50,1e-06,0.85,0.1,0.2,5.0,26.597,26.584482133432637,-0.0470649568273413
G05_R0566,G05,train,250,50,1e-06,0.85,0.2,0.2,5.0,28.322,28.341649699404837,0.0693796321051968
G05_R0567,G05,train,250,50,1e-06,0.85,0.3,0.2,5.0,31.2,31.22010215873012,0.0644299959298668
G05_R0568,G05,train,250,50,1e-06,0.8,0.1,0.2,5.0,26.597,26.584637883432634,-0.0464793644672965
G05_R0569,G05,train,250,50,1e-06,0.8,0.2,0.2,5.0,28.324,28.341067641369094,0.0602585841303911
G05_R0570,G05,train,250,50,1e-06,0.8,0.3,0.2,5.0,31.204,31.218969018849176,0.0479714743275712
G05_R0571,G05,train,250,50,1e-06,0.75,0.1,0.2,5.0,26.598,26.590694942956382,-0.0274646854786698
G05_R0572,G05,train,250,50,1e-06,0.75,0.2,0.2,5.0,28.326,28.34319382886906,0.060699812430492
G05_R0573,G05,train,250,50,1e-06,0.75,0.3,0.2,5.0,31.209,31.22037014682532,0.0364322689779266
G05_R0574,G05,train,250,50,1e-06,0.7,0.1,0.2,5.0,26.599,26.591096624503997,-0.029713054987054
G05_R0575,G05,train,250,50,1e-06,0.7,0.2,0.2,5.0,28.329,28.34231324553574,0.046995112908107
G05_R0576,G05,train,250,50,1e-06,0.7,0.3,0.2,5.0,31.215,31.22086681349198,0.0187948534101572
G05_R0577,G05,train,500,3,0.001,0.85,0.1,0.2,5.0,12.763,12.787535031249991,0.192235612708556
G05_R0578,G05,train,500,3,0.001,0.85,0.2,0.2,5.0,14.173,13.902504317956357,-1.9085280607044737
G05_R0579,G05,test,500,3,0.001,0.85,0.3,0.2,5.0,15.996,15.68079606362736,-1.9705172316369104
G05_R0580,G05,train,500,3,0.001,0.8,0.1,0.2,5.0,12.778,12.788624608630949,0.0831476649784651
G05_R0581,G05,test,500,3,0.001,0.8,0.2,0.2,5.0,14.191,13.85765328472223,-2.3490008827973363
G05_R0582,G05,train,500,3,0.001,0.8,0.3,0.2,5.0,16.022,15.692805896960692,-2.05463801672267
G05_R0583,G05,train,500,3,0.001,0.75,0.1,0.2,5.0,12.793,12.79403798958333,0.0081137308163137
G05_R0584,G05,test,500,3,0.001,0.75,0.2,0.2,5.0,14.208,13.847831257936514,-2.534971439072959
G05_R0585,G05,train,500,3,0.001,0.75,0.3,0.2,5.0,16.047,15.690504362599208,-2.22157186639741
G05_R0586,G05,train,500,3,0.001,0.7,0.1,0.2,5.0,12.808,12.79361916220238,-0.1122801202187609
G05_R0587,G05,test,500,3,0.001,0.7,0.2,0.2,5.0,14.225,13.847837311507943,-2.6514073004713863
G05_R0588,G05,test,500,3,0.001,0.7,0.3,0.2,5.0,16.072,15.681328692956344,-2.430757261346776
G05_R0589,G05,test,500,3,0.0001,0.85,0.1,0.2,5.0,12.83,12.826651290043287,-0.0261006232011915
G05_R0590,G05,train,500,3,0.0001,0.85,0.2,0.2,5.0,13.845,13.932889163194446,0.6348079681794523
G05_R0591,G05,train,500,3,0.0001,0.85,0.3,0.2,5.0,15.389,15.452533038194456,0.4128470868442199
G05_R0592,G05,train,500,3,0.0001,0.8,0.1,0.2,5.0,12.836,12.82857042694806,-0.0578807498593039
G05_R0593,G05,train,500,3,0.0001,0.8,0.2,0.2,5.0,13.855,13.888475890376982,0.2416159536411553
G05_R0594,G05,train,500,3,0.0001,0.8,0.3,0.2,5.0,15.401,15.460324306051596,0.3851977537276583
G05_R0595,G05,train,500,3,0.0001,0.75,0.1,0.2,5.0,12.843,12.829963275162338,-0.1015084079861519
G05_R0596,G05,train,500,3,0.0001,0.75,0.2,0.2,5.0,13.866,13.878431655257936,0.0896556704019631
G05_R0597,G05,train,500,3,0.0001,0.75,0.3,0.2,5.0,15.414,15.461652623015851,0.309151570104148
G05_R0598,G05,test,500,3,0.0001,0.7,0.1,0.2,5.0,12.85,12.829044065340923,-0.1630812035725635
G05_R0599,G05,train,500,3,0.0001,0.7,0.2,0.2,5.0,13.876,13.877655458829368,0.0119303749594168
G05_R0600,G05,train,500,3,0.0001,0.7,0.3,0.2,5.0,15.426,15.456113286706325,0.1952112453411301
G05_R0601,G05,train,500,3,1e-05,0.85,0.1,0.2,5.0,12.815,12.818854510281373,0.0300781137836239
G05_R0602,G05,train,500,3,1e-05,0.85,0.2,0.2,5.0,13.674,13.689958409000733,0.1167062234951837
G05_R0603,G05,train,500,3,1e-05,0.85,0.3,0.2,5.0,15.151,15.160563733585876,0.0631227878415596
G05_R0604,G05,train,500,3,1e-05,0.8,0.1,0.2,5.0,12.817,12.820695561868686,0.0288332828952591
G05_R0605,G05,train,500,3,1e-05,0.8,0.2,0.2,5.0,13.68,13.677440183802316,-0.0187121067082251
G05_R0606,G05,train,500,3,1e-05,0.8,0.3,0.2,5.0,15.158,15.162986813943016,0.0328988912984344
G05_R0607,G05,train,500,3,1e-05,0.75,0.1,0.2,5.0,12.819,12.82233427218613,0.0260103922780909
G05_R0608,G05,train,500,3,1e-05,0.75,0.2,0.2,5.0,13.685,13.666067719516626,-0.1383432991112509
G05_R0609,G05,train,500,3,1e-05,0.75,0.3,0.2,5.0,15.164,15.168528400252503,0.0298628346907507
G05_R0610,G05,train,500,3,1e-05,0.7,0.1,0.2,5.0,12.821,12.821637229031383,0.0049701975772826
G05_R0611,G05,test,500,3,1e-05,0.7,0.2,0.2,5.0,13.692,13.665294648088054,-0.1950434699966874
G05_R0612,G05,train,500,3,1e-05,0.7,0.3,0.2,5.0,15.172,15.165721120490591,-0.0413846527116235
G05_R0613,G05,train,500,3,1e-06,0.85,0.1,0.2,5.0,12.824,12.821512001848829,-0.0194011084776413
G05_R0614,G05,test,500,3,1e-06,0.85,0.2,0.2,5.0,13.577,13.660954687996034,0.618359637593237
G05_R0615,G05,train,500,3,1e-06,0.85,0.3,0.2,5.0,15.073,15.110048208829346,0.2457918717531038
G05_R0616,G05,train,500,3,1e-06,0.8,0.1,0.2,5.0,12.824,12.82328530938852,-0.0055730708942563
G05_R0617,G05,test,500,3,1e-06,0.8,0.2,0.2,5.0,13.58,13.648920316964285,0.507513379707544
G05_R0618,G05,train,500,3,1e-06,0.8,0.3,0.2,5.0,15.076,15.110918021329349,0.2316133014682045
G05_R0619,G05,train,500,3,1e-06,0.75,0.1,0.2,5.0,12.824,12.824440410578998,0.0034342683951784
G05_R0620,G05,train,500,3,1e-06,0.75,0.2,0.2,5.0,13.583,13.637043998511924,0.3978796916139577
G05_R0621,G05,test,500,3,1e-06,0.75,0.3,0.2,5.0,15.08,15.116488607638866,0.2419668941569346
G05_R0622,G05,train,500,3,1e-06,0.7,0.1,0.2,5.0,12.824,12.823733575757585,-0.0020775439988854
G05_R0623,G05,train,500,3,1e-06,0.7,0.2,0.2,5.0,13.586,13.636241311011924,0.3698020831144084
G05_R0624,G05,train,500,3,1e-06,0.7,0.3,0.2,5.0,15.083,15.11430236954362,0.2075341082252917
G05_R0625,G05,train,500,6,0.001,0.85,0.1,0.2,5.0,15.742,15.72754849093615,-0.0918022428144564
G05_R0626,G05,train,500,6,0.001,0.85,0.2,0.2,5.0,17.564,17.494057957837285,-0.3982124923862176
G05_R0627,G05,train,500,6,0.001,0.85,0.3,0.2,5.0,19.938,19.555109898809523,-1.920403757600944
G05_R0628,G05,train,500,6,0.001,0.8,0.1,0.2,5.0,15.761,15.72936965909091,-0.2006873986998872
G05_R0629,G05,train,500,6,0.001,0.8,0.2,0.2,5.0,17.586,17.51313171527776,-0.4143539447414999
G05_R0630,G05,train,500,6,0.001,0.8,0.3,0.2,5.0,19.97,19.50937894642857,-2.3065651155304443
G05_R0631,G05,train,500,6,0.001,0.75,0.1,0.2,5.0,15.779,15.7360031584145,-0.2724940844508439
G05_R0632,G05,train,500,6,0.001,0.75,0.2,0.2,5.0,17.607,17.528965217261888,-0.4432031733862178
G05_R0633,G05,test,500,6,0.001,0.75,0.3,0.2,5.0,20.001,19.460395014880945,-2.702889781106228
G05_R0634,G05,train,500,6,0.001,0.7,0.1,0.2,5.0,15.798,15.7375088459145,-0.3829038744493015
G05_R0635,G05,train,500,6,0.001,0.7,0.2,0.2,5.0,17.626,17.536240104166655,-0.5092471112750827
G05_R0636,G05,test,500,6,0.001,0.7,0.3,0.2,5.0,20.031,19.46135442956348,-2.8438199312890875
G05_R0637,G05,train,500,6,0.0001,0.85,0.1,0.2,5.0,15.82,15.82469558256676,0.0296813057317267
G05_R0638,G05,train,500,6,0.0001,0.85,0.2,0.2,5.0,17.101,17.088495582837314,-0.0731209704852622
G05_R0639,G05,train,500,6,0.0001,0.85,0.3,0.2,5.0,19.057,19.180850573412695,0.6498954369139927
G05_R0640,G05,train,500,6,0.0001,0.8,0.1,0.2,5.0,15.828,15.825401738816764,-0.0164156000962473
G05_R0641,G05,test,500,6,0.0001,0.8,0.2,0.2,5.0,17.113,17.090601454861122,-0.1308861400039564
G05_R0642,G05,train,500,6,0.0001,0.8,0.3,0.2,5.0,19.072,19.13897880853175,0.3511892225867798
G05_R0643,G05,train,500,6,0.0001,0.75,0.1,0.2,5.0,15.836,15.829463071473684,-0.0412789121389095
G05_R0644,G05,train,500,6,0.0001,0.75,0.2,0.2,5.0,17.134,17.092936331845248,-0.2396618895456534
G05_R0645,G05,train,500,6,0.0001,0.75,0.3,0.2,5.0,19.088,19.10585927876983,0.0935628602778183
G05_R0646,G05,train,500,6,0.0001,0.7,0.1,0.2,5.0,15.845,15.829598057088758,-0.0972038050567565
G05_R0647,G05,train,500,6,0.0001,0.7,0.2,0.2,5.0,17.147,17.09906216369049,-0.279569815766653
G05_R0648,G05,train,500,6,0.0001,0.7,0.3,0.2,5.0,19.103,19.106306797619037,0.0173103576350961
G05_R0649,G05,train,500,6,1e-05,0.85,0.1,0.2,5.0,15.803,15.80567983608405,0.0169577680443508
G05_R0650,G05,train,500,6,1e-05,0.85,0.2,0.2,5.0,16.906,16.893546380952397,-0.0736639006719593
G05_R0651,G05,train,500,6,1e-05,0.85,0.3,0.2,5.0,18.864,18.88317546329368,0.1016510988850793
G05_R0652,G05,train,500,6,1e-05,0.8,0.1,0.2,5.0,15.806,15.806149763167388,0.0009475083347414
G05_R0653,G05,test,500,6,1e-05,0.8,0.2,0.2,5.0,16.913,16.88943606845238,-0.1393243750228853
G05_R0654,G05,test,500,6,1e-05,0.8,0.3,0.2,5.0,18.872,18.87100909126988,-0.005250682122318
G05_R0655,G05,train,500,6,1e-05,0.75,0.1,0.2,5.0,15.803,15.807365746121938,0.0276260591149624
G05_R0656,G05,test,500,6,1e-05,0.75,0.2,0.2,5.0,16.921,16.891788220238084,-0.1726362494055645
G05_R0657,G05,train,500,6,1e-05,0.75,0.3,0.2,5.0,18.881,18.86708925793656,-0.0736758755544969
G05_R0658,G05,train,500,6,1e-05,0.7,0.1,0.2,5.0,15.805,15.80807490882033,0.0194552914921277
G05_R0659,G05,train,500,6,1e-05,0.7,0.2,0.2,5.0,16.929,16.905038566964276,-0.1415407468587792
G05_R0660,G05,train,500,6,1e-05,0.7,0.3,0.2,5.0,18.89,18.8691096210318,-0.1105896186776284
G05_R0661,G05,test,500,6,1e-06,0.85,0.1,0.2,5.0,15.816,15.809467080041516,-0.0413057660501042
G05_R0662,G05,train,500,6,1e-06,0.85,0.2,0.2,5.0,16.794,16.825874217261948,0.189795267726255
G05_R0663,G05,train,500,6,1e-06,0.85,0.3,0.2,5.0,18.78,18.82014920436504,0.2137870306977635
G05_R0664,G05,train,500,6,1e-06,0.8,0.1,0.2,5.0,15.816,15.81004361129152,-0.037660525470915
G05_R0665,G05,train,500,6,1e-06,0.8,0.2,0.2,5.0,16.797,16.821420550595263,0.1453863820638377
G05_R0666,G05,train,500,6,1e-06,0.8,0.3,0.2,5.0,18.784,18.80712437400789,0.1231067611152891
G05_R0667,G05,test,500,6,1e-06,0.75,0.1,0.2,5.0,15.816,15.811090763888927,-0.0310396820376304
G05_R0668,G05,train,500,6,1e-06,0.75,0.2,0.2,5.0,16.8,16.827324339285713,0.1626448767006698
G05_R0669,G05,train,500,6,1e-06,0.75,0.3,0.2,5.0,18.788,18.80447336656743,0.0876802563733679
G05_R0670,G05,train,500,6,1e-06,0.7,0.1,0.2,5.0,15.816,15.81180321825399,-0.026535038859449
G05_R0671,G05,train,500,6,1e-06,0.7,0.2,0.2,5.0,16.804,16.84105382142857,0.2205059594654345
G05_R0672,G05,train,500,6,1e-06,0.7,0.3,0.2,5.0,18.795,18.80646702430553,0.0610110364752749
G05_R0673,G05,train,500,20,0.001,0.85,0.1,0.2,5.0,23.5,23.46859332787696,-0.1336454132895486
G05_R0674,G05,train,500,20,0.001,0.85,0.2,0.2,5.0,26.331,26.220896590954226,-0.4181512629439722
G05_R0675,G05,train,500,20,0.001,0.85,0.3,0.2,5.0,30.269,30.026061316468244,-0.8025989743029318
G05_R0676,G05,train,500,20,0.001,0.8,0.1,0.2,5.0,23.53,23.480703432043605,-0.2095051761852808
G05_R0677,G05,train,500,20,0.001,0.8,0.2,0.2,5.0,26.366,26.21341965494232,-0.578701149426088
G05_R0678,G05,train,500,20,0.001,0.8,0.3,0.2,5.0,30.309,29.98981815625,-1.0530926251278674
G05_R0679,G05,train,500,20,0.001,0.75,0.1,0.2,5.0,23.562,23.48006820585312,-0.3477285211224806
G05_R0680,G05,train,500,20,0.001,0.75,0.2,0.2,5.0,26.399,26.18470401307724,-0.8117579716002891
G05_R0681,G05,train,500,20,0.001,0.75,0.3,0.2,5.0,30.347,29.947535864583315,-1.3163216641403956
G05_R0682,G05,train,500,20,0.001,0.7,0.1,0.2,5.0,23.593,23.47372338938487,-0.5055593210491717
G05_R0683,G05,test,500,20,0.001,0.7,0.2,0.2,5.0,26.43,26.174750905934378,-0.9657551799683012
G05_R0684,G05,train,500,20,0.001,0.7,0.3,0.2,5.0,30.383,29.996891578869025,-1.2708041376130643
G05_R0685,G05,train,500,20,0.0001,0.85,0.1,0.2,5.0,23.631,23.650695993281,0.0833481159536095
G05_R0686,G05,test,500,20,0.0001,0.85,0.2,0.2,5.0,25.852,25.91121978436148,0.2290723516999755
G05_R0687,G05,train,500,20,0.0001,0.85,0.3,0.2,5.0,29.224,29.477126462301552,0.866159534292197
G05_R0688,G05,train,500,20,0.0001,0.8,0.1,0.2,5.0,23.643,23.65295015250719,0.0420849829006081
G05_R0689,G05,train,500,20,0.0001,0.8,0.2,0.2,5.0,25.872,25.90110764001624,0.1125063389619623
G05_R0690,G05,train,500,20,0.0001,0.8,0.3,0.2,5.0,29.247,29.460460081158388,0.7298529119512702
G05_R0691,G05,train,500,20,0.0001,0.75,0.1,0.2,5.0,23.656,23.653329381673853,-0.011289390962741
G05_R0692,G05,train,500,20,0.0001,0.75,0.2,0.2,5.0,25.892,25.9012344148178,0.0356651275212312
G05_R0693,G05,train,500,20,0.0001,0.75,0.3,0.2,5.0,29.273,29.49494526568221,0.7581910486872274
G05_R0694,G05,test,500,20,0.0001,0.7,0.1,0.2,5.0,23.671,23.653565821157983,-0.0736520588146528
G05_R0695,G05,train,500,20,0.0001,0.7,0.2,0.2,5.0,25.914,25.899363066603502,-0.0564827251543394
G05_R0696,G05,test,500,20,0.0001,0.7,0.3,0.2,5.0,29.301,29.600144923420302,1.0209375905952147
G05_R0697,G05,train,500,20,1e-05,0.85,0.1,0.2,5.0,23.687,23.693386438492087,0.0269617870227812
G05_R0698,G05,train,500,20,1e-05,0.85,0.2,0.2,5.0,25.822,25.84520553769842,0.0898673135249784
G05_R0699,G05,train,500,20,1e-05,0.85,0.3,0.2,5.0,29.676,29.72280722005767,0.1577275241193988
G05_R0700,G05,test,500,20,1e-05,0.8,0.1,0.2,5.0,23.682,23.694212233134955,0.051567575099048
G05_R0701,G05,train,500,20,1e-05,0.8,0.2,0.2,5.0,25.834,25.834534018353175,0.002067114473866
G05_R0702,G05,train,500,20,1e-05,0.8,0.3,0.2,5.0,29.687,29.72870031361686,0.1404665800412889
G05_R0703,G05,train,500,20,1e-05,0.75,0.1,0.2,5.0,23.686,23.694005739087338,0.0337994557432146
G05_R0704,G05,train,500,20,1e-05,0.75,0.2,0.2,5.0,25.846,25.840032394345176,-0.0230890878852593
G05_R0705,G05,train,500,20,1e-05,0.75,0.3,0.2,5.0,29.7,29.764188043640324,0.2161213590583327
G05_R0706,G05,train,500,20,1e-05,0.7,0.1,0.2,5.0,23.691,23.696126935515903,0.0216408573547068
G05_R0707,G05,train,500,20,1e-05,0.7,0.2,0.2,5.0,25.86,25.84262012351183,-0.0672075656928498
G05_R0708,G05,test,500,20,1e-05,0.7,0.3,0.2,5.0,29.714,29.84108210614032,0.4276842772441311
G05_R0709,G05,train,500,20,1e-06,0.85,0.1,0.2,5.0,23.722,23.71842657589284,-0.015063755615713
G05_R0710,G05,test,500,20,1e-06,0.85,0.2,0.2,5.0,25.637,25.736934478670676,0.3898056663052314
G05_R0711,G05,train,500,20,1e-06,0.85,0.3,0.2,5.0,29.692,29.72323135845055,0.1051844215632191
G05_R0712,G05,train,500,20,1e-06,0.8,0.1,0.2,5.0,23.724,23.71924920386904,-0.0200252745361802
G05_R0713,G05,train,500,20,1e-06,0.8,0.2,0.2,5.0,25.642,25.72564204117068,0.3261915652861589
G05_R0714,G05,train,500,20,1e-06,0.8,0.3,0.2,5.0,29.698,29.72358034486688,0.086134907626365
G05_R0715,G05,test,500,20,1e-06,0.75,0.1,0.2,5.0,23.724,23.718413272321428,-0.0235488436965629
G05_R0716,G05,train,500,20,1e-06,0.75,0.2,0.2,5.0,25.647,25.724708187996058,0.3029913362032949
G05_R0717,G05,train,500,20,1e-06,0.75,0.3,0.2,5.0,29.705,29.76909882637845,0.2157846368572679
G05_R0718,G05,train,500,20,1e-06,0.7,0.1,0.2,5.0,23.725,23.72052071874999,-0.0188800052687454
G05_R0719,G05,train,500,20,1e-06,0.7,0.2,0.2,5.0,25.653,25.72336687549604,0.2743027150666269
G05_R0720,G05,train,500,20,1e-06,0.7,0.3,0.2,5.0,29.719,29.84402425197369,0.4206879503808605
G05_R0721,G05,train,500,50,0.001,0.85,0.1,0.2,5.0,32.094,32.22882623412701,0.420097943936597
G05_R0722,G05,test,500,50,0.001,0.85,0.2,0.2,5.0,36.022,36.24390805704356,0.6160348038519895
G05_R0723,G05,test,500,50,0.001,0.85,0.3,0.2,5.0,41.698,40.22036353625546,-3.543662678652545
G05_R0724,G05,train,500,50,0.001,0.8,0.1,0.2,5.0,32.135,32.230180317460345,0.2961889449520676
G05_R0725,G05,train,500,50,0.001,0.8,0.2,0.2,5.0,36.062,36.198580213293546,0.3787372117285467
G05_R0726,G05,train,500,50,0.001,0.8,0.3,0.2,5.0,41.753,40.26120391869595,-3.572907530726061
G05_R0727,G05,train,500,50,0.001,0.75,0.1,0.2,5.0,32.178,32.24014321626986,0.1931233024733036
G05_R0728,G05,train,500,50,0.001,0.75,0.2,0.2,5.0,36.1,36.2103099563491,0.3055677461193866
G05_R0729,G05,test,500,50,0.001,0.75,0.3,0.2,5.0,41.806,40.56796357891418,-2.961384540701852
G05_R0730,G05,train,500,50,0.001,0.7,0.1,0.2,5.0,32.223,32.243248573412714,0.0628388834457224
G05_R0731,G05,train,500,50,0.001,0.7,0.2,0.2,5.0,36.134,36.25421872271815,0.3327025037863223
G05_R0732,G05,test,500,50,0.001,0.7,0.3,0.2,5.0,41.855,40.58015136016418,-3.045869405891332
G05_R0733,G05,train,500,50,0.0001,0.85,0.1,0.2,5.0,32.955,33.001806070436494,0.1420302547003364
G05_R0734,G05,train,500,50,0.0001,0.85,0.2,0.2,5.0,36.656,36.77352475942469,0.3206153410756486
G05_R0735,G05,train,500,50,0.0001,0.85,0.3,0.2,5.0,41.021,41.48963597623553,1.1424294294033113
G05_R0736,G05,train,500,50,0.0001,0.8,0.1,0.2,5.0,32.971,32.99803194246031,0.0819870263574401
G05_R0737,G05,train,500,50,0.0001,0.8,0.2,0.2,5.0,36.682,36.7373405987104,0.1508658162324884
G05_R0738,G05,train,500,50,0.0001,0.8,0.3,0.2,5.0,41.058,41.49060415264248,1.0536415622837838
G05_R0739,G05,train,500,50,0.0001,0.75,0.1,0.2,5.0,32.989,32.99918322519841,0.0308685476928995
G05_R0740,G05,train,500,50,0.0001,0.75,0.2,0.2,5.0,36.709,36.74630992708336,0.1016370020522388
G05_R0741,G05,train,500,50,0.0001,0.75,0.3,0.2,5.0,41.097,41.70439919083691,1.4779647926537414
G05_R0742,G05,test,500,50,0.0001,0.7,0.1,0.2,5.0,33.008,33.00207608234127,-0.0179469148652872
G05_R0743,G05,train,500,50,0.0001,0.7,0.2,0.2,5.0,36.741,36.79106722470241,0.1362707185498758
G05_R0744,G05,train,500,50,0.0001,0.7,0.3,0.2,5.0,41.141,41.71309182625357,1.3905637350904845
G05_R0745,G05,train,500,50,1e-05,0.85,0.1,0.2,5.0,33.132,33.20006896875002,0.2054478110286705
G05_R0746,G05,train,500,50,1e-05,0.85,0.2,0.2,5.0,37.111,37.12008127588382,0.0244705771437648
G05_R0747,G05,train,500,50,1e-05,0.85,0.3,0.2,5.0,43.589,43.5618219740537,-0.0623506525644052
G05_R0748,G05,test,500,50,1e-05,0.8,0.1,0.2,5.0,33.18,33.196570069940506,0.0499399335156915
G05_R0749,G05,train,500,50,1e-05,0.8,0.2,0.2,5.0,37.127,37.09604994850288,-0.0833626511625553
G05_R0750,G05,train,500,50,1e-05,0.8,0.3,0.2,5.0,43.604,43.60784998081774,0.0088294211947082
G05_R0751,G05,train,500,50,1e-05,0.75,0.1,0.2,5.0,33.186,33.20463051934526,0.0561396954898399
G05_R0752,G05,train,500,50,1e-05,0.75,0.2,0.2,5.0,37.144,37.10553949215368,-0.103544335145175
G05_R0753,G05,train,500,50,1e-05,0.75,0.3,0.2,5.0,43.616,43.601450409389216,-0.0333583790599412
G05_R0754,G05,test,500,50,1e-05,0.7,0.1,0.2,5.0,33.193,33.20734920982145,0.0432296261906236
G05_R0755,G05,test,500,50,1e-05,0.7,0.2,0.2,5.0,37.163,37.166388426677486,0.0091177425866831
G05_R0756,G05,train,500,50,1e-05,0.7,0.3,0.2,5.0,43.629,43.58523176157175,-0.1003191419199377
G05_R0757,G05,train,500,50,1e-06,0.85,0.1,0.2,5.0,33.377,33.323278379960314,-0.1609540103654863
G05_R0758,G05,train,500,50,1e-06,0.85,0.2,0.2,5.0,37.011,37.1265274956258,0.3121436751933163
G05_R0759,G05,train,500,50,1e-06,0.85,0.3,0.2,5.0,43.813,43.74297524637514,-0.1598264296552711
G05_R0760,G05,test,500,50,1e-06,0.8,0.1,0.2,5.0,33.375,33.32201398115079,-0.1587596070388339
G05_R0761,G05,train,500,50,1e-06,0.8,0.2,0.2,5.0,37.019,37.10489825157818,0.2320382819043898
G05_R0762,G05,train,500,50,1e-06,0.8,0.3,0.2,5.0,43.819,43.79052827397252,-0.0649757548722772
G05_R0763,G05,train,500,50,1e-06,0.75,0.1,0.2,5.0,33.376,33.33007443055555,-0.137600579591471
G05_R0764,G05,test,500,50,1e-06,0.75,0.2,0.2,5.0,37.027,37.13059310772898,0.2797772104922978
G05_R0765,G05,train,500,50,1e-06,0.75,0.3,0.2,5.0,43.81,43.7800324465916,-0.0684034544816355
G05_R0766,G05,train,500,50,1e-06,0.7,0.1,0.2,5.0,33.377,33.33279312103175,-0.1324471311629376
G05_R0767,G05,test,500,50,1e-06,0.7,0.2,0.2,5.0,37.036,37.18915870891947,0.4135400932051791
G05_R0768,G05,test,500,50,1e-06,0.7,0.3,0.2,5.0,43.838,43.76423744163127,-0.1682616870494427
G06_R0001,G06,train,25,3,0.001,0.85,0.1,0.3,4.0,6.596,6.608153516964261,0.1842558666504132
G06_R0002,G06,test,25,3,0.001,0.85,0.2,0.3,4.0,7.1411,7.154740853422628,0.1910189385756847
G06_R0003,G06,train,25,3,0.001,0.85,0.3,0.3,4.0,7.7713,7.772994550347212,0.021805236539728
G06_R0004,G06,train,25,3,0.001,0.8,0.1,0.3,4.0,6.6012,6.60847167321426,0.110156838366656
G06_R0005,G06,train,25,3,0.001,0.8,0.2,0.3,4.0,7.1483,7.154395599851198,0.085273419571062
G06_R0006,G06,train,25,3,0.001,0.8,0.3,0.3,4.0,7.7793,7.783172548214279,0.0497801629231259
G06_R0007,G06,test,25,3,0.001,0.75,0.1,0.3,4.0,6.6065,6.6114735720237805,0.0752830095176099
G06_R0008,G06,train,25,3,0.001,0.75,0.2,0.3,4.0,7.1558,7.159476659077387,0.0513801262945708
G06_R0009,G06,train,25,3,0.001,0.75,0.3,0.3,4.0,7.7879,7.78945397177578,0.0199536688424376
G06_R0010,G06,train,25,3,0.001,0.7,0.1,0.3,4.0,6.6122,6.612349420982115,0.0022597771107247
G06_R0011,G06,train,25,3,0.001,0.7,0.2,0.3,4.0,7.1638,7.161343545684534,-0.0342898226565034
G06_R0012,G06,train,25,3,0.001,0.7,0.3,0.3,4.0,7.7971,7.790436078124986,-0.0854666719038384
G06_R0013,G06,test,25,3,0.0001,0.85,0.1,0.3,4.0,6.9257,6.932949959672615,0.104681976877644
G06_R0014,G06,train,25,3,0.0001,0.85,0.2,0.3,4.0,7.5904,7.58551920124005,-0.0643022602227779
G06_R0015,G06,train,25,3,0.0001,0.85,0.3,0.3,4.0,8.4748,8.472650532844922,-0.0253630428455934
G06_R0016,G06,train,25,3,0.0001,0.8,0.1,0.3,4.0,6.9287,6.932798974255946,0.0591593553761322
G06_R0017,G06,train,25,3,0.0001,0.8,0.2,0.3,4.0,7.5943,7.586571224553541,-0.1017707418255578
G06_R0018,G06,train,25,3,0.0001,0.8,0.3,0.3,4.0,8.4798,8.473661434928257,-0.0723904463754129
G06_R0019,G06,train,25,3,0.0001,0.75,0.1,0.3,4.0,6.9319,6.933332504761904,0.0206653985473621
G06_R0020,G06,test,25,3,0.0001,0.75,0.2,0.3,4.0,7.5984,7.588435241815443,-0.1311428482911797
G06_R0021,G06,train,25,3,0.0001,0.75,0.3,0.3,4.0,8.4849,8.474975222725899,-0.1169698791276373
G06_R0022,G06,train,25,3,0.0001,0.7,0.1,0.3,4.0,6.9352,6.933535479265869,-0.0240010487676095
G06_R0023,G06,train,25,3,0.0001,0.7,0.2,0.3,4.0,7.6026,7.592154289384897,-0.1373965566398676
G06_R0024,G06,train,25,3,0.0001,0.7,0.3,0.3,4.0,8.4903,8.475579792963995,-0.1733767597847526
G06_R0025,G06,test,25,3,1e-05,0.85,0.1,0.3,4.0,7.0165,7.019747027132936,0.0462770203511137
G06_R0026,G06,train,25,3,1e-05,0.85,0.2,0.3,4.0,7.7194,7.713561923457788,-0.0756286310103422
G06_R0027,G06,train,25,3,1e-05,0.85,0.3,0.3,4.0,8.6776,8.690905370188496,0.1533300703938388
G06_R0028,G06,test,25,3,1e-05,0.8,0.1,0.3,4.0,7.0176,7.019193976240079,0.0227139797092842
G06_R0029,G06,train,25,3,1e-05,0.8,0.2,0.3,4.0,7.7208,7.712296926681993,-0.1101320241167615
G06_R0030,G06,train,25,3,1e-05,0.8,0.3,0.3,4.0,8.6795,8.69156321259921,0.1389851097322292
G06_R0031,G06,train,25,3,1e-05,0.75,0.1,0.3,4.0,7.0187,7.018019777926586,-0.009691567860343
G06_R0032,G06,train,25,3,1e-05,0.75,0.2,0.3,4.0,7.7223,7.711259384172076,-0.1429705635357879
G06_R0033,G06,train,25,3,1e-05,0.75,0.3,0.3,4.0,8.6814,8.6915756671627,0.1172122833033895
G06_R0034,G06,test,25,3,1e-05,0.7,0.1,0.3,4.0,7.0199,7.018867662301584,-0.0147058747049869
G06_R0035,G06,test,25,3,1e-05,0.7,0.2,0.3,4.0,7.7238,7.710808758725649,-0.1681975358547753
G06_R0036,G06,test,25,3,1e-05,0.7,0.3,0.3,4.0,8.6834,8.691613448412701,0.0945879311410315
G06_R0037,G06,train,25,3,1e-06,0.85,0.1,0.3,4.0,7.0454,7.045820366121047,0.0059665330718957
G06_R0038,G06,train,25,3,1e-06,0.85,0.2,0.3,4.0,7.7584,7.751478296874992,-0.0892156001882884
G06_R0039,G06,train,25,3,1e-06,0.85,0.3,0.3,4.0,8.7357,8.72571524613097,-0.1142982688167948
G06_R0040,G06,train,25,3,1e-06,0.8,0.1,0.3,4.0,7.0456,7.044635919692476,-0.0136834379971161
G06_R0041,G06,train,25,3,1e-06,0.8,0.2,0.3,4.0,7.7587,7.751700134821424,-0.090219562279458
G06_R0042,G06,train,25,3,1e-06,0.8,0.3,0.3,4.0,8.736,8.726450622569462,-0.1093106390858308
G06_R0043,G06,train,25,3,1e-06,0.75,0.1,0.3,4.0,7.0458,7.044452139484133,-0.019129985464625
G06_R0044,G06,train,25,3,1e-06,0.75,0.2,0.3,4.0,7.759,7.753968611160718,-0.0648458414651673
G06_R0045,G06,train,25,3,1e-06,0.75,0.3,0.3,4.0,8.7364,8.727001715228187,-0.1075761729294946
G06_R0046,G06,train,25,3,1e-06,0.7,0.1,0.3,4.0,7.0461,7.04570854345239,-0.0055556484808613
G06_R0047,G06,train,25,3,1e-06,0.7,0.2,0.3,4.0,7.7593,7.752296970734137,-0.0902533639099237
G06_R0048,G06,train,25,3,1e-06,0.7,0.3,0.3,4.0,8.7367,8.727096506894853,-0.1099212872726324
G06_R0049,G06,train,25,6,0.001,0.85,0.1,0.3,4.0,7.3202,7.319574016021827,-0.0085514600444392
G06_R0050,G06,train,25,6,0.001,0.85,0.2,0.3,4.0,7.9426,7.938660874950428,-0.0495949065743144
G06_R0051,G06,train,25,6,0.001,0.85,0.3,0.3,4.0,8.6581,8.629446779513877,-0.3309412051849952
G06_R0052,G06,train,25,6,0.001,0.8,0.1,0.3,4.0,7.3257,7.321944045386902,-0.0512709312843652
G06_R0053,G06,test,25,6,0.001,0.8,0.2,0.3,4.0,7.9505,7.938773783779792,-0.1474902989775273
G06_R0054,G06,test,25,6,0.001,0.8,0.3,0.3,4.0,8.6672,8.625980273534429,-0.4755829618050842
G06_R0055,G06,train,25,6,0.001,0.75,0.1,0.3,4.0,7.3315,7.327165895039685,-0.0591162103296073
G06_R0056,G06,train,25,6,0.001,0.75,0.2,0.3,4.0,7.9588,7.943657078900641,-0.1902663856279771
G06_R0057,G06,train,25,6,0.001,0.75,0.3,0.3,4.0,8.6769,8.634041332016565,-0.4939398631243258
G06_R0058,G06,train,25,6,0.001,0.7,0.1,0.3,4.0,7.3376,7.331040374355163,-0.0893974275626563
G06_R0059,G06,train,25,6,0.001,0.7,0.2,0.3,4.0,7.9676,7.947292310069481,-0.2548783815768712
G06_R0060,G06,test,25,6,0.001,0.7,0.3,0.3,4.0,8.6874,8.634216117212269,-0.6121956257077096
G06_R0061,G06,train,25,6,0.0001,0.85,0.1,0.3,4.0,7.6604,7.654471137847237,-0.0773962476210555
G06_R0062,G06,train,25,6,0.0001,0.85,0.2,0.3,4.0,8.4015,8.3861020346636,-0.1832763832220572
G06_R0063,G06,train,25,6,0.0001,0.85,0.3,0.3,4.0,9.3762,9.37565863074945,-0.0057738662843183
G06_R0064,G06,train,25,6,0.0001,0.8,0.1,0.3,4.0,7.6636,7.655943623561525,-0.0999057419290535
G06_R0065,G06,train,25,6,0.0001,0.8,0.2,0.3,4.0,8.4056,8.385277295377891,-0.2417757759363804
G06_R0066,G06,train,25,6,0.0001,0.8,0.3,0.3,4.0,9.3815,9.37787758387445,-0.0386123341208765
G06_R0067,G06,train,25,6,0.0001,0.75,0.1,0.3,4.0,7.6669,7.656905672371044,-0.130356827778578
G06_R0068,G06,train,25,6,0.0001,0.75,0.2,0.3,4.0,8.4099,8.385662763383845,-0.2881988681929083
G06_R0069,G06,train,25,6,0.0001,0.75,0.3,0.3,4.0,9.387,9.379807916612538,-0.0766174857511679
G06_R0070,G06,test,25,6,0.0001,0.7,0.1,0.3,4.0,7.6704,7.655261598115088,-0.1973613095133428
G06_R0071,G06,test,25,6,0.0001,0.7,0.2,0.3,4.0,8.4143,8.38522798808623,-0.3455071950580633
G06_R0072,G06,train,25,6,0.0001,0.7,0.3,0.3,4.0,9.3927,9.379582774945872,-0.1396534016217658
G06_R0073,G06,test,25,6,1e-05,0.85,0.1,0.3,4.0,7.7542,7.750040768204371,-0.0536384384672742
G06_R0074,G06,train,25,6,1e-05,0.85,0.2,0.3,4.0,8.533,8.542499041269817,0.1113212383665499
G06_R0075,G06,train,25,6,1e-05,0.85,0.3,0.3,4.0,9.5805,9.590970150996563,0.1092860601906408
G06_R0076,G06,train,25,6,1e-05,0.8,0.1,0.3,4.0,7.7553,7.751052897668655,-0.0547638689843785
G06_R0077,G06,train,25,6,1e-05,0.8,0.2,0.3,4.0,8.5345,8.543297931746004,0.1030866687679922
G06_R0078,G06,test,25,6,1e-05,0.8,0.3,0.3,4.0,9.5824,9.59160182599657,0.0960284062089854
G06_R0079,G06,train,25,6,1e-05,0.75,0.1,0.3,4.0,7.7565,7.750303460267865,-0.0798883482515906
G06_R0080,G06,test,25,6,1e-05,0.75,0.2,0.3,4.0,8.536,8.543882574007911,0.0923450563251149
G06_R0081,G06,train,25,6,1e-05,0.75,0.3,0.3,4.0,9.5844,9.591628514687034,0.0754195848152611
G06_R0082,G06,train,25,6,1e-05,0.7,0.1,0.3,4.0,7.7577,7.751335067559536,-0.0820466432120859
G06_R0083,G06,train,25,6,1e-05,0.7,0.2,0.3,4.0,8.5376,8.543435507341245,0.0683506763170647
G06_R0084,G06,train,25,6,1e-05,0.7,0.3,0.3,4.0,9.5865,9.590760328972756,0.0444409218458975
G06_R0085,G06,test,25,6,1e-06,0.85,0.1,0.3,4.0,7.784,7.764146759622996,-0.2550519061793933
G06_R0086,G06,train,25,6,1e-06,0.85,0.2,0.3,4.0,8.573,8.565900146974196,-0.0828164356211926
G06_R0087,G06,train,25,6,1e-06,0.85,0.3,0.3,4.0,9.6395,9.62903402428752,-0.1085738442085133
G06_R0088,G06,train,25,6,1e-06,0.8,0.1,0.3,4.0,7.7843,7.765699848214266,-0.2389444366960982
G06_R0089,G06,train,25,6,1e-06,0.8,0.2,0.3,4.0,8.5733,8.566677164533715,-0.0772495476220909
G06_R0090,G06,train,25,6,1e-06,0.8,0.3,0.3,4.0,9.6398,9.629800205537526,-0.1037344598692217
G06_R0091,G06,test,25,6,1e-06,0.75,0.1,0.3,4.0,7.7845,7.763093426041644,-0.2749897097868355
G06_R0092,G06,train,25,6,1e-06,0.75,0.2,0.3,4.0,8.5736,8.567326265724184,-0.0731750288772188
G06_R0093,G06,train,25,6,1e-06,0.75,0.3,0.3,4.0,9.6401,9.629357198394654,-0.1114386946748076
G06_R0094,G06,train,25,6,1e-06,0.7,0.1,0.3,4.0,7.7847,7.765776298115062,-0.2430883898536584
G06_R0095,G06,train,25,6,1e-06,0.7,0.2,0.3,4.0,8.5739,8.566812132390853,-0.082667952846983
G06_R0096,G06,train,25,6,1e-06,0.7,0.3,0.3,4.0,9.6405,9.628573787680375,-0.1237094789650143
G06_R0097,G06,train,25,20,0.001,0.85,0.1,0.3,4.0,9.5687,9.567065786471852,-0.0170787413979673
G06_R0098,G06,train,25,20,0.001,0.85,0.2,0.3,4.0,10.331,10.330276014880935,-0.0070078900306124
G06_R0099,G06,train,25,20,0.001,0.85,0.3,0.3,4.0,11.229,11.174044101190464,-0.4894104444699874
G06_R0100,G06,train,25,20,0.001,0.8,0.1,0.3,4.0,9.5753,9.568185549120663,-0.0743000311147981
G06_R0101,G06,train,25,20,0.001,0.8,0.2,0.3,4.0,10.341,10.330779679067446,-0.0988330038927933
G06_R0102,G06,train,25,20,0.001,0.8,0.3,0.3,4.0,11.24,11.170093044642842,-0.6219480013982055
G06_R0103,G06,train,25,20,0.001,0.75,0.1,0.3,4.0,9.5823,9.574661416084952,-0.0797155580084938
G06_R0104,G06,train,25,20,0.001,0.75,0.2,0.3,4.0,10.351,10.33831023214285,-0.1225946078364434
G06_R0105,G06,test,25,20,0.001,0.75,0.3,0.3,4.0,11.252,11.159512592261873,-0.8219641640431007
G06_R0106,G06,train,25,20,0.001,0.7,0.1,0.3,4.0,9.5895,9.584132954671713,-0.0559679371008559
G06_R0107,G06,train,25,20,0.001,0.7,0.2,0.3,4.0,10.361,10.339823530753955,-0.2043863453918079
G06_R0108,G06,test,25,20,0.001,0.7,0.3,0.3,4.0,11.265,11.160532549107138,-0.9273630793862604
G06_R0109,G06,train,25,20,0.0001,0.85,0.1,0.3,4.0,9.9593,9.957011993601173,-0.0229735664035444
G06_R0110,G06,train,25,20,0.0001,0.85,0.2,0.3,4.0,10.839,10.816729913881291,-0.2054625529911201
G06_R0111,G06,test,25,20,0.0001,0.85,0.3,0.3,4.0,11.99,12.092182591269808,0.8522317870709536
G06_R0112,G06,train,25,20,0.0001,0.8,0.1,0.3,4.0,9.963,9.95693577465276,-0.0608674630858157
G06_R0113,G06,train,25,20,0.0001,0.8,0.2,0.3,4.0,10.844,10.816921122214628,-0.249713000602831
G06_R0114,G06,test,25,20,0.0001,0.8,0.3,0.3,4.0,11.996,12.092488945436472,0.804342659523783
G06_R0115,G06,train,25,20,0.0001,0.75,0.1,0.3,4.0,9.9669,9.959313260664658,-0.0761193483966232
G06_R0116,G06,train,25,20,0.0001,0.75,0.2,0.3,4.0,10.849,10.817578799297952,-0.2896230131998219
G06_R0117,G06,train,25,20,0.0001,0.75,0.3,0.3,4.0,12.003,12.081353420138871,0.6527819723308583
G06_R0118,G06,train,25,20,0.0001,0.7,0.1,0.3,4.0,9.9709,9.959914394593229,-0.110176668172097
G06_R0119,G06,test,25,20,0.0001,0.7,0.2,0.3,4.0,10.854,10.81717163411938,-0.3393068535159214
G06_R0120,G06,train,25,20,0.0001,0.7,0.3,0.3,4.0,12.009,12.077432421130938,0.569842793995651
G06_R0121,G06,train,25,20,1e-05,0.85,0.1,0.3,4.0,10.067,10.071347772039772,0.0431883583964613
G06_R0122,G06,train,25,20,1e-05,0.85,0.2,0.3,4.0,10.985,10.991394281250022,0.0582092057352991
G06_R0123,G06,train,25,20,1e-05,0.85,0.3,0.3,4.0,12.207,12.198538943452368,-0.0693131526798791
G06_R0124,G06,train,25,20,1e-05,0.8,0.1,0.3,4.0,10.068,10.071564104182633,0.0354003196526749
G06_R0125,G06,train,25,20,1e-05,0.8,0.2,0.3,4.0,10.987,10.991390373511924,0.0399597115857321
G06_R0126,G06,train,25,20,1e-05,0.8,0.3,0.3,4.0,12.209,12.199051981646813,-0.0814810250895817
G06_R0127,G06,train,25,20,1e-05,0.75,0.1,0.3,4.0,10.07,10.072410867575458,0.0239410881376161
G06_R0128,G06,train,25,20,1e-05,0.75,0.2,0.3,4.0,10.989,10.99185324702381,0.0259645738812394
G06_R0129,G06,test,25,20,1e-05,0.75,0.3,0.3,4.0,12.211,12.185218551587308,-0.2111329818417176
G06_R0130,G06,train,25,20,1e-05,0.7,0.1,0.3,4.0,10.071,10.072366260432602,0.0135662837116728
G06_R0131,G06,train,25,20,1e-05,0.7,0.2,0.3,4.0,10.99,10.991680747023809,0.0152934215087215
G06_R0132,G06,train,25,20,1e-05,0.7,0.3,0.3,4.0,12.214,12.180795156746042,-0.2718588771406474
G06_R0133,G06,train,25,20,1e-06,0.85,0.1,0.3,4.0,10.101,10.096901433493514,-0.0405758489900701
G06_R0134,G06,train,25,20,1e-06,0.85,0.2,0.3,4.0,11.03,11.024462918154718,-0.0502001980533193
G06_R0135,G06,train,25,20,1e-06,0.85,0.3,0.3,4.0,12.271,12.259270908730151,-0.0955838258483361
G06_R0136,G06,train,25,20,1e-06,0.8,0.1,0.3,4.0,10.102,10.097057332303038,-0.0489276152936288
G06_R0137,G06,train,25,20,1e-06,0.8,0.2,0.3,4.0,11.03,11.024459010416622,-0.0502356263225466
G06_R0138,G06,train,25,20,1e-06,0.8,0.3,0.3,4.0,12.271,12.259792314980151,-0.0913347324574012
G06_R0139,G06,train,25,20,1e-06,0.75,0.1,0.3,4.0,10.102,10.097609853136367,-0.0434581950468359
G06_R0140,G06,train,25,20,1e-06,0.75,0.2,0.3,4.0,11.03,11.024404363095186,-0.0507310689466265
G06_R0141,G06,train,25,20,1e-06,0.75,0.3,0.3,4.0,12.271,12.254723533730155,-0.1326417265898896
G06_R0142,G06,train,25,20,1e-06,0.7,0.1,0.3,4.0,10.102,10.09758803766018,-0.0436741470977979
G06_R0143,G06,train,25,20,1e-06,0.7,0.2,0.3,4.0,11.031,11.024335300595189,-0.0604179077582616
G06_R0144,G06,train,25,20,1e-06,0.7,0.3,0.3,4.0,12.272,12.249517076388884,-0.1832050489823566
G06_R0145,G06,train,25,50,0.001,0.85,0.1,0.3,4.0,12.399,12.393573687003972,-0.0437641180419973
G06_R0146,G06,train,25,50,0.001,0.85,0.2,0.3,4.0,13.348,13.342445099702378,-0.0416159746600477
G06_R0147,G06,train,25,50,0.001,0.85,0.3,0.3,4.0,14.484,14.482838354166638,-0.0080202004512679
G06_R0148,G06,train,25,50,0.001,0.8,0.1,0.3,4.0,12.407,12.396090671130963,-0.0879288213833719
G06_R0149,G06,test,25,50,0.001,0.8,0.2,0.3,4.0,13.36,13.342457747023795,-0.1313042887440297
G06_R0150,G06,train,25,50,0.001,0.8,0.3,0.3,4.0,14.499,14.481446066468225,-0.1210699602163998
G06_R0151,G06,test,25,50,0.001,0.75,0.1,0.3,4.0,12.416,12.40064873611112,-0.1236409784864652
G06_R0152,G06,train,25,50,0.001,0.75,0.2,0.3,4.0,13.373,13.349348181547622,-0.1768624725370303
G06_R0153,G06,train,25,50,0.001,0.75,0.3,0.3,4.0,14.514,14.48889583432536,-0.172965176206691
G06_R0154,G06,train,25,50,0.001,0.7,0.1,0.3,4.0,12.425,12.413763612103171,-0.090433705407079
G06_R0155,G06,train,25,50,0.001,0.7,0.2,0.3,4.0,13.387,13.357464318452392,-0.2206295775573964
G06_R0156,G06,train,25,50,0.001,0.7,0.3,0.3,4.0,14.531,14.49156108482139,-0.2714122577841219
G06_R0157,G06,train,25,50,0.0001,0.85,0.1,0.3,4.0,12.878,12.876123691964269,-0.014569871375457
G06_R0158,G06,train,25,50,0.0001,0.85,0.2,0.3,4.0,13.971,13.942799026785725,-0.2018536483735981
G06_R0159,G06,test,25,50,0.0001,0.85,0.3,0.3,4.0,15.399,15.357530355654756,-0.2693008919101444
G06_R0160,G06,train,25,50,0.0001,0.8,0.1,0.3,4.0,12.883,12.87525561458332,-0.0601132144428996
G06_R0161,G06,train,25,50,0.0001,0.8,0.2,0.3,4.0,13.977,13.945864825396832,-0.2227600672760125
G06_R0162,G06,train,25,50,0.0001,0.8,0.3,0.3,4.0,15.407,15.36307683928571,-0.2850857448840745
G06_R0163,G06,train,25,50,0.0001,0.75,0.1,0.3,4.0,12.888,12.871975821924604,-0.1243340943156116
G06_R0164,G06,test,25,50,0.0001,0.75,0.2,0.3,4.0,13.983,13.946484045634923,-0.2611453505333423
G06_R0165,G06,train,25,50,0.0001,0.75,0.3,0.3,4.0,15.415,15.369700220734142,-0.2938681755812984
G06_R0166,G06,test,25,50,0.0001,0.7,0.1,0.3,4.0,12.893,12.871249214781749,-0.1687022819999527
G06_R0167,G06,train,25,50,0.0001,0.7,0.2,0.3,4.0,13.989,13.950036745039688,-0.278527807279385
G06_R0168,G06,test,25,50,0.0001,0.7,0.3,0.3,4.0,15.423,15.36725228819446,-0.3614582883066909
G06_R0169,G06,test,25,50,1e-05,0.85,0.1,0.3,4.0,13.01,12.98920942054473,-0.1598046076500339
G06_R0170,G06,train,25,50,1e-05,0.85,0.2,0.3,4.0,14.148,14.158244570346271,0.0724100250655335
G06_R0171,G06,test,25,50,1e-05,0.85,0.3,0.3,4.0,15.658,15.646270197240288,-0.0749125224148161
G06_R0172,G06,train,25,50,1e-05,0.8,0.1,0.3,4.0,13.011,12.992764365485222,-0.1401555185210774
G06_R0173,G06,train,25,50,1e-05,0.8,0.2,0.3,4.0,14.15,14.157448216179608,0.0526375701739057
G06_R0174,G06,train,25,50,1e-05,0.8,0.3,0.3,4.0,15.66,15.64709587134743,-0.0824018432475745
G06_R0175,G06,train,25,50,1e-05,0.75,0.1,0.3,4.0,13.013,12.99465622461222,-0.1409649995218523
G06_R0176,G06,train,25,50,1e-05,0.75,0.2,0.3,4.0,14.152,14.157566623917726,0.039334538706376
G06_R0177,G06,test,25,50,1e-05,0.75,0.3,0.3,4.0,15.663,15.649143627299814,-0.0884656368523649
G06_R0178,G06,test,25,50,1e-05,0.7,0.1,0.3,4.0,13.015,12.99251400239001,-0.1727698625431479
G06_R0179,G06,train,25,50,1e-05,0.7,0.2,0.3,4.0,14.154,14.157483498917724,0.0246114096207725
G06_R0180,G06,test,25,50,1e-05,0.7,0.3,0.3,4.0,15.666,15.650511835633145,-0.0988648306322968
G06_R0181,G06,train,25,50,1e-06,0.85,0.1,0.3,4.0,13.052,13.03598424851184,-0.1227072593331156
G06_R0182,G06,train,25,50,1e-06,0.85,0.2,0.3,4.0,14.202,14.190041766278837,-0.0842010542259188
G06_R0183,G06,train,25,50,1e-06,0.85,0.3,0.3,4.0,15.734,15.67669376023632,-0.3642191417546805
G06_R0184,G06,train,25,50,1e-06,0.8,0.1,0.3,4.0,13.052,13.035411649305487,-0.1270943203686189
G06_R0185,G06,train,25,50,1e-06,0.8,0.2,0.3,4.0,14.202,14.189197912112173,-0.0901428523294426
G06_R0186,G06,test,25,50,1e-06,0.8,0.3,0.3,4.0,15.734,15.675996523629175,-0.3686505425881836
G06_R0187,G06,test,25,50,1e-06,0.75,0.1,0.3,4.0,13.053,13.033413451884863,-0.1500539961321981
G06_R0188,G06,train,25,50,1e-06,0.75,0.2,0.3,4.0,14.203,14.188623382350274,-0.1012224012513239
G06_R0189,G06,train,25,50,1e-06,0.75,0.3,0.3,4.0,15.735,15.680201284045854,-0.3482600314848786
G06_R0190,G06,train,25,50,1e-06,0.7,0.1,0.3,4.0,13.053,13.035357800099154,-0.1351582004201829
G06_R0191,G06,test,25,50,1e-06,0.7,0.2,0.3,4.0,14.203,14.188552444850275,-0.1017218555919458
G06_R0192,G06,train,25,50,1e-06,0.7,0.3,0.3,4.0,15.735,15.683300784045857,-0.3285619062862695
G06_R0193,G06,train,100,3,0.001,0.85,0.1,0.3,4.0,8.0586,8.177510223115068,1.4755692442243986
G06_R0194,G06,train,100,3,0.001,0.85,0.2,0.3,4.0,8.8292,8.928100427132938,1.1201516233966549
G06_R0195,G06,train,100,3,0.001,0.85,0.3,0.3,4.0,9.8577,9.86989681779852,0.1237288393694438
G06_R0196,G06,test,100,3,0.001,0.8,0.1,0.3,4.0,8.0677,8.184931994246016,1.4531030435689924
G06_R0197,G06,test,100,3,0.001,0.8,0.2,0.3,4.0,8.8428,8.942933397082424,1.1323720663412429
G06_R0198,G06,test,100,3,0.001,0.8,0.3,0.3,4.0,9.876,9.871048995774714,-0.0501316750231385
G06_R0199,G06,test,100,3,0.001,0.75,0.1,0.3,4.0,8.0771,8.179533886210299,1.2682012877183564
G06_R0200,G06,test,100,3,0.001,0.75,0.2,0.3,4.0,8.8569,8.9431726874098,0.97407317921396
G06_R0201,G06,test,100,3,0.001,0.75,0.3,0.3,4.0,9.8948,9.88194961795636,-0.1298700533981628
G06_R0202,G06,train,100,3,0.001,0.7,0.1,0.3,4.0,8.087,8.178088173412679,1.1263530779359334
G06_R0203,G06,train,100,3,0.001,0.7,0.2,0.3,4.0,8.8715,8.935974377885996,0.7267584724792523
G06_R0204,G06,train,100,3,0.001,0.7,0.3,0.3,4.0,9.9143,9.8929625493326,-0.2152189329292144
G06_R0205,G06,train,100,3,0.0001,0.85,0.1,0.3,4.0,8.3066,8.294838244593256,-0.1415953026116978
G06_R0206,G06,train,100,3,0.0001,0.85,0.2,0.3,4.0,9.0658,9.075148935515896,0.1031231167232357
G06_R0207,G06,test,100,3,0.0001,0.85,0.3,0.3,4.0,10.126,10.205473614087309,0.7848470678185773
G06_R0208,G06,train,100,3,0.0001,0.8,0.1,0.3,4.0,8.3103,8.302320936557535,-0.0960141444047068
G06_R0209,G06,train,100,3,0.0001,0.8,0.2,0.3,4.0,9.0712,9.078558476884936,0.0811191119690542
G06_R0210,G06,test,100,3,0.0001,0.8,0.3,0.3,4.0,10.133,10.205186069444451,0.7123859611610804
G06_R0211,G06,test,100,3,0.0001,0.75,0.1,0.3,4.0,8.3141,8.297098503521818,-0.2044899204746361
G06_R0212,G06,train,100,3,0.0001,0.75,0.2,0.3,4.0,9.0768,9.079933976289682,0.0345273255958271
G06_R0213,G06,train,100,3,0.0001,0.75,0.3,0.3,4.0,10.141,10.199070039682573,0.5726263650781247
G06_R0214,G06,train,100,3,0.0001,0.7,0.1,0.3,4.0,8.3181,8.295239092509915,-0.2748332851262249
G06_R0215,G06,train,100,3,0.0001,0.7,0.2,0.3,4.0,9.0827,9.078824790873018,-0.0426658276391726
G06_R0216,G06,test,100,3,0.0001,0.7,0.3,0.3,4.0,10.15,10.199354768849238,0.4862538802880564
G06_R0217,G06,train,100,3,1e-05,0.85,0.1,0.3,4.0,8.3783,8.377662719692463,-0.007606319987784
G06_R0218,G06,train,100,3,1e-05,0.85,0.2,0.3,4.0,9.1422,9.14462435410353,0.0265182790086635
G06_R0219,G06,train,100,3,1e-05,0.85,0.3,0.3,4.0,10.211,10.205952334325405,-0.0494336076250853
G06_R0220,G06,test,100,3,1e-05,0.8,0.1,0.3,4.0,8.3795,8.38157925749008,0.0248136224127835
G06_R0221,G06,train,100,3,1e-05,0.8,0.2,0.3,4.0,9.1439,9.146385496365433,0.0271820160481917
G06_R0222,G06,train,100,3,1e-05,0.8,0.3,0.3,4.0,10.214,10.205664789682546,-0.0816057403314545
G06_R0223,G06,train,100,3,1e-05,0.75,0.1,0.3,4.0,8.3807,8.382004636359127,0.0155671526140806
G06_R0224,G06,train,100,3,1e-05,0.75,0.2,0.3,4.0,9.1457,9.147888647059869,0.0239308862073881
G06_R0225,G06,test,100,3,1e-05,0.75,0.3,0.3,4.0,10.216,10.199269697420668,-0.163765686955083
G06_R0226,G06,train,100,3,1e-05,0.7,0.1,0.3,4.0,8.3819,8.379748489930558,-0.0256685246715214
G06_R0227,G06,train,100,3,1e-05,0.7,0.2,0.3,4.0,9.1476,9.148016859857483,0.0045570407263577
G06_R0228,G06,train,100,3,1e-05,0.7,0.3,0.3,4.0,10.219,10.199554426587332,-0.1902884177773532
G06_R0229,G06,train,100,3,1e-06,0.85,0.1,0.3,4.0,8.404,8.395462059771821,-0.1015937675889867
G06_R0230,G06,test,100,3,1e-06,0.85,0.2,0.3,4.0,9.1701,9.161925234708711,-0.0891458685432731
G06_R0231,G06,train,100,3,1e-06,0.85,0.3,0.3,4.0,10.244,10.240575640286757,-0.0334279550297058
G06_R0232,G06,train,100,3,1e-06,0.8,0.1,0.3,4.0,8.4042,8.39950899340277,-0.0558174079297109
G06_R0233,G06,train,100,3,1e-06,0.8,0.2,0.3,4.0,9.1704,9.163970071911091,-0.0701161136799869
G06_R0234,G06,train,100,3,1e-06,0.8,0.3,0.3,4.0,10.245,10.2402880956439,-0.0459922338321102
G06_R0235,G06,train,100,3,1e-06,0.75,0.1,0.3,4.0,8.4044,8.399753652926574,-0.0552846969852343
G06_R0236,G06,train,100,3,1e-06,0.75,0.2,0.3,4.0,9.1708,9.16533354790316,-0.0596071454708439
G06_R0237,G06,train,100,3,1e-06,0.75,0.3,0.3,4.0,10.246,10.238277786120127,-0.0753680839339388
G06_R0238,G06,train,100,3,1e-06,0.7,0.1,0.3,4.0,8.4046,8.397849250843244,-0.0803220754914742
G06_R0239,G06,train,100,3,1e-06,0.7,0.2,0.3,4.0,9.1712,9.165524791950777,-0.061880757689571
G06_R0240,G06,train,100,3,1e-06,0.7,0.3,0.3,4.0,10.246,10.238562515286796,-0.072589153945012
G06_R0241,G06,train,100,6,0.001,0.85,0.1,0.3,4.0,9.5302,9.569507014087325,0.4124468960496358
G06_R0242,G06,train,100,6,0.001,0.85,0.2,0.3,4.0,10.418,10.465926799107155,0.4600383865152229
G06_R0243,G06,test,100,6,0.001,0.85,0.3,0.3,4.0,11.614,11.64694843402778,0.2836958328549884
G06_R0244,G06,train,100,6,0.001,0.8,0.1,0.3,4.0,9.5407,9.571424867658754,0.3220399725256513
G06_R0245,G06,train,100,6,0.001,0.8,0.2,0.3,4.0,10.434,10.468725686011922,0.332812785239819
G06_R0246,G06,train,100,6,0.001,0.8,0.3,0.3,4.0,11.634,11.646132454861116,0.1042844667450167
G06_R0247,G06,train,100,6,0.001,0.75,0.1,0.3,4.0,9.5516,9.573169646825392,0.2258223420724564
G06_R0248,G06,train,100,6,0.001,0.75,0.2,0.3,4.0,10.45,10.47371207886905,0.2269098456368561
G06_R0249,G06,train,100,6,0.001,0.75,0.3,0.3,4.0,11.655,11.66036954924243,0.0460707785708369
G06_R0250,G06,train,100,6,0.001,0.7,0.1,0.3,4.0,9.5629,9.572978365575397,0.1053902642022188
G06_R0251,G06,train,100,6,0.001,0.7,0.2,0.3,4.0,10.467,10.472463424107149,0.0521966571811073
G06_R0252,G06,train,100,6,0.001,0.7,0.3,0.3,4.0,11.677,11.669008069083656,-0.0684416452542917
G06_R0253,G06,train,100,6,0.0001,0.85,0.1,0.3,4.0,9.7951,9.802690719530128,0.0774950692706389
G06_R0254,G06,train,100,6,0.0001,0.85,0.2,0.3,4.0,10.641,10.64962443204366,0.0810490747454242
G06_R0255,G06,train,100,6,0.0001,0.85,0.3,0.3,4.0,11.828,11.846168890963249,0.1536091559287211
G06_R0256,G06,train,100,6,0.0001,0.8,0.1,0.3,4.0,9.7993,9.805954720422982,0.0679101611643789
G06_R0257,G06,train,100,6,0.0001,0.8,0.2,0.3,4.0,10.647,10.651809932043664,0.0451764069096008
G06_R0258,G06,train,100,6,0.0001,0.8,0.3,0.3,4.0,11.837,11.84691095197515,0.0837285796667297
G06_R0259,G06,train,100,6,0.0001,0.75,0.1,0.3,4.0,9.8037,9.805262171613458,0.0159345105772237
G06_R0260,G06,train,100,6,0.0001,0.75,0.2,0.3,4.0,10.654,10.652252682043647,-0.0164005815313588
G06_R0261,G06,train,100,6,0.0001,0.75,0.3,0.3,4.0,11.846,11.849755073998953,0.031699088290992
G06_R0262,G06,test,100,6,0.0001,0.7,0.1,0.3,4.0,9.8083,9.805196805839648,-0.0316384507034981
G06_R0263,G06,train,100,6,0.0001,0.7,0.2,0.3,4.0,10.661,10.651701443948411,-0.0872202987673422
G06_R0264,G06,train,100,6,0.0001,0.7,0.3,0.3,4.0,11.856,11.849547529356096,-0.0544236727724675
G06_R0265,G06,train,100,6,1e-05,0.85,0.1,0.3,4.0,9.871,9.868192222073429,-0.0284447161034528
G06_R0266,G06,train,100,6,1e-05,0.85,0.2,0.3,4.0,10.715,10.719306044642856,0.0401870708619339
G06_R0267,G06,train,100,6,1e-05,0.85,0.3,0.3,4.0,11.895,11.8998709012897,0.0409491491357799
G06_R0268,G06,train,100,6,1e-05,0.8,0.1,0.3,4.0,9.8723,9.871184556299616,-0.0112987216796848
G06_R0269,G06,train,100,6,1e-05,0.8,0.2,0.3,4.0,10.717,10.720434211309524,0.0320445209435936
G06_R0270,G06,train,100,6,1e-05,0.8,0.3,0.3,4.0,11.898,11.900810221230172,0.0236192740811242
G06_R0271,G06,train,100,6,1e-05,0.75,0.1,0.3,4.0,9.8736,9.87270071760914,-0.0091079483760691
G06_R0272,G06,test,100,6,1e-05,0.75,0.2,0.3,4.0,10.719,10.719578523809524,0.0053971807960127
G06_R0273,G06,train,100,6,1e-05,0.75,0.3,0.3,4.0,11.902,11.902246152777805,0.0020681631473994
G06_R0274,G06,train,100,6,1e-05,0.7,0.1,0.3,4.0,9.875,9.872670828323432,-0.0235865486234699
G06_R0275,G06,train,100,6,1e-05,0.7,0.2,0.3,4.0,10.721,10.719926648809524,-0.0100116704642821
G06_R0276,G06,train,100,6,1e-05,0.7,0.3,0.3,4.0,11.905,11.902198087301617,-0.0235355959545086
G06_R0277,G06,train,100,6,1e-06,0.85,0.1,0.3,4.0,9.899,9.891892762184357,-0.0717975332421685
G06_R0278,G06,train,100,6,1e-06,0.85,0.2,0.3,4.0,10.743,10.735756334973992,-0.0674268363214034
G06_R0279,G06,train,100,6,1e-06,0.85,0.3,0.3,4.0,11.927,11.92213869092709,-0.0407588586644545
G06_R0280,G06,train,100,6,1e-06,0.8,0.1,0.3,4.0,9.8992,9.894816749981976,-0.0442788307946576
G06_R0281,G06,train,100,6,1e-06,0.8,0.2,0.3,4.0,10.744,10.736645647473996,-0.0684507867275153
G06_R0282,G06,train,100,6,1e-06,0.8,0.3,0.3,4.0,11.928,11.923018345688993,-0.0417643721580291
G06_R0283,G06,train,100,6,1e-06,0.75,0.1,0.3,4.0,9.8994,9.895418277065325,-0.040221861271158
G06_R0284,G06,test,100,6,1e-06,0.75,0.2,0.3,4.0,10.744,10.73627300164066,-0.0719191954517869
G06_R0285,G06,train,100,6,1e-06,0.75,0.3,0.3,4.0,11.928,11.923692137355676,-0.0361155486613405
G06_R0286,G06,train,100,6,1e-06,0.7,0.1,0.3,4.0,9.8996,9.895579669029614,-0.0406110445915582
G06_R0287,G06,train,100,6,1e-06,0.7,0.2,0.3,4.0,10.745,10.736621126640657,-0.0779792774252454
G06_R0288,G06,train,100,6,1e-06,0.7,0.3,0.3,4.0,11.929,11.923830574855677,-0.0433349412718897
G06_R0289,G06,train,100,20,0.001,0.85,0.1,0.3,4.0,13.424,13.507206395472611,0.6198331009580859
G06_R0290,G06,train,100,20,0.001,0.85,0.2,0.3,4.0,14.69,14.745116802579338,0.3751994729703066
G06_R0291,G06,train,100,20,0.001,0.85,0.3,0.3,4.0,16.427,16.482089310560944,0.3353583159490149
G06_R0292,G06,train,100,20,0.001,0.8,0.1,0.3,4.0,13.44,13.51370255172261,0.5483820812694178
G06_R0293,G06,train,100,20,0.001,0.8,0.2,0.3,4.0,14.713,14.74695042757934,0.2307512239471327
G06_R0294,G06,test,100,20,0.001,0.8,0.3,0.3,4.0,16.456,16.497184635461764,0.2502712412601144
G06_R0295,G06,train,100,20,0.001,0.75,0.1,0.3,4.0,13.455,13.516565178210715,0.4575635690131339
G06_R0296,G06,train,100,20,0.001,0.75,0.2,0.3,4.0,14.736,14.75607783531744,0.1362502396677449
G06_R0297,G06,train,100,20,0.001,0.75,0.3,0.3,4.0,16.486,16.502285218795098,0.0987821108522229
G06_R0298,G06,test,100,20,0.001,0.7,0.1,0.3,4.0,13.471,13.516565178210715,0.3382464420660467
G06_R0299,G06,train,100,20,0.001,0.7,0.2,0.3,4.0,14.76,14.75507416468252,-0.033372868004614
G06_R0300,G06,train,100,20,0.001,0.7,0.3,0.3,4.0,16.515,16.511122572465723,-0.0234782169801843
G06_R0301,G06,train,100,20,0.0001,0.85,0.1,0.3,4.0,13.763,13.750206494633815,-0.0929557899163188
G06_R0302,G06,train,100,20,0.0001,0.85,0.2,0.3,4.0,14.922,14.93334128373009,0.0760037778453954
G06_R0303,G06,train,100,20,0.0001,0.85,0.3,0.3,4.0,16.55,16.573135716269842,0.1397928475519128
G06_R0304,G06,train,100,20,0.0001,0.8,0.1,0.3,4.0,13.769,13.757445606240951,-0.0839159979595249
G06_R0305,G06,train,100,20,0.0001,0.8,0.2,0.3,4.0,14.931,14.935706580357078,0.0315222045213213
G06_R0306,G06,train,100,20,0.0001,0.8,0.3,0.3,4.0,16.563,16.574278132936495,0.0680923319235427
G06_R0307,G06,train,100,20,0.0001,0.75,0.1,0.3,4.0,13.775,13.761870345824317,-0.0953150938343763
G06_R0308,G06,train,100,20,0.0001,0.75,0.2,0.3,4.0,14.94,14.94155223809519,0.0103898132208166
G06_R0309,G06,train,100,20,0.0001,0.75,0.3,0.3,4.0,16.576,16.57699842311506,0.0060233054721306
G06_R0310,G06,train,100,20,0.0001,0.7,0.1,0.3,4.0,13.782,13.76156628332432,-0.1482637982562847
G06_R0311,G06,train,100,20,0.0001,0.7,0.2,0.3,4.0,14.95,14.941333053571382,-0.0579728858101478
G06_R0312,G06,train,100,20,0.0001,0.7,0.3,0.3,4.0,16.591,16.576857652281728,-0.0852410808165474
G06_R0313,G06,train,100,20,1e-05,0.85,0.1,0.3,4.0,13.86,13.860119180555552,0.0008598885681997
G06_R0314,G06,train,100,20,1e-05,0.85,0.2,0.3,4.0,15.005,15.010913416305923,0.0394096388265542
G06_R0315,G06,train,100,20,1e-05,0.85,0.3,0.3,4.0,16.601,16.61353836408728,0.0755277639135021
G06_R0316,G06,train,100,20,1e-05,0.8,0.1,0.3,4.0,13.861,13.86302841716269,0.0146339886205138
G06_R0317,G06,test,100,20,1e-05,0.8,0.2,0.3,4.0,15.008,15.011840454004346,0.0255893790268343
G06_R0318,G06,train,100,20,1e-05,0.8,0.3,0.3,4.0,16.605,16.613635465277756,0.052005210947039
G06_R0319,G06,train,100,20,1e-05,0.75,0.1,0.3,4.0,13.863,13.863453253472176,0.0032695193838046
G06_R0320,G06,train,100,20,1e-05,0.75,0.2,0.3,4.0,15.011,15.014768314123396,0.0251036847871335
G06_R0321,G06,train,100,20,1e-05,0.75,0.3,0.3,4.0,16.61,16.61286253670633,0.0172338152097007
G06_R0322,G06,train,100,20,1e-05,0.7,0.1,0.3,4.0,13.865,13.863074241567412,-0.0138893503973155
G06_R0323,G06,train,100,20,1e-05,0.7,0.2,0.3,4.0,15.014,15.015214456980548,0.0080888302953813
G06_R0324,G06,test,100,20,1e-05,0.7,0.3,0.3,4.0,16.614,16.61286253670633,-0.0068464144316241
G06_R0325,G06,train,100,20,1e-06,0.85,0.1,0.3,4.0,13.897,13.888749237599257,-0.0593708167283983
G06_R0326,G06,train,100,20,1e-06,0.85,0.2,0.3,4.0,15.041,15.028883089375856,-0.0805592089897206
G06_R0327,G06,train,100,20,1e-06,0.85,0.3,0.3,4.0,16.638,16.626199762896768,-0.0709234108861279
G06_R0328,G06,train,100,20,1e-06,0.8,0.1,0.3,4.0,13.897,13.891422268849253,-0.0401362247301408
G06_R0329,G06,test,100,20,1e-06,0.8,0.2,0.3,4.0,15.042,15.029539564574277,-0.0828376241571913
G06_R0330,G06,train,100,20,1e-06,0.8,0.3,0.3,4.0,16.639,16.62644455158724,-0.07545795067467
G06_R0331,G06,train,100,20,1e-06,0.75,0.1,0.3,4.0,13.897,13.891709646825358,-0.0380683109638194
G06_R0332,G06,train,100,20,1e-06,0.75,0.2,0.3,4.0,15.042,15.032582528859992,-0.0626078389842301
G06_R0333,G06,test,100,20,1e-06,0.75,0.3,0.3,4.0,16.64,16.626325748015812,-0.0821769950972845
G06_R0334,G06,train,100,20,1e-06,0.7,0.1,0.3,4.0,13.898,13.891337822420594,-0.0479362324032651
G06_R0335,G06,train,100,20,1e-06,0.7,0.2,0.3,4.0,15.043,15.033047838383808,-0.0661580909139854
G06_R0336,G06,test,100,20,1e-06,0.7,0.3,0.3,4.0,16.641,16.626325748015812,-0.0881813111242462
G06_R0337,G06,train,100,50,0.001,0.85,0.1,0.3,4.0,17.881,17.958791509920637,0.4350512271161387
G06_R0338,G06,train,100,50,0.001,0.85,0.2,0.3,4.0,19.632,19.72191983779764,0.4580268836472981
G06_R0339,G06,train,100,50,0.001,0.85,0.3,0.3,4.0,22.078,22.128851963789693,0.2303286701227155
G06_R0340,G06,train,100,50,0.001,0.8,0.1,0.3,4.0,17.901,17.96059815575397,0.3329319912517227
G06_R0341,G06,train,100,50,0.001,0.8,0.2,0.3,4.0,19.663,19.721503796130968,0.2975324016221703
G06_R0342,G06,train,100,50,0.001,0.8,0.3,0.3,4.0,22.119,22.1381008154762,0.0863547876314331
G06_R0343,G06,train,100,50,0.001,0.75,0.1,0.3,4.0,17.923,17.96717142063492,0.2464510441048991
G06_R0344,G06,train,100,50,0.001,0.75,0.2,0.3,4.0,19.696,19.72989389136905,0.1720851511426204
G06_R0345,G06,train,100,50,0.001,0.75,0.3,0.3,4.0,22.16,22.160038781475485,0.0001750066583266
G06_R0346,G06,train,100,50,0.001,0.7,0.1,0.3,4.0,17.945,17.964772358134923,0.1101831046805365
G06_R0347,G06,test,100,50,0.001,0.7,0.2,0.3,4.0,19.729,19.73074839136905,0.0088620374527442
G06_R0348,G06,train,100,50,0.001,0.7,0.3,0.3,4.0,22.202,22.170639952110413,-0.1412487518673478
G06_R0349,G06,train,100,50,0.0001,0.85,0.1,0.3,4.0,18.321,18.32702109672621,0.0328644545942057
G06_R0350,G06,test,100,50,0.0001,0.85,0.2,0.3,4.0,19.886,19.90748017311506,0.1080165599671237
G06_R0351,G06,train,100,50,0.0001,0.85,0.3,0.3,4.0,22.136,22.147999079996417,0.0542061799621332
G06_R0352,G06,train,100,50,0.0001,0.8,0.1,0.3,4.0,18.329,18.329424200892863,0.0023143700849236
G06_R0353,G06,train,100,50,0.0001,0.8,0.2,0.3,4.0,19.898,19.90488640228172,0.0346085148342485
G06_R0354,G06,train,100,50,0.0001,0.8,0.3,0.3,4.0,22.154,22.15734567573052,0.0151019036314802
G06_R0355,G06,train,100,50,0.0001,0.75,0.1,0.3,4.0,18.338,18.332377283234145,-0.0306615594168188
G06_R0356,G06,train,100,50,0.0001,0.75,0.2,0.3,4.0,19.911,19.91392264335313,0.0146785362519744
G06_R0357,G06,train,100,50,0.0001,0.75,0.3,0.3,4.0,22.173,22.172620297979783,-0.0017124521725295
G06_R0358,G06,train,100,50,0.0001,0.7,0.1,0.3,4.0,18.347,18.329492272817483,-0.0954255583066376
G06_R0359,G06,train,100,50,0.0001,0.7,0.2,0.3,4.0,19.924,19.914250414186466,-0.04893387780334
G06_R0360,G06,train,100,50,0.0001,0.7,0.3,0.3,4.0,22.192,22.18221023795996,-0.0441139241169931
G06_R0361,G06,train,100,50,1e-05,0.85,0.1,0.3,4.0,18.449,18.45387073859126,0.0264010981151165
G06_R0362,G06,train,100,50,1e-05,0.85,0.2,0.3,4.0,19.985,19.991672614583344,0.0333881140022228
G06_R0363,G06,train,100,50,1e-05,0.85,0.3,0.3,4.0,22.169,22.16666464632937,-0.0105343212171544
G06_R0364,G06,train,100,50,1e-05,0.8,0.1,0.3,4.0,18.451,18.455032613591257,0.0218557996382662
G06_R0365,G06,test,100,50,1e-05,0.8,0.2,0.3,4.0,19.989,19.989213010416663,0.001065638184328
G06_R0366,G06,train,100,50,1e-05,0.8,0.3,0.3,4.0,22.174,22.17495317509918,0.0042986159429082
G06_R0367,G06,train,100,50,1e-05,0.75,0.1,0.3,4.0,18.454,18.455226557539643,0.0066465673547304
G06_R0368,G06,train,100,50,1e-05,0.75,0.2,0.3,4.0,19.993,19.993550709821417,0.002754513186706
G06_R0369,G06,train,100,50,1e-05,0.75,0.3,0.3,4.0,22.18,22.182797449134146,0.0126124848248243
G06_R0370,G06,train,100,50,1e-05,0.7,0.1,0.3,4.0,18.457,18.453964192956317,-0.0164479982862196
G06_R0371,G06,test,100,50,1e-05,0.7,0.2,0.3,4.0,19.997,19.993630980654743,-0.0168476238698483
G06_R0372,G06,test,100,50,1e-05,0.7,0.3,0.3,4.0,22.187,22.189602984848467,0.0117320270810178
G06_R0373,G06,train,100,50,1e-06,0.85,0.1,0.3,4.0,18.499,18.491749714285703,-0.039192852123335
G06_R0374,G06,train,100,50,1e-06,0.85,0.2,0.3,4.0,20.033,20.00053033482143,-0.1620808924203601
G06_R0375,G06,train,100,50,1e-06,0.85,0.3,0.3,4.0,22.212,22.19753230203821,-0.0651346027453075
G06_R0376,G06,train,100,50,1e-06,0.8,0.1,0.3,4.0,18.5,18.492822339285706,-0.038798166023232
G06_R0377,G06,test,100,50,1e-06,0.8,0.2,0.3,4.0,20.034,19.998136772321423,-0.1790118183017646
G06_R0378,G06,train,100,50,1e-06,0.8,0.3,0.3,4.0,22.213,22.203942508883436,-0.0407756319118001
G06_R0379,G06,train,100,50,1e-06,0.75,0.1,0.3,4.0,18.5,18.49253589732142,-0.0403465009652924
G06_R0380,G06,test,100,50,1e-06,0.75,0.2,0.3,4.0,20.035,20.00247447172617,-0.1623435401738265
G06_R0381,G06,test,100,50,1e-06,0.75,0.3,0.3,4.0,22.214,22.205346787653266,-0.0389538684916558
G06_R0382,G06,train,100,50,1e-06,0.7,0.1,0.3,4.0,18.5,18.491808438988087,-0.0442787081725002
G06_R0383,G06,train,100,50,1e-06,0.7,0.2,0.3,4.0,20.035,20.002577867559506,-0.1618274641402272
G06_R0384,G06,train,100,50,1e-06,0.7,0.3,0.3,4.0,22.216,22.20866346870487,-0.0330236374465745
G06_R0385,G06,train,250,3,0.001,0.85,0.1,0.3,4.0,9.7418,9.82662881592263,0.8707714788091595
G06_R0386,G06,train,250,3,0.001,0.85,0.2,0.3,4.0,10.665,10.71415764353356,0.4609249276470689
G06_R0387,G06,test,250,3,0.001,0.85,0.3,0.3,4.0,12.244,12.369736977588378,1.026927291639808
G06_R0388,G06,test,250,3,0.001,0.8,0.1,0.3,4.0,9.7538,9.833743041517874,0.81960919352328
G06_R0389,G06,train,250,3,0.001,0.8,0.2,0.3,4.0,10.681,10.714320893533555,0.3119641750169277
G06_R0390,G06,test,250,3,0.001,0.8,0.3,0.3,4.0,12.264,12.368912887896816,0.8554540761319143
G06_R0391,G06,train,250,3,0.001,0.75,0.1,0.3,4.0,9.7665,9.83031976964288,0.6534558914951921
G06_R0392,G06,train,250,3,0.001,0.75,0.2,0.3,4.0,10.698,10.719927786390704,0.2049708954075852
G06_R0393,G06,train,250,3,0.001,0.75,0.3,0.3,4.0,12.282,12.354298093253975,0.5886508162675212
G06_R0394,G06,train,250,3,0.001,0.7,0.1,0.3,4.0,9.78,9.825537555357164,0.4656191754311267
G06_R0395,G06,train,250,3,0.001,0.7,0.2,0.3,4.0,10.714,10.720041161390704,0.0563856765979392
G06_R0396,G06,train,250,3,0.001,0.7,0.3,0.3,4.0,12.298,12.36092109623018,0.5116368208666345
G06_R0397,G06,train,250,3,0.0001,0.85,0.1,0.3,4.0,10.015,10.00882067356147,-0.061700713315335
G06_R0398,G06,train,250,3,0.0001,0.85,0.2,0.3,4.0,10.976,10.995015421311336,0.1732454565536973
G06_R0399,G06,train,250,3,0.0001,0.85,0.3,0.3,4.0,12.372,12.3879894765963,0.1292392224078673
G06_R0400,G06,train,250,3,0.0001,0.8,0.1,0.3,4.0,10.019,10.01595877415671,-0.0303545847219319
G06_R0401,G06,test,250,3,0.0001,0.8,0.2,0.3,4.0,10.984,10.999368769525624,0.1399196060235265
G06_R0402,G06,train,250,3,0.0001,0.8,0.3,0.3,4.0,12.383,12.390946882440453,0.0641757444920746
G06_R0403,G06,train,250,3,0.0001,0.75,0.1,0.3,4.0,10.024,10.014367243353153,-0.0960969338272782
G06_R0404,G06,train,250,3,0.0001,0.75,0.2,0.3,4.0,10.992,10.999706894525623,0.0701136692651221
G06_R0405,G06,train,250,3,0.0001,0.75,0.3,0.3,4.0,12.394,12.385173305059505,-0.0712174837864722
G06_R0406,G06,train,250,3,0.0001,0.7,0.1,0.3,4.0,10.029,10.010422058829349,-0.1852422092995439
G06_R0407,G06,test,250,3,0.0001,0.7,0.2,0.3,4.0,11.0,10.99997364452562,-0.0002395952216263
G06_R0408,G06,test,250,3,0.0001,0.7,0.3,0.3,4.0,12.406,12.393163918154762,-0.1034667245303741
G06_R0409,G06,train,250,3,1e-05,0.85,0.1,0.3,4.0,10.095,10.090391391468202,-0.0456523876354477
G06_R0410,G06,train,250,3,1e-05,0.85,0.2,0.3,4.0,11.043,11.037138091765874,-0.0530825702628414
G06_R0411,G06,train,250,3,1e-05,0.85,0.3,0.3,4.0,12.473,12.448801935425712,-0.1940035642931725
G06_R0412,G06,train,250,3,1e-05,0.8,0.1,0.3,4.0,10.097,10.0935571977182,-0.0340972792096469
G06_R0413,G06,test,250,3,1e-05,0.8,0.2,0.3,4.0,11.047,11.041632782242068,-0.0485852969850097
G06_R0414,G06,train,250,3,1e-05,0.8,0.3,0.3,4.0,12.477,12.461170211805586,-0.1268717495745348
G06_R0415,G06,train,250,3,1e-05,0.75,0.1,0.3,4.0,10.098,10.095758166170604,-0.0222007707407222
G06_R0416,G06,train,250,3,1e-05,0.75,0.2,0.3,4.0,11.05,11.042037681051582,-0.0720571850535639
G06_R0417,G06,train,250,3,1e-05,0.75,0.3,0.3,4.0,12.482,12.462121525793682,-0.1592571239089662
G06_R0418,G06,train,250,3,1e-05,0.7,0.1,0.3,4.0,10.1,10.098220685019848,-0.0176169800015153
G06_R0419,G06,train,250,3,1e-05,0.7,0.2,0.3,4.0,11.054,11.042378118551586,-0.1051373389579752
G06_R0420,G06,train,250,3,1e-05,0.7,0.3,0.3,4.0,12.488,12.458722898809576,-0.234441873722162
G06_R0421,G06,test,250,3,1e-06,0.85,0.1,0.3,4.0,10.124,10.090391391468202,-0.3319696615151952
G06_R0422,G06,train,250,3,1e-06,0.85,0.2,0.3,4.0,11.055,11.04811258531746,-0.0623013539804588
G06_R0423,G06,test,250,3,1e-06,0.85,0.3,0.3,4.0,12.484,12.44538492965371,-0.3093164878748048
G06_R0424,G06,test,250,3,1e-06,0.8,0.1,0.3,4.0,10.124,10.0935571977182,-0.300699350867237
G06_R0425,G06,train,250,3,1e-06,0.8,0.2,0.3,4.0,11.056,11.052613975198412,-0.0306261288131995
G06_R0426,G06,train,250,3,1e-06,0.8,0.3,0.3,4.0,12.485,12.45843439204548,-0.2127801998759988
G06_R0427,G06,test,250,3,1e-06,0.75,0.1,0.3,4.0,10.125,10.095758166170604,-0.2888082353520729
G06_R0428,G06,train,250,3,1e-06,0.75,0.2,0.3,4.0,11.057,11.053096162698385,-0.0353064782636864
G06_R0429,G06,train,250,3,1e-06,0.75,0.3,0.3,4.0,12.487,12.465168076569286,-0.1748372181525893
G06_R0430,G06,train,250,3,1e-06,0.7,0.1,0.3,4.0,10.125,10.098220685019848,-0.2644870615323793
G06_R0431,G06,train,250,3,1e-06,0.7,0.2,0.3,4.0,11.058,11.053423016865054,-0.0413906957401522
G06_R0432,G06,train,250,3,1e-06,0.7,0.3,0.3,4.0,12.489,12.461938381628825,-0.2166836285625593
G06_R0433,G06,train,250,6,0.001,0.85,0.1,0.3,4.0,11.93,12.03946681498014,0.9175759847455128
G06_R0434,G06,train,250,6,0.001,0.85,0.2,0.3,4.0,13.012,13.109377593253985,0.7483676087763806
G06_R0435,G06,train,250,6,0.001,0.85,0.3,0.3,4.0,14.819,14.920563387896804,0.6853592543140777
G06_R0436,G06,test,250,6,0.001,0.8,0.1,0.3,4.0,11.945,12.0408819518849,0.8026952857672676
G06_R0437,G06,train,250,6,0.001,0.8,0.2,0.3,4.0,13.032,13.102068259920651,0.5376631362849236
G06_R0438,G06,train,250,6,0.001,0.8,0.3,0.3,4.0,14.843,14.92039116716267,0.521398417858047
G06_R0439,G06,train,250,6,0.001,0.75,0.1,0.3,4.0,11.961,12.038592963789664,0.6487163597497214
G06_R0440,G06,train,250,6,0.001,0.75,0.2,0.3,4.0,13.054,13.122194965548331,0.5224066611638667
G06_R0441,G06,train,250,6,0.001,0.75,0.3,0.3,4.0,14.865,14.952954818452351,0.5916906724006128
G06_R0442,G06,train,250,6,0.001,0.7,0.1,0.3,4.0,11.977,12.030891895337284,0.4499615541227649
G06_R0443,G06,train,250,6,0.001,0.7,0.2,0.3,4.0,13.076,13.12971987626262,0.4108280534002675
G06_R0444,G06,train,250,6,0.001,0.7,0.3,0.3,4.0,14.885,14.965979397817431,0.5440335762004137
G06_R0445,G06,test,250,6,0.0001,0.85,0.1,0.3,4.0,12.281,12.334647432539686,0.4368327704558719
G06_R0446,G06,train,250,6,0.0001,0.85,0.2,0.3,4.0,13.482,13.494910737328624,0.0957627750231759
G06_R0447,G06,train,250,6,0.0001,0.85,0.3,0.3,4.0,15.187,15.15497384320886,-0.2108787567731507
G06_R0448,G06,test,250,6,0.0001,0.8,0.1,0.3,4.0,12.287,12.335911215277784,0.3980728841684849
G06_R0449,G06,train,250,6,0.0001,0.8,0.2,0.3,4.0,13.492,13.497294012130215,0.0392381569093987
G06_R0450,G06,train,250,6,0.0001,0.8,0.3,0.3,4.0,15.2,15.165532472177128,-0.2267600514662682
G06_R0451,G06,test,250,6,0.0001,0.75,0.1,0.3,4.0,12.293,12.330695006944456,0.306637980512949
G06_R0452,G06,train,250,6,0.0001,0.75,0.2,0.3,4.0,13.502,13.496059858134906,-0.0439945331439388
G06_R0453,G06,train,250,6,0.0001,0.75,0.3,0.3,4.0,15.215,15.189189794101734,-0.1696365816514324
G06_R0454,G06,train,250,6,0.0001,0.7,0.1,0.3,4.0,12.299,12.31281442212304,0.1123215068138915
G06_R0455,G06,test,250,6,0.0001,0.7,0.2,0.3,4.0,13.513,13.495037358134908,-0.132928601088532
G06_R0456,G06,train,250,6,0.0001,0.7,0.3,0.3,4.0,15.229,15.19100969539141,-0.2494602705928797
G06_R0457,G06,train,250,6,1e-05,0.85,0.1,0.3,4.0,12.382,12.375005900297626,-0.0564860257016087
G06_R0458,G06,train,250,6,1e-05,0.85,0.2,0.3,4.0,13.564,13.560188543425316,-0.0280997978080414
G06_R0459,G06,train,250,6,1e-05,0.85,0.3,0.3,4.0,15.305,15.2180926081349,-0.5678366015360906
G06_R0460,G06,test,250,6,1e-05,0.8,0.1,0.3,4.0,12.384,12.376230349702393,-0.0627394242378006
G06_R0461,G06,train,250,6,1e-05,0.8,0.2,0.3,4.0,13.568,13.562164947195168,-0.04300599060165
G06_R0462,G06,test,250,6,1e-05,0.8,0.3,0.3,4.0,15.311,15.235300896825386,-0.4944099221122978
G06_R0463,G06,train,250,6,1e-05,0.75,0.1,0.3,4.0,12.386,12.3707914434524,-0.1227882815081571
G06_R0464,G06,train,250,6,1e-05,0.75,0.2,0.3,4.0,13.572,13.56340671581891,-0.0633162701229644
G06_R0465,G06,train,250,6,1e-05,0.75,0.3,0.3,4.0,15.317,15.280500889384903,-0.2382915101853817
G06_R0466,G06,train,250,6,1e-05,0.7,0.1,0.3,4.0,12.388,12.35291085863098,-0.2832510604538171
G06_R0467,G06,train,250,6,1e-05,0.7,0.2,0.3,4.0,13.576,13.562024632485578,-0.1029417171068263
G06_R0468,G06,train,250,6,1e-05,0.7,0.3,0.3,4.0,15.324,15.281091050099214,-0.2800114193473388
G06_R0469,G06,train,250,6,1e-06,0.85,0.1,0.3,4.0,12.419,12.399909389384876,-0.1537209969814394
G06_R0470,G06,train,250,6,1e-06,0.85,0.2,0.3,4.0,13.56,13.557449071653975,-0.0188121559441387
G06_R0471,G06,test,250,6,1e-06,0.85,0.3,0.3,4.0,15.318,15.190693219742077,-0.8310927030808517
G06_R0472,G06,train,250,6,1e-06,0.8,0.1,0.3,4.0,12.419,12.40110654712297,-0.1440812696435375
G06_R0473,G06,train,250,6,1e-06,0.8,0.2,0.3,4.0,13.561,13.55914143574128,-0.0137052153876565
G06_R0474,G06,test,250,6,1e-06,0.8,0.3,0.3,4.0,15.32,15.206910779265888,-0.7381802919981222
G06_R0475,G06,train,250,6,1e-06,0.75,0.1,0.3,4.0,12.419,12.39566305753964,-0.1879132173311789
G06_R0476,G06,train,250,6,1e-06,0.75,0.2,0.3,4.0,13.562,13.559872086309472,-0.0156902646403734
G06_R0477,G06,train,250,6,1e-06,0.75,0.3,0.3,4.0,15.322,15.264445271825402,-0.3756345658177628
G06_R0478,G06,test,250,6,1e-06,0.7,0.1,0.3,4.0,12.42,12.377054410218228,-0.3457776955054203
G06_R0479,G06,test,250,6,1e-06,0.7,0.2,0.3,4.0,13.563,13.558516357142803,-0.0330578991166813
G06_R0480,G06,train,250,6,1e-06,0.7,0.3,0.3,4.0,15.325,15.266242099206382,-0.3834120769567206
G06_R0481,G06,test,250,20,0.001,0.85,0.1,0.3,4.0,17.792,18.18611458743685,2.215122456367204
G06_R0482,G06,test,250,20,0.001,0.85,0.2,0.3,4.0,19.462,20.67235747580889,6.219080648488804
G06_R0483,G06,train,250,20,0.001,0.85,0.3,0.3,4.0,21.68,22.650127988095257,4.4747600926903
G06_R0484,G06,test,250,20,0.001,0.8,0.1,0.3,4.0,17.818,18.18600302493685,2.065344174075938
G06_R0485,G06,test,250,20,0.001,0.8,0.2,0.3,4.0,19.498,20.675471871642227,6.038936668592807
G06_R0486,G06,test,250,20,0.001,0.8,0.3,0.3,4.0,21.723,22.770375733631,4.8215059321042055
G06_R0487,G06,train,250,20,0.001,0.75,0.1,0.3,4.0,17.846,18.183419989222568,1.8907317562622856
G06_R0488,G06,test,250,20,0.001,0.75,0.2,0.3,4.0,19.536,20.667675465392215,5.792769581245991
G06_R0489,G06,test,250,20,0.001,0.75,0.3,0.3,4.0,21.765,22.752537025297656,4.537270963922146
G06_R0490,G06,test,250,20,0.001,0.7,0.1,0.3,4.0,17.877,18.183419989222568,1.7140459205826972
G06_R0491,G06,train,250,20,0.001,0.7,0.2,0.3,4.0,19.578,20.509903706463625,4.759953552271047
G06_R0492,G06,train,250,20,0.001,0.7,0.3,0.3,4.0,21.805,22.667822976686544,3.956995994893577
G06_R0493,G06,test,250,20,0.0001,0.85,0.1,0.3,4.0,18.494,18.556608355880226,0.338533339895221
G06_R0494,G06,test,250,20,0.0001,0.85,0.2,0.3,4.0,20.817,20.705599591880315,-0.5351415099182655
G06_R0495,G06,train,250,20,0.0001,0.85,0.3,0.3,4.0,23.651,23.46536497506311,-0.7848929218083356
G06_R0496,G06,train,250,20,0.0001,0.8,0.1,0.3,4.0,18.504,18.554597105880223,0.2734387477314186
G06_R0497,G06,train,250,20,0.0001,0.8,0.2,0.3,4.0,20.836,20.712432529380315,-0.5930479488370283
G06_R0498,G06,test,250,20,0.0001,0.8,0.3,0.3,4.0,23.676,23.583213303932165,-0.3919019093927731
G06_R0499,G06,train,250,20,0.0001,0.75,0.1,0.3,4.0,18.515,18.557248242784965,0.2281838659733427
G06_R0500,G06,train,250,20,0.0001,0.75,0.2,0.3,4.0,20.856,20.70866981063031,-0.7064163280096369
G06_R0501,G06,train,250,20,0.0001,0.75,0.3,0.3,4.0,23.707,23.556036345598844,-0.6367893634840187
G06_R0502,G06,test,250,20,0.0001,0.7,0.1,0.3,4.0,18.526,18.56225168028497,0.1956800188112175
G06_R0503,G06,train,250,20,0.0001,0.7,0.2,0.3,4.0,20.878,20.55364411717791,-1.5535773676697473
G06_R0504,G06,train,250,20,0.0001,0.7,0.3,0.3,4.0,23.738,23.47078193686868,-1.1256974603223535
G06_R0505,G06,train,250,20,1e-05,0.85,0.1,0.3,4.0,18.711,18.690957443948427,-0.1071164344587201
G06_R0506,G06,test,250,20,1e-05,0.85,0.2,0.3,4.0,21.043,20.997309570054952,-0.2171288787009795
G06_R0507,G06,train,250,20,1e-05,0.85,0.3,0.3,4.0,24.085,23.95586610168648,-0.5361590131348103
G06_R0508,G06,test,250,20,1e-05,0.8,0.1,0.3,4.0,18.715,18.68788419791668,-0.1448880688395356
G06_R0509,G06,train,250,20,1e-05,0.8,0.2,0.3,4.0,21.051,21.006643965888287,-0.2107074918612479
G06_R0510,G06,train,250,20,1e-05,0.8,0.3,0.3,4.0,24.095,24.04915422222221,-0.1902709183556288
G06_R0511,G06,train,250,20,1e-05,0.75,0.1,0.3,4.0,18.718,18.691484665178574,-0.1416568801229938
G06_R0512,G06,train,250,20,1e-05,0.75,0.2,0.3,4.0,21.059,21.003104622138284,-0.2654227544599297
G06_R0513,G06,train,250,20,1e-05,0.75,0.3,0.3,4.0,24.106,24.02044446626983,-0.3549138543523286
G06_R0514,G06,train,250,20,1e-05,0.7,0.1,0.3,4.0,18.722,18.69548406101191,-0.1416298418336218
G06_R0515,G06,train,250,20,1e-05,0.7,0.2,0.3,4.0,21.068,20.893288499122377,-0.8292742589596739
G06_R0516,G06,test,250,20,1e-05,0.7,0.3,0.3,4.0,24.118,23.95205086111109,-0.6880717260507038
G06_R0517,G06,train,250,20,1e-06,0.85,0.1,0.3,4.0,18.786,18.768359403273863,-0.0939028889925224
G06_R0518,G06,test,250,20,1e-06,0.85,0.2,0.3,4.0,20.934,20.948002404380357,0.0668883365833229
G06_R0519,G06,test,250,20,1e-06,0.85,0.3,0.3,4.0,24.19,23.991669257936515,-0.8198873173356203
G06_R0520,G06,train,250,20,1e-06,0.8,0.1,0.3,4.0,18.787,18.76785967113101,-0.101880709368122
G06_R0521,G06,train,250,20,1e-06,0.8,0.2,0.3,4.0,20.936,20.95598372779305,0.0954515083733957
G06_R0522,G06,train,250,20,1e-06,0.8,0.3,0.3,4.0,24.193,24.087419670138903,-0.4364085886872162
G06_R0523,G06,train,250,20,1e-06,0.75,0.1,0.3,4.0,18.787,18.768866535714352,-0.0965213407443817
G06_R0524,G06,train,250,20,1e-06,0.75,0.2,0.3,4.0,20.938,20.952465061126382,0.0690852093150588
G06_R0525,G06,test,250,20,1e-06,0.75,0.3,0.3,4.0,24.197,24.060112205853198,-0.565722172776811
G06_R0526,G06,train,250,20,1e-06,0.7,0.1,0.3,4.0,18.788,18.770226514881017,-0.0946001975675071
G06_R0527,G06,train,250,20,1e-06,0.7,0.2,0.3,4.0,20.941,20.846562917277154,-0.4509673975590692
G06_R0528,G06,train,250,20,1e-06,0.7,0.3,0.3,4.0,24.201,23.992289225694456,-0.8624055795444158
G06_R0529,G06,train,250,50,0.001,0.85,0.1,0.3,4.0,26.38,27.24983836760468,3.2973402865984927
G06_R0530,G06,train,250,50,0.001,0.85,0.2,0.3,4.0,28.29,28.676371957341217,1.3657545328427654
G06_R0531,G06,train,250,50,0.001,0.85,0.3,0.3,4.0,29.962,30.846718223214303,2.952800958595232
G06_R0532,G06,test,250,50,0.001,0.8,0.1,0.3,4.0,26.429,27.40068983734672,3.676604628804418
G06_R0533,G06,train,250,50,0.001,0.8,0.2,0.3,4.0,28.35,28.71920285317455,1.302302833067193
G06_R0534,G06,train,250,50,0.001,0.8,0.3,0.3,4.0,30.037,30.87978572321429,2.8058252262685848
G06_R0535,G06,train,250,50,0.001,0.75,0.1,0.3,4.0,26.488,27.356659820977647,3.27944662102706
G06_R0536,G06,train,250,50,0.001,0.75,0.2,0.3,4.0,28.428,28.750616445436467,1.1348545287620178
G06_R0537,G06,train,250,50,0.001,0.75,0.3,0.3,4.0,30.115,30.871719102678576,2.512764744076298
G06_R0538,G06,test,250,50,0.001,0.7,0.1,0.3,4.0,26.546,27.358665320977643,3.0613475513359587
G06_R0539,G06,train,250,50,0.001,0.7,0.2,0.3,4.0,28.523,28.735733957341232,0.7458330376932024
G06_R0540,G06,train,250,50,0.001,0.7,0.3,0.3,4.0,30.202,30.858549977678575,2.173862584195008
G06_R0541,G06,train,250,50,0.0001,0.85,0.1,0.3,4.0,28.244,27.978115178616605,-0.9413851486453578
G06_R0542,G06,train,250,50,0.0001,0.85,0.2,0.3,4.0,31.423,31.37468959027776,-0.1537421943233851
G06_R0543,G06,train,250,50,0.0001,0.85,0.3,0.3,4.0,37.063,37.05471364267681,-0.0223574921706102
G06_R0544,G06,train,250,50,0.0001,0.8,0.1,0.3,4.0,28.262,28.12874446085864,-0.4715007400090679
G06_R0545,G06,train,250,50,0.0001,0.8,0.2,0.3,4.0,31.448,31.417887989087284,-0.0957517518211551
G06_R0546,G06,train,250,50,0.0001,0.8,0.3,0.3,4.0,37.16,37.10773949535536,-0.1406364495280835
G06_R0547,G06,train,250,50,0.0001,0.75,0.1,0.3,4.0,28.282,28.08800775698955,-0.6859212326230423
G06_R0548,G06,train,250,50,0.0001,0.75,0.2,0.3,4.0,31.476,31.435370837301576,-0.1290798154099083
G06_R0549,G06,train,250,50,0.0001,0.75,0.3,0.3,4.0,36.879,37.100823410533934,0.6014897652700353
G06_R0550,G06,train,250,50,0.0001,0.7,0.1,0.3,4.0,28.305,28.089794194489546,-0.7603102120136159
G06_R0551,G06,train,250,50,0.0001,0.7,0.2,0.3,4.0,31.505,31.42090010515873,-0.2669414214926939
G06_R0552,G06,test,250,50,0.0001,0.7,0.3,0.3,4.0,36.925,37.08765428553394,0.440499080660635
G06_R0553,G06,test,250,50,1e-05,0.85,0.1,0.3,4.0,28.515,28.414729753427093,-0.3516403527017638
G06_R0554,G06,train,250,50,1e-05,0.85,0.2,0.3,4.0,32.005,31.9897962058531,-0.0475044341412358
G06_R0555,G06,train,250,50,1e-05,0.85,0.3,0.3,4.0,38.811,38.59372435993871,-0.5598300483401495
G06_R0556,G06,train,250,50,1e-05,0.8,0.1,0.3,4.0,28.521,28.53196546324851,0.038446980289998
G06_R0557,G06,train,250,50,1e-05,0.8,0.2,0.3,4.0,32.015,32.01732761061501,0.0072703751835454
G06_R0558,G06,test,250,50,1e-05,0.8,0.3,0.3,4.0,38.821,38.63542218880772,-0.4780345977493485
G06_R0559,G06,train,250,50,1e-05,0.75,0.1,0.3,4.0,28.528,28.51692219836756,-0.0388313293341364
G06_R0560,G06,train,250,50,1e-05,0.75,0.2,0.3,4.0,32.027,32.02330211210312,-0.0115461576072809
G06_R0561,G06,train,250,50,1e-05,0.75,0.3,0.3,4.0,38.836,38.66449403553393,-0.441615934869892
G06_R0562,G06,train,250,50,1e-05,0.7,0.1,0.3,4.0,28.535,28.520091573367548,-0.0522461070000076
G06_R0563,G06,train,250,50,1e-05,0.7,0.2,0.3,4.0,32.039,32.025851430555505,-0.041039262912376
G06_R0564,G06,train,250,50,1e-05,0.7,0.3,0.3,4.0,38.854,38.65132491053393,-0.5216324946365094
G06_R0565,G06,train,250,50,1e-06,0.85,0.1,0.3,4.0,28.657,28.482934828372933,-0.6074089110062705
G06_R0566,G06,train,250,50,1e-06,0.85,0.2,0.3,4.0,32.798,32.672495274572654,-0.3826596909181895
G06_R0567,G06,train,250,50,1e-06,0.85,0.3,0.3,4.0,39.116,38.87895790228173,-0.6059977955779378
G06_R0568,G06,train,250,50,1e-06,0.8,0.1,0.3,4.0,28.659,28.603934163194356,-0.192141515076053
G06_R0569,G06,train,250,50,1e-06,0.8,0.2,0.3,4.0,32.801,32.70709841147743,-0.2862766029162831
G06_R0570,G06,train,250,50,1e-06,0.8,0.3,0.3,4.0,39.121,38.91698948115075,-0.5214859508940257
G06_R0571,G06,test,250,50,1e-06,0.75,0.1,0.3,4.0,28.66,28.58740910664673,-0.2532829495927028
G06_R0572,G06,train,250,50,1e-06,0.75,0.2,0.3,4.0,32.804,32.71142045314411,-0.2822202989144449
G06_R0573,G06,train,250,50,1e-06,0.75,0.3,0.3,4.0,39.127,38.92817207787696,-0.5081604061723215
G06_R0574,G06,train,250,50,1e-06,0.7,0.1,0.3,4.0,28.661,28.590606814980056,-0.2456061722198991
G06_R0575,G06,train,250,50,1e-06,0.7,0.2,0.3,4.0,32.809,32.713074994810775,-0.2923740595239801
G06_R0576,G06,test,250,50,1e-06,0.7,0.3,0.3,4.0,39.133,38.91463420287696,-0.5580093453684839
G06_R0577,G06,train,500,3,0.001,0.85,0.1,0.3,4.0,12.188,12.2284863487103,0.3321820537438408
G06_R0578,G06,train,500,3,0.001,0.85,0.2,0.3,4.0,13.353,13.479358978708824,0.9462965529006644
G06_R0579,G06,train,500,3,0.001,0.85,0.3,0.3,4.0,14.991,15.110245402913035,0.7954466207260185
G06_R0580,G06,train,500,3,0.001,0.8,0.1,0.3,4.0,12.204,12.228770805555534,0.2029728413268892
G06_R0581,G06,test,500,3,0.001,0.8,0.2,0.3,4.0,13.376,13.491216546169136,0.8613677195659151
G06_R0582,G06,train,500,3,0.001,0.8,0.3,0.3,4.0,15.023,15.11309888952018,0.5997396626517975
G06_R0583,G06,train,500,3,0.001,0.75,0.1,0.3,4.0,12.222,12.231980762400768,0.0816622680475132
G06_R0584,G06,train,500,3,0.001,0.75,0.2,0.3,4.0,13.399,13.484645040216744,0.6391897919004779
G06_R0585,G06,train,500,3,0.001,0.75,0.3,0.3,4.0,15.057,15.11740598313492,0.401182062395699
G06_R0586,G06,train,500,3,0.001,0.7,0.1,0.3,4.0,12.241,12.231754955853148,-0.0755252360661012
G06_R0587,G06,train,500,3,0.001,0.7,0.2,0.3,4.0,13.423,13.485539782776277,0.4659150918295093
G06_R0588,G06,train,500,3,0.001,0.7,0.3,0.3,4.0,15.09,15.116499570932532,0.1756101453448153
G06_R0589,G06,train,500,3,0.0001,0.85,0.1,0.3,4.0,12.463,12.476648051587317,0.1095085580302947
G06_R0590,G06,train,500,3,0.0001,0.85,0.2,0.3,4.0,13.74,13.720015139423088,-0.1454502225393883
G06_R0591,G06,train,500,3,0.0001,0.85,0.3,0.3,4.0,15.601,15.578744762671368,-0.1426526333480716
G06_R0592,G06,train,500,3,0.0001,0.8,0.1,0.3,4.0,12.469,12.478137414682552,0.0732810544755315
G06_R0593,G06,train,500,3,0.0001,0.8,0.2,0.3,4.0,13.75,13.73534459478022,-0.1065847652347687
G06_R0594,G06,train,500,3,0.0001,0.8,0.3,0.3,4.0,15.615,15.585684493731955,-0.1877393933272161
G06_R0595,G06,train,500,3,0.0001,0.75,0.1,0.3,4.0,12.476,12.480885794146795,0.0391615433375629
G06_R0596,G06,train,500,3,0.0001,0.75,0.2,0.3,4.0,13.76,13.73532778724053,-0.1793038717984695
G06_R0597,G06,train,500,3,0.0001,0.75,0.3,0.3,4.0,15.628,15.579883161390685,-0.3078886524783553
G06_R0598,G06,train,500,3,0.0001,0.7,0.1,0.3,4.0,12.484,12.480747862599175,-0.0260504437746295
G06_R0599,G06,train,500,3,0.0001,0.7,0.2,0.3,4.0,13.772,13.73579843158579,-0.2628635522379471
G06_R0600,G06,train,500,3,0.0001,0.7,0.3,0.3,4.0,15.642,15.573725879148606,-0.436479483770576
G06_R0601,G06,train,500,3,1e-05,0.85,0.1,0.3,4.0,12.526,12.527077952380989,0.0086057191520593
G06_R0602,G06,train,500,3,1e-05,0.85,0.2,0.3,4.0,13.749,13.732222203373016,-0.1220292139572767
G06_R0603,G06,train,500,3,1e-05,0.85,0.3,0.3,4.0,15.649,15.5975076128698,-0.3290458631874212
G06_R0604,G06,train,500,3,1e-05,0.8,0.1,0.3,4.0,12.528,12.528247392857178,0.0019747194857741
G06_R0605,G06,train,500,3,1e-05,0.8,0.2,0.3,4.0,13.755,13.74583927182539,-0.0665992597209014
G06_R0606,G06,test,500,3,1e-05,0.8,0.3,0.3,4.0,15.655,15.595672894525611,-0.3789658605837511
G06_R0607,G06,train,500,3,1e-05,0.75,0.1,0.3,4.0,12.53,12.529720455357166,-0.0022310027360971
G06_R0608,G06,train,500,3,1e-05,0.75,0.2,0.3,4.0,13.76,13.748091455357136,-0.0865446558347557
G06_R0609,G06,test,500,3,1e-05,0.75,0.3,0.3,4.0,15.662,15.594920470914497,-0.4282947840984915
G06_R0610,G06,train,500,3,1e-05,0.7,0.1,0.3,4.0,12.533,12.530067976190496,-0.0233944291829824
G06_R0611,G06,train,500,3,1e-05,0.7,0.2,0.3,4.0,13.766,13.75017241815478,-0.1149758960135166
G06_R0612,G06,test,500,3,1e-05,0.7,0.3,0.3,4.0,15.668,15.593547320616851,-0.4751894267497201
G06_R0613,G06,test,500,3,1e-06,0.85,0.1,0.3,4.0,12.551,12.541617806547604,-0.0747525571858487
G06_R0614,G06,train,500,3,1e-06,0.85,0.2,0.3,4.0,13.702,13.702817036210313,0.0059628974625061
G06_R0615,G06,train,500,3,1e-06,0.85,0.3,0.3,4.0,15.627,15.59846288640876,-0.1826141523724295
G06_R0616,G06,train,500,3,1e-06,0.8,0.1,0.3,4.0,12.551,12.54297035416665,-0.0639761439992827
G06_R0617,G06,train,500,3,1e-06,0.8,0.2,0.3,4.0,13.704,13.71354422867063,0.0696455682328451
G06_R0618,G06,train,500,3,1e-06,0.8,0.3,0.3,4.0,15.629,15.59655687639791,-0.207582849843811
G06_R0619,G06,train,500,3,1e-06,0.75,0.1,0.3,4.0,12.551,12.544091580357122,-0.0550427825900559
G06_R0620,G06,test,500,3,1e-06,0.75,0.2,0.3,4.0,13.707,13.71232714980158,0.0388644473741778
G06_R0621,G06,train,500,3,1e-06,0.75,0.3,0.3,4.0,15.632,15.59704191112012,-0.2236315818825426
G06_R0622,G06,train,500,3,1e-06,0.7,0.1,0.3,4.0,12.552,12.544549934523785,-0.0593536127805534
G06_R0623,G06,train,500,3,1e-06,0.7,0.2,0.3,4.0,13.709,13.71358693005953,0.0334592607741599
G06_R0624,G06,train,500,3,1e-06,0.7,0.3,0.3,4.0,15.635,15.595098989989149,-0.2552031340636471
G06_R0625,G06,train,500,6,0.001,0.85,0.1,0.3,4.0,15.29,15.344938519029608,0.3593101309980939
G06_R0626,G06,train,500,6,0.001,0.85,0.2,0.3,4.0,16.818,16.896026328869013,0.4639453494411434
G06_R0627,G06,test,500,6,0.001,0.85,0.3,0.3,4.0,19.001,19.48611249255948,2.553089271930302
G06_R0628,G06,train,500,6,0.001,0.8,0.1,0.3,4.0,15.313,15.347488218434366,0.2252218274300616
G06_R0629,G06,train,500,6,0.001,0.8,0.2,0.3,4.0,16.849,16.90250620734124,0.3175631036930369
G06_R0630,G06,test,500,6,0.001,0.8,0.3,0.3,4.0,19.053,19.479880427083284,2.240489303958868
G06_R0631,G06,train,500,6,0.001,0.75,0.1,0.3,4.0,15.337,15.34922997736293,0.0797416532759323
G06_R0632,G06,train,500,6,0.001,0.75,0.2,0.3,4.0,16.881,16.923279210317418,0.2504544180878943
G06_R0633,G06,train,500,6,0.001,0.75,0.3,0.3,4.0,19.106,19.46561518898805,1.882210766188865
G06_R0634,G06,test,500,6,0.001,0.7,0.1,0.3,4.0,15.363,15.350099602362937,-0.0839705632823325
G06_R0635,G06,train,500,6,0.001,0.7,0.2,0.3,4.0,16.914,16.929339025793613,0.0906883397990521
G06_R0636,G06,train,500,6,0.001,0.7,0.3,0.3,4.0,19.161,19.46796486259917,1.6020294483543116
G06_R0637,G06,test,500,6,0.0001,0.85,0.1,0.3,4.0,15.67,15.690492330853177,0.1307742875122961
G06_R0638,G06,test,500,6,0.0001,0.85,0.2,0.3,4.0,17.321,17.25691462779581,-0.3699865608463321
G06_R0639,G06,train,500,6,0.0001,0.85,0.3,0.3,4.0,19.821,19.74993076339284,-0.3585552525460971
G06_R0640,G06,test,500,6,0.0001,0.8,0.1,0.3,4.0,15.679,15.691992247519844,0.082864006121852
G06_R0641,G06,test,500,6,0.0001,0.8,0.2,0.3,4.0,17.335,17.274797450712473,-0.3472890065620292
G06_R0642,G06,test,500,6,0.0001,0.8,0.3,0.3,4.0,19.84,19.74697764186505,-0.4688626922124254
G06_R0643,G06,train,500,6,0.0001,0.75,0.1,0.3,4.0,15.689,15.688997132936503,-1.827435462321632e-05
G06_R0644,G06,train,500,6,0.0001,0.75,0.2,0.3,4.0,17.35,17.291933581664843,-0.3346767627386667
G06_R0645,G06,train,500,6,0.0001,0.75,0.3,0.3,4.0,19.86,19.734141463293632,-0.6337287850270261
G06_R0646,G06,train,500,6,0.0001,0.7,0.1,0.3,4.0,15.699,15.686808138888878,-0.0776601128168774
G06_R0647,G06,test,500,6,0.0001,0.7,0.2,0.3,4.0,17.365,17.29282019557177,-0.415662565092009
G06_R0648,G06,train,500,6,0.0001,0.7,0.3,0.3,4.0,19.881,19.738090204365083,-0.7188259928319373
G06_R0649,G06,train,500,6,1e-05,0.85,0.1,0.3,4.0,15.76,15.75990423611115,-0.0006076388886359
G06_R0650,G06,test,500,6,1e-05,0.85,0.2,0.3,4.0,17.333,17.269342654581525,-0.367260978586935
G06_R0651,G06,train,500,6,1e-05,0.85,0.3,0.3,4.0,19.86,19.810193622023792,-0.2507874016928852
G06_R0652,G06,train,500,6,1e-05,0.8,0.1,0.3,4.0,15.763,15.76044645634925,-0.0161996044582249
G06_R0653,G06,train,500,6,1e-05,0.8,0.2,0.3,4.0,17.34,17.28680476916485,-0.3067775711369703
G06_R0654,G06,train,500,6,1e-05,0.8,0.3,0.3,4.0,19.869,19.807209208829327,-0.3109909465532856
G06_R0655,G06,train,500,6,1e-05,0.75,0.1,0.3,4.0,15.766,15.758183536210344,-0.0495779765930205
G06_R0656,G06,test,500,6,1e-05,0.75,0.2,0.3,4.0,17.348,17.304999150117226,-0.2478720883258773
G06_R0657,G06,test,500,6,1e-05,0.75,0.3,0.3,4.0,19.878,19.7953989330357,-0.4155401296121397
G06_R0658,G06,train,500,6,1e-05,0.7,0.1,0.3,4.0,15.77,15.755750865079383,-0.0903559601814498
G06_R0659,G06,train,500,6,1e-05,0.7,0.2,0.3,4.0,17.356,17.30892482652415,-0.2712328501719872
G06_R0660,G06,train,500,6,1e-05,0.7,0.3,0.3,4.0,19.887,19.80496770982144,-0.4124920308672005
G06_R0661,G06,train,500,6,1e-06,0.85,0.1,0.3,4.0,15.795,15.789372243236024,-0.0356299890090196
G06_R0662,G06,test,500,6,1e-06,0.85,0.2,0.3,4.0,17.274,17.237221756764104,-0.2129109831880119
G06_R0663,G06,test,500,6,1e-06,0.85,0.3,0.3,4.0,19.843,19.80626448214284,-0.1851308665885378
G06_R0664,G06,train,500,6,1e-06,0.8,0.1,0.3,4.0,15.796,15.79015954680746,-0.0369742541943558
G06_R0665,G06,train,500,6,1e-06,0.8,0.2,0.3,4.0,17.277,17.253434350514105,-0.1363989667528841
G06_R0666,G06,test,500,6,1e-06,0.8,0.3,0.3,4.0,19.847,19.80318569394837,-0.2207603469120071
G06_R0667,G06,train,500,6,1e-06,0.75,0.1,0.3,4.0,15.796,15.789677462978098,-0.0400261903133803
G06_R0668,G06,train,500,6,1e-06,0.75,0.2,0.3,4.0,17.28,17.273154183847424,-0.0396169916237085
G06_R0669,G06,test,500,6,1e-06,0.75,0.3,0.3,4.0,19.851,19.79138395982141,-0.3003175667653491
G06_R0670,G06,train,500,6,1e-06,0.7,0.1,0.3,4.0,15.797,15.788940759109048,-0.0510175406150077
G06_R0671,G06,train,500,6,1e-06,0.7,0.2,0.3,4.0,17.284,17.277544224837687,-0.0373511638643369
G06_R0672,G06,train,500,6,1e-06,0.7,0.3,0.3,4.0,19.855,19.80155198065477,-0.2691917368180756
G06_R0673,G06,train,500,20,0.001,0.85,0.1,0.3,4.0,26.309,26.50537394710492,0.7464135737007114
G06_R0674,G06,train,500,20,0.001,0.85,0.2,0.3,4.0,29.279,29.382214986111176,0.352522238161058
G06_R0675,G06,train,500,20,0.001,0.85,0.3,0.3,4.0,32.477,32.9753310029762,1.5344120546115745
G06_R0676,G06,train,500,20,0.001,0.8,0.1,0.3,4.0,26.372,26.51855686377158,0.5557290450916846
G06_R0677,G06,train,500,20,0.001,0.8,0.2,0.3,4.0,29.318,29.383317923611177,0.2227911986191943
G06_R0678,G06,train,500,20,0.001,0.8,0.3,0.3,4.0,32.597,32.97519256547619,1.160206661582939
G06_R0679,G06,train,500,20,0.001,0.75,0.1,0.3,4.0,26.431,26.527040461985862,0.3633629525400667
G06_R0680,G06,train,500,20,0.001,0.75,0.2,0.3,4.0,29.353,29.39552079563496,0.1448601357100134
G06_R0681,G06,train,500,20,0.001,0.75,0.3,0.3,4.0,32.729,33.07937074404755,1.0705207737711275
G06_R0682,G06,test,500,20,0.001,0.7,0.1,0.3,4.0,26.486,26.527628128652537,0.157170311306112
G06_R0683,G06,train,500,20,0.001,0.7,0.2,0.3,4.0,29.387,29.40069483134925,0.0466016651895455
G06_R0684,G06,train,500,20,0.001,0.7,0.3,0.3,4.0,32.865,33.09520409821422,0.7004536686877101
G06_R0685,G06,train,500,20,0.0001,0.85,0.1,0.3,4.0,26.876,26.843079748768577,-0.1224894003252863
G06_R0686,G06,train,500,20,0.0001,0.85,0.2,0.3,4.0,29.893,29.83208657440477,-0.2037715371332127
G06_R0687,G06,test,500,20,0.0001,0.85,0.3,0.3,4.0,35.044,35.51785711562044,1.3521775927988815
G06_R0688,G06,train,500,20,0.0001,0.8,0.1,0.3,4.0,26.893,26.85553818626857,-0.1392994970119708
G06_R0689,G06,test,500,20,0.0001,0.8,0.2,0.3,4.0,29.922,29.82979942857144,-0.3081363927162729
G06_R0690,G06,test,500,20,0.0001,0.8,0.3,0.3,4.0,35.093,35.51771867812044,1.210266087597056
G06_R0691,G06,train,500,20,0.0001,0.75,0.1,0.3,4.0,26.913,26.86828897198285,-0.1661317133621458
G06_R0692,G06,test,500,20,0.0001,0.75,0.2,0.3,4.0,29.957,29.835259151785703,-0.4063853129962875
G06_R0693,G06,test,500,20,0.0001,0.75,0.3,0.3,4.0,35.128,35.58134586859662,1.2905541693139972
G06_R0694,G06,train,500,20,0.0001,0.7,0.1,0.3,4.0,26.936,26.86766413864952,-0.2536971389608095
G06_R0695,G06,train,500,20,0.0001,0.7,0.2,0.3,4.0,29.988,29.850007931547623,-0.4601576245577338
G06_R0696,G06,test,500,20,0.0001,0.7,0.3,0.3,4.0,35.153,35.58647107692997,1.2330983896963816
G06_R0697,G06,train,500,20,1e-05,0.85,0.1,0.3,4.0,27.409,27.42066275996578,0.0425508408397984
G06_R0698,G06,train,500,20,1e-05,0.85,0.2,0.3,4.0,29.756,29.775440108134912,0.0653317251475737
G06_R0699,G06,test,500,20,1e-05,0.85,0.3,0.3,4.0,35.597,35.51785711562044,-0.2223302086680458
G06_R0700,G06,train,500,20,1e-05,0.8,0.1,0.3,4.0,27.416,27.42169733734673,0.020781067065684
G06_R0701,G06,train,500,20,1e-05,0.8,0.2,0.3,4.0,29.77,29.77296054563492,0.009944728367204
G06_R0702,G06,test,500,20,1e-05,0.8,0.3,0.3,4.0,35.614,35.51771867812044,-0.2703468351759388
G06_R0703,G06,train,500,20,1e-05,0.75,0.1,0.3,4.0,27.423,27.422843849251464,-0.0005694152665067
G06_R0704,G06,train,500,20,1e-05,0.75,0.2,0.3,4.0,29.786,29.780911560515836,-0.0170833260060727
G06_R0705,G06,train,500,20,1e-05,0.75,0.3,0.3,4.0,35.631,35.58134586859662,-0.1393565473979937
G06_R0706,G06,train,500,20,1e-05,0.7,0.1,0.3,4.0,27.431,27.42253057841813,-0.0308753657609092
G06_R0707,G06,train,500,20,1e-05,0.7,0.2,0.3,4.0,29.804,29.795546006944424,-0.0283652967909506
G06_R0708,G06,train,500,20,1e-05,0.7,0.3,0.3,4.0,35.648,35.58647107692997,-0.1726013326695341
G06_R0709,G06,train,500,20,1e-06,0.85,0.1,0.3,4.0,27.487,27.473931729166654,-0.0475434599386629
G06_R0710,G06,train,500,20,1e-06,0.85,0.2,0.3,4.0,29.677,29.69693573263888,0.0671757005050302
G06_R0711,G06,train,500,20,1e-06,0.85,0.3,0.3,4.0,36.138,35.73805959925144,-1.1067031953858963
G06_R0712,G06,train,500,20,1e-06,0.8,0.1,0.3,4.0,27.488,27.4751328065476,-0.0468102206504553
G06_R0713,G06,train,500,20,1e-06,0.8,0.2,0.3,4.0,29.682,29.69545362549602,0.0453258725693118
G06_R0714,G06,test,500,20,1e-06,0.8,0.3,0.3,4.0,36.145,35.73856228675144,-1.124464554567892
G06_R0715,G06,train,500,20,1e-06,0.75,0.1,0.3,4.0,27.489,27.475352985119077,-0.0496453668046394
G06_R0716,G06,train,500,20,1e-06,0.75,0.2,0.3,4.0,29.688,29.69942129662693,0.0384710880723907
G06_R0717,G06,train,500,20,1e-06,0.75,0.3,0.3,4.0,36.153,35.80414093556096,-0.9649519111527118
G06_R0718,G06,train,500,20,1e-06,0.7,0.1,0.3,4.0,27.49,27.475164297619067,-0.0539676332518435
G06_R0719,G06,train,500,20,1e-06,0.7,0.2,0.3,4.0,29.694,29.71055962103169,0.0557675659449356
G06_R0720,G06,train,500,20,1e-06,0.7,0.3,0.3,4.0,36.162,35.8113701438943,-0.9696085838883304
G06_R0721,G06,train,500,50,0.001,0.85,0.1,0.3,4.0,41.612,42.04853181295087,1.0490527082352878
G06_R0722,G06,train,500,50,0.001,0.85,0.2,0.3,4.0,46.059,46.58351913789674,1.1387983627450424
G06_R0723,G06,train,500,50,0.001,0.85,0.3,0.3,4.0,51.104,52.32723112351192,2.393611309314188
G06_R0724,G06,train,500,50,0.001,0.8,0.1,0.3,4.0,41.708,42.11979489033185,0.9873283071157928
G06_R0725,G06,test,500,50,0.001,0.8,0.2,0.3,4.0,46.164,46.6008812242063,0.9463677848676368
G06_R0726,G06,train,500,50,0.001,0.8,0.3,0.3,4.0,51.378,52.42751987053576,2.042741777678683
G06_R0727,G06,train,500,50,0.001,0.75,0.1,0.3,4.0,41.819,42.12794120283187,0.7387579875938393
G06_R0728,G06,train,500,50,0.001,0.75,0.2,0.3,4.0,46.326,46.611106313988046,0.6154347752623693
G06_R0729,G06,train,500,50,0.001,0.75,0.3,0.3,4.0,51.705,52.45469056547619,1.4499382370683556
G06_R0730,G06,test,500,50,0.001,0.7,0.1,0.3,4.0,41.947,42.133052580808055,0.4435420430735271
G06_R0731,G06,train,500,50,0.001,0.7,0.2,0.3,4.0,46.456,46.60123162053564,0.3126218799200095
G06_R0732,G06,test,500,50,0.001,0.7,0.3,0.3,4.0,51.986,52.46897810714286,0.9290541821699356
G06_R0733,G06,train,500,50,0.0001,0.85,0.1,0.3,4.0,43.308,43.21815044345236,-0.207466418554634
G06_R0734,G06,train,500,50,0.0001,0.85,0.2,0.3,4.0,47.543,47.4073217663689,-0.2853800425532615
G06_R0735,G06,train,500,50,0.0001,0.85,0.3,0.3,4.0,55.013,54.89570007837301,-0.2132221868049267
G06_R0736,G06,train,500,50,0.0001,0.8,0.1,0.3,4.0,43.34,43.28941352083334,-0.1167200719120005
G06_R0737,G06,test,500,50,0.0001,0.8,0.2,0.3,4.0,47.585,47.42145790624989,-0.3436841310289157
G06_R0738,G06,train,500,50,0.0001,0.8,0.3,0.3,4.0,55.096,54.98965995039682,-0.193008656895557
G06_R0739,G06,test,500,50,0.0001,0.75,0.1,0.3,4.0,43.377,43.30993034375003,-0.1546203201004448
G06_R0740,G06,train,500,50,0.0001,0.75,0.2,0.3,4.0,47.635,47.43934910019831,-0.4107292952696368
G06_R0741,G06,train,500,50,0.0001,0.75,0.3,0.3,4.0,55.17,55.01772727033719,-0.2760063977937501
G06_R0742,G06,train,500,50,0.0001,0.7,0.1,0.3,4.0,43.417,43.31332124255957,-0.23879760794259
G06_R0743,G06,train,500,50,0.0001,0.7,0.2,0.3,4.0,47.69,47.4390454424602,-0.5262205022851737
G06_R0744,G06,train,500,50,0.0001,0.7,0.3,0.3,4.0,55.26,55.048073657241936,-0.3835076778104632
G06_R0745,G06,test,500,50,1e-05,0.85,0.1,0.3,4.0,43.652,43.516650878472255,-0.310063963914015
G06_R0746,G06,train,500,50,1e-05,0.85,0.2,0.3,4.0,47.149,47.16424275297608,0.0323288998198871
G06_R0747,G06,train,500,50,1e-05,0.85,0.3,0.3,4.0,56.238,55.80084789136901,-0.7773251335947042
G06_R0748,G06,train,500,50,1e-05,0.8,0.1,0.3,4.0,43.663,43.59629362251989,-0.1527755249985164
G06_R0749,G06,train,500,50,1e-05,0.8,0.2,0.3,4.0,47.161,47.17172193452373,0.0227347480412411
G06_R0750,G06,train,500,50,1e-05,0.8,0.3,0.3,4.0,56.258,55.85617773660713,-0.7142491083808045
G06_R0751,G06,test,500,50,1e-05,0.75,0.1,0.3,4.0,43.674,43.62990746775794,-0.1009583098458146
G06_R0752,G06,train,500,50,1e-05,0.75,0.2,0.3,4.0,47.187,47.1856760124008,-0.0028058312653907
G06_R0753,G06,test,500,50,1e-05,0.75,0.3,0.3,4.0,56.28,55.849293111607096,-0.7652929786654314
G06_R0754,G06,train,500,50,1e-05,0.7,0.1,0.3,4.0,43.685,43.6341214499008,-0.1164668652837336
G06_R0755,G06,train,500,50,1e-05,0.7,0.2,0.3,4.0,47.209,47.19832641716267,-0.0226092118819177
G06_R0756,G06,train,500,50,1e-05,0.7,0.3,0.3,4.0,56.306,55.87963949851184,-0.7572203699217754
G06_R0757,G06,test,500,50,1e-06,0.85,0.1,0.3,4.0,43.668,43.52661216865084,-0.3237790403708978
G06_R0758,G06,train,500,50,1e-06,0.85,0.2,0.3,4.0,47.033,47.063738304563394,0.0653547606221007
G06_R0759,G06,test,500,50,1e-06,0.85,0.3,0.3,4.0,57.32,55.80084789136901,-2.650300259300402
G06_R0760,G06,train,500,50,1e-06,0.8,0.1,0.3,4.0,43.675,43.60886995436515,-0.1514139568056094
G06_R0761,G06,train,500,50,1e-06,0.8,0.2,0.3,4.0,47.04,47.06986200992056,0.0634821639467762
G06_R0762,G06,test,500,50,1e-06,0.8,0.3,0.3,4.0,57.329,55.85568711160713,-2.5699260206751706
G06_R0763,G06,train,500,50,1e-06,0.75,0.1,0.3,4.0,43.679,43.64273171626984,-0.0830336860508691
G06_R0764,G06,train,500,50,1e-06,0.75,0.2,0.3,4.0,47.049,47.07847556696424,0.0626486577063149
G06_R0765,G06,test,500,50,1e-06,0.75,0.3,0.3,4.0,57.338,55.84880248660709,-2.5972261212335788
G06_R0766,G06,train,500,50,1e-06,0.7,0.1,0.3,4.0,43.684,43.64694569841272,-0.0848235088070586
G06_R0767,G06,train,500,50,1e-06,0.7,0.2,0.3,4.0,47.061,47.09495387946422,0.0721486569860838
G06_R0768,G06,test,500,50,1e-06,0.7,0.3,0.3,4.0,57.349,55.87914887351184,-2.562993472402586
