case_uid,geometry_id,split,Re,Pr,Da,epsi,Hp_mm,a_mm,Lw_mm,true_value,pred_value,residual,abs_error
G01_R0001,G01,train,25,3,0.001,0.85,0.1,0.0,0.0,3.5391007,3.545918364791216,0.0068176647912157,0.0068176647912157
G01_R0002,G01,train,25,3,0.001,0.85,0.2,0.0,0.0,4.931962,4.935696566098741,0.0037345660987408,0.0037345660987408
G01_R0003,G01,train,25,3,0.001,0.85,0.3,0.0,0.0,6.9917847,6.999046481118107,0.0072617811181068,0.0072617811181068
G01_R0004,G01,train,25,3,0.001,0.8,0.1,0.0,0.0,3.5506918,3.5491029702953973,-0.0015888297046027,0.0015888297046027
G01_R0005,G01,train,25,3,0.001,0.8,0.2,0.0,0.0,4.9540439,4.951768174507374,-0.002275725492626,0.002275725492626
G01_R0006,G01,train,25,3,0.001,0.8,0.3,0.0,0.0,7.0272847,7.023178308134179,-0.0041063918658208,0.0041063918658208
G01_R0007,G01,train,25,3,0.001,0.75,0.1,0.0,0.0,3.5627573,3.5643439388778337,0.0015866388778338,0.0015866388778338
G01_R0008,G01,train,25,3,0.001,0.75,0.2,0.0,0.0,4.9773848,4.9828937360156695,0.0055089360156692,0.0055089360156692
G01_R0009,G01,test,25,3,0.001,0.75,0.3,0.0,0.0,7.0650341,7.081768753985728,0.0167346539857282,0.0167346539857282
G01_R0010,G01,train,25,3,0.001,0.7,0.1,0.0,0.0,3.575394,3.5731461530013124,-0.0022478469986877,0.0022478469986877
G01_R0011,G01,train,25,3,0.001,0.7,0.2,0.0,0.0,5.0019789,4.997541883753729,-0.0044370162462712,0.0044370162462712
G01_R0012,G01,train,25,3,0.001,0.7,0.3,0.0,0.0,7.105325400000001,7.096479488398185,-0.0088459116018153,0.0088459116018153
G01_R0013,G01,test,25,3,0.0001,0.85,0.1,0.0,0.0,4.437649,4.44056627164582,0.0029172716458196,0.0029172716458196
G01_R0014,G01,train,25,3,0.0001,0.85,0.2,0.0,0.0,6.7143536,6.728697652981055,0.0143440529810554,0.0143440529810554
G01_R0015,G01,test,25,3,0.0001,0.85,0.3,0.0,0.0,10.326261,10.336972809772227,0.0107118097722267,0.0107118097722267
G01_R0016,G01,train,25,3,0.0001,0.8,0.1,0.0,0.0,4.4470186,4.445783503620819,-0.0012350963791805,0.0012350963791805
G01_R0017,G01,train,25,3,0.0001,0.8,0.2,0.0,0.0,6.731568299999999,6.728697652981055,-0.0028706470189439,0.0028706470189439
G01_R0018,G01,test,25,3,0.0001,0.8,0.3,0.0,0.0,10.355907,10.352180977533578,-0.0037260224664219,0.0037260224664219
G01_R0019,G01,train,25,3,0.0001,0.75,0.1,0.0,0.0,4.4569642,4.458082355229446,0.0011181552294461,0.0011181552294461
G01_R0020,G01,test,25,3,0.0001,0.75,0.2,0.0,0.0,6.7501525,6.752953272849996,0.0028007728499952,0.0028007728499952
G01_R0021,G01,train,25,3,0.0001,0.75,0.3,0.0,0.0,10.387515,10.3911145401186,0.0035995401185999,0.0035995401185999
G01_R0022,G01,train,25,3,0.0001,0.7,0.1,0.0,0.0,4.4674817,4.4645007838544295,-0.00298091614557,0.00298091614557
G01_R0023,G01,train,25,3,0.0001,0.7,0.2,0.0,0.0,6.770200999999999,6.759919291037233,-0.0102817089627658,0.0102817089627658
G01_R0024,G01,test,25,3,0.0001,0.7,0.3,0.0,0.0,10.422079,10.412172271725632,-0.0099067282743678,0.0099067282743678
G01_R0025,G01,train,25,3,1e-05,0.85,0.1,0.0,0.0,6.6742439000000005,6.6794846284863,0.0052407284862994,0.0052407284862994
G01_R0026,G01,train,25,3,1e-05,0.85,0.2,0.0,0.0,14.034764,14.04239966927006,0.007635669270062,0.007635669270062
G01_R0027,G01,test,25,3,1e-05,0.85,0.3,0.0,0.0,25.849678,25.87576805439624,0.026090054396235,0.026090054396235
G01_R0028,G01,train,25,3,1e-05,0.8,0.1,0.0,0.0,6.6853538,6.683218108078994,-0.0021356919210058,0.0021356919210058
G01_R0029,G01,train,25,3,1e-05,0.8,0.2,0.0,0.0,14.060641,14.05826935197097,-0.0023716480290296,0.0023716480290296
G01_R0030,G01,test,25,3,1e-05,0.8,0.3,0.0,0.0,25.895523,25.8904115182176,-0.0051114817824036,0.0051114817824036
G01_R0031,G01,train,25,3,1e-05,0.75,0.1,0.0,0.0,6.6977547,6.699560428341638,0.0018057283416377,0.0018057283416377
G01_R0032,G01,train,25,3,1e-05,0.75,0.2,0.0,0.0,14.089505,14.102001741879672,0.012496741879671,0.012496741879671
G01_R0033,G01,train,25,3,1e-05,0.75,0.3,0.0,0.0,25.947354,25.959109755380283,0.0117557553802818,0.0117557553802818
G01_R0034,G01,test,25,3,1e-05,0.7,0.1,0.0,0.0,6.711645,6.70441108937499,-0.0072339106250094,0.0072339106250094
G01_R0035,G01,train,25,3,1e-05,0.7,0.2,0.0,0.0,14.122356,14.114828359888314,-0.0075276401116859,0.0075276401116859
G01_R0036,G01,train,25,3,1e-05,0.7,0.3,0.0,0.0,26.007168,25.990056346998905,-0.0171116530010948,0.0171116530010948
G01_R0037,G01,train,25,3,1e-06,0.85,0.1,0.0,0.0,24.410804,24.450848579754364,0.0400445797543653,0.0400445797543653
G01_R0038,G01,train,25,3,1e-06,0.85,0.2,0.0,0.0,78.946158,78.96416059097265,0.0180025909726566,0.0180025909726566
G01_R0039,G01,train,25,3,1e-06,0.85,0.3,0.0,0.0,168.59137800000002,168.64148178788145,0.0501037878814258,0.0501037878814258
G01_R0040,G01,train,25,3,1e-06,0.8,0.1,0.0,0.0,24.455769,24.45096348225437,-0.0048055177456305,0.0048055177456305
G01_R0041,G01,train,25,3,1e-06,0.8,0.2,0.0,0.0,79.044114,79.0328229952049,-0.0112910047950975,0.0112910047950975
G01_R0042,G01,train,25,3,1e-06,0.8,0.3,0.0,0.0,168.75132200000002,168.7399762455595,-0.0113457544405264,0.0113457544405264
G01_R0043,G01,train,25,3,1e-06,0.75,0.1,0.0,0.0,24.504731,24.50722775624026,0.0024967562402586,0.0024967562402586
G01_R0044,G01,test,25,3,1e-06,0.75,0.2,0.0,0.0,79.15306600000001,79.20611736079337,0.0530513607933613,0.0530513607933613
G01_R0045,G01,train,25,3,1e-06,0.75,0.3,0.0,0.0,168.93126099999998,168.96819789529397,0.0369368952939908,0.0369368952939908
G01_R0046,G01,test,25,3,1e-06,0.7,0.1,0.0,0.0,24.55769,24.52588909437405,-0.0318009056259462,0.0318009056259462
G01_R0047,G01,train,25,3,1e-06,0.7,0.2,0.0,0.0,79.27501500000001,79.24804424668622,-0.0269707533137903,0.0269707533137903
G01_R0048,G01,train,25,3,1e-06,0.7,0.3,0.0,0.0,169.13119600000002,169.02566616879085,-0.1055298312091679,0.1055298312091679
G01_R0049,G01,train,25,6,0.001,0.85,0.1,0.0,0.0,3.5391007,3.546174953545383,0.0070742535453827,0.0070742535453827
G01_R0050,G01,train,25,6,0.001,0.85,0.2,0.0,0.0,4.931962,4.935459084833269,0.0034970848332687,0.0034970848332687
G01_R0051,G01,train,25,6,0.001,0.85,0.3,0.0,0.0,6.9917847,6.998740590118104,0.0069558901181032,0.0069558901181032
G01_R0052,G01,test,25,6,0.001,0.8,0.1,0.0,0.0,3.5506918,3.5493674569870644,-0.0013243430129357,0.0013243430129357
G01_R0053,G01,train,25,6,0.001,0.8,0.2,0.0,0.0,4.9540439,4.951491008491902,-0.0025528915080981,0.0025528915080981
G01_R0054,G01,train,25,6,0.001,0.8,0.3,0.0,0.0,7.0272847,7.022872417134176,-0.0044122828658244,0.0044122828658244
G01_R0055,G01,train,25,6,0.001,0.75,0.1,0.0,0.0,3.5627573,3.564577431882,0.0018201318819999,0.0018201318819999
G01_R0056,G01,train,25,6,0.001,0.75,0.2,0.0,0.0,4.9773848,4.9831905687864975,0.0058057687864971,0.0058057687864971
G01_R0057,G01,train,25,6,0.001,0.75,0.3,0.0,0.0,7.0650341,7.0819820504857285,0.0169479504857283,0.0169479504857283
G01_R0058,G01,train,25,6,0.001,0.7,0.1,0.0,0.0,3.575394,3.5732467776971446,-0.0021472223028555,0.0021472223028555
G01_R0059,G01,train,25,6,0.001,0.7,0.2,0.0,0.0,5.0019789,4.997804334674556,-0.0041745653254441,0.0041745653254441
G01_R0060,G01,train,25,6,0.001,0.7,0.3,0.0,0.0,7.105325400000001,7.096692784898186,-0.0086326151018152,0.0086326151018152
G01_R0061,G01,train,25,6,0.0001,0.85,0.1,0.0,0.0,4.437649,4.44055849644582,0.0029094964458193,0.0029094964458193
G01_R0062,G01,test,25,6,0.0001,0.85,0.2,0.0,0.0,6.7143536,6.730776240638482,0.0164226406384822,0.0164226406384822
G01_R0063,G01,train,25,6,0.0001,0.85,0.3,0.0,0.0,10.326261,10.336972809772227,0.0107118097722267,0.0107118097722267
G01_R0064,G01,train,25,6,0.0001,0.8,0.1,0.0,0.0,4.4470186,4.445758994920819,-0.0012596050791806,0.0012596050791806
G01_R0065,G01,train,25,6,0.0001,0.8,0.2,0.0,0.0,6.731568299999999,6.730776240638482,-0.0007920593615171,0.0007920593615171
G01_R0066,G01,train,25,6,0.0001,0.8,0.3,0.0,0.0,10.355907,10.352180977533578,-0.0037260224664219,0.0037260224664219
G01_R0067,G01,train,25,6,0.0001,0.75,0.1,0.0,0.0,4.4569642,4.457923310175279,0.0009591101752794,0.0009591101752794
G01_R0068,G01,train,25,6,0.0001,0.75,0.2,0.0,0.0,6.7501525,6.753103508881242,0.0029510088812418,0.0029510088812418
G01_R0069,G01,train,25,6,0.0001,0.75,0.3,0.0,0.0,10.387515,10.3911145401186,0.0035995401185999,0.0035995401185999
G01_R0070,G01,test,25,6,0.0001,0.7,0.1,0.0,0.0,4.4674817,4.464333658000262,-0.0031480419997373,0.0031480419997373
G01_R0071,G01,test,25,6,0.0001,0.7,0.2,0.0,0.0,6.770200999999999,6.760069527068481,-0.0101314729315182,0.0101314729315182
G01_R0072,G01,train,25,6,0.0001,0.7,0.3,0.0,0.0,10.422079,10.412172271725632,-0.0099067282743678,0.0099067282743678
G01_R0073,G01,train,25,6,1e-05,0.85,0.1,0.0,0.0,6.6742439000000005,6.679922977488525,0.0056790774885246,0.0056790774885246
G01_R0074,G01,test,25,6,1e-05,0.85,0.2,0.0,0.0,14.034764,14.04272632318673,0.0079623231867316,0.0079623231867316
G01_R0075,G01,train,25,6,1e-05,0.85,0.3,0.0,0.0,25.849678,25.87563390060457,0.0259559006045648,0.0259559006045648
G01_R0076,G01,train,25,6,1e-05,0.8,0.1,0.0,0.0,6.6853538,6.683648706518719,-0.0017050934812807,0.0017050934812807
G01_R0077,G01,train,25,6,1e-05,0.8,0.2,0.0,0.0,14.060641,14.058583979220971,-0.0020570207790289,0.0020570207790289
G01_R0078,G01,train,25,6,1e-05,0.8,0.3,0.0,0.0,25.895523,25.890277364425927,-0.0052456355740737,0.0052456355740737
G01_R0079,G01,train,25,6,1e-05,0.75,0.1,0.0,0.0,6.6977547,6.699642850451012,0.0018881504510117,0.0018881504510117
G01_R0080,G01,test,25,6,1e-05,0.75,0.2,0.0,0.0,14.089505,14.103035811254667,0.0135308112546663,0.0135308112546663
G01_R0081,G01,test,25,6,1e-05,0.75,0.3,0.0,0.0,25.947354,25.95948775896361,0.0121337589636141,0.0121337589636141
G01_R0082,G01,train,25,6,1e-05,0.7,0.1,0.0,0.0,6.711645,6.704486567796866,-0.0071584322031341,0.0071584322031341
G01_R0083,G01,train,25,6,1e-05,0.7,0.2,0.0,0.0,14.122356,14.115904522596644,-0.0064514774033561,0.0064514774033561
G01_R0084,G01,train,25,6,1e-05,0.7,0.3,0.0,0.0,26.007168,25.99043435058224,-0.0167336494177625,0.0167336494177625
G01_R0085,G01,test,25,6,1e-06,0.85,0.1,0.0,0.0,24.410804,24.454888144129413,0.0440841441294139,0.0440841441294139
G01_R0086,G01,train,25,6,1e-06,0.85,0.2,0.0,0.0,78.946158,78.96295246697267,0.0167944669726693,0.0167944669726693
G01_R0087,G01,train,25,6,1e-06,0.85,0.3,0.0,0.0,168.59137800000002,168.6409656847354,0.0495876847353713,0.0495876847353713
G01_R0088,G01,train,25,6,1e-06,0.8,0.1,0.0,0.0,24.455769,24.455003046629415,-0.0007659533705819,0.0007659533705819
G01_R0089,G01,train,25,6,1e-06,0.8,0.2,0.0,0.0,79.044114,79.03161487120491,-0.0124991287950848,0.0124991287950848
G01_R0090,G01,train,25,6,1e-06,0.8,0.3,0.0,0.0,168.75132200000002,168.73893947960087,-0.012382520399143,0.012382520399143
G01_R0091,G01,test,25,6,1e-06,0.75,0.1,0.0,0.0,24.504731,24.50763920717776,0.0029082071777573,0.0029082071777573
G01_R0092,G01,train,25,6,1e-06,0.75,0.2,0.0,0.0,79.15306600000001,79.20611736079337,0.0530513607933613,0.0530513607933613
G01_R0093,G01,train,25,6,1e-06,0.75,0.3,0.0,0.0,168.93126099999998,168.95960708176136,0.0283460817613843,0.0283460817613843
G01_R0094,G01,test,25,6,1e-06,0.7,0.1,0.0,0.0,24.55769,24.52632094614489,-0.0313690538551121,0.0313690538551121
G01_R0095,G01,train,25,6,1e-06,0.7,0.2,0.0,0.0,79.27501500000001,79.24804424668622,-0.0269707533137903,0.0269707533137903
G01_R0096,G01,test,25,6,1e-06,0.7,0.3,0.0,0.0,169.13119600000002,169.01707535525824,-0.1141206447417744,0.1141206447417744
G01_R0097,G01,test,25,20,0.001,0.85,0.1,0.0,0.0,3.5391007,3.546171052712049,0.007070352712049,0.007070352712049
G01_R0098,G01,train,25,20,0.001,0.85,0.2,0.0,0.0,4.931962,4.934983738317795,0.0030217383177948,0.0030217383177948
G01_R0099,G01,train,25,20,0.001,0.85,0.3,0.0,0.0,6.9917847,6.997702499703816,0.0059177997038162,0.0059177997038162
G01_R0100,G01,test,25,20,0.001,0.8,0.1,0.0,0.0,3.5506918,3.5493598704495644,-0.0013319295504357,0.0013319295504357
G01_R0101,G01,test,25,20,0.001,0.8,0.2,0.0,0.0,4.9540439,4.950985468326874,-0.0030584316731259,0.0030584316731259
G01_R0102,G01,train,25,20,0.001,0.8,0.3,0.0,0.0,7.0272847,7.02194981487822,-0.0053348851217798,0.0053348851217798
G01_R0103,G01,train,25,20,0.001,0.75,0.1,0.0,0.0,3.5627573,3.564914491012952,0.002157191012952,0.002157191012952
G01_R0104,G01,train,25,20,0.001,0.75,0.2,0.0,0.0,4.9773848,4.983530306641707,0.0061455066417064,0.0061455066417064
G01_R0105,G01,train,25,20,0.001,0.75,0.3,0.0,0.0,7.0650341,7.08184721482427,0.01681311482427,0.01681311482427
G01_R0106,G01,train,25,20,0.001,0.7,0.1,0.0,0.0,3.575394,3.5736192792343475,-0.0017747207656526,0.0017747207656526
G01_R0107,G01,train,25,20,0.001,0.7,0.2,0.0,0.0,5.0019789,4.998169622854766,-0.0038092771452342,0.0038092771452342
G01_R0108,G01,train,25,20,0.001,0.7,0.3,0.0,0.0,7.105325400000001,7.096518626945061,-0.0088067730549399,0.0088067730549399
G01_R0109,G01,train,25,20,0.0001,0.85,0.1,0.0,0.0,4.437649,4.440340931183318,0.0026919311833175,0.0026919311833175
G01_R0110,G01,test,25,20,0.0001,0.85,0.2,0.0,0.0,6.7143536,6.7320720649523205,0.0177184649523205,0.0177184649523205
G01_R0111,G01,train,25,20,0.0001,0.85,0.3,0.0,0.0,10.326261,10.336255328108548,0.0099943281085472,0.0099943281085472
G01_R0112,G01,test,25,20,0.0001,0.8,0.1,0.0,0.0,4.4470186,4.445544001502068,-0.001474598497932,0.001474598497932
G01_R0113,G01,train,25,20,0.0001,0.8,0.2,0.0,0.0,6.731568299999999,6.7320720649523205,0.0005037649523211,0.0005037649523211
G01_R0114,G01,test,25,20,0.0001,0.8,0.3,0.0,0.0,10.355907,10.351492299203237,-0.0044147007967652,0.0044147007967652
G01_R0115,G01,train,25,20,0.0001,0.75,0.1,0.0,0.0,4.4569642,4.458178956444028,0.0012147564440283,0.0012147564440283
G01_R0116,G01,train,25,20,0.0001,0.75,0.2,0.0,0.0,6.7501525,6.7528873668760285,0.002734866876028,0.002734866876028
G01_R0117,G01,train,25,20,0.0001,0.75,0.3,0.0,0.0,10.387515,10.391472574767413,0.003957574767412,0.003957574767412
G01_R0118,G01,train,25,20,0.0001,0.7,0.1,0.0,0.0,4.4674817,4.464576577869011,-0.0029051221309881,0.0029051221309881
G01_R0119,G01,train,25,20,0.0001,0.7,0.2,0.0,0.0,6.770200999999999,6.7597607486132665,-0.0104402513867327,0.0104402513867327
G01_R0120,G01,train,25,20,0.0001,0.7,0.3,0.0,0.0,10.422079,10.412477013249443,-0.009601986750555,0.009601986750555
G01_R0121,G01,test,25,20,1e-05,0.85,0.1,0.0,0.0,6.6742439000000005,6.680747647088359,0.0065037470883586,0.0065037470883586
G01_R0122,G01,train,25,20,1e-05,0.85,0.2,0.0,0.0,14.034764,14.04214496607364,0.0073809660736419,0.0073809660736419
G01_R0123,G01,test,25,20,1e-05,0.85,0.3,0.0,0.0,25.849678,25.877170534739932,0.0274925347399346,0.0274925347399346
G01_R0124,G01,train,25,20,1e-05,0.8,0.1,0.0,0.0,6.6853538,6.684471723472719,-0.0008820765272803,0.0008820765272803
G01_R0125,G01,train,25,20,1e-05,0.8,0.2,0.0,0.0,14.060641,14.058045303200142,-0.0025956967998581,0.0025956967998581
G01_R0126,G01,train,25,20,1e-05,0.8,0.3,0.0,0.0,25.895523,25.8918139985613,-0.0037090014387004,0.0037090014387004
G01_R0127,G01,train,25,20,1e-05,0.75,0.1,0.0,0.0,6.6977547,6.69965910193494,0.0019044019349401,0.0019044019349401
G01_R0128,G01,train,25,20,1e-05,0.75,0.2,0.0,0.0,14.089505,14.102515811909427,0.0130108119094281,0.0130108119094281
G01_R0129,G01,train,25,20,1e-05,0.75,0.3,0.0,0.0,25.947354,25.95658216775824,0.0092281677582413,0.0092281677582413
G01_R0130,G01,train,25,20,1e-05,0.7,0.1,0.0,0.0,6.711645,6.704505919505793,-0.0071390804942064,0.0071390804942064
G01_R0131,G01,train,25,20,1e-05,0.7,0.2,0.0,0.0,14.122356,14.115389292001405,-0.0069667079985968,0.0069667079985968
G01_R0132,G01,train,25,20,1e-05,0.7,0.3,0.0,0.0,26.007168,25.98737052875187,-0.019797471248129,0.019797471248129
G01_R0133,G01,test,25,20,1e-06,0.85,0.1,0.0,0.0,24.410804,24.459318384342232,0.0485143843422335,0.0485143843422335
G01_R0134,G01,train,25,20,1e-06,0.85,0.2,0.0,0.0,78.946158,78.96180707174054,0.0156490717405404,0.0156490717405404
G01_R0135,G01,test,25,20,1e-06,0.85,0.3,0.0,0.0,168.59137800000002,168.64668786998516,0.0553098699851375,0.0553098699851375
G01_R0136,G01,test,25,20,1e-06,0.8,0.1,0.0,0.0,24.455769,24.45943328684223,0.0036642868422305,0.0036642868422305
G01_R0137,G01,train,25,20,1e-06,0.8,0.2,0.0,0.0,79.044114,79.03072361684777,-0.0133903831522275,0.0133903831522275
G01_R0138,G01,train,25,20,1e-06,0.8,0.3,0.0,0.0,168.75132200000002,168.74461251947562,-0.0067094805243925,0.0067094805243925
G01_R0139,G01,train,25,20,1e-06,0.75,0.1,0.0,0.0,24.504731,24.51195330364057,0.0072223036405745,0.0072223036405745
G01_R0140,G01,test,25,20,1e-06,0.75,0.2,0.0,0.0,79.15306600000001,79.21021108045103,0.057145080451022,0.057145080451022
G01_R0141,G01,train,25,20,1e-06,0.75,0.3,0.0,0.0,168.93126099999998,168.96821759676118,0.0369565967612004,0.0369565967612004
G01_R0142,G01,train,25,20,1e-06,0.7,0.1,0.0,0.0,24.55769,24.531063345691027,-0.0266266543089734,0.0266266543089734
G01_R0143,G01,train,25,20,1e-06,0.7,0.2,0.0,0.0,79.27501500000001,79.2521379663439,-0.0228770336561154,0.0228770336561154
G01_R0144,G01,train,25,20,1e-06,0.7,0.3,0.0,0.0,169.13119600000002,169.02573085500805,-0.1054651449919674,0.1054651449919674
G01_R0145,G01,test,25,50,0.001,0.85,0.1,0.0,0.0,3.5391007,3.546163333274549,0.0070626332745491,0.0070626332745491
G01_R0146,G01,train,25,50,0.001,0.85,0.2,0.0,0.0,4.931962,4.9352054773969565,0.003243477396956,0.003243477396956
G01_R0147,G01,train,25,50,0.001,0.85,0.3,0.0,0.0,6.9917847,6.997655191078817,0.0058704910788165,0.0058704910788165
G01_R0148,G01,train,25,50,0.001,0.8,0.1,0.0,0.0,3.5506918,3.5493521510120645,-0.0013396489879355,0.0013396489879355
G01_R0149,G01,train,25,50,0.001,0.8,0.2,0.0,0.0,4.9540439,4.951207207406036,-0.0028366925939646,0.0028366925939646
G01_R0150,G01,test,25,50,0.001,0.8,0.3,0.0,0.0,7.0272847,7.0219025062532205,-0.0053821937467795,0.0053821937467795
G01_R0151,G01,test,25,50,0.001,0.75,0.1,0.0,0.0,3.5627573,3.564906771575452,0.0021494715754517,0.0021494715754517
G01_R0152,G01,test,25,50,0.001,0.75,0.2,0.0,0.0,4.9773848,4.983530306641707,0.0061455066417064,0.0061455066417064
G01_R0153,G01,test,25,50,0.001,0.75,0.3,0.0,0.0,7.0650341,7.081799906199271,0.0167658061992703,0.0167658061992703
G01_R0154,G01,train,25,50,0.001,0.7,0.1,0.0,0.0,3.575394,3.573611559796847,-0.0017824402031529,0.0017824402031529
G01_R0155,G01,train,25,50,0.001,0.7,0.2,0.0,0.0,5.0019789,4.998169622854766,-0.0038092771452342,0.0038092771452342
G01_R0156,G01,train,25,50,0.001,0.7,0.3,0.0,0.0,7.105325400000001,7.096471318320061,-0.0088540816799396,0.0088540816799396
G01_R0157,G01,train,25,50,0.0001,0.85,0.1,0.0,0.0,4.437649,4.440289997902073,0.0026409979020725,0.0026409979020725
G01_R0158,G01,test,25,50,0.0001,0.85,0.2,0.0,0.0,6.7143536,6.732097024946074,0.0177434249460741,0.0177434249460741
G01_R0159,G01,train,25,50,0.0001,0.85,0.3,0.0,0.0,10.326261,10.336638171566872,0.010377171566871,0.010377171566871
G01_R0160,G01,train,25,50,0.0001,0.8,0.1,0.0,0.0,4.4470186,4.445510120804156,-0.0015084791958441,0.0015084791958441
G01_R0161,G01,train,25,50,0.0001,0.8,0.2,0.0,0.0,6.731568299999999,6.732097024946074,0.0005287249460748,0.0005287249460748
G01_R0162,G01,train,25,50,0.0001,0.8,0.3,0.0,0.0,10.355907,10.35190610624489,-0.0040008937551103,0.0040008937551103
G01_R0163,G01,train,25,50,0.0001,0.75,0.1,0.0,0.0,4.4569642,4.458358909089861,0.0013947090898609,0.0013947090898609
G01_R0164,G01,train,25,50,0.0001,0.75,0.2,0.0,0.0,6.7501525,6.752912326869782,0.0027598268697817,0.0027598268697817
G01_R0165,G01,train,25,50,0.0001,0.75,0.3,0.0,0.0,10.387515,10.391627824600745,0.0041128246007424,0.0041128246007424
G01_R0166,G01,train,25,50,0.0001,0.7,0.1,0.0,0.0,4.4674817,4.464762746514844,-0.0027189534851554,0.0027189534851554
G01_R0167,G01,test,25,50,0.0001,0.7,0.2,0.0,0.0,6.770200999999999,6.759754734940352,-0.010446265059647,0.010446265059647
G01_R0168,G01,train,25,50,0.0001,0.7,0.3,0.0,0.0,10.422079,10.412728585582776,-0.0093504144172236,0.0093504144172236
G01_R0169,G01,test,25,50,1e-05,0.85,0.1,0.0,0.0,6.6742439000000005,6.680760564692527,0.0065166646925263,0.0065166646925263
G01_R0170,G01,train,25,50,1e-05,0.85,0.2,0.0,0.0,14.034764,14.041829837761142,0.007065837761143,0.007065837761143
G01_R0171,G01,train,25,50,1e-05,0.85,0.3,0.0,0.0,25.849678,25.875408967588186,0.0257309675881849,0.0257309675881849
G01_R0172,G01,train,25,50,1e-05,0.8,0.1,0.0,0.0,6.6853538,6.684484641076887,-0.0008691589231126,0.0008691589231126
G01_R0173,G01,train,25,50,1e-05,0.8,0.2,0.0,0.0,14.060641,14.057730174887643,-0.0029108251123552,0.0029108251123552
G01_R0174,G01,train,25,50,1e-05,0.8,0.3,0.0,0.0,25.895523,25.890106422034545,-0.0054165779654589,0.0054165779654589
G01_R0175,G01,train,25,50,1e-05,0.75,0.1,0.0,0.0,6.6977547,6.699672019539107,0.0019173195391068,0.0019173195391068
G01_R0176,G01,test,25,50,1e-05,0.75,0.2,0.0,0.0,14.089505,14.102454601659428,0.012949601659427,0.012949601659427
G01_R0177,G01,train,25,50,1e-05,0.75,0.3,0.0,0.0,25.947354,25.956079796246343,0.0087257962463453,0.0087257962463453
G01_R0178,G01,test,25,50,1e-05,0.7,0.1,0.0,0.0,6.711645,6.704505919505793,-0.0071390804942064,0.0071390804942064
G01_R0179,G01,train,25,50,1e-05,0.7,0.2,0.0,0.0,14.122356,14.115389292001405,-0.0069667079985968,0.0069667079985968
G01_R0180,G01,test,25,50,1e-05,0.7,0.3,0.0,0.0,26.007168,25.98686138073104,-0.0203066192689576,0.0203066192689576
G01_R0181,G01,test,25,50,1e-06,0.85,0.1,0.0,0.0,24.410804,24.46027473059224,0.0494707305922368,0.0494707305922368
G01_R0182,G01,train,25,50,1e-06,0.85,0.2,0.0,0.0,78.946158,78.96278722540721,0.0166292254072146,0.0166292254072146
G01_R0183,G01,train,25,50,1e-06,0.85,0.3,0.0,0.0,168.59137800000002,168.64227107067282,0.0508930706727994,0.0508930706727994
G01_R0184,G01,train,25,50,1e-06,0.8,0.1,0.0,0.0,24.455769,24.46032717559224,0.004558175592237,0.004558175592237
G01_R0185,G01,test,25,50,1e-06,0.8,0.2,0.0,0.0,79.044114,79.03096346270193,-0.0131505372980598,0.0131505372980598
G01_R0186,G01,train,25,50,1e-06,0.8,0.3,0.0,0.0,168.75132200000002,168.7401957201633,-0.0111262798367022,0.0111262798367022
G01_R0187,G01,train,25,50,1e-06,0.75,0.1,0.0,0.0,24.504731,24.51437112220304,0.009640122203038,0.009640122203038
G01_R0188,G01,train,25,50,1e-06,0.75,0.2,0.0,0.0,79.15306600000001,79.20409941588865,0.0510334158886394,0.0510334158886394
G01_R0189,G01,test,25,50,1e-06,0.75,0.3,0.0,0.0,168.93126099999998,168.96709297811532,0.0358319781153397,0.0358319781153397
G01_R0190,G01,train,25,50,1e-06,0.7,0.1,0.0,0.0,24.55769,24.53334189522969,-0.0243481047703149,0.0243481047703149
G01_R0191,G01,train,25,50,1e-06,0.7,0.2,0.0,0.0,79.27501500000001,79.24597632344816,-0.0290386765518491,0.0290386765518491
G01_R0192,G01,test,25,50,1e-06,0.7,0.3,0.0,0.0,169.13119600000002,169.0246062363622,-0.1065897636378281,0.1065897636378281
G01_R0193,G01,test,100,3,0.001,0.85,0.1,0.0,0.0,15.135925,15.175241846309014,0.0393168463090134,0.0393168463090134
G01_R0194,G01,train,100,3,0.001,0.85,0.2,0.0,0.0,21.309251,21.344854467192715,0.0356034671927147,0.0356034671927147
G01_R0195,G01,train,100,3,0.001,0.85,0.3,0.0,0.0,30.508539,30.56641395376029,0.0578749537602867,0.0578749537602867
G01_R0196,G01,train,100,3,0.001,0.8,0.1,0.0,0.0,15.200943,15.195937034022243,-0.0050059659777552,0.0050059659777552
G01_R0197,G01,test,100,3,0.001,0.8,0.2,0.0,0.0,21.431028,21.40925482380588,-0.0217731761941202,0.0217731761941202
G01_R0198,G01,train,100,3,0.001,0.8,0.3,0.0,0.0,30.71707,30.69582825555346,-0.021241744446538,0.021241744446538
G01_R0199,G01,train,100,3,0.001,0.75,0.1,0.0,0.0,15.27188,15.281718482352758,0.0098384823527588,0.0098384823527588
G01_R0200,G01,test,100,3,0.001,0.75,0.2,0.0,0.0,21.561695,21.596569264669647,0.0348742646696464,0.0348742646696464
G01_R0201,G01,train,100,3,0.001,0.75,0.3,0.0,0.0,30.942466,30.979224022336485,0.0367580223364853,0.0367580223364853
G01_R0202,G01,train,100,3,0.001,0.7,0.1,0.0,0.0,15.346728,15.327949962991752,-0.0187780370082482,0.0187780370082482
G01_R0203,G01,train,100,3,0.001,0.7,0.2,0.0,0.0,21.702236,21.66460072332564,-0.0376352766743615,0.0376352766743615
G01_R0204,G01,test,100,3,0.001,0.7,0.3,0.0,0.0,31.187713,31.04720093447913,-0.1405120655208662,0.1405120655208662
G01_R0205,G01,train,100,3,0.0001,0.85,0.1,0.0,0.0,18.847063,18.86271168588702,0.0156486858870223,0.0156486858870223
G01_R0206,G01,test,100,3,0.0001,0.85,0.2,0.0,0.0,28.761825,28.795256145265807,0.0334311452658049,0.0334311452658049
G01_R0207,G01,train,100,3,0.0001,0.85,0.3,0.0,0.0,44.408754,44.520762993256405,0.1120089932564027,0.1120089932564027
G01_R0208,G01,train,100,3,0.0001,0.8,0.1,0.0,0.0,18.895318000000003,18.889020105908106,-0.0062978940918974,0.0062978940918974
G01_R0209,G01,train,100,3,0.0001,0.8,0.2,0.0,0.0,28.871917,28.86544354719444,-0.0064734528055581,0.0064734528055581
G01_R0210,G01,train,100,3,0.0001,0.8,0.3,0.0,0.0,44.615621,44.58978824554524,-0.025832754454754,0.025832754454754
G01_R0211,G01,train,100,3,0.0001,0.75,0.1,0.0,0.0,18.946497,18.95718995725712,0.0106929572571203,0.0106929572571203
G01_R0212,G01,test,100,3,0.0001,0.75,0.2,0.0,0.0,28.991915,29.01980870446568,0.0278937044656828,0.0278937044656828
G01_R0213,G01,train,100,3,0.0001,0.75,0.3,0.0,0.0,44.844372,44.9266311937234,0.0822591937233951,0.0822591937233951
G01_R0214,G01,train,100,3,0.0001,0.7,0.1,0.0,0.0,19.002587,18.98767325946945,-0.0149137405305488,0.0149137405305488
G01_R0215,G01,test,100,3,0.0001,0.7,0.2,0.0,0.0,29.124803,29.084570791562943,-0.0402322084370574,0.0402322084370574
G01_R0216,G01,train,100,3,0.0001,0.7,0.3,0.0,0.0,45.101987,45.03247232799266,-0.0695146720073438,0.0695146720073438
G01_R0217,G01,train,100,3,1e-05,0.85,0.1,0.0,0.0,28.1661,28.19381541965264,0.0277154196526367,0.0277154196526367
G01_R0218,G01,train,100,3,1e-05,0.85,0.2,0.0,0.0,59.088896,59.12363316517507,0.0347371651750734,0.0347371651750734
G01_R0219,G01,train,100,3,1e-05,0.85,0.3,0.0,0.0,108.595423,108.72143575284144,0.1260127528414329,0.1260127528414329
G01_R0220,G01,train,100,3,1e-05,0.8,0.1,0.0,0.0,28.247794000000003,28.240145988271784,-0.007648011728218,0.007648011728218
G01_R0221,G01,test,100,3,1e-05,0.8,0.2,0.0,0.0,59.323476,59.2953229424691,-0.0281530575309005,0.0281530575309005
G01_R0222,G01,train,100,3,1e-05,0.8,0.3,0.0,0.0,109.064893,109.01330122459169,-0.0515917754083119,0.0515917754083119
G01_R0223,G01,train,100,3,1e-05,0.75,0.1,0.0,0.0,28.340457,28.4026241145997,0.0621671145996991,0.0621671145996991
G01_R0224,G01,train,100,3,1e-05,0.75,0.2,0.0,0.0,59.592016,59.65745953209645,0.0654435320964523,0.0654435320964523
G01_R0225,G01,train,100,3,1e-05,0.75,0.3,0.0,0.0,109.594314,109.68640459430696,0.0920905943069669,0.0920905943069669
G01_R0226,G01,train,100,3,1e-05,0.7,0.1,0.0,0.0,28.446084,28.40885458348956,-0.037229416510442,0.037229416510442
G01_R0227,G01,train,100,3,1e-05,0.7,0.2,0.0,0.0,59.90051,59.736568876382,-0.1639411236180024,0.1639411236180024
G01_R0228,G01,train,100,3,1e-05,0.7,0.3,0.0,0.0,110.213675,110.05781548068182,-0.1558595193181702,0.1558595193181702
G01_R0229,G01,train,100,3,1e-06,0.85,0.1,0.0,0.0,99.825659,99.87142062881446,0.0457616288144606,0.0457616288144606
G01_R0230,G01,train,100,3,1e-06,0.85,0.2,0.0,0.0,321.337835,321.5137131639192,0.1758781639192079,0.1758781639192079
G01_R0231,G01,test,100,3,1e-06,0.85,0.3,0.0,0.0,685.2637070000001,685.6890077519098,0.4253007519097309,0.4253007519097309
G01_R0232,G01,train,100,3,1e-06,0.8,0.1,0.0,0.0,100.096539,100.0621149405322,-0.0344240594677955,0.0344240594677955
G01_R0233,G01,train,100,3,1e-06,0.8,0.2,0.0,0.0,322.107681,322.01008823840453,-0.0975927615954788,0.0975927615954788
G01_R0234,G01,test,100,3,1e-06,0.8,0.3,0.0,0.0,686.7135089999999,686.617608280236,-0.0959007197639039,0.0959007197639039
G01_R0235,G01,train,100,3,1e-06,0.75,0.1,0.0,0.0,100.40641,100.4491867453044,0.0427767453044083,0.0427767453044083
G01_R0236,G01,train,100,3,1e-06,0.75,0.2,0.0,0.0,322.987516,323.11924153729126,0.1317255372912313,0.1317255372912313
G01_R0237,G01,train,100,3,1e-06,0.75,0.3,0.0,0.0,688.3832960000001,688.8286089218217,0.4453129218215963,0.4453129218215963
G01_R0238,G01,train,100,3,1e-06,0.7,0.1,0.0,0.0,100.766271,100.71775890050225,-0.0485120994977705,0.0485120994977705
G01_R0239,G01,test,100,3,1e-06,0.7,0.2,0.0,0.0,323.997337,323.7841322747954,-0.2132047252046049,0.2132047252046049
G01_R0240,G01,test,100,3,1e-06,0.7,0.3,0.0,0.0,690.323067,689.7583073083488,-0.5647596916512612,0.5647596916512612
G01_R0241,G01,test,100,6,0.001,0.85,0.1,0.0,0.0,15.135925,15.175178481829848,0.0392534818298475,0.0392534818298475
G01_R0242,G01,train,100,6,0.001,0.85,0.2,0.0,0.0,21.309251,21.344854467192715,0.0356034671927147,0.0356034671927147
G01_R0243,G01,train,100,6,0.001,0.85,0.3,0.0,0.0,30.508539,30.56844962357276,0.0599106235727617,0.0599106235727617
G01_R0244,G01,train,100,6,0.001,0.8,0.1,0.0,0.0,15.200943,15.19587366954308,-0.0050693304569211,0.0050693304569211
G01_R0245,G01,train,100,6,0.001,0.8,0.2,0.0,0.0,21.431028,21.40925482380588,-0.0217731761941202,0.0217731761941202
G01_R0246,G01,train,100,6,0.001,0.8,0.3,0.0,0.0,30.71707,30.69738093393737,-0.0196890660626287,0.0196890660626287
G01_R0247,G01,train,100,6,0.001,0.75,0.1,0.0,0.0,15.27188,15.281082842540268,0.0092028425402688,0.0092028425402688
G01_R0248,G01,train,100,6,0.001,0.75,0.2,0.0,0.0,21.561695,21.596569264669647,0.0348742646696464,0.0348742646696464
G01_R0249,G01,train,100,6,0.001,0.75,0.3,0.0,0.0,30.942466,30.97866532434541,0.0361993243454143,0.0361993243454143
G01_R0250,G01,train,100,6,0.001,0.7,0.1,0.0,0.0,15.346728,15.327196094845926,-0.0195319051540749,0.0195319051540749
G01_R0251,G01,train,100,6,0.001,0.7,0.2,0.0,0.0,21.702236,21.66460072332564,-0.0376352766743615,0.0376352766743615
G01_R0252,G01,test,100,6,0.001,0.7,0.3,0.0,0.0,31.187713,31.046642236488065,-0.1410707635119337,0.1410707635119337
G01_R0253,G01,test,100,6,0.0001,0.85,0.1,0.0,0.0,18.847063,18.863664030407868,0.0166010304078696,0.0166010304078696
G01_R0254,G01,train,100,6,0.0001,0.85,0.2,0.0,0.0,28.761825,28.795256145265807,0.0334311452658049,0.0334311452658049
G01_R0255,G01,test,100,6,0.0001,0.85,0.3,0.0,0.0,44.408754,44.528336773048096,0.1195827730480942,0.1195827730480942
G01_R0256,G01,train,100,6,0.0001,0.8,0.1,0.0,0.0,18.895318000000003,18.88991709272062,-0.0054009072793839,0.0054009072793839
G01_R0257,G01,train,100,6,0.0001,0.8,0.2,0.0,0.0,28.871917,28.86544354719444,-0.0064734528055581,0.0064734528055581
G01_R0258,G01,train,100,6,0.0001,0.8,0.3,0.0,0.0,44.615621,44.59773771387859,-0.0178832861214104,0.0178832861214104
G01_R0259,G01,train,100,6,0.0001,0.75,0.1,0.0,0.0,18.946497,18.957452962611303,0.0109559626113018,0.0109559626113018
G01_R0260,G01,train,100,6,0.0001,0.75,0.2,0.0,0.0,28.991915,29.01980870446568,0.0278937044656828,0.0278937044656828
G01_R0261,G01,train,100,6,0.0001,0.75,0.3,0.0,0.0,44.844372,44.93798194841086,0.0936099484108581,0.0936099484108581
G01_R0262,G01,train,100,6,0.0001,0.7,0.1,0.0,0.0,19.002587,18.98809248326113,-0.0144945167388677,0.0144945167388677
G01_R0263,G01,train,100,6,0.0001,0.7,0.2,0.0,0.0,29.124803,29.084570791562943,-0.0402322084370574,0.0402322084370574
G01_R0264,G01,train,100,6,0.0001,0.7,0.3,0.0,0.0,45.101987,45.044284937367614,-0.0577020626323872,0.0577020626323872
G01_R0265,G01,train,100,6,1e-05,0.85,0.1,0.0,0.0,28.1661,28.19339043593835,0.027290435938351,0.027290435938351
G01_R0266,G01,train,100,6,1e-05,0.85,0.2,0.0,0.0,59.088896,59.12414883621673,0.0352528362167348,0.0352528362167348
G01_R0267,G01,train,100,6,1e-05,0.85,0.3,0.0,0.0,108.595423,108.72490702988313,0.1294840298831303,0.1294840298831303
G01_R0268,G01,train,100,6,1e-05,0.8,0.1,0.0,0.0,28.247794000000003,28.239891248932487,-0.0079027510675153,0.0079027510675153
G01_R0269,G01,train,100,6,1e-05,0.8,0.2,0.0,0.0,59.323476,59.295163782885766,-0.0283122171142338,0.0283122171142338
G01_R0270,G01,train,100,6,1e-05,0.8,0.3,0.0,0.0,109.064893,109.0161107253834,-0.0487822746165989,0.0487822746165989
G01_R0271,G01,test,100,6,1e-05,0.75,0.1,0.0,0.0,28.340457,28.41156969242696,0.0711126924269613,0.0711126924269613
G01_R0272,G01,train,100,6,1e-05,0.75,0.2,0.0,0.0,59.592016,59.64958802251313,0.0575720225131277,0.0575720225131277
G01_R0273,G01,train,100,6,1e-05,0.75,0.3,0.0,0.0,109.594314,109.68027908193206,0.0859650819320592,0.0859650819320592
G01_R0274,G01,train,100,6,1e-05,0.7,0.1,0.0,0.0,28.446084,28.4186196876561,-0.0274643123438984,0.0274643123438984
G01_R0275,G01,test,100,6,1e-05,0.7,0.2,0.0,0.0,59.90051,59.72869736679868,-0.1718126332013199,0.1718126332013199
G01_R0276,G01,train,100,6,1e-05,0.7,0.3,0.0,0.0,110.213675,110.05205726976524,-0.1616177302347523,0.1616177302347523
G01_R0277,G01,train,100,6,1e-06,0.85,0.1,0.0,0.0,99.825659,99.86876117509424,0.0431021750942335,0.0431021750942335
G01_R0278,G01,train,100,6,1e-06,0.85,0.2,0.0,0.0,321.337835,321.5050630391904,0.1672280391904337,0.1672280391904337
G01_R0279,G01,train,100,6,1e-06,0.85,0.3,0.0,0.0,685.2637070000001,685.6874442052431,0.4237372052430146,0.4237372052430146
G01_R0280,G01,test,100,6,1e-06,0.8,0.1,0.0,0.0,100.096539,100.05945548681198,-0.0370835131880227,0.0370835131880227
G01_R0281,G01,train,100,6,1e-06,0.8,0.2,0.0,0.0,322.107681,322.0014381136757,-0.1062428863243099,0.1062428863243099
G01_R0282,G01,train,100,6,1e-06,0.8,0.3,0.0,0.0,686.7135089999999,686.613826258736,-0.0996827412639049,0.0996827412639049
G01_R0283,G01,train,100,6,1e-06,0.75,0.1,0.0,0.0,100.40641,100.45159366922104,0.0451836692210463,0.0451836692210463
G01_R0284,G01,train,100,6,1e-06,0.75,0.2,0.0,0.0,322.987516,323.1204871413537,0.1329711413537211,0.1329711413537211
G01_R0285,G01,train,100,6,1e-06,0.75,0.3,0.0,0.0,688.3832960000001,688.825678629155,0.442382629154963,0.442382629154963
G01_R0286,G01,train,100,6,1e-06,0.7,0.1,0.0,0.0,100.766271,100.7191252265022,-0.0471457734977889,0.0471457734977889
G01_R0287,G01,train,100,6,1e-06,0.7,0.2,0.0,0.0,323.997337,323.7830616725484,-0.2142753274516167,0.2142753274516167
G01_R0288,G01,test,100,6,1e-06,0.7,0.3,0.0,0.0,690.323067,689.7477872803071,-0.5752797196929578,0.5752797196929578
G01_R0289,G01,train,100,20,0.001,0.85,0.1,0.0,0.0,15.135925,15.17042154318402,0.0344965431840194,0.0344965431840194
G01_R0290,G01,test,100,20,0.001,0.85,0.2,0.0,0.0,21.309251,21.35089610296356,0.0416451029635567,0.0416451029635567
G01_R0291,G01,test,100,20,0.001,0.85,0.3,0.0,0.0,30.508539,30.576426007254305,0.0678870072543063,0.0678870072543063
G01_R0292,G01,test,100,20,0.001,0.8,0.1,0.0,0.0,15.200943,15.191342005793086,-0.0096009942069148,0.0096009942069148
G01_R0293,G01,train,100,20,0.001,0.8,0.2,0.0,0.0,21.431028,21.414480271035064,-0.0165477289649373,0.0165477289649373
G01_R0294,G01,train,100,20,0.001,0.8,0.3,0.0,0.0,30.71707,30.706314412484986,-0.010755587515014,0.010755587515014
G01_R0295,G01,train,100,20,0.001,0.75,0.1,0.0,0.0,15.27188,15.277640007290271,0.0057600072902719,0.0057600072902719
G01_R0296,G01,train,100,20,0.001,0.75,0.2,0.0,0.0,21.561695,21.58978450709676,0.0280895070967552,0.0280895070967552
G01_R0297,G01,test,100,20,0.001,0.75,0.3,0.0,0.0,30.942466,30.997419916631067,0.0549539166310673,0.0549539166310673
G01_R0298,G01,test,100,20,0.001,0.7,0.1,0.0,0.0,15.346728,15.323768028658426,-0.0229599713415744,0.0229599713415744
G01_R0299,G01,test,100,20,0.001,0.7,0.2,0.0,0.0,21.702236,21.65776152116941,-0.0444744788305868,0.0444744788305868
G01_R0300,G01,train,100,20,0.001,0.7,0.3,0.0,0.0,31.187713,31.065396828773714,-0.1223161712262843,0.1223161712262843
G01_R0301,G01,train,100,20,0.0001,0.85,0.1,0.0,0.0,18.847063,18.86092943182153,0.0138664318215333,0.0138664318215333
G01_R0302,G01,train,100,20,0.0001,0.85,0.2,0.0,0.0,28.761825,28.79430610351581,0.0324811035158134,0.0324811035158134
G01_R0303,G01,train,100,20,0.0001,0.85,0.3,0.0,0.0,44.408754,44.52145500827429,0.1127010082742856,0.1127010082742856
G01_R0304,G01,train,100,20,0.0001,0.8,0.1,0.0,0.0,18.895318000000003,18.887205864967616,-0.0081121350323876,0.0081121350323876
G01_R0305,G01,train,100,20,0.0001,0.8,0.2,0.0,0.0,28.871917,28.86496548952778,-0.0069515104722199,0.0069515104722199
G01_R0306,G01,test,100,20,0.0001,0.8,0.3,0.0,0.0,44.615621,44.59149461962561,-0.0241263803743905,0.0241263803743905
G01_R0307,G01,train,100,20,0.0001,0.75,0.1,0.0,0.0,18.946497,18.95730773720951,0.0108107372095105,0.0108107372095105
G01_R0308,G01,train,100,20,0.0001,0.75,0.2,0.0,0.0,28.991915,29.01960700300735,0.0276920030073526,0.0276920030073526
G01_R0309,G01,test,100,20,0.0001,0.75,0.3,0.0,0.0,44.844372,44.951076775141466,0.1067047751414662,0.1067047751414662
G01_R0310,G01,test,100,20,0.0001,0.7,0.1,0.0,0.0,19.002587,18.98793985753196,-0.0146471424680392,0.0146471424680392
G01_R0311,G01,train,100,20,0.0001,0.7,0.2,0.0,0.0,29.124803,29.08423159239628,-0.0405714076037213,0.0405714076037213
G01_R0312,G01,train,100,20,0.0001,0.7,0.3,0.0,0.0,45.101987,45.05878044270239,-0.0432065572976085,0.0432065572976085
G01_R0313,G01,train,100,20,1e-05,0.85,0.1,0.0,0.0,28.1661,28.193889828563343,0.0277898285633462,0.0277898285633462
G01_R0314,G01,train,100,20,1e-05,0.85,0.2,0.0,0.0,59.088896,59.12724789026437,0.0383518902643729,0.0383518902643729
G01_R0315,G01,test,100,20,1e-05,0.85,0.3,0.0,0.0,108.595423,108.73703991146655,0.1416169114665706,0.1416169114665706
G01_R0316,G01,test,100,20,1e-05,0.8,0.1,0.0,0.0,28.247794000000003,28.240832325887837,-0.0069616741121691,0.0069616741121691
G01_R0317,G01,train,100,20,1e-05,0.8,0.2,0.0,0.0,59.323476,59.2973900819334,-0.0260859180665988,0.0260859180665988
G01_R0318,G01,train,100,20,1e-05,0.8,0.3,0.0,0.0,109.064893,109.02794806488347,-0.0369449351165087,0.0369449351165087
G01_R0319,G01,test,100,20,1e-05,0.75,0.1,0.0,0.0,28.340457,28.41805525671557,0.0775982567155679,0.0775982567155679
G01_R0320,G01,train,100,20,1e-05,0.75,0.2,0.0,0.0,59.592016,59.65525527617979,0.0632392761797859,0.0632392761797859
G01_R0321,G01,train,100,20,1e-05,0.75,0.3,0.0,0.0,109.594314,109.66339847157047,0.0690844715704912,0.0690844715704912
G01_R0322,G01,train,100,20,1e-05,0.7,0.1,0.0,0.0,28.446084,28.42510525194471,-0.0209787480552883,0.0209787480552883
G01_R0323,G01,test,100,20,1e-05,0.7,0.2,0.0,0.0,59.90051,59.73495172463201,-0.1655582753679851,0.1655582753679851
G01_R0324,G01,train,100,20,1e-05,0.7,0.3,0.0,0.0,110.213675,110.03517665940366,-0.1784983405963345,0.1784983405963345
G01_R0325,G01,train,100,20,1e-06,0.85,0.1,0.0,0.0,99.825659,99.87287405280264,0.0472150528026276,0.0472150528026276
G01_R0326,G01,train,100,20,1e-06,0.85,0.2,0.0,0.0,321.337835,321.47679868860746,0.1389636886074754,0.1389636886074754
G01_R0327,G01,train,100,20,1e-06,0.85,0.3,0.0,0.0,685.2637070000001,685.6789329896394,0.4152259896393389,0.4152259896393389
G01_R0328,G01,train,100,20,1e-06,0.8,0.1,0.0,0.0,100.096539,100.06345590795785,-0.0330830920421618,0.0330830920421618
G01_R0329,G01,train,100,20,1e-06,0.8,0.2,0.0,0.0,322.107681,321.9722676849678,-0.1354133150322241,0.1354133150322241
G01_R0330,G01,train,100,20,1e-06,0.8,0.3,0.0,0.0,686.7135089999999,686.610704361674,-0.1028046383258924,0.1028046383258924
G01_R0331,G01,train,100,20,1e-06,0.75,0.1,0.0,0.0,100.40641,100.45019946194424,0.0437894619442573,0.0437894619442573
G01_R0332,G01,train,100,20,1e-06,0.75,0.2,0.0,0.0,322.987516,323.14762723059795,0.1601112305979199,0.1601112305979199
G01_R0333,G01,test,100,20,1e-06,0.75,0.3,0.0,0.0,688.3832960000001,688.8844197243687,0.5011237243686537,0.5011237243686537
G01_R0334,G01,train,100,20,1e-06,0.7,0.1,0.0,0.0,100.766271,100.71816666818376,-0.0481043318162335,0.0481043318162335
G01_R0335,G01,train,100,20,1e-06,0.7,0.2,0.0,0.0,323.997337,323.8052729548402,-0.1920640451598387,0.1920640451598387
G01_R0336,G01,train,100,20,1e-06,0.7,0.3,0.0,0.0,690.323067,689.7808642732975,-0.5422027267024987,0.5422027267024987
G01_R0337,G01,train,100,50,0.001,0.85,0.1,0.0,0.0,15.135925,15.16863826916319,0.0327132691631888,0.0327132691631888
G01_R0338,G01,train,100,50,0.001,0.85,0.2,0.0,0.0,21.309251,21.350595734094505,0.0413447340945047,0.0413447340945047
G01_R0339,G01,train,100,50,0.001,0.85,0.3,0.0,0.0,30.508539,30.573716873046,0.0651778730460002,0.0651778730460002
G01_R0340,G01,train,100,50,0.001,0.8,0.1,0.0,0.0,15.200943,15.189617845938924,-0.0113251540610761,0.0113251540610761
G01_R0341,G01,train,100,50,0.001,0.8,0.2,0.0,0.0,21.431028,21.414443656645176,-0.0165843433548253,0.0165843433548253
G01_R0342,G01,train,100,50,0.001,0.8,0.3,0.0,0.0,30.71707,30.70426401827668,-0.0128059817233179,0.0128059817233179
G01_R0343,G01,train,100,50,0.001,0.75,0.1,0.0,0.0,15.27188,15.27855185968609,0.0066718596860901,0.0066718596860901
G01_R0344,G01,train,100,50,0.001,0.75,0.2,0.0,0.0,21.561695,21.59024130262355,0.0285463026235497,0.0285463026235497
G01_R0345,G01,train,100,50,0.001,0.75,0.3,0.0,0.0,30.942466,31.00648444169355,0.0640184416935518,0.0640184416935518
G01_R0346,G01,train,100,50,0.001,0.7,0.1,0.0,0.0,15.346728,15.325084803616743,-0.0216431963832572,0.0216431963832572
G01_R0347,G01,train,100,50,0.001,0.7,0.2,0.0,0.0,21.702236,21.658101649731925,-0.0441343502680737,0.0441343502680737
G01_R0348,G01,train,100,50,0.001,0.7,0.3,0.0,0.0,31.187713,31.0744613538362,-0.1132516461637997,0.1132516461637997
G01_R0349,G01,train,100,50,0.0001,0.85,0.1,0.0,0.0,18.847063,18.86096631557153,0.0139033155715324,0.0139033155715324
G01_R0350,G01,train,100,50,0.0001,0.85,0.2,0.0,0.0,28.761825,28.7924191147658,0.0305941147657975,0.0305941147657975
G01_R0351,G01,test,100,50,0.0001,0.85,0.3,0.0,0.0,44.408754,44.52172551963144,0.1129715196314364,0.1129715196314364
G01_R0352,G01,test,100,50,0.0001,0.8,0.1,0.0,0.0,18.895318000000003,18.88724274871761,-0.0080752512823885,0.0080752512823885
G01_R0353,G01,train,100,50,0.0001,0.8,0.2,0.0,0.0,28.871917,28.86476372136111,-0.0071532786388885,0.0071532786388885
G01_R0354,G01,train,100,50,0.0001,0.8,0.3,0.0,0.0,44.615621,44.59176513098276,-0.0238558690172396,0.0238558690172396
G01_R0355,G01,test,100,50,0.0001,0.75,0.1,0.0,0.0,18.946497,18.95734462095951,0.0108476209595096,0.0108476209595096
G01_R0356,G01,train,100,50,0.0001,0.75,0.2,0.0,0.0,28.991915,29.02115118209068,0.0292361820906812,0.0292361820906812
G01_R0357,G01,test,100,50,0.0001,0.75,0.3,0.0,0.0,44.844372,44.95134728649861,0.1069752864986099,0.1069752864986099
G01_R0358,G01,train,100,50,0.0001,0.7,0.1,0.0,0.0,19.002587,18.98797674128196,-0.0146102587180365,0.0146102587180365
G01_R0359,G01,train,100,50,0.0001,0.7,0.2,0.0,0.0,29.124803,29.085800771062942,-0.0390022289370541,0.0390022289370541
G01_R0360,G01,train,100,50,0.0001,0.7,0.3,0.0,0.0,45.101987,45.059050954059536,-0.0429360459404648,0.0429360459404648
G01_R0361,G01,test,100,50,1e-05,0.85,0.1,0.0,0.0,28.1661,28.194454950438345,0.0283549504383451,0.0283549504383451
G01_R0362,G01,train,100,50,1e-05,0.85,0.2,0.0,0.0,59.088896,59.13261387359768,0.0437178735976857,0.0437178735976857
G01_R0363,G01,train,100,50,1e-05,0.85,0.3,0.0,0.0,108.595423,108.72847779524618,0.1330547952461813,0.1330547952461813
G01_R0364,G01,train,100,50,1e-05,0.8,0.1,0.0,0.0,28.247794000000003,28.24129533026283,-0.0064986697371729,0.0064986697371729
G01_R0365,G01,train,100,50,1e-05,0.8,0.2,0.0,0.0,59.323476,59.30299649610004,-0.0204795038999563,0.0204795038999563
G01_R0366,G01,train,100,50,1e-05,0.8,0.3,0.0,0.0,109.064893,109.01971683678812,-0.0451761632118774,0.0451761632118774
G01_R0367,G01,test,100,50,1e-05,0.75,0.1,0.0,0.0,28.340457,28.41851826109057,0.0780612610905677,0.0780612610905677
G01_R0368,G01,test,100,50,1e-05,0.75,0.2,0.0,0.0,59.592016,59.65629226742979,0.0642762674297898,0.0642762674297898
G01_R0369,G01,train,100,50,1e-05,0.75,0.3,0.0,0.0,109.594314,109.66288415660024,0.068570156600245,0.068570156600245
G01_R0370,G01,train,100,50,1e-05,0.7,0.1,0.0,0.0,28.446084,28.425568256319707,-0.020515743680292,0.020515743680292
G01_R0371,G01,train,100,50,1e-05,0.7,0.2,0.0,0.0,59.90051,59.735988715882016,-0.1645212841179812,0.1645212841179812
G01_R0372,G01,test,100,50,1e-05,0.7,0.3,0.0,0.0,110.213675,110.03444175235008,-0.1792332476499041,0.1792332476499041
G01_R0373,G01,train,100,50,1e-06,0.85,0.1,0.0,0.0,99.825659,99.8746386200943,0.0489796200943004,0.0489796200943004
G01_R0374,G01,train,100,50,1e-06,0.85,0.2,0.0,0.0,321.337835,321.47679868860746,0.1389636886074754,0.1389636886074754
G01_R0375,G01,train,100,50,1e-06,0.85,0.3,0.0,0.0,685.2637070000001,685.6834540373266,0.4197470373264877,0.4197470373264877
G01_R0376,G01,train,100,50,1e-06,0.8,0.1,0.0,0.0,100.096539,100.06472566637451,-0.0318133336254788,0.0318133336254788
G01_R0377,G01,test,100,50,1e-06,0.8,0.2,0.0,0.0,322.107681,321.9742734843428,-0.1334075156572112,0.1334075156572112
G01_R0378,G01,train,100,50,1e-06,0.8,0.3,0.0,0.0,686.7135089999999,686.6216452384234,-0.0918637615765192,0.0918637615765192
G01_R0379,G01,train,100,50,1e-06,0.75,0.1,0.0,0.0,100.40641,100.44903116902756,0.042621169027555,0.042621169027555
G01_R0380,G01,train,100,50,1e-06,0.75,0.2,0.0,0.0,322.987516,323.1606005631604,0.173084563160387,0.173084563160387
G01_R0381,G01,train,100,50,1e-06,0.75,0.3,0.0,0.0,688.3832960000001,688.9270284190974,0.5437324190972959,0.5437324190972959
G01_R0382,G01,train,100,50,1e-06,0.7,0.1,0.0,0.0,100.766271,100.71719204464208,-0.0490789553579276,0.0490789553579276
G01_R0383,G01,train,100,50,1e-06,0.7,0.2,0.0,0.0,323.997337,323.817160978111,-0.1801760218889967,0.1801760218889967
G01_R0384,G01,train,100,50,1e-06,0.7,0.3,0.0,0.0,690.323067,689.831864399529,-0.4912026004710697,0.4912026004710697
G01_R0385,G01,train,250,3,0.001,0.85,0.1,0.0,0.0,42.780836,42.86541468577273,0.0845786857727262,0.0845786857727262
G01_R0386,G01,train,250,3,0.001,0.85,0.2,0.0,0.0,61.354972,61.41822999095435,0.0632579909543551,0.0632579909543551
G01_R0387,G01,train,250,3,0.001,0.85,0.3,0.0,0.0,89.164385,89.43208104161802,0.2676960416180236,0.2676960416180236
G01_R0388,G01,test,250,3,0.001,0.8,0.1,0.0,0.0,43.02359,43.012027363677255,-0.0115626363227434,0.0115626363227434
G01_R0389,G01,train,250,3,0.001,0.8,0.2,0.0,0.0,61.807295,61.77054995572417,-0.0367450442758325,0.0367450442758325
G01_R0390,G01,train,250,3,0.001,0.8,0.3,0.0,0.0,89.969033,89.86146150009544,-0.1075714999045516,0.1075714999045516
G01_R0391,G01,train,250,3,0.001,0.75,0.1,0.0,0.0,43.283161,43.42821339974285,0.1450523997428519,0.1450523997428519
G01_R0392,G01,train,250,3,0.001,0.75,0.2,0.0,0.0,62.297383,62.41783872866199,0.1204557286619874,0.1204557286619874
G01_R0393,G01,train,250,3,0.001,0.75,0.3,0.0,0.0,90.847385,90.94632931026231,0.0989443102623113,0.0989443102623113
G01_R0394,G01,test,250,3,0.001,0.7,0.1,0.0,0.0,43.562529000000005,43.43772290759702,-0.1248060924029843,0.1248060924029843
G01_R0395,G01,train,250,3,0.001,0.7,0.2,0.0,0.0,62.83021,62.58834336866224,-0.2418666313377571,0.2418666313377571
G01_R0396,G01,train,250,3,0.001,0.7,0.3,0.0,0.0,91.810409,91.53917919590424,-0.2712298040957535,0.2712298040957535
G01_R0397,G01,train,250,3,0.0001,0.85,0.1,0.0,0.0,52.855422,52.88651080801567,0.0310888080156672,0.0310888080156672
G01_R0398,G01,train,250,3,0.0001,0.85,0.2,0.0,0.0,81.968112,82.12236643402241,0.1542544340224054,0.1542544340224054
G01_R0399,G01,train,250,3,0.0001,0.85,0.3,0.0,0.0,127.518488,127.79573293138348,0.2772449313834784,0.2772449313834784
G01_R0400,G01,train,250,3,0.0001,0.8,0.1,0.0,0.0,53.035829,53.018410141265605,-0.0174188587343948,0.0174188587343948
G01_R0401,G01,train,250,3,0.0001,0.8,0.2,0.0,0.0,82.447225,82.38545916071034,-0.0617658392896629,0.0617658392896629
G01_R0402,G01,train,250,3,0.0001,0.8,0.3,0.0,0.0,128.466116,128.3649681620195,-0.1011478379805339,0.1011478379805339
G01_R0403,G01,test,250,3,0.0001,0.75,0.1,0.0,0.0,53.233077,53.33440626753336,0.1013292675333588,0.1013292675333588
G01_R0404,G01,train,250,3,0.0001,0.75,0.2,0.0,0.0,82.984148,83.05272359729211,0.06857559729211,0.06857559729211
G01_R0405,G01,train,250,3,0.0001,0.75,0.3,0.0,0.0,129.55350399999998,129.832676249012,0.2791722490120207,0.2791722490120207
G01_R0406,G01,train,250,3,0.0001,0.7,0.1,0.0,0.0,53.45014,53.41307227166761,-0.0370677283323885,0.0370677283323885
G01_R0407,G01,train,250,3,0.0001,0.7,0.2,0.0,0.0,83.593851,83.49982225776974,-0.0940287422302645,0.0940287422302645
G01_R0408,G01,train,250,3,0.0001,0.7,0.3,0.0,0.0,130.790618,130.46822386917856,-0.3223941308214364,0.3223941308214364
G01_R0409,G01,train,250,3,1e-05,0.85,0.1,0.0,0.0,78.210807,78.28910569079405,0.0782986907940426,0.0782986907940426
G01_R0410,G01,train,250,3,1e-05,0.85,0.2,0.0,0.0,163.221307,163.877869462768,0.6565624627679938,0.6565624627679938
G01_R0411,G01,test,250,3,1e-05,0.85,0.3,0.0,0.0,298.47407000000004,299.8020442440961,1.3279742440960831,1.3279742440960831
G01_R0412,G01,train,250,3,1e-05,0.8,0.1,0.0,0.0,78.59012,78.56990300126773,-0.0202169987322662,0.0202169987322662
G01_R0413,G01,train,250,3,1e-05,0.8,0.2,0.0,0.0,164.430372,164.3176438611177,-0.1127281388823178,0.1127281388823178
G01_R0414,G01,train,250,3,1e-05,0.8,0.3,0.0,0.0,300.96289,300.642057054721,-0.320832945278994,0.320832945278994
G01_R0415,G01,test,250,3,1e-05,0.75,0.1,0.0,0.0,79.02236500000001,79.13342449444504,0.1110594944450298,0.1110594944450298
G01_R0416,G01,test,250,3,1e-05,0.75,0.2,0.0,0.0,165.82935,166.7930227646809,0.9636727646808936,0.9636727646808936
G01_R0417,G01,test,250,3,1e-05,0.75,0.3,0.0,0.0,303.8516,304.4914928479351,0.639892847935073,0.639892847935073
G01_R0418,G01,train,250,3,1e-05,0.7,0.1,0.0,0.0,79.52053,79.27624227355749,-0.2442877264425078,0.2442877264425078
G01_R0419,G01,train,250,3,1e-05,0.7,0.2,0.0,0.0,167.45822,167.12071975136826,-0.3375002486317555,0.3375002486317555
G01_R0420,G01,train,250,3,1e-05,0.7,0.3,0.0,0.0,307.23018,306.62976072532115,-0.6004192746788704,0.6004192746788704
G01_R0421,G01,train,250,3,1e-06,0.85,0.1,0.0,0.0,261.61889,262.09497765090345,0.4760876509034233,0.4760876509034233
G01_R0422,G01,train,250,3,1e-06,0.85,0.2,0.0,0.0,833.21969,834.8232456081531,1.6035556081531013,1.6035556081531013
G01_R0423,G01,train,250,3,1e-06,0.85,0.3,0.0,0.0,1770.34543,1771.489639804037,1.1442098040370183,1.1442098040370183
G01_R0424,G01,train,250,3,1e-06,0.8,0.1,0.0,0.0,262.89861,262.7434840977773,-0.1551259022226645,0.1551259022226645
G01_R0425,G01,train,250,3,1e-06,0.8,0.2,0.0,0.0,837.24933,836.8786700497147,-0.3706599502852441,0.3706599502852441
G01_R0426,G01,train,250,3,1e-06,0.8,0.3,0.0,0.0,1778.34497,1778.3144892092416,-0.0304807907584745,0.0304807907584745
G01_R0427,G01,test,250,3,1e-06,0.75,0.1,0.0,0.0,264.44832,264.7789710879104,0.3306510879103825,0.3306510879103825
G01_R0428,G01,train,250,3,1e-06,0.75,0.2,0.0,0.0,841.9489500000001,842.6780853169638,0.7291353169637205,0.7291353169637205
G01_R0429,G01,train,250,3,1e-06,0.75,0.3,0.0,0.0,1787.64447,1788.7888821941713,1.1444121941713092,1.1444121941713092
G01_R0430,G01,test,250,3,1e-06,0.7,0.1,0.0,0.0,266.26800000000003,265.76176109078995,-0.506238909210083,0.506238909210083
G01_R0431,G01,train,250,3,1e-06,0.7,0.2,0.0,0.0,847.4685400000001,848.0375372009845,0.5689972009844269,0.5689972009844269
G01_R0432,G01,train,250,3,1e-06,0.7,0.3,0.0,0.0,1798.64394,1799.010885079805,0.3669450798047364,0.3669450798047364
G01_R0433,G01,test,250,6,0.001,0.85,0.1,0.0,0.0,42.780836,42.8655088261894,0.0846728261893972,0.0846728261893972
G01_R0434,G01,train,250,6,0.001,0.85,0.2,0.0,0.0,61.354972,61.414718519204335,0.0597465192043387,0.0597465192043387
G01_R0435,G01,train,250,6,0.001,0.85,0.3,0.0,0.0,89.164385,89.43723875311804,0.2728537531180421,0.2728537531180421
G01_R0436,G01,train,250,6,0.001,0.8,0.1,0.0,0.0,43.02359,43.01212150409392,-0.0114684959060795,0.0114684959060795
G01_R0437,G01,train,250,6,0.001,0.8,0.2,0.0,0.0,61.807295,61.76579247574498,-0.0415025242550228,0.0415025242550228
G01_R0438,G01,train,250,6,0.001,0.8,0.3,0.0,0.0,89.969033,89.86428221159545,-0.1047507884045444,0.1047507884045444
G01_R0439,G01,test,250,6,0.001,0.75,0.1,0.0,0.0,43.283161,43.42830754015952,0.1451465401595228,0.1451465401595228
G01_R0440,G01,train,250,6,0.001,0.75,0.2,0.0,0.0,62.297383,62.39287988774529,0.0954968877452842,0.0954968877452842
G01_R0441,G01,train,250,6,0.001,0.75,0.3,0.0,0.0,90.847385,90.92893264126236,0.0815476412623468,0.0815476412623468
G01_R0442,G01,train,250,6,0.001,0.7,0.1,0.0,0.0,43.562529000000005,43.43781704801368,-0.1247119519863204,0.1247119519863204
G01_R0443,G01,train,250,6,0.001,0.7,0.2,0.0,0.0,62.83021,62.56338452774553,-0.2668254722544745,0.2668254722544745
G01_R0444,G01,test,250,6,0.001,0.7,0.3,0.0,0.0,91.810409,91.52018168190428,-0.2902273180957166,0.2902273180957166
G01_R0445,G01,train,250,6,0.0001,0.85,0.1,0.0,0.0,52.855422,52.88352709647401,0.0281050964740146,0.0281050964740146
G01_R0446,G01,test,250,6,0.0001,0.85,0.2,0.0,0.0,81.968112,82.1302642119957,0.1621522119956893,0.1621522119956893
G01_R0447,G01,train,250,6,0.0001,0.85,0.3,0.0,0.0,127.518488,127.79157625621684,0.2730882562168375,0.2730882562168375
G01_R0448,G01,train,250,6,0.0001,0.8,0.1,0.0,0.0,53.035829,53.01539299409895,-0.0204360059010539,0.0204360059010539
G01_R0449,G01,train,250,6,0.0001,0.8,0.2,0.0,0.0,82.447225,82.39335693868362,-0.0538680613163791,0.0538680613163791
G01_R0450,G01,train,250,6,0.0001,0.8,0.3,0.0,0.0,128.466116,128.36184241518615,-0.1042735848138249,0.1042735848138249
G01_R0451,G01,test,250,6,0.0001,0.75,0.1,0.0,0.0,53.233077,53.33380206399169,0.100725063991689,0.100725063991689
G01_R0452,G01,train,250,6,0.0001,0.75,0.2,0.0,0.0,82.984148,83.056209260057,0.0720612600569978,0.0720612600569978
G01_R0453,G01,test,250,6,0.0001,0.75,0.3,0.0,0.0,129.55350399999998,129.83426849792863,0.2807644979286579,0.2807644979286579
G01_R0454,G01,train,250,6,0.0001,0.7,0.1,0.0,0.0,53.45014,53.41246806812594,-0.0376719318740583,0.0376719318740583
G01_R0455,G01,train,250,6,0.0001,0.7,0.2,0.0,0.0,83.593851,83.50261766159713,-0.0912333384028727,0.0912333384028727
G01_R0456,G01,train,250,6,0.0001,0.7,0.3,0.0,0.0,130.790618,130.4714278118452,-0.3191901881548062,0.3191901881548062
G01_R0457,G01,train,250,6,1e-05,0.85,0.1,0.0,0.0,78.210807,78.28052073827321,0.069713738273208,0.069713738273208
G01_R0458,G01,test,250,6,1e-05,0.85,0.2,0.0,0.0,163.221307,163.94188057405378,0.7205735740537875,0.7205735740537875
G01_R0459,G01,train,250,6,1e-05,0.85,0.3,0.0,0.0,298.47407000000004,299.7908768905247,1.316806890524674,1.316806890524674
G01_R0460,G01,train,250,6,1e-05,0.8,0.1,0.0,0.0,78.59012,78.56110227708024,-0.029017722919761,0.029017722919761
G01_R0461,G01,train,250,6,1e-05,0.8,0.2,0.0,0.0,164.430372,164.38165497240348,-0.048717027596524,0.048717027596524
G01_R0462,G01,test,250,6,1e-05,0.8,0.3,0.0,0.0,300.96289,300.63088970114967,-0.3320002988503461,0.3320002988503461
G01_R0463,G01,train,250,6,1e-05,0.75,0.1,0.0,0.0,79.02236500000001,79.12881292032004,0.1064479203200363,0.1064479203200363
G01_R0464,G01,test,250,6,1e-05,0.75,0.2,0.0,0.0,165.82935,166.81783793772257,0.9884879377225672,0.9884879377225672
G01_R0465,G01,train,250,6,1e-05,0.75,0.3,0.0,0.0,303.8516,304.48032549436374,0.6287254943637208,0.6287254943637208
G01_R0466,G01,test,250,6,1e-05,0.7,0.1,0.0,0.0,79.52053,79.27163069943249,-0.2488993005675013,0.2488993005675013
G01_R0467,G01,train,250,6,1e-05,0.7,0.2,0.0,0.0,167.45822,167.13947787115995,-0.3187421288400571,0.3187421288400571
G01_R0468,G01,train,250,6,1e-05,0.7,0.3,0.0,0.0,307.23018,306.61859337174974,-0.6115866282502793,0.6115866282502793
G01_R0469,G01,test,250,6,1e-06,0.85,0.1,0.0,0.0,261.61889,262.1155345069451,0.4966445069450742,0.4966445069450742
G01_R0470,G01,train,250,6,1e-06,0.85,0.2,0.0,0.0,833.21969,834.7757216234812,1.5560316234812035,1.5560316234812035
G01_R0471,G01,train,250,6,1e-06,0.85,0.3,0.0,0.0,1770.34543,1771.5296934565367,1.1842634565366552,1.1842634565366552
G01_R0472,G01,test,250,6,1e-06,0.8,0.1,0.0,0.0,262.89861,262.76531044319404,-0.13329955680598,0.13329955680598
G01_R0473,G01,test,250,6,1e-06,0.8,0.2,0.0,0.0,837.24933,836.8219590528404,-0.4273709471596021,0.4273709471596021
G01_R0474,G01,train,250,6,1e-06,0.8,0.3,0.0,0.0,1778.34497,1778.3619552913242,0.0169852913240902,0.0169852913240902
G01_R0475,G01,train,250,6,1e-06,0.75,0.1,0.0,0.0,264.44832,264.797536853952,0.3492168539519866,0.3492168539519866
G01_R0476,G01,train,250,6,1e-06,0.75,0.2,0.0,0.0,841.9489500000001,842.6854961961303,0.7365461961302344,0.7365461961302344
G01_R0477,G01,train,250,6,1e-06,0.75,0.3,0.0,0.0,1787.64447,1788.849329042366,1.2048590423660244,1.2048590423660244
G01_R0478,G01,train,250,6,1e-06,0.7,0.1,0.0,0.0,266.26800000000003,265.78468761829,-0.48331238171005,0.48331238171005
G01_R0479,G01,test,250,6,1e-06,0.7,0.2,0.0,0.0,847.4685400000001,848.1685123826512,0.6999723826511399,0.6999723826511399
G01_R0480,G01,train,250,6,1e-06,0.7,0.3,0.0,0.0,1798.64394,1799.0026902912934,0.3587502912935179,0.3587502912935179
G01_R0481,G01,train,250,20,0.001,0.85,0.1,0.0,0.0,42.780836,42.86277570858227,0.0819397085822686,0.0819397085822686
G01_R0482,G01,train,250,20,0.001,0.85,0.2,0.0,0.0,61.354972,61.41367051975343,0.0586985197534346,0.0586985197534346
G01_R0483,G01,train,250,20,0.001,0.85,0.3,0.0,0.0,89.164385,89.45119682440377,0.2868118244037703,0.2868118244037703
G01_R0484,G01,train,250,20,0.001,0.8,0.1,0.0,0.0,43.02359,43.00646486913262,-0.0171251308673774,0.0171251308673774
G01_R0485,G01,train,250,20,0.001,0.8,0.2,0.0,0.0,61.807295,61.76477985704409,-0.0425151429559136,0.0425151429559136
G01_R0486,G01,train,250,20,0.001,0.8,0.3,0.0,0.0,89.969033,89.87940878288119,-0.0896242171188106,0.0896242171188106
G01_R0487,G01,test,250,20,0.001,0.75,0.1,0.0,0.0,43.283161,43.44513237776362,0.1619713777636207,0.1619713777636207
G01_R0488,G01,train,250,20,0.001,0.75,0.2,0.0,0.0,62.297383,62.35182387649066,0.0544408764906592,0.0544408764906592
G01_R0489,G01,train,250,20,0.001,0.75,0.3,0.0,0.0,90.847385,90.95882621926232,0.1114412192623177,0.1114412192623177
G01_R0490,G01,train,250,20,0.001,0.7,0.1,0.0,0.0,43.562529000000005,43.45540100151362,-0.1071279984863835,0.1071279984863835
G01_R0491,G01,test,250,20,0.001,0.7,0.2,0.0,0.0,62.83021,62.52232851649091,-0.3078814835090924,0.3078814835090924
G01_R0492,G01,train,250,20,0.001,0.7,0.3,0.0,0.0,91.810409,91.54903850940426,-0.2613704905957519,0.2613704905957519
G01_R0493,G01,train,250,20,0.0001,0.85,0.1,0.0,0.0,52.855422,52.88098968269128,0.0255676826912818,0.0255676826912818
G01_R0494,G01,train,250,20,0.0001,0.85,0.2,0.0,0.0,81.968112,82.10765260732005,0.1395406073200433,0.1395406073200433
G01_R0495,G01,test,250,20,0.0001,0.85,0.3,0.0,0.0,127.518488,127.80031592621684,0.2818279262168204,0.2818279262168204
G01_R0496,G01,test,250,20,0.0001,0.8,0.1,0.0,0.0,53.035829,53.01231352135788,-0.0235154786421176,0.0235154786421176
G01_R0497,G01,train,250,20,0.0001,0.8,0.2,0.0,0.0,82.447225,82.37077851973717,-0.076446480262831,0.076446480262831
G01_R0498,G01,test,250,20,0.0001,0.8,0.3,0.0,0.0,128.466116,128.3725905636445,-0.0935254363554918,0.0935254363554918
G01_R0499,G01,train,250,20,0.0001,0.75,0.1,0.0,0.0,53.233077,53.32300388533191,0.0899268853319057,0.0899268853319057
G01_R0500,G01,train,250,20,0.0001,0.75,0.2,0.0,0.0,82.984148,83.05599734050344,0.0718493405034337,0.0718493405034337
G01_R0501,G01,train,250,20,0.0001,0.75,0.3,0.0,0.0,129.55350399999998,129.78211713144944,0.2286131314494639,0.2286131314494639
G01_R0502,G01,train,250,20,0.0001,0.7,0.1,0.0,0.0,53.45014,53.40158770279949,-0.0485522972005085,0.0485522972005085
G01_R0503,G01,train,250,20,0.0001,0.7,0.2,0.0,0.0,83.593851,83.50207016516855,-0.0917808348314537,0.0917808348314537
G01_R0504,G01,train,250,20,0.0001,0.7,0.3,0.0,0.0,130.790618,130.418257019116,-0.3723609808839967,0.3723609808839967
G01_R0505,G01,train,250,20,1e-05,0.85,0.1,0.0,0.0,78.210807,78.27016482406606,0.0593578240660548,0.0593578240660548
G01_R0506,G01,test,250,20,1e-05,0.85,0.2,0.0,0.0,163.221307,163.95553806372735,0.7342310637273783,0.7342310637273783
G01_R0507,G01,test,250,20,1e-05,0.85,0.3,0.0,0.0,298.47407000000004,299.88046692344096,1.4063969234409228,1.4063969234409228
G01_R0508,G01,train,250,20,1e-05,0.8,0.1,0.0,0.0,78.59012,78.552118752278,-0.0380012477219935,0.0380012477219935
G01_R0509,G01,train,250,20,1e-05,0.8,0.2,0.0,0.0,164.430372,164.39742970357707,-0.0329422964229308,0.0329422964229308
G01_R0510,G01,train,250,20,1e-05,0.8,0.3,0.0,0.0,300.96289,300.7143490090659,-0.2485409909340887,0.2485409909340887
G01_R0511,G01,train,250,20,1e-05,0.75,0.1,0.0,0.0,79.02236500000001,79.11433860457889,0.0919736045788823,0.0919736045788823
G01_R0512,G01,test,250,20,1e-05,0.75,0.2,0.0,0.0,165.82935,166.78327769608848,0.9539276960884706,0.9539276960884706
G01_R0513,G01,train,250,20,1e-05,0.75,0.3,0.0,0.0,303.8516,304.4452608163876,0.5936608163875121,0.5936608163875121
G01_R0514,G01,train,250,20,1e-05,0.7,0.1,0.0,0.0,79.52053,79.25715638369134,-0.2633736163086553,0.2633736163086553
G01_R0515,G01,train,250,20,1e-05,0.7,0.2,0.0,0.0,167.45822,167.09538537317167,-0.3628346268283451,0.3628346268283451
G01_R0516,G01,train,250,20,1e-05,0.7,0.3,0.0,0.0,307.23018,306.5795935391902,-0.6505864608097909,0.6505864608097909
G01_R0517,G01,train,250,20,1e-06,0.85,0.1,0.0,0.0,261.61889,262.0802517846536,0.4613617846535476,0.4613617846535476
G01_R0518,G01,train,250,20,1e-06,0.85,0.2,0.0,0.0,833.21969,834.9098919653711,1.6902019653711022,1.6902019653711022
G01_R0519,G01,train,250,20,1e-06,0.85,0.3,0.0,0.0,1770.34543,1771.5892742598107,1.2438442598106576,1.2438442598106576
G01_R0520,G01,train,250,20,1e-06,0.8,0.1,0.0,0.0,262.89861,262.72578180090244,-0.1728281990975801,0.1728281990975801
G01_R0521,G01,train,250,20,1e-06,0.8,0.2,0.0,0.0,837.24933,836.9225024734056,-0.326827526594343,0.326827526594343
G01_R0522,G01,train,250,20,1e-06,0.8,0.3,0.0,0.0,1778.34497,1778.4418368312452,0.0968668312450518,0.0968668312450518
G01_R0523,G01,train,250,20,1e-06,0.75,0.1,0.0,0.0,264.44832,264.79164960416017,0.3433296041601466,0.3433296041601466
G01_R0524,G01,train,250,20,1e-06,0.75,0.2,0.0,0.0,841.9489500000001,842.7462690497019,0.797319049701855,0.797319049701855
G01_R0525,G01,train,250,20,1e-06,0.75,0.3,0.0,0.0,1787.64447,1789.007173557019,1.362703557019131,1.362703557019131
G01_R0526,G01,train,250,20,1e-06,0.7,0.1,0.0,0.0,266.26800000000003,265.7755167918314,-0.4924832081686077,0.4924832081686077
G01_R0527,G01,train,250,20,1e-06,0.7,0.2,0.0,0.0,847.4685400000001,848.1603161811931,0.6917761811930632,0.6917761811930632
G01_R0528,G01,train,250,20,1e-06,0.7,0.3,0.0,0.0,1798.64394,1798.9723502040767,0.3284102040768175,0.3284102040768175
G01_R0529,G01,train,250,50,0.001,0.85,0.1,0.0,0.0,42.780836,42.86129810933673,0.0804621093367288,0.0804621093367288
G01_R0530,G01,train,250,50,0.001,0.85,0.2,0.0,0.0,61.354972,61.41325372856594,0.0582817285659444,0.0582817285659444
G01_R0531,G01,test,250,50,0.001,0.85,0.3,0.0,0.0,89.164385,89.45159808440376,0.2872130844037599,0.2872130844037599
G01_R0532,G01,train,250,50,0.001,0.8,0.1,0.0,0.0,43.02359,43.006390756866246,-0.0171992431337528,0.0171992431337528
G01_R0533,G01,train,250,50,0.001,0.8,0.2,0.0,0.0,61.807295,61.76497567585661,-0.0423193241433992,0.0423193241433992
G01_R0534,G01,test,250,50,0.001,0.8,0.3,0.0,0.0,89.969033,89.88041193288117,-0.0886210671188223,0.0886210671188223
G01_R0535,G01,test,250,50,0.001,0.75,0.1,0.0,0.0,43.283161,43.445180812716,0.1620198127159966,0.1620198127159966
G01_R0536,G01,train,250,50,0.001,0.75,0.2,0.0,0.0,62.297383,62.351727570032345,0.0543445700323417,0.0543445700323417
G01_R0537,G01,train,250,50,0.001,0.75,0.3,0.0,0.0,90.847385,90.9735323982623,0.1261473982622902,0.1261473982622902
G01_R0538,G01,train,250,50,0.001,0.7,0.1,0.0,0.0,43.562529000000005,43.455449436466,-0.1070795635340076,0.1070795635340076
G01_R0539,G01,test,250,50,0.001,0.7,0.2,0.0,0.0,62.83021,62.52223221003258,-0.3079777899674241,0.3079777899674241
G01_R0540,G01,train,250,50,0.001,0.7,0.3,0.0,0.0,91.810409,91.5637446884042,-0.2466643115958078,0.2466643115958078
G01_R0541,G01,train,250,50,0.0001,0.85,0.1,0.0,0.0,52.855422,52.88535656762576,0.0299345676257587,0.0299345676257587
G01_R0542,G01,train,250,50,0.0001,0.85,0.2,0.0,0.0,81.968112,82.10768873857005,0.1395767385700423,0.1395767385700423
G01_R0543,G01,train,250,50,0.0001,0.85,0.3,0.0,0.0,127.518488,127.79182013430014,0.2733321343001336,0.2733321343001336
G01_R0544,G01,train,250,50,0.0001,0.8,0.1,0.0,0.0,53.035829,53.01584380931319,-0.0199851906868104,0.0199851906868104
G01_R0545,G01,test,250,50,0.0001,0.8,0.2,0.0,0.0,82.447225,82.37081465098717,-0.076410349012832,0.076410349012832
G01_R0546,G01,train,250,50,0.0001,0.8,0.3,0.0,0.0,128.466116,128.3650009283945,-0.1011150716055055,0.1011150716055055
G01_R0547,G01,train,250,50,0.0001,0.75,0.1,0.0,0.0,53.233077,53.312585852144345,0.0795088521443432,0.0795088521443432
G01_R0548,G01,train,250,50,0.0001,0.75,0.2,0.0,0.0,82.984148,83.05844687946175,0.0742988794617502,0.0742988794617502
G01_R0549,G01,train,250,50,0.0001,0.75,0.3,0.0,0.0,129.55350399999998,129.77786393644942,0.2243599364494457,0.2243599364494457
G01_R0550,G01,train,250,50,0.0001,0.7,0.1,0.0,0.0,53.45014,53.39116966961192,-0.0589703303880781,0.0589703303880781
G01_R0551,G01,train,250,50,0.0001,0.7,0.2,0.0,0.0,83.593851,83.50448357287686,-0.0893674271231361,0.0893674271231361
G01_R0552,G01,test,250,50,0.0001,0.7,0.3,0.0,0.0,130.790618,130.411438005366,-0.3791799946340006,0.3791799946340006
G01_R0553,G01,train,250,50,1e-05,0.85,0.1,0.0,0.0,78.21180700000001,78.27036896356604,0.058561963566035,0.058561963566035
G01_R0554,G01,train,250,50,1e-05,0.85,0.2,0.0,0.0,163.221307,163.93788150510215,0.7165745051021588,0.7165745051021588
G01_R0555,G01,train,250,50,1e-05,0.85,0.3,0.0,0.0,298.47407000000004,299.80249804385784,1.328428043857798,1.328428043857798
G01_R0556,G01,test,250,50,1e-05,0.8,0.1,0.0,0.0,78.59112,78.552322891778,-0.0387971082219991,0.0387971082219991
G01_R0557,G01,train,250,50,1e-05,0.8,0.2,0.0,0.0,164.440372,164.3823754178685,-0.0579965821314942,0.0579965821314942
G01_R0558,G01,train,250,50,1e-05,0.8,0.3,0.0,0.0,300.96289,300.63638012948275,-0.3265098705172704,0.3265098705172704
G01_R0559,G01,train,250,50,1e-05,0.75,0.1,0.0,0.0,79.023365,79.11454274407888,0.0911777440788768,0.0911777440788768
G01_R0560,G01,train,250,50,1e-05,0.75,0.2,0.0,0.0,165.82935,166.6686794814065,0.8393294814065086,0.8393294814065086
G01_R0561,G01,train,250,50,1e-05,0.75,0.3,0.0,0.0,303.8516,304.372376923054,0.5207769230539725,0.5207769230539725
G01_R0562,G01,test,250,50,1e-05,0.7,0.1,0.0,0.0,79.52353,79.25736052319132,-0.2661694768086704,0.2661694768086704
G01_R0563,G01,train,250,50,1e-05,0.7,0.2,0.0,0.0,167.46822,166.9395556968053,-0.5286643031947165,0.5286643031947165
G01_R0564,G01,train,250,50,1e-05,0.7,0.3,0.0,0.0,307.23018,306.509018583565,-0.7211614164349953,0.7211614164349953
G01_R0565,G01,train,250,50,1e-06,0.85,0.1,0.0,0.0,261.61889,262.0806497667369,0.4617597667368613,0.4617597667368613
G01_R0566,G01,test,250,50,1e-06,0.85,0.2,0.0,0.0,833.21969,834.9599143620376,1.7402243620375657,1.7402243620375657
G01_R0567,G01,train,250,50,1e-06,0.85,0.3,0.0,0.0,1770.34543,1771.54591246746,1.200482467460006,1.200482467460006
G01_R0568,G01,test,250,50,1e-06,0.8,0.1,0.0,0.0,262.89861,262.7265588829858,-0.1720511170142344,0.1720511170142344
G01_R0569,G01,test,250,50,1e-06,0.8,0.2,0.0,0.0,837.24933,836.9407757349679,-0.3085542650320576,0.3085542650320576
G01_R0570,G01,train,250,50,1e-06,0.8,0.3,0.0,0.0,1778.34497,1778.3756679626742,0.0306979626741394,0.0306979626741394
G01_R0571,G01,train,250,50,1e-06,0.75,0.1,0.0,0.0,264.44832,264.7956111262436,0.34729112624359,0.34729112624359
G01_R0572,G01,train,250,50,1e-06,0.75,0.2,0.0,0.0,841.9489500000001,842.7527753162644,0.8038253162643514,0.8038253162643514
G01_R0573,G01,train,250,50,1e-06,0.75,0.3,0.0,0.0,1787.64447,1788.9943183193996,1.349848319399598,1.349848319399598
G01_R0574,G01,train,250,50,1e-06,0.7,0.1,0.0,0.0,266.26800000000003,265.7839517371093,-0.4840482628907239,0.4840482628907239
G01_R0575,G01,train,250,50,1e-06,0.7,0.2,0.0,0.0,847.4685400000001,848.0600069184252,0.5914669184251125,0.5914669184251125
G01_R0576,G01,train,250,50,1e-06,0.7,0.3,0.0,0.0,1798.64394,1798.9522306079164,0.3082906079164331,0.3082906079164331
G01_R0577,G01,train,500,3,0.001,0.85,0.1,0.0,0.0,101.954271,102.12209011419722,0.1678191141972149,0.1678191141972149
G01_R0578,G01,train,500,3,0.001,0.85,0.2,0.0,0.0,149.806504,150.51720311526185,0.7106991152618605,0.7106991152618605
G01_R0579,G01,train,500,3,0.001,0.85,0.3,0.0,0.0,221.47407,222.35211564755784,0.8780456475578262,0.8780456475578262
G01_R0580,G01,train,500,3,0.001,0.8,0.1,0.0,0.0,102.649913,102.57712774462604,-0.0727852553739438,0.0727852553739438
G01_R0581,G01,train,500,3,0.001,0.8,0.2,0.0,0.0,151.151389,150.96606852568428,-0.1853204743157164,0.1853204743157164
G01_R0582,G01,train,500,3,0.001,0.8,0.3,0.0,0.0,223.91763,223.80705314493105,-0.1105768550689845,0.1105768550689845
G01_R0583,G01,test,500,3,0.001,0.75,0.1,0.0,0.0,103.405226,103.560244988796,0.1550189887960158,0.1550189887960158
G01_R0584,G01,train,500,3,0.001,0.75,0.2,0.0,0.0,152.61586599999998,152.75808965027875,0.1422236502787655,0.1422236502787655
G01_R0585,G01,test,500,3,0.001,0.75,0.3,0.0,0.0,226.59066,227.2806014436206,0.6899414436205973,0.6899414436205973
G01_R0586,G01,train,500,3,0.001,0.7,0.1,0.0,0.0,104.200144,103.94672934546251,-0.2534146545374653,0.2534146545374653
G01_R0587,G01,test,500,3,0.001,0.7,0.2,0.0,0.0,154.209856,153.7161756656269,-0.4936803343730673,0.4936803343730673
G01_R0588,G01,train,500,3,0.001,0.7,0.3,0.0,0.0,229.54306,227.82056459143325,-1.7224954085667434,1.7224954085667434
G01_R0589,G01,train,500,3,0.0001,0.85,0.1,0.0,0.0,125.07088,125.1630797792176,0.0921997792176085,0.0921997792176085
G01_R0590,G01,test,500,3,0.0001,0.85,0.2,0.0,0.0,198.28871,198.7770411169533,0.4883311169533328,0.4883311169533328
G01_R0591,G01,train,500,3,0.0001,0.85,0.3,0.0,0.0,311.60931,312.55352057645376,0.94421057645377,0.94421057645377
G01_R0592,G01,train,500,3,0.0001,0.8,0.1,0.0,0.0,125.65806,125.63156954319372,-0.0264904568062718,0.0264904568062718
G01_R0593,G01,train,500,3,0.0001,0.8,0.2,0.0,0.0,199.95546,199.84532529259891,-0.1101347074010448,0.1101347074010448
G01_R0594,G01,train,500,3,0.0001,0.8,0.3,0.0,0.0,314.99512,314.62538773052296,-0.3697322694770264,0.3697322694770264
G01_R0595,G01,test,500,3,0.0001,0.75,0.1,0.0,0.0,126.31497,126.6399272747067,0.3249572747066906,0.3249572747066906
G01_R0596,G01,train,500,3,0.0001,0.75,0.2,0.0,0.0,201.85189,202.2791203112699,0.4272303112699092,0.4272303112699092
G01_R0597,G01,test,500,3,0.0001,0.75,0.3,0.0,0.0,318.8505,319.740095883175,0.8895958831749908,0.8895958831749908
G01_R0598,G01,train,500,3,0.0001,0.7,0.1,0.0,0.0,127.04155,126.80702660363548,-0.2345233963645085,0.2345233963645085
G01_R0599,G01,test,500,3,0.0001,0.7,0.2,0.0,0.0,204.01795,203.33714851312467,-0.6808014868753389,0.6808014868753389
G01_R0600,G01,test,500,3,0.0001,0.7,0.3,0.0,0.0,323.3054,321.8300080607299,-1.4753919392701391,1.4753919392701391
G01_R0601,G01,train,500,3,1e-05,0.85,0.1,0.0,0.0,183.17389,183.37702835550004,0.2031383555000445,0.2031383555000445
G01_R0602,G01,train,500,3,1e-05,0.85,0.2,0.0,0.0,379.74146,380.43845024542566,0.6969902454256385,0.6969902454256385
G01_R0603,G01,test,500,3,1e-05,0.85,0.3,0.0,0.0,688.84847,697.6716429898709,8.82317298987084,8.82317298987084
G01_R0604,G01,train,500,3,1e-05,0.8,0.1,0.0,0.0,184.58263,184.47465561241384,-0.1079743875861538,0.1079743875861538
G01_R0605,G01,train,500,3,1e-05,0.8,0.2,0.0,0.0,384.28978,383.9543170289466,-0.3354629710534027,0.3354629710534027
G01_R0606,G01,test,500,3,1e-05,0.8,0.3,0.0,0.0,698.26634,697.6808355690374,-0.585504430962601,0.585504430962601
G01_R0607,G01,train,500,3,1e-05,0.75,0.1,0.0,0.0,186.23125,186.5402966608825,0.3090466608825011,0.3090466608825011
G01_R0608,G01,train,500,3,1e-05,0.75,0.2,0.0,0.0,389.56795,391.9009613371431,2.333011337143091,2.333011337143091
G01_R0609,G01,train,500,3,1e-05,0.75,0.3,0.0,0.0,709.17401,710.0947533146885,0.9207433146885932,0.9207433146885932
G01_R0610,G01,train,500,3,1e-05,0.7,0.1,0.0,0.0,188.18972,187.23929334659675,-0.9504266534032412,0.9504266534032412
G01_R0611,G01,train,500,3,1e-05,0.7,0.2,0.0,0.0,395.59593,394.1112910243576,-1.4846389756423832,1.4846389756423832
G01_R0612,G01,train,500,3,1e-05,0.7,0.3,0.0,0.0,721.7014300000001,720.1939421755569,-1.5074878244431602,1.5074878244431602
G01_R0613,G01,train,500,3,1e-06,0.85,0.1,0.0,0.0,568.96424,569.8359943011509,0.8717543011508724,0.8717543011508724
G01_R0614,G01,train,500,3,1e-06,0.85,0.2,0.0,0.0,1775.56795,1777.533774670891,1.9658246708909248,1.9658246708909248
G01_R0615,G01,train,500,3,1e-06,0.85,0.3,0.0,0.0,3742.59955,3747.258491412535,4.658941412535114,4.658941412535114
G01_R0616,G01,train,500,3,1e-06,0.8,0.1,0.0,0.0,573.63372,573.1377428991242,-0.495977100875848,0.495977100875848
G01_R0617,G01,train,500,3,1e-06,0.8,0.2,0.0,0.0,1790.26728,1789.4189702540953,-0.8483097459047713,0.8483097459047713
G01_R0618,G01,train,500,3,1e-06,0.8,0.3,0.0,0.0,3772.29867,3771.684446463567,-0.6142235364332009,0.6142235364332009
G01_R0619,G01,test,500,3,1e-06,0.75,0.1,0.0,0.0,579.11316,580.5026400082639,1.389480008263945,1.389480008263945
G01_R0620,G01,train,500,3,1e-06,0.75,0.2,0.0,0.0,1807.36656,1811.5805456888856,4.213985688885941,4.213985688885941
G01_R0621,G01,train,500,3,1e-06,0.75,0.3,0.0,0.0,3807.09773,3823.860716741605,16.76298674160489,16.76298674160489
G01_R0622,G01,test,500,3,1e-06,0.7,0.1,0.0,0.0,585.63257,582.3954166686418,-3.237153331358172,3.237153331358172
G01_R0623,G01,train,500,3,1e-06,0.7,0.2,0.0,0.0,1827.56578,1823.063624852916,-4.502155147084295,4.502155147084295
G01_R0624,G01,train,500,3,1e-06,0.7,0.3,0.0,0.0,3847.79671,3851.050253778723,3.2535437787228147,3.2535437787228147
G01_R0625,G01,train,500,6,0.001,0.85,0.1,0.0,0.0,101.954271,102.13073786470912,0.1764668647091127,0.1764668647091127
G01_R0626,G01,test,500,6,0.001,0.85,0.2,0.0,0.0,149.806504,150.57766139361004,0.7711573936100535,0.7711573936100535
G01_R0627,G01,test,500,6,0.001,0.85,0.3,0.0,0.0,221.47407,222.3706124783913,0.896542478391325,0.896542478391325
G01_R0628,G01,train,500,6,0.001,0.8,0.1,0.0,0.0,102.649913,102.58577549513797,-0.064137504862046,0.064137504862046
G01_R0629,G01,train,500,6,0.001,0.8,0.2,0.0,0.0,151.151389,151.02561150549082,-0.1257774945091796,0.1257774945091796
G01_R0630,G01,train,500,6,0.001,0.8,0.3,0.0,0.0,223.91763,223.81148640076444,-0.1061435992355654,0.1061435992355654
G01_R0631,G01,train,500,6,0.001,0.75,0.1,0.0,0.0,103.405226,103.56041401454604,0.1551880145460273,0.1551880145460273
G01_R0632,G01,train,500,6,0.001,0.75,0.2,0.0,0.0,152.61586599999998,152.7879050933412,0.1720390933412261,0.1720390933412261
G01_R0633,G01,train,500,6,0.001,0.75,0.3,0.0,0.0,226.59066,227.259530041954,0.6688700419539657,0.6688700419539657
G01_R0634,G01,test,500,6,0.001,0.7,0.1,0.0,0.0,104.200144,103.94689837121254,-0.2532456287874538,0.2532456287874538
G01_R0635,G01,train,500,6,0.001,0.7,0.2,0.0,0.0,154.209856,153.7451605418769,-0.4646954581230886,0.4646954581230886
G01_R0636,G01,train,500,6,0.001,0.7,0.3,0.0,0.0,229.54306,227.7994931897666,-1.7435668102334034,1.7435668102334034
G01_R0637,G01,train,500,6,0.0001,0.85,0.1,0.0,0.0,125.07088,125.1630669594051,0.0921869594050974,0.0921869594050974
G01_R0638,G01,train,500,6,0.0001,0.85,0.2,0.0,0.0,198.28871,198.77625510445333,0.4875451044533179,0.4875451044533179
G01_R0639,G01,train,500,6,0.0001,0.85,0.3,0.0,0.0,311.60931,312.5913084893704,0.981998489370426,0.981998489370426
G01_R0640,G01,train,500,6,0.0001,0.8,0.1,0.0,0.0,125.65806,125.63228653254788,-0.0257734674521259,0.0257734674521259
G01_R0641,G01,train,500,6,0.0001,0.8,0.2,0.0,0.0,199.95546,199.84453928009896,-0.1109207199010313,0.1109207199010313
G01_R0642,G01,train,500,6,0.0001,0.8,0.3,0.0,0.0,314.99512,314.6631756434396,-0.3319443565603706,0.3319443565603706
G01_R0643,G01,test,500,6,0.0001,0.75,0.1,0.0,0.0,126.31497,126.63906676012336,0.3240967601233535,0.3240967601233535
G01_R0644,G01,train,500,6,0.0001,0.75,0.2,0.0,0.0,201.85189,202.27833429876992,0.4264442987699226,0.4264442987699226
G01_R0645,G01,train,500,6,0.0001,0.75,0.3,0.0,0.0,318.8505,319.7407879153178,0.8902879153177992,0.8902879153177992
G01_R0646,G01,train,500,6,0.0001,0.7,0.1,0.0,0.0,127.04155,126.80616608905216,-0.2353839109478457,0.2353839109478457
G01_R0647,G01,train,500,6,0.0001,0.7,0.2,0.0,0.0,204.01795,203.33714851312467,-0.6808014868753389,0.6808014868753389
G01_R0648,G01,train,500,6,0.0001,0.7,0.3,0.0,0.0,323.3054,321.83070009287275,-1.474699907127274,1.474699907127274
G01_R0649,G01,train,500,6,1e-05,0.85,0.1,0.0,0.0,183.17389,183.37081629508344,0.1969262950834149,0.1969262950834149
G01_R0650,G01,train,500,6,1e-05,0.85,0.2,0.0,0.0,379.74146,380.46115841313406,0.71969841313404,0.71969841313404
G01_R0651,G01,test,500,6,1e-05,0.85,0.3,0.0,0.0,688.84847,697.6716429898709,8.82317298987084,8.82317298987084
G01_R0652,G01,train,500,6,1e-05,0.8,0.1,0.0,0.0,184.58263,184.46538559158057,-0.1172444084194239,0.1172444084194239
G01_R0653,G01,train,500,6,1e-05,0.8,0.2,0.0,0.0,384.28978,383.9889831491551,-0.3007968508449608,0.3007968508449608
G01_R0654,G01,train,500,6,1e-05,0.8,0.3,0.0,0.0,698.26634,697.6794766398708,-0.5868633601292004,0.5868633601292004
G01_R0655,G01,train,500,6,1e-05,0.75,0.1,0.0,0.0,186.23125,186.4768363695731,0.2455863695731182,0.2455863695731182
G01_R0656,G01,test,500,6,1e-05,0.75,0.2,0.0,0.0,389.56795,392.1682150861609,2.6002650861609027,2.6002650861609027
G01_R0657,G01,train,500,6,1e-05,0.75,0.3,0.0,0.0,709.17401,710.0692357730221,0.8952257730221618,0.8952257730221618
G01_R0658,G01,test,500,6,1e-05,0.7,0.1,0.0,0.0,188.18972,187.17583305528737,-1.013886944712624,1.013886944712624
G01_R0659,G01,train,500,6,1e-05,0.7,0.2,0.0,0.0,395.59593,394.3877440708756,-1.208185929124454,1.208185929124454
G01_R0660,G01,train,500,6,1e-05,0.7,0.3,0.0,0.0,721.7014300000001,720.1684246338903,-1.533005366109819,1.533005366109819
G01_R0661,G01,train,500,6,1e-06,0.85,0.1,0.0,0.0,568.96424,569.846860771151,0.8826207711509824,0.8826207711509824
G01_R0662,G01,train,500,6,1e-06,0.85,0.2,0.0,0.0,1775.56795,1777.6358943381829,2.067944338182542,2.067944338182542
G01_R0663,G01,train,500,6,1e-06,0.85,0.3,0.0,0.0,3742.59955,3747.2917591414334,4.692209141434432,4.692209141434432
G01_R0664,G01,train,500,6,1e-06,0.8,0.1,0.0,0.0,573.63372,573.1574800628744,-0.4762399371256833,0.4762399371256833
G01_R0665,G01,train,500,6,1e-06,0.8,0.2,0.0,0.0,1790.26728,1789.6114304853454,-0.6558495146546193,0.6558495146546193
G01_R0666,G01,train,500,6,1e-06,0.8,0.3,0.0,0.0,3772.29867,3771.6335654350346,-0.6651045649655316,0.6651045649655316
G01_R0667,G01,train,500,6,1e-06,0.75,0.1,0.0,0.0,579.11316,580.5409475561806,1.4277875561806468,1.4277875561806468
G01_R0668,G01,train,500,6,1e-06,0.75,0.2,0.0,0.0,1807.36656,1810.9406661197788,3.574106119778889,3.574106119778889
G01_R0669,G01,test,500,6,1e-06,0.75,0.3,0.0,0.0,3807.09773,3825.797462224237,18.699732224237323,18.699732224237323
G01_R0670,G01,train,500,6,1e-06,0.7,0.1,0.0,0.0,585.63257,582.4290903415584,-3.203479658441552,3.203479658441552
G01_R0671,G01,test,500,6,1e-06,0.7,0.2,0.0,0.0,1827.56578,1822.5166917247311,-5.049088275268787,5.049088275268787
G01_R0672,G01,train,500,6,1e-06,0.7,0.3,0.0,0.0,3847.79671,3851.51283037016,3.7161203701598415,3.7161203701598415
G01_R0673,G01,train,500,20,0.001,0.85,0.1,0.0,0.0,101.954271,102.14962878717937,0.195357787179347,0.195357787179347
G01_R0674,G01,train,500,20,0.001,0.85,0.2,0.0,0.0,149.806504,150.5554599911635,0.7489559911635126,0.7489559911635126
G01_R0675,G01,train,500,20,0.001,0.85,0.3,0.0,0.0,221.47407,222.2072040503852,0.7331340503851891,0.7331340503851891
G01_R0676,G01,train,500,20,0.001,0.8,0.1,0.0,0.0,102.649913,102.60533800198311,-0.0445749980168699,0.0445749980168699
G01_R0677,G01,test,500,20,0.001,0.8,0.2,0.0,0.0,151.151389,151.00341010262756,-0.1479788973724396,0.1479788973724396
G01_R0678,G01,test,500,20,0.001,0.8,0.3,0.0,0.0,223.91763,223.64807797275836,-0.2695520272416729,0.2695520272416729
G01_R0679,G01,train,500,20,0.001,0.75,0.1,0.0,0.0,103.405226,103.56248502662942,0.1572590266294184,0.1572590266294184
G01_R0680,G01,train,500,20,0.001,0.75,0.2,0.0,0.0,152.61586599999998,152.8181796572092,0.2023136572092028,0.2023136572092028
G01_R0681,G01,test,500,20,0.001,0.75,0.3,0.0,0.0,226.59066,227.193456753948,0.6027967539479846,0.6027967539479846
G01_R0682,G01,train,500,20,0.001,0.7,0.1,0.0,0.0,104.200144,103.95019281610844,-0.249951183891568,0.249951183891568
G01_R0683,G01,train,500,20,0.001,0.7,0.2,0.0,0.0,154.209856,153.77743003032802,-0.4324259696719821,0.4324259696719821
G01_R0684,G01,test,500,20,0.001,0.7,0.3,0.0,0.0,229.54306,227.73341990176064,-1.809640098239356,1.809640098239356
G01_R0685,G01,train,500,20,0.0001,0.85,0.1,0.0,0.0,125.07088,125.16581650879704,0.0949365087970477,0.0949365087970477
G01_R0686,G01,train,500,20,0.0001,0.85,0.2,0.0,0.0,198.28871,198.73721594061416,0.4485059406141545,0.4485059406141545
G01_R0687,G01,train,500,20,0.0001,0.85,0.3,0.0,0.0,311.60931,312.6617131232542,1.0524031232541802,1.0524031232541802
G01_R0688,G01,train,500,20,0.0001,0.8,0.1,0.0,0.0,125.65806,125.63281009866884,-0.0252499013311791,0.0252499013311791
G01_R0689,G01,train,500,20,0.0001,0.8,0.2,0.0,0.0,199.95546,199.8080389037602,-0.1474210962397819,0.1474210962397819
G01_R0690,G01,train,500,20,0.0001,0.8,0.3,0.0,0.0,314.99512,314.7382234302993,-0.2568965697007002,0.2568965697007002
G01_R0691,G01,train,500,20,0.0001,0.75,0.1,0.0,0.0,126.31497,126.59436556555396,0.2793955655539548,0.2793955655539548
G01_R0692,G01,test,500,20,0.0001,0.75,0.2,0.0,0.0,201.85189,202.3777321521032,0.5258421521031948,0.5258421521031948
G01_R0693,G01,train,500,20,0.0001,0.75,0.3,0.0,0.0,318.8505,319.7707126661163,0.9202126661162991,0.9202126661162991
G01_R0694,G01,test,500,20,0.0001,0.7,0.1,0.0,0.0,127.04155,126.76104807573276,-0.2805019242672557,0.2805019242672557
G01_R0695,G01,train,500,20,0.0001,0.7,0.2,0.0,0.0,204.01795,203.43654636645795,-0.5814036335420667,0.5814036335420667
G01_R0696,G01,train,500,20,0.0001,0.7,0.3,0.0,0.0,323.3054,321.8530692697129,-1.4523307302871444,1.4523307302871444
G01_R0697,G01,train,500,20,1e-05,0.85,0.1,0.0,0.0,183.17389,183.3767984990414,0.2029084990413991,0.2029084990413991
G01_R0698,G01,train,500,20,1e-05,0.85,0.2,0.0,0.0,379.74146,380.4493361204264,0.7078761204264197,0.7078761204264197
G01_R0699,G01,train,500,20,1e-05,0.85,0.3,0.0,0.0,688.84847,697.2948705721625,8.446400572162474,8.446400572162474
G01_R0700,G01,train,500,20,1e-05,0.8,0.1,0.0,0.0,184.58263,184.4708364526223,-0.1117935473776867,0.1117935473776867
G01_R0701,G01,train,500,20,1e-05,0.8,0.2,0.0,0.0,384.28978,383.9783980756436,-0.3113819243563966,0.3113819243563966
G01_R0702,G01,train,500,20,1e-05,0.8,0.3,0.0,0.0,698.26634,697.3027042221624,-0.9636357778375668,0.9636357778375668
G01_R0703,G01,train,500,20,1e-05,0.75,0.1,0.0,0.0,186.23125,186.47049688802565,0.2392468880256615,0.2392468880256615
G01_R0704,G01,train,500,20,1e-05,0.75,0.2,0.0,0.0,389.56795,392.0577761019936,2.489826101993572,2.489826101993572
G01_R0705,G01,train,500,20,1e-05,0.75,0.3,0.0,0.0,709.17401,709.7287875191228,0.5547775191228084,0.5547775191228084
G01_R0706,G01,test,500,20,1e-05,0.7,0.1,0.0,0.0,188.18972,187.16833702612084,-1.021382973879156,1.021382973879156
G01_R0707,G01,train,500,20,1e-05,0.7,0.2,0.0,0.0,395.59593,394.2737655635236,-1.3221644364764416,1.3221644364764416
G01_R0708,G01,train,500,20,1e-05,0.7,0.3,0.0,0.0,721.7014300000001,719.9848041203477,-1.7166258796523834,1.7166258796523834
G01_R0709,G01,train,500,20,1e-06,0.85,0.1,0.0,0.0,568.96424,569.8091217310919,0.8448817310918457,0.8448817310918457
G01_R0710,G01,train,500,20,1e-06,0.85,0.2,0.0,0.0,1775.56795,1777.6858721326614,2.117922132661306,2.117922132661306
G01_R0711,G01,train,500,20,1e-06,0.85,0.3,0.0,0.0,3742.59954,3747.254218707162,4.654678707162475,4.654678707162475
G01_R0712,G01,train,500,20,1e-06,0.8,0.1,0.0,0.0,573.63372,573.1756996069819,-0.4580203930181596,0.4580203930181596
G01_R0713,G01,train,500,20,1e-06,0.8,0.2,0.0,0.0,1790.26728,1789.6354938535542,-0.6317861464458474,0.6317861464458474
G01_R0714,G01,train,500,20,1e-06,0.8,0.3,0.0,0.0,3772.39867,3771.690986434012,-0.7076835659881908,0.7076835659881908
G01_R0715,G01,train,500,20,1e-06,0.75,0.1,0.0,0.0,579.11316,580.5237777547226,1.4106177547225798,1.4106177547225798
G01_R0716,G01,train,500,20,1e-06,0.75,0.2,0.0,0.0,1807.36656,1810.6923565115044,3.32579651150445,3.32579651150445
G01_R0717,G01,train,500,20,1e-06,0.75,0.3,0.0,0.0,3807.09773,3823.3796745196114,16.281944519611443,16.281944519611443
G01_R0718,G01,train,500,20,1e-06,0.7,0.1,0.0,0.0,585.63257,582.4042332086419,-3.2283367913580605,3.2283367913580605
G01_R0719,G01,test,500,20,1e-06,0.7,0.2,0.0,0.0,1827.56578,1821.9502391672956,-5.6155408327044825,5.6155408327044825
G01_R0720,G01,train,500,20,1e-06,0.7,0.3,0.0,0.0,3847.79671,3851.823488997655,4.0267789976551285,4.0267789976551285
G01_R0721,G01,test,500,50,0.001,0.85,0.1,0.0,0.0,101.954271,102.15728492547105,0.2030139254710263,0.2030139254710263
G01_R0722,G01,test,500,50,0.001,0.85,0.2,0.0,0.0,149.806503,150.5560341236635,0.7495311236635018,0.7495311236635018
G01_R0723,G01,train,500,50,0.001,0.85,0.3,0.0,0.0,221.47407,222.2008515183018,0.7267815183017774,0.7267815183017774
G01_R0724,G01,train,500,50,0.001,0.8,0.1,0.0,0.0,102.659913,102.61470546912896,-0.0452075308710391,0.0452075308710391
G01_R0725,G01,train,500,50,0.001,0.8,0.2,0.0,0.0,151.151388,151.0041295720026,-0.1472584279974,0.1472584279974
G01_R0726,G01,train,500,50,0.001,0.8,0.3,0.0,0.0,223.91763,223.6498718178178,-0.2677581821822059,0.2677581821822059
G01_R0727,G01,train,500,50,0.001,0.75,0.1,0.0,0.0,103.405226,103.57114037973356,0.1659143797335645,0.1659143797335645
G01_R0728,G01,train,500,50,0.001,0.75,0.2,0.0,0.0,152.615865,152.8343740815842,0.2185090815841874,0.2185090815841874
G01_R0729,G01,train,500,50,0.001,0.75,0.3,0.0,0.0,226.59066,227.20132313650757,0.6106631365075259,0.6106631365075259
G01_R0730,G01,train,500,50,0.001,0.7,0.1,0.0,0.0,104.200144,103.95884816921256,-0.241295830787422,0.241295830787422
G01_R0731,G01,train,500,50,0.001,0.7,0.2,0.0,0.0,154.209855,153.79767792282803,-0.4121770771719752,0.4121770771719752
G01_R0732,G01,test,500,50,0.001,0.7,0.3,0.0,0.0,229.54306,227.73794499682012,-1.80511500317985,1.80511500317985
G01_R0733,G01,train,500,50,0.0001,0.85,0.1,0.0,0.0,125.080879,125.17556285662748,0.0946838566274834,0.0946838566274834
G01_R0734,G01,train,500,50,0.0001,0.85,0.2,0.0,0.0,198.29871,198.71417410662613,0.415464106626132,0.415464106626132
G01_R0735,G01,test,500,50,0.0001,0.85,0.3,0.0,0.0,311.62931,312.6842580034625,1.0549480034625276,1.0549480034625276
G01_R0736,G01,train,500,50,0.0001,0.8,0.1,0.0,0.0,125.66806,125.64212772462426,-0.0259322753757373,0.0259322753757373
G01_R0737,G01,train,500,50,0.0001,0.8,0.2,0.0,0.0,199.97546,199.7841445447722,-0.1913154552277944,0.1913154552277944
G01_R0738,G01,train,500,50,0.0001,0.8,0.3,0.0,0.0,315.00512000000003,314.76544421050755,-0.2396757894924803,0.2396757894924803
G01_R0739,G01,train,500,50,0.0001,0.75,0.1,0.0,0.0,126.32497,126.58013042550937,0.2551604255093735,0.2551604255093735
G01_R0740,G01,train,500,50,0.0001,0.75,0.2,0.0,0.0,201.87189,202.38883979418645,0.5169497941864449,0.5169497941864449
G01_R0741,G01,train,500,50,0.0001,0.75,0.3,0.0,0.0,318.8705,319.8064059133782,0.9359059133782353,0.9359059133782353
G01_R0742,G01,train,500,50,0.0001,0.7,0.1,0.0,0.0,127.06155,126.74681293568814,-0.3147370643118563,0.3147370643118563
G01_R0743,G01,train,500,50,0.0001,0.7,0.2,0.0,0.0,204.03795,203.44213080645787,-0.5958191935421269,0.5958191935421269
G01_R0744,G01,train,500,50,0.0001,0.7,0.3,0.0,0.0,323.31539000000004,321.8847110794748,-1.4306789205252244,1.4306789205252244
G01_R0745,G01,train,500,50,1e-05,0.85,0.1,0.0,0.0,183.19389,183.3763045129104,0.1824145129104124,0.1824145129104124
G01_R0746,G01,train,500,50,1e-05,0.85,0.2,0.0,0.0,379.78146,380.5067902135514,0.7253302135514446,0.7253302135514446
G01_R0747,G01,test,500,50,1e-05,0.85,0.3,0.0,0.0,688.90847,697.2431026813292,8.334632681329254,8.334632681329254
G01_R0748,G01,train,500,50,1e-05,0.8,0.1,0.0,0.0,184.61263,184.47748881211635,-0.1351411878836472,0.1351411878836472
G01_R0749,G01,train,500,50,1e-05,0.8,0.2,0.0,0.0,384.34978,384.0445119562687,-0.3052680437313029,0.3052680437313029
G01_R0750,G01,train,500,50,1e-05,0.8,0.3,0.0,0.0,698.34634,697.2509363313292,-1.0954036686708832,1.0954036686708832
G01_R0751,G01,train,500,50,1e-05,0.75,0.1,0.0,0.0,186.27125,186.585580063368,0.3143300633679473,0.3143300633679473
G01_R0752,G01,test,500,50,1e-05,0.75,0.2,0.0,0.0,389.65795,392.1106683159519,2.45271831595187,2.45271831595187
G01_R0753,G01,train,500,50,1e-05,0.75,0.3,0.0,0.0,709.29401,709.7303207128726,0.4363107128726824,0.4363107128726824
G01_R0754,G01,train,500,50,1e-05,0.7,0.1,0.0,0.0,188.19972,187.28342020146312,-0.9162997985368976,0.9162997985368976
G01_R0755,G01,train,500,50,1e-05,0.7,0.2,0.0,0.0,395.70593,394.3266577774819,-1.379272222518125,1.379272222518125
G01_R0756,G01,train,500,50,1e-05,0.7,0.3,0.0,0.0,721.8414300000001,720.0106415820142,-1.8307884179859,1.8307884179859
G01_R0757,G01,train,500,50,1e-06,0.85,0.1,0.0,0.0,568.96424,569.8091217310919,0.8448817310918457,0.8448817310918457
G01_R0758,G01,train,500,50,1e-06,0.85,0.2,0.0,0.0,1775.56795,1777.6825913897442,2.114641389744065,2.114641389744065
G01_R0759,G01,train,500,50,1e-06,0.85,0.3,0.0,0.0,3742.59954,3747.243011996479,4.643471996478638,4.643471996478638
G01_R0760,G01,test,500,50,1e-06,0.8,0.1,0.0,0.0,573.63372,573.1756996069819,-0.4580203930181596,0.4580203930181596
G01_R0761,G01,train,500,50,1e-06,0.8,0.2,0.0,0.0,1790.26728,1789.6257068185537,-0.6415731814465744,0.6415731814465744
G01_R0762,G01,train,500,50,1e-06,0.8,0.3,0.0,0.0,3772.39867,3771.6278392213344,-0.7708307786656405,0.7708307786656405
G01_R0763,G01,train,500,50,1e-06,0.75,0.1,0.0,0.0,579.1231600000001,580.5237777547226,1.4006177547224752,1.4006177547224752
G01_R0764,G01,train,500,50,1e-06,0.75,0.2,0.0,0.0,1807.36656,1811.313448300046,3.946888300046112,3.946888300046112
G01_R0765,G01,test,500,50,1e-06,0.75,0.3,0.0,0.0,3807.09773,3823.566272000861,16.468542000861362,16.468542000861362
G01_R0766,G01,test,500,50,1e-06,0.7,0.1,0.0,0.0,585.63257,582.4042332086419,-3.2283367913580605,3.2283367913580605
G01_R0767,G01,train,500,50,1e-06,0.7,0.2,0.0,0.0,1827.56578,1822.518890062088,-5.046889937912056,5.046889937912056
G01_R0768,G01,train,500,50,1e-06,0.7,0.3,0.0,0.0,3847.89671,3851.808782963491,3.912072963491028,3.912072963491028
G02_R0001,G02,train,25,3,0.001,0.85,0.1,0.1,4.0,3.6471533,3.646223839492965,-0.0009294605070349,0.0009294605070349
G02_R0002,G02,train,25,3,0.001,0.85,0.2,0.1,4.0,5.1354064,5.13346226546553,-0.0019441345344697,0.0019441345344697
G02_R0003,G02,train,25,3,0.001,0.85,0.3,0.1,4.0,7.3574994,7.3543889159183955,-0.0031104840816045,0.0031104840816045
G02_R0004,G02,train,25,3,0.001,0.8,0.1,0.1,4.0,3.6594416,3.657277659293381,-0.0021639407066191,0.0021639407066191
G02_R0005,G02,train,25,3,0.001,0.8,0.2,0.1,4.0,5.159096,5.156407682289236,-0.0026883177107643,0.0026883177107643
G02_R0006,G02,train,25,3,0.001,0.8,0.3,0.1,4.0,7.3960272,7.390381602355432,-0.0056455976445679,0.0056455976445679
G02_R0007,G02,train,25,3,0.001,0.75,0.1,0.1,4.0,3.6723049,3.671015821176522,-0.0012890788234778,0.0012890788234778
G02_R0008,G02,train,25,3,0.001,0.75,0.2,0.1,4.0,5.184046,5.180973536357949,-0.0030724636420513,0.0030724636420513
G02_R0009,G02,test,25,3,0.001,0.75,0.3,0.1,4.0,7.437107800000001,7.431731792655755,-0.0053760073442452,0.0053760073442452
G02_R0010,G02,train,25,3,0.001,0.7,0.1,0.1,4.0,3.6858401,3.684176903533014,-0.0016631964669859,0.0016631964669859
G02_R0011,G02,train,25,3,0.001,0.7,0.2,0.1,4.0,5.210450799999999,5.208456247384305,-0.0019945526156943,0.0019945526156943
G02_R0012,G02,train,25,3,0.001,0.7,0.3,0.1,4.0,7.4809344,7.476484697570765,-0.0044497024292349,0.0044497024292349
G02_R0013,G02,train,25,3,0.0001,0.85,0.1,0.1,4.0,4.5919345,4.593065758739966,0.0011312587399663,0.0011312587399663
G02_R0014,G02,train,25,3,0.0001,0.85,0.2,0.1,4.0,7.0055531,7.003207779522878,-0.0023453204771222,0.0023453204771222
G02_R0015,G02,train,25,3,0.0001,0.85,0.3,0.1,4.0,10.880335,10.882527423570371,0.0021924235703707,0.0021924235703707
G02_R0016,G02,train,25,3,0.0001,0.8,0.1,0.1,4.0,4.601800999999999,4.59726885762043,-0.0045321423795687,0.0045321423795687
G02_R0017,G02,train,25,3,0.0001,0.8,0.2,0.1,4.0,7.0236656,7.020318016858568,-0.0033475831414317,0.0033475831414317
G02_R0018,G02,train,25,3,0.0001,0.8,0.3,0.1,4.0,10.910991,10.897402996493016,-0.0135880035069835,0.0135880035069835
G02_R0019,G02,train,25,3,0.0001,0.75,0.1,0.1,4.0,4.6122436,4.612777803397354,0.0005342033973541,0.0005342033973541
G02_R0020,G02,test,25,3,0.0001,0.75,0.2,0.1,4.0,7.0430479,7.034470705812803,-0.0085771941871977,0.0085771941871977
G02_R0021,G02,train,25,3,0.0001,0.75,0.3,0.1,4.0,10.945609,10.94109685261419,-0.0045121473858085,0.0045121473858085
G02_R0022,G02,test,25,3,0.0001,0.7,0.1,0.1,4.0,4.6232581,4.619860734674386,-0.0033973653256138,0.0033973653256138
G02_R0023,G02,test,25,3,0.0001,0.7,0.2,0.1,4.0,7.0640948,7.052855545301254,-0.0112392546987463,0.0112392546987463
G02_R0024,G02,train,25,3,0.0001,0.7,0.3,0.1,4.0,10.982185,10.97551249648862,-0.0066725035113783,0.0066725035113783
G02_R0025,G02,train,25,3,1e-05,0.85,0.1,0.1,4.0,6.869017,6.869318552386892,0.0003015523868912,0.0003015523868912
G02_R0026,G02,train,25,3,1e-05,0.85,0.2,0.1,4.0,14.387474,14.38338935304609,-0.0040846469539097,0.0040846469539097
G02_R0027,G02,train,25,3,1e-05,0.85,0.3,0.1,4.0,26.5055,26.503950170377763,-0.0015498296222382,0.0015498296222382
G02_R0028,G02,train,25,3,1e-05,0.8,0.1,0.1,4.0,6.88063,6.878407203108118,-0.0022227968918819,0.0022227968918819
G02_R0029,G02,train,25,3,1e-05,0.8,0.2,0.1,4.0,14.413358,14.40779238529804,-0.0055656147019611,0.0055656147019611
G02_R0030,G02,train,25,3,1e-05,0.8,0.3,0.1,4.0,26.552348,26.5410055179514,-0.011342482048601,0.011342482048601
G02_R0031,G02,test,25,3,1e-05,0.75,0.1,0.1,4.0,6.893534,6.891328048945391,-0.0022059510546093,0.0022059510546093
G02_R0032,G02,train,25,3,1e-05,0.75,0.2,0.1,4.0,14.443231,14.440805557637775,-0.0024254423622256,0.0024254423622256
G02_R0033,G02,test,25,3,1e-05,0.75,0.3,0.1,4.0,26.605182,26.56789791742949,-0.0372840825705083,0.0372840825705083
G02_R0034,G02,train,25,3,1e-05,0.7,0.1,0.1,4.0,6.907927,6.904216300709879,-0.0037106992901208,0.0037106992901208
G02_R0035,G02,test,25,3,1e-05,0.7,0.2,0.1,4.0,14.47609,14.465187531971196,-0.010902468028803,0.010902468028803
G02_R0036,G02,test,25,3,1e-05,0.7,0.3,0.1,4.0,26.664999,26.65064133379497,-0.0143576662050328,0.0143576662050328
G02_R0037,G02,train,25,3,1e-06,0.85,0.1,0.1,4.0,24.717545,24.71446111374988,-0.0030838862501241,0.0030838862501241
G02_R0038,G02,test,25,3,1e-06,0.85,0.2,0.1,4.0,79.438593,79.42775991773249,-0.01083308226751,0.01083308226751
G02_R0039,G02,train,25,3,1e-06,0.85,0.3,0.1,4.0,169.35117300000002,169.33885024982175,-0.0123227501782423,0.0123227501782423
G02_R0040,G02,test,25,3,1e-06,0.8,0.1,0.1,4.0,24.767511,24.76037536888839,-0.007135631111609,0.007135631111609
G02_R0041,G02,train,25,3,1e-06,0.8,0.2,0.1,4.0,79.53954900000001,79.52475234913555,-0.0147966508644543,0.0147966508644543
G02_R0042,G02,train,25,3,1e-06,0.8,0.3,0.1,4.0,169.521119,169.5083187298717,-0.0128002701283094,0.0128002701283094
G02_R0043,G02,test,25,3,1e-06,0.75,0.1,0.1,4.0,24.822475,24.81751891787894,-0.0049560821210619,0.0049560821210619
G02_R0044,G02,test,25,3,1e-06,0.75,0.2,0.1,4.0,79.65250300000001,79.64057458918208,-0.01192841081793,0.01192841081793
G02_R0045,G02,test,25,3,1e-06,0.75,0.3,0.1,4.0,169.711061,169.69268025095846,-0.0183807490415404,0.0183807490415404
G02_R0046,G02,train,25,3,1e-06,0.7,0.1,0.1,4.0,24.882436,24.87945723620077,-0.0029787637992235,0.0029787637992235
G02_R0047,G02,train,25,3,1e-06,0.7,0.2,0.1,4.0,79.778453,79.76281935327938,-0.0156336467206159,0.0156336467206159
G02_R0048,G02,train,25,3,1e-06,0.7,0.3,0.1,4.0,169.920998,169.89638887259466,-0.0246091274053412,0.0246091274053412
G02_R0049,G02,train,25,6,0.001,0.85,0.1,0.1,4.0,3.6471533,3.646197893257548,-0.0009554067424519,0.0009554067424519
G02_R0050,G02,train,25,6,0.001,0.85,0.2,0.1,4.0,5.1354064,5.133457045171483,-0.0019493548285165,0.0019493548285165
G02_R0051,G02,train,25,6,0.001,0.85,0.3,0.1,4.0,7.3574994,7.354928319460066,-0.0025710805399334,0.0025710805399334
G02_R0052,G02,train,25,6,0.001,0.8,0.1,0.1,4.0,3.6594416,3.657075687902752,-0.0023659120972485,0.0023659120972485
G02_R0053,G02,train,25,6,0.001,0.8,0.2,0.1,4.0,5.159096,5.156568322797564,-0.002527677202436,0.002527677202436
G02_R0054,G02,train,25,6,0.001,0.8,0.3,0.1,4.0,7.3960272,7.390341377263764,-0.0056858227362353,0.0056858227362353
G02_R0055,G02,train,25,6,0.001,0.75,0.1,0.1,4.0,3.6723049,3.6710803430483976,-0.0012245569516022,0.0012245569516022
G02_R0056,G02,train,25,6,0.001,0.75,0.2,0.1,4.0,5.184046,5.180765328291874,-0.0032806717081266,0.0032806717081266
G02_R0057,G02,train,25,6,0.001,0.75,0.3,0.1,4.0,7.437107800000001,7.431731792655755,-0.0053760073442452,0.0053760073442452
G02_R0058,G02,train,25,6,0.001,0.7,0.1,0.1,4.0,3.6858401,3.6841296624580138,-0.0017104375419862,0.0017104375419862
G02_R0059,G02,train,25,6,0.001,0.7,0.2,0.1,4.0,5.210450799999999,5.208473161659303,-0.0019776383406959,0.0019776383406959
G02_R0060,G02,train,25,6,0.001,0.7,0.3,0.1,4.0,7.4809344,7.476591632658266,-0.0043427673417335,0.0043427673417335
G02_R0061,G02,test,25,6,0.0001,0.85,0.1,0.1,4.0,4.5919345,4.59299384624205,0.0010593462420498,0.0010593462420498
G02_R0062,G02,test,25,6,0.0001,0.85,0.2,0.1,4.0,7.0055531,7.003202424697292,-0.0023506753027078,0.0023506753027078
G02_R0063,G02,train,25,6,0.0001,0.85,0.3,0.1,4.0,10.880335,10.881435718969168,0.0011007189691678,0.0011007189691678
G02_R0064,G02,test,25,6,0.0001,0.8,0.1,0.1,4.0,4.601800999999999,4.5972166342766805,-0.0045843657233186,0.0045843657233186
G02_R0065,G02,train,25,6,0.0001,0.8,0.2,0.1,4.0,7.0236656,7.0210029677913095,-0.0026626322086906,0.0026626322086906
G02_R0066,G02,test,25,6,0.0001,0.8,0.3,0.1,4.0,10.910991,10.89629938062098,-0.0146916193790183,0.0146916193790183
G02_R0067,G02,train,25,6,0.0001,0.75,0.1,0.1,4.0,4.6122436,4.612804097897354,0.0005604978973536,0.0005604978973536
G02_R0068,G02,train,25,6,0.0001,0.75,0.2,0.1,4.0,7.0430479,7.034653238183638,-0.0083946618163626,0.0083946618163626
G02_R0069,G02,train,25,6,0.0001,0.75,0.3,0.1,4.0,10.945609,10.941528073069556,-0.0040809269304435,0.0040809269304435
G02_R0070,G02,train,25,6,0.0001,0.7,0.1,0.1,4.0,4.6232581,4.619885955486886,-0.003372144513114,0.003372144513114
G02_R0071,G02,test,25,6,0.0001,0.7,0.2,0.1,4.0,7.0640948,7.052908131155422,-0.0111866688445783,0.0111866688445783
G02_R0072,G02,train,25,6,0.0001,0.7,0.3,0.1,4.0,10.982185,10.975918391173137,-0.0062666088268628,0.0062666088268628
G02_R0073,G02,train,25,6,1e-05,0.85,0.1,0.1,4.0,6.869017,6.869196003136892,0.0001790031368917,0.0001790031368917
G02_R0074,G02,train,25,6,1e-05,0.85,0.2,0.1,4.0,14.387474,14.384074470379415,-0.0033995296205819,0.0033995296205819
G02_R0075,G02,test,25,6,1e-05,0.85,0.3,0.1,4.0,26.5055,26.50437455744026,-0.00112544255974,0.00112544255974
G02_R0076,G02,test,25,6,1e-05,0.8,0.1,0.1,4.0,6.88063,6.878318603920617,-0.0023113960793832,0.0023113960793832
G02_R0077,G02,train,25,6,1e-05,0.8,0.2,0.1,4.0,14.413358,14.4084070717772,-0.004950928222799,0.004950928222799
G02_R0078,G02,train,25,6,1e-05,0.8,0.3,0.1,4.0,26.552348,26.541515062263908,-0.0108329377360902,0.0108329377360902
G02_R0079,G02,train,25,6,1e-05,0.75,0.1,0.1,4.0,6.893534,6.89135340400789,-0.0021805959921099,0.0021805959921099
G02_R0080,G02,train,25,6,1e-05,0.75,0.2,0.1,4.0,14.443231,14.441063903795513,-0.0021670962044897,0.0021670962044897
G02_R0081,G02,train,25,6,1e-05,0.75,0.3,0.1,4.0,26.605182,26.568307934200323,-0.036874065799676,0.036874065799676
G02_R0082,G02,train,25,6,1e-05,0.7,0.1,0.1,4.0,6.907927,6.904216300709879,-0.0037106992901208,0.0037106992901208
G02_R0083,G02,train,25,6,1e-05,0.7,0.2,0.1,4.0,14.47609,14.46513787425691,-0.0109521257430884,0.0109521257430884
G02_R0084,G02,train,25,6,1e-05,0.7,0.3,0.1,4.0,26.664999,26.65064133379497,-0.0143576662050328,0.0143576662050328
G02_R0085,G02,train,25,6,1e-06,0.85,0.1,0.1,4.0,24.717545,24.7146339845832,-0.002911015416803,0.002911015416803
G02_R0086,G02,train,25,6,1e-06,0.85,0.2,0.1,4.0,79.438593,79.42684496475627,-0.0117480352437269,0.0117480352437269
G02_R0087,G02,train,25,6,1e-06,0.85,0.3,0.1,4.0,169.35117300000002,169.3398904799781,-0.0112825200219219,0.0112825200219219
G02_R0088,G02,train,25,6,1e-06,0.8,0.1,0.1,4.0,24.767511,24.76053259534672,-0.0069784046532781,0.0069784046532781
G02_R0089,G02,test,25,6,1e-06,0.8,0.2,0.1,4.0,79.53954900000001,79.52392296790933,-0.0156260320906795,0.0156260320906795
G02_R0090,G02,train,25,6,1e-06,0.8,0.3,0.1,4.0,169.521119,169.5080343094015,-0.0130846905985038,0.0130846905985038
G02_R0091,G02,train,25,6,1e-06,0.75,0.1,0.1,4.0,24.822475,24.81750268319144,-0.004972316808562,0.004972316808562
G02_R0092,G02,test,25,6,1e-06,0.75,0.2,0.1,4.0,79.65250300000001,79.6399144641404,-0.0125885358596065,0.0125885358596065
G02_R0093,G02,train,25,6,1e-06,0.75,0.3,0.1,4.0,169.711061,169.69268025095846,-0.0183807490415404,0.0183807490415404
G02_R0094,G02,train,25,6,1e-06,0.7,0.1,0.1,4.0,24.882436,24.879466032763272,-0.0029699672367264,0.0029699672367264
G02_R0095,G02,test,25,6,1e-06,0.7,0.2,0.1,4.0,79.778453,79.76172487375852,-0.0167281262414746,0.0167281262414746
G02_R0096,G02,train,25,6,1e-06,0.7,0.3,0.1,4.0,169.920998,169.89638887259466,-0.0246091274053412,0.0246091274053412
G02_R0097,G02,train,25,20,0.001,0.85,0.1,0.1,4.0,3.6471533,3.646053742098619,-0.0010995579013806,0.0010995579013806
G02_R0098,G02,train,25,20,0.001,0.85,0.2,0.1,4.0,5.1354064,5.133670378950706,-0.001736021049294,0.001736021049294
G02_R0099,G02,train,25,20,0.001,0.85,0.3,0.1,4.0,7.3574994,7.355393534974948,-0.0021058650250518,0.0021058650250518
G02_R0100,G02,train,25,20,0.001,0.8,0.1,0.1,4.0,3.6594416,3.6569143592225455,-0.0025272407774545,0.0025272407774545
G02_R0101,G02,train,25,20,0.001,0.8,0.2,0.1,4.0,5.159096,5.156849721558132,-0.0022462784418681,0.0022462784418681
G02_R0102,G02,test,25,20,0.001,0.8,0.3,0.1,4.0,7.3960272,7.389795370929833,-0.0062318290701668,0.0062318290701668
G02_R0103,G02,train,25,20,0.001,0.75,0.1,0.1,4.0,3.6723049,3.670973571773398,-0.0013313282266018,0.0013313282266018
G02_R0104,G02,test,25,20,0.001,0.75,0.2,0.1,4.0,5.184046,5.180463441026246,-0.0035825589737541,0.0035825589737541
G02_R0105,G02,train,25,20,0.001,0.75,0.3,0.1,4.0,7.437107800000001,7.432349901568854,-0.0047578984311469,0.0047578984311469
G02_R0106,G02,train,25,20,0.001,0.7,0.1,0.1,4.0,3.6858401,3.683683653064271,-0.0021564469357291,0.0021564469357291
G02_R0107,G02,train,25,20,0.001,0.7,0.2,0.1,4.0,5.210450799999999,5.208479181271208,-0.001971618728791,0.001971618728791
G02_R0108,G02,train,25,20,0.001,0.7,0.3,0.1,4.0,7.4809344,7.477186049316591,-0.0037483506834083,0.0037483506834083
G02_R0109,G02,train,25,20,0.0001,0.85,0.1,0.1,4.0,4.5919345,4.59275575999761,0.0008212599976102,0.0008212599976102
G02_R0110,G02,test,25,20,0.0001,0.85,0.2,0.1,4.0,7.0055531,7.003164921210686,-0.0023881787893138,0.0023881787893138
G02_R0111,G02,train,25,20,0.0001,0.85,0.3,0.1,4.0,10.880335,10.880829168866,0.0004941688659982,0.0004941688659982
G02_R0112,G02,test,25,20,0.0001,0.8,0.1,0.1,4.0,4.601800999999999,4.596992082181349,-0.0048089178186501,0.0048089178186501
G02_R0113,G02,train,25,20,0.0001,0.8,0.2,0.1,4.0,7.0236656,7.021257547517251,-0.0024080524827487,0.0024080524827487
G02_R0114,G02,test,25,20,0.0001,0.8,0.3,0.1,4.0,10.910991,10.895898743892808,-0.0150922561071915,0.0150922561071915
G02_R0115,G02,train,25,20,0.0001,0.75,0.1,0.1,4.0,4.6122436,4.613135511826671,0.0008919118266703,0.0008919118266703
G02_R0116,G02,train,25,20,0.0001,0.75,0.2,0.1,4.0,7.0430479,7.0357347295701445,-0.0073131704298559,0.0073131704298559
G02_R0117,G02,train,25,20,0.0001,0.75,0.3,0.1,4.0,10.945609,10.942103104617177,-0.0035058953828226,0.0035058953828226
G02_R0118,G02,train,25,20,0.0001,0.7,0.1,0.1,4.0,4.6232581,4.6202068389620345,-0.0030512610379656,0.0030512610379656
G02_R0119,G02,train,25,20,0.0001,0.7,0.2,0.1,4.0,7.0640948,7.053837863637267,-0.0102569363627331,0.0102569363627331
G02_R0120,G02,train,25,20,0.0001,0.7,0.3,0.1,4.0,10.982185,10.976661487333857,-0.0055235126661425,0.0055235126661425
G02_R0121,G02,train,25,20,1e-05,0.85,0.1,0.1,4.0,6.869017,6.869397701741057,0.0003807017410561,0.0003807017410561
G02_R0122,G02,test,25,20,1e-05,0.85,0.2,0.1,4.0,14.387474,14.385289077473152,-0.0021849225268457,0.0021849225268457
G02_R0123,G02,train,25,20,1e-05,0.85,0.3,0.1,4.0,26.5055,26.501875999157505,-0.0036240008424961,0.0036240008424961
G02_R0124,G02,train,25,20,1e-05,0.8,0.1,0.1,4.0,6.88063,6.878671862649779,-0.0019581373502211,0.0019581373502211
G02_R0125,G02,train,25,20,1e-05,0.8,0.2,0.1,4.0,14.413358,14.40854807457929,-0.0048099254207105,0.0048099254207105
G02_R0126,G02,test,25,20,1e-05,0.8,0.3,0.1,4.0,26.552348,26.53822069627283,-0.014127303727168,0.014127303727168
G02_R0127,G02,train,25,20,1e-05,0.75,0.1,0.1,4.0,6.893534,6.891435208990027,-0.0020987910099732,0.0020987910099732
G02_R0128,G02,train,25,20,1e-05,0.75,0.2,0.1,4.0,14.443231,14.44032169759909,-0.0029093024009103,0.0029093024009103
G02_R0129,G02,test,25,20,1e-05,0.75,0.3,0.1,4.0,26.605182,26.56346432269486,-0.0417176773051402,0.0417176773051402
G02_R0130,G02,train,25,20,1e-05,0.7,0.1,0.1,4.0,6.907927,6.903466078811057,-0.0044609211889428,0.0044609211889428
G02_R0131,G02,train,25,20,1e-05,0.7,0.2,0.1,4.0,14.47609,14.466949918051569,-0.0091400819484306,0.0091400819484306
G02_R0132,G02,train,25,20,1e-05,0.7,0.3,0.1,4.0,26.664999,26.652264905836656,-0.0127340941633455,0.0127340941633455
G02_R0133,G02,train,25,20,1e-06,0.85,0.1,0.1,4.0,24.717545,24.714642426748373,-0.0029025732516281,0.0029025732516281
G02_R0134,G02,train,25,20,1e-06,0.85,0.2,0.1,4.0,79.438593,79.42688525356587,-0.0117077464341264,0.0117077464341264
G02_R0135,G02,train,25,20,1e-06,0.85,0.3,0.1,4.0,169.35117300000002,169.34185846795438,-0.0093145320456358,0.0093145320456358
G02_R0136,G02,train,25,20,1e-06,0.8,0.1,0.1,4.0,24.767511,24.76093841328421,-0.0065725867157873,0.0065725867157873
G02_R0137,G02,train,25,20,1e-06,0.8,0.2,0.1,4.0,79.53954900000001,79.52646458696844,-0.0130844130315637,0.0130844130315637
G02_R0138,G02,train,25,20,1e-06,0.8,0.3,0.1,4.0,169.521119,169.50783326106807,-0.0132857389319269,0.0132857389319269
G02_R0139,G02,train,25,20,1e-06,0.75,0.1,0.1,4.0,24.822475,24.817192369530733,-0.0052826304692672,0.0052826304692672
G02_R0140,G02,test,25,20,1e-06,0.75,0.2,0.1,4.0,79.65250300000001,79.64068669155705,-0.0118163084429596,0.0118163084429596
G02_R0141,G02,train,25,20,1e-06,0.75,0.3,0.1,4.0,169.711061,169.69387033685726,-0.0171906631427418,0.0171906631427418
G02_R0142,G02,train,25,20,1e-06,0.7,0.1,0.1,4.0,24.882436,24.87926644503113,-0.0031695549688635,0.0031695549688635
G02_R0143,G02,train,25,20,1e-06,0.7,0.2,0.1,4.0,79.778453,79.76449902032103,-0.0139539796789733,0.0139539796789733
G02_R0144,G02,test,25,20,1e-06,0.7,0.3,0.1,4.0,169.920998,169.89241457431473,-0.0285834256852695,0.0285834256852695
G02_R0145,G02,train,25,50,0.001,0.85,0.1,0.1,4.0,3.6471533,3.645823456240884,-0.0013298437591156,0.0013298437591156
G02_R0146,G02,train,25,50,0.001,0.85,0.2,0.1,4.0,5.1354064,5.133659776659037,-0.0017466233409626,0.0017466233409626
G02_R0147,G02,train,25,50,0.001,0.85,0.3,0.1,4.0,7.3574994,7.355320853931193,-0.0021785460688068,0.0021785460688068
G02_R0148,G02,test,25,50,0.001,0.8,0.1,0.1,4.0,3.6594416,3.656861228864212,-0.0025803711357879,0.0025803711357879
G02_R0149,G02,train,25,50,0.001,0.8,0.2,0.1,4.0,5.159096,5.156859592224798,-0.0022364077752019,0.0022364077752019
G02_R0150,G02,train,25,50,0.001,0.8,0.3,0.1,4.0,7.3960272,7.390297041133703,-0.0057301588662967,0.0057301588662967
G02_R0151,G02,train,25,50,0.001,0.75,0.1,0.1,4.0,3.6723049,3.670891585021314,-0.0014133149786852,0.0014133149786852
G02_R0152,G02,train,25,50,0.001,0.75,0.2,0.1,4.0,5.184046,5.180709967115834,-0.0033360328841665,0.0033360328841665
G02_R0153,G02,train,25,50,0.001,0.75,0.3,0.1,4.0,7.437107800000001,7.432683589508445,-0.0044242104915559,0.0044242104915559
G02_R0154,G02,train,25,50,0.001,0.7,0.1,0.1,4.0,3.6858401,3.683237762885112,-0.0026023371148884,0.0026023371148884
G02_R0155,G02,train,25,50,0.001,0.7,0.2,0.1,4.0,5.210450799999999,5.208401476881324,-0.0020493231186753,0.0020493231186753
G02_R0156,G02,train,25,50,0.001,0.7,0.3,0.1,4.0,7.4809344,7.477052871235343,-0.0038815287646567,0.0038815287646567
G02_R0157,G02,train,25,50,0.0001,0.85,0.1,0.1,4.0,4.5919345,4.59312021837573,0.00118571837573,0.00118571837573
G02_R0158,G02,train,25,50,0.0001,0.85,0.2,0.1,4.0,7.0055531,7.003292257569017,-0.0022608424309833,0.0022608424309833
G02_R0159,G02,train,25,50,0.0001,0.85,0.3,0.1,4.0,10.880335,10.881716254520777,0.0013812545207745,0.0013812545207745
G02_R0160,G02,train,25,50,0.0001,0.8,0.1,0.1,4.0,4.601800999999999,4.597312057049052,-0.0044889429509469,0.0044889429509469
G02_R0161,G02,train,25,50,0.0001,0.8,0.2,0.1,4.0,7.0236656,7.020761400120379,-0.0029041998796213,0.0029041998796213
G02_R0162,G02,train,25,50,0.0001,0.8,0.3,0.1,4.0,10.910991,10.896842073339249,-0.0141489266607521,0.0141489266607521
G02_R0163,G02,train,25,50,0.0001,0.75,0.1,0.1,4.0,4.6122436,4.61336958970911,0.0011259897091093,0.0011259897091093
G02_R0164,G02,test,25,50,0.0001,0.75,0.2,0.1,4.0,7.0430479,7.0358512343115125,-0.0071966656884878,0.0071966656884878
G02_R0165,G02,train,25,50,0.0001,0.75,0.3,0.1,4.0,10.945609,10.9414800063255,-0.0041289936744988,0.0041289936744988
G02_R0166,G02,train,25,50,0.0001,0.7,0.1,0.1,4.0,4.6232581,4.620375354115308,-0.0028827458846922,0.0028827458846922
G02_R0167,G02,train,25,50,0.0001,0.7,0.2,0.1,4.0,7.0640948,7.05414694691926,-0.0099478530807406,0.0099478530807406
G02_R0168,G02,train,25,50,0.0001,0.7,0.3,0.1,4.0,10.982185,10.976525720083853,-0.0056592799161467,0.0056592799161467
G02_R0169,G02,train,25,50,1e-05,0.85,0.1,0.1,4.0,6.869017,6.869564018449392,0.0005470184493914,0.0005470184493914
G02_R0170,G02,test,25,50,1e-05,0.85,0.2,0.1,4.0,14.387474,14.385374679848155,-0.0020993201518439,0.0020993201518439
G02_R0171,G02,train,25,50,1e-05,0.85,0.3,0.1,4.0,26.5055,26.502003337011686,-0.003496662988315,0.003496662988315
G02_R0172,G02,train,25,50,1e-05,0.8,0.1,0.1,4.0,6.88063,6.8787320068849,-0.0018979931150999,0.0018979931150999
G02_R0173,G02,train,25,50,1e-05,0.8,0.2,0.1,4.0,14.413358,14.407723472662637,-0.0056345273373654,0.0056345273373654
G02_R0174,G02,train,25,50,1e-05,0.8,0.3,0.1,4.0,26.552348,26.538261388710332,-0.0140866112896631,0.0140866112896631
G02_R0175,G02,train,25,50,1e-05,0.75,0.1,0.1,4.0,6.893534,6.89112306432336,-0.0024109356766395,0.0024109356766395
G02_R0176,G02,train,25,50,1e-05,0.75,0.2,0.1,4.0,14.443231,14.440150583825284,-0.0030804161747166,0.0030804161747166
G02_R0177,G02,test,25,50,1e-05,0.75,0.3,0.1,4.0,26.605182,26.56342427194486,-0.0417577280551384,0.0417577280551384
G02_R0178,G02,test,25,50,1e-05,0.7,0.1,0.1,4.0,6.907927,6.903169834403318,-0.0047571655966818,0.0047571655966818
G02_R0179,G02,train,25,50,1e-05,0.7,0.2,0.1,4.0,14.47609,14.467079029256928,-0.0090109707430716,0.0090109707430716
G02_R0180,G02,train,25,50,1e-05,0.7,0.3,0.1,4.0,26.664999,26.65306276521165,-0.0119362347883473,0.0119362347883473
G02_R0181,G02,train,25,50,1e-06,0.85,0.1,0.1,4.0,24.717545,24.714587274748386,-0.0029577252516155,0.0029577252516155
G02_R0182,G02,test,25,50,1e-06,0.85,0.2,0.1,4.0,79.438593,79.42734438781588,-0.0112486121841186,0.0112486121841186
G02_R0183,G02,train,25,50,1e-06,0.85,0.3,0.1,4.0,169.35117300000002,169.34066872110904,-0.010504278890977,0.010504278890977
G02_R0184,G02,train,25,50,1e-06,0.8,0.1,0.1,4.0,24.767511,24.761402904534226,-0.0061080954657732,0.0061080954657732
G02_R0185,G02,train,25,50,1e-06,0.8,0.2,0.1,4.0,79.53954900000001,79.52693952315596,-0.0126094768440481,0.0126094768440481
G02_R0186,G02,train,25,50,1e-06,0.8,0.3,0.1,4.0,169.521119,169.50783576150556,-0.0132832384944379,0.0132832384944379
G02_R0187,G02,train,25,50,1e-06,0.75,0.1,0.1,4.0,24.822475,24.81723088180752,-0.0052441181924791,0.0052441181924791
G02_R0188,G02,train,25,50,1e-06,0.75,0.2,0.1,4.0,79.65250300000001,79.64135095193171,-0.0111520480682969,0.0111520480682969
G02_R0189,G02,train,25,50,1e-06,0.75,0.3,0.1,4.0,169.711061,169.6950608076548,-0.0160001923451886,0.0160001923451886
G02_R0190,G02,train,25,50,1e-06,0.7,0.1,0.1,4.0,24.882436,24.878949210861496,-0.0034867891385026,0.0034867891385026
G02_R0191,G02,train,25,50,1e-06,0.7,0.2,0.1,4.0,79.778453,79.7619469761127,-0.0165060238873024,0.0165060238873024
G02_R0192,G02,train,25,50,1e-06,0.7,0.3,0.1,4.0,169.920998,169.8924577048505,-0.0285402951494972,0.0285402951494972
G02_R0193,G02,test,100,3,0.001,0.85,0.1,0.1,4.0,15.825312,15.83319221676444,0.0078802167644411,0.0078802167644411
G02_R0194,G02,train,100,3,0.001,0.85,0.2,0.1,4.0,22.513158,22.49086756318501,-0.0222904368149912,0.0222904368149912
G02_R0195,G02,train,100,3,0.001,0.85,0.3,0.1,4.0,32.596764,32.56121718212831,-0.0355468178716904,0.0355468178716904
G02_R0196,G02,train,100,3,0.001,0.8,0.1,0.1,4.0,15.896324,15.884586574846049,-0.011737425153953,0.011737425153953
G02_R0197,G02,test,100,3,0.001,0.8,0.2,0.1,4.0,22.644985,22.59679713327435,-0.0481878667256481,0.0481878667256481
G02_R0198,G02,train,100,3,0.001,0.8,0.3,0.1,4.0,32.82747,32.80239383386722,-0.0250761661327771,0.0250761661327771
G02_R0199,G02,train,100,3,0.001,0.75,0.1,0.1,4.0,15.97126,15.972635037063569,0.0013750370635676,0.0013750370635676
G02_R0200,G02,train,100,3,0.001,0.75,0.2,0.1,4.0,22.786711,22.76358702929881,-0.0231239707011852,0.0231239707011852
G02_R0201,G02,train,100,3,0.001,0.75,0.3,0.1,4.0,33.077067,33.06187531177591,-0.0151916882240925,0.0151916882240925
G02_R0202,G02,test,100,3,0.001,0.7,0.1,0.1,4.0,16.052111,16.008859932856282,-0.0432510671437178,0.0432510671437178
G02_R0203,G02,train,100,3,0.001,0.7,0.2,0.1,4.0,22.939321,22.90226354650359,-0.0370574534964092,0.0370574534964092
G02_R0204,G02,train,100,3,0.001,0.7,0.3,0.1,4.0,33.347539999999995,33.288835721110985,-0.0587042788890102,0.0587042788890102
G02_R0205,G02,train,100,3,0.0001,0.85,0.1,0.1,4.0,19.751915,19.759488188801622,0.0075731888016221,0.0075731888016221
G02_R0206,G02,train,100,3,0.0001,0.85,0.2,0.1,4.0,30.355149,30.366800294772244,0.0116512947722426,0.0116512947722426
G02_R0207,G02,train,100,3,0.0001,0.85,0.3,0.1,4.0,47.280382,47.28115919577094,0.0007771957709366,0.0007771957709366
G02_R0208,G02,train,100,3,0.0001,0.8,0.1,0.1,4.0,19.803175000000003,19.794237700557986,-0.0089372994420173,0.0089372994420173
G02_R0209,G02,train,100,3,0.0001,0.8,0.2,0.1,4.0,30.468258,30.44109664167128,-0.0271613583287226,0.0271613583287226
G02_R0210,G02,test,100,3,0.0001,0.8,0.3,0.1,4.0,47.49634,47.41052299143464,-0.0858170085653569,0.0858170085653569
G02_R0211,G02,train,100,3,0.0001,0.75,0.1,0.1,4.0,19.85736,19.858005509071376,0.0006455090713757,0.0006455090713757
G02_R0212,G02,train,100,3,0.0001,0.75,0.2,0.1,4.0,30.593278,30.5545728643726,-0.0387051356273993,0.0387051356273993
G02_R0213,G02,train,100,3,0.0001,0.75,0.3,0.1,4.0,47.735192000000005,47.71732132087209,-0.0178706791279168,0.0178706791279168
G02_R0214,G02,train,100,3,0.0001,0.7,0.1,0.1,4.0,19.915459,19.89638202645473,-0.019076973545264,0.019076973545264
G02_R0215,G02,train,100,3,0.0001,0.7,0.2,0.1,4.0,30.732192,30.68536151235738,-0.0468304876426195,0.0468304876426195
G02_R0216,G02,train,100,3,0.0001,0.7,0.3,0.1,4.0,48.001921,47.96243986869188,-0.039481131308122,0.039481131308122
G02_R0217,G02,train,100,3,1e-05,0.85,0.1,0.1,4.0,29.258465,29.27413454242963,0.0156695424296273,0.0156695424296273
G02_R0218,G02,train,100,3,1e-05,0.85,0.2,0.1,4.0,60.988038,60.95138566899593,-0.0366523310040705,0.0366523310040705
G02_R0219,G02,train,100,3,1e-05,0.85,0.3,0.1,4.0,111.957308,111.86929232224884,-0.0880156777511587,0.0880156777511587
G02_R0220,G02,train,100,3,1e-05,0.8,0.1,0.1,4.0,29.344177,29.32884674406647,-0.0153302559335273,0.0153302559335273
G02_R0221,G02,train,100,3,1e-05,0.8,0.2,0.1,4.0,61.229662000000005,61.18493208761596,-0.0447299123840423,0.0447299123840423
G02_R0222,G02,train,100,3,1e-05,0.8,0.3,0.1,4.0,112.426818,112.37749337698072,-0.049324623019288,0.049324623019288
G02_R0223,G02,train,100,3,1e-05,0.75,0.1,0.1,4.0,29.440861,29.44177344355269,0.0009124435526892,0.0009124435526892
G02_R0224,G02,train,100,3,1e-05,0.75,0.2,0.1,4.0,61.505249,61.480339996341066,-0.0249090036589336,0.0249090036589336
G02_R0225,G02,train,100,3,1e-05,0.75,0.3,0.1,4.0,112.976283,112.92463037229092,-0.0516526277090605,0.0516526277090605
G02_R0226,G02,train,100,3,1e-05,0.7,0.1,0.1,4.0,29.551511,29.521620045386417,-0.0298909546135845,0.0298909546135845
G02_R0227,G02,test,100,3,1e-05,0.7,0.2,0.1,4.0,61.823792000000005,61.725292956053806,-0.0984990439461981,0.0984990439461981
G02_R0228,G02,train,100,3,1e-05,0.7,0.3,0.1,4.0,113.605694,113.50357218902104,-0.1021218109789714,0.1021218109789714
G02_R0229,G02,test,100,3,1e-06,0.85,0.1,0.1,4.0,101.357149,101.2953510659667,-0.0617979340333079,0.0617979340333079
G02_R0230,G02,train,100,3,1e-06,0.85,0.2,0.1,4.0,323.78736999999995,323.7528564672777,-0.034513532722201,0.034513532722201
G02_R0231,G02,train,100,3,1e-06,0.85,0.3,0.1,4.0,689.0162190000001,688.977832588195,-0.0383864118050496,0.0383864118050496
G02_R0232,G02,test,100,3,1e-06,0.8,0.1,0.1,4.0,101.647038,101.59382910491728,-0.0532088950827187,0.0532088950827187
G02_R0233,G02,train,100,3,1e-06,0.8,0.2,0.1,4.0,324.567227,324.5186996783752,-0.0485273216248174,0.0485273216248174
G02_R0234,G02,test,100,3,1e-06,0.8,0.3,0.1,4.0,690.5060410000001,690.2814745288097,-0.2245664711904282,0.2245664711904282
G02_R0235,G02,train,100,3,1e-06,0.75,0.1,0.1,4.0,101.976919,101.96018177923972,-0.0167372207602767,0.0167372207602767
G02_R0236,G02,train,100,3,1e-06,0.75,0.2,0.1,4.0,325.457074,325.3918925881868,-0.065181411813171,0.065181411813171
G02_R0237,G02,train,100,3,1e-06,0.75,0.3,0.1,4.0,692.2158499999999,692.0823345931127,-0.133515406887227,0.133515406887227
G02_R0238,G02,train,100,3,1e-06,0.7,0.1,0.1,4.0,102.346791,102.30919992379926,-0.0375910762007407,0.0375910762007407
G02_R0239,G02,train,100,3,1e-06,0.7,0.2,0.1,4.0,326.476909,326.39946890477506,-0.0774400952249152,0.0774400952249152
G02_R0240,G02,train,100,3,1e-06,0.7,0.3,0.1,4.0,694.205644,693.8713882657597,-0.334255734240287,0.334255734240287
G02_R0241,G02,train,100,6,0.001,0.85,0.1,0.1,4.0,15.825312,15.83303074176444,0.0077187417644406,0.0077187417644406
G02_R0242,G02,train,100,6,0.001,0.85,0.2,0.1,4.0,22.513158,22.49009672711358,-0.0230612728864194,0.0230612728864194
G02_R0243,G02,test,100,6,0.001,0.85,0.3,0.1,4.0,32.596764,32.55966450569972,-0.0370994943002784,0.0370994943002784
G02_R0244,G02,train,100,6,0.001,0.8,0.1,0.1,4.0,15.896324,15.884870889429374,-0.0114531105706259,0.0114531105706259
G02_R0245,G02,train,100,6,0.001,0.8,0.2,0.1,4.0,22.644985,22.59672187660768,-0.0482631233923172,0.0482631233923172
G02_R0246,G02,train,100,6,0.001,0.8,0.3,0.1,4.0,32.82747,32.80401147385532,-0.0234585261446795,0.0234585261446795
G02_R0247,G02,train,100,6,0.001,0.75,0.1,0.1,4.0,15.97126,15.97544901975404,0.0041890197540421,0.0041890197540421
G02_R0248,G02,train,100,6,0.001,0.75,0.2,0.1,4.0,22.786711,22.76377866286828,-0.0229323371317242,0.0229323371317242
G02_R0249,G02,train,100,6,0.001,0.75,0.3,0.1,4.0,33.077067,33.06269436173422,-0.014372638265776,0.014372638265776
G02_R0250,G02,train,100,6,0.001,0.7,0.1,0.1,4.0,16.052111,16.011803553380094,-0.0403074466199058,0.0403074466199058
G02_R0251,G02,test,100,6,0.001,0.7,0.2,0.1,4.0,22.939321,22.902073710753594,-0.0372472892464053,0.0372472892464053
G02_R0252,G02,train,100,6,0.001,0.7,0.3,0.1,4.0,33.347539999999995,33.28907403100682,-0.0584659689931754,0.0584659689931754
G02_R0253,G02,test,100,6,0.0001,0.85,0.1,0.1,4.0,19.751915,19.763836754634852,0.0119217546348551,0.0119217546348551
G02_R0254,G02,train,100,6,0.0001,0.85,0.2,0.1,4.0,30.355149,30.362982700647244,0.007833700647243,0.007833700647243
G02_R0255,G02,train,100,6,0.0001,0.85,0.3,0.1,4.0,47.280382,47.281511954520944,0.0011299545209411,0.0011299545209411
G02_R0256,G02,train,100,6,0.0001,0.8,0.1,0.1,4.0,19.803175000000003,19.79843466830788,-0.0047403316921226,0.0047403316921226
G02_R0257,G02,test,100,6,0.0001,0.8,0.2,0.1,4.0,30.468258,30.43708981992127,-0.0311681800787297,0.0311681800787297
G02_R0258,G02,test,100,6,0.0001,0.8,0.3,0.1,4.0,47.49634,47.41100743601797,-0.0853325639820283,0.0853325639820283
G02_R0259,G02,train,100,6,0.0001,0.75,0.1,0.1,4.0,19.85736,19.85778008382137,0.0004200838213712,0.0004200838213712
G02_R0260,G02,test,100,6,0.0001,0.75,0.2,0.1,4.0,30.593278,30.551274945018434,-0.042003054981567,0.042003054981567
G02_R0261,G02,train,100,6,0.0001,0.75,0.3,0.1,4.0,47.735192000000005,47.71689173795541,-0.0183002620445904,0.0183002620445904
G02_R0262,G02,test,100,6,0.0001,0.7,0.1,0.1,4.0,19.915459,19.895912544433894,-0.0195464555661004,0.0195464555661004
G02_R0263,G02,train,100,6,0.0001,0.7,0.2,0.1,4.0,30.732192,30.68548788635738,-0.0467041136426225,0.0467041136426225
G02_R0264,G02,train,100,6,0.0001,0.7,0.3,0.1,4.0,48.001921,47.96317492129605,-0.0387460787039515,0.0387460787039515
G02_R0265,G02,test,100,6,1e-05,0.85,0.1,0.1,4.0,29.258465,29.276780506724755,0.018315506724754,0.018315506724754
G02_R0266,G02,train,100,6,1e-05,0.85,0.2,0.1,4.0,60.988038,60.95078992035009,-0.0372480796499132,0.0372480796499132
G02_R0267,G02,test,100,6,1e-05,0.85,0.3,0.1,4.0,111.957308,111.86387130085296,-0.0934366991470341,0.0934366991470341
G02_R0268,G02,train,100,6,1e-05,0.8,0.1,0.1,4.0,29.344177,29.330835003559518,-0.0133419964404843,0.0133419964404843
G02_R0269,G02,train,100,6,1e-05,0.8,0.2,0.1,4.0,61.229662000000005,61.18503743667845,-0.0446245633215554,0.0446245633215554
G02_R0270,G02,train,100,6,1e-05,0.8,0.3,0.1,4.0,112.426818,112.37859874166824,-0.0482192583317555,0.0482192583317555
G02_R0271,G02,test,100,6,1e-05,0.75,0.1,0.1,4.0,29.440861,29.43998438785477,-0.0008766121452268,0.0008766121452268
G02_R0272,G02,train,100,6,1e-05,0.75,0.2,0.1,4.0,61.505249,61.48001476473502,-0.0252342352649819,0.0252342352649819
G02_R0273,G02,train,100,6,1e-05,0.75,0.3,0.1,4.0,112.976283,112.92354951616592,-0.0527334838340607,0.0527334838340607
G02_R0274,G02,test,100,6,1e-05,0.7,0.1,0.1,4.0,29.551511,29.52036704313641,-0.0311439568635911,0.0311439568635911
G02_R0275,G02,train,100,6,1e-05,0.7,0.2,0.1,4.0,61.823792000000005,61.72491957005381,-0.0988724299461907,0.0988724299461907
G02_R0276,G02,train,100,6,1e-05,0.7,0.3,0.1,4.0,113.605694,113.51503229408354,-0.0906617059164602,0.0906617059164602
G02_R0277,G02,test,100,6,1e-06,0.85,0.1,0.1,4.0,101.357149,101.29690331522266,-0.0602456847773424,0.0602456847773424
G02_R0278,G02,train,100,6,1e-06,0.85,0.2,0.1,4.0,323.78736999999995,323.75536778769447,-0.0320022123054855,0.0320022123054855
G02_R0279,G02,train,100,6,1e-06,0.85,0.3,0.1,4.0,689.0162190000001,688.9995679867363,-0.016651013263754,0.016651013263754
G02_R0280,G02,train,100,6,1e-06,0.8,0.1,0.1,4.0,101.647038,101.59484092073576,-0.0521970792642463,0.0521970792642463
G02_R0281,G02,train,100,6,1e-06,0.8,0.2,0.1,4.0,324.567227,324.5212171979585,-0.0460098020415102,0.0460098020415102
G02_R0282,G02,train,100,6,1e-06,0.8,0.3,0.1,4.0,690.5060410000001,690.2913863245179,-0.2146546754821656,0.2146546754821656
G02_R0283,G02,train,100,6,1e-06,0.75,0.1,0.1,4.0,101.976919,101.96145328497488,-0.0154657150251296,0.0154657150251296
G02_R0284,G02,test,100,6,1e-06,0.75,0.2,0.1,4.0,325.457074,325.38830489779104,-0.0687691022089325,0.0687691022089325
G02_R0285,G02,test,100,6,1e-06,0.75,0.3,0.1,4.0,692.2158499999999,692.0674623342378,-0.1483876657621294,0.1483876657621294
G02_R0286,G02,train,100,6,1e-06,0.7,0.1,0.1,4.0,102.346791,102.30915970263256,-0.0376312973674259,0.0376312973674259
G02_R0287,G02,train,100,6,1e-06,0.7,0.2,0.1,4.0,326.476909,326.3908980606113,-0.0860109393887,0.0860109393887
G02_R0288,G02,test,100,6,1e-06,0.7,0.3,0.1,4.0,694.205644,693.8375135757597,-0.3681304242403485,0.3681304242403485
G02_R0289,G02,test,100,20,0.001,0.85,0.1,0.1,4.0,15.825312,15.833582109475763,0.0082701094757631,0.0082701094757631
G02_R0290,G02,test,100,20,0.001,0.85,0.2,0.1,4.0,22.513158,22.48954854743502,-0.0236094525649797,0.0236094525649797
G02_R0291,G02,train,100,20,0.001,0.85,0.3,0.1,4.0,32.596764,32.56120634885748,-0.0355576511425184,0.0355576511425184
G02_R0292,G02,train,100,20,0.001,0.8,0.1,0.1,4.0,15.896324,15.885918630185332,-0.0104053698146682,0.0104053698146682
G02_R0293,G02,train,100,20,0.001,0.8,0.2,0.1,4.0,22.644985,22.59815030669996,-0.0468346933000383,0.0468346933000383
G02_R0294,G02,train,100,20,0.001,0.8,0.3,0.1,4.0,32.82747,32.80517304032853,-0.0222969596714648,0.0222969596714648
G02_R0295,G02,train,100,20,0.001,0.75,0.1,0.1,4.0,15.97126,15.975426044371597,0.0041660443715976,0.0041660443715976
G02_R0296,G02,train,100,20,0.001,0.75,0.2,0.1,4.0,22.786711,22.76705076281173,-0.0196602371882654,0.0196602371882654
G02_R0297,G02,train,100,20,0.001,0.75,0.3,0.1,4.0,33.077067,33.06754685937844,-0.0095201406215608,0.0095201406215608
G02_R0298,G02,train,100,20,0.001,0.7,0.1,0.1,4.0,16.052111,16.01217262194259,-0.0399383780574105,0.0399383780574105
G02_R0299,G02,train,100,20,0.001,0.7,0.2,0.1,4.0,22.939321,22.90399005842028,-0.0353309415797227,0.0353309415797227
G02_R0300,G02,train,100,20,0.001,0.7,0.3,0.1,4.0,33.347539999999995,33.27591520442637,-0.0716247955736264,0.0716247955736264
G02_R0301,G02,test,100,20,0.0001,0.85,0.1,0.1,4.0,19.751915,19.76256762702465,0.0106526270246511,0.0106526270246511
G02_R0302,G02,train,100,20,0.0001,0.85,0.2,0.1,4.0,30.355149,30.368276953793075,0.0131279537930737,0.0131279537930737
G02_R0303,G02,train,100,20,0.0001,0.85,0.3,0.1,4.0,47.280382,47.294718471860186,0.014336471860183,0.014336471860183
G02_R0304,G02,train,100,20,0.0001,0.8,0.1,0.1,4.0,19.803175000000003,19.800501923641143,-0.0026730763588567,0.0026730763588567
G02_R0305,G02,train,100,20,0.0001,0.8,0.2,0.1,4.0,30.468258,30.441619280337942,-0.0266387196620527,0.0266387196620527
G02_R0306,G02,train,100,20,0.0001,0.8,0.3,0.1,4.0,47.49634,47.41999371432748,-0.0763462856725212,0.0763462856725212
G02_R0307,G02,train,100,20,0.0001,0.75,0.1,0.1,4.0,19.85736,19.859258479711244,0.0018984797112437,0.0018984797112437
G02_R0308,G02,test,100,20,0.0001,0.75,0.2,0.1,4.0,30.593278,30.54847508809285,-0.0448029119071513,0.0448029119071513
G02_R0309,G02,train,100,20,0.0001,0.75,0.3,0.1,4.0,47.735192000000005,47.71351651527438,-0.0216754847256268,0.0216754847256268
G02_R0310,G02,train,100,20,0.0001,0.7,0.1,0.1,4.0,19.915459,19.897606019802943,-0.0178529801970555,0.0178529801970555
G02_R0311,G02,train,100,20,0.0001,0.7,0.2,0.1,4.0,30.732192,30.684035080268096,-0.0481569197319053,0.0481569197319053
G02_R0312,G02,train,100,20,0.0001,0.7,0.3,0.1,4.0,48.001921,47.962737992384326,-0.0391830076156765,0.0391830076156765
G02_R0313,G02,train,100,20,1e-05,0.85,0.1,0.1,4.0,29.258465,29.27389466522774,0.0154296652277388,0.0154296652277388
G02_R0314,G02,train,100,20,1e-05,0.85,0.2,0.1,4.0,60.988038,60.94592863254352,-0.0421093674564829,0.0421093674564829
G02_R0315,G02,train,100,20,1e-05,0.85,0.3,0.1,4.0,111.957308,111.8692021386238,-0.0881058613761922,0.0881058613761922
G02_R0316,G02,train,100,20,1e-05,0.8,0.1,0.1,4.0,29.344177,29.329800614770843,-0.0143763852291556,0.0143763852291556
G02_R0317,G02,test,100,20,1e-05,0.8,0.2,0.1,4.0,61.229662000000005,61.17802597953564,-0.0516360204643646,0.0516360204643646
G02_R0318,G02,train,100,20,1e-05,0.8,0.3,0.1,4.0,112.426818,112.38099665929325,-0.045821340706766,0.045821340706766
G02_R0319,G02,train,100,20,1e-05,0.75,0.1,0.1,4.0,29.440861,29.44193877130715,0.0010777713071483,0.0010777713071483
G02_R0320,G02,train,100,20,1e-05,0.75,0.2,0.1,4.0,61.505249,61.47804109740465,-0.0272079025953502,0.0272079025953502
G02_R0321,G02,train,100,20,1e-05,0.75,0.3,0.1,4.0,112.976283,112.91978409977004,-0.056498900229954,0.056498900229954
G02_R0322,G02,train,100,20,1e-05,0.7,0.1,0.1,4.0,29.551511,29.52201480113045,-0.0294961988695519,0.0294961988695519
G02_R0323,G02,test,100,20,1e-05,0.7,0.2,0.1,4.0,61.823792000000005,61.72039440467487,-0.1033975953251342,0.1033975953251342
G02_R0324,G02,train,100,20,1e-05,0.7,0.3,0.1,4.0,113.605694,113.5372781821808,-0.0684158178192007,0.0684158178192007
G02_R0325,G02,train,100,20,1e-06,0.85,0.1,0.1,4.0,101.357149,101.29510314016017,-0.0620458598398414,0.0620458598398414
G02_R0326,G02,train,100,20,1e-06,0.85,0.2,0.1,4.0,323.78736999999995,323.75599712032937,-0.0313728796705845,0.0313728796705845
G02_R0327,G02,test,100,20,1e-06,0.85,0.3,0.1,4.0,689.0162190000001,689.053753982748,0.0375349827479567,0.0375349827479567
G02_R0328,G02,train,100,20,1e-06,0.8,0.1,0.1,4.0,101.647038,101.59253863663156,-0.0544993633684214,0.0544993633684214
G02_R0329,G02,train,100,20,1e-06,0.8,0.2,0.1,4.0,324.567227,324.52332770414864,-0.0438992958513608,0.0438992958513608
G02_R0330,G02,train,100,20,1e-06,0.8,0.3,0.1,4.0,690.5060410000001,690.3417197315096,-0.1643212684905393,0.1643212684905393
G02_R0331,G02,train,100,20,1e-06,0.75,0.1,0.1,4.0,101.976919,101.9504193145146,-0.0264996854853905,0.0264996854853905
G02_R0332,G02,train,100,20,1e-06,0.75,0.2,0.1,4.0,325.457074,325.3953378992552,-0.0617361007447812,0.0617361007447812
G02_R0333,G02,train,100,20,1e-06,0.75,0.3,0.1,4.0,692.2158499999999,692.0787600502438,-0.1370899497561595,0.1370899497561595
G02_R0334,G02,train,100,20,1e-06,0.7,0.1,0.1,4.0,102.346791,102.3051299672486,-0.0416610327514064,0.0416610327514064
G02_R0335,G02,test,100,20,1e-06,0.7,0.2,0.1,4.0,326.476909,326.37827274980765,-0.0986362501923281,0.0986362501923281
G02_R0336,G02,test,100,20,1e-06,0.7,0.3,0.1,4.0,694.205644,693.7960024907029,-0.4096415092971028,0.4096415092971028
G02_R0337,G02,train,100,50,0.001,0.85,0.1,0.1,4.0,15.825312,15.833593696642422,0.0082816966424221,0.0082816966424221
G02_R0338,G02,train,100,50,0.001,0.85,0.2,0.1,4.0,22.513158,22.49021170931894,-0.0229462906810589,0.0229462906810589
G02_R0339,G02,train,100,50,0.001,0.85,0.3,0.1,4.0,32.596764,32.56330568785749,-0.0334583121425069,0.0334583121425069
G02_R0340,G02,train,100,50,0.001,0.8,0.1,0.1,4.0,15.896324,15.883481987018676,-0.0128420129813253,0.0128420129813253
G02_R0341,G02,test,100,50,0.001,0.8,0.2,0.1,4.0,22.644985,22.59676710845889,-0.0482178915411033,0.0482178915411033
G02_R0342,G02,train,100,50,0.001,0.8,0.3,0.1,4.0,32.82747,32.80492751657853,-0.0225424834214678,0.0225424834214678
G02_R0343,G02,train,100,50,0.001,0.75,0.1,0.1,4.0,15.97126,15.975465240079927,0.0042052400799299,0.0042052400799299
G02_R0344,G02,train,100,50,0.001,0.75,0.2,0.1,4.0,22.786711,22.765260858401017,-0.0214501415989829,0.0214501415989829
G02_R0345,G02,train,100,50,0.001,0.75,0.3,0.1,4.0,33.077067,33.063188438255445,-0.0138785617445549,0.0138785617445549
G02_R0346,G02,test,100,50,0.001,0.7,0.1,0.1,4.0,16.052111,16.011939929317588,-0.0401710706824118,0.0401710706824118
G02_R0347,G02,train,100,50,0.001,0.7,0.2,0.1,4.0,22.939321,22.90374237861073,-0.0355786213892734,0.0355786213892734
G02_R0348,G02,test,100,50,0.001,0.7,0.3,0.1,4.0,33.347539999999995,33.27473356722399,-0.0728064327760051,0.0728064327760051
G02_R0349,G02,test,100,50,0.0001,0.85,0.1,0.1,4.0,19.751915,19.762359156780605,0.0104441567806041,0.0104441567806041
G02_R0350,G02,test,100,50,0.0001,0.85,0.2,0.1,4.0,30.355149,30.367050863918085,0.0119018639180836,0.0119018639180836
G02_R0351,G02,train,100,50,0.0001,0.85,0.3,0.1,4.0,47.280382,47.302766174964354,0.0223841749643511,0.0223841749643511
G02_R0352,G02,train,100,50,0.0001,0.8,0.1,0.1,4.0,19.803175000000003,19.80050137656729,-0.0026736234327131,0.0026736234327131
G02_R0353,G02,train,100,50,0.0001,0.8,0.2,0.1,4.0,30.468258,30.44233664447336,-0.0259213555266413,0.0259213555266413
G02_R0354,G02,train,100,50,0.0001,0.8,0.3,0.1,4.0,47.49634,47.42683858547925,-0.0695014145207437,0.0695014145207437
G02_R0355,G02,train,100,50,0.0001,0.75,0.1,0.1,4.0,19.85736,19.85991927192907,0.0025592719290692,0.0025592719290692
G02_R0356,G02,train,100,50,0.0001,0.75,0.2,0.1,4.0,30.593278,30.55288248019056,-0.0403955198094401,0.0403955198094401
G02_R0357,G02,train,100,50,0.0001,0.75,0.3,0.1,4.0,47.735192000000005,47.71293116897674,-0.0222608310232672,0.0222608310232672
G02_R0358,G02,train,100,50,0.0001,0.7,0.1,0.1,4.0,19.915459,19.898307544229095,-0.0171514557709002,0.0171514557709002
G02_R0359,G02,test,100,50,0.0001,0.7,0.2,0.1,4.0,30.732192,30.68455994564012,-0.0476320543598838,0.0476320543598838
G02_R0360,G02,train,100,50,0.0001,0.7,0.3,0.1,4.0,48.001921,47.96277716510754,-0.0391438348924637,0.0391438348924637
G02_R0361,G02,test,100,50,1e-05,0.85,0.1,0.1,4.0,29.258465,29.27398263154024,0.0155176315402378,0.0155176315402378
G02_R0362,G02,test,100,50,1e-05,0.85,0.2,0.1,4.0,60.988038,60.946969756001856,-0.0410682439981471,0.0410682439981471
G02_R0363,G02,train,100,50,1e-05,0.85,0.3,0.1,4.0,111.957308,111.87666444285306,-0.0806435571469421,0.0806435571469421
G02_R0364,G02,train,100,50,1e-05,0.8,0.1,0.1,4.0,29.344177,29.32990585952085,-0.0142711404791491,0.0142711404791491
G02_R0365,G02,train,100,50,1e-05,0.8,0.2,0.1,4.0,61.229662000000005,61.17788764980651,-0.0517743501934973,0.0517743501934973
G02_R0366,G02,train,100,50,1e-05,0.8,0.3,0.1,4.0,112.426818,112.37919234450156,-0.0476256554984502,0.0476256554984502
G02_R0367,G02,train,100,50,1e-05,0.75,0.1,0.1,4.0,29.440861,29.44361272674764,0.0027517267476397,0.0027517267476397
G02_R0368,G02,train,100,50,1e-05,0.75,0.2,0.1,4.0,61.505249,61.47790125259214,-0.0273477474078589,0.0273477474078589
G02_R0369,G02,train,100,50,1e-05,0.75,0.3,0.1,4.0,112.976283,112.91913936435338,-0.0571436356466108,0.0571436356466108
G02_R0370,G02,train,100,50,1e-05,0.7,0.1,0.1,4.0,29.551511,29.522522871425107,-0.0289881285748947,0.0289881285748947
G02_R0371,G02,train,100,50,1e-05,0.7,0.2,0.1,4.0,61.823792000000005,61.73173388244568,-0.0920581175543233,0.0920581175543233
G02_R0372,G02,train,100,50,1e-05,0.7,0.3,0.1,4.0,113.605694,113.53808812759748,-0.0676058724025239,0.0676058724025239
G02_R0373,G02,train,100,50,1e-06,0.85,0.1,0.1,4.0,101.357149,101.29958510094592,-0.0575638990540738,0.0575638990540738
G02_R0374,G02,train,100,50,1e-06,0.85,0.2,0.1,4.0,323.78736999999995,323.7561595057461,-0.0312104942538553,0.0312104942538553
G02_R0375,G02,train,100,50,1e-06,0.85,0.3,0.1,4.0,689.0162190000001,689.0584499889354,0.04223098893533,0.04223098893533
G02_R0376,G02,train,100,50,1e-06,0.8,0.1,0.1,4.0,101.647038,101.59219497539648,-0.0548430246035138,0.0548430246035138
G02_R0377,G02,train,100,50,1e-06,0.8,0.2,0.1,4.0,324.567227,324.5207455305237,-0.046481469476248,0.046481469476248
G02_R0378,G02,train,100,50,1e-06,0.8,0.3,0.1,4.0,690.5060410000001,690.3475449562499,-0.1584960437502331,0.1584960437502331
G02_R0379,G02,train,100,50,1e-06,0.75,0.1,0.1,4.0,101.976919,101.93834472825876,-0.0385742717412398,0.0385742717412398
G02_R0380,G02,train,100,50,1e-06,0.75,0.2,0.1,4.0,325.457074,325.3981714806687,-0.0589025193312977,0.0589025193312977
G02_R0381,G02,train,100,50,1e-06,0.75,0.3,0.1,4.0,692.2158499999999,692.0871765948896,-0.1286734051103621,0.1286734051103621
G02_R0382,G02,test,100,50,1e-06,0.7,0.1,0.1,4.0,102.346791,102.30331937929024,-0.0434716207097523,0.0434716207097523
G02_R0383,G02,train,100,50,1e-06,0.7,0.2,0.1,4.0,326.476909,326.3814299541323,-0.0954790458677052,0.0954790458677052
G02_R0384,G02,train,100,50,1e-06,0.7,0.3,0.1,4.0,694.205644,693.8290967493516,-0.3765472506484002,0.3765472506484002
G02_R0385,G02,train,250,3,0.001,0.85,0.1,0.1,4.0,45.716209,45.75074799366895,0.0345389936689457,0.0345389936689457
G02_R0386,G02,train,250,3,0.001,0.85,0.2,0.1,4.0,66.252958,66.22189469456302,-0.0310633054369873,0.0310633054369873
G02_R0387,G02,train,250,3,0.001,0.85,0.3,0.1,4.0,97.300865,97.31529317906852,0.014428179068517,0.014428179068517
G02_R0388,G02,train,250,3,0.001,0.8,0.1,0.1,4.0,45.979940000000006,45.9396340687468,-0.0403059312532079,0.0403059312532079
G02_R0389,G02,train,250,3,0.001,0.8,0.2,0.1,4.0,66.75246899999999,66.67598542608465,-0.0764835739153397,0.0764835739153397
G02_R0390,G02,train,250,3,0.001,0.8,0.3,0.1,4.0,98.208165,98.1648324880418,-0.0433325119581979,0.0433325119581979
G02_R0391,G02,train,250,3,0.001,0.75,0.1,0.1,4.0,46.263498,46.259557498997566,-0.0039405010024324,0.0039405010024324
G02_R0392,G02,train,250,3,0.001,0.75,0.2,0.1,4.0,67.29077299999999,67.2222940080626,-0.0684789919373827,0.0684789919373827
G02_R0393,G02,train,250,3,0.001,0.75,0.3,0.1,4.0,99.194275,99.1919025419166,-0.0023724580834141,0.0023724580834141
G02_R0394,G02,test,250,3,0.001,0.7,0.1,0.1,4.0,46.566862,46.38921973069182,-0.1776422693081798,0.1776422693081798
G02_R0395,G02,test,250,3,0.001,0.7,0.2,0.1,4.0,67.875852,67.70508315338621,-0.1707688466137824,0.1707688466137824
G02_R0396,G02,train,250,3,0.001,0.7,0.3,0.1,4.0,100.27625,100.26289173336312,-0.013358266636871,0.013358266636871
G02_R0397,G02,test,250,3,0.0001,0.85,0.1,0.1,4.0,56.479241,56.56660698815645,0.0873659881564421,0.0873659881564421
G02_R0398,G02,train,250,3,0.0001,0.85,0.2,0.1,4.0,88.083718,88.11946405465204,0.0357460546520371,0.0357460546520371
G02_R0399,G02,train,250,3,0.0001,0.85,0.3,0.1,4.0,138.21117999999998,138.13667229708383,-0.0745077029161507,0.0745077029161507
G02_R0400,G02,train,250,3,0.0001,0.8,0.1,0.1,4.0,56.670659,56.6554346598143,-0.0152243401857035,0.0152243401857035
G02_R0401,G02,train,250,3,0.0001,0.8,0.2,0.1,4.0,88.580876,88.4428539083512,-0.138022091648807,0.138022091648807
G02_R0402,G02,train,250,3,0.0001,0.8,0.3,0.1,4.0,139.199103,139.06221703055377,-0.1368859694462401,0.1368859694462401
G02_R0403,G02,test,250,3,0.0001,0.75,0.1,0.1,4.0,56.877924,56.8927091060517,0.014785106051697,0.014785106051697
G02_R0404,G02,train,250,3,0.0001,0.75,0.2,0.1,4.0,89.137857,89.09451055254813,-0.0433464474518672,0.0433464474518672
G02_R0405,G02,train,250,3,0.0001,0.75,0.3,0.1,4.0,140.32682599999998,139.8826148936661,-0.4442111063338814,0.4442111063338814
G02_R0406,G02,test,250,3,0.0001,0.7,0.1,0.1,4.0,57.108011000000005,56.977827775617314,-0.1301832243826908,0.1301832243826908
G02_R0407,G02,train,250,3,0.0001,0.7,0.2,0.1,4.0,89.766632,89.45739753952033,-0.3092344604796722,0.3092344604796722
G02_R0408,G02,train,250,3,0.0001,0.7,0.3,0.1,4.0,141.604319,141.48004936173945,-0.1242696382605572,0.1242696382605572
G02_R0409,G02,train,250,3,1e-05,0.85,0.1,0.1,4.0,82.47537200000001,82.48922372311645,0.0138517231164456,0.0138517231164456
G02_R0410,G02,train,250,3,1e-05,0.85,0.2,0.1,4.0,170.49156,170.3887787133093,-0.1027812866906856,0.1027812866906856
G02_R0411,G02,train,250,3,1e-05,0.85,0.3,0.1,4.0,310.83976,310.57570196846376,-0.2640580315362513,0.2640580315362513
G02_R0412,G02,train,250,3,1e-05,0.8,0.1,0.1,4.0,82.87273400000001,82.81251245305262,-0.060221546947389,0.060221546947389
G02_R0413,G02,train,250,3,1e-05,0.8,0.2,0.1,4.0,171.74074000000002,171.53956029401928,-0.2011797059807349,0.2011797059807349
G02_R0414,G02,test,250,3,1e-05,0.8,0.3,0.1,4.0,313.37872,313.0118888287558,-0.3668311712442005,0.3668311712442005
G02_R0415,G02,train,250,3,1e-05,0.75,0.1,0.1,4.0,83.32803200000001,83.27243251752012,-0.0555994824798915,0.0555994824798915
G02_R0416,G02,test,250,3,1e-05,0.75,0.2,0.1,4.0,173.16984000000002,172.78720363752075,-0.3826363624792748,0.3826363624792748
G02_R0417,G02,train,250,3,1e-05,0.75,0.3,0.1,4.0,316.31758,316.1273947254282,-0.1901852745718315,0.1901852745718315
G02_R0418,G02,train,250,3,1e-05,0.7,0.1,0.1,4.0,83.853257,83.72671046095985,-0.1265465390401488,0.1265465390401488
G02_R0419,G02,train,250,3,1e-05,0.7,0.2,0.1,4.0,174.84886,174.73029055761816,-0.1185694423818404,0.1185694423818404
G02_R0420,G02,test,250,3,1e-05,0.7,0.3,0.1,4.0,319.74633,318.984356408998,-0.761973591002004,0.761973591002004
G02_R0421,G02,train,250,3,1e-06,0.85,0.1,0.1,4.0,266.88079,266.8024882844694,-0.0783017155305856,0.0783017155305856
G02_R0422,G02,train,250,3,1e-06,0.85,0.2,0.1,4.0,841.9586,841.7990152807655,-0.1595847192345445,0.1595847192345445
G02_R0423,G02,train,250,3,1e-06,0.85,0.3,0.1,4.0,1783.55388,1783.3159755753195,-0.2379044246804369,0.2379044246804369
G02_R0424,G02,train,250,3,1e-06,0.8,0.1,0.1,4.0,268.210538,268.1107106707281,-0.0998273292718749,0.0998273292718749
G02_R0425,G02,test,250,3,1e-06,0.8,0.2,0.1,4.0,845.99828,845.2951878330558,-0.7030921669442023,0.7030921669442023
G02_R0426,G02,train,250,3,1e-06,0.8,0.3,0.1,4.0,1791.55349,1791.3417476187565,-0.211742381243539,0.211742381243539
G02_R0427,G02,train,250,3,1e-06,0.75,0.1,0.1,4.0,269.820268,269.65942368415705,-0.1608443158429509,0.1608443158429509
G02_R0428,G02,train,250,3,1e-06,0.75,0.2,0.1,4.0,850.76793,850.5186236406164,-0.2493063593835813,0.2493063593835813
G02_R0429,G02,test,250,3,1e-06,0.75,0.3,0.1,4.0,1800.9530599999998,1799.7574018656646,-1.19565813433519,1.19565813433519
G02_R0430,G02,test,250,3,1e-06,0.7,0.1,0.1,4.0,271.74998000000005,271.5467096053317,-0.2032703946683227,0.2032703946683227
G02_R0431,G02,train,250,3,1e-06,0.7,0.2,0.1,4.0,856.36756,855.9245008308073,-0.4430591691926793,0.4430591691926793
G02_R0432,G02,train,250,3,1e-06,0.7,0.3,0.1,4.0,1812.05261,1811.3900900168612,-0.6625199831385089,0.6625199831385089
G02_R0433,G02,test,250,6,0.001,0.85,0.1,0.1,4.0,45.716209,45.75385221346059,0.0376432134605906,0.0376432134605906
G02_R0434,G02,train,250,6,0.001,0.85,0.2,0.1,4.0,66.252958,66.21979103814635,-0.0331669618536523,0.0331669618536523
G02_R0435,G02,train,250,6,0.001,0.85,0.3,0.1,4.0,97.300865,97.30984716125003,0.0089821612500315,0.0089821612500315
G02_R0436,G02,train,250,6,0.001,0.8,0.1,0.1,4.0,45.979940000000006,45.94450254355928,-0.0354374564407251,0.0354374564407251
G02_R0437,G02,test,250,6,0.001,0.8,0.2,0.1,4.0,66.75246899999999,66.67421820966798,-0.0782507903320066,0.0782507903320066
G02_R0438,G02,train,250,6,0.001,0.8,0.3,0.1,4.0,98.208165,98.16057406826503,-0.0475909317349589,0.0475909317349589
G02_R0439,G02,train,250,6,0.001,0.75,0.1,0.1,4.0,46.263498,46.26265167511663,-0.0008463248833692,0.0008463248833692
G02_R0440,G02,train,250,6,0.001,0.75,0.2,0.1,4.0,67.29077299999999,67.22073966066678,-0.0700333393332073,0.0700333393332073
G02_R0441,G02,train,250,6,0.001,0.75,0.3,0.1,4.0,99.194275,99.19134381583032,-0.0029311841696966,0.0029311841696966
G02_R0442,G02,test,250,6,0.001,0.7,0.1,0.1,4.0,46.566862,46.39288531726922,-0.1739766827307818,0.1739766827307818
G02_R0443,G02,test,250,6,0.001,0.7,0.2,0.1,4.0,67.875852,67.70606133296955,-0.1697906670304405,0.1697906670304405
G02_R0444,G02,train,250,6,0.001,0.7,0.3,0.1,4.0,100.27625,100.26242503063102,-0.0138249693689829,0.0138249693689829
G02_R0445,G02,test,250,6,0.0001,0.85,0.1,0.1,4.0,56.479241,56.56790151348979,0.0886605134897848,0.0886605134897848
G02_R0446,G02,train,250,6,0.0001,0.85,0.2,0.1,4.0,88.083718,88.12121315685442,0.037495156854419,0.037495156854419
G02_R0447,G02,train,250,6,0.0001,0.85,0.3,0.1,4.0,138.21117999999998,138.13494844887543,-0.0762315511245503,0.0762315511245503
G02_R0448,G02,train,250,6,0.0001,0.8,0.1,0.1,4.0,56.670659,56.65823408073097,-0.01242491926903,0.01242491926903
G02_R0449,G02,train,250,6,0.0001,0.8,0.2,0.1,4.0,88.580876,88.45373664238696,-0.1271393576130464,0.1271393576130464
G02_R0450,G02,train,250,6,0.0001,0.8,0.3,0.1,4.0,139.199103,139.0565648022294,-0.1425381977706195,0.1425381977706195
G02_R0451,G02,train,250,6,0.0001,0.75,0.1,0.1,4.0,56.877924,56.89605770311122,0.0181337031112178,0.0181337031112178
G02_R0452,G02,train,250,6,0.0001,0.75,0.2,0.1,4.0,89.137857,89.06977716511818,-0.0680798348818143,0.0680798348818143
G02_R0453,G02,test,250,6,0.0001,0.75,0.3,0.1,4.0,140.32682599999998,139.84418930950807,-0.4826366904919155,0.4826366904919155
G02_R0454,G02,test,250,6,0.0001,0.7,0.1,0.1,4.0,57.108011000000005,56.98058340392684,-0.1274275960731685,0.1274275960731685
G02_R0455,G02,test,250,6,0.0001,0.7,0.2,0.1,4.0,89.766632,89.42353829205615,-0.3430937079438507,0.3430937079438507
G02_R0456,G02,train,250,6,0.0001,0.7,0.3,0.1,4.0,141.604319,141.49120936244773,-0.1131096375522702,0.1131096375522702
G02_R0457,G02,train,250,6,1e-05,0.85,0.1,0.1,4.0,82.47537200000001,82.49577931365813,0.0204073136581257,0.0204073136581257
G02_R0458,G02,train,250,6,1e-05,0.85,0.2,0.1,4.0,170.49156,170.3912667248717,-0.1002932751282799,0.1002932751282799
G02_R0459,G02,train,250,6,1e-05,0.85,0.3,0.1,4.0,310.83976,310.56892827679724,-0.2708317232027752,0.2708317232027752
G02_R0460,G02,train,250,6,1e-05,0.8,0.1,0.1,4.0,82.87273400000001,82.81625921888595,-0.056474781114062,0.056474781114062
G02_R0461,G02,test,250,6,1e-05,0.8,0.2,0.1,4.0,171.74074000000002,171.52998372214432,-0.2107562778556939,0.2107562778556939
G02_R0462,G02,train,250,6,1e-05,0.8,0.3,0.1,4.0,313.37872,313.0123410614641,-0.3663789385358882,0.3663789385358882
G02_R0463,G02,train,250,6,1e-05,0.75,0.1,0.1,4.0,83.32803200000001,83.2688790110305,-0.059152988969501,0.059152988969501
G02_R0464,G02,test,250,6,1e-05,0.75,0.2,0.1,4.0,173.16984000000002,172.7873336375208,-0.3825063624792335,0.3825063624792335
G02_R0465,G02,train,250,6,1e-05,0.75,0.3,0.1,4.0,316.31758,316.13713391754146,-0.1804460824585589,0.1804460824585589
G02_R0466,G02,train,250,6,1e-05,0.7,0.1,0.1,4.0,83.853257,83.72394352356405,-0.1293134764359536,0.1293134764359536
G02_R0467,G02,train,250,6,1e-05,0.7,0.2,0.1,4.0,174.84886,174.73029055761816,-0.1185694423818404,0.1185694423818404
G02_R0468,G02,test,250,6,1e-05,0.7,0.3,0.1,4.0,319.74633,318.97918581003967,-0.7671441899603337,0.7671441899603337
G02_R0469,G02,train,250,6,1e-06,0.85,0.1,0.1,4.0,266.88079,266.8086184890528,-0.0721715109472143,0.0721715109472143
G02_R0470,G02,train,250,6,1e-06,0.85,0.2,0.1,4.0,841.9586,841.839268456093,-0.1193315439070374,0.1193315439070374
G02_R0471,G02,train,250,6,1e-06,0.85,0.3,0.1,4.0,1783.55388,1783.325027330737,-0.2288526692630057,0.2288526692630057
G02_R0472,G02,train,250,6,1e-06,0.8,0.1,0.1,4.0,268.210538,268.1148187615406,-0.0957192384593668,0.0957192384593668
G02_R0473,G02,train,250,6,1e-06,0.8,0.2,0.1,4.0,845.99828,845.3213585586811,-0.676921441318882,0.676921441318882
G02_R0474,G02,train,250,6,1e-06,0.8,0.3,0.1,4.0,1791.55349,1791.3397272958412,-0.213762704158853,0.213762704158853
G02_R0475,G02,test,250,6,1e-06,0.75,0.1,0.1,4.0,269.820268,269.65942368415705,-0.1608443158429509,0.1608443158429509
G02_R0476,G02,train,250,6,1e-06,0.75,0.2,0.1,4.0,850.76793,850.5294552718657,-0.2384747281342925,0.2384747281342925
G02_R0477,G02,test,250,6,1e-06,0.75,0.3,0.1,4.0,1800.9530599999998,1799.7944372580253,-1.1586227419745685,1.1586227419745685
G02_R0478,G02,train,250,6,1e-06,0.7,0.1,0.1,4.0,271.74998000000005,271.5467096053317,-0.2032703946683227,0.2032703946683227
G02_R0479,G02,train,250,6,1e-06,0.7,0.2,0.1,4.0,856.36756,856.0610910933075,-0.3064689066925439,0.3064689066925439
G02_R0480,G02,train,250,6,1e-06,0.7,0.3,0.1,4.0,1812.05261,1811.366363501832,-0.6862464981682024,0.6862464981682024
G02_R0481,G02,train,250,20,0.001,0.85,0.1,0.1,4.0,45.716209,45.75429502083556,0.0380860208355642,0.0380860208355642
G02_R0482,G02,train,250,20,0.001,0.85,0.2,0.1,4.0,66.252958,66.21754613850054,-0.0354118614994689,0.0354118614994689
G02_R0483,G02,train,250,20,0.001,0.85,0.3,0.1,4.0,97.300865,97.31156646149404,0.010701461494051,0.010701461494051
G02_R0484,G02,train,250,20,0.001,0.8,0.1,0.1,4.0,45.979940000000006,45.942696198270575,-0.0372438017294314,0.0372438017294314
G02_R0485,G02,train,250,20,0.001,0.8,0.2,0.1,4.0,66.75246899999999,66.6760993923912,-0.0763696076087967,0.0763696076087967
G02_R0486,G02,test,250,20,0.001,0.8,0.3,0.1,4.0,98.208165,98.15992975568766,-0.0482352443123375,0.0482352443123375
G02_R0487,G02,train,250,20,0.001,0.75,0.1,0.1,4.0,46.263498,46.27718866855415,0.0136906685541475,0.0136906685541475
G02_R0488,G02,test,250,20,0.001,0.75,0.2,0.1,4.0,67.29077299999999,67.21418546302097,-0.0765875369790194,0.0765875369790194
G02_R0489,G02,train,250,20,0.001,0.75,0.3,0.1,4.0,99.194275,99.19210920274703,-0.0021657972529709,0.0021657972529709
G02_R0490,G02,train,250,20,0.001,0.7,0.1,0.1,4.0,46.566862,46.4139385860996,-0.1529234139003961,0.1529234139003961
G02_R0491,G02,train,250,20,0.001,0.7,0.2,0.1,4.0,67.875852,67.72676507749355,-0.1490869225064415,0.1490869225064415
G02_R0492,G02,train,250,20,0.001,0.7,0.3,0.1,4.0,100.27625,100.26185135853574,-0.0143986414642682,0.0143986414642682
G02_R0493,G02,test,250,20,0.0001,0.85,0.1,0.1,4.0,56.479241,56.5649009208722,0.0856599208721959,0.0856599208721959
G02_R0494,G02,test,250,20,0.0001,0.85,0.2,0.1,4.0,88.083718,88.09676144031422,0.0130434403142203,0.0130434403142203
G02_R0495,G02,train,250,20,0.0001,0.85,0.3,0.1,4.0,138.21117999999998,138.1330053032831,-0.0781746967168715,0.0781746967168715
G02_R0496,G02,train,250,20,0.0001,0.8,0.1,0.1,4.0,56.670659,56.65547441009256,-0.0151845899074416,0.0151845899074416
G02_R0497,G02,test,250,20,0.0001,0.8,0.2,0.1,4.0,88.580876,88.44161962646285,-0.139256373537151,0.139256373537151
G02_R0498,G02,train,250,20,0.0001,0.8,0.3,0.1,4.0,139.199103,139.05006798221154,-0.1490350177884636,0.1490350177884636
G02_R0499,G02,train,250,20,0.0001,0.75,0.1,0.1,4.0,56.877924,56.89879510449666,0.0208711044966563,0.0208711044966563
G02_R0500,G02,train,250,20,0.0001,0.75,0.2,0.1,4.0,89.137857,89.08174124232352,-0.0561157576764799,0.0561157576764799
G02_R0501,G02,test,250,20,0.0001,0.75,0.3,0.1,4.0,140.32682599999998,139.83809181321632,-0.4887341867836596,0.4887341867836596
G02_R0502,G02,train,250,20,0.0001,0.7,0.1,0.1,4.0,57.108011000000005,56.98654584515602,-0.1214651548439817,0.1214651548439817
G02_R0503,G02,test,250,20,0.0001,0.7,0.2,0.1,4.0,89.766632,89.42699586037459,-0.3396361396254121,0.3396361396254121
G02_R0504,G02,train,250,20,0.0001,0.7,0.3,0.1,4.0,141.604319,141.47384314493576,-0.1304758550642475,0.1304758550642475
G02_R0505,G02,train,250,20,1e-05,0.85,0.1,0.1,4.0,82.47537200000001,82.49523376805699,0.0198617680569839,0.0198617680569839
G02_R0506,G02,train,250,20,1e-05,0.85,0.2,0.1,4.0,170.49156,170.39434217082402,-0.0972178291759746,0.0972178291759746
G02_R0507,G02,train,250,20,1e-05,0.85,0.3,0.1,4.0,310.83976,310.54167342709485,-0.2980865729051629,0.2980865729051629
G02_R0508,G02,train,250,20,1e-05,0.8,0.1,0.1,4.0,82.87273400000001,82.8173188528592,-0.0554151471408062,0.0554151471408062
G02_R0509,G02,train,250,20,1e-05,0.8,0.2,0.1,4.0,171.74074000000002,171.5459959103882,-0.1947440896118166,0.1947440896118166
G02_R0510,G02,train,250,20,1e-05,0.8,0.3,0.1,4.0,313.37872,313.08151098857724,-0.2972090114227512,0.2972090114227512
G02_R0511,G02,train,250,20,1e-05,0.75,0.1,0.1,4.0,83.32803200000001,83.26287432387868,-0.0651576761213306,0.0651576761213306
G02_R0512,G02,train,250,20,1e-05,0.75,0.2,0.1,4.0,173.16984000000002,172.8241063653778,-0.3457336346222348,0.3457336346222348
G02_R0513,G02,train,250,20,1e-05,0.75,0.3,0.1,4.0,316.31758,316.20316202173785,-0.1144179782621677,0.1144179782621677
G02_R0514,G02,test,250,20,1e-05,0.7,0.1,0.1,4.0,83.853257,83.71911360765326,-0.1341433923467434,0.1341433923467434
G02_R0515,G02,train,250,20,1e-05,0.7,0.2,0.1,4.0,174.84886,174.7207852572611,-0.128074742738903,0.128074742738903
G02_R0516,G02,train,250,20,1e-05,0.7,0.3,0.1,4.0,319.74633,319.0864130840868,-0.659916915913243,0.659916915913243
G02_R0517,G02,train,250,20,1e-06,0.85,0.1,0.1,4.0,266.88079,266.7990291425707,-0.0817608574292876,0.0817608574292876
G02_R0518,G02,train,250,20,1e-06,0.85,0.2,0.1,4.0,841.9586,841.8476075638458,-0.1109924361542198,0.1109924361542198
G02_R0519,G02,train,250,20,1e-06,0.85,0.3,0.1,4.0,1783.55388,1783.333524747989,-0.2203552520109042,0.2203552520109042
G02_R0520,G02,train,250,20,1e-06,0.8,0.1,0.1,4.0,268.210538,268.111902266228,-0.0986357337719709,0.0986357337719709
G02_R0521,G02,test,250,20,1e-06,0.8,0.2,0.1,4.0,845.99828,845.3002355485021,-0.6980444514979354,0.6980444514979354
G02_R0522,G02,train,250,20,1e-06,0.8,0.3,0.1,4.0,1791.55349,1791.3103322219426,-0.2431577780573661,0.2431577780573661
G02_R0523,G02,train,250,20,1e-06,0.75,0.1,0.1,4.0,269.820268,269.6604962813449,-0.1597717186551221,0.1597717186551221
G02_R0524,G02,train,250,20,1e-06,0.75,0.2,0.1,4.0,850.76793,850.5529882014484,-0.2149417985515356,0.2149417985515356
G02_R0525,G02,train,250,20,1e-06,0.75,0.3,0.1,4.0,1800.9530599999998,1799.9171673750318,-1.035892624968028,1.035892624968028
G02_R0526,G02,train,250,20,1e-06,0.7,0.1,0.1,4.0,271.74998000000005,271.5432249261858,-0.2067550738142358,0.2067550738142358
G02_R0527,G02,train,250,20,1e-06,0.7,0.2,0.1,4.0,856.36756,855.9791162233673,-0.3884437766326982,0.3884437766326982
G02_R0528,G02,test,250,20,1e-06,0.7,0.3,0.1,4.0,1812.05261,1811.1937999694053,-0.8588100305946682,0.8588100305946682
G02_R0529,G02,train,250,50,0.001,0.85,0.1,0.1,4.0,45.716209,45.75251333449182,0.0363043344918239,0.0363043344918239
G02_R0530,G02,train,250,50,0.001,0.85,0.2,0.1,4.0,66.252958,66.21722858556306,-0.0357294144369433,0.0357294144369433
G02_R0531,G02,train,250,50,0.001,0.85,0.3,0.1,4.0,97.300865,97.31223191711908,0.0113669171190906,0.0113669171190906
G02_R0532,G02,train,250,50,0.001,0.8,0.1,0.1,4.0,45.979940000000006,45.94003625873934,-0.0399037412606659,0.0399037412606659
G02_R0533,G02,train,250,50,0.001,0.8,0.2,0.1,4.0,66.75246899999999,66.671340124296,-0.081128875703996,0.081128875703996
G02_R0534,G02,train,250,50,0.001,0.8,0.3,0.1,4.0,98.208165,98.16145286756266,-0.0467121324373351,0.0467121324373351
G02_R0535,G02,train,250,50,0.001,0.75,0.1,0.1,4.0,46.263498,46.28920331974758,0.0257053197475798,0.0257053197475798
G02_R0536,G02,train,250,50,0.001,0.75,0.2,0.1,4.0,67.29077299999999,67.21810930058345,-0.0726636994165375,0.0726636994165375
G02_R0537,G02,train,250,50,0.001,0.75,0.3,0.1,4.0,99.194275,99.19082496449698,-0.0034500355030218,0.0034500355030218
G02_R0538,G02,train,250,50,0.001,0.7,0.1,0.1,4.0,46.566862,46.42618808302221,-0.1406739169777964,0.1406739169777964
G02_R0539,G02,train,250,50,0.001,0.7,0.2,0.1,4.0,67.875852,67.74214945908297,-0.133702540917028,0.133702540917028
G02_R0540,G02,train,250,50,0.001,0.7,0.3,0.1,4.0,100.27625,100.26147062511905,-0.0147793748809732,0.0147793748809732
G02_R0541,G02,train,250,50,0.0001,0.85,0.1,0.1,4.0,56.479241,56.55053401735423,0.071293017354229,0.071293017354229
G02_R0542,G02,test,250,50,0.0001,0.85,0.2,0.1,4.0,88.083718,88.09676144031422,0.0130434403142203,0.0130434403142203
G02_R0543,G02,train,250,50,0.0001,0.85,0.3,0.1,4.0,138.21117999999998,138.13497422923257,-0.0762057707674159,0.0762057707674159
G02_R0544,G02,train,250,50,0.0001,0.8,0.1,0.1,4.0,56.670659,56.63243926126205,-0.0382197387379505,0.0382197387379505
G02_R0545,G02,train,250,50,0.0001,0.8,0.2,0.1,4.0,88.580876,88.44161962646285,-0.139256373537151,0.139256373537151
G02_R0546,G02,train,250,50,0.0001,0.8,0.3,0.1,4.0,139.199103,139.05588078580672,-0.1432222141932868,0.1432222141932868
G02_R0547,G02,train,250,50,0.0001,0.75,0.1,0.1,4.0,56.877924,56.90528626179723,0.0273622617972293,0.0273622617972293
G02_R0548,G02,test,250,50,0.0001,0.75,0.2,0.1,4.0,89.137857,89.09658261742771,-0.0412743825722827,0.0412743825722827
G02_R0549,G02,train,250,50,0.0001,0.75,0.3,0.1,4.0,140.32682599999998,139.88609863413313,-0.4407273658668487,0.4407273658668487
G02_R0550,G02,train,250,50,0.0001,0.7,0.1,0.1,4.0,57.108011000000005,56.99410028774826,-0.1139107122517444,0.1139107122517444
G02_R0551,G02,train,250,50,0.0001,0.7,0.2,0.1,4.0,89.766632,89.45891259349953,-0.3077194065004676,0.3077194065004676
G02_R0552,G02,train,250,50,0.0001,0.7,0.3,0.1,4.0,141.604319,141.45246257765598,-0.151856422344025,0.151856422344025
G02_R0553,G02,train,250,50,1e-05,0.85,0.1,0.1,4.0,82.47537200000001,82.49548451534869,0.0201125153486856,0.0201125153486856
G02_R0554,G02,train,250,50,1e-05,0.85,0.2,0.1,4.0,170.49156,170.3977831114491,-0.0937768885509058,0.0937768885509058
G02_R0555,G02,test,250,50,1e-05,0.85,0.3,0.1,4.0,310.83976,310.5431258770948,-0.2966341229052318,0.2966341229052318
G02_R0556,G02,train,250,50,1e-05,0.8,0.1,0.1,4.0,82.87273400000001,82.81939986227593,-0.0533341377240788,0.0533341377240788
G02_R0557,G02,train,250,50,1e-05,0.8,0.2,0.1,4.0,171.74074000000002,171.55555243347848,-0.1851875665215345,0.1851875665215345
G02_R0558,G02,train,250,50,1e-05,0.8,0.3,0.1,4.0,313.37872,313.07816299857706,-0.3005570014229306,0.3005570014229306
G02_R0559,G02,train,250,50,1e-05,0.75,0.1,0.1,4.0,83.32803200000001,83.26521841162872,-0.0628135883712843,0.0628135883712843
G02_R0560,G02,train,250,50,1e-05,0.75,0.2,0.1,4.0,173.16984000000002,172.86251485494108,-0.3073251450589396,0.3073251450589396
G02_R0561,G02,train,250,50,1e-05,0.75,0.3,0.1,4.0,316.31758,316.2221548132557,-0.0954251867443076,0.0954251867443076
G02_R0562,G02,train,250,50,1e-05,0.7,0.1,0.1,4.0,83.853257,83.72096456680505,-0.132292433194948,0.132292433194948
G02_R0563,G02,train,250,50,1e-05,0.7,0.2,0.1,4.0,174.84886,174.7167304187195,-0.132129581280509,0.132129581280509
G02_R0564,G02,train,250,50,1e-05,0.7,0.3,0.1,4.0,319.74633,319.1654318760209,-0.5808981239791251,0.5808981239791251
G02_R0565,G02,train,250,50,1e-06,0.85,0.1,0.1,4.0,266.88079,266.7881169573486,-0.09267304265137,0.09267304265137
G02_R0566,G02,train,250,50,1e-06,0.85,0.2,0.1,4.0,841.9586,841.7783306893189,-0.180269310681183,0.180269310681183
G02_R0567,G02,train,250,50,1e-06,0.85,0.3,0.1,4.0,1783.55388,1783.3321387751907,-0.2217412248091932,0.2217412248091932
G02_R0568,G02,train,250,50,1e-06,0.8,0.1,0.1,4.0,268.210538,268.1199361786625,-0.0906018213374864,0.0906018213374864
G02_R0569,G02,train,250,50,1e-06,0.8,0.2,0.1,4.0,845.99828,845.3600420436946,-0.6382379563053746,0.6382379563053746
G02_R0570,G02,train,250,50,1e-06,0.8,0.3,0.1,4.0,1791.55349,1791.3317188216731,-0.2217711783268896,0.2217711783268896
G02_R0571,G02,train,250,50,1e-06,0.75,0.1,0.1,4.0,269.820268,269.66432291682065,-0.1559450831793469,0.1559450831793469
G02_R0572,G02,train,250,50,1e-06,0.75,0.2,0.1,4.0,850.76793,850.5358582411369,-0.2320717588630714,0.2320717588630714
G02_R0573,G02,train,250,50,1e-06,0.75,0.3,0.1,4.0,1800.9530599999998,1800.003561499227,-0.9494985007725064,0.9494985007725064
G02_R0574,G02,train,250,50,1e-06,0.7,0.1,0.1,4.0,271.74998000000005,271.5362770372554,-0.2137029627446622,0.2137029627446622
G02_R0575,G02,train,250,50,1e-06,0.7,0.2,0.1,4.0,856.36756,855.8749735708075,-0.4925864291925563,0.4925864291925563
G02_R0576,G02,train,250,50,1e-06,0.7,0.3,0.1,4.0,1812.05261,1811.1920550553289,-0.8605549446713212,0.8605549446713212
G02_R0577,G02,test,500,3,0.001,0.85,0.1,0.1,4.0,111.502121,111.58346397547396,0.0813429754739445,0.0813429754739445
G02_R0578,G02,test,500,3,0.001,0.85,0.2,0.1,4.0,164.665982,164.66491731202964,-0.0010646879703699,0.0010646879703699
G02_R0579,G02,train,500,3,0.001,0.85,0.3,0.1,4.0,244.34431,244.56371958552984,0.2194095855298314,0.2194095855298314
G02_R0580,G02,train,500,3,0.001,0.8,0.1,0.1,4.0,112.267632,112.10329526287482,-0.1643367371251827,0.1643367371251827
G02_R0581,G02,train,500,3,0.001,0.8,0.2,0.1,4.0,166.161144,166.12433976394885,-0.0368042360511537,0.0368042360511537
G02_R0582,G02,train,500,3,0.001,0.8,0.3,0.1,4.0,247.06893,247.40502555518,0.3360955551800089,0.3360955551800089
G02_R0583,G02,train,500,3,0.001,0.75,0.1,0.1,4.0,113.082806,113.0447189702954,-0.0380870297046129,0.0380870297046129
G02_R0584,G02,train,500,3,0.001,0.75,0.2,0.1,4.0,167.775959,167.79539908388426,0.0194400838842625,0.0194400838842625
G02_R0585,G02,train,500,3,0.001,0.75,0.3,0.1,4.0,250.05325,250.44300921104605,0.389759211046055,0.389759211046055
G02_R0586,G02,train,500,3,0.001,0.7,0.1,0.1,4.0,113.957727,113.81216745442327,-0.1455595455767309,0.1455595455767309
G02_R0587,G02,train,500,3,0.001,0.7,0.2,0.1,4.0,169.54039,169.49839225796265,-0.0419977420373527,0.0419977420373527
G02_R0588,G02,train,500,3,0.001,0.7,0.3,0.1,4.0,253.33725,253.5268487675774,0.1895987675773938,0.1895987675773938
G02_R0589,G02,train,500,3,0.0001,0.85,0.1,0.1,4.0,136.42487300000002,136.52581719746888,0.1009441974688627,0.1009441974688627
G02_R0590,G02,train,500,3,0.0001,0.85,0.2,0.1,4.0,216.8412,216.69818637983747,-0.1430136201625202,0.1430136201625202
G02_R0591,G02,train,500,3,0.0001,0.85,0.3,0.1,4.0,343.16717,342.6484300748209,-0.5187399251790907,0.5187399251790907
G02_R0592,G02,train,500,3,0.0001,0.8,0.1,0.1,4.0,137.062055,136.8141988719003,-0.2478561280996984,0.2478561280996984
G02_R0593,G02,test,500,3,0.0001,0.8,0.2,0.1,4.0,218.5781,217.6540644344745,-0.924035565525486,0.924035565525486
G02_R0594,G02,train,500,3,0.0001,0.8,0.3,0.1,4.0,346.68384,346.34331474254896,-0.34052525745102,0.34052525745102
G02_R0595,G02,test,500,3,0.0001,0.75,0.1,0.1,4.0,137.74897,137.74278584213235,-0.0061841578676649,0.0061841578676649
G02_R0596,G02,train,500,3,0.0001,0.75,0.2,0.1,4.0,220.50471,219.9249978518796,-0.5797121481203931,0.5797121481203931
G02_R0597,G02,train,500,3,0.0001,0.75,0.3,0.1,4.0,350.65023,350.25616165870633,-0.3940683412936892,0.3940683412936892
G02_R0598,G02,train,500,3,0.0001,0.7,0.1,0.1,4.0,138.50558,137.9895508059984,-0.516029194001618,0.516029194001618
G02_R0599,G02,train,500,3,0.0001,0.7,0.2,0.1,4.0,222.69099,222.15652065251084,-0.5344693474891642,0.5344693474891642
G02_R0600,G02,train,500,3,0.0001,0.7,0.3,0.1,4.0,355.18631000000005,354.896564405147,-0.2897455948530592,0.2897455948530592
G02_R0601,G02,train,500,3,1e-05,0.85,0.1,0.1,4.0,196.46441,196.29636047421195,-0.1680495257880352,0.1680495257880352
G02_R0602,G02,train,500,3,1e-05,0.85,0.2,0.1,4.0,402.03798,401.70064417292144,-0.3373358270785616,0.3373358270785616
G02_R0603,G02,train,500,3,1e-05,0.85,0.3,0.1,4.0,725.2446,725.3076239317446,0.0630239317446239,0.0630239317446239
G02_R0604,G02,train,500,3,1e-05,0.8,0.1,0.1,4.0,198.04323,196.96873126100283,-1.074498738997164,1.074498738997164
G02_R0605,G02,train,500,3,1e-05,0.8,0.2,0.1,4.0,406.70653,406.3470759055695,-0.3594540944305322,0.3594540944305322
G02_R0606,G02,train,500,3,1e-05,0.8,0.3,0.1,4.0,734.77295,733.6062545376054,-1.166695462394614,1.166695462394614
G02_R0607,G02,test,500,3,1e-05,0.75,0.1,0.1,4.0,199.74195,199.3576142206209,-0.3843357793791142,0.3843357793791142
G02_R0608,G02,test,500,3,1e-05,0.75,0.2,0.1,4.0,411.89493,411.4531811251163,-0.4417488748836717,0.4417488748836717
G02_R0609,G02,train,500,3,1e-05,0.75,0.3,0.1,4.0,745.40116,745.0406481833519,-0.3605118166481134,0.3605118166481134
G02_R0610,G02,train,500,3,1e-05,0.7,0.1,0.1,4.0,201.46053,201.0092410238944,-0.4512889761055874,0.4512889761055874
G02_R0611,G02,test,500,3,1e-05,0.7,0.2,0.1,4.0,417.67317,414.7707101755648,-2.902459824435254,2.902459824435254
G02_R0612,G02,train,500,3,1e-05,0.7,0.3,0.1,4.0,757.56923,756.345234135512,-1.2239958644879607,1.2239958644879607
G02_R0613,G02,train,500,3,1e-06,0.85,0.1,0.1,4.0,584.51482,584.188392544974,-0.3264274550259642,0.3264274550259642
G02_R0614,G02,train,500,3,1e-06,0.85,0.2,0.1,4.0,1801.76112,1801.516673832508,-0.2444461674920148,0.2444461674920148
G02_R0615,G02,train,500,3,1e-06,0.85,0.3,0.1,4.0,3780.4106,3779.671111854657,-0.7394881453428752,0.7394881453428752
G02_R0616,G02,train,500,3,1e-06,0.8,0.1,0.1,4.0,589.45434,588.8475588456836,-0.6067811543164225,0.6067811543164225
G02_R0617,G02,train,500,3,1e-06,0.8,0.2,0.1,4.0,1816.56051,1815.8610863768545,-0.6994236231457762,0.6994236231457762
G02_R0618,G02,train,500,3,1e-06,0.8,0.3,0.1,4.0,3810.10988,3809.1961158375,-0.9137641625002288,0.9137641625002288
G02_R0619,G02,train,500,3,1e-06,0.75,0.1,0.1,4.0,595.28382,595.0981708180162,-0.1856491819837629,0.1856491819837629
G02_R0620,G02,train,500,3,1e-06,0.75,0.2,0.1,4.0,1833.65986,1833.3407788387872,-0.3190811612128073,0.3190811612128073
G02_R0621,G02,train,500,3,1e-06,0.75,0.3,0.1,4.0,3844.50911,3839.055397446743,-5.453712553256992,5.453712553256992
G02_R0622,G02,train,500,3,1e-06,0.7,0.1,0.1,4.0,601.52327,599.3673930722714,-2.1558769277286274,2.1558769277286274
G02_R0623,G02,train,500,3,1e-06,0.7,0.2,0.1,4.0,1852.45917,1849.8400967653315,-2.6190732346685763,2.6190732346685763
G02_R0624,G02,test,500,3,1e-06,0.7,0.3,0.1,4.0,3883.10828,3879.674538324749,-3.43374167525144,3.43374167525144
G02_R0625,G02,train,500,6,0.001,0.85,0.1,0.1,4.0,111.502121,111.58469220661978,0.0825712066197752,0.0825712066197752
G02_R0626,G02,train,500,6,0.001,0.85,0.2,0.1,4.0,164.665982,164.66410682702966,-0.0018751729703581,0.0018751729703581
G02_R0627,G02,train,500,6,0.001,0.85,0.3,0.1,4.0,244.34431,244.5545742938631,0.2102642938631049,0.2102642938631049
G02_R0628,G02,train,500,6,0.001,0.8,0.1,0.1,4.0,112.267632,112.101806247354,-0.1658257526460147,0.1658257526460147
G02_R0629,G02,train,500,6,0.001,0.8,0.2,0.1,4.0,166.161144,166.12811190987742,-0.0330320901225889,0.0330320901225889
G02_R0630,G02,test,500,6,0.001,0.8,0.3,0.1,4.0,247.06893,247.41391045851324,0.3449804585132483,0.3449804585132483
G02_R0631,G02,train,500,6,0.001,0.75,0.1,0.1,4.0,113.082806,113.04324539249184,-0.0395606075081644,0.0395606075081644
G02_R0632,G02,train,500,6,0.001,0.75,0.2,0.1,4.0,167.775959,167.79476101957175,0.0188020195717513,0.0188020195717513
G02_R0633,G02,train,500,6,0.001,0.75,0.3,0.1,4.0,250.05325,250.44990943777248,0.3966594377724846,0.3966594377724846
G02_R0634,G02,train,500,6,0.001,0.7,0.1,0.1,4.0,113.957727,113.81079141201552,-0.1469355879844727,0.1469355879844727
G02_R0635,G02,train,500,6,0.001,0.7,0.2,0.1,4.0,169.54039,169.49941022965015,-0.0409797703498497,0.0409797703498497
G02_R0636,G02,train,500,6,0.001,0.7,0.3,0.1,4.0,253.33725,253.52835891680365,0.1911089168036142,0.1911089168036142
G02_R0637,G02,train,500,6,0.0001,0.85,0.1,0.1,4.0,136.42487300000002,136.50514265842725,0.0802696584272268,0.0802696584272268
G02_R0638,G02,train,500,6,0.0001,0.85,0.2,0.1,4.0,216.8412,216.6934617194207,-0.1477382805792899,0.1477382805792899
G02_R0639,G02,train,500,6,0.0001,0.85,0.3,0.1,4.0,343.16717,342.62308035961274,-0.5440896403872557,0.5440896403872557
G02_R0640,G02,test,500,6,0.0001,0.8,0.1,0.1,4.0,137.062055,136.79908142831994,-0.2629735716800496,0.2629735716800496
G02_R0641,G02,train,500,6,0.0001,0.8,0.2,0.1,4.0,218.5781,217.6666469407245,-0.9114530592755444,0.9114530592755444
G02_R0642,G02,train,500,6,0.0001,0.8,0.3,0.1,4.0,346.68384,346.3761109346771,-0.3077290653228601,0.3077290653228601
G02_R0643,G02,train,500,6,0.0001,0.75,0.1,0.1,4.0,137.74897,137.76552160153113,0.0165516015311197,0.0165516015311197
G02_R0644,G02,test,500,6,0.0001,0.75,0.2,0.1,4.0,220.50471,219.92663636448376,-0.5780736355162048,0.5780736355162048
G02_R0645,G02,train,500,6,0.0001,0.75,0.3,0.1,4.0,350.65023,350.2699839091232,-0.3802460908768239,0.3802460908768239
G02_R0646,G02,test,500,6,0.0001,0.7,0.1,0.1,4.0,138.50558,138.01095036373053,-0.4946296362694795,0.4946296362694795
G02_R0647,G02,train,500,6,0.0001,0.7,0.2,0.1,4.0,222.69099,222.1541840578235,-0.5368059421764997,0.5368059421764997
G02_R0648,G02,train,500,6,0.0001,0.7,0.3,0.1,4.0,355.18631000000005,354.8969453926469,-0.2893646073531499,0.2893646073531499
G02_R0649,G02,train,500,6,1e-05,0.85,0.1,0.1,4.0,196.46441,196.2498054612952,-0.2146045387048047,0.2146045387048047
G02_R0650,G02,test,500,6,1e-05,0.85,0.2,0.1,4.0,402.03798,401.7021530906298,-0.335826909370212,0.335826909370212
G02_R0651,G02,train,500,6,1e-05,0.85,0.3,0.1,4.0,725.2446,725.2789232634112,0.0343232634112382,0.0343232634112382
G02_R0652,G02,test,500,6,1e-05,0.8,0.1,0.1,4.0,198.04323,196.8387782089192,-1.2044517910807713,1.2044517910807713
G02_R0653,G02,train,500,6,1e-05,0.8,0.2,0.1,4.0,406.70653,406.3666072214622,-0.3399227785378116,0.3399227785378116
G02_R0654,G02,test,500,6,1e-05,0.8,0.3,0.1,4.0,734.77295,733.540217111713,-1.232732888287046,1.232732888287046
G02_R0655,G02,train,500,6,1e-05,0.75,0.1,0.1,4.0,199.74195,199.36123630170715,-0.3807136982928512,0.3807136982928512
G02_R0656,G02,train,500,6,1e-05,0.75,0.2,0.1,4.0,411.89493,411.4531811251163,-0.4417488748836717,0.4417488748836717
G02_R0657,G02,train,500,6,1e-05,0.75,0.3,0.1,4.0,745.40116,745.0691250574147,-0.3320349425853237,0.3320349425853237
G02_R0658,G02,test,500,6,1e-05,0.7,0.1,0.1,4.0,201.46053,200.9872527458141,-0.4732772541858878,0.4732772541858878
G02_R0659,G02,test,500,6,1e-05,0.7,0.2,0.1,4.0,417.67317,414.7707101755648,-2.902459824435254,2.902459824435254
G02_R0660,G02,test,500,6,1e-05,0.7,0.3,0.1,4.0,757.56923,756.3303638053038,-1.2388661946961292,1.2388661946961292
G02_R0661,G02,train,500,6,1e-06,0.85,0.1,0.1,4.0,584.51482,584.1556021954499,-0.3592178045500986,0.3592178045500986
G02_R0662,G02,train,500,6,1e-06,0.85,0.2,0.1,4.0,1801.76112,1801.5362324225075,-0.2248875774923817,0.2248875774923817
G02_R0663,G02,train,500,6,1e-06,0.85,0.3,0.1,4.0,3780.4106,3779.7646197983177,-0.6459802016825051,0.6459802016825051
G02_R0664,G02,train,500,6,1e-06,0.8,0.1,0.1,4.0,589.45434,588.8247881084518,-0.6295518915482035,0.6295518915482035
G02_R0665,G02,test,500,6,1e-06,0.8,0.2,0.1,4.0,1816.56051,1815.863827797092,-0.6966822029082778,0.6966822029082778
G02_R0666,G02,train,500,6,1e-06,0.8,0.3,0.1,4.0,3810.10988,3809.1802143092327,-0.9296656907672514,0.9296656907672514
G02_R0667,G02,train,500,6,1e-06,0.75,0.1,0.1,4.0,595.28382,595.0490796088495,-0.234740391150467,0.234740391150467
G02_R0668,G02,train,500,6,1e-06,0.75,0.2,0.1,4.0,1833.65986,1833.1700154838172,-0.4898445161825293,0.4898445161825293
G02_R0669,G02,train,500,6,1e-06,0.75,0.3,0.1,4.0,3844.50911,3840.985148910853,-3.5239610891471784,3.5239610891471784
G02_R0670,G02,test,500,6,1e-06,0.7,0.1,0.1,4.0,601.52327,599.3161893774796,-2.20708062252038,2.20708062252038
G02_R0671,G02,test,500,6,1e-06,0.7,0.2,0.1,4.0,1852.45917,1849.800249604408,-2.658920395592532,2.658920395592532
G02_R0672,G02,train,500,6,1e-06,0.7,0.3,0.1,4.0,3883.10828,3880.167854767872,-2.9404252321278364,2.9404252321278364
G02_R0673,G02,train,500,20,0.001,0.85,0.1,0.1,4.0,111.502121,111.5680142206911,0.0658932206910947,0.0658932206910947
G02_R0674,G02,train,500,20,0.001,0.85,0.2,0.1,4.0,164.66598100000002,164.66190131882584,-0.0040796811741756,0.0040796811741756
G02_R0675,G02,train,500,20,0.001,0.85,0.3,0.1,4.0,244.34431,244.57422174323816,0.2299117432381763,0.2299117432381763
G02_R0676,G02,train,500,20,0.001,0.8,0.1,0.1,4.0,112.267632,112.07292058719614,-0.1947114128038691,0.1947114128038691
G02_R0677,G02,train,500,20,0.001,0.8,0.2,0.1,4.0,166.161144,166.12266705429124,-0.0384769457087657,0.0384769457087657
G02_R0678,G02,train,500,20,0.001,0.8,0.3,0.1,4.0,247.06893,247.37961298360256,0.3106829836025611,0.3106829836025611
G02_R0679,G02,train,500,20,0.001,0.75,0.1,0.1,4.0,113.082806,113.04553450374178,-0.0372714962582279,0.0372714962582279
G02_R0680,G02,train,500,20,0.001,0.75,0.2,0.1,4.0,167.775959,167.7990825081736,0.0231235081735974,0.0231235081735974
G02_R0681,G02,test,500,20,0.001,0.75,0.3,0.1,4.0,250.05325,250.4757007132188,0.4224507132187796,0.4224507132187796
G02_R0682,G02,train,500,20,0.001,0.7,0.1,0.1,4.0,113.957727,113.82183165935376,-0.1358953406462433,0.1358953406462433
G02_R0683,G02,train,500,20,0.001,0.7,0.2,0.1,4.0,169.54039,169.5053379946203,-0.0350520053796969,0.0350520053796969
G02_R0684,G02,test,500,20,0.001,0.7,0.3,0.1,4.0,253.33725,253.5843820616249,0.2471320616248533,0.2471320616248533
G02_R0685,G02,train,500,20,0.0001,0.85,0.1,0.1,4.0,136.42487300000002,136.49998710120713,0.0751141012071059,0.0751141012071059
G02_R0686,G02,train,500,20,0.0001,0.85,0.2,0.1,4.0,216.8412,216.70056574174228,-0.1406342582577053,0.1406342582577053
G02_R0687,G02,train,500,20,0.0001,0.85,0.3,0.1,4.0,343.16717,342.60142428360086,-0.5657457163991353,0.5657457163991353
G02_R0688,G02,train,500,20,0.0001,0.8,0.1,0.1,4.0,137.062055,136.79672489534238,-0.2653301046576075,0.2653301046576075
G02_R0689,G02,train,500,20,0.0001,0.8,0.2,0.1,4.0,218.5781,217.6894080799408,-0.8886919200592445,0.8886919200592445
G02_R0690,G02,train,500,20,0.0001,0.8,0.3,0.1,4.0,346.68384,346.3202895410907,-0.3635504589092875,0.3635504589092875
G02_R0691,G02,train,500,20,0.0001,0.75,0.1,0.1,4.0,137.74897,137.75001193283325,0.0010419328332318,0.0010419328332318
G02_R0692,G02,train,500,20,0.0001,0.75,0.2,0.1,4.0,220.50471,219.9072671721823,-0.5974428278177015,0.5974428278177015
G02_R0693,G02,train,500,20,0.0001,0.75,0.3,0.1,4.0,350.65023,350.33468506049206,-0.3155449395079586,0.3155449395079586
G02_R0694,G02,test,500,20,0.0001,0.7,0.1,0.1,4.0,138.50558,137.99474394211595,-0.5108360578840347,0.5108360578840347
G02_R0695,G02,train,500,20,0.0001,0.7,0.2,0.1,4.0,222.69099,222.12052099788303,-0.5704690021169654,0.5704690021169654
G02_R0696,G02,train,500,20,0.0001,0.7,0.3,0.1,4.0,355.18631000000005,354.8967381794623,-0.2895718205377307,0.2895718205377307
G02_R0697,G02,train,500,20,1e-05,0.85,0.1,0.1,4.0,196.46441,196.0839547095555,-0.3804552904444733,0.3804552904444733
G02_R0698,G02,train,500,20,1e-05,0.85,0.2,0.1,4.0,402.03798,401.6891629950642,-0.3488170049358245,0.3488170049358245
G02_R0699,G02,train,500,20,1e-05,0.85,0.3,0.1,4.0,725.2446,724.9799286762262,-0.2646713237737685,0.2646713237737685
G02_R0700,G02,test,500,20,1e-05,0.8,0.1,0.1,4.0,198.04323,196.7213741034889,-1.3218558965110958,1.3218558965110958
G02_R0701,G02,train,500,20,1e-05,0.8,0.2,0.1,4.0,406.78652,406.4195202622062,-0.3669997377937761,0.3669997377937761
G02_R0702,G02,train,500,20,1e-05,0.8,0.3,0.1,4.0,734.77295,733.6884152735881,-1.0845347264119027,1.0845347264119027
G02_R0703,G02,train,500,20,1e-05,0.75,0.1,0.1,4.0,199.74195,199.45395392727244,-0.2879960727275659,0.2879960727275659
G02_R0704,G02,train,500,20,1e-05,0.75,0.2,0.1,4.0,411.89493,411.6826711717536,-0.2122588282463766,0.2122588282463766
G02_R0705,G02,train,500,20,1e-05,0.75,0.3,0.1,4.0,745.40116,745.2265178424148,-0.1746421575852537,0.1746421575852537
G02_R0706,G02,train,500,20,1e-05,0.7,0.1,0.1,4.0,201.46053,201.0422703597426,-0.4182596402574177,0.4182596402574177
G02_R0707,G02,test,500,20,1e-05,0.7,0.2,0.1,4.0,417.67317,414.927629041071,-2.745540958929041,2.745540958929041
G02_R0708,G02,train,500,20,1e-05,0.7,0.3,0.1,4.0,757.56923,756.4499399315541,-1.119290068445821,1.119290068445821
G02_R0709,G02,test,500,20,1e-06,0.85,0.1,0.1,4.0,584.51482,584.1650939433666,-0.349726056633358,0.349726056633358
G02_R0710,G02,train,500,20,1e-06,0.85,0.2,0.1,4.0,1801.76112,1801.531829292254,-0.2292907077458039,0.2292907077458039
G02_R0711,G02,train,500,20,1e-06,0.85,0.3,0.1,4.0,3780.4106,3779.7886880233577,-0.6219119766424228,0.6219119766424228
G02_R0712,G02,test,500,20,1e-06,0.8,0.1,0.1,4.0,589.45434,588.8396380303271,-0.6147019696728648,0.6147019696728648
G02_R0713,G02,train,500,20,1e-06,0.8,0.2,0.1,4.0,1816.56051,1815.878135402697,-0.6823745973028963,0.6823745973028963
G02_R0714,G02,train,500,20,1e-06,0.8,0.3,0.1,4.0,3810.10988,3809.195439878585,-0.9144401214148274,0.9144401214148274
G02_R0715,G02,test,500,20,1e-06,0.75,0.1,0.1,4.0,595.28382,595.0473300491772,-0.2364899508228291,0.2364899508228291
G02_R0716,G02,train,500,20,1e-06,0.75,0.2,0.1,4.0,1833.65986,1833.1841154585145,-0.4757445414854828,0.4757445414854828
G02_R0717,G02,train,500,20,1e-06,0.75,0.3,0.1,4.0,3844.50911,3838.515566038101,-5.993543961898922,5.993543961898922
G02_R0718,G02,test,500,20,1e-06,0.7,0.1,0.1,4.0,601.52327,599.2311041910223,-2.292165808977757,2.292165808977757
G02_R0719,G02,train,500,20,1e-06,0.7,0.2,0.1,4.0,1852.45917,1849.5720692197656,-2.887100780234505,2.887100780234505
G02_R0720,G02,train,500,20,1e-06,0.7,0.3,0.1,4.0,3883.10828,3880.5766034708954,-2.5316765291054253,2.5316765291054253
G02_R0721,G02,train,500,50,0.001,0.85,0.1,0.1,4.0,111.502121,111.56826069148272,0.0661396914827321,0.0661396914827321
G02_R0722,G02,train,500,50,0.001,0.85,0.2,0.1,4.0,164.66598100000002,164.66136534409682,-0.0046156559031942,0.0046156559031942
G02_R0723,G02,train,500,50,0.001,0.85,0.3,0.1,4.0,244.34431,244.59420097792585,0.2498909779258156,0.2498909779258156
G02_R0724,G02,test,500,50,0.001,0.8,0.1,0.1,4.0,112.267632,112.069884061842,-0.1977479381580025,0.1977479381580025
G02_R0725,G02,train,500,50,0.001,0.8,0.2,0.1,4.0,166.161144,166.12063793581208,-0.0405060641879231,0.0405060641879231
G02_R0726,G02,train,500,50,0.001,0.8,0.3,0.1,4.0,247.06893,247.36512502009077,0.2961950200907495,0.2961950200907495
G02_R0727,G02,train,500,50,0.001,0.75,0.1,0.1,4.0,113.082805,113.04545150040845,-0.0373534995915463,0.0373534995915463
G02_R0728,G02,train,500,50,0.001,0.75,0.2,0.1,4.0,167.775959,167.7923303721228,0.0163713721227907,0.0163713721227907
G02_R0729,G02,train,500,50,0.001,0.75,0.3,0.1,4.0,250.05325,250.47993495384375,0.4266849538437895,0.4266849538437895
G02_R0730,G02,train,500,50,0.001,0.7,0.1,0.1,4.0,113.957726,113.79669049835078,-0.1610355016492093,0.1610355016492093
G02_R0731,G02,train,500,50,0.001,0.7,0.2,0.1,4.0,169.54039,169.503127779287,-0.0372622207129893,0.0372622207129893
G02_R0732,G02,train,500,50,0.001,0.7,0.3,0.1,4.0,253.33725,253.5873728355832,0.2501228355831699,0.2501228355831699
G02_R0733,G02,train,500,50,0.0001,0.85,0.1,0.1,4.0,136.434869,136.5065888277697,0.0717198277696979,0.0717198277696979
G02_R0734,G02,test,500,50,0.0001,0.85,0.2,0.1,4.0,216.8412,216.68309518465892,-0.1581048153410336,0.1581048153410336
G02_R0735,G02,test,500,50,0.0001,0.85,0.3,0.1,4.0,343.16717,342.60142428360086,-0.5657457163991353,0.5657457163991353
G02_R0736,G02,test,500,50,0.0001,0.8,0.1,0.1,4.0,137.062055,136.8153530990998,-0.2467019009001774,0.2467019009001774
G02_R0737,G02,test,500,50,0.0001,0.8,0.2,0.1,4.0,218.58809,217.66833234646856,-0.919757653531434,0.919757653531434
G02_R0738,G02,train,500,50,0.0001,0.8,0.3,0.1,4.0,346.68384,346.29224877817387,-0.3915912218261042,0.3915912218261042
G02_R0739,G02,train,500,50,0.0001,0.75,0.1,0.1,4.0,137.74897,137.8192884152515,0.0703184152514779,0.0703184152514779
G02_R0740,G02,test,500,50,0.0001,0.75,0.2,0.1,4.0,220.50471,219.8992909741268,-0.6054190258732319,0.6054190258732319
G02_R0741,G02,train,500,50,0.0001,0.75,0.3,0.1,4.0,350.65023,350.30556567019426,-0.3446643298057665,0.3446643298057665
G02_R0742,G02,train,500,50,0.0001,0.7,0.1,0.1,4.0,138.50558,138.06466419828422,-0.4409158017157892,0.4409158017157892
G02_R0743,G02,test,500,50,0.0001,0.7,0.2,0.1,4.0,222.69099,222.1138727895497,-0.5771172104502966,0.5771172104502966
G02_R0744,G02,train,500,50,0.0001,0.7,0.3,0.1,4.0,355.18631000000005,354.8888165273791,-0.2974934726209426,0.2974934726209426
G02_R0745,G02,test,500,50,1e-05,0.85,0.1,0.1,4.0,196.51441,196.0839547095555,-0.4304552904444847,0.4304552904444847
G02_R0746,G02,train,500,50,1e-05,0.85,0.2,0.1,4.0,402.03798,401.6752641083978,-0.3627158916021358,0.3627158916021358
G02_R0747,G02,train,500,50,1e-05,0.85,0.3,0.1,4.0,725.2446,724.9649231212262,-0.2796768787737846,0.2796768787737846
G02_R0748,G02,test,500,50,1e-05,0.8,0.1,0.1,4.0,198.06323,196.7226691680722,-1.340560831927803,1.340560831927803
G02_R0749,G02,train,500,50,1e-05,0.8,0.2,0.1,4.0,406.82652,406.41207560095626,-0.4144443990437594,0.4144443990437594
G02_R0750,G02,train,500,50,1e-05,0.8,0.3,0.1,4.0,734.77295,733.6734097185878,-1.09954028141226,1.09954028141226
G02_R0751,G02,train,500,50,1e-05,0.75,0.1,0.1,4.0,199.77195,199.4453616835225,-0.3265883164775403,0.3265883164775403
G02_R0752,G02,train,500,50,1e-05,0.75,0.2,0.1,4.0,411.94493,411.8375746844917,-0.1073553155083004,0.1073553155083004
G02_R0753,G02,train,500,50,1e-05,0.75,0.3,0.1,4.0,745.40116,745.262160561998,-0.1389994380019743,0.1389994380019743
G02_R0754,G02,train,500,50,1e-05,0.7,0.1,0.1,4.0,201.50053,201.05657827093304,-0.4439517290669812,0.4439517290669812
G02_R0755,G02,train,500,50,1e-05,0.7,0.2,0.1,4.0,417.7131700000001,415.0825325538091,-2.630637446191031,2.630637446191031
G02_R0756,G02,train,500,50,1e-05,0.7,0.3,0.1,4.0,757.56923,756.4764789982207,-1.09275100177922,1.09275100177922
G02_R0757,G02,train,500,50,1e-06,0.85,0.1,0.1,4.0,584.52482,584.1453619454508,-0.3794580545492181,0.3794580545492181
G02_R0758,G02,train,500,50,1e-06,0.85,0.2,0.1,4.0,1801.76112,1801.523618709129,-0.2375012908705684,0.2375012908705684
G02_R0759,G02,train,500,50,1e-06,0.85,0.3,0.1,4.0,3780.4106,3779.743266308298,-0.6673336917019697,0.6673336917019697
G02_R0760,G02,train,500,50,1e-06,0.8,0.1,0.1,4.0,589.46434,588.8252354224105,-0.6391045775894781,0.6391045775894781
G02_R0761,G02,train,500,50,1e-06,0.8,0.2,0.1,4.0,1816.56051,1815.90963790374,-0.6508720962604002,0.6508720962604002
G02_R0762,G02,train,500,50,1e-06,0.8,0.3,0.1,4.0,3810.10988,3809.1122591094527,-0.997620890547296,0.997620890547296
G02_R0763,G02,train,500,50,1e-06,0.75,0.1,0.1,4.0,595.30382,595.0824160200104,-0.2214039799895317,0.2214039799895317
G02_R0764,G02,train,500,50,1e-06,0.75,0.2,0.1,4.0,1833.65986,1833.1248848439304,-0.5349751560697769,0.5349751560697769
G02_R0765,G02,test,500,50,1e-06,0.75,0.3,0.1,4.0,3844.50911,3838.683987838101,-5.825122161898889,5.825122161898889
G02_R0766,G02,test,500,50,1e-06,0.7,0.1,0.1,4.0,601.54327,599.2661901618555,-2.2770798381444592,2.2770798381444592
G02_R0767,G02,test,500,50,1e-06,0.7,0.2,0.1,4.0,1852.45917,1849.4267276676824,-3.0324423323177143,3.0324423323177143
G02_R0768,G02,train,500,50,1e-06,0.7,0.3,0.1,4.0,3883.10828,3880.6214744186086,-2.486805581391309,2.486805581391309
G03_R0001,G03,test,25,3,0.001,0.85,0.1,0.1,5.0,3.6378386,3.6407015796429993,0.0028629796429995,0.0028629796429995
G03_R0002,G03,train,25,3,0.001,0.85,0.2,0.1,5.0,5.1213678,5.123553328811266,0.0021855288112657,0.0021855288112657
G03_R0003,G03,train,25,3,0.001,0.85,0.3,0.1,5.0,7.335414099999999,7.341062553121482,0.0056484531214833,0.0056484531214833
G03_R0004,G03,train,25,3,0.001,0.8,0.1,0.1,5.0,3.6500287,3.6517128750183634,0.0016841750183633,0.0016841750183633
G03_R0005,G03,train,25,3,0.001,0.8,0.2,0.1,5.0,5.1449592,5.148193442010056,0.0032342420100563,0.0032342420100563
G03_R0006,G03,train,25,3,0.001,0.8,0.3,0.1,5.0,7.3738426,7.376774930683488,0.002932330683488,0.002932330683488
G03_R0007,G03,train,25,3,0.001,0.75,0.1,0.1,5.0,3.662894,3.665434676543189,0.0025406765431887,0.0025406765431887
G03_R0008,G03,train,25,3,0.001,0.75,0.2,0.1,5.0,5.1698109,5.172260996441269,0.0024500964412688,0.0024500964412688
G03_R0009,G03,train,25,3,0.001,0.75,0.3,0.1,5.0,7.4147238,7.418021538463986,0.0032977384639858,0.0032977384639858
G03_R0010,G03,test,25,3,0.001,0.7,0.1,0.1,5.0,3.6763313,3.680697454949698,0.004366154949698,0.004366154949698
G03_R0011,G03,train,25,3,0.001,0.7,0.2,0.1,5.0,5.1961174,5.198112085092511,0.0019946850925105,0.0019946850925105
G03_R0012,G03,train,25,3,0.001,0.7,0.3,0.1,5.0,7.458351,7.462740737379248,0.004389737379248,0.004389737379248
G03_R0013,G03,train,25,3,0.0001,0.85,0.1,0.1,5.0,4.579352,4.581462006678768,0.0021100066787678,0.0021100066787678
G03_R0014,G03,train,25,3,0.0001,0.85,0.2,0.1,5.0,6.9865268,6.990135951683368,0.003609151683368,0.003609151683368
G03_R0015,G03,train,25,3,0.0001,0.85,0.3,0.1,5.0,10.846987,10.856594193841236,0.0096071938412354,0.0096071938412354
G03_R0016,G03,train,25,3,0.0001,0.8,0.1,0.1,5.0,4.589120599999999,4.588661554257656,-0.0004590457423434,0.0004590457423434
G03_R0017,G03,train,25,3,0.0001,0.8,0.2,0.1,5.0,7.0045505,7.005856755310702,0.0013062553107019,0.0013062553107019
G03_R0018,G03,test,25,3,0.0001,0.8,0.3,0.1,5.0,10.877645,10.876885628751891,-0.0007593712481064,0.0007593712481064
G03_R0019,G03,test,25,3,0.0001,0.75,0.1,0.1,5.0,4.5994654,4.607763541780695,0.0082981417806955,0.0082981417806955
G03_R0020,G03,train,25,3,0.0001,0.75,0.2,0.1,5.0,7.0239448,7.026579305875161,0.0026345058751608,0.0026345058751608
G03_R0021,G03,train,25,3,0.0001,0.75,0.3,0.1,5.0,10.911267,10.919364791959422,0.0080977919594218,0.0080977919594218
G03_R0022,G03,test,25,3,0.0001,0.7,0.1,0.1,5.0,4.6104826,4.609232412444084,-0.0012501875559163,0.0012501875559163
G03_R0023,G03,test,25,3,0.0001,0.7,0.2,0.1,5.0,7.0450047,7.047300061096804,0.0022953610968041,0.0022953610968041
G03_R0024,G03,train,25,3,0.0001,0.7,0.3,0.1,5.0,10.948847,10.954839791345712,0.0059927913457116,0.0059927913457116
G03_R0025,G03,train,25,3,1e-05,0.85,0.1,0.1,5.0,6.855265,6.857724029209361,0.0024590292093611,0.0024590292093611
G03_R0026,G03,train,25,3,1e-05,0.85,0.2,0.1,5.0,14.364125,14.376538551800088,0.0124135518000887,0.0124135518000887
G03_R0027,G03,train,25,3,1e-05,0.85,0.3,0.1,5.0,26.454431,26.46815375895616,0.0137227589561597,0.0137227589561597
G03_R0028,G03,test,25,3,1e-05,0.8,0.1,0.1,5.0,6.866778,6.866789299516359,1.129951635903126e-05,1.129951635903126e-05
G03_R0029,G03,test,25,3,1e-05,0.8,0.2,0.1,5.0,14.390005,14.398649066552032,0.0086440665520317,0.0086440665520317
G03_R0030,G03,train,25,3,1e-05,0.8,0.3,0.1,5.0,26.501281,26.50478056957961,0.0034995695796098,0.0034995695796098
G03_R0031,G03,train,25,3,1e-05,0.75,0.1,0.1,5.0,6.879683,6.882988679887445,0.0033056798874451,0.0033056798874451
G03_R0032,G03,train,25,3,1e-05,0.75,0.2,0.1,5.0,14.418874,14.425337391005517,0.0064633910055142,0.0064633910055142
G03_R0033,G03,train,25,3,1e-05,0.75,0.3,0.1,5.0,26.554117,26.564809176922516,0.010692176922511,0.010692176922511
G03_R0034,G03,test,25,3,1e-05,0.7,0.1,0.1,5.0,6.894078,6.8964985521909785,0.0024205521909781,0.0024205521909781
G03_R0035,G03,train,25,3,1e-05,0.7,0.2,0.1,5.0,14.45173,14.462246783172109,0.0105167831721075,0.0105167831721075
G03_R0036,G03,train,25,3,1e-05,0.7,0.3,0.1,5.0,26.613936,26.61998131732176,0.0060453173217602,0.0060453173217602
G03_R0037,G03,train,25,3,1e-06,0.85,0.1,0.1,5.0,24.692514,24.696303424666613,0.0037894246666141,0.0037894246666141
G03_R0038,G03,train,25,3,1e-06,0.85,0.2,0.1,5.0,79.401471,79.41188562533053,0.0104146253305259,0.0104146253305259
G03_R0039,G03,train,25,3,1e-06,0.85,0.3,0.1,5.0,169.271158,169.29219284025922,0.0210348402592046,0.0210348402592046
G03_R0040,G03,train,25,3,1e-06,0.8,0.1,0.1,5.0,24.743481,24.74604177188866,0.0025607718886604,0.0025607718886604
G03_R0041,G03,train,25,3,1e-06,0.8,0.2,0.1,5.0,79.502428,79.51245385581684,0.0100258558168491,0.0100258558168491
G03_R0042,G03,train,25,3,1e-06,0.8,0.3,0.1,5.0,169.44110500000002,169.45079955906195,0.009694559061927,0.009694559061927
G03_R0043,G03,test,25,3,1e-06,0.75,0.1,0.1,5.0,24.798445,24.80565232558718,0.0072073255871778,0.0072073255871778
G03_R0044,G03,train,25,3,1e-06,0.75,0.2,0.1,5.0,79.615382,79.63571402921485,0.0203320292148561,0.0203320292148561
G03_R0045,G03,train,25,3,1e-06,0.75,0.3,0.1,5.0,169.631047,169.64356797708555,0.0125209770855576,0.0125209770855576
G03_R0046,G03,train,25,3,1e-06,0.7,0.1,0.1,5.0,24.858406,24.86123696557563,0.0028309655756295,0.0028309655756295
G03_R0047,G03,train,25,3,1e-06,0.7,0.2,0.1,5.0,79.741332,79.74235991856212,0.0010279185621158,0.0010279185621158
G03_R0048,G03,test,25,3,1e-06,0.7,0.3,0.1,5.0,169.84098600000002,169.85748036809363,0.0164943680936175,0.0164943680936175
G03_R0049,G03,train,25,6,0.001,0.85,0.1,0.1,5.0,3.6378386,3.640669110157583,0.0028305101575827,0.0028305101575827
G03_R0050,G03,train,25,6,0.001,0.85,0.2,0.1,5.0,5.1213678,5.123552581004718,0.0021847810047184,0.0021847810047184
G03_R0051,G03,train,25,6,0.001,0.85,0.3,0.1,5.0,7.335414099999999,7.341601956663151,0.0061878566631525,0.0061878566631525
G03_R0052,G03,train,25,6,0.001,0.8,0.1,0.1,5.0,3.6500287,3.6514848977964847,0.0014561977964846,0.0014561977964846
G03_R0053,G03,train,25,6,0.001,0.8,0.2,0.1,5.0,5.1449592,5.148358555005883,0.0033993550058832,0.0033993550058832
G03_R0054,G03,train,25,6,0.001,0.8,0.3,0.1,5.0,7.3738426,7.376734705591822,0.0028921055918225,0.0028921055918225
G03_R0055,G03,test,25,6,0.001,0.75,0.1,0.1,5.0,3.662894,3.665479715833815,0.0025857158338147,0.0025857158338147
G03_R0056,G03,train,25,6,0.001,0.75,0.2,0.1,5.0,5.1698109,5.172052788375193,0.0022418883751935,0.0022418883751935
G03_R0057,G03,train,25,6,0.001,0.75,0.3,0.1,5.0,7.4147238,7.418021538463986,0.0032977384639858,0.0032977384639858
G03_R0058,G03,test,25,6,0.001,0.7,0.1,0.1,5.0,3.6763313,3.680654263543448,0.0043229635434478,0.0043229635434478
G03_R0059,G03,train,25,6,0.001,0.7,0.2,0.1,5.0,5.1961174,5.198128999367509,0.0020115993675089,0.0020115993675089
G03_R0060,G03,train,25,6,0.001,0.7,0.3,0.1,5.0,7.458351,7.462847672466748,0.0044966724667476,0.0044966724667476
G03_R0061,G03,train,25,6,0.0001,0.85,0.1,0.1,5.0,4.579352,4.5812920011558536,0.0019400011558534,0.0019400011558534
G03_R0062,G03,train,25,6,0.0001,0.85,0.2,0.1,5.0,6.9865268,6.989663943589031,0.003137143589031,0.003137143589031
G03_R0063,G03,test,25,6,0.0001,0.85,0.3,0.1,5.0,10.846987,10.85628605349004,0.0092990534900394,0.0092990534900394
G03_R0064,G03,train,25,6,0.0001,0.8,0.1,0.1,5.0,4.589120599999999,4.588511237888908,-0.0006093621110911,0.0006093621110911
G03_R0065,G03,train,25,6,0.0001,0.8,0.2,0.1,5.0,7.0045505,7.006057773212191,0.0015072732121907,0.0015072732121907
G03_R0066,G03,train,25,6,0.0001,0.8,0.3,0.1,5.0,10.877645,10.876500668379864,-0.001144331620134,0.001144331620134
G03_R0067,G03,train,25,6,0.0001,0.75,0.1,0.1,5.0,4.5994654,4.607789836280695,0.0083244362806951,0.0083244362806951
G03_R0068,G03,train,25,6,0.0001,0.75,0.2,0.1,5.0,7.0239448,7.026698134983495,0.0027533349834953,0.0027533349834953
G03_R0069,G03,train,25,6,0.0001,0.75,0.3,0.1,5.0,10.911267,10.91972564235526,0.0084586423552597,0.0084586423552597
G03_R0070,G03,train,25,6,0.0001,0.7,0.1,0.1,5.0,4.6104826,4.609257633256584,-0.0012249667434165,0.0012249667434165
G03_R0071,G03,test,25,6,0.0001,0.7,0.2,0.1,5.0,7.0450047,7.047347798375971,0.0023430983759711,0.0023430983759711
G03_R0072,G03,train,25,6,0.0001,0.7,0.3,0.1,5.0,10.948847,10.955240224720704,0.0063932247207034,0.0063932247207034
G03_R0073,G03,train,25,6,1e-05,0.85,0.1,0.1,5.0,6.855265,6.857692690396862,0.0024276903968614,0.0024276903968614
G03_R0074,G03,train,25,6,1e-05,0.85,0.2,0.1,5.0,14.364125,14.37696662738342,0.0128416273834215,0.0128416273834215
G03_R0075,G03,test,25,6,1e-05,0.85,0.3,0.1,5.0,26.454431,26.468773258786523,0.0143422587865238,0.0143422587865238
G03_R0076,G03,train,25,6,1e-05,0.8,0.1,0.1,5.0,6.866778,6.866791910766359,1.3910766359259696e-05,1.3910766359259696e-05
G03_R0077,G03,test,25,6,1e-05,0.8,0.2,0.1,5.0,14.390005,14.3989880406562,0.008983040656199,0.008983040656199
G03_R0078,G03,train,25,6,1e-05,0.8,0.3,0.1,5.0,26.501281,26.50543790415999,0.0041569041599913,0.0041569041599913
G03_R0079,G03,train,25,6,1e-05,0.75,0.1,0.1,5.0,6.879683,6.8830140349499445,0.0033310349499444,0.0033310349499444
G03_R0080,G03,test,25,6,1e-05,0.75,0.2,0.1,5.0,14.418874,14.425577066538253,0.0067030665382503,0.0067030665382503
G03_R0081,G03,train,25,6,1e-05,0.75,0.3,0.1,5.0,26.554117,26.565178853276684,0.0110618532766828,0.0110618532766828
G03_R0082,G03,train,25,6,1e-05,0.7,0.1,0.1,5.0,6.894078,6.8964985521909785,0.0024205521909781,0.0024205521909781
G03_R0083,G03,test,25,6,1e-05,0.7,0.2,0.1,5.0,14.45173,14.462197125457822,0.0104671254578221,0.0104671254578221
G03_R0084,G03,train,25,6,1e-05,0.7,0.3,0.1,5.0,26.613936,26.61998131732176,0.0060453173217602,0.0060453173217602
G03_R0085,G03,train,25,6,1e-06,0.85,0.1,0.1,5.0,24.692514,24.69644625799993,0.003932257999935,0.003932257999935
G03_R0086,G03,train,25,6,1e-06,0.85,0.2,0.1,5.0,79.401471,79.41083580193764,0.009364801937636,0.009364801937636
G03_R0087,G03,train,25,6,1e-06,0.85,0.3,0.1,5.0,169.271158,169.2931330529156,0.021975052915593,0.021975052915593
G03_R0088,G03,train,25,6,1e-06,0.8,0.1,0.1,5.0,24.743481,24.74616896084699,0.0026879608469911,0.0026879608469911
G03_R0089,G03,train,25,6,1e-06,0.8,0.2,0.1,5.0,79.502428,79.51149026709061,0.0090622670906128,0.0090622670906128
G03_R0090,G03,train,25,6,1e-06,0.8,0.3,0.1,5.0,169.44110500000002,169.4504151210918,0.0093101210917723,0.0093101210917723
G03_R0091,G03,train,25,6,1e-06,0.75,0.1,0.1,5.0,24.798445,24.80563609089968,0.0071910908996777,0.0071910908996777
G03_R0092,G03,train,25,6,1e-06,0.75,0.2,0.1,5.0,79.615382,79.63529072333984,0.0199087233398387,0.0199087233398387
G03_R0093,G03,train,25,6,1e-06,0.75,0.3,0.1,5.0,169.631047,169.64356797708555,0.0125209770855576,0.0125209770855576
G03_R0094,G03,train,25,6,1e-06,0.7,0.1,0.1,5.0,24.858406,24.861245762138125,0.0028397621381266,0.0028397621381266
G03_R0095,G03,train,25,6,1e-06,0.7,0.2,0.1,5.0,79.741332,79.74150159529125,0.0001695952912541,0.0001695952912541
G03_R0096,G03,train,25,6,1e-06,0.7,0.3,0.1,5.0,169.84098600000002,169.85748036809363,0.0164943680936175,0.0164943680936175
G03_R0097,G03,train,25,20,0.001,0.85,0.1,0.1,5.0,3.6378386,3.640554096723654,0.002715496723654,0.002715496723654
G03_R0098,G03,train,25,20,0.001,0.85,0.2,0.1,5.0,5.1213678,5.123749665008941,0.0023818650089415,0.0023818650089415
G03_R0099,G03,test,25,20,0.001,0.85,0.3,0.1,5.0,7.335414099999999,7.342120011365535,0.0067059113655361,0.0067059113655361
G03_R0100,G03,train,25,20,0.001,0.8,0.1,0.1,5.0,3.6500287,3.651355386695444,0.0013266866954442,0.0013266866954442
G03_R0101,G03,train,25,20,0.001,0.8,0.2,0.1,5.0,5.1449592,5.148623703991452,0.0036645039914526,0.0036645039914526
G03_R0102,G03,train,25,20,0.001,0.8,0.3,0.1,5.0,7.3738426,7.37624153844539,0.0023989384453901,0.0023989384453901
G03_R0103,G03,train,25,20,0.001,0.75,0.1,0.1,5.0,3.662894,3.665366036979648,0.0024720369796478,0.0024720369796478
G03_R0104,G03,train,25,20,0.001,0.75,0.2,0.1,5.0,5.1698109,5.171732984359567,0.0019220843595668,0.0019220843595668
G03_R0105,G03,train,25,20,0.001,0.75,0.3,0.1,5.0,7.4147238,7.418597971564585,0.0038741715645853,0.0038741715645853
G03_R0106,G03,train,25,20,0.001,0.7,0.1,0.1,5.0,3.6763313,3.680198666716372,0.003867366716372,0.003867366716372
G03_R0107,G03,train,25,20,0.001,0.7,0.2,0.1,5.0,5.1961174,5.198117102229413,0.0019997022294129,0.0019997022294129
G03_R0108,G03,test,25,20,0.001,0.7,0.3,0.1,5.0,7.458351,7.463400413312574,0.005049413312574,0.005049413312574
G03_R0109,G03,train,25,20,0.0001,0.85,0.1,0.1,5.0,4.579352,4.581091939931749,0.001739939931749,0.001739939931749
G03_R0110,G03,train,25,20,0.0001,0.85,0.2,0.1,5.0,6.9865268,6.98949956382668,0.0029727638266798,0.0029727638266798
G03_R0111,G03,train,25,20,0.0001,0.85,0.3,0.1,5.0,10.846987,10.85584832365075,0.0088613236507502,0.0088613236507502
G03_R0112,G03,test,25,20,0.0001,0.8,0.1,0.1,5.0,4.589120599999999,4.5883316163472445,-0.0007889836527548,0.0007889836527548
G03_R0113,G03,train,25,20,0.0001,0.8,0.2,0.1,5.0,7.0045505,7.006073766164173,0.001523266164173,0.001523266164173
G03_R0114,G03,train,25,20,0.0001,0.8,0.3,0.1,5.0,10.877645,10.876240055165576,-0.0014049448344231,0.0014049448344231
G03_R0115,G03,test,25,20,0.0001,0.75,0.1,0.1,5.0,4.5994654,4.6089228029299685,0.0094574029299687,0.0094574029299687
G03_R0116,G03,train,25,20,0.0001,0.75,0.2,0.1,5.0,7.0239448,7.02768449095631,0.0037396909563103,0.0037396909563103
G03_R0117,G03,test,25,20,0.0001,0.75,0.3,0.1,5.0,10.911267,10.92043901560526,0.0091720156052588,0.0091720156052588
G03_R0118,G03,train,25,20,0.0001,0.7,0.1,0.1,5.0,4.6104826,4.610380069451689,-0.0001025305483111,0.0001025305483111
G03_R0119,G03,train,25,20,0.0001,0.7,0.2,0.1,5.0,7.0450047,7.0482776044423385,0.0032729044423387,0.0032729044423387
G03_R0120,G03,train,25,20,0.0001,0.7,0.3,0.1,5.0,10.948847,10.9561504593338,0.0073034593337979,0.0073034593337979
G03_R0121,G03,train,25,20,1e-05,0.85,0.1,0.1,5.0,6.855265,6.857457976930595,0.002192976930595,0.002192976930595
G03_R0122,G03,test,25,20,1e-05,0.85,0.2,0.1,5.0,14.364125,14.378106377477168,0.0139813774771688,0.0139813774771688
G03_R0123,G03,train,25,20,1e-05,0.85,0.3,0.1,5.0,26.454431,26.467377536122815,0.0129465361228184,0.0129465361228184
G03_R0124,G03,test,25,20,1e-05,0.8,0.1,0.1,5.0,6.866778,6.866752702633425,-2.5297366574861258e-05,2.5297366574861258e-05
G03_R0125,G03,train,25,20,1e-05,0.8,0.2,0.1,5.0,14.390005,14.399024995208295,0.0090199952082965,0.0090199952082965
G03_R0126,G03,train,25,20,1e-05,0.8,0.3,0.1,5.0,26.501281,26.50355548953797,0.0022744895379673,0.0022744895379673
G03_R0127,G03,test,25,20,1e-05,0.75,0.1,0.1,5.0,6.879683,6.883316952057081,0.0036339520570809,0.0036339520570809
G03_R0128,G03,train,25,20,1e-05,0.75,0.2,0.1,5.0,14.418874,14.424736315716835,0.0058623157168344,0.0058623157168344
G03_R0129,G03,train,25,20,1e-05,0.75,0.3,0.1,5.0,26.554117,26.56013122340515,0.006014223405149,0.006014223405149
G03_R0130,G03,train,25,20,1e-05,0.7,0.1,0.1,5.0,6.894078,6.895934494083824,0.0018564940838237,0.0018564940838237
G03_R0131,G03,test,25,20,1e-05,0.7,0.2,0.1,5.0,14.45173,14.463958486502484,0.0122284865024848,0.0122284865024848
G03_R0132,G03,train,25,20,1e-05,0.7,0.3,0.1,5.0,26.613936,26.62117210399737,0.0072361039973714,0.0072361039973714
G03_R0133,G03,train,25,20,1e-06,0.85,0.1,0.1,5.0,24.692514,24.696442644040108,0.0039286440401085,0.0039286440401085
G03_R0134,G03,train,25,20,1e-06,0.85,0.2,0.1,5.0,79.401471,79.41087609074727,0.0094050907472649,0.0094050907472649
G03_R0135,G03,test,25,20,1e-06,0.85,0.3,0.1,5.0,169.271158,169.29517185214186,0.0240138521418487,0.0240138521418487
G03_R0136,G03,train,25,20,1e-06,0.8,0.1,0.1,5.0,24.743481,24.74656272265948,0.003081722659477,0.003081722659477
G03_R0137,G03,test,25,20,1e-06,0.8,0.2,0.1,5.0,79.502428,79.51403188614974,0.0116038861497429,0.0116038861497429
G03_R0138,G03,train,25,20,1e-06,0.8,0.3,0.1,5.0,169.44110500000002,169.4504629546334,0.0093579546333728,0.0093579546333728
G03_R0139,G03,train,25,20,1e-06,0.75,0.1,0.1,5.0,24.798445,24.80529204917648,0.0068470491764784,0.0068470491764784
G03_R0140,G03,test,25,20,1e-06,0.75,0.2,0.1,5.0,79.615382,79.63597111221483,0.0205891122148358,0.0205891122148358
G03_R0141,G03,train,25,20,1e-06,0.75,0.3,0.1,5.0,169.631047,169.64538340885937,0.0143364088593784,0.0143364088593784
G03_R0142,G03,train,25,20,1e-06,0.7,0.1,0.1,5.0,24.858406,24.861012446343487,0.0026064463434885,0.0026064463434885
G03_R0143,G03,train,25,20,1e-06,0.7,0.2,0.1,5.0,79.741332,79.7441839033121,0.0028519033121057,0.0028519033121057
G03_R0144,G03,train,25,20,1e-06,0.7,0.3,0.1,5.0,169.84098600000002,169.85401270193873,0.0130267019387133,0.0130267019387133
G03_R0145,G03,train,25,50,0.001,0.85,0.1,0.1,5.0,3.6378386,3.640345735407586,0.002507135407586,0.002507135407586
G03_R0146,G03,train,25,50,0.001,0.85,0.2,0.1,5.0,5.1213678,5.123729192050607,0.0023613920506067,0.0023613920506067
G03_R0147,G03,train,25,50,0.001,0.85,0.3,0.1,5.0,7.335414099999999,7.34204733032178,0.006633230321781,0.006633230321781
G03_R0148,G03,train,25,50,0.001,0.8,0.1,0.1,5.0,3.6500287,3.651335947003778,0.001307247003778,0.001307247003778
G03_R0149,G03,test,25,50,0.001,0.8,0.2,0.1,5.0,5.1449592,5.148623703991452,0.0036645039914526,0.0036645039914526
G03_R0150,G03,train,25,50,0.001,0.8,0.3,0.1,5.0,7.3738426,7.37674320864926,0.0029006086492602,0.0029006086492602
G03_R0151,G03,train,25,50,0.001,0.75,0.1,0.1,5.0,3.662894,3.665295816352564,0.002401816352564,0.002401816352564
G03_R0152,G03,train,25,50,0.001,0.75,0.2,0.1,5.0,5.1698109,5.171979571886655,0.0021686718866549,0.0021686718866549
G03_R0153,G03,train,25,50,0.001,0.75,0.3,0.1,5.0,7.4147238,7.418931659504176,0.0042078595041763,0.0042078595041763
G03_R0154,G03,train,25,50,0.001,0.7,0.1,0.1,5.0,3.6763313,3.679752776537212,0.0034214765372118,0.0034214765372118
G03_R0155,G03,train,25,50,0.001,0.7,0.2,0.1,5.0,5.1961174,5.19803945927703,0.0019220592770299,0.0019220592770299
G03_R0156,G03,train,25,50,0.001,0.7,0.3,0.1,5.0,7.458351,7.463267235231326,0.0049162352313256,0.0049162352313256
G03_R0157,G03,train,25,50,0.0001,0.85,0.1,0.1,5.0,4.579352,4.581363070569393,0.0020110705693925,0.0020110705693925
G03_R0158,G03,train,25,50,0.0001,0.85,0.2,0.1,5.0,6.9865268,6.99011184685584,0.0035850468558402,0.0035850468558402
G03_R0159,G03,train,25,50,0.0001,0.85,0.3,0.1,5.0,10.846987,10.855653543930517,0.0086665439305164,0.0086665439305164
G03_R0160,G03,train,25,50,0.0001,0.8,0.1,0.1,5.0,4.589120599999999,4.588553938099473,-0.0005666619005264,0.0005666619005264
G03_R0161,G03,train,25,50,0.0001,0.8,0.2,0.1,5.0,7.0045505,7.006099493479796,0.0015489934797967,0.0015489934797967
G03_R0162,G03,train,25,50,0.0001,0.8,0.3,0.1,5.0,10.877645,10.876115440278673,-0.0015295597213267,0.0015295597213267
G03_R0163,G03,test,25,50,0.0001,0.75,0.1,0.1,5.0,4.5994654,4.60911745740616,0.0096520574061598,0.0096520574061598
G03_R0164,G03,train,25,50,0.0001,0.75,0.2,0.1,5.0,7.0239448,7.028075447666428,0.004130647666428,0.004130647666428
G03_R0165,G03,train,25,50,0.0001,0.75,0.3,0.1,5.0,10.911267,10.919860050855256,0.0085930508552554,0.0085930508552554
G03_R0166,G03,train,25,50,0.0001,0.7,0.1,0.1,5.0,4.6104826,4.610522929323714,4.032932371433873e-05,4.032932371433873e-05
G03_R0167,G03,train,25,50,0.0001,0.7,0.2,0.1,5.0,7.0450047,7.048730734005582,0.0037260340055818,0.0037260340055818
G03_R0168,G03,test,25,50,0.0001,0.7,0.3,0.1,5.0,10.948847,10.9560139795838,0.0071669795837987,0.0071669795837987
G03_R0169,G03,train,25,50,1e-05,0.85,0.1,0.1,5.0,6.855265,6.857911847865109,0.0026468478651091,0.0026468478651091
G03_R0170,G03,test,25,50,1e-05,0.85,0.2,0.1,5.0,14.364125,14.378229324852168,0.0141043248521679,0.0141043248521679
G03_R0171,G03,train,25,50,1e-05,0.85,0.3,0.1,5.0,26.454431,26.46718103597699,0.0127500359769889,0.0127500359769889
G03_R0172,G03,train,25,50,1e-05,0.8,0.1,0.1,5.0,6.866778,6.867011843282223,0.0002338432822233,0.0002338432822233
G03_R0173,G03,train,25,50,1e-05,0.8,0.2,0.1,5.0,14.390005,14.398223948291642,0.0082189482916419,0.0082189482916419
G03_R0174,G03,train,25,50,1e-05,0.8,0.3,0.1,5.0,26.501281,26.503371411475456,0.0020904114754571,0.0020904114754571
G03_R0175,G03,train,25,50,1e-05,0.75,0.1,0.1,5.0,6.879683,6.882923885202914,0.0032408852029144,0.0032408852029144
G03_R0176,G03,train,25,50,1e-05,0.75,0.2,0.1,5.0,14.418874,14.424414140380527,0.0055401403805284,0.0055401403805284
G03_R0177,G03,train,25,50,1e-05,0.75,0.3,0.1,5.0,26.554117,26.56022479390515,0.0061077939051479,0.0061077939051479
G03_R0178,G03,train,25,50,1e-05,0.7,0.1,0.1,5.0,6.894078,6.895681187801086,0.001603187801086,0.001603187801086
G03_R0179,G03,test,25,50,1e-05,0.7,0.2,0.1,5.0,14.45173,14.46395032614534,0.012220326145341,0.012220326145341
G03_R0180,G03,train,25,50,1e-05,0.7,0.3,0.1,5.0,26.613936,26.621969963372365,0.008033963372366,0.008033963372366
G03_R0181,G03,train,25,50,1e-06,0.85,0.1,0.1,5.0,24.692514,24.696397395998456,0.0038833959984572,0.0038833959984572
G03_R0182,G03,train,25,50,1e-06,0.85,0.2,0.1,5.0,79.401471,79.41130183374726,0.0098308337472587,0.0098308337472587
G03_R0183,G03,train,25,50,1e-06,0.85,0.3,0.1,5.0,169.271158,169.29398210529652,0.0228241052965074,0.0228241052965074
G03_R0184,G03,train,25,50,1e-06,0.8,0.1,0.1,5.0,24.743481,24.74702010078449,0.00353910078449,0.00353910078449
G03_R0185,G03,test,25,50,1e-06,0.8,0.2,0.1,5.0,79.502428,79.51447343108724,0.0120454310872446,0.0120454310872446
G03_R0186,G03,train,25,50,1e-06,0.8,0.3,0.1,5.0,169.44110500000002,169.45046545507088,0.0093604550708619,0.0093604550708619
G03_R0187,G03,train,25,50,1e-06,0.75,0.1,0.1,5.0,24.798445,24.805344833119925,0.0068998331199239,0.0068998331199239
G03_R0188,G03,train,25,50,1e-06,0.75,0.2,0.1,5.0,79.615382,79.6366483813395,0.021266381339501,0.021266381339501
G03_R0189,G03,train,25,50,1e-06,0.75,0.3,0.1,5.0,169.631047,169.6465770962194,0.0155300962194075,0.0155300962194075
G03_R0190,G03,train,25,50,1e-06,0.7,0.1,0.1,5.0,24.858406,24.86072524967385,0.0023192496738495,0.0023192496738495
G03_R0191,G03,test,25,50,1e-06,0.7,0.2,0.1,5.0,79.741332,79.74172466160377,0.0003926616037688,0.0003926616037688
G03_R0192,G03,train,25,50,1e-06,0.7,0.3,0.1,5.0,169.84098600000002,169.85405904903698,0.0130730490369614,0.0130730490369614
G03_R0193,G03,train,100,3,0.001,0.85,0.1,0.1,5.0,15.736747,15.74898935739252,0.0122423573925214,0.0122423573925214
G03_R0194,G03,train,100,3,0.001,0.85,0.2,0.1,5.0,22.394672,22.41863381499857,0.0239618149985716,0.0239618149985716
G03_R0195,G03,train,100,3,0.001,0.85,0.3,0.1,5.0,32.43882,32.46428358198491,0.0254635819849085,0.0254635819849085
G03_R0196,G03,train,100,3,0.001,0.8,0.1,0.1,5.0,15.806774,15.812219515882944,0.0054455158829433,0.0054455158829433
G03_R0197,G03,test,100,3,0.001,0.8,0.2,0.1,5.0,22.525499,22.557038311060992,0.0315393110609925,0.0315393110609925
G03_R0198,G03,train,100,3,0.001,0.8,0.3,0.1,5.0,32.668516,32.70451068653702,0.0359946865370233,0.0359946865370233
G03_R0199,G03,train,100,3,0.001,0.75,0.1,0.1,5.0,15.881726,15.915061111479105,0.0333351114791025,0.0333351114791025
G03_R0200,G03,train,100,3,0.001,0.75,0.2,0.1,5.0,22.666223,22.697599898298737,0.0313768982987383,0.0313768982987383
G03_R0201,G03,train,100,3,0.001,0.75,0.3,0.1,5.0,32.9161,32.96123042397388,0.0451304239738803,0.0451304239738803
G03_R0202,G03,train,100,3,0.001,0.7,0.1,0.1,5.0,15.962594,15.954344025279804,-0.0082499747201953,0.0082499747201953
G03_R0203,G03,train,100,3,0.001,0.7,0.2,0.1,5.0,22.817832,22.843644369842988,0.0258123698429884,0.0258123698429884
G03_R0204,G03,test,100,3,0.001,0.7,0.3,0.1,5.0,33.185559,33.268132192996376,0.082573192996378,0.082573192996378
G03_R0205,G03,train,100,3,0.0001,0.85,0.1,0.1,5.0,19.636647,19.65997709330197,0.0233300933019684,0.0233300933019684
G03_R0206,G03,test,100,3,0.0001,0.85,0.2,0.1,5.0,30.18231,30.24642389927378,0.0641138992737779,0.0641138992737779
G03_R0207,G03,train,100,3,0.0001,0.85,0.3,0.1,5.0,47.003912,47.04320540926441,0.0392934092644097,0.0392934092644097
G03_R0208,G03,test,100,3,0.0001,0.8,0.1,0.1,5.0,19.686922,19.69412588289509,0.0072038828950908,0.0072038828950908
G03_R0209,G03,train,100,3,0.0001,0.8,0.2,0.1,5.0,30.296463,30.299896635698943,0.003433635698947,0.003433635698947
G03_R0210,G03,test,100,3,0.0001,0.8,0.3,0.1,5.0,47.218879,47.20071761464624,-0.0181613853537569,0.0181613853537569
G03_R0211,G03,test,100,3,0.0001,0.75,0.1,0.1,5.0,19.741125,19.751137401247195,0.0100124012471951,0.0100124012471951
G03_R0212,G03,train,100,3,0.0001,0.75,0.2,0.1,5.0,30.420531,30.43935282285723,0.0188218228572303,0.0188218228572303
G03_R0213,G03,train,100,3,0.0001,0.75,0.3,0.1,5.0,47.457743,47.4916475078136,0.0339045078135953,0.0339045078135953
G03_R0214,G03,train,100,3,0.0001,0.7,0.1,0.1,5.0,19.799244,19.79146473790031,-0.0077792620996923,0.0077792620996923
G03_R0215,G03,train,100,3,0.0001,0.7,0.2,0.1,5.0,30.559497,30.570886038223332,0.011389038223335,0.011389038223335
G03_R0216,G03,train,100,3,0.0001,0.7,0.3,0.1,5.0,47.725485,47.72707873924901,0.0015937392490101,0.0015937392490101
G03_R0217,G03,train,100,3,1e-05,0.85,0.1,0.1,5.0,29.134527,29.164223013559443,0.0296960135594446,0.0296960135594446
G03_R0218,G03,train,100,3,1e-05,0.85,0.2,0.1,5.0,60.790081,60.827109617061645,0.0370286170616438,0.0370286170616438
G03_R0219,G03,train,100,3,1e-05,0.85,0.3,0.1,5.0,111.596977,111.6547134921449,0.0577364921448975,0.0577364921448975
G03_R0220,G03,train,100,3,1e-05,0.8,0.1,0.1,5.0,29.220246,29.224786034746245,0.0045400347462454,0.0045400347462454
G03_R0221,G03,test,100,3,1e-05,0.8,0.2,0.1,5.0,61.030695,61.07691458909965,0.0462195890996426,0.0462195890996426
G03_R0222,G03,train,100,3,1e-05,0.8,0.3,0.1,5.0,112.076496,112.12555671552025,0.0490607155202269,0.0490607155202269
G03_R0223,G03,test,100,3,1e-05,0.75,0.1,0.1,5.0,29.316938,29.36478071264277,0.0478427126427654,0.0478427126427654
G03_R0224,G03,train,100,3,1e-05,0.75,0.2,0.1,5.0,61.305273,61.332520582569394,0.0272475825693945,0.0272475825693945
G03_R0225,G03,test,100,3,1e-05,0.75,0.3,0.1,5.0,112.615969,112.79267269766603,0.1767036976660279,0.1767036976660279
G03_R0226,G03,train,100,3,1e-05,0.7,0.1,0.1,5.0,29.426597,29.42244900417666,-0.0041479958233416,0.0041479958233416
G03_R0227,G03,train,100,3,1e-05,0.7,0.2,0.1,5.0,61.622808,61.64850505990778,0.0256970599077845,0.0256970599077845
G03_R0228,G03,train,100,3,1e-05,0.7,0.3,0.1,5.0,113.24539,113.37363976074973,0.1282497607497248,0.1282497607497248
G03_R0229,G03,train,100,3,1e-06,0.85,0.1,0.1,5.0,101.187419,101.24354567631742,0.0561266763174188,0.0561266763174188
G03_R0230,G03,train,100,3,1e-06,0.85,0.2,0.1,5.0,323.53727999999995,323.6073336363772,0.0700536363772244,0.0700536363772244
G03_R0231,G03,train,100,3,1e-06,0.85,0.3,0.1,5.0,688.5361770000001,688.83233611717,0.2961591171699638,0.2961591171699638
G03_R0232,G03,train,100,3,1e-06,0.8,0.1,0.1,5.0,101.477311,101.51412263276836,0.0368116327683623,0.0368116327683623
G03_R0233,G03,train,100,3,1e-06,0.8,0.2,0.1,5.0,324.307139,324.3607251712334,0.0535861712334053,0.0535861712334053
G03_R0234,G03,test,100,3,1e-06,0.8,0.3,0.1,5.0,690.0160030000001,690.0616683070588,0.045665307058698,0.045665307058698
G03_R0235,G03,test,100,3,1e-06,0.75,0.1,0.1,5.0,101.807195,101.9021019942403,0.0949069942403042,0.0949069942403042
G03_R0236,G03,train,100,3,1e-06,0.75,0.2,0.1,5.0,325.196988,325.2393811866873,0.0423931866873203,0.0423931866873203
G03_R0237,G03,train,100,3,1e-06,0.75,0.3,0.1,5.0,691.715816,691.7898083038017,0.0739923038016741,0.0739923038016741
G03_R0238,G03,train,100,3,1e-06,0.7,0.1,0.1,5.0,102.18707,102.20937150879794,0.0223015087979376,0.0223015087979376
G03_R0239,G03,train,100,3,1e-06,0.7,0.2,0.1,5.0,326.226825,326.2613562357754,0.0345312357753755,0.0345312357753755
G03_R0240,G03,train,100,3,1e-06,0.7,0.3,0.1,5.0,693.695614,693.7528489502588,0.0572349502588167,0.0572349502588167
G03_R0241,G03,train,100,6,0.001,0.85,0.1,0.1,5.0,15.736747,15.748499931496688,0.0117529314966891,0.0117529314966891
G03_R0242,G03,train,100,6,0.001,0.85,0.2,0.1,5.0,22.394672,22.417862978927147,0.0231909789271469,0.0231909789271469
G03_R0243,G03,train,100,6,0.001,0.85,0.3,0.1,5.0,32.43882,32.46273090555632,0.0239109055563204,0.0239109055563204
G03_R0244,G03,test,100,6,0.001,0.8,0.1,0.1,5.0,15.806774,15.812345303945447,0.0055713039454463,0.0055713039454463
G03_R0245,G03,test,100,6,0.001,0.8,0.2,0.1,5.0,22.525499,22.556813696894324,0.0313146968943236,0.0313146968943236
G03_R0246,G03,train,100,6,0.001,0.8,0.3,0.1,5.0,32.668516,32.70597358652512,0.0374575865251216,0.0374575865251216
G03_R0247,G03,test,100,6,0.001,0.75,0.1,0.1,5.0,15.881726,15.920095404294583,0.038369404294583,0.038369404294583
G03_R0248,G03,train,100,6,0.001,0.75,0.2,0.1,5.0,22.666223,22.697610379368196,0.0313873793681942,0.0313873793681942
G03_R0249,G03,train,100,6,0.001,0.75,0.3,0.1,5.0,32.9161,32.9621161392447,0.0460161392446991,0.0460161392446991
G03_R0250,G03,train,100,6,0.001,0.7,0.1,0.1,5.0,15.962594,15.95902481842862,-0.0035691815713789,0.0035691815713789
G03_R0251,G03,test,100,6,0.001,0.7,0.2,0.1,5.0,22.817832,22.84327338159299,0.0254413815929908,0.0254413815929908
G03_R0252,G03,test,100,6,0.001,0.7,0.3,0.1,5.0,33.185559,33.268591908204705,0.0830329082047072,0.0830329082047072
G03_R0253,G03,test,100,6,0.0001,0.85,0.1,0.1,5.0,19.636647,19.659962680489468,0.0233156804894676,0.0233156804894676
G03_R0254,G03,train,100,6,0.0001,0.85,0.2,0.1,5.0,30.18231,30.24350020487795,0.0611902048779491,0.0611902048779491
G03_R0255,G03,train,100,6,0.0001,0.85,0.3,0.1,5.0,47.003912,47.043558168014414,0.0396461680144142,0.0396461680144142
G03_R0256,G03,train,100,6,0.0001,0.8,0.1,0.1,5.0,19.686922,19.693988944064728,0.0070669440647286,0.0070669440647286
G03_R0257,G03,train,100,6,0.0001,0.8,0.2,0.1,5.0,30.296463,30.29738164142812,0.0009186414281181,0.0009186414281181
G03_R0258,G03,test,100,6,0.0001,0.8,0.3,0.1,5.0,47.218879,47.201369397979576,-0.017509602020425,0.017509602020425
G03_R0259,G03,train,100,6,0.0001,0.75,0.1,0.1,5.0,19.741125,19.75104108304184,0.0099160830418405,0.0099160830418405
G03_R0260,G03,train,100,6,0.0001,0.75,0.2,0.1,5.0,30.420531,30.43490967394056,0.0143786739405555,0.0143786739405555
G03_R0261,G03,train,100,6,0.0001,0.75,0.3,0.1,5.0,47.457743,47.49171835833443,0.0339753583344304,0.0339753583344304
G03_R0262,G03,train,100,6,0.0001,0.7,0.1,0.1,5.0,19.799244,19.79134221188245,-0.0079017881175502,0.0079017881175502
G03_R0263,G03,train,100,6,0.0001,0.7,0.2,0.1,5.0,30.559497,30.569750463806653,0.0102534638066522,0.0102534638066522
G03_R0264,G03,train,100,6,0.0001,0.7,0.3,0.1,5.0,47.725485,47.72831422529068,0.0028292252906823,0.0028292252906823
G03_R0265,G03,test,100,6,1e-05,0.85,0.1,0.1,5.0,29.134527,29.164599259601115,0.0300722596011162,0.0300722596011162
G03_R0266,G03,train,100,6,1e-05,0.85,0.2,0.1,5.0,60.790081,60.82666488341579,0.036583883415787,0.036583883415787
G03_R0267,G03,train,100,6,1e-05,0.85,0.3,0.1,5.0,111.596977,111.64899902699902,0.0520220269990261,0.0520220269990261
G03_R0268,G03,test,100,6,1e-05,0.8,0.1,0.1,5.0,29.220246,29.224913659735822,0.0046676597358228,0.0046676597358228
G03_R0269,G03,train,100,6,1e-05,0.8,0.2,0.1,5.0,61.030695,61.07717095316214,0.0464759531621368,0.0464759531621368
G03_R0270,G03,train,100,6,1e-05,0.8,0.3,0.1,5.0,112.076496,112.12636863645776,0.0498726364577635,0.0498726364577635
G03_R0271,G03,train,100,6,1e-05,0.75,0.1,0.1,5.0,29.316938,29.362797095663595,0.0458590956635944,0.0458590956635944
G03_R0272,G03,train,100,6,1e-05,0.75,0.2,0.1,5.0,61.305273,61.33219535096336,0.0269223509633604,0.0269223509633604
G03_R0273,G03,train,100,6,1e-05,0.75,0.3,0.1,5.0,112.615969,112.79133813997856,0.1753691399785424,0.1753691399785424
G03_R0274,G03,train,100,6,1e-05,0.7,0.1,0.1,5.0,29.426597,29.421275136978743,-0.0053218630212548,0.0053218630212548
G03_R0275,G03,train,100,6,1e-05,0.7,0.2,0.1,5.0,61.622808,61.64813167390779,0.025323673907792,0.025323673907792
G03_R0276,G03,train,100,6,1e-05,0.7,0.3,0.1,5.0,113.24539,113.38484616424974,0.1394561642497365,0.1394561642497365
G03_R0277,G03,test,100,6,1e-06,0.85,0.1,0.1,5.0,101.187419,101.24495449578173,0.0575354957817069,0.0575354957817069
G03_R0278,G03,train,100,6,1e-06,0.85,0.2,0.1,5.0,323.53727999999995,323.6098449567939,0.0725649567939399,0.0725649567939399
G03_R0279,G03,train,100,6,1e-06,0.85,0.3,0.1,5.0,688.5361770000001,688.8516213257114,0.3154443257113826,0.3154443257113826
G03_R0280,G03,test,100,6,1e-06,0.8,0.1,0.1,5.0,101.477311,101.51508812723269,0.0377771272326725,0.0377771272326725
G03_R0281,G03,train,100,6,1e-06,0.8,0.2,0.1,5.0,324.307139,324.3632426908167,0.0561036908167125,0.0561036908167125
G03_R0282,G03,train,100,6,1e-06,0.8,0.3,0.1,5.0,690.0160030000001,690.0679048177672,0.0519018177670886,0.0519018177670886
G03_R0283,G03,test,100,6,1e-06,0.75,0.1,0.1,5.0,101.807195,101.90312752737128,0.095932527371275,0.095932527371275
G03_R0284,G03,train,100,6,1e-06,0.75,0.2,0.1,5.0,325.196988,325.23515578379147,0.0381677837914935,0.0381677837914935
G03_R0285,G03,train,100,6,1e-06,0.75,0.3,0.1,5.0,691.715816,691.77567573701,0.0598597370100151,0.0598597370100151
G03_R0286,G03,train,100,6,1e-06,0.7,0.1,0.1,5.0,102.18707,102.20922874481876,0.0221587448187534,0.0221587448187534
G03_R0287,G03,train,100,6,1e-06,0.7,0.2,0.1,5.0,326.226825,326.2521476791116,0.0253226791115821,0.0253226791115821
G03_R0288,G03,train,100,6,1e-06,0.7,0.3,0.1,5.0,693.695614,693.7200470590923,0.0244330590923027,0.0244330590923027
G03_R0289,G03,train,100,20,0.001,0.85,0.1,0.1,5.0,15.736747,15.748514559904429,0.0117675599044275,0.0117675599044275
G03_R0290,G03,train,100,20,0.001,0.85,0.2,0.1,5.0,22.394672,22.41849824434084,0.0238262443408387,0.0238262443408387
G03_R0291,G03,train,100,20,0.001,0.85,0.3,0.1,5.0,32.43882,32.46420286246407,0.0253828624640704,0.0253828624640704
G03_R0292,G03,train,100,20,0.001,0.8,0.1,0.1,5.0,15.806774,15.812748574897824,0.0059745748978219,0.0059745748978219
G03_R0293,G03,train,100,20,0.001,0.8,0.2,0.1,5.0,22.525499,22.55982778145385,0.0343287814538548,0.0343287814538548
G03_R0294,G03,train,100,20,0.001,0.8,0.3,0.1,5.0,32.668516,32.70706526674832,0.0385492667483262,0.0385492667483262
G03_R0295,G03,train,100,20,0.001,0.75,0.1,0.1,5.0,15.881726,15.9183615346428,0.0366355346427997,0.0366355346427997
G03_R0296,G03,test,100,20,0.001,0.75,0.2,0.1,5.0,22.666223,22.70100460972833,0.0347816097283271,0.0347816097283271
G03_R0297,G03,test,100,20,0.001,0.75,0.3,0.1,5.0,32.9161,32.96792926234441,0.0518292623444125,0.0518292623444125
G03_R0298,G03,train,100,20,0.001,0.7,0.1,0.1,5.0,15.962594,15.957790723221772,-0.004803276778226,0.004803276778226
G03_R0299,G03,train,100,20,0.001,0.7,0.2,0.1,5.0,22.817832,22.844909650301343,0.0270776503013436,0.0270776503013436
G03_R0300,G03,test,100,20,0.001,0.7,0.3,0.1,5.0,33.185559,33.25639370707977,0.0708347070797756,0.0708347070797756
G03_R0301,G03,train,100,20,0.0001,0.85,0.1,0.1,5.0,19.636647,19.65518057433766,0.0185335743376597,0.0185335743376597
G03_R0302,G03,test,100,20,0.0001,0.85,0.2,0.1,5.0,30.18231,30.24715710219935,0.0648471021993479,0.0648471021993479
G03_R0303,G03,train,100,20,0.0001,0.85,0.3,0.1,5.0,47.003912,47.05593098198016,0.0520189819801544,0.0520189819801544
G03_R0304,G03,test,100,20,0.0001,0.8,0.1,0.1,5.0,19.686922,19.69259417552304,0.005672175523042,0.005672175523042
G03_R0305,G03,train,100,20,0.0001,0.8,0.2,0.1,5.0,30.296463,30.301492269187037,0.0050292691870339,0.0050292691870339
G03_R0306,G03,train,100,20,0.0001,0.8,0.3,0.1,5.0,47.218879,47.20757897734613,-0.0113000226538702,0.0113000226538702
G03_R0307,G03,train,100,20,0.0001,0.75,0.1,0.1,5.0,19.741125,19.74970160573679,0.0085766057367884,0.0085766057367884
G03_R0308,G03,train,100,20,0.0001,0.75,0.2,0.1,5.0,30.420531,30.433031777708425,0.0125007777084213,0.0125007777084213
G03_R0309,G03,train,100,20,0.0001,0.75,0.3,0.1,5.0,47.457743,47.485414647281374,0.0276716472813731,0.0276716472813731
G03_R0310,G03,train,100,20,0.0001,0.7,0.1,0.1,5.0,19.799244,19.78981712159824,-0.009426878401765,0.009426878401765
G03_R0311,G03,test,100,20,0.0001,0.7,0.2,0.1,5.0,30.559497,30.56783481521737,0.0083378152173736,0.0083378152173736
G03_R0312,G03,train,100,20,0.0001,0.7,0.3,0.1,5.0,47.725485,47.72763957893355,0.002154578933549,0.002154578933549
G03_R0313,G03,train,100,20,1e-05,0.85,0.1,0.1,5.0,29.134527,29.162819889824327,0.0282928898243284,0.0282928898243284
G03_R0314,G03,train,100,20,1e-05,0.85,0.2,0.1,5.0,60.790081,60.82134136669255,0.0312603666925497,0.0312603666925497
G03_R0315,G03,train,100,20,1e-05,0.85,0.3,0.1,5.0,111.596977,111.6539061152282,0.0569291152282005,0.0569291152282005
G03_R0316,G03,train,100,20,1e-05,0.8,0.1,0.1,5.0,29.220246,29.22411136537572,0.0038653653757201,0.0038653653757201
G03_R0317,G03,train,100,20,1e-05,0.8,0.2,0.1,5.0,61.030695,61.069461707936,0.0387667079359985,0.0387667079359985
G03_R0318,G03,train,100,20,1e-05,0.8,0.3,0.1,5.0,112.076496,112.12901714579112,0.0525211457911041,0.0525211457911041
G03_R0319,G03,train,100,20,1e-05,0.75,0.1,0.1,5.0,29.316938,29.36319559681093,0.046257596810932,0.046257596810932
G03_R0320,G03,train,100,20,1e-05,0.75,0.2,0.1,5.0,61.305273,61.32980188759132,0.0245288875913232,0.0245288875913232
G03_R0321,G03,train,100,20,1e-05,0.75,0.3,0.1,5.0,112.615969,112.78805037389516,0.1720813738951392,0.1720813738951392
G03_R0322,G03,train,100,20,1e-05,0.7,0.1,0.1,5.0,29.426597,29.422229414126083,-0.0043675858739185,0.0043675858739185
G03_R0323,G03,train,100,20,1e-05,0.7,0.2,0.1,5.0,61.622808,61.64335895436216,0.0205509543621644,0.0205509543621644
G03_R0324,G03,test,100,20,1e-05,0.7,0.3,0.1,5.0,113.24539,113.4068953614095,0.1615053614094961,0.1615053614094961
G03_R0325,G03,train,100,20,1e-06,0.85,0.1,0.1,5.0,101.187419,101.24294215821924,0.0555231582192305,0.0555231582192305
G03_R0326,G03,train,100,20,1e-06,0.85,0.2,0.1,5.0,323.53727999999995,323.61079939942886,0.0735193994289034,0.0735193994289034
G03_R0327,G03,test,100,20,1e-06,0.85,0.3,0.1,5.0,688.5361770000001,688.9033992690506,0.3672222690505577,0.3672222690505577
G03_R0328,G03,train,100,20,1e-06,0.8,0.1,0.1,5.0,101.477311,101.51257368062848,0.0352626806284774,0.0352626806284774
G03_R0329,G03,test,100,20,1e-06,0.8,0.2,0.1,5.0,324.307139,324.3656326474236,0.0584936474235746,0.0584936474235746
G03_R0330,G03,train,100,20,1e-06,0.8,0.3,0.1,5.0,690.0160030000001,690.1167778615652,0.100774861565128,0.100774861565128
G03_R0331,G03,train,100,20,1e-06,0.75,0.1,0.1,5.0,101.807195,101.89184731649436,0.0846523164943562,0.0846523164943562
G03_R0332,G03,train,100,20,1e-06,0.75,0.2,0.1,5.0,325.196988,325.2418180156723,0.0448300156723462,0.0448300156723462
G03_R0333,G03,train,100,20,1e-06,0.75,0.3,0.1,5.0,691.715816,691.7893385934059,0.0735225934058689,0.0735225934058689
G03_R0334,G03,train,100,20,1e-06,0.7,0.1,0.1,5.0,102.18707,102.20495276901812,0.0178827690181151,0.0178827690181151
G03_R0335,G03,train,100,20,1e-06,0.7,0.2,0.1,5.0,326.226825,326.243913277058,0.017088277057951,0.017088277057951
G03_R0336,G03,train,100,20,1e-06,0.7,0.3,0.1,5.0,693.695614,693.6801295477379,-0.0154844522620578,0.0154844522620578
G03_R0337,G03,train,100,50,0.001,0.85,0.1,0.1,5.0,15.736747,15.750567403216904,0.013820403216906,0.013820403216906
G03_R0338,G03,train,100,50,0.001,0.85,0.2,0.1,5.0,22.394672,22.42118835341226,0.0265163534122585,0.0265163534122585
G03_R0339,G03,train,100,50,0.001,0.85,0.3,0.1,5.0,32.43882,32.466302201464075,0.0274822014640747,0.0274822014640747
G03_R0340,G03,train,100,50,0.001,0.8,0.1,0.1,5.0,15.806774,15.812165847876985,0.0053918478769823,0.0053918478769823
G03_R0341,G03,train,100,50,0.001,0.8,0.2,0.1,5.0,22.525499,22.560471530400285,0.0349725304002852,0.0349725304002852
G03_R0342,G03,test,100,50,0.001,0.8,0.3,0.1,5.0,32.668516,32.70681974299832,0.0383037429983232,0.0383037429983232
G03_R0343,G03,test,100,50,0.001,0.75,0.1,0.1,5.0,15.881726,15.918166555351132,0.0364405553511311,0.0364405553511311
G03_R0344,G03,train,100,50,0.001,0.75,0.2,0.1,5.0,22.666223,22.699134282505103,0.0329112825051041,0.0329112825051041
G03_R0345,G03,train,100,50,0.001,0.75,0.3,0.1,5.0,32.9161,32.96394046184643,0.0478404618464267,0.0478404618464267
G03_R0346,G03,train,100,50,0.001,0.7,0.1,0.1,5.0,15.962594,15.957558030596772,-0.0050359694032273,0.0050359694032273
G03_R0347,G03,train,100,50,0.001,0.7,0.2,0.1,5.0,22.817832,22.84458154767929,0.0267495476792909,0.0267495476792909
G03_R0348,G03,train,100,50,0.001,0.7,0.3,0.1,5.0,33.185559,33.25558169050239,0.070022690502391,0.070022690502391
G03_R0349,G03,train,100,50,0.0001,0.85,0.1,0.1,5.0,19.636647,19.6552482333585,0.018601233358499,0.018601233358499
G03_R0350,G03,train,100,50,0.0001,0.85,0.2,0.1,5.0,30.18231,30.240980385918125,0.0586703859181234,0.0586703859181234
G03_R0351,G03,train,100,50,0.0001,0.85,0.3,0.1,5.0,47.003912,47.06650558843548,0.0625935884354831,0.0625935884354831
G03_R0352,G03,train,100,50,0.0001,0.8,0.1,0.1,5.0,19.686922,19.691991805835563,0.0050698058355642,0.0050698058355642
G03_R0353,G03,train,100,50,0.0001,0.8,0.2,0.1,5.0,30.296463,30.29612947024956,-0.000333529750442,0.000333529750442
G03_R0354,G03,train,100,50,0.0001,0.8,0.3,0.1,5.0,47.218879,47.21498506768243,-0.0038939323175739,0.0038939323175739
G03_R0355,G03,train,100,50,0.0001,0.75,0.1,0.1,5.0,19.741125,19.747773488424297,0.0066484884242967,0.0066484884242967
G03_R0356,G03,train,100,50,0.0001,0.75,0.2,0.1,5.0,30.420531,30.435925154358237,0.0153941543582334,0.0153941543582334
G03_R0357,G03,train,100,50,0.0001,0.75,0.3,0.1,5.0,47.457743,47.48337141802544,0.025628418025434,0.025628418025434
G03_R0358,G03,train,100,50,0.0001,0.7,0.1,0.1,5.0,19.799244,19.788385641077408,-0.0108583589225936,0.0108583589225936
G03_R0359,G03,train,100,50,0.0001,0.7,0.2,0.1,5.0,30.559497,30.5690400349644,0.0095430349644018,0.0095430349644018
G03_R0360,G03,train,100,50,0.0001,0.7,0.3,0.1,5.0,47.725485,47.72744316953175,0.001958169531754,0.001958169531754
G03_R0361,G03,train,100,50,1e-05,0.85,0.1,0.1,5.0,29.134527,29.16232838061598,0.0278013806159798,0.0278013806159798
G03_R0362,G03,train,100,50,1e-05,0.85,0.2,0.1,5.0,60.790081,60.82320321410919,0.0331222141091913,0.0331222141091913
G03_R0363,G03,train,100,50,1e-05,0.85,0.3,0.1,5.0,111.596977,111.66137014883245,0.0643931488324511,0.0643931488324511
G03_R0364,G03,train,100,50,1e-05,0.8,0.1,0.1,5.0,29.220246,29.223524383979875,0.0032783839798753,0.0032783839798753
G03_R0365,G03,train,100,50,1e-05,0.8,0.2,0.1,5.0,61.030695,61.07070410754019,0.040009107540186,0.040009107540186
G03_R0366,G03,train,100,50,1e-05,0.8,0.3,0.1,5.0,112.076496,112.12721456037444,0.0507185603744204,0.0507185603744204
G03_R0367,G03,test,100,50,1e-05,0.75,0.1,0.1,5.0,29.316938,29.36464779847761,0.0477097984776087,0.0477097984776087
G03_R0368,G03,train,100,50,1e-05,0.75,0.2,0.1,5.0,61.305273,61.3299755547163,0.0247025547162991,0.0247025547162991
G03_R0369,G03,test,100,50,1e-05,0.75,0.3,0.1,5.0,112.615969,112.78824941285347,0.1722804128534818,0.1722804128534818
G03_R0370,G03,train,100,50,1e-05,0.7,0.1,0.1,5.0,29.426597,29.422807110105254,-0.0037898898947474,0.0037898898947474
G03_R0371,G03,train,100,50,1e-05,0.7,0.2,0.1,5.0,61.622808,61.65445193869547,0.0316439386954741,0.0316439386954741
G03_R0372,G03,test,100,50,1e-05,0.7,0.3,0.1,5.0,113.24539,113.40854908120116,0.163159081201158,0.163159081201158
G03_R0373,G03,train,100,50,1e-06,0.85,0.1,0.1,5.0,101.187419,101.24760529963,0.06018629962999,0.06018629962999
G03_R0374,G03,test,100,50,1e-06,0.85,0.2,0.1,5.0,323.53727999999995,323.61127439734554,0.0739943973455865,0.0739943973455865
G03_R0375,G03,test,100,50,1e-06,0.85,0.3,0.1,5.0,688.5361770000001,688.9087149834671,0.3725379834670548,0.3725379834670548
G03_R0376,G03,train,100,50,1e-06,0.8,0.1,0.1,5.0,101.477311,101.51254865168508,0.0352376516850796,0.0352376516850796
G03_R0377,G03,train,100,50,1e-06,0.8,0.2,0.1,5.0,324.307139,324.363317425882,0.056178425881967,0.056178425881967
G03_R0378,G03,train,100,50,1e-06,0.8,0.3,0.1,5.0,690.0160030000001,690.1248787157847,0.1088757157846203,0.1088757157846203
G03_R0379,G03,train,100,50,1e-06,0.75,0.1,0.1,5.0,101.807195,101.8807087869052,0.0735137869052096,0.0735137869052096
G03_R0380,G03,train,100,50,1e-06,0.75,0.2,0.1,5.0,325.196988,325.24350379004414,0.0465157900441681,0.0465157900441681
G03_R0381,G03,train,100,50,1e-06,0.75,0.3,0.1,5.0,691.715816,691.7999411079473,0.0841251079473295,0.0841251079473295
G03_R0382,G03,train,100,50,1e-06,0.7,0.1,0.1,5.0,102.18707,102.20394078605976,0.0168707860597692,0.0168707860597692
G03_R0383,G03,train,100,50,1e-06,0.7,0.2,0.1,5.0,326.226825,326.2459816272576,0.0191566272575869,0.0191566272575869
G03_R0384,G03,train,100,50,1e-06,0.7,0.3,0.1,5.0,693.695614,693.7123706181575,0.0167566181575011,0.0167566181575011
G03_R0385,G03,train,250,3,0.001,0.85,0.1,0.1,5.0,45.389368000000005,45.45005269151166,0.0606846915116534,0.0606846915116534
G03_R0386,G03,test,250,3,0.001,0.85,0.2,0.1,5.0,65.975935,66.06076232452808,0.0848273245280779,0.0848273245280779
G03_R0387,G03,train,250,3,0.001,0.85,0.3,0.1,5.0,97.245975,97.2793176000271,0.0333426000270975,0.0333426000270975
G03_R0388,G03,train,250,3,0.001,0.8,0.1,0.1,5.0,45.652172,45.64923825194999,-0.0029337480500117,0.0029337480500117
G03_R0389,G03,test,250,3,0.001,0.8,0.2,0.1,5.0,66.472482,66.57679959221561,0.1043175922156081,0.1043175922156081
G03_R0390,G03,train,250,3,0.001,0.8,0.3,0.1,5.0,98.151361,98.14260073899986,-0.008760261000134,0.008760261000134
G03_R0391,G03,train,250,3,0.001,0.75,0.1,0.1,5.0,45.932809000000006,46.02039237532004,0.0875833753200296,0.0875833753200296
G03_R0392,G03,train,250,3,0.001,0.75,0.2,0.1,5.0,67.00683400000001,67.05924293588068,0.0524089358806634,0.0524089358806634
G03_R0393,G03,train,250,3,0.001,0.75,0.3,0.1,5.0,99.133571,99.15605829774852,0.0224872977485119,0.0224872977485119
G03_R0394,G03,train,250,3,0.001,0.7,0.1,0.1,5.0,46.234263,46.19683068477777,-0.037432315222226,0.037432315222226
G03_R0395,G03,train,250,3,0.001,0.7,0.2,0.1,5.0,67.58697000000001,67.60880865853787,0.0218386585378596,0.0218386585378596
G03_R0396,G03,train,250,3,0.001,0.7,0.3,0.1,5.0,100.211552,100.21721581169592,0.0056638116959106,0.0056638116959106
G03_R0397,G03,train,250,3,0.0001,0.85,0.1,0.1,5.0,56.037237,56.09878809802744,0.0615510980274436,0.0615510980274436
G03_R0398,G03,train,250,3,0.0001,0.85,0.2,0.1,5.0,87.449253,87.56370114275441,0.1144481427544121,0.1144481427544121
G03_R0399,G03,train,250,3,0.0001,0.85,0.3,0.1,5.0,137.26742199999998,137.41793962413016,0.150517624130174,0.150517624130174
G03_R0400,G03,train,250,3,0.0001,0.8,0.1,0.1,5.0,56.227719,56.22515583538702,-0.0025631646129795,0.0025631646129795
G03_R0401,G03,train,250,3,0.0001,0.8,0.2,0.1,5.0,87.945533,88.00050113081286,0.0549681308128668,0.0549681308128668
G03_R0402,G03,train,250,3,0.0001,0.8,0.3,0.1,5.0,138.255384,138.3564631704095,0.1010791704095197,0.1010791704095197
G03_R0403,G03,train,250,3,0.0001,0.75,0.1,0.1,5.0,56.435052,56.46189784787539,0.0268458478753927,0.0268458478753927
G03_R0404,G03,train,250,3,0.0001,0.75,0.2,0.1,5.0,88.50164,88.65653869655087,0.1548986965508731,0.1548986965508731
G03_R0405,G03,train,250,3,0.0001,0.75,0.3,0.1,5.0,139.383154,139.55015831806105,0.1670043180610605,0.1670043180610605
G03_R0406,G03,train,250,3,0.0001,0.7,0.1,0.1,5.0,56.664216,56.60872317919324,-0.0554928208067622,0.0554928208067622
G03_R0407,G03,train,250,3,0.0001,0.7,0.2,0.1,5.0,89.12956700000001,89.128040779846,-0.0015262201540053,0.0015262201540053
G03_R0408,G03,train,250,3,0.0001,0.7,0.3,0.1,5.0,140.650701,140.88148948998966,0.2307884899896635,0.2307884899896635
G03_R0409,G03,train,250,3,1e-05,0.85,0.1,0.1,5.0,81.998024,82.20349322774429,0.2054692277442882,0.2054692277442882
G03_R0410,G03,train,250,3,1e-05,0.85,0.2,0.1,5.0,169.740165,169.83224957320553,0.0920845732055397,0.0920845732055397
G03_R0411,G03,train,250,3,1e-05,0.85,0.3,0.1,5.0,309.63962,309.8649395328385,0.2253195328385118,0.2253195328385118
G03_R0412,G03,train,250,3,1e-05,0.8,0.1,0.1,5.0,82.396416,82.39346809004056,-0.0029479099594453,0.0029479099594453
G03_R0413,G03,train,250,3,1e-05,0.8,0.2,0.1,5.0,170.98934,171.08946255391658,0.1001225539165773,0.1001225539165773
G03_R0414,G03,train,250,3,1e-05,0.8,0.3,0.1,5.0,312.17861,312.38184984313085,0.2032398431308593,0.2032398431308593
G03_R0415,G03,train,250,3,1e-05,0.75,0.1,0.1,5.0,82.850747,82.91938609465818,0.0686390946581809,0.0686390946581809
G03_R0416,G03,train,250,3,1e-05,0.75,0.2,0.1,5.0,172.42844,172.53919125091386,0.1107512509138644,0.1107512509138644
G03_R0417,G03,train,250,3,1e-05,0.75,0.3,0.1,5.0,315.10751,315.3914085749813,0.2838985749813218,0.2838985749813218
G03_R0418,G03,train,250,3,1e-05,0.7,0.1,0.1,5.0,83.376009,83.447049158864,0.0710401588640081,0.0710401588640081
G03_R0419,G03,test,250,3,1e-05,0.7,0.2,0.1,5.0,174.10744,174.27810635851372,0.1706663585137278,0.1706663585137278
G03_R0420,G03,train,250,3,1e-05,0.7,0.3,0.1,5.0,318.54631,318.59360603355395,0.0472960335539482,0.0472960335539482
G03_R0421,G03,train,250,3,1e-06,0.85,0.1,0.1,5.0,266.242464,266.4100561329102,0.1675921329102152,0.1675921329102152
G03_R0422,G03,test,250,3,1e-06,0.85,0.2,0.1,5.0,841.0599299999999,841.9272723910627,0.8673423910628344,0.8673423910628344
G03_R0423,G03,train,250,3,1e-06,0.85,0.3,0.1,5.0,1782.05507,1782.283177302393,0.2281073023930275,0.2281073023930275
G03_R0424,G03,train,250,3,1e-06,0.8,0.1,0.1,5.0,267.582225,267.64662019916034,0.0643951991603444,0.0643951991603444
G03_R0425,G03,train,250,3,1e-06,0.8,0.2,0.1,5.0,845.1096200000001,845.1562727996003,0.0466527996002241,0.0466527996002241
G03_R0426,G03,train,250,3,1e-06,0.8,0.3,0.1,5.0,1789.9546899999998,1790.1464349208504,0.1917449208506241,0.1917449208506241
G03_R0427,G03,test,250,3,1e-06,0.75,0.1,0.1,5.0,269.19196900000003,269.3553304473839,0.1633614473838633,0.1633614473838633
G03_R0428,G03,train,250,3,1e-06,0.75,0.2,0.1,5.0,849.88929,850.0757974631247,0.1865074631247125,0.1865074631247125
G03_R0429,G03,train,250,3,1e-06,0.75,0.3,0.1,5.0,1799.35429,1799.2975360010837,-0.0567539989165197,0.0567539989165197
G03_R0430,G03,test,250,3,1e-06,0.7,0.1,0.1,5.0,271.12169500000005,271.24300800981115,0.1213130098111037,0.1213130098111037
G03_R0431,G03,train,250,3,1e-06,0.7,0.2,0.1,5.0,855.49894,855.404634595385,-0.0943054046149427,0.0943054046149427
G03_R0432,G03,train,250,3,1e-06,0.7,0.3,0.1,5.0,1810.35386,1810.4966903043637,0.1428303043635423,0.1428303043635423
G03_R0433,G03,train,250,6,0.001,0.85,0.1,0.1,5.0,45.389368000000005,45.45196096884498,0.0625929688449744,0.0625929688449744
G03_R0434,G03,train,250,6,0.001,0.85,0.2,0.1,5.0,65.975935,66.05893677811143,0.0830017781114236,0.0830017781114236
G03_R0435,G03,train,250,6,0.001,0.85,0.3,0.1,5.0,97.245975,97.27423280720863,0.0282578072086323,0.0282578072086323
G03_R0436,G03,train,250,6,0.001,0.8,0.1,0.1,5.0,45.652172,45.65359289784581,0.0014208978458114,0.0014208978458114
G03_R0437,G03,test,250,6,0.001,0.8,0.2,0.1,5.0,66.472482,66.57497404579895,0.1024920457989537,0.1024920457989537
G03_R0438,G03,test,250,6,0.001,0.8,0.3,0.1,5.0,98.151361,98.1387035442231,-0.012657455776889,0.012657455776889
G03_R0439,G03,test,250,6,0.001,0.75,0.1,0.1,5.0,45.932809000000006,46.02522874825755,0.0924197482575408,0.0924197482575408
G03_R0440,G03,train,250,6,0.001,0.75,0.2,0.1,5.0,67.00683400000001,67.05699104598483,0.0501570459848181,0.0501570459848181
G03_R0441,G03,train,250,6,0.001,0.75,0.3,0.1,5.0,99.133571,99.15549957166222,0.0219285716622152,0.0219285716622152
G03_R0442,G03,train,250,6,0.001,0.7,0.1,0.1,5.0,46.234263,46.20141601671528,-0.0328469832847204,0.0328469832847204
G03_R0443,G03,train,250,6,0.001,0.7,0.2,0.1,5.0,67.58697000000001,67.6094257356212,0.0224557356211931,0.0224557356211931
G03_R0444,G03,train,250,6,0.001,0.7,0.3,0.1,5.0,100.211552,100.21674910896378,0.0051971089637845,0.0051971089637845
G03_R0445,G03,train,250,6,0.0001,0.85,0.1,0.1,5.0,56.037237,56.09932430673578,0.0620873067357834,0.0620873067357834
G03_R0446,G03,train,250,6,0.0001,0.85,0.2,0.1,5.0,87.449253,87.54945446537344,0.1002014653734448,0.1002014653734448
G03_R0447,G03,train,250,6,0.0001,0.85,0.3,0.1,5.0,137.26742199999998,137.41866501388012,0.1512430138801335,0.1512430138801335
G03_R0448,G03,test,250,6,0.0001,0.8,0.1,0.1,5.0,56.227719,56.22766782263705,-5.11773629483514e-05,5.11773629483514e-05
G03_R0449,G03,train,250,6,0.0001,0.8,0.2,0.1,5.0,87.945533,87.9982489744944,0.0527159744944043,0.0527159744944043
G03_R0450,G03,train,250,6,0.0001,0.8,0.3,0.1,5.0,138.255384,138.35454748410595,0.0991634841059578,0.0991634841059578
G03_R0451,G03,train,250,6,0.0001,0.75,0.1,0.1,5.0,56.435052,56.46280673855991,0.0277547385599135,0.0277547385599135
G03_R0452,G03,train,250,6,0.0001,0.75,0.2,0.1,5.0,88.50164,88.6497078098084,0.1480678098084098,0.1480678098084098
G03_R0453,G03,train,250,6,0.0001,0.75,0.3,0.1,5.0,139.383154,139.5124877492155,0.1293337492155046,0.1293337492155046
G03_R0454,G03,train,250,6,0.0001,0.7,0.1,0.1,5.0,56.664216,56.60864913112776,-0.0555668688722477,0.0555668688722477
G03_R0455,G03,train,250,6,0.0001,0.7,0.2,0.1,5.0,89.12956700000001,89.10868266059013,-0.0208843394098749,0.0208843394098749
G03_R0456,G03,test,250,6,0.0001,0.7,0.3,0.1,5.0,140.650701,140.89211720194797,0.2414162019479704,0.2414162019479704
G03_R0457,G03,test,250,6,1e-05,0.85,0.1,0.1,5.0,81.998024,82.22144876611941,0.2234247661194075,0.2234247661194075
G03_R0458,G03,train,250,6,1e-05,0.85,0.2,0.1,5.0,169.740165,169.83473758476796,0.0945725847679739,0.0945725847679739
G03_R0459,G03,train,250,6,1e-05,0.85,0.3,0.1,5.0,309.63962,309.8581658411719,0.218545841171931,0.218545841171931
G03_R0460,G03,train,250,6,1e-05,0.8,0.1,0.1,5.0,82.396416,82.40872650558231,0.012310505582306,0.012310505582306
G03_R0461,G03,train,250,6,1e-05,0.8,0.2,0.1,5.0,170.98934,171.0798859820416,0.0905459820415899,0.0905459820415899
G03_R0462,G03,train,250,6,1e-05,0.8,0.3,0.1,5.0,312.17861,312.3823020758392,0.2036920758391716,0.2036920758391716
G03_R0463,G03,train,250,6,1e-05,0.75,0.1,0.1,5.0,82.850747,82.91680842941854,0.0660614294185393,0.0660614294185393
G03_R0464,G03,train,250,6,1e-05,0.75,0.2,0.1,5.0,172.42844,172.5393212509139,0.1108812509139056,0.1108812509139056
G03_R0465,G03,train,250,6,1e-05,0.75,0.3,0.1,5.0,315.10751,315.4011477670946,0.2936377670945944,0.2936377670945944
G03_R0466,G03,train,250,6,1e-05,0.7,0.1,0.1,5.0,83.376009,83.44411791521821,0.0681089152182181,0.0681089152182181
G03_R0467,G03,train,250,6,1e-05,0.7,0.2,0.1,5.0,174.10744,174.27810635851372,0.1706663585137278,0.1706663585137278
G03_R0468,G03,train,250,6,1e-05,0.7,0.3,0.1,5.0,318.54631,318.5884354345956,0.0421254345956185,0.0421254345956185
G03_R0469,G03,test,250,6,1e-06,0.85,0.1,0.1,5.0,266.242464,266.41581023436856,0.1733462343685801,0.1733462343685801
G03_R0470,G03,test,250,6,1e-06,0.85,0.2,0.1,5.0,841.0599299999999,841.9603668095152,0.9004368095153268,0.9004368095153268
G03_R0471,G03,train,250,6,1e-06,0.85,0.3,0.1,5.0,1782.05507,1782.2866085203102,0.2315385203103233,0.2315385203103233
G03_R0472,G03,train,250,6,1e-06,0.8,0.1,0.1,5.0,267.582225,267.6511500943478,0.0689250943478327,0.0689250943478327
G03_R0473,G03,train,250,6,1e-06,0.8,0.2,0.1,5.0,845.1096200000001,845.1702351683504,0.0606151683502957,0.0606151683502957
G03_R0474,G03,train,250,6,1e-06,0.8,0.3,0.1,5.0,1789.9546899999998,1790.147467297935,0.1927772979352084,0.1927772979352084
G03_R0475,G03,train,250,6,1e-06,0.75,0.1,0.1,5.0,269.19196900000003,269.3553304473839,0.1633614473838633,0.1633614473838633
G03_R0476,G03,train,250,6,1e-06,0.75,0.2,0.1,5.0,849.88929,850.0913804422906,0.2020904422906824,0.2020904422906824
G03_R0477,G03,train,250,6,1e-06,0.75,0.3,0.1,5.0,1799.35429,1799.3330409809444,-0.0212490190556309,0.0212490190556309
G03_R0478,G03,train,250,6,1e-06,0.7,0.1,0.1,5.0,271.12169500000005,271.24300800981115,0.1213130098111037,0.1213130098111037
G03_R0479,G03,train,250,6,1e-06,0.7,0.2,0.1,5.0,855.49894,855.5245182245516,0.0255782245516229,0.0255782245516229
G03_R0480,G03,train,250,6,1e-06,0.7,0.3,0.1,5.0,1810.35386,1810.4662572393336,0.1123972393336316,0.1123972393336316
G03_R0481,G03,test,250,20,0.001,0.85,0.1,0.1,5.0,45.389368000000005,45.45933199897295,0.0699639989729448,0.0699639989729448
G03_R0482,G03,train,250,20,0.001,0.85,0.2,0.1,5.0,65.975935,66.05597890294476,0.0800439029447517,0.0800439029447517
G03_R0483,G03,test,250,20,0.001,0.85,0.3,0.1,5.0,97.245975,97.27708463745265,0.0311096374526442,0.0311096374526442
G03_R0484,G03,train,250,20,0.001,0.8,0.1,0.1,5.0,45.652172,45.65909229157796,0.0069202915779627,0.0069202915779627
G03_R0485,G03,train,250,20,0.001,0.8,0.2,0.1,5.0,66.472482,66.57638503008465,0.1039030300846519,0.1039030300846519
G03_R0486,G03,train,250,20,0.001,0.8,0.3,0.1,5.0,98.151361,98.13919176164576,-0.0121692383542466,0.0121692383542466
G03_R0487,G03,train,250,20,0.001,0.75,0.1,0.1,5.0,45.932809000000006,46.02043772276058,0.0876287227605772,0.0876287227605772
G03_R0488,G03,train,250,20,0.001,0.75,0.2,0.1,5.0,67.00683400000001,67.05042966375568,0.0435956637556671,0.0435956637556671
G03_R0489,G03,test,250,20,0.001,0.75,0.3,0.1,5.0,99.133571,99.15694119295397,0.0233701929539478,0.0233701929539478
G03_R0490,G03,test,250,20,0.001,0.7,0.1,0.1,5.0,46.234263,46.20268093034333,-0.0315820696566646,0.0315820696566646
G03_R0491,G03,train,250,20,0.001,0.7,0.2,0.1,5.0,67.58697000000001,67.62987951847855,0.0429095184785381,0.0429095184785381
G03_R0492,G03,train,250,20,0.001,0.7,0.3,0.1,5.0,100.211552,100.21685167124348,0.0052996712434918,0.0052996712434918
G03_R0493,G03,test,250,20,0.0001,0.85,0.1,0.1,5.0,56.037237,56.10649659869416,0.0692595986941668,0.0692595986941668
G03_R0494,G03,train,250,20,0.0001,0.85,0.2,0.1,5.0,87.449253,87.51556123245825,0.0663082324582546,0.0663082324582546
G03_R0495,G03,train,250,20,0.0001,0.85,0.3,0.1,5.0,137.26742199999998,137.41583434904072,0.1484123490407398,0.1484123490407398
G03_R0496,G03,train,250,20,0.0001,0.8,0.1,0.1,5.0,56.227719,56.23242185990794,0.0047028599079368,0.0047028599079368
G03_R0497,G03,train,250,20,0.0001,0.8,0.2,0.1,5.0,87.945533,87.97241339257924,0.026880392579244,0.026880392579244
G03_R0498,G03,train,250,20,0.0001,0.8,0.3,0.1,5.0,138.255384,138.3466227256744,0.0912387256744011,0.0912387256744011
G03_R0499,G03,train,250,20,0.0001,0.75,0.1,0.1,5.0,56.435052,56.45908764787243,0.0240356478724308,0.0240356478724308
G03_R0500,G03,train,250,20,0.0001,0.75,0.2,0.1,5.0,88.50164,88.65541573229348,0.1537757322934823,0.1537757322934823
G03_R0501,G03,train,250,20,0.0001,0.75,0.3,0.1,5.0,139.383154,139.50646728563214,0.1233132856321503,0.1233132856321503
G03_R0502,G03,train,250,20,0.0001,0.7,0.1,0.1,5.0,56.664216,56.60876624648195,-0.0554497535180544,0.0554497535180544
G03_R0503,G03,train,250,20,0.0001,0.7,0.2,0.1,5.0,89.12956700000001,89.11184522745023,-0.0177217725497769,0.0177217725497769
G03_R0504,G03,train,250,20,0.0001,0.7,0.3,0.1,5.0,140.650701,140.874750984436,0.2240499844359931,0.2240499844359931
G03_R0505,G03,train,250,20,1e-05,0.85,0.1,0.1,5.0,81.998024,82.2133516540003,0.2153276540003048,0.2153276540003048
G03_R0506,G03,train,250,20,1e-05,0.85,0.2,0.1,5.0,169.740165,169.83666322551196,0.096498225511965,0.096498225511965
G03_R0507,G03,train,250,20,1e-05,0.85,0.3,0.1,5.0,309.63962,309.8252703602195,0.1856503602195403,0.1856503602195403
G03_R0508,G03,train,250,20,1e-05,0.8,0.1,0.1,5.0,82.396416,82.40305904989178,0.0066430498917782,0.0066430498917782
G03_R0509,G03,train,250,20,1e-05,0.8,0.2,0.1,5.0,170.98934,171.09474836507718,0.1054083650771815,0.1054083650771815
G03_R0510,G03,test,250,20,1e-05,0.8,0.3,0.1,5.0,312.17861,312.44674976545224,0.268139765452247,0.268139765452247
G03_R0511,G03,train,250,20,1e-05,0.75,0.1,0.1,5.0,82.850747,82.9147174681744,0.0639704681744035,0.0639704681744035
G03_R0512,G03,train,250,20,1e-05,0.75,0.2,0.1,5.0,172.42844,172.57609397877087,0.1476539787708759,0.1476539787708759
G03_R0513,G03,train,250,20,1e-05,0.75,0.3,0.1,5.0,315.10751,315.4691750215886,0.3616650215886352,0.3616650215886352
G03_R0514,G03,train,250,20,1e-05,0.7,0.1,0.1,5.0,83.376009,83.44136607961094,0.0653570796109477,0.0653570796109477
G03_R0515,G03,train,250,20,1e-05,0.7,0.2,0.1,5.0,174.10744,174.26860105815663,0.1611610581566367,0.1611610581566367
G03_R0516,G03,train,250,20,1e-05,0.7,0.3,0.1,5.0,318.54631,318.6967434651904,0.1504334651904173,0.1504334651904173
G03_R0517,G03,train,250,20,1e-06,0.85,0.1,0.1,5.0,266.242464,266.4051766240116,0.1627126240115899,0.1627126240115899
G03_R0518,G03,test,250,20,1e-06,0.85,0.2,0.1,5.0,841.0599299999999,841.9698979120597,0.9099679120597556,0.9099679120597556
G03_R0519,G03,train,250,20,1e-06,0.85,0.3,0.1,5.0,1782.05507,1782.308645547979,0.2535755479791532,0.2535755479791532
G03_R0520,G03,train,250,20,1e-06,0.8,0.1,0.1,5.0,267.582225,267.6478600647435,0.0656350647435033,0.0656350647435033
G03_R0521,G03,train,250,20,1e-06,0.8,0.2,0.1,5.0,845.1096200000001,845.1462718217131,0.0366518217130078,0.0366518217130078
G03_R0522,G03,train,250,20,1e-06,0.8,0.3,0.1,5.0,1789.9546899999998,1790.1202985032037,0.1656085032036571,0.1656085032036571
G03_R0523,G03,train,250,20,1e-06,0.75,0.1,0.1,5.0,269.19196900000003,269.358279844155,0.1663108441549639,0.1663108441549639
G03_R0524,G03,test,250,20,1e-06,0.75,0.2,0.1,5.0,849.88929,850.1086640781234,0.219374078123451,0.219374078123451
G03_R0525,G03,train,250,20,1e-06,0.75,0.3,0.1,5.0,1799.35429,1799.4343405042016,0.0800505042016084,0.0800505042016084
G03_R0526,G03,train,250,20,1e-06,0.7,0.1,0.1,5.0,271.12169500000005,271.23994404441527,0.1182490444152222,0.1182490444152222
G03_R0527,G03,train,250,20,1e-06,0.7,0.2,0.1,5.0,855.49894,855.4588675275279,-0.0400724724720475,0.0400724724720475
G03_R0528,G03,train,250,20,1e-06,0.7,0.3,0.1,5.0,1810.35386,1810.3133613485736,-0.0404986514261054,0.0404986514261054
G03_R0529,G03,train,250,50,0.001,0.85,0.1,0.1,5.0,45.389368000000005,45.457173601681305,0.0678056016813002,0.0678056016813002
G03_R0530,G03,train,250,50,0.001,0.85,0.2,0.1,5.0,65.975935,66.05519213219479,0.0792571321947832,0.0792571321947832
G03_R0531,G03,train,250,50,0.001,0.85,0.3,0.1,5.0,97.245975,97.27696990620272,0.0309949062027072,0.0309949062027072
G03_R0532,G03,train,250,50,0.001,0.8,0.1,0.1,5.0,45.652172,45.65560568493214,0.0034336849321405,0.0034336849321405
G03_R0533,G03,train,250,50,0.001,0.8,0.2,0.1,5.0,66.472482,66.57115654417694,0.0986745441769443,0.0986745441769443
G03_R0534,G03,test,250,50,0.001,0.8,0.3,0.1,5.0,98.151361,98.13993468664572,-0.0114263133542777,0.0114263133542777
G03_R0535,G03,train,250,50,0.001,0.75,0.1,0.1,5.0,45.932809000000006,46.02260780066234,0.0897988006623364,0.0897988006623364
G03_R0536,G03,train,250,50,0.001,0.75,0.2,0.1,5.0,67.00683400000001,67.0542249784015,0.0473909784014949,0.0473909784014949
G03_R0537,G03,train,250,50,0.001,0.75,0.3,0.1,5.0,99.133571,99.15573782720388,0.0221668272038755,0.0221668272038755
G03_R0538,G03,train,250,50,0.001,0.7,0.1,0.1,5.0,46.234263,46.20547487616177,-0.0287881238382254,0.0287881238382254
G03_R0539,G03,train,250,50,0.001,0.7,0.2,0.1,5.0,67.58697000000001,67.64513537715129,0.0581653771512833,0.0581653771512833
G03_R0540,G03,train,250,50,0.001,0.7,0.3,0.1,5.0,100.211552,100.2165518103268,0.004999810326808,0.004999810326808
G03_R0541,G03,train,250,50,0.0001,0.85,0.1,0.1,5.0,56.037237,56.11169035779835,0.0744533577983546,0.0744533577983546
G03_R0542,G03,train,250,50,0.0001,0.85,0.2,0.1,5.0,87.449253,87.51556123245825,0.0663082324582546,0.0663082324582546
G03_R0543,G03,train,250,50,0.0001,0.85,0.3,0.1,5.0,137.26742199999998,137.42000447384424,0.1525824738442622,0.1525824738442622
G03_R0544,G03,train,250,50,0.0001,0.8,0.1,0.1,5.0,56.227719,56.22825619351208,0.0005371935120805,0.0005371935120805
G03_R0545,G03,test,250,50,0.0001,0.8,0.2,0.1,5.0,87.945533,87.97241339257924,0.026880392579244,0.026880392579244
G03_R0546,G03,train,250,50,0.0001,0.8,0.3,0.1,5.0,138.255384,138.35205225541532,0.0966682554153237,0.0966682554153237
G03_R0547,G03,train,250,50,0.0001,0.75,0.1,0.1,5.0,56.435052,56.455960321589686,0.0209083215896868,0.0209083215896868
G03_R0548,G03,test,250,50,0.0001,0.75,0.2,0.1,5.0,88.50164,88.68333906546017,0.1816990654601795,0.1816990654601795
G03_R0549,G03,train,250,50,0.0001,0.75,0.3,0.1,5.0,139.383154,139.55439590904894,0.1712419090489447,0.1712419090489447
G03_R0550,G03,test,250,50,0.0001,0.7,0.1,0.1,5.0,56.664216,56.6062549098242,-0.0579610901758016,0.0579610901758016
G03_R0551,G03,train,250,50,0.0001,0.7,0.2,0.1,5.0,89.12956700000001,89.1481684723877,0.0186014723876866,0.0186014723876866
G03_R0552,G03,train,250,50,0.0001,0.7,0.3,0.1,5.0,140.650701,140.85469699486455,0.203995994864556,0.203995994864556
G03_R0553,G03,test,250,50,1e-05,0.85,0.1,0.1,5.0,81.998024,82.21634800475033,0.2183240047503289,0.2183240047503289
G03_R0554,G03,train,250,50,1e-05,0.85,0.2,0.1,5.0,169.740165,169.84104340988702,0.1008784098870307,0.1008784098870307
G03_R0555,G03,train,250,50,1e-05,0.85,0.3,0.1,5.0,309.63962,309.8282229852195,0.1886029852195179,0.1886029852195179
G03_R0556,G03,test,250,50,1e-05,0.8,0.1,0.1,5.0,82.396416,82.40828059282929,0.0118645928292835,0.0118645928292835
G03_R0557,G03,train,250,50,1e-05,0.8,0.2,0.1,5.0,170.98934,171.10569385066745,0.1163538506674513,0.1163538506674513
G03_R0558,G03,train,250,50,1e-05,0.8,0.3,0.1,5.0,312.17861,312.4449019504521,0.2662919504521142,0.2662919504521142
G03_R0559,G03,train,250,50,1e-05,0.75,0.1,0.1,5.0,82.850747,82.91456838629945,0.0638213862994518,0.0638213862994518
G03_R0560,G03,train,250,50,1e-05,0.75,0.2,0.1,5.0,172.42844,172.61495218708416,0.1865121870841619,0.1865121870841619
G03_R0561,G03,test,250,50,1e-05,0.75,0.3,0.1,5.0,315.10751,315.4911929881065,0.3836829881065,0.3836829881065
G03_R0562,G03,test,250,50,1e-05,0.7,0.1,0.1,5.0,83.376009,83.44069507532524,0.0646860753252411,0.0646860753252411
G03_R0563,G03,train,250,50,1e-05,0.7,0.2,0.1,5.0,174.10744,174.26454621961503,0.1571062196150308,0.1571062196150308
G03_R0564,G03,train,250,50,1e-05,0.7,0.3,0.1,5.0,318.54631,318.77878743212455,0.2324774321245399,0.2324774321245399
G03_R0565,G03,train,250,50,1e-06,0.85,0.1,0.1,5.0,266.242464,266.3931479712894,0.1506839712894248,0.1506839712894248
G03_R0566,G03,train,250,50,1e-06,0.85,0.2,0.1,5.0,841.0599299999999,841.883738980509,0.8238089805090567,0.8238089805090567
G03_R0567,G03,train,250,50,1e-06,0.85,0.3,0.1,5.0,1782.05507,1782.3147536251809,0.2596836251809691,0.2596836251809691
G03_R0568,G03,train,250,50,1e-06,0.8,0.1,0.1,5.0,267.582225,267.6532153780114,0.0709903780114018,0.0709903780114018
G03_R0569,G03,train,250,50,1e-06,0.8,0.2,0.1,5.0,845.1096200000001,845.1891962598817,0.0795762598816054,0.0795762598816054
G03_R0570,G03,train,250,50,1e-06,0.8,0.3,0.1,5.0,1789.9546899999998,1790.141369722934,0.1866797229342864,0.1866797229342864
G03_R0571,G03,train,250,50,1e-06,0.75,0.1,0.1,5.0,269.19196900000003,269.3597029292142,0.1677339292141937,0.1677339292141937
G03_R0572,G03,train,250,50,1e-06,0.75,0.2,0.1,5.0,849.88929,850.0916859837047,0.2023959837047186,0.2023959837047186
G03_R0573,G03,train,250,50,1e-06,0.75,0.3,0.1,5.0,1799.35429,1799.5202098775635,0.1659198775637378,0.1659198775637378
G03_R0574,G03,train,250,50,1e-06,0.7,0.1,0.1,5.0,271.12169500000005,271.2308132950682,0.1091182950681286,0.1091182950681286
G03_R0575,G03,train,250,50,1e-06,0.7,0.2,0.1,5.0,855.49894,855.375354599968,-0.1235854000319705,0.1235854000319705
G03_R0576,G03,train,250,50,1e-06,0.7,0.3,0.1,5.0,1810.35386,1810.325771326164,-0.0280886738362369,0.0280886738362369
G03_R0577,G03,train,500,3,0.001,0.85,0.1,0.1,5.0,110.567527,110.78576800100512,0.2182410010051114,0.2182410010051114
G03_R0578,G03,train,500,3,0.001,0.85,0.2,0.1,5.0,164.566576,164.59559121783394,0.029015217833944,0.029015217833944
G03_R0579,G03,test,500,3,0.001,0.85,0.3,0.1,5.0,245.6293,245.33666328219948,-0.2926367178005193,0.2926367178005193
G03_R0580,G03,test,500,3,0.001,0.8,0.1,0.1,5.0,111.323228,111.29766675482576,-0.0255612451742308,0.0255612451742308
G03_R0581,G03,train,500,3,0.001,0.8,0.2,0.1,5.0,166.062162,166.0811126849465,0.0189506849465033,0.0189506849465033
G03_R0582,G03,train,500,3,0.001,0.8,0.3,0.1,5.0,248.4045,248.1685288343473,-0.2359711656526713,0.2359711656526713
G03_R0583,G03,train,500,3,0.001,0.75,0.1,0.1,5.0,112.128647,112.25377931887066,0.125132318870655,0.125132318870655
G03_R0584,G03,test,500,3,0.001,0.75,0.2,0.1,5.0,167.667442,167.75485580388442,0.0874138038844307,0.0874138038844307
G03_R0585,G03,train,500,3,0.001,0.75,0.3,0.1,5.0,251.42944,251.14718026884717,-0.2822597311528625,0.2822597311528625
G03_R0586,G03,test,500,3,0.001,0.7,0.1,0.1,5.0,112.983706,112.96944861385931,-0.0142573861406702,0.0142573861406702
G03_R0587,G03,train,500,3,0.001,0.7,0.2,0.1,5.0,169.402387,169.41393928796268,0.0115522879626723,0.0115522879626723
G03_R0588,G03,test,500,3,0.001,0.7,0.3,0.1,5.0,254.7441,253.97889950537532,-0.7652004946246507,0.7652004946246507
G03_R0589,G03,train,500,3,0.0001,0.85,0.1,0.1,5.0,135.08116900000002,135.29950903106445,0.2183400310644287,0.2183400310644287
G03_R0590,G03,train,500,3,0.0001,0.85,0.2,0.1,5.0,215.06,215.42702695131567,0.3670269513156654,0.3670269513156654
G03_R0591,G03,train,500,3,0.0001,0.85,0.3,0.1,5.0,341.00779,341.401649469942,0.3938594699419582,0.3938594699419582
G03_R0592,G03,test,500,3,0.0001,0.8,0.1,0.1,5.0,135.71849,135.77620762590442,0.0577176259044165,0.0577176259044165
G03_R0593,G03,train,500,3,0.0001,0.8,0.2,0.1,5.0,216.7877,216.83006399122831,0.0423639912283135,0.0423639912283135
G03_R0594,G03,train,500,3,0.0001,0.8,0.3,0.1,5.0,344.51707,345.06526203838,0.5481920383799661,0.5481920383799661
G03_R0595,G03,train,500,3,0.0001,0.75,0.1,0.1,5.0,136.40555999999998,136.95248817942272,0.5469281794227356,0.5469281794227356
G03_R0596,G03,test,500,3,0.0001,0.75,0.2,0.1,5.0,218.71518,219.5736948000242,0.85851480002421,0.85851480002421
G03_R0597,G03,train,500,3,0.0001,0.75,0.3,0.1,5.0,348.4764,349.0816331195427,0.6052331195426746,0.6052331195426746
G03_R0598,G03,train,500,3,0.0001,0.7,0.1,0.1,5.0,137.15236,137.0838830981844,-0.0684769018155861,0.0684769018155861
G03_R0599,G03,train,500,3,0.0001,0.7,0.2,0.1,5.0,220.9024,221.31205483204369,0.4096548320436568,0.4096548320436568
G03_R0600,G03,train,500,3,0.0001,0.7,0.3,0.1,5.0,353.00581,353.2769119527691,0.2711019527691292,0.2711019527691292
G03_R0601,G03,train,500,3,1e-05,0.85,0.1,0.1,5.0,194.98557,195.67069605507564,0.6851260550756422,0.6851260550756422
G03_R0602,G03,train,500,3,1e-05,0.85,0.2,0.1,5.0,399.85627,400.56431741523966,0.7080474152396619,0.7080474152396619
G03_R0603,G03,test,500,3,1e-05,0.85,0.3,0.1,5.0,721.97301,725.3003572973695,3.3273472973694425,3.3273472973694425
G03_R0604,G03,train,500,3,1e-05,0.8,0.1,0.1,5.0,196.56448,196.8076235938901,0.2431435938900961,0.2431435938900961
G03_R0605,G03,train,500,3,1e-05,0.8,0.2,0.1,5.0,404.53485,405.0200963228862,0.485246322886212,0.485246322886212
G03_R0606,G03,train,500,3,1e-05,0.8,0.3,0.1,5.0,731.51152,732.1517288407244,0.6402088407244264,0.6402088407244264
G03_R0607,G03,train,500,3,1e-05,0.75,0.1,0.1,5.0,198.26328,198.6585713299856,0.3952913299856107,0.3952913299856107
G03_R0608,G03,train,500,3,1e-05,0.75,0.2,0.1,5.0,409.72331,410.5198602869764,0.7965502869763554,0.7965502869763554
G03_R0609,G03,train,500,3,1e-05,0.75,0.3,0.1,5.0,742.13993,743.1791662902921,1.039236290292024,1.039236290292024
G03_R0610,G03,train,500,3,1e-05,0.7,0.1,0.1,5.0,199.98196,200.1457264906016,0.1637664906016027,0.1637664906016027
G03_R0611,G03,test,500,3,1e-05,0.7,0.2,0.1,5.0,415.49162,414.5508683590545,-0.940751640945507,0.940751640945507
G03_R0612,G03,train,500,3,1e-05,0.7,0.3,0.1,5.0,754.30822,754.7243727299542,0.4161527299542058,0.4161527299542058
G03_R0613,G03,train,500,3,1e-06,0.85,0.1,0.1,5.0,582.6091899999999,583.2022131333916,0.5930231333917391,0.5930231333917391
G03_R0614,G03,train,500,3,1e-06,0.85,0.2,0.1,5.0,1799.3655299999998,1799.7732611845986,0.4077311845987879,0.4077311845987879
G03_R0615,G03,train,500,3,1e-06,0.85,0.3,0.1,5.0,3776.31334,3776.811476957761,0.49813695776038,0.49813695776038
G03_R0616,G03,train,500,3,1e-06,0.8,0.1,0.1,5.0,587.5687399999999,587.8940954850954,0.3253554850954288,0.3253554850954288
G03_R0617,G03,train,500,3,1e-06,0.8,0.2,0.1,5.0,1814.16496,1814.4386396851864,0.2736796851861527,0.2736796851861527
G03_R0618,G03,train,500,3,1e-06,0.8,0.3,0.1,5.0,3806.0127,3806.2611325896182,0.24843258961846,0.24843258961846
G03_R0619,G03,test,500,3,1e-06,0.75,0.1,0.1,5.0,593.40827,594.7178627293271,1.3095927293270506,1.3095927293270506
G03_R0620,G03,train,500,3,1e-06,0.75,0.2,0.1,5.0,1831.26436,1831.804733096028,0.5403730960276789,0.5403730960276789
G03_R0621,G03,train,500,3,1e-06,0.75,0.3,0.1,5.0,3840.312,3838.946281069054,-1.3657189309460591,1.3657189309460591
G03_R0622,G03,test,500,3,1e-06,0.7,0.1,0.1,5.0,599.66777,599.4584609160212,-0.2093090839788374,0.2093090839788374
G03_R0623,G03,train,500,3,1e-06,0.7,0.2,0.1,5.0,1850.06371,1849.428789677322,-0.6349203226779991,0.6349203226779991
G03_R0624,G03,train,500,3,1e-06,0.7,0.3,0.1,5.0,3878.91125,3878.073310194133,-0.8379398058668812,0.8379398058668812
G03_R0625,G03,train,500,6,0.001,0.85,0.1,0.1,5.0,110.567527,110.7862247760051,0.2186977760051007,0.2186977760051007
G03_R0626,G03,train,500,6,0.001,0.85,0.2,0.1,5.0,164.566576,164.59465647658396,0.0280804765839661,0.0280804765839661
G03_R0627,G03,train,500,6,0.001,0.85,0.3,0.1,5.0,245.6293,245.3291242280328,-0.3001757719672184,0.3001757719672184
G03_R0628,G03,train,500,6,0.001,0.8,0.1,0.1,5.0,111.323228,111.2970187925341,-0.0262092074658966,0.0262092074658966
G03_R0629,G03,test,500,6,0.001,0.8,0.2,0.1,5.0,166.062162,166.08476057462502,0.0225985746250216,0.0225985746250216
G03_R0630,G03,train,500,6,0.001,0.8,0.3,0.1,5.0,248.4045,248.1790199751806,-0.2254800248194044,0.2254800248194044
G03_R0631,G03,train,500,6,0.001,0.75,0.1,0.1,5.0,112.128647,112.25472546514148,0.1260784651414894,0.1260784651414894
G03_R0632,G03,train,500,6,0.001,0.75,0.2,0.1,5.0,167.667442,167.7540452358219,0.0866032358219115,0.0866032358219115
G03_R0633,G03,train,500,6,0.001,0.75,0.3,0.1,5.0,251.42944,251.15554512057352,-0.2738948794264786,0.2738948794264786
G03_R0634,G03,train,500,6,0.001,0.7,0.1,0.1,5.0,112.983706,112.96864447010933,-0.0150615298906728,0.0150615298906728
G03_R0635,G03,train,500,6,0.001,0.7,0.2,0.1,5.0,169.402387,169.41478475590014,0.0123977559001389,0.0123977559001389
G03_R0636,G03,train,500,6,0.001,0.7,0.3,0.1,5.0,254.7441,253.9818742796016,-0.7622257203984475,0.7622257203984475
G03_R0637,G03,test,500,6,0.0001,0.85,0.1,0.1,5.0,135.08116900000002,135.29800614981443,0.2168371498144097,0.2168371498144097
G03_R0638,G03,train,500,6,0.0001,0.85,0.2,0.1,5.0,215.06,215.42677606173223,0.3667760617322244,0.3667760617322244
G03_R0639,G03,train,500,6,0.0001,0.85,0.3,0.1,5.0,341.00779,341.3792303130672,0.3714403130671826,0.3714403130671826
G03_R0640,G03,train,500,6,0.0001,0.8,0.1,0.1,5.0,135.71849,135.7805793682407,0.0620893682406915,0.0620893682406915
G03_R0641,G03,train,500,6,0.0001,0.8,0.2,0.1,5.0,216.7877,216.8471202683116,0.0594202683115554,0.0594202683115554
G03_R0642,G03,test,500,6,0.0001,0.8,0.3,0.1,5.0,344.51707,345.10098878884145,0.5839187888414585,0.5839187888414585
G03_R0643,G03,test,500,6,0.0001,0.75,0.1,0.1,5.0,136.40555999999998,136.97365737790483,0.5680973779048486,0.5680973779048486
G03_R0644,G03,train,500,6,0.0001,0.75,0.2,0.1,5.0,218.71518,219.5685011876284,0.8533211876284099,0.8533211876284099
G03_R0645,G03,train,500,6,0.0001,0.75,0.3,0.1,5.0,348.4764,349.09556479495944,0.6191647949594312,0.6191647949594312
G03_R0646,G03,test,500,6,0.0001,0.7,0.1,0.1,5.0,137.15236,137.10339396643735,-0.0489660335626354,0.0489660335626354
G03_R0647,G03,train,500,6,0.0001,0.7,0.2,0.1,5.0,220.9024,221.3028861123563,0.4004861123563046,0.4004861123563046
G03_R0648,G03,train,500,6,0.0001,0.7,0.3,0.1,5.0,353.00581,353.27740236526915,0.2715923652691572,0.2715923652691572
G03_R0649,G03,test,500,6,1e-05,0.85,0.1,0.1,5.0,194.98557,195.643857315522,0.658287315522017,0.658287315522017
G03_R0650,G03,test,500,6,1e-05,0.85,0.2,0.1,5.0,399.85627,400.5682562319063,0.7119862319062804,0.7119862319062804
G03_R0651,G03,test,500,6,1e-05,0.85,0.3,0.1,5.0,721.97301,725.2652748436195,3.2922648436194777,3.2922648436194777
G03_R0652,G03,train,500,6,1e-05,0.8,0.1,0.1,5.0,196.56448,196.6936863901696,0.1292063901695712,0.1292063901695712
G03_R0653,G03,train,500,6,1e-05,0.8,0.2,0.1,5.0,404.53485,405.0420575377373,0.5072075377373153,0.5072075377373153
G03_R0654,G03,train,500,6,1e-05,0.8,0.3,0.1,5.0,731.51152,732.079309629415,0.5677896294149605,0.5677896294149605
G03_R0655,G03,train,500,6,1e-05,0.75,0.1,0.1,5.0,198.26328,198.65847989607187,0.3951998960718583,0.3951998960718583
G03_R0656,G03,train,500,6,1e-05,0.75,0.2,0.1,5.0,409.72331,410.5198602869764,0.7965502869763554,0.7965502869763554
G03_R0657,G03,train,500,6,1e-05,0.75,0.3,0.1,5.0,742.13993,743.2073691487299,1.067439148729818,1.067439148729818
G03_R0658,G03,train,500,6,1e-05,0.7,0.1,0.1,5.0,199.98196,200.1239947625213,0.142034762521348,0.142034762521348
G03_R0659,G03,train,500,6,1e-05,0.7,0.2,0.1,5.0,415.49162,414.5508683590545,-0.940751640945507,0.940751640945507
G03_R0660,G03,test,500,6,1e-05,0.7,0.3,0.1,5.0,754.30822,754.7092283841208,0.4010083841208143,0.4010083841208143
G03_R0661,G03,train,500,6,1e-06,0.85,0.1,0.1,5.0,582.6091899999999,583.1749838255342,0.5657938255343424,0.5657938255343424
G03_R0662,G03,train,500,6,1e-06,0.85,0.2,0.1,5.0,1799.3655299999998,1799.7898253370984,0.424295337098556,0.424295337098556
G03_R0663,G03,train,500,6,1e-06,0.85,0.3,0.1,5.0,3776.31334,3776.876387101421,0.5630471014210343,0.5630471014210343
G03_R0664,G03,train,500,6,1e-06,0.8,0.1,0.1,5.0,587.5687399999999,587.8768857895303,0.3081457895303856,0.3081457895303856
G03_R0665,G03,train,500,6,1e-06,0.8,0.2,0.1,5.0,1814.16496,1814.438386667924,0.2734266679237862,0.2734266679237862
G03_R0666,G03,train,500,6,1e-06,0.8,0.3,0.1,5.0,3806.0127,3806.221755436351,0.209055436350809,0.209055436350809
G03_R0667,G03,train,500,6,1e-06,0.75,0.1,0.1,5.0,593.40827,594.6664187493269,1.2581487493268924,1.2581487493268924
G03_R0668,G03,train,500,6,1e-06,0.75,0.2,0.1,5.0,1831.26436,1831.5980372410577,0.333677241057785,0.333677241057785
G03_R0669,G03,train,500,6,1e-06,0.75,0.3,0.1,5.0,3840.312,3840.75809498108,0.4460949810804777,0.4460949810804777
G03_R0670,G03,train,500,6,1e-06,0.7,0.1,0.1,5.0,599.66777,599.4049044503961,-0.26286554960393,0.26286554960393
G03_R0671,G03,train,500,6,1e-06,0.7,0.2,0.1,5.0,1850.06371,1849.367981891398,-0.6957281086019975,0.6957281086019975
G03_R0672,G03,train,500,6,1e-06,0.7,0.3,0.1,5.0,3878.91125,3878.501028747674,-0.4102212523262096,0.4102212523262096
G03_R0673,G03,train,500,20,0.001,0.85,0.1,0.1,5.0,110.567527,110.82778477148278,0.2602577714827845,0.2602577714827845
G03_R0674,G03,train,500,20,0.001,0.85,0.2,0.1,5.0,164.566576,164.59326118963017,0.0266851896301716,0.0266851896301716
G03_R0675,G03,train,500,20,0.001,0.85,0.3,0.1,5.0,245.6293,245.35195253990787,-0.2773474600921304,0.2773474600921304
G03_R0676,G03,train,500,20,0.001,0.8,0.1,0.1,5.0,111.323228,111.3199154655892,-0.0033125344107958,0.0033125344107958
G03_R0677,G03,train,500,20,0.001,0.8,0.2,0.1,5.0,166.062162,166.0801259402889,0.0179639402888938,0.0179639402888938
G03_R0678,G03,train,500,20,0.001,0.8,0.3,0.1,5.0,248.4045,248.1495728252699,-0.2549271747301134,0.2549271747301134
G03_R0679,G03,train,500,20,0.001,0.75,0.1,0.1,5.0,112.128647,112.2391260608542,0.110479060854189,0.110479060854189
G03_R0680,G03,test,500,20,0.001,0.75,0.2,0.1,5.0,167.667442,167.75836672442375,0.0909247244237576,0.0909247244237576
G03_R0681,G03,train,500,20,0.001,0.75,0.3,0.1,5.0,251.42944,251.1826790251864,-0.2467609748135828,0.2467609748135828
G03_R0682,G03,test,500,20,0.001,0.7,0.1,0.1,5.0,112.983706,112.96911178263508,-0.0145942173649302,0.0145942173649302
G03_R0683,G03,test,500,20,0.001,0.7,0.2,0.1,5.0,169.402387,169.4207125208703,0.0183255208702917,0.0183255208702917
G03_R0684,G03,train,500,20,0.001,0.7,0.3,0.1,5.0,254.7441,254.03757059108935,-0.706529408910626,0.706529408910626
G03_R0685,G03,train,500,20,0.0001,0.85,0.1,0.1,5.0,135.08116900000002,135.27938518538724,0.1982161853872242,0.1982161853872242
G03_R0686,G03,train,500,20,0.0001,0.85,0.2,0.1,5.0,215.06,215.4100530959585,0.3500530959584864,0.3500530959584864
G03_R0687,G03,train,500,20,0.0001,0.85,0.3,0.1,5.0,341.00779,341.3575742370553,0.349784237055303,0.349784237055303
G03_R0688,G03,train,500,20,0.0001,0.8,0.1,0.1,5.0,135.71849,135.75804642255608,0.0395564225560747,0.0395564225560747
G03_R0689,G03,train,500,20,0.0001,0.8,0.2,0.1,5.0,216.7877,216.84166829443257,0.0539682944325647,0.0539682944325647
G03_R0690,G03,train,500,20,0.0001,0.8,0.3,0.1,5.0,344.51707,345.042458932755,0.5253889327549928,0.5253889327549928
G03_R0691,G03,test,500,20,0.0001,0.75,0.1,0.1,5.0,136.40555999999998,136.95566770529166,0.5501077052916798,0.5501077052916798
G03_R0692,G03,test,500,20,0.0001,0.75,0.2,0.1,5.0,218.71518,219.55159572449352,0.83641572449352,0.83641572449352
G03_R0693,G03,test,500,20,0.0001,0.75,0.3,0.1,5.0,348.4764,349.1605019588283,0.6841019588283075,0.6841019588283075
G03_R0694,G03,train,500,20,0.0001,0.7,0.1,0.1,5.0,137.15236,137.0902200789075,-0.0621399210924948,0.0621399210924948
G03_R0695,G03,test,500,20,0.0001,0.7,0.2,0.1,5.0,220.9024,221.27127268991583,0.3688726899158325,0.3688726899158325
G03_R0696,G03,train,500,20,0.0001,0.7,0.3,0.1,5.0,353.00581,353.2801396270846,0.2743296270846258,0.2743296270846258
G03_R0697,G03,train,500,20,1e-05,0.85,0.1,0.1,5.0,194.98557,195.4700943597644,0.4845243597643787,0.4845243597643787
G03_R0698,G03,train,500,20,1e-05,0.85,0.2,0.1,5.0,399.85627,400.5437829388408,0.6875129388407686,0.6875129388407686
G03_R0699,G03,train,500,20,1e-05,0.85,0.3,0.1,5.0,721.97301,724.9506066064346,2.977596606434531,2.977596606434531
G03_R0700,G03,train,500,20,1e-05,0.8,0.1,0.1,5.0,196.56448,196.5644084307213,-7.156927870255458e-05,7.156927870255458e-05
G03_R0701,G03,train,500,20,1e-05,0.8,0.2,0.1,5.0,404.61485,405.0765662893148,0.4617162893147792,0.4617162893147792
G03_R0702,G03,train,500,20,1e-05,0.8,0.3,0.1,5.0,731.51152,732.2118341412904,0.7003141412903915,0.7003141412903915
G03_R0703,G03,test,500,20,1e-05,0.75,0.1,0.1,5.0,198.26328,198.7486771524705,0.4853971524704832,0.4853971524704832
G03_R0704,G03,train,500,20,1e-05,0.75,0.2,0.1,5.0,409.72331,410.77181800718535,1.048508007185319,1.048508007185319
G03_R0705,G03,train,500,20,1e-05,0.75,0.3,0.1,5.0,742.13993,743.356883149355,1.2169531493549357,1.2169531493549357
G03_R0706,G03,train,500,20,1e-05,0.7,0.1,0.1,5.0,199.98196,200.18070079180677,0.198740791806756,0.198740791806756
G03_R0707,G03,train,500,20,1e-05,0.7,0.2,0.1,5.0,415.49162,414.7275402981323,-0.764079701867729,0.764079701867729
G03_R0708,G03,train,500,20,1e-05,0.7,0.3,0.1,5.0,754.30822,754.8209257259961,0.5127057259960566,0.5127057259960566
G03_R0709,G03,test,500,20,1e-06,0.85,0.1,0.1,5.0,582.6091899999999,583.184580676576,0.5753906765761485,0.5753906765761485
G03_R0710,G03,train,500,20,1e-06,0.85,0.2,0.1,5.0,1799.3655299999998,1799.7854222068452,0.4198922068453612,0.4198922068453612
G03_R0711,G03,train,500,20,1e-06,0.85,0.3,0.1,5.0,3776.31334,3776.8906021597945,0.5772621597943726,0.5772621597943726
G03_R0712,G03,train,500,20,1e-06,0.8,0.1,0.1,5.0,587.5687399999999,587.8918408145306,0.3231008145306759,0.3231008145306759
G03_R0713,G03,train,500,20,1e-06,0.8,0.2,0.1,5.0,1814.16496,1814.452694273529,0.2877342735289403,0.2877342735289403
G03_R0714,G03,train,500,20,1e-06,0.8,0.3,0.1,5.0,3806.0127,3806.194838468204,0.1821384682039024,0.1821384682039024
G03_R0715,G03,train,500,20,1e-06,0.75,0.1,0.1,5.0,593.40827,594.6602296271545,1.2519596271545197,1.2519596271545197
G03_R0716,G03,train,500,20,1e-06,0.75,0.2,0.1,5.0,1831.26436,1831.6081067272123,0.3437467272126469,0.3437467272126469
G03_R0717,G03,test,500,20,1e-06,0.75,0.3,0.1,5.0,3840.312,3838.407194428508,-1.9048055714920336,1.9048055714920336
G03_R0718,G03,train,500,20,1e-06,0.7,0.1,0.1,5.0,599.66777,599.3153797014387,-0.3523902985613176,0.3523902985613176
G03_R0719,G03,train,500,20,1e-06,0.7,0.2,0.1,5.0,1850.06371,1849.1447541432144,-0.9189558567857148,0.9189558567857148
G03_R0720,G03,train,500,20,1e-06,0.7,0.3,0.1,5.0,3878.91125,3878.79274020525,-0.1185097947500253,0.1185097947500253
G03_R0721,G03,test,500,50,0.001,0.85,0.1,0.1,5.0,110.567527,110.82840632827444,0.2608793282744557,0.2608793282744557
G03_R0722,G03,train,500,50,0.001,0.85,0.2,0.1,5.0,164.566576,164.59272521490112,0.0261492149011246,0.0261492149011246
G03_R0723,G03,train,500,50,0.001,0.85,0.3,0.1,5.0,245.6293,245.3719317745955,-0.2573682254044911,0.2573682254044911
G03_R0724,G03,train,500,50,0.001,0.8,0.1,0.1,5.0,111.323226,111.31457520946424,-0.0086507905357677,0.0086507905357677
G03_R0725,G03,test,500,50,0.001,0.8,0.2,0.1,5.0,166.062162,166.07809682180974,0.0159348218097363,0.0159348218097363
G03_R0726,G03,train,500,50,0.001,0.8,0.3,0.1,5.0,248.4045,248.13384139509145,-0.2706586049085615,0.2706586049085615
G03_R0727,G03,train,500,50,0.001,0.75,0.1,0.1,5.0,112.128644,112.26571970175584,0.1370757017558475,0.1370757017558475
G03_R0728,G03,train,500,50,0.001,0.75,0.2,0.1,5.0,167.667442,167.75213209962294,0.0846900996229464,0.0846900996229464
G03_R0729,G03,test,500,50,0.001,0.75,0.3,0.1,5.0,251.42944,251.18430146581144,-0.2451385341885839,0.2451385341885839
G03_R0730,G03,train,500,50,0.001,0.7,0.1,0.1,5.0,112.993703,112.97244760663789,-0.0212553933621109,0.0212553933621109
G03_R0731,G03,train,500,50,0.001,0.7,0.2,0.1,5.0,169.402387,169.41901981678703,0.0166328167870233,0.0166328167870233
G03_R0732,G03,test,500,50,0.001,0.7,0.3,0.1,5.0,254.7441,254.0391930317144,-0.704906968285627,0.704906968285627
G03_R0733,G03,train,500,50,0.0001,0.85,0.1,0.1,5.0,135.091168,135.28090718715822,0.1897391871582101,0.1897391871582101
G03_R0734,G03,train,500,50,0.0001,0.85,0.2,0.1,5.0,215.06,215.40415948113707,0.3441594811370692,0.3441594811370692
G03_R0735,G03,train,500,50,0.0001,0.85,0.3,0.1,5.0,341.00779,341.3575742370553,0.349784237055303,0.349784237055303
G03_R0736,G03,train,500,50,0.0001,0.8,0.1,0.1,5.0,135.71849,135.7757756257928,0.0572856257927867,0.0572856257927867
G03_R0737,G03,train,500,50,0.0001,0.8,0.2,0.1,5.0,216.7877,216.84315074822223,0.0554507482222561,0.0554507482222561
G03_R0738,G03,train,500,50,0.0001,0.8,0.3,0.1,5.0,344.51707,345.0171266323382,0.5000566323382145,0.5000566323382145
G03_R0739,G03,test,500,50,0.0001,0.75,0.1,0.1,5.0,136.40555999999998,137.01561918098076,0.6100591809807838,0.6100591809807838
G03_R0740,G03,train,500,50,0.0001,0.75,0.2,0.1,5.0,218.71518,219.551376996438,0.8361969964380194,0.8361969964380194
G03_R0741,G03,train,500,50,0.0001,0.75,0.3,0.1,5.0,348.4764,349.1359810643639,0.6595810643638629,0.6595810643638629
G03_R0742,G03,test,500,50,0.0001,0.7,0.1,0.1,5.0,137.16236,137.15109539959656,-0.0112646004034502,0.0112646004034502
G03_R0743,G03,train,500,50,0.0001,0.7,0.2,0.1,5.0,220.9024,221.2623461274158,0.3599461274158102,0.3599461274158102
G03_R0744,G03,train,500,50,0.0001,0.7,0.3,0.1,5.0,353.00581,353.2741080083347,0.268298008334682,0.268298008334682
G03_R0745,G03,train,500,50,1e-05,0.85,0.1,0.1,5.0,195.02557,195.4700943597644,0.4445243597643866,0.4445243597643866
G03_R0746,G03,train,500,50,1e-05,0.85,0.2,0.1,5.0,399.85627,400.5327602313411,0.6764902313411199,0.6764902313411199
G03_R0747,G03,test,500,50,1e-05,0.85,0.3,0.1,5.0,721.97301,724.9516949181011,2.9786849181010666,2.9786849181010666
G03_R0748,G03,test,500,50,1e-05,0.8,0.1,0.1,5.0,196.57448,196.56570349530463,-0.008776504695362,0.008776504695362
G03_R0749,G03,test,500,50,1e-05,0.8,0.2,0.1,5.0,404.65485,405.0719978072314,0.4171478072314585,0.4171478072314585
G03_R0750,G03,test,500,50,1e-05,0.8,0.3,0.1,5.0,731.51152,732.2129224529568,0.7014024529568132,0.7014024529568132
G03_R0751,G03,train,500,50,1e-05,0.75,0.1,0.1,5.0,198.28328,198.74844077413712,0.4651607741371322,0.4651607741371322
G03_R0752,G03,test,500,50,1e-05,0.75,0.2,0.1,5.0,409.76331,410.92680393659015,1.163493936590157,1.163493936590157
G03_R0753,G03,test,500,50,1e-05,0.75,0.3,0.1,5.0,742.13993,743.4006789439383,1.260748943938211,1.260748943938211
G03_R0754,G03,train,500,50,1e-05,0.7,0.1,0.1,5.0,200.00196,200.20336456841375,0.2014045684137784,0.2014045684137784
G03_R0755,G03,test,500,50,1e-05,0.7,0.2,0.1,5.0,415.54162,414.8825262275371,-0.6590937724629384,0.6590937724629384
G03_R0756,G03,train,500,50,1e-05,0.7,0.3,0.1,5.0,754.30822,754.8556178676627,0.547397867662653,0.547397867662653
G03_R0757,G03,train,500,50,1e-06,0.85,0.1,0.1,5.0,582.6191899999999,583.1680190974101,0.5488290974102483,0.5488290974102483
G03_R0758,G03,train,500,50,1e-06,0.85,0.2,0.1,5.0,1799.3655299999998,1799.78320059872,0.4176705987201785,0.4176705987201785
G03_R0759,G03,train,500,50,1e-06,0.85,0.3,0.1,5.0,3776.31334,3776.8656667447353,0.5523267447351827,0.5523267447351827
G03_R0760,G03,test,500,50,1e-06,0.8,0.1,0.1,5.0,587.5787399999999,587.8806086253641,0.3018686253641363,0.3018686253641363
G03_R0761,G03,train,500,50,1e-06,0.8,0.2,0.1,5.0,1814.16496,1814.4871912620715,0.3222312620714547,0.3222312620714547
G03_R0762,G03,train,500,50,1e-06,0.8,0.3,0.1,5.0,3806.0127,3806.1321435990712,0.1194435990710189,0.1194435990710189
G03_R0763,G03,test,500,50,1e-06,0.75,0.1,0.1,5.0,593.41827,594.7023489104879,1.2840789104878922,1.2840789104878922
G03_R0764,G03,train,500,50,1e-06,0.75,0.2,0.1,5.0,1831.26436,1831.5498980709615,0.2855380709618202,0.2855380709618202
G03_R0765,G03,train,500,50,1e-06,0.75,0.3,0.1,5.0,3840.312,3838.520551287883,-1.7914487121170168,1.7914487121170168
G03_R0766,G03,train,500,50,1e-06,0.7,0.1,0.1,5.0,599.67777,599.3574989847721,-0.3202710152279451,0.3202710152279451
G03_R0767,G03,test,500,50,1e-06,0.7,0.2,0.1,5.0,1850.06371,1849.002406916131,-1.0613030838690063,1.0613030838690063
G03_R0768,G03,train,500,50,1e-06,0.7,0.3,0.1,5.0,3878.91125,3878.75673921963,-0.1545107803699466,0.1545107803699466
G04_R0001,G04,test,25,3,0.001,0.85,0.1,0.2,4.0,4.0947113,4.099331023969243,0.0046197239692427,0.0046197239692427
G04_R0002,G04,test,25,3,0.001,0.85,0.2,0.2,4.0,5.8794465,5.885476411364075,0.0060299113640747,0.0060299113640747
G04_R0003,G04,train,25,3,0.001,0.85,0.3,0.2,4.0,8.6489802,8.662397874883606,0.0134176748836054,0.0134176748836054
G04_R0004,G04,train,25,3,0.001,0.8,0.1,0.2,4.0,4.1094925,4.1086329335878,-0.0008595664121999,0.0008595664121999
G04_R0005,G04,train,25,3,0.001,0.8,0.2,0.2,4.0,5.9083518,5.90573179810465,-0.0026200018953499,0.0026200018953499
G04_R0006,G04,test,25,3,0.001,0.8,0.3,0.2,4.0,8.6981418,8.68959536737072,-0.0085464326292807,0.0085464326292807
G04_R0007,G04,train,25,3,0.001,0.75,0.1,0.2,4.0,4.1249485,4.1278439619724665,0.0028954619724661,0.0028954619724661
G04_R0008,G04,test,25,3,0.001,0.75,0.2,0.2,4.0,5.9389199,5.945071663731248,0.006151763731248,0.006151763731248
G04_R0009,G04,test,25,3,0.001,0.75,0.3,0.2,4.0,8.750560799999999,8.743651440609945,-0.0069093593900539,0.0069093593900539
G04_R0010,G04,test,25,3,0.001,0.7,0.1,0.2,4.0,4.141176,4.1278439619724665,-0.0133320380275332,0.0133320380275332
G04_R0011,G04,train,25,3,0.001,0.7,0.2,0.2,4.0,5.9713457,5.962662520680432,-0.0086831793195676,0.0086831793195676
G04_R0012,G04,train,25,3,0.001,0.7,0.3,0.2,4.0,8.8068313,8.794324422244005,-0.012506877755996,0.012506877755996
G04_R0013,G04,train,25,3,0.0001,0.85,0.1,0.2,4.0,5.1825259,5.186196067753951,0.0036701677539507,0.0036701677539507
G04_R0014,G04,train,25,3,0.0001,0.85,0.2,0.2,4.0,8.0369898,8.03967020550172,0.0026804055017191,0.0026804055017191
G04_R0015,G04,train,25,3,0.0001,0.85,0.3,0.2,4.0,12.857629,12.864848219257064,0.007219219257065,0.007219219257065
G04_R0016,G04,test,25,3,0.0001,0.8,0.1,0.2,4.0,5.193996299999999,5.192119568008375,-0.0018767319916248,0.0018767319916248
G04_R0017,G04,train,25,3,0.0001,0.8,0.2,0.2,4.0,8.0580114,8.056227860393538,-0.0017835396064622,0.0017835396064622
G04_R0018,G04,test,25,3,0.0001,0.8,0.3,0.2,4.0,12.895281,12.889757770810574,-0.0055232291894267,0.0055232291894267
G04_R0019,G04,train,25,3,0.0001,0.75,0.1,0.2,4.0,5.206143,5.208472311470015,0.0023293114700146,0.0023293114700146
G04_R0020,G04,train,25,3,0.0001,0.75,0.2,0.2,4.0,8.080504000000001,8.085846368282255,0.0053423682822533,0.0053423682822533
G04_R0021,G04,train,25,3,0.0001,0.75,0.3,0.2,4.0,12.935897,12.951502573072515,0.0156055730725164,0.0156055730725164
G04_R0022,G04,train,25,3,0.0001,0.7,0.1,0.2,4.0,5.219061900000001,5.21686244174161,-0.0021994582583904,0.0021994582583904
G04_R0023,G04,train,25,3,0.0001,0.7,0.2,0.2,4.0,8.104763,8.093857776365653,-0.0109052236343476,0.0109052236343476
G04_R0024,G04,train,25,3,0.0001,0.7,0.3,0.2,4.0,12.979471,12.964174019345268,-0.0152969806547336,0.0152969806547336
G04_R0025,G04,train,25,3,1e-05,0.85,0.1,0.2,4.0,7.534962999999999,7.536698256728699,0.0017352567286996,0.0017352567286996
G04_R0026,G04,test,25,3,1e-05,0.85,0.2,0.2,4.0,15.557938,15.57359244512694,0.0156544451269393,0.0156544451269393
G04_R0027,G04,test,25,3,1e-05,0.85,0.3,0.2,4.0,28.793528,28.84242531568299,0.0488973156829928,0.0488973156829928
G04_R0028,G04,test,25,3,1e-05,0.8,0.1,0.2,4.0,7.546976,7.545093933432492,-0.0018820665675081,0.0018820665675081
G04_R0029,G04,train,25,3,1e-05,0.8,0.2,0.2,4.0,15.585818,15.582621951064375,-0.0031960489356244,0.0031960489356244
G04_R0030,G04,train,25,3,1e-05,0.8,0.3,0.2,4.0,28.843375,28.843906283933,0.0005312839329967,0.0005312839329967
G04_R0031,G04,train,25,3,1e-05,0.75,0.1,0.2,4.0,7.56038,7.563611457805994,0.0032314578059935,0.0032314578059935
G04_R0032,G04,train,25,3,1e-05,0.75,0.2,0.2,4.0,15.616687,15.619529588189636,0.0028425881896367,0.0028425881896367
G04_R0033,G04,train,25,3,1e-05,0.75,0.3,0.2,4.0,28.899207,28.907321244874712,0.0081142448747115,0.0081142448747115
G04_R0034,G04,train,25,3,1e-05,0.7,0.1,0.2,4.0,7.575175000000001,7.57239613197268,-0.0027788680273204,0.0027788680273204
G04_R0035,G04,train,25,3,1e-05,0.7,0.2,0.2,4.0,15.651542999999998,15.647351267725428,-0.0041917322745703,0.0041917322745703
G04_R0036,G04,train,25,3,1e-05,0.7,0.3,0.2,4.0,28.963023,28.945065687416587,-0.0179573125834124,0.0179573125834124
G04_R0037,G04,train,25,3,1e-06,0.85,0.1,0.2,4.0,25.442321,25.456843833046904,0.0145228330469038,0.0145228330469038
G04_R0038,G04,train,25,3,1e-06,0.85,0.2,0.2,4.0,80.868153,80.84950279742337,-0.0186502025766372,0.0186502025766372
G04_R0039,G04,test,25,3,1e-06,0.85,0.3,0.2,4.0,171.860148,171.8258273519411,-0.0343206480589231,0.0343206480589231
G04_R0040,G04,train,25,3,1e-06,0.8,0.1,0.2,4.0,25.498289,25.49768641455068,-0.0006025854493181,0.0006025854493181
G04_R0041,G04,train,25,3,1e-06,0.8,0.2,0.2,4.0,80.979111,80.95411215995915,-0.0249988400408511,0.0249988400408511
G04_R0042,G04,train,25,3,1e-06,0.8,0.3,0.2,4.0,172.030096,171.9901323602261,-0.0399636397738731,0.0399636397738731
G04_R0043,G04,train,25,3,1e-06,0.75,0.1,0.2,4.0,25.560255,25.564835438871768,0.0045804388717662,0.0045804388717662
G04_R0044,G04,test,25,3,1e-06,0.75,0.2,0.2,4.0,81.102066,81.08094929751377,-0.0211167024862248,0.0211167024862248
G04_R0045,G04,test,25,3,1e-06,0.75,0.3,0.2,4.0,172.22004,172.1790515166097,-0.040988483390322,0.040988483390322
G04_R0046,G04,train,25,3,1e-06,0.7,0.1,0.2,4.0,25.627219,25.62905843990497,0.0018394399049697,0.0018394399049697
G04_R0047,G04,train,25,3,1e-06,0.7,0.2,0.2,4.0,81.238017,81.2234506828673,-0.0145663171327043,0.0145663171327043
G04_R0048,G04,test,25,3,1e-06,0.7,0.3,0.2,4.0,172.439979,172.36277266888982,-0.077206331110176,0.077206331110176
G04_R0049,G04,train,25,6,0.001,0.85,0.1,0.2,4.0,4.0947113,4.09931520513591,0.0046039051359096,0.0046039051359096
G04_R0050,G04,train,25,6,0.001,0.85,0.2,0.2,4.0,5.8794465,5.885476411364075,0.0060299113640747,0.0060299113640747
G04_R0051,G04,test,25,6,0.001,0.85,0.3,0.2,4.0,8.6489802,8.661634369887771,0.0126541698877709,0.0126541698877709
G04_R0052,G04,train,25,6,0.001,0.8,0.1,0.2,4.0,4.1094925,4.108607454754466,-0.0008850452455337,0.0008850452455337
G04_R0053,G04,train,25,6,0.001,0.8,0.2,0.2,4.0,5.9083518,5.90573179810465,-0.0026200018953499,0.0026200018953499
G04_R0054,G04,train,25,6,0.001,0.8,0.3,0.2,4.0,8.6981418,8.689940976799887,-0.0082008232001129,0.0082008232001129
G04_R0055,G04,train,25,6,0.001,0.75,0.1,0.2,4.0,4.1249485,4.127818483139134,0.0028699831391332,0.0028699831391332
G04_R0056,G04,train,25,6,0.001,0.75,0.2,0.2,4.0,5.9389199,5.945071663731248,0.006151763731248,0.006151763731248
G04_R0057,G04,train,25,6,0.001,0.75,0.3,0.2,4.0,8.750560799999999,8.744351894799529,-0.0062089052004701,0.0062089052004701
G04_R0058,G04,train,25,6,0.001,0.7,0.1,0.2,4.0,4.141176,4.127818483139134,-0.0133575168608661,0.0133575168608661
G04_R0059,G04,train,25,6,0.001,0.7,0.2,0.2,4.0,5.9713457,5.962708237617932,-0.0086374623820679,0.0086374623820679
G04_R0060,G04,train,25,6,0.001,0.7,0.3,0.2,4.0,8.8068313,8.795117174921089,-0.0117141250789121,0.0117141250789121
G04_R0061,G04,train,25,6,0.0001,0.85,0.1,0.2,4.0,5.1825259,5.186176019812283,0.0036501198122831,0.0036501198122831
G04_R0062,G04,train,25,6,0.0001,0.85,0.2,0.2,4.0,8.0369898,8.039739839551721,0.0027500395517208,0.0027500395517208
G04_R0063,G04,train,25,6,0.0001,0.85,0.3,0.2,4.0,12.857629,12.8645623807154,0.0069333807154006,0.0069333807154006
G04_R0064,G04,train,25,6,0.0001,0.8,0.1,0.2,4.0,5.193996299999999,5.192115668691708,-0.0018806313082917,0.0018806313082917
G04_R0065,G04,train,25,6,0.0001,0.8,0.2,0.2,4.0,8.0580114,8.056180696431039,-0.0018307035689613,0.0018307035689613
G04_R0066,G04,test,25,6,0.0001,0.8,0.3,0.2,4.0,12.895281,12.88979678151891,-0.0054842184810901,0.0054842184810901
G04_R0067,G04,test,25,6,0.0001,0.75,0.1,0.2,4.0,5.206143,5.208653044765846,0.0025100447658461,0.0025100447658461
G04_R0068,G04,train,25,6,0.0001,0.75,0.2,0.2,4.0,8.080504000000001,8.084993208540574,0.0044892085405727,0.0044892085405727
G04_R0069,G04,test,25,6,0.0001,0.75,0.3,0.2,4.0,12.935897,12.952850680804657,0.0169536808046562,0.0169536808046562
G04_R0070,G04,train,25,6,0.0001,0.7,0.1,0.2,4.0,5.219061900000001,5.217043175037442,-0.0020187249625589,0.0020187249625589
G04_R0071,G04,train,25,6,0.0001,0.7,0.2,0.2,4.0,8.104763,8.093004616623972,-0.0117583833760281,0.0117583833760281
G04_R0072,G04,train,25,6,0.0001,0.7,0.3,0.2,4.0,12.979471,12.965576599577409,-0.0138944004225933,0.0138944004225933
G04_R0073,G04,train,25,6,1e-05,0.85,0.1,0.2,4.0,7.534962999999999,7.536698256728699,0.0017352567286996,0.0017352567286996
G04_R0074,G04,test,25,6,1e-05,0.85,0.2,0.2,4.0,15.557938,15.573644415751938,0.0157064157519375,0.0157064157519375
G04_R0075,G04,test,25,6,1e-05,0.85,0.3,0.2,4.0,28.793528,28.84195388693299,0.0484258869329927,0.0484258869329927
G04_R0076,G04,train,25,6,1e-05,0.8,0.1,0.2,4.0,7.546976,7.545103180307491,-0.001872819692509,0.001872819692509
G04_R0077,G04,test,25,6,1e-05,0.8,0.2,0.2,4.0,15.585818,15.582673921689372,-0.003144078310628,0.003144078310628
G04_R0078,G04,train,25,6,1e-05,0.8,0.3,0.2,4.0,28.843375,28.843434855183,5.985518299667092e-05,5.985518299667092e-05
G04_R0079,G04,train,25,6,1e-05,0.75,0.1,0.2,4.0,7.56038,7.563802868118493,0.0034228681184931,0.0034228681184931
G04_R0080,G04,train,25,6,1e-05,0.75,0.2,0.2,4.0,15.616687,15.619568591552731,0.0028815915527307,0.0028815915527307
G04_R0081,G04,test,25,6,1e-05,0.75,0.3,0.2,4.0,28.899207,28.906849816124712,0.0076428161247115,0.0076428161247115
G04_R0082,G04,train,25,6,1e-05,0.7,0.1,0.2,4.0,7.575175000000001,7.57258754228518,-0.0025874577148208,0.0025874577148208
G04_R0083,G04,train,25,6,1e-05,0.7,0.2,0.2,4.0,15.651542999999998,15.64741454796352,-0.0041284520364772,0.0041284520364772
G04_R0084,G04,test,25,6,1e-05,0.7,0.3,0.2,4.0,28.963023,28.94475710199992,-0.0182658980000773,0.0182658980000773
G04_R0085,G04,train,25,6,1e-06,0.85,0.1,0.2,4.0,25.442321,25.457464607098974,0.0151436070989738,0.0151436070989738
G04_R0086,G04,train,25,6,1e-06,0.85,0.2,0.2,4.0,80.868153,80.84873508329837,-0.0194179167016415,0.0194179167016415
G04_R0087,G04,train,25,6,1e-06,0.85,0.3,0.2,4.0,171.860148,171.82483844960777,-0.0353095503922418,0.0353095503922418
G04_R0088,G04,train,25,6,1e-06,0.8,0.1,0.2,4.0,25.498289,25.498452674822992,0.0001636748229927,0.0001636748229927
G04_R0089,G04,test,25,6,1e-06,0.8,0.2,0.2,4.0,80.979111,80.95281537621213,-0.0262956237878739,0.0262956237878739
G04_R0090,G04,train,25,6,1e-06,0.8,0.3,0.2,4.0,172.030096,172.00242261839287,-0.0276733816071157,0.0276733816071157
G04_R0091,G04,train,25,6,1e-06,0.75,0.1,0.2,4.0,25.560255,25.564963867279506,0.0047088672795041,0.0047088672795041
G04_R0092,G04,train,25,6,1e-06,0.75,0.2,0.2,4.0,81.102066,81.08060330543043,-0.0214626945695641,0.0214626945695641
G04_R0093,G04,train,25,6,1e-06,0.75,0.3,0.2,4.0,172.22004,172.1810528378597,-0.0389871621403017,0.0389871621403017
G04_R0094,G04,train,25,6,1e-06,0.7,0.1,0.2,4.0,25.627219,25.62931711188414,0.0020981118841412,0.0020981118841412
G04_R0095,G04,train,25,6,1e-06,0.7,0.2,0.2,4.0,81.238017,81.22323972534646,-0.0147772746535395,0.0147772746535395
G04_R0096,G04,train,25,6,1e-06,0.7,0.3,0.2,4.0,172.439979,172.36277266888982,-0.077206331110176,0.077206331110176
G04_R0097,G04,train,25,20,0.001,0.85,0.1,0.2,4.0,4.0947113,4.098869945871321,0.0041586458713211,0.0041586458713211
G04_R0098,G04,train,25,20,0.001,0.85,0.2,0.2,4.0,5.8794465,5.884917588072707,0.0054710880727064,0.0054710880727064
G04_R0099,G04,test,25,20,0.001,0.85,0.3,0.2,4.0,8.6489802,8.66379595789818,0.0148157578981802,0.0148157578981802
G04_R0100,G04,train,25,20,0.001,0.8,0.1,0.2,4.0,4.1094925,4.108069996396129,-0.0014225036038713,0.0014225036038713
G04_R0101,G04,train,25,20,0.001,0.8,0.2,0.2,4.0,5.9083518,5.905114619415366,-0.0032371805846338,0.0032371805846338
G04_R0102,G04,train,25,20,0.001,0.8,0.3,0.2,4.0,8.6981418,8.691498899347796,-0.0066429006522046,0.0066429006522046
G04_R0103,G04,train,25,20,0.001,0.75,0.1,0.2,4.0,4.1249485,4.126010799582184,0.001062299582184,0.001062299582184
G04_R0104,G04,train,25,20,0.001,0.75,0.2,0.2,4.0,5.9389199,5.943349425006253,0.0044295250062527,0.0044295250062527
G04_R0105,G04,train,25,20,0.001,0.75,0.3,0.2,4.0,8.750560799999999,8.744027272719013,-0.0065335272809861,0.0065335272809861
G04_R0106,G04,test,25,20,0.001,0.7,0.1,0.2,4.0,4.141176,4.126010799582184,-0.0151652004178153,0.0151652004178153
G04_R0107,G04,train,25,20,0.001,0.7,0.2,0.2,4.0,5.9713457,5.960942649695019,-0.0104030503049807,0.0104030503049807
G04_R0108,G04,train,25,20,0.001,0.7,0.3,0.2,4.0,8.8068313,8.793701678907244,-0.0131296210927569,0.0131296210927569
G04_R0109,G04,train,25,20,0.0001,0.85,0.1,0.2,4.0,5.1825259,5.186808050970014,0.0042821509700141,0.0042821509700141
G04_R0110,G04,train,25,20,0.0001,0.85,0.2,0.2,4.0,8.0369898,8.039721066616005,0.0027312666160046,0.0027312666160046
G04_R0111,G04,train,25,20,0.0001,0.85,0.3,0.2,4.0,12.857629,12.86588036446538,0.0082513644653818,0.0082513644653818
G04_R0112,G04,train,25,20,0.0001,0.8,0.1,0.2,4.0,5.193996299999999,5.192705465299439,-0.0012908347005602,0.0012908347005602
G04_R0113,G04,train,25,20,0.0001,0.8,0.2,0.2,4.0,8.0580114,8.05610224501616,-0.0019091549838403,0.0019091549838403
G04_R0114,G04,train,25,20,0.0001,0.8,0.3,0.2,4.0,12.895281,12.891208895268887,-0.0040721047311116,0.0040721047311116
G04_R0115,G04,train,25,20,0.0001,0.75,0.1,0.2,4.0,5.206143,5.208607169999477,0.0024641699994774,0.0024641699994774
G04_R0116,G04,train,25,20,0.0001,0.75,0.2,0.2,4.0,8.080504000000001,8.083299149978846,0.0027951499788443,0.0027951499788443
G04_R0117,G04,test,25,20,0.0001,0.75,0.3,0.2,4.0,12.935897,12.952309597054652,0.0164125970546518,0.0164125970546518
G04_R0118,G04,train,25,20,0.0001,0.7,0.1,0.2,4.0,5.219061900000001,5.21691956065024,-0.0021423393497608,0.0021423393497608
G04_R0119,G04,test,25,20,0.0001,0.7,0.2,0.2,4.0,8.104763,8.091310558062244,-0.0134524419377566,0.0134524419377566
G04_R0120,G04,test,25,20,0.0001,0.7,0.3,0.2,4.0,12.979471,12.965035515827406,-0.0144354841725942,0.0144354841725942
G04_R0121,G04,train,25,20,1e-05,0.85,0.1,0.2,4.0,7.534962999999999,7.536938620219766,0.0019756202197669,0.0019756202197669
G04_R0122,G04,train,25,20,1e-05,0.85,0.2,0.2,4.0,15.557938,15.573028504757891,0.015090504757893,0.015090504757893
G04_R0123,G04,test,25,20,1e-05,0.85,0.3,0.2,4.0,28.793528,28.839240987266304,0.045712987266306,0.045712987266306
G04_R0124,G04,train,25,20,1e-05,0.8,0.1,0.2,4.0,7.546976,7.545351810673559,-0.0016241893264412,0.0016241893264412
G04_R0125,G04,train,25,20,1e-05,0.8,0.2,0.2,4.0,15.585818,15.582086011820326,-0.0037319881796733,0.0037319881796733
G04_R0126,G04,train,25,20,1e-05,0.8,0.3,0.2,4.0,28.843375,28.84072195551631,-0.00265304448369,0.00265304448369
G04_R0127,G04,train,25,20,1e-05,0.75,0.1,0.2,4.0,7.56038,7.564030496680995,0.0036504966809944,0.0036504966809944
G04_R0128,G04,train,25,20,1e-05,0.75,0.2,0.2,4.0,15.616687,15.619095934707495,0.0024089347074944,0.0024089347074944
G04_R0129,G04,train,25,20,1e-05,0.75,0.3,0.2,4.0,28.899207,28.90711766004138,0.0079106600413787,0.0079106600413787
G04_R0130,G04,train,25,20,1e-05,0.7,0.1,0.2,4.0,7.575175000000001,7.572815170847681,-0.0023598291523194,0.0023598291523194
G04_R0131,G04,train,25,20,1e-05,0.7,0.2,0.2,4.0,15.651542999999998,15.647168146904,-0.0043748530959994,0.0043748530959994
G04_R0132,G04,train,25,20,1e-05,0.7,0.3,0.2,4.0,28.963023,28.944735317416598,-0.0182876825834057,0.0182876825834057
G04_R0133,G04,test,25,20,1e-06,0.85,0.1,0.2,4.0,25.442321,25.45974799597098,0.0174269959709789,0.0174269959709789
G04_R0134,G04,test,25,20,1e-06,0.85,0.2,0.2,4.0,80.868153,80.84732745965249,-0.0208255403475163,0.0208255403475163
G04_R0135,G04,train,25,20,1e-06,0.85,0.3,0.2,4.0,171.860148,171.826023202465,-0.0341247975350142,0.0341247975350142
G04_R0136,G04,train,25,20,1e-06,0.8,0.1,0.2,4.0,25.498289,25.500252861445,0.0019638614450023,0.0019638614450023
G04_R0137,G04,train,25,20,1e-06,0.8,0.2,0.2,4.0,80.979111,80.95535966651569,-0.0237513334843129,0.0237513334843129
G04_R0138,G04,test,25,20,1e-06,0.8,0.3,0.2,4.0,172.030096,172.00310600952096,-0.0269899904790236,0.0269899904790236
G04_R0139,G04,train,25,20,1e-06,0.75,0.1,0.2,4.0,25.560255,25.56571656580927,0.00546156580927,0.00546156580927
G04_R0140,G04,train,25,20,1e-06,0.75,0.2,0.2,4.0,81.102066,81.08261079165362,-0.0194552083463719,0.0194552083463719
G04_R0141,G04,train,25,20,1e-06,0.75,0.3,0.2,4.0,172.22004,172.18405318057106,-0.035986819428956,0.035986819428956
G04_R0142,G04,train,25,20,1e-06,0.7,0.1,0.2,4.0,25.627219,25.629156990544857,0.0019379905448566,0.0019379905448566
G04_R0143,G04,train,25,20,1e-06,0.7,0.2,0.2,4.0,81.238017,81.22285193517385,-0.0151650648261494,0.0151650648261494
G04_R0144,G04,test,25,20,1e-06,0.7,0.3,0.2,4.0,172.439979,172.3574745753915,-0.0825044246084871,0.0825044246084871
G04_R0145,G04,train,25,50,0.001,0.85,0.1,0.2,4.0,4.0947113,4.098729991592153,0.0040186915921527,0.0040186915921527
G04_R0146,G04,train,25,50,0.001,0.85,0.2,0.2,4.0,5.8794465,5.8844643875352025,0.0050178875352022,0.0050178875352022
G04_R0147,G04,train,25,50,0.001,0.85,0.3,0.2,4.0,8.6489802,8.6628006208958,0.013820420895799,0.013820420895799
G04_R0148,G04,train,25,50,0.001,0.8,0.1,0.2,4.0,4.1094925,4.107973512116959,-0.001518987883041,0.001518987883041
G04_R0149,G04,train,25,50,0.001,0.8,0.2,0.2,4.0,5.9083518,5.904643429852862,-0.0037083701471383,0.0037083701471383
G04_R0150,G04,train,25,50,0.001,0.8,0.3,0.2,4.0,8.6981418,8.690353866181871,-0.007787933818129,0.007787933818129
G04_R0151,G04,train,25,50,0.001,0.75,0.1,0.2,4.0,4.1249485,4.12607919673635,0.0011306967363493,0.0011306967363493
G04_R0152,G04,train,25,50,0.001,0.75,0.2,0.2,4.0,5.9389199,5.943248336475003,0.0043284364750029,0.0043284364750029
G04_R0153,G04,test,25,50,0.001,0.75,0.3,0.2,4.0,8.750560799999999,8.743031967034339,-0.0075288329656597,0.0075288329656597
G04_R0154,G04,test,25,50,0.001,0.7,0.1,0.2,4.0,4.141176,4.12607919673635,-0.01509680326365,0.01509680326365
G04_R0155,G04,test,25,50,0.001,0.7,0.2,0.2,4.0,5.9713457,5.96087021875752,-0.0104754812424801,0.0104754812424801
G04_R0156,G04,train,25,50,0.001,0.7,0.3,0.2,4.0,8.8068313,8.792344400396821,-0.0144868996031792,0.0144868996031792
G04_R0157,G04,test,25,50,0.0001,0.85,0.1,0.2,4.0,5.1825259,5.186849683813764,0.0043237838137644,0.0043237838137644
G04_R0158,G04,train,25,50,0.0001,0.85,0.2,0.2,4.0,8.0369898,8.039703548616007,0.0027137486160064,0.0027137486160064
G04_R0159,G04,train,25,50,0.0001,0.85,0.3,0.2,4.0,12.857629,12.8676521645487,0.0100231645487021,0.0100231645487021
G04_R0160,G04,test,25,50,0.0001,0.8,0.1,0.2,4.0,5.193996299999999,5.1926977714556894,-0.0012985285443098,0.0012985285443098
G04_R0161,G04,train,25,50,0.0001,0.8,0.2,0.2,4.0,8.0580114,8.056131586599493,-0.0018798134005066,0.0018798134005066
G04_R0162,G04,train,25,50,0.0001,0.8,0.3,0.2,4.0,12.895281,12.892631195560543,-0.0026498044394553,0.0026498044394553
G04_R0163,G04,train,25,50,0.0001,0.75,0.1,0.2,4.0,5.206143,5.208445795074479,0.0023027950744793,0.0023027950744793
G04_R0164,G04,train,25,50,0.0001,0.75,0.2,0.2,4.0,8.080504000000001,8.08334600956218,0.0028420095621779,0.0028420095621779
G04_R0165,G04,train,25,50,0.0001,0.75,0.3,0.2,4.0,12.935897,12.95115113738799,0.0152541373879895,0.0152541373879895
G04_R0166,G04,train,25,50,0.0001,0.7,0.1,0.2,4.0,5.219061900000001,5.216758185725243,-0.0023037142747579,0.0023037142747579
G04_R0167,G04,test,25,50,0.0001,0.7,0.2,0.2,4.0,8.104763,8.091357417645577,-0.013405582354423,0.013405582354423
G04_R0168,G04,train,25,50,0.0001,0.7,0.3,0.2,4.0,12.979471,12.96387705616074,-0.01559394383926,0.01559394383926
G04_R0169,G04,train,25,50,1e-05,0.85,0.1,0.2,4.0,7.534962999999999,7.537134444615593,0.0021714446155938,0.0021714446155938
G04_R0170,G04,train,25,50,1e-05,0.85,0.2,0.2,4.0,15.557938,15.571845995126964,0.0139079951269636,0.0139079951269636
G04_R0171,G04,train,25,50,1e-05,0.85,0.3,0.2,4.0,28.793528,28.832010973417667,0.0384829734176683,0.0384829734176683
G04_R0172,G04,train,25,50,1e-05,0.8,0.1,0.2,4.0,7.546976,7.545532618819386,-0.0014433811806133,0.0014433811806133
G04_R0173,G04,train,25,50,1e-05,0.8,0.2,0.2,4.0,15.585818,15.5808817171894,-0.0049362828106005,0.0049362828106005
G04_R0174,G04,train,25,50,1e-05,0.8,0.3,0.2,4.0,28.843375,28.83332677670934,-0.01004822329066,0.01004822329066
G04_R0175,G04,test,25,50,1e-05,0.75,0.1,0.2,4.0,7.56038,7.565092427097661,0.0047124270976608,0.0047124270976608
G04_R0176,G04,train,25,50,1e-05,0.75,0.2,0.2,4.0,15.616687,15.618864203177742,0.0021772031777409,0.0021772031777409
G04_R0177,G04,train,25,50,1e-05,0.75,0.3,0.2,4.0,28.899207,28.90678461375539,0.0075776137553908,0.0075776137553908
G04_R0178,G04,train,25,50,1e-05,0.7,0.1,0.2,4.0,7.575175000000001,7.573858607514348,-0.0013163924856529,0.0013163924856529
G04_R0179,G04,train,25,50,1e-05,0.7,0.2,0.2,4.0,15.651542999999998,15.646869972832578,-0.0046730271674206,0.0046730271674206
G04_R0180,G04,train,25,50,1e-05,0.7,0.3,0.2,4.0,28.963023,28.944573312672272,-0.0184496873277275,0.0184496873277275
G04_R0181,G04,train,25,50,1e-06,0.85,0.1,0.2,4.0,25.442321,25.459030447502247,0.0167094475022473,0.0167094475022473
G04_R0182,G04,train,25,50,1e-06,0.85,0.2,0.2,4.0,80.868153,80.84883951540252,-0.0193134845974896,0.0193134845974896
G04_R0183,G04,train,25,50,1e-06,0.85,0.3,0.2,4.0,171.860148,171.82857254288166,-0.0315754571183504,0.0315754571183504
G04_R0184,G04,train,25,50,1e-06,0.8,0.1,0.2,4.0,25.498289,25.499048629955432,0.0007596299554322,0.0007596299554322
G04_R0185,G04,train,25,50,1e-06,0.8,0.2,0.2,4.0,80.979111,80.95690513050378,-0.0222058694962186,0.0222058694962186
G04_R0186,G04,train,25,50,1e-06,0.8,0.3,0.2,4.0,172.030096,172.0013279199644,-0.0287680800355758,0.0287680800355758
G04_R0187,G04,train,25,50,1e-06,0.75,0.1,0.2,4.0,25.560255,25.565372192278016,0.0051171922780142,0.0051171922780142
G04_R0188,G04,train,25,50,1e-06,0.75,0.2,0.2,4.0,81.102066,81.08234668863278,-0.0197193113672113,0.0197193113672113
G04_R0189,G04,train,25,50,1e-06,0.75,0.3,0.2,4.0,172.22004,172.18318121276454,-0.0368587872354737,0.0368587872354737
G04_R0190,G04,train,25,50,1e-06,0.7,0.1,0.2,4.0,25.627219,25.62873685791985,0.001517857919854,0.001517857919854
G04_R0191,G04,train,25,50,1e-06,0.7,0.2,0.2,4.0,81.238017,81.22214521140299,-0.0158717885970105,0.0158717885970105
G04_R0192,G04,train,25,50,1e-06,0.7,0.3,0.2,4.0,172.439979,172.36521466114738,-0.0747643388526171,0.0747643388526171
G04_R0193,G04,test,100,3,0.001,0.85,0.1,0.2,4.0,18.30901,18.36155341894387,0.0525434189438698,0.0525434189438698
G04_R0194,G04,train,100,3,0.001,0.85,0.2,0.2,4.0,26.547066,26.571708494402827,0.0246424944028262,0.0246424944028262
G04_R0195,G04,test,100,3,0.001,0.85,0.3,0.2,4.0,39.525698,39.56447551185802,0.0387775118580222,0.0387775118580222
G04_R0196,G04,train,100,3,0.001,0.8,0.1,0.2,4.0,18.395998,18.391835903666166,-0.0041620963338324,0.0041620963338324
G04_R0197,G04,train,100,3,0.001,0.8,0.2,0.2,4.0,26.713999,26.69711093883352,-0.0168880611664832,0.0168880611664832
G04_R0198,G04,train,100,3,0.001,0.8,0.3,0.2,4.0,39.835638,39.81485704181711,-0.0207809581828897,0.0207809581828897
G04_R0199,G04,train,100,3,0.001,0.75,0.1,0.2,4.0,18.48991,18.530420247052074,0.0405102470520759,0.0405102470520759
G04_R0200,G04,train,100,3,0.001,0.75,0.2,0.2,4.0,26.893847,26.918782156530973,0.0249351565309723,0.0249351565309723
G04_R0201,G04,train,100,3,0.001,0.75,0.3,0.2,4.0,40.170498,40.20116927535853,0.0306712753585287,0.0306712753585287
G04_R0202,G04,test,100,3,0.001,0.7,0.1,0.2,4.0,18.589737,18.54147737492708,-0.0482596250729194,0.0482596250729194
G04_R0203,G04,train,100,3,0.001,0.7,0.2,0.2,4.0,27.086602000000003,27.060220477155998,-0.0263815228440087,0.0263815228440087
G04_R0204,G04,train,100,3,0.001,0.7,0.3,0.2,4.0,40.532271,40.42309179287504,-0.1091792071249599,0.1091792071249599
G04_R0205,G04,train,100,3,0.0001,0.85,0.1,0.2,4.0,22.873401,22.88421574637373,0.0108147463737289,0.0108147463737289
G04_R0206,G04,train,100,3,0.0001,0.85,0.2,0.2,4.0,35.616176,35.67609428998458,0.05991828998458,0.05991828998458
G04_R0207,G04,test,100,3,0.0001,0.85,0.3,0.2,4.0,57.014529,57.08534597931362,0.0708169793136193,0.0708169793136193
G04_R0208,G04,train,100,3,0.0001,0.8,0.1,0.2,4.0,22.931695,22.925814387298896,-0.0058806127011052,0.0058806127011052
G04_R0209,G04,train,100,3,0.0001,0.8,0.2,0.2,4.0,35.745357,35.71781442242211,-0.0275425775778899,0.0275425775778899
G04_R0210,G04,train,100,3,0.0001,0.8,0.3,0.2,4.0,57.262553,57.23582666951618,-0.0267263304838181,0.0267263304838181
G04_R0211,G04,train,100,3,0.0001,0.75,0.1,0.2,4.0,22.993918,23.020133232929176,0.0262152329291751,0.0262152329291751
G04_R0212,G04,train,100,3,0.0001,0.75,0.2,0.2,4.0,35.885458,35.90353096573037,0.0180729657303686,0.0180729657303686
G04_R0213,G04,train,100,3,0.0001,0.75,0.3,0.2,4.0,57.536482,57.57007834333093,0.0335963433309345,0.0335963433309345
G04_R0214,G04,train,100,3,0.0001,0.7,0.1,0.2,4.0,23.062059,23.043041215585355,-0.0190177844146468,0.0190177844146468
G04_R0215,G04,train,100,3,0.0001,0.7,0.2,0.2,4.0,36.040467,35.992571837936914,-0.0478951620630851,0.0478951620630851
G04_R0216,G04,test,100,3,0.0001,0.7,0.3,0.2,4.0,57.8403,57.67292542595543,-0.1673745740445724,0.1673745740445724
G04_R0217,G04,test,100,3,1e-05,0.85,0.1,0.2,4.0,32.728905999999995,32.759226524353906,0.030320524353911,0.030320524353911
G04_R0218,G04,test,100,3,1e-05,0.85,0.2,0.2,4.0,66.901586,67.0418020744762,0.1402160744762,0.1402160744762
G04_R0219,G04,train,100,3,1e-05,0.85,0.3,0.2,4.0,123.045745,123.15278980486802,0.1070448048680248,0.1070448048680248
G04_R0220,G04,train,100,3,1e-05,0.8,0.1,0.2,4.0,32.816631,32.81109707204001,-0.0055339279599877,0.0055339279599877
G04_R0221,G04,train,100,3,1e-05,0.8,0.2,0.2,4.0,67.15021800000001,67.11596358520555,-0.0342544147944607,0.0342544147944607
G04_R0222,G04,test,100,3,1e-05,0.8,0.3,0.2,4.0,123.535292,123.40373493267758,-0.1315570673224186,0.1315570673224186
G04_R0223,G04,test,100,3,1e-05,0.75,0.1,0.2,4.0,32.915329,32.96229697141088,0.0469679714108792,0.0469679714108792
G04_R0224,G04,train,100,3,1e-05,0.75,0.2,0.2,4.0,67.435815,67.48925624605208,0.0534412460520741,0.0534412460520741
G04_R0225,G04,train,100,3,1e-05,0.75,0.3,0.2,4.0,124.094799,124.14341916698883,0.0486201669888544,0.0486201669888544
G04_R0226,G04,train,100,3,1e-05,0.7,0.1,0.2,4.0,33.027996,32.990487475473536,-0.0375085245264656,0.0375085245264656
G04_R0227,G04,train,100,3,1e-05,0.7,0.2,0.2,4.0,67.76437299999999,67.67067594902055,-0.0936970509794434,0.0936970509794434
G04_R0228,G04,test,100,3,1e-05,0.7,0.3,0.2,4.0,124.744257,124.3933515197043,-0.3509054802957081,0.3509054802957081
G04_R0229,G04,train,100,3,1e-06,0.85,0.1,0.2,4.0,105.067714,105.09295235519647,0.0252383551964925,0.0252383551964925
G04_R0230,G04,train,100,3,1e-06,0.85,0.2,0.2,4.0,330.747791,330.7854473231816,0.0376563231815225,0.0376563231815225
G04_R0231,G04,train,100,3,1e-06,0.85,0.3,0.2,4.0,700.9853019999999,700.8600455865936,-0.125256413406305,0.125256413406305
G04_R0232,G04,train,100,3,1e-06,0.8,0.1,0.2,4.0,105.377614,105.3946661387274,0.0170521387273936,0.0170521387273936
G04_R0233,G04,train,100,3,1e-06,0.8,0.2,0.2,4.0,331.557661,331.44879813628097,-0.1088628637190254,0.1088628637190254
G04_R0234,G04,train,100,3,1e-06,0.8,0.3,0.2,4.0,702.485145,702.2604410518658,-0.2247039481342199,0.2247039481342199
G04_R0235,G04,train,100,3,1e-06,0.75,0.1,0.2,4.0,105.737506,105.76786016870489,0.0303541687048749,0.0303541687048749
G04_R0236,G04,train,100,3,1e-06,0.75,0.2,0.2,4.0,332.477521,332.3462807146545,-0.131240285345541,0.131240285345541
G04_R0237,G04,train,100,3,1e-06,0.75,0.3,0.2,4.0,704.214977,704.0236583812081,-0.1913186187919109,0.1913186187919109
G04_R0238,G04,train,100,3,1e-06,0.7,0.1,0.2,4.0,106.127391,106.14231699672406,0.0149259967240595,0.0149259967240595
G04_R0239,G04,train,100,3,1e-06,0.7,0.2,0.2,4.0,333.537369,333.400044099568,-0.13732490043202,0.13732490043202
G04_R0240,G04,train,100,3,1e-06,0.7,0.3,0.2,4.0,706.214794,705.6079143775049,-0.6068796224950574,0.6068796224950574
G04_R0241,G04,train,100,6,0.001,0.85,0.1,0.2,4.0,18.30901,18.36137573819387,0.0523657381938704,0.0523657381938704
G04_R0242,G04,train,100,6,0.001,0.85,0.2,0.2,4.0,26.547066,26.571284858069493,0.0242188580694922,0.0242188580694922
G04_R0243,G04,train,100,6,0.001,0.85,0.3,0.2,4.0,39.525698,39.56177478669136,0.0360767866913604,0.0360767866913604
G04_R0244,G04,test,100,6,0.001,0.8,0.1,0.2,4.0,18.395998,18.39165822291617,-0.0043397770838282,0.0043397770838282
G04_R0245,G04,train,100,6,0.001,0.8,0.2,0.2,4.0,26.713999,26.69668730250018,-0.0173116974998208,0.0173116974998208
G04_R0246,G04,train,100,6,0.001,0.8,0.3,0.2,4.0,39.835638,39.8109291087308,-0.0247088912692063,0.0247088912692063
G04_R0247,G04,test,100,6,0.001,0.75,0.1,0.2,4.0,18.48991,18.530242566302075,0.0403325663020766,0.0403325663020766
G04_R0248,G04,train,100,6,0.001,0.75,0.2,0.2,4.0,26.893847,26.918663692520557,0.0248166925205524,0.0248166925205524
G04_R0249,G04,train,100,6,0.001,0.75,0.3,0.2,4.0,40.170498,40.19794870187637,0.0274507018763685,0.0274507018763685
G04_R0250,G04,train,100,6,0.001,0.7,0.1,0.2,4.0,18.589737,18.54129969417708,-0.0484373058229188,0.0484373058229188
G04_R0251,G04,train,100,6,0.001,0.7,0.2,0.2,4.0,27.086602000000003,27.06010201314557,-0.0264999868544286,0.0264999868544286
G04_R0252,G04,train,100,6,0.001,0.7,0.3,0.2,4.0,40.532271,40.422497054142895,-0.1097739458571069,0.1097739458571069
G04_R0253,G04,train,100,6,0.0001,0.85,0.1,0.2,4.0,22.873401,22.88353308529041,0.0101320852904045,0.0101320852904045
G04_R0254,G04,train,100,6,0.0001,0.85,0.2,0.2,4.0,35.616176,35.68257111602622,0.0663951160262144,0.0663951160262144
G04_R0255,G04,train,100,6,0.0001,0.85,0.3,0.2,4.0,57.014529,57.08561212837613,0.0710831283761237,0.0710831283761237
G04_R0256,G04,train,100,6,0.0001,0.8,0.1,0.2,4.0,22.931695,22.92533673669474,-0.0063582633052625,0.0063582633052625
G04_R0257,G04,train,100,6,0.0001,0.8,0.2,0.2,4.0,35.745357,35.72429124846374,-0.0210657515362555,0.0210657515362555
G04_R0258,G04,train,100,6,0.0001,0.8,0.3,0.2,4.0,57.262553,57.23586454441202,-0.0266884555879798,0.0266884555879798
G04_R0259,G04,train,100,6,0.0001,0.75,0.1,0.2,4.0,22.993918,23.023056141220827,0.0291381412208266,0.0291381412208266
G04_R0260,G04,train,100,6,0.0001,0.75,0.2,0.2,4.0,35.885458,35.90100565363315,0.0155476536331491,0.0155476536331491
G04_R0261,G04,train,100,6,0.0001,0.75,0.3,0.2,4.0,57.536482,57.570116218226765,0.0336342182267657,0.0336342182267657
G04_R0262,G04,train,100,6,0.0001,0.7,0.1,0.2,4.0,23.062059,23.045964123877003,-0.0160948761229988,0.0160948761229988
G04_R0263,G04,test,100,6,0.0001,0.7,0.2,0.2,4.0,36.040467,35.990284067610524,-0.0501829323894753,0.0501829323894753
G04_R0264,G04,test,100,6,0.0001,0.7,0.3,0.2,4.0,57.8403,57.67296330085126,-0.1673366991487412,0.1673366991487412
G04_R0265,G04,train,100,6,1e-05,0.85,0.1,0.2,4.0,32.728905999999995,32.75864288555182,0.0297368855518271,0.0297368855518271
G04_R0266,G04,train,100,6,1e-05,0.85,0.2,0.2,4.0,66.901586,67.04033986647919,0.1387538664791918,0.1387538664791918
G04_R0267,G04,train,100,6,1e-05,0.85,0.3,0.2,4.0,123.045745,123.15123041001534,0.1054854100153477,0.1054854100153477
G04_R0268,G04,train,100,6,1e-05,0.8,0.1,0.2,4.0,32.816631,32.81051343323793,-0.0061175667620716,0.0061175667620716
G04_R0269,G04,train,100,6,1e-05,0.8,0.2,0.2,4.0,67.15021800000001,67.11450137720854,-0.0357166227914689,0.0357166227914689
G04_R0270,G04,train,100,6,1e-05,0.8,0.3,0.2,4.0,123.535292,123.4043991259499,-0.1308928740501045,0.1308928740501045
G04_R0271,G04,test,100,6,1e-05,0.75,0.1,0.2,4.0,32.915329,32.961713332608795,0.0463843326087953,0.0463843326087953
G04_R0272,G04,train,100,6,1e-05,0.75,0.2,0.2,4.0,67.435816,67.48314923328421,0.0473332332842062,0.0473332332842062
G04_R0273,G04,train,100,6,1e-05,0.75,0.3,0.2,4.0,124.094799,124.14629489583407,0.051495895834094,0.051495895834094
G04_R0274,G04,train,100,6,1e-05,0.7,0.1,0.2,4.0,33.027996,32.98990383667145,-0.0380921633285495,0.0380921633285495
G04_R0275,G04,test,100,6,1e-05,0.7,0.2,0.2,4.0,67.764374,67.66427143437767,-0.1001025656223362,0.1001025656223362
G04_R0276,G04,train,100,6,1e-05,0.7,0.3,0.2,4.0,124.744257,124.39700837000788,-0.3472486299921229,0.3472486299921229
G04_R0277,G04,train,100,6,1e-06,0.85,0.1,0.2,4.0,105.067714,105.09324880314888,0.0255348031488722,0.0255348031488722
G04_R0278,G04,train,100,6,1e-06,0.85,0.2,0.2,4.0,330.747791,330.7817992294524,0.034008229452354,0.034008229452354
G04_R0279,G04,train,100,6,1e-06,0.85,0.3,0.2,4.0,700.9853019999999,700.8443055717393,-0.1409964282606779,0.1409964282606779
G04_R0280,G04,train,100,6,1e-06,0.8,0.1,0.2,4.0,105.377614,105.39441747422136,0.016803474221362,0.016803474221362
G04_R0281,G04,train,100,6,1e-06,0.8,0.2,0.2,4.0,331.557661,331.44471936355177,-0.1129416364482267,0.1129416364482267
G04_R0282,G04,train,100,6,1e-06,0.8,0.3,0.2,4.0,702.485145,702.2550423112616,-0.2301026887383841,0.2301026887383841
G04_R0283,G04,test,100,6,1e-06,0.75,0.1,0.2,4.0,105.737506,105.7677676724906,0.0302616724905959,0.0302616724905959
G04_R0284,G04,train,100,6,1e-06,0.75,0.2,0.2,4.0,332.477521,332.3485615660294,-0.1289594339706354,0.1289594339706354
G04_R0285,G04,test,100,6,1e-06,0.75,0.3,0.2,4.0,704.214977,704.0205629980413,-0.1944140019586484,0.1944140019586484
G04_R0286,G04,train,100,6,1e-06,0.7,0.1,0.2,4.0,106.127391,106.1420295560128,0.0146385560127839,0.0146385560127839
G04_R0287,G04,train,100,6,1e-06,0.7,0.2,0.2,4.0,333.53736999999995,333.405095230193,-0.1322747698069406,0.1322747698069406
G04_R0288,G04,test,100,6,1e-06,0.7,0.3,0.2,4.0,706.214794,705.6028788259632,-0.611915174036767,0.611915174036767
G04_R0289,G04,test,100,20,0.001,0.85,0.1,0.2,4.0,18.309011,18.36353404283969,0.0545230428396905,0.0545230428396905
G04_R0290,G04,train,100,20,0.001,0.85,0.2,0.2,4.0,26.547066,26.57047871978081,0.0234127197808078,0.0234127197808078
G04_R0291,G04,train,100,20,0.001,0.85,0.3,0.2,4.0,39.525698,39.560184473539564,0.034486473539566,0.034486473539566
G04_R0292,G04,train,100,20,0.001,0.8,0.1,0.2,4.0,18.395998,18.39334169904116,-0.0026563009588365,0.0026563009588365
G04_R0293,G04,train,100,20,0.001,0.8,0.2,0.2,4.0,26.713999,26.695648287336493,-0.0183507126635085,0.0183507126635085
G04_R0294,G04,train,100,20,0.001,0.8,0.3,0.2,4.0,39.835637,39.80415699162065,-0.0314800083793471,0.0314800083793471
G04_R0295,G04,test,100,20,0.001,0.75,0.1,0.2,4.0,18.48991,18.535645634677103,0.0457356346771078,0.0457356346771078
G04_R0296,G04,train,100,20,0.001,0.75,0.2,0.2,4.0,26.893847,26.91675342715448,0.0229064271544814,0.0229064271544814
G04_R0297,G04,train,100,20,0.001,0.75,0.3,0.2,4.0,40.170498,40.19070462487935,0.0202066248793499,0.0202066248793499
G04_R0298,G04,train,100,20,0.001,0.7,0.1,0.2,4.0,18.589737,18.54725645205211,-0.0424805479478891,0.0424805479478891
G04_R0299,G04,train,100,20,0.001,0.7,0.2,0.2,4.0,27.086602000000003,27.05844353682117,-0.0281584631788334,0.0281584631788334
G04_R0300,G04,train,100,20,0.001,0.7,0.3,0.2,4.0,40.532271,40.417014431327416,-0.115256568672585,0.115256568672585
G04_R0301,G04,train,100,20,0.0001,0.85,0.1,0.2,4.0,22.873401,22.882794303677315,0.0093933036773137,0.0093933036773137
G04_R0302,G04,test,100,20,0.0001,0.85,0.2,0.2,4.0,35.617176,35.69395099212439,0.0767749921243918,0.0767749921243918
G04_R0303,G04,train,100,20,0.0001,0.85,0.3,0.2,4.0,57.014529,57.08362677473028,0.0690977747302739,0.0690977747302739
G04_R0304,G04,train,100,20,0.0001,0.8,0.1,0.2,4.0,22.931695,22.924782204144154,-0.0069127958558468,0.0069127958558468
G04_R0305,G04,train,100,20,0.0001,0.8,0.2,0.2,4.0,35.745357,35.73567112581191,-0.0096858741880865,0.0096858741880865
G04_R0306,G04,train,100,20,0.0001,0.8,0.3,0.2,4.0,57.262553,57.234126146182845,-0.0284268538171517,0.0284268538171517
G04_R0307,G04,test,100,20,0.0001,0.75,0.1,0.2,4.0,22.993918,23.02739102208537,0.0334730220853742,0.0334730220853742
G04_R0308,G04,train,100,20,0.0001,0.75,0.2,0.2,4.0,35.885459,35.906395278445615,0.0209362784456175,0.0209362784456175
G04_R0309,G04,train,100,20,0.0001,0.75,0.3,0.2,4.0,57.536482,57.58747240932789,0.0509904093278947,0.0509904093278947
G04_R0310,G04,train,100,20,0.0001,0.7,0.1,0.2,4.0,23.062059,23.05029900474155,-0.0117599952584512,0.0117599952584512
G04_R0311,G04,train,100,20,0.0001,0.7,0.2,0.2,4.0,36.040467,35.99557115648551,-0.0448958435144888,0.0448958435144888
G04_R0312,G04,train,100,20,0.0001,0.7,0.3,0.2,4.0,57.840301,57.6903194919524,-0.1499815080476025,0.1499815080476025
G04_R0313,G04,train,100,20,1e-05,0.85,0.1,0.2,4.0,32.728905999999995,32.75704583943573,0.0281398394357381,0.0281398394357381
G04_R0314,G04,train,100,20,1e-05,0.85,0.2,0.2,4.0,66.901586,67.03354569759226,0.131959697592265,0.131959697592265
G04_R0315,G04,train,100,20,1e-05,0.85,0.3,0.2,4.0,123.045746,123.159018863121,0.1132728631210113,0.1132728631210113
G04_R0316,G04,train,100,20,1e-05,0.8,0.1,0.2,4.0,32.816631,32.80894292399685,-0.0076880760031485,0.0076880760031485
G04_R0317,G04,test,100,20,1e-05,0.8,0.2,0.2,4.0,67.15021800000001,67.10818624790497,-0.0420317520950419,0.0420317520950419
G04_R0318,G04,train,100,20,1e-05,0.8,0.3,0.2,4.0,123.535293,123.41304596103475,-0.1222470389652414,0.1222470389652414
G04_R0319,G04,train,100,20,1e-05,0.75,0.1,0.2,4.0,32.915330000000004,32.95239473975458,0.0370647397545766,0.0370647397545766
G04_R0320,G04,test,100,20,1e-05,0.75,0.2,0.2,4.0,67.435816,67.49309714220978,0.0572811422097743,0.0572811422097743
G04_R0321,G04,train,100,20,1e-05,0.75,0.3,0.2,4.0,124.0948,124.15714240552164,0.0623424055216332,0.0623424055216332
G04_R0322,G04,train,100,20,1e-05,0.7,0.1,0.2,4.0,33.027996,32.98058524381724,-0.0474107561827636,0.0474107561827636
G04_R0323,G04,train,100,20,1e-05,0.7,0.2,0.2,4.0,67.764374,67.67462309567826,-0.0897509043217468,0.0897509043217468
G04_R0324,G04,test,100,20,1e-05,0.7,0.3,0.2,4.0,124.744258,124.40839632611213,-0.3358616738878766,0.3358616738878766
G04_R0325,G04,test,100,20,1e-06,0.85,0.1,0.2,4.0,105.067714,105.0953360030894,0.0276220030894194,0.0276220030894194
G04_R0326,G04,train,100,20,1e-06,0.85,0.2,0.2,4.0,330.747791,330.77240367654457,0.0246126765445637,0.0246126765445637
G04_R0327,G04,train,100,20,1e-06,0.85,0.3,0.2,4.0,700.9853019999999,700.8455417338344,-0.139760266165581,0.139760266165581
G04_R0328,G04,test,100,20,1e-06,0.8,0.1,0.2,4.0,105.377614,105.39425673380468,0.0166427338046872,0.0166427338046872
G04_R0329,G04,train,100,20,1e-06,0.8,0.2,0.2,4.0,331.557661,331.4473080058583,-0.1103529941416923,0.1103529941416923
G04_R0330,G04,train,100,20,1e-06,0.8,0.3,0.2,4.0,702.485146,702.2837226121526,-0.2014233878473987,0.2014233878473987
G04_R0331,G04,train,100,20,1e-06,0.75,0.1,0.2,4.0,105.737506,105.7637962677406,0.0262902677405918,0.0262902677405918
G04_R0332,G04,train,100,20,1e-06,0.75,0.2,0.2,4.0,332.477521,332.36930216721385,-0.1082188327861786,0.1082188327861786
G04_R0333,G04,train,100,20,1e-06,0.75,0.3,0.2,4.0,704.214978,704.007942555728,-0.2070354442719235,0.2070354442719235
G04_R0334,G04,train,100,20,1e-06,0.7,0.1,0.2,4.0,106.127391,106.14004271240856,0.0126517124085552,0.0126517124085552
G04_R0335,G04,train,100,20,1e-06,0.7,0.2,0.2,4.0,333.53736999999995,333.39540631177624,-0.1419636882237114,0.1419636882237114
G04_R0336,G04,train,100,20,1e-06,0.7,0.3,0.2,4.0,706.214795,705.6870273774267,-0.5277676225732648,0.5277676225732648
G04_R0337,G04,train,100,50,0.001,0.85,0.1,0.2,4.0,18.309011,18.35989977789177,0.0508887778917674,0.0508887778917674
G04_R0338,G04,train,100,50,0.001,0.85,0.2,0.2,4.0,26.547066,26.571422189325453,0.0243561893254522,0.0243561893254522
G04_R0339,G04,train,100,50,0.001,0.85,0.3,0.2,4.0,39.525698,39.55606017463332,0.0303621746333249,0.0303621746333249
G04_R0340,G04,train,100,50,0.001,0.8,0.1,0.2,4.0,18.395998,18.39030883223907,-0.0056891677609272,0.0056891677609272
G04_R0341,G04,train,100,50,0.001,0.8,0.2,0.2,4.0,26.713999,26.69670416188114,-0.0172948381188611,0.0172948381188611
G04_R0342,G04,train,100,50,0.001,0.8,0.3,0.2,4.0,39.835637,39.79779155000608,-0.0378454499939167,0.0378454499939167
G04_R0343,G04,test,100,50,0.001,0.75,0.1,0.2,4.0,18.48991,18.534575412062523,0.0446654120625247,0.0446654120625247
G04_R0344,G04,train,100,50,0.001,0.75,0.2,0.2,4.0,26.893847,26.91657102527949,0.0227240252794942,0.0227240252794942
G04_R0345,G04,test,100,50,0.001,0.75,0.3,0.2,4.0,40.170498,40.18710374687935,0.0166057468793425,0.0166057468793425
G04_R0346,G04,train,100,50,0.001,0.7,0.1,0.2,4.0,18.589737,18.546186229437527,-0.0435507705624722,0.0435507705624722
G04_R0347,G04,train,100,50,0.001,0.7,0.2,0.2,4.0,27.086602000000003,27.057916996196187,-0.0286850038038153,0.0286850038038153
G04_R0348,G04,test,100,50,0.001,0.7,0.3,0.2,4.0,40.532271,40.41347790363992,-0.1187930963600862,0.1187930963600862
G04_R0349,G04,train,100,50,0.0001,0.85,0.1,0.2,4.0,22.873401,22.882794303677315,0.0093933036773137,0.0093933036773137
G04_R0350,G04,test,100,50,0.0001,0.85,0.2,0.2,4.0,35.617176,35.69425649791606,0.0770804979160573,0.0770804979160573
G04_R0351,G04,train,100,50,0.0001,0.85,0.3,0.2,4.0,57.014529,57.0797560101886,0.0652270101885932,0.0652270101885932
G04_R0352,G04,test,100,50,0.0001,0.8,0.1,0.2,4.0,22.931695,22.924782204144154,-0.0069127958558468,0.0069127958558468
G04_R0353,G04,train,100,50,0.0001,0.8,0.2,0.2,4.0,35.745357,35.73597663160358,-0.009380368396421,0.009380368396421
G04_R0354,G04,train,100,50,0.0001,0.8,0.3,0.2,4.0,57.262553,57.23093295226616,-0.0316200477338384,0.0316200477338384
G04_R0355,G04,test,100,50,0.0001,0.75,0.1,0.2,4.0,22.993918,23.02739102208537,0.0334730220853742,0.0334730220853742
G04_R0356,G04,train,100,50,0.0001,0.75,0.2,0.2,4.0,35.885459,35.90865454844562,0.0231955484456207,0.0231955484456207
G04_R0357,G04,train,100,50,0.0001,0.75,0.3,0.2,4.0,57.536482,57.60295846121325,0.0664764612132486,0.0664764612132486
G04_R0358,G04,train,100,50,0.0001,0.7,0.1,0.2,4.0,23.062059,23.05029900474155,-0.0117599952584512,0.0117599952584512
G04_R0359,G04,train,100,50,0.0001,0.7,0.2,0.2,4.0,36.040467,35.99790047686051,-0.0425665231394916,0.0425665231394916
G04_R0360,G04,train,100,50,0.0001,0.7,0.3,0.2,4.0,57.840301,57.70591968092107,-0.1343813190789262,0.1343813190789262
G04_R0361,G04,train,100,50,1e-05,0.85,0.1,0.2,4.0,32.728905999999995,32.755656386935726,0.0267503869357312,0.0267503869357312
G04_R0362,G04,test,100,50,1e-05,0.85,0.2,0.2,4.0,66.901586,67.03574116915178,0.1341551691517821,0.1341551691517821
G04_R0363,G04,test,100,50,1e-05,0.85,0.3,0.2,4.0,123.045746,123.159018863121,0.1132728631210113,0.1132728631210113
G04_R0364,G04,train,100,50,1e-05,0.8,0.1,0.2,4.0,32.816631,32.80762749574684,-0.0090035042531582,0.0090035042531582
G04_R0365,G04,train,100,50,1e-05,0.8,0.2,0.2,4.0,67.15021800000001,67.11046385958947,-0.0397541404105368,0.0397541404105368
G04_R0366,G04,test,100,50,1e-05,0.8,0.3,0.2,4.0,123.535293,123.41304596103475,-0.1222470389652414,0.1222470389652414
G04_R0367,G04,train,100,50,1e-05,0.75,0.1,0.2,4.0,32.915330000000004,32.95209911462958,0.0367691146295783,0.0367691146295783
G04_R0368,G04,train,100,50,1e-05,0.75,0.2,0.2,4.0,67.435816,67.49534290881692,0.0595269088169203,0.0595269088169203
G04_R0369,G04,test,100,50,1e-05,0.75,0.3,0.2,4.0,124.0948,124.15714240552164,0.0623424055216332,0.0623424055216332
G04_R0370,G04,test,100,50,1e-05,0.7,0.1,0.2,4.0,33.027996,32.980186807233906,-0.0478091927660955,0.0478091927660955
G04_R0371,G04,train,100,50,1e-05,0.7,0.2,0.2,4.0,67.764374,67.67675595432708,-0.0876180456729258,0.0876180456729258
G04_R0372,G04,train,100,50,1e-05,0.7,0.3,0.2,4.0,124.744258,124.40839632611213,-0.3358616738878766,0.3358616738878766
G04_R0373,G04,train,100,50,1e-06,0.85,0.1,0.2,4.0,105.067714,105.0939571241608,0.026243124160814,0.026243124160814
G04_R0374,G04,train,100,50,1e-06,0.85,0.2,0.2,4.0,330.747791,330.76429502362384,0.0165040236238382,0.0165040236238382
G04_R0375,G04,train,100,50,1e-06,0.85,0.3,0.2,4.0,700.9853019999999,700.8439448730549,-0.1413571269450813,0.1413571269450813
G04_R0376,G04,train,100,50,1e-06,0.8,0.1,0.2,4.0,105.377614,105.39389347220954,0.0162794722095469,0.0162794722095469
G04_R0377,G04,train,100,50,1e-06,0.8,0.2,0.2,4.0,331.557661,331.43995886585435,-0.1177021341456452,0.1177021341456452
G04_R0378,G04,train,100,50,1e-06,0.8,0.3,0.2,4.0,702.485146,702.2566822962452,-0.2284637037547554,0.2284637037547554
G04_R0379,G04,train,100,50,1e-06,0.75,0.1,0.2,4.0,105.737506,105.76235822713645,0.024852227136435,0.024852227136435
G04_R0380,G04,train,100,50,1e-06,0.75,0.2,0.2,4.0,332.477521,332.36654955190136,-0.1109714480986667,0.1109714480986667
G04_R0381,G04,train,100,50,1e-06,0.75,0.3,0.2,4.0,704.214978,703.993380621731,-0.2215973782689388,0.2215973782689388
G04_R0382,G04,test,100,50,1e-06,0.7,0.1,0.2,4.0,106.127391,106.13994844647108,0.0125574464710638,0.0125574464710638
G04_R0383,G04,train,100,50,1e-06,0.7,0.2,0.2,4.0,333.53736999999995,333.38209418483865,-0.1552758151613034,0.1552758151613034
G04_R0384,G04,train,100,50,1e-06,0.7,0.3,0.2,4.0,706.214795,705.682187962013,-0.5326070379869634,0.5326070379869634
G04_R0385,G04,train,250,3,0.001,0.85,0.1,0.2,4.0,55.44657,55.55289039118938,0.1063203911893779,0.1063203911893779
G04_R0386,G04,train,250,3,0.001,0.85,0.2,0.2,4.0,81.625957,81.68061814230624,0.0546611423062444,0.0546611423062444
G04_R0387,G04,train,250,3,0.001,0.85,0.3,0.2,4.0,123.026142,122.91050610598316,-0.1156358940168189,0.1156358940168189
G04_R0388,G04,train,250,3,0.001,0.8,0.1,0.2,4.0,55.781194,55.747866230251965,-0.033327769748034,0.033327769748034
G04_R0389,G04,train,250,3,0.001,0.8,0.2,0.2,4.0,82.277829,82.16254068558852,-0.1152883144114724,0.1152883144114724
G04_R0390,G04,train,250,3,0.001,0.8,0.3,0.2,4.0,124.264264,124.13553661501491,-0.1287273849850834,0.1287273849850834
G04_R0391,G04,train,250,3,0.001,0.75,0.1,0.2,4.0,56.139635,56.21834067861568,0.0787056786156767,0.0787056786156767
G04_R0392,G04,train,250,3,0.001,0.75,0.2,0.2,4.0,82.977583,83.00641572100395,0.0288327210039511,0.0288327210039511
G04_R0393,G04,train,250,3,0.001,0.75,0.3,0.2,4.0,125.592298,125.48739655415984,-0.10490144584017,0.10490144584017
G04_R0394,G04,train,250,3,0.001,0.7,0.1,0.2,4.0,56.524884,56.459352503892205,-0.0655314961077948,0.0655314961077948
G04_R0395,G04,train,250,3,0.001,0.7,0.2,0.2,4.0,83.734167,83.62156776137182,-0.112599238628178,0.112599238628178
G04_R0396,G04,train,250,3,0.001,0.7,0.3,0.2,4.0,127.040237,126.8299343495844,-0.2103026504155991,0.2103026504155991
G04_R0397,G04,train,250,3,0.0001,0.85,0.1,0.2,4.0,68.24374399999999,68.30286232205718,0.0591183220571878,0.0591183220571878
G04_R0398,G04,train,250,3,0.0001,0.85,0.2,0.2,4.0,107.570681,107.6642790036578,0.0935980036578172,0.0935980036578172
G04_R0399,G04,train,250,3,0.0001,0.85,0.3,0.2,4.0,173.60053499999998,173.91447938447178,0.3139443844717959,0.3139443844717959
G04_R0400,G04,train,250,3,0.0001,0.8,0.1,0.2,4.0,68.463213,68.42907646153918,-0.0341365384608138,0.0341365384608138
G04_R0401,G04,test,250,3,0.0001,0.8,0.2,0.2,4.0,108.119634,108.04194679141683,-0.077687208583157,0.077687208583157
G04_R0402,G04,train,250,3,0.0001,0.8,0.3,0.2,4.0,174.73209300000002,174.5457853281784,-0.1863076718216234,0.1863076718216234
G04_R0403,G04,test,250,3,0.0001,0.75,0.1,0.2,4.0,68.70152999999999,68.803078818614,0.1015488186140061,0.1015488186140061
G04_R0404,G04,train,250,3,0.0001,0.75,0.2,0.2,4.0,108.738563,108.88885396062052,0.1502909606205094,0.1502909606205094
G04_R0405,G04,train,250,3,0.0001,0.75,0.3,0.2,4.0,175.993844,176.1379385554216,0.1440945554216171,0.1440945554216171
G04_R0406,G04,train,250,3,0.0001,0.7,0.1,0.2,4.0,68.962672,68.88295879483186,-0.079713205168133,0.079713205168133
G04_R0407,G04,train,250,3,0.0001,0.7,0.2,0.2,4.0,109.427351,109.21066741297908,-0.216683587020924,0.216683587020924
G04_R0408,G04,train,250,3,0.0001,0.7,0.3,0.2,4.0,177.42581,177.2546714499727,-0.1711385500273081,0.1711385500273081
G04_R0409,G04,train,250,3,1e-05,0.85,0.1,0.2,4.0,95.451029,95.56032920466949,0.1093002046694806,0.1093002046694806
G04_R0410,G04,train,250,3,1e-05,0.85,0.2,0.2,4.0,192.29868,192.526679402426,0.2279994024259792,0.2279994024259792
G04_R0411,G04,train,250,3,1e-05,0.85,0.3,0.2,4.0,350.77374,351.3199314548711,0.5461914548711206,0.5461914548711206
G04_R0412,G04,train,250,3,1e-05,0.8,0.1,0.2,4.0,95.856438,95.79810451192556,-0.0583334880744246,0.0583334880744246
G04_R0413,G04,train,250,3,1e-05,0.8,0.2,0.2,4.0,193.57792,193.2588265762043,-0.3190934237956924,0.3190934237956924
G04_R0414,G04,train,250,3,1e-05,0.8,0.3,0.2,4.0,353.39302,352.8530992676373,-0.5399207323627024,0.5399207323627024
G04_R0415,G04,test,250,3,1e-05,0.75,0.1,0.2,4.0,96.318771,96.4366190352016,0.1178480352015896,0.1178480352015896
G04_R0416,G04,train,250,3,1e-05,0.75,0.2,0.2,4.0,195.05709,195.11096755419143,0.0538775541914731,0.0538775541914731
G04_R0417,G04,train,250,3,1e-05,0.75,0.3,0.2,4.0,356.42226,356.404894329672,-0.0173656703279903,0.0173656703279903
G04_R0418,G04,train,250,3,1e-05,0.7,0.1,0.2,4.0,96.853032,96.76046861543762,-0.0925633845623821,0.0925633845623821
G04_R0419,G04,train,250,3,1e-05,0.7,0.2,0.2,4.0,196.78619,196.46045741167683,-0.3257325883231772,0.3257325883231772
G04_R0420,G04,train,250,3,1e-05,0.7,0.3,0.2,4.0,359.95146,359.4426446496068,-0.5088153503932062,0.5088153503932062
G04_R0421,G04,train,250,3,1e-06,0.85,0.1,0.2,4.0,280.450627,280.1707748327338,-0.2798521672661991,0.2798521672661991
G04_R0422,G04,train,250,3,1e-06,0.85,0.2,0.2,4.0,866.40768,866.093006687374,-0.3146733126260415,0.3146733126260415
G04_R0423,G04,train,250,3,1e-06,0.85,0.3,0.2,4.0,1826.2476,1824.9831576559293,-1.2644423440706305,1.2644423440706305
G04_R0424,G04,train,250,3,1e-06,0.8,0.1,0.2,4.0,281.6604,281.5533025668451,-0.1070974331548768,0.1070974331548768
G04_R0425,G04,train,250,3,1e-06,0.8,0.2,0.2,4.0,870.40739,869.3959646646284,-1.0114253353715412,1.0114253353715412
G04_R0426,G04,train,250,3,1e-06,0.8,0.3,0.2,4.0,1834.24727,1833.390740131736,-0.8565298682640332,0.8565298682640332
G04_R0427,G04,train,250,3,1e-06,0.75,0.1,0.2,4.0,283.070156,282.978150938697,-0.0920050613029843,0.0920050613029843
G04_R0428,G04,train,250,3,1e-06,0.75,0.2,0.2,4.0,875.21708,874.3612468795639,-0.8558331204361593,0.8558331204361593
G04_R0429,G04,test,250,3,1e-06,0.75,0.3,0.2,4.0,1843.74692,1840.4860442243223,-3.260875775677732,3.260875775677732
G04_R0430,G04,train,250,3,1e-06,0.7,0.1,0.2,4.0,284.77989,284.6129120859843,-0.1669779140157175,0.1669779140157175
G04_R0431,G04,train,250,3,1e-06,0.7,0.2,0.2,4.0,880.91675,880.3628821306228,-0.5538678693771999,0.5538678693771999
G04_R0432,G04,train,250,3,1e-06,0.7,0.3,0.2,4.0,1854.84654,1853.93569185263,-0.9108481473699612,0.9108481473699612
G04_R0433,G04,train,250,6,0.001,0.85,0.1,0.2,4.0,55.44657,55.55272307918938,0.1061530791893829,0.1061530791893829
G04_R0434,G04,train,250,6,0.001,0.85,0.2,0.2,4.0,81.625957,81.66740785382706,0.0414508538270581,0.0414508538270581
G04_R0435,G04,train,250,6,0.001,0.85,0.3,0.2,4.0,123.026142,122.91195298767067,-0.1141890123293052,0.1141890123293052
G04_R0436,G04,train,250,6,0.001,0.8,0.1,0.2,4.0,55.781194,55.74806008918947,-0.0331339108105268,0.0331339108105268
G04_R0437,G04,test,250,6,0.001,0.8,0.2,0.2,4.0,82.277829,82.15121943127599,-0.1266095687240067,0.1266095687240067
G04_R0438,G04,train,250,6,0.001,0.8,0.3,0.2,4.0,124.264264,124.13662962238988,-0.1276343776101214,0.1276343776101214
G04_R0439,G04,test,250,6,0.001,0.75,0.1,0.2,4.0,56.139635,56.222257376782345,0.0826223767823464,0.0826223767823464
G04_R0440,G04,train,250,6,0.001,0.75,0.2,0.2,4.0,82.977583,83.00719790225392,0.0296149022539253,0.0296149022539253
G04_R0441,G04,train,250,6,0.001,0.75,0.3,0.2,4.0,125.592298,125.48511963703484,-0.1071783629651719,0.1071783629651719
G04_R0442,G04,train,250,6,0.001,0.7,0.1,0.2,4.0,56.524884,56.46326920205888,-0.0616147979411252,0.0616147979411252
G04_R0443,G04,train,250,6,0.001,0.7,0.2,0.2,4.0,83.734167,83.62183785178848,-0.1123291482115149,0.1123291482115149
G04_R0444,G04,train,250,6,0.001,0.7,0.3,0.2,4.0,127.040237,126.85628267520929,-0.1839543247907329,0.1839543247907329
G04_R0445,G04,train,250,6,0.0001,0.85,0.1,0.2,4.0,68.24374399999999,68.30107693297384,0.0573329329738498,0.0573329329738498
G04_R0446,G04,train,250,6,0.0001,0.85,0.2,0.2,4.0,107.570681,107.66360764140782,0.0929266414078284,0.0929266414078284
G04_R0447,G04,train,250,6,0.0001,0.85,0.3,0.2,4.0,173.60053499999998,173.9098522236385,0.3093172236385157,0.3093172236385157
G04_R0448,G04,test,250,6,0.0001,0.8,0.1,0.2,4.0,68.463213,68.42729107245584,-0.0359219275441518,0.0359219275441518
G04_R0449,G04,train,250,6,0.0001,0.8,0.2,0.2,4.0,108.119634,108.04127542916686,-0.0783585708331457,0.0783585708331457
G04_R0450,G04,test,250,6,0.0001,0.8,0.3,0.2,4.0,174.73209300000002,174.5429481248451,-0.1891448751549092,0.1891448751549092
G04_R0451,G04,test,250,6,0.0001,0.75,0.1,0.2,4.0,68.70152999999999,68.80289372432233,0.1013637243223399,0.1013637243223399
G04_R0452,G04,train,250,6,0.0001,0.75,0.2,0.2,4.0,108.738563,108.8812947278705,0.1427317278704976,0.1427317278704976
G04_R0453,G04,train,250,6,0.0001,0.75,0.3,0.2,4.0,175.993844,176.14309383171326,0.1492498317132629,0.1492498317132629
G04_R0454,G04,train,250,6,0.0001,0.7,0.1,0.2,4.0,68.962672,68.8827737005402,-0.0798982994597992,0.0798982994597992
G04_R0455,G04,test,250,6,0.0001,0.7,0.2,0.2,4.0,109.427351,109.20310818022908,-0.2242428197709358,0.2242428197709358
G04_R0456,G04,train,250,6,0.0001,0.7,0.3,0.2,4.0,177.42581,177.25378920668103,-0.1720207933189783,0.1720207933189783
G04_R0457,G04,train,250,6,1e-05,0.85,0.1,0.2,4.0,95.451029,95.56648108086291,0.1154520808629229,0.1154520808629229
G04_R0458,G04,train,250,6,1e-05,0.85,0.2,0.2,4.0,192.29868,192.47792256321787,0.1792425632178833,0.1792425632178833
G04_R0459,G04,train,250,6,1e-05,0.85,0.3,0.2,4.0,350.77374,351.2883625146628,0.5146225146628467,0.5146225146628467
G04_R0460,G04,train,250,6,1e-05,0.8,0.1,0.2,4.0,95.856438,95.804256388119,-0.0521816118809823,0.0521816118809823
G04_R0461,G04,test,250,6,1e-05,0.8,0.2,0.2,4.0,193.57792,193.22111964932952,-0.3568003506704826,0.3568003506704826
G04_R0462,G04,test,250,6,1e-05,0.8,0.3,0.2,4.0,353.39302,352.823020527429,-0.5699994725709985,0.5699994725709985
G04_R0463,G04,train,250,6,1e-05,0.75,0.1,0.2,4.0,96.318771,96.4366190352016,0.1178480352015896,0.1178480352015896
G04_R0464,G04,test,250,6,1e-05,0.75,0.2,0.2,4.0,195.05709,195.1306173021082,0.0735273021082036,0.0735273021082036
G04_R0465,G04,train,250,6,1e-05,0.75,0.3,0.2,4.0,356.42226,356.37960072238025,-0.042659277619748,0.042659277619748
G04_R0466,G04,train,250,6,1e-05,0.7,0.1,0.2,4.0,96.853032,96.76046861543762,-0.0925633845623821,0.0925633845623821
G04_R0467,G04,train,250,6,1e-05,0.7,0.2,0.2,4.0,196.78619,196.4974384131352,-0.2887515868648052,0.2887515868648052
G04_R0468,G04,train,250,6,1e-05,0.7,0.3,0.2,4.0,359.95146,359.4257617985651,-0.5256982014349205,0.5256982014349205
G04_R0469,G04,test,250,6,1e-06,0.85,0.1,0.2,4.0,280.450627,280.14058779623394,-0.3100392037660526,0.3100392037660526
G04_R0470,G04,train,250,6,1e-06,0.85,0.2,0.2,4.0,866.40768,866.0568600877901,-0.3508199122098858,0.3508199122098858
G04_R0471,G04,train,250,6,1e-06,0.85,0.3,0.2,4.0,1826.2476,1824.9445035378044,-1.3030964621955263,1.3030964621955263
G04_R0472,G04,train,250,6,1e-06,0.8,0.1,0.2,4.0,281.6604,281.56352252372,-0.0968774762799853,0.0968774762799853
G04_R0473,G04,test,250,6,1e-06,0.8,0.2,0.2,4.0,870.40739,869.3182191296274,-1.0891708703725271,1.0891708703725271
G04_R0474,G04,train,250,6,1e-06,0.8,0.3,0.2,4.0,1834.24727,1833.401784092986,-0.8454859070141083,0.8454859070141083
G04_R0475,G04,train,250,6,1e-06,0.75,0.1,0.2,4.0,283.070156,282.9795106208221,-0.0906453791778858,0.0906453791778858
G04_R0476,G04,train,250,6,1e-06,0.75,0.2,0.2,4.0,875.21708,874.317029331022,-0.9000506689779968,0.9000506689779968
G04_R0477,G04,test,250,6,1e-06,0.75,0.3,0.2,4.0,1843.74692,1840.4996979118223,-3.2472220881777503,3.2472220881777503
G04_R0478,G04,train,250,6,1e-06,0.7,0.1,0.2,4.0,284.77989,284.6027509490051,-0.1771390509949242,0.1771390509949242
G04_R0479,G04,train,250,6,1e-06,0.7,0.2,0.2,4.0,880.91675,880.3593198368727,-0.5574301631272647,0.5574301631272647
G04_R0480,G04,train,250,6,1e-06,0.7,0.3,0.2,4.0,1854.84654,1853.916776862005,-0.9297631379949962,0.9297631379949962
G04_R0481,G04,test,250,20,0.001,0.85,0.1,0.2,4.0,55.44657,55.55693224312687,0.1103622431268647,0.1103622431268647
G04_R0482,G04,train,250,20,0.001,0.85,0.2,0.2,4.0,81.625957,81.67751934015146,0.0515623401514631,0.0515623401514631
G04_R0483,G04,train,250,20,0.001,0.85,0.3,0.2,4.0,123.026142,122.9108135192748,-0.1153284807251822,0.1153284807251822
G04_R0484,G04,train,250,20,0.001,0.8,0.1,0.2,4.0,55.781194,55.75239473409125,-0.0287992659087521,0.0287992659087521
G04_R0485,G04,train,250,20,0.001,0.8,0.2,0.2,4.0,82.277829,82.15827134739207,-0.1195576526079236,0.1195576526079236
G04_R0486,G04,train,250,20,0.001,0.8,0.3,0.2,4.0,124.264264,124.14412086625892,-0.1201431337410667,0.1201431337410667
G04_R0487,G04,train,250,20,0.001,0.75,0.1,0.2,4.0,56.139635,56.22251732613206,0.082882326132065,0.082882326132065
G04_R0488,G04,train,250,20,0.001,0.75,0.2,0.2,4.0,82.977583,83.00595932618845,0.0283763261884502,0.0283763261884502
G04_R0489,G04,train,250,20,0.001,0.75,0.3,0.2,4.0,125.592298,125.48464247640388,-0.1076555235961223,0.1076555235961223
G04_R0490,G04,train,250,20,0.001,0.7,0.1,0.2,4.0,56.524884,56.462738182866936,-0.0621458171330644,0.0621458171330644
G04_R0491,G04,train,250,20,0.001,0.7,0.2,0.2,4.0,83.734167,83.62018355921705,-0.1139834407829454,0.1139834407829454
G04_R0492,G04,train,250,20,0.001,0.7,0.3,0.2,4.0,127.040237,126.86751054208422,-0.1727264579157861,0.1727264579157861
G04_R0493,G04,test,250,20,0.0001,0.85,0.1,0.2,4.0,68.24374399999999,68.31158533495301,0.067841334953016,0.067841334953016
G04_R0494,G04,train,250,20,0.0001,0.85,0.2,0.2,4.0,107.570681,107.67478218132456,0.1041011813245802,0.1041011813245802
G04_R0495,G04,test,250,20,0.0001,0.85,0.3,0.2,4.0,173.60053499999998,173.9603824053258,0.3598474053258087,0.3598474053258087
G04_R0496,G04,train,250,20,0.0001,0.8,0.1,0.2,4.0,68.463213,68.43688886114333,-0.0263241388566655,0.0263241388566655
G04_R0497,G04,train,250,20,0.0001,0.8,0.2,0.2,4.0,108.119634,108.0531830315836,-0.0664509684164045,0.0664509684164045
G04_R0498,G04,train,250,20,0.0001,0.8,0.3,0.2,4.0,174.73209300000002,174.5920575981991,-0.1400354018009295,0.1400354018009295
G04_R0499,G04,train,250,20,0.0001,0.75,0.1,0.2,4.0,68.70152999999999,68.78801376748888,0.086483767488886,0.086483767488886
G04_R0500,G04,test,250,20,0.0001,0.75,0.2,0.2,4.0,108.738563,108.908955553546,0.1703925535460086,0.1703925535460086
G04_R0501,G04,train,250,20,0.0001,0.75,0.3,0.2,4.0,175.993844,176.13509446717447,0.1412504671744727,0.1412504671744727
G04_R0502,G04,test,250,20,0.0001,0.7,0.1,0.2,4.0,68.962672,68.86789374370673,-0.0947782562932673,0.0947782562932673
G04_R0503,G04,train,250,20,0.0001,0.7,0.2,0.2,4.0,109.427351,109.23164245257124,-0.195708547428751,0.195708547428751
G04_R0504,G04,train,250,20,0.0001,0.7,0.3,0.2,4.0,177.42581,177.24799790639227,-0.1778120936077414,0.1778120936077414
G04_R0505,G04,train,250,20,1e-05,0.85,0.1,0.2,4.0,95.451029,95.57877588960184,0.1277468896018376,0.1277468896018376
G04_R0506,G04,train,250,20,1e-05,0.85,0.2,0.2,4.0,192.29868,192.52792421765815,0.2292442176581914,0.2292442176581914
G04_R0507,G04,test,250,20,1e-05,0.85,0.3,0.2,4.0,350.77374,351.355431911121,0.5816919111210268,0.5816919111210268
G04_R0508,G04,train,250,20,1e-05,0.8,0.1,0.2,4.0,95.856438,95.81836083308384,-0.0380771669161674,0.0380771669161674
G04_R0509,G04,train,250,20,1e-05,0.8,0.2,0.2,4.0,193.58792,193.2856324337906,-0.3022875662094009,0.3022875662094009
G04_R0510,G04,train,250,20,1e-05,0.8,0.3,0.2,4.0,353.39302,352.88659534930383,-0.5064246506961467,0.5064246506961467
G04_R0511,G04,train,250,20,1e-05,0.75,0.1,0.2,4.0,96.318771,96.43233851907354,0.1135675190735412,0.1135675190735412
G04_R0512,G04,train,250,20,1e-05,0.75,0.2,0.2,4.0,195.06709,195.14231391954843,0.0752239195484207,0.0752239195484207
G04_R0513,G04,train,250,20,1e-05,0.75,0.3,0.2,4.0,356.42226,356.3472976009518,-0.0749623990482177,0.0749623990482177
G04_R0514,G04,train,250,20,1e-05,0.7,0.1,0.2,4.0,96.853032,96.754061438893,-0.0989705611070093,0.0989705611070093
G04_R0515,G04,train,250,20,1e-05,0.7,0.2,0.2,4.0,196.79619,196.48745130245004,-0.3087386975499555,0.3087386975499555
G04_R0516,G04,train,250,20,1e-05,0.7,0.3,0.2,4.0,359.95146,359.39216712296985,-0.5592928770301455,0.5592928770301455
G04_R0517,G04,test,250,20,1e-06,0.85,0.1,0.2,4.0,280.450627,280.1349042017964,-0.3157227982035806,0.3157227982035806
G04_R0518,G04,train,250,20,1e-06,0.85,0.2,0.2,4.0,866.40768,866.0660750825824,-0.3416049174176123,0.3416049174176123
G04_R0519,G04,test,250,20,1e-06,0.85,0.3,0.2,4.0,1826.2476,1824.7406804389348,-1.5069195610651605,1.5069195610651605
G04_R0520,G04,train,250,20,1e-06,0.8,0.1,0.2,4.0,281.6604,281.54435372866664,-0.1160462713333458,0.1160462713333458
G04_R0521,G04,train,250,20,1e-06,0.8,0.2,0.2,4.0,870.40739,869.4600981665022,-0.9472918334977294,0.9472918334977294
G04_R0522,G04,train,250,20,1e-06,0.8,0.3,0.2,4.0,1834.24727,1833.443531349444,-0.8037386505561699,0.8037386505561699
G04_R0523,G04,train,250,20,1e-06,0.75,0.1,0.2,4.0,283.070156,282.9778890942508,-0.0922669057492271,0.0922669057492271
G04_R0524,G04,train,250,20,1e-06,0.75,0.2,0.2,4.0,875.21708,874.2558205290442,-0.961259470955838,0.961259470955838
G04_R0525,G04,train,250,20,1e-06,0.75,0.3,0.2,4.0,1843.74692,1840.889103934141,-2.857816065858969,2.857816065858969
G04_R0526,G04,test,250,20,1e-06,0.7,0.1,0.2,4.0,284.77989,284.58522922774006,-0.1946607722599651,0.1946607722599651
G04_R0527,G04,train,250,20,1e-06,0.7,0.2,0.2,4.0,880.91675,880.2914694496858,-0.6252805503141872,0.6252805503141872
G04_R0528,G04,train,250,20,1e-06,0.7,0.3,0.2,4.0,1854.84654,1853.8755845479416,-0.970955452058206,0.970955452058206
G04_R0529,G04,train,250,50,0.001,0.85,0.1,0.2,4.0,55.44657,55.555680119585205,0.1091101195852033,0.1091101195852033
G04_R0530,G04,train,250,50,0.001,0.85,0.2,0.2,4.0,81.625957,81.687967096836,0.0620100968360048,0.0620100968360048
G04_R0531,G04,train,250,50,0.001,0.85,0.3,0.2,4.0,123.026142,122.90914257989982,-0.1169994201001713,0.1169994201001713
G04_R0532,G04,test,250,50,0.001,0.8,0.1,0.2,4.0,55.781194,55.75105432432042,-0.0301396756795782,0.0301396756795782
G04_R0533,G04,train,250,50,0.001,0.8,0.2,0.2,4.0,82.277829,82.16760415490995,-0.1102248450900447,0.1102248450900447
G04_R0534,G04,train,250,50,0.001,0.8,0.3,0.2,4.0,124.264264,124.141642263759,-0.1226217362409869,0.1226217362409869
G04_R0535,G04,train,250,50,0.001,0.75,0.1,0.2,4.0,56.139635,56.21603376577297,0.0763987657729714,0.0763987657729714
G04_R0536,G04,train,250,50,0.001,0.75,0.2,0.2,4.0,82.977583,83.0088146322301,0.0312316322301029,0.0312316322301029
G04_R0537,G04,train,250,50,0.001,0.75,0.3,0.2,4.0,125.592298,125.48497011525802,-0.1073278847419771,0.1073278847419771
G04_R0538,G04,train,250,50,0.001,0.7,0.1,0.2,4.0,56.524884,56.45683217667451,-0.06805182332549,0.06805182332549
G04_R0539,G04,train,250,50,0.001,0.7,0.2,0.2,4.0,83.734167,83.6209865133837,-0.1131804866163008,0.1131804866163008
G04_R0540,G04,train,250,50,0.001,0.7,0.3,0.2,4.0,127.040237,126.82496930289696,-0.2152676971030587,0.2152676971030587
G04_R0541,G04,train,250,50,0.0001,0.85,0.1,0.2,4.0,68.24374399999999,68.31451841254524,0.0707744125452478,0.0707744125452478
G04_R0542,G04,train,250,50,0.0001,0.85,0.2,0.2,4.0,107.570681,107.68481772835588,0.1141367283558736,0.1141367283558736
G04_R0543,G04,train,250,50,0.0001,0.85,0.3,0.2,4.0,173.60053499999998,173.9480221990342,0.3474871990342194,0.3474871990342194
G04_R0544,G04,train,250,50,0.0001,0.8,0.1,0.2,4.0,68.463212,68.44103498165225,-0.0221770183477474,0.0221770183477474
G04_R0545,G04,train,250,50,0.0001,0.8,0.2,0.2,4.0,108.119634,108.06255849357323,-0.05707550642677,0.05707550642677
G04_R0546,G04,train,250,50,0.0001,0.8,0.3,0.2,4.0,174.73209300000002,174.57969739190747,-0.1523956080925472,0.1523956080925472
G04_R0547,G04,train,250,50,0.0001,0.75,0.1,0.2,4.0,68.70152999999999,68.78485975113463,0.0833297511346415,0.0833297511346415
G04_R0548,G04,train,250,50,0.0001,0.75,0.2,0.2,4.0,108.738564,108.90546652939716,0.1669025293971628,0.1669025293971628
G04_R0549,G04,train,250,50,0.0001,0.75,0.3,0.2,4.0,175.993844,176.13496878625784,0.1411247862578477,0.1411247862578477
G04_R0550,G04,train,250,50,0.0001,0.7,0.1,0.2,4.0,68.962672,68.86462056960251,-0.0980514303974899,0.0980514303974899
G04_R0551,G04,train,250,50,0.0001,0.7,0.2,0.2,4.0,109.427351,109.2281534284224,-0.1991975715776135,0.1991975715776135
G04_R0552,G04,train,250,50,0.0001,0.7,0.3,0.2,4.0,177.42581,177.25518756901727,-0.1706224309827462,0.1706224309827462
G04_R0553,G04,test,250,50,1e-05,0.85,0.1,0.2,4.0,95.452035,95.58156154853933,0.1295265485393315,0.1295265485393315
G04_R0554,G04,test,250,50,1e-05,0.85,0.2,0.2,4.0,192.29868,192.54103686140817,0.242356861408183,0.242356861408183
G04_R0555,G04,train,250,50,1e-05,0.85,0.3,0.2,4.0,350.77374,351.3524048292462,0.578664829246236,0.578664829246236
G04_R0556,G04,train,250,50,1e-05,0.8,0.1,0.2,4.0,95.857438,95.82114649202131,-0.0362915079786887,0.0362915079786887
G04_R0557,G04,test,250,50,1e-05,0.8,0.2,0.2,4.0,193.58792,193.29372912004055,-0.2941908799594159,0.2941908799594159
G04_R0558,G04,train,250,50,1e-05,0.8,0.3,0.2,4.0,353.39302,352.869327779929,-0.5236922200709841,0.5236922200709841
G04_R0559,G04,train,250,50,1e-05,0.75,0.1,0.2,4.0,96.320771,96.43186004676105,0.1110890467610516,0.1110890467610516
G04_R0560,G04,train,250,50,1e-05,0.75,0.2,0.2,4.0,195.06709,195.13676570163167,0.0696757016316667,0.0696757016316667
G04_R0561,G04,train,250,50,1e-05,0.75,0.3,0.2,4.0,356.42226,356.3567037017851,-0.0655562982149149,0.0655562982149149
G04_R0562,G04,train,250,50,1e-05,0.7,0.1,0.2,4.0,96.856032,96.75261268949716,-0.1034193105028293,0.1034193105028293
G04_R0563,G04,train,250,50,1e-05,0.7,0.2,0.2,4.0,196.79619,196.4803689387,-0.3158210613000278,0.3158210613000278
G04_R0564,G04,train,250,50,1e-05,0.7,0.3,0.2,4.0,359.95146,359.4021237420174,-0.5493362579825884,0.5493362579825884
G04_R0565,G04,train,250,50,1e-06,0.85,0.1,0.2,4.0,280.450627,280.1603375102723,-0.2902894897276837,0.2902894897276837
G04_R0566,G04,train,250,50,1e-06,0.85,0.2,0.2,4.0,866.40768,866.0904092232075,-0.3172707767924976,0.3172707767924976
G04_R0567,G04,train,250,50,1e-06,0.85,0.3,0.2,4.0,1826.2476,1824.8317130554824,-1.4158869445172968,1.4158869445172968
G04_R0568,G04,train,250,50,1e-06,0.8,0.1,0.2,4.0,281.6604,281.5238131063216,-0.136586893678384,0.136586893678384
G04_R0569,G04,train,250,50,1e-06,0.8,0.2,0.2,4.0,870.40739,869.4584042987948,-0.9489857012051744,0.9489857012051744
G04_R0570,G04,train,250,50,1e-06,0.8,0.3,0.2,4.0,1834.24727,1833.4375977731945,-0.8096722268055601,0.8096722268055601
G04_R0571,G04,train,250,50,1e-06,0.75,0.1,0.2,4.0,283.070156,282.9830455643758,-0.0871104356241971,0.0871104356241971
G04_R0572,G04,test,250,50,1e-06,0.75,0.2,0.2,4.0,875.21708,874.2508795768567,-0.9662004231432776,0.9662004231432776
G04_R0573,G04,train,250,50,1e-06,0.75,0.3,0.2,4.0,1843.74692,1841.134232114764,-2.6126878852364825,2.6126878852364825
G04_R0574,G04,train,250,50,1e-06,0.7,0.1,0.2,4.0,284.77989,284.5996423525199,-0.1802476474801437,0.1802476474801437
G04_R0575,G04,train,250,50,1e-06,0.7,0.2,0.2,4.0,880.91675,880.2254543887492,-0.69129561125078,0.69129561125078
G04_R0576,G04,train,250,50,1e-06,0.7,0.3,0.2,4.0,1854.84654,1853.8585487256496,-0.9879912743501792,0.9879912743501792
G04_R0577,G04,train,500,3,0.001,0.85,0.1,0.2,4.0,142.093539,142.2795040142499,0.1859650142499163,0.1859650142499163
G04_R0578,G04,test,500,3,0.001,0.85,0.2,0.2,4.0,210.148251,210.8074149924664,0.6591639924663752,0.6591639924663752
G04_R0579,G04,test,500,3,0.001,0.85,0.3,0.2,4.0,316.99584,317.68990528747736,0.6940652874773718,0.6940652874773718
G04_R0580,G04,train,500,3,0.001,0.8,0.1,0.2,4.0,143.07872999999998,142.9595567338978,-0.119173266102166,0.119173266102166
G04_R0581,G04,test,500,3,0.001,0.8,0.2,0.2,4.0,212.074008,211.6938645614113,-0.3801434385887035,0.3801434385887035
G04_R0582,G04,train,500,3,0.001,0.8,0.3,0.2,4.0,320.55223,320.58382460812567,0.0315946081256584,0.0315946081256584
G04_R0583,G04,test,500,3,0.001,0.75,0.1,0.2,4.0,144.123571,144.39618091642805,0.2726099164280526,0.2726099164280526
G04_R0584,G04,train,500,3,0.001,0.75,0.2,0.2,4.0,214.15956,214.2094368744915,0.0498768744915025,0.0498768744915025
G04_R0585,G04,train,500,3,0.001,0.75,0.3,0.2,4.0,324.39831000000004,324.9284440704546,0.530134070454551,0.530134070454551
G04_R0586,G04,test,500,3,0.001,0.7,0.1,0.2,4.0,145.24804,144.90886974211583,-0.3391702578841489,0.3391702578841489
G04_R0587,G04,train,500,3,0.001,0.7,0.2,0.2,4.0,216.42489,215.81518425425327,-0.6097057457466803,0.6097057457466803
G04_R0588,G04,train,500,3,0.001,0.7,0.3,0.2,4.0,328.60433,328.21354362456395,-0.3907863754360505,0.3907863754360505
G04_R0589,G04,train,500,3,0.0001,0.85,0.1,0.2,4.0,172.435759,172.81905364220856,0.3832946422085683,0.3832946422085683
G04_R0590,G04,train,500,3,0.0001,0.85,0.2,0.2,4.0,275.054616,275.5891242700488,0.5345082700487751,0.5345082700487751
G04_R0591,G04,test,500,3,0.0001,0.85,0.3,0.2,4.0,445.443973,447.6066434083632,2.1626704083631125,2.1626704083631125
G04_R0592,G04,train,500,3,0.0001,0.8,0.1,0.2,4.0,173.132981,173.04413167595885,-0.0888493240411492,0.0888493240411492
G04_R0593,G04,train,500,3,0.0001,0.8,0.2,0.2,4.0,276.925877,276.6308465759577,-0.2950304240422952,0.2950304240422952
G04_R0594,G04,test,500,3,0.0001,0.8,0.3,0.2,4.0,449.325591,448.71743874669954,-0.6081522533004318,0.6081522533004318
G04_R0595,G04,train,500,3,0.0001,0.75,0.1,0.2,4.0,173.88992000000002,173.9953225834135,0.105402583413479,0.105402583413479
G04_R0596,G04,train,500,3,0.0001,0.75,0.2,0.2,4.0,278.997201,279.53303240270805,0.5358314027080269,0.5358314027080269
G04_R0597,G04,train,500,3,0.0001,0.75,0.3,0.2,4.0,453.718543,454.041248525553,0.3227055255530331,0.3227055255530331
G04_R0598,G04,train,500,3,0.0001,0.7,0.1,0.2,4.0,174.72653000000005,174.5159996595551,-0.2105303404449614,0.2105303404449614
G04_R0599,G04,train,500,3,0.0001,0.7,0.2,0.2,4.0,281.378667,280.93591946214667,-0.4427475378533358,0.4427475378533358
G04_R0600,G04,train,500,3,0.0001,0.7,0.3,0.2,4.0,458.73303,457.8896507636285,-0.8433792363714474,0.8433792363714474
G04_R0601,G04,train,500,3,1e-05,0.85,0.1,0.2,4.0,235.95608,236.3138680664356,0.3577880664356314,0.3577880664356314
G04_R0602,G04,train,500,3,1e-05,0.85,0.2,0.2,4.0,467.88168,468.4869988397211,0.6053188397210647,0.6053188397210647
G04_R0603,G04,train,500,3,1e-05,0.85,0.3,0.2,4.0,843.14757,843.893775957778,0.7462059577779883,0.7462059577779883
G04_R0604,G04,train,500,3,1e-05,0.8,0.1,0.2,4.0,237.36491,237.1962397919306,-0.1686702080694146,0.1686702080694146
G04_R0605,G04,train,500,3,1e-05,0.8,0.2,0.2,4.0,472.30065,471.80399236764976,-0.4966576323502636,0.4966576323502636
G04_R0606,G04,train,500,3,1e-05,0.8,0.3,0.2,4.0,852.3584,851.6963570070278,-0.6620429929721467,0.6620429929721467
G04_R0607,G04,test,500,3,1e-05,0.75,0.1,0.2,4.0,238.85364,239.25077209703807,0.39713209703811,0.39713209703811
G04_R0608,G04,train,500,3,1e-05,0.75,0.2,0.2,4.0,477.34957,477.7419371721315,0.3923671721314576,0.3923671721314576
G04_R0609,G04,train,500,3,1e-05,0.75,0.3,0.2,4.0,862.93957,862.2192084970416,-0.7203615029584398,0.7203615029584398
G04_R0610,G04,train,500,3,1e-05,0.7,0.1,0.2,4.0,240.56224,240.31034079464263,-0.251899205357347,0.251899205357347
G04_R0611,G04,train,500,3,1e-05,0.7,0.2,0.2,4.0,483.16846,482.4141380458856,-0.7543219541143458,0.7543219541143458
G04_R0612,G04,test,500,3,1e-05,0.7,0.3,0.2,4.0,875.22118,871.7530778278026,-3.468102172197405,3.468102172197405
G04_R0613,G04,train,500,3,1e-06,0.85,0.1,0.2,4.0,624.00442,623.6531446349684,-0.3512753650315972,0.3512753650315972
G04_R0614,G04,train,500,3,1e-06,0.85,0.2,0.2,4.0,1873.1415,1871.9168015168427,-1.2246984831572263,1.2246984831572263
G04_R0615,G04,test,500,3,1e-06,0.85,0.3,0.2,4.0,3906.07116,3893.74794773667,-12.32321226332988,12.32321226332988
G04_R0616,G04,train,500,3,1e-06,0.8,0.1,0.2,4.0,628.50396,626.9273192233097,-1.576640776690283,1.576640776690283
G04_R0617,G04,train,500,3,1e-06,0.8,0.2,0.2,4.0,1887.64093,1885.9014009420632,-1.7395290579368066,1.7395290579368066
G04_R0618,G04,train,500,3,1e-06,0.8,0.3,0.2,4.0,3935.17053,3929.9821277302544,-5.188402269745438,5.188402269745438
G04_R0619,G04,train,500,3,1e-06,0.75,0.1,0.2,4.0,633.4534699999999,632.6001261472077,-0.8533438527922499,0.8533438527922499
G04_R0620,G04,train,500,3,1e-06,0.75,0.2,0.2,4.0,1903.64032,1901.897052647732,-1.7432673522678217,1.7432673522678217
G04_R0621,G04,train,500,3,1e-06,0.75,0.3,0.2,4.0,3967.96985,3965.378619469032,-2.5912305309675503,2.5912305309675503
G04_R0622,G04,test,500,3,1e-06,0.7,0.1,0.2,4.0,638.90295,637.8865919725134,-1.0163580274866035,1.0163580274866035
G04_R0623,G04,train,500,3,1e-06,0.7,0.2,0.2,4.0,1922.13965,1918.6177410817984,-3.521908918201916,3.521908918201916
G04_R0624,G04,train,500,3,1e-06,0.7,0.3,0.2,4.0,4006.36913,4003.18921228934,-3.1799177106599927,3.1799177106599927
G04_R0625,G04,train,500,6,0.001,0.85,0.1,0.2,4.0,142.093539,142.2681933602321,0.1746543602320969,0.1746543602320969
G04_R0626,G04,train,500,6,0.001,0.85,0.2,0.2,4.0,210.148251,210.78509225400805,0.6368412540080612,0.6368412540080612
G04_R0627,G04,train,500,6,0.001,0.85,0.3,0.2,4.0,316.99584,317.66169822304283,0.6658582230428465,0.6658582230428465
G04_R0628,G04,train,500,6,0.001,0.8,0.1,0.2,4.0,143.07872999999998,142.94824607987997,-0.1304839201200138,0.1304839201200138
G04_R0629,G04,train,500,6,0.001,0.8,0.2,0.2,4.0,212.074008,211.6583522520006,-0.4156557479993807,0.4156557479993807
G04_R0630,G04,train,500,6,0.001,0.8,0.3,0.2,4.0,320.55223,320.5616472074411,0.0094172074411176,0.0094172074411176
G04_R0631,G04,train,500,6,0.001,0.75,0.1,0.2,4.0,144.123571,144.40120208517806,0.2776310851780579,0.2776310851780579
G04_R0632,G04,train,500,6,0.001,0.75,0.2,0.2,4.0,214.15956,214.1444739660333,-0.0150860339666962,0.0150860339666962
G04_R0633,G04,train,500,6,0.001,0.75,0.3,0.2,4.0,324.39831000000004,324.90000869003745,0.501698690037415,0.501698690037415
G04_R0634,G04,train,500,6,0.001,0.7,0.1,0.2,4.0,145.24804,144.91529233128256,-0.3327476687174453,0.3327476687174453
G04_R0635,G04,train,500,6,0.001,0.7,0.2,0.2,4.0,216.42489,215.7530486624618,-0.6718413375382113,0.6718413375382113
G04_R0636,G04,train,500,6,0.001,0.7,0.3,0.2,4.0,328.60433,328.21355400456395,-0.3907759954360585,0.3907759954360585
G04_R0637,G04,test,500,6,0.0001,0.85,0.1,0.2,4.0,172.435759,172.84990801743191,0.4141490174319244,0.4141490174319244
G04_R0638,G04,train,500,6,0.0001,0.85,0.2,0.2,4.0,275.054616,275.581206318278,0.5265903182779539,0.5265903182779539
G04_R0639,G04,test,500,6,0.0001,0.85,0.3,0.2,4.0,445.443973,447.6066434083632,2.1626704083631125,2.1626704083631125
G04_R0640,G04,train,500,6,0.0001,0.8,0.1,0.2,4.0,173.132981,173.07498605118224,-0.0579949488177646,0.0579949488177646
G04_R0641,G04,test,500,6,0.0001,0.8,0.2,0.2,4.0,276.925877,276.6262518818119,-0.2996251181880893,0.2996251181880893
G04_R0642,G04,train,500,6,0.0001,0.8,0.3,0.2,4.0,449.325591,448.71743874669954,-0.6081522533004318,0.6081522533004318
G04_R0643,G04,train,500,6,0.0001,0.75,0.1,0.2,4.0,173.88992000000002,173.99365996789268,0.1037399678926647,0.1037399678926647
G04_R0644,G04,train,500,6,0.0001,0.75,0.2,0.2,4.0,278.997201,279.5655664034581,0.5683654034580741,0.5683654034580741
G04_R0645,G04,train,500,6,0.0001,0.75,0.3,0.2,4.0,453.718543,454.0473992472613,0.3288562472612852,0.3288562472612852
G04_R0646,G04,train,500,6,0.0001,0.7,0.1,0.2,4.0,174.72653000000005,174.51232432403424,-0.2142056759658146,0.2142056759658146
G04_R0647,G04,train,500,6,0.0001,0.7,0.2,0.2,4.0,281.378667,280.96845346289666,-0.4102135371033455,0.4102135371033455
G04_R0648,G04,train,500,6,0.0001,0.7,0.3,0.2,4.0,458.73303,457.9069209190868,-0.8261090809131701,0.8261090809131701
G04_R0649,G04,train,500,6,1e-05,0.85,0.1,0.2,4.0,235.95608,236.3321758870309,0.3760958870309139,0.3760958870309139
G04_R0650,G04,train,500,6,1e-05,0.85,0.2,0.2,4.0,467.88168,468.5040460357925,0.6223660357924246,0.6223660357924246
G04_R0651,G04,train,500,6,1e-05,0.85,0.3,0.2,4.0,843.14757,843.709722009519,0.5621520095190817,0.5621520095190817
G04_R0652,G04,train,500,6,1e-05,0.8,0.1,0.2,4.0,237.36491,237.21256594794255,-0.1523440520574297,0.1523440520574297
G04_R0653,G04,train,500,6,1e-05,0.8,0.2,0.2,4.0,472.30065,471.8137317970545,-0.4869182029455032,0.4869182029455032
G04_R0654,G04,train,500,6,1e-05,0.8,0.3,0.2,4.0,852.3584,851.4520129112987,-0.906387088701308,0.906387088701308
G04_R0655,G04,train,500,6,1e-05,0.75,0.1,0.2,4.0,238.85364,239.24879043245485,0.3951504324548409,0.3951504324548409
G04_R0656,G04,train,500,6,1e-05,0.75,0.2,0.2,4.0,477.34957,477.74490602876847,0.3953360287684404,0.3953360287684404
G04_R0657,G04,test,500,6,1e-05,0.75,0.3,0.2,4.0,862.93957,861.9780356361042,-0.9615343638957938,0.9615343638957938
G04_R0658,G04,train,500,6,1e-05,0.7,0.1,0.2,4.0,240.56224,240.30835913005933,-0.2538808699406729,0.2538808699406729
G04_R0659,G04,train,500,6,1e-05,0.7,0.2,0.2,4.0,483.16846,482.4134064316892,-0.7550535683107569,0.7550535683107569
G04_R0660,G04,train,500,6,1e-05,0.7,0.3,0.2,4.0,875.22118,871.6270887199902,-3.5940912800098204,3.5940912800098204
G04_R0661,G04,train,500,6,1e-06,0.85,0.1,0.2,4.0,624.00442,623.6883479753855,-0.3160720246145274,0.3160720246145274
G04_R0662,G04,train,500,6,1e-06,0.85,0.2,0.2,4.0,1873.1415,1871.888576239759,-1.2529237602409466,1.2529237602409466
G04_R0663,G04,train,500,6,1e-06,0.85,0.3,0.2,4.0,3906.07116,3893.733179360004,-12.337980639996204,12.337980639996204
G04_R0664,G04,train,500,6,1e-06,0.8,0.1,0.2,4.0,628.50396,626.8287057591426,-1.6752542408573845,1.6752542408573845
G04_R0665,G04,train,500,6,1e-06,0.8,0.2,0.2,4.0,1887.64093,1885.873681475396,-1.767248524603929,1.767248524603929
G04_R0666,G04,train,500,6,1e-06,0.8,0.3,0.2,4.0,3935.17053,3929.6026687611943,-5.567861238805108,5.567861238805108
G04_R0667,G04,train,500,6,1e-06,0.75,0.1,0.2,4.0,633.4534699999999,632.7426055622084,-0.7108644377915425,0.7108644377915425
G04_R0668,G04,train,500,6,1e-06,0.75,0.2,0.2,4.0,1903.64032,1901.905722544608,-1.7345974553923045,1.7345974553923045
G04_R0669,G04,train,500,6,1e-06,0.75,0.3,0.2,4.0,3967.96985,3965.272014969617,-2.6978350303834304,2.6978350303834304
G04_R0670,G04,train,500,6,1e-06,0.7,0.1,0.2,4.0,638.90295,637.9270948600137,-0.9758551399863792,0.9758551399863792
G04_R0671,G04,test,500,6,1e-06,0.7,0.2,0.2,4.0,1922.13965,1918.507978515132,-3.631671484868093,3.631671484868093
G04_R0672,G04,train,500,6,1e-06,0.7,0.3,0.2,4.0,4006.36913,4003.146221840087,-3.222908159913459,3.222908159913459
G04_R0673,G04,train,500,20,0.001,0.85,0.1,0.2,4.0,142.09354100000002,142.24584582508632,0.1523048250863041,0.1523048250863041
G04_R0674,G04,test,500,20,0.001,0.85,0.2,0.2,4.0,210.148251,210.9029691132465,0.7547181132465539,0.7547181132465539
G04_R0675,G04,test,500,20,0.001,0.85,0.3,0.2,4.0,316.99584,317.6713679926115,0.675527992611535,0.675527992611535
G04_R0676,G04,test,500,20,0.001,0.8,0.1,0.2,4.0,143.07873199999997,142.92742642625498,-0.1513055737449917,0.1513055737449917
G04_R0677,G04,train,500,20,0.001,0.8,0.2,0.2,4.0,212.074008,211.75445344355165,-0.3195545564483382,0.3195545564483382
G04_R0678,G04,train,500,20,0.001,0.8,0.3,0.2,4.0,320.55223,320.5749071045694,0.0226771045693681,0.0226771045693681
G04_R0679,G04,train,500,20,0.001,0.75,0.1,0.2,4.0,144.123574,144.40643580094303,0.2828618009430386,0.2828618009430386
G04_R0680,G04,train,500,20,0.001,0.75,0.2,0.2,4.0,214.15956,214.0936023411706,-0.0659576588294044,0.0659576588294044
G04_R0681,G04,train,500,20,0.001,0.75,0.3,0.2,4.0,324.39831000000004,324.97494091697223,0.5766309169721922,0.5766309169721922
G04_R0682,G04,train,500,20,0.001,0.7,0.1,0.2,4.0,145.248043,144.91789517767253,-0.3301478223274614,0.3301478223274614
G04_R0683,G04,train,500,20,0.001,0.7,0.2,0.2,4.0,216.42489,215.6783804085393,-0.746509591460665,0.746509591460665
G04_R0684,G04,train,500,20,0.001,0.7,0.3,0.2,4.0,328.60433,328.32886448149816,-0.2754655185018464,0.2754655185018464
G04_R0685,G04,test,500,20,0.0001,0.85,0.1,0.2,4.0,172.435759,172.8533725376492,0.4176135376492027,0.4176135376492027
G04_R0686,G04,test,500,20,0.0001,0.85,0.2,0.2,4.0,275.054616,275.6418512627156,0.5872352627155806,0.5872352627155806
G04_R0687,G04,train,500,20,0.0001,0.85,0.3,0.2,4.0,445.443973,447.550115593883,2.1061425938829643,2.1061425938829643
G04_R0688,G04,train,500,20,0.0001,0.8,0.1,0.2,4.0,173.132981,173.0784505713995,-0.0545304286005148,0.0545304286005148
G04_R0689,G04,train,500,20,0.0001,0.8,0.2,0.2,4.0,276.925877,276.68446972609473,-0.2414072739052812,0.2414072739052812
G04_R0690,G04,train,500,20,0.0001,0.8,0.3,0.2,4.0,449.325591,448.6504536728445,-0.6751373271555394,0.6751373271555394
G04_R0691,G04,train,500,20,0.0001,0.75,0.1,0.2,4.0,173.88992000000002,173.96738413327068,0.0774641332706664,0.0774641332706664
G04_R0692,G04,train,500,20,0.0001,0.75,0.2,0.2,4.0,279.027203,279.60465433932126,0.5774513393212715,0.5774513393212715
G04_R0693,G04,train,500,20,0.0001,0.75,0.3,0.2,4.0,453.718543,453.9328021004267,0.214259100426716,0.214259100426716
G04_R0694,G04,test,500,20,0.0001,0.7,0.1,0.2,4.0,174.72653000000005,174.48553969457896,-0.2409903054210929,0.2409903054210929
G04_R0695,G04,train,500,20,0.0001,0.7,0.2,0.2,4.0,281.408662,281.0231724099053,-0.3854895900946644,0.3854895900946644
G04_R0696,G04,train,500,20,0.0001,0.7,0.3,0.2,4.0,458.73303,457.8496938890359,-0.8833361109640805,0.8833361109640805
G04_R0697,G04,train,500,20,1e-05,0.85,0.1,0.2,4.0,235.95608,236.3665754287272,0.4104954287272164,0.4104954287272164
G04_R0698,G04,train,500,20,1e-05,0.85,0.2,0.2,4.0,467.97168,468.5122310931749,0.5405510931748836,0.5405510931748836
G04_R0699,G04,train,500,20,1e-05,0.85,0.3,0.2,4.0,843.24757,843.7616749797278,0.5141049797277901,0.5141049797277901
G04_R0700,G04,train,500,20,1e-05,0.8,0.1,0.2,4.0,237.36491,237.2554459217219,-0.1094640782781084,0.1094640782781084
G04_R0701,G04,train,500,20,1e-05,0.8,0.2,0.2,4.0,472.3906500000001,471.8100081402704,-0.5806418597297238,0.5806418597297238
G04_R0702,G04,train,500,20,1e-05,0.8,0.3,0.2,4.0,852.4584100000001,851.6349781112516,-0.8234318887484733,0.8234318887484733
G04_R0703,G04,train,500,20,1e-05,0.75,0.1,0.2,4.0,238.85364,239.24305481467695,0.389414814676968,0.389414814676968
G04_R0704,G04,train,500,20,1e-05,0.75,0.2,0.2,4.0,477.43957,477.74062892891607,0.3010589289160634,0.3010589289160634
G04_R0705,G04,train,500,20,1e-05,0.75,0.3,0.2,4.0,863.03958,862.0770511495707,-0.962528850429294,0.962528850429294
G04_R0706,G04,train,500,20,1e-05,0.7,0.1,0.2,4.0,240.56224,240.29949912126975,-0.2627408787302272,0.2627408787302272
G04_R0707,G04,train,500,20,1e-05,0.7,0.2,0.2,4.0,483.26846,482.4084112159448,-0.860048784055266,0.860048784055266
G04_R0708,G04,train,500,20,1e-05,0.7,0.3,0.2,4.0,875.33119,871.7683084006594,-3.562881599340585,3.562881599340585
G04_R0709,G04,train,500,20,1e-06,0.85,0.1,0.2,4.0,624.00442,623.4771759724389,-0.5272440275610961,0.5272440275610961
G04_R0710,G04,train,500,20,1e-06,0.85,0.2,0.2,4.0,1873.1415,1872.2222180909491,-0.9192819090505964,0.9192819090505964
G04_R0711,G04,test,500,20,1e-06,0.85,0.3,0.2,4.0,3906.07116,3891.694246299445,-14.376913700555178,14.376913700555178
G04_R0712,G04,test,500,20,1e-06,0.8,0.1,0.2,4.0,628.50396,626.6638016769701,-1.8401583230298684,1.8401583230298684
G04_R0713,G04,train,500,20,1e-06,0.8,0.2,0.2,4.0,1887.64093,1885.7320973896317,-1.908832610368563,1.908832610368563
G04_R0714,G04,test,500,20,1e-06,0.8,0.3,0.2,4.0,3935.17053,3929.048648446731,-6.1218815532688495,6.1218815532688495
G04_R0715,G04,train,500,20,1e-06,0.75,0.1,0.2,4.0,633.4534699999999,632.6804434522378,-0.7730265477621288,0.7730265477621288
G04_R0716,G04,train,500,20,1e-06,0.75,0.2,0.2,4.0,1903.64032,1902.141007498109,-1.4993125018909268,1.4993125018909268
G04_R0717,G04,train,500,20,1e-06,0.75,0.3,0.2,4.0,3967.96985,3965.363258505928,-2.6065914940722905,2.6065914940722905
G04_R0718,G04,train,500,20,1e-06,0.7,0.1,0.2,4.0,638.90295,637.9831636540316,-0.9197863459684186,0.9197863459684186
G04_R0719,G04,train,500,20,1e-06,0.7,0.2,0.2,4.0,1922.13965,1919.073406395249,-3.0662436047505253,3.0662436047505253
G04_R0720,G04,train,500,20,1e-06,0.7,0.3,0.2,4.0,4006.36914,4003.4259478698486,-2.9431921301511466,2.9431921301511466
G04_R0721,G04,train,500,50,0.001,0.85,0.1,0.2,4.0,142.093542,142.25862581601336,0.1650838160133503,0.1650838160133503
G04_R0722,G04,test,500,50,0.001,0.85,0.2,0.2,4.0,210.148256,210.89485803255909,0.7466020325590819,0.7466020325590819
G04_R0723,G04,train,500,50,0.001,0.85,0.3,0.2,4.0,316.99584,317.6705452055282,0.6747052055281983,0.6747052055281983
G04_R0724,G04,train,500,50,0.001,0.8,0.1,0.2,4.0,143.078733,142.94056719280704,-0.1381658071929621,0.1381658071929621
G04_R0725,G04,train,500,50,0.001,0.8,0.2,0.2,4.0,212.084017,211.7433618844267,-0.3406551155732984,0.3406551155732984
G04_R0726,G04,train,500,50,0.001,0.8,0.3,0.2,4.0,320.55223,320.573859019986,0.021629019985994,0.021629019985994
G04_R0727,G04,train,500,50,0.001,0.75,0.1,0.2,4.0,144.13357499999998,144.40625989600102,0.2726848960010386,0.2726848960010386
G04_R0728,G04,train,500,50,0.001,0.75,0.2,0.2,4.0,214.16957,214.06979898022712,-0.0997710197728736,0.0997710197728736
G04_R0729,G04,test,500,50,0.001,0.75,0.3,0.2,4.0,324.39831000000004,324.97298475447224,0.5746747544721984,0.5746747544721984
G04_R0730,G04,train,500,50,0.001,0.7,0.1,0.2,4.0,145.248044,144.91962856429305,-0.328415435706944,0.328415435706944
G04_R0731,G04,test,500,50,0.001,0.7,0.2,0.2,4.0,216.42489,215.6386762857209,-0.7862137142791141,0.7862137142791141
G04_R0732,G04,test,500,50,0.001,0.7,0.3,0.2,4.0,328.60433,328.32886448149816,-0.2754655185018464,0.2754655185018464
G04_R0733,G04,train,500,50,0.0001,0.85,0.1,0.2,4.0,172.435759,172.81622063016667,0.3804616301666783,0.3804616301666783
G04_R0734,G04,train,500,50,0.0001,0.85,0.2,0.2,4.0,275.064617,275.64065948075705,0.576042480757053,0.576042480757053
G04_R0735,G04,train,500,50,0.0001,0.85,0.3,0.2,4.0,445.443973,447.5180998605497,2.0741268605496543,2.0741268605496543
G04_R0736,G04,train,500,50,0.0001,0.8,0.1,0.2,4.0,173.132981,173.04256544766696,-0.0904155523330416,0.0904155523330416
G04_R0737,G04,train,500,50,0.0001,0.8,0.2,0.2,4.0,276.935878,276.68327794413625,-0.252600055863752,0.252600055863752
G04_R0738,G04,test,500,50,0.0001,0.8,0.3,0.2,4.0,449.325591,448.6069813167135,-0.7186096832865019,0.7186096832865019
G04_R0739,G04,train,500,50,0.0001,0.75,0.1,0.2,4.0,173.88992000000002,173.97726866585398,0.0873486658539661,0.0873486658539661
G04_R0740,G04,test,500,50,0.0001,0.75,0.2,0.2,4.0,279.027203,279.59299346909205,0.5657904690920645,0.5657904690920645
G04_R0741,G04,train,500,50,0.0001,0.75,0.3,0.2,4.0,453.718543,453.88561590923325,0.1670729092332408,0.1670729092332408
G04_R0742,G04,train,500,50,0.0001,0.7,0.1,0.2,4.0,174.73653000000002,174.4969514192456,-0.2395785807544257,0.2395785807544257
G04_R0743,G04,train,500,50,0.0001,0.7,0.2,0.2,4.0,281.408662,281.0152802330512,-0.393381766948778,0.393381766948778
G04_R0744,G04,train,500,50,0.0001,0.7,0.3,0.2,4.0,458.73303,457.8414671315925,-0.8915628684075045,0.8915628684075045
G04_R0745,G04,test,500,50,1e-05,0.85,0.1,0.2,4.0,235.99608,236.3665754287272,0.370495428727196,0.370495428727196
G04_R0746,G04,train,500,50,1e-05,0.85,0.2,0.2,4.0,467.98168,468.5115105217167,0.5298305217166899,0.5298305217166899
G04_R0747,G04,train,500,50,1e-05,0.85,0.3,0.2,4.0,843.14757,843.7997300428532,0.652160042853211,0.652160042853211
G04_R0748,G04,train,500,50,1e-05,0.8,0.1,0.2,4.0,237.40491,237.2554459217219,-0.1494640782781005,0.1494640782781005
G04_R0749,G04,train,500,50,1e-05,0.8,0.2,0.2,4.0,472.40065,471.81133831047896,-0.5893116895210255,0.5893116895210255
G04_R0750,G04,train,500,50,1e-05,0.8,0.3,0.2,4.0,852.3584,851.6832299912516,-0.6751700087484096,0.6751700087484096
G04_R0751,G04,train,500,50,1e-05,0.75,0.1,0.2,4.0,238.89364,239.22255741884385,0.3289174188438153,0.3289174188438153
G04_R0752,G04,train,500,50,1e-05,0.75,0.2,0.2,4.0,477.4495700000001,477.7487485576662,0.2991785576660959,0.2991785576660959
G04_R0753,G04,train,500,50,1e-05,0.75,0.3,0.2,4.0,862.93957,862.2990413582016,-0.6405286417983689,0.6405286417983689
G04_R0754,G04,train,500,50,1e-05,0.7,0.1,0.2,4.0,240.60224,240.2790017254366,-0.3232382745634083,0.3232382745634083
G04_R0755,G04,train,500,50,1e-05,0.7,0.2,0.2,4.0,483.28846,482.41590499761145,-0.8725550023885376,0.8725550023885376
G04_R0756,G04,train,500,50,1e-05,0.7,0.3,0.2,4.0,875.22118,871.8713186030405,-3.3498613969594544,3.3498613969594544
G04_R0757,G04,train,500,50,1e-06,0.85,0.1,0.2,4.0,624.00442,623.3838434972105,-0.620576502789504,0.620576502789504
G04_R0758,G04,train,500,50,1e-06,0.85,0.2,0.2,4.0,1873.1415,1871.5345674403245,-1.6069325596754425,1.6069325596754425
G04_R0759,G04,test,500,50,1e-06,0.85,0.3,0.2,4.0,3906.07116,3891.685270378611,-14.385889621388742,14.385889621388742
G04_R0760,G04,test,500,50,1e-06,0.8,0.1,0.2,4.0,628.50396,626.5938872996587,-1.9100727003412885,1.9100727003412885
G04_R0761,G04,train,500,50,1e-06,0.8,0.2,0.2,4.0,1887.64093,1885.5465916763285,-2.0943383236715363,2.0943383236715363
G04_R0762,G04,train,500,50,1e-06,0.8,0.3,0.2,4.0,3935.17053,3929.295128605062,-5.875401394937853,5.875401394937853
G04_R0763,G04,test,500,50,1e-06,0.75,0.1,0.2,4.0,633.4534699999999,632.6921167843212,-0.761353215678696,0.761353215678696
G04_R0764,G04,train,500,50,1e-06,0.75,0.2,0.2,4.0,1903.64032,1902.1700689512336,-1.4702510487663858,1.4702510487663858
G04_R0765,G04,train,500,50,1e-06,0.75,0.3,0.2,4.0,3967.96985,3964.968487890927,-3.0013621090733977,3.0013621090733977
G04_R0766,G04,train,500,50,1e-06,0.7,0.1,0.2,4.0,638.90295,638.0476815594484,-0.8552684405516402,0.8552684405516402
G04_R0767,G04,train,500,50,1e-06,0.7,0.2,0.2,4.0,1922.23965,1919.1024678483743,-3.137182151625666,3.137182151625666
G04_R0768,G04,train,500,50,1e-06,0.7,0.3,0.2,4.0,4006.36913,4003.413649719848,-2.9554802801517326,2.9554802801517326
G05_R0001,G05,train,25,3,0.001,0.85,0.1,0.2,5.0,4.0443446000000005,4.048239987464259,0.0038953874642588,0.0038953874642588
G05_R0002,G05,train,25,3,0.001,0.85,0.2,0.2,5.0,5.8074904,5.816192531658751,0.008702131658751,0.008702131658751
G05_R0003,G05,train,25,3,0.001,0.85,0.3,0.2,5.0,8.5446186,8.560465677989091,0.0158470779890915,0.0158470779890915
G05_R0004,G05,test,25,3,0.001,0.8,0.1,0.2,5.0,4.0588316,4.056216100720511,-0.0026154992794893,0.0026154992794893
G05_R0005,G05,test,25,3,0.001,0.8,0.2,0.2,5.0,5.8359987,5.834130546975825,-0.0018681530241755,0.0018681530241755
G05_R0006,G05,train,25,3,0.001,0.8,0.3,0.2,5.0,8.5929713,8.592141852146659,-0.0008294478533414,0.0008294478533414
G05_R0007,G05,train,25,3,0.001,0.75,0.1,0.2,5.0,4.074093700000001,4.075723940185663,0.001630240185662,0.001630240185662
G05_R0008,G05,train,25,3,0.001,0.75,0.2,0.2,5.0,5.8661698,5.870098677323759,0.0039288773237595,0.0039288773237595
G05_R0009,G05,train,25,3,0.001,0.75,0.3,0.2,5.0,8.644580000000001,8.650840264307783,0.006260264307782,0.006260264307782
G05_R0010,G05,train,25,3,0.001,0.7,0.1,0.2,5.0,4.090127600000001,4.087853265933526,-0.0022743340664748,0.0022743340664748
G05_R0011,G05,train,25,3,0.001,0.7,0.2,0.2,5.0,5.898198600000001,5.8949039292429,-0.0032946707571008,0.0032946707571008
G05_R0012,G05,test,25,3,0.001,0.7,0.3,0.2,5.0,8.7000387,8.697154980394542,-0.0028837196054585,0.0028837196054585
G05_R0013,G05,test,25,3,0.0001,0.85,0.1,0.2,5.0,5.1193003,5.123524100958243,0.0042238009582433,0.0042238009582433
G05_R0014,G05,test,25,3,0.0001,0.85,0.2,0.2,5.0,7.9445768,7.950699577440605,0.0061227774406047,0.0061227774406047
G05_R0015,G05,train,25,3,0.0001,0.85,0.3,0.2,5.0,12.718583,12.729365688041629,0.0107826880416279,0.0107826880416279
G05_R0016,G05,train,25,3,0.0001,0.8,0.1,0.2,5.0,5.1306759,5.129061775268969,-0.0016141247310308,0.0016141247310308
G05_R0017,G05,train,25,3,0.0001,0.8,0.2,0.2,5.0,7.9655032,7.964276922065705,-0.001226277934295,0.001226277934295
G05_R0018,G05,train,25,3,0.0001,0.8,0.3,0.2,5.0,12.756239,12.75006520116674,-0.0061737988332613,0.0061737988332613
G05_R0019,G05,train,25,3,0.0001,0.75,0.1,0.2,5.0,5.1426282,5.143632689850872,0.0010044898508718,0.0010044898508718
G05_R0020,G05,train,25,3,0.0001,0.75,0.2,0.2,5.0,7.987801,7.997029339237411,0.0092283392374108,0.0092283392374108
G05_R0021,G05,train,25,3,0.0001,0.75,0.3,0.2,5.0,12.795859,12.804197434173076,0.0083384341730763,0.0083384341730763
G05_R0022,G05,test,25,3,0.0001,0.7,0.1,0.2,5.0,5.1553533,5.151493793409907,-0.0038595065900928,0.0038595065900928
G05_R0023,G05,train,25,3,0.0001,0.7,0.2,0.2,5.0,8.0118652,8.006160556908227,-0.0057046430917733,0.0057046430917733
G05_R0024,G05,train,25,3,0.0001,0.7,0.3,0.2,5.0,12.839437,12.83139127850647,-0.0080457214935307,0.0080457214935307
G05_R0025,G05,train,25,3,1e-05,0.85,0.1,0.2,5.0,7.4788084,7.480270705617642,0.0014623056176414,0.0014623056176414
G05_R0026,G05,train,25,3,1e-05,0.85,0.2,0.2,5.0,15.457142,15.466037484895772,0.0088954848957722,0.0088954848957722
G05_R0027,G05,train,25,3,1e-05,0.85,0.3,0.2,5.0,28.642579,28.65472965096761,0.0121506509676088,0.0121506509676088
G05_R0028,G05,train,25,3,1e-05,0.8,0.1,0.2,5.0,7.490623,7.489619593941925,-0.001003406058075,0.001003406058075
G05_R0029,G05,train,25,3,1e-05,0.8,0.2,0.2,5.0,15.485027,15.481991662474767,-0.0030353375252332,0.0030353375252332
G05_R0030,G05,train,25,3,1e-05,0.8,0.3,0.2,5.0,28.692427,28.68740868555142,-0.0050183144485771,0.0050183144485771
G05_R0031,G05,train,25,3,1e-05,0.75,0.1,0.2,5.0,7.50363,7.507295102626946,0.0036651026269458,0.0036651026269458
G05_R0032,G05,train,25,3,1e-05,0.75,0.2,0.2,5.0,15.514902,15.527877848919877,0.0129758489198774,0.0129758489198774
G05_R0033,G05,train,25,3,1e-05,0.75,0.3,0.2,5.0,28.748262,28.758136314342455,0.0098743143424577,0.0098743143424577
G05_R0034,G05,train,25,3,1e-05,0.7,0.1,0.2,5.0,7.518226,7.51415826162694,-0.0040677383730605,0.0040677383730605
G05_R0035,G05,train,25,3,1e-05,0.7,0.2,0.2,5.0,15.549764,15.53888439046741,-0.0108796095325889,0.0108796095325889
G05_R0036,G05,train,25,3,1e-05,0.7,0.3,0.2,5.0,28.81108,28.79586648753676,-0.0152135124632444,0.0152135124632444
G05_R0037,G05,train,25,3,1e-06,0.85,0.1,0.2,5.0,25.540552,25.542588556434467,0.002036556434465,0.002036556434465
G05_R0038,G05,train,25,3,1e-06,0.85,0.2,0.2,5.0,80.775357,80.79167495697408,0.0163179569740776,0.0163179569740776
G05_R0039,G05,train,25,3,1e-06,0.85,0.3,0.2,5.0,171.700236,171.73661009882687,0.036374098826883,0.036374098826883
G05_R0040,G05,train,25,3,1e-06,0.8,0.1,0.2,5.0,25.596521000000003,25.590681432307864,-0.0058395676921385,0.0058395676921385
G05_R0041,G05,train,25,3,1e-06,0.8,0.2,0.2,5.0,80.88731600000001,80.89938670982362,0.0120707098236039,0.0120707098236039
G05_R0042,G05,train,25,3,1e-06,0.8,0.3,0.2,5.0,171.880184,171.96704909544636,0.0868650954463419,0.0868650954463419
G05_R0043,G05,train,25,3,1e-06,0.75,0.1,0.2,5.0,25.658488,25.6493262712772,-0.0091617287228018,0.0091617287228018
G05_R0044,G05,train,25,3,1e-06,0.75,0.2,0.2,5.0,81.010271,81.0510224570345,0.0407514570345028,0.0407514570345028
G05_R0045,G05,test,25,3,1e-06,0.75,0.3,0.2,5.0,172.070128,172.10878070225706,0.0386527022570533,0.0386527022570533
G05_R0046,G05,train,25,3,1e-06,0.7,0.1,0.2,5.0,25.726452,25.716515286390425,-0.0099367136095729,0.0099367136095729
G05_R0047,G05,train,25,3,1e-06,0.7,0.2,0.2,5.0,81.147223,81.1584231108245,0.0112001108245038,0.0112001108245038
G05_R0048,G05,train,25,3,1e-06,0.7,0.3,0.2,5.0,172.290068,172.30786012870252,0.0177921287025242,0.0177921287025242
G05_R0049,G05,train,25,6,0.001,0.85,0.1,0.2,5.0,4.0443446000000005,4.04820539568301,0.0038607956830096,0.0038607956830096
G05_R0050,G05,test,25,6,0.001,0.85,0.2,0.2,5.0,5.8074904,5.816202540658751,0.0087121406587513,0.0087121406587513
G05_R0051,G05,train,25,6,0.001,0.85,0.3,0.2,5.0,8.5446186,8.5598901197495,0.0152715197495005,0.0152715197495005
G05_R0052,G05,train,25,6,0.001,0.8,0.1,0.2,5.0,4.0588316,4.056181508939262,-0.0026500910607385,0.0026500910607385
G05_R0053,G05,train,25,6,0.001,0.8,0.2,0.2,5.0,5.8359987,5.834140555975824,-0.001858144024176,0.001858144024176
G05_R0054,G05,train,25,6,0.001,0.8,0.3,0.2,5.0,8.5929713,8.59247096375082,-0.0005003362491802,0.0005003362491802
G05_R0055,G05,train,25,6,0.001,0.75,0.1,0.2,5.0,4.074093700000001,4.0757160715710805,0.0016223715710799,0.0016223715710799
G05_R0056,G05,train,25,6,0.001,0.75,0.2,0.2,5.0,5.8661698,5.870028614323759,0.0038588143237587,0.0038588143237587
G05_R0057,G05,test,25,6,0.001,0.75,0.3,0.2,5.0,8.644580000000001,8.650992543922365,0.0064125439223641,0.0064125439223641
G05_R0058,G05,train,25,6,0.001,0.7,0.1,0.2,5.0,4.090127600000001,4.087826804131443,-0.0023007958685576,0.0023007958685576
G05_R0059,G05,train,25,6,0.001,0.7,0.2,0.2,5.0,5.898198600000001,5.894879583180399,-0.003319016819602,0.003319016819602
G05_R0060,G05,train,25,6,0.001,0.7,0.3,0.2,5.0,8.7000387,8.697669835073707,-0.0023688649262929,0.0023688649262929
G05_R0061,G05,train,25,6,0.0001,0.85,0.1,0.2,5.0,5.1193003,5.123576392270744,0.0042760922707438,0.0042760922707438
G05_R0062,G05,train,25,6,0.0001,0.85,0.2,0.2,5.0,7.9445768,7.950660137990605,0.0060833379906046,0.0060833379906046
G05_R0063,G05,train,25,6,0.0001,0.85,0.3,0.2,5.0,12.718583,12.729385029672576,0.0108020296725754,0.0108020296725754
G05_R0064,G05,test,25,6,0.0001,0.8,0.1,0.2,5.0,5.1306759,5.129114066581471,-0.0015618334185294,0.0015618334185294
G05_R0065,G05,train,25,6,0.0001,0.8,0.2,0.2,5.0,7.9655032,7.964238586615704,-0.0012646133842952,0.0012646133842952
G05_R0066,G05,test,25,6,0.0001,0.8,0.3,0.2,5.0,12.756239,12.750073648297692,-0.0061653517023092,0.0061653517023092
G05_R0067,G05,train,25,6,0.0001,0.75,0.1,0.2,5.0,5.1426282,5.143684981163372,0.0010567811633723,0.0010567811633723
G05_R0068,G05,test,25,6,0.0001,0.75,0.2,0.2,5.0,7.987801,7.997953571787416,0.0101525717874162,0.0101525717874162
G05_R0069,G05,train,25,6,0.0001,0.75,0.3,0.2,5.0,12.795859,12.805051313179026,0.0091923131790263,0.0091923131790263
G05_R0070,G05,train,25,6,0.0001,0.7,0.1,0.2,5.0,5.1553533,5.151493793409907,-0.0038595065900928,0.0038595065900928
G05_R0071,G05,train,25,6,0.0001,0.7,0.2,0.2,5.0,8.0118652,8.007084789458233,-0.0047804105417679,0.0047804105417679
G05_R0072,G05,train,25,6,0.0001,0.7,0.3,0.2,5.0,12.839437,12.832227975345754,-0.0072090246542462,0.0072090246542462
G05_R0073,G05,train,25,6,1e-05,0.85,0.1,0.2,5.0,7.4788084,7.480209752113474,0.0014013521134739,0.0014013521134739
G05_R0074,G05,train,25,6,1e-05,0.85,0.2,0.2,5.0,15.457142,15.46567522676481,0.0085332267648112,0.0085332267648112
G05_R0075,G05,train,25,6,1e-05,0.85,0.3,0.2,5.0,28.642579,28.65536335453011,0.0127843545301082,0.0127843545301082
G05_R0076,G05,train,25,6,1e-05,0.8,0.1,0.2,5.0,7.490623,7.489588176937757,-0.001034823062243,0.001034823062243
G05_R0077,G05,test,25,6,1e-05,0.8,0.2,0.2,5.0,15.485027,15.481664260593806,-0.0033627394061941,0.0033627394061941
G05_R0078,G05,train,25,6,1e-05,0.8,0.3,0.2,5.0,28.692427,28.68804238911392,-0.0043846108860776,0.0043846108860776
G05_R0079,G05,test,25,6,1e-05,0.75,0.1,0.2,5.0,7.50363,7.50723833346028,0.0036083334602796,0.0036083334602796
G05_R0080,G05,train,25,6,1e-05,0.75,0.2,0.2,5.0,15.514902,15.528735720788925,0.0138337207889236,0.0138337207889236
G05_R0081,G05,train,25,6,1e-05,0.75,0.3,0.2,5.0,28.748262,28.75745578298829,0.0091937829882908,0.0091937829882908
G05_R0082,G05,test,25,6,1e-05,0.7,0.1,0.2,5.0,7.518226,7.514101492460274,-0.0041245075397267,0.0041245075397267
G05_R0083,G05,train,25,6,1e-05,0.7,0.2,0.2,5.0,15.549764,15.539828902842412,-0.0099350971575873,0.0099350971575873
G05_R0084,G05,train,25,6,1e-05,0.7,0.3,0.2,5.0,28.81108,28.795185956182586,-0.0158940438174184,0.0158940438174184
G05_R0085,G05,train,25,6,1e-06,0.85,0.1,0.2,5.0,25.540552,25.54256064309369,0.0020086430936885,0.0020086430936885
G05_R0086,G05,train,25,6,1e-06,0.85,0.2,0.2,5.0,80.775357,80.7909538924324,0.0155968924323985,0.0155968924323985
G05_R0087,G05,train,25,6,1e-06,0.85,0.3,0.2,5.0,171.700236,171.73153569585068,0.0312996958506914,0.0312996958506914
G05_R0088,G05,train,25,6,1e-06,0.8,0.1,0.2,5.0,25.596521000000003,25.590068560916485,-0.0064524390835174,0.0064524390835174
G05_R0089,G05,train,25,6,1e-06,0.8,0.2,0.2,5.0,80.88731600000001,80.89797007409742,0.0106540740974026,0.0106540740974026
G05_R0090,G05,test,25,6,1e-06,0.8,0.3,0.2,5.0,171.880184,171.97515607463694,0.094972074636928,0.094972074636928
G05_R0091,G05,test,25,6,1e-06,0.75,0.1,0.2,5.0,25.658488,25.649133258098608,-0.0093547419013901,0.0093547419013901
G05_R0092,G05,test,25,6,1e-06,0.75,0.2,0.2,5.0,81.010271,81.05050996338866,0.0402389633886599,0.0402389633886599
G05_R0093,G05,train,25,6,1e-06,0.75,0.3,0.2,5.0,172.070128,172.11068424517373,0.0405562451737182,0.0405562451737182
G05_R0094,G05,train,25,6,1e-06,0.7,0.1,0.2,5.0,25.726452,25.717181852595782,-0.0092701474042122,0.0092701474042122
G05_R0095,G05,train,25,6,1e-06,0.7,0.2,0.2,5.0,81.147223,81.15821215330365,0.0109891533036545,0.0109891533036545
G05_R0096,G05,train,25,6,1e-06,0.7,0.3,0.2,5.0,172.290068,172.30786012870252,0.0177921287025242,0.0177921287025242
G05_R0097,G05,test,25,20,0.001,0.85,0.1,0.2,5.0,4.0443446000000005,4.048820665649678,0.0044760656496771,0.0044760656496771
G05_R0098,G05,train,25,20,0.001,0.85,0.2,0.2,5.0,5.8074904,5.8162231077998205,0.0087327077998207,0.0087327077998207
G05_R0099,G05,train,25,20,0.001,0.85,0.3,0.2,5.0,8.5446186,8.561422698668256,0.0168040986682562,0.0168040986682562
G05_R0100,G05,train,25,20,0.001,0.8,0.1,0.2,5.0,4.0588316,4.056817142864261,-0.002014457135739,0.002014457135739
G05_R0101,G05,train,25,20,0.001,0.8,0.2,0.2,5.0,5.8359987,5.834178620268976,-0.0018200797310239,0.0018200797310239
G05_R0102,G05,test,25,20,0.001,0.8,0.3,0.2,5.0,8.5929713,8.593888163650826,0.0009168636508256,0.0009168636508256
G05_R0103,G05,train,25,20,0.001,0.75,0.1,0.2,5.0,4.074093700000001,4.075673578642212,0.0015798786422109,0.0015798786422109
G05_R0104,G05,train,25,20,0.001,0.75,0.2,0.2,5.0,5.8661698,5.869955323142505,0.003785523142505,0.003785523142505
G05_R0105,G05,train,25,20,0.001,0.75,0.3,0.2,5.0,8.644580000000001,8.652453887978021,0.00787388797802,0.00787388797802
G05_R0106,G05,train,25,20,0.001,0.7,0.1,0.2,5.0,4.090127600000001,4.087839626319241,-0.0022879736807599,0.0022879736807599
G05_R0107,G05,train,25,20,0.001,0.7,0.2,0.2,5.0,5.898198600000001,5.8948268044866445,-0.003371795513356,0.003371795513356
G05_R0108,G05,train,25,20,0.001,0.7,0.3,0.2,5.0,8.7000387,8.697859578310018,-0.0021791216899824,0.0021791216899824
G05_R0109,G05,train,25,20,0.0001,0.85,0.1,0.2,5.0,5.1193003,5.123250833649909,0.0039505336499088,0.0039505336499088
G05_R0110,G05,train,25,20,0.0001,0.85,0.2,0.2,5.0,7.9445768,7.950396469776316,0.0058196697763159,0.0058196697763159
G05_R0111,G05,test,25,20,0.0001,0.85,0.3,0.2,5.0,12.718583,12.731408524220209,0.0128255242202062,0.0128255242202062
G05_R0112,G05,train,25,20,0.0001,0.8,0.1,0.2,5.0,5.1306759,5.128777125373135,-0.0018987746268646,0.0018987746268646
G05_R0113,G05,train,25,20,0.0001,0.8,0.2,0.2,5.0,7.9655032,7.963999696579988,-0.0015035034200119,0.0015035034200119
G05_R0114,G05,train,25,20,0.0001,0.8,0.3,0.2,5.0,12.756239,12.75215762659532,-0.0040813734046807,0.0040813734046807
G05_R0115,G05,train,25,20,0.0001,0.75,0.1,0.2,5.0,5.1426282,5.143908013439265,0.0012798134392655,0.0012798134392655
G05_R0116,G05,test,25,20,0.0001,0.75,0.2,0.2,5.0,7.987801,7.998184758822539,0.010383758822539,0.010383758822539
G05_R0117,G05,test,25,20,0.0001,0.75,0.3,0.2,5.0,12.795859,12.806189352208786,0.0103303522087863,0.0103303522087863
G05_R0118,G05,train,25,20,0.0001,0.7,0.1,0.2,5.0,5.1553533,5.151750692650384,-0.0036026073496158,0.0036026073496158
G05_R0119,G05,train,25,20,0.0001,0.7,0.2,0.2,5.0,8.0118652,8.007320621868354,-0.0045445781316466,0.0045445781316466
G05_R0120,G05,train,25,20,0.0001,0.7,0.3,0.2,5.0,12.839437,12.833390776875516,-0.0060462231244855,0.0060462231244855
G05_R0121,G05,train,25,20,1e-05,0.85,0.1,0.2,5.0,7.4788084,7.480288467713475,0.0014800677134747,0.0014800677134747
G05_R0122,G05,test,25,20,1e-05,0.85,0.2,0.2,5.0,15.457142,15.466693832389826,0.0095518323898264,0.0095518323898264
G05_R0123,G05,test,25,20,1e-05,0.85,0.3,0.2,5.0,28.642579,28.65600967298847,0.0134306729884698,0.0134306729884698
G05_R0124,G05,train,25,20,1e-05,0.8,0.1,0.2,5.0,7.490623,7.489670938787759,-0.0009520612122413,0.0009520612122413
G05_R0125,G05,train,25,20,1e-05,0.8,0.2,0.2,5.0,15.485027,15.48249405976049,-0.0025329402395097,0.0025329402395097
G05_R0126,G05,train,25,20,1e-05,0.8,0.3,0.2,5.0,28.692427,28.688688707572283,-0.003738292427716,0.003738292427716
G05_R0127,G05,train,25,20,1e-05,0.75,0.1,0.2,5.0,7.50363,7.507313217174569,0.0036832171745686,0.0036832171745686
G05_R0128,G05,test,25,20,1e-05,0.75,0.2,0.2,5.0,15.514902,15.528250858393092,0.0133488583930923,0.0133488583930923
G05_R0129,G05,train,25,20,1e-05,0.75,0.3,0.2,5.0,28.748262,28.75555254705775,0.0072905470577495,0.0072905470577495
G05_R0130,G05,train,25,20,1e-05,0.7,0.1,0.2,5.0,7.518226,7.51417095659123,-0.00405504340877,0.00405504340877
G05_R0131,G05,train,25,20,1e-05,0.7,0.2,0.2,5.0,15.549764,15.539434485342412,-0.0103295146575863,0.0103295146575863
G05_R0132,G05,test,25,20,1e-05,0.7,0.3,0.2,5.0,28.81108,28.793297926293707,-0.017782073706293,0.017782073706293
G05_R0133,G05,train,25,20,1e-06,0.85,0.1,0.2,5.0,25.540552,25.544008695697848,0.0034566956978459,0.0034566956978459
G05_R0134,G05,train,25,20,1e-06,0.85,0.2,0.2,5.0,80.775357,80.789564400599,0.0142074005990053,0.0142074005990053
G05_R0135,G05,train,25,20,1e-06,0.85,0.3,0.2,5.0,171.700236,171.73276812129131,0.0325321212913252,0.0325321212913252
G05_R0136,G05,train,25,20,1e-06,0.8,0.1,0.2,5.0,25.596521000000003,25.59136069993732,-0.005160300062684,0.005160300062684
G05_R0137,G05,train,25,20,1e-06,0.8,0.2,0.2,5.0,80.88731600000001,80.90054274246347,0.0132267424634591,0.0132267424634591
G05_R0138,G05,test,25,20,1e-06,0.8,0.3,0.2,5.0,171.880184,171.97445427918174,0.0942702791817282,0.0942702791817282
G05_R0139,G05,train,25,20,1e-06,0.75,0.1,0.2,5.0,25.658488,25.65000136297957,-0.0084866370204323,0.0084866370204323
G05_R0140,G05,train,25,20,1e-06,0.75,0.2,0.2,5.0,81.010271,81.05252264046902,0.0422516404690185,0.0422516404690185
G05_R0141,G05,train,25,20,1e-06,0.75,0.3,0.2,5.0,172.070128,172.1118586196351,0.041730619635075,0.041730619635075
G05_R0142,G05,train,25,20,1e-06,0.7,0.1,0.2,5.0,25.726452,25.716588983851736,-0.0098630161482624,0.0098630161482624
G05_R0143,G05,train,25,20,1e-06,0.7,0.2,0.2,5.0,81.147223,81.15781930773818,0.0105963077381829,0.0105963077381829
G05_R0144,G05,train,25,20,1e-06,0.7,0.3,0.2,5.0,172.290068,172.30198142362084,0.0119134236208537,0.0119134236208537
G05_R0145,G05,train,25,50,0.001,0.85,0.1,0.2,5.0,4.0443446000000005,4.048900364749976,0.0045557647499752,0.0045557647499752
G05_R0146,G05,train,25,50,0.001,0.85,0.2,0.2,5.0,5.8074904,5.8161236702400005,0.0086332702400007,0.0086332702400007
G05_R0147,G05,test,25,50,0.001,0.85,0.3,0.2,5.0,8.5446186,8.56184103617034,0.017222436170341,0.017222436170341
G05_R0148,G05,train,25,50,0.001,0.8,0.1,0.2,5.0,4.0588316,4.056873941568727,-0.0019576584312739,0.0019576584312739
G05_R0149,G05,train,25,50,0.001,0.8,0.2,0.2,5.0,5.8359987,5.834026905740704,-0.0019717942592958,0.0019717942592958
G05_R0150,G05,train,25,50,0.001,0.8,0.3,0.2,5.0,8.5929713,8.594207533026868,0.0012362330268675,0.0012362330268675
G05_R0151,G05,train,25,50,0.001,0.75,0.1,0.2,5.0,4.074093700000001,4.075700684338342,0.0016069843383412,0.0016069843383412
G05_R0152,G05,train,25,50,0.001,0.75,0.2,0.2,5.0,5.8661698,5.869884507428221,0.0037147074282213,0.0037147074282213
G05_R0153,G05,train,25,50,0.001,0.75,0.3,0.2,5.0,8.644580000000001,8.652607415916567,0.0080274159165654,0.0080274159165654
G05_R0154,G05,train,25,50,0.001,0.7,0.1,0.2,5.0,4.090127600000001,4.087877542669538,-0.0022500573304622,0.0022500573304622
G05_R0155,G05,train,25,50,0.001,0.7,0.2,0.2,5.0,5.898198600000001,5.894880662439029,-0.0033179375609719,0.0033179375609719
G05_R0156,G05,train,25,50,0.001,0.7,0.3,0.2,5.0,8.7000387,8.696938977562096,-0.0030997224379039,0.0030997224379039
G05_R0157,G05,train,25,50,0.0001,0.85,0.1,0.2,5.0,5.1193003,5.123253975520742,0.0039536755207416,0.0039536755207416
G05_R0158,G05,train,25,50,0.0001,0.85,0.2,0.2,5.0,7.9445768,7.950095751688816,0.0055189516888161,0.0055189516888161
G05_R0159,G05,train,25,50,0.0001,0.85,0.3,0.2,5.0,12.718583,12.731005363720207,0.0124223637202067,0.0124223637202067
G05_R0160,G05,test,25,50,0.0001,0.8,0.1,0.2,5.0,5.1306759,5.128844953168969,-0.0018309468310313,0.0018309468310313
G05_R0161,G05,train,25,50,0.0001,0.8,0.2,0.2,5.0,7.9655032,7.963837420456773,-0.0016657795432264,0.0016657795432264
G05_R0162,G05,train,25,50,0.0001,0.8,0.3,0.2,5.0,12.756239,12.751728470886984,-0.0045105291130163,0.0045105291130163
G05_R0163,G05,train,25,50,0.0001,0.75,0.1,0.2,5.0,5.1426282,5.144206483672593,0.0015782836725932,0.0015782836725932
G05_R0164,G05,train,25,50,0.0001,0.75,0.2,0.2,5.0,7.987801,7.997427288943367,0.0096262889433669,0.0096262889433669
G05_R0165,G05,train,25,50,0.0001,0.75,0.3,0.2,5.0,12.795859,12.805637386375452,0.0097783863754532,0.0097783863754532
G05_R0166,G05,train,25,50,0.0001,0.7,0.1,0.2,5.0,5.1553533,5.152107482633711,-0.003245817366289,0.003245817366289
G05_R0167,G05,train,25,50,0.0001,0.7,0.2,0.2,5.0,8.0118652,8.006509730176681,-0.0053554698233195,0.0053554698233195
G05_R0168,G05,train,25,50,0.0001,0.7,0.3,0.2,5.0,12.839437,12.832886494792184,-0.0065505052078176,0.0065505052078176
G05_R0169,G05,train,25,50,1e-05,0.85,0.1,0.2,5.0,7.4788084,7.480291093996808,0.0014826939968077,0.0014826939968077
G05_R0170,G05,train,25,50,1e-05,0.85,0.2,0.2,5.0,15.457142,15.46629849851484,0.0091564985148409,0.0091564985148409
G05_R0171,G05,train,25,50,1e-05,0.85,0.3,0.2,5.0,28.642579,28.655213198967623,0.0126341989676213,0.0126341989676213
G05_R0172,G05,train,25,50,1e-05,0.8,0.1,0.2,5.0,7.490623,7.489708068821093,-0.0009149311789071,0.0009149311789071
G05_R0173,G05,train,25,50,1e-05,0.8,0.2,0.2,5.0,15.485027,15.482098725885503,-0.0029282741144953,0.0029282741144953
G05_R0174,G05,train,25,50,1e-05,0.8,0.3,0.2,5.0,28.692427,28.687799044530603,-0.0046279554693953,0.0046279554693953
G05_R0175,G05,train,25,50,1e-05,0.75,0.1,0.2,5.0,7.50363,7.508392920710279,0.004762920710279,0.004762920710279
G05_R0176,G05,test,25,50,1e-05,0.75,0.2,0.2,5.0,15.514902,15.527794235351427,0.012892235351428,0.012892235351428
G05_R0177,G05,train,25,50,1e-05,0.75,0.3,0.2,5.0,28.748262,28.756492075349406,0.008230075349406,0.008230075349406
G05_R0178,G05,train,25,50,1e-05,0.7,0.1,0.2,5.0,7.518226,7.51525066012694,-0.0029753398730605,0.0029753398730605
G05_R0179,G05,test,25,50,1e-05,0.7,0.2,0.2,5.0,15.549764,15.53909031073825,-0.0106736892617504,0.0106736892617504
G05_R0180,G05,train,25,50,1e-05,0.7,0.3,0.2,5.0,28.81108,28.7942941424812,-0.0167858575188013,0.0167858575188013
G05_R0181,G05,train,25,50,1e-06,0.85,0.1,0.2,5.0,25.540552,25.543991337479103,0.0034393374791044,0.0034393374791044
G05_R0182,G05,train,25,50,1e-06,0.85,0.2,0.2,5.0,80.775357,80.79108843155738,0.0157314315573842,0.0157314315573842
G05_R0183,G05,train,25,50,1e-06,0.85,0.3,0.2,5.0,171.700236,171.73514043254127,0.0349044325412819,0.0349044325412819
G05_R0184,G05,train,25,50,1e-06,0.8,0.1,0.2,5.0,25.596521000000003,25.591403733551918,-0.0051172664480887,0.0051172664480887
G05_R0185,G05,train,25,50,1e-06,0.8,0.2,0.2,5.0,80.88731600000001,80.9021001816599,0.0147841816598912,0.0147841816598912
G05_R0186,G05,test,25,50,1e-06,0.8,0.3,0.2,5.0,171.880184,171.9735911134585,0.0934071134584826,0.0934071134584826
G05_R0187,G05,train,25,50,1e-06,0.75,0.1,0.2,5.0,25.658488,25.65016372349,-0.0083242765100024,0.0083242765100024
G05_R0188,G05,test,25,50,1e-06,0.75,0.2,0.2,5.0,81.010271,81.05234350682318,0.0420725068231746,0.0420725068231746
G05_R0189,G05,train,25,50,1e-06,0.75,0.3,0.2,5.0,172.070128,172.1120409979536,0.0419129979535739,0.0419129979535739
G05_R0190,G05,train,25,50,1e-06,0.7,0.1,0.2,5.0,25.726452,25.7162436016434,-0.0102083983565997,0.0102083983565997
G05_R0191,G05,train,25,50,1e-06,0.7,0.2,0.2,5.0,81.147223,81.15719755334231,0.0099745533423174,0.0099745533423174
G05_R0192,G05,train,25,50,1e-06,0.7,0.3,0.2,5.0,172.290068,172.30959636750174,0.0195283675017492,0.0195283675017492
G05_R0193,G05,train,100,3,0.001,0.85,0.1,0.2,5.0,17.889364,17.905832554332964,0.0164685543329632,0.0164685543329632
G05_R0194,G05,train,100,3,0.001,0.85,0.2,0.2,5.0,25.999876,26.04179489328588,0.041918893285878,0.041918893285878
G05_R0195,G05,train,100,3,0.001,0.85,0.3,0.2,5.0,38.819399,38.8812797001661,0.0618807001661068,0.0618807001661068
G05_R0196,G05,train,100,3,0.001,0.8,0.1,0.2,5.0,17.975393,17.967097467837437,-0.0082955321625632,0.0082955321625632
G05_R0197,G05,train,100,3,0.001,0.8,0.2,0.2,5.0,26.164819,26.14452209585126,-0.0202969041487399,0.0202969041487399
G05_R0198,G05,test,100,3,0.001,0.8,0.3,0.2,5.0,39.124275,39.13749829527283,0.0132232952728301,0.0132232952728301
G05_R0199,G05,train,100,3,0.001,0.75,0.1,0.2,5.0,18.06635,18.08713189327615,0.0207818932761512,0.0207818932761512
G05_R0200,G05,train,100,3,0.001,0.75,0.2,0.2,5.0,26.340677,26.362753647253054,0.0220766472530584,0.0220766472530584
G05_R0201,G05,train,100,3,0.001,0.75,0.3,0.2,5.0,39.452063,39.51600725148573,0.0639442514857293,0.0639442514857293
G05_R0202,G05,train,100,3,0.001,0.7,0.1,0.2,5.0,18.165227,18.13572348194293,-0.0295035180570728,0.0295035180570728
G05_R0203,G05,test,100,3,0.001,0.7,0.2,0.2,5.0,26.530441,26.4333889872828,-0.0970520127171994,0.0970520127171994
G05_R0204,G05,train,100,3,0.001,0.7,0.3,0.2,5.0,39.807754,39.77098217162276,-0.0367718283772404,0.0367718283772404
G05_R0205,G05,test,100,3,0.0001,0.85,0.1,0.2,5.0,22.342602,22.360267768618694,0.0176657686186985,0.0176657686186985
G05_R0206,G05,test,100,3,0.0001,0.85,0.2,0.2,5.0,34.836484,34.87424452500567,0.0377605250056731,0.0377605250056731
G05_R0207,G05,train,100,3,0.0001,0.85,0.3,0.2,5.0,55.823051,55.85656145870225,0.0335104587022527,0.0335104587022527
G05_R0208,G05,train,100,3,0.0001,0.8,0.1,0.2,5.0,22.399934,22.395507136326664,-0.0044268636733342,0.0044268636733342
G05_R0209,G05,train,100,3,0.0001,0.8,0.2,0.2,5.0,34.963696,34.95198116781128,-0.0117148321887228,0.0117148321887228
G05_R0210,G05,train,100,3,0.0001,0.8,0.3,0.2,5.0,56.069094,56.04172035374665,-0.027373646253352,0.027373646253352
G05_R0211,G05,train,100,3,0.0001,0.75,0.1,0.2,5.0,22.462199,22.4700103953625,0.007811395362502,0.007811395362502
G05_R0212,G05,train,100,3,0.0001,0.75,0.2,0.2,5.0,35.10283,35.13716745956729,0.0343374595672898,0.0343374595672898
G05_R0213,G05,train,100,3,0.0001,0.75,0.3,0.2,5.0,56.340043,56.37323642242498,0.0331934224249792,0.0331934224249792
G05_R0214,G05,train,100,3,0.0001,0.7,0.1,0.2,5.0,22.528386,22.51938192411269,-0.0090040758873151,0.0090040758873151
G05_R0215,G05,train,100,3,0.0001,0.7,0.2,0.2,5.0,35.255874,35.232895907638564,-0.0229780923614342,0.0229780923614342
G05_R0216,G05,train,100,3,0.0001,0.7,0.3,0.2,5.0,56.640883,56.59909221325892,-0.0417907867410818,0.0417907867410818
G05_R0217,G05,test,100,3,1e-05,0.85,0.1,0.2,5.0,32.212896,32.23900426888904,0.0261082688890397,0.0261082688890397
G05_R0218,G05,train,100,3,1e-05,0.85,0.2,0.2,5.0,66.049246,66.11062522668679,0.061379226686796,0.061379226686796
G05_R0219,G05,train,100,3,1e-05,0.85,0.3,0.2,5.0,121.726,121.8315056434914,0.1055056434913979,0.1055056434913979
G05_R0220,G05,train,100,3,1e-05,0.8,0.1,0.2,5.0,32.299638,32.29129330110942,-0.0083446988905819,0.0083446988905819
G05_R0221,G05,train,100,3,1e-05,0.8,0.2,0.2,5.0,66.296903,66.27321249969718,-0.0236905003028198,0.0236905003028198
G05_R0222,G05,train,100,3,1e-05,0.8,0.3,0.2,5.0,122.215559,122.19337991250411,-0.0221790874958855,0.0221790874958855
G05_R0223,G05,train,100,3,1e-05,0.75,0.1,0.2,5.0,32.398353,32.41187817191435,0.0135251719143525,0.0135251719143525
G05_R0224,G05,test,100,3,1e-05,0.75,0.2,0.2,5.0,66.580528,66.65018350527909,0.069655505279087,0.069655505279087
G05_R0225,G05,test,100,3,1e-05,0.75,0.3,0.2,5.0,122.775079,122.95708807132456,0.1820090713245434,0.1820090713245434
G05_R0226,G05,train,100,3,1e-05,0.7,0.1,0.2,5.0,32.510039,32.49489530986067,-0.0151436901393324,0.0151436901393324
G05_R0227,G05,train,100,3,1e-05,0.7,0.2,0.2,5.0,66.90811599999999,66.81358543806728,-0.0945305619327143,0.0945305619327143
G05_R0228,G05,train,100,3,1e-05,0.7,0.3,0.2,5.0,123.424551,123.162948994039,-0.2616020059609809,0.2616020059609809
G05_R0229,G05,train,100,3,1e-06,0.85,0.1,0.2,5.0,105.159322,105.15062846257224,-0.0086935374277743,0.0086935374277743
G05_R0230,G05,train,100,3,1e-06,0.85,0.2,0.2,5.0,329.91875500000003,330.1777624361115,0.2590074361114602,0.2590074361114602
G05_R0231,G05,train,100,3,1e-06,0.85,0.3,0.2,5.0,699.635938,699.8561867434453,0.2202487434452678,0.2202487434452678
G05_R0232,G05,train,100,3,1e-06,0.8,0.1,0.2,5.0,105.479228,105.44562949060207,-0.0335985093979331,0.0335985093979331
G05_R0233,G05,train,100,3,1e-06,0.8,0.2,0.2,5.0,330.728629,330.7348618210869,0.0062328210869395,0.0062328210869395
G05_R0234,G05,train,100,3,1e-06,0.8,0.3,0.2,5.0,701.135786,701.4164977572344,0.2807117572343713,0.2807117572343713
G05_R0235,G05,train,100,3,1e-06,0.75,0.1,0.2,5.0,105.829127,105.82276969330889,-0.0063573066911146,0.0063573066911146
G05_R0236,G05,train,100,3,1e-06,0.75,0.2,0.2,5.0,331.648495,331.8677998701364,0.2193048701363977,0.2193048701363977
G05_R0237,G05,test,100,3,1e-06,0.75,0.3,0.2,5.0,702.8656209999999,703.2388914489102,0.3732704489102616,0.3732704489102616
G05_R0238,G05,train,100,3,1e-06,0.7,0.1,0.2,5.0,106.229019,106.1953603938277,-0.0336586061722954,0.0336586061722954
G05_R0239,G05,train,100,3,1e-06,0.7,0.2,0.2,5.0,332.718349,332.92122457837286,0.2028755783728684,0.2028755783728684
G05_R0240,G05,test,100,3,1e-06,0.7,0.3,0.2,5.0,704.8654429999999,705.4333786155413,0.567935615541387,0.567935615541387
G05_R0241,G05,train,100,6,0.001,0.85,0.1,0.2,5.0,17.889364,17.905396936133567,0.0160329361335662,0.0160329361335662
G05_R0242,G05,train,100,6,0.001,0.85,0.2,0.2,5.0,25.999876,26.03624762307757,0.0363716230775708,0.0363716230775708
G05_R0243,G05,train,100,6,0.001,0.85,0.3,0.2,5.0,38.819399,38.87568121783277,0.0562822178327735,0.0562822178327735
G05_R0244,G05,train,100,6,0.001,0.8,0.1,0.2,5.0,17.975393,17.96640724751304,-0.0089857524869607,0.0089857524869607
G05_R0245,G05,test,100,6,0.001,0.8,0.2,0.2,5.0,26.164819,26.13924960376796,-0.0255693962320435,0.0255693962320435
G05_R0246,G05,train,100,6,0.001,0.8,0.3,0.2,5.0,39.124275,39.133507951397824,0.009232951397827,0.009232951397827
G05_R0247,G05,train,100,6,0.001,0.75,0.1,0.2,5.0,18.06635,18.08586684819281,0.0195168481928114,0.0195168481928114
G05_R0248,G05,train,100,6,0.001,0.75,0.2,0.2,5.0,26.340677,26.36357030091972,0.0228933009197227,0.0228933009197227
G05_R0249,G05,test,100,6,0.001,0.75,0.3,0.2,5.0,39.452063,39.51773370325656,0.0656707032565577,0.0656707032565577
G05_R0250,G05,test,100,6,0.001,0.7,0.1,0.2,5.0,18.165227,18.13437711294292,-0.0308498870570801,0.0308498870570801
G05_R0251,G05,train,100,6,0.001,0.7,0.2,0.2,5.0,26.530441,26.434229845324467,-0.0962111546755331,0.0962111546755331
G05_R0252,G05,train,100,6,0.001,0.7,0.3,0.2,5.0,39.807754,39.774183872247775,-0.0335701277522275,0.0335701277522275
G05_R0253,G05,train,100,6,0.0001,0.85,0.1,0.2,5.0,22.342602,22.360267768618694,0.0176657686186985,0.0176657686186985
G05_R0254,G05,train,100,6,0.0001,0.85,0.2,0.2,5.0,34.836484,34.87415756625568,0.0376735662556768,0.0376735662556768
G05_R0255,G05,train,100,6,0.0001,0.85,0.3,0.2,5.0,55.823051,55.85647944436892,0.0334284443689156,0.0334284443689156
G05_R0256,G05,train,100,6,0.0001,0.8,0.1,0.2,5.0,22.399934,22.39545198049333,-0.0044820195066677,0.0044820195066677
G05_R0257,G05,train,100,6,0.0001,0.8,0.2,0.2,5.0,34.963696,34.95196812081127,-0.0117278791887258,0.0117278791887258
G05_R0258,G05,train,100,6,0.0001,0.8,0.3,0.2,5.0,56.069094,56.04163833941331,-0.0274556605866891,0.0274556605866891
G05_R0259,G05,train,100,6,0.0001,0.75,0.1,0.2,5.0,22.462199,22.4698945681125,0.0076955681125028,0.0076955681125028
G05_R0260,G05,test,100,6,0.0001,0.75,0.2,0.2,5.0,35.10283,35.13902419119823,0.0361941911982341,0.0361941911982341
G05_R0261,G05,train,100,6,0.0001,0.75,0.3,0.2,5.0,56.340043,56.37379422992496,0.0337512299249596,0.0337512299249596
G05_R0262,G05,train,100,6,0.0001,0.7,0.1,0.2,5.0,22.528386,22.519266096862683,-0.0091199031373179,0.0091199031373179
G05_R0263,G05,train,100,6,0.0001,0.7,0.2,0.2,5.0,35.255874,35.234839598019505,-0.0210344019804935,0.0210344019804935
G05_R0264,G05,train,100,6,0.0001,0.7,0.3,0.2,5.0,56.640883,56.5996500207589,-0.0412329792411014,0.0412329792411014
G05_R0265,G05,train,100,6,1e-05,0.85,0.1,0.2,5.0,32.212896,32.238636894514045,0.025740894514044,0.025740894514044
G05_R0266,G05,train,100,6,1e-05,0.85,0.2,0.2,5.0,66.049246,66.11320883202907,0.0639628320290768,0.0639628320290768
G05_R0267,G05,train,100,6,1e-05,0.85,0.3,0.2,5.0,121.726,121.8265315072518,0.1005315072518016,0.1005315072518016
G05_R0268,G05,train,100,6,1e-05,0.8,0.1,0.2,5.0,32.299638,32.29103435329692,-0.0086036467030794,0.0086036467030794
G05_R0269,G05,train,100,6,1e-05,0.8,0.2,0.2,5.0,66.296903,66.27528676087277,-0.0216162391272263,0.0216162391272263
G05_R0270,G05,train,100,6,1e-05,0.8,0.3,0.2,5.0,122.215559,122.18926924838952,-0.0262897516104771,0.0262897516104771
G05_R0271,G05,train,100,6,1e-05,0.75,0.1,0.2,5.0,32.398353,32.411586453328056,0.0132334533280555,0.0132334533280555
G05_R0272,G05,train,100,6,1e-05,0.75,0.2,0.2,5.0,66.580528,66.65007099489218,0.0695429948921741,0.0695429948921741
G05_R0273,G05,train,100,6,1e-05,0.75,0.3,0.2,5.0,122.775079,122.95786111899122,0.1827821189912128,0.1827821189912128
G05_R0274,G05,train,100,6,1e-05,0.7,0.1,0.2,5.0,32.510039,32.49466528814938,-0.0153737118506214,0.0153737118506214
G05_R0275,G05,test,100,6,1e-05,0.7,0.2,0.2,5.0,66.90811599999999,66.81319996497204,-0.0949160350279498,0.0949160350279498
G05_R0276,G05,train,100,6,1e-05,0.7,0.3,0.2,5.0,123.424551,123.16406605795568,-0.2604849420443145,0.2604849420443145
G05_R0277,G05,train,100,6,1e-06,0.85,0.1,0.2,5.0,105.159322,105.15061993194128,-0.0087020680587102,0.0087020680587102
G05_R0278,G05,test,100,6,1e-06,0.85,0.2,0.2,5.0,329.91875500000003,330.18456377167377,0.2658087716737327,0.2658087716737327
G05_R0279,G05,train,100,6,1e-06,0.85,0.3,0.2,5.0,699.635938,699.841509113112,0.2055711131120006,0.2055711131120006
G05_R0280,G05,train,100,6,1e-06,0.8,0.1,0.2,5.0,105.479228,105.44507584751273,-0.0341521524872803,0.0341521524872803
G05_R0281,G05,train,100,6,1e-06,0.8,0.2,0.2,5.0,330.728629,330.7402201401492,0.0115911401491644,0.0115911401491644
G05_R0282,G05,train,100,6,1e-06,0.8,0.3,0.2,5.0,701.135786,701.4109071629014,0.2751211629013141,0.2751211629013141
G05_R0283,G05,train,100,6,1e-06,0.75,0.1,0.2,5.0,105.829127,105.82265631709464,-0.0064706829053733,0.0064706829053733
G05_R0284,G05,train,100,6,1e-06,0.75,0.2,0.2,5.0,331.648495,331.8705223248446,0.2220273248445892,0.2220273248445892
G05_R0285,G05,train,100,6,1e-06,0.75,0.3,0.2,5.0,702.8656209999999,703.2345418274933,0.3689208274934117,0.3689208274934117
G05_R0286,G05,train,100,6,1e-06,0.7,0.1,0.2,5.0,106.229019,106.1950520731164,-0.0339669268835791,0.0339669268835791
G05_R0287,G05,test,100,6,1e-06,0.7,0.2,0.2,5.0,332.718349,332.9267173123312,0.2083683123312312,0.2083683123312312
G05_R0288,G05,train,100,6,1e-06,0.7,0.3,0.2,5.0,704.8654429999999,705.4270888257497,0.5616458257497925,0.5616458257497925
G05_R0289,G05,train,100,20,0.001,0.85,0.1,0.2,5.0,17.889364,17.904655598896937,0.0152915988969368,0.0152915988969368
G05_R0290,G05,train,100,20,0.001,0.85,0.2,0.2,5.0,25.999876,26.03773766408201,0.0378616640820084,0.0378616640820084
G05_R0291,G05,train,100,20,0.001,0.85,0.3,0.2,5.0,38.819399,38.88095972729107,0.0615607272910736,0.0615607272910736
G05_R0292,G05,train,100,20,0.001,0.8,0.1,0.2,5.0,17.975393,17.96589121775855,-0.0095017822414504,0.0095017822414504
G05_R0293,G05,train,100,20,0.001,0.8,0.2,0.2,5.0,26.164819,26.140265234772396,-0.0245537652276084,0.0245537652276084
G05_R0294,G05,train,100,20,0.001,0.8,0.3,0.2,5.0,39.124275,39.13521203141863,0.0109370314186278,0.0109370314186278
G05_R0295,G05,train,100,20,0.001,0.75,0.1,0.2,5.0,18.06635,18.090028895393708,0.0236788953937079,0.0236788953937079
G05_R0296,G05,train,100,20,0.001,0.75,0.2,0.2,5.0,26.340677,26.36041398816972,0.0197369881697184,0.0197369881697184
G05_R0297,G05,train,100,20,0.001,0.75,0.3,0.2,5.0,39.452063,39.50887098572532,0.0568079857253209,0.0568079857253209
G05_R0298,G05,train,100,20,0.001,0.7,0.1,0.2,5.0,18.165227,18.138520210768817,-0.0267067892311843,0.0267067892311843
G05_R0299,G05,test,100,20,0.001,0.7,0.2,0.2,5.0,26.530441,26.43135426632447,-0.0990867336755307,0.0990867336755307
G05_R0300,G05,train,100,20,0.001,0.7,0.3,0.2,5.0,39.807754,39.76280064721058,-0.0449533527894203,0.0449533527894203
G05_R0301,G05,train,100,20,0.0001,0.85,0.1,0.2,5.0,22.342602,22.359474017519496,0.0168720175194962,0.0168720175194962
G05_R0302,G05,train,100,20,0.0001,0.85,0.2,0.2,5.0,34.836484,34.87222974849974,0.0357457484997425,0.0357457484997425
G05_R0303,G05,train,100,20,0.0001,0.85,0.3,0.2,5.0,55.823051,55.85640352862933,0.0333525286293294,0.0333525286293294
G05_R0304,G05,train,100,20,0.0001,0.8,0.1,0.2,5.0,22.399934,22.394616862519133,-0.0053171374808655,0.0053171374808655
G05_R0305,G05,train,100,20,0.0001,0.8,0.2,0.2,5.0,34.963696,34.95008378243034,-0.0136122175696584,0.0136122175696584
G05_R0306,G05,train,100,20,0.0001,0.8,0.3,0.2,5.0,56.069094,56.04176563542373,-0.0273283645762703,0.0273283645762703
G05_R0307,G05,train,100,20,0.0001,0.75,0.1,0.2,5.0,22.462199,22.469472980815382,0.0072739808153841,0.0072739808153841
G05_R0308,G05,train,100,20,0.0001,0.75,0.2,0.2,5.0,35.10283,35.13634074265657,0.0335107426565741,0.0335107426565741
G05_R0309,G05,train,100,20,0.0001,0.75,0.3,0.2,5.0,56.340043,56.37425820863928,0.0342152086392744,0.0342152086392744
G05_R0310,G05,train,100,20,0.0001,0.7,0.1,0.2,5.0,22.528386,22.51880559394057,-0.0095804060594311,0.0095804060594311
G05_R0311,G05,train,100,20,0.0001,0.7,0.2,0.2,5.0,35.255874,35.232017015477844,-0.0238569845221547,0.0238569845221547
G05_R0312,G05,train,100,20,0.0001,0.7,0.3,0.2,5.0,56.640883,56.60022689488987,-0.0406561051101306,0.0406561051101306
G05_R0313,G05,train,100,20,1e-05,0.85,0.1,0.2,5.0,32.212896,32.23657843683546,0.0236824368354575,0.0236824368354575
G05_R0314,G05,train,100,20,1e-05,0.85,0.2,0.2,5.0,66.049246,66.11661188921657,0.0673658892165747,0.0673658892165747
G05_R0315,G05,train,100,20,1e-05,0.85,0.3,0.2,5.0,121.726,121.81493338006874,0.0889333800687381,0.0889333800687381
G05_R0316,G05,train,100,20,1e-05,0.8,0.1,0.2,5.0,32.299638,32.28883628874334,-0.0108017112566614,0.0108017112566614
G05_R0317,G05,train,100,20,1e-05,0.8,0.2,0.2,5.0,66.296903,66.27954313931028,-0.0173598606897229,0.0173598606897229
G05_R0318,G05,train,100,20,1e-05,0.8,0.3,0.2,5.0,122.215559,122.17960916585233,-0.0359498341476864,0.0359498341476864
G05_R0319,G05,train,100,20,1e-05,0.75,0.1,0.2,5.0,32.398353,32.4114048817358,0.013051881735798,0.013051881735798
G05_R0320,G05,train,100,20,1e-05,0.75,0.2,0.2,5.0,66.580528,66.64952161268381,0.0689936126838119,0.0689936126838119
G05_R0321,G05,train,100,20,1e-05,0.75,0.3,0.2,5.0,122.775079,122.90105523675602,0.1259762367560171,0.1259762367560171
G05_R0322,G05,train,100,20,1e-05,0.7,0.1,0.2,5.0,32.510039,32.49458027364338,-0.0154587263566199,0.0154587263566199
G05_R0323,G05,train,100,20,1e-05,0.7,0.2,0.2,5.0,66.90811599999999,66.811683544222,-0.096432455777986,0.096432455777986
G05_R0324,G05,test,100,20,1e-05,0.7,0.3,0.2,5.0,123.424551,123.1045467350955,-0.3200042649044974,0.3200042649044974
G05_R0325,G05,train,100,20,1e-06,0.85,0.1,0.2,5.0,105.159322,105.15197280400685,-0.0073491959931715,0.0073491959931715
G05_R0326,G05,train,100,20,1e-06,0.85,0.2,0.2,5.0,329.91875500000003,330.15665593095946,0.2379009309594266,0.2379009309594266
G05_R0327,G05,train,100,20,1e-06,0.85,0.3,0.2,5.0,699.635938,699.8394949779156,0.2035569779155821,0.2035569779155821
G05_R0328,G05,test,100,20,1e-06,0.8,0.1,0.2,5.0,105.479228,105.44418077922109,-0.0350472207789209,0.0350472207789209
G05_R0329,G05,train,100,20,1e-06,0.8,0.2,0.2,5.0,330.728629,330.7258679301492,-0.0027610698508055,0.0027610698508055
G05_R0330,G05,test,100,20,1e-06,0.8,0.3,0.2,5.0,701.135786,701.443429554626,0.3076435546259972,0.3076435546259972
G05_R0331,G05,train,100,20,1e-06,0.75,0.1,0.2,5.0,105.829127,105.8186807748446,-0.0104462251553911,0.0104462251553911
G05_R0332,G05,train,100,20,1e-06,0.75,0.2,0.2,5.0,331.648495,331.89123570705,0.2427407070499043,0.2427407070499043
G05_R0333,G05,train,100,20,1e-06,0.75,0.3,0.2,5.0,702.8656209999999,703.2295983866384,0.363977386638453,0.363977386638453
G05_R0334,G05,test,100,20,1e-06,0.7,0.1,0.2,5.0,106.229019,106.1930610920122,-0.0359579079877931,0.0359579079877931
G05_R0335,G05,train,100,20,1e-06,0.7,0.2,0.2,5.0,332.718349,332.9154297277894,0.1970807277893982,0.1970807277893982
G05_R0336,G05,test,100,20,1e-06,0.7,0.3,0.2,5.0,704.8654429999999,705.5118219505464,0.6463789505464774,0.6463789505464774
G05_R0337,G05,train,100,50,0.001,0.85,0.1,0.2,5.0,17.889364,17.904655598896937,0.0152915988969368,0.0152915988969368
G05_R0338,G05,train,100,50,0.001,0.85,0.2,0.2,5.0,25.999876,26.039496679811176,0.0396206798111755,0.0396206798111755
G05_R0339,G05,train,100,50,0.001,0.85,0.3,0.2,5.0,38.819399,38.88371358615566,0.0643145861556604,0.0643145861556604
G05_R0340,G05,test,100,50,0.001,0.8,0.1,0.2,5.0,17.975393,17.96589121775855,-0.0095017822414504,0.0095017822414504
G05_R0341,G05,test,100,50,0.001,0.8,0.2,0.2,5.0,26.164819,26.14324412562061,-0.0215748743793895,0.0215748743793895
G05_R0342,G05,train,100,50,0.001,0.8,0.3,0.2,5.0,39.124275,39.134879118512366,0.0106041185123686,0.0106041185123686
G05_R0343,G05,test,100,50,0.001,0.75,0.1,0.2,5.0,18.06635,18.090028895393708,0.0236788953937079,0.0236788953937079
G05_R0344,G05,train,100,50,0.001,0.75,0.2,0.2,5.0,26.340677,26.37021448723817,0.0295374872381692,0.0295374872381692
G05_R0345,G05,train,100,50,0.001,0.75,0.3,0.2,5.0,39.452063,39.50439427043364,0.0523312704336405,0.0523312704336405
G05_R0346,G05,train,100,50,0.001,0.7,0.1,0.2,5.0,18.165227,18.138520210768817,-0.0267067892311843,0.0267067892311843
G05_R0347,G05,train,100,50,0.001,0.7,0.2,0.2,5.0,26.530441,26.44120703247625,-0.0892339675237501,0.0892339675237501
G05_R0348,G05,train,100,50,0.001,0.7,0.3,0.2,5.0,39.807754,39.7582814506689,-0.0494725493310994,0.0494725493310994
G05_R0349,G05,train,100,50,0.0001,0.85,0.1,0.2,5.0,22.342602,22.35843471968617,0.0158327196861662,0.0158327196861662
G05_R0350,G05,train,100,50,0.0001,0.85,0.2,0.2,5.0,34.836484,34.87017621241046,0.0336922124104646,0.0336922124104646
G05_R0351,G05,train,100,50,0.0001,0.85,0.3,0.2,5.0,55.823051,55.85610053508766,0.0330495350876631,0.0330495350876631
G05_R0352,G05,train,100,50,0.0001,0.8,0.1,0.2,5.0,22.399934,22.393577564685803,-0.0063564353141956,0.0063564353141956
G05_R0353,G05,train,100,50,0.0001,0.8,0.2,0.2,5.0,34.963696,34.948395468841056,-0.0153005311589424,0.0153005311589424
G05_R0354,G05,train,100,50,0.0001,0.8,0.3,0.2,5.0,56.069094,56.04146264188207,-0.0276313581179294,0.0276313581179294
G05_R0355,G05,train,100,50,0.0001,0.75,0.1,0.2,5.0,22.462199,22.469367379089185,0.0071683790891867,0.0071683790891867
G05_R0356,G05,train,100,50,0.0001,0.75,0.2,0.2,5.0,35.10283,35.1338593657816,0.0310293657815989,0.0310293657815989
G05_R0357,G05,train,100,50,0.0001,0.75,0.3,0.2,5.0,56.340043,56.37275487895179,0.0327118789517868,0.0327118789517868
G05_R0358,G05,train,100,50,0.0001,0.7,0.1,0.2,5.0,22.528386,22.51876225721437,-0.0096237427856316,0.0096237427856316
G05_R0359,G05,train,100,50,0.0001,0.7,0.2,0.2,5.0,35.255874,35.22943418672787,-0.0264398132721268,0.0264398132721268
G05_R0360,G05,train,100,50,0.0001,0.7,0.3,0.2,5.0,56.640883,56.59851685832739,-0.0423661416726091,0.0423661416726091
G05_R0361,G05,train,100,50,1e-05,0.85,0.1,0.2,5.0,32.212897000000005,32.23531192903484,0.0224149290348307,0.0224149290348307
G05_R0362,G05,test,100,50,1e-05,0.85,0.2,0.2,5.0,66.049246,66.12153412846656,0.0722881284665675,0.0722881284665675
G05_R0363,G05,train,100,50,1e-05,0.85,0.3,0.2,5.0,121.726,121.81591689163125,0.0899168916312476,0.0899168916312476
G05_R0364,G05,train,100,50,1e-05,0.8,0.1,0.2,5.0,32.299638,32.287569780942725,-0.0120682190572765,0.0120682190572765
G05_R0365,G05,train,100,50,1e-05,0.8,0.2,0.2,5.0,66.296903,66.28414155547692,-0.012761444523079,0.012761444523079
G05_R0366,G05,test,100,50,1e-05,0.8,0.3,0.2,5.0,122.215559,122.1805926774148,-0.0349663225851912,0.0349663225851912
G05_R0367,G05,train,100,50,1e-05,0.75,0.1,0.2,5.0,32.398354000000005,32.41196930996497,0.0136153099649618,0.0136153099649618
G05_R0368,G05,train,100,50,1e-05,0.75,0.2,0.2,5.0,66.580528,66.65569690185049,0.075168901850489,0.075168901850489
G05_R0369,G05,train,100,50,1e-05,0.75,0.3,0.2,5.0,122.775079,122.90203874831852,0.1269597483185123,0.1269597483185123
G05_R0370,G05,train,100,50,1e-05,0.7,0.1,0.2,5.0,32.511039000000004,32.494895724164216,-0.0161432758357875,0.0161432758357875
G05_R0371,G05,train,100,50,1e-05,0.7,0.2,0.2,5.0,66.90811599999999,66.81697931203452,-0.0911366879654735,0.0911366879654735
G05_R0372,G05,test,100,50,1e-05,0.7,0.3,0.2,5.0,123.424551,123.1045467350955,-0.3200042649044974,0.3200042649044974
G05_R0373,G05,train,100,50,1e-06,0.85,0.1,0.2,5.0,105.159322,105.15073433570322,-0.0085876642967832,0.0085876642967832
G05_R0374,G05,train,100,50,1e-06,0.85,0.2,0.2,5.0,329.91875500000003,330.14033072289305,0.2215757228930215,0.2215757228930215
G05_R0375,G05,train,100,50,1e-06,0.85,0.3,0.2,5.0,699.635938,699.8438962682194,0.2079582682193859,0.2079582682193859
G05_R0376,G05,train,100,50,1e-06,0.8,0.1,0.2,5.0,105.479228,105.44395792825092,-0.0352700717490819,0.0352700717490819
G05_R0377,G05,train,100,50,1e-06,0.8,0.2,0.2,5.0,330.728629,330.71131457249953,-0.0173144275004801,0.0173144275004801
G05_R0378,G05,train,100,50,1e-06,0.8,0.3,0.2,5.0,701.135786,701.4207006848021,0.2849146848020609,0.2849146848020609
G05_R0379,G05,train,100,50,1e-06,0.75,0.1,0.2,5.0,105.829127,105.81712820799046,-0.0119987920095354,0.0119987920095354
G05_R0380,G05,test,100,50,1e-06,0.75,0.2,0.2,5.0,331.648495,331.8898932511124,0.2413982511124004,0.2413982511124004
G05_R0381,G05,train,100,50,1e-06,0.75,0.3,0.2,5.0,702.8656209999999,703.2104535358707,0.3448325358707507,0.3448325358707507
G05_R0382,G05,train,100,50,1e-06,0.7,0.1,0.2,5.0,106.229019,106.1928522998247,-0.0361667001753005,0.0361667001753005
G05_R0383,G05,train,100,50,1e-06,0.7,0.2,0.2,5.0,332.718349,332.9014551952268,0.1831061952267987,0.1831061952267987
G05_R0384,G05,test,100,50,1e-06,0.7,0.3,0.2,5.0,704.8654429999999,705.5023996183621,0.6369566183622055,0.6369566183622055
G05_R0385,G05,train,250,3,0.001,0.85,0.1,0.2,5.0,53.743645,53.82142435775295,0.077779357752945,0.077779357752945
G05_R0386,G05,train,250,3,0.001,0.85,0.2,0.2,5.0,80.073689,80.19977919064083,0.1260901906408236,0.1260901906408236
G05_R0387,G05,train,250,3,0.001,0.85,0.3,0.2,5.0,122.152989,122.2827788978562,0.1297898978561846,0.1297898978561846
G05_R0388,G05,train,250,3,0.001,0.8,0.1,0.2,5.0,54.06946,54.04321826666173,-0.0262417333382671,0.0262417333382671
G05_R0389,G05,train,250,3,0.001,0.8,0.2,0.2,5.0,80.716712,80.72154585318275,0.0048338531827454,0.0048338531827454
G05_R0390,G05,train,250,3,0.001,0.8,0.3,0.2,5.0,123.381174,123.49985822763983,0.1186842276398323,0.1186842276398323
G05_R0391,G05,test,250,3,0.001,0.75,0.1,0.2,5.0,54.417125000000006,54.55622146843466,0.1390964684346514,0.1390964684346514
G05_R0392,G05,test,250,3,0.001,0.75,0.2,0.2,5.0,81.404502,81.67149672630751,0.2669947263075158,0.2669947263075158
G05_R0393,G05,train,250,3,0.001,0.75,0.3,0.2,5.0,124.709267,124.85212159703744,0.1428545970374415,0.1428545970374415
G05_R0394,G05,train,250,3,0.001,0.7,0.1,0.2,5.0,54.789619,54.670473689476445,-0.1191453105235567,0.1191453105235567
G05_R0395,G05,train,250,3,0.001,0.7,0.2,0.2,5.0,82.144241,82.04281048322513,-0.1014305167748688,0.1014305167748688
G05_R0396,G05,train,250,3,0.001,0.7,0.3,0.2,5.0,126.147261,126.50084087046548,0.3535798704654667,0.3535798704654667
G05_R0397,G05,train,250,3,0.0001,0.85,0.1,0.2,5.0,66.01930899999999,66.0590462343798,0.0397372343798139,0.0397372343798139
G05_R0398,G05,train,250,3,0.0001,0.85,0.2,0.2,5.0,104.35358,104.46560911694294,0.1120291169429492,0.1120291169429492
G05_R0399,G05,train,250,3,0.0001,0.85,0.3,0.2,5.0,168.857607,169.0714193809248,0.2138123809247929,0.2138123809247929
G05_R0400,G05,train,250,3,0.0001,0.8,0.1,0.2,5.0,66.236936,66.20349836497344,-0.0334376350265586,0.0334376350265586
G05_R0401,G05,train,250,3,0.0001,0.8,0.2,0.2,5.0,104.912881,104.83213348820212,-0.0807475117978668,0.0807475117978668
G05_R0402,G05,train,250,3,0.0001,0.8,0.3,0.2,5.0,169.97048,169.8427014878065,-0.1277785121935153,0.1277785121935153
G05_R0403,G05,train,250,3,0.0001,0.75,0.1,0.2,5.0,66.473428,66.5089191186246,0.0354911186246056,0.0354911186246056
G05_R0404,G05,train,250,3,0.0001,0.75,0.2,0.2,5.0,105.522105,105.60231031300432,0.0802053130043276,0.0802053130043276
G05_R0405,G05,train,250,3,0.0001,0.75,0.3,0.2,5.0,171.223648,171.45073236890147,0.2270843689014725,0.2270843689014725
G05_R0406,G05,train,250,3,0.0001,0.7,0.1,0.2,5.0,66.732761,66.66708697715781,-0.0656740228421881,0.0656740228421881
G05_R0407,G05,train,250,3,0.0001,0.7,0.2,0.2,5.0,106.211232,106.1200055192151,-0.091226480784897,0.091226480784897
G05_R0408,G05,train,250,3,0.0001,0.7,0.3,0.2,5.0,172.647137,171.9337929653607,-0.7133440346392774,0.7133440346392774
G05_R0409,G05,train,250,3,1e-05,0.85,0.1,0.2,5.0,93.168401,93.29943275111484,0.1310317511148468,0.1310317511148468
G05_R0410,G05,train,250,3,1e-05,0.85,0.2,0.2,5.0,188.621369,188.9855420408149,0.3641730408149328,0.3641730408149328
G05_R0411,G05,train,250,3,1e-05,0.85,0.3,0.2,5.0,344.86763,345.2233363053087,0.3557063053086722,0.3557063053086722
G05_R0412,G05,test,250,3,1e-05,0.8,0.1,0.2,5.0,93.573862,93.5228384948224,-0.0510235051775964,0.0510235051775964
G05_R0413,G05,test,250,3,1e-05,0.8,0.2,0.2,5.0,189.900716,189.8218641299504,-0.0788518700496183,0.0788518700496183
G05_R0414,G05,train,250,3,1e-05,0.8,0.3,0.2,5.0,347.47704000000004,347.389831038358,-0.0872089616420339,0.0872089616420339
G05_R0415,G05,train,250,3,1e-05,0.75,0.1,0.2,5.0,94.03727,94.14953526578498,0.1122652657849698,0.1122652657849698
G05_R0416,G05,train,250,3,1e-05,0.75,0.2,0.2,5.0,191.380008,191.68343550922475,0.3034275092247469,0.3034275092247469
G05_R0417,G05,train,250,3,1e-05,0.75,0.3,0.2,5.0,350.49641,350.954780087852,0.4583700878519039,0.4583700878519039
G05_R0418,G05,train,250,3,1e-05,0.7,0.1,0.2,5.0,94.570616,94.48276183579078,-0.0878541642092187,0.0878541642092187
G05_R0419,G05,train,250,3,1e-05,0.7,0.2,0.2,5.0,193.09924,192.87938465771424,-0.2198553422857685,0.2198553422857685
G05_R0420,G05,test,250,3,1e-05,0.7,0.3,0.2,5.0,354.01576,353.54329979125663,-0.4724602087433709,0.4724602087433709
G05_R0421,G05,train,250,3,1e-06,0.85,0.1,0.2,5.0,279.716671,279.8828428292329,0.1661718292328942,0.1661718292328942
G05_R0422,G05,train,250,3,1e-06,0.85,0.2,0.2,5.0,862.75248,863.3521583402187,0.599678340218702,0.599678340218702
G05_R0423,G05,train,250,3,1e-06,0.85,0.3,0.2,5.0,1820.15434,1821.253414891766,1.0990748917658948,1.0990748917658948
G05_R0424,G05,train,250,3,1e-06,0.8,0.1,0.2,5.0,280.956474,281.12210482772497,0.1656308277249536,0.1656308277249536
G05_R0425,G05,train,250,3,1e-06,0.8,0.2,0.2,5.0,866.75223,867.3510318809998,0.5988018809997584,0.5988018809997584
G05_R0426,G05,train,250,3,1e-06,0.8,0.3,0.2,5.0,1828.15405,1828.9429942584109,0.7889442584107655,0.7889442584107655
G05_R0427,G05,train,250,3,1e-06,0.75,0.1,0.2,5.0,282.436263,282.52314284282363,0.0868798428236345,0.0868798428236345
G05_R0428,G05,train,250,3,1e-06,0.75,0.2,0.2,5.0,871.57195,872.1626033016925,0.5906533016924413,0.5906533016924413
G05_R0429,G05,train,250,3,1e-06,0.75,0.3,0.2,5.0,1837.55373,1838.4371042380812,0.8833742380813874,0.8833742380813874
G05_R0430,G05,train,250,3,1e-06,0.7,0.1,0.2,5.0,284.216035,284.30326626448084,0.087231264480863,0.087231264480863
G05_R0431,G05,test,250,3,1e-06,0.7,0.2,0.2,5.0,877.28165,878.1216290767096,0.8399790767095965,0.8399790767095965
G05_R0432,G05,train,250,3,1e-06,0.7,0.3,0.2,5.0,1848.75339,1849.690730400512,0.93734040051163,0.93734040051163
G05_R0433,G05,train,250,6,0.001,0.85,0.1,0.2,5.0,53.743645,53.82374185056545,0.0800968505654466,0.0800968505654466
G05_R0434,G05,train,250,6,0.001,0.85,0.2,0.2,5.0,80.073689,80.19054973899495,0.1168607389949443,0.1168607389949443
G05_R0435,G05,train,250,6,0.001,0.85,0.3,0.2,5.0,122.152989,122.28345195329368,0.1304629532936871,0.1304629532936871
G05_R0436,G05,train,250,6,0.001,0.8,0.1,0.2,5.0,54.06946,54.04493562697424,-0.0245243730257627,0.0245243730257627
G05_R0437,G05,train,250,6,0.001,0.8,0.2,0.2,5.0,80.716712,80.71238486653687,-0.0043271334631356,0.0043271334631356
G05_R0438,G05,train,250,6,0.001,0.8,0.3,0.2,5.0,123.381174,123.50073366251478,0.1195596625147743,0.1195596625147743
G05_R0439,G05,train,250,6,0.001,0.75,0.1,0.2,5.0,54.417125000000006,54.55420456218465,0.1370795621846454,0.1370795621846454
G05_R0440,G05,train,250,6,0.001,0.75,0.2,0.2,5.0,81.404502,81.67158151847417,0.2670795184741763,0.2670795184741763
G05_R0441,G05,train,250,6,0.001,0.75,0.3,0.2,5.0,124.709267,124.84708956741244,0.137822567412428,0.137822567412428
G05_R0442,G05,train,250,6,0.001,0.7,0.1,0.2,5.0,54.789619,54.66845678322644,-0.1211622167735626,0.1211622167735626
G05_R0443,G05,train,250,6,0.001,0.7,0.2,0.2,5.0,82.144241,82.0447656791418,-0.0994753208581897,0.0994753208581897
G05_R0444,G05,test,250,6,0.001,0.7,0.3,0.2,5.0,126.147261,126.52387782984034,0.3766168298403443,0.3766168298403443
G05_R0445,G05,train,250,6,0.0001,0.85,0.1,0.2,5.0,66.01930899999999,66.05478428498105,0.0354752849810608,0.0354752849810608
G05_R0446,G05,train,250,6,0.0001,0.85,0.2,0.2,5.0,104.35358,104.45917256144294,0.1055925614429469,0.1055925614429469
G05_R0447,G05,train,250,6,0.0001,0.85,0.3,0.2,5.0,168.857607,169.05511347973726,0.1975064797372567,0.1975064797372567
G05_R0448,G05,train,250,6,0.0001,0.8,0.1,0.2,5.0,66.236936,66.1991553745122,-0.0377806254877981,0.0377806254877981
G05_R0449,G05,train,250,6,0.0001,0.8,0.2,0.2,5.0,104.912881,104.82569693270214,-0.087184067297855,0.087184067297855
G05_R0450,G05,train,250,6,0.0001,0.8,0.3,0.2,5.0,169.97048,169.82256944151482,-0.1479105584851936,0.1479105584851936
G05_R0451,G05,train,250,6,0.0001,0.75,0.1,0.2,5.0,66.473428,66.50751899464544,0.0340909946454388,0.0340909946454388
G05_R0452,G05,train,250,6,0.0001,0.75,0.2,0.2,5.0,105.522105,105.60034175898345,0.0782367589834365,0.0782367589834365
G05_R0453,G05,train,250,6,0.0001,0.75,0.3,0.2,5.0,171.223648,171.39175808542512,0.1681100854251269,0.1681100854251269
G05_R0454,G05,train,250,6,0.0001,0.7,0.1,0.2,5.0,66.732761,66.66568685317864,-0.0670741468213549,0.0670741468213549
G05_R0455,G05,train,250,6,0.0001,0.7,0.2,0.2,5.0,106.211232,106.1176562001942,-0.0935757998058051,0.0935757998058051
G05_R0456,G05,test,250,6,0.0001,0.7,0.3,0.2,5.0,172.647137,171.87560191188436,-0.7715350881156269,0.7715350881156269
G05_R0457,G05,test,250,6,1e-05,0.85,0.1,0.2,5.0,93.168401,93.29837281923984,0.1299718192398415,0.1299718192398415
G05_R0458,G05,train,250,6,1e-05,0.85,0.2,0.2,5.0,188.621369,188.9576933172316,0.3363243172316288,0.3363243172316288
G05_R0459,G05,train,250,6,1e-05,0.85,0.3,0.2,5.0,344.86763,345.210377361767,0.3427473617669534,0.3427473617669534
G05_R0460,G05,train,250,6,1e-05,0.8,0.1,0.2,5.0,93.573862,93.5217785629474,-0.0520834370526017,0.0520834370526017
G05_R0461,G05,train,250,6,1e-05,0.8,0.2,0.2,5.0,189.900716,189.808181232867,-0.0925347671329746,0.0925347671329746
G05_R0462,G05,train,250,6,1e-05,0.8,0.3,0.2,5.0,347.47704000000004,347.37052079481623,-0.1065192051838153,0.1065192051838153
G05_R0463,G05,test,250,6,1e-05,0.75,0.1,0.2,5.0,94.03727,94.15549772290991,0.1182277229099071,0.1182277229099071
G05_R0464,G05,test,250,6,1e-05,0.75,0.2,0.2,5.0,191.380008,191.70439276576647,0.3243847657664673,0.3243847657664673
G05_R0465,G05,train,250,6,1e-05,0.75,0.3,0.2,5.0,350.49641,350.947753481602,0.4513434816019526,0.4513434816019526
G05_R0466,G05,train,250,6,1e-05,0.7,0.1,0.2,5.0,94.570616,94.48876050979077,-0.08185549020925,0.08185549020925
G05_R0467,G05,train,250,6,1e-05,0.7,0.2,0.2,5.0,193.09924,192.90791373904764,-0.1913262609523656,0.1913262609523656
G05_R0468,G05,train,250,6,1e-05,0.7,0.3,0.2,5.0,354.01576,353.5431179579234,-0.4726420420765862,0.4726420420765862
G05_R0469,G05,train,250,6,1e-06,0.85,0.1,0.2,5.0,279.716671,279.85265579273306,0.1359847927330406,0.1359847927330406
G05_R0470,G05,train,250,6,1e-06,0.85,0.2,0.2,5.0,862.75248,863.2852320528378,0.53275205283785,0.53275205283785
G05_R0471,G05,train,250,6,1e-06,0.85,0.3,0.2,5.0,1820.15434,1821.2147607736408,1.0604207736407716,1.0604207736407716
G05_R0472,G05,test,250,6,1e-06,0.8,0.1,0.2,5.0,280.956474,281.1315324183499,0.1750584183498631,0.1750584183498631
G05_R0473,G05,train,250,6,1e-06,0.8,0.2,0.2,5.0,866.75223,867.2374923852851,0.4852623852850684,0.4852623852850684
G05_R0474,G05,train,250,6,1e-06,0.8,0.3,0.2,5.0,1828.15405,1828.948163419661,0.7941134196605617,0.7941134196605617
G05_R0475,G05,train,250,6,1e-06,0.75,0.1,0.2,5.0,282.436263,282.5254899306988,0.0892269306987714,0.0892269306987714
G05_R0476,G05,train,250,6,1e-06,0.75,0.2,0.2,5.0,871.57195,872.1169337739841,0.5449837739840859,0.5449837739840859
G05_R0477,G05,train,250,6,1e-06,0.75,0.3,0.2,5.0,1837.55373,1838.4448831255816,0.891153125581468,0.891153125581468
G05_R0478,G05,train,250,6,1e-06,0.7,0.1,0.2,5.0,284.216035,284.2948848995016,0.0788498995016198,0.0788498995016198
G05_R0479,G05,train,250,6,1e-06,0.7,0.2,0.2,5.0,877.28165,878.1216290767096,0.8399790767095965,0.8399790767095965
G05_R0480,G05,train,250,6,1e-06,0.7,0.3,0.2,5.0,1848.75339,1849.671815409887,0.9184254098865948,0.9184254098865948
G05_R0481,G05,train,250,20,0.001,0.85,0.1,0.2,5.0,53.743645,53.83113394775295,0.0874889477529521,0.0874889477529521
G05_R0482,G05,train,250,20,0.001,0.85,0.2,0.2,5.0,80.073689,80.18255691547704,0.1088679154770346,0.1088679154770346
G05_R0483,G05,train,250,20,0.001,0.85,0.3,0.2,5.0,122.152989,122.28230834448117,0.1293193444811606,0.1293193444811606
G05_R0484,G05,train,250,20,0.001,0.8,0.1,0.2,5.0,54.06946,54.04909527884923,-0.02036472115077,0.02036472115077
G05_R0485,G05,train,250,20,0.001,0.8,0.2,0.2,5.0,80.716712,80.70696940239398,-0.0097425976060208,0.0097425976060208
G05_R0486,G05,train,250,20,0.001,0.8,0.3,0.2,5.0,123.381174,123.50822076596717,0.1270467659671652,0.1270467659671652
G05_R0487,G05,train,250,20,0.001,0.75,0.1,0.2,5.0,54.417125000000006,54.542966496142974,0.1258414961429679,0.1258414961429679
G05_R0488,G05,train,250,20,0.001,0.75,0.2,0.2,5.0,81.404502,81.67176515002623,0.2672631500262383,0.2672631500262383
G05_R0489,G05,train,250,20,0.001,0.75,0.3,0.2,5.0,124.709267,124.84697190528146,0.1377049052814669,0.1377049052814669
G05_R0490,G05,train,250,20,0.001,0.7,0.1,0.2,5.0,54.789619,54.657291147393096,-0.132327852606906,0.132327852606906
G05_R0491,G05,train,250,20,0.001,0.7,0.2,0.2,5.0,82.144241,82.04303608235458,-0.1012049176454183,0.1012049176454183
G05_R0492,G05,test,250,20,0.001,0.7,0.3,0.2,5.0,126.147261,126.53546519521528,0.3882041952152804,0.3882041952152804
G05_R0493,G05,train,250,20,0.0001,0.85,0.1,0.2,5.0,66.01930899999999,66.050836871499,0.0315278714990086,0.0315278714990086
G05_R0494,G05,train,250,20,0.0001,0.85,0.2,0.2,5.0,104.35358,104.44690370981206,0.0933237098120685,0.0933237098120685
G05_R0495,G05,train,250,20,0.0001,0.85,0.3,0.2,5.0,168.857607,169.02963268931163,0.1720256893116243,0.1720256893116243
G05_R0496,G05,test,250,20,0.0001,0.8,0.1,0.2,5.0,66.236936,66.19455962853014,-0.0423763714698566,0.0423763714698566
G05_R0497,G05,train,250,20,0.0001,0.8,0.2,0.2,5.0,104.912881,104.81285380857128,-0.1000271914287225,0.1000271914287225
G05_R0498,G05,test,250,20,0.0001,0.8,0.3,0.2,5.0,169.97048,169.80122404827662,-0.169255951723386,0.169255951723386
G05_R0499,G05,train,250,20,0.0001,0.75,0.1,0.2,5.0,66.473428,66.50080052627035,0.027372526270355,0.027372526270355
G05_R0500,G05,train,250,20,0.0001,0.75,0.2,0.2,5.0,105.522105,105.60112597850426,0.0790209785042606,0.0790209785042606
G05_R0501,G05,train,250,20,0.0001,0.75,0.3,0.2,5.0,171.223648,171.41396330418831,0.1903153041883172,0.1903153041883172
G05_R0502,G05,test,250,20,0.0001,0.7,0.1,0.2,5.0,66.732761,66.65862543742857,-0.0741355625714277,0.0741355625714277
G05_R0503,G05,train,250,20,0.0001,0.7,0.2,0.2,5.0,106.211232,106.11732932659002,-0.0939026734099712,0.0939026734099712
G05_R0504,G05,train,250,20,0.0001,0.7,0.3,0.2,5.0,172.647137,171.89515351002254,-0.751983489977448,0.751983489977448
G05_R0505,G05,train,250,20,1e-05,0.85,0.1,0.2,5.0,93.168401,93.29645082940664,0.128049829406649,0.128049829406649
G05_R0506,G05,train,250,20,1e-05,0.85,0.2,0.2,5.0,188.621369,188.95368842715436,0.3323194271543457,0.3323194271543457
G05_R0507,G05,train,250,20,1e-05,0.85,0.3,0.2,5.0,344.86763,345.1906983031359,0.3230683031358694,0.3230683031358694
G05_R0508,G05,train,250,20,1e-05,0.8,0.1,0.2,5.0,93.573862,93.5165994717392,-0.057262528260793,0.057262528260793
G05_R0509,G05,train,250,20,1e-05,0.8,0.2,0.2,5.0,189.900716,189.821804271007,-0.0789117289929777,0.0789117289929777
G05_R0510,G05,train,250,20,1e-05,0.8,0.3,0.2,5.0,347.47704000000004,347.3622969414976,-0.1147430585024267,0.1147430585024267
G05_R0511,G05,train,250,20,1e-05,0.75,0.1,0.2,5.0,94.03727,94.13812503336833,0.1008550333683189,0.1008550333683189
G05_R0512,G05,train,250,20,1e-05,0.75,0.2,0.2,5.0,191.380008,191.69942431596291,0.3194163159629397,0.3194163159629397
G05_R0513,G05,train,250,20,1e-05,0.75,0.3,0.2,5.0,350.49641,350.9724180359918,0.4760080359917538,0.4760080359917538
G05_R0514,G05,train,250,20,1e-05,0.7,0.1,0.2,5.0,94.570616,94.4710016469158,-0.0996143530841919,0.0996143530841919
G05_R0515,G05,train,250,20,1e-05,0.7,0.2,0.2,5.0,193.09924,192.89513395285124,-0.2041060471487696,0.2041060471487696
G05_R0516,G05,train,250,20,1e-05,0.7,0.3,0.2,5.0,354.01576,353.543265522209,-0.4724944777909741,0.4724944777909741
G05_R0517,G05,train,250,20,1e-06,0.85,0.1,0.2,5.0,279.716671,279.84697219829553,0.1303011982955126,0.1303011982955126
G05_R0518,G05,train,250,20,1e-06,0.85,0.2,0.2,5.0,862.75248,863.2751842847132,0.5227042847131997,0.5227042847131997
G05_R0519,G05,train,250,20,1e-06,0.85,0.3,0.2,5.0,1820.15434,1821.0086542731049,0.8543142731045918,0.8543142731045918
G05_R0520,G05,train,250,20,1e-06,0.8,0.1,0.2,5.0,280.956474,281.11236362329646,0.1558896232964457,0.1558896232964457
G05_R0521,G05,test,250,20,1e-06,0.8,0.2,0.2,5.0,866.75223,867.3691268279931,0.6168968279930596,0.6168968279930596
G05_R0522,G05,train,250,20,1e-06,0.8,0.3,0.2,5.0,1828.15405,1828.9895855411191,0.835535541119043,0.835535541119043
G05_R0523,G05,train,250,20,1e-06,0.75,0.1,0.2,5.0,282.436263,282.5244026960024,0.0881396960024289,0.0881396960024289
G05_R0524,G05,train,250,20,1e-06,0.75,0.2,0.2,5.0,871.57195,872.0588059845061,0.4868559845060645,0.4868559845060645
G05_R0525,G05,train,250,20,1e-06,0.75,0.3,0.2,5.0,1837.55373,1838.8315808895677,1.2778508895673897,1.2778508895673897
G05_R0526,G05,train,250,20,1e-06,0.7,0.1,0.2,5.0,284.216035,284.27789747011155,0.0618624701115777,0.0618624701115777
G05_R0527,G05,train,250,20,1e-06,0.7,0.2,0.2,5.0,877.28165,878.0478415332727,0.7661915332727176,0.7661915332727176
G05_R0528,G05,train,250,20,1e-06,0.7,0.3,0.2,5.0,1848.75339,1849.6259565708235,0.87256657082321,0.87256657082321
G05_R0529,G05,test,250,50,0.001,0.85,0.1,0.2,5.0,53.743645,53.83113394775295,0.0874889477529521,0.0874889477529521
G05_R0530,G05,train,250,50,0.001,0.85,0.2,0.2,5.0,80.073689,80.1872775110187,0.1135885110187047,0.1135885110187047
G05_R0531,G05,train,250,50,0.001,0.85,0.3,0.2,5.0,122.152989,122.28063740510618,0.1276484051061714,0.1276484051061714
G05_R0532,G05,train,250,50,0.001,0.8,0.1,0.2,5.0,54.06946,54.04909527884923,-0.02036472115077,0.02036472115077
G05_R0533,G05,test,250,50,0.001,0.8,0.2,0.2,5.0,80.716712,80.71104791376898,-0.0056640862310217,0.0056640862310217
G05_R0534,G05,train,250,50,0.001,0.8,0.3,0.2,5.0,123.381174,123.50574216346726,0.1245681634672593,0.1245681634672593
G05_R0535,G05,test,250,50,0.001,0.75,0.1,0.2,5.0,54.417125000000006,54.542966496142974,0.1258414961429679,0.1258414961429679
G05_R0536,G05,test,250,50,0.001,0.75,0.2,0.2,5.0,81.404502,81.67217732023457,0.2676753202345736,0.2676753202345736
G05_R0537,G05,train,250,50,0.001,0.75,0.3,0.2,5.0,124.709267,124.84755984457313,0.1382928445731153,0.1382928445731153
G05_R0538,G05,test,250,50,0.001,0.7,0.1,0.2,5.0,54.789619,54.657291147393096,-0.132327852606906,0.132327852606906
G05_R0539,G05,train,250,50,0.001,0.7,0.2,0.2,5.0,82.144241,82.04139590068792,-0.102845099312077,0.102845099312077
G05_R0540,G05,train,250,50,0.001,0.7,0.3,0.2,5.0,126.147261,126.49318425646553,0.3459232564655252,0.3459232564655252
G05_R0541,G05,train,250,50,0.0001,0.85,0.1,0.2,5.0,66.01930899999999,66.0534429498323,0.0341339498323094,0.0341339498323094
G05_R0542,G05,train,250,50,0.0001,0.85,0.2,0.2,5.0,104.35358,104.44690370981206,0.0933237098120685,0.0933237098120685
G05_R0543,G05,train,250,50,0.0001,0.85,0.3,0.2,5.0,168.857607,169.04732851504087,0.1897215150408726,0.1897215150408726
G05_R0544,G05,train,250,50,0.0001,0.8,0.1,0.2,5.0,66.236936,66.1975439022801,-0.0393920977198973,0.0393920977198973
G05_R0545,G05,test,250,50,0.0001,0.8,0.2,0.2,5.0,104.912881,104.81227953607127,-0.1006014639287258,0.1006014639287258
G05_R0546,G05,train,250,50,0.0001,0.8,0.3,0.2,5.0,169.97048,169.82247051667252,-0.1480094833274847,0.1480094833274847
G05_R0547,G05,train,250,50,0.0001,0.75,0.1,0.2,5.0,66.473428,66.50518278677035,0.0317547867703496,0.0317547867703496
G05_R0548,G05,train,250,50,0.0001,0.75,0.2,0.2,5.0,105.522105,105.60045120831676,0.0783462083167734,0.0783462083167734
G05_R0549,G05,train,250,50,0.0001,0.75,0.3,0.2,5.0,171.223648,171.41585041935497,0.1922024193549703,0.1922024193549703
G05_R0550,G05,train,250,50,0.0001,0.7,0.1,0.2,5.0,66.732762,66.66300769792856,-0.0697543020714306,0.0697543020714306
G05_R0551,G05,train,250,50,0.0001,0.7,0.2,0.2,5.0,106.211232,106.11665455640254,-0.0945774435974584,0.0945774435974584
G05_R0552,G05,test,250,50,0.0001,0.7,0.3,0.2,5.0,172.647137,171.8978238551892,-0.7493131448107988,0.7493131448107988
G05_R0553,G05,train,250,50,1e-05,0.85,0.1,0.2,5.0,93.168401,93.2948508949483,0.1264498949482941,0.1264498949482941
G05_R0554,G05,train,250,50,1e-05,0.85,0.2,0.2,5.0,188.621369,188.96765631252933,0.3462873125293413,0.3462873125293413
G05_R0555,G05,train,250,50,1e-05,0.85,0.3,0.2,5.0,344.86763,345.2055142932253,0.3378842932252723,0.3378842932252723
G05_R0556,G05,train,250,50,1e-05,0.8,0.1,0.2,5.0,93.573862,93.51449952540588,-0.0593624745941383,0.0593624745941383
G05_R0557,G05,test,250,50,1e-05,0.8,0.2,0.2,5.0,189.900716,189.83566688971533,-0.0650491102846615,0.0650491102846615
G05_R0558,G05,train,250,50,1e-05,0.8,0.3,0.2,5.0,347.47704000000004,347.354999194087,-0.1220408059130591,0.1220408059130591
G05_R0559,G05,train,250,50,1e-05,0.75,0.1,0.2,5.0,94.03727,94.13006711857668,0.0927971185766693,0.0927971185766693
G05_R0560,G05,train,250,50,1e-05,0.75,0.2,0.2,5.0,191.380008,191.6981537877546,0.3181457877545881,0.3181457877545881
G05_R0561,G05,train,250,50,1e-05,0.75,0.3,0.2,5.0,350.49641,351.0124202995334,0.5160102995333773,0.5160102995333773
G05_R0562,G05,train,250,50,1e-05,0.7,0.1,0.2,5.0,94.570616,94.46227704962418,-0.108338950375824,0.108338950375824
G05_R0563,G05,train,250,50,1e-05,0.7,0.2,0.2,5.0,193.09924,192.89151465343463,-0.2077253465653541,0.2077253465653541
G05_R0564,G05,train,250,50,1e-05,0.7,0.3,0.2,5.0,354.01576,353.5844441568816,-0.4313158431183979,0.4313158431183979
G05_R0565,G05,train,250,50,1e-06,0.85,0.1,0.2,5.0,279.716671,279.87328541427144,0.1566144142714165,0.1566144142714165
G05_R0566,G05,train,250,50,1e-06,0.85,0.2,0.2,5.0,862.75248,863.2895192920047,0.5370392920046925,0.5370392920046925
G05_R0567,G05,train,250,50,1e-06,0.85,0.3,0.2,5.0,1820.15434,1821.085354092569,0.9310140925690576,0.9310140925690576
G05_R0568,G05,train,250,50,1e-06,0.8,0.1,0.2,5.0,280.956474,281.0927029084515,0.1362289084514714,0.1362289084514714
G05_R0569,G05,train,250,50,1e-06,0.8,0.2,0.2,5.0,866.75223,867.3619902394519,0.6097602394518162,0.6097602394518162
G05_R0570,G05,train,250,50,1e-06,0.8,0.3,0.2,5.0,1828.15405,1828.969319167786,0.8152691677858002,0.8152691677858002
G05_R0571,G05,train,250,50,1e-06,0.75,0.1,0.2,5.0,282.436263,282.5303515323774,0.0940885323773841,0.0940885323773841
G05_R0572,G05,train,250,50,1e-06,0.75,0.2,0.2,5.0,871.57195,872.0584214448186,0.4864714448185623,0.4864714448185623
G05_R0573,G05,train,250,50,1e-06,0.75,0.3,0.2,5.0,1837.55373,1839.10581647019,1.5520864701898065,1.5520864701898065
G05_R0574,G05,train,250,50,1e-06,0.7,0.1,0.2,5.0,284.216035,284.2931029611414,0.0770679611414379,0.0770679611414379
G05_R0575,G05,train,250,50,1e-06,0.7,0.2,0.2,5.0,877.28165,877.9818264723361,0.7001764723361248,0.7001764723361248
G05_R0576,G05,train,250,50,1e-06,0.7,0.3,0.2,5.0,1848.75339,1849.6380281485317,0.8846381485313941,0.8846381485313941
G05_R0577,G05,train,500,3,0.001,0.85,0.1,0.2,5.0,136.67735100000002,136.81711303819478,0.1397620381947604,0.1397620381947604
G05_R0578,G05,train,500,3,0.001,0.85,0.2,0.2,5.0,206.8988,207.49176760328257,0.5929676032825739,0.5929676032825739
G05_R0579,G05,test,500,3,0.001,0.85,0.3,0.2,5.0,317.58106000000004,317.87485707101945,0.2937970710194122,0.2937970710194122
G05_R0580,G05,train,500,3,0.001,0.8,0.1,0.2,5.0,137.61308200000002,137.53910556053444,-0.0739764394655821,0.0739764394655821
G05_R0581,G05,test,500,3,0.001,0.8,0.2,0.2,5.0,208.81557,208.8549187521971,0.0393487521970996,0.0393487521970996
G05_R0582,G05,train,500,3,0.001,0.8,0.3,0.2,5.0,321.26845000000003,321.1084756916685,-0.1599743083315274,0.1599743083315274
G05_R0583,G05,train,500,3,0.001,0.75,0.1,0.2,5.0,138.618542,138.730063936902,0.1115219369020223,0.1115219369020223
G05_R0584,G05,test,500,3,0.001,0.75,0.2,0.2,5.0,210.86219,211.38648043895105,0.5242904389510272,0.5242904389510272
G05_R0585,G05,train,500,3,0.001,0.75,0.3,0.2,5.0,325.24581,325.1547546662878,-0.0910553337122337,0.0910553337122337
G05_R0586,G05,train,500,3,0.001,0.7,0.1,0.2,5.0,139.683705,139.51821006538734,-0.165494934612667,0.165494934612667
G05_R0587,G05,test,500,3,0.001,0.7,0.2,0.2,5.0,213.06853,212.5457107561756,-0.5228192438244434,0.5228192438244434
G05_R0588,G05,test,500,3,0.001,0.7,0.3,0.2,5.0,329.55309,328.2375135953974,-1.3155764046026093,1.3155764046026093
G05_R0589,G05,test,500,3,0.0001,0.85,0.1,0.2,5.0,165.344539,165.54690836807188,0.202369368071885,0.202369368071885
G05_R0590,G05,train,500,3,0.0001,0.85,0.2,0.2,5.0,265.485887,266.0472550120134,0.5613680120134177,0.5613680120134177
G05_R0591,G05,train,500,3,0.0001,0.85,0.3,0.2,5.0,433.90025,434.4779287828631,0.5776787828630177,0.5776787828630177
G05_R0592,G05,train,500,3,0.0001,0.8,0.1,0.2,5.0,166.04222499999997,165.99566541516992,-0.0465595848300495,0.0465595848300495
G05_R0593,G05,train,500,3,0.0001,0.8,0.2,0.2,5.0,267.33919000000003,267.0663413593231,-0.2728486406769548,0.2728486406769548
G05_R0594,G05,train,500,3,0.0001,0.8,0.3,0.2,5.0,437.77159,437.4723038236205,-0.2992861763794963,0.2992861763794963
G05_R0595,G05,train,500,3,0.0001,0.75,0.1,0.2,5.0,166.78968999999998,166.95881224957714,0.1691222495771569,0.1691222495771569
G05_R0596,G05,train,500,3,0.0001,0.75,0.2,0.2,5.0,269.39263459999995,269.6715632819447,0.2789286819447625,0.2789286819447625
G05_R0597,G05,train,500,3,0.0001,0.75,0.3,0.2,5.0,442.12473,442.8416006170898,0.7168706170897963,0.7168706170897963
G05_R0598,G05,test,500,3,0.0001,0.7,0.1,0.2,5.0,167.62687,166.95881224957714,-0.6680577504228609,0.6680577504228609
G05_R0599,G05,train,500,3,0.0001,0.7,0.2,0.2,5.0,271.7562132,271.4326647545888,-0.323548445411177,0.323548445411177
G05_R0600,G05,train,500,3,0.0001,0.7,0.3,0.2,5.0,447.08985,445.70964605102256,-1.380203948977453,1.380203948977453
G05_R0601,G05,train,500,3,1e-05,0.85,0.1,0.2,5.0,228.49253,228.8838461431273,0.3913161431273124,0.3913161431273124
G05_R0602,G05,train,500,3,1e-05,0.85,0.2,0.2,5.0,456.21956,456.8684154866359,0.6488554866358527,0.6488554866358527
G05_R0603,G05,train,500,3,1e-05,0.85,0.3,0.2,5.0,824.3443000000001,826.0428967740778,1.698596774077714,1.698596774077714
G05_R0604,G05,train,500,3,1e-05,0.8,0.1,0.2,5.0,229.91157,229.747622102313,-0.1639478976870236,0.1639478976870236
G05_R0605,G05,train,500,3,1e-05,0.8,0.2,0.2,5.0,460.63898,460.1699797303837,-0.4690002696162878,0.4690002696162878
G05_R0606,G05,train,500,3,1e-05,0.8,0.3,0.2,5.0,833.5462,833.7867644327728,0.2405644327727714,0.2405644327727714
G05_R0607,G05,train,500,3,1e-05,0.75,0.1,0.2,5.0,231.46052,231.73072242136843,0.2702024213684524,0.2702024213684524
G05_R0608,G05,train,500,3,1e-05,0.75,0.2,0.2,5.0,465.67841,467.0468078691052,1.3683978691051948,1.3683978691051948
G05_R0609,G05,train,500,3,1e-05,0.75,0.3,0.2,5.0,844.0986,845.7228952027763,1.6242952027762383,1.6242952027762383
G05_R0610,G05,train,500,3,1e-05,0.7,0.1,0.2,5.0,233.18936,232.71871531627835,-0.4706446837216447,0.4706446837216447
G05_R0611,G05,test,500,3,1e-05,0.7,0.2,0.2,5.0,471.49787,469.5157356637064,-1.9821343362935409,1.9821343362935409
G05_R0612,G05,train,500,3,1e-05,0.7,0.3,0.2,5.0,856.3616400000001,856.4068745063871,0.0452345063870325,0.0452345063870325
G05_R0613,G05,train,500,3,1e-06,0.85,0.1,0.2,5.0,620.2189199999999,621.4883235597009,1.2694035597010045,1.2694035597010045
G05_R0614,G05,test,500,3,1e-06,0.85,0.2,0.2,5.0,1861.25612,1867.4487873695173,6.192667369517267,6.192667369517267
G05_R0615,G05,train,500,3,1e-06,0.85,0.3,0.2,5.0,3886.39378,3892.5435116548474,6.149731654846619,6.149731654846619
G05_R0616,G05,train,500,3,1e-06,0.8,0.1,0.2,5.0,624.86856,625.6767281775017,0.8081681775016705,0.8081681775016705
G05_R0617,G05,test,500,3,1e-06,0.8,0.2,0.2,5.0,1875.75565,1878.5937195127672,2.838069512767106,2.838069512767106
G05_R0618,G05,train,500,3,1e-06,0.8,0.3,0.2,5.0,3915.39331,3918.1332751929294,2.7399651929295032,2.7399651929295032
G05_R0619,G05,train,500,3,1e-06,0.75,0.1,0.2,5.0,629.95816,631.5975777330226,1.639417733022583,1.639417733022583
G05_R0620,G05,train,500,3,1e-06,0.75,0.2,0.2,5.0,1891.75515,1894.5883491053823,2.8331991053826187,2.8331991053826187
G05_R0621,G05,test,500,3,1e-06,0.75,0.3,0.2,5.0,3948.29281,3953.995942362792,5.703132362792076,5.703132362792076
G05_R0622,G05,train,500,3,1e-06,0.7,0.1,0.2,5.0,635.55773,635.8758483288643,0.3181183288643296,0.3181183288643296
G05_R0623,G05,train,500,3,1e-06,0.7,0.2,0.2,5.0,1910.35461,1912.7777109350816,2.4231009350817203,2.4231009350817203
G05_R0624,G05,train,500,3,1e-06,0.7,0.3,0.2,5.0,3986.59227,3991.2160375050194,4.623767505019259,4.623767505019259
G05_R0625,G05,train,500,6,0.001,0.85,0.1,0.2,5.0,136.67735100000002,136.81313617542392,0.135785175423905,0.135785175423905
G05_R0626,G05,train,500,6,0.001,0.85,0.2,0.2,5.0,206.8988,207.4828005136993,0.5840005136992659,0.5840005136992659
G05_R0627,G05,train,500,6,0.001,0.85,0.3,0.2,5.0,317.58106000000004,317.8458789034599,0.2648189034598545,0.2648189034598545
G05_R0628,G05,train,500,6,0.001,0.8,0.1,0.2,5.0,137.61308200000002,137.53512869776364,-0.0779533022363807,0.0779533022363807
G05_R0629,G05,train,500,6,0.001,0.8,0.2,0.2,5.0,208.81557,208.82720665594712,0.0116366559471146,0.0116366559471146
G05_R0630,G05,train,500,6,0.001,0.8,0.3,0.2,5.0,321.26845000000003,321.08401866285897,-0.1844313371410635,0.1844313371410635
G05_R0631,G05,train,500,6,0.001,0.75,0.1,0.2,5.0,138.618542,138.73263807194363,0.114096071943635,0.114096071943635
G05_R0632,G05,train,500,6,0.001,0.75,0.2,0.2,5.0,210.86219,211.34789798165932,0.4857079816593455,0.4857079816593455
G05_R0633,G05,test,500,6,0.001,0.75,0.3,0.2,5.0,325.24581,325.1257060358707,-0.1201039641293277,0.1201039641293277
G05_R0634,G05,train,500,6,0.001,0.7,0.1,0.2,5.0,139.683705,139.52078420042898,-0.162920799571026,0.162920799571026
G05_R0635,G05,train,500,6,0.001,0.7,0.2,0.2,5.0,213.06853,212.50995561555055,-0.5585743844494289,0.5585743844494289
G05_R0636,G05,test,500,6,0.001,0.7,0.3,0.2,5.0,329.55309,328.23752397539727,-1.315566024602731,1.315566024602731
G05_R0637,G05,train,500,6,0.0001,0.85,0.1,0.2,5.0,165.344539,165.54690836807188,0.202369368071885,0.202369368071885
G05_R0638,G05,train,500,6,0.0001,0.85,0.2,0.2,5.0,265.485887,266.0379637684925,0.5520767684924976,0.5520767684924976
G05_R0639,G05,train,500,6,0.0001,0.85,0.3,0.2,5.0,433.90025,434.48753890827976,0.5872889082797315,0.5872889082797315
G05_R0640,G05,train,500,6,0.0001,0.8,0.1,0.2,5.0,166.04222499999997,165.9928001326699,-0.0494248673300603,0.0494248673300603
G05_R0641,G05,test,500,6,0.0001,0.8,0.2,0.2,5.0,267.33919000000003,267.0570501158021,-0.2821398841979317,0.2821398841979317
G05_R0642,G05,train,500,6,0.0001,0.8,0.3,0.2,5.0,437.77159,437.4808256640373,-0.2907643359627627,0.2907643359627627
G05_R0643,G05,train,500,6,0.0001,0.75,0.1,0.2,5.0,166.78968999999998,166.95594696707715,0.1662569670771745,0.1662569670771745
G05_R0644,G05,train,500,6,0.0001,0.75,0.2,0.2,5.0,269.39263459999995,269.6773403755937,0.2847057755937499,0.2847057755937499
G05_R0645,G05,train,500,6,0.0001,0.75,0.3,0.2,5.0,442.12473,442.81326517729786,0.6885351772978652,0.6885351772978652
G05_R0646,G05,train,500,6,0.0001,0.7,0.1,0.2,5.0,167.62687,166.95594696707715,-0.6709230329228433,0.6709230329228433
G05_R0647,G05,train,500,6,0.0001,0.7,0.2,0.2,5.0,271.7562132,271.4430386418878,-0.3131745581121663,0.3131745581121663
G05_R0648,G05,train,500,6,0.0001,0.7,0.3,0.2,5.0,447.08985,445.6872897449807,-1.4025602550192957,1.4025602550192957
G05_R0649,G05,train,500,6,1e-05,0.85,0.1,0.2,5.0,228.49253,228.83586179890125,0.3433317989012607,0.3433317989012607
G05_R0650,G05,train,500,6,1e-05,0.85,0.2,0.2,5.0,456.21956,456.8183804853858,0.5988204853857724,0.5988204853857724
G05_R0651,G05,train,500,6,1e-05,0.85,0.3,0.2,5.0,824.3443000000001,825.7670901455512,1.422790145551062,1.422790145551062
G05_R0652,G05,train,500,6,1e-05,0.8,0.1,0.2,5.0,229.91157,229.69571083308696,-0.2158591669130487,0.2158591669130487
G05_R0653,G05,test,500,6,1e-05,0.8,0.2,0.2,5.0,460.63898,460.114127249967,-0.5248527500330056,0.5248527500330056
G05_R0654,G05,test,500,6,1e-05,0.8,0.3,0.2,5.0,833.5462,833.6280334938294,0.0818334938294356,0.0818334938294356
G05_R0655,G05,train,500,6,1e-05,0.75,0.1,0.2,5.0,231.46052,231.70358265857084,0.2430626585708353,0.2430626585708353
G05_R0656,G05,test,500,6,1e-05,0.75,0.2,0.2,5.0,465.67841,467.05199862743854,1.3735886274385507,1.3735886274385507
G05_R0657,G05,train,500,6,1e-05,0.75,0.3,0.2,5.0,844.0986,845.5617137289522,1.4631137289521805,1.4631137289521805
G05_R0658,G05,train,500,6,1e-05,0.7,0.1,0.2,5.0,233.18936,232.6915755534808,-0.4977844465192049,0.4977844465192049
G05_R0659,G05,train,500,6,1e-05,0.7,0.2,0.2,5.0,471.49787,469.5157356637064,-1.9821343362935409,1.9821343362935409
G05_R0660,G05,train,500,6,1e-05,0.7,0.3,0.2,5.0,856.3616400000001,856.188724488813,-0.1729155111870568,0.1729155111870568
G05_R0661,G05,test,500,6,1e-06,0.85,0.1,0.2,5.0,620.2189199999999,621.5380566647012,1.3191366647013183,1.3191366647013183
G05_R0662,G05,train,500,6,1e-06,0.85,0.2,0.2,5.0,1861.25612,1867.396643348684,6.140523348683928,6.140523348683928
G05_R0663,G05,train,500,6,1e-06,0.85,0.3,0.2,5.0,3886.39378,3892.607283695888,6.213503695888448,6.213503695888448
G05_R0664,G05,train,500,6,1e-06,0.8,0.1,0.2,5.0,624.86856,625.5905238112512,0.7219638112511575,0.7219638112511575
G05_R0665,G05,train,500,6,1e-06,0.8,0.2,0.2,5.0,1875.75565,1878.5257010648504,2.7700510648503496,2.7700510648503496
G05_R0666,G05,train,500,6,1e-06,0.8,0.3,0.2,5.0,3915.39331,3917.8076351207446,2.4143251207447065,2.4143251207447065
G05_R0667,G05,test,500,6,1e-06,0.75,0.1,0.2,5.0,629.95816,631.7295734313565,1.77141343135645,1.77141343135645
G05_R0668,G05,train,500,6,1e-06,0.75,0.2,0.2,5.0,1891.75515,1894.5916145064243,2.8364645064245906,2.8364645064245906
G05_R0669,G05,train,500,6,1e-06,0.75,0.3,0.2,5.0,3948.29281,3953.873338157126,5.580528157126082,5.580528157126082
G05_R0670,G05,train,500,6,1e-06,0.7,0.1,0.2,5.0,635.55773,635.9079881663645,0.3502581663644832,0.3502581663644832
G05_R0671,G05,train,500,6,1e-06,0.7,0.2,0.2,5.0,1910.35461,1912.6756564225825,2.321046422582413,2.321046422582413
G05_R0672,G05,train,500,6,1e-06,0.7,0.3,0.2,5.0,3986.59227,3991.1570473495153,4.564777349515225,4.564777349515225
G05_R0673,G05,train,500,20,0.001,0.85,0.1,0.2,5.0,136.67735100000002,136.81829355878102,0.1409425587810062,0.1409425587810062
G05_R0674,G05,train,500,20,0.001,0.85,0.2,0.2,5.0,206.8988,207.5906303860537,0.6918303860537094,0.6918303860537094
G05_R0675,G05,train,500,20,0.001,0.85,0.3,0.2,5.0,317.58106000000004,317.85032742761183,0.2692674276117941,0.2692674276117941
G05_R0676,G05,train,500,20,0.001,0.8,0.1,0.2,5.0,137.61308200000002,137.54180213045422,-0.0712798695458047,0.0712798695458047
G05_R0677,G05,train,500,20,0.001,0.8,0.2,0.2,5.0,208.81557,208.90385230809332,0.0882823080933405,0.0882823080933405
G05_R0678,G05,train,500,20,0.001,0.8,0.3,0.2,5.0,321.26845000000003,321.0920573145705,-0.176392685429505,0.176392685429505
G05_R0679,G05,train,500,20,0.001,0.75,0.1,0.2,5.0,138.618542,138.73613252413145,0.1175905241314581,0.1175905241314581
G05_R0680,G05,train,500,20,0.001,0.75,0.2,0.2,5.0,210.86219,211.3046764074483,0.4424864074483139,0.4424864074483139
G05_R0681,G05,train,500,20,0.001,0.75,0.3,0.2,5.0,325.24581,325.2006382628054,-0.0451717371946074,0.0451717371946074
G05_R0682,G05,train,500,20,0.001,0.7,0.1,0.2,5.0,139.683705,139.52459290994963,-0.159112090050371,0.159112090050371
G05_R0683,G05,test,500,20,0.001,0.7,0.2,0.2,5.0,213.06853,212.44130977623533,-0.6272202237646809,0.6272202237646809
G05_R0684,G05,train,500,20,0.001,0.7,0.3,0.2,5.0,329.55309,328.3528344523316,-1.2002555476684051,1.2002555476684051
G05_R0685,G05,train,500,20,0.0001,0.85,0.1,0.2,5.0,165.344539,165.530654452804,0.1861154528040174,0.1861154528040174
G05_R0686,G05,test,500,20,0.0001,0.85,0.2,0.2,5.0,265.485887,266.1163207625433,0.6304337625433618,0.6304337625433618
G05_R0687,G05,train,500,20,0.0001,0.85,0.3,0.2,5.0,433.90025,434.4610374150346,0.5607874150346106,0.5607874150346106
G05_R0688,G05,train,500,20,0.0001,0.8,0.1,0.2,5.0,166.04222499999997,165.97272479958957,-0.0695002004104026,0.0695002004104026
G05_R0689,G05,train,500,20,0.0001,0.8,0.2,0.2,5.0,267.33919000000003,267.1357782452864,-0.2034117547136702,0.2034117547136702
G05_R0690,G05,train,500,20,0.0001,0.8,0.3,0.2,5.0,437.77159,437.4454587938579,-0.3261312061421222,0.3261312061421222
G05_R0691,G05,train,500,20,0.0001,0.75,0.1,0.2,5.0,166.78968999999998,166.85442964428262,0.0647396442826391,0.0647396442826391
G05_R0692,G05,train,500,20,0.0001,0.75,0.2,0.2,5.0,269.4226352,269.6877715830888,0.265136383088759,0.265136383088759
G05_R0693,G05,train,500,20,0.0001,0.75,0.3,0.2,5.0,442.12473,442.7260291103286,0.6012991103286254,0.6012991103286254
G05_R0694,G05,test,500,20,0.0001,0.7,0.1,0.2,5.0,167.62687,166.85442964428262,-0.7724403557173787,0.7724403557173787
G05_R0695,G05,train,500,20,0.0001,0.7,0.2,0.2,5.0,271.7762139,271.44450684282515,-0.3317070571748672,0.3317070571748672
G05_R0696,G05,test,500,20,0.0001,0.7,0.3,0.2,5.0,447.08985,445.6026860931893,-1.4871639068106788,1.4871639068106788
G05_R0697,G05,train,500,20,1e-05,0.85,0.1,0.2,5.0,228.49253,228.75467683890196,0.2621468389019412,0.2621468389019412
G05_R0698,G05,train,500,20,1e-05,0.85,0.2,0.2,5.0,456.21956,456.917949114731,0.6983891147310146,0.6983891147310146
G05_R0699,G05,train,500,20,1e-05,0.85,0.3,0.2,5.0,824.3443000000001,825.9409267934094,1.596626793409314,1.596626793409314
G05_R0700,G05,test,500,20,1e-05,0.8,0.1,0.2,5.0,229.95157,229.60906025225395,-0.3425097477460781,0.3425097477460781
G05_R0701,G05,train,500,20,1e-05,0.8,0.2,0.2,5.0,460.63898,460.1591370447288,-0.4798429552712377,0.4798429552712377
G05_R0702,G05,train,500,20,1e-05,0.8,0.3,0.2,5.0,833.5462,833.788080485868,0.2418804858680232,0.2418804858680232
G05_R0703,G05,train,500,20,1e-05,0.75,0.1,0.2,5.0,231.46052,231.66441491285784,0.2038949128578338,0.2038949128578338
G05_R0704,G05,train,500,20,1e-05,0.75,0.2,0.2,5.0,465.67841,466.8645327507712,1.186122750771176,1.186122750771176
G05_R0705,G05,train,500,20,1e-05,0.75,0.3,0.2,5.0,844.0986,845.3483739126261,1.2497739126260967,1.2497739126260967
G05_R0706,G05,train,500,20,1e-05,0.7,0.1,0.2,5.0,233.18936,232.6515646266956,-0.5377953733044194,0.5377953733044194
G05_R0707,G05,train,500,20,1e-05,0.7,0.2,0.2,5.0,471.49787,469.31245413171166,-2.1854158682883167,2.1854158682883167
G05_R0708,G05,test,500,20,1e-05,0.7,0.3,0.2,5.0,856.3616400000001,856.1445669927862,-0.2170730072139122,0.2170730072139122
G05_R0709,G05,train,500,20,1e-06,0.85,0.1,0.2,5.0,620.2189199999999,621.3043644171717,1.0854444171717432,1.0854444171717432
G05_R0710,G05,test,500,20,1e-06,0.85,0.2,0.2,5.0,1861.25612,1867.7098261638323,6.453706163832294,6.453706163832294
G05_R0711,G05,train,500,20,1e-06,0.85,0.3,0.2,5.0,3886.39378,3890.608176104078,4.214396104078332,4.214396104078332
G05_R0712,G05,train,500,20,1e-06,0.8,0.1,0.2,5.0,624.86856,625.4030994844956,0.5345394844955536,0.5345394844955536
G05_R0713,G05,train,500,20,1e-06,0.8,0.2,0.2,5.0,1875.75565,1878.363657943044,2.608007943043731,2.608007943043731
G05_R0714,G05,train,500,20,1e-06,0.8,0.3,0.2,5.0,3915.39331,3917.293440451367,1.9001304513667487,1.9001304513667487
G05_R0715,G05,test,500,20,1e-06,0.75,0.1,0.2,5.0,629.95816,631.6564179463859,1.6982579463858656,1.6982579463858656
G05_R0716,G05,train,500,20,1e-06,0.75,0.2,0.2,5.0,1891.75515,1894.825003737009,3.069853737008998,3.069853737008998
G05_R0717,G05,train,500,20,1e-06,0.75,0.3,0.2,5.0,3948.29281,3953.740311409064,5.447501409063534,5.447501409063534
G05_R0718,G05,train,500,20,1e-06,0.7,0.1,0.2,5.0,635.55773,635.9530635853824,0.3953335853824455,0.3953335853824455
G05_R0719,G05,train,500,20,1e-06,0.7,0.2,0.2,5.0,1910.35461,1913.2391885797829,2.884578579782783,2.884578579782783
G05_R0720,G05,train,500,20,1e-06,0.7,0.3,0.2,5.0,3986.59227,3991.381904933624,4.789634933623802,4.789634933623802
G05_R0721,G05,train,500,50,0.001,0.85,0.1,0.2,5.0,136.67735000000002,136.8173145461114,0.1399645461113721,0.1399645461113721
G05_R0722,G05,test,500,50,0.001,0.85,0.2,0.2,5.0,206.8988,207.6015184964704,0.7027184964703963,0.7027184964703963
G05_R0723,G05,test,500,50,0.001,0.85,0.3,0.2,5.0,317.58106000000004,317.86441485719524,0.2833548571952065,0.2833548571952065
G05_R0724,G05,train,500,50,0.001,0.8,0.1,0.2,5.0,137.613081,137.54159466184709,-0.0714863381529085,0.0714863381529085
G05_R0725,G05,train,500,50,0.001,0.8,0.2,0.2,5.0,208.81557,208.9122890329892,0.0967190329891707,0.0967190329891707
G05_R0726,G05,train,500,50,0.001,0.8,0.3,0.2,5.0,321.26845000000003,321.1074279716538,-0.161022028346224,0.161022028346224
G05_R0727,G05,train,500,50,0.001,0.75,0.1,0.2,5.0,138.61854,138.74168501783677,0.1231450178367765,0.1231450178367765
G05_R0728,G05,train,500,50,0.001,0.75,0.2,0.2,5.0,210.86219,211.37031472927555,0.5081247292755506,0.5081247292755506
G05_R0729,G05,test,500,50,0.001,0.75,0.3,0.2,5.0,325.24581,325.2001906253054,-0.0456193746945814,0.0456193746945814
G05_R0730,G05,train,500,50,0.001,0.7,0.1,0.2,5.0,139.68370399999998,139.53077381803,-0.1529301819699924,0.1529301819699924
G05_R0731,G05,train,500,50,0.001,0.7,0.2,0.2,5.0,213.06853,212.4939175132709,-0.5746124867291087,0.5746124867291087
G05_R0732,G05,test,500,50,0.001,0.7,0.3,0.2,5.0,329.55309,328.3528344523316,-1.2002555476684051,1.2002555476684051
G05_R0733,G05,train,500,50,0.0001,0.85,0.1,0.2,5.0,165.344539,165.52561064835763,0.18107164835763,0.18107164835763
G05_R0734,G05,train,500,50,0.0001,0.85,0.2,0.2,5.0,265.485887,266.0968059246143,0.6109189246142819,0.6109189246142819
G05_R0735,G05,train,500,50,0.0001,0.85,0.3,0.2,5.0,433.92026,434.4711981515972,0.5509381515971654,0.5509381515971654
G05_R0736,G05,train,500,50,0.0001,0.8,0.1,0.2,5.0,166.04222499999997,165.96814816076815,-0.0740768392318216,0.0740768392318216
G05_R0737,G05,train,500,50,0.0001,0.8,0.2,0.2,5.0,267.33919000000003,267.1162634073573,-0.2229265926427501,0.2229265926427501
G05_R0738,G05,train,500,50,0.0001,0.8,0.3,0.2,5.0,437.79161,437.445953795837,-0.3456562041629922,0.3456562041629922
G05_R0739,G05,train,500,50,0.0001,0.75,0.1,0.2,5.0,166.78968999999998,166.8571081092826,0.0674181092826131,0.0674181092826131
G05_R0740,G05,train,500,50,0.0001,0.75,0.2,0.2,5.0,269.4226352,269.67031072757203,0.2476755275720279,0.2476755275720279
G05_R0741,G05,train,500,50,0.0001,0.75,0.3,0.2,5.0,442.14474,442.8152102499117,0.6704702499116593,0.6704702499116593
G05_R0742,G05,test,500,50,0.0001,0.7,0.1,0.2,5.0,167.62687,166.8571081092826,-0.7697618907174046,0.7697618907174046
G05_R0743,G05,train,500,50,0.0001,0.7,0.2,0.2,5.0,271.7762139,271.42955899816474,-0.3466549018352793,0.3466549018352793
G05_R0744,G05,train,500,50,0.0001,0.7,0.3,0.2,5.0,447.11986,445.69272409735584,-1.4271359026441814,1.4271359026441814
G05_R0745,G05,train,500,50,1e-05,0.85,0.1,0.2,5.0,228.54253,228.752871845152,0.2103418451519587,0.2103418451519587
G05_R0746,G05,train,500,50,1e-05,0.85,0.2,0.2,5.0,456.21956,456.99928129639807,0.7797212963980655,0.7797212963980655
G05_R0747,G05,train,500,50,1e-05,0.85,0.3,0.2,5.0,824.4543100000001,826.0463515288263,1.5920415288262575,1.5920415288262575
G05_R0748,G05,test,500,50,1e-05,0.8,0.1,0.2,5.0,229.98157,229.6072552585039,-0.3743147414961072,0.3743147414961072
G05_R0749,G05,train,500,50,1e-05,0.8,0.2,0.2,5.0,460.63898,460.2416246191041,-0.3973553808958741,0.3973553808958741
G05_R0750,G05,train,500,50,1e-05,0.8,0.3,0.2,5.0,833.65621,833.8090097808681,0.152799780868122,0.152799780868122
G05_R0751,G05,train,500,50,1e-05,0.75,0.1,0.2,5.0,231.49052,231.6626099191078,0.1720899191078047,0.1720899191078047
G05_R0752,G05,train,500,50,1e-05,0.75,0.2,0.2,5.0,465.67841,466.86826243514616,1.1898524351461788,1.1898524351461788
G05_R0753,G05,train,500,50,1e-05,0.75,0.3,0.2,5.0,844.21861,845.4275752576257,1.208965257625664,1.208965257625664
G05_R0754,G05,test,500,50,1e-05,0.7,0.1,0.2,5.0,233.20936,232.6515646266956,-0.5577953733044296,0.5577953733044296
G05_R0755,G05,test,500,50,1e-05,0.7,0.2,0.2,5.0,471.49787,469.3161838160866,-2.1816861839133708,2.1816861839133708
G05_R0756,G05,train,500,50,1e-05,0.7,0.3,0.2,5.0,856.4816500000001,856.213055500286,-0.2685944997140268,0.2685944997140268
G05_R0757,G05,train,500,50,1e-06,0.85,0.1,0.2,5.0,620.2189199999999,621.2099517669432,0.9910317669432516,0.9910317669432516
G05_R0758,G05,train,500,50,1e-06,0.85,0.2,0.2,5.0,1861.25612,1867.0234387100825,5.767318710082463,5.767318710082463
G05_R0759,G05,train,500,50,1e-06,0.85,0.3,0.2,5.0,3886.39379,3890.57851635512,4.184726355119437,4.184726355119437
G05_R0760,G05,test,500,50,1e-06,0.8,0.1,0.2,5.0,624.86856,625.3411934321841,0.472633432184125,0.472633432184125
G05_R0761,G05,train,500,50,1e-06,0.8,0.2,0.2,5.0,1875.75565,1878.179415426616,2.4237654266157733,2.4237654266157733
G05_R0762,G05,train,500,50,1e-06,0.8,0.3,0.2,5.0,3915.39332,3917.519236781572,2.1259167815719597,2.1259167815719597
G05_R0763,G05,train,500,50,1e-06,0.75,0.1,0.2,5.0,629.95816,631.6662365534693,1.7080765534692546,1.7080765534692546
G05_R0764,G05,test,500,50,1e-06,0.75,0.2,0.2,5.0,1891.75515,1894.854065190134,3.0989151901339937,3.0989151901339937
G05_R0765,G05,train,500,50,1e-06,0.75,0.3,0.2,5.0,3948.29281,3953.345540794062,5.052730794061972,5.052730794061972
G05_R0766,G05,train,500,50,1e-06,0.7,0.1,0.2,5.0,635.55773,636.0157267657993,0.4579967657992938,0.4579967657992938
G05_R0767,G05,test,500,50,1e-06,0.7,0.2,0.2,5.0,1910.35461,1913.268250032908,2.9136400329077787,2.9136400329077787
G05_R0768,G05,test,500,50,1e-06,0.7,0.3,0.2,5.0,3986.59228,3991.369606783624,4.777326783623721,4.777326783623721
G06_R0001,G06,train,25,3,0.001,0.85,0.1,0.3,4.0,4.9808637,4.983794604366579,0.002930904366579,0.002930904366579
G06_R0002,G06,test,25,3,0.001,0.85,0.2,0.3,4.0,7.39498,7.410966947680039,0.0159869476800382,0.0159869476800382
G06_R0003,G06,train,25,3,0.001,0.85,0.3,0.3,4.0,11.3540105,11.367193954831569,0.0131834548315676,0.0131834548315676
G06_R0004,G06,train,25,3,0.001,0.8,0.1,0.3,4.0,5.000652199999999,4.998821092161439,-0.0018311078385604,0.0018311078385604
G06_R0005,G06,train,25,3,0.001,0.8,0.2,0.3,4.0,7.4352897,7.43066841879806,-0.0046212812019401,0.0046212812019401
G06_R0006,G06,train,25,3,0.001,0.8,0.3,0.3,4.0,11.427614,11.418592444178636,-0.0090215558213646,0.0090215558213646
G06_R0007,G06,test,25,3,0.001,0.75,0.1,0.3,4.0,5.0215171,5.0310679640638405,0.0095508640638408,0.0095508640638408
G06_R0008,G06,train,25,3,0.001,0.75,0.2,0.3,4.0,7.4781642,7.482201913697529,0.0040377136975289,0.0040377136975289
G06_R0009,G06,train,25,3,0.001,0.75,0.3,0.3,4.0,11.5061818,11.523547384357384,0.0173655843573836,0.0173655843573836
G06_R0010,G06,train,25,3,0.001,0.7,0.1,0.3,4.0,5.0436555,5.039024318730539,-0.0046311812694606,0.0046311812694606
G06_R0011,G06,train,25,3,0.001,0.7,0.2,0.3,4.0,7.5238987,7.517261710819648,-0.0066369891803521,0.0066369891803521
G06_R0012,G06,train,25,3,0.001,0.7,0.3,0.3,4.0,11.5917096,11.545584231953203,-0.0461253680467965,0.0461253680467965
G06_R0013,G06,test,25,3,0.0001,0.85,0.1,0.3,4.0,6.371586099999999,6.375696895368983,0.0041107953689838,0.0041107953689838
G06_R0014,G06,train,25,3,0.0001,0.85,0.2,0.3,4.0,10.2037,10.20781049760618,0.0041104976061809,0.0041104976061809
G06_R0015,G06,train,25,3,0.0001,0.85,0.3,0.3,4.0,17.292662,17.321706704758586,0.0290447047585864,0.0290447047585864
G06_R0016,G06,train,25,3,0.0001,0.8,0.1,0.3,4.0,6.3860633,6.384992756214813,-0.001070543785187,0.001070543785187
G06_R0017,G06,train,25,3,0.0001,0.8,0.2,0.3,4.0,10.232414,10.232027936714331,-0.0003860632856671,0.0003860632856671
G06_R0018,G06,train,25,3,0.0001,0.8,0.3,0.3,4.0,17.346317000000003,17.336587432602354,-0.0097295673976489,0.0097295673976489
G06_R0019,G06,train,25,3,0.0001,0.75,0.1,0.3,4.0,6.4013175,6.404007875581065,0.0026903755810652,0.0026903755810652
G06_R0020,G06,test,25,3,0.0001,0.75,0.2,0.3,4.0,10.262098,10.269885677631985,0.0077876776319829,0.0077876776319829
G06_R0021,G06,train,25,3,0.0001,0.75,0.3,0.3,4.0,17.404936,17.412283848177687,0.0073478481776874,0.0073478481776874
G06_R0022,G06,train,25,3,0.0001,0.7,0.1,0.3,4.0,6.4174447,6.40967109911229,-0.0077736008877096,0.0077736008877096
G06_R0023,G06,train,25,3,0.0001,0.7,0.2,0.3,4.0,10.293749,10.275704697881997,-0.018044302118005,0.018044302118005
G06_R0024,G06,train,25,3,0.0001,0.7,0.3,0.3,4.0,17.466514,17.450169854611477,-0.0163441453885226,0.0163441453885226
G06_R0025,G06,test,25,3,1e-05,0.85,0.1,0.3,4.0,8.853062,8.86379516461868,0.0107331646186796,0.0107331646186796
G06_R0026,G06,train,25,3,1e-05,0.85,0.2,0.3,4.0,17.990347,17.994479106454115,0.0041321064541151,0.0041321064541151
G06_R0027,G06,train,25,3,1e-05,0.85,0.3,0.3,4.0,33.894278,33.906690642186426,0.0124126421864261,0.0124126421864261
G06_R0028,G06,test,25,3,1e-05,0.8,0.1,0.3,4.0,8.866083999999999,8.863810180868679,-0.0022738191313198,0.0022738191313198
G06_R0029,G06,train,25,3,1e-05,0.8,0.2,0.3,4.0,18.020228,18.017464992215373,-0.0027630077846261,0.0027630077846261
G06_R0030,G06,train,25,3,1e-05,0.8,0.3,0.3,4.0,33.950127,33.94264895078179,-0.0074780492182142,0.0074780492182142
G06_R0031,G06,train,25,3,1e-05,0.75,0.1,0.3,4.0,8.8804,8.880410730513994,1.0730513993806312e-05,1.0730513993806312e-05
G06_R0032,G06,train,25,3,1e-05,0.75,0.2,0.3,4.0,18.053098,18.061850662741453,0.008752662741454,0.008752662741454
G06_R0033,G06,train,25,3,1e-05,0.75,0.3,0.3,4.0,34.013960999999995,34.020858535747124,0.0068975357471288,0.0068975357471288
G06_R0034,G06,test,25,3,1e-05,0.7,0.1,0.3,4.0,8.896307,8.886309802718353,-0.0099971972816472,0.0099971972816472
G06_R0035,G06,test,25,3,1e-05,0.7,0.2,0.3,4.0,18.090955,18.08077603305373,-0.0101789669462668,0.0101789669462668
G06_R0036,G06,test,25,3,1e-05,0.7,0.3,0.3,4.0,34.08478,34.03513684008638,-0.0496431599136215,0.0496431599136215
G06_R0037,G06,train,25,3,1e-06,0.85,0.1,0.3,4.0,26.831896,26.85169470744536,0.0197987074453571,0.0197987074453571
G06_R0038,G06,train,25,3,1e-06,0.85,0.2,0.3,4.0,83.631374,83.65051035117243,0.0191363511724347,0.0191363511724347
G06_R0039,G06,train,25,3,1e-06,0.85,0.3,0.3,4.0,177.18879900000002,177.22572764589952,0.0369286458995077,0.0369286458995077
G06_R0040,G06,train,25,3,1e-06,0.8,0.1,0.3,4.0,26.893863,26.889409097543727,-0.004453902456273,0.004453902456273
G06_R0041,G06,train,25,3,1e-06,0.8,0.2,0.3,4.0,83.754333,83.7401860467143,-0.014146953285703,0.014146953285703
G06_R0042,G06,train,25,3,1e-06,0.8,0.3,0.3,4.0,177.37875,177.3550835931312,-0.0236664068687844,0.0236664068687844
G06_R0043,G06,train,25,3,1e-06,0.75,0.1,0.3,4.0,26.960829,26.98779286423489,0.0269638642348937,0.0269638642348937
G06_R0044,G06,train,25,3,1e-06,0.75,0.2,0.3,4.0,83.890288,83.9152384546397,0.0249504546397076,0.0249504546397076
G06_R0045,G06,train,25,3,1e-06,0.75,0.3,0.3,4.0,177.59869600000002,177.626603427215,0.0279074272149841,0.0279074272149841
G06_R0046,G06,train,25,3,1e-06,0.7,0.1,0.3,4.0,27.035791,27.017442381035483,-0.0183486189645165,0.0183486189645165
G06_R0047,G06,train,25,3,1e-06,0.7,0.2,0.3,4.0,84.04223900000001,84.00538271797309,-0.0368562820269176,0.0368562820269176
G06_R0048,G06,train,25,3,1e-06,0.7,0.3,0.3,4.0,177.838637,177.80640837987946,-0.0322286201205486,0.0322286201205486
G06_R0049,G06,train,25,6,0.001,0.85,0.1,0.3,4.0,4.9808637,4.983766918810328,0.0029032188103288,0.0029032188103288
G06_R0050,G06,train,25,6,0.001,0.85,0.2,0.3,4.0,7.39498,7.411040662857121,0.0160606628571207,0.0160606628571207
G06_R0051,G06,train,25,6,0.001,0.85,0.3,0.3,4.0,11.3540105,11.366087655758657,0.0120771557586554,0.0120771557586554
G06_R0052,G06,train,25,6,0.001,0.8,0.1,0.3,4.0,5.000652199999999,4.998775488563523,-0.0018767114364761,0.0018767114364761
G06_R0053,G06,test,25,6,0.001,0.8,0.2,0.3,4.0,7.4352897,7.430770718037642,-0.0045189819623585,0.0045189819623585
G06_R0054,G06,test,25,6,0.001,0.8,0.3,0.3,4.0,11.427614,11.41734359877239,-0.0102704012276095,0.0102704012276095
G06_R0055,G06,train,25,6,0.001,0.75,0.1,0.3,4.0,5.0215171,5.031028544372174,0.0095114443721744,0.0095114443721744
G06_R0056,G06,train,25,6,0.001,0.75,0.2,0.3,4.0,7.4781642,7.48228379574961,0.0041195957496098,0.0041195957496098
G06_R0057,G06,train,25,6,0.001,0.75,0.3,0.3,4.0,11.5061818,11.521139247432387,0.0149574474323888,0.0149574474323888
G06_R0058,G06,train,25,6,0.001,0.7,0.1,0.3,4.0,5.0436555,5.038984899038873,-0.004670600961127,0.004670600961127
G06_R0059,G06,train,25,6,0.001,0.7,0.2,0.3,4.0,7.5238987,7.51715601693423,-0.0067426830657701,0.0067426830657701
G06_R0060,G06,test,25,6,0.001,0.7,0.3,0.3,4.0,11.5917096,11.543176095028208,-0.0485335049717932,0.0485335049717932
G06_R0061,G06,train,25,6,0.0001,0.85,0.1,0.3,4.0,6.371586099999999,6.375564334243983,0.0039782342439833,0.0039782342439833
G06_R0062,G06,train,25,6,0.0001,0.85,0.2,0.3,4.0,10.2037,10.207631416293678,0.0039314162936783,0.0039314162936783
G06_R0063,G06,train,25,6,0.0001,0.85,0.3,0.3,4.0,17.292662,17.32427042368122,0.0316084236812201,0.0316084236812201
G06_R0064,G06,train,25,6,0.0001,0.8,0.1,0.3,4.0,6.3860633,6.384841571481479,-0.0012217285185212,0.0012217285185212
G06_R0065,G06,train,25,6,0.0001,0.8,0.2,0.3,4.0,10.232414,10.231837582589332,-0.0005764174106683,0.0005764174106683
G06_R0066,G06,train,25,6,0.0001,0.8,0.3,0.3,4.0,17.346317000000003,17.33908824069166,-0.0072287593083437,0.0072287593083437
G06_R0067,G06,train,25,6,0.0001,0.75,0.1,0.3,4.0,6.4013175,6.40319955544535,0.0018820554453498,0.0018820554453498
G06_R0068,G06,train,25,6,0.0001,0.75,0.2,0.3,4.0,10.262098,10.269631827965318,0.007533827965318,0.007533827965318
G06_R0069,G06,train,25,6,0.0001,0.75,0.3,0.3,4.0,17.404936,17.4120337767045,0.0070977767045015,0.0070977767045015
G06_R0070,G06,test,25,6,0.0001,0.7,0.1,0.3,4.0,6.4174447,6.408862778976575,-0.008581921023425,0.008581921023425
G06_R0071,G06,test,25,6,0.0001,0.7,0.2,0.3,4.0,10.293749,10.27545084821533,-0.0182981517846698,0.0182981517846698
G06_R0072,G06,train,25,6,0.0001,0.7,0.3,0.3,4.0,17.466514,17.449399545596616,-0.0171144544033836,0.0171144544033836
G06_R0073,G06,test,25,6,1e-05,0.85,0.1,0.3,4.0,8.853062,8.86379516461868,0.0107331646186796,0.0107331646186796
G06_R0074,G06,train,25,6,1e-05,0.85,0.2,0.3,4.0,17.990347,17.99455380895411,0.0042068089541089,0.0042068089541089
G06_R0075,G06,train,25,6,1e-05,0.85,0.3,0.3,4.0,33.894278,33.906776270070345,0.0124982700703455,0.0124982700703455
G06_R0076,G06,train,25,6,1e-05,0.8,0.1,0.3,4.0,8.866083999999999,8.863810180868679,-0.0022738191313198,0.0022738191313198
G06_R0077,G06,train,25,6,1e-05,0.8,0.2,0.3,4.0,18.020228,18.017519150965366,-0.0027088490346329,0.0027088490346329
G06_R0078,G06,test,25,6,1e-05,0.8,0.3,0.3,4.0,33.950127,33.942734578665714,-0.0073924213342877,0.0073924213342877
G06_R0079,G06,train,25,6,1e-05,0.75,0.1,0.3,4.0,8.8804,8.880410730513994,1.0730513993806312e-05,1.0730513993806312e-05
G06_R0080,G06,test,25,6,1e-05,0.75,0.2,0.3,4.0,18.053098,18.06183011899145,0.0087321189914533,0.0087321189914533
G06_R0081,G06,train,25,6,1e-05,0.75,0.3,0.3,4.0,34.013960999999995,34.02137566364296,0.0074146636429617,0.0074146636429617
G06_R0082,G06,train,25,6,1e-05,0.7,0.1,0.3,4.0,8.896307,8.886309802718353,-0.0099971972816472,0.0099971972816472
G06_R0083,G06,train,25,6,1e-05,0.7,0.2,0.3,4.0,18.090955,18.08075548930373,-0.0101995106962711,0.0101995106962711
G06_R0084,G06,train,25,6,1e-05,0.7,0.3,0.3,4.0,34.08478,34.03565396798221,-0.0491260320177886,0.0491260320177886
G06_R0085,G06,test,25,6,1e-06,0.85,0.1,0.3,4.0,26.831896,26.852480648033143,0.020584648033143,0.020584648033143
G06_R0086,G06,train,25,6,1e-06,0.85,0.2,0.3,4.0,83.631374,83.65079725550576,0.0194232555057709,0.0194232555057709
G06_R0087,G06,train,25,6,1e-06,0.85,0.3,0.3,4.0,177.18879900000002,177.22290858558702,0.0341095855870037,0.0341095855870037
G06_R0088,G06,train,25,6,1e-06,0.8,0.1,0.3,4.0,26.893863,26.89023126979818,-0.0036317302018211,0.0036317302018211
G06_R0089,G06,train,25,6,1e-06,0.8,0.2,0.3,4.0,83.754333,83.74047295104764,-0.0138600489523668,0.0138600489523668
G06_R0090,G06,train,25,6,1e-06,0.8,0.3,0.3,4.0,177.37875,177.3519771034437,-0.0267728965563094,0.0267728965563094
G06_R0091,G06,test,25,6,1e-06,0.75,0.1,0.3,4.0,26.960829,26.99026457997892,0.0294355799789194,0.0294355799789194
G06_R0092,G06,train,25,6,1e-06,0.75,0.2,0.3,4.0,83.890288,83.9124020359731,0.0221140359731037,0.0221140359731037
G06_R0093,G06,train,25,6,1e-06,0.75,0.3,0.3,4.0,177.59869600000002,177.62594608890248,0.0272500889024627,0.0272500889024627
G06_R0094,G06,train,25,6,1e-06,0.7,0.1,0.3,4.0,27.035791,27.02012057527951,-0.0156704247204899,0.0156704247204899
G06_R0095,G06,train,25,6,1e-06,0.7,0.2,0.3,4.0,84.04223900000001,84.00254629930647,-0.0396927006935357,0.0396927006935357
G06_R0096,G06,train,25,6,1e-06,0.7,0.3,0.3,4.0,177.838637,177.80561357531693,-0.0330234246830798,0.0330234246830798
G06_R0097,G06,train,25,20,0.001,0.85,0.1,0.3,4.0,4.9808637,4.983772825235922,0.0029091252359227,0.0029091252359227
G06_R0098,G06,train,25,20,0.001,0.85,0.2,0.3,4.0,7.39498,7.409626721729147,0.0146467217291466,0.0146467217291466
G06_R0099,G06,train,25,20,0.001,0.85,0.3,0.3,4.0,11.3540105,11.367084525337988,0.0130740253379872,0.0130740253379872
G06_R0100,G06,train,25,20,0.001,0.8,0.1,0.3,4.0,5.000652199999999,4.998805186376617,-0.0018470136233821,0.0018470136233821
G06_R0101,G06,train,25,20,0.001,0.8,0.2,0.3,4.0,7.4352897,7.429380596961753,-0.0059091030382472,0.0059091030382472
G06_R0102,G06,train,25,20,0.001,0.8,0.3,0.3,4.0,11.427614,11.41800875251839,-0.0096052474816108,0.0096052474816108
G06_R0103,G06,train,25,20,0.001,0.75,0.1,0.3,4.0,5.0215171,5.031051616035758,0.0095345160357585,0.0095345160357585
G06_R0104,G06,train,25,20,0.001,0.75,0.2,0.3,4.0,7.4781642,7.48228113546866,0.0041169354686596,0.0041169354686596
G06_R0105,G06,test,25,20,0.001,0.75,0.3,0.3,4.0,11.5061818,11.520400199340722,0.0142183993407218,0.0142183993407218
G06_R0106,G06,train,25,20,0.001,0.7,0.1,0.3,4.0,5.0436555,5.039007970702456,-0.0046475292975438,0.0046475292975438
G06_R0107,G06,train,25,20,0.001,0.7,0.2,0.3,4.0,7.5238987,7.5173136337259,-0.0065850662741002,0.0065850662741002
G06_R0108,G06,test,25,20,0.001,0.7,0.3,0.3,4.0,11.5917096,11.54243704693654,-0.0492725530634583,0.0492725530634583
G06_R0109,G06,train,25,20,0.0001,0.85,0.1,0.3,4.0,6.371586099999999,6.375122508736244,0.0035364087362443,0.0035364087362443
G06_R0110,G06,train,25,20,0.0001,0.85,0.2,0.3,4.0,10.2037,10.20770866934229,0.0040086693422907,0.0040086693422907
G06_R0111,G06,test,25,20,0.0001,0.85,0.3,0.3,4.0,17.292662,17.324907128667327,0.032245128667327,0.032245128667327
G06_R0112,G06,train,25,20,0.0001,0.8,0.1,0.3,4.0,6.3860633,6.38440759132374,-0.0016557086762603,0.0016557086762603
G06_R0113,G06,train,25,20,0.0001,0.8,0.2,0.3,4.0,10.232414,10.23193463242961,-0.0004793675703904,0.0004793675703904
G06_R0114,G06,test,25,20,0.0001,0.8,0.3,0.3,4.0,17.346317000000003,17.339739600427766,-0.0065773995722366,0.0065773995722366
G06_R0115,G06,train,25,20,0.0001,0.75,0.1,0.3,4.0,6.4013175,6.403145118369163,0.0018276183691625,0.0018276183691625
G06_R0116,G06,train,25,20,0.0001,0.75,0.2,0.3,4.0,10.262098,10.269574070034762,0.0074760700347624,0.0074760700347624
G06_R0117,G06,train,25,20,0.0001,0.75,0.3,0.3,4.0,17.404936,17.41164869561919,0.0067126956191891,0.0067126956191891
G06_R0118,G06,train,25,20,0.0001,0.7,0.1,0.3,4.0,6.4174447,6.408812155450387,-0.0086325445496129,0.0086325445496129
G06_R0119,G06,test,25,20,0.0001,0.7,0.2,0.3,4.0,10.293749,10.275393090284776,-0.0183559097152254,0.0183559097152254
G06_R0120,G06,train,25,20,0.0001,0.7,0.3,0.3,4.0,17.466514,17.448724193191858,-0.0177898068081425,0.0177898068081425
G06_R0121,G06,train,25,20,1e-05,0.85,0.1,0.3,4.0,8.853062,8.863631801632074,0.0105698016320747,0.0105698016320747
G06_R0122,G06,train,25,20,1e-05,0.85,0.2,0.3,4.0,17.990347,17.99472776875321,0.0043807687532115,0.0043807687532115
G06_R0123,G06,train,25,20,1e-05,0.85,0.3,0.3,4.0,33.894278,33.90741955757335,0.0131415575733484,0.0131415575733484
G06_R0124,G06,train,25,20,1e-05,0.8,0.1,0.3,4.0,8.866083999999999,8.863646817882074,-0.0024371821179247,0.0024371821179247
G06_R0125,G06,train,25,20,1e-05,0.8,0.2,0.3,4.0,18.020228,18.017752002847804,-0.0024759971521959,0.0024759971521959
G06_R0126,G06,train,25,20,1e-05,0.8,0.3,0.3,4.0,33.950127,33.94230543258538,-0.0078215674146235,0.0078215674146235
G06_R0127,G06,train,25,20,1e-05,0.75,0.1,0.3,4.0,8.8804,8.880054968200005,-0.0003450317999948,0.0003450317999948
G06_R0128,G06,train,25,20,1e-05,0.75,0.2,0.3,4.0,18.053098,18.06207519470871,0.0089771947087129,0.0089771947087129
G06_R0129,G06,test,25,20,1e-05,0.75,0.3,0.3,4.0,34.013960999999995,34.02023094155069,0.0062699415506983,0.0062699415506983
G06_R0130,G06,train,25,20,1e-05,0.7,0.1,0.3,4.0,8.896307,8.885953202987697,-0.0103537970123035,0.0103537970123035
G06_R0131,G06,train,25,20,1e-05,0.7,0.2,0.3,4.0,18.090955,18.08098095533349,-0.0099740446665101,0.0099740446665101
G06_R0132,G06,train,25,20,1e-05,0.7,0.3,0.3,4.0,34.08478,34.03458903838995,-0.0501909616100491,0.0501909616100491
G06_R0133,G06,train,25,20,1e-06,0.85,0.1,0.3,4.0,26.831896,26.85092097757482,0.0190249775748192,0.0190249775748192
G06_R0134,G06,train,25,20,1e-06,0.85,0.2,0.3,4.0,83.631374,83.65150269643136,0.0201286964313709,0.0201286964313709
G06_R0135,G06,train,25,20,1e-06,0.85,0.3,0.3,4.0,177.18879900000002,177.22013997113606,0.0313409711360463,0.0313409711360463
G06_R0136,G06,train,25,20,1e-06,0.8,0.1,0.3,4.0,26.893863,26.88870720433986,-0.0051557956601406,0.0051557956601406
G06_R0137,G06,train,25,20,1e-06,0.8,0.2,0.3,4.0,83.754333,83.74092514030656,-0.0134078596934443,0.0134078596934443
G06_R0138,G06,train,25,20,1e-06,0.8,0.3,0.3,4.0,177.37875,177.34855864878438,-0.0301913512156204,0.0301913512156204
G06_R0139,G06,train,25,20,1e-06,0.75,0.1,0.3,4.0,26.960829,26.98945049766543,0.0286214976654299,0.0286214976654299
G06_R0140,G06,train,25,20,1e-06,0.75,0.2,0.3,4.0,83.890288,83.91037529595971,0.020087295959712,0.020087295959712
G06_R0141,G06,train,25,20,1e-06,0.75,0.3,0.3,4.0,177.59869600000002,177.6265141026128,0.0278181026127697,0.0278181026127697
G06_R0142,G06,train,25,20,1e-06,0.7,0.1,0.3,4.0,27.035791,27.01911467304935,-0.0166763269506482,0.0166763269506482
G06_R0143,G06,train,25,20,1e-06,0.7,0.2,0.3,4.0,84.04223900000001,84.00051955929307,-0.0417194407069416,0.0417194407069416
G06_R0144,G06,train,25,20,1e-06,0.7,0.3,0.3,4.0,177.838637,177.80592540340217,-0.032711596597835,0.032711596597835
G06_R0145,G06,train,25,50,0.001,0.85,0.1,0.3,4.0,4.9808637,4.983872561683838,0.0030088616838384,0.0030088616838384
G06_R0146,G06,train,25,50,0.001,0.85,0.2,0.3,4.0,7.39498,7.409505369412482,0.0145253694124818,0.0145253694124818
G06_R0147,G06,train,25,50,0.001,0.85,0.3,0.3,4.0,11.3540105,11.369128848196617,0.0151183481966175,0.0151183481966175
G06_R0148,G06,train,25,50,0.001,0.8,0.1,0.3,4.0,5.000652199999999,4.998880187199532,-0.0017720128004672,0.0017720128004672
G06_R0149,G06,test,25,50,0.001,0.8,0.2,0.3,4.0,7.4352897,7.429259244645087,-0.0060304553549128,0.0060304553549128
G06_R0150,G06,train,25,50,0.001,0.8,0.3,0.3,4.0,11.427614,11.420182720118088,-0.0074312798819118,0.0074312798819118
G06_R0151,G06,test,25,50,0.001,0.75,0.1,0.3,4.0,5.0215171,5.031070961702425,0.0095538617024253,0.0095538617024253
G06_R0152,G06,train,25,50,0.001,0.75,0.2,0.3,4.0,7.4781642,7.482211506693662,0.0040473066936614,0.0040473066936614
G06_R0153,G06,train,25,50,0.001,0.75,0.3,0.3,4.0,11.5061818,11.523609393583872,0.0174275935838714,0.0174275935838714
G06_R0154,G06,train,25,50,0.001,0.7,0.1,0.3,4.0,5.0436555,5.039027316369123,-0.004628183630877,0.004628183630877
G06_R0155,G06,train,25,50,0.001,0.7,0.2,0.3,4.0,7.5238987,7.517521285617566,-0.0063774143824337,0.0063774143824337
G06_R0156,G06,train,25,50,0.001,0.7,0.3,0.3,4.0,11.5917096,11.54571171434636,-0.0459978856536391,0.0459978856536391
G06_R0157,G06,train,25,50,0.0001,0.85,0.1,0.3,4.0,6.371586099999999,6.374888343077909,0.0033022430779094,0.0033022430779094
G06_R0158,G06,train,25,50,0.0001,0.85,0.2,0.3,4.0,10.2037,10.207966909050624,0.0042669090506244,0.0042669090506244
G06_R0159,G06,test,25,50,0.0001,0.85,0.3,0.3,4.0,17.292662,17.32468276156316,0.0320207615631602,0.0320207615631602
G06_R0160,G06,train,25,50,0.0001,0.8,0.1,0.3,4.0,6.3860633,6.384181052765406,-0.0018822472345938,0.0018822472345938
G06_R0161,G06,train,25,50,0.0001,0.8,0.2,0.3,4.0,10.232414,10.232425320262944,1.132026294392574e-05,1.132026294392574e-05
G06_R0162,G06,train,25,50,0.0001,0.8,0.3,0.3,4.0,17.346317000000003,17.3395518701986,-0.0067651298014013,0.0067651298014013
G06_R0163,G06,train,25,50,0.0001,0.75,0.1,0.3,4.0,6.4013175,6.403162279344164,0.0018447793441636,0.0018447793441636
G06_R0164,G06,test,25,50,0.0001,0.75,0.2,0.3,4.0,10.262098,10.270031856409762,0.0079338564097621,0.0079338564097621
G06_R0165,G06,train,25,50,0.0001,0.75,0.3,0.3,4.0,17.404936,17.41146096539002,0.006524965390021,0.006524965390021
G06_R0166,G06,test,25,50,0.0001,0.7,0.1,0.3,4.0,6.4174447,6.408829316425388,-0.0086153835746118,0.0086153835746118
G06_R0167,G06,train,25,50,0.0001,0.7,0.2,0.3,4.0,10.293749,10.275850876659774,-0.0178981233402257,0.0178981233402257
G06_R0168,G06,test,25,50,0.0001,0.7,0.3,0.3,4.0,17.466514,17.44862194900436,-0.0178920509956412,0.0178920509956412
G06_R0169,G06,test,25,50,1e-05,0.85,0.1,0.3,4.0,8.853062,8.863446270585937,0.0103842705859378,0.0103842705859378
G06_R0170,G06,train,25,50,1e-05,0.85,0.2,0.3,4.0,17.990347,17.99475786512821,0.0044108651282108,0.0044108651282108
G06_R0171,G06,test,25,50,1e-05,0.85,0.3,0.3,4.0,33.894278,33.90741955757335,0.0131415575733484,0.0131415575733484
G06_R0172,G06,train,25,50,1e-05,0.8,0.1,0.3,4.0,8.866083999999999,8.863446270585937,-0.0026377294140615,0.0026377294140615
G06_R0173,G06,train,25,50,1e-05,0.8,0.2,0.3,4.0,18.020228,18.017767152035304,-0.002460847964695,0.002460847964695
G06_R0174,G06,train,25,50,1e-05,0.8,0.3,0.3,4.0,33.950127,33.94230543258538,-0.0078215674146235,0.0078215674146235
G06_R0175,G06,train,25,50,1e-05,0.75,0.1,0.3,4.0,8.8804,8.881019303195536,0.0006193031955366,0.0006193031955366
G06_R0176,G06,train,25,50,1e-05,0.75,0.2,0.3,4.0,18.053098,18.062098764167047,0.0090007641670482,0.0090007641670482
G06_R0177,G06,test,25,50,1e-05,0.75,0.3,0.3,4.0,34.013960999999995,34.02023094155069,0.0062699415506983,0.0062699415506983
G06_R0178,G06,test,25,50,1e-05,0.7,0.1,0.3,4.0,8.896307,8.88692648323323,-0.0093805167667699,0.0093805167667699
G06_R0179,G06,train,25,50,1e-05,0.7,0.2,0.3,4.0,18.090955,18.081004524791823,-0.0099504752081749,0.0099504752081749
G06_R0180,G06,test,25,50,1e-05,0.7,0.3,0.3,4.0,34.08478,34.03458903838995,-0.0501909616100491,0.0501909616100491
G06_R0181,G06,train,25,50,1e-06,0.85,0.1,0.3,4.0,26.831896,26.850160704306976,0.0182647043069756,0.0182647043069756
G06_R0182,G06,train,25,50,1e-06,0.85,0.2,0.3,4.0,83.631374,83.65176178860995,0.0203877886099519,0.0203877886099519
G06_R0183,G06,train,25,50,1e-06,0.85,0.3,0.3,4.0,177.18879900000002,177.21962759988605,0.0308285998860355,0.0308285998860355
G06_R0184,G06,train,25,50,1e-06,0.8,0.1,0.3,4.0,26.893863,26.88803563607202,-0.0058273639279811,0.0058273639279811
G06_R0185,G06,train,25,50,1e-06,0.8,0.2,0.3,4.0,83.754333,83.74118423248514,-0.0131487675148633,0.0131487675148633
G06_R0186,G06,test,25,50,1e-06,0.8,0.3,0.3,4.0,177.37875,177.34804627753437,-0.0307037224656312,0.0307037224656312
G06_R0187,G06,test,25,50,1e-06,0.75,0.1,0.3,4.0,26.960829,26.98955222591841,0.0287232259184087,0.0287232259184087
G06_R0188,G06,train,25,50,1e-06,0.75,0.2,0.3,4.0,83.890288,83.91037529595971,0.020087295959712,0.020087295959712
G06_R0189,G06,train,25,50,1e-06,0.75,0.3,0.3,4.0,177.59869600000002,177.6259017559462,0.02720575594617,0.02720575594617
G06_R0190,G06,train,25,50,1e-06,0.7,0.1,0.3,4.0,27.035791,27.019216401302334,-0.0165745986976659,0.0165745986976659
G06_R0191,G06,test,25,50,1e-06,0.7,0.2,0.3,4.0,84.04223900000001,84.00051955929307,-0.0417194407069416,0.0417194407069416
G06_R0192,G06,train,25,50,1e-06,0.7,0.3,0.3,4.0,177.838637,177.8058254279856,-0.0328115720143955,0.0328115720143955
G06_R0193,G06,train,100,3,0.001,0.85,0.1,0.3,4.0,23.200536,23.220680991273944,0.0201449912739448,0.0201449912739448
G06_R0194,G06,train,100,3,0.001,0.85,0.2,0.3,4.0,34.714384,34.75200580897922,0.0376218089792175,0.0376218089792175
G06_R0195,G06,train,100,3,0.001,0.85,0.3,0.3,4.0,54.018773,54.22017533508954,0.2014023350895399,0.2014023350895399
G06_R0196,G06,test,100,3,0.001,0.8,0.1,0.3,4.0,23.323524000000003,23.304144836154627,-0.0193791638453753,0.0193791638453753
G06_R0197,G06,test,100,3,0.001,0.8,0.2,0.3,4.0,34.962416,34.9316078169166,-0.0308081830834012,0.0308081830834012
G06_R0198,G06,test,100,3,0.001,0.8,0.3,0.3,4.0,54.516073,54.4550068904224,-0.0610661095775952,0.0610661095775952
G06_R0199,G06,test,100,3,0.001,0.75,0.1,0.3,4.0,23.454444,23.489397600652374,0.0349536006523791,0.0349536006523791
G06_R0200,G06,test,100,3,0.001,0.75,0.2,0.3,4.0,35.227382000000006,35.2962345837264,0.0688525837263966,0.0688525837263966
G06_R0201,G06,test,100,3,0.001,0.75,0.3,0.3,4.0,55.051341,55.16770460692474,0.116363606924736,0.116363606924736
G06_R0202,G06,train,100,3,0.001,0.7,0.1,0.3,4.0,23.596289,23.56091550761645,-0.0353734923835489,0.0353734923835489
G06_R0203,G06,train,100,3,0.001,0.7,0.2,0.3,4.0,35.513276000000005,35.43592579851824,-0.0773502014817637,0.0773502014817637
G06_R0204,G06,train,100,3,0.001,0.7,0.3,0.3,4.0,55.630577,55.534107962693504,-0.0964690373064982,0.0964690373064982
G06_R0205,G06,train,100,3,0.0001,0.85,0.1,0.3,4.0,29.115299,29.12616588737499,0.0108668873749913,0.0108668873749913
G06_R0206,G06,train,100,3,0.0001,0.85,0.2,0.3,4.0,46.618676,46.6595013094775,0.0408253094774977,0.0408253094774977
G06_R0207,G06,test,100,3,0.0001,0.85,0.3,0.3,4.0,78.787896,78.8915201621712,0.1036241621712008,0.1036241621712008
G06_R0208,G06,train,100,3,0.0001,0.8,0.1,0.3,4.0,29.18963,29.18489155587532,-0.0047384441246798,0.0047384441246798
G06_R0209,G06,train,100,3,0.0001,0.8,0.2,0.3,4.0,46.782003,46.76447061193657,-0.0175323880634366,0.0175323880634366
G06_R0210,G06,test,100,3,0.0001,0.8,0.3,0.3,4.0,79.12296400000001,79.07592896326457,-0.047035036735437,0.047035036735437
G06_R0211,G06,test,100,3,0.0001,0.75,0.1,0.3,4.0,29.267895000000003,29.285891017955677,0.0179960179556708,0.0179960179556708
G06_R0212,G06,train,100,3,0.0001,0.75,0.2,0.3,4.0,46.958266,46.98130119380742,0.0230351938074164,0.0230351938074164
G06_R0213,G06,train,100,3,0.0001,0.75,0.3,0.3,4.0,79.487059,79.52994587003967,0.0428868700396662,0.0428868700396662
G06_R0214,G06,train,100,3,0.0001,0.7,0.1,0.3,4.0,29.352083,29.326469950455603,-0.0256130495443969,0.0256130495443969
G06_R0215,G06,train,100,3,0.0001,0.7,0.2,0.3,4.0,47.151452,47.11859213535984,-0.0328598646401587,0.0328598646401587
G06_R0216,G06,test,100,3,0.0001,0.7,0.3,0.3,4.0,79.887184,79.77238052495638,-0.1148034750436295,0.1148034750436295
G06_R0217,G06,train,100,3,1e-05,0.85,0.1,0.3,4.0,39.589822,39.60682880509293,0.0170068050929259,0.0170068050929259
G06_R0218,G06,train,100,3,1e-05,0.85,0.2,0.3,4.0,79.15656700000001,79.23419527024132,0.0776282702413055,0.0776282702413055
G06_R0219,G06,train,100,3,1e-05,0.85,0.3,0.3,4.0,147.671662,147.75233077176574,0.0806687717657439,0.0806687717657439
G06_R0220,G06,test,100,3,1e-05,0.8,0.1,0.3,4.0,39.684588,39.66979532853,-0.0147926714699977,0.0147926714699977
G06_R0221,G06,train,100,3,1e-05,0.8,0.2,0.3,4.0,79.421225,79.39683350080358,-0.024391499196426,0.024391499196426
G06_R0222,G06,train,100,3,1e-05,0.8,0.3,0.3,4.0,148.201294,148.18097781508337,-0.0203161849166235,0.0203161849166235
G06_R0223,G06,train,100,3,1e-05,0.75,0.1,0.3,4.0,39.789331,39.80245435811804,0.0131233581180438,0.0131233581180438
G06_R0224,G06,train,100,3,1e-05,0.75,0.2,0.3,4.0,79.72185300000001,79.80181655647594,0.0799635564759313,0.0799635564759313
G06_R0225,G06,test,100,3,1e-05,0.75,0.3,0.3,4.0,148.80089700000002,148.9874687533039,0.1865717533038662,0.1865717533038662
G06_R0226,G06,train,100,3,1e-05,0.7,0.1,0.3,4.0,39.909048,39.892379824847694,-0.0166681751523043,0.0166681751523043
G06_R0227,G06,train,100,3,1e-05,0.7,0.2,0.3,4.0,80.068444,79.9680399646207,-0.1004040353792987,0.1004040353792987
G06_R0228,G06,train,100,3,1e-05,0.7,0.3,0.3,4.0,149.490466,149.16158492580504,-0.3288810741949532,0.3288810741949532
G06_R0229,G06,train,100,3,1e-06,0.85,0.1,0.3,4.0,112.242402,112.28843370734404,0.0460317073440421,0.0460317073440421
G06_R0230,G06,test,100,3,1e-06,0.85,0.2,0.3,4.0,344.341398,344.69957245258064,0.358174452580613,0.358174452580613
G06_R0231,G06,train,100,3,1e-06,0.85,0.3,0.3,4.0,726.591266,726.8288978022138,0.2376318022137411,0.2376318022137411
G06_R0232,G06,train,100,3,1e-06,0.8,0.1,0.3,4.0,112.572304,112.54094624984307,-0.0313577501569284,0.0313577501569284
G06_R0233,G06,train,100,3,1e-06,0.8,0.2,0.3,4.0,345.191277,345.1071626896544,-0.0841143103456261,0.0841143103456261
G06_R0234,G06,train,100,3,1e-06,0.8,0.3,0.3,4.0,728.1611320000001,728.086476971391,-0.0746550286090723,0.0746550286090723
G06_R0235,G06,train,100,3,1e-06,0.75,0.1,0.3,4.0,112.942198,112.99761790791152,0.0554199079115278,0.0554199079115278
G06_R0236,G06,train,100,3,1e-06,0.75,0.2,0.3,4.0,346.16114600000003,346.54539888707075,0.3842528870707156,0.3842528870707156
G06_R0237,G06,train,100,3,1e-06,0.75,0.3,0.3,4.0,729.9609879999999,730.6726064115074,0.7116184115075157,0.7116184115075157
G06_R0238,G06,train,100,3,1e-06,0.7,0.1,0.3,4.0,113.362083,113.29962268124468,-0.0624603187553276,0.0624603187553276
G06_R0239,G06,train,100,3,1e-06,0.7,0.2,0.3,4.0,347.271005,346.9841113527559,-0.286893647244085,0.286893647244085
G06_R0240,G06,train,100,3,1e-06,0.7,0.3,0.3,4.0,732.05083,731.2911471270097,-0.7596828729903109,0.7596828729903109
G06_R0241,G06,train,100,6,0.001,0.85,0.1,0.3,4.0,23.200536,23.220680991273944,0.0201449912739448,0.0201449912739448
G06_R0242,G06,train,100,6,0.001,0.85,0.2,0.3,4.0,34.714384,34.75200580897922,0.0376218089792175,0.0376218089792175
G06_R0243,G06,test,100,6,0.001,0.85,0.3,0.3,4.0,54.018773,54.21978958258955,0.2010165825895455,0.2010165825895455
G06_R0244,G06,train,100,6,0.001,0.8,0.1,0.3,4.0,23.323524000000003,23.304144836154627,-0.0193791638453753,0.0193791638453753
G06_R0245,G06,train,100,6,0.001,0.8,0.2,0.3,4.0,34.962416,34.9316078169166,-0.0308081830834012,0.0308081830834012
G06_R0246,G06,train,100,6,0.001,0.8,0.3,0.3,4.0,54.516073,54.4546211379224,-0.0614518620775967,0.0614518620775967
G06_R0247,G06,train,100,6,0.001,0.75,0.1,0.3,4.0,23.454444,23.489397600652374,0.0349536006523791,0.0349536006523791
G06_R0248,G06,train,100,6,0.001,0.75,0.2,0.3,4.0,35.227382000000006,35.2962345837264,0.0688525837263966,0.0688525837263966
G06_R0249,G06,train,100,6,0.001,0.75,0.3,0.3,4.0,55.051341,55.167318854424735,0.1159778544247345,0.1159778544247345
G06_R0250,G06,train,100,6,0.001,0.7,0.1,0.3,4.0,23.596289,23.56091550761645,-0.0353734923835489,0.0353734923835489
G06_R0251,G06,train,100,6,0.001,0.7,0.2,0.3,4.0,35.513276000000005,35.43592579851824,-0.0773502014817637,0.0773502014817637
G06_R0252,G06,train,100,6,0.001,0.7,0.3,0.3,4.0,55.630577,55.53372221019351,-0.0968547898064926,0.0968547898064926
G06_R0253,G06,train,100,6,0.0001,0.85,0.1,0.3,4.0,29.115299,29.125819009375004,0.0105200093750035,0.0105200093750035
G06_R0254,G06,train,100,6,0.0001,0.85,0.2,0.3,4.0,46.618676,46.66143135447156,0.0427553544715593,0.0427553544715593
G06_R0255,G06,train,100,6,0.0001,0.85,0.3,0.3,4.0,78.787896,78.8915201621712,0.1036241621712008,0.1036241621712008
G06_R0256,G06,train,100,6,0.0001,0.8,0.1,0.3,4.0,29.18963,29.184544677875333,-0.0050853221246676,0.0050853221246676
G06_R0257,G06,train,100,6,0.0001,0.8,0.2,0.3,4.0,46.782003,46.766219545055634,-0.0157834549443691,0.0157834549443691
G06_R0258,G06,train,100,6,0.0001,0.8,0.3,0.3,4.0,79.12296400000001,79.07592896326457,-0.047035036735437,0.047035036735437
G06_R0259,G06,train,100,6,0.0001,0.75,0.1,0.3,4.0,29.267895000000003,29.285891017955677,0.0179960179556708,0.0179960179556708
G06_R0260,G06,train,100,6,0.0001,0.75,0.2,0.3,4.0,46.958266,46.98162368751575,0.0233576875157481,0.0233576875157481
G06_R0261,G06,train,100,6,0.0001,0.75,0.3,0.3,4.0,79.487059,79.52994587003967,0.0428868700396662,0.0428868700396662
G06_R0262,G06,test,100,6,0.0001,0.7,0.1,0.3,4.0,29.352083,29.326469950455603,-0.0256130495443969,0.0256130495443969
G06_R0263,G06,train,100,6,0.0001,0.7,0.2,0.3,4.0,47.151452,47.11827789781817,-0.0331741021818317,0.0331741021818317
G06_R0264,G06,train,100,6,0.0001,0.7,0.3,0.3,4.0,79.887184,79.77238052495638,-0.1148034750436295,0.1148034750436295
G06_R0265,G06,train,100,6,1e-05,0.85,0.1,0.3,4.0,39.589822,39.60682880509293,0.0170068050929259,0.0170068050929259
G06_R0266,G06,train,100,6,1e-05,0.85,0.2,0.3,4.0,79.15656700000001,79.223785388908,0.0672183889079889,0.0672183889079889
G06_R0267,G06,train,100,6,1e-05,0.85,0.3,0.3,4.0,147.671662,147.74340979538476,0.0717477953847662,0.0717477953847662
G06_R0268,G06,train,100,6,1e-05,0.8,0.1,0.3,4.0,39.684588,39.669870151655005,-0.0147178483449934,0.0147178483449934
G06_R0269,G06,train,100,6,1e-05,0.8,0.2,0.3,4.0,79.421225,79.38659691497028,-0.0346280850297233,0.0346280850297233
G06_R0270,G06,train,100,6,1e-05,0.8,0.3,0.3,4.0,148.201294,148.1728249562024,-0.0284690437975996,0.0284690437975996
G06_R0271,G06,train,100,6,1e-05,0.75,0.1,0.3,4.0,39.789331,39.80231718238888,0.0129861823888788,0.0129861823888788
G06_R0272,G06,test,100,6,1e-05,0.75,0.2,0.3,4.0,79.72185300000001,79.80643054916341,0.0845775491633986,0.0845775491633986
G06_R0273,G06,train,100,6,1e-05,0.75,0.3,0.3,4.0,148.80089700000002,148.9817859341372,0.1808889341371866,0.1808889341371866
G06_R0274,G06,train,100,6,1e-05,0.7,0.1,0.3,4.0,39.909048,39.89224264911852,-0.0168053508814765,0.0168053508814765
G06_R0275,G06,train,100,6,1e-05,0.7,0.2,0.3,4.0,80.068444,79.97265395730817,-0.0957900426918314,0.0957900426918314
G06_R0276,G06,train,100,6,1e-05,0.7,0.3,0.3,4.0,149.490466,149.15590210663837,-0.3345638933616328,0.3345638933616328
G06_R0277,G06,train,100,6,1e-06,0.85,0.1,0.3,4.0,112.242402,112.2878833797518,0.0454813797518056,0.0454813797518056
G06_R0278,G06,train,100,6,1e-06,0.85,0.2,0.3,4.0,344.341398,344.68697087351813,0.3455728735181083,0.3455728735181083
G06_R0279,G06,train,100,6,1e-06,0.85,0.3,0.3,4.0,726.591266,726.827238547005,0.2359725470049625,0.2359725470049625
G06_R0280,G06,train,100,6,1e-06,0.8,0.1,0.3,4.0,112.572304,112.54039592225082,-0.0319080777491791,0.0319080777491791
G06_R0281,G06,train,100,6,1e-06,0.8,0.2,0.3,4.0,345.191277,345.1001104055917,-0.0911665944082642,0.0911665944082642
G06_R0282,G06,train,100,6,1e-06,0.8,0.3,0.3,4.0,728.1611320000001,728.0853343386822,-0.0757976613178925,0.0757976613178925
G06_R0283,G06,train,100,6,1e-06,0.75,0.1,0.3,4.0,112.942198,112.99704931364067,0.0548513136406825,0.0548513136406825
G06_R0284,G06,test,100,6,1e-06,0.75,0.2,0.3,4.0,346.16114600000003,346.5724780211595,0.4113320211594669,0.4113320211594669
G06_R0285,G06,train,100,6,1e-06,0.75,0.3,0.3,4.0,729.9609879999999,730.7402850549416,0.7792970549417078,0.7792970549417078
G06_R0286,G06,train,100,6,1e-06,0.7,0.1,0.3,4.0,113.362083,113.29905408697384,-0.0630289130261729,0.0630289130261729
G06_R0287,G06,train,100,6,1e-06,0.7,0.2,0.3,4.0,347.271005,347.0142145638238,-0.2567904361761748,0.2567904361761748
G06_R0288,G06,train,100,6,1e-06,0.7,0.3,0.3,4.0,732.05083,731.3621046712774,-0.6887253287226258,0.6887253287226258
G06_R0289,G06,train,100,20,0.001,0.85,0.1,0.3,4.0,23.200536,23.22289839552393,0.0223623955239311,0.0223623955239311
G06_R0290,G06,train,100,20,0.001,0.85,0.2,0.3,4.0,34.714384,34.756375458205405,0.0419914582054019,0.0419914582054019
G06_R0291,G06,train,100,20,0.001,0.85,0.3,0.3,4.0,54.018773,54.20862200753007,0.1898490075300642,0.1898490075300642
G06_R0292,G06,train,100,20,0.001,0.8,0.1,0.3,4.0,23.323524000000003,23.305793979987943,-0.0177300200120562,0.0177300200120562
G06_R0293,G06,train,100,20,0.001,0.8,0.2,0.3,4.0,34.962416,34.93356714264278,-0.028848857357218,0.028848857357218
G06_R0294,G06,test,100,20,0.001,0.8,0.3,0.3,4.0,54.516073,54.44394056119626,-0.0721324388037416,0.0721324388037416
G06_R0295,G06,train,100,20,0.001,0.75,0.1,0.3,4.0,23.454444,23.48387584971489,0.0294318497148964,0.0294318497148964
G06_R0296,G06,train,100,20,0.001,0.75,0.2,0.3,4.0,35.227382000000006,35.283409385809726,0.0560273858097204,0.0560273858097204
G06_R0297,G06,train,100,20,0.001,0.75,0.3,0.3,4.0,55.051341,55.15810385250804,0.1067628525080408,0.1067628525080408
G06_R0298,G06,test,100,20,0.001,0.7,0.1,0.3,4.0,23.596289,23.555182166678964,-0.0411068333210344,0.0411068333210344
G06_R0299,G06,train,100,20,0.001,0.7,0.2,0.3,4.0,35.513276000000005,35.42276939310156,-0.0905066068984439,0.0905066068984439
G06_R0300,G06,train,100,20,0.001,0.7,0.3,0.3,4.0,55.630577,55.52523125327681,-0.105345746723195,0.105345746723195
G06_R0301,G06,train,100,20,0.0001,0.85,0.1,0.3,4.0,29.115299,29.12655901293753,0.0112600129375337,0.0112600129375337
G06_R0302,G06,train,100,20,0.0001,0.85,0.2,0.3,4.0,46.618676,46.66509743772008,0.0464214377200775,0.0464214377200775
G06_R0303,G06,train,100,20,0.0001,0.85,0.3,0.3,4.0,78.787896,78.88964064910874,0.1017446491087383,0.1017446491087383
G06_R0304,G06,train,100,20,0.0001,0.8,0.1,0.3,4.0,29.18963,29.185485279771196,-0.0041447202288082,0.0041447202288082
G06_R0305,G06,train,100,20,0.0001,0.8,0.2,0.3,4.0,46.782003,46.76968791851248,-0.0123150814875216,0.0123150814875216
G06_R0306,G06,train,100,20,0.0001,0.8,0.3,0.3,4.0,79.12296400000001,79.0742863216307,-0.0486776783693159,0.0486776783693159
G06_R0307,G06,train,100,20,0.0001,0.75,0.1,0.3,4.0,29.267895000000003,29.287022706101528,0.0191277061015249,0.0191277061015249
G06_R0308,G06,train,100,20,0.0001,0.75,0.2,0.3,4.0,46.958266,46.98282319868241,0.0245571986824089,0.0245571986824089
G06_R0309,G06,train,100,20,0.0001,0.75,0.3,0.3,4.0,79.487059,79.53701848745038,0.0499594874503799,0.0499594874503799
G06_R0310,G06,train,100,20,0.0001,0.7,0.1,0.3,4.0,29.352083,29.32775578922646,-0.0243272107735386,0.0243272107735386
G06_R0311,G06,train,100,20,0.0001,0.7,0.2,0.3,4.0,47.151452,47.11913296798482,-0.0323190320151809,0.0323190320151809
G06_R0312,G06,train,100,20,0.0001,0.7,0.3,0.3,4.0,79.887184,79.77735482486709,-0.1098291751329156,0.1098291751329156
G06_R0313,G06,train,100,20,1e-05,0.85,0.1,0.3,4.0,39.589822,39.60833407365544,0.0185120736554438,0.0185120736554438
G06_R0314,G06,train,100,20,1e-05,0.85,0.2,0.3,4.0,79.15656700000001,79.20771325200917,0.0511462520091612,0.0511462520091612
G06_R0315,G06,train,100,20,1e-05,0.85,0.3,0.3,4.0,147.671662,147.73708539113468,0.0654233911346864,0.0654233911346864
G06_R0316,G06,train,100,20,1e-05,0.8,0.1,0.3,4.0,39.684588,39.67147518438419,-0.0131128156158055,0.0131128156158055
G06_R0317,G06,test,100,20,1e-05,0.8,0.2,0.3,4.0,79.421225,79.36911675213398,-0.0521082478660304,0.0521082478660304
G06_R0318,G06,train,100,20,1e-05,0.8,0.3,0.3,4.0,148.201294,148.1623594213065,-0.0389345786934995,0.0389345786934995
G06_R0319,G06,train,100,20,1e-05,0.75,0.1,0.3,4.0,39.789331,39.80351213555554,0.0141811355555461,0.0141811355555461
G06_R0320,G06,train,100,20,1e-05,0.75,0.2,0.3,4.0,79.72185300000001,79.7923053487052,0.0704523487051886,0.0704523487051886
G06_R0321,G06,train,100,20,1e-05,0.75,0.3,0.3,4.0,148.80089700000002,148.91565590163674,0.1147589016367192,0.1147589016367192
G06_R0322,G06,train,100,20,1e-05,0.7,0.1,0.3,4.0,39.909048,39.89325056259769,-0.0157974374023055,0.0157974374023055
G06_R0323,G06,train,100,20,1e-05,0.7,0.2,0.3,4.0,80.068444,79.95670228809996,-0.1117417119000379,0.1117417119000379
G06_R0324,G06,test,100,20,1e-05,0.7,0.3,0.3,4.0,149.490466,149.0897720741379,-0.4006939258621003,0.4006939258621003
G06_R0325,G06,train,100,20,1e-06,0.85,0.1,0.3,4.0,112.242402,112.2858800338341,0.0434780338341056,0.0434780338341056
G06_R0326,G06,train,100,20,1e-06,0.85,0.2,0.3,4.0,344.341398,344.6248377249339,0.2834397249338849,0.2834397249338849
G06_R0327,G06,train,100,20,1e-06,0.85,0.3,0.3,4.0,726.591266,726.8231097449101,0.2318437449100656,0.2318437449100656
G06_R0328,G06,train,100,20,1e-06,0.8,0.1,0.3,4.0,112.572304,112.53857752333312,-0.0337264766668852,0.0337264766668852
G06_R0329,G06,test,100,20,1e-06,0.8,0.2,0.3,4.0,345.191277,345.0367055435701,-0.1545714564298919,0.1545714564298919
G06_R0330,G06,train,100,20,1e-06,0.8,0.3,0.3,4.0,728.1611320000001,728.070510959837,-0.0906210401631142,0.0906210401631142
G06_R0331,G06,train,100,20,1e-06,0.75,0.1,0.3,4.0,112.942198,112.99655193980736,0.054353939807342,0.054353939807342
G06_R0332,G06,train,100,20,1e-06,0.75,0.2,0.3,4.0,346.16114600000003,346.56548900775334,0.4043430077533116,0.4043430077533116
G06_R0333,G06,test,100,20,1e-06,0.75,0.3,0.3,4.0,729.9609879999999,730.713267181275,0.7522791812750711,0.7522791812750711
G06_R0334,G06,train,100,20,1e-06,0.7,0.1,0.3,4.0,113.362083,113.29811934064048,-0.0639636593595156,0.0639636593595156
G06_R0335,G06,train,100,20,1e-06,0.7,0.2,0.3,4.0,347.271005,347.00722555041773,-0.2637794495822732,0.2637794495822732
G06_R0336,G06,test,100,20,1e-06,0.7,0.3,0.3,4.0,732.05083,731.3364366896108,-0.714393310389255,0.714393310389255
G06_R0337,G06,train,100,50,0.001,0.85,0.1,0.3,4.0,23.200536,23.22477789439893,0.0242418943989264,0.0242418943989264
G06_R0338,G06,train,100,50,0.001,0.85,0.2,0.3,4.0,34.714384,34.76122610782448,0.0468421078244745,0.0468421078244745
G06_R0339,G06,train,100,50,0.001,0.85,0.3,0.3,4.0,54.018773,54.21338861203003,0.1946156120300273,0.1946156120300273
G06_R0340,G06,train,100,50,0.001,0.8,0.1,0.3,4.0,23.323524000000003,23.308098543654616,-0.0154254563453868,0.0154254563453868
G06_R0341,G06,train,100,50,0.001,0.8,0.2,0.3,4.0,34.962416,34.938616516761854,-0.0237994832381431,0.0237994832381431
G06_R0342,G06,train,100,50,0.001,0.8,0.3,0.3,4.0,54.516073,54.44858649152956,-0.0674865084704379,0.0674865084704379
G06_R0343,G06,train,100,50,0.001,0.75,0.1,0.3,4.0,23.454444,23.484156075592864,0.0297120755928652,0.0297120755928652
G06_R0344,G06,train,100,50,0.001,0.75,0.2,0.3,4.0,35.227382000000006,35.28360811030972,0.0562261103097156,0.0562261103097156
G06_R0345,G06,train,100,50,0.001,0.75,0.3,0.3,4.0,55.051341,55.14396488834136,0.0926238883413574,0.0926238883413574
G06_R0346,G06,train,100,50,0.001,0.7,0.1,0.3,4.0,23.596289,23.555462392556937,-0.0408266074430621,0.0408266074430621
G06_R0347,G06,test,100,50,0.001,0.7,0.2,0.3,4.0,35.513276000000005,35.42296811760156,-0.0903078823984486,0.0903078823984486
G06_R0348,G06,train,100,50,0.001,0.7,0.3,0.3,4.0,55.630577,55.51486833786012,-0.1157086621398804,0.1157086621398804
G06_R0349,G06,train,100,50,0.0001,0.85,0.1,0.3,4.0,29.115299,29.1264214847411,0.0111224847411008,0.0111224847411008
G06_R0350,G06,test,100,50,0.0001,0.85,0.2,0.3,4.0,46.618676,46.66491383042841,0.0462378304284101,0.0462378304284101
G06_R0351,G06,train,100,50,0.0001,0.85,0.3,0.3,4.0,78.787896,78.88870999982005,0.1008139998200476,0.1008139998200476
G06_R0352,G06,train,100,50,0.0001,0.8,0.1,0.3,4.0,29.18963,29.185388981366422,-0.0042410186335786,0.0042410186335786
G06_R0353,G06,train,100,50,0.0001,0.8,0.2,0.3,4.0,46.782003,46.769504311220814,-0.0124986887791891,0.0124986887791891
G06_R0354,G06,train,100,50,0.0001,0.8,0.3,0.3,4.0,79.12296400000001,79.07373078952949,-0.0492332104705184,0.0492332104705184
G06_R0355,G06,train,100,50,0.0001,0.75,0.1,0.3,4.0,29.267895000000003,29.28736040080983,0.0194654008098282,0.0194654008098282
G06_R0356,G06,train,100,50,0.0001,0.75,0.2,0.3,4.0,46.958266,46.98321512468242,0.0249491246824149,0.0249491246824149
G06_R0357,G06,train,100,50,0.0001,0.75,0.3,0.3,4.0,79.487059,79.54375467619147,0.0566956761914667,0.0566956761914667
G06_R0358,G06,train,100,50,0.0001,0.7,0.1,0.3,4.0,29.352083,29.32809348393476,-0.0239895160652388,0.0239895160652388
G06_R0359,G06,train,100,50,0.0001,0.7,0.2,0.3,4.0,47.151452,47.1197085012765,-0.0317434987235003,0.0317434987235003
G06_R0360,G06,train,100,50,0.0001,0.7,0.3,0.3,4.0,79.887184,79.78469783860818,-0.1024861613918233,0.1024861613918233
G06_R0361,G06,train,100,50,1e-05,0.85,0.1,0.3,4.0,39.589822,39.60939000694706,0.0195680069470611,0.0195680069470611
G06_R0362,G06,train,100,50,1e-05,0.85,0.2,0.3,4.0,79.15656700000001,79.20709776742584,0.0505307674258261,0.0505307674258261
G06_R0363,G06,train,100,50,1e-05,0.85,0.3,0.3,4.0,147.671662,147.73491919724785,0.0632571972478501,0.0632571972478501
G06_R0364,G06,train,100,50,1e-05,0.8,0.1,0.3,4.0,39.684588,39.67271817548831,-0.0118698245116846,0.0118698245116846
G06_R0365,G06,test,100,50,1e-05,0.8,0.2,0.3,4.0,79.421225,79.36850126755064,-0.0527237324493654,0.0527237324493654
G06_R0366,G06,train,100,50,1e-05,0.8,0.3,0.3,4.0,148.201294,148.16144240033634,-0.039851599663649,0.039851599663649
G06_R0367,G06,train,100,50,1e-05,0.75,0.1,0.3,4.0,39.789331,39.80401096847222,0.0146799684722225,0.0146799684722225
G06_R0368,G06,train,100,50,1e-05,0.75,0.2,0.3,4.0,79.72185300000001,79.79168986412188,0.0698368641218678,0.0698368641218678
G06_R0369,G06,train,100,50,1e-05,0.75,0.3,0.3,4.0,148.80089700000002,148.91567361809507,0.1147766180950498,0.1147766180950498
G06_R0370,G06,train,100,50,1e-05,0.7,0.1,0.3,4.0,39.909048,39.89387408863937,-0.0151739113606268,0.0151739113606268
G06_R0371,G06,test,100,50,1e-05,0.7,0.2,0.3,4.0,80.068444,79.95608680351663,-0.1123571964833729,0.1123571964833729
G06_R0372,G06,test,100,50,1e-05,0.7,0.3,0.3,4.0,149.490466,149.08978979059623,-0.4006762094037697,0.4006762094037697
G06_R0373,G06,train,100,50,1e-06,0.85,0.1,0.3,4.0,112.242402,112.28600374708404,0.0436017470840539,0.0436017470840539
G06_R0374,G06,train,100,50,1e-06,0.85,0.2,0.3,4.0,344.341398,344.6253012131631,0.2839032131630574,0.2839032131630574
G06_R0375,G06,train,100,50,1e-06,0.85,0.3,0.3,4.0,726.591266,726.8306204093268,0.2393544093267792,0.2393544093267792
G06_R0376,G06,train,100,50,1e-06,0.8,0.1,0.3,4.0,112.572304,112.53896366470808,-0.0333403352919248,0.0333403352919248
G06_R0377,G06,test,100,50,1e-06,0.8,0.2,0.3,4.0,345.191277,345.0371690317993,-0.1541079682006625,0.1541079682006625
G06_R0378,G06,train,100,50,1e-06,0.8,0.3,0.3,4.0,728.1611320000001,728.0799489897538,-0.0811830102462636,0.0811830102462636
G06_R0379,G06,train,100,50,1e-06,0.75,0.1,0.3,4.0,112.942198,112.99919121695017,0.0569932169501612,0.0569932169501612
G06_R0380,G06,test,100,50,1e-06,0.75,0.2,0.3,4.0,346.16114600000003,346.5659524959826,0.404806495982541,0.404806495982541
G06_R0381,G06,test,100,50,1e-06,0.75,0.3,0.3,4.0,729.9609879999999,730.7244058993582,0.7634178993582736,0.7634178993582736
G06_R0382,G06,train,100,50,1e-06,0.7,0.1,0.3,4.0,113.362083,113.3007586177833,-0.0613243822166964,0.0613243822166964
G06_R0383,G06,train,100,50,1e-06,0.7,0.2,0.3,4.0,347.271005,347.00768903864696,-0.2633159613530438,0.2633159613530438
G06_R0384,G06,train,100,50,1e-06,0.7,0.3,0.3,4.0,732.05083,731.347575407694,-0.7032545923060525,0.7032545923060525
G06_R0385,G06,train,250,3,0.001,0.85,0.1,0.3,4.0,74.877079,75.1865620112024,0.3094830112024027,0.3094830112024027
G06_R0386,G06,train,250,3,0.001,0.85,0.2,0.3,4.0,112.536237,112.837411541472,0.3011745414720082,0.3011745414720082
G06_R0387,G06,test,250,3,0.001,0.85,0.3,0.3,4.0,176.502599,177.27015862740436,0.7675596274043528,0.7675596274043528
G06_R0388,G06,test,250,3,0.001,0.8,0.1,0.3,4.0,75.36948600000001,75.95500828034582,0.5855222803458133,0.5855222803458133
G06_R0389,G06,train,250,3,0.001,0.8,0.2,0.3,4.0,113.534491,113.39675650574348,-0.1377344942565344,0.1377344942565344
G06_R0390,G06,test,250,3,0.001,0.8,0.3,0.3,4.0,178.461943,178.21821949892845,-0.2437235010715426,0.2437235010715426
G06_R0391,G06,train,250,3,0.001,0.75,0.1,0.3,4.0,75.897724,75.96530640617917,0.0675824061791701,0.0675824061791701
G06_R0392,G06,train,250,3,0.001,0.75,0.2,0.3,4.0,114.592663,114.8196891007422,0.2270261007422078,0.2270261007422078
G06_R0393,G06,train,250,3,0.001,0.75,0.3,0.3,4.0,180.571313,180.9749212863669,0.4036082863669037,0.4036082863669037
G06_R0394,G06,train,250,3,0.001,0.7,0.1,0.3,4.0,76.46477200000001,76.20097922416996,-0.2637927758300549,0.2637927758300549
G06_R0395,G06,train,250,3,0.001,0.7,0.2,0.3,4.0,115.730741,115.50850791792078,-0.2222330820792137,0.2222330820792137
G06_R0396,G06,train,250,3,0.001,0.7,0.3,0.3,4.0,182.840719,182.4348767025415,-0.4058422974585198,0.4058422974585198
G06_R0397,G06,train,250,3,0.0001,0.85,0.1,0.3,4.0,92.225991,92.34888635387836,0.1228953538783628,0.1228953538783628
G06_R0398,G06,train,250,3,0.0001,0.85,0.2,0.3,4.0,149.227238,149.43012828489876,0.202890284898757,0.202890284898757
G06_R0399,G06,train,250,3,0.0001,0.85,0.3,0.3,4.0,254.60572,254.89658517732872,0.2908651773287261,0.2908651773287261
G06_R0400,G06,train,250,3,0.0001,0.8,0.1,0.3,4.0,92.50351,92.45310013018212,-0.0504098698178978,0.0504098698178978
G06_R0401,G06,test,250,3,0.0001,0.8,0.2,0.3,4.0,149.908373,149.79558494542889,-0.1127880545711264,0.1127880545711264
G06_R0402,G06,train,250,3,0.0001,0.8,0.3,0.3,4.0,256.0972,255.90856494861143,-0.1886350513885588,0.1886350513885588
G06_R0403,G06,train,250,3,0.0001,0.75,0.1,0.3,4.0,92.803878,92.84734130915076,0.0434633091507663,0.0434633091507663
G06_R0404,G06,train,250,3,0.0001,0.75,0.2,0.3,4.0,150.66955199999998,150.7455421573594,0.0759901573594277,0.0759901573594277
G06_R0405,G06,train,250,3,0.0001,0.75,0.3,0.3,4.0,257.74966,258.0100742995469,0.2604142995468805,0.2604142995468805
G06_R0406,G06,train,250,3,0.0001,0.7,0.1,0.3,4.0,93.13107,93.01497833553348,-0.1160916644665093,0.1160916644665093
G06_R0407,G06,test,250,3,0.0001,0.7,0.2,0.3,4.0,151.52076100000002,151.02438726120928,-0.4963737387907372,0.4963737387907372
G06_R0408,G06,test,250,3,0.0001,0.7,0.3,0.3,4.0,259.59323,258.64978573892097,-0.943444261079037,0.943444261079037
G06_R0409,G06,train,250,3,1e-05,0.85,0.1,0.3,4.0,121.77874,121.92721693005892,0.1484769300589334,0.1484769300589334
G06_R0410,G06,train,250,3,1e-05,0.85,0.2,0.3,4.0,239.14262,239.52787704782764,0.3852570478276504,0.3852570478276504
G06_R0411,G06,train,250,3,1e-05,0.85,0.3,0.3,4.0,444.00754,444.6880344790656,0.6804944790656009,0.6804944790656009
G06_R0412,G06,train,250,3,1e-05,0.8,0.1,0.3,4.0,122.21817,122.13638621130876,-0.0817837886912542,0.0817837886912542
G06_R0413,G06,test,250,3,1e-05,0.8,0.2,0.3,4.0,240.492,240.2747767077097,-0.2172232922902708,0.2172232922902708
G06_R0414,G06,train,250,3,1e-05,0.8,0.3,0.3,4.0,446.75786,446.38246369697487,-0.375396303025127,0.375396303025127
G06_R0415,G06,train,250,3,1e-05,0.75,0.1,0.3,4.0,122.71755,122.77249210465835,0.0549421046583518,0.0549421046583518
G06_R0416,G06,train,250,3,1e-05,0.75,0.2,0.3,4.0,242.06134,242.23889868366248,0.1775586836624541,0.1775586836624541
G06_R0417,G06,train,250,3,1e-05,0.75,0.3,0.3,4.0,449.92835,450.49971679926506,0.5713667992650358,0.5713667992650358
G06_R0418,G06,train,250,3,1e-05,0.7,0.1,0.3,4.0,123.29688,123.21652388644269,-0.0803561135573147,0.0803561135573147
G06_R0419,G06,train,250,3,1e-05,0.7,0.2,0.3,4.0,243.88065,243.63248648503776,-0.2481635149622434,0.2481635149622434
G06_R0420,G06,train,250,3,1e-05,0.7,0.3,0.3,4.0,453.61904,452.622990870998,-0.9960491290019604,0.9960491290019604
G06_R0421,G06,test,250,3,1e-06,0.85,0.1,0.3,4.0,307.83613,308.2292123540733,0.3930823540732717,0.3930823540732717
G06_R0422,G06,train,250,3,1e-06,0.85,0.2,0.3,4.0,916.98522,917.9818718493452,0.9966518493453124,0.9966518493453124
G06_R0423,G06,test,250,3,1e-06,0.85,0.3,0.3,4.0,1922.9213,1931.404664745049,8.48336474504913,8.48336474504913
G06_R0424,G06,test,250,3,1e-06,0.8,0.1,0.3,4.0,309.07588,309.009998813386,-0.0658811866139785,0.0658811866139785
G06_R0425,G06,train,250,3,1e-06,0.8,0.2,0.3,4.0,920.97492,920.5148761024632,-0.4600438975367069,0.4600438975367069
G06_R0426,G06,train,250,3,1e-06,0.8,0.3,0.3,4.0,1930.721,1931.4165684762995,0.695568476299286,0.695568476299286
G06_R0427,G06,test,250,3,1e-06,0.75,0.1,0.3,4.0,310.53561,311.07432920119965,0.5387192011996262,0.5387192011996262
G06_R0428,G06,train,250,3,1e-06,0.75,0.2,0.3,4.0,925.7746,926.4929911390784,0.7183911390785624,0.7183911390785624
G06_R0429,G06,train,250,3,1e-06,0.75,0.3,0.3,4.0,1940.02067,1940.9898279309589,0.969157930958545,0.969157930958545
G06_R0430,G06,train,250,3,1e-06,0.7,0.1,0.3,4.0,312.29532,311.7178453720645,-0.5774746279354872,0.5774746279354872
G06_R0431,G06,train,250,3,1e-06,0.7,0.2,0.3,4.0,931.59425,929.8988683957416,-1.695381604258273,1.695381604258273
G06_R0432,G06,train,250,3,1e-06,0.7,0.3,0.3,4.0,1951.12032,1948.1583885571224,-2.9619314428773578,2.9619314428773578
G06_R0433,G06,train,250,6,0.001,0.85,0.1,0.3,4.0,74.877079,75.1927506231935,0.3156716231935093,0.3156716231935093
G06_R0434,G06,train,250,6,0.001,0.85,0.2,0.3,4.0,112.536237,112.84177835412676,0.3055413541267455,0.3055413541267455
G06_R0435,G06,train,250,6,0.001,0.85,0.3,0.3,4.0,176.502599,177.24844179623767,0.7458427962376675,0.7458427962376675
G06_R0436,G06,test,250,6,0.001,0.8,0.1,0.3,4.0,75.36948600000001,75.94600473133694,0.5765187313369324,0.5765187313369324
G06_R0437,G06,train,250,6,0.001,0.8,0.2,0.3,4.0,113.534491,113.4004369902732,-0.1340540097267961,0.1340540097267961
G06_R0438,G06,train,250,6,0.001,0.8,0.3,0.3,4.0,178.461943,178.2008809555535,-0.2610620444465041,0.2610620444465041
G06_R0439,G06,train,250,6,0.001,0.75,0.1,0.3,4.0,75.897724,75.95630285717027,0.058578857170275,0.058578857170275
G06_R0440,G06,train,250,6,0.001,0.75,0.2,0.3,4.0,114.592663,114.83284794752204,0.240184947522053,0.240184947522053
G06_R0441,G06,train,250,6,0.001,0.75,0.3,0.3,4.0,180.571313,180.9812696681169,0.4099566681169051,0.4099566681169051
G06_R0442,G06,train,250,6,0.001,0.7,0.1,0.3,4.0,76.46477200000001,76.18523516547354,-0.2795368345264677,0.2795368345264677
G06_R0443,G06,train,250,6,0.001,0.7,0.2,0.3,4.0,115.730741,115.5217297511292,-0.2090112488708086,0.2090112488708086
G06_R0444,G06,train,250,6,0.001,0.7,0.3,0.3,4.0,182.840719,182.44122508429157,-0.3994939157084616,0.3994939157084616
G06_R0445,G06,test,250,6,0.0001,0.85,0.1,0.3,4.0,92.225991,92.34974587721167,0.1237548772116809,0.1237548772116809
G06_R0446,G06,train,250,6,0.0001,0.85,0.2,0.3,4.0,149.227238,149.4324716137529,0.2052336137529096,0.2052336137529096
G06_R0447,G06,train,250,6,0.0001,0.85,0.3,0.3,4.0,254.60572,254.87320874909955,0.2674887490995559,0.2674887490995559
G06_R0448,G06,test,250,6,0.0001,0.8,0.1,0.3,4.0,92.50351,92.45395965351544,-0.0495503464845796,0.0495503464845796
G06_R0449,G06,train,250,6,0.0001,0.8,0.2,0.3,4.0,149.908373,149.79792827428307,-0.1104447257169454,0.1104447257169454
G06_R0450,G06,train,250,6,0.0001,0.8,0.3,0.3,4.0,256.0972,255.88518852038223,-0.212011479617729,0.212011479617729
G06_R0451,G06,test,250,6,0.0001,0.75,0.1,0.3,4.0,92.803878,92.85051844844246,0.04664044844246,0.04664044844246
G06_R0452,G06,train,250,6,0.0001,0.75,0.2,0.3,4.0,150.66955199999998,150.7478854862136,0.0783334862136087,0.0783334862136087
G06_R0453,G06,train,250,6,0.0001,0.75,0.3,0.3,4.0,257.74966,258.0081690542344,0.2585090542343664,0.2585090542343664
G06_R0454,G06,train,250,6,0.0001,0.7,0.1,0.3,4.0,93.13107,93.01856446420015,-0.1125055357998263,0.1125055357998263
G06_R0455,G06,test,250,6,0.0001,0.7,0.2,0.3,4.0,151.52076100000002,151.0267305900635,-0.4940304099365562,0.4940304099365562
G06_R0456,G06,train,250,6,0.0001,0.7,0.3,0.3,4.0,259.59323,258.6478804936084,-0.945349506391608,0.945349506391608
G06_R0457,G06,train,250,6,1e-05,0.85,0.1,0.3,4.0,121.77874,121.91802454026724,0.1392845402672407,0.1392845402672407
G06_R0458,G06,train,250,6,1e-05,0.85,0.2,0.3,4.0,239.14262,239.5329848078276,0.3903648078276092,0.3903648078276092
G06_R0459,G06,train,250,6,1e-05,0.85,0.3,0.3,4.0,444.00754,444.5651827260748,0.5576427260747892,0.5576427260747892
G06_R0460,G06,test,250,6,1e-05,0.8,0.1,0.3,4.0,122.21817,122.12767659651706,-0.0904934034829381,0.0904934034829381
G06_R0461,G06,train,250,6,1e-05,0.8,0.2,0.3,4.0,240.492,240.27988446770968,-0.2121155322903121,0.2121155322903121
G06_R0462,G06,test,250,6,1e-05,0.8,0.3,0.3,4.0,446.75786,446.25731566585904,-0.5005443341409546,0.5005443341409546
G06_R0463,G06,train,250,6,1e-05,0.75,0.1,0.3,4.0,122.71755,122.77704729736668,0.0594972973666756,0.0594972973666756
G06_R0464,G06,train,250,6,1e-05,0.75,0.2,0.3,4.0,242.06134,242.2399888007457,0.1786488007456625,0.1786488007456625
G06_R0465,G06,train,250,6,1e-05,0.75,0.3,0.3,4.0,449.92835,450.4567908898903,0.5284408898903052,0.5284408898903052
G06_R0466,G06,train,250,6,1e-05,0.7,0.1,0.3,4.0,123.29688,123.21846361706764,-0.0784163829323603,0.0784163829323603
G06_R0467,G06,train,250,6,1e-05,0.7,0.2,0.3,4.0,243.88065,243.62846884212104,-0.2521811578789652,0.2521811578789652
G06_R0468,G06,train,250,6,1e-05,0.7,0.3,0.3,4.0,453.61904,452.5751309553733,-1.0439090446266732,1.0439090446266732
G06_R0469,G06,train,250,6,1e-06,0.85,0.1,0.3,4.0,307.83613,308.2292123540733,0.3930823540732717,0.3930823540732717
G06_R0470,G06,train,250,6,1e-06,0.85,0.2,0.3,4.0,916.98522,918.0457301429054,1.0605101429054002,1.0605101429054002
G06_R0471,G06,test,250,6,1e-06,0.85,0.3,0.3,4.0,1922.9213,1931.530454136508,8.609154136507868,8.609154136507868
G06_R0472,G06,train,250,6,1e-06,0.8,0.1,0.3,4.0,309.07588,309.009998813386,-0.0658811866139785,0.0658811866139785
G06_R0473,G06,train,250,6,1e-06,0.8,0.2,0.3,4.0,920.97492,920.5787343960232,-0.3961856039767326,0.3961856039767326
G06_R0474,G06,test,250,6,1e-06,0.8,0.3,0.3,4.0,1930.721,1931.5423578677576,0.8213578677575697,0.8213578677575697
G06_R0475,G06,train,250,6,1e-06,0.75,0.1,0.3,4.0,310.53561,311.07432920119965,0.5387192011996262,0.5387192011996262
G06_R0476,G06,train,250,6,1e-06,0.75,0.2,0.3,4.0,925.7746,926.4490255055562,0.6744255055562007,0.6744255055562007
G06_R0477,G06,train,250,6,1e-06,0.75,0.3,0.3,4.0,1940.02067,1941.096655420334,1.0759854203338364,1.0759854203338364
G06_R0478,G06,test,250,6,1e-06,0.7,0.1,0.3,4.0,312.29532,311.7178453720645,-0.5774746279354872,0.5774746279354872
G06_R0479,G06,test,250,6,1e-06,0.7,0.2,0.3,4.0,931.59425,929.849913128886,-1.744336871114001,1.744336871114001
G06_R0480,G06,train,250,6,1e-06,0.7,0.3,0.3,4.0,1951.12032,1948.167132473373,-2.9531875266270617,2.9531875266270617
G06_R0481,G06,test,250,20,0.001,0.85,0.1,0.3,4.0,74.877079,75.19262043997033,0.3155414399703318,0.3155414399703318
G06_R0482,G06,test,250,20,0.001,0.85,0.2,0.3,4.0,112.536237,112.84426658200177,0.3080295820017511,0.3080295820017511
G06_R0483,G06,train,250,20,0.001,0.85,0.3,0.3,4.0,176.502599,177.1702700524936,0.6676710524936027,0.6676710524936027
G06_R0484,G06,test,250,20,0.001,0.8,0.1,0.3,4.0,75.36948600000001,75.92086958772096,0.5513835877209488,0.5513835877209488
G06_R0485,G06,test,250,20,0.001,0.8,0.2,0.3,4.0,113.534491,113.40531992393986,-0.1291710760601461,0.1291710760601461
G06_R0486,G06,test,250,20,0.001,0.8,0.3,0.3,4.0,178.461943,178.13032117776774,-0.3316218222322504,0.3316218222322504
G06_R0487,G06,train,250,20,0.001,0.75,0.1,0.3,4.0,75.897724,75.93116771355429,0.0334437135542913,0.0334437135542913
G06_R0488,G06,test,250,20,0.001,0.75,0.2,0.3,4.0,114.592663,114.8597574324804,0.2670944324804054,0.2670944324804054
G06_R0489,G06,test,250,20,0.001,0.75,0.3,0.3,4.0,180.571313,181.00974991670824,0.4384369167082411,0.4384369167082411
G06_R0490,G06,test,250,20,0.001,0.7,0.1,0.3,4.0,76.46477200000001,76.15270737592004,-0.3120646240799658,0.3120646240799658
G06_R0491,G06,train,250,20,0.001,0.7,0.2,0.3,4.0,115.730741,115.54863923608757,-0.182101763912442,0.182101763912442
G06_R0492,G06,train,250,20,0.001,0.7,0.3,0.3,4.0,182.840719,182.4773341716329,-0.3633848283671455,0.3633848283671455
G06_R0493,G06,test,250,20,0.0001,0.85,0.1,0.3,4.0,92.225991,92.3560806530033,0.13008965300331,0.13008965300331
G06_R0494,G06,test,250,20,0.0001,0.85,0.2,0.3,4.0,149.227238,149.47389757175276,0.2466595717527582,0.2466595717527582
G06_R0495,G06,train,250,20,0.0001,0.85,0.3,0.3,4.0,254.60572,254.8279449437429,0.2222249437429297,0.2222249437429297
G06_R0496,G06,train,250,20,0.0001,0.8,0.1,0.3,4.0,92.50451,92.459125761688,-0.0453842383120104,0.0453842383120104
G06_R0497,G06,train,250,20,0.0001,0.8,0.2,0.3,4.0,149.908373,149.83977662134538,-0.0685963786546324,0.0685963786546324
G06_R0498,G06,test,250,20,0.0001,0.8,0.3,0.3,4.0,256.0972,255.8429976777336,-0.2542023222663658,0.2542023222663658
G06_R0499,G06,train,250,20,0.0001,0.75,0.1,0.3,4.0,92.803879,92.83650231909417,0.0326233190941707,0.0326233190941707
G06_R0500,G06,train,250,20,0.0001,0.75,0.2,0.3,4.0,150.66955199999998,150.81485141583502,0.1452994158350407,0.1452994158350407
G06_R0501,G06,train,250,20,0.0001,0.75,0.3,0.3,4.0,257.74966,258.0183131349189,0.2686531349189067,0.2686531349189067
G06_R0502,G06,test,250,20,0.0001,0.7,0.1,0.3,4.0,93.131071,93.0036382423519,-0.1274327576481084,0.1274327576481084
G06_R0503,G06,train,250,20,0.0001,0.7,0.2,0.3,4.0,151.52076100000002,151.09490067533085,-0.4258603246691734,0.4258603246691734
G06_R0504,G06,train,250,20,0.0001,0.7,0.3,0.3,4.0,259.59322,258.6580245742929,-0.9351954257070928,0.9351954257070928
G06_R0505,G06,train,250,20,1e-05,0.85,0.1,0.3,4.0,121.77874,121.93622994717208,0.1574899471720812,0.1574899471720812
G06_R0506,G06,test,250,20,1e-05,0.85,0.2,0.3,4.0,239.14262,239.58839286562537,0.4457728656253721,0.4457728656253721
G06_R0507,G06,train,250,20,1e-05,0.85,0.3,0.3,4.0,444.00754,444.59763536422906,0.5900953642290574,0.5900953642290574
G06_R0508,G06,test,250,20,1e-05,0.8,0.1,0.3,4.0,122.21817,122.14656995779688,-0.0716000422031157,0.0716000422031157
G06_R0509,G06,train,250,20,1e-05,0.8,0.2,0.3,4.0,240.492,240.33075512259077,-0.1612448774092456,0.1612448774092456
G06_R0510,G06,train,250,20,1e-05,0.8,0.3,0.3,4.0,446.75786,446.2786194665135,-0.4792405334865179,0.4792405334865179
G06_R0511,G06,train,250,20,1e-05,0.75,0.1,0.3,4.0,122.71755,122.78510444980714,0.0675544498071332,0.0675544498071332
G06_R0512,G06,train,250,20,1e-05,0.75,0.2,0.3,4.0,242.06134,242.2459225862667,0.1845825862666856,0.1845825862666856
G06_R0513,G06,train,250,20,1e-05,0.75,0.3,0.3,4.0,449.92835,450.3291842823312,0.400834282331175,0.400834282331175
G06_R0514,G06,train,250,20,1e-05,0.7,0.1,0.3,4.0,123.29688,123.2260842367998,-0.0707957632002092,0.0707957632002092
G06_R0515,G06,train,250,20,1e-05,0.7,0.2,0.3,4.0,243.88065,243.6370525708563,-0.2435974291437048,0.2435974291437048
G06_R0516,G06,test,250,20,1e-05,0.7,0.3,0.3,4.0,453.61904,452.440919374957,-1.1781206250429932,1.1781206250429932
G06_R0517,G06,train,250,20,1e-06,0.85,0.1,0.3,4.0,307.83613,308.2174071828235,0.3812771828234531,0.3812771828234531
G06_R0518,G06,test,250,20,1e-06,0.85,0.2,0.3,4.0,916.98522,918.2138900590658,1.228670059065735,1.228670059065735
G06_R0519,G06,test,250,20,1e-06,0.85,0.3,0.3,4.0,1922.9213,1931.0406629773413,8.119362977341552,8.119362977341552
G06_R0520,G06,train,250,20,1e-06,0.8,0.1,0.3,4.0,309.08588,308.9998224650528,-0.0860575349472014,0.0860575349472014
G06_R0521,G06,train,250,20,1e-06,0.8,0.2,0.3,4.0,920.97492,920.7285580455168,-0.2463619544830635,0.2463619544830635
G06_R0522,G06,train,250,20,1e-06,0.8,0.3,0.3,4.0,1930.721,1931.052566708592,0.3315667085917084,0.3315667085917084
G06_R0523,G06,train,250,20,1e-06,0.75,0.1,0.3,4.0,310.53561,311.10753802661657,0.571928026616547,0.571928026616547
G06_R0524,G06,train,250,20,1e-06,0.75,0.2,0.3,4.0,925.7746,926.5731437348122,0.7985437348122559,0.7985437348122559
G06_R0525,G06,test,250,20,1e-06,0.75,0.3,0.3,4.0,1940.02067,1940.633060756555,0.6123907565549871,0.6123907565549871
G06_R0526,G06,train,250,20,1e-06,0.7,0.1,0.3,4.0,312.29532,311.7521823176898,-0.5431376823102028,0.5431376823102028
G06_R0527,G06,train,250,20,1e-06,0.7,0.2,0.3,4.0,931.59425,929.9675898587374,-1.6266601412626187,1.6266601412626187
G06_R0528,G06,train,250,20,1e-06,0.7,0.3,0.3,4.0,1951.12032,1947.8318456267964,-3.2884743732035986,3.2884743732035986
G06_R0529,G06,train,250,50,0.001,0.85,0.1,0.3,4.0,74.877079,75.18306624694948,0.3059872469494848,0.3059872469494848
G06_R0530,G06,train,250,50,0.001,0.85,0.2,0.3,4.0,112.536238,112.84385056658512,0.307612566585135,0.307612566585135
G06_R0531,G06,train,250,50,0.001,0.85,0.3,0.3,4.0,176.502599,177.22099286849368,0.7183938684936777,0.7183938684936777
G06_R0532,G06,test,250,50,0.001,0.8,0.1,0.3,4.0,75.36948600000001,75.91131539470011,0.5418293947001018,0.5418293947001018
G06_R0533,G06,train,250,50,0.001,0.8,0.2,0.3,4.0,113.534491,113.40348131102324,-0.1310096889767749,0.1310096889767749
G06_R0534,G06,train,250,50,0.001,0.8,0.3,0.3,4.0,178.461943,178.1753704787678,-0.2865725212321877,0.2865725212321877
G06_R0535,G06,train,250,50,0.001,0.75,0.1,0.3,4.0,75.897724,75.92224011136678,0.0245161113667791,0.0245161113667791
G06_R0536,G06,train,250,50,0.001,0.75,0.2,0.3,4.0,114.592663,114.843584448647,0.2509214486469915,0.2509214486469915
G06_R0537,G06,train,250,50,0.001,0.75,0.3,0.3,4.0,180.571313,180.98327534841664,0.4119623484166368,0.4119623484166368
G06_R0538,G06,test,250,50,0.001,0.7,0.1,0.3,4.0,76.46477200000001,76.14094436123253,-0.323827638767483,0.323827638767483
G06_R0539,G06,train,250,50,0.001,0.7,0.2,0.3,4.0,115.730741,115.52972093975411,-0.2010200602458667,0.2010200602458667
G06_R0540,G06,train,250,50,0.001,0.7,0.3,0.3,4.0,182.840719,182.4541086108412,-0.3866103891588182,0.3866103891588182
G06_R0541,G06,train,250,50,0.0001,0.85,0.1,0.3,4.0,92.225991,92.3668855400747,0.1408945400747114,0.1408945400747114
G06_R0542,G06,train,250,50,0.0001,0.85,0.2,0.3,4.0,149.227237,149.47723920015753,0.2500022001575246,0.2500022001575246
G06_R0543,G06,train,250,50,0.0001,0.85,0.3,0.3,4.0,254.60571,254.8432974864513,0.2375874864513036,0.2375874864513036
G06_R0544,G06,train,250,50,0.0001,0.8,0.1,0.3,4.0,92.50451,92.47045319959275,-0.0340568004072423,0.0340568004072423
G06_R0545,G06,train,250,50,0.0001,0.8,0.2,0.3,4.0,149.918373,149.84280508537512,-0.0755679146248837,0.0755679146248837
G06_R0546,G06,train,250,50,0.0001,0.8,0.3,0.3,4.0,256.0972,255.86020923794203,-0.2369907620579567,0.2369907620579567
G06_R0547,G06,train,250,50,0.0001,0.75,0.1,0.3,4.0,92.803879,92.85731400099294,0.0534350009929482,0.0534350009929482
G06_R0548,G06,train,250,50,0.0001,0.75,0.2,0.3,4.0,150.679551,150.85993623784665,0.1803852378466217,0.1803852378466217
G06_R0549,G06,train,250,50,0.0001,0.75,0.3,0.3,4.0,257.74966,258.0163266128356,0.2666666128355928,0.2666666128355928
G06_R0550,G06,train,250,50,0.0001,0.7,0.1,0.3,4.0,93.131071,93.02454285143816,-0.1065281485618356,0.1065281485618356
G06_R0551,G06,train,250,50,0.0001,0.7,0.2,0.3,4.0,151.52076000000002,151.1413752098425,-0.3793847901575589,0.3793847901575589
G06_R0552,G06,test,250,50,0.0001,0.7,0.3,0.3,4.0,259.59323,258.6560380522096,-0.9371919477904384,0.9371919477904384
G06_R0553,G06,test,250,50,1e-05,0.85,0.1,0.3,4.0,121.77874,121.93538513883874,0.1566451388387406,0.1566451388387406
G06_R0554,G06,train,250,50,1e-05,0.85,0.2,0.3,4.0,239.14262,239.58831595520869,0.4456959552086914,0.4456959552086914
G06_R0555,G06,train,250,50,1e-05,0.85,0.3,0.3,4.0,444.00753,444.5961363371458,0.5886063371458476,0.5886063371458476
G06_R0556,G06,train,250,50,1e-05,0.8,0.1,0.3,4.0,122.21817,122.14608723071356,-0.0720827692864389,0.0720827692864389
G06_R0557,G06,train,250,50,1e-05,0.8,0.2,0.3,4.0,240.502,240.33090725384076,-0.1710927461592746,0.1710927461592746
G06_R0558,G06,test,250,50,1e-05,0.8,0.3,0.3,4.0,446.75786,446.2817462894302,-0.4761137105697912,0.4761137105697912
G06_R0559,G06,train,250,50,1e-05,0.75,0.1,0.3,4.0,122.71755,122.78323546879524,0.0656854687952233,0.0656854687952233
G06_R0560,G06,train,250,50,1e-05,0.75,0.2,0.3,4.0,242.06134,242.2354730520999,0.1741330520999042,0.1741330520999042
G06_R0561,G06,train,250,50,1e-05,0.75,0.3,0.3,4.0,449.92834,450.35412748024777,0.4257874802477772,0.4257874802477772
G06_R0562,G06,train,250,50,1e-05,0.7,0.1,0.3,4.0,123.29688,123.22413619745456,-0.0727438025454461,0.0727438025454461
G06_R0563,G06,train,250,50,1e-05,0.7,0.2,0.3,4.0,243.88065,243.62865628252283,-0.2519937174771485,0.2519937174771485
G06_R0564,G06,train,250,50,1e-05,0.7,0.3,0.3,4.0,453.62904,452.4707965937069,-1.1582434062930815,1.1582434062930815
G06_R0565,G06,train,250,50,1e-06,0.85,0.1,0.3,4.0,307.83613,308.20064784699,0.3645178469899406,0.3645178469899406
G06_R0566,G06,train,250,50,1e-06,0.85,0.2,0.3,4.0,916.98522,918.1752673455252,1.1900473455250449,1.1900473455250449
G06_R0567,G06,train,250,50,1e-06,0.85,0.3,0.3,4.0,1922.9213,1930.046886604635,7.125586604634691,7.125586604634691
G06_R0568,G06,train,250,50,1e-06,0.8,0.1,0.3,4.0,309.08588,308.9844087292193,-0.1014712707806779,0.1014712707806779
G06_R0569,G06,train,250,50,1e-06,0.8,0.2,0.3,4.0,920.97492,920.6885854882264,-0.2863345117735889,0.2863345117735889
G06_R0570,G06,train,250,50,1e-06,0.8,0.3,0.3,4.0,1930.72099,1930.0587903358849,-0.6621996641154055,0.6621996641154055
G06_R0571,G06,test,250,50,1e-06,0.75,0.1,0.3,4.0,310.53561,311.0886697543249,0.5530597543248632,0.5530597543248632
G06_R0572,G06,train,250,50,1e-06,0.75,0.2,0.3,4.0,925.7746,926.6637683639788,0.8891683639787971,0.8891683639787971
G06_R0573,G06,train,250,50,1e-06,0.75,0.3,0.3,4.0,1940.02067,1940.2491242332212,0.2284542332213277,0.2284542332213277
G06_R0574,G06,train,250,50,1e-06,0.7,0.1,0.3,4.0,312.29532,311.74400465727314,-0.5513153427268662,0.5513153427268662
G06_R0575,G06,train,250,50,1e-06,0.7,0.2,0.3,4.0,931.59425,930.0632141545706,-1.5310358454294146,1.5310358454294146
G06_R0576,G06,test,250,50,1e-06,0.7,0.3,0.3,4.0,1951.22031,1947.5483741763792,-3.671935823620743,3.671935823620743
G06_R0577,G06,train,500,3,0.001,0.85,0.1,0.3,4.0,201.475135,201.69761087007385,0.222475870073822,0.222475870073822
G06_R0578,G06,train,500,3,0.001,0.85,0.2,0.3,4.0,300.34013000000004,301.0237470172898,0.6836170172897482,0.6836170172897482
G06_R0579,G06,train,500,3,0.001,0.85,0.3,0.3,4.0,468.33554,470.1795998428464,1.844059842846434,1.844059842846434
G06_R0580,G06,train,500,3,0.001,0.8,0.1,0.3,4.0,202.95989,202.907846844824,-0.0520431551759941,0.0520431551759941
G06_R0581,G06,test,500,3,0.001,0.8,0.2,0.3,4.0,303.21632,302.71168385137986,-0.5046361486201363,0.5046361486201363
G06_R0582,G06,train,500,3,0.001,0.8,0.3,0.3,4.0,473.7943800000001,473.20493369499,-0.5894463050100853,0.5894463050100853
G06_R0583,G06,train,500,3,0.001,0.75,0.1,0.3,4.0,204.524398,204.88500408248453,0.3606060824845372,0.3606060824845372
G06_R0584,G06,train,500,3,0.001,0.75,0.2,0.3,4.0,306.31202,306.64486321260625,0.3328432126062353,0.3328432126062353
G06_R0585,G06,train,500,3,0.001,0.75,0.3,0.3,4.0,479.65333,480.6613382363327,1.008008236332671,1.008008236332671
G06_R0586,G06,train,500,3,0.001,0.7,0.1,0.3,4.0,206.208635,204.88500408248453,-1.3236309175154588,1.3236309175154588
G06_R0587,G06,train,500,3,0.001,0.7,0.2,0.3,4.0,309.65751,309.1248286772218,-0.5326813227782168,0.5326813227782168
G06_R0588,G06,train,500,3,0.001,0.7,0.3,0.3,4.0,485.9724,484.307057403212,-1.6653425967880366,1.6653425967880366
G06_R0589,G06,train,500,3,0.0001,0.85,0.1,0.3,4.0,243.081525,243.36432670257483,0.2828017025748295,0.2828017025748295
G06_R0590,G06,train,500,3,0.0001,0.85,0.2,0.3,4.0,394.36314,395.548644817604,1.1855048176039986,1.1855048176039986
G06_R0591,G06,train,500,3,0.0001,0.85,0.3,0.3,4.0,669.83808,671.6163318849971,1.7782518849970756,1.7782518849970756
G06_R0592,G06,train,500,3,0.0001,0.8,0.1,0.3,4.0,243.958356,243.85918700806363,-0.0991689919363807,0.0991689919363807
G06_R0593,G06,train,500,3,0.0001,0.8,0.2,0.3,4.0,396.64047,396.9304404452826,0.2899704452826768,0.2899704452826768
G06_R0594,G06,train,500,3,0.0001,0.8,0.3,0.3,4.0,674.85419,674.0933461277787,-0.7608438722213577,0.7608438722213577
G06_R0595,G06,train,500,3,0.0001,0.75,0.1,0.3,4.0,244.904882,245.1032558034944,0.1983738034944338,0.1983738034944338
G06_R0596,G06,train,500,3,0.0001,0.75,0.2,0.3,4.0,399.17841,399.5086192253564,0.3302092253563842,0.3302092253563842
G06_R0597,G06,train,500,3,0.0001,0.75,0.3,0.3,4.0,680.44429,681.6591136625881,1.21482366258806,1.21482366258806
G06_R0598,G06,train,500,3,0.0001,0.7,0.1,0.3,4.0,245.941056,245.75654221674503,-0.1845137832549426,0.1845137832549426
G06_R0599,G06,train,500,3,0.0001,0.7,0.2,0.3,4.0,402.03711,401.0644856973657,-0.9726243026343012,0.9726243026343012
G06_R0600,G06,train,500,3,0.0001,0.7,0.3,0.3,4.0,686.7296,684.7791749051808,-1.950425094819252,1.950425094819252
G06_R0601,G06,train,500,3,1e-05,0.85,0.1,0.3,4.0,313.3953,313.7818451186843,0.3865451186842961,0.3865451186842961
G06_R0602,G06,train,500,3,1e-05,0.85,0.2,0.3,4.0,603.35526,604.5955221328994,1.2402621328993746,1.2402621328993746
G06_R0603,G06,train,500,3,1e-05,0.85,0.3,0.3,4.0,1108.7035199999998,1111.624185511885,2.9206655118850904,2.9206655118850904
G06_R0604,G06,train,500,3,1e-05,0.8,0.1,0.3,4.0,314.75423,314.60109866154073,-0.1531313384592749,0.1531313384592749
G06_R0605,G06,train,500,3,1e-05,0.8,0.2,0.3,4.0,607.89531,607.5386299963677,-0.3566800036322775,0.3566800036322775
G06_R0606,G06,test,500,3,1e-05,0.8,0.3,0.3,4.0,1118.31249,1117.2654911246414,-1.0469988753586676,1.0469988753586676
G06_R0607,G06,train,500,3,1e-05,0.75,0.1,0.3,4.0,316.30308,316.69706191383625,0.3939819138362281,0.3939819138362281
G06_R0608,G06,train,500,3,1e-05,0.75,0.2,0.3,4.0,613.0855200000001,614.3287790326092,1.243259032609103,1.243259032609103
G06_R0609,G06,test,500,3,1e-05,0.75,0.3,0.3,4.0,1129.22326,1134.216265656445,4.993005656445121,4.993005656445121
G06_R0610,G06,train,500,3,1e-05,0.7,0.1,0.3,4.0,318.09183,317.794817020658,-0.2970129793420142,0.2970129793420142
G06_R0611,G06,train,500,3,1e-05,0.7,0.2,0.3,4.0,619.04597,618.105523386528,-0.9404466134719768,0.9404466134719768
G06_R0612,G06,test,500,3,1e-05,0.7,0.3,0.3,4.0,1141.83627,1134.9301840664448,-6.906085933555232,6.906085933555232
G06_R0613,G06,test,500,3,1e-06,0.85,0.1,0.3,4.0,704.06335,706.3353422072714,2.27199220727141,2.27199220727141
G06_R0614,G06,train,500,3,1e-06,0.85,0.2,0.3,4.0,2016.1317,2019.999931997876,3.868231997876137,3.868231997876137
G06_R0615,G06,train,500,3,1e-06,0.85,0.3,0.3,4.0,4178.01409,4197.422257282862,19.40816728286245,19.40816728286245
G06_R0616,G06,train,500,3,1e-06,0.8,0.1,0.3,4.0,708.42279,707.9217854904836,-0.501004509516406,0.501004509516406
G06_R0617,G06,train,500,3,1e-06,0.8,0.2,0.3,4.0,2030.03106,2028.7295172309684,-1.3015427690315846,1.3015427690315846
G06_R0618,G06,train,500,3,1e-06,0.8,0.3,0.3,4.0,4206.213565999999,4208.435673029337,2.2221070293371668,2.2221070293371668
G06_R0619,G06,train,500,3,1e-06,0.75,0.1,0.3,4.0,713.28219,713.7332645298666,0.4510745298665597,0.4510745298665597
G06_R0620,G06,test,500,3,1e-06,0.75,0.2,0.3,4.0,2045.93037,2050.3213048420457,4.390934842045681,4.390934842045681
G06_R0621,G06,train,500,3,1e-06,0.75,0.3,0.3,4.0,4239.013017,4242.990272292827,3.977255292827067,3.977255292827067
G06_R0622,G06,train,500,3,1e-06,0.7,0.1,0.3,4.0,718.74155,717.9242382323242,-0.8173117676757329,0.8173117676757329
G06_R0623,G06,train,500,3,1e-06,0.7,0.2,0.3,4.0,2064.6296300000004,2062.2027563104457,-2.426873689554668,2.426873689554668
G06_R0624,G06,train,500,3,1e-06,0.7,0.3,0.3,4.0,4277.312447,4260.708242632086,-16.604204367914463,16.604204367914463
G06_R0625,G06,train,500,6,0.001,0.85,0.1,0.3,4.0,201.475135,201.69287926396967,0.2177442639696778,0.2177442639696778
G06_R0626,G06,train,500,6,0.001,0.85,0.2,0.3,4.0,300.34013000000004,301.03121961014693,0.6910896101468893,0.6910896101468893
G06_R0627,G06,test,500,6,0.001,0.85,0.3,0.3,4.0,468.33554,470.2007550157632,1.8652150157631693,1.8652150157631693
G06_R0628,G06,train,500,6,0.001,0.8,0.1,0.3,4.0,202.95989,202.89712663690744,-0.0627633630925856,0.0627633630925856
G06_R0629,G06,train,500,6,0.001,0.8,0.2,0.3,4.0,303.21632,302.7288005949512,-0.4875194050487721,0.4875194050487721
G06_R0630,G06,test,500,6,0.001,0.8,0.3,0.3,4.0,473.7943800000001,473.2234559220734,-0.5709240779266906,0.5709240779266906
G06_R0631,G06,train,500,6,0.001,0.75,0.1,0.3,4.0,204.524398,204.71352599636973,0.1891279963697343,0.1891279963697343
G06_R0632,G06,train,500,6,0.001,0.75,0.2,0.3,4.0,306.31202,306.6616752630824,0.3496552630823544,0.3496552630823544
G06_R0633,G06,train,500,6,0.001,0.75,0.3,0.3,4.0,479.65333,480.6265433102912,0.9732133102911577,0.9732133102911577
G06_R0634,G06,test,500,6,0.001,0.7,0.1,0.3,4.0,206.208635,204.71352599636973,-1.4951090036302617,1.4951090036302617
G06_R0635,G06,train,500,6,0.001,0.7,0.2,0.3,4.0,309.65751,309.1341681348408,-0.5233418651592388,0.5233418651592388
G06_R0636,G06,train,500,6,0.001,0.7,0.3,0.3,4.0,485.9724,484.258184314462,-1.714215685537965,1.714215685537965
G06_R0637,G06,test,500,6,0.0001,0.85,0.1,0.3,4.0,243.081525,243.3649743113248,0.2834493113248015,0.2834493113248015
G06_R0638,G06,test,500,6,0.0001,0.85,0.2,0.3,4.0,394.36314,395.5957524982289,1.2326124982288889,1.2326124982288889
G06_R0639,G06,train,500,6,0.0001,0.85,0.3,0.3,4.0,669.83808,671.539360325206,1.7012803252059712,1.7012803252059712
G06_R0640,G06,test,500,6,0.0001,0.8,0.1,0.3,4.0,243.958356,243.8598346168136,-0.0985213831864086,0.0985213831864086
G06_R0641,G06,test,500,6,0.0001,0.8,0.2,0.3,4.0,396.64047,396.9704305134077,0.3299605134076842,0.3299605134076842
G06_R0642,G06,test,500,6,0.0001,0.8,0.3,0.3,4.0,674.85419,674.0157198481959,-0.8384701518041311,0.8384701518041311
G06_R0643,G06,train,500,6,0.0001,0.75,0.1,0.3,4.0,244.904882,245.11434533237545,0.2094633323754351,0.2094633323754351
G06_R0644,G06,train,500,6,0.0001,0.75,0.2,0.3,4.0,399.17841,399.5314043728565,0.3529943728565285,0.3529943728565285
G06_R0645,G06,train,500,6,0.0001,0.75,0.3,0.3,4.0,680.44429,681.6946922250889,1.2504022250889193,1.2504022250889193
G06_R0646,G06,train,500,6,0.0001,0.7,0.1,0.3,4.0,245.941056,245.7676317456261,-0.1734242543739412,0.1734242543739412
G06_R0647,G06,test,500,6,0.0001,0.7,0.2,0.3,4.0,402.03711,401.06834989549066,-0.9687601045093288,0.9687601045093288
G06_R0648,G06,train,500,6,0.0001,0.7,0.3,0.3,4.0,686.7296,684.8091547710147,-1.9204452289852725,1.9204452289852725
G06_R0649,G06,train,500,6,1e-05,0.85,0.1,0.3,4.0,313.3953,313.7881191719482,0.3928191719481901,0.3928191719481901
G06_R0650,G06,test,500,6,1e-05,0.85,0.2,0.3,4.0,603.35526,604.645380951649,1.290120951648987,1.290120951648987
G06_R0651,G06,train,500,6,1e-05,0.85,0.3,0.3,4.0,1108.7035199999998,1111.458112125501,2.7545921255011763,2.7545921255011763
G06_R0652,G06,train,500,6,1e-05,0.8,0.1,0.3,4.0,314.75423,314.6090776273046,-0.1451523726954064,0.1451523726954064
G06_R0653,G06,train,500,6,1e-05,0.8,0.2,0.3,4.0,607.89531,607.593455856784,-0.3018541432160191,0.3018541432160191
G06_R0654,G06,train,500,6,1e-05,0.8,0.3,0.3,4.0,1118.31249,1117.1241458376624,-1.1883441623376712,1.1883441623376712
G06_R0655,G06,train,500,6,1e-05,0.75,0.1,0.3,4.0,316.30308,316.71584538462,0.4127653846200019,0.4127653846200019
G06_R0656,G06,test,500,6,1e-05,0.75,0.2,0.3,4.0,613.0855200000001,614.3975209649008,1.312000964900676,1.312000964900676
G06_R0657,G06,test,500,6,1e-05,0.75,0.3,0.3,4.0,1129.22326,1134.074920369466,4.85166036946589,4.85166036946589
G06_R0658,G06,train,500,6,1e-05,0.7,0.1,0.3,4.0,318.09183,317.81544445394184,-0.2763855460581794,0.2763855460581794
G06_R0659,G06,train,500,6,1e-05,0.7,0.2,0.3,4.0,619.04597,618.1764279063195,-0.8695420936804794,0.8695420936804794
G06_R0660,G06,train,500,6,1e-05,0.7,0.3,0.3,4.0,1141.83627,1134.8041949586325,-7.0320750413677615,7.0320750413677615
G06_R0661,G06,train,500,6,1e-06,0.85,0.1,0.3,4.0,704.06335,706.3373819572714,2.2740319572714043,2.2740319572714043
G06_R0662,G06,test,500,6,1e-06,0.85,0.2,0.3,4.0,2016.1317,2020.167629730792,4.035929730792077,4.035929730792077
G06_R0663,G06,test,500,6,1e-06,0.85,0.3,0.3,4.0,4178.01409,4198.8477913858,20.83370138579994,20.83370138579994
G06_R0664,G06,train,500,6,1e-06,0.8,0.1,0.3,4.0,708.42279,707.9238252404836,-0.4989647595164115,0.4989647595164115
G06_R0665,G06,train,500,6,1e-06,0.8,0.2,0.3,4.0,2030.03106,2028.9145891972175,-1.11647080278226,1.11647080278226
G06_R0666,G06,test,500,6,1e-06,0.8,0.3,0.3,4.0,4206.213565999999,4209.808892141191,3.5953261411914355,3.5953261411914355
G06_R0667,G06,train,500,6,1e-06,0.75,0.1,0.3,4.0,713.28219,713.7387867965334,0.4565967965334039,0.4565967965334039
G06_R0668,G06,train,500,6,1e-06,0.75,0.2,0.3,4.0,2045.93037,2050.338426490081,4.40805649008098,4.40805649008098
G06_R0669,G06,test,500,6,1e-06,0.75,0.3,0.3,4.0,4239.013017,4244.892135289505,5.879118289504731,5.879118289504731
G06_R0670,G06,train,500,6,1e-06,0.7,0.1,0.3,4.0,718.74155,717.9277207489909,-0.8138292510091105,0.8138292510091105
G06_R0671,G06,train,500,6,1e-06,0.7,0.2,0.3,4.0,2064.6296300000004,2062.173924168779,-2.4557058312211666,2.4557058312211666
G06_R0672,G06,train,500,6,1e-06,0.7,0.3,0.3,4.0,4277.312447,4262.472242847304,-14.84020415269606,14.84020415269606
G06_R0673,G06,train,500,20,0.001,0.85,0.1,0.3,4.0,201.475135,201.67388532927643,0.1987503292764358,0.1987503292764358
G06_R0674,G06,train,500,20,0.001,0.85,0.2,0.3,4.0,300.34013000000004,301.04464700547425,0.7045170054742016,0.7045170054742016
G06_R0675,G06,train,500,20,0.001,0.85,0.3,0.3,4.0,468.33554,470.1545945876978,1.819054587697792,1.819054587697792
G06_R0676,G06,train,500,20,0.001,0.8,0.1,0.3,4.0,202.95989,202.87308166959497,-0.0868083304050344,0.0868083304050344
G06_R0677,G06,train,500,20,0.001,0.8,0.2,0.3,4.0,303.21632,302.7472591497428,-0.4690608502572218,0.4690608502572218
G06_R0678,G06,train,500,20,0.001,0.8,0.3,0.3,4.0,473.7943800000001,473.1684636169247,-0.6259163830753778,0.6259163830753778
G06_R0679,G06,train,500,20,0.001,0.75,0.1,0.3,4.0,204.524398,204.6237879762475,0.0993899762475223,0.0993899762475223
G06_R0680,G06,train,500,20,0.001,0.75,0.2,0.3,4.0,306.31202,306.7034357028734,0.3914157028733598,0.3914157028733598
G06_R0681,G06,train,500,20,0.001,0.75,0.3,0.3,4.0,479.65333,480.39511099811847,0.741780998118486,0.741780998118486
G06_R0682,G06,test,500,20,0.001,0.7,0.1,0.3,4.0,206.208635,204.6237879762475,-1.5848470237524737,1.5848470237524737
G06_R0683,G06,train,500,20,0.001,0.7,0.2,0.3,4.0,309.65751,309.17995456400746,-0.4775554359925422,0.4775554359925422
G06_R0684,G06,train,500,20,0.001,0.7,0.3,0.3,4.0,485.9724,484.0356565429143,-1.9367434570856967,1.9367434570856967
G06_R0685,G06,train,500,20,0.0001,0.85,0.1,0.3,4.0,243.081525,243.35481044413572,0.2732854441357517,0.2732854441357517
G06_R0686,G06,train,500,20,0.0001,0.85,0.2,0.3,4.0,394.36314,395.4195880610856,1.0564480610856322,1.0564480610856322
G06_R0687,G06,test,500,20,0.0001,0.85,0.3,0.3,4.0,669.83808,671.539360325206,1.7012803252059712,1.7012803252059712
G06_R0688,G06,train,500,20,0.0001,0.8,0.1,0.3,4.0,243.958356,243.84972677962452,-0.1086292203754624,0.1086292203754624
G06_R0689,G06,test,500,20,0.0001,0.8,0.2,0.3,4.0,396.64047,396.8286097793895,0.1881397793894734,0.1881397793894734
G06_R0690,G06,test,500,20,0.0001,0.8,0.3,0.3,4.0,674.85418,674.0157198481959,-0.8384601518041563,0.8384601518041563
G06_R0691,G06,train,500,20,0.0001,0.75,0.1,0.3,4.0,244.904882,245.121826383642,0.2169443836419873,0.2169443836419873
G06_R0692,G06,test,500,20,0.0001,0.75,0.2,0.3,4.0,399.17841,399.6536715431245,0.4752615431245317,0.4752615431245317
G06_R0693,G06,test,500,20,0.0001,0.75,0.3,0.3,4.0,680.44429,681.6946922250889,1.2504022250889193,1.2504022250889193
G06_R0694,G06,train,500,20,0.0001,0.7,0.1,0.3,4.0,245.941056,245.7770556864759,-0.1640003135240988,0.1640003135240988
G06_R0695,G06,train,500,20,0.0001,0.7,0.2,0.3,4.0,402.03711,401.1966236657587,-0.8404863342412909,0.8404863342412909
G06_R0696,G06,test,500,20,0.0001,0.7,0.3,0.3,4.0,686.7296,684.8091547710147,-1.9204452289852725,1.9204452289852725
G06_R0697,G06,train,500,20,1e-05,0.85,0.1,0.3,4.0,313.4253,313.8064922000138,0.3811922000137997,0.3811922000137997
G06_R0698,G06,train,500,20,1e-05,0.85,0.2,0.3,4.0,603.35526,604.5726528415597,1.217392841559672,1.217392841559672
G06_R0699,G06,test,500,20,1e-05,0.85,0.3,0.3,4.0,1108.80373,1111.8819663438344,3.078236343834305,3.078236343834305
G06_R0700,G06,train,500,20,1e-05,0.8,0.1,0.3,4.0,314.79423,314.6278435428703,-0.166386457129704,0.166386457129704
G06_R0701,G06,train,500,20,1e-05,0.8,0.2,0.3,4.0,607.89531,607.5105923581232,-0.3847176418768185,0.3847176418768185
G06_R0702,G06,test,500,20,1e-05,0.8,0.3,0.3,4.0,1118.3127100000002,1117.548000055996,-0.7647099440041529,0.7647099440041529
G06_R0703,G06,train,500,20,1e-05,0.75,0.1,0.3,4.0,316.34308000000004,316.72543432658426,0.3823543265842204,0.3823543265842204
G06_R0704,G06,train,500,20,1e-05,0.75,0.2,0.3,4.0,613.0855200000001,614.2890907848413,1.2035707848411905,1.2035707848411905
G06_R0705,G06,train,500,20,1e-05,0.75,0.3,0.3,4.0,1129.22349,1134.5668807690497,5.34339076904962,5.34339076904962
G06_R0706,G06,train,500,20,1e-05,0.7,0.1,0.3,4.0,318.13183,317.8303224834063,-0.3015075165936878,0.3015075165936878
G06_R0707,G06,train,500,20,1e-05,0.7,0.2,0.3,4.0,619.04597,618.06453758626,-0.9814324137399808,0.9814324137399808
G06_R0708,G06,train,500,20,1e-05,0.7,0.3,0.3,4.0,1141.93651,1135.122768564466,-6.813741435533984,6.813741435533984
G06_R0709,G06,train,500,20,1e-06,0.85,0.1,0.3,4.0,704.08335,706.339181342748,2.2558313427480243,2.2558313427480243
G06_R0710,G06,train,500,20,1e-06,0.85,0.2,0.3,4.0,2016.1317,2019.8315879282925,3.699887928292583,3.699887928292583
G06_R0711,G06,train,500,20,1e-06,0.85,0.3,0.3,4.0,4178.114287,4198.655399251174,20.541112251173217,20.541112251173217
G06_R0712,G06,train,500,20,1e-06,0.8,0.1,0.3,4.0,708.43279,707.9248364259605,-0.5079535740394476,0.5079535740394476
G06_R0713,G06,train,500,20,1e-06,0.8,0.2,0.3,4.0,2030.03106,2028.542506376387,-1.4885536236129155,1.4885536236129155
G06_R0714,G06,test,500,20,1e-06,0.8,0.3,0.3,4.0,4206.313764,4209.490198476107,3.176434476106806,3.176434476106806
G06_R0715,G06,train,500,20,1e-06,0.75,0.1,0.3,4.0,713.30219,713.7297665609377,0.4275765609377231,0.4275765609377231
G06_R0716,G06,train,500,20,1e-06,0.75,0.2,0.3,4.0,2045.93037,2049.87404797508,3.943677975079936,3.943677975079936
G06_R0717,G06,train,500,20,1e-06,0.75,0.3,0.3,4.0,4239.013215,4244.089761906964,5.076546906963813,5.076546906963813
G06_R0718,G06,train,500,20,1e-06,0.7,0.1,0.3,4.0,718.76155,717.9191022616104,-0.8424477383896374,0.8424477383896374
G06_R0719,G06,train,500,20,1e-06,0.7,0.2,0.3,4.0,2064.6296300000004,2061.678230199401,-2.9513998005995745,2.9513998005995745
G06_R0720,G06,train,500,20,1e-06,0.7,0.3,0.3,4.0,4277.312647,4261.512827916252,-15.799819083747934,15.799819083747934
G06_R0721,G06,train,500,50,0.001,0.85,0.1,0.3,4.0,201.485143,201.6683962308598,0.1832532308598047,0.1832532308598047
G06_R0722,G06,train,500,50,0.001,0.85,0.2,0.3,4.0,300.34013000000004,301.0407855763076,0.7006555763075539,0.7006555763075539
G06_R0723,G06,train,500,50,0.001,0.85,0.3,0.3,4.0,468.33554,470.10560207373896,1.770062073738984,1.770062073738984
G06_R0724,G06,train,500,50,0.001,0.8,0.1,0.3,4.0,202.959901,202.8700527658658,-0.0898482341341946,0.0898482341341946
G06_R0725,G06,test,500,50,0.001,0.8,0.2,0.3,4.0,303.21631,302.7413192768261,-0.474990723173903,0.474990723173903
G06_R0726,G06,train,500,50,0.001,0.8,0.3,0.3,4.0,473.7943800000001,473.119471102966,-0.674908897034129,0.674908897034129
G06_R0727,G06,train,500,50,0.001,0.75,0.1,0.3,4.0,204.534408,204.6284695473933,0.0940615473933235,0.0940615473933235
G06_R0728,G06,train,500,50,0.001,0.75,0.2,0.3,4.0,306.32201000000003,306.6952614374567,0.3732514374566449,0.3732514374566449
G06_R0729,G06,train,500,50,0.001,0.75,0.3,0.3,4.0,479.65333,480.35555772832674,0.7022277283267613,0.7022277283267613
G06_R0730,G06,test,500,50,0.001,0.7,0.1,0.3,4.0,206.208645,204.6284695473933,-1.5801754526066532,1.5801754526066532
G06_R0731,G06,train,500,50,0.001,0.7,0.2,0.3,4.0,309.6675,309.1755064860908,-0.4919935139092217,0.4919935139092217
G06_R0732,G06,test,500,50,0.001,0.7,0.3,0.3,4.0,485.9724,483.9931220512475,-1.9792779487524967,1.9792779487524967
G06_R0733,G06,train,500,50,0.0001,0.85,0.1,0.3,4.0,243.081525,243.3478931121984,0.2663681121983643,0.2663681121983643
G06_R0734,G06,train,500,50,0.0001,0.85,0.2,0.3,4.0,394.37313,395.4349302943893,1.061800294389286,1.061800294389286
G06_R0735,G06,train,500,50,0.0001,0.85,0.3,0.3,4.0,669.83808,671.6940645625274,1.8559845625273963,1.8559845625273963
G06_R0736,G06,train,500,50,0.0001,0.8,0.1,0.3,4.0,243.958356,243.84280944768716,-0.1155465523128782,0.1155465523128782
G06_R0737,G06,test,500,50,0.0001,0.8,0.2,0.3,4.0,396.65046,396.8443621814432,0.1939021814431498,0.1939021814431498
G06_R0738,G06,train,500,50,0.0001,0.8,0.3,0.3,4.0,674.85418,674.1696384217673,-0.6845415782327109,0.6845415782327109
G06_R0739,G06,test,500,50,0.0001,0.75,0.1,0.3,4.0,244.904882,245.11879998926696,0.2139179892669744,0.2139179892669744
G06_R0740,G06,train,500,50,0.0001,0.75,0.2,0.3,4.0,399.1884,399.6762248826783,0.4878248826782965,0.4878248826782965
G06_R0741,G06,train,500,50,0.0001,0.75,0.3,0.3,4.0,680.44429,681.6833035673802,1.239013567380198,1.239013567380198
G06_R0742,G06,train,500,50,0.0001,0.7,0.1,0.3,4.0,245.941056,245.7740292921009,-0.1670267078990832,0.1670267078990832
G06_R0743,G06,train,500,50,0.0001,0.7,0.2,0.3,4.0,402.0471,401.2306511521876,-0.8164488478124099,0.8164488478124099
G06_R0744,G06,train,500,50,0.0001,0.7,0.3,0.3,4.0,686.7296,684.8137118445561,-1.915888155443895,1.915888155443895
G06_R0745,G06,test,500,50,1e-05,0.85,0.1,0.3,4.0,313.4253,313.8091819208471,0.3838819208471022,0.3838819208471022
G06_R0746,G06,train,500,50,1e-05,0.85,0.2,0.3,4.0,603.35526,604.5306128280184,1.17535282801839,1.17535282801839
G06_R0747,G06,train,500,50,1e-05,0.85,0.3,0.3,4.0,1108.7035199999998,1111.9529093377937,3.249389337793673,3.249389337793673
G06_R0748,G06,train,500,50,1e-05,0.8,0.1,0.3,4.0,314.79423,314.6305332637037,-0.1636967362963446,0.1636967362963446
G06_R0749,G06,train,500,50,1e-05,0.8,0.2,0.3,4.0,607.89531,607.4685523445819,-0.4267576554181005,0.4267576554181005
G06_R0750,G06,train,500,50,1e-05,0.8,0.3,0.3,4.0,1118.31249,1117.6189430499546,-0.6935469500454019,0.6935469500454019
G06_R0751,G06,test,500,50,1e-05,0.75,0.1,0.3,4.0,316.34308000000004,316.7281240474176,0.3850440474175229,0.3850440474175229
G06_R0752,G06,train,500,50,1e-05,0.75,0.2,0.3,4.0,613.0855200000001,614.2128571525501,1.1273371525500124,1.1273371525500124
G06_R0753,G06,test,500,50,1e-05,0.75,0.3,0.3,4.0,1129.22326,1134.433633150508,5.210373150508076,5.210373150508076
G06_R0754,G06,train,500,50,1e-05,0.7,0.1,0.3,4.0,318.13183,317.8330122042396,-0.2988177957603852,0.2988177957603852
G06_R0755,G06,train,500,50,1e-05,0.7,0.2,0.3,4.0,619.04597,617.9976292477188,-1.0483407522812058,1.0483407522812058
G06_R0756,G06,train,500,50,1e-05,0.7,0.3,0.3,4.0,1141.83627,1135.0003440584242,-6.835925941575852,6.835925941575852
G06_R0757,G06,test,500,50,1e-06,0.85,0.1,0.3,4.0,704.06335,706.3549424933433,2.2915924933432734,2.2915924933432734
G06_R0758,G06,train,500,50,1e-06,0.85,0.2,0.3,4.0,2016.13166,2019.6182472282944,3.486587228294184,3.486587228294184
G06_R0759,G06,test,500,50,1e-06,0.85,0.3,0.3,4.0,4178.114287,4198.655399251174,20.541112251173217,20.541112251173217
G06_R0760,G06,train,500,50,1e-06,0.8,0.1,0.3,4.0,708.42279,707.9385666265557,-0.4842233734442516,0.4842233734442516
G06_R0761,G06,train,500,50,1e-06,0.8,0.2,0.3,4.0,2030.03102,2028.3507897263887,-1.680230273611187,1.680230273611187
G06_R0762,G06,test,500,50,1e-06,0.8,0.3,0.3,4.0,4206.313764,4209.490198476107,3.176434476106806,3.176434476106806
G06_R0763,G06,train,500,50,1e-06,0.75,0.1,0.3,4.0,713.28219,713.7578513181996,0.4756613181996272,0.4756613181996272
G06_R0764,G06,train,500,50,1e-06,0.75,0.2,0.3,4.0,2045.93033,2049.7421323677863,3.811802367786413,3.811802367786413
G06_R0765,G06,test,500,50,1e-06,0.75,0.3,0.3,4.0,4239.013215,4244.089761906964,5.076546906963813,5.076546906963813
G06_R0766,G06,train,500,50,1e-06,0.7,0.1,0.3,4.0,718.74155,717.9426459147057,-0.7989040852942253,0.7989040852942253
G06_R0767,G06,train,500,50,1e-06,0.7,0.2,0.3,4.0,2064.6295800000003,2061.527273817107,-3.102306182893244,3.102306182893244
G06_R0768,G06,test,500,50,1e-06,0.7,0.3,0.3,4.0,4277.312646,4261.512827916252,-15.799818083748503,15.799818083748503
